from,intensity
2026-02-28T00:00Z,117.3
2026-02-28T00:30Z,117.3
2026-02-28T01:00Z,187.2
2026-02-28T01:30Z,187.2
2026-02-28T02:00Z,330.7
2026-02-28T02:30Z,330.7
2026-02-28T03:00Z,351.0
2026-02-28T03:30Z,351.0
2026-02-28T04:00Z,336.2
2026-02-28T04:30Z,336.2
2026-02-28T05:00Z,324.0
2026-02-28T05:30Z,324.0
2026-02-28T06:00Z,327.7
2026-02-28T06:30Z,327.7
2026-02-28T07:00Z,308.9
2026-02-28T07:30Z,308.9
2026-02-28T08:00Z,302.2
2026-02-28T08:30Z,302.2
2026-02-28T09:00Z,283.7
2026-02-28T09:30Z,283.7
2026-02-28T10:00Z,253.3
2026-02-28T10:30Z,253.3
2026-02-28T11:00Z,241.9
2026-02-28T11:30Z,241.9
2026-02-28T12:00Z,236.8
2026-02-28T12:30Z,236.8
2026-02-28T13:00Z,239.5
2026-02-28T13:30Z,239.5
2026-02-28T14:00Z,251.3
2026-02-28T14:30Z,251.3
2026-02-28T15:00Z,274.2
2026-02-28T15:30Z,274.2
2026-02-28T16:00Z,137.8
2026-02-28T16:30Z,137.8
2026-02-28T17:00Z,84.3
2026-02-28T17:30Z,84.3
2026-02-28T18:00Z,91.3
2026-02-28T18:30Z,91.3
2026-02-28T19:00Z,87.6
2026-02-28T19:30Z,87.6
2026-02-28T20:00Z,87.6
2026-02-28T20:30Z,87.6
2026-02-28T21:00Z,83.6
2026-02-28T21:30Z,83.6
2026-02-28T22:00Z,82.7
2026-02-28T22:30Z,82.7
2026-02-28T23:00Z,88.9
2026-02-28T23:30Z,88.9
2026-03-01T00:00Z,100.0
2026-03-01T00:30Z,100.0
2026-03-01T01:00Z,177.6
2026-03-01T01:30Z,177.6
2026-03-01T02:00Z,338.4
2026-03-01T02:30Z,338.4
2026-03-01T03:00Z,372.8
2026-03-01T03:30Z,372.8
2026-03-01T04:00Z,359.6
2026-03-01T04:30Z,359.6
2026-03-01T05:00Z,342.4
2026-03-01T05:30Z,342.4
2026-03-01T06:00Z,334.3
2026-03-01T06:30Z,334.3
2026-03-01T07:00Z,298.2
2026-03-01T07:30Z,298.2
2026-03-01T08:00Z,266.9
2026-03-01T08:30Z,266.9
2026-03-01T09:00Z,232.1
2026-03-01T09:30Z,232.1
2026-03-01T10:00Z,211.0
2026-03-01T10:30Z,211.0
2026-03-01T11:00Z,193.5
2026-03-01T11:30Z,193.5
2026-03-01T12:00Z,192.3
2026-03-01T12:30Z,192.3
2026-03-01T13:00Z,183.3
2026-03-01T13:30Z,183.3
2026-03-01T14:00Z,200.9
2026-03-01T14:30Z,200.9
2026-03-01T15:00Z,192.1
2026-03-01T15:30Z,192.1
2026-03-01T16:00Z,93.8
2026-03-01T16:30Z,93.8
2026-03-01T17:00Z,85.1
2026-03-01T17:30Z,85.1
2026-03-01T18:00Z,84.1
2026-03-01T18:30Z,84.1
2026-03-01T19:00Z,86.3
2026-03-01T19:30Z,86.3
2026-03-01T20:00Z,87.5
2026-03-01T20:30Z,87.5
2026-03-01T21:00Z,84.6
2026-03-01T21:30Z,84.6
2026-03-01T22:00Z,82.9
2026-03-01T22:30Z,82.9
2026-03-01T23:00Z,84.5
2026-03-01T23:30Z,84.5
2026-03-02T00:00Z,82.8
2026-03-02T00:30Z,82.8
2026-03-02T01:00Z,133.2
2026-03-02T01:30Z,133.2
2026-03-02T02:00Z,331.1
2026-03-02T02:30Z,331.1
2026-03-02T03:00Z,369.3
2026-03-02T03:30Z,369.3
2026-03-02T04:00Z,345.0
2026-03-02T04:30Z,345.0
2026-03-02T05:00Z,309.0
2026-03-02T05:30Z,309.0
2026-03-02T06:00Z,282.9
2026-03-02T06:30Z,282.9
2026-03-02T07:00Z,255.4
2026-03-02T07:30Z,255.4
2026-03-02T08:00Z,231.0
2026-03-02T08:30Z,231.0
2026-03-02T09:00Z,211.7
2026-03-02T09:30Z,211.7
2026-03-02T10:00Z,191.1
2026-03-02T10:30Z,191.1
2026-03-02T11:00Z,177.4
2026-03-02T11:30Z,177.4
2026-03-02T12:00Z,196.5
2026-03-02T12:30Z,196.5
2026-03-02T13:00Z,206.0
2026-03-02T13:30Z,206.0
2026-03-02T14:00Z,202.0
2026-03-02T14:30Z,202.0
2026-03-02T15:00Z,233.1
2026-03-02T15:30Z,233.1
2026-03-02T16:00Z,123.2
2026-03-02T16:30Z,123.2
2026-03-02T17:00Z,95.3
2026-03-02T17:30Z,95.3
2026-03-02T18:00Z,94.5
2026-03-02T18:30Z,94.5
2026-03-02T19:00Z,86.4
2026-03-02T19:30Z,86.4
2026-03-02T20:00Z,81.9
2026-03-02T20:30Z,81.9
2026-03-02T21:00Z,79.6
2026-03-02T21:30Z,79.6
2026-03-02T22:00Z,75.7
2026-03-02T22:30Z,75.7
2026-03-02T23:00Z,79.4
2026-03-02T23:30Z,79.4
2026-03-03T00:00Z,83.5
2026-03-03T00:30Z,83.5
2026-03-03T01:00Z,107.6
2026-03-03T01:30Z,107.6
2026-03-03T02:00Z,276.9
2026-03-03T02:30Z,276.9
2026-03-03T03:00Z,300.4
2026-03-03T03:30Z,300.4
2026-03-03T04:00Z,300.1
2026-03-03T04:30Z,300.1
2026-03-03T05:00Z,282.5
2026-03-03T05:30Z,282.5
2026-03-03T06:00Z,264.4
2026-03-03T06:30Z,264.4
2026-03-03T07:00Z,232.6
2026-03-03T07:30Z,232.6
2026-03-03T08:00Z,228.4
2026-03-03T08:30Z,228.4
2026-03-03T09:00Z,180.2
2026-03-03T09:30Z,180.2
2026-03-03T10:00Z,160.7
2026-03-03T10:30Z,160.7
2026-03-03T11:00Z,161.8
2026-03-03T11:30Z,161.8
2026-03-03T12:00Z,179.2
2026-03-03T12:30Z,179.2
2026-03-03T13:00Z,210.3
2026-03-03T13:30Z,210.3
2026-03-03T14:00Z,270.9
2026-03-03T14:30Z,270.9
2026-03-03T15:00Z,289.2
2026-03-03T15:30Z,289.2
2026-03-03T16:00Z,117.9
2026-03-03T16:30Z,117.9
2026-03-03T17:00Z,96.4
2026-03-03T17:30Z,96.4
2026-03-03T18:00Z,86.5
2026-03-03T18:30Z,86.5
2026-03-03T19:00Z,84.3
2026-03-03T19:30Z,84.3
2026-03-03T20:00Z,83.5
2026-03-03T20:30Z,83.5
2026-03-03T21:00Z,84.1
2026-03-03T21:30Z,84.1
2026-03-03T22:00Z,81.6
2026-03-03T22:30Z,81.6
2026-03-03T23:00Z,84.9
2026-03-03T23:30Z,84.9
2026-03-04T00:00Z,96.3
2026-03-04T00:30Z,96.3
2026-03-04T01:00Z,163.8
2026-03-04T01:30Z,163.8
2026-03-04T02:00Z,362.6
2026-03-04T02:30Z,362.6
2026-03-04T03:00Z,404.7
2026-03-04T03:30Z,404.7
2026-03-04T04:00Z,379.8
2026-03-04T04:30Z,379.8
2026-03-04T05:00Z,356.4
2026-03-04T05:30Z,356.4
2026-03-04T06:00Z,342.4
2026-03-04T06:30Z,342.4
2026-03-04T07:00Z,273.4
2026-03-04T07:30Z,273.4
2026-03-04T08:00Z,248.4
2026-03-04T08:30Z,248.4
2026-03-04T09:00Z,230.8
2026-03-04T09:30Z,230.8
2026-03-04T10:00Z,210.9
2026-03-04T10:30Z,210.9
2026-03-04T11:00Z,200.4
2026-03-04T11:30Z,200.4
2026-03-04T12:00Z,200.6
2026-03-04T12:30Z,200.6
2026-03-04T13:00Z,195.4
2026-03-04T13:30Z,195.4
2026-03-04T14:00Z,219.1
2026-03-04T14:30Z,219.1
2026-03-04T15:00Z,237.5
2026-03-04T15:30Z,237.5
2026-03-04T16:00Z,113.1
2026-03-04T16:30Z,113.1
2026-03-04T17:00Z,96.3
2026-03-04T17:30Z,96.3
2026-03-04T18:00Z,92.2
2026-03-04T18:30Z,92.2
2026-03-04T19:00Z,87.9
2026-03-04T19:30Z,87.9
2026-03-04T20:00Z,83.4
2026-03-04T20:30Z,83.4
2026-03-04T21:00Z,83.8
2026-03-04T21:30Z,83.8
2026-03-04T22:00Z,84.7
2026-03-04T22:30Z,84.7
2026-03-04T23:00Z,83.0
2026-03-04T23:30Z,83.0
2026-03-05T00:00Z,85.1
2026-03-05T00:30Z,85.1
2026-03-05T01:00Z,99.8
2026-03-05T01:30Z,99.8
2026-03-05T02:00Z,272.5
2026-03-05T02:30Z,272.5
2026-03-05T03:00Z,322.6
2026-03-05T03:30Z,322.6
2026-03-05T04:00Z,314.5
2026-03-05T04:30Z,314.5
2026-03-05T05:00Z,275.6
2026-03-05T05:30Z,275.6
2026-03-05T06:00Z,258.6
2026-03-05T06:30Z,258.6
2026-03-05T07:00Z,196.1
2026-03-05T07:30Z,196.1
2026-03-05T08:00Z,146.7
2026-03-05T08:30Z,146.7
2026-03-05T09:00Z,137.0
2026-03-05T09:30Z,137.0
2026-03-05T10:00Z,115.3
2026-03-05T10:30Z,115.3
2026-03-05T11:00Z,105.3
2026-03-05T11:30Z,105.3
2026-03-05T12:00Z,106.6
2026-03-05T12:30Z,106.6
2026-03-05T13:00Z,153.9
2026-03-05T13:30Z,153.9
2026-03-05T14:00Z,215.8
2026-03-05T14:30Z,215.8
2026-03-05T15:00Z,237.6
2026-03-05T15:30Z,237.6
2026-03-05T16:00Z,94.7
2026-03-05T16:30Z,94.7
2026-03-05T17:00Z,85.8
2026-03-05T17:30Z,85.8
2026-03-05T18:00Z,90.3
2026-03-05T18:30Z,90.3
2026-03-05T19:00Z,92.4
2026-03-05T19:30Z,92.4
2026-03-05T20:00Z,90.6
2026-03-05T20:30Z,90.6
2026-03-05T21:00Z,89.6
2026-03-05T21:30Z,89.6
2026-03-05T22:00Z,87.8
2026-03-05T22:30Z,87.8
2026-03-05T23:00Z,87.7
2026-03-05T23:30Z,87.7
2026-03-06T00:00Z,90.8
2026-03-06T00:30Z,90.8
2026-03-06T01:00Z,92.2
2026-03-06T01:30Z,92.2
2026-03-06T02:00Z,258.4
2026-03-06T02:30Z,258.4
2026-03-06T03:00Z,305.4
2026-03-06T03:30Z,305.4
2026-03-06T04:00Z,290.9
2026-03-06T04:30Z,290.9
2026-03-06T05:00Z,275.0
2026-03-06T05:30Z,275.0
2026-03-06T06:00Z,271.4
2026-03-06T06:30Z,271.4
2026-03-06T07:00Z,237.3
2026-03-06T07:30Z,237.3
2026-03-06T08:00Z,213.7
2026-03-06T08:30Z,213.7
2026-03-06T09:00Z,203.5
2026-03-06T09:30Z,203.5
2026-03-06T10:00Z,193.2
2026-03-06T10:30Z,193.2
2026-03-06T11:00Z,146.9
2026-03-06T11:30Z,146.9
2026-03-06T12:00Z,131.8
2026-03-06T12:30Z,131.8
2026-03-06T13:00Z,149.8
2026-03-06T13:30Z,149.8
2026-03-06T14:00Z,216.8
2026-03-06T14:30Z,216.8
2026-03-06T15:00Z,249.9
2026-03-06T15:30Z,249.9
2026-03-06T16:00Z,89.5
2026-03-06T16:30Z,89.5
2026-03-06T17:00Z,82.3
2026-03-06T17:30Z,82.3
2026-03-06T18:00Z,81.6
2026-03-06T18:30Z,81.6
2026-03-06T19:00Z,80.9
2026-03-06T19:30Z,80.9
2026-03-06T20:00Z,82.1
2026-03-06T20:30Z,82.1
2026-03-06T21:00Z,86.1
2026-03-06T21:30Z,86.1
2026-03-06T22:00Z,88.1
2026-03-06T22:30Z,88.1
2026-03-06T23:00Z,94.9
2026-03-06T23:30Z,94.9
2026-03-07T00:00Z,92.4
2026-03-07T00:30Z,92.4
2026-03-07T01:00Z,120.7
2026-03-07T01:30Z,120.7
2026-03-07T02:00Z,319.2
2026-03-07T02:30Z,319.2
2026-03-07T03:00Z,346.8
2026-03-07T03:30Z,346.8
2026-03-07T04:00Z,327.1
2026-03-07T04:30Z,327.1
2026-03-07T05:00Z,315.1
2026-03-07T05:30Z,315.1
2026-03-07T06:00Z,321.2
2026-03-07T06:30Z,321.2
2026-03-07T07:00Z,249.7
2026-03-07T07:30Z,249.7
2026-03-07T08:00Z,234.1
2026-03-07T08:30Z,234.1
2026-03-07T09:00Z,230.6
2026-03-07T09:30Z,230.6
2026-03-07T10:00Z,197.1
2026-03-07T10:30Z,197.1
2026-03-07T11:00Z,150.5
2026-03-07T11:30Z,150.5
2026-03-07T12:00Z,136.1
2026-03-07T12:30Z,136.1
2026-03-07T13:00Z,154.4
2026-03-07T13:30Z,154.4
2026-03-07T14:00Z,220.0
2026-03-07T14:30Z,220.0
2026-03-07T15:00Z,248.5
2026-03-07T15:30Z,248.5
2026-03-07T16:00Z,85.7
2026-03-07T16:30Z,85.7
2026-03-07T17:00Z,81.3
2026-03-07T17:30Z,81.3
2026-03-07T18:00Z,82.4
2026-03-07T18:30Z,82.4
2026-03-07T19:00Z,82.9
2026-03-07T19:30Z,82.9
2026-03-07T20:00Z,87.5
2026-03-07T20:30Z,87.5
2026-03-07T21:00Z,88.2
2026-03-07T21:30Z,88.2
2026-03-07T22:00Z,91.5
2026-03-07T22:30Z,91.5
2026-03-07T23:00Z,97.3
2026-03-07T23:30Z,97.3
2026-03-08T00:00Z,100.4
2026-03-08T00:30Z,100.4
2026-03-08T01:00Z,118.8
2026-03-08T01:30Z,118.8
2026-03-08T02:00Z,317.7
2026-03-08T02:30Z,317.7
2026-03-08T03:00Z,348.1
2026-03-08T03:30Z,348.1
2026-03-08T04:00Z,325.3
2026-03-08T04:30Z,325.3
2026-03-08T05:00Z,311.8
2026-03-08T05:30Z,311.8
2026-03-08T06:00Z,315.4
2026-03-08T06:30Z,315.4
2026-03-08T07:00Z,242.1
2026-03-08T07:30Z,242.1
2026-03-08T08:00Z,281.4
2026-03-08T08:30Z,281.4
2026-03-08T09:00Z,209.4
2026-03-08T09:30Z,209.4
2026-03-08T10:00Z,184.4
2026-03-08T10:30Z,184.4
2026-03-08T11:00Z,185.6
2026-03-08T11:30Z,185.6
2026-03-08T12:00Z,204.6
2026-03-08T12:30Z,204.6
2026-03-08T13:00Z,225.0
2026-03-08T13:30Z,225.0
2026-03-08T14:00Z,234.1
2026-03-08T14:30Z,234.1
2026-03-08T15:00Z,208.8
2026-03-08T15:30Z,208.8
2026-03-08T16:00Z,97.9
2026-03-08T16:30Z,97.9
2026-03-08T17:00Z,97.7
2026-03-08T17:30Z,97.7
2026-03-08T18:00Z,97.0
2026-03-08T18:30Z,97.0
2026-03-08T19:00Z,99.7
2026-03-08T19:30Z,99.7
2026-03-08T20:00Z,100.8
2026-03-08T20:30Z,100.8
2026-03-08T21:00Z,101.3
2026-03-08T21:30Z,101.3
2026-03-08T22:00Z,103.4
2026-03-08T22:30Z,103.4
2026-03-08T23:00Z,105.0
2026-03-08T23:30Z,105.0
2026-03-09T00:00Z,96.4
2026-03-09T00:30Z,96.4
2026-03-09T01:00Z,125.7
2026-03-09T01:30Z,125.7
2026-03-09T02:00Z,302.4
2026-03-09T02:30Z,302.4
2026-03-09T03:00Z,352.7
2026-03-09T03:30Z,352.7
2026-03-09T04:00Z,336.8
2026-03-09T04:30Z,336.8
2026-03-09T05:00Z,319.6
2026-03-09T05:30Z,319.6
2026-03-09T06:00Z,298.0
2026-03-09T06:30Z,298.0
2026-03-09T07:00Z,260.7
2026-03-09T07:30Z,260.7
2026-03-09T08:00Z,239.7
2026-03-09T08:30Z,239.7
2026-03-09T09:00Z,219.2
2026-03-09T09:30Z,219.2
2026-03-09T10:00Z,197.7
2026-03-09T10:30Z,197.7
2026-03-09T11:00Z,202.6
2026-03-09T11:30Z,202.6
2026-03-09T12:00Z,205.2
2026-03-09T12:30Z,205.2
2026-03-09T13:00Z,249.7
2026-03-09T13:30Z,249.7
2026-03-09T14:00Z,329.0
2026-03-09T14:30Z,329.0
2026-03-09T15:00Z,315.6
2026-03-09T15:30Z,315.6
2026-03-09T16:00Z,148.7
2026-03-09T16:30Z,148.7
2026-03-09T17:00Z,93.2
2026-03-09T17:30Z,93.2
2026-03-09T18:00Z,81.8
2026-03-09T18:30Z,81.8
2026-03-09T19:00Z,86.4
2026-03-09T19:30Z,86.4
2026-03-09T20:00Z,84.3
2026-03-09T20:30Z,84.3
2026-03-09T21:00Z,84.7
2026-03-09T21:30Z,84.7
2026-03-09T22:00Z,84.6
2026-03-09T22:30Z,84.6
2026-03-09T23:00Z,86.8
2026-03-09T23:30Z,86.8
2026-03-10T00:00Z,87.5
2026-03-10T00:30Z,87.5
2026-03-10T01:00Z,119.8
2026-03-10T01:30Z,119.8
2026-03-10T02:00Z,314.6
2026-03-10T02:30Z,314.6
2026-03-10T03:00Z,358.6
2026-03-10T03:30Z,358.6
2026-03-10T04:00Z,349.0
2026-03-10T04:30Z,349.0
2026-03-10T05:00Z,324.2
2026-03-10T05:30Z,324.2
2026-03-10T06:00Z,269.7
2026-03-10T06:30Z,269.7
2026-03-10T07:00Z,217.5
2026-03-10T07:30Z,217.5
2026-03-10T08:00Z,162.8
2026-03-10T08:30Z,162.8
2026-03-10T09:00Z,164.4
2026-03-10T09:30Z,164.4
2026-03-10T10:00Z,163.5
2026-03-10T10:30Z,163.5
2026-03-10T11:00Z,153.8
2026-03-10T11:30Z,153.8
2026-03-10T12:00Z,152.5
2026-03-10T12:30Z,152.5
2026-03-10T13:00Z,211.4
2026-03-10T13:30Z,211.4
2026-03-10T14:00Z,286.4
2026-03-10T14:30Z,286.4
2026-03-10T15:00Z,287.9
2026-03-10T15:30Z,287.9
2026-03-10T16:00Z,111.6
2026-03-10T16:30Z,111.6
2026-03-10T17:00Z,84.3
2026-03-10T17:30Z,84.3
2026-03-10T18:00Z,78.9
2026-03-10T18:30Z,78.9
2026-03-10T19:00Z,75.7
2026-03-10T19:30Z,75.7
2026-03-10T20:00Z,75.4
2026-03-10T20:30Z,75.4
2026-03-10T21:00Z,75.1
2026-03-10T21:30Z,75.1
2026-03-10T22:00Z,74.8
2026-03-10T22:30Z,74.8
2026-03-10T23:00Z,79.0
2026-03-10T23:30Z,79.0
2026-03-11T00:00Z,83.4
2026-03-11T00:30Z,83.4
2026-03-11T01:00Z,82.8
2026-03-11T01:30Z,82.8
2026-03-11T02:00Z,246.1
2026-03-11T02:30Z,246.1
2026-03-11T03:00Z,294.6
2026-03-11T03:30Z,294.6
2026-03-11T04:00Z,294.3
2026-03-11T04:30Z,294.3
2026-03-11T05:00Z,288.6
2026-03-11T05:30Z,288.6
2026-03-11T06:00Z,232.6
2026-03-11T06:30Z,232.6
2026-03-11T07:00Z,177.0
2026-03-11T07:30Z,177.0
2026-03-11T08:00Z,146.0
2026-03-11T08:30Z,146.0
2026-03-11T09:00Z,137.1
2026-03-11T09:30Z,137.1
2026-03-11T10:00Z,141.5
2026-03-11T10:30Z,141.5
2026-03-11T11:00Z,146.0
2026-03-11T11:30Z,146.0
2026-03-11T12:00Z,179.8
2026-03-11T12:30Z,179.8
2026-03-11T13:00Z,235.2
2026-03-11T13:30Z,235.2
2026-03-11T14:00Z,328.3
2026-03-11T14:30Z,328.3
2026-03-11T15:00Z,286.6
2026-03-11T15:30Z,286.6
2026-03-11T16:00Z,123.3
2026-03-11T16:30Z,123.3
2026-03-11T17:00Z,91.8
2026-03-11T17:30Z,91.8
2026-03-11T18:00Z,86.7
2026-03-11T18:30Z,86.7
2026-03-11T19:00Z,89.6
2026-03-11T19:30Z,89.6
2026-03-11T20:00Z,87.6
2026-03-11T20:30Z,87.6
2026-03-11T21:00Z,88.4
2026-03-11T21:30Z,88.4
2026-03-11T22:00Z,88.4
2026-03-11T22:30Z,88.4
2026-03-11T23:00Z,88.1
2026-03-11T23:30Z,88.1
2026-03-12T00:00Z,90.8
2026-03-12T00:30Z,90.8
2026-03-12T01:00Z,103.0
2026-03-12T01:30Z,103.0
2026-03-12T02:00Z,302.8
2026-03-12T02:30Z,302.8
2026-03-12T03:00Z,354.6
2026-03-12T03:30Z,354.6
2026-03-12T04:00Z,354.5
2026-03-12T04:30Z,354.5
2026-03-12T05:00Z,346.2
2026-03-12T05:30Z,346.2
2026-03-12T06:00Z,306.1
2026-03-12T06:30Z,306.1
2026-03-12T07:00Z,259.8
2026-03-12T07:30Z,259.8
2026-03-12T08:00Z,240.9
2026-03-12T08:30Z,240.9
2026-03-12T09:00Z,218.0
2026-03-12T09:30Z,218.0
2026-03-12T10:00Z,197.3
2026-03-12T10:30Z,197.3
2026-03-12T11:00Z,195.1
2026-03-12T11:30Z,195.1
2026-03-12T12:00Z,204.0
2026-03-12T12:30Z,204.0
2026-03-12T13:00Z,258.8
2026-03-12T13:30Z,258.8
2026-03-12T14:00Z,315.5
2026-03-12T14:30Z,315.5
2026-03-12T15:00Z,255.8
2026-03-12T15:30Z,255.8
2026-03-12T16:00Z,121.3
2026-03-12T16:30Z,121.3
2026-03-12T17:00Z,93.0
2026-03-12T17:30Z,93.0
2026-03-12T18:00Z,90.3
2026-03-12T18:30Z,90.3
2026-03-12T19:00Z,87.7
2026-03-12T19:30Z,87.7
2026-03-12T20:00Z,86.5
2026-03-12T20:30Z,86.5
2026-03-12T21:00Z,87.9
2026-03-12T21:30Z,87.9
2026-03-12T22:00Z,89.9
2026-03-12T22:30Z,89.9
2026-03-12T23:00Z,97.8
2026-03-12T23:30Z,97.8
2026-03-13T00:00Z,104.9
2026-03-13T00:30Z,104.9
2026-03-13T01:00Z,156.3
2026-03-13T01:30Z,156.3
2026-03-13T02:00Z,354.7
2026-03-13T02:30Z,354.7
2026-03-13T03:00Z,393.7
2026-03-13T03:30Z,393.7
2026-03-13T04:00Z,375.3
2026-03-13T04:30Z,375.3
2026-03-13T05:00Z,368.6
2026-03-13T05:30Z,368.6
2026-03-13T06:00Z,327.2
2026-03-13T06:30Z,327.2
2026-03-13T07:00Z,272.9
2026-03-13T07:30Z,272.9
2026-03-13T08:00Z,256.5
2026-03-13T08:30Z,256.5
2026-03-13T09:00Z,217.7
2026-03-13T09:30Z,217.7
2026-03-13T10:00Z,211.4
2026-03-13T10:30Z,211.4
2026-03-13T11:00Z,211.2
2026-03-13T11:30Z,211.2
2026-03-13T12:00Z,211.9
2026-03-13T12:30Z,211.9
2026-03-13T13:00Z,219.1
2026-03-13T13:30Z,219.1
2026-03-13T14:00Z,292.2
2026-03-13T14:30Z,292.2
2026-03-13T15:00Z,255.8
2026-03-13T15:30Z,255.8
2026-03-13T16:00Z,151.2
2026-03-13T16:30Z,151.2
2026-03-13T17:00Z,106.7
2026-03-13T17:30Z,106.7
2026-03-13T18:00Z,102.2
2026-03-13T18:30Z,102.2
2026-03-13T19:00Z,104.2
2026-03-13T19:30Z,104.2
2026-03-13T20:00Z,101.9
2026-03-13T20:30Z,101.9
2026-03-13T21:00Z,103.6
2026-03-13T21:30Z,103.6
2026-03-13T22:00Z,105.8
2026-03-13T22:30Z,105.8
2026-03-13T23:00Z,112.1
2026-03-13T23:30Z,112.1
2026-03-14T00:00Z,123.9
2026-03-14T00:30Z,123.9
2026-03-14T01:00Z,231.6
2026-03-14T01:30Z,231.6
2026-03-14T02:00Z,360.1
2026-03-14T02:30Z,360.1
2026-03-14T03:00Z,356.5
2026-03-14T03:30Z,356.5
2026-03-14T04:00Z,322.9
2026-03-14T04:30Z,322.9
2026-03-14T05:00Z,299.9
2026-03-14T05:30Z,299.9
2026-03-14T06:00Z,245.6
2026-03-14T06:30Z,245.6
2026-03-14T07:00Z,198.7
2026-03-14T07:30Z,198.7
2026-03-14T08:00Z,194.2
2026-03-14T08:30Z,194.2
2026-03-14T09:00Z,159.2
2026-03-14T09:30Z,159.2
2026-03-14T10:00Z,138.6
2026-03-14T10:30Z,138.6
2026-03-14T11:00Z,116.3
2026-03-14T11:30Z,116.3
2026-03-14T12:00Z,116.5
2026-03-14T12:30Z,116.5
2026-03-14T13:00Z,149.2
2026-03-14T13:30Z,149.2
2026-03-14T14:00Z,211.4
2026-03-14T14:30Z,211.4
2026-03-14T15:00Z,187.2
2026-03-14T15:30Z,187.2
2026-03-14T16:00Z,83.3
2026-03-14T16:30Z,83.3
2026-03-14T17:00Z,80.4
2026-03-14T17:30Z,80.4
2026-03-14T18:00Z,78.5
2026-03-14T18:30Z,78.5
2026-03-14T19:00Z,80.4
2026-03-14T19:30Z,80.4
2026-03-14T20:00Z,81.8
2026-03-14T20:30Z,81.8
2026-03-14T21:00Z,73.7
2026-03-14T21:30Z,73.7
2026-03-14T22:00Z,74.4
2026-03-14T22:30Z,74.4
2026-03-14T23:00Z,76.7
2026-03-14T23:30Z,76.7
2026-03-15T00:00Z,83.7
2026-03-15T00:30Z,83.7
2026-03-15T01:00Z,90.8
2026-03-15T01:30Z,90.8
2026-03-15T02:00Z,243.7
2026-03-15T02:30Z,243.7
2026-03-15T03:00Z,293.6
2026-03-15T03:30Z,293.6
2026-03-15T04:00Z,286.1
2026-03-15T04:30Z,286.1
2026-03-15T05:00Z,279.1
2026-03-15T05:30Z,279.1
2026-03-15T06:00Z,244.3
2026-03-15T06:30Z,244.3
2026-03-15T07:00Z,212.7
2026-03-15T07:30Z,212.7
2026-03-15T08:00Z,194.8
2026-03-15T08:30Z,194.8
2026-03-15T09:00Z,180.7
2026-03-15T09:30Z,180.7
2026-03-15T10:00Z,160.6
2026-03-15T10:30Z,160.6
2026-03-15T11:00Z,163.1
2026-03-15T11:30Z,163.1
2026-03-15T12:00Z,197.2
2026-03-15T12:30Z,197.2
2026-03-15T13:00Z,226.1
2026-03-15T13:30Z,226.1
2026-03-15T14:00Z,275.7
2026-03-15T14:30Z,275.7
2026-03-15T15:00Z,226.6
2026-03-15T15:30Z,226.6
2026-03-15T16:00Z,86.6
2026-03-15T16:30Z,86.6
2026-03-15T17:00Z,76.7
2026-03-15T17:30Z,76.7
2026-03-15T18:00Z,74.9
2026-03-15T18:30Z,74.9
2026-03-15T19:00Z,74.1
2026-03-15T19:30Z,74.1
2026-03-15T20:00Z,78.0
2026-03-15T20:30Z,78.0
2026-03-15T21:00Z,78.9
2026-03-15T21:30Z,78.9
2026-03-15T22:00Z,81.7
2026-03-15T22:30Z,81.7
2026-03-15T23:00Z,86.2
2026-03-15T23:30Z,86.2
2026-03-16T00:00Z,100.9
2026-03-16T00:30Z,100.9
2026-03-16T01:00Z,160.1
2026-03-16T01:30Z,160.1
2026-03-16T02:00Z,340.7
2026-03-16T02:30Z,340.7
2026-03-16T03:00Z,386.3
2026-03-16T03:30Z,386.3
2026-03-16T04:00Z,377.6
2026-03-16T04:30Z,377.6
2026-03-16T05:00Z,370.1
2026-03-16T05:30Z,370.1
2026-03-16T06:00Z,336.6
2026-03-16T06:30Z,336.6
2026-03-16T07:00Z,312.5
2026-03-16T07:30Z,312.5
2026-03-16T08:00Z,284.6
2026-03-16T08:30Z,284.6
2026-03-16T09:00Z,264.5
2026-03-16T09:30Z,264.5
2026-03-16T10:00Z,259.6
2026-03-16T10:30Z,259.6
2026-03-16T11:00Z,253.4
2026-03-16T11:30Z,253.4
2026-03-16T12:00Z,251.0
2026-03-16T12:30Z,251.0
2026-03-16T13:00Z,285.9
2026-03-16T13:30Z,285.9
2026-03-16T14:00Z,332.3
2026-03-16T14:30Z,332.3
2026-03-16T15:00Z,290.5
2026-03-16T15:30Z,290.5
2026-03-16T16:00Z,142.1
2026-03-16T16:30Z,142.1
2026-03-16T17:00Z,94.1
2026-03-16T17:30Z,94.1
2026-03-16T18:00Z,90.1
2026-03-16T18:30Z,90.1
2026-03-16T19:00Z,83.2
2026-03-16T19:30Z,83.2
2026-03-16T20:00Z,83.7
2026-03-16T20:30Z,83.7
2026-03-16T21:00Z,87.7
2026-03-16T21:30Z,87.7
2026-03-16T22:00Z,88.6
2026-03-16T22:30Z,88.6
2026-03-16T23:00Z,99.1
2026-03-16T23:30Z,99.1
2026-03-17T00:00Z,115.1
2026-03-17T00:30Z,115.1
2026-03-17T01:00Z,173.8
2026-03-17T01:30Z,173.8
2026-03-17T02:00Z,360.6
2026-03-17T02:30Z,360.6
2026-03-17T03:00Z,400.8
2026-03-17T03:30Z,400.8
2026-03-17T04:00Z,383.6
2026-03-17T04:30Z,383.6
2026-03-17T05:00Z,361.3
2026-03-17T05:30Z,361.3
2026-03-17T06:00Z,333.4
2026-03-17T06:30Z,333.4
2026-03-17T07:00Z,306.5
2026-03-17T07:30Z,306.5
2026-03-17T08:00Z,273.6
2026-03-17T08:30Z,273.6
2026-03-17T09:00Z,252.1
2026-03-17T09:30Z,252.1
2026-03-17T10:00Z,239.8
2026-03-17T10:30Z,239.8
2026-03-17T11:00Z,235.5
2026-03-17T11:30Z,235.5
2026-03-17T12:00Z,244.8
2026-03-17T12:30Z,244.8
2026-03-17T13:00Z,275.9
2026-03-17T13:30Z,275.9
2026-03-17T14:00Z,314.2
2026-03-17T14:30Z,314.2
2026-03-17T15:00Z,254.4
2026-03-17T15:30Z,254.4
2026-03-17T16:00Z,146.3
2026-03-17T16:30Z,146.3
2026-03-17T17:00Z,124.6
2026-03-17T17:30Z,124.6
2026-03-17T18:00Z,115.5
2026-03-17T18:30Z,115.5
2026-03-17T19:00Z,113.4
2026-03-17T19:30Z,113.4
2026-03-17T20:00Z,108.6
2026-03-17T20:30Z,108.6
2026-03-17T21:00Z,111.8
2026-03-17T21:30Z,111.8
2026-03-17T22:00Z,115.5
2026-03-17T22:30Z,115.5
2026-03-17T23:00Z,130.3
2026-03-17T23:30Z,130.3
2026-03-18T00:00Z,146.3
2026-03-18T00:30Z,146.3
2026-03-18T01:00Z,208.6
2026-03-18T01:30Z,208.6
2026-03-18T02:00Z,379.9
2026-03-18T02:30Z,379.9
2026-03-18T03:00Z,409.7
2026-03-18T03:30Z,409.7
2026-03-18T04:00Z,392.2
2026-03-18T04:30Z,392.2
2026-03-18T05:00Z,373.1
2026-03-18T05:30Z,373.1
2026-03-18T06:00Z,341.3
2026-03-18T06:30Z,341.3
2026-03-18T07:00Z,315.6
2026-03-18T07:30Z,315.6
2026-03-18T08:00Z,288.1
2026-03-18T08:30Z,288.1
2026-03-18T09:00Z,266.6
2026-03-18T09:30Z,266.6
2026-03-18T10:00Z,271.3
2026-03-18T10:30Z,271.3
2026-03-18T11:00Z,271.2
2026-03-18T11:30Z,271.2
2026-03-18T12:00Z,267.8
2026-03-18T12:30Z,267.8
2026-03-18T13:00Z,274.7
2026-03-18T13:30Z,274.7
2026-03-18T14:00Z,310.7
2026-03-18T14:30Z,310.7
2026-03-18T15:00Z,264.6
2026-03-18T15:30Z,264.6
2026-03-18T16:00Z,168.3
2026-03-18T16:30Z,168.3
2026-03-18T17:00Z,130.7
2026-03-18T17:30Z,130.7
2026-03-18T18:00Z,125.7
2026-03-18T18:30Z,125.7
2026-03-18T19:00Z,121.7
2026-03-18T19:30Z,121.7
2026-03-18T20:00Z,120.8
2026-03-18T20:30Z,120.8
2026-03-18T21:00Z,125.0
2026-03-18T21:30Z,125.0
2026-03-18T22:00Z,136.1
2026-03-18T22:30Z,136.1
2026-03-18T23:00Z,148.6
2026-03-18T23:30Z,148.6
2026-03-19T00:00Z,161.4
2026-03-19T00:30Z,161.4
2026-03-19T01:00Z,238.5
2026-03-19T01:30Z,238.5
2026-03-19T02:00Z,390.6
2026-03-19T02:30Z,390.6
2026-03-19T03:00Z,416.0
2026-03-19T03:30Z,416.0
2026-03-19T04:00Z,377.5
2026-03-19T04:30Z,377.5
2026-03-19T05:00Z,360.7
2026-03-19T05:30Z,360.7
2026-03-19T06:00Z,326.8
2026-03-19T06:30Z,326.8
2026-03-19T07:00Z,281.6
2026-03-19T07:30Z,281.6
2026-03-19T08:00Z,248.0
2026-03-19T08:30Z,248.0
2026-03-19T09:00Z,236.4
2026-03-19T09:30Z,236.4
2026-03-19T10:00Z,226.6
2026-03-19T10:30Z,226.6
2026-03-19T11:00Z,219.2
2026-03-19T11:30Z,219.2
2026-03-19T12:00Z,217.9
2026-03-19T12:30Z,217.9
2026-03-19T13:00Z,248.9
2026-03-19T13:30Z,248.9
2026-03-19T14:00Z,302.2
2026-03-19T14:30Z,302.2
2026-03-19T15:00Z,222.1
2026-03-19T15:30Z,222.1
2026-03-19T16:00Z,138.2
2026-03-19T16:30Z,138.2
2026-03-19T17:00Z,117.1
2026-03-19T17:30Z,117.1
2026-03-19T18:00Z,118.2
2026-03-19T18:30Z,118.2
2026-03-19T19:00Z,117.9
2026-03-19T19:30Z,117.9
2026-03-19T20:00Z,119.4
2026-03-19T20:30Z,119.4
2026-03-19T21:00Z,126.7
2026-03-19T21:30Z,126.7
2026-03-19T22:00Z,135.7
2026-03-19T22:30Z,135.7
2026-03-19T23:00Z,144.4
2026-03-19T23:30Z,144.4
2026-03-20T00:00Z,163.6
2026-03-20T00:30Z,163.6
2026-03-20T01:00Z,247.3
2026-03-20T01:30Z,247.3
2026-03-20T02:00Z,395.2
2026-03-20T02:30Z,395.2
2026-03-20T03:00Z,422.0
2026-03-20T03:30Z,422.0
2026-03-20T04:00Z,412.1
2026-03-20T04:30Z,412.1
2026-03-20T05:00Z,391.1
2026-03-20T05:30Z,391.1
2026-03-20T06:00Z,350.0
2026-03-20T06:30Z,350.0
2026-03-20T07:00Z,307.0
2026-03-20T07:30Z,307.0
2026-03-20T08:00Z,284.5
2026-03-20T08:30Z,284.5
2026-03-20T09:00Z,276.0
2026-03-20T09:30Z,276.0
2026-03-20T10:00Z,271.7
2026-03-20T10:30Z,271.7
2026-03-20T11:00Z,271.6
2026-03-20T11:30Z,271.6
2026-03-20T12:00Z,273.3
2026-03-20T12:30Z,273.3
2026-03-20T13:00Z,282.8
2026-03-20T13:30Z,282.8
2026-03-20T14:00Z,335.9
2026-03-20T14:30Z,335.9
2026-03-20T15:00Z,252.6
2026-03-20T15:30Z,252.6
2026-03-20T16:00Z,150.6
2026-03-20T16:30Z,150.6
2026-03-20T17:00Z,126.3
2026-03-20T17:30Z,126.3
2026-03-20T18:00Z,119.7
2026-03-20T18:30Z,119.7
2026-03-20T19:00Z,118.6
2026-03-20T19:30Z,118.6
2026-03-20T20:00Z,118.1
2026-03-20T20:30Z,118.1
2026-03-20T21:00Z,121.8
2026-03-20T21:30Z,121.8
2026-03-20T22:00Z,137.4
2026-03-20T22:30Z,137.4
2026-03-20T23:00Z,151.0
2026-03-20T23:30Z,151.0
2026-03-21T00:00Z,166.9
2026-03-21T00:30Z,166.9
2026-03-21T01:00Z,250.2
2026-03-21T01:30Z,250.2
2026-03-21T02:00Z,395.2
2026-03-21T02:30Z,395.2
2026-03-21T03:00Z,417.1
2026-03-21T03:30Z,417.1
2026-03-21T04:00Z,395.4
2026-03-21T04:30Z,395.4
2026-03-21T05:00Z,378.9
2026-03-21T05:30Z,378.9
2026-03-21T06:00Z,338.7
2026-03-21T06:30Z,338.7
2026-03-21T07:00Z,303.7
2026-03-21T07:30Z,303.7
2026-03-21T08:00Z,291.2
2026-03-21T08:30Z,291.2
2026-03-21T09:00Z,277.3
2026-03-21T09:30Z,277.3
2026-03-21T10:00Z,262.2
2026-03-21T10:30Z,262.2
2026-03-21T11:00Z,243.8
2026-03-21T11:30Z,243.8
2026-03-21T12:00Z,240.2
2026-03-21T12:30Z,240.2
2026-03-21T13:00Z,245.0
2026-03-21T13:30Z,245.0
2026-03-21T14:00Z,276.1
2026-03-21T14:30Z,276.1
2026-03-21T15:00Z,178.5
2026-03-21T15:30Z,178.5
2026-03-21T16:00Z,97.1
2026-03-21T16:30Z,97.1
2026-03-21T17:00Z,85.8
2026-03-21T17:30Z,85.8
2026-03-21T18:00Z,91.8
2026-03-21T18:30Z,91.8
2026-03-21T19:00Z,83.6
2026-03-21T19:30Z,83.6
2026-03-21T20:00Z,84.8
2026-03-21T20:30Z,84.8
2026-03-21T21:00Z,89.5
2026-03-21T21:30Z,89.5
2026-03-21T22:00Z,92.1
2026-03-21T22:30Z,92.1
2026-03-21T23:00Z,91.2
2026-03-21T23:30Z,91.2
2026-03-22T00:00Z,96.4
2026-03-22T00:30Z,96.4
2026-03-22T01:00Z,166.0
2026-03-22T01:30Z,166.0
2026-03-22T02:00Z,320.5
2026-03-22T02:30Z,320.5
2026-03-22T03:00Z,339.6
2026-03-22T03:30Z,339.6
2026-03-22T04:00Z,314.7
2026-03-22T04:30Z,314.7
2026-03-22T05:00Z,282.3
2026-03-22T05:30Z,282.3
2026-03-22T06:00Z,239.4
2026-03-22T06:30Z,239.4
2026-03-22T07:00Z,199.5
2026-03-22T07:30Z,199.5
2026-03-22T08:00Z,192.0
2026-03-22T08:30Z,192.0
2026-03-22T09:00Z,175.9
2026-03-22T09:30Z,175.9
2026-03-22T10:00Z,171.3
2026-03-22T10:30Z,171.3
2026-03-22T11:00Z,166.5
2026-03-22T11:30Z,166.5
2026-03-22T12:00Z,169.0
2026-03-22T12:30Z,169.0
2026-03-22T13:00Z,171.8
2026-03-22T13:30Z,171.8
2026-03-22T14:00Z,206.2
2026-03-22T14:30Z,206.2
2026-03-22T15:00Z,155.7
2026-03-22T15:30Z,155.7
2026-03-22T16:00Z,98.6
2026-03-22T16:30Z,98.6
2026-03-22T17:00Z,86.9
2026-03-22T17:30Z,86.9
2026-03-22T18:00Z,86.9
2026-03-22T18:30Z,86.9
2026-03-22T19:00Z,86.2
2026-03-22T19:30Z,86.2
2026-03-22T20:00Z,86.4
2026-03-22T20:30Z,86.4
2026-03-22T21:00Z,89.2
2026-03-22T21:30Z,89.2
2026-03-22T22:00Z,90.6
2026-03-22T22:30Z,90.6
2026-03-22T23:00Z,91.8
2026-03-22T23:30Z,91.8
2026-03-23T00:00Z,101.2
2026-03-23T00:30Z,101.2
2026-03-23T01:00Z,129.8
2026-03-23T01:30Z,129.8
2026-03-23T02:00Z,297.6
2026-03-23T02:30Z,297.6
2026-03-23T03:00Z,332.5
2026-03-23T03:30Z,332.5
2026-03-23T04:00Z,319.5
2026-03-23T04:30Z,319.5
2026-03-23T05:00Z,296.3
2026-03-23T05:30Z,296.3
2026-03-23T06:00Z,262.6
2026-03-23T06:30Z,262.6
2026-03-23T07:00Z,231.4
2026-03-23T07:30Z,231.4
2026-03-23T08:00Z,222.6
2026-03-23T08:30Z,222.6
2026-03-23T09:00Z,185.9
2026-03-23T09:30Z,185.9
2026-03-23T10:00Z,177.6
2026-03-23T10:30Z,177.6
2026-03-23T11:00Z,192.2
2026-03-23T11:30Z,192.2
2026-03-23T12:00Z,213.5
2026-03-23T12:30Z,213.5
2026-03-23T13:00Z,242.8
2026-03-23T13:30Z,242.8
2026-03-23T14:00Z,323.4
2026-03-23T14:30Z,323.4
2026-03-23T15:00Z,241.5
2026-03-23T15:30Z,241.5
2026-03-23T16:00Z,130.3
2026-03-23T16:30Z,130.3
2026-03-23T17:00Z,103.5
2026-03-23T17:30Z,103.5
2026-03-23T18:00Z,99.2
2026-03-23T18:30Z,99.2
2026-03-23T19:00Z,94.7
2026-03-23T19:30Z,94.7
2026-03-23T20:00Z,96.4
2026-03-23T20:30Z,96.4
2026-03-23T21:00Z,94.3
2026-03-23T21:30Z,94.3
2026-03-23T22:00Z,93.9
2026-03-23T22:30Z,93.9
2026-03-23T23:00Z,91.9
2026-03-23T23:30Z,91.9
2026-03-24T00:00Z,100.3
2026-03-24T00:30Z,100.3
2026-03-24T01:00Z,156.9
2026-03-24T01:30Z,156.9
2026-03-24T02:00Z,307.7
2026-03-24T02:30Z,307.7
2026-03-24T03:00Z,353.4
2026-03-24T03:30Z,353.4
2026-03-24T04:00Z,352.9
2026-03-24T04:30Z,352.9
2026-03-24T05:00Z,337.2
2026-03-24T05:30Z,337.2
2026-03-24T06:00Z,297.2
2026-03-24T06:30Z,297.2
2026-03-24T07:00Z,245.0
2026-03-24T07:30Z,245.0
2026-03-24T08:00Z,208.3
2026-03-24T08:30Z,208.3
2026-03-24T09:00Z,184.0
2026-03-24T09:30Z,184.0
2026-03-24T10:00Z,183.2
2026-03-24T10:30Z,183.2
2026-03-24T11:00Z,180.8
2026-03-24T11:30Z,180.8
2026-03-24T12:00Z,179.0
2026-03-24T12:30Z,179.0
2026-03-24T13:00Z,224.4
2026-03-24T13:30Z,224.4
2026-03-24T14:00Z,310.0
2026-03-24T14:30Z,310.0
2026-03-24T15:00Z,217.1
2026-03-24T15:30Z,217.1
2026-03-24T16:00Z,112.4
2026-03-24T16:30Z,112.4
2026-03-24T17:00Z,95.2
2026-03-24T17:30Z,95.2
2026-03-24T18:00Z,90.9
2026-03-24T18:30Z,90.9
2026-03-24T19:00Z,88.9
2026-03-24T19:30Z,88.9
2026-03-24T20:00Z,90.9
2026-03-24T20:30Z,90.9
2026-03-24T21:00Z,94.2
2026-03-24T21:30Z,94.2
2026-03-24T22:00Z,95.6
2026-03-24T22:30Z,95.6
2026-03-24T23:00Z,97.6
2026-03-24T23:30Z,97.6
2026-03-25T00:00Z,102.3
2026-03-25T00:30Z,102.3
2026-03-25T01:00Z,143.1
2026-03-25T01:30Z,143.1
2026-03-25T02:00Z,339.5
2026-03-25T02:30Z,339.5
2026-03-25T03:00Z,375.1
2026-03-25T03:30Z,375.1
2026-03-25T04:00Z,343.3
2026-03-25T04:30Z,343.3
2026-03-25T05:00Z,315.5
2026-03-25T05:30Z,315.5
2026-03-25T06:00Z,269.0
2026-03-25T06:30Z,269.0
2026-03-25T07:00Z,223.0
2026-03-25T07:30Z,223.0
2026-03-25T08:00Z,217.0
2026-03-25T08:30Z,217.0
2026-03-25T09:00Z,191.8
2026-03-25T09:30Z,191.8
2026-03-25T10:00Z,176.8
2026-03-25T10:30Z,176.8
2026-03-25T11:00Z,168.9
2026-03-25T11:30Z,168.9
2026-03-25T12:00Z,171.6
2026-03-25T12:30Z,171.6
2026-03-25T13:00Z,213.7
2026-03-25T13:30Z,213.7
2026-03-25T14:00Z,291.6
2026-03-25T14:30Z,291.6
2026-03-25T15:00Z,191.6
2026-03-25T15:30Z,191.6
2026-03-25T16:00Z,97.6
2026-03-25T16:30Z,97.6
2026-03-25T17:00Z,87.8
2026-03-25T17:30Z,87.8
2026-03-25T18:00Z,90.9
2026-03-25T18:30Z,90.9
2026-03-25T19:00Z,96.2
2026-03-25T19:30Z,96.2
2026-03-25T20:00Z,97.6
2026-03-25T20:30Z,97.6
2026-03-25T21:00Z,100.4
2026-03-25T21:30Z,100.4
2026-03-25T22:00Z,101.5
2026-03-25T22:30Z,101.5
2026-03-25T23:00Z,101.0
2026-03-25T23:30Z,101.0
2026-03-26T00:00Z,91.5
2026-03-26T00:30Z,91.5
2026-03-26T01:00Z,103.9
2026-03-26T01:30Z,103.9
2026-03-26T02:00Z,282.1
2026-03-26T02:30Z,282.1
2026-03-26T03:00Z,339.3
2026-03-26T03:30Z,339.3
2026-03-26T04:00Z,319.3
2026-03-26T04:30Z,319.3
2026-03-26T05:00Z,286.4
2026-03-26T05:30Z,286.4
2026-03-26T06:00Z,239.7
2026-03-26T06:30Z,239.7
2026-03-26T07:00Z,185.1
2026-03-26T07:30Z,185.1
2026-03-26T08:00Z,151.9
2026-03-26T08:30Z,151.9
2026-03-26T09:00Z,140.3
2026-03-26T09:30Z,140.3
2026-03-26T10:00Z,128.4
2026-03-26T10:30Z,128.4
2026-03-26T11:00Z,140.0
2026-03-26T11:30Z,140.0
2026-03-26T12:00Z,146.5
2026-03-26T12:30Z,146.5
2026-03-26T13:00Z,205.9
2026-03-26T13:30Z,205.9
2026-03-26T14:00Z,294.5
2026-03-26T14:30Z,294.5
2026-03-26T15:00Z,217.4
2026-03-26T15:30Z,217.4
2026-03-26T16:00Z,102.8
2026-03-26T16:30Z,102.8
2026-03-26T17:00Z,93.7
2026-03-26T17:30Z,93.7
2026-03-26T18:00Z,92.8
2026-03-26T18:30Z,92.8
2026-03-26T19:00Z,82.3
2026-03-26T19:30Z,82.3
2026-03-26T20:00Z,87.7
2026-03-26T20:30Z,87.7
2026-03-26T21:00Z,92.6
2026-03-26T21:30Z,92.6
2026-03-26T22:00Z,89.9
2026-03-26T22:30Z,89.9
2026-03-26T23:00Z,91.1
2026-03-26T23:30Z,91.1
2026-03-27T00:00Z,96.4
2026-03-27T00:30Z,96.4
2026-03-27T01:00Z,129.7
2026-03-27T01:30Z,129.7
2026-03-27T02:00Z,316.0
2026-03-27T02:30Z,316.0
2026-03-27T03:00Z,384.5
2026-03-27T03:30Z,384.5
2026-03-27T04:00Z,365.7
2026-03-27T04:30Z,365.7
2026-03-27T05:00Z,355.8
2026-03-27T05:30Z,355.8
2026-03-27T06:00Z,325.7
2026-03-27T06:30Z,325.7
2026-03-27T07:00Z,285.0
2026-03-27T07:30Z,285.0
2026-03-27T08:00Z,277.2
2026-03-27T08:30Z,277.2
2026-03-27T09:00Z,256.0
2026-03-27T09:30Z,256.0
2026-03-27T10:00Z,248.6
2026-03-27T10:30Z,248.6
2026-03-27T11:00Z,254.9
2026-03-27T11:30Z,254.9
2026-03-27T12:00Z,252.1
2026-03-27T12:30Z,252.1
2026-03-27T13:00Z,278.5
2026-03-27T13:30Z,278.5
2026-03-27T14:00Z,325.9
2026-03-27T14:30Z,325.9
2026-03-27T15:00Z,233.5
2026-03-27T15:30Z,233.5
2026-03-27T16:00Z,139.3
2026-03-27T16:30Z,139.3
2026-03-27T17:00Z,106.2
2026-03-27T17:30Z,106.2
2026-03-27T18:00Z,105.2
2026-03-27T18:30Z,105.2
2026-03-27T19:00Z,104.6
2026-03-27T19:30Z,104.6
2026-03-27T20:00Z,108.2
2026-03-27T20:30Z,108.2
2026-03-27T21:00Z,107.4
2026-03-27T21:30Z,107.4
2026-03-27T22:00Z,107.3
2026-03-27T22:30Z,107.3
2026-03-27T23:00Z,107.6
2026-03-27T23:30Z,107.6
2026-03-28T00:00Z,120.3
2026-03-28T00:30Z,120.3
2026-03-28T01:00Z,152.0
2026-03-28T01:30Z,152.0
2026-03-28T02:00Z,306.7
2026-03-28T02:30Z,306.7
2026-03-28T03:00Z,374.8
2026-03-28T03:30Z,374.8
2026-03-28T04:00Z,356.2
2026-03-28T04:30Z,356.2
2026-03-28T05:00Z,362.0
2026-03-28T05:30Z,362.0
2026-03-28T06:00Z,335.8
2026-03-28T06:30Z,335.8
2026-03-28T07:00Z,297.6
2026-03-28T07:30Z,297.6
2026-03-28T08:00Z,281.0
2026-03-28T08:30Z,281.0
2026-03-28T09:00Z,254.5
2026-03-28T09:30Z,254.5
2026-03-28T10:00Z,245.6
2026-03-28T10:30Z,245.6
2026-03-28T11:00Z,229.1
2026-03-28T11:30Z,229.1
2026-03-28T12:00Z,231.2
2026-03-28T12:30Z,231.2
2026-03-28T13:00Z,256.1
2026-03-28T13:30Z,256.1
2026-03-28T14:00Z,303.4
2026-03-28T14:30Z,303.4
2026-03-28T15:00Z,216.2
2026-03-28T15:30Z,216.2
2026-03-28T16:00Z,100.5
2026-03-28T16:30Z,100.5
2026-03-28T17:00Z,95.4
2026-03-28T17:30Z,95.4
2026-03-28T18:00Z,94.8
2026-03-28T18:30Z,94.8
2026-03-28T19:00Z,97.9
2026-03-28T19:30Z,97.9
2026-03-28T20:00Z,99.3
2026-03-28T20:30Z,99.3
2026-03-28T21:00Z,99.0
2026-03-28T21:30Z,99.0
2026-03-28T22:00Z,101.7
2026-03-28T22:30Z,101.7
2026-03-28T23:00Z,102.2
2026-03-28T23:30Z,102.2
2026-03-29T00:00Z,102.7
2026-03-29T00:30Z,102.7
2026-03-29T01:00Z,160.4
2026-03-29T01:30Z,160.4
2026-03-29T02:00Z,315.4
2026-03-29T02:30Z,315.4
2026-03-29T03:00Z,369.4
2026-03-29T03:30Z,369.4
2026-03-29T04:00Z,352.5
2026-03-29T04:30Z,352.5
2026-03-29T05:00Z,335.4
2026-03-29T05:30Z,335.4
2026-03-29T06:00Z,297.0
2026-03-29T06:30Z,297.0
2026-03-29T07:00Z,256.1
2026-03-29T07:30Z,256.1
2026-03-29T08:00Z,247.7
2026-03-29T08:30Z,247.7
2026-03-29T09:00Z,225.2
2026-03-29T09:30Z,225.2
2026-03-29T10:00Z,222.0
2026-03-29T10:30Z,222.0
2026-03-29T11:00Z,207.5
2026-03-29T11:30Z,207.5
2026-03-29T12:00Z,211.5
2026-03-29T12:30Z,211.5
2026-03-29T13:00Z,230.8
2026-03-29T13:30Z,230.8
2026-03-29T14:00Z,242.4
2026-03-29T14:30Z,242.4
2026-03-29T15:00Z,171.9
2026-03-29T15:30Z,171.9
2026-03-29T16:00Z,95.1
2026-03-29T16:30Z,95.1
2026-03-29T17:00Z,87.4
2026-03-29T17:30Z,87.4
2026-03-29T18:00Z,81.1
2026-03-29T18:30Z,81.1
2026-03-29T19:00Z,81.1
2026-03-29T19:30Z,81.1
2026-03-29T20:00Z,83.1
2026-03-29T20:30Z,83.1
2026-03-29T21:00Z,81.5
2026-03-29T21:30Z,81.5
2026-03-29T22:00Z,82.4
2026-03-29T22:30Z,82.4
2026-03-29T23:00Z,81.3
2026-03-29T23:30Z,81.3
2026-03-30T00:00Z,90.2
2026-03-30T00:30Z,90.2
2026-03-30T01:00Z,180.9
2026-03-30T01:30Z,180.9
2026-03-30T02:00Z,345.5
2026-03-30T02:30Z,345.5
2026-03-30T03:00Z,389.1
2026-03-30T03:30Z,389.1
2026-03-30T04:00Z,355.4
2026-03-30T04:30Z,355.4
2026-03-30T05:00Z,313.0
2026-03-30T05:30Z,313.0
2026-03-30T06:00Z,275.8
2026-03-30T06:30Z,275.8
2026-03-30T07:00Z,217.4
2026-03-30T07:30Z,217.4
2026-03-30T08:00Z,216.4
2026-03-30T08:30Z,216.4
2026-03-30T09:00Z,217.8
2026-03-30T09:30Z,217.8
2026-03-30T10:00Z,231.9
2026-03-30T10:30Z,231.9
2026-03-30T11:00Z,228.0
2026-03-30T11:30Z,228.0
2026-03-30T12:00Z,226.8
2026-03-30T12:30Z,226.8
2026-03-30T13:00Z,276.6
2026-03-30T13:30Z,276.6
2026-03-30T14:00Z,341.0
2026-03-30T14:30Z,341.0
2026-03-30T15:00Z,272.5
2026-03-30T15:30Z,272.5
2026-03-30T16:00Z,144.3
2026-03-30T16:30Z,144.3
2026-03-30T17:00Z,111.7
2026-03-30T17:30Z,111.7
2026-03-30T18:00Z,101.2
2026-03-30T18:30Z,101.2
2026-03-30T19:00Z,90.4
2026-03-30T19:30Z,90.4
2026-03-30T20:00Z,90.0
2026-03-30T20:30Z,90.0
2026-03-30T21:00Z,94.9
2026-03-30T21:30Z,94.9
2026-03-30T22:00Z,93.2
2026-03-30T22:30Z,93.2
2026-03-30T23:00Z,114.1
2026-03-30T23:30Z,114.1
2026-03-31T00:00Z,154.0
2026-03-31T00:30Z,154.0
2026-03-31T01:00Z,273.5
2026-03-31T01:30Z,273.5
2026-03-31T02:00Z,316.8
2026-03-31T02:30Z,316.8
2026-03-31T03:00Z,353.1
2026-03-31T03:30Z,353.1
2026-03-31T04:00Z,348.6
2026-03-31T04:30Z,348.6
2026-03-31T05:00Z,328.6
2026-03-31T05:30Z,328.6
2026-03-31T06:00Z,306.4
2026-03-31T06:30Z,306.4
2026-03-31T07:00Z,283.0
2026-03-31T07:30Z,283.0
2026-03-31T08:00Z,239.2
2026-03-31T08:30Z,239.2
2026-03-31T09:00Z,241.1
2026-03-31T09:30Z,241.1
2026-03-31T10:00Z,249.3
2026-03-31T10:30Z,249.3
2026-03-31T11:00Z,249.9
2026-03-31T11:30Z,249.9
2026-03-31T12:00Z,256.3
2026-03-31T12:30Z,256.3
2026-03-31T13:00Z,284.1
2026-03-31T13:30Z,284.1
2026-03-31T14:00Z,327.3
2026-03-31T14:30Z,327.3
2026-03-31T15:00Z,326.7
2026-03-31T15:30Z,326.7
2026-03-31T16:00Z,281.4
2026-03-31T16:30Z,281.4
2026-03-31T17:00Z,264.0
2026-03-31T17:30Z,264.0
2026-03-31T18:00Z,228.9
2026-03-31T18:30Z,228.9
2026-03-31T19:00Z,194.7
2026-03-31T19:30Z,194.7
2026-03-31T20:00Z,182.3
2026-03-31T20:30Z,182.3
2026-03-31T21:00Z,184.5
2026-03-31T21:30Z,184.5
2026-03-31T22:00Z,192.5
2026-03-31T22:30Z,192.5
2026-03-31T23:00Z,227.5
2026-03-31T23:30Z,227.5
2026-04-01T00:00Z,266.1
2026-04-01T00:30Z,266.1
2026-04-01T01:00Z,252.9
2026-04-01T01:30Z,252.9
2026-04-01T02:00Z,290.0
2026-04-01T02:30Z,290.0
2026-04-01T03:00Z,321.4
2026-04-01T03:30Z,321.4
2026-04-01T04:00Z,314.8
2026-04-01T04:30Z,314.8
2026-04-01T05:00Z,307.8
2026-04-01T05:30Z,307.8
2026-04-01T06:00Z,305.7
2026-04-01T06:30Z,305.7
2026-04-01T07:00Z,294.5
2026-04-01T07:30Z,294.5
2026-04-01T08:00Z,260.5
2026-04-01T08:30Z,260.5
2026-04-01T09:00Z,241.3
2026-04-01T09:30Z,241.3
2026-04-01T10:00Z,225.0
2026-04-01T10:30Z,225.0
2026-04-01T11:00Z,223.0
2026-04-01T11:30Z,223.0
2026-04-01T12:00Z,229.2
2026-04-01T12:30Z,229.2
2026-04-01T13:00Z,240.7
2026-04-01T13:30Z,240.7
2026-04-01T14:00Z,293.2
2026-04-01T14:30Z,293.2
2026-04-01T15:00Z,217.2
2026-04-01T15:30Z,217.2
2026-04-01T16:00Z,120.0
2026-04-01T16:30Z,120.0
2026-04-01T17:00Z,105.5
2026-04-01T17:30Z,105.5
2026-04-01T18:00Z,109.0
2026-04-01T18:30Z,109.0
2026-04-01T19:00Z,102.6
2026-04-01T19:30Z,102.6
2026-04-01T20:00Z,96.6
2026-04-01T20:30Z,96.6
2026-04-01T21:00Z,93.9
2026-04-01T21:30Z,93.9
2026-04-01T22:00Z,91.5
2026-04-01T22:30Z,91.5
2026-04-01T23:00Z,95.1
2026-04-01T23:30Z,95.1
2026-04-02T00:00Z,96.5
2026-04-02T00:30Z,96.5
2026-04-02T01:00Z,98.1
2026-04-02T01:30Z,98.1
2026-04-02T02:00Z,229.9
2026-04-02T02:30Z,229.9
2026-04-02T03:00Z,319.6
2026-04-02T03:30Z,319.6
2026-04-02T04:00Z,322.3
2026-04-02T04:30Z,322.3
2026-04-02T05:00Z,300.8
2026-04-02T05:30Z,300.8
2026-04-02T06:00Z,276.3
2026-04-02T06:30Z,276.3
2026-04-02T07:00Z,226.9
2026-04-02T07:30Z,226.9
2026-04-02T08:00Z,184.1
2026-04-02T08:30Z,184.1
2026-04-02T09:00Z,142.1
2026-04-02T09:30Z,142.1
2026-04-02T10:00Z,124.8
2026-04-02T10:30Z,124.8
2026-04-02T11:00Z,115.5
2026-04-02T11:30Z,115.5
2026-04-02T12:00Z,113.6
2026-04-02T12:30Z,113.6
2026-04-02T13:00Z,133.4
2026-04-02T13:30Z,133.4
2026-04-02T14:00Z,225.2
2026-04-02T14:30Z,225.2
2026-04-02T15:00Z,162.9
2026-04-02T15:30Z,162.9
2026-04-02T16:00Z,108.6
2026-04-02T16:30Z,108.6
2026-04-02T17:00Z,95.2
2026-04-02T17:30Z,95.2
2026-04-02T18:00Z,78.8
2026-04-02T18:30Z,78.8
2026-04-02T19:00Z,77.1
2026-04-02T19:30Z,77.1
2026-04-02T20:00Z,73.6
2026-04-02T20:30Z,73.6
2026-04-02T21:00Z,71.6
2026-04-02T21:30Z,71.6
2026-04-02T22:00Z,71.7
2026-04-02T22:30Z,71.7
2026-04-02T23:00Z,74.8
2026-04-02T23:30Z,74.8
2026-04-03T00:00Z,78.5
2026-04-03T00:30Z,78.5
2026-04-03T01:00Z,79.8
2026-04-03T01:30Z,79.8
2026-04-03T02:00Z,169.4
2026-04-03T02:30Z,169.4
2026-04-03T03:00Z,296.4
2026-04-03T03:30Z,296.4
2026-04-03T04:00Z,288.1
2026-04-03T04:30Z,288.1
2026-04-03T05:00Z,277.4
2026-04-03T05:30Z,277.4
2026-04-03T06:00Z,253.8
2026-04-03T06:30Z,253.8
2026-04-03T07:00Z,193.2
2026-04-03T07:30Z,193.2
2026-04-03T08:00Z,138.5
2026-04-03T08:30Z,138.5
2026-04-03T09:00Z,138.3
2026-04-03T09:30Z,138.3
2026-04-03T10:00Z,137.8
2026-04-03T10:30Z,137.8
2026-04-03T11:00Z,175.4
2026-04-03T11:30Z,175.4
2026-04-03T12:00Z,186.5
2026-04-03T12:30Z,186.5
2026-04-03T13:00Z,237.2
2026-04-03T13:30Z,237.2
2026-04-03T14:00Z,281.0
2026-04-03T14:30Z,281.0
2026-04-03T15:00Z,131.7
2026-04-03T15:30Z,131.7
2026-04-03T16:00Z,82.5
2026-04-03T16:30Z,82.5
2026-04-03T17:00Z,82.5
2026-04-03T17:30Z,82.5
2026-04-03T18:00Z,83.7
2026-04-03T18:30Z,83.7
2026-04-03T19:00Z,87.2
2026-04-03T19:30Z,87.2
2026-04-03T20:00Z,87.0
2026-04-03T20:30Z,87.0
2026-04-03T21:00Z,83.8
2026-04-03T21:30Z,83.8
2026-04-03T22:00Z,84.5
2026-04-03T22:30Z,84.5
2026-04-03T23:00Z,87.8
2026-04-03T23:30Z,87.8
2026-04-04T00:00Z,85.5
2026-04-04T00:30Z,85.5
2026-04-04T01:00Z,86.5
2026-04-04T01:30Z,86.5
2026-04-04T02:00Z,175.7
2026-04-04T02:30Z,175.7
2026-04-04T03:00Z,311.1
2026-04-04T03:30Z,311.1
2026-04-04T04:00Z,320.4
2026-04-04T04:30Z,320.4
2026-04-04T05:00Z,319.4
2026-04-04T05:30Z,319.4
2026-04-04T06:00Z,291.4
2026-04-04T06:30Z,291.4
2026-04-04T07:00Z,277.1
2026-04-04T07:30Z,277.1
2026-04-04T08:00Z,259.0
2026-04-04T08:30Z,259.0
2026-04-04T09:00Z,238.3
2026-04-04T09:30Z,238.3
2026-04-04T10:00Z,225.8
2026-04-04T10:30Z,225.8
2026-04-04T11:00Z,212.8
2026-04-04T11:30Z,212.8
2026-04-04T12:00Z,216.2
2026-04-04T12:30Z,216.2
2026-04-04T13:00Z,246.8
2026-04-04T13:30Z,246.8
2026-04-04T14:00Z,262.6
2026-04-04T14:30Z,262.6
2026-04-04T15:00Z,113.6
2026-04-04T15:30Z,113.6
2026-04-04T16:00Z,83.6
2026-04-04T16:30Z,83.6
2026-04-04T17:00Z,81.5
2026-04-04T17:30Z,81.5
2026-04-04T18:00Z,82.0
2026-04-04T18:30Z,82.0
2026-04-04T19:00Z,81.6
2026-04-04T19:30Z,81.6
2026-04-04T20:00Z,81.7
2026-04-04T20:30Z,81.7
2026-04-04T21:00Z,83.4
2026-04-04T21:30Z,83.4
2026-04-04T22:00Z,83.1
2026-04-04T22:30Z,83.1
2026-04-04T23:00Z,86.6
2026-04-04T23:30Z,86.6
2026-04-05T00:00Z,89.9
2026-04-05T00:30Z,89.9
2026-04-05T01:00Z,106.7
2026-04-05T01:30Z,106.7
2026-04-05T02:00Z,293.5
2026-04-05T02:30Z,293.5
2026-04-05T03:00Z,403.8
2026-04-05T03:30Z,403.8
2026-04-05T04:00Z,395.6
2026-04-05T04:30Z,395.6
2026-04-05T05:00Z,383.5
2026-04-05T05:30Z,383.5
2026-04-05T06:00Z,347.0
2026-04-05T06:30Z,347.0
2026-04-05T07:00Z,309.1
2026-04-05T07:30Z,309.1
2026-04-05T08:00Z,286.2
2026-04-05T08:30Z,286.2
2026-04-05T09:00Z,262.7
2026-04-05T09:30Z,262.7
2026-04-05T10:00Z,258.2
2026-04-05T10:30Z,258.2
2026-04-05T11:00Z,250.1
2026-04-05T11:30Z,250.1
2026-04-05T12:00Z,251.9
2026-04-05T12:30Z,251.9
2026-04-05T13:00Z,245.8
2026-04-05T13:30Z,245.8
2026-04-05T14:00Z,257.0
2026-04-05T14:30Z,257.0
2026-04-05T15:00Z,131.4
2026-04-05T15:30Z,131.4
2026-04-05T16:00Z,86.5
2026-04-05T16:30Z,86.5
2026-04-05T17:00Z,85.7
2026-04-05T17:30Z,85.7
2026-04-05T18:00Z,81.8
2026-04-05T18:30Z,81.8
2026-04-05T19:00Z,80.4
2026-04-05T19:30Z,80.4
2026-04-05T20:00Z,80.5
2026-04-05T20:30Z,80.5
2026-04-05T21:00Z,80.2
2026-04-05T21:30Z,80.2
2026-04-05T22:00Z,81.7
2026-04-05T22:30Z,81.7
2026-04-05T23:00Z,82.8
2026-04-05T23:30Z,82.8
2026-04-06T00:00Z,87.9
2026-04-06T00:30Z,87.9
2026-04-06T01:00Z,129.8
2026-04-06T01:30Z,129.8
2026-04-06T02:00Z,298.3
2026-04-06T02:30Z,298.3
2026-04-06T03:00Z,372.3
2026-04-06T03:30Z,372.3
2026-04-06T04:00Z,362.7
2026-04-06T04:30Z,362.7
2026-04-06T05:00Z,344.3
2026-04-06T05:30Z,344.3
2026-04-06T06:00Z,304.6
2026-04-06T06:30Z,304.6
2026-04-06T07:00Z,266.4
2026-04-06T07:30Z,266.4
2026-04-06T08:00Z,230.0
2026-04-06T08:30Z,230.0
2026-04-06T09:00Z,212.7
2026-04-06T09:30Z,212.7
2026-04-06T10:00Z,191.6
2026-04-06T10:30Z,191.6
2026-04-06T11:00Z,195.6
2026-04-06T11:30Z,195.6
2026-04-06T12:00Z,190.7
2026-04-06T12:30Z,190.7
2026-04-06T13:00Z,199.3
2026-04-06T13:30Z,199.3
2026-04-06T14:00Z,274.0
2026-04-06T14:30Z,274.0
2026-04-06T15:00Z,213.4
2026-04-06T15:30Z,213.4
2026-04-06T16:00Z,123.9
2026-04-06T16:30Z,123.9
2026-04-06T17:00Z,88.0
2026-04-06T17:30Z,88.0
2026-04-06T18:00Z,80.5
2026-04-06T18:30Z,80.5
2026-04-06T19:00Z,78.4
2026-04-06T19:30Z,78.4
2026-04-06T20:00Z,79.8
2026-04-06T20:30Z,79.8
2026-04-06T21:00Z,79.5
2026-04-06T21:30Z,79.5
2026-04-06T22:00Z,77.6
2026-04-06T22:30Z,77.6
2026-04-06T23:00Z,74.8
2026-04-06T23:30Z,74.8
2026-04-07T00:00Z,74.0
2026-04-07T00:30Z,74.0
2026-04-07T01:00Z,74.7
2026-04-07T01:30Z,74.7
2026-04-07T02:00Z,201.2
2026-04-07T02:30Z,201.2
2026-04-07T03:00Z,301.1
2026-04-07T03:30Z,301.1
2026-04-07T04:00Z,287.7
2026-04-07T04:30Z,287.7
2026-04-07T05:00Z,297.8
2026-04-07T05:30Z,297.8
2026-04-07T06:00Z,245.2
2026-04-07T06:30Z,245.2
2026-04-07T07:00Z,187.2
2026-04-07T07:30Z,187.2
2026-04-07T08:00Z,139.8
2026-04-07T08:30Z,139.8
2026-04-07T09:00Z,111.1
2026-04-07T09:30Z,111.1
2026-04-07T10:00Z,116.9
2026-04-07T10:30Z,116.9
2026-04-07T11:00Z,115.6
2026-04-07T11:30Z,115.6
2026-04-07T12:00Z,123.4
2026-04-07T12:30Z,123.4
2026-04-07T13:00Z,194.9
2026-04-07T13:30Z,194.9
2026-04-07T14:00Z,264.9
2026-04-07T14:30Z,264.9
2026-04-07T15:00Z,110.0
2026-04-07T15:30Z,110.0
2026-04-07T16:00Z,85.5
2026-04-07T16:30Z,85.5
2026-04-07T17:00Z,83.3
2026-04-07T17:30Z,83.3
2026-04-07T18:00Z,86.0
2026-04-07T18:30Z,86.0
2026-04-07T19:00Z,99.5
2026-04-07T19:30Z,99.5
2026-04-07T20:00Z,99.0
2026-04-07T20:30Z,99.0
2026-04-07T21:00Z,97.8
2026-04-07T21:30Z,97.8
2026-04-07T22:00Z,100.2
2026-04-07T22:30Z,100.2
2026-04-07T23:00Z,97.1
2026-04-07T23:30Z,97.1
2026-04-08T00:00Z,92.0
2026-04-08T00:30Z,92.0
2026-04-08T01:00Z,90.2
2026-04-08T01:30Z,90.2
2026-04-08T02:00Z,215.7
2026-04-08T02:30Z,215.7
2026-04-08T03:00Z,327.9
2026-04-08T03:30Z,327.9
2026-04-08T04:00Z,316.0
2026-04-08T04:30Z,316.0
2026-04-08T05:00Z,293.2
2026-04-08T05:30Z,293.2
2026-04-08T06:00Z,249.0
2026-04-08T06:30Z,249.0
2026-04-08T07:00Z,205.2
2026-04-08T07:30Z,205.2
2026-04-08T08:00Z,186.4
2026-04-08T08:30Z,186.4
2026-04-08T09:00Z,155.8
2026-04-08T09:30Z,155.8
2026-04-08T10:00Z,142.8
2026-04-08T10:30Z,142.8
2026-04-08T11:00Z,152.7
2026-04-08T11:30Z,152.7
2026-04-08T12:00Z,168.1
2026-04-08T12:30Z,168.1
2026-04-08T13:00Z,216.2
2026-04-08T13:30Z,216.2
2026-04-08T14:00Z,275.5
2026-04-08T14:30Z,275.5
2026-04-08T15:00Z,135.6
2026-04-08T15:30Z,135.6
2026-04-08T16:00Z,105.4
2026-04-08T16:30Z,105.4
2026-04-08T17:00Z,94.5
2026-04-08T17:30Z,94.5
2026-04-08T18:00Z,91.5
2026-04-08T18:30Z,91.5
2026-04-08T19:00Z,92.2
2026-04-08T19:30Z,92.2
2026-04-08T20:00Z,91.0
2026-04-08T20:30Z,91.0
2026-04-08T21:00Z,92.2
2026-04-08T21:30Z,92.2
2026-04-08T22:00Z,94.3
2026-04-08T22:30Z,94.3
2026-04-08T23:00Z,95.8
2026-04-08T23:30Z,95.8
2026-04-09T00:00Z,91.9
2026-04-09T00:30Z,91.9
2026-04-09T01:00Z,102.7
2026-04-09T01:30Z,102.7
2026-04-09T02:00Z,246.1
2026-04-09T02:30Z,246.1
2026-04-09T03:00Z,333.7
2026-04-09T03:30Z,333.7
2026-04-09T04:00Z,322.8
2026-04-09T04:30Z,322.8
2026-04-09T05:00Z,297.4
2026-04-09T05:30Z,297.4
2026-04-09T06:00Z,265.0
2026-04-09T06:30Z,265.0
2026-04-09T07:00Z,215.4
2026-04-09T07:30Z,215.4
2026-04-09T08:00Z,184.7
2026-04-09T08:30Z,184.7
2026-04-09T09:00Z,168.8
2026-04-09T09:30Z,168.8
2026-04-09T10:00Z,159.0
2026-04-09T10:30Z,159.0
2026-04-09T11:00Z,156.5
2026-04-09T11:30Z,156.5
2026-04-09T12:00Z,166.0
2026-04-09T12:30Z,166.0
2026-04-09T13:00Z,188.7
2026-04-09T13:30Z,188.7
2026-04-09T14:00Z,245.9
2026-04-09T14:30Z,245.9
2026-04-09T15:00Z,151.5
2026-04-09T15:30Z,151.5
2026-04-09T16:00Z,105.4
2026-04-09T16:30Z,105.4
2026-04-09T17:00Z,96.7
2026-04-09T17:30Z,96.7
2026-04-09T18:00Z,91.2
2026-04-09T18:30Z,91.2
2026-04-09T19:00Z,85.7
2026-04-09T19:30Z,85.7
2026-04-09T20:00Z,85.2
2026-04-09T20:30Z,85.2
2026-04-09T21:00Z,81.4
2026-04-09T21:30Z,81.4
2026-04-09T22:00Z,84.1
2026-04-09T22:30Z,84.1
2026-04-09T23:00Z,93.1
2026-04-09T23:30Z,93.1
2026-04-10T00:00Z,105.0
2026-04-10T00:30Z,105.0
2026-04-10T01:00Z,185.4
2026-04-10T01:30Z,185.4
2026-04-10T02:00Z,273.8
2026-04-10T02:30Z,273.8
2026-04-10T03:00Z,325.7
2026-04-10T03:30Z,325.7
2026-04-10T04:00Z,321.4
2026-04-10T04:30Z,321.4
2026-04-10T05:00Z,313.9
2026-04-10T05:30Z,313.9
2026-04-10T06:00Z,309.3
2026-04-10T06:30Z,309.3
2026-04-10T07:00Z,277.1
2026-04-10T07:30Z,277.1
2026-04-10T08:00Z,279.3
2026-04-10T08:30Z,279.3
2026-04-10T09:00Z,263.6
2026-04-10T09:30Z,263.6
2026-04-10T10:00Z,236.5
2026-04-10T10:30Z,236.5
2026-04-10T11:00Z,234.1
2026-04-10T11:30Z,234.1
2026-04-10T12:00Z,236.4
2026-04-10T12:30Z,236.4
2026-04-10T13:00Z,266.5
2026-04-10T13:30Z,266.5
2026-04-10T14:00Z,307.0
2026-04-10T14:30Z,307.0
2026-04-10T15:00Z,190.1
2026-04-10T15:30Z,190.1
2026-04-10T16:00Z,118.5
2026-04-10T16:30Z,118.5
2026-04-10T17:00Z,103.8
2026-04-10T17:30Z,103.8
2026-04-10T18:00Z,105.0
2026-04-10T18:30Z,105.0
2026-04-10T19:00Z,99.9
2026-04-10T19:30Z,99.9
2026-04-10T20:00Z,101.9
2026-04-10T20:30Z,101.9
2026-04-10T21:00Z,99.5
2026-04-10T21:30Z,99.5
2026-04-10T22:00Z,95.9
2026-04-10T22:30Z,95.9
2026-04-10T23:00Z,97.6
2026-04-10T23:30Z,97.6
2026-04-11T00:00Z,93.5
2026-04-11T00:30Z,93.5
2026-04-11T01:00Z,110.2
2026-04-11T01:30Z,110.2
2026-04-11T02:00Z,225.1
2026-04-11T02:30Z,225.1
2026-04-11T03:00Z,331.0
2026-04-11T03:30Z,331.0
2026-04-11T04:00Z,339.8
2026-04-11T04:30Z,339.8
2026-04-11T05:00Z,334.7
2026-04-11T05:30Z,334.7
2026-04-11T06:00Z,326.6
2026-04-11T06:30Z,326.6
2026-04-11T07:00Z,299.1
2026-04-11T07:30Z,299.1
2026-04-11T08:00Z,240.4
2026-04-11T08:30Z,240.4
2026-04-11T09:00Z,216.6
2026-04-11T09:30Z,216.6
2026-04-11T10:00Z,207.2
2026-04-11T10:30Z,207.2
2026-04-11T11:00Z,214.4
2026-04-11T11:30Z,214.4
2026-04-11T12:00Z,206.4
2026-04-11T12:30Z,206.4
2026-04-11T13:00Z,214.9
2026-04-11T13:30Z,214.9
2026-04-11T14:00Z,231.7
2026-04-11T14:30Z,231.7
2026-04-11T15:00Z,99.5
2026-04-11T15:30Z,99.5
2026-04-11T16:00Z,87.6
2026-04-11T16:30Z,87.6
2026-04-11T17:00Z,90.3
2026-04-11T17:30Z,90.3
2026-04-11T18:00Z,96.2
2026-04-11T18:30Z,96.2
2026-04-11T19:00Z,95.9
2026-04-11T19:30Z,95.9
2026-04-11T20:00Z,88.7
2026-04-11T20:30Z,88.7
2026-04-11T21:00Z,87.3
2026-04-11T21:30Z,87.3
2026-04-11T22:00Z,87.6
2026-04-11T22:30Z,87.6
2026-04-11T23:00Z,92.5
2026-04-11T23:30Z,92.5
2026-04-12T00:00Z,95.1
2026-04-12T00:30Z,95.1
2026-04-12T01:00Z,100.6
2026-04-12T01:30Z,100.6
2026-04-12T02:00Z,155.9
2026-04-12T02:30Z,155.9
2026-04-12T03:00Z,305.0
2026-04-12T03:30Z,305.0
2026-04-12T04:00Z,302.8
2026-04-12T04:30Z,302.8
2026-04-12T05:00Z,285.7
2026-04-12T05:30Z,285.7
2026-04-12T06:00Z,267.9
2026-04-12T06:30Z,267.9
2026-04-12T07:00Z,242.9
2026-04-12T07:30Z,242.9
2026-04-12T08:00Z,180.8
2026-04-12T08:30Z,180.8
2026-04-12T09:00Z,154.8
2026-04-12T09:30Z,154.8
2026-04-12T10:00Z,135.7
2026-04-12T10:30Z,135.7
2026-04-12T11:00Z,148.5
2026-04-12T11:30Z,148.5
2026-04-12T12:00Z,173.0
2026-04-12T12:30Z,173.0
2026-04-12T13:00Z,205.7
2026-04-12T13:30Z,205.7
2026-04-12T14:00Z,230.8
2026-04-12T14:30Z,230.8
2026-04-12T15:00Z,142.5
2026-04-12T15:30Z,142.5
2026-04-12T16:00Z,77.7
2026-04-12T16:30Z,77.7
2026-04-12T17:00Z,75.0
2026-04-12T17:30Z,75.0
2026-04-12T18:00Z,73.6
2026-04-12T18:30Z,73.6
2026-04-12T19:00Z,73.1
2026-04-12T19:30Z,73.1
2026-04-12T20:00Z,70.3
2026-04-12T20:30Z,70.3
2026-04-12T21:00Z,70.3
2026-04-12T21:30Z,70.3
2026-04-12T22:00Z,70.0
2026-04-12T22:30Z,70.0
2026-04-12T23:00Z,71.1
2026-04-12T23:30Z,71.1
2026-04-13T00:00Z,71.2
2026-04-13T00:30Z,71.2
2026-04-13T01:00Z,78.1
2026-04-13T01:30Z,78.1
2026-04-13T02:00Z,137.9
2026-04-13T02:30Z,137.9
2026-04-13T03:00Z,260.3
2026-04-13T03:30Z,260.3
2026-04-13T04:00Z,274.9
2026-04-13T04:30Z,274.9
2026-04-13T05:00Z,267.7
2026-04-13T05:30Z,267.7
2026-04-13T06:00Z,224.3
2026-04-13T06:30Z,224.3
2026-04-13T07:00Z,166.5
2026-04-13T07:30Z,166.5
2026-04-13T08:00Z,127.8
2026-04-13T08:30Z,127.8
2026-04-13T09:00Z,133.4
2026-04-13T09:30Z,133.4
2026-04-13T10:00Z,120.8
2026-04-13T10:30Z,120.8
2026-04-13T11:00Z,129.9
2026-04-13T11:30Z,129.9
2026-04-13T12:00Z,148.2
2026-04-13T12:30Z,148.2
2026-04-13T13:00Z,252.0
2026-04-13T13:30Z,252.0
2026-04-13T14:00Z,287.1
2026-04-13T14:30Z,287.1
2026-04-13T15:00Z,152.8
2026-04-13T15:30Z,152.8
2026-04-13T16:00Z,77.4
2026-04-13T16:30Z,77.4
2026-04-13T17:00Z,74.1
2026-04-13T17:30Z,74.1
2026-04-13T18:00Z,74.5
2026-04-13T18:30Z,74.5
2026-04-13T19:00Z,70.2
2026-04-13T19:30Z,70.2
2026-04-13T20:00Z,71.6
2026-04-13T20:30Z,71.6
2026-04-13T21:00Z,71.7
2026-04-13T21:30Z,71.7
2026-04-13T22:00Z,71.1
2026-04-13T22:30Z,71.1
2026-04-13T23:00Z,70.8
2026-04-13T23:30Z,70.8
2026-04-14T00:00Z,71.9
2026-04-14T00:30Z,71.9
2026-04-14T01:00Z,70.1
2026-04-14T01:30Z,70.1
2026-04-14T02:00Z,140.9
2026-04-14T02:30Z,140.9
2026-04-14T03:00Z,260.5
2026-04-14T03:30Z,260.5
2026-04-14T04:00Z,269.6
2026-04-14T04:30Z,269.6
2026-04-14T05:00Z,253.1
2026-04-14T05:30Z,253.1
2026-04-14T06:00Z,227.1
2026-04-14T06:30Z,227.1
2026-04-14T07:00Z,178.1
2026-04-14T07:30Z,178.1
2026-04-14T08:00Z,109.8
2026-04-14T08:30Z,109.8
2026-04-14T09:00Z,92.7
2026-04-14T09:30Z,92.7
2026-04-14T10:00Z,90.2
2026-04-14T10:30Z,90.2
2026-04-14T11:00Z,107.4
2026-04-14T11:30Z,107.4
2026-04-14T12:00Z,124.8
2026-04-14T12:30Z,124.8
2026-04-14T13:00Z,193.7
2026-04-14T13:30Z,193.7
2026-04-14T14:00Z,256.2
2026-04-14T14:30Z,256.2
2026-04-14T15:00Z,100.7
2026-04-14T15:30Z,100.7
2026-04-14T16:00Z,87.1
2026-04-14T16:30Z,87.1
2026-04-14T17:00Z,84.8
2026-04-14T17:30Z,84.8
2026-04-14T18:00Z,84.7
2026-04-14T18:30Z,84.7
2026-04-14T19:00Z,79.2
2026-04-14T19:30Z,79.2
2026-04-14T20:00Z,76.2
2026-04-14T20:30Z,76.2
2026-04-14T21:00Z,78.0
2026-04-14T21:30Z,78.0
2026-04-14T22:00Z,76.0
2026-04-14T22:30Z,76.0
2026-04-14T23:00Z,73.9
2026-04-14T23:30Z,73.9
2026-04-15T00:00Z,73.4
2026-04-15T00:30Z,73.4
2026-04-15T01:00Z,77.8
2026-04-15T01:30Z,77.8
2026-04-15T02:00Z,163.0
2026-04-15T02:30Z,163.0
2026-04-15T03:00Z,305.9
2026-04-15T03:30Z,305.9
2026-04-15T04:00Z,302.8
2026-04-15T04:30Z,302.8
2026-04-15T05:00Z,291.0
2026-04-15T05:30Z,291.0
2026-04-15T06:00Z,235.8
2026-04-15T06:30Z,235.8
2026-04-15T07:00Z,205.4
2026-04-15T07:30Z,205.4
2026-04-15T08:00Z,179.3
2026-04-15T08:30Z,179.3
2026-04-15T09:00Z,157.8
2026-04-15T09:30Z,157.8
2026-04-15T10:00Z,136.6
2026-04-15T10:30Z,136.6
2026-04-15T11:00Z,136.4
2026-04-15T11:30Z,136.4
2026-04-15T12:00Z,169.2
2026-04-15T12:30Z,169.2
2026-04-15T13:00Z,217.0
2026-04-15T13:30Z,217.0
2026-04-15T14:00Z,262.9
2026-04-15T14:30Z,262.9
2026-04-15T15:00Z,107.1
2026-04-15T15:30Z,107.1
2026-04-15T16:00Z,88.5
2026-04-15T16:30Z,88.5
2026-04-15T17:00Z,86.9
2026-04-15T17:30Z,86.9
2026-04-15T18:00Z,84.2
2026-04-15T18:30Z,84.2
2026-04-15T19:00Z,89.2
2026-04-15T19:30Z,89.2
2026-04-15T20:00Z,90.4
2026-04-15T20:30Z,90.4
2026-04-15T21:00Z,88.4
2026-04-15T21:30Z,88.4
2026-04-15T22:00Z,87.1
2026-04-15T22:30Z,87.1
2026-04-15T23:00Z,81.4
2026-04-15T23:30Z,81.4
2026-04-16T00:00Z,77.2
2026-04-16T00:30Z,77.2
2026-04-16T01:00Z,83.5
2026-04-16T01:30Z,83.5
2026-04-16T02:00Z,197.6
2026-04-16T02:30Z,197.6
2026-04-16T03:00Z,317.2
2026-04-16T03:30Z,317.2
2026-04-16T04:00Z,310.2
2026-04-16T04:30Z,310.2
2026-04-16T05:00Z,288.5
2026-04-16T05:30Z,288.5
2026-04-16T06:00Z,267.7
2026-04-16T06:30Z,267.7
2026-04-16T07:00Z,224.6
2026-04-16T07:30Z,224.6
2026-04-16T08:00Z,186.1
2026-04-16T08:30Z,186.1
2026-04-16T09:00Z,170.1
2026-04-16T09:30Z,170.1
2026-04-16T10:00Z,143.2
2026-04-16T10:30Z,143.2
2026-04-16T11:00Z,130.6
2026-04-16T11:30Z,130.6
2026-04-16T12:00Z,152.0
2026-04-16T12:30Z,152.0
2026-04-16T13:00Z,176.8
2026-04-16T13:30Z,176.8
2026-04-16T14:00Z,244.6
2026-04-16T14:30Z,244.6
2026-04-16T15:00Z,154.1
2026-04-16T15:30Z,154.1
2026-04-16T16:00Z,90.4
2026-04-16T16:30Z,90.4
2026-04-16T17:00Z,84.0
2026-04-16T17:30Z,84.0
2026-04-16T18:00Z,81.3
2026-04-16T18:30Z,81.3
2026-04-16T19:00Z,79.3
2026-04-16T19:30Z,79.3
2026-04-16T20:00Z,72.8
2026-04-16T20:30Z,72.8
2026-04-16T21:00Z,75.3
2026-04-16T21:30Z,75.3
2026-04-16T22:00Z,71.6
2026-04-16T22:30Z,71.6
2026-04-16T23:00Z,71.1
2026-04-16T23:30Z,71.1
2026-04-17T00:00Z,73.4
2026-04-17T00:30Z,73.4
2026-04-17T01:00Z,73.6
2026-04-17T01:30Z,73.6
2026-04-17T02:00Z,130.8
2026-04-17T02:30Z,130.8
2026-04-17T03:00Z,285.2
2026-04-17T03:30Z,285.2
2026-04-17T04:00Z,299.7
2026-04-17T04:30Z,299.7
2026-04-17T05:00Z,297.7
2026-04-17T05:30Z,297.7
2026-04-17T06:00Z,271.5
2026-04-17T06:30Z,271.5
2026-04-17T07:00Z,220.1
2026-04-17T07:30Z,220.1
2026-04-17T08:00Z,161.2
2026-04-17T08:30Z,161.2
2026-04-17T09:00Z,128.7
2026-04-17T09:30Z,128.7
2026-04-17T10:00Z,127.7
2026-04-17T10:30Z,127.7
2026-04-17T11:00Z,153.0
2026-04-17T11:30Z,153.0
2026-04-17T12:00Z,214.7
2026-04-17T12:30Z,214.7
2026-04-17T13:00Z,285.3
2026-04-17T13:30Z,285.3
2026-04-17T14:00Z,313.4
2026-04-17T14:30Z,313.4
2026-04-17T15:00Z,116.3
2026-04-17T15:30Z,116.3
2026-04-17T16:00Z,84.0
2026-04-17T16:30Z,84.0
2026-04-17T17:00Z,80.2
2026-04-17T17:30Z,80.2
2026-04-17T18:00Z,79.9
2026-04-17T18:30Z,79.9
2026-04-17T19:00Z,77.5
2026-04-17T19:30Z,77.5
2026-04-17T20:00Z,75.6
2026-04-17T20:30Z,75.6
2026-04-17T21:00Z,79.5
2026-04-17T21:30Z,79.5
2026-04-17T22:00Z,80.3
2026-04-17T22:30Z,80.3
2026-04-17T23:00Z,84.2
2026-04-17T23:30Z,84.2
2026-04-18T00:00Z,85.7
2026-04-18T00:30Z,85.7
2026-04-18T01:00Z,91.3
2026-04-18T01:30Z,91.3
2026-04-18T02:00Z,221.3
2026-04-18T02:30Z,221.3
2026-04-18T03:00Z,369.4
2026-04-18T03:30Z,369.4
2026-04-18T04:00Z,368.1
2026-04-18T04:30Z,368.1
2026-04-18T05:00Z,366.6
2026-04-18T05:30Z,366.6
2026-04-18T06:00Z,336.4
2026-04-18T06:30Z,336.4
2026-04-18T07:00Z,319.9
2026-04-18T07:30Z,319.9
2026-04-18T08:00Z,280.0
2026-04-18T08:30Z,280.0
2026-04-18T09:00Z,255.0
2026-04-18T09:30Z,255.0
2026-04-18T10:00Z,233.6
2026-04-18T10:30Z,233.6
2026-04-18T11:00Z,228.9
2026-04-18T11:30Z,228.9
2026-04-18T12:00Z,233.5
2026-04-18T12:30Z,233.5
2026-04-18T13:00Z,257.4
2026-04-18T13:30Z,257.4
2026-04-18T14:00Z,242.2
2026-04-18T14:30Z,242.2
2026-04-18T15:00Z,108.9
2026-04-18T15:30Z,108.9
2026-04-18T16:00Z,82.7
2026-04-18T16:30Z,82.7
2026-04-18T17:00Z,78.8
2026-04-18T17:30Z,78.8
2026-04-18T18:00Z,71.8
2026-04-18T18:30Z,71.8
2026-04-18T19:00Z,66.2
2026-04-18T19:30Z,66.2
2026-04-18T20:00Z,65.0
2026-04-18T20:30Z,65.0
2026-04-18T21:00Z,65.6
2026-04-18T21:30Z,65.6
2026-04-18T22:00Z,66.4
2026-04-18T22:30Z,66.4
2026-04-18T23:00Z,69.0
2026-04-18T23:30Z,69.0
2026-04-19T00:00Z,72.7
2026-04-19T00:30Z,72.7
2026-04-19T01:00Z,86.4
2026-04-19T01:30Z,86.4
2026-04-19T02:00Z,266.7
2026-04-19T02:30Z,266.7
2026-04-19T03:00Z,386.8
2026-04-19T03:30Z,386.8
2026-04-19T04:00Z,376.1
2026-04-19T04:30Z,376.1
2026-04-19T05:00Z,356.5
2026-04-19T05:30Z,356.5
2026-04-19T06:00Z,322.2
2026-04-19T06:30Z,322.2
2026-04-19T07:00Z,283.2
2026-04-19T07:30Z,283.2
2026-04-19T08:00Z,280.4
2026-04-19T08:30Z,280.4
2026-04-19T09:00Z,259.6
2026-04-19T09:30Z,259.6
2026-04-19T10:00Z,252.0
2026-04-19T10:30Z,252.0
2026-04-19T11:00Z,252.0
2026-04-19T11:30Z,252.0
2026-04-19T12:00Z,252.2
2026-04-19T12:30Z,252.2
2026-04-19T13:00Z,262.1
2026-04-19T13:30Z,262.1
2026-04-19T14:00Z,236.8
2026-04-19T14:30Z,236.8
2026-04-19T15:00Z,136.7
2026-04-19T15:30Z,136.7
2026-04-19T16:00Z,88.7
2026-04-19T16:30Z,88.7
2026-04-19T17:00Z,87.9
2026-04-19T17:30Z,87.9
2026-04-19T18:00Z,84.2
2026-04-19T18:30Z,84.2
2026-04-19T19:00Z,83.2
2026-04-19T19:30Z,83.2
2026-04-19T20:00Z,83.2
2026-04-19T20:30Z,83.2
2026-04-19T21:00Z,83.4
2026-04-19T21:30Z,83.4
2026-04-19T22:00Z,83.3
2026-04-19T22:30Z,83.3
2026-04-19T23:00Z,84.8
2026-04-19T23:30Z,84.8
2026-04-20T00:00Z,80.1
2026-04-20T00:30Z,80.1
2026-04-20T01:00Z,90.9
2026-04-20T01:30Z,90.9
2026-04-20T02:00Z,195.0
2026-04-20T02:30Z,195.0
2026-04-20T03:00Z,309.6
2026-04-20T03:30Z,309.6
2026-04-20T04:00Z,318.7
2026-04-20T04:30Z,318.7
2026-04-20T05:00Z,315.9
2026-04-20T05:30Z,315.9
2026-04-20T06:00Z,287.8
2026-04-20T06:30Z,287.8
2026-04-20T07:00Z,249.7
2026-04-20T07:30Z,249.7
2026-04-20T08:00Z,216.7
2026-04-20T08:30Z,216.7
2026-04-20T09:00Z,188.9
2026-04-20T09:30Z,188.9
2026-04-20T10:00Z,188.2
2026-04-20T10:30Z,188.2
2026-04-20T11:00Z,196.0
2026-04-20T11:30Z,196.0
2026-04-20T12:00Z,218.7
2026-04-20T12:30Z,218.7
2026-04-20T13:00Z,268.3
2026-04-20T13:30Z,268.3
2026-04-20T14:00Z,299.6
2026-04-20T14:30Z,299.6
2026-04-20T15:00Z,138.2
2026-04-20T15:30Z,138.2
2026-04-20T16:00Z,107.0
2026-04-20T16:30Z,107.0
2026-04-20T17:00Z,98.4
2026-04-20T17:30Z,98.4
2026-04-20T18:00Z,93.7
2026-04-20T18:30Z,93.7
2026-04-20T19:00Z,88.9
2026-04-20T19:30Z,88.9
2026-04-20T20:00Z,93.6
2026-04-20T20:30Z,93.6
2026-04-20T21:00Z,107.8
2026-04-20T21:30Z,107.8
2026-04-20T22:00Z,108.8
2026-04-20T22:30Z,108.8
2026-04-20T23:00Z,110.6
2026-04-20T23:30Z,110.6
2026-04-21T00:00Z,106.5
2026-04-21T00:30Z,106.5
2026-04-21T01:00Z,112.8
2026-04-21T01:30Z,112.8
2026-04-21T02:00Z,244.1
2026-04-21T02:30Z,244.1
2026-04-21T03:00Z,345.9
2026-04-21T03:30Z,345.9
2026-04-21T04:00Z,351.8
2026-04-21T04:30Z,351.8
2026-04-21T05:00Z,352.2
2026-04-21T05:30Z,352.2
2026-04-21T06:00Z,331.8
2026-04-21T06:30Z,331.8
2026-04-21T07:00Z,287.7
2026-04-21T07:30Z,287.7
2026-04-21T08:00Z,248.3
2026-04-21T08:30Z,248.3
2026-04-21T09:00Z,204.0
2026-04-21T09:30Z,204.0
2026-04-21T10:00Z,185.7
2026-04-21T10:30Z,185.7
2026-04-21T11:00Z,179.5
2026-04-21T11:30Z,179.5
2026-04-21T12:00Z,173.0
2026-04-21T12:30Z,173.0
2026-04-21T13:00Z,205.9
2026-04-21T13:30Z,205.9
2026-04-21T14:00Z,245.3
2026-04-21T14:30Z,245.3
2026-04-21T15:00Z,131.5
2026-04-21T15:30Z,131.5
2026-04-21T16:00Z,111.7
2026-04-21T16:30Z,111.7
2026-04-21T17:00Z,107.9
2026-04-21T17:30Z,107.9
2026-04-21T18:00Z,112.4
2026-04-21T18:30Z,112.4
2026-04-21T19:00Z,111.6
2026-04-21T19:30Z,111.6
2026-04-21T20:00Z,110.3
2026-04-21T20:30Z,110.3
2026-04-21T21:00Z,106.6
2026-04-21T21:30Z,106.6
2026-04-21T22:00Z,96.0
2026-04-21T22:30Z,96.0
2026-04-21T23:00Z,96.6
2026-04-21T23:30Z,96.6
2026-04-22T00:00Z,94.9
2026-04-22T00:30Z,94.9
2026-04-22T01:00Z,97.9
2026-04-22T01:30Z,97.9
2026-04-22T02:00Z,189.7
2026-04-22T02:30Z,189.7
2026-04-22T03:00Z,314.6
2026-04-22T03:30Z,314.6
2026-04-22T04:00Z,313.8
2026-04-22T04:30Z,313.8
2026-04-22T05:00Z,293.3
2026-04-22T05:30Z,293.3
2026-04-22T06:00Z,256.5
2026-04-22T06:30Z,256.5
2026-04-22T07:00Z,205.0
2026-04-22T07:30Z,205.0
2026-04-22T08:00Z,191.0
2026-04-22T08:30Z,191.0
2026-04-22T09:00Z,165.5
2026-04-22T09:30Z,165.5
2026-04-22T10:00Z,156.3
2026-04-22T10:30Z,156.3
2026-04-22T11:00Z,154.4
2026-04-22T11:30Z,154.4
2026-04-22T12:00Z,166.6
2026-04-22T12:30Z,166.6
2026-04-22T13:00Z,215.4
2026-04-22T13:30Z,215.4
2026-04-22T14:00Z,219.9
2026-04-22T14:30Z,219.9
2026-04-22T15:00Z,116.8
2026-04-22T15:30Z,116.8
2026-04-22T16:00Z,116.2
2026-04-22T16:30Z,116.2
2026-04-22T17:00Z,117.0
2026-04-22T17:30Z,117.0
2026-04-22T18:00Z,115.7
2026-04-22T18:30Z,115.7
2026-04-22T19:00Z,114.7
2026-04-22T19:30Z,114.7
2026-04-22T20:00Z,115.1
2026-04-22T20:30Z,115.1
2026-04-22T21:00Z,110.6
2026-04-22T21:30Z,110.6
2026-04-22T22:00Z,102.9
2026-04-22T22:30Z,102.9
2026-04-22T23:00Z,92.2
2026-04-22T23:30Z,92.2
2026-04-23T00:00Z,88.0
2026-04-23T00:30Z,88.0
2026-04-23T01:00Z,88.0
2026-04-23T01:30Z,88.0
2026-04-23T02:00Z,141.5
2026-04-23T02:30Z,141.5
2026-04-23T03:00Z,289.2
2026-04-23T03:30Z,289.2
2026-04-23T04:00Z,295.3
2026-04-23T04:30Z,295.3
2026-04-23T05:00Z,296.0
2026-04-23T05:30Z,296.0
2026-04-23T06:00Z,269.6
2026-04-23T06:30Z,269.6
2026-04-23T07:00Z,230.9
2026-04-23T07:30Z,230.9
2026-04-23T08:00Z,204.4
2026-04-23T08:30Z,204.4
2026-04-23T09:00Z,138.0
2026-04-23T09:30Z,138.0
2026-04-23T10:00Z,129.8
2026-04-23T10:30Z,129.8
2026-04-23T11:00Z,112.1
2026-04-23T11:30Z,112.1
2026-04-23T12:00Z,135.2
2026-04-23T12:30Z,135.2
2026-04-23T13:00Z,177.4
2026-04-23T13:30Z,177.4
2026-04-23T14:00Z,209.1
2026-04-23T14:30Z,209.1
2026-04-23T15:00Z,111.9
2026-04-23T15:30Z,111.9
2026-04-23T16:00Z,100.5
2026-04-23T16:30Z,100.5
2026-04-23T17:00Z,101.9
2026-04-23T17:30Z,101.9
2026-04-23T18:00Z,98.2
2026-04-23T18:30Z,98.2
2026-04-23T19:00Z,97.1
2026-04-23T19:30Z,97.1
2026-04-23T20:00Z,96.0
2026-04-23T20:30Z,96.0
2026-04-23T21:00Z,98.2
2026-04-23T21:30Z,98.2
2026-04-23T22:00Z,99.4
2026-04-23T22:30Z,99.4
2026-04-23T23:00Z,98.9
2026-04-23T23:30Z,98.9
2026-04-24T00:00Z,91.5
2026-04-24T00:30Z,91.5
2026-04-24T01:00Z,95.9
2026-04-24T01:30Z,95.9
2026-04-24T02:00Z,151.1
2026-04-24T02:30Z,151.1
2026-04-24T03:00Z,280.4
2026-04-24T03:30Z,280.4
2026-04-24T04:00Z,281.5
2026-04-24T04:30Z,281.5
2026-04-24T05:00Z,285.3
2026-04-24T05:30Z,285.3
2026-04-24T06:00Z,247.4
2026-04-24T06:30Z,247.4
2026-04-24T07:00Z,222.4
2026-04-24T07:30Z,222.4
2026-04-24T08:00Z,209.6
2026-04-24T08:30Z,209.6
2026-04-24T09:00Z,182.5
2026-04-24T09:30Z,182.5
2026-04-24T10:00Z,165.8
2026-04-24T10:30Z,165.8
2026-04-24T11:00Z,161.8
2026-04-24T11:30Z,161.8
2026-04-24T12:00Z,186.2
2026-04-24T12:30Z,186.2
2026-04-24T13:00Z,241.8
2026-04-24T13:30Z,241.8
2026-04-24T14:00Z,246.9
2026-04-24T14:30Z,246.9
2026-04-24T15:00Z,111.3
2026-04-24T15:30Z,111.3
2026-04-24T16:00Z,99.4
2026-04-24T16:30Z,99.4
2026-04-24T17:00Z,91.3
2026-04-24T17:30Z,91.3
2026-04-24T18:00Z,86.4
2026-04-24T18:30Z,86.4
2026-04-24T19:00Z,85.1
2026-04-24T19:30Z,85.1
2026-04-24T20:00Z,87.1
2026-04-24T20:30Z,87.1
2026-04-24T21:00Z,85.4
2026-04-24T21:30Z,85.4
2026-04-24T22:00Z,85.2
2026-04-24T22:30Z,85.2
2026-04-24T23:00Z,82.3
2026-04-24T23:30Z,82.3
2026-04-25T00:00Z,77.5
2026-04-25T00:30Z,77.5
2026-04-25T01:00Z,78.9
2026-04-25T01:30Z,78.9
2026-04-25T02:00Z,127.7
2026-04-25T02:30Z,127.7
2026-04-25T03:00Z,277.4
2026-04-25T03:30Z,277.4
2026-04-25T04:00Z,305.3
2026-04-25T04:30Z,305.3
2026-04-25T05:00Z,293.0
2026-04-25T05:30Z,293.0
2026-04-25T06:00Z,249.7
2026-04-25T06:30Z,249.7
2026-04-25T07:00Z,213.5
2026-04-25T07:30Z,213.5
2026-04-25T08:00Z,178.6
2026-04-25T08:30Z,178.6
2026-04-25T09:00Z,140.7
2026-04-25T09:30Z,140.7
2026-04-25T10:00Z,118.7
2026-04-25T10:30Z,118.7
2026-04-25T11:00Z,114.3
2026-04-25T11:30Z,114.3
2026-04-25T12:00Z,134.5
2026-04-25T12:30Z,134.5
2026-04-25T13:00Z,179.9
2026-04-25T13:30Z,179.9
2026-04-25T14:00Z,173.5
2026-04-25T14:30Z,173.5
2026-04-25T15:00Z,92.7
2026-04-25T15:30Z,92.7
2026-04-25T16:00Z,81.4
2026-04-25T16:30Z,81.4
2026-04-25T17:00Z,79.6
2026-04-25T17:30Z,79.6
2026-04-25T18:00Z,74.3
2026-04-25T18:30Z,74.3
2026-04-25T19:00Z,70.6
2026-04-25T19:30Z,70.6
2026-04-25T20:00Z,69.4
2026-04-25T20:30Z,69.4
2026-04-25T21:00Z,69.7
2026-04-25T21:30Z,69.7
2026-04-25T22:00Z,74.3
2026-04-25T22:30Z,74.3
2026-04-25T23:00Z,76.3
2026-04-25T23:30Z,76.3
2026-04-26T00:00Z,81.3
2026-04-26T00:30Z,81.3
2026-04-26T01:00Z,134.1
2026-04-26T01:30Z,134.1
2026-04-26T02:00Z,164.5
2026-04-26T02:30Z,164.5
2026-04-26T03:00Z,262.2
2026-04-26T03:30Z,262.2
2026-04-26T04:00Z,280.6
2026-04-26T04:30Z,280.6
2026-04-26T05:00Z,274.6
2026-04-26T05:30Z,274.6
2026-04-26T06:00Z,242.9
2026-04-26T06:30Z,242.9
2026-04-26T07:00Z,203.1
2026-04-26T07:30Z,203.1
2026-04-26T08:00Z,206.0
2026-04-26T08:30Z,206.0
2026-04-26T09:00Z,181.4
2026-04-26T09:30Z,181.4
2026-04-26T10:00Z,162.6
2026-04-26T10:30Z,162.6
2026-04-26T11:00Z,144.8
2026-04-26T11:30Z,144.8
2026-04-26T12:00Z,167.5
2026-04-26T12:30Z,167.5
2026-04-26T13:00Z,177.9
2026-04-26T13:30Z,177.9
2026-04-26T14:00Z,163.6
2026-04-26T14:30Z,163.6
2026-04-26T15:00Z,95.7
2026-04-26T15:30Z,95.7
2026-04-26T16:00Z,99.4
2026-04-26T16:30Z,99.4
2026-04-26T17:00Z,108.0
2026-04-26T17:30Z,108.0
2026-04-26T18:00Z,114.3
2026-04-26T18:30Z,114.3
2026-04-26T19:00Z,120.2
2026-04-26T19:30Z,120.2
2026-04-26T20:00Z,124.7
2026-04-26T20:30Z,124.7
2026-04-26T21:00Z,125.3
2026-04-26T21:30Z,125.3
2026-04-26T22:00Z,126.3
2026-04-26T22:30Z,126.3
2026-04-26T23:00Z,118.5
2026-04-26T23:30Z,118.5
2026-04-27T00:00Z,110.2
2026-04-27T00:30Z,110.2
2026-04-27T01:00Z,98.1
2026-04-27T01:30Z,98.1
2026-04-27T02:00Z,119.9
2026-04-27T02:30Z,119.9
2026-04-27T03:00Z,257.3
2026-04-27T03:30Z,257.3
2026-04-27T04:00Z,289.4
2026-04-27T04:30Z,289.4
2026-04-27T05:00Z,292.9
2026-04-27T05:30Z,292.9
2026-04-27T06:00Z,258.8
2026-04-27T06:30Z,258.8
2026-04-27T07:00Z,217.6
2026-04-27T07:30Z,217.6
2026-04-27T08:00Z,169.7
2026-04-27T08:30Z,169.7
2026-04-27T09:00Z,153.5
2026-04-27T09:30Z,153.5
2026-04-27T10:00Z,126.4
2026-04-27T10:30Z,126.4
2026-04-27T11:00Z,135.5
2026-04-27T11:30Z,135.5
2026-04-27T12:00Z,157.8
2026-04-27T12:30Z,157.8
2026-04-27T13:00Z,221.1
2026-04-27T13:30Z,221.1
2026-04-27T14:00Z,232.4
2026-04-27T14:30Z,232.4
2026-04-27T15:00Z,108.0
2026-04-27T15:30Z,108.0
2026-04-27T16:00Z,103.9
2026-04-27T16:30Z,103.9
2026-04-27T17:00Z,102.4
2026-04-27T17:30Z,102.4
2026-04-27T18:00Z,103.9
2026-04-27T18:30Z,103.9
2026-04-27T19:00Z,112.5
2026-04-27T19:30Z,112.5
2026-04-27T20:00Z,116.5
2026-04-27T20:30Z,116.5
2026-04-27T21:00Z,118.3
2026-04-27T21:30Z,118.3
2026-04-27T22:00Z,119.0
2026-04-27T22:30Z,119.0
2026-04-27T23:00Z,107.9
2026-04-27T23:30Z,107.9
2026-04-28T00:00Z,107.6
2026-04-28T00:30Z,107.6
2026-04-28T01:00Z,105.9
2026-04-28T01:30Z,105.9
2026-04-28T02:00Z,123.8
2026-04-28T02:30Z,123.8
2026-04-28T03:00Z,241.6
2026-04-28T03:30Z,241.6
2026-04-28T04:00Z,251.7
2026-04-28T04:30Z,251.7
2026-04-28T05:00Z,257.1
2026-04-28T05:30Z,257.1
2026-04-28T06:00Z,230.2
2026-04-28T06:30Z,230.2
2026-04-28T07:00Z,215.7
2026-04-28T07:30Z,215.7
2026-04-28T08:00Z,165.2
2026-04-28T08:30Z,165.2
2026-04-28T09:00Z,148.6
2026-04-28T09:30Z,148.6
2026-04-28T10:00Z,155.1
2026-04-28T10:30Z,155.1
2026-04-28T11:00Z,151.4
2026-04-28T11:30Z,151.4
2026-04-28T12:00Z,200.1
2026-04-28T12:30Z,200.1
2026-04-28T13:00Z,240.3
2026-04-28T13:30Z,240.3
2026-04-28T14:00Z,240.4
2026-04-28T14:30Z,240.4
2026-04-28T15:00Z,102.4
2026-04-28T15:30Z,102.4
2026-04-28T16:00Z,93.7
2026-04-28T16:30Z,93.7
2026-04-28T17:00Z,91.1
2026-04-28T17:30Z,91.1
2026-04-28T18:00Z,89.0
2026-04-28T18:30Z,89.0
2026-04-28T19:00Z,92.3
2026-04-28T19:30Z,92.3
2026-04-28T20:00Z,90.6
2026-04-28T20:30Z,90.6
2026-04-28T21:00Z,92.2
2026-04-28T21:30Z,92.2
2026-04-28T22:00Z,95.7
2026-04-28T22:30Z,95.7
2026-04-28T23:00Z,96.8
2026-04-28T23:30Z,96.8
2026-04-29T00:00Z,93.6
2026-04-29T00:30Z,93.6
2026-04-29T01:00Z,92.3
2026-04-29T01:30Z,92.3
2026-04-29T02:00Z,157.9
2026-04-29T02:30Z,157.9
2026-04-29T03:00Z,300.8
2026-04-29T03:30Z,300.8
2026-04-29T04:00Z,307.6
2026-04-29T04:30Z,307.6
2026-04-29T05:00Z,272.9
2026-04-29T05:30Z,272.9
2026-04-29T06:00Z,240.6
2026-04-29T06:30Z,240.6
2026-04-29T07:00Z,195.2
2026-04-29T07:30Z,195.2
2026-04-29T08:00Z,173.9
2026-04-29T08:30Z,173.9
2026-04-29T09:00Z,185.4
2026-04-29T09:30Z,185.4
2026-04-29T10:00Z,171.7
2026-04-29T10:30Z,171.7
2026-04-29T11:00Z,168.9
2026-04-29T11:30Z,168.9
2026-04-29T12:00Z,200.2
2026-04-29T12:30Z,200.2
2026-04-29T13:00Z,244.8
2026-04-29T13:30Z,244.8
2026-04-29T14:00Z,241.5
2026-04-29T14:30Z,241.5
2026-04-29T15:00Z,107.1
2026-04-29T15:30Z,107.1
2026-04-29T16:00Z,100.3
2026-04-29T16:30Z,100.3
2026-04-29T17:00Z,100.6
2026-04-29T17:30Z,100.6
2026-04-29T18:00Z,100.6
2026-04-29T18:30Z,100.6
2026-04-29T19:00Z,95.7
2026-04-29T19:30Z,95.7
2026-04-29T20:00Z,94.8
2026-04-29T20:30Z,94.8
2026-04-29T21:00Z,97.9
2026-04-29T21:30Z,97.9
2026-04-29T22:00Z,100.3
2026-04-29T22:30Z,100.3
2026-04-29T23:00Z,98.3
2026-04-29T23:30Z,98.3
2026-04-30T00:00Z,98.6
2026-04-30T00:30Z,98.6
2026-04-30T01:00Z,97.6
2026-04-30T01:30Z,97.6
2026-04-30T02:00Z,153.9
2026-04-30T02:30Z,153.9
2026-04-30T03:00Z,278.6
2026-04-30T03:30Z,278.6
2026-04-30T04:00Z,301.2
2026-04-30T04:30Z,301.2
2026-04-30T05:00Z,290.1
2026-04-30T05:30Z,290.1
2026-04-30T06:00Z,253.5
2026-04-30T06:30Z,253.5
2026-04-30T07:00Z,228.9
2026-04-30T07:30Z,228.9
2026-04-30T08:00Z,183.6
2026-04-30T08:30Z,183.6
2026-04-30T09:00Z,170.5
2026-04-30T09:30Z,170.5
2026-04-30T10:00Z,147.7
2026-04-30T10:30Z,147.7
2026-04-30T11:00Z,164.5
2026-04-30T11:30Z,164.5
2026-04-30T12:00Z,157.0
2026-04-30T12:30Z,157.0
2026-04-30T13:00Z,212.6
2026-04-30T13:30Z,212.6
2026-04-30T14:00Z,213.1
2026-04-30T14:30Z,213.1
2026-04-30T15:00Z,106.9
2026-04-30T15:30Z,106.9
2026-04-30T16:00Z,95.9
2026-04-30T16:30Z,95.9
2026-04-30T17:00Z,97.9
2026-04-30T17:30Z,97.9
2026-04-30T18:00Z,96.8
2026-04-30T18:30Z,96.8
2026-04-30T19:00Z,93.0
2026-04-30T19:30Z,93.0
2026-04-30T20:00Z,88.7
2026-04-30T20:30Z,88.7
2026-04-30T21:00Z,88.7
2026-04-30T21:30Z,88.7
2026-04-30T22:00Z,87.6
2026-04-30T22:30Z,87.6
2026-04-30T23:00Z,86.9
2026-04-30T23:30Z,86.9
2026-05-01T00:00Z,81.8
2026-05-01T00:30Z,81.8
2026-05-01T01:00Z,85.9
2026-05-01T01:30Z,85.9
2026-05-01T02:00Z,150.7
2026-05-01T02:30Z,150.7
2026-05-01T03:00Z,278.7
2026-05-01T03:30Z,278.7
2026-05-01T04:00Z,289.6
2026-05-01T04:30Z,289.6
2026-05-01T05:00Z,279.5
2026-05-01T05:30Z,279.5
2026-05-01T06:00Z,244.6
2026-05-01T06:30Z,244.6
2026-05-01T07:00Z,212.7
2026-05-01T07:30Z,212.7
2026-05-01T08:00Z,193.5
2026-05-01T08:30Z,193.5
2026-05-01T09:00Z,169.7
2026-05-01T09:30Z,169.7
2026-05-01T10:00Z,131.8
2026-05-01T10:30Z,131.8
2026-05-01T11:00Z,121.6
2026-05-01T11:30Z,121.6
2026-05-01T12:00Z,128.2
2026-05-01T12:30Z,128.2
2026-05-01T13:00Z,154.6
2026-05-01T13:30Z,154.6
2026-05-01T14:00Z,157.6
2026-05-01T14:30Z,157.6
2026-05-01T15:00Z,109.8
2026-05-01T15:30Z,109.8
2026-05-01T16:00Z,90.0
2026-05-01T16:30Z,90.0
2026-05-01T17:00Z,88.2
2026-05-01T17:30Z,88.2
2026-05-01T18:00Z,88.2
2026-05-01T18:30Z,88.2
2026-05-01T19:00Z,87.3
2026-05-01T19:30Z,87.3
2026-05-01T20:00Z,90.9
2026-05-01T20:30Z,90.9
2026-05-01T21:00Z,91.2
2026-05-01T21:30Z,91.2
2026-05-01T22:00Z,93.0
2026-05-01T22:30Z,93.0
2026-05-01T23:00Z,94.8
2026-05-01T23:30Z,94.8
2026-05-02T00:00Z,111.2
2026-05-02T00:30Z,111.2
2026-05-02T01:00Z,116.1
2026-05-02T01:30Z,116.1
2026-05-02T02:00Z,191.7
2026-05-02T02:30Z,191.7
2026-05-02T03:00Z,320.7
2026-05-02T03:30Z,320.7
2026-05-02T04:00Z,317.9
2026-05-02T04:30Z,317.9
2026-05-02T05:00Z,321.2
2026-05-02T05:30Z,321.2
2026-05-02T06:00Z,309.6
2026-05-02T06:30Z,309.6
2026-05-02T07:00Z,289.7
2026-05-02T07:30Z,289.7
2026-05-02T08:00Z,273.0
2026-05-02T08:30Z,273.0
2026-05-02T09:00Z,238.0
2026-05-02T09:30Z,238.0
2026-05-02T10:00Z,223.1
2026-05-02T10:30Z,223.1
2026-05-02T11:00Z,225.3
2026-05-02T11:30Z,225.3
2026-05-02T12:00Z,215.9
2026-05-02T12:30Z,215.9
2026-05-02T13:00Z,221.6
2026-05-02T13:30Z,221.6
2026-05-02T14:00Z,184.9
2026-05-02T14:30Z,184.9
2026-05-02T15:00Z,104.6
2026-05-02T15:30Z,104.6
2026-05-02T16:00Z,84.0
2026-05-02T16:30Z,84.0
2026-05-02T17:00Z,76.4
2026-05-02T17:30Z,76.4
2026-05-02T18:00Z,73.4
2026-05-02T18:30Z,73.4
2026-05-02T19:00Z,70.7
2026-05-02T19:30Z,70.7
2026-05-02T20:00Z,73.8
2026-05-02T20:30Z,73.8
2026-05-02T21:00Z,74.2
2026-05-02T21:30Z,74.2
2026-05-02T22:00Z,76.0
2026-05-02T22:30Z,76.0
2026-05-02T23:00Z,77.7
2026-05-02T23:30Z,77.7
2026-05-03T00:00Z,85.1
2026-05-03T00:30Z,85.1
2026-05-03T01:00Z,89.0
2026-05-03T01:30Z,89.0
2026-05-03T02:00Z,188.9
2026-05-03T02:30Z,188.9
2026-05-03T03:00Z,320.4
2026-05-03T03:30Z,320.4
2026-05-03T04:00Z,325.2
2026-05-03T04:30Z,325.2
2026-05-03T05:00Z,318.0
2026-05-03T05:30Z,318.0
2026-05-03T06:00Z,288.6
2026-05-03T06:30Z,288.6
2026-05-03T07:00Z,263.9
2026-05-03T07:30Z,263.9
2026-05-03T08:00Z,212.9
2026-05-03T08:30Z,212.9
2026-05-03T09:00Z,173.9
2026-05-03T09:30Z,173.9
2026-05-03T10:00Z,137.2
2026-05-03T10:30Z,137.2
2026-05-03T11:00Z,126.7
2026-05-03T11:30Z,126.7
2026-05-03T12:00Z,131.5
2026-05-03T12:30Z,131.5
2026-05-03T13:00Z,164.5
2026-05-03T13:30Z,164.5
2026-05-03T14:00Z,152.9
2026-05-03T14:30Z,152.9
2026-05-03T15:00Z,91.6
2026-05-03T15:30Z,91.6
2026-05-03T16:00Z,74.5
2026-05-03T16:30Z,74.5
2026-05-03T17:00Z,75.2
2026-05-03T17:30Z,75.2
2026-05-03T18:00Z,74.2
2026-05-03T18:30Z,74.2
2026-05-03T19:00Z,72.6
2026-05-03T19:30Z,72.6
2026-05-03T20:00Z,71.7
2026-05-03T20:30Z,71.7
2026-05-03T21:00Z,70.5
2026-05-03T21:30Z,70.5
2026-05-03T22:00Z,69.9
2026-05-03T22:30Z,69.9
2026-05-03T23:00Z,70.2
2026-05-03T23:30Z,70.2
2026-05-04T00:00Z,74.5
2026-05-04T00:30Z,74.5
2026-05-04T01:00Z,77.8
2026-05-04T01:30Z,77.8
2026-05-04T02:00Z,125.2
2026-05-04T02:30Z,125.2
2026-05-04T03:00Z,242.6
2026-05-04T03:30Z,242.6
2026-05-04T04:00Z,279.0
2026-05-04T04:30Z,279.0
2026-05-04T05:00Z,259.8
2026-05-04T05:30Z,259.8
2026-05-04T06:00Z,215.9
2026-05-04T06:30Z,215.9
2026-05-04T07:00Z,181.8
2026-05-04T07:30Z,181.8
2026-05-04T08:00Z,123.0
2026-05-04T08:30Z,123.0
2026-05-04T09:00Z,111.5
2026-05-04T09:30Z,111.5
2026-05-04T10:00Z,97.2
2026-05-04T10:30Z,97.2
2026-05-04T11:00Z,104.5
2026-05-04T11:30Z,104.5
2026-05-04T12:00Z,124.9
2026-05-04T12:30Z,124.9
2026-05-04T13:00Z,177.1
2026-05-04T13:30Z,177.1
2026-05-04T14:00Z,211.5
2026-05-04T14:30Z,211.5
2026-05-04T15:00Z,173.7
2026-05-04T15:30Z,173.7
2026-05-04T16:00Z,108.6
2026-05-04T16:30Z,108.6
2026-05-04T17:00Z,90.1
2026-05-04T17:30Z,90.1
2026-05-04T18:00Z,92.6
2026-05-04T18:30Z,92.6
2026-05-04T19:00Z,94.2
2026-05-04T19:30Z,94.2
2026-05-04T20:00Z,92.0
2026-05-04T20:30Z,92.0
2026-05-04T21:00Z,93.0
2026-05-04T21:30Z,93.0
2026-05-04T22:00Z,102.1
2026-05-04T22:30Z,102.1
2026-05-04T23:00Z,102.8
2026-05-04T23:30Z,102.8
2026-05-05T00:00Z,95.1
2026-05-05T00:30Z,95.1
2026-05-05T01:00Z,97.4
2026-05-05T01:30Z,97.4
2026-05-05T02:00Z,144.3
2026-05-05T02:30Z,144.3
2026-05-05T03:00Z,257.6
2026-05-05T03:30Z,257.6
2026-05-05T04:00Z,287.8
2026-05-05T04:30Z,287.8
2026-05-05T05:00Z,286.6
2026-05-05T05:30Z,286.6
2026-05-05T06:00Z,250.4
2026-05-05T06:30Z,250.4
2026-05-05T07:00Z,226.9
2026-05-05T07:30Z,226.9
2026-05-05T08:00Z,180.3
2026-05-05T08:30Z,180.3
2026-05-05T09:00Z,157.5
2026-05-05T09:30Z,157.5
2026-05-05T10:00Z,130.8
2026-05-05T10:30Z,130.8
2026-05-05T11:00Z,121.0
2026-05-05T11:30Z,121.0
2026-05-05T12:00Z,149.5
2026-05-05T12:30Z,149.5
2026-05-05T13:00Z,192.5
2026-05-05T13:30Z,192.5
2026-05-05T14:00Z,183.9
2026-05-05T14:30Z,183.9
2026-05-05T15:00Z,107.9
2026-05-05T15:30Z,107.9
2026-05-05T16:00Z,110.6
2026-05-05T16:30Z,110.6
2026-05-05T17:00Z,108.8
2026-05-05T17:30Z,108.8
2026-05-05T18:00Z,101.5
2026-05-05T18:30Z,101.5
2026-05-05T19:00Z,94.3
2026-05-05T19:30Z,94.3
2026-05-05T20:00Z,92.3
2026-05-05T20:30Z,92.3
2026-05-05T21:00Z,88.6
2026-05-05T21:30Z,88.6
2026-05-05T22:00Z,86.5
2026-05-05T22:30Z,86.5
2026-05-05T23:00Z,89.5
2026-05-05T23:30Z,89.5
2026-05-06T00:00Z,98.8
2026-05-06T00:30Z,98.8
2026-05-06T01:00Z,101.8
2026-05-06T01:30Z,101.8
2026-05-06T02:00Z,136.4
2026-05-06T02:30Z,136.4
2026-05-06T03:00Z,255.3
2026-05-06T03:30Z,255.3
2026-05-06T04:00Z,269.4
2026-05-06T04:30Z,269.4
2026-05-06T05:00Z,257.7
2026-05-06T05:30Z,257.7
2026-05-06T06:00Z,220.8
2026-05-06T06:30Z,220.8
2026-05-06T07:00Z,199.0
2026-05-06T07:30Z,199.0
2026-05-06T08:00Z,227.6
2026-05-06T08:30Z,227.6
2026-05-06T09:00Z,227.1
2026-05-06T09:30Z,227.1
2026-05-06T10:00Z,208.9
2026-05-06T10:30Z,208.9
2026-05-06T11:00Z,195.0
2026-05-06T11:30Z,195.0
2026-05-06T12:00Z,201.7
2026-05-06T12:30Z,201.7
2026-05-06T13:00Z,213.2
2026-05-06T13:30Z,213.2
2026-05-06T14:00Z,174.7
2026-05-06T14:30Z,174.7
2026-05-06T15:00Z,116.8
2026-05-06T15:30Z,116.8
2026-05-06T16:00Z,98.8
2026-05-06T16:30Z,98.8
2026-05-06T17:00Z,95.5
2026-05-06T17:30Z,95.5
2026-05-06T18:00Z,90.5
2026-05-06T18:30Z,90.5
2026-05-06T19:00Z,84.3
2026-05-06T19:30Z,84.3
2026-05-06T20:00Z,81.2
2026-05-06T20:30Z,81.2
2026-05-06T21:00Z,79.7
2026-05-06T21:30Z,79.7
2026-05-06T22:00Z,79.3
2026-05-06T22:30Z,79.3
2026-05-06T23:00Z,83.5
2026-05-06T23:30Z,83.5
2026-05-07T00:00Z,82.1
2026-05-07T00:30Z,82.1
2026-05-07T01:00Z,80.5
2026-05-07T01:30Z,80.5
2026-05-07T02:00Z,135.8
2026-05-07T02:30Z,135.8
2026-05-07T03:00Z,284.4
2026-05-07T03:30Z,284.4
2026-05-07T04:00Z,313.3
2026-05-07T04:30Z,313.3
2026-05-07T05:00Z,303.9
2026-05-07T05:30Z,303.9
2026-05-07T06:00Z,267.0
2026-05-07T06:30Z,267.0
2026-05-07T07:00Z,237.8
2026-05-07T07:30Z,237.8
2026-05-07T08:00Z,184.3
2026-05-07T08:30Z,184.3
2026-05-07T09:00Z,165.5
2026-05-07T09:30Z,165.5
2026-05-07T10:00Z,165.8
2026-05-07T10:30Z,165.8
2026-05-07T11:00Z,175.2
2026-05-07T11:30Z,175.2
2026-05-07T12:00Z,222.9
2026-05-07T12:30Z,222.9
2026-05-07T13:00Z,262.7
2026-05-07T13:30Z,262.7
2026-05-07T14:00Z,238.6
2026-05-07T14:30Z,238.6
2026-05-07T15:00Z,108.3
2026-05-07T15:30Z,108.3
2026-05-07T16:00Z,96.2
2026-05-07T16:30Z,96.2
2026-05-07T17:00Z,94.1
2026-05-07T17:30Z,94.1
2026-05-07T18:00Z,95.0
2026-05-07T18:30Z,95.0
2026-05-07T19:00Z,89.9
2026-05-07T19:30Z,89.9
2026-05-07T20:00Z,87.3
2026-05-07T20:30Z,87.3
2026-05-07T21:00Z,85.5
2026-05-07T21:30Z,85.5
2026-05-07T22:00Z,78.5
2026-05-07T22:30Z,78.5
2026-05-07T23:00Z,79.6
2026-05-07T23:30Z,79.6
2026-05-08T00:00Z,79.9
2026-05-08T00:30Z,79.9
2026-05-08T01:00Z,83.1
2026-05-08T01:30Z,83.1
2026-05-08T02:00Z,169.2
2026-05-08T02:30Z,169.2
2026-05-08T03:00Z,303.0
2026-05-08T03:30Z,303.0
2026-05-08T04:00Z,317.5
2026-05-08T04:30Z,317.5
2026-05-08T05:00Z,292.3
2026-05-08T05:30Z,292.3
2026-05-08T06:00Z,241.8
2026-05-08T06:30Z,241.8
2026-05-08T07:00Z,205.8
2026-05-08T07:30Z,205.8
2026-05-08T08:00Z,155.3
2026-05-08T08:30Z,155.3
2026-05-08T09:00Z,125.8
2026-05-08T09:30Z,125.8
2026-05-08T10:00Z,99.8
2026-05-08T10:30Z,99.8
2026-05-08T11:00Z,89.0
2026-05-08T11:30Z,89.0
2026-05-08T12:00Z,110.3
2026-05-08T12:30Z,110.3
2026-05-08T13:00Z,165.5
2026-05-08T13:30Z,165.5
2026-05-08T14:00Z,152.6
2026-05-08T14:30Z,152.6
2026-05-08T15:00Z,84.4
2026-05-08T15:30Z,84.4
2026-05-08T16:00Z,83.1
2026-05-08T16:30Z,83.1
2026-05-08T17:00Z,81.8
2026-05-08T17:30Z,81.8
2026-05-08T18:00Z,83.4
2026-05-08T18:30Z,83.4
2026-05-08T19:00Z,79.8
2026-05-08T19:30Z,79.8
2026-05-08T20:00Z,78.8
2026-05-08T20:30Z,78.8
2026-05-08T21:00Z,79.7
2026-05-08T21:30Z,79.7
2026-05-08T22:00Z,77.9
2026-05-08T22:30Z,77.9
2026-05-08T23:00Z,79.3
2026-05-08T23:30Z,79.3
2026-05-09T00:00Z,80.9
2026-05-09T00:30Z,80.9
2026-05-09T01:00Z,82.5
2026-05-09T01:30Z,82.5
2026-05-09T02:00Z,157.4
2026-05-09T02:30Z,157.4
2026-05-09T03:00Z,314.6
2026-05-09T03:30Z,314.6
2026-05-09T04:00Z,311.0
2026-05-09T04:30Z,311.0
2026-05-09T05:00Z,289.3
2026-05-09T05:30Z,289.3
2026-05-09T06:00Z,263.7
2026-05-09T06:30Z,263.7
2026-05-09T07:00Z,229.0
2026-05-09T07:30Z,229.0
2026-05-09T08:00Z,183.9
2026-05-09T08:30Z,183.9
2026-05-09T09:00Z,162.8
2026-05-09T09:30Z,162.8
2026-05-09T10:00Z,129.4
2026-05-09T10:30Z,129.4
2026-05-09T11:00Z,132.1
2026-05-09T11:30Z,132.1
2026-05-09T12:00Z,117.9
2026-05-09T12:30Z,117.9
2026-05-09T13:00Z,157.1
2026-05-09T13:30Z,157.1
2026-05-09T14:00Z,107.6
2026-05-09T14:30Z,107.6
2026-05-09T15:00Z,80.0
2026-05-09T15:30Z,80.0
2026-05-09T16:00Z,76.2
2026-05-09T16:30Z,76.2
2026-05-09T17:00Z,77.8
2026-05-09T17:30Z,77.8
2026-05-09T18:00Z,79.9
2026-05-09T18:30Z,79.9
2026-05-09T19:00Z,80.7
2026-05-09T19:30Z,80.7
2026-05-09T20:00Z,79.3
2026-05-09T20:30Z,79.3
2026-05-09T21:00Z,77.0
2026-05-09T21:30Z,77.0
2026-05-09T22:00Z,76.9
2026-05-09T22:30Z,76.9
2026-05-09T23:00Z,79.9
2026-05-09T23:30Z,79.9
2026-05-10T00:00Z,80.4
2026-05-10T00:30Z,80.4
2026-05-10T01:00Z,85.5
2026-05-10T01:30Z,85.5
2026-05-10T02:00Z,165.4
2026-05-10T02:30Z,165.4
2026-05-10T03:00Z,302.0
2026-05-10T03:30Z,302.0
2026-05-10T04:00Z,307.7
2026-05-10T04:30Z,307.7
2026-05-10T05:00Z,283.7
2026-05-10T05:30Z,283.7
2026-05-10T06:00Z,282.7
2026-05-10T06:30Z,282.7
2026-05-10T07:00Z,250.5
2026-05-10T07:30Z,250.5
2026-05-10T08:00Z,212.7
2026-05-10T08:30Z,212.7
2026-05-10T09:00Z,184.8
2026-05-10T09:30Z,184.8
2026-05-10T10:00Z,160.8
2026-05-10T10:30Z,160.8
2026-05-10T11:00Z,132.1
2026-05-10T11:30Z,132.1
2026-05-10T12:00Z,129.3
2026-05-10T12:30Z,129.3
2026-05-10T13:00Z,151.9
2026-05-10T13:30Z,151.9
2026-05-10T14:00Z,103.0
2026-05-10T14:30Z,103.0
2026-05-10T15:00Z,83.4
2026-05-10T15:30Z,83.4
2026-05-10T16:00Z,75.0
2026-05-10T16:30Z,75.0
2026-05-10T17:00Z,73.0
2026-05-10T17:30Z,73.0
2026-05-10T18:00Z,73.5
2026-05-10T18:30Z,73.5
2026-05-10T19:00Z,75.8
2026-05-10T19:30Z,75.8
2026-05-10T20:00Z,79.3
2026-05-10T20:30Z,79.3
2026-05-10T21:00Z,79.7
2026-05-10T21:30Z,79.7
2026-05-10T22:00Z,81.2
2026-05-10T22:30Z,81.2
2026-05-10T23:00Z,87.1
2026-05-10T23:30Z,87.1
2026-05-11T00:00Z,96.5
2026-05-11T00:30Z,96.5
2026-05-11T01:00Z,110.3
2026-05-11T01:30Z,110.3
2026-05-11T02:00Z,170.2
2026-05-11T02:30Z,170.2
2026-05-11T03:00Z,301.5
2026-05-11T03:30Z,301.5
2026-05-11T04:00Z,291.3
2026-05-11T04:30Z,291.3
2026-05-11T05:00Z,283.5
2026-05-11T05:30Z,283.5
2026-05-11T06:00Z,248.7
2026-05-11T06:30Z,248.7
2026-05-11T07:00Z,237.8
2026-05-11T07:30Z,237.8
2026-05-11T08:00Z,216.5
2026-05-11T08:30Z,216.5
2026-05-11T09:00Z,205.6
2026-05-11T09:30Z,205.6
2026-05-11T10:00Z,203.5
2026-05-11T10:30Z,203.5
2026-05-11T11:00Z,205.7
2026-05-11T11:30Z,205.7
2026-05-11T12:00Z,221.3
2026-05-11T12:30Z,221.3
2026-05-11T13:00Z,256.4
2026-05-11T13:30Z,256.4
2026-05-11T14:00Z,226.2
2026-05-11T14:30Z,226.2
2026-05-11T15:00Z,118.6
2026-05-11T15:30Z,118.6
2026-05-11T16:00Z,104.8
2026-05-11T16:30Z,104.8
2026-05-11T17:00Z,101.2
2026-05-11T17:30Z,101.2
2026-05-11T18:00Z,98.7
2026-05-11T18:30Z,98.7
2026-05-11T19:00Z,99.1
2026-05-11T19:30Z,99.1
2026-05-11T20:00Z,101.6
2026-05-11T20:30Z,101.6
2026-05-11T21:00Z,109.1
2026-05-11T21:30Z,109.1
2026-05-11T22:00Z,112.6
2026-05-11T22:30Z,112.6
2026-05-11T23:00Z,122.5
2026-05-11T23:30Z,122.5
2026-05-12T00:00Z,132.5
2026-05-12T00:30Z,132.5
2026-05-12T01:00Z,160.3
2026-05-12T01:30Z,160.3
2026-05-12T02:00Z,284.2
2026-05-12T02:30Z,284.2
2026-05-12T03:00Z,390.1
2026-05-12T03:30Z,390.1
2026-05-12T04:00Z,386.0
2026-05-12T04:30Z,386.0
2026-05-12T05:00Z,355.8
2026-05-12T05:30Z,355.8
2026-05-12T06:00Z,296.7
2026-05-12T06:30Z,296.7
2026-05-12T07:00Z,244.8
2026-05-12T07:30Z,244.8
2026-05-12T08:00Z,241.1
2026-05-12T08:30Z,241.1
2026-05-12T09:00Z,223.2
2026-05-12T09:30Z,223.2
2026-05-12T10:00Z,203.6
2026-05-12T10:30Z,203.6
2026-05-12T11:00Z,196.6
2026-05-12T11:30Z,196.6
2026-05-12T12:00Z,191.0
2026-05-12T12:30Z,191.0
2026-05-12T13:00Z,227.9
2026-05-12T13:30Z,227.9
2026-05-12T14:00Z,190.8
2026-05-12T14:30Z,190.8
2026-05-12T15:00Z,106.5
2026-05-12T15:30Z,106.5
2026-05-12T16:00Z,92.0
2026-05-12T16:30Z,92.0
2026-05-12T17:00Z,95.2
2026-05-12T17:30Z,95.2
2026-05-12T18:00Z,91.1
2026-05-12T18:30Z,91.1
2026-05-12T19:00Z,95.1
2026-05-12T19:30Z,95.1
2026-05-12T20:00Z,94.6
2026-05-12T20:30Z,94.6
2026-05-12T21:00Z,97.2
2026-05-12T21:30Z,97.2
2026-05-12T22:00Z,107.4
2026-05-12T22:30Z,107.4
2026-05-12T23:00Z,114.1
2026-05-12T23:30Z,114.1
2026-05-13T00:00Z,125.8
2026-05-13T00:30Z,125.8
2026-05-13T01:00Z,145.4
2026-05-13T01:30Z,145.4
2026-05-13T02:00Z,269.1
2026-05-13T02:30Z,269.1
2026-05-13T03:00Z,360.0
2026-05-13T03:30Z,360.0
2026-05-13T04:00Z,352.8
2026-05-13T04:30Z,352.8
2026-05-13T05:00Z,306.5
2026-05-13T05:30Z,306.5
2026-05-13T06:00Z,234.5
2026-05-13T06:30Z,234.5
2026-05-13T07:00Z,189.5
2026-05-13T07:30Z,189.5
2026-05-13T08:00Z,172.0
2026-05-13T08:30Z,172.0
2026-05-13T09:00Z,142.4
2026-05-13T09:30Z,142.4
2026-05-13T10:00Z,113.1
2026-05-13T10:30Z,113.1
2026-05-13T11:00Z,113.5
2026-05-13T11:30Z,113.5
2026-05-13T12:00Z,126.2
2026-05-13T12:30Z,126.2
2026-05-13T13:00Z,168.9
2026-05-13T13:30Z,168.9
2026-05-13T14:00Z,125.1
2026-05-13T14:30Z,125.1
2026-05-13T15:00Z,88.4
2026-05-13T15:30Z,88.4
2026-05-13T16:00Z,82.3
2026-05-13T16:30Z,82.3
2026-05-13T17:00Z,82.1
2026-05-13T17:30Z,82.1
2026-05-13T18:00Z,84.0
2026-05-13T18:30Z,84.0
2026-05-13T19:00Z,83.2
2026-05-13T19:30Z,83.2
2026-05-13T20:00Z,80.5
2026-05-13T20:30Z,80.5
2026-05-13T21:00Z,81.1
2026-05-13T21:30Z,81.1
2026-05-13T22:00Z,81.5
2026-05-13T22:30Z,81.5
2026-05-13T23:00Z,85.2
2026-05-13T23:30Z,85.2
2026-05-14T00:00Z,85.5
2026-05-14T00:30Z,85.5
2026-05-14T01:00Z,88.5
2026-05-14T01:30Z,88.5
2026-05-14T02:00Z,140.2
2026-05-14T02:30Z,140.2
2026-05-14T03:00Z,290.2
2026-05-14T03:30Z,290.2
2026-05-14T04:00Z,311.0
2026-05-14T04:30Z,311.0
2026-05-14T05:00Z,286.3
2026-05-14T05:30Z,286.3
2026-05-14T06:00Z,256.1
2026-05-14T06:30Z,256.1
2026-05-14T07:00Z,198.6
2026-05-14T07:30Z,198.6
2026-05-14T08:00Z,167.6
2026-05-14T08:30Z,167.6
2026-05-14T09:00Z,155.4
2026-05-14T09:30Z,155.4
2026-05-14T10:00Z,130.4
2026-05-14T10:30Z,130.4
2026-05-14T11:00Z,111.9
2026-05-14T11:30Z,111.9
2026-05-14T12:00Z,132.1
2026-05-14T12:30Z,132.1
2026-05-14T13:00Z,173.0
2026-05-14T13:30Z,173.0
2026-05-14T14:00Z,137.2
2026-05-14T14:30Z,137.2
2026-05-14T15:00Z,94.1
2026-05-14T15:30Z,94.1
2026-05-14T16:00Z,90.9
2026-05-14T16:30Z,90.9
2026-05-14T17:00Z,94.2
2026-05-14T17:30Z,94.2
2026-05-14T18:00Z,89.1
2026-05-14T18:30Z,89.1
2026-05-14T19:00Z,90.2
2026-05-14T19:30Z,90.2
2026-05-14T20:00Z,90.1
2026-05-14T20:30Z,90.1
2026-05-14T21:00Z,87.0
2026-05-14T21:30Z,87.0
2026-05-14T22:00Z,89.0
2026-05-14T22:30Z,89.0
2026-05-14T23:00Z,78.3
2026-05-14T23:30Z,78.3
2026-05-15T00:00Z,81.9
2026-05-15T00:30Z,81.9
2026-05-15T01:00Z,80.9
2026-05-15T01:30Z,80.9
2026-05-15T02:00Z,117.9
2026-05-15T02:30Z,117.9
2026-05-15T03:00Z,264.7
2026-05-15T03:30Z,264.7
2026-05-15T04:00Z,281.2
2026-05-15T04:30Z,281.2
2026-05-15T05:00Z,261.3
2026-05-15T05:30Z,261.3
2026-05-15T06:00Z,235.3
2026-05-15T06:30Z,235.3
2026-05-15T07:00Z,190.1
2026-05-15T07:30Z,190.1
2026-05-15T08:00Z,140.8
2026-05-15T08:30Z,140.8
2026-05-15T09:00Z,103.2
2026-05-15T09:30Z,103.2
2026-05-15T10:00Z,93.9
2026-05-15T10:30Z,93.9
2026-05-15T11:00Z,83.2
2026-05-15T11:30Z,83.2
2026-05-15T12:00Z,98.7
2026-05-15T12:30Z,98.7
2026-05-15T13:00Z,171.1
2026-05-15T13:30Z,171.1
2026-05-15T14:00Z,137.0
2026-05-15T14:30Z,137.0
2026-05-15T15:00Z,79.8
2026-05-15T15:30Z,79.8
2026-05-15T16:00Z,76.6
2026-05-15T16:30Z,76.6
2026-05-15T17:00Z,75.2
2026-05-15T17:30Z,75.2
2026-05-15T18:00Z,76.1
2026-05-15T18:30Z,76.1
2026-05-15T19:00Z,75.9
2026-05-15T19:30Z,75.9
2026-05-15T20:00Z,77.5
2026-05-15T20:30Z,77.5
2026-05-15T21:00Z,79.0
2026-05-15T21:30Z,79.0
2026-05-15T22:00Z,78.5
2026-05-15T22:30Z,78.5
2026-05-15T23:00Z,80.3
2026-05-15T23:30Z,80.3
2026-05-16T00:00Z,76.4
2026-05-16T00:30Z,76.4
2026-05-16T01:00Z,76.6
2026-05-16T01:30Z,76.6
2026-05-16T02:00Z,106.8
2026-05-16T02:30Z,106.8
2026-05-16T03:00Z,269.9
2026-05-16T03:30Z,269.9
2026-05-16T04:00Z,279.4
2026-05-16T04:30Z,279.4
2026-05-16T05:00Z,276.8
2026-05-16T05:30Z,276.8
2026-05-16T06:00Z,248.9
2026-05-16T06:30Z,248.9
2026-05-16T07:00Z,198.1
2026-05-16T07:30Z,198.1
2026-05-16T08:00Z,144.4
2026-05-16T08:30Z,144.4
2026-05-16T09:00Z,126.3
2026-05-16T09:30Z,126.3
2026-05-16T10:00Z,112.7
2026-05-16T10:30Z,112.7
2026-05-16T11:00Z,89.8
2026-05-16T11:30Z,89.8
2026-05-16T12:00Z,92.7
2026-05-16T12:30Z,92.7
2026-05-16T13:00Z,121.9
2026-05-16T13:30Z,121.9
2026-05-16T14:00Z,107.6
2026-05-16T14:30Z,107.6
2026-05-16T15:00Z,73.1
2026-05-16T15:30Z,73.1
2026-05-16T16:00Z,71.6
2026-05-16T16:30Z,71.6
2026-05-16T17:00Z,72.2
2026-05-16T17:30Z,72.2
2026-05-16T18:00Z,73.2
2026-05-16T18:30Z,73.2
2026-05-16T19:00Z,72.8
2026-05-16T19:30Z,72.8
2026-05-16T20:00Z,71.2
2026-05-16T20:30Z,71.2
2026-05-16T21:00Z,68.1
2026-05-16T21:30Z,68.1
2026-05-16T22:00Z,68.0
2026-05-16T22:30Z,68.0
2026-05-16T23:00Z,70.4
2026-05-16T23:30Z,70.4
2026-05-17T00:00Z,72.4
2026-05-17T00:30Z,72.4
2026-05-17T01:00Z,69.9
2026-05-17T01:30Z,69.9
2026-05-17T02:00Z,100.8
2026-05-17T02:30Z,100.8
2026-05-17T03:00Z,244.8
2026-05-17T03:30Z,244.8
2026-05-17T04:00Z,278.2
2026-05-17T04:30Z,278.2
2026-05-17T05:00Z,273.5
2026-05-17T05:30Z,273.5
2026-05-17T06:00Z,250.9
2026-05-17T06:30Z,250.9
2026-05-17T07:00Z,194.3
2026-05-17T07:30Z,194.3
2026-05-17T08:00Z,155.5
2026-05-17T08:30Z,155.5
2026-05-17T09:00Z,112.4
2026-05-17T09:30Z,112.4
2026-05-17T10:00Z,91.6
2026-05-17T10:30Z,91.6
2026-05-17T11:00Z,72.3
2026-05-17T11:30Z,72.3
2026-05-17T12:00Z,101.6
2026-05-17T12:30Z,101.6
2026-05-17T13:00Z,125.3
2026-05-17T13:30Z,125.3
2026-05-17T14:00Z,111.4
2026-05-17T14:30Z,111.4
2026-05-17T15:00Z,85.6
2026-05-17T15:30Z,85.6
2026-05-17T16:00Z,89.0
2026-05-17T16:30Z,89.0
2026-05-17T17:00Z,90.1
2026-05-17T17:30Z,90.1
2026-05-17T18:00Z,88.8
2026-05-17T18:30Z,88.8
2026-05-17T19:00Z,85.2
2026-05-17T19:30Z,85.2
2026-05-17T20:00Z,81.1
2026-05-17T20:30Z,81.1
2026-05-17T21:00Z,82.8
2026-05-17T21:30Z,82.8
2026-05-17T22:00Z,83.3
2026-05-17T22:30Z,83.3
2026-05-17T23:00Z,77.4
2026-05-17T23:30Z,77.4
2026-05-18T00:00Z,76.6
2026-05-18T00:30Z,76.6
2026-05-18T01:00Z,74.9
2026-05-18T01:30Z,74.9
2026-05-18T02:00Z,79.4
2026-05-18T02:30Z,79.4
2026-05-18T03:00Z,211.8
2026-05-18T03:30Z,211.8
2026-05-18T04:00Z,263.6
2026-05-18T04:30Z,263.6
2026-05-18T05:00Z,250.0
2026-05-18T05:30Z,250.0
2026-05-18T06:00Z,229.7
2026-05-18T06:30Z,229.7
2026-05-18T07:00Z,201.9
2026-05-18T07:30Z,201.9
2026-05-18T08:00Z,157.0
2026-05-18T08:30Z,157.0
2026-05-18T09:00Z,134.7
2026-05-18T09:30Z,134.7
2026-05-18T10:00Z,113.0
2026-05-18T10:30Z,113.0
2026-05-18T11:00Z,118.0
2026-05-18T11:30Z,118.0
2026-05-18T12:00Z,152.8
2026-05-18T12:30Z,152.8
2026-05-18T13:00Z,209.6
2026-05-18T13:30Z,209.6
2026-05-18T14:00Z,176.9
2026-05-18T14:30Z,176.9
2026-05-18T15:00Z,93.5
2026-05-18T15:30Z,93.5
2026-05-18T16:00Z,85.6
2026-05-18T16:30Z,85.6
2026-05-18T17:00Z,86.5
2026-05-18T17:30Z,86.5
2026-05-18T18:00Z,88.4
2026-05-18T18:30Z,88.4
2026-05-18T19:00Z,90.4
2026-05-18T19:30Z,90.4
2026-05-18T20:00Z,90.4
2026-05-18T20:30Z,90.4
2026-05-18T21:00Z,89.7
2026-05-18T21:30Z,89.7
2026-05-18T22:00Z,93.3
2026-05-18T22:30Z,93.3
2026-05-18T23:00Z,96.0
2026-05-18T23:30Z,96.0
2026-05-19T00:00Z,106.8
2026-05-19T00:30Z,106.8
2026-05-19T01:00Z,113.8
2026-05-19T01:30Z,113.8
2026-05-19T02:00Z,160.3
2026-05-19T02:30Z,160.3
2026-05-19T03:00Z,315.4
2026-05-19T03:30Z,315.4
2026-05-19T04:00Z,337.5
2026-05-19T04:30Z,337.5
2026-05-19T05:00Z,335.5
2026-05-19T05:30Z,335.5
2026-05-19T06:00Z,288.3
2026-05-19T06:30Z,288.3
2026-05-19T07:00Z,257.0
2026-05-19T07:30Z,257.0
2026-05-19T08:00Z,267.9
2026-05-19T08:30Z,267.9
2026-05-19T09:00Z,240.3
2026-05-19T09:30Z,240.3
2026-05-19T10:00Z,219.9
2026-05-19T10:30Z,219.9
2026-05-19T11:00Z,192.8
2026-05-19T11:30Z,192.8
2026-05-19T12:00Z,194.1
2026-05-19T12:30Z,194.1
2026-05-19T13:00Z,216.6
2026-05-19T13:30Z,216.6
2026-05-19T14:00Z,151.4
2026-05-19T14:30Z,151.4
2026-05-19T15:00Z,115.3
2026-05-19T15:30Z,115.3
2026-05-19T16:00Z,96.7
2026-05-19T16:30Z,96.7
2026-05-19T17:00Z,96.1
2026-05-19T17:30Z,96.1
2026-05-19T18:00Z,97.5
2026-05-19T18:30Z,97.5
2026-05-19T19:00Z,94.5
2026-05-19T19:30Z,94.5
2026-05-19T20:00Z,95.4
2026-05-19T20:30Z,95.4
2026-05-19T21:00Z,92.5
2026-05-19T21:30Z,92.5
2026-05-19T22:00Z,94.4
2026-05-19T22:30Z,94.4
2026-05-19T23:00Z,100.7
2026-05-19T23:30Z,100.7
2026-05-20T00:00Z,110.6
2026-05-20T00:30Z,110.6
2026-05-20T01:00Z,120.6
2026-05-20T01:30Z,120.6
2026-05-20T02:00Z,173.9
2026-05-20T02:30Z,173.9
2026-05-20T03:00Z,318.6
2026-05-20T03:30Z,318.6
2026-05-20T04:00Z,342.4
2026-05-20T04:30Z,342.4
2026-05-20T05:00Z,331.6
2026-05-20T05:30Z,331.6
2026-05-20T06:00Z,300.3
2026-05-20T06:30Z,300.3
2026-05-20T07:00Z,268.9
2026-05-20T07:30Z,268.9
2026-05-20T08:00Z,237.9
2026-05-20T08:30Z,237.9
2026-05-20T09:00Z,222.3
2026-05-20T09:30Z,222.3
2026-05-20T10:00Z,208.7
2026-05-20T10:30Z,208.7
2026-05-20T11:00Z,191.0
2026-05-20T11:30Z,191.0
2026-05-20T12:00Z,222.7
2026-05-20T12:30Z,222.7
2026-05-20T13:00Z,253.2
2026-05-20T13:30Z,253.2
2026-05-20T14:00Z,207.1
2026-05-20T14:30Z,207.1
2026-05-20T15:00Z,136.5
2026-05-20T15:30Z,136.5
2026-05-20T16:00Z,124.4
2026-05-20T16:30Z,124.4
2026-05-20T17:00Z,123.1
2026-05-20T17:30Z,123.1
2026-05-20T18:00Z,116.2
2026-05-20T18:30Z,116.2
2026-05-20T19:00Z,110.8
2026-05-20T19:30Z,110.8
2026-05-20T20:00Z,111.9
2026-05-20T20:30Z,111.9
2026-05-20T21:00Z,111.0
2026-05-20T21:30Z,111.0
2026-05-20T22:00Z,114.4
2026-05-20T22:30Z,114.4
2026-05-20T23:00Z,117.3
2026-05-20T23:30Z,117.3
2026-05-21T00:00Z,125.4
2026-05-21T00:30Z,125.4
2026-05-21T01:00Z,139.0
2026-05-21T01:30Z,139.0
2026-05-21T02:00Z,230.2
2026-05-21T02:30Z,230.2
2026-05-21T03:00Z,349.9
2026-05-21T03:30Z,349.9
2026-05-21T04:00Z,365.9
2026-05-21T04:30Z,365.9
2026-05-21T05:00Z,350.2
2026-05-21T05:30Z,350.2
2026-05-21T06:00Z,304.6
2026-05-21T06:30Z,304.6
2026-05-21T07:00Z,277.9
2026-05-21T07:30Z,277.9
2026-05-21T08:00Z,241.2
2026-05-21T08:30Z,241.2
2026-05-21T09:00Z,209.9
2026-05-21T09:30Z,209.9
2026-05-21T10:00Z,197.8
2026-05-21T10:30Z,197.8
2026-05-21T11:00Z,184.3
2026-05-21T11:30Z,184.3
2026-05-21T12:00Z,189.1
2026-05-21T12:30Z,189.1
2026-05-21T13:00Z,220.0
2026-05-21T13:30Z,220.0
2026-05-21T14:00Z,181.8
2026-05-21T14:30Z,181.8
2026-05-21T15:00Z,119.3
2026-05-21T15:30Z,119.3
2026-05-21T16:00Z,110.0
2026-05-21T16:30Z,110.0
2026-05-21T17:00Z,107.1
2026-05-21T17:30Z,107.1
2026-05-21T18:00Z,107.7
2026-05-21T18:30Z,107.7
2026-05-21T19:00Z,109.0
2026-05-21T19:30Z,109.0
2026-05-21T20:00Z,106.2
2026-05-21T20:30Z,106.2
2026-05-21T21:00Z,106.7
2026-05-21T21:30Z,106.7
2026-05-21T22:00Z,102.9
2026-05-21T22:30Z,102.9
2026-05-21T23:00Z,105.5
2026-05-21T23:30Z,105.5
2026-05-22T00:00Z,114.7
2026-05-22T00:30Z,114.7
2026-05-22T01:00Z,125.0
2026-05-22T01:30Z,125.0
2026-05-22T02:00Z,193.9
2026-05-22T02:30Z,193.9
2026-05-22T03:00Z,327.9
2026-05-22T03:30Z,327.9
2026-05-22T04:00Z,347.7
2026-05-22T04:30Z,347.7
2026-05-22T05:00Z,327.6
2026-05-22T05:30Z,327.6
2026-05-22T06:00Z,288.0
2026-05-22T06:30Z,288.0
2026-05-22T07:00Z,244.6
2026-05-22T07:30Z,244.6
2026-05-22T08:00Z,205.8
2026-05-22T08:30Z,205.8
2026-05-22T09:00Z,180.0
2026-05-22T09:30Z,180.0
2026-05-22T10:00Z,159.0
2026-05-22T10:30Z,159.0
2026-05-22T11:00Z,148.2
2026-05-22T11:30Z,148.2
2026-05-22T12:00Z,161.6
2026-05-22T12:30Z,161.6
2026-05-22T13:00Z,194.1
2026-05-22T13:30Z,194.1
2026-05-22T14:00Z,147.3
2026-05-22T14:30Z,147.3
2026-05-22T15:00Z,102.7
2026-05-22T15:30Z,102.7
2026-05-22T16:00Z,101.6
2026-05-22T16:30Z,101.6
2026-05-22T17:00Z,103.1
2026-05-22T17:30Z,103.1
2026-05-22T18:00Z,102.7
2026-05-22T18:30Z,102.7
2026-05-22T19:00Z,102.4
2026-05-22T19:30Z,102.4
2026-05-22T20:00Z,100.2
2026-05-22T20:30Z,100.2
2026-05-22T21:00Z,99.0
2026-05-22T21:30Z,99.0
2026-05-22T22:00Z,97.1
2026-05-22T22:30Z,97.1
2026-05-22T23:00Z,98.2
2026-05-22T23:30Z,98.2
2026-05-23T00:00Z,105.7
2026-05-23T00:30Z,105.7
2026-05-23T01:00Z,110.4
2026-05-23T01:30Z,110.4
2026-05-23T02:00Z,170.4
2026-05-23T02:30Z,170.4
2026-05-23T03:00Z,300.6
2026-05-23T03:30Z,300.6
2026-05-23T04:00Z,321.6
2026-05-23T04:30Z,321.6
2026-05-23T05:00Z,301.7
2026-05-23T05:30Z,301.7
2026-05-23T06:00Z,264.4
2026-05-23T06:30Z,264.4
2026-05-23T07:00Z,235.4
2026-05-23T07:30Z,235.4
2026-05-23T08:00Z,188.5
2026-05-23T08:30Z,188.5
2026-05-23T09:00Z,158.0
2026-05-23T09:30Z,158.0
2026-05-23T10:00Z,148.9
2026-05-23T10:30Z,148.9
2026-05-23T11:00Z,139.0
2026-05-23T11:30Z,139.0
2026-05-23T12:00Z,135.4
2026-05-23T12:30Z,135.4
2026-05-23T13:00Z,150.6
2026-05-23T13:30Z,150.6
2026-05-23T14:00Z,105.2
2026-05-23T14:30Z,105.2
2026-05-23T15:00Z,88.4
2026-05-23T15:30Z,88.4
2026-05-23T16:00Z,83.6
2026-05-23T16:30Z,83.6
2026-05-23T17:00Z,83.3
2026-05-23T17:30Z,83.3
2026-05-23T18:00Z,82.1
2026-05-23T18:30Z,82.1
2026-05-23T19:00Z,83.9
2026-05-23T19:30Z,83.9
2026-05-23T20:00Z,83.5
2026-05-23T20:30Z,83.5
2026-05-23T21:00Z,82.9
2026-05-23T21:30Z,82.9
2026-05-23T22:00Z,85.1
2026-05-23T22:30Z,85.1
2026-05-23T23:00Z,79.1
2026-05-23T23:30Z,79.1
2026-05-24T00:00Z,78.9
2026-05-24T00:30Z,78.9
2026-05-24T01:00Z,84.6
2026-05-24T01:30Z,84.6
2026-05-24T02:00Z,136.7
2026-05-24T02:30Z,136.7
2026-05-24T03:00Z,296.2
2026-05-24T03:30Z,296.2
2026-05-24T04:00Z,322.0
2026-05-24T04:30Z,322.0
2026-05-24T05:00Z,307.2
2026-05-24T05:30Z,307.2
2026-05-24T06:00Z,268.8
2026-05-24T06:30Z,268.8
2026-05-24T07:00Z,233.7
2026-05-24T07:30Z,233.7
2026-05-24T08:00Z,178.0
2026-05-24T08:30Z,178.0
2026-05-24T09:00Z,142.9
2026-05-24T09:30Z,142.9
2026-05-24T10:00Z,132.6
2026-05-24T10:30Z,132.6
2026-05-24T11:00Z,105.8
2026-05-24T11:30Z,105.8
2026-05-24T12:00Z,147.0
2026-05-24T12:30Z,147.0
2026-05-24T13:00Z,153.4
2026-05-24T13:30Z,153.4
2026-05-24T14:00Z,115.4
2026-05-24T14:30Z,115.4
2026-05-24T15:00Z,92.8
2026-05-24T15:30Z,92.8
2026-05-24T16:00Z,89.4
2026-05-24T16:30Z,89.4
2026-05-24T17:00Z,88.7
2026-05-24T17:30Z,88.7
2026-05-24T18:00Z,89.9
2026-05-24T18:30Z,89.9
2026-05-24T19:00Z,88.8
2026-05-24T19:30Z,88.8
2026-05-24T20:00Z,85.6
2026-05-24T20:30Z,85.6
2026-05-24T21:00Z,85.5
2026-05-24T21:30Z,85.5
2026-05-24T22:00Z,86.5
2026-05-24T22:30Z,86.5
2026-05-24T23:00Z,89.0
2026-05-24T23:30Z,89.0
2026-05-25T00:00Z,89.8
2026-05-25T00:30Z,89.8
2026-05-25T01:00Z,86.8
2026-05-25T01:30Z,86.8
2026-05-25T02:00Z,116.6
2026-05-25T02:30Z,116.6
2026-05-25T03:00Z,283.7
2026-05-25T03:30Z,283.7
2026-05-25T04:00Z,320.2
2026-05-25T04:30Z,320.2
2026-05-25T05:00Z,311.8
2026-05-25T05:30Z,311.8
2026-05-25T06:00Z,269.0
2026-05-25T06:30Z,269.0
2026-05-25T07:00Z,228.0
2026-05-25T07:30Z,228.0
2026-05-25T08:00Z,168.4
2026-05-25T08:30Z,168.4
2026-05-25T09:00Z,127.2
2026-05-25T09:30Z,127.2
2026-05-25T10:00Z,114.2
2026-05-25T10:30Z,114.2
2026-05-25T11:00Z,133.0
2026-05-25T11:30Z,133.0
2026-05-25T12:00Z,171.9
2026-05-25T12:30Z,171.9
2026-05-25T13:00Z,195.1
2026-05-25T13:30Z,195.1
2026-05-25T14:00Z,131.4
2026-05-25T14:30Z,131.4
2026-05-25T15:00Z,92.2
2026-05-25T15:30Z,92.2
2026-05-25T16:00Z,90.4
2026-05-25T16:30Z,90.4
2026-05-25T17:00Z,90.6
2026-05-25T17:30Z,90.6
2026-05-25T18:00Z,93.1
2026-05-25T18:30Z,93.1
2026-05-25T19:00Z,92.6
2026-05-25T19:30Z,92.6
2026-05-25T20:00Z,85.6
2026-05-25T20:30Z,85.6
2026-05-25T21:00Z,83.7
2026-05-25T21:30Z,83.7
2026-05-25T22:00Z,83.4
2026-05-25T22:30Z,83.4
2026-05-25T23:00Z,83.1
2026-05-25T23:30Z,83.1
2026-05-26T00:00Z,85.6
2026-05-26T00:30Z,85.6
2026-05-26T01:00Z,84.8
2026-05-26T01:30Z,84.8
2026-05-26T02:00Z,107.7
2026-05-26T02:30Z,107.7
2026-05-26T03:00Z,251.8
2026-05-26T03:30Z,251.8
2026-05-26T04:00Z,293.6
2026-05-26T04:30Z,293.6
2026-05-26T05:00Z,297.9
2026-05-26T05:30Z,297.9
2026-05-26T06:00Z,259.1
2026-05-26T06:30Z,259.1
2026-05-26T07:00Z,238.9
2026-05-26T07:30Z,238.9
2026-05-26T08:00Z,181.9
2026-05-26T08:30Z,181.9
2026-05-26T09:00Z,150.9
2026-05-26T09:30Z,150.9
2026-05-26T10:00Z,155.4
2026-05-26T10:30Z,155.4
2026-05-26T11:00Z,167.5
2026-05-26T11:30Z,167.5
2026-05-26T12:00Z,197.8
2026-05-26T12:30Z,197.8
2026-05-26T13:00Z,215.4
2026-05-26T13:30Z,215.4
2026-05-26T14:00Z,178.8
2026-05-26T14:30Z,178.8
2026-05-26T15:00Z,118.3
2026-05-26T15:30Z,118.3
2026-05-26T16:00Z,110.5
2026-05-26T16:30Z,110.5
2026-05-26T17:00Z,102.3
2026-05-26T17:30Z,102.3
2026-05-26T18:00Z,102.6
2026-05-26T18:30Z,102.6
2026-05-26T19:00Z,92.9
2026-05-26T19:30Z,92.9
2026-05-26T20:00Z,92.9
2026-05-26T20:30Z,92.9
2026-05-26T21:00Z,90.0
2026-05-26T21:30Z,90.0
2026-05-26T22:00Z,90.9
2026-05-26T22:30Z,90.9
2026-05-26T23:00Z,91.2
2026-05-26T23:30Z,91.2
2026-05-27T00:00Z,97.9
2026-05-27T00:30Z,97.9
2026-05-27T01:00Z,106.5
2026-05-27T01:30Z,106.5
2026-05-27T02:00Z,155.5
2026-05-27T02:30Z,155.5
2026-05-27T03:00Z,281.4
2026-05-27T03:30Z,281.4
2026-05-27T04:00Z,342.8
2026-05-27T04:30Z,342.8
2026-05-27T05:00Z,340.0
2026-05-27T05:30Z,340.0
2026-05-27T06:00Z,286.6
2026-05-27T06:30Z,286.6
2026-05-27T07:00Z,221.3
2026-05-27T07:30Z,221.3
2026-05-27T08:00Z,200.9
2026-05-27T08:30Z,200.9
2026-05-27T09:00Z,179.2
2026-05-27T09:30Z,179.2
2026-05-27T10:00Z,161.2
2026-05-27T10:30Z,161.2
2026-05-27T11:00Z,168.0
2026-05-27T11:30Z,168.0
2026-05-27T12:00Z,189.5
2026-05-27T12:30Z,189.5
2026-05-27T13:00Z,212.5
2026-05-27T13:30Z,212.5
2026-05-27T14:00Z,153.7
2026-05-27T14:30Z,153.7
2026-05-27T15:00Z,121.6
2026-05-27T15:30Z,121.6
2026-05-27T16:00Z,120.1
2026-05-27T16:30Z,120.1
2026-05-27T17:00Z,120.6
2026-05-27T17:30Z,120.6
2026-05-27T18:00Z,114.2
2026-05-27T18:30Z,114.2
2026-05-27T19:00Z,115.7
2026-05-27T19:30Z,115.7
2026-05-27T20:00Z,116.4
2026-05-27T20:30Z,116.4
2026-05-27T21:00Z,114.5
2026-05-27T21:30Z,114.5
2026-05-27T22:00Z,116.5
2026-05-27T22:30Z,116.5
2026-05-27T23:00Z,118.0
2026-05-27T23:30Z,118.0
2026-05-28T00:00Z,108.5
2026-05-28T00:30Z,108.5
2026-05-28T01:00Z,110.5
2026-05-28T01:30Z,110.5
2026-05-28T02:00Z,164.1
2026-05-28T02:30Z,164.1
2026-05-28T03:00Z,278.8
2026-05-28T03:30Z,278.8
2026-05-28T04:00Z,293.6
2026-05-28T04:30Z,293.6
2026-05-28T05:00Z,309.6
2026-05-28T05:30Z,309.6
2026-05-28T06:00Z,262.9
2026-05-28T06:30Z,262.9
2026-05-28T07:00Z,225.0
2026-05-28T07:30Z,225.0
2026-05-28T08:00Z,202.2
2026-05-28T08:30Z,202.2
2026-05-28T09:00Z,180.4
2026-05-28T09:30Z,180.4
2026-05-28T10:00Z,165.8
2026-05-28T10:30Z,165.8
2026-05-28T11:00Z,163.4
2026-05-28T11:30Z,163.4
2026-05-28T12:00Z,211.6
2026-05-28T12:30Z,211.6
2026-05-28T13:00Z,234.2
2026-05-28T13:30Z,234.2
2026-05-28T14:00Z,197.5
2026-05-28T14:30Z,197.5
2026-05-28T15:00Z,136.4
2026-05-28T15:30Z,136.4
2026-05-28T16:00Z,131.7
2026-05-28T16:30Z,131.7
2026-05-28T17:00Z,126.1
2026-05-28T17:30Z,126.1
2026-05-28T18:00Z,122.9
2026-05-28T18:30Z,122.9
2026-05-28T19:00Z,122.3
2026-05-28T19:30Z,122.3
2026-05-28T20:00Z,116.6
2026-05-28T20:30Z,116.6
2026-05-28T21:00Z,111.6
2026-05-28T21:30Z,111.6
2026-05-28T22:00Z,112.6
2026-05-28T22:30Z,112.6
2026-05-28T23:00Z,111.2
2026-05-28T23:30Z,111.2
2026-05-29T00:00Z,114.4
2026-05-29T00:30Z,114.4
2026-05-29T01:00Z,116.6
2026-05-29T01:30Z,116.6
2026-05-29T02:00Z,152.7
2026-05-29T02:30Z,152.7
2026-05-29T03:00Z,244.6
2026-05-29T03:30Z,244.6
2026-05-29T04:00Z,279.6
2026-05-29T04:30Z,279.6
2026-05-29T05:00Z,295.9
2026-05-29T05:30Z,295.9
2026-05-29T06:00Z,285.7
2026-05-29T06:30Z,285.7
2026-05-29T07:00Z,253.5
2026-05-29T07:30Z,253.5
2026-05-29T08:00Z,196.0
2026-05-29T08:30Z,196.0
2026-05-29T09:00Z,169.5
2026-05-29T09:30Z,169.5
2026-05-29T10:00Z,160.9
2026-05-29T10:30Z,160.9
2026-05-29T11:00Z,151.8
2026-05-29T11:30Z,151.8
2026-05-29T12:00Z,158.9
2026-05-29T12:30Z,158.9
2026-05-29T13:00Z,191.0
2026-05-29T13:30Z,191.0
2026-05-29T14:00Z,125.6
2026-05-29T14:30Z,125.6
2026-05-29T15:00Z,98.4
2026-05-29T15:30Z,98.4
2026-05-29T16:00Z,91.4
2026-05-29T16:30Z,91.4
2026-05-29T17:00Z,91.3
2026-05-29T17:30Z,91.3
2026-05-29T18:00Z,84.2
2026-05-29T18:30Z,84.2
2026-05-29T19:00Z,84.3
2026-05-29T19:30Z,84.3
2026-05-29T20:00Z,84.4
2026-05-29T20:30Z,84.4
2026-05-29T21:00Z,73.7
2026-05-29T21:30Z,73.7
2026-05-29T22:00Z,82.7
2026-05-29T22:30Z,82.7
2026-05-29T23:00Z,84.5
2026-05-29T23:30Z,84.5
2026-05-30T00:00Z,82.0
2026-05-30T00:30Z,82.0
2026-05-30T01:00Z,78.8
2026-05-30T01:30Z,78.8
2026-05-30T02:00Z,92.9
2026-05-30T02:30Z,92.9
2026-05-30T03:00Z,221.8
2026-05-30T03:30Z,221.8
2026-05-30T04:00Z,259.2
2026-05-30T04:30Z,259.2
2026-05-30T05:00Z,258.8
2026-05-30T05:30Z,258.8
2026-05-30T06:00Z,252.2
2026-05-30T06:30Z,252.2
2026-05-30T07:00Z,206.0
2026-05-30T07:30Z,206.0
2026-05-30T08:00Z,173.8
2026-05-30T08:30Z,173.8
2026-05-30T09:00Z,164.6
2026-05-30T09:30Z,164.6
2026-05-30T10:00Z,169.9
2026-05-30T10:30Z,169.9
2026-05-30T11:00Z,149.0
2026-05-30T11:30Z,149.0
2026-05-30T12:00Z,161.2
2026-05-30T12:30Z,161.2
2026-05-30T13:00Z,196.1
2026-05-30T13:30Z,196.1
2026-05-30T14:00Z,104.0
2026-05-30T14:30Z,104.0
2026-05-30T15:00Z,87.4
2026-05-30T15:30Z,87.4
2026-05-30T16:00Z,85.3
2026-05-30T16:30Z,85.3
2026-05-30T17:00Z,85.9
2026-05-30T17:30Z,85.9
2026-05-30T18:00Z,87.8
2026-05-30T18:30Z,87.8
2026-05-30T19:00Z,89.3
2026-05-30T19:30Z,89.3
2026-05-30T20:00Z,87.3
2026-05-30T20:30Z,87.3
2026-05-30T21:00Z,87.6
2026-05-30T21:30Z,87.6
2026-05-30T22:00Z,87.3
2026-05-30T22:30Z,87.3
2026-05-30T23:00Z,88.9
2026-05-30T23:30Z,88.9
2026-05-31T00:00Z,90.1
2026-05-31T00:30Z,90.1
2026-05-31T01:00Z,89.1
2026-05-31T01:30Z,89.1
2026-05-31T02:00Z,101.4
2026-05-31T02:30Z,101.4
2026-05-31T03:00Z,243.9
2026-05-31T03:30Z,243.9
2026-05-31T04:00Z,292.7
2026-05-31T04:30Z,292.7
2026-05-31T05:00Z,284.8
2026-05-31T05:30Z,284.8
2026-05-31T06:00Z,246.5
2026-05-31T06:30Z,246.5
2026-05-31T07:00Z,205.9
2026-05-31T07:30Z,205.9
2026-05-31T08:00Z,200.9
2026-05-31T08:30Z,200.9
2026-05-31T09:00Z,184.3
2026-05-31T09:30Z,184.3
2026-05-31T10:00Z,157.4
2026-05-31T10:30Z,157.4
2026-05-31T11:00Z,126.6
2026-05-31T11:30Z,126.6
2026-05-31T12:00Z,140.3
2026-05-31T12:30Z,140.3
2026-05-31T13:00Z,169.7
2026-05-31T13:30Z,169.7
2026-05-31T14:00Z,105.9
2026-05-31T14:30Z,105.9
2026-05-31T15:00Z,102.8
2026-05-31T15:30Z,102.8
2026-05-31T16:00Z,98.5
2026-05-31T16:30Z,98.5
2026-05-31T17:00Z,95.3
2026-05-31T17:30Z,95.3
2026-05-31T18:00Z,93.4
2026-05-31T18:30Z,93.4
2026-05-31T19:00Z,92.8
2026-05-31T19:30Z,92.8
2026-05-31T20:00Z,93.0
2026-05-31T20:30Z,93.0
2026-05-31T21:00Z,95.5
2026-05-31T21:30Z,95.5
2026-05-31T22:00Z,97.6
2026-05-31T22:30Z,97.6
2026-05-31T23:00Z,99.7
2026-05-31T23:30Z,99.7
2026-06-01T00:00Z,97.3
2026-06-01T00:30Z,97.3
2026-06-01T01:00Z,83.7
2026-06-01T01:30Z,83.7
2026-06-01T02:00Z,116.5
2026-06-01T02:30Z,116.5
2026-06-01T03:00Z,298.0
2026-06-01T03:30Z,298.0
2026-06-01T04:00Z,327.6
2026-06-01T04:30Z,327.6
2026-06-01T05:00Z,288.7
2026-06-01T05:30Z,288.7
2026-06-01T06:00Z,242.4
2026-06-01T06:30Z,242.4
2026-06-01T07:00Z,201.8
2026-06-01T07:30Z,201.8
2026-06-01T08:00Z,216.4
2026-06-01T08:30Z,216.4
2026-06-01T09:00Z,170.0
2026-06-01T09:30Z,170.0
2026-06-01T10:00Z,152.4
2026-06-01T10:30Z,152.4
2026-06-01T11:00Z,151.3
2026-06-01T11:30Z,151.3
2026-06-01T12:00Z,180.7
2026-06-01T12:30Z,180.7
2026-06-01T13:00Z,221.9
2026-06-01T13:30Z,221.9
2026-06-01T14:00Z,149.0
2026-06-01T14:30Z,149.0
2026-06-01T15:00Z,106.0
2026-06-01T15:30Z,106.0
2026-06-01T16:00Z,98.7
2026-06-01T16:30Z,98.7
2026-06-01T17:00Z,97.1
2026-06-01T17:30Z,97.1
2026-06-01T18:00Z,93.9
2026-06-01T18:30Z,93.9
2026-06-01T19:00Z,93.3
2026-06-01T19:30Z,93.3
2026-06-01T20:00Z,93.8
2026-06-01T20:30Z,93.8
2026-06-01T21:00Z,95.3
2026-06-01T21:30Z,95.3
2026-06-01T22:00Z,96.4
2026-06-01T22:30Z,96.4
2026-06-01T23:00Z,98.3
2026-06-01T23:30Z,98.3
2026-06-02T00:00Z,100.3
2026-06-02T00:30Z,100.3
2026-06-02T01:00Z,97.3
2026-06-02T01:30Z,97.3
2026-06-02T02:00Z,170.1
2026-06-02T02:30Z,170.1
2026-06-02T03:00Z,317.9
2026-06-02T03:30Z,317.9
2026-06-02T04:00Z,335.7
2026-06-02T04:30Z,335.7
2026-06-02T05:00Z,320.7
2026-06-02T05:30Z,320.7
2026-06-02T06:00Z,277.3
2026-06-02T06:30Z,277.3
2026-06-02T07:00Z,242.0
2026-06-02T07:30Z,242.0
2026-06-02T08:00Z,210.9
2026-06-02T08:30Z,210.9
2026-06-02T09:00Z,197.5
2026-06-02T09:30Z,197.5
2026-06-02T10:00Z,190.7
2026-06-02T10:30Z,190.7
2026-06-02T11:00Z,190.5
2026-06-02T11:30Z,190.5
2026-06-02T12:00Z,197.7
2026-06-02T12:30Z,197.7
2026-06-02T13:00Z,220.8
2026-06-02T13:30Z,220.8
2026-06-02T14:00Z,160.4
2026-06-02T14:30Z,160.4
2026-06-02T15:00Z,125.0
2026-06-02T15:30Z,125.0
2026-06-02T16:00Z,114.7
2026-06-02T16:30Z,114.7
2026-06-02T17:00Z,108.7
2026-06-02T17:30Z,108.7
2026-06-02T18:00Z,102.7
2026-06-02T18:30Z,102.7
2026-06-02T19:00Z,100.6
2026-06-02T19:30Z,100.6
2026-06-02T20:00Z,102.1
2026-06-02T20:30Z,102.1
2026-06-02T21:00Z,101.1
2026-06-02T21:30Z,101.1
2026-06-02T22:00Z,94.8
2026-06-02T22:30Z,94.8
2026-06-02T23:00Z,97.4
2026-06-02T23:30Z,97.4
2026-06-03T00:00Z,102.5
2026-06-03T00:30Z,102.5
2026-06-03T01:00Z,128.4
2026-06-03T01:30Z,128.4
2026-06-03T02:00Z,197.7
2026-06-03T02:30Z,197.7
2026-06-03T03:00Z,317.0
2026-06-03T03:30Z,317.0
2026-06-03T04:00Z,317.9
2026-06-03T04:30Z,317.9
2026-06-03T05:00Z,306.4
2026-06-03T05:30Z,306.4
2026-06-03T06:00Z,274.0
2026-06-03T06:30Z,274.0
2026-06-03T07:00Z,241.0
2026-06-03T07:30Z,241.0
2026-06-03T08:00Z,224.6
2026-06-03T08:30Z,224.6
2026-06-03T09:00Z,188.8
2026-06-03T09:30Z,188.8
2026-06-03T10:00Z,175.9
2026-06-03T10:30Z,175.9
2026-06-03T11:00Z,175.9
2026-06-03T11:30Z,175.9
2026-06-03T12:00Z,180.7
2026-06-03T12:30Z,180.7
2026-06-03T13:00Z,212.6
2026-06-03T13:30Z,212.6
2026-06-03T14:00Z,153.8
2026-06-03T14:30Z,153.8
2026-06-03T15:00Z,101.9
2026-06-03T15:30Z,101.9
2026-06-03T16:00Z,96.1
2026-06-03T16:30Z,96.1
2026-06-03T17:00Z,98.2
2026-06-03T17:30Z,98.2
2026-06-03T18:00Z,95.5
2026-06-03T18:30Z,95.5
2026-06-03T19:00Z,93.8
2026-06-03T19:30Z,93.8
2026-06-03T20:00Z,95.6
2026-06-03T20:30Z,95.6
2026-06-03T21:00Z,91.0
2026-06-03T21:30Z,91.0
2026-06-03T22:00Z,89.4
2026-06-03T22:30Z,89.4
2026-06-03T23:00Z,87.7
2026-06-03T23:30Z,87.7
2026-06-04T00:00Z,93.6
2026-06-04T00:30Z,93.6
2026-06-04T01:00Z,100.9
2026-06-04T01:30Z,100.9
2026-06-04T02:00Z,153.3
2026-06-04T02:30Z,153.3
2026-06-04T03:00Z,283.6
2026-06-04T03:30Z,283.6
2026-06-04T04:00Z,311.3
2026-06-04T04:30Z,311.3
2026-06-04T05:00Z,295.6
2026-06-04T05:30Z,295.6
2026-06-04T06:00Z,264.6
2026-06-04T06:30Z,264.6
2026-06-04T07:00Z,227.2
2026-06-04T07:30Z,227.2
2026-06-04T08:00Z,223.2
2026-06-04T08:30Z,223.2
2026-06-04T09:00Z,197.7
2026-06-04T09:30Z,197.7
2026-06-04T10:00Z,170.7
2026-06-04T10:30Z,170.7
2026-06-04T11:00Z,151.1
2026-06-04T11:30Z,151.1
2026-06-04T12:00Z,173.4
2026-06-04T12:30Z,173.4
2026-06-04T13:00Z,215.0
2026-06-04T13:30Z,215.0
2026-06-04T14:00Z,135.0
2026-06-04T14:30Z,135.0
2026-06-04T15:00Z,101.3
2026-06-04T15:30Z,101.3
2026-06-04T16:00Z,97.2
2026-06-04T16:30Z,97.2
2026-06-04T17:00Z,93.9
2026-06-04T17:30Z,93.9
2026-06-04T18:00Z,97.1
2026-06-04T18:30Z,97.1
2026-06-04T19:00Z,97.0
2026-06-04T19:30Z,97.0
2026-06-04T20:00Z,97.6
2026-06-04T20:30Z,97.6
2026-06-04T21:00Z,97.8
2026-06-04T21:30Z,97.8
2026-06-04T22:00Z,97.1
2026-06-04T22:30Z,97.1
2026-06-04T23:00Z,95.8
2026-06-04T23:30Z,95.8
2026-06-05T00:00Z,94.2
2026-06-05T00:30Z,94.2
2026-06-05T01:00Z,100.3
2026-06-05T01:30Z,100.3
2026-06-05T02:00Z,152.0
2026-06-05T02:30Z,152.0
2026-06-05T03:00Z,299.6
2026-06-05T03:30Z,299.6
2026-06-05T04:00Z,328.3
2026-06-05T04:30Z,328.3
2026-06-05T05:00Z,323.8
2026-06-05T05:30Z,323.8
2026-06-05T06:00Z,294.2
2026-06-05T06:30Z,294.2
2026-06-05T07:00Z,239.8
2026-06-05T07:30Z,239.8
2026-06-05T08:00Z,219.9
2026-06-05T08:30Z,219.9
2026-06-05T09:00Z,184.9
2026-06-05T09:30Z,184.9
2026-06-05T10:00Z,146.3
2026-06-05T10:30Z,146.3
2026-06-05T11:00Z,145.3
2026-06-05T11:30Z,145.3
2026-06-05T12:00Z,179.7
2026-06-05T12:30Z,179.7
2026-06-05T13:00Z,201.9
2026-06-05T13:30Z,201.9
2026-06-05T14:00Z,142.3
2026-06-05T14:30Z,142.3
2026-06-05T15:00Z,93.8
2026-06-05T15:30Z,93.8
2026-06-05T16:00Z,93.8
2026-06-05T16:30Z,93.8
2026-06-05T17:00Z,90.7
2026-06-05T17:30Z,90.7
2026-06-05T18:00Z,91.6
2026-06-05T18:30Z,91.6
2026-06-05T19:00Z,92.1
2026-06-05T19:30Z,92.1
2026-06-05T20:00Z,90.3
2026-06-05T20:30Z,90.3
2026-06-05T21:00Z,89.0
2026-06-05T21:30Z,89.0
2026-06-05T22:00Z,89.2
2026-06-05T22:30Z,89.2
2026-06-05T23:00Z,89.3
2026-06-05T23:30Z,89.3
2026-06-06T00:00Z,91.2
2026-06-06T00:30Z,91.2
2026-06-06T01:00Z,98.1
2026-06-06T01:30Z,98.1
2026-06-06T02:00Z,166.2
2026-06-06T02:30Z,166.2
2026-06-06T03:00Z,330.9
2026-06-06T03:30Z,330.9
2026-06-06T04:00Z,341.5
2026-06-06T04:30Z,341.5
2026-06-06T05:00Z,326.2
2026-06-06T05:30Z,326.2
2026-06-06T06:00Z,268.4
2026-06-06T06:30Z,268.4
2026-06-06T07:00Z,244.7
2026-06-06T07:30Z,244.7
2026-06-06T08:00Z,213.1
2026-06-06T08:30Z,213.1
2026-06-06T09:00Z,167.4
2026-06-06T09:30Z,167.4
2026-06-06T10:00Z,148.4
2026-06-06T10:30Z,148.4
2026-06-06T11:00Z,141.8
2026-06-06T11:30Z,141.8
2026-06-06T12:00Z,154.6
2026-06-06T12:30Z,154.6
2026-06-06T13:00Z,170.3
2026-06-06T13:30Z,170.3
2026-06-06T14:00Z,113.9
2026-06-06T14:30Z,113.9
2026-06-06T15:00Z,90.0
2026-06-06T15:30Z,90.0
2026-06-06T16:00Z,83.0
2026-06-06T16:30Z,83.0
2026-06-06T17:00Z,81.3
2026-06-06T17:30Z,81.3
2026-06-06T18:00Z,80.5
2026-06-06T18:30Z,80.5
2026-06-06T19:00Z,83.9
2026-06-06T19:30Z,83.9
2026-06-06T20:00Z,83.7
2026-06-06T20:30Z,83.7
2026-06-06T21:00Z,84.6
2026-06-06T21:30Z,84.6
2026-06-06T22:00Z,81.5
2026-06-06T22:30Z,81.5
2026-06-06T23:00Z,85.1
2026-06-06T23:30Z,85.1
2026-06-07T00:00Z,89.3
2026-06-07T00:30Z,89.3
2026-06-07T01:00Z,83.1
2026-06-07T01:30Z,83.1
2026-06-07T02:00Z,103.8
2026-06-07T02:30Z,103.8
2026-06-07T03:00Z,254.7
2026-06-07T03:30Z,254.7
2026-06-07T04:00Z,307.9
2026-06-07T04:30Z,307.9
2026-06-07T05:00Z,302.5
2026-06-07T05:30Z,302.5
2026-06-07T06:00Z,282.2
2026-06-07T06:30Z,282.2
2026-06-07T07:00Z,219.6
2026-06-07T07:30Z,219.6
2026-06-07T08:00Z,193.9
2026-06-07T08:30Z,193.9
2026-06-07T09:00Z,159.1
2026-06-07T09:30Z,159.1
2026-06-07T10:00Z,131.3
2026-06-07T10:30Z,131.3
2026-06-07T11:00Z,99.7
2026-06-07T11:30Z,99.7
2026-06-07T12:00Z,113.0
2026-06-07T12:30Z,113.0
2026-06-07T13:00Z,128.0
2026-06-07T13:30Z,128.0
2026-06-07T14:00Z,106.9
2026-06-07T14:30Z,106.9
2026-06-07T15:00Z,86.4
2026-06-07T15:30Z,86.4
2026-06-07T16:00Z,87.7
2026-06-07T16:30Z,87.7
2026-06-07T17:00Z,88.3
2026-06-07T17:30Z,88.3
2026-06-07T18:00Z,89.2
2026-06-07T18:30Z,89.2
2026-06-07T19:00Z,89.2
2026-06-07T19:30Z,89.2
2026-06-07T20:00Z,88.4
2026-06-07T20:30Z,88.4
2026-06-07T21:00Z,86.1
2026-06-07T21:30Z,86.1
2026-06-07T22:00Z,85.7
2026-06-07T22:30Z,85.7
2026-06-07T23:00Z,88.4
2026-06-07T23:30Z,88.4
2026-06-08T00:00Z,89.7
2026-06-08T00:30Z,89.7
2026-06-08T01:00Z,85.8
2026-06-08T01:30Z,85.8
2026-06-08T02:00Z,118.6
2026-06-08T02:30Z,118.6
2026-06-08T03:00Z,278.4
2026-06-08T03:30Z,278.4
2026-06-08T04:00Z,324.0
2026-06-08T04:30Z,324.0
2026-06-08T05:00Z,316.5
2026-06-08T05:30Z,316.5
2026-06-08T06:00Z,268.4
2026-06-08T06:30Z,268.4
2026-06-08T07:00Z,223.5
2026-06-08T07:30Z,223.5
2026-06-08T08:00Z,177.6
2026-06-08T08:30Z,177.6
2026-06-08T09:00Z,137.6
2026-06-08T09:30Z,137.6
2026-06-08T10:00Z,129.5
2026-06-08T10:30Z,129.5
2026-06-08T11:00Z,132.4
2026-06-08T11:30Z,132.4
2026-06-08T12:00Z,164.1
2026-06-08T12:30Z,164.1
2026-06-08T13:00Z,190.1
2026-06-08T13:30Z,190.1
2026-06-08T14:00Z,134.4
2026-06-08T14:30Z,134.4
2026-06-08T15:00Z,87.4
2026-06-08T15:30Z,87.4
2026-06-08T16:00Z,79.9
2026-06-08T16:30Z,79.9
2026-06-08T17:00Z,80.4
2026-06-08T17:30Z,80.4
2026-06-08T18:00Z,80.4
2026-06-08T18:30Z,80.4
2026-06-08T19:00Z,79.9
2026-06-08T19:30Z,79.9
2026-06-08T20:00Z,78.8
2026-06-08T20:30Z,78.8
2026-06-08T21:00Z,78.3
2026-06-08T21:30Z,78.3
2026-06-08T22:00Z,79.2
2026-06-08T22:30Z,79.2
2026-06-08T23:00Z,81.0
2026-06-08T23:30Z,81.0
2026-06-09T00:00Z,85.9
2026-06-09T00:30Z,85.9
2026-06-09T01:00Z,83.2
2026-06-09T01:30Z,83.2
2026-06-09T02:00Z,117.6
2026-06-09T02:30Z,117.6
2026-06-09T03:00Z,266.1
2026-06-09T03:30Z,266.1
2026-06-09T04:00Z,293.0
2026-06-09T04:30Z,293.0
2026-06-09T05:00Z,299.1
2026-06-09T05:30Z,299.1
2026-06-09T06:00Z,256.0
2026-06-09T06:30Z,256.0
2026-06-09T07:00Z,239.6
2026-06-09T07:30Z,239.6
2026-06-09T08:00Z,202.1
2026-06-09T08:30Z,202.1
2026-06-09T09:00Z,166.3
2026-06-09T09:30Z,166.3
2026-06-09T10:00Z,136.1
2026-06-09T10:30Z,136.1
2026-06-09T11:00Z,128.9
2026-06-09T11:30Z,128.9
2026-06-09T12:00Z,147.4
2026-06-09T12:30Z,147.4
2026-06-09T13:00Z,174.2
2026-06-09T13:30Z,174.2
2026-06-09T14:00Z,127.4
2026-06-09T14:30Z,127.4
2026-06-09T15:00Z,94.5
2026-06-09T15:30Z,94.5
2026-06-09T16:00Z,91.3
2026-06-09T16:30Z,91.3
2026-06-09T17:00Z,90.3
2026-06-09T17:30Z,90.3
2026-06-09T18:00Z,95.3
2026-06-09T18:30Z,95.3
2026-06-09T19:00Z,97.2
2026-06-09T19:30Z,97.2
2026-06-09T20:00Z,93.9
2026-06-09T20:30Z,93.9
2026-06-09T21:00Z,93.8
2026-06-09T21:30Z,93.8
2026-06-09T22:00Z,95.7
2026-06-09T22:30Z,95.7
2026-06-09T23:00Z,99.1
2026-06-09T23:30Z,99.1
2026-06-10T00:00Z,102.7
2026-06-10T00:30Z,102.7
2026-06-10T01:00Z,103.8
2026-06-10T01:30Z,103.8
2026-06-10T02:00Z,153.4
2026-06-10T02:30Z,153.4
2026-06-10T03:00Z,296.4
2026-06-10T03:30Z,296.4
2026-06-10T04:00Z,337.8
2026-06-10T04:30Z,337.8
2026-06-10T05:00Z,318.0
2026-06-10T05:30Z,318.0
2026-06-10T06:00Z,270.3
2026-06-10T06:30Z,270.3
2026-06-10T07:00Z,232.7
2026-06-10T07:30Z,232.7
2026-06-10T08:00Z,205.9
2026-06-10T08:30Z,205.9
2026-06-10T09:00Z,171.5
2026-06-10T09:30Z,171.5
2026-06-10T10:00Z,140.6
2026-06-10T10:30Z,140.6
2026-06-10T11:00Z,134.6
2026-06-10T11:30Z,134.6
2026-06-10T12:00Z,156.1
2026-06-10T12:30Z,156.1
2026-06-10T13:00Z,178.2
2026-06-10T13:30Z,178.2
2026-06-10T14:00Z,126.9
2026-06-10T14:30Z,126.9
2026-06-10T15:00Z,106.6
2026-06-10T15:30Z,106.6
2026-06-10T16:00Z,102.7
2026-06-10T16:30Z,102.7
2026-06-10T17:00Z,103.1
2026-06-10T17:30Z,103.1
2026-06-10T18:00Z,99.3
2026-06-10T18:30Z,99.3
2026-06-10T19:00Z,99.8
2026-06-10T19:30Z,99.8
2026-06-10T20:00Z,102.3
2026-06-10T20:30Z,102.3
2026-06-10T21:00Z,103.8
2026-06-10T21:30Z,103.8
2026-06-10T22:00Z,107.8
2026-06-10T22:30Z,107.8
2026-06-10T23:00Z,109.7
2026-06-10T23:30Z,109.7
2026-06-11T00:00Z,112.7
2026-06-11T00:30Z,112.7
2026-06-11T01:00Z,114.2
2026-06-11T01:30Z,114.2
2026-06-11T02:00Z,180.3
2026-06-11T02:30Z,180.3
2026-06-11T03:00Z,325.9
2026-06-11T03:30Z,325.9
2026-06-11T04:00Z,346.4
2026-06-11T04:30Z,346.4
2026-06-11T05:00Z,328.0
2026-06-11T05:30Z,328.0
2026-06-11T06:00Z,284.6
2026-06-11T06:30Z,284.6
2026-06-11T07:00Z,237.7
2026-06-11T07:30Z,237.7
2026-06-11T08:00Z,209.4
2026-06-11T08:30Z,209.4
2026-06-11T09:00Z,176.0
2026-06-11T09:30Z,176.0
2026-06-11T10:00Z,158.5
2026-06-11T10:30Z,158.5
2026-06-11T11:00Z,156.9
2026-06-11T11:30Z,156.9
2026-06-11T12:00Z,180.6
2026-06-11T12:30Z,180.6
2026-06-11T13:00Z,216.2
2026-06-11T13:30Z,216.2
2026-06-11T14:00Z,144.6
2026-06-11T14:30Z,144.6
2026-06-11T15:00Z,117.4
2026-06-11T15:30Z,117.4
2026-06-11T16:00Z,113.1
2026-06-11T16:30Z,113.1
2026-06-11T17:00Z,111.2
2026-06-11T17:30Z,111.2
2026-06-11T18:00Z,112.2
2026-06-11T18:30Z,112.2
2026-06-11T19:00Z,114.8
2026-06-11T19:30Z,114.8
2026-06-11T20:00Z,119.8
2026-06-11T20:30Z,119.8
2026-06-11T21:00Z,121.7
2026-06-11T21:30Z,121.7
2026-06-11T22:00Z,124.6
2026-06-11T22:30Z,124.6
2026-06-11T23:00Z,131.4
2026-06-11T23:30Z,131.4
2026-06-12T00:00Z,147.2
2026-06-12T00:30Z,147.2
2026-06-12T01:00Z,189.3
2026-06-12T01:30Z,189.3
2026-06-12T02:00Z,252.4
2026-06-12T02:30Z,252.4
2026-06-12T03:00Z,357.7
2026-06-12T03:30Z,357.7
2026-06-12T04:00Z,375.1
2026-06-12T04:30Z,375.1
2026-06-12T05:00Z,356.3
2026-06-12T05:30Z,356.3
2026-06-12T06:00Z,314.0
2026-06-12T06:30Z,314.0
2026-06-12T07:00Z,263.2
2026-06-12T07:30Z,263.2
2026-06-12T08:00Z,248.0
2026-06-12T08:30Z,248.0
2026-06-12T09:00Z,225.7
2026-06-12T09:30Z,225.7
2026-06-12T10:00Z,209.9
2026-06-12T10:30Z,209.9
2026-06-12T11:00Z,200.2
2026-06-12T11:30Z,200.2
2026-06-12T12:00Z,218.7
2026-06-12T12:30Z,218.7
2026-06-12T13:00Z,236.1
2026-06-12T13:30Z,236.1
2026-06-12T14:00Z,187.3
2026-06-12T14:30Z,187.3
2026-06-12T15:00Z,124.4
2026-06-12T15:30Z,124.4
2026-06-12T16:00Z,118.2
2026-06-12T16:30Z,118.2
2026-06-12T17:00Z,117.3
2026-06-12T17:30Z,117.3
2026-06-12T18:00Z,114.9
2026-06-12T18:30Z,114.9
2026-06-12T19:00Z,118.5
2026-06-12T19:30Z,118.5
2026-06-12T20:00Z,120.1
2026-06-12T20:30Z,120.1
2026-06-12T21:00Z,122.3
2026-06-12T21:30Z,122.3
2026-06-12T22:00Z,124.9
2026-06-12T22:30Z,124.9
2026-06-12T23:00Z,132.2
2026-06-12T23:30Z,132.2
2026-06-13T00:00Z,141.3
2026-06-13T00:30Z,141.3
2026-06-13T01:00Z,159.4
2026-06-13T01:30Z,159.4
2026-06-13T02:00Z,219.6
2026-06-13T02:30Z,219.6
2026-06-13T03:00Z,331.7
2026-06-13T03:30Z,331.7
2026-06-13T04:00Z,356.0
2026-06-13T04:30Z,356.0
2026-06-13T05:00Z,336.1
2026-06-13T05:30Z,336.1
2026-06-13T06:00Z,293.3
2026-06-13T06:30Z,293.3
2026-06-13T07:00Z,262.1
2026-06-13T07:30Z,262.1
2026-06-13T08:00Z,255.6
2026-06-13T08:30Z,255.6
2026-06-13T09:00Z,231.4
2026-06-13T09:30Z,231.4
2026-06-13T10:00Z,202.9
2026-06-13T10:30Z,202.9
2026-06-13T11:00Z,189.6
2026-06-13T11:30Z,189.6
2026-06-13T12:00Z,188.6
2026-06-13T12:30Z,188.6
2026-06-13T13:00Z,195.5
2026-06-13T13:30Z,195.5
2026-06-13T14:00Z,133.5
2026-06-13T14:30Z,133.5
2026-06-13T15:00Z,87.2
2026-06-13T15:30Z,87.2
2026-06-13T16:00Z,84.1
2026-06-13T16:30Z,84.1
2026-06-13T17:00Z,84.1
2026-06-13T17:30Z,84.1
2026-06-13T18:00Z,82.6
2026-06-13T18:30Z,82.6
2026-06-13T19:00Z,81.7
2026-06-13T19:30Z,81.7
2026-06-13T20:00Z,84.6
2026-06-13T20:30Z,84.6
2026-06-13T21:00Z,84.6
2026-06-13T21:30Z,84.6
2026-06-13T22:00Z,90.4
2026-06-13T22:30Z,90.4
2026-06-13T23:00Z,98.5
2026-06-13T23:30Z,98.5
2026-06-14T00:00Z,105.1
2026-06-14T00:30Z,105.1
2026-06-14T01:00Z,113.8
2026-06-14T01:30Z,113.8
2026-06-14T02:00Z,183.2
2026-06-14T02:30Z,183.2
2026-06-14T03:00Z,338.4
2026-06-14T03:30Z,338.4
2026-06-14T04:00Z,363.4
2026-06-14T04:30Z,363.4
2026-06-14T05:00Z,344.4
2026-06-14T05:30Z,344.4
2026-06-14T06:00Z,304.7
2026-06-14T06:30Z,304.7
2026-06-14T07:00Z,258.6
2026-06-14T07:30Z,258.6
2026-06-14T08:00Z,245.7
2026-06-14T08:30Z,245.7
2026-06-14T09:00Z,205.6
2026-06-14T09:30Z,205.6
2026-06-14T10:00Z,164.2
2026-06-14T10:30Z,164.2
2026-06-14T11:00Z,157.9
2026-06-14T11:30Z,157.9
2026-06-14T12:00Z,158.9
2026-06-14T12:30Z,158.9
2026-06-14T13:00Z,146.9
2026-06-14T13:30Z,146.9
2026-06-14T14:00Z,118.7
2026-06-14T14:30Z,118.7
2026-06-14T15:00Z,97.0
2026-06-14T15:30Z,97.0
2026-06-14T16:00Z,90.2
2026-06-14T16:30Z,90.2
2026-06-14T17:00Z,88.5
2026-06-14T17:30Z,88.5
2026-06-14T18:00Z,87.8
2026-06-14T18:30Z,87.8
2026-06-14T19:00Z,87.2
2026-06-14T19:30Z,87.2
2026-06-14T20:00Z,88.4
2026-06-14T20:30Z,88.4
2026-06-14T21:00Z,89.2
2026-06-14T21:30Z,89.2
2026-06-14T22:00Z,90.9
2026-06-14T22:30Z,90.9
2026-06-14T23:00Z,97.0
2026-06-14T23:30Z,97.0
2026-06-15T00:00Z,107.9
2026-06-15T00:30Z,107.9
2026-06-15T01:00Z,120.5
2026-06-15T01:30Z,120.5
2026-06-15T02:00Z,196.2
2026-06-15T02:30Z,196.2
2026-06-15T03:00Z,332.7
2026-06-15T03:30Z,332.7
2026-06-15T04:00Z,369.2
2026-06-15T04:30Z,369.2
2026-06-15T05:00Z,356.3
2026-06-15T05:30Z,356.3
2026-06-15T06:00Z,309.4
2026-06-15T06:30Z,309.4
2026-06-15T07:00Z,267.0
2026-06-15T07:30Z,267.0
2026-06-15T08:00Z,259.4
2026-06-15T08:30Z,259.4
2026-06-15T09:00Z,233.7
2026-06-15T09:30Z,233.7
2026-06-15T10:00Z,213.3
2026-06-15T10:30Z,213.3
2026-06-15T11:00Z,204.1
2026-06-15T11:30Z,204.1
2026-06-15T12:00Z,192.9
2026-06-15T12:30Z,192.9
2026-06-15T13:00Z,210.3
2026-06-15T13:30Z,210.3
2026-06-15T14:00Z,165.7
2026-06-15T14:30Z,165.7
2026-06-15T15:00Z,121.1
2026-06-15T15:30Z,121.1
2026-06-15T16:00Z,114.0
2026-06-15T16:30Z,114.0
2026-06-15T17:00Z,113.2
2026-06-15T17:30Z,113.2
2026-06-15T18:00Z,114.1
2026-06-15T18:30Z,114.1
2026-06-15T19:00Z,113.6
2026-06-15T19:30Z,113.6
2026-06-15T20:00Z,115.4
2026-06-15T20:30Z,115.4
2026-06-15T21:00Z,118.9
2026-06-15T21:30Z,118.9
2026-06-15T22:00Z,124.7
2026-06-15T22:30Z,124.7
2026-06-15T23:00Z,136.2
2026-06-15T23:30Z,136.2
2026-06-16T00:00Z,142.1
2026-06-16T00:30Z,142.1
2026-06-16T01:00Z,149.1
2026-06-16T01:30Z,149.1
2026-06-16T02:00Z,221.4
2026-06-16T02:30Z,221.4
2026-06-16T03:00Z,336.5
2026-06-16T03:30Z,336.5
2026-06-16T04:00Z,362.4
2026-06-16T04:30Z,362.4
2026-06-16T05:00Z,350.7
2026-06-16T05:30Z,350.7
2026-06-16T06:00Z,306.7
2026-06-16T06:30Z,306.7
2026-06-16T07:00Z,271.9
2026-06-16T07:30Z,271.9
2026-06-16T08:00Z,234.3
2026-06-16T08:30Z,234.3
2026-06-16T09:00Z,207.4
2026-06-16T09:30Z,207.4
2026-06-16T10:00Z,173.7
2026-06-16T10:30Z,173.7
2026-06-16T11:00Z,161.5
2026-06-16T11:30Z,161.5
2026-06-16T12:00Z,182.2
2026-06-16T12:30Z,182.2
2026-06-16T13:00Z,192.5
2026-06-16T13:30Z,192.5
2026-06-16T14:00Z,130.1
2026-06-16T14:30Z,130.1
2026-06-16T15:00Z,102.7
2026-06-16T15:30Z,102.7
2026-06-16T16:00Z,97.6
2026-06-16T16:30Z,97.6
2026-06-16T17:00Z,96.8
2026-06-16T17:30Z,96.8
2026-06-16T18:00Z,98.2
2026-06-16T18:30Z,98.2
2026-06-16T19:00Z,100.3
2026-06-16T19:30Z,100.3
2026-06-16T20:00Z,102.3
2026-06-16T20:30Z,102.3
2026-06-16T21:00Z,101.9
2026-06-16T21:30Z,101.9
2026-06-16T22:00Z,103.0
2026-06-16T22:30Z,103.0
2026-06-16T23:00Z,108.0
2026-06-16T23:30Z,108.0
2026-06-17T00:00Z,112.4
2026-06-17T00:30Z,112.4
2026-06-17T01:00Z,127.9
2026-06-17T01:30Z,127.9
2026-06-17T02:00Z,195.1
2026-06-17T02:30Z,195.1
2026-06-17T03:00Z,333.6
2026-06-17T03:30Z,333.6
2026-06-17T04:00Z,360.6
2026-06-17T04:30Z,360.6
2026-06-17T05:00Z,337.4
2026-06-17T05:30Z,337.4
2026-06-17T06:00Z,306.3
2026-06-17T06:30Z,306.3
2026-06-17T07:00Z,252.7
2026-06-17T07:30Z,252.7
2026-06-17T08:00Z,226.1
2026-06-17T08:30Z,226.1
2026-06-17T09:00Z,200.9
2026-06-17T09:30Z,200.9
2026-06-17T10:00Z,166.3
2026-06-17T10:30Z,166.3
2026-06-17T11:00Z,142.5
2026-06-17T11:30Z,142.5
2026-06-17T12:00Z,144.8
2026-06-17T12:30Z,144.8
2026-06-17T13:00Z,154.2
2026-06-17T13:30Z,154.2
2026-06-17T14:00Z,119.5
2026-06-17T14:30Z,119.5
2026-06-17T15:00Z,100.0
2026-06-17T15:30Z,100.0
2026-06-17T16:00Z,100.5
2026-06-17T16:30Z,100.5
2026-06-17T17:00Z,98.4
2026-06-17T17:30Z,98.4
2026-06-17T18:00Z,94.0
2026-06-17T18:30Z,94.0
2026-06-17T19:00Z,92.4
2026-06-17T19:30Z,92.4
2026-06-17T20:00Z,89.3
2026-06-17T20:30Z,89.3
2026-06-17T21:00Z,87.9
2026-06-17T21:30Z,87.9
2026-06-17T22:00Z,89.8
2026-06-17T22:30Z,89.8
2026-06-17T23:00Z,91.1
2026-06-17T23:30Z,91.1
2026-06-18T00:00Z,94.1
2026-06-18T00:30Z,94.1
2026-06-18T01:00Z,98.1
2026-06-18T01:30Z,98.1
2026-06-18T02:00Z,140.5
2026-06-18T02:30Z,140.5
2026-06-18T03:00Z,277.9
2026-06-18T03:30Z,277.9
2026-06-18T04:00Z,322.3
2026-06-18T04:30Z,322.3
2026-06-18T05:00Z,311.8
2026-06-18T05:30Z,311.8
2026-06-18T06:00Z,257.8
2026-06-18T06:30Z,257.8
2026-06-18T07:00Z,227.8
2026-06-18T07:30Z,227.8
2026-06-18T08:00Z,217.3
2026-06-18T08:30Z,217.3
2026-06-18T09:00Z,184.1
2026-06-18T09:30Z,184.1
2026-06-18T10:00Z,147.3
2026-06-18T10:30Z,147.3
2026-06-18T11:00Z,140.8
2026-06-18T11:30Z,140.8
2026-06-18T12:00Z,144.4
2026-06-18T12:30Z,144.4
2026-06-18T13:00Z,166.7
2026-06-18T13:30Z,166.7
2026-06-18T14:00Z,123.2
2026-06-18T14:30Z,123.2
2026-06-18T15:00Z,87.9
2026-06-18T15:30Z,87.9
2026-06-18T16:00Z,87.2
2026-06-18T16:30Z,87.2
2026-06-18T17:00Z,89.8
2026-06-18T17:30Z,89.8
2026-06-18T18:00Z,89.5
2026-06-18T18:30Z,89.5
2026-06-18T19:00Z,91.1
2026-06-18T19:30Z,91.1
2026-06-18T20:00Z,90.7
2026-06-18T20:30Z,90.7
2026-06-18T21:00Z,88.1
2026-06-18T21:30Z,88.1
2026-06-18T22:00Z,85.5
2026-06-18T22:30Z,85.5
2026-06-18T23:00Z,88.1
2026-06-18T23:30Z,88.1
2026-06-19T00:00Z,91.2
2026-06-19T00:30Z,91.2
2026-06-19T01:00Z,95.9
2026-06-19T01:30Z,95.9
2026-06-19T02:00Z,144.6
2026-06-19T02:30Z,144.6
2026-06-19T03:00Z,289.1
2026-06-19T03:30Z,289.1
2026-06-19T04:00Z,328.2
2026-06-19T04:30Z,328.2
2026-06-19T05:00Z,307.4
2026-06-19T05:30Z,307.4
2026-06-19T06:00Z,268.8
2026-06-19T06:30Z,268.8
2026-06-19T07:00Z,241.0
2026-06-19T07:30Z,241.0
2026-06-19T08:00Z,233.2
2026-06-19T08:30Z,233.2
2026-06-19T09:00Z,194.4
2026-06-19T09:30Z,194.4
2026-06-19T10:00Z,172.8
2026-06-19T10:30Z,172.8
2026-06-19T11:00Z,170.2
2026-06-19T11:30Z,170.2
2026-06-19T12:00Z,182.1
2026-06-19T12:30Z,182.1
2026-06-19T13:00Z,189.1
2026-06-19T13:30Z,189.1
2026-06-19T14:00Z,135.9
2026-06-19T14:30Z,135.9
2026-06-19T15:00Z,89.9
2026-06-19T15:30Z,89.9
2026-06-19T16:00Z,84.1
2026-06-19T16:30Z,84.1
2026-06-19T17:00Z,84.9
2026-06-19T17:30Z,84.9
2026-06-19T18:00Z,81.2
2026-06-19T18:30Z,81.2
2026-06-19T19:00Z,80.5
2026-06-19T19:30Z,80.5
2026-06-19T20:00Z,77.8
2026-06-19T20:30Z,77.8
2026-06-19T21:00Z,77.3
2026-06-19T21:30Z,77.3
2026-06-19T22:00Z,78.1
2026-06-19T22:30Z,78.1
2026-06-19T23:00Z,80.5
2026-06-19T23:30Z,80.5
