wl,N,M,power,hard,cap,pen,alpha,beta,gamma,subset,mmin,region,window,fleet,startup,method,init,seed,seed_frac,exp,peak_demand,total_load,arrival_slots,carbon_kg,carbon_red_vs_naive_%,carbon_red_vs_consol_%,sla_%,viol_n,energy_kwh,cost_gbp,util_%,overload_%,feasible,makespan_h,nfe,runtime_s,peak_mem_mb
google,500,10,linear,True,False,10.0,0.4,0.3,0.3,0,0,UK,,uniform,none,FIFO,-,0,0.3333333333333333,E29,5.26,31.19,35,2.825576,0.0,-499.1141,0.0,0,31.5391,5.1517,5.275,0.0,True,24.5,0,0.0,0.0
google,500,10,linear,True,False,10.0,0.4,0.3,0.3,0,0,UK,,uniform,none,Consolidation,-,0,0.3333333333333333,E29,5.26,31.19,35,0.471626,83.3087,0.0,0.0,0,5.1891,0.8542,43.373,0.0,True,24.5,0,0.0,0.0
google,500,10,linear,True,False,10.0,0.4,0.3,0.3,0,0,UK,,uniform,none,Greedy(EDF+greenest),-,0,0.3333333333333333,E29,5.26,31.19,35,0.353564,87.487,25.033,0.0,0,4.6891,0.7568,49.264,0.0,True,26.0,0,0.0001,0.0
google,500,10,linear,True,False,10.0,0.4,0.3,0.3,0,0,UK,,uniform,none,VCC(Google),-,0,0.3333333333333333,E29,5.26,31.19,35,0.471626,83.3087,0.0,0.0,0,5.1891,0.8542,43.373,0.0,True,24.5,0,0.0016,0.0
google,500,10,linear,True,False,10.0,0.4,0.3,0.3,0,0,UK,,uniform,none,Threshold(WaitAwhile),-,0,0.3333333333333333,E29,5.26,31.19,35,0.438825,84.4695,6.9547,0.0,0,5.0391,0.8093,46.736,0.0,True,25.5,0,0.007,0.0
google,500,10,linear,True,False,10.0,0.4,0.3,0.3,0,0,UK,,uniform,none,WOA,random,1,0.3333333333333333,E29,5.26,31.19,35,0.451271,84.0291,4.3159,0.0,0,5.0391,0.8477,56.288,0.0,True,24.5,4840,1.2799,1.09
google,500,10,linear,True,False,10.0,0.4,0.3,0.3,0,0,UK,,uniform,none,WOA,random,2,0.3333333333333333,E29,5.26,31.19,35,0.437537,84.5151,7.2278,0.0,0,5.1391,0.8539,44.11,0.0,True,28.5,4840,1.255,1.06
google,500,10,linear,True,False,10.0,0.4,0.3,0.3,0,0,UK,,uniform,none,WOA,random,3,0.3333333333333333,E29,5.26,31.19,35,0.451881,84.0075,4.1866,0.0,0,5.0391,0.8235,47.209,0.0,True,24.5,4840,1.2371,1.01
google,500,10,linear,True,False,10.0,0.4,0.3,0.3,0,0,UK,,uniform,none,WOA,carbon,10,0.3333333333333333,E29,5.26,31.19,35,0.344917,87.793,26.8663,0.0,0,4.5891,0.7418,54.434,0.0,True,26.0,4840,1.2825,1.02
google,500,10,linear,True,False,10.0,0.4,0.3,0.3,0,0,UK,,uniform,low,FIFO,-,0,0.3333333333333333,E29,5.26,31.19,35,3.180388,0.0,-552.8552,0.0,0,35.5391,5.7761,5.275,0.0,True,24.5,0,0.0,0.0
google,500,10,linear,True,False,10.0,0.4,0.3,0.3,0,0,UK,,uniform,low,Consolidation,-,0,0.3333333333333333,E29,5.26,31.19,35,0.487151,84.6827,0.0,0.0,0,5.3641,0.8805,43.373,0.0,True,24.5,0,0.0,0.0
google,500,10,linear,True,False,10.0,0.4,0.3,0.3,0,0,UK,,uniform,low,Greedy(EDF+greenest),-,0,0.3333333333333333,E29,5.26,31.19,35,0.369151,88.3929,24.2224,0.0,0,4.9141,0.7905,49.264,0.0,True,26.0,0,0.0001,0.0
google,500,10,linear,True,False,10.0,0.4,0.3,0.3,0,0,UK,,uniform,low,VCC(Google),-,0,0.3333333333333333,E29,5.26,31.19,35,0.487151,84.6827,0.0,0.0,0,5.3641,0.8805,43.373,0.0,True,24.5,0,0.001,0.0
google,500,10,linear,True,False,10.0,0.4,0.3,0.3,0,0,UK,,uniform,low,Threshold(WaitAwhile),-,0,0.3333333333333333,E29,5.26,31.19,35,0.455713,85.6712,6.4534,0.0,0,5.2266,0.8374,46.736,0.0,True,25.5,0,0.0051,0.0
google,500,10,linear,True,False,10.0,0.4,0.3,0.3,0,0,UK,,uniform,low,WOA,random,1,0.3333333333333333,E29,5.26,31.19,35,0.449815,85.8566,7.6641,0.0,0,5.3016,0.8802,44.227,0.0,True,28.5,4840,1.3879,1.01
google,500,10,linear,True,False,10.0,0.4,0.3,0.3,0,0,UK,,uniform,low,WOA,random,2,0.3333333333333333,E29,5.26,31.19,35,0.449816,85.8566,7.6639,0.0,0,5.3016,0.8802,44.174,0.0,True,28.5,4840,1.3858,0.98
google,500,10,linear,True,False,10.0,0.4,0.3,0.3,0,0,UK,,uniform,high,WOA,carbon,8,0.3333333333333333,E29,5.26,31.19,35,0.396521,90.6587,25.707,0.0,0,5.2391,0.8393,52.412,0.0,True,26.0,4840,1.4268,1.01
google,500,10,linear,True,False,10.0,0.4,0.3,0.3,0,0,UK,,uniform,high,WOA,carbon,9,0.3333333333333333,E29,5.26,31.19,35,0.396914,90.6495,25.6333,0.0,0,5.2391,0.8393,55.718,0.0,True,26.0,4840,1.3864,1.07
google,500,10,linear,True,False,10.0,0.4,0.3,0.3,0,0,UK,,uniform,high,WOA,carbon,10,0.3333333333333333,E29,5.26,31.19,35,0.39091,90.7909,26.7583,0.0,0,5.1391,0.8243,56.349,0.0,True,26.0,4840,1.3972,0.99
google,500,10,linear,True,False,10.0,0.4,0.3,0.3,0,0,UK,,mixed,none,FIFO,-,0,0.3333333333333333,E29,5.26,31.19,35,1.328865,0.0,-214.5193,0.0,0,14.8399,2.5772,5.275,0.0,True,24.5,0,0.0,0.0
google,500,10,linear,True,False,10.0,0.4,0.3,0.3,0,0,UK,,mixed,none,Consolidation,-,0,0.3333333333333333,E29,5.26,31.19,35,0.422507,68.2054,0.0,0.0,0,4.6153,0.7679,43.373,0.0,True,24.5,0,0.0,0.0
google,500,10,linear,True,False,10.0,0.4,0.3,0.3,0,0,UK,,mixed,none,Greedy(EDF+greenest),-,0,0.3333333333333333,E29,5.26,31.19,35,0.309294,76.7249,26.7954,0.0,0,4.0719,0.6636,49.264,0.0,True,26.0,0,0.0002,0.0
google,500,10,linear,True,False,10.0,0.4,0.3,0.3,0,0,UK,,mixed,none,VCC(Google),-,0,0.3333333333333333,E29,5.26,31.19,35,0.422507,68.2054,0.0,0.0,0,4.6153,0.7679,43.373,0.0,True,24.5,0,0.0016,0.0
google,500,10,linear,True,False,10.0,0.4,0.3,0.3,0,0,UK,,mixed,none,Threshold(WaitAwhile),-,0,0.3333333333333333,E29,5.26,31.19,35,0.37605,71.7014,10.9954,0.0,0,4.3403,0.7038,46.736,0.0,True,25.5,0,0.0067,0.0
google,500,10,linear,True,False,10.0,0.4,0.3,0.3,0,0,UK,,uniform,low,WOA,carbon,9,0.3333333333333333,E29,5.26,31.19,35,0.361669,88.6282,25.7583,0.0,0,4.8391,0.7793,50.328,0.0,True,26.0,4840,1.4813,1.01
google,500,10,linear,True,False,10.0,0.4,0.3,0.3,0,0,UK,,uniform,low,WOA,carbon,10,0.3333333333333333,E29,5.26,31.19,35,0.354248,88.8615,27.2816,0.0,0,4.7016,0.7587,56.152,0.0,True,26.0,4840,1.4567,1.06
google,500,10,linear,True,False,10.0,0.4,0.3,0.3,0,0,UK,,uniform,high,FIFO,-,0,0.3333333333333333,E29,5.26,31.19,35,4.244826,0.0,-695.3198,0.0,0,47.5391,7.6492,5.275,0.0,True,24.5,0,0.0,0.0
google,500,10,linear,True,False,10.0,0.4,0.3,0.3,0,0,UK,,uniform,high,Consolidation,-,0,0.3333333333333333,E29,5.26,31.19,35,0.533726,87.4264,0.0,0.0,0,5.8891,0.9592,43.373,0.0,True,24.5,0,0.0,0.0
google,500,10,linear,True,False,10.0,0.4,0.3,0.3,0,0,UK,,uniform,high,Greedy(EDF+greenest),-,0,0.3333333333333333,E29,5.26,31.19,35,0.415914,90.2019,22.0735,0.0,0,5.5891,0.8918,49.264,0.0,True,26.0,0,0.0001,0.0
google,500,10,linear,True,False,10.0,0.4,0.3,0.3,0,0,UK,,uniform,high,VCC(Google),-,0,0.3333333333333333,E29,5.26,31.19,35,0.533726,87.4264,0.0,0.0,0,5.8891,0.9592,43.373,0.0,True,24.5,0,0.0015,0.0
google,500,10,linear,True,False,10.0,0.4,0.3,0.3,0,0,UK,,uniform,high,Threshold(WaitAwhile),-,0,0.3333333333333333,E29,5.26,31.19,35,0.506375,88.0708,5.1244,0.0,0,5.7891,0.9218,46.736,0.0,True,25.5,0,0.0064,0.0
google,500,10,linear,True,False,10.0,0.4,0.3,0.3,0,0,UK,,uniform,high,WOA,random,1,0.3333333333333333,E29,5.26,31.19,35,0.466914,89.0004,12.5179,0.0,0,5.1891,0.8659,56.031,0.0,True,25.0,4840,1.451,1.06
google,500,10,linear,True,False,10.0,0.4,0.3,0.3,0,0,UK,,uniform,none,WOA,carbon,2,0.3333333333333333,E29,5.26,31.19,35,0.342044,87.8947,27.4756,0.0,0,4.5391,0.7343,54.958,0.0,True,26.0,4840,1.2962,0.99
google,500,10,linear,True,False,10.0,0.4,0.3,0.3,0,0,UK,,uniform,none,WOA,carbon,3,0.3333333333333333,E29,5.26,31.19,35,0.341864,87.9011,27.5138,0.0,0,4.5391,0.7343,54.455,0.0,True,26.0,4840,1.2352,1.01
google,500,10,linear,True,False,10.0,0.4,0.3,0.3,0,0,UK,,uniform,none,WOA,carbon,4,0.3333333333333333,E29,5.26,31.19,35,0.34556,87.7703,26.73,0.0,0,4.5891,0.7418,53.95,0.0,True,26.0,4840,1.2382,1.0
google,500,10,linear,True,False,10.0,0.4,0.3,0.3,0,0,UK,,uniform,none,WOA,carbon,5,0.3333333333333333,E29,5.26,31.19,35,0.345459,87.7739,26.7515,0.0,0,4.5891,0.7418,53.777,0.0,True,26.0,4840,1.236,1.04
google,500,10,linear,True,False,10.0,0.4,0.3,0.3,0,0,UK,,uniform,none,WOA,carbon,6,0.3333333333333333,E29,5.26,31.19,35,0.345212,87.7826,26.8037,0.0,0,4.5891,0.7418,52.769,0.0,True,26.0,4840,1.2342,0.96
google,500,10,linear,True,False,10.0,0.4,0.3,0.3,0,0,UK,,uniform,none,WOA,carbon,7,0.3333333333333333,E29,5.26,31.19,35,0.344802,87.7971,26.8907,0.0,0,4.5891,0.7418,53.535,0.0,True,26.0,4840,1.2404,1.0
google,500,10,linear,True,False,10.0,0.4,0.3,0.3,0,0,UK,,uniform,none,WOA,carbon,8,0.3333333333333333,E29,5.26,31.19,35,0.345186,87.7835,26.8093,0.0,0,4.5891,0.7418,52.254,0.0,True,26.0,4840,1.2422,0.93
google,500,10,linear,True,False,10.0,0.4,0.3,0.3,0,0,UK,,uniform,none,WOA,carbon,9,0.3333333333333333,E29,5.26,31.19,35,0.348129,87.6794,26.1854,0.0,0,4.6391,0.7493,51.187,0.0,True,26.0,4840,1.2364,0.94
google,500,10,linear,True,False,10.0,0.4,0.3,0.3,0,0,UK,,uniform,none,WOA,random,4,0.3333333333333333,E29,5.26,31.19,35,0.437226,84.5261,7.2938,0.0,0,5.1391,0.8533,44.302,0.0,True,28.5,4840,1.3097,1.07
google,500,10,linear,True,False,10.0,0.4,0.3,0.3,0,0,UK,,uniform,none,WOA,random,5,0.3333333333333333,E29,5.26,31.19,35,0.428123,84.8483,9.2239,0.0,0,5.0891,0.8378,46.933,0.0,True,27.5,4840,1.2477,1.11
google,500,10,linear,True,False,10.0,0.4,0.3,0.3,0,0,UK,,uniform,none,WOA,random,6,0.3333333333333333,E29,5.26,31.19,35,0.437691,84.5097,7.1952,0.0,0,5.1391,0.8545,44.046,0.0,True,28.5,4840,1.2541,1.01
google,500,10,linear,True,False,10.0,0.4,0.3,0.3,0,0,UK,,uniform,none,WOA,random,7,0.3333333333333333,E29,5.26,31.19,35,0.437837,84.5045,7.1642,0.0,0,5.1391,0.8545,44.11,0.0,True,28.5,4840,1.2503,0.98
google,500,10,linear,True,False,10.0,0.4,0.3,0.3,0,0,UK,,uniform,none,WOA,random,8,0.3333333333333333,E29,5.26,31.19,35,0.44072,84.4025,6.553,0.0,0,5.1891,0.862,43.373,0.0,True,28.5,4840,1.2444,0.95
google,500,10,linear,True,False,10.0,0.4,0.3,0.3,0,0,UK,,uniform,none,WOA,random,9,0.3333333333333333,E29,5.26,31.19,35,0.456683,83.8375,3.1682,0.0,0,5.0891,0.8589,55.254,0.0,True,27.0,4840,1.2571,1.02
google,500,10,linear,True,False,10.0,0.4,0.3,0.3,0,0,UK,,uniform,none,WOA,random,10,0.3333333333333333,E29,5.26,31.19,35,0.440697,84.4033,6.5578,0.0,0,5.1891,0.862,43.373,0.0,True,28.5,4840,1.2663,0.97
google,500,10,linear,True,False,10.0,0.4,0.3,0.3,0,0,UK,,uniform,none,WOA,carbon,1,0.3333333333333333,E29,5.26,31.19,35,0.349545,87.6292,25.8851,0.0,0,4.6391,0.7493,51.592,0.0,True,26.0,4840,1.2443,1.02
google,500,10,linear,True,False,10.0,0.4,0.3,0.3,0,0,UK,,uniform,low,WOA,random,3,0.3333333333333333,E29,5.26,31.19,35,0.463452,85.4278,4.8648,0.0,0,5.2641,0.8877,51.369,0.0,True,28.0,4840,1.4348,1.06
google,500,10,linear,True,False,10.0,0.4,0.3,0.3,0,0,UK,,uniform,low,WOA,random,4,0.3333333333333333,E29,5.26,31.19,35,0.44953,85.8656,7.7226,0.0,0,5.3016,0.8802,44.11,0.0,True,28.5,4840,1.3975,1.02
google,500,10,linear,True,False,10.0,0.4,0.3,0.3,0,0,UK,,uniform,low,WOA,random,5,0.3333333333333333,E29,5.26,31.19,35,0.45357,85.7385,6.8933,0.0,0,5.3641,0.8901,43.373,0.0,True,28.5,4840,1.392,0.97
google,500,10,linear,True,False,10.0,0.4,0.3,0.3,0,0,UK,,uniform,low,WOA,random,6,0.3333333333333333,E29,5.26,31.19,35,0.45357,85.7385,6.8933,0.0,0,5.3641,0.8901,43.373,0.0,True,28.5,4840,1.3928,0.96
google,500,10,linear,True,False,10.0,0.4,0.3,0.3,0,0,UK,,uniform,low,WOA,random,7,0.3333333333333333,E29,5.26,31.19,35,0.45357,85.7385,6.8933,0.0,0,5.3641,0.8901,43.373,0.0,True,28.5,4840,1.4078,0.94
google,500,10,linear,True,False,10.0,0.4,0.3,0.3,0,0,UK,,uniform,low,WOA,random,8,0.3333333333333333,E29,5.26,31.19,35,0.449886,85.8544,7.6495,0.0,0,5.3016,0.8807,44.11,0.0,True,28.5,4840,1.3771,0.97
google,500,10,linear,True,False,10.0,0.4,0.3,0.3,0,0,UK,,uniform,low,WOA,random,9,0.3333333333333333,E29,5.26,31.19,35,0.45357,85.7385,6.8933,0.0,0,5.3641,0.8901,43.373,0.0,True,28.5,4840,1.4068,0.96
google,500,10,linear,True,False,10.0,0.4,0.3,0.3,0,0,UK,,uniform,low,WOA,random,10,0.3333333333333333,E29,5.26,31.19,35,0.453529,85.7398,6.9018,0.0,0,5.3641,0.8901,43.341,0.0,True,28.5,4840,1.404,0.95
google,500,10,linear,True,False,10.0,0.4,0.3,0.3,0,0,UK,,uniform,high,WOA,random,2,0.3333333333333333,E29,5.26,31.19,35,0.472946,88.8583,11.3877,0.0,0,5.5891,0.9203,46.929,0.0,True,28.5,4840,1.4346,1.07
google,500,10,linear,True,False,10.0,0.4,0.3,0.3,0,0,UK,,uniform,high,WOA,random,3,0.3333333333333333,E29,5.26,31.19,35,0.474201,88.8287,11.1526,0.0,0,5.3391,0.8959,54.228,0.0,True,27.0,4840,1.3928,1.07
google,500,10,linear,True,False,10.0,0.4,0.3,0.3,0,0,UK,,uniform,high,WOA,random,4,0.3333333333333333,E29,5.26,31.19,35,0.472643,88.8654,11.4446,0.0,0,5.4891,0.9128,50.958,0.0,True,26.0,4840,1.3965,1.07
google,500,10,linear,True,False,10.0,0.4,0.3,0.3,0,0,UK,,uniform,high,WOA,random,5,0.3333333333333333,E29,5.26,31.19,35,0.461801,89.1208,13.4759,0.0,0,5.2891,0.8934,53.955,0.0,True,25.5,4840,1.3954,1.06
google,500,10,linear,True,False,10.0,0.4,0.3,0.3,0,0,UK,,uniform,high,WOA,random,6,0.3333333333333333,E29,5.26,31.19,35,0.473402,88.8476,11.3025,0.0,0,5.3391,0.8972,54.385,0.0,True,25.5,4840,1.3754,1.02
google,500,10,linear,True,False,10.0,0.4,0.3,0.3,0,0,UK,,uniform,high,WOA,random,7,0.3333333333333333,E29,5.26,31.19,35,0.472347,88.8724,11.5,0.0,0,5.2391,0.8837,54.353,0.0,True,26.5,4840,1.3908,1.14
google,500,10,linear,True,False,10.0,0.4,0.3,0.3,0,0,UK,,uniform,high,WOA,random,8,0.3333333333333333,E29,5.26,31.19,35,0.472505,88.8687,11.4704,0.0,0,5.2891,0.8906,54.755,0.0,True,27.0,4840,1.3912,1.0
google,500,10,linear,True,False,10.0,0.4,0.3,0.3,0,0,UK,,uniform,high,WOA,random,9,0.3333333333333333,E29,5.26,31.19,35,0.467783,88.9799,12.3552,0.0,0,5.1891,0.8728,56.478,0.0,True,27.0,4840,1.4138,1.01
google,500,10,linear,True,False,10.0,0.4,0.3,0.3,0,0,UK,,uniform,high,WOA,random,10,0.3333333333333333,E29,5.26,31.19,35,0.479687,88.6995,10.1249,0.0,0,5.3391,0.8959,53.716,0.0,True,25.5,4840,1.4518,1.04
google,500,10,linear,True,False,10.0,0.4,0.3,0.3,0,0,UK,,uniform,high,WOA,carbon,1,0.3333333333333333,E29,5.26,31.19,35,0.390331,90.8045,26.8667,0.0,0,5.1891,0.8318,54.295,0.0,True,26.0,4840,1.3953,1.08
google,500,10,linear,True,False,10.0,0.4,0.3,0.3,0,0,UK,,uniform,high,WOA,carbon,2,0.3333333333333333,E29,5.26,31.19,35,0.383676,90.9613,28.1136,0.0,0,5.0891,0.8168,58.097,0.0,True,26.0,4840,1.3878,1.0
google,500,10,linear,True,False,10.0,0.4,0.3,0.3,0,0,UK,,uniform,high,WOA,carbon,3,0.3333333333333333,E29,5.26,31.19,35,0.405124,90.4561,24.0951,0.0,0,5.4391,0.8693,49.062,0.0,True,26.0,4840,1.3957,0.97
google,500,10,linear,True,False,10.0,0.4,0.3,0.3,0,0,UK,,uniform,high,WOA,carbon,4,0.3333333333333333,E29,5.26,31.19,35,0.397415,90.6377,25.5394,0.0,0,5.2391,0.8393,53.832,0.0,True,26.5,4840,1.3881,1.0
google,500,10,linear,True,False,10.0,0.4,0.3,0.3,0,0,UK,,uniform,high,WOA,carbon,5,0.3333333333333333,E29,5.26,31.19,35,0.394269,90.7118,26.129,0.0,0,5.2391,0.8393,55.053,0.0,True,26.0,4840,1.4036,1.01
google,500,10,linear,True,False,10.0,0.4,0.3,0.3,0,0,UK,,uniform,high,WOA,carbon,6,0.3333333333333333,E29,5.26,31.19,35,0.399292,90.5934,25.1877,0.0,0,5.3891,0.8618,53.103,0.0,True,26.0,4840,1.3985,0.96
google,500,10,linear,True,False,10.0,0.4,0.3,0.3,0,0,UK,,uniform,high,WOA,carbon,7,0.3333333333333333,E29,5.26,31.19,35,0.403668,90.4904,24.3679,0.0,0,5.3391,0.8543,49.854,0.0,True,26.5,4840,1.3923,1.04
google,500,10,linear,True,False,10.0,0.4,0.3,0.3,0,0,UK,,uniform,low,WOA,carbon,1,0.3333333333333333,E29,5.26,31.19,35,0.357721,88.7523,26.5687,0.0,0,4.7516,0.7662,53.508,0.0,True,26.0,4840,1.4268,1.02
google,500,10,linear,True,False,10.0,0.4,0.3,0.3,0,0,UK,,uniform,low,WOA,carbon,2,0.3333333333333333,E29,5.26,31.19,35,0.353631,88.8809,27.4083,0.0,0,4.7016,0.7587,54.958,0.0,True,26.0,4840,1.4005,0.97
google,500,10,linear,True,False,10.0,0.4,0.3,0.3,0,0,UK,,uniform,low,WOA,carbon,3,0.3333333333333333,E29,5.26,31.19,35,0.353455,88.8864,27.4444,0.0,0,4.7016,0.7587,54.594,0.0,True,26.0,4840,1.4133,0.97
google,500,10,linear,True,False,10.0,0.4,0.3,0.3,0,0,UK,,uniform,low,WOA,carbon,4,0.3333333333333333,E29,5.26,31.19,35,0.35867,88.7224,26.3739,0.0,0,4.7891,0.7718,52.11,0.0,True,26.0,4840,1.4109,0.99
google,500,10,linear,True,False,10.0,0.4,0.3,0.3,0,0,UK,,uniform,low,WOA,carbon,5,0.3333333333333333,E29,5.26,31.19,35,0.353945,88.871,27.3438,0.0,0,4.7141,0.7605,55.304,0.0,True,26.0,4840,1.4024,1.0
google,500,10,linear,True,False,10.0,0.4,0.3,0.3,0,0,UK,,uniform,low,WOA,carbon,6,0.3333333333333333,E29,5.26,31.19,35,0.356811,88.7809,26.7555,0.0,0,4.7391,0.7643,55.441,0.0,True,26.0,4840,1.4062,0.96
google,500,10,linear,True,False,10.0,0.4,0.3,0.3,0,0,UK,,uniform,low,WOA,carbon,7,0.3333333333333333,E29,5.26,31.19,35,0.353149,88.8961,27.5073,0.0,0,4.6891,0.7568,54.301,0.0,True,26.0,4840,1.3935,1.0
google,500,10,linear,True,False,10.0,0.4,0.3,0.3,0,0,UK,,uniform,low,WOA,carbon,8,0.3333333333333333,E29,5.26,31.19,35,0.358681,88.7221,26.3716,0.0,0,4.7891,0.7718,52.419,0.0,True,26.0,4840,1.399,0.96
google,500,10,linear,True,False,10.0,0.4,0.3,0.3,0,0,UK,,mixed,none,WOA,carbon,7,0.3333333333333333,E29,5.26,31.19,35,0.301679,77.298,28.5977,0.0,0,3.9553,0.6461,52.078,0.0,True,26.0,4840,2.4108,1.05
google,500,10,linear,True,False,10.0,0.4,0.3,0.3,0,0,UK,,mixed,none,WOA,carbon,8,0.3333333333333333,E29,5.26,31.19,35,0.304611,77.0774,27.9039,0.0,0,4.0169,0.6553,50.379,0.0,True,26.0,4840,2.3852,0.96
google,500,10,linear,True,False,10.0,0.4,0.3,0.3,0,0,UK,,mixed,none,WOA,carbon,9,0.3333333333333333,E29,5.26,31.19,35,0.304983,77.0494,27.8158,0.0,0,4.0103,0.6543,52.439,0.0,True,26.0,4840,2.3916,0.97
google,500,10,linear,True,False,10.0,0.4,0.3,0.3,0,0,UK,,mixed,none,WOA,carbon,10,0.3333333333333333,E29,5.26,31.19,35,0.304226,77.1063,27.995,0.0,0,4.0082,0.654,49.16,0.0,True,26.0,4840,2.4344,1.02
google,500,10,linear,True,False,10.0,0.4,0.3,0.3,0,0,UK,,mixed,low,FIFO,-,0,0.3333333333333333,E29,5.26,31.19,35,1.683677,0.0,-284.3735,0.0,0,18.8399,3.2016,5.275,0.0,True,24.5,0,0.0,0.0
google,500,10,linear,True,False,10.0,0.4,0.3,0.3,0,0,UK,,mixed,low,Consolidation,-,0,0.3333333333333333,E29,5.26,31.19,35,0.438032,73.9836,0.0,0.0,0,4.7903,0.7941,43.373,0.0,True,24.5,0,0.0,0.0
google,500,10,linear,True,False,10.0,0.4,0.3,0.3,0,0,UK,,mixed,low,Greedy(EDF+greenest),-,0,0.3333333333333333,E29,5.26,31.19,35,0.324882,80.704,25.8314,0.0,0,4.2969,0.6973,49.264,0.0,True,26.0,0,0.0001,0.0
google,500,10,linear,True,False,10.0,0.4,0.3,0.3,0,0,UK,,mixed,low,VCC(Google),-,0,0.3333333333333333,E29,5.26,31.19,35,0.438032,73.9836,0.0,0.0,0,4.7903,0.7941,43.373,0.0,True,24.5,0,0.0012,0.0
google,500,10,linear,True,False,10.0,0.4,0.3,0.3,0,0,UK,,mixed,low,WOA,carbon,6,0.3333333333333333,E29,5.26,31.19,35,0.317098,81.1664,27.6085,0.0,0,4.1853,0.6806,56.509,0.0,True,26.0,4840,2.6309,1.03
google,500,10,linear,True,False,10.0,0.4,0.3,0.3,0,0,UK,,mixed,low,WOA,carbon,7,0.3333333333333333,E29,5.26,31.19,35,0.315897,81.2376,27.8825,0.0,0,4.1553,0.6761,51.847,0.0,True,26.0,4840,2.6452,0.99
google,500,10,linear,True,False,10.0,0.4,0.3,0.3,0,0,UK,,mixed,low,WOA,carbon,8,0.3333333333333333,E29,5.26,31.19,35,0.319461,81.026,27.069,0.0,0,4.2294,0.6872,50.379,0.0,True,26.0,4840,2.6432,0.96
google,500,10,linear,True,False,10.0,0.4,0.3,0.3,0,0,UK,,mixed,low,WOA,carbon,9,0.3333333333333333,E29,5.26,31.19,35,0.319894,81.0003,26.9701,0.0,0,4.2355,0.6881,48.443,0.0,True,26.0,4840,2.7328,0.97
google,500,10,linear,True,False,10.0,0.4,0.3,0.3,0,0,UK,,mixed,low,WOA,carbon,10,0.3333333333333333,E29,5.26,31.19,35,0.315101,81.2849,28.0643,0.0,0,4.1428,0.6742,55.062,0.0,True,26.0,4840,2.7853,0.98
google,500,10,linear,True,False,10.0,0.4,0.3,0.3,0,0,UK,,mixed,high,FIFO,-,0,0.3333333333333333,E29,5.26,31.19,35,2.748115,0.0,-467.0815,0.0,0,30.8399,5.0747,5.275,0.0,True,24.5,0,0.0,0.0
google,500,10,linear,True,False,10.0,0.4,0.3,0.3,0,0,UK,,mixed,high,Consolidation,-,0,0.3333333333333333,E29,5.26,31.19,35,0.484607,82.3659,0.0,0.0,0,5.3153,0.8729,43.373,0.0,True,24.5,0,0.0,0.0
google,500,10,linear,True,False,10.0,0.4,0.3,0.3,0,0,UK,,mixed,high,Greedy(EDF+greenest),-,0,0.3333333333333333,E29,5.26,31.19,35,0.371644,86.4764,23.3101,0.0,0,4.9719,0.7986,49.264,0.0,True,26.0,0,0.0001,0.0
google,500,10,linear,True,False,10.0,0.4,0.3,0.3,0,0,UK,,mixed,none,WOA,random,1,0.3333333333333333,E29,5.26,31.19,35,0.397438,70.0919,5.9333,0.0,0,4.5603,0.7503,47.136,0.0,True,28.0,4840,2.4238,1.11
google,500,10,linear,True,False,10.0,0.4,0.3,0.3,0,0,UK,,mixed,none,WOA,random,2,0.3333333333333333,E29,5.26,31.19,35,0.405507,69.4847,4.0235,0.0,0,4.4503,0.7431,45.178,0.0,True,24.5,4840,2.4,1.0
google,500,10,linear,True,False,10.0,0.4,0.3,0.3,0,0,UK,,mixed,none,WOA,random,3,0.3333333333333333,E29,5.26,31.19,35,0.404245,69.5797,4.3221,0.0,0,4.4503,0.7338,46.595,0.0,True,24.5,4840,2.3794,1.06
google,500,10,linear,True,False,10.0,0.4,0.3,0.3,0,0,UK,,mixed,none,WOA,random,4,0.3333333333333333,E29,5.26,31.19,35,0.416939,68.6244,1.3177,0.0,0,4.5603,0.7596,44.636,0.0,True,24.5,4840,2.3871,1.03
google,500,10,linear,True,False,10.0,0.4,0.3,0.3,0,0,UK,,mixed,none,WOA,random,5,0.3333333333333333,E29,5.26,31.19,35,0.422383,68.2147,0.0292,0.0,0,4.6153,0.7679,43.373,0.0,True,24.5,4840,2.376,0.97
google,500,10,linear,True,False,10.0,0.4,0.3,0.3,0,0,UK,,mixed,none,WOA,random,6,0.3333333333333333,E29,5.26,31.19,35,0.416753,68.6384,1.3617,0.0,0,4.5603,0.7596,44.11,0.0,True,24.5,4840,2.431,1.0
google,500,10,linear,True,False,10.0,0.4,0.3,0.3,0,0,UK,,mixed,none,WOA,random,7,0.3333333333333333,E29,5.26,31.19,35,0.410633,69.099,2.8103,0.0,0,4.5603,0.759,47.333,0.0,True,25.0,4840,2.5467,1.03
google,500,10,linear,True,False,10.0,0.4,0.3,0.3,0,0,UK,,mixed,none,WOA,random,8,0.3333333333333333,E29,5.26,31.19,35,0.415768,68.7125,1.5948,0.0,0,4.5603,0.7596,44.264,0.0,True,24.5,4840,2.5298,1.01
google,500,10,linear,True,False,10.0,0.4,0.3,0.3,0,0,UK,,mixed,none,WOA,random,9,0.3333333333333333,E29,5.26,31.19,35,0.39877,69.9917,5.618,0.0,0,4.6153,0.7661,43.373,0.0,True,28.5,4840,2.429,0.98
google,500,10,linear,True,False,10.0,0.4,0.3,0.3,0,0,UK,,mixed,none,WOA,random,10,0.3333333333333333,E29,5.26,31.19,35,0.408662,69.2473,3.2768,0.0,0,4.5053,0.7514,45.292,0.0,True,24.5,4840,2.3889,1.01
google,500,10,linear,True,False,10.0,0.4,0.3,0.3,0,0,UK,,mixed,none,WOA,carbon,1,0.3333333333333333,E29,5.26,31.19,35,0.301568,77.3063,28.624,0.0,0,3.9553,0.6461,50.7,0.0,True,26.0,4840,2.3805,1.01
google,500,10,linear,True,False,10.0,0.4,0.3,0.3,0,0,UK,,mixed,none,WOA,carbon,2,0.3333333333333333,E29,5.26,31.19,35,0.30432,77.0992,27.9727,0.0,0,4.0094,0.6542,54.227,0.0,True,26.0,4840,2.396,0.99
google,500,10,linear,True,False,10.0,0.4,0.3,0.3,0,0,UK,,mixed,none,WOA,carbon,3,0.3333333333333333,E29,5.26,31.19,35,0.30437,77.0955,27.9609,0.0,0,4.0105,0.6544,47.122,0.0,True,26.0,4840,2.3877,0.99
google,500,10,linear,True,False,10.0,0.4,0.3,0.3,0,0,UK,,mixed,none,WOA,carbon,4,0.3333333333333333,E29,5.26,31.19,35,0.302181,77.2602,28.4791,0.0,0,3.9553,0.6461,54.521,0.0,True,26.0,4840,2.4453,1.0
google,500,10,linear,True,False,10.0,0.4,0.3,0.3,0,0,UK,,mixed,none,WOA,carbon,5,0.3333333333333333,E29,5.26,31.19,35,0.304228,77.1062,27.9946,0.0,0,4.0076,0.6539,49.574,0.0,True,26.0,4840,2.5261,0.98
google,500,10,linear,True,False,10.0,0.4,0.3,0.3,0,0,UK,,mixed,none,WOA,carbon,6,0.3333333333333333,E29,5.26,31.19,35,0.304186,77.1093,28.0045,0.0,0,4.0059,0.6537,55.518,0.0,True,26.0,4840,2.5115,1.0
google,500,10,linear,True,False,10.0,0.4,0.3,0.3,0,0,UK,,mixed,low,Threshold(WaitAwhile),-,0,0.3333333333333333,E29,5.26,31.19,35,0.392938,76.6619,10.2947,0.0,0,4.5278,0.7319,46.736,0.0,True,25.5,0,0.0066,0.0
google,500,10,linear,True,False,10.0,0.4,0.3,0.3,0,0,UK,,mixed,low,WOA,random,1,0.3333333333333333,E29,5.26,31.19,35,0.423847,74.8261,3.2382,0.0,0,4.7453,0.7993,50.315,0.0,True,25.5,4840,2.5537,1.05
google,500,10,linear,True,False,10.0,0.4,0.3,0.3,0,0,UK,,mixed,low,WOA,random,2,0.3333333333333333,E29,5.26,31.19,35,0.418519,75.1425,4.4545,0.0,0,4.6003,0.7656,45.178,0.0,True,24.5,4840,2.5516,0.97
google,500,10,linear,True,False,10.0,0.4,0.3,0.3,0,0,UK,,mixed,low,WOA,random,3,0.3333333333333333,E29,5.26,31.19,35,0.426739,74.6543,2.578,0.0,0,4.7328,0.8083,50.806,0.0,True,25.0,4840,2.5608,0.98
google,500,10,linear,True,False,10.0,0.4,0.3,0.3,0,0,UK,,mixed,low,WOA,random,4,0.3333333333333333,E29,5.26,31.19,35,0.424339,74.7969,3.1259,0.0,0,4.7078,0.8019,53.945,0.0,True,24.5,4840,2.6126,0.99
google,500,10,linear,True,False,10.0,0.4,0.3,0.3,0,0,UK,,mixed,low,WOA,random,5,0.3333333333333333,E29,5.26,31.19,35,0.418531,75.1419,4.4519,0.0,0,4.6253,0.7694,45.785,0.0,True,24.5,4840,2.6887,1.05
google,500,10,linear,True,False,10.0,0.4,0.3,0.3,0,0,UK,,mixed,low,WOA,random,6,0.3333333333333333,E29,5.26,31.19,35,0.425639,74.7197,2.8291,0.0,0,4.7203,0.8062,52.665,0.0,True,24.5,4840,2.7226,1.01
google,500,10,linear,True,False,10.0,0.4,0.3,0.3,0,0,UK,,mixed,low,WOA,random,7,0.3333333333333333,E29,5.26,31.19,35,0.42333,74.8568,3.3562,0.0,0,4.6678,0.7757,46.674,0.0,True,24.5,4840,2.6954,1.0
google,500,10,linear,True,False,10.0,0.4,0.3,0.3,0,0,UK,,skewed,none,Greedy(EDF+greenest),-,0,0.3333333333333333,E29,5.26,31.19,35,0.361003,77.9164,26.5364,0.0,0,4.7833,0.7709,49.264,0.0,True,26.0,0,0.0001,0.0
google,500,10,linear,True,False,10.0,0.4,0.3,0.3,0,0,UK,,skewed,none,VCC(Google),-,0,0.3333333333333333,E29,5.26,31.19,35,0.491403,69.9394,0.0,0.0,0,5.407,0.8869,43.373,0.0,True,24.5,0,0.0015,0.0
google,500,10,linear,True,False,10.0,0.4,0.3,0.3,0,0,UK,,skewed,none,Threshold(WaitAwhile),-,0,0.3333333333333333,E29,5.26,31.19,35,0.458603,71.9459,6.6748,0.0,0,5.257,0.842,46.736,0.0,True,25.5,0,0.0053,0.0
google,500,10,linear,True,False,10.0,0.4,0.3,0.3,0,0,UK,,skewed,none,WOA,random,1,0.3333333333333333,E29,5.26,31.19,35,0.448528,72.5622,8.7251,0.0,0,4.9891,0.8408,57.511,0.0,True,24.5,4840,2.438,1.09
google,500,10,linear,True,False,10.0,0.4,0.3,0.3,0,0,UK,,skewed,none,WOA,random,2,0.3333333333333333,E29,5.26,31.19,35,0.435986,73.3295,11.2773,0.0,0,5.1034,0.8474,47.081,0.0,True,28.5,4840,2.5369,1.01
google,500,10,linear,True,False,10.0,0.4,0.3,0.3,0,0,UK,,skewed,none,WOA,random,3,0.3333333333333333,E29,5.26,31.19,35,0.457831,71.9931,6.8319,0.0,0,5.1891,0.877,50.83,0.0,True,28.0,4840,2.5202,0.99
google,500,10,linear,True,False,10.0,0.4,0.3,0.3,0,0,UK,,skewed,none,WOA,random,4,0.3333333333333333,E29,5.26,31.19,35,0.443794,72.8518,9.6884,0.0,0,5.2068,0.856,46.866,0.0,True,28.5,4840,2.5247,1.02
google,500,10,linear,True,False,10.0,0.4,0.3,0.3,0,0,UK,,skewed,none,WOA,random,5,0.3333333333333333,E29,5.26,31.19,35,0.44239,72.9377,9.9742,0.0,0,5.0391,0.8554,53.581,0.0,True,25.5,4840,2.5821,1.01
google,500,10,linear,True,False,10.0,0.4,0.3,0.3,0,0,UK,,skewed,low,Consolidation,-,0,0.3333333333333333,E29,5.26,31.19,35,0.506928,74.5201,0.0,0.0,0,5.582,0.9132,43.373,0.0,True,24.5,0,0.0,0.0
google,500,10,linear,True,False,10.0,0.4,0.3,0.3,0,0,UK,,skewed,low,Greedy(EDF+greenest),-,0,0.3333333333333333,E29,5.26,31.19,35,0.37659,81.0713,25.7113,0.0,0,5.0083,0.8047,49.264,0.0,True,26.0,0,0.0001,0.0
google,500,10,linear,True,False,10.0,0.4,0.3,0.3,0,0,UK,,skewed,low,VCC(Google),-,0,0.3333333333333333,E29,5.26,31.19,35,0.506928,74.5201,0.0,0.0,0,5.582,0.9132,43.373,0.0,True,24.5,0,0.0015,0.0
google,500,10,linear,True,False,10.0,0.4,0.3,0.3,0,0,UK,,skewed,low,Threshold(WaitAwhile),-,0,0.3333333333333333,E29,5.26,31.19,35,0.475491,76.1003,6.2016,0.0,0,5.4445,0.8701,46.736,0.0,True,25.5,0,0.0065,0.0
google,500,10,linear,True,False,10.0,0.4,0.3,0.3,0,0,UK,,skewed,low,WOA,random,1,0.3333333333333333,E29,5.26,31.19,35,0.45256,77.2528,10.7251,0.0,0,5.1516,0.8605,53.989,0.0,True,25.5,4840,2.7186,1.02
google,500,10,linear,True,False,10.0,0.4,0.3,0.3,0,0,UK,,skewed,low,WOA,random,2,0.3333333333333333,E29,5.26,31.19,35,0.463029,76.7266,8.6599,0.0,0,5.2016,0.871,52.439,0.0,True,28.0,4840,2.7291,1.02
google,500,10,linear,True,False,10.0,0.4,0.3,0.3,0,0,UK,,skewed,low,WOA,random,3,0.3333333333333333,E29,5.26,31.19,35,0.463527,76.7016,8.5617,0.0,0,5.2641,0.8877,51.14,0.0,True,28.0,4840,2.7009,1.03
google,500,10,linear,True,False,10.0,0.4,0.3,0.3,0,0,UK,,skewed,low,WOA,random,4,0.3333333333333333,E29,5.26,31.19,35,0.462454,76.7555,8.7733,0.0,0,5.2516,0.888,51.546,0.0,True,26.0,4840,2.7586,1.01
google,500,10,linear,True,False,10.0,0.4,0.3,0.3,0,0,UK,,mixed,low,WOA,random,8,0.3333333333333333,E29,5.26,31.19,35,0.43093,74.4054,1.6212,0.0,0,4.7228,0.784,44.259,0.0,True,24.5,4840,2.5547,1.05
google,500,10,linear,True,False,10.0,0.4,0.3,0.3,0,0,UK,,mixed,low,WOA,random,9,0.3333333333333333,E29,5.26,31.19,35,0.41162,75.5523,6.0296,0.0,0,4.7903,0.7943,44.558,0.0,True,28.5,4840,2.5496,0.97
google,500,10,linear,True,False,10.0,0.4,0.3,0.3,0,0,UK,,mixed,low,WOA,random,10,0.3333333333333333,E29,5.26,31.19,35,0.423257,74.8611,3.3729,0.0,0,4.6678,0.7669,45.978,0.0,True,24.5,4840,2.5686,1.01
google,500,10,linear,True,False,10.0,0.4,0.3,0.3,0,0,UK,,mixed,low,WOA,carbon,1,0.3333333333333333,E29,5.26,31.19,35,0.315821,81.2422,27.8998,0.0,0,4.1553,0.6761,51.52,0.0,True,26.0,4840,2.6123,0.98
google,500,10,linear,True,False,10.0,0.4,0.3,0.3,0,0,UK,,mixed,low,WOA,carbon,2,0.3333333333333333,E29,5.26,31.19,35,0.316832,81.1821,27.669,0.0,0,4.1728,0.6787,54.898,0.0,True,26.0,4840,2.7009,1.03
google,500,10,linear,True,False,10.0,0.4,0.3,0.3,0,0,UK,,mixed,low,WOA,carbon,3,0.3333333333333333,E29,5.26,31.19,35,0.314532,81.3188,28.1943,0.0,0,4.1428,0.6742,54.54,0.0,True,26.0,4840,2.7523,1.01
google,500,10,linear,True,False,10.0,0.4,0.3,0.3,0,0,UK,,mixed,low,WOA,carbon,4,0.3333333333333333,E29,5.26,31.19,35,0.319462,81.0259,27.0688,0.0,0,4.2294,0.6872,50.335,0.0,True,26.0,4840,2.688,0.95
google,500,10,linear,True,False,10.0,0.4,0.3,0.3,0,0,UK,,mixed,low,WOA,carbon,5,0.3333333333333333,E29,5.26,31.19,35,0.316562,81.1982,27.7308,0.0,0,4.1678,0.6779,50.668,0.0,True,26.0,4840,2.7555,0.99
google,500,10,linear,True,False,10.0,0.4,0.3,0.3,0,0,UK,,mixed,high,VCC(Google),-,0,0.3333333333333333,E29,5.26,31.19,35,0.484607,82.3659,0.0,0.0,0,5.3153,0.8729,43.373,0.0,True,24.5,0,0.0014,0.0
google,500,10,linear,True,False,10.0,0.4,0.3,0.3,0,0,UK,,mixed,high,Threshold(WaitAwhile),-,0,0.3333333333333333,E29,5.26,31.19,35,0.4436,83.858,8.4618,0.0,0,5.0903,0.8163,46.736,0.0,True,25.5,0,0.0064,0.0
google,500,10,linear,True,False,10.0,0.4,0.3,0.3,0,0,UK,,mixed,high,WOA,random,1,0.3333333333333333,E29,5.26,31.19,35,0.435249,84.1619,10.1851,0.0,0,4.8203,0.815,53.869,0.0,True,24.5,4840,2.5754,1.0
google,500,10,linear,True,False,10.0,0.4,0.3,0.3,0,0,UK,,mixed,high,WOA,random,2,0.3333333333333333,E29,5.26,31.19,35,0.428664,84.4015,11.5439,0.0,0,4.7653,0.8101,56.203,0.0,True,26.0,4840,2.6559,1.03
google,500,10,linear,True,False,10.0,0.4,0.3,0.3,0,0,UK,,mixed,high,WOA,random,3,0.3333333333333333,E29,5.26,31.19,35,0.440836,83.9586,9.0322,0.0,0,4.9253,0.8382,50.796,0.0,True,26.0,4840,2.7067,1.03
google,500,10,linear,True,False,10.0,0.4,0.3,0.3,0,0,UK,,mixed,high,WOA,random,4,0.3333333333333333,E29,5.26,31.19,35,0.43387,84.2121,10.4697,0.0,0,4.8203,0.8197,54.919,0.0,True,24.5,4840,2.732,1.05
google,500,10,linear,True,False,10.0,0.4,0.3,0.3,0,0,UK,,mixed,high,WOA,random,5,0.3333333333333333,E29,5.26,31.19,35,0.442851,83.8853,8.6164,0.0,0,4.9253,0.8353,54.723,0.0,True,27.5,4840,2.7305,1.01
google,500,10,linear,True,False,10.0,0.4,0.3,0.3,0,0,UK,,mixed,high,WOA,random,6,0.3333333333333333,E29,5.26,31.19,35,0.437579,84.0771,9.7044,0.0,0,4.8703,0.8287,52.901,0.0,True,24.5,4840,2.7673,1.0
google,500,10,linear,True,False,10.0,0.4,0.3,0.3,0,0,UK,,mixed,high,WOA,carbon,5,0.3333333333333333,E29,5.26,31.19,35,0.360856,86.869,25.5362,0.0,0,4.8061,0.7737,51.769,0.0,True,26.0,4840,2.5956,0.95
google,500,10,linear,True,False,10.0,0.4,0.3,0.3,0,0,UK,,mixed,high,WOA,carbon,6,0.3333333333333333,E29,5.26,31.19,35,0.358281,86.9627,26.0677,0.0,0,4.8076,0.7739,55.219,0.0,True,26.0,4840,2.6991,1.06
google,500,10,linear,True,False,10.0,0.4,0.3,0.3,0,0,UK,,mixed,high,WOA,carbon,7,0.3333333333333333,E29,5.26,31.19,35,0.361654,86.8399,25.3717,0.0,0,4.8203,0.7758,48.73,0.0,True,26.0,4840,2.7386,1.05
google,500,10,linear,True,False,10.0,0.4,0.3,0.3,0,0,UK,,mixed,high,WOA,carbon,8,0.3333333333333333,E29,5.26,31.19,35,0.350735,87.2373,27.6249,0.0,0,4.6553,0.7511,54.226,0.0,True,26.0,4840,2.7053,1.01
google,500,10,linear,True,False,10.0,0.4,0.3,0.3,0,0,UK,,mixed,high,WOA,carbon,9,0.3333333333333333,E29,5.26,31.19,35,0.355245,87.0731,26.6941,0.0,0,4.5703,0.7383,51.475,0.0,True,26.0,4840,2.7395,1.0
google,500,10,linear,True,False,10.0,0.4,0.3,0.3,0,0,UK,,mixed,high,WOA,carbon,10,0.3333333333333333,E29,5.26,31.19,35,0.349089,87.2971,27.9644,0.0,0,4.5103,0.7293,56.339,0.0,True,26.0,4840,2.7714,0.99
google,500,10,linear,True,False,10.0,0.4,0.3,0.3,0,0,UK,,skewed,none,FIFO,-,0,0.3333333333333333,E29,5.26,31.19,35,1.634711,0.0,-232.6617,0.0,0,18.2518,3.1766,5.275,0.0,True,24.5,0,0.0,0.0
google,500,10,linear,True,False,10.0,0.4,0.3,0.3,0,0,UK,,skewed,none,Consolidation,-,0,0.3333333333333333,E29,5.26,31.19,35,0.491403,69.9394,0.0,0.0,0,5.407,0.8869,43.373,0.0,True,24.5,0,0.0,0.0
google,500,10,linear,True,False,10.0,0.4,0.3,0.3,0,0,UK,,skewed,high,FIFO,-,0,0.3333333333333333,E29,5.26,31.19,35,3.053961,0.0,-451.7511,0.0,0,34.2518,5.6741,5.275,0.0,True,24.5,0,0.0,0.0
google,500,10,linear,True,False,10.0,0.4,0.3,0.3,0,0,UK,,skewed,high,Consolidation,-,0,0.3333333333333333,E29,5.26,31.19,35,0.553503,81.8759,0.0,0.0,0,6.107,0.9919,43.373,0.0,True,24.5,0,0.0,0.0
google,500,10,linear,True,False,10.0,0.4,0.3,0.3,0,0,UK,,skewed,high,Greedy(EDF+greenest),-,0,0.3333333333333333,E29,5.26,31.19,35,0.423353,86.1376,23.514,0.0,0,5.6833,0.9059,49.264,0.0,True,26.0,0,0.0002,0.0
google,500,10,linear,True,False,10.0,0.4,0.3,0.3,0,0,UK,,skewed,high,VCC(Google),-,0,0.3333333333333333,E29,5.26,31.19,35,0.553503,81.8759,0.0,0.0,0,6.107,0.9919,43.373,0.0,True,24.5,0,0.0011,0.0
google,500,10,linear,True,False,10.0,0.4,0.3,0.3,0,0,UK,,skewed,high,Threshold(WaitAwhile),-,0,0.3333333333333333,E29,5.26,31.19,35,0.526153,82.7715,4.9413,0.0,0,6.007,0.9545,46.736,0.0,True,25.5,0,0.0051,0.0
google,500,10,linear,True,False,10.0,0.4,0.3,0.3,0,0,UK,,skewed,high,WOA,random,1,0.3333333333333333,E29,5.26,31.19,35,0.469629,84.6223,15.1534,0.0,0,5.2391,0.8757,56.558,0.0,True,25.5,4840,2.7193,1.04
google,500,10,linear,True,False,10.0,0.4,0.3,0.3,0,0,UK,,skewed,high,WOA,random,2,0.3333333333333333,E29,5.26,31.19,35,0.480628,84.2621,13.1661,0.0,0,5.4391,0.9117,51.052,0.0,True,28.5,4840,2.7547,1.01
google,500,10,linear,True,False,10.0,0.4,0.3,0.3,0,0,UK,,skewed,high,WOA,random,3,0.3333333333333333,E29,5.26,31.19,35,0.474014,84.4787,14.3612,0.0,0,5.3391,0.8959,54.111,0.0,True,27.0,4840,2.771,1.06
google,500,10,linear,True,False,10.0,0.4,0.3,0.3,0,0,UK,,skewed,none,WOA,carbon,4,0.3333333333333333,E29,5.26,31.19,35,0.360987,77.9174,26.5396,0.0,0,4.7825,0.7708,49.759,0.0,True,26.0,4840,2.4593,0.97
google,500,10,linear,True,False,10.0,0.4,0.3,0.3,0,0,UK,,skewed,none,WOA,carbon,5,0.3333333333333333,E29,5.26,31.19,35,0.355503,78.2529,27.6556,0.0,0,4.7303,0.763,53.923,0.0,True,26.0,4840,2.5766,1.03
google,500,10,linear,True,False,10.0,0.4,0.3,0.3,0,0,UK,,skewed,none,WOA,carbon,6,0.3333333333333333,E29,5.26,31.19,35,0.355427,78.2575,27.6711,0.0,0,4.7273,0.7625,55.751,0.0,True,26.0,4840,2.5647,1.01
google,500,10,linear,True,False,10.0,0.4,0.3,0.3,0,0,UK,,skewed,none,WOA,carbon,7,0.3333333333333333,E29,5.26,31.19,35,0.360957,77.9192,26.5456,0.0,0,4.78,0.7704,52.113,0.0,True,26.0,4840,2.5475,1.0
google,500,10,linear,True,False,10.0,0.4,0.3,0.3,0,0,UK,,skewed,none,WOA,carbon,8,0.3333333333333333,E29,5.26,31.19,35,0.352514,78.4357,28.2638,0.0,0,4.6813,0.7556,55.334,0.0,True,26.0,4840,2.6034,1.01
google,500,10,linear,True,False,10.0,0.4,0.3,0.3,0,0,UK,,skewed,none,WOA,carbon,9,0.3333333333333333,E29,5.26,31.19,35,0.355559,78.2494,27.6442,0.0,0,4.733,0.7634,51.352,0.0,True,26.0,4840,2.6044,0.98
google,500,10,linear,True,False,10.0,0.4,0.3,0.3,0,0,UK,,skewed,none,WOA,carbon,10,0.3333333333333333,E29,5.26,31.19,35,0.355549,78.25,27.6462,0.0,0,4.732,0.7632,52.011,0.0,True,26.0,4840,2.6268,0.98
google,500,10,linear,True,False,10.0,0.4,0.3,0.3,0,0,UK,,skewed,low,FIFO,-,0,0.3333333333333333,E29,5.26,31.19,35,1.989523,0.0,-292.4664,0.0,0,22.2518,3.801,5.275,0.0,True,24.5,0,0.0,0.0
google,500,10,linear,True,False,10.0,0.4,0.3,0.3,0,0,UK,,skewed,high,WOA,carbon,10,0.3333333333333333,E29,5.26,31.19,35,0.404704,86.7482,26.8832,0.0,0,5.4198,0.8664,55.816,0.0,True,26.0,4840,2.7841,1.11
google,500,20,linear,True,False,10.0,0.4,0.3,0.3,0,0,UK,,uniform,none,FIFO,-,0,0.3333333333333333,E29,5.26,31.19,35,2.825576,0.0,-499.1141,0.0,0,31.5391,5.1517,5.275,0.0,True,24.5,0,0.0,0.0
google,500,20,linear,True,False,10.0,0.4,0.3,0.3,0,0,UK,,uniform,none,Consolidation,-,0,0.3333333333333333,E29,5.26,31.19,35,0.471626,83.3087,0.0,0.0,0,5.1891,0.8542,43.373,0.0,True,24.5,0,0.0,0.0
google,500,20,linear,True,False,10.0,0.4,0.3,0.3,0,0,UK,,uniform,none,Greedy(EDF+greenest),-,0,0.3333333333333333,E29,5.26,31.19,35,0.353564,87.487,25.033,0.0,0,4.6891,0.7568,49.264,0.0,True,26.0,0,0.0001,0.0
google,500,20,linear,True,False,10.0,0.4,0.3,0.3,0,0,UK,,uniform,none,VCC(Google),-,0,0.3333333333333333,E29,5.26,31.19,35,0.471626,83.3087,0.0,0.0,0,5.1891,0.8542,43.373,0.0,True,24.5,0,0.0011,0.0
google,500,20,linear,True,False,10.0,0.4,0.3,0.3,0,0,UK,,uniform,none,Threshold(WaitAwhile),-,0,0.3333333333333333,E29,5.26,31.19,35,0.438825,84.4695,6.9547,0.0,0,5.0391,0.8093,46.736,0.0,True,25.5,0,0.0051,0.0
google,500,20,linear,True,False,10.0,0.4,0.3,0.3,0,0,UK,,uniform,none,WOA,random,1,0.3333333333333333,E29,5.26,31.19,35,0.451271,84.0291,4.3159,0.0,0,5.0391,0.8477,56.288,0.0,True,24.5,4840,1.365,1.05
google,500,20,linear,True,False,10.0,0.4,0.3,0.3,0,0,UK,,uniform,none,WOA,random,2,0.3333333333333333,E29,5.26,31.19,35,0.437537,84.5151,7.2278,0.0,0,5.1391,0.8539,44.11,0.0,True,28.5,4840,1.3379,1.03
google,500,10,linear,True,False,10.0,0.4,0.3,0.3,0,0,UK,,skewed,none,WOA,random,6,0.3333333333333333,E29,5.26,31.19,35,0.445632,72.7394,9.3145,0.0,0,5.1999,0.8613,46.16,0.0,True,28.5,4840,2.4526,0.98
google,500,10,linear,True,False,10.0,0.4,0.3,0.3,0,0,UK,,skewed,none,WOA,random,7,0.3333333333333333,E29,5.26,31.19,35,0.449741,72.4881,8.4783,0.0,0,5.2565,0.8721,45.499,0.0,True,28.5,4840,2.5367,1.0
google,500,10,linear,True,False,10.0,0.4,0.3,0.3,0,0,UK,,skewed,none,WOA,random,8,0.3333333333333333,E29,5.26,31.19,35,0.4476,72.619,8.914,0.0,0,5.2006,0.8603,46.197,0.0,True,28.0,4840,2.5476,1.05
google,500,10,linear,True,False,10.0,0.4,0.3,0.3,0,0,UK,,skewed,none,WOA,random,9,0.3333333333333333,E29,5.26,31.19,35,0.453671,72.2476,7.6784,0.0,0,5.0391,0.8537,56.523,0.0,True,27.0,4840,2.5438,1.09
google,500,10,linear,True,False,10.0,0.4,0.3,0.3,0,0,UK,,skewed,none,WOA,random,10,0.3333333333333333,E29,5.26,31.19,35,0.456379,72.082,7.1274,0.0,0,5.407,0.8947,43.373,0.0,True,28.5,4840,2.5736,0.97
google,500,10,linear,True,False,10.0,0.4,0.3,0.3,0,0,UK,,skewed,none,WOA,carbon,1,0.3333333333333333,E29,5.26,31.19,35,0.355563,78.2492,27.6434,0.0,0,4.733,0.7634,51.352,0.0,True,26.0,4840,2.5723,0.97
google,500,10,linear,True,False,10.0,0.4,0.3,0.3,0,0,UK,,skewed,none,WOA,carbon,2,0.3333333333333333,E29,5.26,31.19,35,0.355456,78.2558,27.6652,0.0,0,4.729,0.7628,54.686,0.0,True,26.0,4840,2.5985,1.02
google,500,10,linear,True,False,10.0,0.4,0.3,0.3,0,0,UK,,skewed,none,WOA,carbon,3,0.3333333333333333,E29,5.26,31.19,35,0.355484,78.254,27.6594,0.0,0,4.7285,0.7627,54.986,0.0,True,26.0,4840,2.5614,0.98
google,500,10,linear,True,False,10.0,0.4,0.3,0.3,0,0,UK,,mixed,high,WOA,random,7,0.3333333333333333,E29,5.26,31.19,35,0.442819,83.8864,8.623,0.0,0,4.9253,0.8344,51.141,0.0,True,26.0,4840,2.5928,1.04
google,500,10,linear,True,False,10.0,0.4,0.3,0.3,0,0,UK,,mixed,high,WOA,random,8,0.3333333333333333,E29,5.26,31.19,35,0.44059,83.9675,9.0829,0.0,0,4.8753,0.8303,51.933,0.0,True,27.5,4840,2.6165,1.03
google,500,10,linear,True,False,10.0,0.4,0.3,0.3,0,0,UK,,mixed,high,WOA,random,9,0.3333333333333333,E29,5.26,31.19,35,0.437904,84.0653,9.6372,0.0,0,4.8703,0.8228,51.305,0.0,True,25.0,4840,2.7306,1.03
google,500,10,linear,True,False,10.0,0.4,0.3,0.3,0,0,UK,,mixed,high,WOA,random,10,0.3333333333333333,E29,5.26,31.19,35,0.432722,84.2539,10.7066,0.0,0,4.8153,0.8074,49.395,0.0,True,25.5,4840,2.7264,1.02
google,500,10,linear,True,False,10.0,0.4,0.3,0.3,0,0,UK,,mixed,high,WOA,carbon,1,0.3333333333333333,E29,5.26,31.19,35,0.353461,87.138,27.0622,0.0,0,4.6153,0.7451,54.045,0.0,True,26.0,4840,2.7208,1.01
google,500,10,linear,True,False,10.0,0.4,0.3,0.3,0,0,UK,,mixed,high,WOA,carbon,2,0.3333333333333333,E29,5.26,31.19,35,0.35334,87.1425,27.0873,0.0,0,4.6653,0.7526,54.749,0.0,True,26.0,4840,2.7562,0.95
google,500,10,linear,True,False,10.0,0.4,0.3,0.3,0,0,UK,,mixed,high,WOA,carbon,3,0.3333333333333333,E29,5.26,31.19,35,0.358206,86.9654,26.0831,0.0,0,4.8064,0.7737,54.325,0.0,True,26.0,4840,2.759,1.02
google,500,10,linear,True,False,10.0,0.4,0.3,0.3,0,0,UK,,mixed,high,WOA,carbon,4,0.3333333333333333,E29,5.26,31.19,35,0.347193,87.3661,28.3556,0.0,0,4.5603,0.7368,56.047,0.0,True,26.0,4840,2.7416,1.0
google,500,20,linear,True,False,10.0,0.4,0.3,0.3,0,0,UK,,uniform,none,WOA,carbon,9,0.3333333333333333,E29,5.26,31.19,35,0.348129,87.6794,26.1854,0.0,0,4.6391,0.7493,51.187,0.0,True,26.0,4840,1.363,0.95
google,500,20,linear,True,False,10.0,0.4,0.3,0.3,0,0,UK,,uniform,none,WOA,carbon,10,0.3333333333333333,E29,5.26,31.19,35,0.344917,87.793,26.8663,0.0,0,4.5891,0.7418,54.434,0.0,True,26.0,4840,1.343,0.98
google,500,20,linear,True,False,10.0,0.4,0.3,0.3,0,0,UK,,uniform,low,FIFO,-,0,0.3333333333333333,E29,5.26,31.19,35,3.180388,0.0,-552.8552,0.0,0,35.5391,5.7761,5.275,0.0,True,24.5,0,0.0,0.0
google,500,20,linear,True,False,10.0,0.4,0.3,0.3,0,0,UK,,uniform,low,Consolidation,-,0,0.3333333333333333,E29,5.26,31.19,35,0.487151,84.6827,0.0,0.0,0,5.3641,0.8805,43.373,0.0,True,24.5,0,0.0,0.0
google,500,20,linear,True,False,10.0,0.4,0.3,0.3,0,0,UK,,uniform,low,Greedy(EDF+greenest),-,0,0.3333333333333333,E29,5.26,31.19,35,0.369151,88.3929,24.2224,0.0,0,4.9141,0.7905,49.264,0.0,True,26.0,0,0.0001,0.0
google,500,20,linear,True,False,10.0,0.4,0.3,0.3,0,0,UK,,uniform,low,VCC(Google),-,0,0.3333333333333333,E29,5.26,31.19,35,0.487151,84.6827,0.0,0.0,0,5.3641,0.8805,43.373,0.0,True,24.5,0,0.0015,0.0
google,500,20,linear,True,False,10.0,0.4,0.3,0.3,0,0,UK,,uniform,low,Threshold(WaitAwhile),-,0,0.3333333333333333,E29,5.26,31.19,35,0.455713,85.6712,6.4534,0.0,0,5.2266,0.8374,46.736,0.0,True,25.5,0,0.0067,0.0
google,500,20,linear,True,False,10.0,0.4,0.3,0.3,0,0,UK,,uniform,low,WOA,random,1,0.3333333333333333,E29,5.26,31.19,35,0.449815,85.8566,7.6641,0.0,0,5.3016,0.8802,44.227,0.0,True,28.5,4840,1.5247,0.98
google,500,20,linear,True,False,10.0,0.4,0.3,0.3,0,0,UK,,uniform,low,WOA,carbon,8,0.3333333333333333,E29,5.26,31.19,35,0.358681,88.7221,26.3716,0.0,0,4.7891,0.7718,52.419,0.0,True,26.0,4840,1.5023,0.96
google,500,20,linear,True,False,10.0,0.4,0.3,0.3,0,0,UK,,uniform,low,WOA,carbon,9,0.3333333333333333,E29,5.26,31.19,35,0.361669,88.6282,25.7583,0.0,0,4.8391,0.7793,50.328,0.0,True,26.0,4840,1.5372,0.97
google,500,20,linear,True,False,10.0,0.4,0.3,0.3,0,0,UK,,uniform,low,WOA,carbon,10,0.3333333333333333,E29,5.26,31.19,35,0.354248,88.8615,27.2816,0.0,0,4.7016,0.7587,56.152,0.0,True,26.0,4840,1.5491,1.04
google,500,20,linear,True,False,10.0,0.4,0.3,0.3,0,0,UK,,uniform,high,FIFO,-,0,0.3333333333333333,E29,5.26,31.19,35,4.244826,0.0,-695.3198,0.0,0,47.5391,7.6492,5.275,0.0,True,24.5,0,0.0,0.0
google,500,20,linear,True,False,10.0,0.4,0.3,0.3,0,0,UK,,uniform,high,Consolidation,-,0,0.3333333333333333,E29,5.26,31.19,35,0.533726,87.4264,0.0,0.0,0,5.8891,0.9592,43.373,0.0,True,24.5,0,0.0,0.0
google,500,20,linear,True,False,10.0,0.4,0.3,0.3,0,0,UK,,uniform,high,Greedy(EDF+greenest),-,0,0.3333333333333333,E29,5.26,31.19,35,0.415914,90.2019,22.0735,0.0,0,5.5891,0.8918,49.264,0.0,True,26.0,0,0.0001,0.0
google,500,20,linear,True,False,10.0,0.4,0.3,0.3,0,0,UK,,uniform,high,VCC(Google),-,0,0.3333333333333333,E29,5.26,31.19,35,0.533726,87.4264,0.0,0.0,0,5.8891,0.9592,43.373,0.0,True,24.5,0,0.0015,0.0
google,500,20,linear,True,False,10.0,0.4,0.3,0.3,0,0,UK,,uniform,high,Threshold(WaitAwhile),-,0,0.3333333333333333,E29,5.26,31.19,35,0.506375,88.0708,5.1244,0.0,0,5.7891,0.9218,46.736,0.0,True,25.5,0,0.0056,0.0
google,500,20,linear,True,False,10.0,0.4,0.3,0.3,0,0,UK,,uniform,none,WOA,random,3,0.3333333333333333,E29,5.26,31.19,35,0.451881,84.0075,4.1866,0.0,0,5.0391,0.8235,47.209,0.0,True,24.5,4840,1.3591,0.98
google,500,20,linear,True,False,10.0,0.4,0.3,0.3,0,0,UK,,uniform,none,WOA,random,4,0.3333333333333333,E29,5.26,31.19,35,0.437226,84.5261,7.2938,0.0,0,5.1391,0.8533,44.302,0.0,True,28.5,4840,1.3641,1.03
google,500,20,linear,True,False,10.0,0.4,0.3,0.3,0,0,UK,,uniform,none,WOA,random,5,0.3333333333333333,E29,5.26,31.19,35,0.428123,84.8483,9.2239,0.0,0,5.0891,0.8378,46.933,0.0,True,27.5,4840,1.3349,1.09
google,500,20,linear,True,False,10.0,0.4,0.3,0.3,0,0,UK,,uniform,none,WOA,random,6,0.3333333333333333,E29,5.26,31.19,35,0.437691,84.5097,7.1952,0.0,0,5.1391,0.8545,44.046,0.0,True,28.5,4840,1.344,0.98
google,500,20,linear,True,False,10.0,0.4,0.3,0.3,0,0,UK,,uniform,none,WOA,random,7,0.3333333333333333,E29,5.26,31.19,35,0.437837,84.5045,7.1642,0.0,0,5.1391,0.8545,44.11,0.0,True,28.5,4840,1.3436,0.96
google,500,20,linear,True,False,10.0,0.4,0.3,0.3,0,0,UK,,uniform,none,WOA,random,8,0.3333333333333333,E29,5.26,31.19,35,0.44072,84.4025,6.553,0.0,0,5.1891,0.862,43.373,0.0,True,28.5,4840,1.3704,0.95
google,500,20,linear,True,False,10.0,0.4,0.3,0.3,0,0,UK,,uniform,none,WOA,random,9,0.3333333333333333,E29,5.26,31.19,35,0.456683,83.8375,3.1682,0.0,0,5.0891,0.8589,55.254,0.0,True,27.0,4840,1.3936,1.02
google,500,20,linear,True,False,10.0,0.4,0.3,0.3,0,0,UK,,uniform,none,WOA,random,10,0.3333333333333333,E29,5.26,31.19,35,0.440697,84.4033,6.5578,0.0,0,5.1891,0.862,43.373,0.0,True,28.5,4840,1.3621,0.97
google,500,20,linear,True,False,10.0,0.4,0.3,0.3,0,0,UK,,uniform,none,WOA,carbon,1,0.3333333333333333,E29,5.26,31.19,35,0.349545,87.6292,25.8851,0.0,0,4.6391,0.7493,51.592,0.0,True,26.0,4840,1.3657,1.02
google,500,20,linear,True,False,10.0,0.4,0.3,0.3,0,0,UK,,uniform,none,WOA,carbon,2,0.3333333333333333,E29,5.26,31.19,35,0.342044,87.8947,27.4756,0.0,0,4.5391,0.7343,54.958,0.0,True,26.0,4840,1.3349,0.95
google,500,20,linear,True,False,10.0,0.4,0.3,0.3,0,0,UK,,uniform,none,WOA,carbon,3,0.3333333333333333,E29,5.26,31.19,35,0.341864,87.9011,27.5138,0.0,0,4.5391,0.7343,54.455,0.0,True,26.0,4840,1.3233,0.99
google,500,20,linear,True,False,10.0,0.4,0.3,0.3,0,0,UK,,uniform,none,WOA,carbon,4,0.3333333333333333,E29,5.26,31.19,35,0.34556,87.7703,26.73,0.0,0,4.5891,0.7418,53.95,0.0,True,26.0,4840,1.3308,0.98
google,500,20,linear,True,False,10.0,0.4,0.3,0.3,0,0,UK,,uniform,none,WOA,carbon,5,0.3333333333333333,E29,5.26,31.19,35,0.345459,87.7739,26.7515,0.0,0,4.5891,0.7418,53.777,0.0,True,26.0,4840,1.3562,1.01
google,500,20,linear,True,False,10.0,0.4,0.3,0.3,0,0,UK,,uniform,none,WOA,carbon,6,0.3333333333333333,E29,5.26,31.19,35,0.345212,87.7826,26.8037,0.0,0,4.5891,0.7418,52.769,0.0,True,26.0,4840,1.394,0.97
google,500,20,linear,True,False,10.0,0.4,0.3,0.3,0,0,UK,,uniform,none,WOA,carbon,7,0.3333333333333333,E29,5.26,31.19,35,0.344802,87.7971,26.8907,0.0,0,4.5891,0.7418,53.535,0.0,True,26.0,4840,1.3595,1.02
google,500,20,linear,True,False,10.0,0.4,0.3,0.3,0,0,UK,,uniform,none,WOA,carbon,8,0.3333333333333333,E29,5.26,31.19,35,0.345186,87.7835,26.8093,0.0,0,4.5891,0.7418,52.254,0.0,True,26.0,4840,1.344,0.95
google,500,20,linear,True,False,10.0,0.4,0.3,0.3,0,0,UK,,uniform,high,WOA,carbon,7,0.3333333333333333,E29,5.26,31.19,35,0.403668,90.4904,24.3679,0.0,0,5.3391,0.8543,49.854,0.0,True,26.5,4840,1.5462,1.04
google,500,20,linear,True,False,10.0,0.4,0.3,0.3,0,0,UK,,uniform,high,WOA,carbon,8,0.3333333333333333,E29,5.26,31.19,35,0.396521,90.6587,25.707,0.0,0,5.2391,0.8393,52.412,0.0,True,26.0,4840,1.5418,0.97
google,500,20,linear,True,False,10.0,0.4,0.3,0.3,0,0,UK,,uniform,high,WOA,carbon,9,0.3333333333333333,E29,5.26,31.19,35,0.396914,90.6495,25.6333,0.0,0,5.2391,0.8393,55.718,0.0,True,26.0,4840,1.5255,1.05
google,500,20,linear,True,False,10.0,0.4,0.3,0.3,0,0,UK,,uniform,high,WOA,carbon,10,0.3333333333333333,E29,5.26,31.19,35,0.39091,90.7909,26.7583,0.0,0,5.1391,0.8243,56.349,0.0,True,26.0,4840,1.56,1.0
google,500,20,linear,True,False,10.0,0.4,0.3,0.3,0,0,UK,,mixed,none,FIFO,-,0,0.3333333333333333,E29,5.26,31.19,35,1.921041,0.0,-354.6771,0.0,0,21.4326,3.6546,5.275,0.0,True,24.5,0,0.0,0.0
google,500,20,linear,True,False,10.0,0.4,0.3,0.3,0,0,UK,,mixed,none,Consolidation,-,0,0.3333333333333333,E29,5.26,31.19,35,0.422507,78.0064,0.0,0.0,0,4.6153,0.7679,43.373,0.0,True,24.5,0,0.0,0.0
google,500,20,linear,True,False,10.0,0.4,0.3,0.3,0,0,UK,,mixed,none,Greedy(EDF+greenest),-,0,0.3333333333333333,E29,5.26,31.19,35,0.308954,83.9173,26.8759,0.0,0,4.0653,0.6626,49.264,0.0,True,26.0,0,0.0002,0.0
google,500,20,linear,True,False,10.0,0.4,0.3,0.3,0,0,UK,,mixed,none,VCC(Google),-,0,0.3333333333333333,E29,5.26,31.19,35,0.422507,78.0064,0.0,0.0,0,4.6153,0.7679,43.373,0.0,True,24.5,0,0.0016,0.0
google,500,20,linear,True,False,10.0,0.4,0.3,0.3,0,0,UK,,uniform,low,WOA,random,2,0.3333333333333333,E29,5.26,31.19,35,0.449816,85.8566,7.6639,0.0,0,5.3016,0.8802,44.174,0.0,True,28.5,4840,1.5049,0.95
google,500,20,linear,True,False,10.0,0.4,0.3,0.3,0,0,UK,,uniform,low,WOA,random,3,0.3333333333333333,E29,5.26,31.19,35,0.463452,85.4278,4.8648,0.0,0,5.2641,0.8877,51.369,0.0,True,28.0,4840,1.5045,1.03
google,500,20,linear,True,False,10.0,0.4,0.3,0.3,0,0,UK,,uniform,low,WOA,random,4,0.3333333333333333,E29,5.26,31.19,35,0.44953,85.8656,7.7226,0.0,0,5.3016,0.8802,44.11,0.0,True,28.5,4840,1.4915,1.0
google,500,20,linear,True,False,10.0,0.4,0.3,0.3,0,0,UK,,uniform,low,WOA,random,5,0.3333333333333333,E29,5.26,31.19,35,0.45357,85.7385,6.8933,0.0,0,5.3641,0.8901,43.373,0.0,True,28.5,4840,1.5557,0.94
google,500,20,linear,True,False,10.0,0.4,0.3,0.3,0,0,UK,,uniform,low,WOA,random,6,0.3333333333333333,E29,5.26,31.19,35,0.45357,85.7385,6.8933,0.0,0,5.3641,0.8901,43.373,0.0,True,28.5,4840,1.5162,0.94
google,500,20,linear,True,False,10.0,0.4,0.3,0.3,0,0,UK,,uniform,low,WOA,random,7,0.3333333333333333,E29,5.26,31.19,35,0.45357,85.7385,6.8933,0.0,0,5.3641,0.8901,43.373,0.0,True,28.5,4840,1.5224,0.94
google,500,20,linear,True,False,10.0,0.4,0.3,0.3,0,0,UK,,uniform,low,WOA,random,8,0.3333333333333333,E29,5.26,31.19,35,0.449886,85.8544,7.6495,0.0,0,5.3016,0.8807,44.11,0.0,True,28.5,4840,1.5101,0.97
google,500,20,linear,True,False,10.0,0.4,0.3,0.3,0,0,UK,,uniform,low,WOA,random,9,0.3333333333333333,E29,5.26,31.19,35,0.45357,85.7385,6.8933,0.0,0,5.3641,0.8901,43.373,0.0,True,28.5,4840,1.5197,0.96
google,500,10,linear,True,False,10.0,0.4,0.3,0.3,0,0,UK,,skewed,low,WOA,random,5,0.3333333333333333,E29,5.26,31.19,35,0.447305,77.517,11.7617,0.0,0,5.1016,0.8648,53.938,0.0,True,25.5,4840,2.8277,1.03
google,500,10,linear,True,False,10.0,0.4,0.3,0.3,0,0,UK,,skewed,low,WOA,random,6,0.3333333333333333,E29,5.26,31.19,35,0.452241,77.2689,10.7879,0.0,0,5.2887,0.8833,46.792,0.0,True,28.5,4840,2.8412,1.08
google,500,10,linear,True,False,10.0,0.4,0.3,0.3,0,0,UK,,skewed,low,WOA,random,7,0.3333333333333333,E29,5.26,31.19,35,0.462581,76.7492,8.7483,0.0,0,5.4693,0.9059,44.11,0.0,True,28.5,4840,2.8352,0.95
google,500,10,linear,True,False,10.0,0.4,0.3,0.3,0,0,UK,,skewed,low,WOA,random,8,0.3333333333333333,E29,5.26,31.19,35,0.457759,76.9915,9.6994,0.0,0,5.0766,0.8604,56.112,0.0,True,28.0,4840,2.8582,1.07
google,500,10,linear,True,False,10.0,0.4,0.3,0.3,0,0,UK,,skewed,low,WOA,random,9,0.3333333333333333,E29,5.26,31.19,35,0.455993,77.0803,10.0478,0.0,0,5.3391,0.8758,45.567,0.0,True,28.5,4840,2.8444,1.02
google,500,10,linear,True,False,10.0,0.4,0.3,0.3,0,0,UK,,skewed,low,WOA,random,10,0.3333333333333333,E29,5.26,31.19,35,0.446317,77.5666,11.9566,0.0,0,5.2266,0.8665,48.077,0.0,True,28.5,4840,2.9255,1.03
google,500,10,linear,True,False,10.0,0.4,0.3,0.3,0,0,UK,,skewed,low,WOA,carbon,1,0.3333333333333333,E29,5.26,31.19,35,0.367495,81.5285,27.5055,0.0,0,4.8808,0.7855,55.989,0.0,True,26.0,4840,2.8539,1.0
google,500,10,linear,True,False,10.0,0.4,0.3,0.3,0,0,UK,,skewed,low,WOA,carbon,2,0.3333333333333333,E29,5.26,31.19,35,0.367615,81.5224,27.4818,0.0,0,4.8823,0.7858,55.128,0.0,True,26.0,4840,2.8767,0.96
google,500,10,linear,True,False,10.0,0.4,0.3,0.3,0,0,UK,,skewed,low,WOA,carbon,3,0.3333333333333333,E29,5.26,31.19,35,0.36898,81.4538,27.2125,0.0,0,4.929,0.7928,54.676,0.0,True,26.0,4840,2.6975,0.95
google,500,10,linear,True,False,10.0,0.4,0.3,0.3,0,0,UK,,skewed,low,WOA,carbon,4,0.3333333333333333,E29,5.26,31.19,35,0.373077,81.2479,26.4044,0.0,0,4.9665,0.7984,53.051,0.0,True,26.0,4840,2.7278,1.02
google,500,10,linear,True,False,10.0,0.4,0.3,0.3,0,0,UK,,skewed,low,WOA,carbon,5,0.3333333333333333,E29,5.26,31.19,35,0.369016,81.4521,27.2055,0.0,0,4.9295,0.7928,54.418,0.0,True,26.0,4840,2.7582,0.99
google,500,10,linear,True,False,10.0,0.4,0.3,0.3,0,0,UK,,skewed,low,WOA,carbon,6,0.3333333333333333,E29,5.26,31.19,35,0.368916,81.4571,27.2253,0.0,0,4.9275,0.7925,55.586,0.0,True,26.0,4840,2.7303,0.99
google,500,10,linear,True,False,10.0,0.4,0.3,0.3,0,0,UK,,skewed,low,WOA,carbon,7,0.3333333333333333,E29,5.26,31.19,35,0.368666,81.4696,27.2746,0.0,0,4.9175,0.791,54.383,0.0,True,26.0,4840,2.7742,0.97
google,500,10,linear,True,False,10.0,0.4,0.3,0.3,0,0,UK,,skewed,low,WOA,carbon,8,0.3333333333333333,E29,5.26,31.19,35,0.368996,81.4531,27.2095,0.0,0,4.9315,0.7931,53.037,0.0,True,26.0,4840,2.7725,0.97
google,500,10,linear,True,False,10.0,0.4,0.3,0.3,0,0,UK,,skewed,low,WOA,carbon,9,0.3333333333333333,E29,5.26,31.19,35,0.367997,81.5033,27.4066,0.0,0,4.8955,0.7877,54.447,0.0,True,26.0,4840,2.7584,0.99
google,500,10,linear,True,False,10.0,0.4,0.3,0.3,0,0,UK,,skewed,low,WOA,carbon,10,0.3333333333333333,E29,5.26,31.19,35,0.369025,81.4516,27.2038,0.0,0,4.931,0.7931,53.429,0.0,True,26.0,4840,2.7788,1.0
google,500,20,linear,True,False,10.0,0.4,0.3,0.3,0,0,UK,,uniform,low,WOA,random,10,0.3333333333333333,E29,5.26,31.19,35,0.453529,85.7398,6.9018,0.0,0,5.3641,0.8901,43.341,0.0,True,28.5,4840,1.5394,0.95
google,500,20,linear,True,False,10.0,0.4,0.3,0.3,0,0,UK,,uniform,low,WOA,carbon,1,0.3333333333333333,E29,5.26,31.19,35,0.357721,88.7523,26.5687,0.0,0,4.7516,0.7662,53.508,0.0,True,26.0,4840,1.5206,0.99
google,500,20,linear,True,False,10.0,0.4,0.3,0.3,0,0,UK,,uniform,low,WOA,carbon,2,0.3333333333333333,E29,5.26,31.19,35,0.353631,88.8809,27.4083,0.0,0,4.7016,0.7587,54.958,0.0,True,26.0,4840,1.5732,0.95
google,500,20,linear,True,False,10.0,0.4,0.3,0.3,0,0,UK,,uniform,low,WOA,carbon,3,0.3333333333333333,E29,5.26,31.19,35,0.353455,88.8864,27.4444,0.0,0,4.7016,0.7587,54.594,0.0,True,26.0,4840,1.5413,0.95
google,500,20,linear,True,False,10.0,0.4,0.3,0.3,0,0,UK,,uniform,low,WOA,carbon,4,0.3333333333333333,E29,5.26,31.19,35,0.35867,88.7224,26.3739,0.0,0,4.7891,0.7718,52.11,0.0,True,26.0,4840,1.5621,0.99
google,500,20,linear,True,False,10.0,0.4,0.3,0.3,0,0,UK,,uniform,low,WOA,carbon,5,0.3333333333333333,E29,5.26,31.19,35,0.353945,88.871,27.3438,0.0,0,4.7141,0.7605,55.304,0.0,True,26.0,4840,1.5314,1.01
google,500,20,linear,True,False,10.0,0.4,0.3,0.3,0,0,UK,,uniform,low,WOA,carbon,6,0.3333333333333333,E29,5.26,31.19,35,0.356811,88.7809,26.7555,0.0,0,4.7391,0.7643,55.441,0.0,True,26.0,4840,1.5329,0.98
google,500,20,linear,True,False,10.0,0.4,0.3,0.3,0,0,UK,,uniform,low,WOA,carbon,7,0.3333333333333333,E29,5.26,31.19,35,0.353149,88.8961,27.5073,0.0,0,4.6891,0.7568,54.301,0.0,True,26.0,4840,1.5341,1.02
google,500,20,linear,True,False,10.0,0.4,0.3,0.3,0,0,UK,,uniform,high,WOA,random,1,0.3333333333333333,E29,5.26,31.19,35,0.466914,89.0004,12.5179,0.0,0,5.1891,0.8659,56.031,0.0,True,25.0,4840,1.5505,1.03
google,500,20,linear,True,False,10.0,0.4,0.3,0.3,0,0,UK,,uniform,high,WOA,random,2,0.3333333333333333,E29,5.26,31.19,35,0.472946,88.8583,11.3877,0.0,0,5.5891,0.9203,46.929,0.0,True,28.5,4840,1.552,1.03
google,500,20,linear,True,False,10.0,0.4,0.3,0.3,0,0,UK,,uniform,high,WOA,random,3,0.3333333333333333,E29,5.26,31.19,35,0.474201,88.8287,11.1526,0.0,0,5.3391,0.8959,54.228,0.0,True,27.0,4840,1.5112,1.05
google,500,20,linear,True,False,10.0,0.4,0.3,0.3,0,0,UK,,uniform,high,WOA,random,4,0.3333333333333333,E29,5.26,31.19,35,0.472643,88.8654,11.4446,0.0,0,5.4891,0.9128,50.958,0.0,True,26.0,4840,1.5328,1.06
google,500,20,linear,True,False,10.0,0.4,0.3,0.3,0,0,UK,,uniform,high,WOA,random,5,0.3333333333333333,E29,5.26,31.19,35,0.461801,89.1208,13.4759,0.0,0,5.2891,0.8934,53.955,0.0,True,25.5,4840,1.5295,1.07
google,500,20,linear,True,False,10.0,0.4,0.3,0.3,0,0,UK,,uniform,high,WOA,random,6,0.3333333333333333,E29,5.26,31.19,35,0.473402,88.8476,11.3025,0.0,0,5.3391,0.8972,54.385,0.0,True,25.5,4840,1.5249,1.04
google,500,20,linear,True,False,10.0,0.4,0.3,0.3,0,0,UK,,uniform,high,WOA,random,7,0.3333333333333333,E29,5.26,31.19,35,0.472347,88.8724,11.5,0.0,0,5.2391,0.8837,54.353,0.0,True,26.5,4840,1.5238,1.16
google,500,20,linear,True,False,10.0,0.4,0.3,0.3,0,0,UK,,uniform,high,WOA,random,8,0.3333333333333333,E29,5.26,31.19,35,0.472505,88.8687,11.4704,0.0,0,5.2891,0.8906,54.755,0.0,True,27.0,4840,1.5314,1.02
google,500,20,linear,True,False,10.0,0.4,0.3,0.3,0,0,UK,,uniform,high,WOA,random,9,0.3333333333333333,E29,5.26,31.19,35,0.467783,88.9799,12.3552,0.0,0,5.1891,0.8728,56.478,0.0,True,27.0,4840,1.5492,1.01
google,500,20,linear,True,False,10.0,0.4,0.3,0.3,0,0,UK,,uniform,high,WOA,random,10,0.3333333333333333,E29,5.26,31.19,35,0.479687,88.6995,10.1249,0.0,0,5.3391,0.8959,53.716,0.0,True,25.5,4840,1.5628,1.0
google,500,20,linear,True,False,10.0,0.4,0.3,0.3,0,0,UK,,uniform,high,WOA,carbon,1,0.3333333333333333,E29,5.26,31.19,35,0.390331,90.8045,26.8667,0.0,0,5.1891,0.8318,54.295,0.0,True,26.0,4840,1.5311,1.06
google,500,20,linear,True,False,10.0,0.4,0.3,0.3,0,0,UK,,uniform,high,WOA,carbon,2,0.3333333333333333,E29,5.26,31.19,35,0.383676,90.9613,28.1136,0.0,0,5.0891,0.8168,58.097,0.0,True,26.0,4840,1.536,0.99
google,500,20,linear,True,False,10.0,0.4,0.3,0.3,0,0,UK,,uniform,high,WOA,carbon,3,0.3333333333333333,E29,5.26,31.19,35,0.405124,90.4561,24.0951,0.0,0,5.4391,0.8693,49.062,0.0,True,26.0,4840,1.5274,0.97
google,500,20,linear,True,False,10.0,0.4,0.3,0.3,0,0,UK,,uniform,high,WOA,carbon,4,0.3333333333333333,E29,5.26,31.19,35,0.397415,90.6377,25.5394,0.0,0,5.2391,0.8393,53.832,0.0,True,26.5,4840,1.5222,1.02
google,500,20,linear,True,False,10.0,0.4,0.3,0.3,0,0,UK,,uniform,high,WOA,carbon,5,0.3333333333333333,E29,5.26,31.19,35,0.394269,90.7118,26.129,0.0,0,5.2391,0.8393,55.053,0.0,True,26.0,4840,1.5276,1.03
google,500,20,linear,True,False,10.0,0.4,0.3,0.3,0,0,UK,,uniform,high,WOA,carbon,6,0.3333333333333333,E29,5.26,31.19,35,0.399292,90.5934,25.1877,0.0,0,5.3891,0.8618,53.103,0.0,True,26.0,4840,1.5229,0.98
google,500,10,linear,True,False,10.0,0.4,0.3,0.3,0,0,UK,,skewed,high,WOA,random,4,0.3333333333333333,E29,5.26,31.19,35,0.471719,84.5539,14.7758,0.0,0,5.3391,0.8986,53.979,0.0,True,26.0,4840,2.7473,1.0
google,500,10,linear,True,False,10.0,0.4,0.3,0.3,0,0,UK,,skewed,high,WOA,random,5,0.3333333333333333,E29,5.26,31.19,35,0.461801,84.8786,16.5676,0.0,0,5.2891,0.8934,53.955,0.0,True,25.5,4840,2.784,1.05
google,500,10,linear,True,False,10.0,0.4,0.3,0.3,0,0,UK,,skewed,high,WOA,random,6,0.3333333333333333,E29,5.26,31.19,35,0.467283,84.6991,15.5771,0.0,0,5.2391,0.8833,53.91,0.0,True,25.0,4840,2.7217,1.09
google,500,10,linear,True,False,10.0,0.4,0.3,0.3,0,0,UK,,skewed,high,WOA,random,7,0.3333333333333333,E29,5.26,31.19,35,0.472305,84.5347,14.6699,0.0,0,5.2391,0.8837,54.253,0.0,True,26.5,4840,2.7712,1.1
google,500,10,linear,True,False,10.0,0.4,0.3,0.3,0,0,UK,,skewed,high,WOA,random,8,0.3333333333333333,E29,5.26,31.19,35,0.472505,84.5281,14.6337,0.0,0,5.2891,0.8906,54.755,0.0,True,27.0,4840,2.8043,1.0
google,500,10,linear,True,False,10.0,0.4,0.3,0.3,0,0,UK,,skewed,high,WOA,random,9,0.3333333333333333,E29,5.26,31.19,35,0.467783,84.6827,15.4869,0.0,0,5.1891,0.8728,56.478,0.0,True,27.0,4840,2.7757,1.01
google,500,10,linear,True,False,10.0,0.4,0.3,0.3,0,0,UK,,skewed,high,WOA,random,10,0.3333333333333333,E29,5.26,31.19,35,0.479687,84.293,13.3363,0.0,0,5.3391,0.8959,53.716,0.0,True,25.5,4840,2.7979,1.0
google,500,10,linear,True,False,10.0,0.4,0.3,0.3,0,0,UK,,skewed,high,WOA,carbon,1,0.3333333333333333,E29,5.26,31.19,35,0.411502,86.5256,25.655,0.0,0,5.4132,0.8654,50.454,0.0,True,26.0,4840,2.7866,1.05
google,500,10,linear,True,False,10.0,0.4,0.3,0.3,0,0,UK,,skewed,high,WOA,carbon,2,0.3333333333333333,E29,5.26,31.19,35,0.402032,86.8357,27.366,0.0,0,5.3698,0.8589,55.738,0.0,True,26.0,4840,2.7343,1.03
google,500,10,linear,True,False,10.0,0.4,0.3,0.3,0,0,UK,,skewed,high,WOA,carbon,3,0.3333333333333333,E29,5.26,31.19,35,0.409439,86.5932,26.0277,0.0,0,5.5288,0.8827,54.821,0.0,True,26.0,4840,2.7693,0.95
google,500,10,linear,True,False,10.0,0.4,0.3,0.3,0,0,UK,,skewed,high,WOA,carbon,4,0.3333333333333333,E29,5.26,31.19,35,0.403659,86.7825,27.0721,0.0,0,5.2588,0.8422,52.154,0.0,True,26.0,4840,2.7259,1.01
google,500,10,linear,True,False,10.0,0.4,0.3,0.3,0,0,UK,,skewed,high,WOA,carbon,5,0.3333333333333333,E29,5.26,31.19,35,0.410939,86.5441,25.7567,0.0,0,5.357,0.857,48.869,0.0,True,26.0,4840,2.8101,0.97
google,500,10,linear,True,False,10.0,0.4,0.3,0.3,0,0,UK,,skewed,high,WOA,carbon,6,0.3333333333333333,E29,5.26,31.19,35,0.414901,86.4143,25.0409,0.0,0,5.4616,0.8727,49.615,0.0,True,26.0,4840,2.7507,0.98
google,500,10,linear,True,False,10.0,0.4,0.3,0.3,0,0,UK,,skewed,high,WOA,carbon,7,0.3333333333333333,E29,5.26,31.19,35,0.415283,86.4018,24.972,0.0,0,5.4596,0.8723,48.793,0.0,True,26.0,4840,2.7534,1.01
google,500,10,linear,True,False,10.0,0.4,0.3,0.3,0,0,UK,,skewed,high,WOA,carbon,8,0.3333333333333333,E29,5.26,31.19,35,0.410598,86.5552,25.8183,0.0,0,5.4688,0.8737,52.216,0.0,True,26.0,4840,2.8289,1.06
google,500,10,linear,True,False,10.0,0.4,0.3,0.3,0,0,UK,,skewed,high,WOA,carbon,9,0.3333333333333333,E29,5.26,31.19,35,0.388852,87.2673,29.7471,0.0,0,4.949,0.7958,59.388,0.0,True,25.5,4840,2.8053,1.02
google,500,20,linear,True,False,10.0,0.4,0.3,0.3,0,0,UK,,mixed,none,WOA,carbon,6,0.3333333333333333,E29,5.26,31.19,35,0.304259,84.1618,27.9871,0.0,0,4.0103,0.6543,49.418,0.0,True,26.0,4840,3.8115,0.96
google,500,20,linear,True,False,10.0,0.4,0.3,0.3,0,0,UK,,mixed,none,WOA,carbon,7,0.3333333333333333,E29,5.26,31.19,35,0.302012,84.2787,28.519,0.0,0,3.9553,0.6461,54.902,0.0,True,26.0,4840,3.8292,1.03
google,500,20,linear,True,False,10.0,0.4,0.3,0.3,0,0,UK,,mixed,none,WOA,carbon,8,0.3333333333333333,E29,5.26,31.19,35,0.304234,84.1631,27.9931,0.0,0,4.0103,0.6543,49.258,0.0,True,26.0,4840,3.8443,0.96
google,500,20,linear,True,False,10.0,0.4,0.3,0.3,0,0,UK,,mixed,none,WOA,carbon,9,0.3333333333333333,E29,5.26,31.19,35,0.30234,84.2617,28.4414,0.0,0,4.0103,0.6543,50.741,0.0,True,25.5,4840,3.9021,1.02
google,500,20,linear,True,False,10.0,0.4,0.3,0.3,0,0,UK,,mixed,none,WOA,carbon,10,0.3333333333333333,E29,5.26,31.19,35,0.304262,84.1616,27.9864,0.0,0,4.0103,0.6543,49.583,0.0,True,26.0,4840,3.8943,0.96
google,500,20,linear,True,False,10.0,0.4,0.3,0.3,0,0,UK,,mixed,low,FIFO,-,0,0.3333333333333333,E29,5.26,31.19,35,2.275853,0.0,-419.5637,0.0,0,25.4326,4.2789,5.275,0.0,True,24.5,0,0.0,0.0
google,500,20,linear,True,False,10.0,0.4,0.3,0.3,0,0,UK,,mixed,low,Consolidation,-,0,0.3333333333333333,E29,5.26,31.19,35,0.438032,80.7531,0.0,0.0,0,4.7903,0.7941,43.373,0.0,True,24.5,0,0.0,0.0
google,500,20,linear,True,False,10.0,0.4,0.3,0.3,0,0,UK,,mixed,low,Greedy(EDF+greenest),-,0,0.3333333333333333,E29,5.26,31.19,35,0.324542,85.7398,25.909,0.0,0,4.2903,0.6963,49.264,0.0,True,26.0,0,0.0002,0.0
google,500,20,linear,True,False,10.0,0.4,0.3,0.3,0,0,UK,,skewed,none,Consolidation,-,0,0.3333333333333333,E29,5.26,31.19,35,0.471626,80.0584,0.0,0.0,0,5.1891,0.8542,43.373,0.0,True,24.5,0,0.0,0.0
google,500,20,linear,True,False,10.0,0.4,0.3,0.3,0,0,UK,,skewed,none,Greedy(EDF+greenest),-,0,0.3333333333333333,E29,5.26,31.19,35,0.353564,85.0504,25.033,0.0,0,4.6891,0.7568,49.264,0.0,True,26.0,0,0.0002,0.0
google,500,20,linear,True,False,10.0,0.4,0.3,0.3,0,0,UK,,skewed,none,VCC(Google),-,0,0.3333333333333333,E29,5.26,31.19,35,0.471626,80.0584,0.0,0.0,0,5.1891,0.8542,43.373,0.0,True,24.5,0,0.0012,0.0
google,500,20,linear,True,False,10.0,0.4,0.3,0.3,0,0,UK,,skewed,none,Threshold(WaitAwhile),-,0,0.3333333333333333,E29,5.26,31.19,35,0.438825,81.4453,6.9547,0.0,0,5.0391,0.8093,46.736,0.0,True,25.5,0,0.0054,0.0
google,500,20,linear,True,False,10.0,0.4,0.3,0.3,0,0,UK,,skewed,none,WOA,random,1,0.3333333333333333,E29,5.26,31.19,35,0.451271,80.919,4.3159,0.0,0,5.0391,0.8477,56.288,0.0,True,24.5,4840,3.8888,1.07
google,500,20,linear,True,False,10.0,0.4,0.3,0.3,0,0,UK,,skewed,none,WOA,random,2,0.3333333333333333,E29,5.26,31.19,35,0.437537,81.4997,7.2278,0.0,0,5.1391,0.8539,44.11,0.0,True,28.5,4840,3.8559,1.04
google,500,20,linear,True,False,10.0,0.4,0.3,0.3,0,0,UK,,skewed,none,WOA,random,3,0.3333333333333333,E29,5.26,31.19,35,0.451881,80.8932,4.1866,0.0,0,5.0391,0.8235,47.209,0.0,True,24.5,4840,3.8863,0.99
google,500,20,linear,True,False,10.0,0.4,0.3,0.3,0,0,UK,,skewed,none,WOA,random,4,0.3333333333333333,E29,5.26,31.19,35,0.437226,81.5129,7.2938,0.0,0,5.1391,0.8533,44.302,0.0,True,28.5,4840,3.8726,1.04
google,500,20,linear,True,False,10.0,0.4,0.3,0.3,0,0,UK,,mixed,none,Threshold(WaitAwhile),-,0,0.3333333333333333,E29,5.26,31.19,35,0.37605,80.4247,10.9954,0.0,0,4.3403,0.7038,46.736,0.0,True,25.5,0,0.0062,0.0
google,500,20,linear,True,False,10.0,0.4,0.3,0.3,0,0,UK,,mixed,none,WOA,random,1,0.3333333333333333,E29,5.26,31.19,35,0.397438,79.3113,5.9333,0.0,0,4.5603,0.7503,47.136,0.0,True,28.0,4840,3.8144,1.07
google,500,20,linear,True,False,10.0,0.4,0.3,0.3,0,0,UK,,mixed,none,WOA,random,2,0.3333333333333333,E29,5.26,31.19,35,0.405507,78.8913,4.0235,0.0,0,4.4503,0.7431,45.178,0.0,True,24.5,4840,3.7799,0.98
google,500,20,linear,True,False,10.0,0.4,0.3,0.3,0,0,UK,,mixed,none,WOA,random,3,0.3333333333333333,E29,5.26,31.19,35,0.404245,78.957,4.3221,0.0,0,4.4503,0.7338,46.595,0.0,True,24.5,4840,3.8498,1.06
google,500,20,linear,True,False,10.0,0.4,0.3,0.3,0,0,UK,,mixed,none,WOA,random,4,0.3333333333333333,E29,5.26,31.19,35,0.416939,78.2962,1.3177,0.0,0,4.5603,0.7596,44.636,0.0,True,24.5,4840,3.8348,1.03
google,500,20,linear,True,False,10.0,0.4,0.3,0.3,0,0,UK,,mixed,none,WOA,random,5,0.3333333333333333,E29,5.26,31.19,35,0.422383,78.0128,0.0292,0.0,0,4.6153,0.7679,43.373,0.0,True,24.5,4840,3.9013,0.99
google,500,20,linear,True,False,10.0,0.4,0.3,0.3,0,0,UK,,mixed,none,WOA,random,6,0.3333333333333333,E29,5.26,31.19,35,0.416753,78.3059,1.3617,0.0,0,4.5603,0.7596,44.11,0.0,True,24.5,4840,3.9347,1.02
google,500,20,linear,True,False,10.0,0.4,0.3,0.3,0,0,UK,,mixed,none,WOA,random,7,0.3333333333333333,E29,5.26,31.19,35,0.410633,78.6245,2.8103,0.0,0,4.5603,0.759,47.333,0.0,True,25.0,4840,3.9193,1.05
google,500,20,linear,True,False,10.0,0.4,0.3,0.3,0,0,UK,,mixed,high,Greedy(EDF+greenest),-,0,0.3333333333333333,E29,5.26,31.19,35,0.371304,88.8841,23.3803,0.0,0,4.9653,0.7976,49.264,0.0,True,26.0,0,0.0002,0.0
google,500,20,linear,True,False,10.0,0.4,0.3,0.3,0,0,UK,,mixed,high,VCC(Google),-,0,0.3333333333333333,E29,5.26,31.19,35,0.484607,85.4921,0.0,0.0,0,5.3153,0.8729,43.373,0.0,True,24.5,0,0.0016,0.0
google,500,20,linear,True,False,10.0,0.4,0.3,0.3,0,0,UK,,mixed,high,Threshold(WaitAwhile),-,0,0.3333333333333333,E29,5.26,31.19,35,0.4436,86.7197,8.4618,0.0,0,5.0903,0.8163,46.736,0.0,True,25.5,0,0.0056,0.0
google,500,20,linear,True,False,10.0,0.4,0.3,0.3,0,0,UK,,mixed,high,WOA,random,1,0.3333333333333333,E29,5.26,31.19,35,0.435249,86.9697,10.1851,0.0,0,4.8203,0.815,53.869,0.0,True,24.5,4840,4.0157,1.0
google,500,20,linear,True,False,10.0,0.4,0.3,0.3,0,0,UK,,mixed,high,WOA,random,2,0.3333333333333333,E29,5.26,31.19,35,0.428664,87.1669,11.5439,0.0,0,4.7653,0.8101,56.203,0.0,True,26.0,4840,4.0199,1.03
google,500,20,linear,True,False,10.0,0.4,0.3,0.3,0,0,UK,,mixed,high,WOA,random,3,0.3333333333333333,E29,5.26,31.19,35,0.440836,86.8025,9.0322,0.0,0,4.9253,0.8382,50.796,0.0,True,26.0,4840,4.0925,1.04
google,500,20,linear,True,False,10.0,0.4,0.3,0.3,0,0,UK,,mixed,high,WOA,random,4,0.3333333333333333,E29,5.26,31.19,35,0.43387,87.011,10.4697,0.0,0,4.8203,0.8197,54.919,0.0,True,24.5,4840,4.0815,1.08
google,500,20,linear,True,False,10.0,0.4,0.3,0.3,0,0,UK,,mixed,high,WOA,random,5,0.3333333333333333,E29,5.26,31.19,35,0.442851,86.7421,8.6164,0.0,0,4.9253,0.8353,54.723,0.0,True,27.5,4840,4.0527,1.03
google,500,20,linear,True,False,10.0,0.4,0.3,0.3,0,0,UK,,mixed,low,VCC(Google),-,0,0.3333333333333333,E29,5.26,31.19,35,0.438032,80.7531,0.0,0.0,0,4.7903,0.7941,43.373,0.0,True,24.5,0,0.0016,0.0
google,500,20,linear,True,False,10.0,0.4,0.3,0.3,0,0,UK,,mixed,low,Threshold(WaitAwhile),-,0,0.3333333333333333,E29,5.26,31.19,35,0.392938,82.7345,10.2947,0.0,0,4.5278,0.7319,46.736,0.0,True,25.5,0,0.0068,0.0
google,500,20,linear,True,False,10.0,0.4,0.3,0.3,0,0,UK,,mixed,low,WOA,random,1,0.3333333333333333,E29,5.26,31.19,35,0.423847,81.3763,3.2382,0.0,0,4.7453,0.7993,50.315,0.0,True,25.5,4840,3.9885,1.05
google,500,20,linear,True,False,10.0,0.4,0.3,0.3,0,0,UK,,mixed,low,WOA,random,2,0.3333333333333333,E29,5.26,31.19,35,0.418519,81.6104,4.4545,0.0,0,4.6003,0.7656,45.178,0.0,True,24.5,4840,4.0086,0.99
google,500,20,linear,True,False,10.0,0.4,0.3,0.3,0,0,UK,,mixed,low,WOA,random,3,0.3333333333333333,E29,5.26,31.19,35,0.426739,81.2493,2.578,0.0,0,4.7328,0.8083,50.806,0.0,True,25.0,4840,4.0361,1.0
google,500,20,linear,True,False,10.0,0.4,0.3,0.3,0,0,UK,,mixed,low,WOA,random,4,0.3333333333333333,E29,5.26,31.19,35,0.424339,81.3547,3.1259,0.0,0,4.7078,0.8019,53.945,0.0,True,24.5,4840,4.0827,1.0
google,500,20,linear,True,False,10.0,0.4,0.3,0.3,0,0,UK,,mixed,low,WOA,random,5,0.3333333333333333,E29,5.26,31.19,35,0.418531,81.6099,4.4519,0.0,0,4.6253,0.7694,45.785,0.0,True,24.5,4840,4.1202,1.05
google,500,20,linear,True,False,10.0,0.4,0.3,0.3,0,0,UK,,mixed,low,WOA,random,6,0.3333333333333333,E29,5.26,31.19,35,0.425639,81.2976,2.8291,0.0,0,4.7203,0.8062,52.665,0.0,True,24.5,4840,4.0952,1.01
google,500,20,linear,True,False,10.0,0.4,0.3,0.3,0,0,UK,,mixed,low,WOA,carbon,5,0.3333333333333333,E29,5.26,31.19,35,0.316354,86.0995,27.7782,0.0,0,4.1553,0.6761,51.514,0.0,True,26.0,4840,4.0966,1.01
google,500,20,linear,True,False,10.0,0.4,0.3,0.3,0,0,UK,,mixed,low,WOA,carbon,6,0.3333333333333333,E29,5.26,31.19,35,0.317085,86.0674,27.6114,0.0,0,4.1853,0.6806,56.516,0.0,True,26.0,4840,4.1232,1.02
google,500,20,linear,True,False,10.0,0.4,0.3,0.3,0,0,UK,,mixed,low,WOA,carbon,7,0.3333333333333333,E29,5.26,31.19,35,0.317832,86.0346,27.4408,0.0,0,4.2103,0.6843,54.201,0.0,True,26.0,4840,4.2249,1.05
google,500,20,linear,True,False,10.0,0.4,0.3,0.3,0,0,UK,,mixed,low,WOA,carbon,8,0.3333333333333333,E29,5.26,31.19,35,0.319121,85.978,27.1466,0.0,0,4.2228,0.6862,50.379,0.0,True,26.0,4840,4.2061,0.98
google,500,20,linear,True,False,10.0,0.4,0.3,0.3,0,0,UK,,mixed,low,WOA,carbon,9,0.3333333333333333,E29,5.26,31.19,35,0.314551,86.1788,28.1898,0.0,0,4.1428,0.6742,53.693,0.0,True,26.0,4840,4.1895,1.0
google,500,20,linear,True,False,10.0,0.4,0.3,0.3,0,0,UK,,mixed,low,WOA,carbon,10,0.3333333333333333,E29,5.26,31.19,35,0.315101,86.1546,28.0643,0.0,0,4.1428,0.6742,55.062,0.0,True,26.0,4840,4.2103,1.0
google,500,20,linear,True,False,10.0,0.4,0.3,0.3,0,0,UK,,mixed,high,FIFO,-,0,0.3333333333333333,E29,5.26,31.19,35,3.340291,0.0,-589.2788,0.0,0,37.4326,6.1521,5.275,0.0,True,24.5,0,0.0,0.0
google,500,20,linear,True,False,10.0,0.4,0.3,0.3,0,0,UK,,mixed,high,Consolidation,-,0,0.3333333333333333,E29,5.26,31.19,35,0.484607,85.4921,0.0,0.0,0,5.3153,0.8729,43.373,0.0,True,24.5,0,0.0,0.0
google,500,20,linear,True,False,10.0,0.4,0.3,0.3,0,0,UK,,mixed,none,WOA,random,8,0.3333333333333333,E29,5.26,31.19,35,0.415768,78.3571,1.5948,0.0,0,4.5603,0.7596,44.264,0.0,True,24.5,4840,3.8513,1.03
google,500,20,linear,True,False,10.0,0.4,0.3,0.3,0,0,UK,,mixed,none,WOA,random,9,0.3333333333333333,E29,5.26,31.19,35,0.39877,79.242,5.618,0.0,0,4.6153,0.7661,43.373,0.0,True,28.5,4840,3.8002,0.96
google,500,20,linear,True,False,10.0,0.4,0.3,0.3,0,0,UK,,mixed,none,WOA,random,10,0.3333333333333333,E29,5.26,31.19,35,0.408662,78.7271,3.2768,0.0,0,4.5053,0.7514,45.292,0.0,True,24.5,4840,3.8488,1.01
google,500,20,linear,True,False,10.0,0.4,0.3,0.3,0,0,UK,,mixed,none,WOA,carbon,1,0.3333333333333333,E29,5.26,31.19,35,0.301559,84.3023,28.6263,0.0,0,3.9553,0.6461,50.988,0.0,True,26.0,4840,3.8811,1.01
google,500,20,linear,True,False,10.0,0.4,0.3,0.3,0,0,UK,,mixed,none,WOA,carbon,2,0.3333333333333333,E29,5.26,31.19,35,0.301625,84.2989,28.6106,0.0,0,3.9553,0.6461,54.248,0.0,True,26.0,4840,3.9186,0.96
google,500,20,linear,True,False,10.0,0.4,0.3,0.3,0,0,UK,,mixed,none,WOA,carbon,3,0.3333333333333333,E29,5.26,31.19,35,0.304234,84.1631,27.9931,0.0,0,4.0103,0.6543,49.258,0.0,True,26.0,4840,3.909,0.96
google,500,20,linear,True,False,10.0,0.4,0.3,0.3,0,0,UK,,mixed,none,WOA,carbon,4,0.3333333333333333,E29,5.26,31.19,35,0.304234,84.1631,27.9931,0.0,0,4.0103,0.6543,49.258,0.0,True,26.0,4840,3.9065,0.93
google,500,20,linear,True,False,10.0,0.4,0.3,0.3,0,0,UK,,mixed,none,WOA,carbon,5,0.3333333333333333,E29,5.26,31.19,35,0.304859,84.1305,27.845,0.0,0,4.0103,0.6543,49.341,0.0,True,26.0,4840,3.9002,0.98
google,500,20,linear,True,False,10.0,0.4,0.3,0.3,0,0,UK,,skewed,low,FIFO,-,0,0.3333333333333333,E29,5.26,31.19,35,2.719843,0.0,-458.3165,0.0,0,30.3082,5.1396,5.275,0.0,True,24.5,0,0.0,0.0
google,500,20,linear,True,False,10.0,0.4,0.3,0.3,0,0,UK,,skewed,low,Consolidation,-,0,0.3333333333333333,E29,5.26,31.19,35,0.487151,82.089,0.0,0.0,0,5.3641,0.8805,43.373,0.0,True,24.5,0,0.0,0.0
google,500,20,linear,True,False,10.0,0.4,0.3,0.3,0,0,UK,,skewed,low,Greedy(EDF+greenest),-,0,0.3333333333333333,E29,5.26,31.19,35,0.369151,86.4275,24.2224,0.0,0,4.9141,0.7905,49.264,0.0,True,26.0,0,0.0002,0.0
google,500,20,linear,True,False,10.0,0.4,0.3,0.3,0,0,UK,,skewed,low,VCC(Google),-,0,0.3333333333333333,E29,5.26,31.19,35,0.487151,82.089,0.0,0.0,0,5.3641,0.8805,43.373,0.0,True,24.5,0,0.0017,0.0
google,500,20,linear,True,False,10.0,0.4,0.3,0.3,0,0,UK,,skewed,low,Threshold(WaitAwhile),-,0,0.3333333333333333,E29,5.26,31.19,35,0.455713,83.2449,6.4534,0.0,0,5.2266,0.8374,46.736,0.0,True,25.5,0,0.0061,0.0
google,500,20,linear,True,False,10.0,0.4,0.3,0.3,0,0,UK,,skewed,low,WOA,random,1,0.3333333333333333,E29,5.26,31.19,35,0.449815,83.4617,7.6641,0.0,0,5.3016,0.8802,44.227,0.0,True,28.5,4840,4.1135,0.99
google,500,20,linear,True,False,10.0,0.4,0.3,0.3,0,0,UK,,skewed,low,WOA,random,2,0.3333333333333333,E29,5.26,31.19,35,0.449816,83.4617,7.6639,0.0,0,5.3016,0.8802,44.174,0.0,True,28.5,4840,4.098,0.96
google,500,20,linear,True,False,10.0,0.4,0.3,0.3,0,0,UK,,skewed,low,WOA,random,3,0.3333333333333333,E29,5.26,31.19,35,0.463452,82.9604,4.8648,0.0,0,5.2641,0.8877,51.369,0.0,True,28.0,4840,4.0774,1.03
google,500,20,linear,True,False,10.0,0.4,0.3,0.3,0,0,UK,,mixed,low,WOA,random,7,0.3333333333333333,E29,5.26,31.19,35,0.42333,81.3991,3.3562,0.0,0,4.6678,0.7757,46.674,0.0,True,24.5,4840,4.0346,1.02
google,500,20,linear,True,False,10.0,0.4,0.3,0.3,0,0,UK,,mixed,low,WOA,random,8,0.3333333333333333,E29,5.26,31.19,35,0.43093,81.0651,1.6212,0.0,0,4.7228,0.784,44.259,0.0,True,24.5,4840,4.0003,1.04
google,500,20,linear,True,False,10.0,0.4,0.3,0.3,0,0,UK,,mixed,low,WOA,random,9,0.3333333333333333,E29,5.26,31.19,35,0.41162,81.9136,6.0296,0.0,0,4.7903,0.7943,44.558,0.0,True,28.5,4840,4.0414,1.0
google,500,20,linear,True,False,10.0,0.4,0.3,0.3,0,0,UK,,mixed,low,WOA,random,10,0.3333333333333333,E29,5.26,31.19,35,0.423257,81.4023,3.3729,0.0,0,4.6678,0.7669,45.978,0.0,True,24.5,4840,4.0844,1.03
google,500,20,linear,True,False,10.0,0.4,0.3,0.3,0,0,UK,,mixed,low,WOA,carbon,1,0.3333333333333333,E29,5.26,31.19,35,0.315821,86.1229,27.8998,0.0,0,4.1553,0.6761,51.52,0.0,True,26.0,4840,4.0495,1.0
google,500,20,linear,True,False,10.0,0.4,0.3,0.3,0,0,UK,,mixed,low,WOA,carbon,2,0.3333333333333333,E29,5.26,31.19,35,0.316832,86.0785,27.669,0.0,0,4.1728,0.6787,54.898,0.0,True,26.0,4840,4.0844,1.03
google,500,20,linear,True,False,10.0,0.4,0.3,0.3,0,0,UK,,mixed,low,WOA,carbon,3,0.3333333333333333,E29,5.26,31.19,35,0.314978,86.16,28.0925,0.0,0,4.1428,0.6742,54.517,0.0,True,26.0,4840,4.0766,0.98
google,500,20,linear,True,False,10.0,0.4,0.3,0.3,0,0,UK,,mixed,low,WOA,carbon,4,0.3333333333333333,E29,5.26,31.19,35,0.319122,85.9779,27.1464,0.0,0,4.2228,0.6862,50.335,0.0,True,26.0,4840,4.0861,0.96
google,500,20,linear,True,False,10.0,0.4,0.3,0.3,0,0,UK,,mixed,high,WOA,carbon,4,0.3333333333333333,E29,5.26,31.19,35,0.347203,89.6056,28.3537,0.0,0,4.5603,0.7368,56.053,0.0,True,26.0,4840,4.0351,0.98
google,500,20,linear,True,False,10.0,0.4,0.3,0.3,0,0,UK,,mixed,high,WOA,carbon,5,0.3333333333333333,E29,5.26,31.19,35,0.360785,89.199,25.5509,0.0,0,4.8053,0.7736,52.505,0.0,True,26.0,4840,4.0701,0.98
google,500,20,linear,True,False,10.0,0.4,0.3,0.3,0,0,UK,,mixed,high,WOA,carbon,6,0.3333333333333333,E29,5.26,31.19,35,0.358297,89.2735,26.0644,0.0,0,4.8103,0.7743,50.617,0.0,True,26.0,4840,4.0922,0.94
google,500,20,linear,True,False,10.0,0.4,0.3,0.3,0,0,UK,,mixed,high,WOA,carbon,7,0.3333333333333333,E29,5.26,31.19,35,0.354368,89.3911,26.8751,0.0,0,4.7153,0.7601,54.949,0.0,True,26.0,4840,4.0798,1.0
google,500,20,linear,True,False,10.0,0.4,0.3,0.3,0,0,UK,,mixed,high,WOA,carbon,8,0.3333333333333333,E29,5.26,31.19,35,0.36032,89.2129,25.6469,0.0,0,4.8053,0.7736,52.355,0.0,True,26.0,4840,4.0851,0.95
google,500,20,linear,True,False,10.0,0.4,0.3,0.3,0,0,UK,,mixed,high,WOA,carbon,9,0.3333333333333333,E29,5.26,31.19,35,0.353157,89.4274,27.1251,0.0,0,4.7053,0.7586,54.043,0.0,True,26.0,4840,4.0872,1.03
google,500,20,linear,True,False,10.0,0.4,0.3,0.3,0,0,UK,,mixed,high,WOA,carbon,10,0.3333333333333333,E29,5.26,31.19,35,0.349089,89.5491,27.9644,0.0,0,4.5103,0.7293,56.339,0.0,True,26.0,4840,4.0902,0.99
google,500,20,linear,True,False,10.0,0.4,0.3,0.3,0,0,UK,,skewed,none,FIFO,-,0,0.3333333333333333,E29,5.26,31.19,35,2.36503,0.0,-401.4634,0.0,0,26.3082,4.5152,5.275,0.0,True,24.5,0,0.0,0.0
google,500,20,linear,True,False,10.0,0.4,0.3,0.3,0,0,UK,,skewed,low,WOA,carbon,10,0.3333333333333333,E29,5.26,31.19,35,0.354248,86.9754,27.2816,0.0,0,4.7016,0.7587,56.152,0.0,True,26.0,4840,4.0762,1.07
google,500,20,linear,True,False,10.0,0.4,0.3,0.3,0,0,UK,,skewed,high,FIFO,-,0,0.3333333333333333,E29,5.26,31.19,35,3.78428,0.0,-609.031,0.0,0,42.3082,7.0127,5.275,0.0,True,24.5,0,0.0,0.0
google,500,20,linear,True,False,10.0,0.4,0.3,0.3,0,0,UK,,skewed,high,Consolidation,-,0,0.3333333333333333,E29,5.26,31.19,35,0.533726,85.8962,0.0,0.0,0,5.8891,0.9592,43.373,0.0,True,24.5,0,0.0,0.0
google,500,20,linear,True,False,10.0,0.4,0.3,0.3,0,0,UK,,skewed,high,Greedy(EDF+greenest),-,0,0.3333333333333333,E29,5.26,31.19,35,0.415914,89.0094,22.0735,0.0,0,5.5891,0.8918,49.264,0.0,True,26.0,0,0.0002,0.0
google,500,20,linear,True,False,10.0,0.4,0.3,0.3,0,0,UK,,skewed,high,VCC(Google),-,0,0.3333333333333333,E29,5.26,31.19,35,0.533726,85.8962,0.0,0.0,0,5.8891,0.9592,43.373,0.0,True,24.5,0,0.0017,0.0
google,500,20,linear,True,False,10.0,0.4,0.3,0.3,0,0,UK,,skewed,high,Threshold(WaitAwhile),-,0,0.3333333333333333,E29,5.26,31.19,35,0.506375,86.619,5.1244,0.0,0,5.7891,0.9218,46.736,0.0,True,25.5,0,0.007,0.0
google,500,20,linear,True,False,10.0,0.4,0.3,0.3,0,0,UK,,skewed,high,WOA,random,1,0.3333333333333333,E29,5.26,31.19,35,0.466914,87.6617,12.5179,0.0,0,5.1891,0.8659,56.031,0.0,True,25.0,4840,4.0907,1.06
google,500,20,linear,True,False,10.0,0.4,0.3,0.3,0,0,UK,,skewed,high,WOA,random,2,0.3333333333333333,E29,5.26,31.19,35,0.472946,87.5023,11.3877,0.0,0,5.5891,0.9203,46.929,0.0,True,28.5,4840,4.1127,1.04
google,500,20,linear,True,False,10.0,0.4,0.3,0.3,0,0,UK,,mixed,high,WOA,random,6,0.3333333333333333,E29,5.26,31.19,35,0.437579,86.9,9.7044,0.0,0,4.8703,0.8287,52.901,0.0,True,24.5,4840,4.0457,1.02
google,500,20,linear,True,False,10.0,0.4,0.3,0.3,0,0,UK,,mixed,high,WOA,random,7,0.3333333333333333,E29,5.26,31.19,35,0.442819,86.7431,8.623,0.0,0,4.9253,0.8344,51.141,0.0,True,26.0,4840,4.0759,1.04
google,500,20,linear,True,False,10.0,0.4,0.3,0.3,0,0,UK,,mixed,high,WOA,random,8,0.3333333333333333,E29,5.26,31.19,35,0.44059,86.8098,9.0829,0.0,0,4.8753,0.8303,51.933,0.0,True,27.5,4840,4.107,1.03
google,500,20,linear,True,False,10.0,0.4,0.3,0.3,0,0,UK,,mixed,high,WOA,random,9,0.3333333333333333,E29,5.26,31.19,35,0.437904,86.8902,9.6372,0.0,0,4.8703,0.8228,51.305,0.0,True,25.0,4840,4.154,1.03
google,500,20,linear,True,False,10.0,0.4,0.3,0.3,0,0,UK,,mixed,high,WOA,random,10,0.3333333333333333,E29,5.26,31.19,35,0.432722,87.0454,10.7066,0.0,0,4.8153,0.8074,49.395,0.0,True,25.5,4840,4.1306,1.02
google,500,20,linear,True,False,10.0,0.4,0.3,0.3,0,0,UK,,mixed,high,WOA,carbon,1,0.3333333333333333,E29,5.26,31.19,35,0.353461,89.4182,27.0622,0.0,0,4.6153,0.7451,54.045,0.0,True,26.0,4840,4.1092,1.01
google,500,20,linear,True,False,10.0,0.4,0.3,0.3,0,0,UK,,mixed,high,WOA,carbon,2,0.3333333333333333,E29,5.26,31.19,35,0.35334,89.4219,27.0873,0.0,0,4.6653,0.7526,54.749,0.0,True,26.0,4840,4.139,0.94
google,500,20,linear,True,False,10.0,0.4,0.3,0.3,0,0,UK,,mixed,high,WOA,carbon,3,0.3333333333333333,E29,5.26,31.19,35,0.357271,89.3042,26.276,0.0,0,4.7153,0.7601,50.879,0.0,True,26.0,4840,4.1583,1.02
google,500,20,linear,True,False,10.0,0.4,0.3,0.3,0,0,UK,,skewed,none,WOA,random,5,0.3333333333333333,E29,5.26,31.19,35,0.428123,81.8978,9.2239,0.0,0,5.0891,0.8378,46.933,0.0,True,27.5,4840,3.8734,1.1
google,500,20,linear,True,False,10.0,0.4,0.3,0.3,0,0,UK,,skewed,none,WOA,random,6,0.3333333333333333,E29,5.26,31.19,35,0.437691,81.4932,7.1952,0.0,0,5.1391,0.8545,44.046,0.0,True,28.5,4840,3.9109,1.0
google,500,20,linear,True,False,10.0,0.4,0.3,0.3,0,0,UK,,skewed,none,WOA,random,7,0.3333333333333333,E29,5.26,31.19,35,0.437837,81.487,7.1642,0.0,0,5.1391,0.8545,44.11,0.0,True,28.5,4840,3.9198,0.99
google,500,20,linear,True,False,10.0,0.4,0.3,0.3,0,0,UK,,skewed,none,WOA,random,8,0.3333333333333333,E29,5.26,31.19,35,0.44072,81.3651,6.553,0.0,0,5.1891,0.862,43.373,0.0,True,28.5,4840,3.8851,0.98
google,500,20,linear,True,False,10.0,0.4,0.3,0.3,0,0,UK,,skewed,none,WOA,random,9,0.3333333333333333,E29,5.26,31.19,35,0.456683,80.6902,3.1682,0.0,0,5.0891,0.8589,55.254,0.0,True,27.0,4840,3.9279,1.05
google,500,20,linear,True,False,10.0,0.4,0.3,0.3,0,0,UK,,skewed,none,WOA,random,10,0.3333333333333333,E29,5.26,31.19,35,0.440697,81.3661,6.5578,0.0,0,5.1891,0.862,43.373,0.0,True,28.5,4840,3.9138,1.0
google,500,20,linear,True,False,10.0,0.4,0.3,0.3,0,0,UK,,skewed,none,WOA,carbon,1,0.3333333333333333,E29,5.26,31.19,35,0.349545,85.2203,25.8851,0.0,0,4.6391,0.7493,51.592,0.0,True,26.0,4840,3.9,1.03
google,500,20,linear,True,False,10.0,0.4,0.3,0.3,0,0,UK,,skewed,none,WOA,carbon,2,0.3333333333333333,E29,5.26,31.19,35,0.342044,85.5374,27.4756,0.0,0,4.5391,0.7343,54.958,0.0,True,26.0,4840,3.9317,0.96
google,500,20,linear,True,False,10.0,0.4,0.3,0.3,0,0,UK,,skewed,none,WOA,carbon,3,0.3333333333333333,E29,5.26,31.19,35,0.341864,85.5451,27.5138,0.0,0,4.5391,0.7343,54.455,0.0,True,26.0,4840,3.8413,1.02
google,500,20,linear,True,False,10.0,0.4,0.3,0.3,0,0,UK,,skewed,none,WOA,carbon,4,0.3333333333333333,E29,5.26,31.19,35,0.34556,85.3888,26.73,0.0,0,4.5891,0.7418,53.95,0.0,True,26.0,4840,3.8782,1.0
google,500,20,linear,True,False,10.0,0.4,0.3,0.3,0,0,UK,,skewed,none,WOA,carbon,5,0.3333333333333333,E29,5.26,31.19,35,0.345459,85.3931,26.7515,0.0,0,4.5891,0.7418,53.777,0.0,True,26.0,4840,3.9184,1.04
google,500,20,linear,True,False,10.0,0.4,0.3,0.3,0,0,UK,,skewed,none,WOA,carbon,6,0.3333333333333333,E29,5.26,31.19,35,0.345212,85.4035,26.8037,0.0,0,4.5891,0.7418,52.769,0.0,True,26.0,4840,3.8499,0.96
google,500,20,linear,True,False,10.0,0.4,0.3,0.3,0,0,UK,,skewed,none,WOA,carbon,7,0.3333333333333333,E29,5.26,31.19,35,0.344802,85.4208,26.8907,0.0,0,4.5891,0.7418,53.535,0.0,True,26.0,4840,3.8676,1.01
google,500,20,linear,True,False,10.0,0.4,0.3,0.3,0,0,UK,,skewed,none,WOA,carbon,8,0.3333333333333333,E29,5.26,31.19,35,0.345186,85.4046,26.8093,0.0,0,4.5891,0.7418,52.254,0.0,True,26.0,4840,3.8832,0.94
google,500,20,linear,True,False,10.0,0.4,0.3,0.3,0,0,UK,,skewed,none,WOA,carbon,9,0.3333333333333333,E29,5.26,31.19,35,0.348129,85.2802,26.1854,0.0,0,4.6391,0.7493,51.187,0.0,True,26.0,4840,3.8988,0.95
google,500,20,linear,True,False,10.0,0.4,0.3,0.3,0,0,UK,,skewed,none,WOA,carbon,10,0.3333333333333333,E29,5.26,31.19,35,0.344917,85.416,26.8663,0.0,0,4.5891,0.7418,54.434,0.0,True,26.0,4840,3.9522,0.99
google,500,20,linear,True,False,10.0,0.4,0.3,0.3,0,0,UK,,skewed,high,WOA,carbon,9,0.3333333333333333,E29,5.26,31.19,35,0.39885,89.4604,25.2707,0.0,0,5.1891,0.8318,55.428,0.0,True,26.0,4840,4.1201,1.08
google,500,20,linear,True,False,10.0,0.4,0.3,0.3,0,0,UK,,skewed,high,WOA,carbon,10,0.3333333333333333,E29,5.26,31.19,35,0.39091,89.6702,26.7583,0.0,0,5.1391,0.8243,56.349,0.0,True,26.0,4840,4.1569,0.98
google,1500,10,linear,True,False,10.0,0.4,0.3,0.3,0,0,UK,,uniform,none,FIFO,-,0,0.3333333333333333,E29,16.49,95.45,39,8.616002,0.0,-611.9473,0.0,0,95.9591,15.66,5.308,8.9738,False,24.5,0,0.0,0.0
google,1500,10,linear,True,False,10.0,0.4,0.3,0.3,0,0,UK,,uniform,none,Consolidation,-,0,0.3333333333333333,E29,16.49,95.45,39,1.210202,85.954,0.0,0.0,0,13.3091,2.1675,55.842,8.9738,False,24.5,0,0.0,0.0
google,1500,10,linear,True,False,10.0,0.4,0.3,0.3,0,0,UK,,uniform,none,Greedy(EDF+greenest),-,0,0.3333333333333333,E29,16.49,95.45,39,0.953278,88.936,21.2299,0.0,0,12.7091,2.0322,64.21,24.6881,False,26.0,0,0.0002,0.0
google,1500,10,linear,True,False,10.0,0.4,0.3,0.3,0,0,UK,,uniform,none,VCC(Google),-,0,0.3333333333333333,E29,16.49,95.45,39,1.197677,86.0994,1.035,0.0,0,13.2091,2.1525,59.501,0.0,True,24.5,0,0.0039,0.0
google,1500,10,linear,True,False,10.0,0.4,0.3,0.3,0,0,UK,,uniform,none,Threshold(WaitAwhile),-,0,0.3333333333333333,E29,16.49,95.45,39,1.13917,86.7784,5.8695,0.0,0,13.0091,2.0772,63.49,8.9738,False,25.5,0,0.019,0.0
google,1500,10,linear,True,False,10.0,0.4,0.3,0.3,0,0,UK,,uniform,none,WOA,random,1,0.3333333333333333,E29,16.49,95.45,39,1.13496,86.8273,6.2174,0.0,0,13.1591,2.1646,71.595,0.0,True,28.0,4840,2.9513,2.36
google,1500,10,linear,True,False,10.0,0.4,0.3,0.3,0,0,UK,,uniform,none,WOA,carbon,8,0.3333333333333333,E29,16.49,95.45,39,1.119029,87.0122,7.5337,0.0,0,12.9591,2.1175,76.532,0.0,True,27.0,4840,2.8834,2.71
google,1500,10,linear,True,False,10.0,0.4,0.3,0.3,0,0,UK,,uniform,none,WOA,carbon,9,0.3333333333333333,E29,16.49,95.45,39,1.126646,86.9238,6.9043,0.0,0,13.1591,2.1816,73.949,0.0,True,28.0,4840,2.9152,2.65
google,1500,10,linear,True,False,10.0,0.4,0.3,0.3,0,0,UK,,uniform,none,WOA,carbon,10,0.3333333333333333,E29,16.49,95.45,39,1.091209,87.3351,9.8326,0.0,0,12.8591,2.1218,77.08,0.0,True,27.5,4840,2.9383,2.5
google,1500,10,linear,True,False,10.0,0.4,0.3,0.3,0,0,UK,,uniform,low,FIFO,-,0,0.3333333333333333,E29,16.49,95.45,39,9.738277,0.0,-667.5627,0.0,0,108.5841,17.6887,5.308,8.9738,False,24.5,0,0.0,0.0
google,1500,10,linear,True,False,10.0,0.4,0.3,0.3,0,0,UK,,uniform,low,Consolidation,-,0,0.3333333333333333,E29,16.49,95.45,39,1.268727,86.9717,0.0,0.0,0,13.9591,2.2706,55.842,8.9738,False,24.5,0,0.0,0.0
google,1500,10,linear,True,False,10.0,0.4,0.3,0.3,0,0,UK,,uniform,low,Greedy(EDF+greenest),-,0,0.3333333333333333,E29,16.49,95.45,39,1.004228,89.6878,20.8476,0.0,0,13.4341,2.1466,64.21,24.6881,False,26.0,0,0.0002,0.0
google,1500,10,linear,True,False,10.0,0.4,0.3,0.3,0,0,UK,,uniform,low,VCC(Google),-,0,0.3333333333333333,E29,16.49,95.45,39,1.240814,87.2584,2.2001,0.0,0,13.6966,2.2312,59.501,0.0,True,24.5,0,0.0048,0.0
google,1500,10,linear,True,False,10.0,0.4,0.3,0.3,0,0,UK,,uniform,low,Threshold(WaitAwhile),-,0,0.3333333333333333,E29,16.49,95.45,39,1.196232,87.7162,5.714,0.0,0,13.6591,2.1803,63.49,8.9738,False,25.5,0,0.0185,0.0
google,1500,10,linear,True,False,10.0,0.4,0.3,0.3,0,0,UK,,uniform,low,WOA,carbon,7,0.3333333333333333,E29,16.49,95.45,39,1.135111,88.3438,10.5315,0.0,0,13.2841,2.2026,70.663,0.0,True,28.0,4840,3.098,2.46
google,1500,10,linear,True,False,10.0,0.4,0.3,0.3,0,0,UK,,uniform,low,WOA,carbon,8,0.3333333333333333,E29,16.49,95.45,39,1.117018,88.5296,11.9576,0.0,0,13.2341,2.173,74.965,0.0,True,27.5,4840,3.098,2.42
google,1500,10,linear,True,False,10.0,0.4,0.3,0.3,0,0,UK,,uniform,low,WOA,carbon,9,0.3333333333333333,E29,16.49,95.45,39,1.140103,88.2926,10.1381,0.0,0,13.2841,2.2019,75.316,0.0,True,27.5,4840,3.1362,2.4
google,1500,10,linear,True,False,10.0,0.4,0.3,0.3,0,0,UK,,uniform,low,WOA,carbon,10,0.3333333333333333,E29,16.49,95.45,39,1.106167,88.641,12.8129,0.0,0,13.1841,2.176,75.219,0.0,True,27.5,4840,3.3758,2.63
google,1500,10,linear,True,False,10.0,0.4,0.3,0.3,0,0,UK,,uniform,high,FIFO,-,0,0.3333333333333333,E29,16.49,95.45,39,13.105102,0.0,-807.3656,0.0,0,146.4591,23.775,5.308,8.9738,False,24.5,0,0.0,0.0
google,1500,10,linear,True,False,10.0,0.4,0.3,0.3,0,0,UK,,uniform,high,Consolidation,-,0,0.3333333333333333,E29,16.49,95.45,39,1.444302,88.9791,0.0,0.0,0,15.9091,2.58,55.842,8.9738,False,24.5,0,0.0,0.0
google,1500,10,linear,True,False,10.0,0.4,0.3,0.3,0,0,UK,,uniform,high,Greedy(EDF+greenest),-,0,0.3333333333333333,E29,16.49,95.45,39,1.157078,91.1708,19.8867,0.0,0,15.6091,2.4897,64.21,24.6881,False,26.0,0,0.0002,0.0
google,1500,10,linear,True,False,10.0,0.4,0.3,0.3,0,0,UK,,uniform,high,VCC(Google),-,0,0.3333333333333333,E29,16.49,95.45,39,1.370227,89.5443,5.1288,0.0,0,15.1591,2.4675,59.501,0.0,True,24.5,0,0.0049,0.0
google,1500,10,linear,True,False,10.0,0.4,0.3,0.3,0,0,UK,,uniform,none,WOA,random,2,0.3333333333333333,E29,16.49,95.45,39,1.140915,86.7582,5.7252,0.0,0,13.1591,2.169,73.055,0.0,True,28.0,4840,2.8804,2.42
google,1500,10,linear,True,False,10.0,0.4,0.3,0.3,0,0,UK,,uniform,none,WOA,random,3,0.3333333333333333,E29,16.49,95.45,39,1.12628,86.928,6.9346,0.0,0,13.0591,2.1632,74.727,0.0,True,27.5,4840,2.8794,2.72
google,1500,10,linear,True,False,10.0,0.4,0.3,0.3,0,0,UK,,uniform,none,WOA,random,4,0.3333333333333333,E29,16.49,95.45,39,1.137428,86.7987,6.0134,0.0,0,13.1091,2.1713,72.019,0.0,True,28.0,4840,2.9125,2.69
google,1500,10,linear,True,False,10.0,0.4,0.3,0.3,0,0,UK,,uniform,none,WOA,random,5,0.3333333333333333,E29,16.49,95.45,39,1.135791,86.8177,6.1487,0.0,0,13.1091,2.1691,73.261,0.0,True,27.5,4840,2.9405,2.57
google,1500,10,linear,True,False,10.0,0.4,0.3,0.3,0,0,UK,,uniform,none,WOA,random,6,0.3333333333333333,E29,16.49,95.45,39,1.110244,87.1142,8.2597,0.0,0,12.9091,2.1424,76.322,0.0,True,27.5,4840,2.9468,2.81
google,1500,10,linear,True,False,10.0,0.4,0.3,0.3,0,0,UK,,uniform,none,WOA,random,7,0.3333333333333333,E29,16.49,95.45,39,1.121794,86.9801,7.3052,0.0,0,13.0091,2.1647,75.459,0.0,True,27.5,4840,2.9925,2.57
google,1500,10,linear,True,False,10.0,0.4,0.3,0.3,0,0,UK,,uniform,none,WOA,random,8,0.3333333333333333,E29,16.49,95.45,39,1.134119,86.8371,6.2869,0.0,0,13.0591,2.1616,74.219,0.0,True,27.5,4840,3.2232,2.59
google,1500,10,linear,True,False,10.0,0.4,0.3,0.3,0,0,UK,,uniform,none,WOA,random,9,0.3333333333333333,E29,16.49,95.45,39,1.125423,86.938,7.0054,0.0,0,13.0091,2.1569,75.182,0.0,True,27.5,4840,3.0374,2.48
google,500,20,linear,True,False,10.0,0.4,0.3,0.3,0,0,UK,,skewed,low,WOA,random,4,0.3333333333333333,E29,5.26,31.19,35,0.449564,83.471,7.7157,0.0,0,5.3016,0.8802,44.206,0.0,True,28.5,4840,4.1055,0.99
google,500,20,linear,True,False,10.0,0.4,0.3,0.3,0,0,UK,,skewed,low,WOA,random,5,0.3333333333333333,E29,5.26,31.19,35,0.45357,83.3237,6.8933,0.0,0,5.3641,0.8901,43.373,0.0,True,28.5,4840,4.0778,0.95
google,500,20,linear,True,False,10.0,0.4,0.3,0.3,0,0,UK,,skewed,low,WOA,random,6,0.3333333333333333,E29,5.26,31.19,35,0.45357,83.3237,6.8933,0.0,0,5.3641,0.8901,43.373,0.0,True,28.5,4840,4.0837,0.95
google,500,20,linear,True,False,10.0,0.4,0.3,0.3,0,0,UK,,skewed,low,WOA,random,7,0.3333333333333333,E29,5.26,31.19,35,0.45357,83.3237,6.8933,0.0,0,5.3641,0.8901,43.373,0.0,True,28.5,4840,4.1527,0.95
google,500,20,linear,True,False,10.0,0.4,0.3,0.3,0,0,UK,,skewed,low,WOA,random,8,0.3333333333333333,E29,5.26,31.19,35,0.449886,83.4591,7.6495,0.0,0,5.3016,0.8807,44.11,0.0,True,28.5,4840,4.1806,0.98
google,500,20,linear,True,False,10.0,0.4,0.3,0.3,0,0,UK,,skewed,low,WOA,random,9,0.3333333333333333,E29,5.26,31.19,35,0.45357,83.3237,6.8933,0.0,0,5.3641,0.8901,43.373,0.0,True,28.5,4840,4.266,0.96
google,500,20,linear,True,False,10.0,0.4,0.3,0.3,0,0,UK,,skewed,low,WOA,random,10,0.3333333333333333,E29,5.26,31.19,35,0.453529,83.3252,6.9018,0.0,0,5.3641,0.8901,43.341,0.0,True,28.5,4840,4.5175,0.95
google,500,20,linear,True,False,10.0,0.4,0.3,0.3,0,0,UK,,skewed,low,WOA,carbon,1,0.3333333333333333,E29,5.26,31.19,35,0.357721,86.8477,26.5687,0.0,0,4.7516,0.7662,53.508,0.0,True,26.0,4840,4.3645,1.0
google,500,20,linear,True,False,10.0,0.4,0.3,0.3,0,0,UK,,skewed,low,WOA,carbon,2,0.3333333333333333,E29,5.26,31.19,35,0.353631,86.9981,27.4083,0.0,0,4.7016,0.7587,54.958,0.0,True,26.0,4840,4.0979,0.96
google,500,20,linear,True,False,10.0,0.4,0.3,0.3,0,0,UK,,skewed,low,WOA,carbon,3,0.3333333333333333,E29,5.26,31.19,35,0.353455,87.0046,27.4444,0.0,0,4.7016,0.7587,54.594,0.0,True,26.0,4840,4.0963,0.96
google,500,20,linear,True,False,10.0,0.4,0.3,0.3,0,0,UK,,skewed,low,WOA,carbon,4,0.3333333333333333,E29,5.26,31.19,35,0.35867,86.8128,26.3739,0.0,0,4.7891,0.7718,52.11,0.0,True,26.0,4840,4.1154,0.98
google,500,20,linear,True,False,10.0,0.4,0.3,0.3,0,0,UK,,skewed,low,WOA,carbon,5,0.3333333333333333,E29,5.26,31.19,35,0.353945,86.9866,27.3438,0.0,0,4.7141,0.7605,55.304,0.0,True,26.0,4840,4.1731,1.0
google,500,20,linear,True,False,10.0,0.4,0.3,0.3,0,0,UK,,skewed,low,WOA,carbon,6,0.3333333333333333,E29,5.26,31.19,35,0.356811,86.8812,26.7555,0.0,0,4.7391,0.7643,55.441,0.0,True,26.0,4840,4.2197,0.97
google,500,20,linear,True,False,10.0,0.4,0.3,0.3,0,0,UK,,skewed,low,WOA,carbon,7,0.3333333333333333,E29,5.26,31.19,35,0.353149,87.0158,27.5073,0.0,0,4.6891,0.7568,54.301,0.0,True,26.0,4840,4.3242,1.01
google,500,20,linear,True,False,10.0,0.4,0.3,0.3,0,0,UK,,skewed,low,WOA,carbon,8,0.3333333333333333,E29,5.26,31.19,35,0.358681,86.8124,26.3716,0.0,0,4.7891,0.7718,52.419,0.0,True,26.0,4840,4.5122,0.96
google,500,20,linear,True,False,10.0,0.4,0.3,0.3,0,0,UK,,skewed,low,WOA,carbon,9,0.3333333333333333,E29,5.26,31.19,35,0.361669,86.7026,25.7583,0.0,0,4.8391,0.7793,50.328,0.0,True,26.0,4840,4.3702,0.98
google,500,20,linear,True,False,10.0,0.4,0.3,0.3,0,0,UK,,skewed,high,WOA,random,3,0.3333333333333333,E29,5.26,31.19,35,0.474201,87.4692,11.1526,0.0,0,5.3391,0.8959,54.228,0.0,True,27.0,4840,4.0727,1.05
google,500,20,linear,True,False,10.0,0.4,0.3,0.3,0,0,UK,,skewed,high,WOA,random,4,0.3333333333333333,E29,5.26,31.19,35,0.472643,87.5104,11.4446,0.0,0,5.4891,0.9128,50.958,0.0,True,26.0,4840,4.1132,1.05
google,500,20,linear,True,False,10.0,0.4,0.3,0.3,0,0,UK,,skewed,high,WOA,random,5,0.3333333333333333,E29,5.26,31.19,35,0.461801,87.7969,13.4759,0.0,0,5.2891,0.8934,53.955,0.0,True,25.5,4840,4.1378,1.05
google,500,20,linear,True,False,10.0,0.4,0.3,0.3,0,0,UK,,skewed,high,WOA,random,6,0.3333333333333333,E29,5.26,31.19,35,0.473402,87.4903,11.3025,0.0,0,5.3391,0.8972,54.385,0.0,True,25.5,4840,4.1857,1.02
google,500,20,linear,True,False,10.0,0.4,0.3,0.3,0,0,UK,,skewed,high,WOA,random,7,0.3333333333333333,E29,5.26,31.19,35,0.472347,87.5182,11.5,0.0,0,5.2391,0.8837,54.353,0.0,True,26.5,4840,4.2437,1.15
google,500,20,linear,True,False,10.0,0.4,0.3,0.3,0,0,UK,,skewed,high,WOA,random,8,0.3333333333333333,E29,5.26,31.19,35,0.472505,87.514,11.4704,0.0,0,5.2891,0.8906,54.755,0.0,True,27.0,4840,4.3783,1.0
google,500,20,linear,True,False,10.0,0.4,0.3,0.3,0,0,UK,,skewed,high,WOA,random,9,0.3333333333333333,E29,5.26,31.19,35,0.467783,87.6388,12.3552,0.0,0,5.1891,0.8728,56.478,0.0,True,27.0,4840,4.4737,1.01
google,500,20,linear,True,False,10.0,0.4,0.3,0.3,0,0,UK,,skewed,high,WOA,random,10,0.3333333333333333,E29,5.26,31.19,35,0.479687,87.3242,10.1249,0.0,0,5.3391,0.8959,53.716,0.0,True,25.5,4840,4.4002,1.01
google,1500,10,linear,True,False,10.0,0.4,0.3,0.3,0,0,UK,,uniform,none,WOA,random,10,0.3333333333333333,E29,16.49,95.45,39,1.127755,86.9109,6.8127,0.0,0,13.0591,2.1645,74.097,0.0,True,27.5,4840,2.9105,2.62
google,1500,10,linear,True,False,10.0,0.4,0.3,0.3,0,0,UK,,uniform,none,WOA,carbon,1,0.3333333333333333,E29,16.49,95.45,39,1.105366,87.1708,8.6627,0.0,0,13.0591,2.1484,72.241,0.0,True,27.5,4840,2.8996,2.67
google,1500,10,linear,True,False,10.0,0.4,0.3,0.3,0,0,UK,,uniform,none,WOA,carbon,2,0.3333333333333333,E29,16.49,95.45,39,1.117114,87.0344,7.692,0.0,0,13.2091,2.1739,68.112,0.0,True,27.5,4840,2.9345,2.61
google,1500,10,linear,True,False,10.0,0.4,0.3,0.3,0,0,UK,,uniform,none,WOA,carbon,3,0.3333333333333333,E29,16.49,95.45,39,1.107582,87.1451,8.4796,0.0,0,13.0591,2.1496,71.435,0.0,True,27.5,4840,2.943,2.48
google,1500,10,linear,True,False,10.0,0.4,0.3,0.3,0,0,UK,,uniform,none,WOA,carbon,4,0.3333333333333333,E29,16.49,95.45,39,1.068213,87.602,11.7327,0.0,0,13.1091,2.1197,70.988,0.0,True,27.5,4840,3.0747,2.82
google,1500,10,linear,True,False,10.0,0.4,0.3,0.3,0,0,UK,,uniform,none,WOA,carbon,5,0.3333333333333333,E29,16.49,95.45,39,1.079182,87.4747,10.8264,0.0,0,12.8591,2.1081,77.173,0.0,True,26.5,4840,3.1677,2.5
google,1500,10,linear,True,False,10.0,0.4,0.3,0.3,0,0,UK,,uniform,none,WOA,carbon,6,0.3333333333333333,E29,16.49,95.45,39,1.11126,87.1024,8.1757,0.0,0,13.0591,2.1518,69.863,0.0,True,27.5,4840,3.0052,2.46
google,1500,10,linear,True,False,10.0,0.4,0.3,0.3,0,0,UK,,uniform,none,WOA,carbon,7,0.3333333333333333,E29,16.49,95.45,39,1.109151,87.1268,8.3499,0.0,0,13.0591,2.1632,68.545,0.0,True,28.0,4840,3.0577,2.41
google,1500,10,linear,True,False,10.0,0.4,0.3,0.3,0,0,UK,,uniform,high,WOA,carbon,6,0.3333333333333333,E29,16.49,95.45,39,1.157427,91.1681,19.8626,0.0,0,14.0091,2.2776,73.346,0.0,True,26.5,4840,3.1366,2.56
google,1500,10,linear,True,False,10.0,0.4,0.3,0.3,0,0,UK,,uniform,high,WOA,carbon,7,0.3333333333333333,E29,16.49,95.45,39,1.194172,90.8877,17.3184,0.0,0,13.8091,2.2941,74.441,0.0,True,27.5,4840,3.3407,2.34
google,1500,10,linear,True,False,10.0,0.4,0.3,0.3,0,0,UK,,uniform,high,WOA,carbon,8,0.3333333333333333,E29,16.49,95.45,39,1.194759,90.8833,17.2777,0.0,0,13.8591,2.2669,76.837,0.0,True,27.5,4840,3.2972,2.56
google,1500,10,linear,True,False,10.0,0.4,0.3,0.3,0,0,UK,,uniform,high,WOA,carbon,9,0.3333333333333333,E29,16.49,95.45,39,1.186331,90.9476,17.8613,0.0,0,13.6591,2.2459,77.225,0.0,True,28.5,4840,3.2371,2.43
google,1500,10,linear,True,False,10.0,0.4,0.3,0.3,0,0,UK,,uniform,high,WOA,carbon,10,0.3333333333333333,E29,16.49,95.45,39,1.199723,90.8454,16.9341,0.0,0,13.7091,2.2746,78.48,0.0,True,27.0,4840,3.2549,2.54
google,1500,10,linear,True,False,10.0,0.4,0.3,0.3,0,0,UK,,mixed,none,FIFO,-,0,0.3333333333333333,E29,16.49,95.45,39,1.995684,0.0,-98.5582,0.0,0,22.3288,3.8093,5.308,7.4769,False,24.5,0,0.0,0.0
google,1500,10,linear,True,False,10.0,0.4,0.3,0.3,0,0,UK,,mixed,none,Consolidation,-,0,0.3333333333333333,E29,16.49,95.45,39,1.005088,49.6369,0.0,0.0,0,11.1033,1.8228,55.842,7.4769,False,24.5,0,0.0,0.0
google,1500,10,linear,True,False,10.0,0.4,0.3,0.3,0,0,UK,,mixed,none,Greedy(EDF+greenest),-,0,0.3333333333333333,E29,16.49,95.45,39,0.68802,65.5246,31.5463,0.0,0,8.9696,1.4588,64.21,22.5929,False,26.0,0,0.0002,0.0
google,1500,10,linear,True,False,10.0,0.4,0.3,0.3,0,0,UK,,uniform,low,WOA,random,1,0.3333333333333333,E29,16.49,95.45,39,1.150411,88.1867,9.3256,0.0,0,13.3466,2.2004,74.111,0.0,True,28.0,4840,3.0627,2.58
google,1500,10,linear,True,False,10.0,0.4,0.3,0.3,0,0,UK,,uniform,low,WOA,random,2,0.3333333333333333,E29,16.49,95.45,39,1.13995,88.2941,10.1501,0.0,0,13.2216,2.1679,77.618,0.0,True,27.0,4840,3.0973,2.58
google,1500,10,linear,True,False,10.0,0.4,0.3,0.3,0,0,UK,,uniform,low,WOA,random,3,0.3333333333333333,E29,16.49,95.45,39,1.15392,88.1507,9.049,0.0,0,13.2091,2.1734,76.896,0.0,True,27.5,4840,3.1287,2.45
google,1500,10,linear,True,False,10.0,0.4,0.3,0.3,0,0,UK,,uniform,low,WOA,random,4,0.3333333333333333,E29,16.49,95.45,39,1.160705,88.081,8.5142,0.0,0,13.4091,2.2103,73.599,0.0,True,28.0,4840,3.2269,2.43
google,1500,10,linear,True,False,10.0,0.4,0.3,0.3,0,0,UK,,uniform,low,WOA,random,5,0.3333333333333333,E29,16.49,95.45,39,1.148797,88.2033,9.4528,0.0,0,13.2591,2.1901,75.722,0.0,True,27.5,4840,3.3969,2.59
google,1500,10,linear,True,False,10.0,0.4,0.3,0.3,0,0,UK,,uniform,low,WOA,random,6,0.3333333333333333,E29,16.49,95.45,39,1.150926,88.1814,9.285,0.0,0,13.2966,2.2021,76.62,0.0,True,27.5,4840,3.1892,2.5
google,1500,10,linear,True,False,10.0,0.4,0.3,0.3,0,0,UK,,uniform,low,WOA,random,7,0.3333333333333333,E29,16.49,95.45,39,1.137771,88.3165,10.3219,0.0,0,13.2341,2.1749,76.663,0.0,True,27.5,4840,3.2614,2.64
google,1500,10,linear,True,False,10.0,0.4,0.3,0.3,0,0,UK,,uniform,low,WOA,random,8,0.3333333333333333,E29,16.49,95.45,39,1.151315,88.1774,9.2543,0.0,0,13.1716,2.1752,78.443,0.0,True,27.5,4840,3.2373,2.52
google,1500,10,linear,True,False,10.0,0.4,0.3,0.3,0,0,UK,,uniform,high,Threshold(WaitAwhile),-,0,0.3333333333333333,E29,16.49,95.45,39,1.36742,89.5657,5.3232,0.0,0,15.6091,2.4897,63.49,8.9738,False,25.5,0,0.0181,0.0
google,1500,10,linear,True,False,10.0,0.4,0.3,0.3,0,0,UK,,uniform,high,WOA,random,1,0.3333333333333333,E29,16.49,95.45,39,1.197578,90.8617,17.0826,0.0,0,13.6591,2.2427,75.118,0.0,True,27.0,4840,3.122,2.88
google,1500,10,linear,True,False,10.0,0.4,0.3,0.3,0,0,UK,,uniform,high,WOA,random,2,0.3333333333333333,E29,16.49,95.45,39,1.197451,90.8627,17.0914,0.0,0,13.5591,2.2396,76.31,0.0,True,27.5,4840,3.1354,2.74
google,1500,10,linear,True,False,10.0,0.4,0.3,0.3,0,0,UK,,uniform,high,WOA,random,3,0.3333333333333333,E29,16.49,95.45,39,1.195954,90.8741,17.195,0.0,0,13.6591,2.2465,76.875,0.0,True,27.5,4840,3.2069,2.43
google,1500,10,linear,True,False,10.0,0.4,0.3,0.3,0,0,UK,,uniform,high,WOA,random,4,0.3333333333333333,E29,16.49,95.45,39,1.199944,90.8437,16.9188,0.0,0,13.6091,2.2476,76.494,0.0,True,27.0,4840,3.3792,2.48
google,1500,10,linear,True,False,10.0,0.4,0.3,0.3,0,0,UK,,uniform,high,WOA,random,5,0.3333333333333333,E29,16.49,95.45,39,1.209564,90.7703,16.2527,0.0,0,13.7091,2.2718,76.644,0.0,True,27.0,4840,3.2185,2.69
google,1500,10,linear,True,False,10.0,0.4,0.3,0.3,0,0,UK,,uniform,high,WOA,random,6,0.3333333333333333,E29,16.49,95.45,39,1.20303,90.8201,16.7051,0.0,0,13.6591,2.2643,75.91,0.0,True,27.0,4840,3.2572,2.6
google,1500,10,linear,True,False,10.0,0.4,0.3,0.3,0,0,UK,,uniform,high,WOA,random,7,0.3333333333333333,E29,16.49,95.45,39,1.210977,90.7595,16.1549,0.0,0,13.7591,2.2696,73.656,0.0,True,27.0,4840,3.2686,2.63
google,1500,10,linear,True,False,10.0,0.4,0.3,0.3,0,0,UK,,uniform,low,WOA,random,9,0.3333333333333333,E29,16.49,95.45,39,1.143705,88.2556,9.8542,0.0,0,13.1591,2.1711,77.413,0.0,True,27.0,4840,3.1327,2.56
google,1500,10,linear,True,False,10.0,0.4,0.3,0.3,0,0,UK,,uniform,low,WOA,random,10,0.3333333333333333,E29,16.49,95.45,39,1.143536,88.2573,9.8675,0.0,0,13.2716,2.1841,78.356,0.0,True,27.0,4840,3.1686,2.69
google,1500,10,linear,True,False,10.0,0.4,0.3,0.3,0,0,UK,,uniform,low,WOA,carbon,1,0.3333333333333333,E29,16.49,95.45,39,1.125072,88.4469,11.3228,0.0,0,13.0466,2.1417,78.667,0.0,True,27.0,4840,3.162,2.4
google,1500,10,linear,True,False,10.0,0.4,0.3,0.3,0,0,UK,,uniform,low,WOA,carbon,2,0.3333333333333333,E29,16.49,95.45,39,1.140806,88.2853,10.0827,0.0,0,13.3091,2.1882,74.783,0.0,True,27.5,4840,3.32,2.43
google,1500,10,linear,True,False,10.0,0.4,0.3,0.3,0,0,UK,,uniform,low,WOA,carbon,3,0.3333333333333333,E29,16.49,95.45,39,1.138765,88.3063,10.2435,0.0,0,13.1716,2.1677,74.798,0.0,True,28.5,4840,3.3499,2.52
google,1500,10,linear,True,False,10.0,0.4,0.3,0.3,0,0,UK,,uniform,low,WOA,carbon,4,0.3333333333333333,E29,16.49,95.45,39,1.10637,88.639,12.7969,0.0,0,13.3591,2.1629,69.415,0.0,True,26.5,4840,3.2611,2.58
google,1500,10,linear,True,False,10.0,0.4,0.3,0.3,0,0,UK,,uniform,low,WOA,carbon,5,0.3333333333333333,E29,16.49,95.45,39,1.125023,88.4474,11.3266,0.0,0,13.2966,2.2026,72.658,0.0,True,28.5,4840,3.262,2.78
google,1500,10,linear,True,False,10.0,0.4,0.3,0.3,0,0,UK,,uniform,low,WOA,carbon,6,0.3333333333333333,E29,16.49,95.45,39,1.100777,88.6964,13.2377,0.0,0,13.1966,2.1372,72.096,0.0,True,26.0,4840,3.2533,2.75
google,500,20,linear,True,False,10.0,0.4,0.3,0.3,0,0,UK,,skewed,high,WOA,carbon,1,0.3333333333333333,E29,5.26,31.19,35,0.390331,89.6855,26.8667,0.0,0,5.1891,0.8318,54.295,0.0,True,26.0,4840,4.2086,1.09
google,500,20,linear,True,False,10.0,0.4,0.3,0.3,0,0,UK,,skewed,high,WOA,carbon,2,0.3333333333333333,E29,5.26,31.19,35,0.383676,89.8613,28.1136,0.0,0,5.0891,0.8168,58.097,0.0,True,26.0,4840,4.2403,0.99
google,500,20,linear,True,False,10.0,0.4,0.3,0.3,0,0,UK,,skewed,high,WOA,carbon,3,0.3333333333333333,E29,5.26,31.19,35,0.405124,89.2946,24.0951,0.0,0,5.4391,0.8693,49.062,0.0,True,26.0,4840,4.2817,0.95
google,500,20,linear,True,False,10.0,0.4,0.3,0.3,0,0,UK,,skewed,high,WOA,carbon,4,0.3333333333333333,E29,5.26,31.19,35,0.397415,89.4983,25.5394,0.0,0,5.2391,0.8393,53.832,0.0,True,26.5,4840,4.3497,1.0
google,500,20,linear,True,False,10.0,0.4,0.3,0.3,0,0,UK,,skewed,high,WOA,carbon,5,0.3333333333333333,E29,5.26,31.19,35,0.394269,89.5814,26.129,0.0,0,5.2391,0.8393,55.053,0.0,True,26.0,4840,4.5309,1.01
google,500,20,linear,True,False,10.0,0.4,0.3,0.3,0,0,UK,,skewed,high,WOA,carbon,6,0.3333333333333333,E29,5.26,31.19,35,0.399292,89.4487,25.1877,0.0,0,5.3891,0.8618,53.103,0.0,True,26.0,4840,4.5742,0.96
google,500,20,linear,True,False,10.0,0.4,0.3,0.3,0,0,UK,,skewed,high,WOA,carbon,7,0.3333333333333333,E29,5.26,31.19,35,0.403668,89.333,24.3679,0.0,0,5.3391,0.8543,49.854,0.0,True,26.5,4840,4.5005,1.04
google,500,20,linear,True,False,10.0,0.4,0.3,0.3,0,0,UK,,skewed,high,WOA,carbon,8,0.3333333333333333,E29,5.26,31.19,35,0.396521,89.5219,25.707,0.0,0,5.2391,0.8393,52.412,0.0,True,26.0,4840,4.4895,0.98
google,1500,10,linear,True,False,10.0,0.4,0.3,0.3,0,0,UK,,uniform,high,WOA,random,8,0.3333333333333333,E29,16.49,95.45,39,1.189894,90.9204,17.6147,0.0,0,13.5591,2.2388,78.301,0.0,True,27.5,4840,3.1463,2.46
google,1500,10,linear,True,False,10.0,0.4,0.3,0.3,0,0,UK,,uniform,high,WOA,random,9,0.3333333333333333,E29,16.49,95.45,39,1.212546,90.7475,16.0463,0.0,0,13.7091,2.266,77.68,0.0,True,26.5,4840,3.1591,2.64
google,1500,10,linear,True,False,10.0,0.4,0.3,0.3,0,0,UK,,uniform,high,WOA,random,10,0.3333333333333333,E29,16.49,95.45,39,1.209747,90.7689,16.24,0.0,0,13.7591,2.2772,76.414,0.0,True,26.0,4840,3.42,2.47
google,1500,10,linear,True,False,10.0,0.4,0.3,0.3,0,0,UK,,uniform,high,WOA,carbon,1,0.3333333333333333,E29,16.49,95.45,39,1.172213,91.0553,18.8388,0.0,0,13.5591,2.2287,78.074,0.0,True,27.0,4840,3.2708,2.5
google,1500,10,linear,True,False,10.0,0.4,0.3,0.3,0,0,UK,,uniform,high,WOA,carbon,2,0.3333333333333333,E29,16.49,95.45,39,1.172808,91.0508,18.7976,0.0,0,13.5591,2.2487,77.412,0.0,True,28.0,4840,3.2469,2.64
google,1500,10,linear,True,False,10.0,0.4,0.3,0.3,0,0,UK,,uniform,high,WOA,carbon,3,0.3333333333333333,E29,16.49,95.45,39,1.198963,90.8512,16.9867,0.0,0,13.8091,2.2639,72.766,0.0,True,28.5,4840,3.2346,2.49
google,1500,10,linear,True,False,10.0,0.4,0.3,0.3,0,0,UK,,uniform,high,WOA,carbon,4,0.3333333333333333,E29,16.49,95.45,39,1.184386,90.9624,17.996,0.0,0,13.7591,2.2502,75.646,0.0,True,27.0,4840,3.2141,2.6
google,1500,10,linear,True,False,10.0,0.4,0.3,0.3,0,0,UK,,uniform,high,WOA,carbon,5,0.3333333333333333,E29,16.49,95.45,39,1.147239,91.2459,20.5679,0.0,0,13.5091,2.2212,77.185,0.0,True,26.5,4840,3.3277,2.72
google,1500,10,linear,True,False,10.0,0.4,0.3,0.3,0,0,UK,,skewed,none,FIFO,-,0,0.3333333333333333,E29,16.49,95.45,39,2.5002,0.0,-107.981,0.0,0,28.133,4.802,5.308,4.1771,False,24.5,0,0.0,0.0
google,1500,10,linear,True,False,10.0,0.4,0.3,0.3,0,0,UK,,skewed,none,Consolidation,-,0,0.3333333333333333,E29,16.49,95.45,39,1.202129,51.9187,0.0,0.0,0,13.2748,2.1623,55.842,4.1771,False,24.5,0,0.0,0.0
google,1500,10,linear,True,False,10.0,0.4,0.3,0.3,0,0,UK,,skewed,none,Greedy(EDF+greenest),-,0,0.3333333333333333,E29,16.49,95.45,39,0.862801,65.4907,28.2272,0.0,0,11.2895,1.8192,64.21,14.2774,False,26.0,0,0.0002,0.0
google,1500,10,linear,True,False,10.0,0.4,0.3,0.3,0,0,UK,,skewed,none,VCC(Google),-,0,0.3333333333333333,E29,16.49,95.45,39,1.247697,50.0961,-3.7906,0.0,0,13.7653,2.2359,59.501,0.0,True,24.5,0,0.0049,0.0
google,1500,10,linear,True,False,10.0,0.4,0.3,0.3,0,0,UK,,skewed,none,Threshold(WaitAwhile),-,0,0.3333333333333333,E29,16.49,95.45,39,1.129177,54.8365,6.0686,0.0,0,12.9753,2.0721,63.49,4.1771,False,25.5,0,0.0204,0.0
google,1500,10,linear,True,False,10.0,0.4,0.3,0.3,0,0,UK,,skewed,none,WOA,random,1,0.3333333333333333,E29,16.49,95.45,39,1.145913,54.1672,4.6764,0.0,0,13.3432,2.203,68.809,0.0,True,28.5,4840,4.6047,2.51
google,1500,10,linear,True,False,10.0,0.4,0.3,0.3,0,0,UK,,skewed,none,WOA,random,2,0.3333333333333333,E29,16.49,95.45,39,1.148607,54.0594,4.4523,0.0,0,13.2738,2.1863,73.114,0.0,True,28.0,4840,4.5083,2.51
google,1500,10,linear,True,False,10.0,0.4,0.3,0.3,0,0,UK,,skewed,none,WOA,random,3,0.3333333333333333,E29,16.49,95.45,39,1.131803,54.7315,5.8502,0.0,0,13.1342,2.1614,76.044,0.0,True,27.5,4840,4.6763,2.48
google,1500,10,linear,True,False,10.0,0.4,0.3,0.3,0,0,UK,,mixed,none,VCC(Google),-,0,0.3333333333333333,E29,16.49,95.45,39,1.038401,47.9677,-3.3144,0.0,0,11.4835,1.8798,59.501,0.0,True,24.5,0,0.0048,0.0
google,1500,10,linear,True,False,10.0,0.4,0.3,0.3,0,0,UK,,mixed,none,Threshold(WaitAwhile),-,0,0.3333333333333333,E29,16.49,95.45,39,0.935995,53.099,6.8743,0.0,0,10.7733,1.7293,63.49,7.4769,False,25.5,0,0.0201,0.0
google,1500,10,linear,True,False,10.0,0.4,0.3,0.3,0,0,UK,,mixed,none,WOA,random,1,0.3333333333333333,E29,16.49,95.45,39,0.917422,54.0297,8.7222,0.0,0,10.5004,1.7209,74.138,0.0,True,27.5,4840,4.474,2.66
google,1500,10,linear,True,False,10.0,0.4,0.3,0.3,0,0,UK,,mixed,none,WOA,random,2,0.3333333333333333,E29,16.49,95.45,39,0.928514,53.4739,7.6186,0.0,0,10.6654,1.7711,72.209,0.0,True,27.5,4840,4.4708,2.6
google,1500,10,linear,True,False,10.0,0.4,0.3,0.3,0,0,UK,,mixed,none,WOA,random,3,0.3333333333333333,E29,16.49,95.45,39,0.930988,53.3499,7.3724,0.0,0,10.6654,1.7529,72.192,0.0,True,27.0,4840,4.4183,2.6
google,1500,10,linear,True,False,10.0,0.4,0.3,0.3,0,0,UK,,mixed,none,WOA,random,4,0.3333333333333333,E29,16.49,95.45,39,0.925253,53.6373,7.9431,0.0,0,10.7238,1.7672,75.008,0.0,True,27.0,4840,4.5301,2.8
google,1500,10,linear,True,False,10.0,0.4,0.3,0.3,0,0,UK,,mixed,none,WOA,random,5,0.3333333333333333,E29,16.49,95.45,39,0.919801,53.9105,8.4855,0.0,0,10.6104,1.7431,73.398,0.0,True,27.5,4840,4.5559,2.67
google,1500,10,linear,True,False,10.0,0.4,0.3,0.3,0,0,UK,,mixed,none,WOA,random,6,0.3333333333333333,E29,16.49,95.45,39,0.911429,54.33,9.3185,0.0,0,10.3904,1.7115,74.686,0.0,True,26.0,4840,4.6599,2.66
google,1500,10,linear,True,False,10.0,0.4,0.3,0.3,0,0,UK,,mixed,high,Consolidation,-,0,0.3333333333333333,E29,16.49,95.45,39,1.239188,80.8908,0.0,0.0,0,13.7033,2.2353,55.842,7.4769,False,24.5,0,0.0,0.0
google,1500,10,linear,True,False,10.0,0.4,0.3,0.3,0,0,UK,,mixed,high,Greedy(EDF+greenest),-,0,0.3333333333333333,E29,16.49,95.45,39,0.89182,86.2475,28.0319,0.0,0,11.8696,1.9163,64.21,22.5929,False,26.0,0,0.0002,0.0
google,1500,10,linear,True,False,10.0,0.4,0.3,0.3,0,0,UK,,mixed,high,VCC(Google),-,0,0.3333333333333333,E29,16.49,95.45,39,1.210951,81.3263,2.2787,0.0,0,13.4335,2.1948,59.501,0.0,True,24.5,0,0.0049,0.0
google,1500,10,linear,True,False,10.0,0.4,0.3,0.3,0,0,UK,,mixed,high,Threshold(WaitAwhile),-,0,0.3333333333333333,E29,16.49,95.45,39,1.164245,82.0465,6.0478,0.0,0,13.3733,2.1418,63.49,7.4769,False,25.5,0,0.019,0.0
google,1500,10,linear,True,False,10.0,0.4,0.3,0.3,0,0,UK,,mixed,high,WOA,random,1,0.3333333333333333,E29,16.49,95.45,39,0.984944,84.8115,20.5169,0.0,0,11.2704,1.8519,68.748,0.0,True,28.5,4840,4.6779,2.42
google,1500,10,linear,True,False,10.0,0.4,0.3,0.3,0,0,UK,,mixed,high,WOA,random,2,0.3333333333333333,E29,16.49,95.45,39,0.988009,84.7642,20.2696,0.0,0,11.2154,1.8394,71.567,0.0,True,27.5,4840,4.7503,2.66
google,1500,10,linear,True,False,10.0,0.4,0.3,0.3,0,0,UK,,mixed,high,WOA,random,3,0.3333333333333333,E29,16.49,95.45,39,0.99169,84.7074,19.9726,0.0,0,11.2154,1.8356,71.824,0.0,True,27.5,4840,4.7378,2.58
google,1500,10,linear,True,False,10.0,0.4,0.3,0.3,0,0,UK,,mixed,high,WOA,random,4,0.3333333333333333,E29,16.49,95.45,39,0.997432,84.6189,19.5092,0.0,0,11.2654,1.8539,71.153,0.0,True,27.0,4840,4.929,2.48
google,1500,10,linear,True,False,10.0,0.4,0.3,0.3,0,0,UK,,mixed,low,Greedy(EDF+greenest),-,0,0.3333333333333333,E29,16.49,95.45,39,0.73897,76.2996,30.5227,0.0,0,9.6946,1.5731,64.21,22.5929,False,26.0,0,0.0002,0.0
google,1500,10,linear,True,False,10.0,0.4,0.3,0.3,0,0,UK,,mixed,low,VCC(Google),-,0,0.3333333333333333,E29,16.49,95.45,39,1.081538,65.3126,-1.6853,0.0,0,11.971,1.9586,59.501,0.0,True,24.5,0,0.005,0.0
google,1500,10,linear,True,False,10.0,0.4,0.3,0.3,0,0,UK,,mixed,low,Threshold(WaitAwhile),-,0,0.3333333333333333,E29,16.49,95.45,39,0.993057,68.1504,6.6336,0.0,0,11.4233,1.8325,63.49,7.4769,False,25.5,0,0.0196,0.0
google,1500,10,linear,True,False,10.0,0.4,0.3,0.3,0,0,UK,,mixed,low,WOA,random,1,0.3333333333333333,E29,16.49,95.45,39,0.936488,69.9647,11.9522,0.0,0,10.7554,1.7691,73.032,0.0,True,26.5,4840,4.6717,2.52
google,1500,10,linear,True,False,10.0,0.4,0.3,0.3,0,0,UK,,mixed,low,WOA,random,2,0.3333333333333333,E29,16.49,95.45,39,0.942568,69.7697,11.3805,0.0,0,10.7179,1.7703,75.09,0.0,True,27.0,4840,4.7071,2.78
google,1500,10,linear,True,False,10.0,0.4,0.3,0.3,0,0,UK,,mixed,low,WOA,random,3,0.3333333333333333,E29,16.49,95.45,39,0.945309,69.6818,11.1228,0.0,0,10.8029,1.7763,69.564,0.0,True,27.0,4840,4.6302,2.64
google,1500,10,linear,True,False,10.0,0.4,0.3,0.3,0,0,UK,,mixed,low,WOA,random,4,0.3333333333333333,E29,16.49,95.45,39,0.944679,69.702,11.1821,0.0,0,10.8229,1.7787,73.513,0.0,True,27.5,4840,4.8326,2.54
google,1500,10,linear,True,False,10.0,0.4,0.3,0.3,0,0,UK,,mixed,low,WOA,random,5,0.3333333333333333,E29,16.49,95.45,39,0.936735,69.9568,11.929,0.0,0,10.6929,1.7568,74.528,0.0,True,27.5,4840,4.9433,2.39
google,1500,10,linear,True,False,10.0,0.4,0.3,0.3,0,0,UK,,mixed,none,WOA,carbon,5,0.3333333333333333,E29,16.49,95.45,39,0.907942,54.5047,9.6654,0.0,0,10.6764,1.7459,70.414,0.0,True,27.0,4840,4.518,2.6
google,1500,10,linear,True,False,10.0,0.4,0.3,0.3,0,0,UK,,mixed,none,WOA,carbon,6,0.3333333333333333,E29,16.49,95.45,39,0.926202,53.5897,7.8487,0.0,0,10.5554,1.7396,73.711,0.0,True,27.0,4840,4.426,2.59
google,1500,10,linear,True,False,10.0,0.4,0.3,0.3,0,0,UK,,mixed,none,WOA,carbon,7,0.3333333333333333,E29,16.49,95.45,39,0.921618,53.8194,8.3047,0.0,0,10.6104,1.7445,71.265,0.0,True,27.0,4840,4.5066,2.6
google,1500,10,linear,True,False,10.0,0.4,0.3,0.3,0,0,UK,,mixed,none,WOA,carbon,8,0.3333333333333333,E29,16.49,95.45,39,0.910956,54.3537,9.3655,0.0,0,10.6168,1.7528,69.539,0.0,True,27.5,4840,4.5203,2.43
google,1500,10,linear,True,False,10.0,0.4,0.3,0.3,0,0,UK,,mixed,none,WOA,carbon,9,0.3333333333333333,E29,16.49,95.45,39,0.907368,54.5335,9.7225,0.0,0,10.6086,1.7333,69.29,0.0,True,26.5,4840,4.6691,2.79
google,1500,10,linear,True,False,10.0,0.4,0.3,0.3,0,0,UK,,mixed,none,WOA,carbon,10,0.3333333333333333,E29,16.49,95.45,39,0.910285,54.3873,9.4323,0.0,0,10.5011,1.7276,70.73,0.0,True,26.5,4840,4.6768,2.51
google,1500,10,linear,True,False,10.0,0.4,0.3,0.3,0,0,UK,,mixed,low,FIFO,-,0,0.3333333333333333,E29,16.49,95.45,39,3.117959,0.0,-193.1479,0.0,0,34.9538,5.838,5.308,7.4769,False,24.5,0,0.0,0.0
google,1500,10,linear,True,False,10.0,0.4,0.3,0.3,0,0,UK,,mixed,low,Consolidation,-,0,0.3333333333333333,E29,16.49,95.45,39,1.063613,65.8875,0.0,0.0,0,11.7533,1.9259,55.842,7.4769,False,24.5,0,0.0,0.0
google,1500,10,linear,True,False,10.0,0.4,0.3,0.3,0,0,UK,,mixed,none,WOA,random,7,0.3333333333333333,E29,16.49,95.45,39,0.926091,53.5953,7.8597,0.0,0,10.5004,1.7261,74.08,0.0,True,26.5,4840,4.5083,2.59
google,1500,10,linear,True,False,10.0,0.4,0.3,0.3,0,0,UK,,mixed,none,WOA,random,8,0.3333333333333333,E29,16.49,95.45,39,0.920866,53.8571,8.3795,0.0,0,10.5554,1.7372,73.094,0.0,True,27.5,4840,4.4489,2.46
google,1500,10,linear,True,False,10.0,0.4,0.3,0.3,0,0,UK,,mixed,none,WOA,random,9,0.3333333333333333,E29,16.49,95.45,39,0.91686,54.0578,8.7781,0.0,0,10.5004,1.7318,73.083,0.0,True,26.5,4840,4.5134,2.78
google,1500,10,linear,True,False,10.0,0.4,0.3,0.3,0,0,UK,,mixed,none,WOA,random,10,0.3333333333333333,E29,16.49,95.45,39,0.919239,53.9386,8.5414,0.0,0,10.5004,1.727,73.566,0.0,True,27.0,4840,4.4829,2.52
google,1500,10,linear,True,False,10.0,0.4,0.3,0.3,0,0,UK,,mixed,none,WOA,carbon,1,0.3333333333333333,E29,16.49,95.45,39,0.917319,54.0348,8.7324,0.0,0,10.6139,1.7552,72.342,0.0,True,27.0,4840,4.6431,2.52
google,1500,10,linear,True,False,10.0,0.4,0.3,0.3,0,0,UK,,mixed,none,WOA,carbon,2,0.3333333333333333,E29,16.49,95.45,39,0.912325,54.2851,9.2293,0.0,0,10.6268,1.7528,73.538,0.0,True,27.0,4840,4.6712,2.53
google,1500,10,linear,True,False,10.0,0.4,0.3,0.3,0,0,UK,,mixed,none,WOA,carbon,3,0.3333333333333333,E29,16.49,95.45,39,0.920095,53.8957,8.4562,0.0,0,10.6654,1.7567,70.252,0.0,True,27.5,4840,4.7192,2.51
google,1500,10,linear,True,False,10.0,0.4,0.3,0.3,0,0,UK,,mixed,none,WOA,carbon,4,0.3333333333333333,E29,16.49,95.45,39,0.915585,54.1218,8.905,0.0,0,10.7248,1.7493,72.622,0.0,True,28.5,4840,4.5933,2.57
google,1500,10,linear,True,False,10.0,0.4,0.3,0.3,0,0,UK,,skewed,none,WOA,carbon,10,0.3333333333333333,E29,16.49,95.45,39,1.135552,54.5815,5.5383,0.0,0,13.2635,2.1808,71.383,0.0,True,27.5,4840,4.7896,2.59
google,1500,10,linear,True,False,10.0,0.4,0.3,0.3,0,0,UK,,skewed,low,FIFO,-,0,0.3333333333333333,E29,16.49,95.45,39,3.622475,0.0,-187.3488,0.0,0,40.758,6.8307,5.308,4.1771,False,24.5,0,0.0,0.0
google,1500,10,linear,True,False,10.0,0.4,0.3,0.3,0,0,UK,,skewed,low,Consolidation,-,0,0.3333333333333333,E29,16.49,95.45,39,1.260654,65.1991,0.0,0.0,0,13.9248,2.2654,55.842,4.1771,False,24.5,0,0.0,0.0
google,1500,10,linear,True,False,10.0,0.4,0.3,0.3,0,0,UK,,skewed,low,Greedy(EDF+greenest),-,0,0.3333333333333333,E29,16.49,95.45,39,0.913751,74.7755,27.5177,0.0,0,12.0145,1.9336,64.21,14.2774,False,26.0,0,0.0002,0.0
google,1500,10,linear,True,False,10.0,0.4,0.3,0.3,0,0,UK,,skewed,low,VCC(Google),-,0,0.3333333333333333,E29,16.49,95.45,39,1.290835,64.3659,-2.394,0.0,0,14.2528,2.3147,59.501,0.0,True,24.5,0,0.0046,0.0
google,1500,10,linear,True,False,10.0,0.4,0.3,0.3,0,0,UK,,skewed,low,Threshold(WaitAwhile),-,0,0.3333333333333333,E29,16.49,95.45,39,1.18624,67.2533,5.9029,0.0,0,13.6253,2.1752,63.49,4.1771,False,25.5,0,0.0206,0.0
google,1500,10,linear,True,False,10.0,0.4,0.3,0.3,0,0,UK,,skewed,low,WOA,random,1,0.3333333333333333,E29,16.49,95.45,39,1.164365,67.8572,7.6381,0.0,0,13.6203,2.2508,71.34,0.0,True,28.5,4840,4.9999,2.52
google,1500,10,linear,True,False,10.0,0.4,0.3,0.3,0,0,UK,,skewed,low,WOA,random,2,0.3333333333333333,E29,16.49,95.45,39,1.171286,67.6662,7.0891,0.0,0,13.5649,2.2331,72.532,0.0,True,28.5,4840,4.873,2.46
google,1500,10,linear,True,False,10.0,0.4,0.3,0.3,0,0,UK,,mixed,low,WOA,carbon,4,0.3333333333333333,E29,16.49,95.45,39,0.936677,69.9586,11.9344,0.0,0,10.7979,1.7612,67.176,0.0,True,28.0,4840,4.6259,2.49
google,1500,10,linear,True,False,10.0,0.4,0.3,0.3,0,0,UK,,mixed,low,WOA,carbon,5,0.3333333333333333,E29,16.49,95.45,39,0.929427,70.1912,12.616,0.0,0,10.8157,1.7705,68.661,0.0,True,27.0,4840,4.7072,2.43
google,1500,10,linear,True,False,10.0,0.4,0.3,0.3,0,0,UK,,mixed,low,WOA,carbon,6,0.3333333333333333,E29,16.49,95.45,39,0.943074,69.7535,11.3329,0.0,0,10.7729,1.7698,71.623,0.0,True,27.5,4840,4.6407,2.56
google,1500,10,linear,True,False,10.0,0.4,0.3,0.3,0,0,UK,,mixed,low,WOA,carbon,7,0.3333333333333333,E29,16.49,95.45,39,0.940191,69.846,11.604,0.0,0,10.8229,1.7801,69.453,0.0,True,27.0,4840,4.8243,2.5
google,1500,10,linear,True,False,10.0,0.4,0.3,0.3,0,0,UK,,mixed,low,WOA,carbon,8,0.3333333333333333,E29,16.49,95.45,39,0.934231,70.0371,12.1644,0.0,0,10.8279,1.7917,73.526,0.0,True,27.5,4840,4.8439,2.57
google,1500,10,linear,True,False,10.0,0.4,0.3,0.3,0,0,UK,,mixed,low,WOA,carbon,9,0.3333333333333333,E29,16.49,95.45,39,0.937227,69.941,11.8827,0.0,0,10.9629,1.7959,71.238,0.0,True,28.5,4840,4.918,2.59
google,1500,10,linear,True,False,10.0,0.4,0.3,0.3,0,0,UK,,mixed,low,WOA,carbon,10,0.3333333333333333,E29,16.49,95.45,39,0.930323,70.1624,12.5318,0.0,0,10.7447,1.7665,70.848,0.0,True,26.5,4840,4.8222,2.5
google,1500,10,linear,True,False,10.0,0.4,0.3,0.3,0,0,UK,,mixed,high,FIFO,-,0,0.3333333333333333,E29,16.49,95.45,39,6.484784,0.0,-423.3092,0.0,0,72.8288,11.9243,5.308,7.4769,False,24.5,0,0.0,0.0
google,1500,10,linear,True,False,10.0,0.4,0.3,0.3,0,0,UK,,skewed,low,WOA,carbon,9,0.3333333333333333,E29,16.49,95.45,39,1.123555,68.9838,10.8753,0.0,0,13.6463,2.2305,72.702,0.0,True,27.0,4840,4.9083,2.93
google,1500,10,linear,True,False,10.0,0.4,0.3,0.3,0,0,UK,,skewed,low,WOA,carbon,10,0.3333333333333333,E29,16.49,95.45,39,1.162021,67.9219,7.824,0.0,0,13.3906,2.2103,78.405,0.0,True,26.0,4840,4.8047,2.35
google,1500,10,linear,True,False,10.0,0.4,0.3,0.3,0,0,UK,,skewed,high,FIFO,-,0,0.3333333333333333,E29,16.49,95.45,39,6.9893,0.0,-386.6423,0.0,0,78.633,12.917,5.308,4.1771,False,24.5,0,0.0,0.0
google,1500,10,linear,True,False,10.0,0.4,0.3,0.3,0,0,UK,,skewed,high,Consolidation,-,0,0.3333333333333333,E29,16.49,95.45,39,1.436229,79.451,0.0,0.0,0,15.8748,2.5748,55.842,4.1771,False,24.5,0,0.0,0.0
google,1500,10,linear,True,False,10.0,0.4,0.3,0.3,0,0,UK,,skewed,high,Greedy(EDF+greenest),-,0,0.3333333333333333,E29,16.49,95.45,39,1.066601,84.7395,25.736,0.0,0,14.1895,2.2767,64.21,14.2774,False,26.0,0,0.0002,0.0
google,1500,10,linear,True,False,10.0,0.4,0.3,0.3,0,0,UK,,skewed,high,VCC(Google),-,0,0.3333333333333333,E29,16.49,95.45,39,1.420247,79.6797,1.1128,0.0,0,15.7153,2.5509,59.501,0.0,True,24.5,0,0.0051,0.0
google,1500,10,linear,True,False,10.0,0.4,0.3,0.3,0,0,UK,,skewed,high,Threshold(WaitAwhile),-,0,0.3333333333333333,E29,16.49,95.45,39,1.357427,80.5785,5.4868,0.0,0,15.5753,2.4846,63.49,4.1771,False,25.5,0,0.0207,0.0
google,1500,10,linear,True,False,10.0,0.4,0.3,0.3,0,0,UK,,skewed,high,WOA,random,1,0.3333333333333333,E29,16.49,95.45,39,1.218628,82.5644,15.1509,0.0,0,13.9004,2.3136,76.864,0.0,True,27.5,4840,4.9395,2.56
google,1500,10,linear,True,False,10.0,0.4,0.3,0.3,0,0,UK,,mixed,low,WOA,random,6,0.3333333333333333,E29,16.49,95.45,39,0.942348,69.7768,11.4012,0.0,0,10.7479,1.7751,74.164,0.0,True,26.0,4840,4.6533,2.61
google,1500,10,linear,True,False,10.0,0.4,0.3,0.3,0,0,UK,,mixed,low,WOA,random,7,0.3333333333333333,E29,16.49,95.45,39,0.940909,69.8229,11.5365,0.0,0,10.7479,1.7679,74.263,0.0,True,27.0,4840,4.7482,2.4
google,1500,10,linear,True,False,10.0,0.4,0.3,0.3,0,0,UK,,mixed,low,WOA,random,8,0.3333333333333333,E29,16.49,95.45,39,0.94011,69.8485,11.6116,0.0,0,10.7354,1.7662,70.616,0.0,True,27.5,4840,4.6583,2.56
google,1500,10,linear,True,False,10.0,0.4,0.3,0.3,0,0,UK,,mixed,low,WOA,random,9,0.3333333333333333,E29,16.49,95.45,39,0.945718,69.6687,11.0844,0.0,0,10.8279,1.7823,73.559,0.0,True,27.0,4840,4.8733,2.58
google,1500,10,linear,True,False,10.0,0.4,0.3,0.3,0,0,UK,,mixed,low,WOA,random,10,0.3333333333333333,E29,16.49,95.45,39,0.938131,69.912,11.7977,0.0,0,10.6754,1.7533,75.293,0.0,True,26.5,4840,4.9062,2.46
google,1500,10,linear,True,False,10.0,0.4,0.3,0.3,0,0,UK,,mixed,low,WOA,carbon,1,0.3333333333333333,E29,16.49,95.45,39,0.925281,70.3241,13.0058,0.0,0,10.5829,1.7427,73.871,0.0,True,26.0,4840,4.9092,2.47
google,1500,10,linear,True,False,10.0,0.4,0.3,0.3,0,0,UK,,mixed,low,WOA,carbon,2,0.3333333333333333,E29,16.49,95.45,39,0.93565,69.9916,12.0309,0.0,0,10.8136,1.7645,72.315,0.0,True,27.0,4840,4.8217,2.59
google,1500,10,linear,True,False,10.0,0.4,0.3,0.3,0,0,UK,,mixed,low,WOA,carbon,3,0.3333333333333333,E29,16.49,95.45,39,0.94475,69.6997,11.1754,0.0,0,10.7304,1.7615,71.003,0.0,True,28.0,4840,4.8847,2.61
google,1500,10,linear,True,False,10.0,0.4,0.3,0.3,0,0,UK,,mixed,high,WOA,carbon,3,0.3333333333333333,E29,16.49,95.45,39,0.97714,84.9318,21.1468,0.0,0,11.0054,1.8098,70.637,0.0,True,27.0,4840,4.6298,2.6
google,1500,10,linear,True,False,10.0,0.4,0.3,0.3,0,0,UK,,mixed,high,WOA,carbon,4,0.3333333333333333,E29,16.49,95.45,39,1.003748,84.5215,18.9995,0.0,0,11.3304,1.8594,68.426,0.0,True,27.5,4840,4.6257,2.39
google,1500,10,linear,True,False,10.0,0.4,0.3,0.3,0,0,UK,,mixed,high,WOA,carbon,5,0.3333333333333333,E29,16.49,95.45,39,0.978085,84.9172,21.0705,0.0,0,11.0154,1.8014,71.211,0.0,True,27.0,4840,4.7733,2.42
google,1500,10,linear,True,False,10.0,0.4,0.3,0.3,0,0,UK,,mixed,high,WOA,carbon,6,0.3333333333333333,E29,16.49,95.45,39,0.979946,84.8885,20.9203,0.0,0,11.1604,1.8321,68.709,0.0,True,28.0,4840,4.8988,2.5
google,1500,10,linear,True,False,10.0,0.4,0.3,0.3,0,0,UK,,mixed,high,WOA,carbon,7,0.3333333333333333,E29,16.49,95.45,39,0.989721,84.7378,20.1315,0.0,0,11.1704,1.8379,69.113,0.0,True,28.0,4840,4.878,2.4
google,1500,10,linear,True,False,10.0,0.4,0.3,0.3,0,0,UK,,mixed,high,WOA,carbon,8,0.3333333333333333,E29,16.49,95.45,39,0.987991,84.7645,20.2711,0.0,0,11.1654,1.8324,70.876,0.0,True,27.5,4840,4.791,2.45
google,1500,10,linear,True,False,10.0,0.4,0.3,0.3,0,0,UK,,mixed,high,WOA,carbon,9,0.3333333333333333,E29,16.49,95.45,39,0.994592,84.6627,19.7384,0.0,0,11.2754,1.8457,70.739,0.0,True,28.0,4840,4.8886,2.7
google,1500,10,linear,True,False,10.0,0.4,0.3,0.3,0,0,UK,,mixed,high,WOA,carbon,10,0.3333333333333333,E29,16.49,95.45,39,0.973235,84.992,21.4619,0.0,0,11.2104,1.8382,72.104,0.0,True,27.0,4840,4.8381,2.5
google,1500,10,linear,True,False,10.0,0.4,0.3,0.3,0,0,UK,,mixed,high,WOA,random,5,0.3333333333333333,E29,16.49,95.45,39,0.973515,84.9877,21.4393,0.0,0,11.0554,1.8154,74.237,0.0,True,27.5,4840,4.6924,2.51
google,1500,10,linear,True,False,10.0,0.4,0.3,0.3,0,0,UK,,mixed,high,WOA,random,6,0.3333333333333333,E29,16.49,95.45,39,0.984677,84.8156,20.5385,0.0,0,11.2154,1.8375,74.702,0.0,True,26.0,4840,4.6263,2.51
google,1500,10,linear,True,False,10.0,0.4,0.3,0.3,0,0,UK,,mixed,high,WOA,random,7,0.3333333333333333,E29,16.49,95.45,39,0.975118,84.963,21.3099,0.0,0,11.1054,1.8272,74.332,0.0,True,27.0,4840,4.7938,2.57
google,1500,10,linear,True,False,10.0,0.4,0.3,0.3,0,0,UK,,mixed,high,WOA,random,8,0.3333333333333333,E29,16.49,95.45,39,0.991323,84.7131,20.0022,0.0,0,11.1604,1.8313,70.575,0.0,True,27.0,4840,4.8975,2.4
google,1500,10,linear,True,False,10.0,0.4,0.3,0.3,0,0,UK,,mixed,high,WOA,random,9,0.3333333333333333,E29,16.49,95.45,39,0.984297,84.8214,20.5692,0.0,0,11.1604,1.8251,73.658,0.0,True,26.0,4840,4.9355,2.44
google,1500,10,linear,True,False,10.0,0.4,0.3,0.3,0,0,UK,,mixed,high,WOA,random,10,0.3333333333333333,E29,16.49,95.45,39,0.970356,85.0364,21.6941,0.0,0,11.1554,1.8215,73.687,0.0,True,26.5,4840,4.7943,2.52
google,1500,10,linear,True,False,10.0,0.4,0.3,0.3,0,0,UK,,mixed,high,WOA,carbon,1,0.3333333333333333,E29,16.49,95.45,39,0.966451,85.0966,22.0093,0.0,0,11.0454,1.8145,74.229,0.0,True,26.0,4840,4.8767,2.49
google,1500,10,linear,True,False,10.0,0.4,0.3,0.3,0,0,UK,,mixed,high,WOA,carbon,2,0.3333333333333333,E29,16.49,95.45,39,0.979999,84.8877,20.916,0.0,0,11.1654,1.8282,74.756,0.0,True,27.5,4840,4.8613,2.53
google,1500,10,linear,True,False,10.0,0.4,0.3,0.3,0,0,UK,,skewed,none,WOA,random,4,0.3333333333333333,E29,16.49,95.45,39,1.150125,53.9987,4.326,0.0,0,13.4233,2.2064,67.713,0.0,True,28.0,4840,4.7371,2.52
google,1500,10,linear,True,False,10.0,0.4,0.3,0.3,0,0,UK,,skewed,none,WOA,random,5,0.3333333333333333,E29,16.49,95.45,39,1.145491,54.184,4.7115,0.0,0,13.2492,2.1831,71.738,0.0,True,28.5,4840,4.6856,2.46
google,1500,10,linear,True,False,10.0,0.4,0.3,0.3,0,0,UK,,skewed,none,WOA,random,6,0.3333333333333333,E29,16.49,95.45,39,1.144375,54.2287,4.8044,0.0,0,13.3058,2.2055,67.312,0.0,True,27.5,4840,4.8272,2.59
google,1500,10,linear,True,False,10.0,0.4,0.3,0.3,0,0,UK,,skewed,none,WOA,random,7,0.3333333333333333,E29,16.49,95.45,39,1.12639,54.948,6.3004,0.0,0,13.1986,2.1756,73.338,0.0,True,28.0,4840,4.8951,2.59
google,1500,10,linear,True,False,10.0,0.4,0.3,0.3,0,0,UK,,skewed,none,WOA,random,8,0.3333333333333333,E29,16.49,95.45,39,1.142213,54.3152,4.9842,0.0,0,13.2494,2.1764,72.061,0.0,True,28.0,4840,4.9215,2.52
google,1500,10,linear,True,False,10.0,0.4,0.3,0.3,0,0,UK,,skewed,none,WOA,random,9,0.3333333333333333,E29,16.49,95.45,39,1.150794,53.9719,4.2704,0.0,0,13.405,2.2129,69.596,0.0,True,28.5,4840,4.8683,2.79
google,1500,10,linear,True,False,10.0,0.4,0.3,0.3,0,0,UK,,skewed,none,WOA,random,10,0.3333333333333333,E29,16.49,95.45,39,1.133422,54.6667,5.7155,0.0,0,13.2439,2.1767,69.991,0.0,True,27.5,4840,4.9315,2.54
google,1500,10,linear,True,False,10.0,0.4,0.3,0.3,0,0,UK,,skewed,none,WOA,carbon,1,0.3333333333333333,E29,16.49,95.45,39,1.125616,54.979,6.3648,0.0,0,13.4607,2.2064,67.211,0.0,True,28.5,4840,4.9132,2.41
google,1500,10,linear,True,False,10.0,0.4,0.3,0.3,0,0,UK,,skewed,none,WOA,carbon,2,0.3333333333333333,E29,16.49,95.45,39,1.135171,54.5968,5.57,0.0,0,13.1855,2.1674,73.708,0.0,True,28.0,4840,4.4711,2.42
google,1500,10,linear,True,False,10.0,0.4,0.3,0.3,0,0,UK,,skewed,none,WOA,carbon,3,0.3333333333333333,E29,16.49,95.45,39,1.132468,54.7049,5.7948,0.0,0,13.2422,2.1714,73.86,0.0,True,27.5,4840,4.6067,2.55
google,1500,10,linear,True,False,10.0,0.4,0.3,0.3,0,0,UK,,skewed,none,WOA,carbon,4,0.3333333333333333,E29,16.49,95.45,39,1.083232,56.6742,9.8906,0.0,0,13.3706,2.1509,66.325,0.0,True,27.5,4840,4.7168,2.63
google,1500,10,linear,True,False,10.0,0.4,0.3,0.3,0,0,UK,,skewed,none,WOA,carbon,5,0.3333333333333333,E29,16.49,95.45,39,1.096644,56.1377,8.7749,0.0,0,13.0817,2.1364,75.6,0.0,True,27.0,4840,4.7269,2.53
google,1500,10,linear,True,False,10.0,0.4,0.3,0.3,0,0,UK,,skewed,none,WOA,carbon,6,0.3333333333333333,E29,16.49,95.45,39,1.119022,55.2427,6.9134,0.0,0,13.4286,2.2078,69.013,0.0,True,27.5,4840,4.6532,2.43
google,1500,10,linear,True,False,10.0,0.4,0.3,0.3,0,0,UK,,skewed,none,WOA,carbon,7,0.3333333333333333,E29,16.49,95.45,39,1.110681,55.5763,7.6072,0.0,0,13.1847,2.1723,74.548,0.0,True,27.0,4840,4.7502,2.51
google,1500,10,linear,True,False,10.0,0.4,0.3,0.3,0,0,UK,,skewed,none,WOA,carbon,8,0.3333333333333333,E29,16.49,95.45,39,1.101587,55.94,8.3637,0.0,0,13.1717,2.155,75.493,0.0,True,27.5,4840,4.6268,2.64
google,1500,10,linear,True,False,10.0,0.4,0.3,0.3,0,0,UK,,skewed,none,WOA,carbon,9,0.3333333333333333,E29,16.49,95.45,39,1.078804,56.8513,10.2589,0.0,0,13.4547,2.1723,66.973,0.0,True,27.5,4840,4.7393,2.5
google,1500,10,linear,True,False,10.0,0.4,0.3,0.3,0,0,UK,,skewed,high,WOA,carbon,8,0.3333333333333333,E29,16.49,95.45,39,1.191493,82.9526,17.0402,0.0,0,14.2765,2.3176,75.955,0.0,True,26.5,4840,4.951,2.37
google,1500,10,linear,True,False,10.0,0.4,0.3,0.3,0,0,UK,,skewed,high,WOA,carbon,9,0.3333333333333333,E29,16.49,95.45,39,1.214165,82.6282,15.4616,0.0,0,14.5781,2.3765,70.711,0.0,True,28.0,4840,4.9531,2.77
google,1500,10,linear,True,False,10.0,0.4,0.3,0.3,0,0,UK,,skewed,high,WOA,carbon,10,0.3333333333333333,E29,16.49,95.45,39,1.195738,82.8919,16.7446,0.0,0,13.8628,2.2896,78.39,0.0,True,26.0,4840,4.9525,2.6
google,1500,20,linear,True,False,10.0,0.4,0.3,0.3,0,0,UK,,uniform,none,FIFO,-,0,0.3333333333333333,E29,16.49,95.45,39,8.616002,0.0,-611.9473,0.0,0,95.9591,15.66,5.308,0.0,True,24.5,0,0.0,0.0
google,1500,20,linear,True,False,10.0,0.4,0.3,0.3,0,0,UK,,uniform,none,Consolidation,-,0,0.3333333333333333,E29,16.49,95.45,39,1.210202,85.954,0.0,0.0,0,13.3091,2.1675,55.842,0.0,True,24.5,0,0.0,0.0
google,1500,20,linear,True,False,10.0,0.4,0.3,0.3,0,0,UK,,uniform,none,Greedy(EDF+greenest),-,0,0.3333333333333333,E29,16.49,95.45,39,0.953278,88.936,21.2299,0.0,0,12.7091,2.0322,64.21,0.8379,False,26.0,0,0.0002,0.0
google,1500,20,linear,True,False,10.0,0.4,0.3,0.3,0,0,UK,,uniform,none,VCC(Google),-,0,0.3333333333333333,E29,16.49,95.45,39,1.209986,85.9565,0.0179,0.0,0,13.3091,2.1675,56.369,0.0,True,24.5,0,0.0048,0.0
google,1500,20,linear,True,False,10.0,0.4,0.3,0.3,0,0,UK,,uniform,none,Threshold(WaitAwhile),-,0,0.3333333333333333,E29,16.49,95.45,39,1.13917,86.7784,5.8695,0.0,0,13.0091,2.0772,63.49,0.0,True,25.5,0,0.0211,0.0
google,1500,20,linear,True,False,10.0,0.4,0.3,0.3,0,0,UK,,uniform,none,WOA,carbon,7,0.3333333333333333,E29,16.49,95.45,39,0.981325,88.6104,18.9123,0.0,0,12.8591,2.0627,66.427,0.0,True,27.0,4840,3.2683,2.62
google,1500,20,linear,True,False,10.0,0.4,0.3,0.3,0,0,UK,,uniform,none,WOA,carbon,8,0.3333333333333333,E29,16.49,95.45,39,0.976223,88.6697,19.3339,0.0,0,12.8091,2.0547,67.792,0.0,True,26.5,4840,3.1919,2.54
google,1500,20,linear,True,False,10.0,0.4,0.3,0.3,0,0,UK,,uniform,none,WOA,carbon,9,0.3333333333333333,E29,16.49,95.45,39,0.970407,88.7372,19.8145,0.0,0,12.7591,2.0564,67.262,0.0,True,26.5,4840,3.3178,2.48
google,1500,20,linear,True,False,10.0,0.4,0.3,0.3,0,0,UK,,uniform,none,WOA,carbon,10,0.3333333333333333,E29,16.49,95.45,39,0.97515,88.6821,19.4226,0.0,0,12.7591,2.0569,68.449,0.0,True,27.0,4840,3.171,2.73
google,1500,20,linear,True,False,10.0,0.4,0.3,0.3,0,0,UK,,uniform,low,FIFO,-,0,0.3333333333333333,E29,16.49,95.45,39,9.738277,0.0,-667.5627,0.0,0,108.5841,17.6887,5.308,0.0,True,24.5,0,0.0,0.0
google,1500,20,linear,True,False,10.0,0.4,0.3,0.3,0,0,UK,,uniform,low,Consolidation,-,0,0.3333333333333333,E29,16.49,95.45,39,1.268727,86.9717,0.0,0.0,0,13.9591,2.2706,55.842,0.0,True,24.5,0,0.0,0.0
google,1500,20,linear,True,False,10.0,0.4,0.3,0.3,0,0,UK,,uniform,low,Greedy(EDF+greenest),-,0,0.3333333333333333,E29,16.49,95.45,39,1.004228,89.6878,20.8476,0.0,0,13.4341,2.1466,64.21,0.8379,False,26.0,0,0.0002,0.0
google,1500,20,linear,True,False,10.0,0.4,0.3,0.3,0,0,UK,,uniform,low,VCC(Google),-,0,0.3333333333333333,E29,16.49,95.45,39,1.267248,86.9869,0.1166,0.0,0,13.9466,2.2687,56.369,0.0,True,24.5,0,0.0047,0.0
google,1500,10,linear,True,False,10.0,0.4,0.3,0.3,0,0,UK,,skewed,low,WOA,random,3,0.3333333333333333,E29,16.49,95.45,39,1.160674,67.9591,7.9308,0.0,0,13.4582,2.2143,76.389,0.0,True,27.5,4840,4.8696,2.67
google,1500,10,linear,True,False,10.0,0.4,0.3,0.3,0,0,UK,,skewed,low,WOA,random,4,0.3333333333333333,E29,16.49,95.45,39,1.173235,67.6123,6.9345,0.0,0,13.5711,2.2162,72.613,0.0,True,27.5,4840,4.9706,2.46
google,1500,10,linear,True,False,10.0,0.4,0.3,0.3,0,0,UK,,skewed,low,WOA,random,5,0.3333333333333333,E29,16.49,95.45,39,1.167241,67.7778,7.4099,0.0,0,13.59,2.2346,71.165,0.0,True,28.5,4840,4.89,2.54
google,1500,10,linear,True,False,10.0,0.4,0.3,0.3,0,0,UK,,skewed,low,WOA,random,6,0.3333333333333333,E29,16.49,95.45,39,1.169359,67.7193,7.2419,0.0,0,13.5606,2.24,72.554,0.0,True,28.0,4840,4.8813,2.42
google,1500,10,linear,True,False,10.0,0.4,0.3,0.3,0,0,UK,,skewed,low,WOA,random,7,0.3333333333333333,E29,16.49,95.45,39,1.155953,68.0894,8.3053,0.0,0,13.5611,2.2337,73.338,0.0,True,28.0,4840,4.9432,2.61
google,1500,10,linear,True,False,10.0,0.4,0.3,0.3,0,0,UK,,skewed,low,WOA,random,8,0.3333333333333333,E29,16.49,95.45,39,1.172696,67.6272,6.9772,0.0,0,13.6244,2.2364,72.076,0.0,True,28.0,4840,4.9492,2.41
google,1500,10,linear,True,False,10.0,0.4,0.3,0.3,0,0,UK,,skewed,low,WOA,random,9,0.3333333333333333,E29,16.49,95.45,39,1.171145,67.67,7.1002,0.0,0,13.6818,2.2506,71.324,0.0,True,28.5,4840,4.8385,2.51
google,1500,10,linear,True,False,10.0,0.4,0.3,0.3,0,0,UK,,skewed,low,WOA,random,10,0.3333333333333333,E29,16.49,95.45,39,1.164034,67.8663,7.6643,0.0,0,13.6348,2.2502,70.621,0.0,True,27.5,4840,4.8656,2.69
google,1500,20,linear,True,False,10.0,0.4,0.3,0.3,0,0,UK,,uniform,none,WOA,random,1,0.3333333333333333,E29,16.49,95.45,39,1.106417,87.1586,8.5759,0.0,0,13.1091,2.1585,60.585,0.0,True,28.5,4840,3.2737,2.48
google,1500,20,linear,True,False,10.0,0.4,0.3,0.3,0,0,UK,,uniform,none,WOA,random,2,0.3333333333333333,E29,16.49,95.45,39,1.119205,87.0102,7.5192,0.0,0,13.2591,2.1885,57.178,0.0,True,28.0,4840,3.1489,2.43
google,1500,20,linear,True,False,10.0,0.4,0.3,0.3,0,0,UK,,uniform,none,WOA,random,3,0.3333333333333333,E29,16.49,95.45,39,1.11314,87.0806,8.0204,0.0,0,13.1091,2.1542,64.735,0.0,True,28.0,4840,3.2843,2.72
google,1500,20,linear,True,False,10.0,0.4,0.3,0.3,0,0,UK,,uniform,none,WOA,random,4,0.3333333333333333,E29,16.49,95.45,39,1.106574,87.1568,8.5629,0.0,0,13.0591,2.1473,67.448,0.0,True,28.0,4840,3.2295,2.48
google,1500,20,linear,True,False,10.0,0.4,0.3,0.3,0,0,UK,,uniform,none,WOA,random,5,0.3333333333333333,E29,16.49,95.45,39,1.11339,87.0777,7.9997,0.0,0,13.1591,2.1732,64.16,0.0,True,28.0,4840,3.2476,2.52
google,1500,20,linear,True,False,10.0,0.4,0.3,0.3,0,0,UK,,uniform,none,WOA,random,6,0.3333333333333333,E29,16.49,95.45,39,1.112142,87.0921,8.1028,0.0,0,13.0591,2.161,68.577,0.0,True,28.0,4840,3.1641,2.58
google,1500,20,linear,True,False,10.0,0.4,0.3,0.3,0,0,UK,,uniform,none,WOA,random,7,0.3333333333333333,E29,16.49,95.45,39,1.119338,87.0086,7.5082,0.0,0,13.1091,2.1811,65.225,0.0,True,28.0,4840,3.1915,2.55
google,1500,20,linear,True,False,10.0,0.4,0.3,0.3,0,0,UK,,uniform,none,WOA,random,8,0.3333333333333333,E29,16.49,95.45,39,1.125054,86.9423,7.0359,0.0,0,13.3091,2.2052,55.842,0.0,True,28.5,4840,3.161,2.25
google,1500,10,linear,True,False,10.0,0.4,0.3,0.3,0,0,UK,,skewed,low,WOA,carbon,1,0.3333333333333333,E29,16.49,95.45,39,1.165448,67.8273,7.5522,0.0,0,13.6367,2.2555,70.769,0.0,True,28.5,4840,4.852,2.41
google,1500,10,linear,True,False,10.0,0.4,0.3,0.3,0,0,UK,,skewed,low,WOA,carbon,2,0.3333333333333333,E29,16.49,95.45,39,1.156619,68.071,8.2525,0.0,0,13.5682,2.2452,72.32,0.0,True,28.0,4840,4.8872,2.57
google,1500,10,linear,True,False,10.0,0.4,0.3,0.3,0,0,UK,,skewed,low,WOA,carbon,3,0.3333333333333333,E29,16.49,95.45,39,1.159549,67.9902,8.0201,0.0,0,13.6098,2.2055,74.921,0.0,True,27.5,4840,4.8981,2.67
google,1500,10,linear,True,False,10.0,0.4,0.3,0.3,0,0,UK,,skewed,low,WOA,carbon,4,0.3333333333333333,E29,16.49,95.45,39,1.129064,68.8317,10.4383,0.0,0,13.6595,2.1986,67.301,0.0,True,27.0,4840,4.8178,2.48
google,1500,10,linear,True,False,10.0,0.4,0.3,0.3,0,0,UK,,skewed,low,WOA,carbon,5,0.3333333333333333,E29,16.49,95.45,39,1.119106,69.1066,11.2282,0.0,0,13.3314,2.1777,75.116,0.0,True,27.0,4840,4.938,2.63
google,1500,10,linear,True,False,10.0,0.4,0.3,0.3,0,0,UK,,skewed,low,WOA,carbon,6,0.3333333333333333,E29,16.49,95.45,39,1.13448,68.6822,10.0087,0.0,0,13.4769,2.206,74.649,0.0,True,26.5,4840,4.9444,2.61
google,1500,10,linear,True,False,10.0,0.4,0.3,0.3,0,0,UK,,skewed,low,WOA,carbon,7,0.3333333333333333,E29,16.49,95.45,39,1.14094,68.5039,9.4962,0.0,0,13.5261,2.229,75.192,0.0,True,27.0,4840,4.834,2.51
google,1500,10,linear,True,False,10.0,0.4,0.3,0.3,0,0,UK,,skewed,low,WOA,carbon,8,0.3333333333333333,E29,16.49,95.45,39,1.122792,69.0048,10.9358,0.0,0,13.5104,2.2137,75.11,0.0,True,27.5,4840,4.8269,2.46
google,1500,20,linear,True,False,10.0,0.4,0.3,0.3,0,0,UK,,uniform,low,WOA,carbon,6,0.3333333333333333,E29,16.49,95.45,39,1.019043,89.5357,19.6799,0.0,0,13.3716,2.1439,63.449,0.0,True,27.0,4840,3.6114,2.96
google,1500,20,linear,True,False,10.0,0.4,0.3,0.3,0,0,UK,,uniform,low,WOA,carbon,7,0.3333333333333333,E29,16.49,95.45,39,1.017383,89.5527,19.8107,0.0,0,13.3591,2.1501,66.419,0.0,True,26.5,4840,3.5761,2.61
google,1500,20,linear,True,False,10.0,0.4,0.3,0.3,0,0,UK,,uniform,low,WOA,carbon,8,0.3333333333333333,E29,16.49,95.45,39,1.005587,89.6739,20.7405,0.0,0,13.2091,2.1109,72.321,0.0,True,26.0,4840,3.5031,2.64
google,1500,20,linear,True,False,10.0,0.4,0.3,0.3,0,0,UK,,uniform,low,WOA,carbon,9,0.3333333333333333,E29,16.49,95.45,39,1.008278,89.6462,20.5284,0.0,0,13.2466,2.1332,67.445,0.0,True,26.5,4840,3.5554,2.46
google,1500,20,linear,True,False,10.0,0.4,0.3,0.3,0,0,UK,,uniform,low,WOA,carbon,10,0.3333333333333333,E29,16.49,95.45,39,1.012454,89.6034,20.1993,0.0,0,13.2341,2.1325,69.299,0.0,True,27.0,4840,3.5212,2.4
google,1500,20,linear,True,False,10.0,0.4,0.3,0.3,0,0,UK,,uniform,high,FIFO,-,0,0.3333333333333333,E29,16.49,95.45,39,13.105102,0.0,-807.3656,0.0,0,146.4591,23.775,5.308,0.0,True,24.5,0,0.0,0.0
google,1500,20,linear,True,False,10.0,0.4,0.3,0.3,0,0,UK,,uniform,high,Consolidation,-,0,0.3333333333333333,E29,16.49,95.45,39,1.444302,88.9791,0.0,0.0,0,15.9091,2.58,55.842,0.0,True,24.5,0,0.0,0.0
google,1500,20,linear,True,False,10.0,0.4,0.3,0.3,0,0,UK,,uniform,high,Greedy(EDF+greenest),-,0,0.3333333333333333,E29,16.49,95.45,39,1.157078,91.1708,19.8867,0.0,0,15.6091,2.4897,64.21,0.8379,False,26.0,0,0.0002,0.0
google,1500,20,linear,True,False,10.0,0.4,0.3,0.3,0,0,UK,,uniform,none,WOA,random,9,0.3333333333333333,E29,16.49,95.45,39,1.121511,86.9834,7.3286,0.0,0,13.0091,2.1569,75.176,0.0,True,27.5,4840,3.1937,2.47
google,1500,20,linear,True,False,10.0,0.4,0.3,0.3,0,0,UK,,uniform,none,WOA,random,10,0.3333333333333333,E29,16.49,95.45,39,1.121111,86.988,7.3617,0.0,0,13.2591,2.1885,56.807,0.0,True,28.5,4840,3.2628,2.41
google,1500,20,linear,True,False,10.0,0.4,0.3,0.3,0,0,UK,,uniform,none,WOA,carbon,1,0.3333333333333333,E29,16.49,95.45,39,0.958958,88.87,20.7605,0.0,0,12.6591,2.0327,69.77,0.0,True,26.5,4840,3.2576,2.54
google,1500,20,linear,True,False,10.0,0.4,0.3,0.3,0,0,UK,,uniform,none,WOA,carbon,2,0.3333333333333333,E29,16.49,95.45,39,0.978825,88.6395,19.1189,0.0,0,12.8591,2.0644,63.619,0.0,True,27.0,4840,3.1768,2.63
google,1500,20,linear,True,False,10.0,0.4,0.3,0.3,0,0,UK,,uniform,none,WOA,carbon,3,0.3333333333333333,E29,16.49,95.45,39,0.970307,88.7383,19.8227,0.0,0,12.7591,2.0581,66.905,0.0,True,26.5,4840,3.1531,2.43
google,1500,20,linear,True,False,10.0,0.4,0.3,0.3,0,0,UK,,uniform,none,WOA,carbon,4,0.3333333333333333,E29,16.49,95.45,39,0.977081,88.6597,19.263,0.0,0,12.8091,2.0667,65.515,0.0,True,26.5,4840,3.1756,2.48
google,1500,20,linear,True,False,10.0,0.4,0.3,0.3,0,0,UK,,uniform,none,WOA,carbon,5,0.3333333333333333,E29,16.49,95.45,39,0.984356,88.5753,18.6619,0.0,0,12.9091,2.0783,65.097,0.0,True,26.5,4840,3.172,2.57
google,1500,20,linear,True,False,10.0,0.4,0.3,0.3,0,0,UK,,uniform,none,WOA,carbon,6,0.3333333333333333,E29,16.49,95.45,39,0.972425,88.7137,19.6477,0.0,0,12.8091,2.0644,65.91,0.0,True,26.5,4840,3.1521,2.66
google,1500,10,linear,True,False,10.0,0.4,0.3,0.3,0,0,UK,,skewed,high,WOA,random,2,0.3333333333333333,E29,16.49,95.45,39,1.242024,82.2296,13.5219,0.0,0,14.3743,2.3658,73.089,0.0,True,28.0,4840,4.9692,2.41
google,1500,10,linear,True,False,10.0,0.4,0.3,0.3,0,0,UK,,skewed,high,WOA,random,3,0.3333333333333333,E29,16.49,95.45,39,1.223169,82.4994,14.8347,0.0,0,13.9936,2.3053,75.67,0.0,True,26.5,4840,4.8507,2.72
google,1500,10,linear,True,False,10.0,0.4,0.3,0.3,0,0,UK,,skewed,high,WOA,random,4,0.3333333333333333,E29,16.49,95.45,39,1.224853,82.4753,14.7174,0.0,0,14.0072,2.328,73.133,0.0,True,27.0,4840,4.8786,2.47
google,1500,10,linear,True,False,10.0,0.4,0.3,0.3,0,0,UK,,skewed,high,WOA,random,5,0.3333333333333333,E29,16.49,95.45,39,1.214197,82.6278,15.4594,0.0,0,14.0618,2.3234,78.794,0.0,True,27.5,4840,4.967,2.56
google,1500,10,linear,True,False,10.0,0.4,0.3,0.3,0,0,UK,,skewed,high,WOA,random,6,0.3333333333333333,E29,16.49,95.45,39,1.23291,82.36,14.1564,0.0,0,14.2215,2.347,75.056,0.0,True,27.5,4840,4.958,2.47
google,1500,10,linear,True,False,10.0,0.4,0.3,0.3,0,0,UK,,skewed,high,WOA,random,7,0.3333333333333333,E29,16.49,95.45,39,1.209604,82.6935,15.7792,0.0,0,13.7423,2.2762,75.773,0.0,True,26.5,4840,4.8576,2.53
google,1500,10,linear,True,False,10.0,0.4,0.3,0.3,0,0,UK,,skewed,high,WOA,random,8,0.3333333333333333,E29,16.49,95.45,39,1.222428,82.51,14.8863,0.0,0,13.8954,2.2992,74.725,0.0,True,27.0,4840,4.8459,2.44
google,1500,10,linear,True,False,10.0,0.4,0.3,0.3,0,0,UK,,skewed,high,WOA,random,9,0.3333333333333333,E29,16.49,95.45,39,1.226563,82.4508,14.5984,0.0,0,13.8046,2.2918,77.29,0.0,True,28.0,4840,4.8673,2.37
google,1500,20,linear,True,False,10.0,0.4,0.3,0.3,0,0,UK,,uniform,low,Threshold(WaitAwhile),-,0,0.3333333333333333,E29,16.49,95.45,39,1.196232,87.7162,5.714,0.0,0,13.6591,2.1803,63.49,0.0,True,25.5,0,0.0211,0.0
google,1500,20,linear,True,False,10.0,0.4,0.3,0.3,0,0,UK,,uniform,low,WOA,random,1,0.3333333333333333,E29,16.49,95.45,39,1.139516,88.2986,10.1844,0.0,0,13.2466,2.1859,74.549,0.0,True,28.0,4840,3.4109,2.68
google,1500,20,linear,True,False,10.0,0.4,0.3,0.3,0,0,UK,,uniform,low,WOA,random,2,0.3333333333333333,E29,16.49,95.45,39,1.14003,88.2933,10.1438,0.0,0,13.2216,2.1679,77.604,0.0,True,27.0,4840,3.4989,2.49
google,1500,20,linear,True,False,10.0,0.4,0.3,0.3,0,0,UK,,uniform,low,WOA,random,3,0.3333333333333333,E29,16.49,95.45,39,1.14537,88.2385,9.7229,0.0,0,13.3091,2.2034,75.122,0.0,True,27.5,4840,3.3469,2.51
google,1500,20,linear,True,False,10.0,0.4,0.3,0.3,0,0,UK,,uniform,low,WOA,random,4,0.3333333333333333,E29,16.49,95.45,39,1.158426,88.1044,8.6939,0.0,0,13.3716,2.2052,74.315,0.0,True,28.0,4840,3.3715,2.52
google,1500,20,linear,True,False,10.0,0.4,0.3,0.3,0,0,UK,,uniform,low,WOA,random,5,0.3333333333333333,E29,16.49,95.45,39,1.145901,88.233,9.6811,0.0,0,13.2091,2.1826,76.59,0.0,True,27.5,4840,3.3877,2.51
google,1500,20,linear,True,False,10.0,0.4,0.3,0.3,0,0,UK,,uniform,low,WOA,random,6,0.3333333333333333,E29,16.49,95.45,39,1.142922,88.2636,9.9159,0.0,0,13.3841,2.2037,73.886,0.0,True,27.5,4840,3.3727,2.54
google,1500,20,linear,True,False,10.0,0.4,0.3,0.3,0,0,UK,,uniform,low,WOA,random,7,0.3333333333333333,E29,16.49,95.45,39,1.143453,88.2582,9.874,0.0,0,13.4466,2.212,72.902,0.0,True,28.0,4840,3.3787,2.64
google,1500,20,linear,True,False,10.0,0.4,0.3,0.3,0,0,UK,,uniform,high,VCC(Google),-,0,0.3333333333333333,E29,16.49,95.45,39,1.439036,89.0193,0.3647,0.0,0,15.8591,2.5725,56.369,0.0,True,24.5,0,0.005,0.0
google,1500,20,linear,True,False,10.0,0.4,0.3,0.3,0,0,UK,,uniform,high,Threshold(WaitAwhile),-,0,0.3333333333333333,E29,16.49,95.45,39,1.36742,89.5657,5.3232,0.0,0,15.6091,2.4897,63.49,0.0,True,25.5,0,0.0209,0.0
google,1500,20,linear,True,False,10.0,0.4,0.3,0.3,0,0,UK,,uniform,high,WOA,random,1,0.3333333333333333,E29,16.49,95.45,39,1.197578,90.8617,17.0826,0.0,0,13.6591,2.2427,75.118,0.0,True,27.0,4840,3.4921,2.88
google,1500,20,linear,True,False,10.0,0.4,0.3,0.3,0,0,UK,,uniform,high,WOA,random,2,0.3333333333333333,E29,16.49,95.45,39,1.197451,90.8627,17.0914,0.0,0,13.5591,2.2396,76.31,0.0,True,27.5,4840,3.3791,2.74
google,1500,20,linear,True,False,10.0,0.4,0.3,0.3,0,0,UK,,uniform,high,WOA,random,3,0.3333333333333333,E29,16.49,95.45,39,1.195954,90.8741,17.195,0.0,0,13.6591,2.2465,76.875,0.0,True,27.5,4840,3.4077,2.43
google,1500,20,linear,True,False,10.0,0.4,0.3,0.3,0,0,UK,,uniform,high,WOA,random,4,0.3333333333333333,E29,16.49,95.45,39,1.199944,90.8437,16.9188,0.0,0,13.6091,2.2476,76.494,0.0,True,27.0,4840,3.387,2.48
google,1500,20,linear,True,False,10.0,0.4,0.3,0.3,0,0,UK,,uniform,high,WOA,random,5,0.3333333333333333,E29,16.49,95.45,39,1.209564,90.7703,16.2527,0.0,0,13.7091,2.2718,76.644,0.0,True,27.0,4840,3.4057,2.69
google,1500,20,linear,True,False,10.0,0.4,0.3,0.3,0,0,UK,,uniform,high,WOA,random,6,0.3333333333333333,E29,16.49,95.45,39,1.20303,90.8201,16.7051,0.0,0,13.6591,2.2643,75.91,0.0,True,27.0,4840,3.3942,2.61
google,1500,20,linear,True,False,10.0,0.4,0.3,0.3,0,0,UK,,uniform,low,WOA,random,8,0.3333333333333333,E29,16.49,95.45,39,1.156447,88.1247,8.8499,0.0,0,13.4466,2.2242,71.784,0.0,True,28.0,4840,3.3866,2.45
google,1500,20,linear,True,False,10.0,0.4,0.3,0.3,0,0,UK,,uniform,low,WOA,random,9,0.3333333333333333,E29,16.49,95.45,39,1.144076,88.2518,9.8249,0.0,0,13.2091,2.1936,76.102,0.0,True,27.5,4840,3.506,2.58
google,1500,20,linear,True,False,10.0,0.4,0.3,0.3,0,0,UK,,uniform,low,WOA,random,10,0.3333333333333333,E29,16.49,95.45,39,1.149895,88.192,9.3663,0.0,0,13.2841,2.1927,76.369,0.0,True,27.0,4840,3.3596,2.49
google,1500,20,linear,True,False,10.0,0.4,0.3,0.3,0,0,UK,,uniform,low,WOA,carbon,1,0.3333333333333333,E29,16.49,95.45,39,1.013596,89.5916,20.1093,0.0,0,13.3341,2.1297,67.254,0.0,True,26.5,4840,3.3466,2.71
google,1500,20,linear,True,False,10.0,0.4,0.3,0.3,0,0,UK,,uniform,low,WOA,carbon,2,0.3333333333333333,E29,16.49,95.45,39,1.02117,89.5139,19.5123,0.0,0,13.4216,2.1531,63.427,0.0,True,27.0,4840,3.3483,2.66
google,1500,20,linear,True,False,10.0,0.4,0.3,0.3,0,0,UK,,uniform,low,WOA,carbon,3,0.3333333333333333,E29,16.49,95.45,39,1.012618,89.6017,20.1863,0.0,0,13.3216,2.1467,66.656,0.0,True,26.5,4840,3.3447,2.53
google,1500,20,linear,True,False,10.0,0.4,0.3,0.3,0,0,UK,,uniform,low,WOA,carbon,4,0.3333333333333333,E29,16.49,95.45,39,1.022177,89.5035,19.4329,0.0,0,13.4216,2.1623,65.192,0.0,True,26.5,4840,3.3423,2.56
google,1500,20,linear,True,False,10.0,0.4,0.3,0.3,0,0,UK,,uniform,low,WOA,carbon,5,0.3333333333333333,E29,16.49,95.45,39,1.022262,89.5026,19.4262,0.0,0,13.3341,2.1452,68.935,0.0,True,26.5,4840,3.3815,2.34
google,1500,10,linear,True,False,10.0,0.4,0.3,0.3,0,0,UK,,skewed,high,WOA,random,10,0.3333333333333333,E29,16.49,95.45,39,1.217254,82.584,15.2465,0.0,0,13.7443,2.2846,75.016,0.0,True,27.0,4840,4.9642,2.47
google,1500,10,linear,True,False,10.0,0.4,0.3,0.3,0,0,UK,,skewed,high,WOA,carbon,1,0.3333333333333333,E29,16.49,95.45,39,1.176196,83.1715,18.1053,0.0,0,14.1169,2.2975,76.744,0.0,True,27.0,4840,4.9051,2.66
google,1500,10,linear,True,False,10.0,0.4,0.3,0.3,0,0,UK,,skewed,high,WOA,carbon,2,0.3333333333333333,E29,16.49,95.45,39,1.204728,82.7633,16.1187,0.0,0,14.1418,2.3183,76.871,0.0,True,27.5,4840,4.9388,2.5
google,1500,10,linear,True,False,10.0,0.4,0.3,0.3,0,0,UK,,skewed,high,WOA,carbon,3,0.3333333333333333,E29,16.49,95.45,39,1.223703,82.4918,14.7975,0.0,0,14.0055,2.329,74.974,0.0,True,27.0,4840,4.8105,2.66
google,1500,10,linear,True,False,10.0,0.4,0.3,0.3,0,0,UK,,skewed,high,WOA,carbon,4,0.3333333333333333,E29,16.49,95.45,39,1.219935,82.5457,15.0599,0.0,0,13.8042,2.2685,76.439,0.0,True,27.5,4840,4.8375,2.44
google,1500,10,linear,True,False,10.0,0.4,0.3,0.3,0,0,UK,,skewed,high,WOA,carbon,5,0.3333333333333333,E29,16.49,95.45,39,1.216546,82.5942,15.2959,0.0,0,13.9462,2.3121,73.94,0.0,True,27.0,4840,4.8508,2.44
google,1500,10,linear,True,False,10.0,0.4,0.3,0.3,0,0,UK,,skewed,high,WOA,carbon,6,0.3333333333333333,E29,16.49,95.45,39,1.222892,82.5034,14.854,0.0,0,14.1264,2.328,74.573,0.0,True,27.5,4840,4.7931,2.54
google,1500,10,linear,True,False,10.0,0.4,0.3,0.3,0,0,UK,,skewed,high,WOA,carbon,7,0.3333333333333333,E29,16.49,95.45,39,1.211516,82.6661,15.6461,0.0,0,14.0161,2.3092,77.085,0.0,True,26.5,4840,4.9036,2.57
google,1500,20,linear,True,False,10.0,0.4,0.3,0.3,0,0,UK,,uniform,high,WOA,carbon,5,0.3333333333333333,E29,16.49,95.45,39,1.12668,91.4027,21.9914,0.0,0,14.5091,2.3172,70.498,0.0,True,26.5,4840,3.3922,2.61
google,1500,20,linear,True,False,10.0,0.4,0.3,0.3,0,0,UK,,uniform,high,WOA,carbon,6,0.3333333333333333,E29,16.49,95.45,39,1.130508,91.3735,21.7264,0.0,0,14.8091,2.3622,66.82,0.0,True,27.0,4840,3.368,2.59
google,1500,20,linear,True,False,10.0,0.4,0.3,0.3,0,0,UK,,uniform,high,WOA,carbon,7,0.3333333333333333,E29,16.49,95.45,39,1.125339,91.413,22.0842,0.0,0,14.5091,2.3172,69.961,0.0,True,26.5,4840,3.3737,2.46
google,1500,20,linear,True,False,10.0,0.4,0.3,0.3,0,0,UK,,uniform,high,WOA,carbon,8,0.3333333333333333,E29,16.49,95.45,39,1.12501,91.4155,22.107,0.0,0,14.4591,2.3022,71.147,0.0,True,26.5,4840,3.3621,2.56
google,1500,20,linear,True,False,10.0,0.4,0.3,0.3,0,0,UK,,uniform,high,WOA,carbon,9,0.3333333333333333,E29,16.49,95.45,39,1.099411,91.6108,23.8795,0.0,0,13.9591,2.245,73.631,0.0,True,27.0,4840,3.3678,2.51
google,1500,20,linear,True,False,10.0,0.4,0.3,0.3,0,0,UK,,uniform,high,WOA,carbon,10,0.3333333333333333,E29,16.49,95.45,39,1.136899,91.3248,21.2839,0.0,0,14.8591,2.3794,67.843,0.0,True,26.5,4840,3.4501,2.44
google,1500,20,linear,True,False,10.0,0.4,0.3,0.3,0,0,UK,,mixed,none,FIFO,-,0,0.3333333333333333,E29,16.49,95.45,39,3.060644,0.0,-193.6661,0.0,0,34.1531,5.8806,5.308,0.0,True,24.5,0,0.0,0.0
google,1500,20,linear,True,False,10.0,0.4,0.3,0.3,0,0,UK,,mixed,none,Consolidation,-,0,0.3333333333333333,E29,16.49,95.45,39,1.042219,65.9477,0.0,0.0,0,11.4787,1.8791,55.842,0.0,True,24.5,0,0.0,0.0
google,1500,20,linear,True,False,10.0,0.4,0.3,0.3,0,0,UK,,uniform,high,WOA,random,7,0.3333333333333333,E29,16.49,95.45,39,1.210977,90.7595,16.1549,0.0,0,13.7591,2.2696,73.656,0.0,True,27.0,4840,3.4337,2.63
google,1500,20,linear,True,False,10.0,0.4,0.3,0.3,0,0,UK,,uniform,high,WOA,random,8,0.3333333333333333,E29,16.49,95.45,39,1.189894,90.9204,17.6147,0.0,0,13.5591,2.2388,78.301,0.0,True,27.5,4840,3.4153,2.46
google,1500,20,linear,True,False,10.0,0.4,0.3,0.3,0,0,UK,,uniform,high,WOA,random,9,0.3333333333333333,E29,16.49,95.45,39,1.212546,90.7475,16.0463,0.0,0,13.7091,2.266,77.68,0.0,True,26.5,4840,3.4289,2.64
google,1500,20,linear,True,False,10.0,0.4,0.3,0.3,0,0,UK,,uniform,high,WOA,random,10,0.3333333333333333,E29,16.49,95.45,39,1.209747,90.7689,16.24,0.0,0,13.7591,2.2772,76.414,0.0,True,26.0,4840,3.426,2.47
google,1500,20,linear,True,False,10.0,0.4,0.3,0.3,0,0,UK,,uniform,high,WOA,carbon,1,0.3333333333333333,E29,16.49,95.45,39,1.114967,91.4921,22.8024,0.0,0,14.4091,2.3022,71.497,0.0,True,26.0,4840,3.4121,2.48
google,1500,20,linear,True,False,10.0,0.4,0.3,0.3,0,0,UK,,uniform,high,WOA,carbon,2,0.3333333333333333,E29,16.49,95.45,39,1.138005,91.3163,21.2073,0.0,0,14.8591,2.3811,65.512,0.0,True,26.5,4840,3.4179,2.38
google,1500,20,linear,True,False,10.0,0.4,0.3,0.3,0,0,UK,,uniform,high,WOA,carbon,3,0.3333333333333333,E29,16.49,95.45,39,1.128723,91.3872,21.85,0.0,0,14.7091,2.3633,68.114,0.0,True,26.5,4840,3.4618,2.41
google,1500,20,linear,True,False,10.0,0.4,0.3,0.3,0,0,UK,,uniform,high,WOA,carbon,4,0.3333333333333333,E29,16.49,95.45,39,1.122302,91.4361,22.2945,0.0,0,14.1591,2.2797,71.867,0.0,True,26.0,4840,3.3752,2.43
google,1500,20,linear,True,False,10.0,0.4,0.3,0.3,0,0,UK,,mixed,high,FIFO,-,0,0.3333333333333333,E29,16.49,95.45,39,7.549744,0.0,-491.5248,0.0,0,84.6531,13.9956,5.308,0.0,True,24.5,0,0.0,0.0
google,1500,20,linear,True,False,10.0,0.4,0.3,0.3,0,0,UK,,mixed,high,Consolidation,-,0,0.3333333333333333,E29,16.49,95.45,39,1.276319,83.0945,0.0,0.0,0,14.0787,2.2916,55.842,0.0,True,24.5,0,0.0,0.0
google,1500,20,linear,True,False,10.0,0.4,0.3,0.3,0,0,UK,,mixed,high,Greedy(EDF+greenest),-,0,0.3333333333333333,E29,16.49,95.45,39,1.033789,86.307,19.0023,0.0,0,14.0095,2.2373,64.21,0.3141,False,26.0,0,0.0003,0.0
google,1500,20,linear,True,False,10.0,0.4,0.3,0.3,0,0,UK,,mixed,high,VCC(Google),-,0,0.3333333333333333,E29,16.49,95.45,39,1.275698,83.1028,0.0486,0.0,0,14.0746,2.291,56.369,0.0,True,24.5,0,0.0043,0.0
google,1500,20,linear,True,False,10.0,0.4,0.3,0.3,0,0,UK,,mixed,high,Threshold(WaitAwhile),-,0,0.3333333333333333,E29,16.49,95.45,39,1.201376,84.0872,5.8718,0.0,0,13.7487,2.1981,63.49,0.0,True,25.5,0,0.0209,0.0
google,1500,20,linear,True,False,10.0,0.4,0.3,0.3,0,0,UK,,mixed,high,WOA,random,1,0.3333333333333333,E29,16.49,95.45,39,0.984944,86.9539,22.8293,0.0,0,11.2704,1.8519,68.748,0.0,True,28.5,4840,6.2762,2.42
google,1500,20,linear,True,False,10.0,0.4,0.3,0.3,0,0,UK,,mixed,high,WOA,random,2,0.3333333333333333,E29,16.49,95.45,39,0.988009,86.9133,22.5892,0.0,0,11.2154,1.8394,71.567,0.0,True,27.5,4840,6.1643,2.66
google,1500,20,linear,True,False,10.0,0.4,0.3,0.3,0,0,UK,,mixed,high,WOA,random,3,0.3333333333333333,E29,16.49,95.45,39,0.991735,86.864,22.2973,0.0,0,11.2154,1.8351,71.776,0.0,True,27.5,4840,6.32,2.5
google,1500,20,linear,True,False,10.0,0.4,0.3,0.3,0,0,UK,,mixed,low,Consolidation,-,0,0.3333333333333333,E29,16.49,95.45,39,1.100744,73.6848,0.0,0.0,0,12.1287,1.9823,55.842,0.0,True,24.5,0,0.0,0.0
google,1500,20,linear,True,False,10.0,0.4,0.3,0.3,0,0,UK,,mixed,low,Greedy(EDF+greenest),-,0,0.3333333333333333,E29,16.49,95.45,39,0.880939,78.9396,19.9687,0.0,0,11.8345,1.8941,64.21,0.3141,False,26.0,0,0.0003,0.0
google,1500,20,linear,True,False,10.0,0.4,0.3,0.3,0,0,UK,,mixed,low,VCC(Google),-,0,0.3333333333333333,E29,16.49,95.45,39,1.103911,73.6091,-0.2877,0.0,0,12.1621,1.9873,56.369,0.0,True,24.5,0,0.0048,0.0
google,1500,20,linear,True,False,10.0,0.4,0.3,0.3,0,0,UK,,mixed,low,Threshold(WaitAwhile),-,0,0.3333333333333333,E29,16.49,95.45,39,1.030189,75.3715,6.4098,0.0,0,11.7987,1.8888,63.49,0.0,True,25.5,0,0.0203,0.0
google,1500,20,linear,True,False,10.0,0.4,0.3,0.3,0,0,UK,,mixed,low,WOA,random,1,0.3333333333333333,E29,16.49,95.45,39,0.936488,77.6116,14.9223,0.0,0,10.7554,1.7691,73.032,0.0,True,26.5,4840,6.419,2.52
google,1500,20,linear,True,False,10.0,0.4,0.3,0.3,0,0,UK,,mixed,low,WOA,random,2,0.3333333333333333,E29,16.49,95.45,39,0.948203,77.3315,13.858,0.0,0,10.8404,1.7905,74.202,0.0,True,27.0,4840,6.477,2.53
google,1500,20,linear,True,False,10.0,0.4,0.3,0.3,0,0,UK,,mixed,low,WOA,random,3,0.3333333333333333,E29,16.49,95.45,39,0.945205,77.4032,14.1304,0.0,0,10.8029,1.7758,69.572,0.0,True,27.0,4840,6.4944,2.77
google,1500,20,linear,True,False,10.0,0.4,0.3,0.3,0,0,UK,,mixed,low,WOA,random,4,0.3333333333333333,E29,16.49,95.45,39,0.944663,77.4162,14.1796,0.0,0,10.8229,1.7787,73.466,0.0,True,27.5,4840,6.5685,2.62
google,1500,20,linear,True,False,10.0,0.4,0.3,0.3,0,0,UK,,mixed,none,Greedy(EDF+greenest),-,0,0.3333333333333333,E29,16.49,95.45,39,0.829989,72.8819,20.3633,0.0,0,11.1095,1.7798,64.21,0.3141,False,26.0,0,0.0003,0.0
google,1500,20,linear,True,False,10.0,0.4,0.3,0.3,0,0,UK,,mixed,none,VCC(Google),-,0,0.3333333333333333,E29,16.49,95.45,39,1.046648,65.803,-0.425,0.0,0,11.5246,1.886,56.369,0.0,True,24.5,0,0.0047,0.0
google,1500,20,linear,True,False,10.0,0.4,0.3,0.3,0,0,UK,,mixed,none,Threshold(WaitAwhile),-,0,0.3333333333333333,E29,16.49,95.45,39,0.973126,68.2052,6.6294,0.0,0,11.1487,1.7856,63.49,0.0,True,25.5,0,0.0206,0.0
google,1500,20,linear,True,False,10.0,0.4,0.3,0.3,0,0,UK,,mixed,none,WOA,random,1,0.3333333333333333,E29,16.49,95.45,39,0.915824,70.0774,12.1275,0.0,0,10.5004,1.7209,73.048,0.0,True,27.5,4840,6.0233,2.71
google,1500,20,linear,True,False,10.0,0.4,0.3,0.3,0,0,UK,,mixed,none,WOA,random,2,0.3333333333333333,E29,16.49,95.45,39,0.928174,69.6739,10.9425,0.0,0,10.6654,1.7721,71.666,0.0,True,27.5,4840,6.044,2.52
google,1500,20,linear,True,False,10.0,0.4,0.3,0.3,0,0,UK,,mixed,none,WOA,random,3,0.3333333333333333,E29,16.49,95.45,39,0.930566,69.5957,10.713,0.0,0,10.7204,1.778,71.073,0.0,True,28.0,4840,5.9921,2.55
google,1500,20,linear,True,False,10.0,0.4,0.3,0.3,0,0,UK,,mixed,none,WOA,random,4,0.3333333333333333,E29,16.49,95.45,39,0.924925,69.78,11.2542,0.0,0,10.7204,1.7667,75.103,0.0,True,27.0,4840,6.1207,2.45
google,1500,20,linear,True,False,10.0,0.4,0.3,0.3,0,0,UK,,mixed,none,WOA,random,5,0.3333333333333333,E29,16.49,95.45,39,0.920904,69.9114,11.6401,0.0,0,10.5554,1.7348,74.156,0.0,True,27.5,4840,6.0857,2.9
google,1500,20,linear,True,False,10.0,0.4,0.3,0.3,0,0,UK,,mixed,high,WOA,carbon,10,0.3333333333333333,E29,16.49,95.45,39,0.987732,86.917,22.6109,0.0,0,11.2754,1.8513,72.232,0.0,True,27.0,4840,6.2006,2.36
google,1500,20,linear,True,False,10.0,0.4,0.3,0.3,0,0,UK,,skewed,none,FIFO,-,0,0.3333333333333333,E29,16.49,95.45,39,3.64106,0.0,-196.665,0.0,0,40.6426,7.0019,5.308,0.0,True,24.5,0,0.0,0.0
google,1500,20,linear,True,False,10.0,0.4,0.3,0.3,0,0,UK,,skewed,none,Consolidation,-,0,0.3333333333333333,E29,16.49,95.45,39,1.227331,66.2919,0.0,0.0,0,13.5083,2.1973,55.842,0.0,True,24.5,0,0.0,0.0
google,1500,20,linear,True,False,10.0,0.4,0.3,0.3,0,0,UK,,skewed,none,Greedy(EDF+greenest),-,0,0.3333333333333333,E29,16.49,95.45,39,0.969865,73.3631,20.9777,0.0,0,12.9369,2.0664,64.21,0.0,True,26.0,0,0.0003,0.0
google,1500,20,linear,True,False,10.0,0.4,0.3,0.3,0,0,UK,,skewed,none,VCC(Google),-,0,0.3333333333333333,E29,16.49,95.45,39,1.231771,66.17,-0.3618,0.0,0,13.5544,2.2043,56.369,0.0,True,24.5,0,0.0043,0.0
google,1500,20,linear,True,False,10.0,0.4,0.3,0.3,0,0,UK,,skewed,none,Threshold(WaitAwhile),-,0,0.3333333333333333,E29,16.49,95.45,39,1.156298,68.2428,5.7876,0.0,0,13.2083,2.1071,63.49,0.0,True,25.5,0,0.0209,0.0
google,1500,20,linear,True,False,10.0,0.4,0.3,0.3,0,0,UK,,skewed,none,WOA,random,1,0.3333333333333333,E29,16.49,95.45,39,1.13452,68.8409,7.562,0.0,0,13.3069,2.2085,67.548,0.0,True,28.0,4840,6.1611,2.51
google,1500,20,linear,True,False,10.0,0.4,0.3,0.3,0,0,UK,,skewed,none,WOA,random,2,0.3333333333333333,E29,16.49,95.45,39,1.12039,69.229,8.7133,0.0,0,13.0091,2.1323,77.604,0.0,True,27.0,4840,6.0893,2.49
google,1500,20,linear,True,False,10.0,0.4,0.3,0.3,0,0,UK,,mixed,none,WOA,carbon,4,0.3333333333333333,E29,16.49,95.45,39,0.840627,72.5343,19.3426,0.0,0,10.8634,1.7438,63.894,0.0,True,26.5,4840,6.0193,2.49
google,1500,20,linear,True,False,10.0,0.4,0.3,0.3,0,0,UK,,mixed,none,WOA,carbon,5,0.3333333333333333,E29,16.49,95.45,39,0.827308,72.9695,20.6205,0.0,0,10.7554,1.7184,68.502,0.0,True,26.5,4840,6.05,2.47
google,1500,20,linear,True,False,10.0,0.4,0.3,0.3,0,0,UK,,mixed,none,WOA,carbon,6,0.3333333333333333,E29,16.49,95.45,39,0.835953,72.687,19.7911,0.0,0,10.8738,1.7473,66.154,0.0,True,27.0,4840,5.9659,2.7
google,1500,20,linear,True,False,10.0,0.4,0.3,0.3,0,0,UK,,mixed,none,WOA,carbon,7,0.3333333333333333,E29,16.49,95.45,39,0.835999,72.6855,19.7867,0.0,0,10.8029,1.743,63.796,0.0,True,26.0,4840,6.1157,2.45
google,1500,20,linear,True,False,10.0,0.4,0.3,0.3,0,0,UK,,mixed,none,WOA,carbon,8,0.3333333333333333,E29,16.49,95.45,39,0.824869,73.0492,20.8546,0.0,0,10.7686,1.7286,63.772,0.0,True,26.5,4840,6.0747,2.42
google,1500,20,linear,True,False,10.0,0.4,0.3,0.3,0,0,UK,,mixed,none,WOA,carbon,9,0.3333333333333333,E29,16.49,95.45,39,0.834935,72.7203,19.8887,0.0,0,10.7524,1.7436,58.868,0.0,True,26.5,4840,6.0472,2.42
google,1500,20,linear,True,False,10.0,0.4,0.3,0.3,0,0,UK,,mixed,none,WOA,carbon,10,0.3333333333333333,E29,16.49,95.45,39,0.827612,72.9595,20.5913,0.0,0,10.7527,1.7267,65.858,0.0,True,26.5,4840,6.0312,2.41
google,1500,20,linear,True,False,10.0,0.4,0.3,0.3,0,0,UK,,mixed,low,FIFO,-,0,0.3333333333333333,E29,16.49,95.45,39,4.182919,0.0,-280.0083,0.0,0,46.7781,7.9093,5.308,0.0,True,24.5,0,0.0,0.0
google,1500,20,linear,True,False,10.0,0.4,0.3,0.3,0,0,UK,,skewed,none,WOA,carbon,9,0.3333333333333333,E29,16.49,95.45,39,0.957122,73.7131,22.0159,0.0,0,12.7577,2.0395,70.088,0.0,True,26.0,4840,6.0965,2.36
google,1500,20,linear,True,False,10.0,0.4,0.3,0.3,0,0,UK,,skewed,none,WOA,carbon,10,0.3333333333333333,E29,16.49,95.45,39,0.964668,73.5058,21.4011,0.0,0,12.8721,2.0566,67.706,0.0,True,26.0,4840,6.0226,2.66
google,1500,20,linear,True,False,10.0,0.4,0.3,0.3,0,0,UK,,skewed,low,FIFO,-,0,0.3333333333333333,E29,16.49,95.45,39,4.763335,0.0,-270.4409,0.0,0,53.2676,9.0307,5.308,0.0,True,24.5,0,0.0,0.0
google,1500,20,linear,True,False,10.0,0.4,0.3,0.3,0,0,UK,,skewed,low,Consolidation,-,0,0.3333333333333333,E29,16.49,95.45,39,1.285856,73.0051,0.0,0.0,0,14.1583,2.3005,55.842,0.0,True,24.5,0,0.0,0.0
google,1500,20,linear,True,False,10.0,0.4,0.3,0.3,0,0,UK,,skewed,low,Greedy(EDF+greenest),-,0,0.3333333333333333,E29,16.49,95.45,39,1.020815,78.5693,20.612,0.0,0,13.6619,2.1807,64.21,0.0,True,26.0,0,0.0003,0.0
google,1500,20,linear,True,False,10.0,0.4,0.3,0.3,0,0,UK,,skewed,low,VCC(Google),-,0,0.3333333333333333,E29,16.49,95.45,39,1.289033,72.9384,-0.2471,0.0,0,14.1919,2.3055,56.369,0.0,True,24.5,0,0.0047,0.0
google,1500,20,linear,True,False,10.0,0.4,0.3,0.3,0,0,UK,,skewed,low,Threshold(WaitAwhile),-,0,0.3333333333333333,E29,16.49,95.45,39,1.213361,74.5271,5.6379,0.0,0,13.8583,2.2102,63.49,0.0,True,25.5,0,0.0214,0.0
google,1500,20,linear,True,False,10.0,0.4,0.3,0.3,0,0,UK,,skewed,low,WOA,random,1,0.3333333333333333,E29,16.49,95.45,39,1.154269,75.7676,10.2334,0.0,0,13.3812,2.2056,72.739,0.0,True,28.0,4840,6.2097,2.67
google,1500,20,linear,True,False,10.0,0.4,0.3,0.3,0,0,UK,,mixed,none,WOA,random,6,0.3333333333333333,E29,16.49,95.45,39,0.911339,70.2239,12.5578,0.0,0,10.3904,1.7115,74.516,0.0,True,26.0,4840,5.9688,2.68
google,1500,20,linear,True,False,10.0,0.4,0.3,0.3,0,0,UK,,mixed,none,WOA,random,7,0.3333333333333333,E29,16.49,95.45,39,0.924189,69.8041,11.3248,0.0,0,10.6654,1.7504,72.386,0.0,True,28.0,4840,6.0468,2.37
google,1500,20,linear,True,False,10.0,0.4,0.3,0.3,0,0,UK,,mixed,none,WOA,random,8,0.3333333333333333,E29,16.49,95.45,39,0.920954,69.9098,11.6353,0.0,0,10.5554,1.7377,73.23,0.0,True,27.5,4840,5.9438,2.43
google,1500,20,linear,True,False,10.0,0.4,0.3,0.3,0,0,UK,,mixed,none,WOA,random,9,0.3333333333333333,E29,16.49,95.45,39,0.925504,69.7611,11.1987,0.0,0,10.6104,1.7478,74.949,0.0,True,26.5,4840,6.0933,2.61
google,1500,20,linear,True,False,10.0,0.4,0.3,0.3,0,0,UK,,mixed,none,WOA,random,10,0.3333333333333333,E29,16.49,95.45,39,0.919275,69.9646,11.7963,0.0,0,10.5004,1.7266,74.272,0.0,True,27.0,4840,6.0893,2.67
google,1500,20,linear,True,False,10.0,0.4,0.3,0.3,0,0,UK,,mixed,none,WOA,carbon,1,0.3333333333333333,E29,16.49,95.45,39,0.823082,73.1075,21.026,0.0,0,10.7011,1.7102,67.97,0.0,True,26.0,4840,6.0088,2.48
google,1500,20,linear,True,False,10.0,0.4,0.3,0.3,0,0,UK,,mixed,none,WOA,carbon,2,0.3333333333333333,E29,16.49,95.45,39,0.834123,72.7468,19.9666,0.0,0,10.8063,1.7357,65.135,0.0,True,26.5,4840,6.0226,2.34
google,1500,20,linear,True,False,10.0,0.4,0.3,0.3,0,0,UK,,mixed,none,WOA,carbon,3,0.3333333333333333,E29,16.49,95.45,39,0.827851,72.9517,20.5684,0.0,0,10.6893,1.7085,66.536,0.0,True,26.5,4840,5.988,2.66
google,1500,20,linear,True,False,10.0,0.4,0.3,0.3,0,0,UK,,skewed,low,WOA,carbon,8,0.3333333333333333,E29,16.49,95.45,39,1.010424,78.7875,21.4201,0.0,0,13.4463,2.1484,67.518,0.0,True,26.5,4840,6.2588,2.59
google,1500,20,linear,True,False,10.0,0.4,0.3,0.3,0,0,UK,,skewed,low,WOA,carbon,9,0.3333333333333333,E29,16.49,95.45,39,1.00747,78.8495,21.6499,0.0,0,13.4297,2.1459,68.208,0.0,True,26.0,4840,6.2508,2.52
google,1500,20,linear,True,False,10.0,0.4,0.3,0.3,0,0,UK,,skewed,low,WOA,carbon,10,0.3333333333333333,E29,16.49,95.45,39,1.011125,78.7728,21.3656,0.0,0,13.4614,2.1507,67.628,0.0,True,26.5,4840,6.2825,2.53
google,1500,20,linear,True,False,10.0,0.4,0.3,0.3,0,0,UK,,skewed,high,FIFO,-,0,0.3333333333333333,E29,16.49,95.45,39,8.13016,0.0,-456.3151,0.0,0,91.1426,15.1169,5.308,0.0,True,24.5,0,0.0,0.0
google,1500,20,linear,True,False,10.0,0.4,0.3,0.3,0,0,UK,,skewed,high,Consolidation,-,0,0.3333333333333333,E29,16.49,95.45,39,1.461431,82.0246,0.0,0.0,0,16.1083,2.6098,55.842,0.0,True,24.5,0,0.0,0.0
google,1500,20,linear,True,False,10.0,0.4,0.3,0.3,0,0,UK,,skewed,high,Greedy(EDF+greenest),-,0,0.3333333333333333,E29,16.49,95.45,39,1.173665,85.5641,19.6907,0.0,0,15.8369,2.5239,64.21,0.0,True,26.0,0,0.0003,0.0
google,1500,20,linear,True,False,10.0,0.4,0.3,0.3,0,0,UK,,skewed,high,VCC(Google),-,0,0.3333333333333333,E29,16.49,95.45,39,1.460821,82.0321,0.0417,0.0,0,16.1044,2.6093,56.369,0.0,True,24.5,0,0.005,0.0
google,1500,20,linear,True,False,10.0,0.4,0.3,0.3,0,0,UK,,skewed,high,Threshold(WaitAwhile),-,0,0.3333333333333333,E29,16.49,95.45,39,1.384548,82.9702,5.2608,0.0,0,15.8083,2.5196,63.49,0.0,True,25.5,0,0.0212,0.0
google,1500,20,linear,True,False,10.0,0.4,0.3,0.3,0,0,UK,,mixed,low,WOA,random,5,0.3333333333333333,E29,16.49,95.45,39,0.936078,77.6214,14.9595,0.0,0,10.7854,1.7712,72.347,0.0,True,27.5,4840,6.2666,2.6
google,1500,20,linear,True,False,10.0,0.4,0.3,0.3,0,0,UK,,mixed,low,WOA,random,6,0.3333333333333333,E29,16.49,95.45,39,0.942348,77.4715,14.3899,0.0,0,10.7479,1.7751,74.164,0.0,True,26.0,4840,6.2353,2.62
google,1500,20,linear,True,False,10.0,0.4,0.3,0.3,0,0,UK,,mixed,low,WOA,random,7,0.3333333333333333,E29,16.49,95.45,39,0.932042,77.7179,15.3262,0.0,0,10.7304,1.77,72.03,0.0,True,27.0,4840,6.3458,2.66
google,1500,20,linear,True,False,10.0,0.4,0.3,0.3,0,0,UK,,mixed,low,WOA,random,8,0.3333333333333333,E29,16.49,95.45,39,0.94011,77.525,14.5932,0.0,0,10.7354,1.7662,70.616,0.0,True,27.5,4840,6.3132,2.56
google,1500,20,linear,True,False,10.0,0.4,0.3,0.3,0,0,UK,,mixed,low,WOA,random,9,0.3333333333333333,E29,16.49,95.45,39,0.945611,77.3935,14.0935,0.0,0,10.8279,1.7823,74.183,0.0,True,27.0,4840,6.2703,2.52
google,1500,20,linear,True,False,10.0,0.4,0.3,0.3,0,0,UK,,mixed,low,WOA,random,10,0.3333333333333333,E29,16.49,95.45,39,0.938131,77.5723,14.7731,0.0,0,10.6754,1.7533,75.293,0.0,True,26.5,4840,6.318,2.44
google,1500,20,linear,True,False,10.0,0.4,0.3,0.3,0,0,UK,,mixed,low,WOA,carbon,1,0.3333333333333333,E29,16.49,95.45,39,0.854561,79.5702,22.3651,0.0,0,11.1101,1.7735,69.179,0.0,True,26.5,4840,6.2281,2.54
google,1500,20,linear,True,False,10.0,0.4,0.3,0.3,0,0,UK,,mixed,low,WOA,carbon,2,0.3333333333333333,E29,16.49,95.45,39,0.865792,79.3017,21.3448,0.0,0,11.2062,1.7994,64.719,0.0,True,26.5,4840,6.2681,2.63
google,1500,20,linear,True,False,10.0,0.4,0.3,0.3,0,0,UK,,mixed,low,WOA,carbon,3,0.3333333333333333,E29,16.49,95.45,39,0.863174,79.3643,21.5827,0.0,0,11.1649,1.7836,66.391,0.0,True,26.5,4840,6.2532,2.51
google,1500,20,linear,True,False,10.0,0.4,0.3,0.3,0,0,UK,,mixed,low,WOA,carbon,4,0.3333333333333333,E29,16.49,95.45,39,0.865308,79.3133,21.3888,0.0,0,11.048,1.7679,69.75,0.0,True,26.0,4840,6.1933,2.7
google,1500,20,linear,True,False,10.0,0.4,0.3,0.3,0,0,UK,,mixed,low,WOA,carbon,5,0.3333333333333333,E29,16.49,95.45,39,0.863116,79.3657,21.588,0.0,0,11.2278,1.793,67.679,0.0,True,26.5,4840,6.3471,2.46
google,1500,20,linear,True,False,10.0,0.4,0.3,0.3,0,0,UK,,mixed,low,WOA,carbon,6,0.3333333333333333,E29,16.49,95.45,39,0.876484,79.0461,20.3735,0.0,0,11.3056,1.8129,61.224,0.0,True,27.0,4840,6.3344,2.4
google,1500,20,linear,True,False,10.0,0.4,0.3,0.3,0,0,UK,,mixed,low,WOA,carbon,7,0.3333333333333333,E29,16.49,95.45,39,0.869612,79.2104,20.9978,0.0,0,11.2253,1.8091,66.584,0.0,True,26.5,4840,6.2321,2.66
google,1500,20,linear,True,False,10.0,0.4,0.3,0.3,0,0,UK,,mixed,low,WOA,carbon,8,0.3333333333333333,E29,16.49,95.45,39,0.874959,79.0826,20.5121,0.0,0,11.411,1.8389,65.75,0.0,True,27.0,4840,6.2574,2.38
google,1500,20,linear,True,False,10.0,0.4,0.3,0.3,0,0,UK,,mixed,low,WOA,carbon,9,0.3333333333333333,E29,16.49,95.45,39,0.877129,79.0307,20.3149,0.0,0,11.3086,1.8327,59.387,0.0,True,26.5,4840,6.2795,2.49
google,1500,20,linear,True,False,10.0,0.4,0.3,0.3,0,0,UK,,mixed,low,WOA,carbon,10,0.3333333333333333,E29,16.49,95.45,39,0.860146,79.4367,21.8578,0.0,0,11.0891,1.7823,65.35,0.0,True,26.5,4840,6.2882,2.5
google,1500,20,linear,True,False,10.0,0.4,0.3,0.3,0,0,UK,,mixed,high,WOA,random,4,0.3333333333333333,E29,16.49,95.45,39,0.997432,86.7885,21.8509,0.0,0,11.2654,1.8539,71.153,0.0,True,27.0,4840,6.3383,2.48
google,1500,20,linear,True,False,10.0,0.4,0.3,0.3,0,0,UK,,mixed,high,WOA,random,5,0.3333333333333333,E29,16.49,95.45,39,0.973515,87.1053,23.7248,0.0,0,11.0554,1.8154,74.237,0.0,True,27.5,4840,6.2414,2.51
google,1500,20,linear,True,False,10.0,0.4,0.3,0.3,0,0,UK,,mixed,high,WOA,random,6,0.3333333333333333,E29,16.49,95.45,39,0.984677,86.9575,22.8502,0.0,0,11.2154,1.8375,74.702,0.0,True,26.0,4840,6.3768,2.51
google,1500,20,linear,True,False,10.0,0.4,0.3,0.3,0,0,UK,,mixed,high,WOA,random,7,0.3333333333333333,E29,16.49,95.45,39,0.975118,87.0841,23.5992,0.0,0,11.1054,1.8272,74.332,0.0,True,27.0,4840,6.3444,2.64
google,1500,20,linear,True,False,10.0,0.4,0.3,0.3,0,0,UK,,mixed,high,WOA,random,8,0.3333333333333333,E29,16.49,95.45,39,0.991323,86.8694,22.3295,0.0,0,11.1604,1.8313,70.575,0.0,True,27.0,4840,6.3194,2.44
google,1500,20,linear,True,False,10.0,0.4,0.3,0.3,0,0,UK,,mixed,high,WOA,random,9,0.3333333333333333,E29,16.49,95.45,39,0.984297,86.9625,22.88,0.0,0,11.1604,1.8251,73.658,0.0,True,26.0,4840,6.2749,2.44
google,1500,20,linear,True,False,10.0,0.4,0.3,0.3,0,0,UK,,mixed,high,WOA,random,10,0.3333333333333333,E29,16.49,95.45,39,0.970356,87.1472,23.9723,0.0,0,11.1554,1.8215,73.687,0.0,True,26.5,4840,6.3206,2.52
google,1500,20,linear,True,False,10.0,0.4,0.3,0.3,0,0,UK,,mixed,high,WOA,carbon,1,0.3333333333333333,E29,16.49,95.45,39,0.951336,87.3991,25.4625,0.0,0,12.1781,1.949,67.321,0.0,True,26.0,4840,6.258,2.43
google,1500,20,linear,True,False,10.0,0.4,0.3,0.3,0,0,UK,,mixed,high,WOA,carbon,2,0.3333333333333333,E29,16.49,95.45,39,0.966976,87.1919,24.2371,0.0,0,12.4466,2.0055,69.068,0.0,True,26.5,4840,6.2036,2.68
google,1500,20,linear,True,False,10.0,0.4,0.3,0.3,0,0,UK,,mixed,high,WOA,carbon,3,0.3333333333333333,E29,16.49,95.45,39,0.97416,87.0968,23.6743,0.0,0,12.7017,2.0336,68.065,0.0,True,26.0,4840,6.2456,2.6
google,1500,20,linear,True,False,10.0,0.4,0.3,0.3,0,0,UK,,mixed,high,WOA,carbon,4,0.3333333333333333,E29,16.49,95.45,39,0.99462,86.8258,22.0712,0.0,0,11.2254,1.8362,68.204,0.0,True,27.5,4840,6.3166,2.41
google,1500,20,linear,True,False,10.0,0.4,0.3,0.3,0,0,UK,,mixed,high,WOA,carbon,5,0.3333333333333333,E29,16.49,95.45,39,0.977268,87.0556,23.4307,0.0,0,11.0154,1.8029,70.649,0.0,True,27.0,4840,6.1917,2.5
google,1500,20,linear,True,False,10.0,0.4,0.3,0.3,0,0,UK,,mixed,high,WOA,carbon,6,0.3333333333333333,E29,16.49,95.45,39,0.971065,87.1378,23.9168,0.0,0,12.4388,1.9867,66.003,0.0,True,27.0,4840,6.2479,2.43
google,1500,20,linear,True,False,10.0,0.4,0.3,0.3,0,0,UK,,mixed,high,WOA,carbon,7,0.3333333333333333,E29,16.49,95.45,39,0.976571,87.0648,23.4853,0.0,0,12.2738,1.9769,64.322,0.0,True,26.0,4840,6.2333,2.4
google,1500,20,linear,True,False,10.0,0.4,0.3,0.3,0,0,UK,,mixed,high,WOA,carbon,8,0.3333333333333333,E29,16.49,95.45,39,0.980791,87.009,23.1547,0.0,0,11.1604,1.8297,69.866,0.0,True,27.5,4840,6.2223,2.75
google,1500,20,linear,True,False,10.0,0.4,0.3,0.3,0,0,UK,,mixed,high,WOA,carbon,9,0.3333333333333333,E29,16.49,95.45,39,0.976834,87.0614,23.4647,0.0,0,12.0254,1.9711,70.478,0.0,True,26.5,4840,6.203,2.5
google,1500,20,linear,True,False,10.0,0.4,0.3,0.3,0,0,UK,,skewed,none,WOA,random,3,0.3333333333333333,E29,16.49,95.45,39,1.128102,69.0172,8.0849,0.0,0,13.0687,2.1647,73.803,0.0,True,28.0,4840,6.0091,2.56
google,1500,20,linear,True,False,10.0,0.4,0.3,0.3,0,0,UK,,skewed,none,WOA,random,4,0.3333333333333333,E29,16.49,95.45,39,1.105762,69.6308,9.9051,0.0,0,12.9214,2.1281,79.848,0.0,True,27.0,4840,6.1508,2.47
google,1500,20,linear,True,False,10.0,0.4,0.3,0.3,0,0,UK,,skewed,none,WOA,random,5,0.3333333333333333,E29,16.49,95.45,39,1.110029,69.5136,9.5574,0.0,0,13.0367,2.1473,73.068,0.0,True,27.5,4840,6.134,2.56
google,1500,20,linear,True,False,10.0,0.4,0.3,0.3,0,0,UK,,skewed,none,WOA,random,6,0.3333333333333333,E29,16.49,95.45,39,1.126027,69.0742,8.254,0.0,0,13.2266,2.1906,64.42,0.0,True,28.0,4840,6.0547,2.56
google,1500,20,linear,True,False,10.0,0.4,0.3,0.3,0,0,UK,,skewed,none,WOA,random,7,0.3333333333333333,E29,16.49,95.45,39,1.122899,69.1601,8.5089,0.0,0,13.0142,2.1638,76.406,0.0,True,27.5,4840,6.0205,2.61
google,1500,20,linear,True,False,10.0,0.4,0.3,0.3,0,0,UK,,skewed,none,WOA,random,8,0.3333333333333333,E29,16.49,95.45,39,1.128732,68.9999,8.0336,0.0,0,13.0769,2.1517,73.056,0.0,True,28.0,4840,6.0507,2.54
google,1500,20,linear,True,False,10.0,0.4,0.3,0.3,0,0,UK,,skewed,none,WOA,random,9,0.3333333333333333,E29,16.49,95.45,39,1.121149,69.2082,8.6514,0.0,0,13.0181,2.1577,75.169,0.0,True,27.5,4840,6.0885,2.68
google,1500,20,linear,True,False,10.0,0.4,0.3,0.3,0,0,UK,,skewed,none,WOA,random,10,0.3333333333333333,E29,16.49,95.45,39,1.120972,69.213,8.6658,0.0,0,13.305,2.1954,59.332,0.0,True,28.0,4840,6.0249,2.6
google,1500,20,linear,True,False,10.0,0.4,0.3,0.3,0,0,UK,,skewed,none,WOA,carbon,1,0.3333333333333333,E29,16.49,95.45,39,0.969417,73.3754,21.0142,0.0,0,12.8963,2.0603,67.485,0.0,True,26.5,4840,6.1538,2.38
google,1500,20,linear,True,False,10.0,0.4,0.3,0.3,0,0,UK,,skewed,none,WOA,carbon,2,0.3333333333333333,E29,16.49,95.45,39,0.958736,73.6688,21.8845,0.0,0,12.7686,2.0411,69.395,0.0,True,26.0,4840,6.179,2.46
google,1500,20,linear,True,False,10.0,0.4,0.3,0.3,0,0,UK,,skewed,none,WOA,carbon,3,0.3333333333333333,E29,16.49,95.45,39,0.964736,73.504,21.3956,0.0,0,12.8839,2.0584,67.528,0.0,True,26.0,4840,6.0856,2.45
google,1500,20,linear,True,False,10.0,0.4,0.3,0.3,0,0,UK,,skewed,none,WOA,carbon,4,0.3333333333333333,E29,16.49,95.45,39,0.967308,73.4333,21.186,0.0,0,12.8416,2.0521,69.766,0.0,True,26.5,4840,6.1362,2.42
google,1500,20,linear,True,False,10.0,0.4,0.3,0.3,0,0,UK,,skewed,none,WOA,carbon,5,0.3333333333333333,E29,16.49,95.45,39,0.963887,73.5273,21.4647,0.0,0,12.8066,2.0468,67.189,0.0,True,26.5,4840,6.0891,2.46
google,1500,20,linear,True,False,10.0,0.4,0.3,0.3,0,0,UK,,skewed,none,WOA,carbon,6,0.3333333333333333,E29,16.49,95.45,39,0.964893,73.4997,21.3828,0.0,0,12.8846,2.0585,65.996,0.0,True,26.0,4840,6.1172,2.35
google,1500,20,linear,True,False,10.0,0.4,0.3,0.3,0,0,UK,,skewed,none,WOA,carbon,7,0.3333333333333333,E29,16.49,95.45,39,0.964613,73.5074,21.4056,0.0,0,12.8744,2.057,67.537,0.0,True,26.0,4840,6.0829,2.42
google,1500,20,linear,True,False,10.0,0.4,0.3,0.3,0,0,UK,,skewed,none,WOA,carbon,8,0.3333333333333333,E29,16.49,95.45,39,0.959956,73.6353,21.7851,0.0,0,12.7447,2.0375,68.486,0.0,True,26.0,4840,6.037,2.51
google,1500,20,linear,True,False,10.0,0.4,0.3,0.3,0,0,UK,,skewed,high,WOA,carbon,7,0.3333333333333333,E29,16.49,95.45,39,1.124954,86.1632,23.0238,0.0,0,14.9276,2.3875,69.6,0.0,True,26.5,4840,6.2745,2.62
google,1500,20,linear,True,False,10.0,0.4,0.3,0.3,0,0,UK,,skewed,high,WOA,carbon,8,0.3333333333333333,E29,16.49,95.45,39,1.142606,85.9461,21.8159,0.0,0,15.1118,2.4151,67.083,0.0,True,26.5,4840,6.1662,2.58
google,1500,20,linear,True,False,10.0,0.4,0.3,0.3,0,0,UK,,skewed,high,WOA,carbon,9,0.3333333333333333,E29,16.49,95.45,39,1.128103,86.1245,22.8083,0.0,0,14.2895,2.294,68.973,0.0,True,26.5,4840,6.2204,2.66
google,1500,20,linear,True,False,10.0,0.4,0.3,0.3,0,0,UK,,skewed,high,WOA,carbon,10,0.3333333333333333,E29,16.49,95.45,39,1.142273,85.9502,21.8387,0.0,0,15.0139,2.413,70.961,0.0,True,26.5,4840,6.2159,2.51
google,3000,10,linear,True,False,10.0,0.4,0.3,0.3,0,0,UK,,uniform,none,FIFO,-,0,0.3333333333333333,E29,32.21,189.31,41,17.178947,0.0,-661.1925,0.0,0,191.5479,31.2652,5.333,28.5433,False,24.5,0,0.0,0.0
google,3000,10,linear,True,False,10.0,0.4,0.3,0.3,0,0,UK,,uniform,none,Consolidation,-,0,0.3333333333333333,E29,32.21,189.31,41,2.256847,86.8627,0.0,0.0,0,24.9479,4.0702,66.586,28.5433,False,24.5,0,0.0,0.0
google,3000,10,linear,True,False,10.0,0.4,0.3,0.3,0,0,UK,,uniform,none,Greedy(EDF+greenest),-,0,0.3333333333333333,E29,32.21,189.31,41,1.821021,89.3997,19.3113,0.0,0,24.3979,3.9041,74.278,45.2292,False,26.0,0,0.0003,0.0
google,3000,10,linear,True,False,10.0,0.4,0.3,0.3,0,0,UK,,uniform,none,VCC(Google),-,0,0.3333333333333333,E29,32.21,189.31,41,2.200199,87.1925,2.51,0.0,0,24.7479,4.0402,73.297,0.0,True,24.5,0,0.0112,0.0
google,1500,20,linear,True,False,10.0,0.4,0.3,0.3,0,0,UK,,skewed,low,WOA,random,10,0.3333333333333333,E29,16.49,95.45,39,1.145874,75.9439,10.8863,0.0,0,13.2466,2.1876,78.388,0.0,True,26.5,4840,6.2425,2.58
google,1500,20,linear,True,False,10.0,0.4,0.3,0.3,0,0,UK,,skewed,low,WOA,carbon,1,0.3333333333333333,E29,16.49,95.45,39,1.010144,78.7934,21.4419,0.0,0,13.3413,2.1308,68.814,0.0,True,26.5,4840,6.2669,2.45
google,1500,20,linear,True,False,10.0,0.4,0.3,0.3,0,0,UK,,skewed,low,WOA,carbon,2,0.3333333333333333,E29,16.49,95.45,39,1.013388,78.7252,21.1896,0.0,0,13.4988,2.1563,69.118,0.0,True,26.0,4840,6.2465,2.65
google,1500,20,linear,True,False,10.0,0.4,0.3,0.3,0,0,UK,,skewed,low,WOA,carbon,3,0.3333333333333333,E29,16.49,95.45,39,1.008511,78.8276,21.5688,0.0,0,13.4103,2.143,69.79,0.0,True,26.0,4840,6.26,2.43
google,1500,20,linear,True,False,10.0,0.4,0.3,0.3,0,0,UK,,skewed,low,WOA,carbon,4,0.3333333333333333,E29,16.49,95.45,39,1.013551,78.7218,21.1769,0.0,0,13.4096,2.1335,71.185,0.0,True,26.5,4840,6.1956,2.54
google,1500,20,linear,True,False,10.0,0.4,0.3,0.3,0,0,UK,,skewed,low,WOA,carbon,5,0.3333333333333333,E29,16.49,95.45,39,1.009365,78.8097,21.5025,0.0,0,13.4171,2.144,67.024,0.0,True,26.5,4840,6.2286,2.59
google,1500,20,linear,True,False,10.0,0.4,0.3,0.3,0,0,UK,,skewed,low,WOA,carbon,6,0.3333333333333333,E29,16.49,95.45,39,1.010939,78.7767,21.3801,0.0,0,13.3938,2.1405,66.463,0.0,True,26.5,4840,6.2216,2.46
google,1500,20,linear,True,False,10.0,0.4,0.3,0.3,0,0,UK,,skewed,low,WOA,carbon,7,0.3333333333333333,E29,16.49,95.45,39,1.009834,78.7999,21.466,0.0,0,13.3864,2.1394,68.218,0.0,True,26.0,4840,6.2141,2.61
google,1500,20,linear,True,False,10.0,0.4,0.3,0.3,0,0,UK,,skewed,low,WOA,random,2,0.3333333333333333,E29,16.49,95.45,39,1.139969,76.0678,11.3455,0.0,0,13.2216,2.1679,77.709,0.0,True,27.0,4840,6.4707,2.49
google,1500,20,linear,True,False,10.0,0.4,0.3,0.3,0,0,UK,,skewed,low,WOA,random,3,0.3333333333333333,E29,16.49,95.45,39,1.153994,75.7734,10.2548,0.0,0,13.2091,2.1734,76.874,0.0,True,27.5,4840,6.4874,2.46
google,1500,20,linear,True,False,10.0,0.4,0.3,0.3,0,0,UK,,skewed,low,WOA,random,4,0.3333333333333333,E29,16.49,95.45,39,1.159463,75.6586,9.8294,0.0,0,13.3807,2.2072,74.464,0.0,True,28.0,4840,6.4645,2.46
google,1500,20,linear,True,False,10.0,0.4,0.3,0.3,0,0,UK,,skewed,low,WOA,random,5,0.3333333333333333,E29,16.49,95.45,39,1.145448,75.9528,10.9194,0.0,0,13.2411,2.1868,77.287,0.0,True,27.5,4840,6.5106,2.51
google,1500,20,linear,True,False,10.0,0.4,0.3,0.3,0,0,UK,,skewed,low,WOA,random,6,0.3333333333333333,E29,16.49,95.45,39,1.147073,75.9187,10.793,0.0,0,13.2425,2.194,77.544,0.0,True,27.5,4840,6.4035,2.47
google,1500,20,linear,True,False,10.0,0.4,0.3,0.3,0,0,UK,,skewed,low,WOA,random,7,0.3333333333333333,E29,16.49,95.45,39,1.149238,75.8732,10.6246,0.0,0,13.4267,2.2118,73.552,0.0,True,27.5,4840,6.4534,2.54
google,1500,20,linear,True,False,10.0,0.4,0.3,0.3,0,0,UK,,skewed,low,WOA,random,8,0.3333333333333333,E29,16.49,95.45,39,1.161396,75.618,9.6791,0.0,0,13.5414,2.2221,70.065,0.0,True,28.0,4840,6.4372,2.53
google,1500,20,linear,True,False,10.0,0.4,0.3,0.3,0,0,UK,,skewed,low,WOA,random,9,0.3333333333333333,E29,16.49,95.45,39,1.149317,75.8716,10.6185,0.0,0,13.1929,2.1584,76.461,0.0,True,27.5,4840,6.4657,2.55
google,3000,10,linear,True,False,10.0,0.4,0.3,0.3,0,0,UK,,uniform,none,WOA,carbon,6,0.3333333333333333,E29,32.21,189.31,41,2.154318,87.4595,4.543,0.0,0,24.6979,4.0597,83.803,0.0,True,27.5,4840,5.6188,4.85
google,3000,10,linear,True,False,10.0,0.4,0.3,0.3,0,0,UK,,uniform,none,WOA,carbon,7,0.3333333333333333,E29,32.21,189.31,41,2.149717,87.4863,4.7469,0.0,0,24.6479,4.0723,84.75,0.0,True,27.0,4840,5.6614,4.87
google,3000,10,linear,True,False,10.0,0.4,0.3,0.3,0,0,UK,,uniform,none,WOA,carbon,8,0.3333333333333333,E29,32.21,189.31,41,2.155379,87.4534,4.496,0.0,0,24.7979,4.0782,81.674,0.0,True,27.5,4840,5.6372,4.92
google,3000,10,linear,True,False,10.0,0.4,0.3,0.3,0,0,UK,,uniform,none,WOA,carbon,9,0.3333333333333333,E29,32.21,189.31,41,2.135847,87.5671,5.3615,0.0,0,24.7479,4.0663,82.855,0.0,True,28.0,4840,5.7174,4.6
google,3000,10,linear,True,False,10.0,0.4,0.3,0.3,0,0,UK,,uniform,none,WOA,carbon,10,0.3333333333333333,E29,32.21,189.31,41,2.138769,87.5501,5.232,0.0,0,24.6979,4.1043,84.297,0.0,True,26.5,4840,5.6487,5.4
google,3000,10,linear,True,False,10.0,0.4,0.3,0.3,0,0,UK,,uniform,low,FIFO,-,0,0.3333333333333333,E29,32.21,189.31,41,19.425334,0.0,-717.5915,0.0,0,216.7854,35.319,5.333,28.5433,False,24.5,0,0.0,0.0
google,3000,10,linear,True,False,10.0,0.4,0.3,0.3,0,0,UK,,uniform,low,Consolidation,-,0,0.3333333333333333,E29,32.21,189.31,41,2.375922,87.769,0.0,0.0,0,26.2854,4.284,66.586,28.5433,False,24.5,0,0.0,0.0
google,3000,10,linear,True,False,10.0,0.4,0.3,0.3,0,0,UK,,uniform,low,Greedy(EDF+greenest),-,0,0.3333333333333333,E29,32.21,189.31,41,1.926183,90.0842,18.929,0.0,0,25.8979,4.1422,74.278,45.2292,False,26.0,0,0.0003,0.0
google,3000,10,linear,True,False,10.0,0.4,0.3,0.3,0,0,UK,,uniform,none,Threshold(WaitAwhile),-,0,0.3333333333333333,E29,32.21,189.31,41,2.155067,87.4552,4.5098,0.0,0,24.6479,3.9416,75.225,28.5433,False,25.5,0,0.0422,0.0
google,3000,10,linear,True,False,10.0,0.4,0.3,0.3,0,0,UK,,uniform,none,WOA,random,1,0.3333333333333333,E29,32.21,189.31,41,2.153878,87.4621,4.5625,0.0,0,24.7479,4.0712,84.379,0.0,True,27.0,4840,5.733,5.01
google,3000,10,linear,True,False,10.0,0.4,0.3,0.3,0,0,UK,,uniform,none,WOA,random,2,0.3333333333333333,E29,32.21,189.31,41,2.15886,87.4331,4.3418,0.0,0,24.8979,4.1064,81.962,0.0,True,27.5,4840,5.6214,5.15
google,3000,10,linear,True,False,10.0,0.4,0.3,0.3,0,0,UK,,uniform,none,WOA,random,3,0.3333333333333333,E29,32.21,189.31,41,2.15636,87.4477,4.4525,0.0,0,24.8979,4.1077,79.374,0.0,True,28.5,4840,5.661,4.64
google,3000,10,linear,True,False,10.0,0.4,0.3,0.3,0,0,UK,,uniform,none,WOA,random,4,0.3333333333333333,E29,32.21,189.31,41,2.163633,87.4053,4.1302,0.0,0,24.7979,4.0917,81.688,0.0,True,28.0,4840,5.6413,5.1
google,3000,10,linear,True,False,10.0,0.4,0.3,0.3,0,0,UK,,uniform,none,WOA,random,5,0.3333333333333333,E29,32.21,189.31,41,2.148222,87.495,4.8131,0.0,0,24.7979,4.0805,82.911,0.0,True,28.0,4840,5.6881,4.76
google,3000,10,linear,True,False,10.0,0.4,0.3,0.3,0,0,UK,,uniform,none,WOA,random,6,0.3333333333333333,E29,32.21,189.31,41,2.145578,87.5104,4.9303,0.0,0,24.6979,4.0631,85.285,0.0,True,27.5,4840,5.6284,5.12
google,3000,10,linear,True,False,10.0,0.4,0.3,0.3,0,0,UK,,uniform,none,WOA,random,7,0.3333333333333333,E29,32.21,189.31,41,2.145763,87.5093,4.9221,0.0,0,24.6479,4.0666,84.0,0.0,True,27.5,4840,5.7222,5.03
google,1500,20,linear,True,False,10.0,0.4,0.3,0.3,0,0,UK,,skewed,high,WOA,random,1,0.3333333333333333,E29,16.49,95.45,39,1.201186,85.2256,17.8075,0.0,0,13.7091,2.2485,74.387,0.0,True,27.0,4840,6.2762,2.66
google,1500,20,linear,True,False,10.0,0.4,0.3,0.3,0,0,UK,,skewed,high,WOA,random,2,0.3333333333333333,E29,16.49,95.45,39,1.197451,85.2715,18.0631,0.0,0,13.5591,2.2396,76.31,0.0,True,27.5,4840,6.3041,2.74
google,1500,20,linear,True,False,10.0,0.4,0.3,0.3,0,0,UK,,skewed,high,WOA,random,3,0.3333333333333333,E29,16.49,95.45,39,1.195954,85.2899,18.1655,0.0,0,13.6591,2.2465,76.875,0.0,True,27.5,4840,6.2076,2.44
google,1500,20,linear,True,False,10.0,0.4,0.3,0.3,0,0,UK,,skewed,high,WOA,random,4,0.3333333333333333,E29,16.49,95.45,39,1.199944,85.2408,17.8925,0.0,0,13.6091,2.2476,76.494,0.0,True,27.0,4840,6.2321,2.49
google,1500,20,linear,True,False,10.0,0.4,0.3,0.3,0,0,UK,,skewed,high,WOA,random,5,0.3333333333333333,E29,16.49,95.45,39,1.215668,85.0474,16.8166,0.0,0,13.7591,2.2718,77.285,0.0,True,26.5,4840,6.277,2.4
google,1500,20,linear,True,False,10.0,0.4,0.3,0.3,0,0,UK,,skewed,high,WOA,random,6,0.3333333333333333,E29,16.49,95.45,39,1.20303,85.2029,17.6813,0.0,0,13.6591,2.2643,75.91,0.0,True,27.0,4840,6.2536,2.61
google,1500,20,linear,True,False,10.0,0.4,0.3,0.3,0,0,UK,,skewed,high,WOA,random,7,0.3333333333333333,E29,16.49,95.45,39,1.211589,85.0976,17.0957,0.0,0,13.7591,2.2696,73.536,0.0,True,27.0,4840,6.2723,2.59
google,1500,20,linear,True,False,10.0,0.4,0.3,0.3,0,0,UK,,skewed,high,WOA,random,8,0.3333333333333333,E29,16.49,95.45,39,1.189894,85.3645,18.5802,0.0,0,13.5591,2.2388,78.301,0.0,True,27.5,4840,6.269,2.46
google,3000,10,linear,True,False,10.0,0.4,0.3,0.3,0,0,UK,,uniform,low,VCC(Google),-,0,0.3333333333333333,E29,32.21,189.31,41,2.253962,88.3968,5.1332,0.0,0,25.3604,4.1452,73.297,0.0,True,24.5,0,0.0115,0.0
google,3000,10,linear,True,False,10.0,0.4,0.3,0.3,0,0,UK,,uniform,low,Threshold(WaitAwhile),-,0,0.3333333333333333,E29,32.21,189.31,41,2.271217,88.308,4.4069,0.0,0,25.9854,4.1553,75.225,28.5433,False,25.5,0,0.0409,0.0
google,3000,10,linear,True,False,10.0,0.4,0.3,0.3,0,0,UK,,uniform,low,WOA,random,1,0.3333333333333333,E29,32.21,189.31,41,2.173305,88.812,8.5279,0.0,0,25.0104,4.1115,85.06,0.0,True,27.0,4840,5.85,5.03
google,3000,10,linear,True,False,10.0,0.4,0.3,0.3,0,0,UK,,uniform,low,WOA,random,2,0.3333333333333333,E29,32.21,189.31,41,2.173592,88.8105,8.5158,0.0,0,25.0104,4.1197,83.291,0.0,True,27.5,4840,5.8602,4.92
google,3000,10,linear,True,False,10.0,0.4,0.3,0.3,0,0,UK,,uniform,low,WOA,random,3,0.3333333333333333,E29,32.21,189.31,41,2.177874,88.7885,8.3356,0.0,0,24.9604,4.1038,84.111,0.0,True,27.5,4840,5.8545,5.01
google,3000,10,linear,True,False,10.0,0.4,0.3,0.3,0,0,UK,,uniform,low,WOA,random,4,0.3333333333333333,E29,32.21,189.31,41,2.182591,88.7642,8.1371,0.0,0,25.0229,4.1161,82.437,0.0,True,28.0,4840,5.8969,4.69
google,3000,10,linear,True,False,10.0,0.4,0.3,0.3,0,0,UK,,uniform,low,WOA,random,5,0.3333333333333333,E29,32.21,189.31,41,2.173056,88.8133,8.5384,0.0,0,25.0479,4.1171,83.094,0.0,True,28.0,4840,5.9157,4.66
google,3000,10,linear,True,False,10.0,0.4,0.3,0.3,0,0,UK,,uniform,low,WOA,random,6,0.3333333333333333,E29,32.21,189.31,41,2.177717,88.7893,8.3422,0.0,0,24.9604,4.1027,85.627,0.0,True,27.5,4840,5.9103,4.76
google,1500,20,linear,True,False,10.0,0.4,0.3,0.3,0,0,UK,,skewed,high,WOA,random,9,0.3333333333333333,E29,16.49,95.45,39,1.204194,85.1886,17.6017,0.0,0,13.7591,2.2763,74.778,0.0,True,27.5,4840,6.2632,2.59
google,1500,20,linear,True,False,10.0,0.4,0.3,0.3,0,0,UK,,skewed,high,WOA,random,10,0.3333333333333333,E29,16.49,95.45,39,1.209747,85.1203,17.2217,0.0,0,13.7591,2.2772,76.414,0.0,True,26.0,4840,6.2875,2.47
google,1500,20,linear,True,False,10.0,0.4,0.3,0.3,0,0,UK,,skewed,high,WOA,carbon,1,0.3333333333333333,E29,16.49,95.45,39,1.141407,85.9608,21.8979,0.0,0,14.8332,2.3658,69.815,0.0,True,26.0,4840,6.1646,2.52
google,1500,20,linear,True,False,10.0,0.4,0.3,0.3,0,0,UK,,skewed,high,WOA,carbon,2,0.3333333333333333,E29,16.49,95.45,39,1.121163,86.2098,23.2832,0.0,0,14.5475,2.3305,72.576,0.0,True,26.5,4840,6.1877,2.76
google,1500,20,linear,True,False,10.0,0.4,0.3,0.3,0,0,UK,,skewed,high,WOA,carbon,3,0.3333333333333333,E29,16.49,95.45,39,1.125556,86.1558,22.9826,0.0,0,14.4621,2.3176,69.32,0.0,True,26.0,4840,6.1566,2.65
google,1500,20,linear,True,False,10.0,0.4,0.3,0.3,0,0,UK,,skewed,high,WOA,carbon,4,0.3333333333333333,E29,16.49,95.45,39,1.124225,86.1722,23.0737,0.0,0,14.6391,2.3367,70.118,0.0,True,26.0,4840,6.2,2.77
google,1500,20,linear,True,False,10.0,0.4,0.3,0.3,0,0,UK,,skewed,high,WOA,carbon,5,0.3333333333333333,E29,16.49,95.45,39,1.137424,86.0098,22.1705,0.0,0,14.7175,2.3651,68.043,0.0,True,26.5,4840,6.2185,2.91
google,1500,20,linear,True,False,10.0,0.4,0.3,0.3,0,0,UK,,skewed,high,WOA,carbon,6,0.3333333333333333,E29,16.49,95.45,39,1.132928,86.0651,22.4782,0.0,0,14.521,2.334,68.425,0.0,True,26.0,4840,6.2217,2.61
google,3000,10,linear,True,False,10.0,0.4,0.3,0.3,0,0,UK,,uniform,high,Greedy(EDF+greenest),-,0,0.3333333333333333,E29,32.21,189.31,41,2.241671,91.4324,17.9821,0.0,0,30.3979,4.8566,74.278,45.2292,False,26.0,0,0.0003,0.0
google,3000,10,linear,True,False,10.0,0.4,0.3,0.3,0,0,UK,,uniform,high,VCC(Google),-,0,0.3333333333333333,E29,32.21,189.31,41,2.415249,90.769,11.6312,0.0,0,27.1979,4.4602,73.297,0.0,True,24.5,0,0.0111,0.0
google,3000,10,linear,True,False,10.0,0.4,0.3,0.3,0,0,UK,,uniform,high,Threshold(WaitAwhile),-,0,0.3333333333333333,E29,32.21,189.31,41,2.619667,89.9877,4.152,0.0,0,29.9979,4.7966,75.225,28.5433,False,25.5,0,0.0409,0.0
google,3000,10,linear,True,False,10.0,0.4,0.3,0.3,0,0,UK,,uniform,high,WOA,random,1,0.3333333333333333,E29,32.21,189.31,41,2.255286,91.3804,17.4839,0.0,0,25.8979,4.2782,81.589,0.0,True,27.5,4840,5.9385,4.8
google,3000,10,linear,True,False,10.0,0.4,0.3,0.3,0,0,UK,,uniform,high,WOA,random,2,0.3333333333333333,E29,32.21,189.31,41,2.239069,91.4423,18.0772,0.0,0,25.7979,4.2505,82.153,0.0,True,27.5,4840,5.9363,4.76
google,3000,10,linear,True,False,10.0,0.4,0.3,0.3,0,0,UK,,uniform,high,WOA,random,3,0.3333333333333333,E29,32.21,189.31,41,2.251692,91.3941,17.6154,0.0,0,25.8979,4.2484,79.803,0.0,True,28.0,4840,5.892,4.82
google,3000,10,linear,True,False,10.0,0.4,0.3,0.3,0,0,UK,,uniform,high,WOA,random,4,0.3333333333333333,E29,32.21,189.31,41,2.253701,91.3864,17.5419,0.0,0,25.6479,4.2141,84.27,0.0,True,27.5,4840,5.9265,4.85
google,3000,10,linear,True,False,10.0,0.4,0.3,0.3,0,0,UK,,uniform,high,WOA,random,5,0.3333333333333333,E29,32.21,189.31,41,2.256877,91.3743,17.4257,0.0,0,25.7479,4.2065,85.183,0.0,True,27.5,4840,5.9775,4.41
google,3000,10,linear,True,False,10.0,0.4,0.3,0.3,0,0,UK,,uniform,low,WOA,carbon,5,0.3333333333333333,E29,32.21,189.31,41,2.167804,88.8403,8.7594,0.0,0,24.9854,4.1169,84.445,0.0,True,27.5,4840,5.8764,4.55
google,3000,10,linear,True,False,10.0,0.4,0.3,0.3,0,0,UK,,uniform,low,WOA,carbon,6,0.3333333333333333,E29,32.21,189.31,41,2.179681,88.7792,8.2596,0.0,0,24.9854,4.1059,83.767,0.0,True,27.5,4840,5.7656,4.78
google,3000,10,linear,True,False,10.0,0.4,0.3,0.3,0,0,UK,,uniform,low,WOA,carbon,7,0.3333333333333333,E29,32.21,189.31,41,2.182105,88.7667,8.1575,0.0,0,25.1104,4.1419,83.174,0.0,True,27.5,4840,5.8794,4.34
google,3000,10,linear,True,False,10.0,0.4,0.3,0.3,0,0,UK,,uniform,low,WOA,carbon,8,0.3333333333333333,E29,32.21,189.31,41,2.175819,88.7991,8.4221,0.0,0,25.0229,4.1052,83.436,0.0,True,27.5,4840,5.8214,4.92
google,3000,10,linear,True,False,10.0,0.4,0.3,0.3,0,0,UK,,uniform,low,WOA,carbon,9,0.3333333333333333,E29,32.21,189.31,41,2.174123,88.8078,8.4935,0.0,0,25.0729,4.1209,81.092,0.0,True,28.0,4840,5.8807,4.64
google,3000,10,linear,True,False,10.0,0.4,0.3,0.3,0,0,UK,,uniform,low,WOA,carbon,10,0.3333333333333333,E29,32.21,189.31,41,2.179001,88.7827,8.2882,0.0,0,25.1104,4.1392,81.955,0.0,True,28.0,4840,5.8696,4.96
google,3000,10,linear,True,False,10.0,0.4,0.3,0.3,0,0,UK,,uniform,high,FIFO,-,0,0.3333333333333333,E29,32.21,189.31,41,26.164497,0.0,-857.3031,0.0,0,292.4979,47.4802,5.333,28.5433,False,24.5,0,0.0,0.0
google,3000,10,linear,True,False,10.0,0.4,0.3,0.3,0,0,UK,,uniform,high,Consolidation,-,0,0.3333333333333333,E29,32.21,189.31,41,2.733147,89.554,0.0,0.0,0,30.2979,4.9252,66.586,28.5433,False,24.5,0,0.0,0.0
google,3000,10,linear,True,False,10.0,0.4,0.3,0.3,0,0,UK,,uniform,none,WOA,random,8,0.3333333333333333,E29,32.21,189.31,41,2.149773,87.486,4.7444,0.0,0,24.7979,4.0792,82.239,0.0,True,28.0,4840,5.5844,5.15
google,3000,10,linear,True,False,10.0,0.4,0.3,0.3,0,0,UK,,uniform,none,WOA,random,9,0.3333333333333333,E29,32.21,189.31,41,2.158041,87.4379,4.378,0.0,0,24.8479,4.116,80.239,0.0,True,28.0,4840,5.664,4.66
google,3000,10,linear,True,False,10.0,0.4,0.3,0.3,0,0,UK,,uniform,none,WOA,random,10,0.3333333333333333,E29,32.21,189.31,41,2.151323,87.477,4.6757,0.0,0,24.7479,4.0938,83.515,0.0,True,27.5,4840,5.6533,4.71
google,3000,10,linear,True,False,10.0,0.4,0.3,0.3,0,0,UK,,uniform,none,WOA,carbon,1,0.3333333333333333,E29,32.21,189.31,41,2.148322,87.4945,4.8087,0.0,0,24.7979,4.1135,81.602,0.0,True,28.0,4840,5.591,4.73
google,3000,10,linear,True,False,10.0,0.4,0.3,0.3,0,0,UK,,uniform,none,WOA,carbon,2,0.3333333333333333,E29,32.21,189.31,41,2.131457,87.5926,5.556,0.0,0,24.6979,4.0644,84.956,0.0,True,26.5,4840,5.6248,4.66
google,3000,10,linear,True,False,10.0,0.4,0.3,0.3,0,0,UK,,uniform,none,WOA,carbon,3,0.3333333333333333,E29,32.21,189.31,41,2.142468,87.5285,5.0681,0.0,0,24.6979,4.0952,82.647,0.0,True,28.0,4840,5.6292,4.5
google,3000,10,linear,True,False,10.0,0.4,0.3,0.3,0,0,UK,,uniform,none,WOA,carbon,4,0.3333333333333333,E29,32.21,189.31,41,2.132483,87.5866,5.5105,0.0,0,24.6979,4.0672,83.381,0.0,True,27.5,4840,5.6174,4.69
google,3000,10,linear,True,False,10.0,0.4,0.3,0.3,0,0,UK,,uniform,none,WOA,carbon,5,0.3333333333333333,E29,32.21,189.31,41,2.097538,87.7901,7.0589,0.0,0,24.6979,4.0588,83.157,0.0,True,27.0,4840,5.6445,5.08
google,3000,10,linear,True,False,10.0,0.4,0.3,0.3,0,0,UK,,uniform,low,WOA,random,7,0.3333333333333333,E29,32.21,189.31,41,2.17576,88.7994,8.4246,0.0,0,24.9729,4.1184,84.318,0.0,True,27.0,4840,5.8502,4.64
google,3000,10,linear,True,False,10.0,0.4,0.3,0.3,0,0,UK,,uniform,low,WOA,random,8,0.3333333333333333,E29,32.21,189.31,41,2.17878,88.7838,8.2975,0.0,0,25.1479,4.1539,82.587,0.0,True,28.0,4840,5.7697,4.85
google,3000,10,linear,True,False,10.0,0.4,0.3,0.3,0,0,UK,,uniform,low,WOA,random,9,0.3333333333333333,E29,32.21,189.31,41,2.175508,88.8007,8.4352,0.0,0,25.1604,4.1572,83.361,0.0,True,27.5,4840,5.8854,4.57
google,3000,10,linear,True,False,10.0,0.4,0.3,0.3,0,0,UK,,uniform,low,WOA,random,10,0.3333333333333333,E29,32.21,189.31,41,2.186812,88.7425,7.9594,0.0,0,24.9104,4.1257,83.862,0.0,True,27.0,4840,5.8478,4.96
google,3000,10,linear,True,False,10.0,0.4,0.3,0.3,0,0,UK,,uniform,low,WOA,carbon,1,0.3333333333333333,E29,32.21,189.31,41,2.182632,88.764,8.1353,0.0,0,25.1479,4.1692,81.51,0.0,True,28.0,4840,5.8407,4.39
google,3000,10,linear,True,False,10.0,0.4,0.3,0.3,0,0,UK,,uniform,low,WOA,carbon,2,0.3333333333333333,E29,32.21,189.31,41,2.157741,88.8921,9.183,0.0,0,24.9979,4.1139,85.2,0.0,True,26.5,4840,5.7986,4.83
google,3000,10,linear,True,False,10.0,0.4,0.3,0.3,0,0,UK,,uniform,low,WOA,carbon,3,0.3333333333333333,E29,32.21,189.31,41,2.170667,88.8256,8.6389,0.0,0,25.0229,4.1183,82.879,0.0,True,28.0,4840,5.8269,4.37
google,3000,10,linear,True,False,10.0,0.4,0.3,0.3,0,0,UK,,uniform,low,WOA,carbon,4,0.3333333333333333,E29,32.21,189.31,41,2.173651,88.8102,8.5133,0.0,0,25.1104,4.1413,83.668,0.0,True,27.0,4840,5.8339,4.76
google,3000,10,linear,True,False,10.0,0.4,0.3,0.3,0,0,UK,,mixed,none,Consolidation,-,0,0.3333333333333333,E29,32.21,189.31,41,1.445044,43.1688,0.0,0.0,0,15.955,2.6756,66.586,27.4868,False,24.5,0,0.0,0.0
google,3000,10,linear,True,False,10.0,0.4,0.3,0.3,0,0,UK,,mixed,none,Greedy(EDF+greenest),-,0,0.3333333333333333,E29,32.21,189.31,41,0.950024,62.6371,34.2564,0.0,0,12.0868,2.0234,74.278,44.1727,False,26.0,0,0.0003,0.0
google,3000,10,linear,True,False,10.0,0.4,0.3,0.3,0,0,UK,,mixed,none,VCC(Google),-,0,0.3333333333333333,E29,32.21,189.31,41,1.883939,25.9077,-30.3724,0.0,0,21.1984,3.4621,73.297,0.0,True,24.5,0,0.0119,0.0
google,3000,10,linear,True,False,10.0,0.4,0.3,0.3,0,0,UK,,mixed,none,Threshold(WaitAwhile),-,0,0.3333333333333333,E29,32.21,189.31,41,1.34379,47.1509,7.007,0.0,0,15.5717,2.5461,75.225,27.4868,False,25.5,0,0.0416,0.0
google,3000,10,linear,True,False,10.0,0.4,0.3,0.3,0,0,UK,,mixed,none,WOA,random,1,0.3333333333333333,E29,32.21,189.31,41,1.77535,30.1783,-22.8579,0.0,0,20.285,3.3507,84.621,0.0,True,27.5,4840,7.5473,4.7
google,3000,10,linear,True,False,10.0,0.4,0.3,0.3,0,0,UK,,mixed,none,WOA,random,2,0.3333333333333333,E29,32.21,189.31,41,1.786567,29.7372,-23.6341,0.0,0,20.5774,3.3992,80.17,0.0,True,27.5,4840,7.5044,4.56
google,3000,10,linear,True,False,10.0,0.4,0.3,0.3,0,0,UK,,mixed,none,WOA,random,3,0.3333333333333333,E29,32.21,189.31,41,1.786189,29.7521,-23.6079,0.0,0,20.4054,3.3629,81.685,0.0,True,27.0,4840,7.4792,4.95
google,3000,10,linear,True,False,10.0,0.4,0.3,0.3,0,0,UK,,mixed,none,WOA,random,4,0.3333333333333333,E29,32.21,189.31,41,1.785365,29.7845,-23.5509,0.0,0,20.4962,3.3707,81.439,0.0,True,27.5,4840,7.4708,4.72
google,3000,10,linear,True,False,10.0,0.4,0.3,0.3,0,0,UK,,mixed,low,FIFO,-,0,0.3333333333333333,E29,32.21,189.31,41,4.789081,0.0,-206.1839,0.0,0,53.4624,8.8928,5.333,27.4868,False,24.5,0,0.0,0.0
google,3000,10,linear,True,False,10.0,0.4,0.3,0.3,0,0,UK,,mixed,low,Consolidation,-,0,0.3333333333333333,E29,32.21,189.31,41,1.564119,67.3399,0.0,0.0,0,17.2925,2.8893,66.586,27.4868,False,24.5,0,0.0,0.0
google,3000,10,linear,True,False,10.0,0.4,0.3,0.3,0,0,UK,,mixed,low,Greedy(EDF+greenest),-,0,0.3333333333333333,E29,32.21,189.31,41,1.055187,77.9668,32.538,0.0,0,13.5868,2.2615,74.278,44.1727,False,26.0,0,0.0003,0.0
google,3000,10,linear,True,False,10.0,0.4,0.3,0.3,0,0,UK,,mixed,low,VCC(Google),-,0,0.3333333333333333,E29,32.21,189.31,41,1.937701,59.5392,-23.8845,0.0,0,21.8109,3.5671,73.297,0.0,True,24.5,0,0.0121,0.0
google,3000,10,linear,True,False,10.0,0.4,0.3,0.3,0,0,UK,,mixed,low,Threshold(WaitAwhile),-,0,0.3333333333333333,E29,32.21,189.31,41,1.45994,69.5152,6.6605,0.0,0,16.9092,2.7599,75.225,27.4868,False,25.5,0,0.0411,0.0
google,3000,10,linear,True,False,10.0,0.4,0.3,0.3,0,0,UK,,mixed,low,WOA,random,1,0.3333333333333333,E29,32.21,189.31,41,1.799711,62.4205,-15.0622,0.0,0,20.5723,3.387,82.596,0.0,True,27.5,4840,7.396,4.83
google,3000,10,linear,True,False,10.0,0.4,0.3,0.3,0,0,UK,,mixed,low,WOA,random,2,0.3333333333333333,E29,32.21,189.31,41,1.81027,62.2001,-15.7373,0.0,0,20.828,3.4363,79.872,0.0,True,27.5,4840,7.4502,4.69
google,3000,10,linear,True,False,10.0,0.4,0.3,0.3,0,0,UK,,mixed,low,WOA,random,3,0.3333333333333333,E29,32.21,189.31,41,1.808814,62.2305,-15.6442,0.0,0,20.6437,3.3986,81.258,0.0,True,27.0,4840,7.3577,4.83
google,3000,10,linear,True,False,10.0,0.4,0.3,0.3,0,0,UK,,mixed,low,WOA,carbon,10,0.3333333333333333,E29,32.21,189.31,41,1.799832,62.418,-15.07,0.0,0,20.6014,3.3962,85.321,0.0,True,27.0,4840,7.406,4.77
google,3000,10,linear,True,False,10.0,0.4,0.3,0.3,0,0,UK,,mixed,high,FIFO,-,0,0.3333333333333333,E29,32.21,189.31,41,11.528243,0.0,-500.0093,0.0,0,129.1749,21.0541,5.333,27.4868,False,24.5,0,0.0,0.0
google,3000,10,linear,True,False,10.0,0.4,0.3,0.3,0,0,UK,,mixed,high,Consolidation,-,0,0.3333333333333333,E29,32.21,189.31,41,1.921344,83.3336,0.0,0.0,0,21.305,3.5306,66.586,27.4868,False,24.5,0,0.0,0.0
google,3000,10,linear,True,False,10.0,0.4,0.3,0.3,0,0,UK,,mixed,high,Greedy(EDF+greenest),-,0,0.3333333333333333,E29,32.21,189.31,41,1.370674,88.1103,28.6607,0.0,0,18.0868,2.9759,74.278,44.1727,False,26.0,0,0.0003,0.0
google,3000,10,linear,True,False,10.0,0.4,0.3,0.3,0,0,UK,,mixed,high,VCC(Google),-,0,0.3333333333333333,E29,32.21,189.31,41,2.098989,81.7926,-9.2459,0.0,0,23.6484,3.8821,73.297,0.0,True,24.5,0,0.0118,0.0
google,3000,10,linear,True,False,10.0,0.4,0.3,0.3,0,0,UK,,mixed,high,Threshold(WaitAwhile),-,0,0.3333333333333333,E29,32.21,189.31,41,1.80839,84.3134,5.8789,0.0,0,20.9217,3.4011,75.225,27.4868,False,25.5,0,0.0416,0.0
google,3000,10,linear,True,False,10.0,0.4,0.3,0.3,0,0,UK,,mixed,high,WOA,random,1,0.3333333333333333,E29,32.21,189.31,41,1.863913,83.8318,2.9891,0.0,0,21.3631,3.5136,80.232,0.0,True,27.5,4840,7.4496,4.83
google,3000,10,linear,True,False,10.0,0.4,0.3,0.3,0,0,UK,,mixed,high,WOA,random,2,0.3333333333333333,E29,32.21,189.31,41,1.879832,83.6937,2.1606,0.0,0,21.3631,3.5145,79.458,0.0,True,28.0,4840,7.499,4.47
google,3000,10,linear,True,False,10.0,0.4,0.3,0.3,0,0,UK,,uniform,high,WOA,random,6,0.3333333333333333,E29,32.21,189.31,41,2.249981,91.4006,17.678,0.0,0,25.6979,4.2184,84.847,0.0,True,27.5,4840,5.8786,4.66
google,3000,10,linear,True,False,10.0,0.4,0.3,0.3,0,0,UK,,uniform,high,WOA,random,7,0.3333333333333333,E29,32.21,189.31,41,2.249673,91.4018,17.6893,0.0,0,25.7479,4.25,81.657,0.0,True,27.5,4840,5.8796,5.08
google,3000,10,linear,True,False,10.0,0.4,0.3,0.3,0,0,UK,,uniform,high,WOA,random,8,0.3333333333333333,E29,32.21,189.31,41,2.249062,91.4041,17.7116,0.0,0,25.8479,4.2592,81.009,0.0,True,27.5,4840,5.8798,4.82
google,3000,10,linear,True,False,10.0,0.4,0.3,0.3,0,0,UK,,uniform,high,WOA,random,9,0.3333333333333333,E29,32.21,189.31,41,2.248117,91.4078,17.7462,0.0,0,25.6479,4.2292,85.225,0.0,True,27.0,4840,5.9042,4.6
google,3000,10,linear,True,False,10.0,0.4,0.3,0.3,0,0,UK,,uniform,high,WOA,random,10,0.3333333333333333,E29,32.21,189.31,41,2.247003,91.412,17.7869,0.0,0,25.6479,4.2504,84.362,0.0,True,26.5,4840,5.9319,4.98
google,3000,10,linear,True,False,10.0,0.4,0.3,0.3,0,0,UK,,uniform,high,WOA,carbon,1,0.3333333333333333,E29,32.21,189.31,41,2.250448,91.3988,17.6609,0.0,0,25.8479,4.2844,81.802,0.0,True,28.0,4840,5.8753,4.69
google,3000,10,linear,True,False,10.0,0.4,0.3,0.3,0,0,UK,,uniform,high,WOA,carbon,2,0.3333333333333333,E29,32.21,189.31,41,2.240507,91.4368,18.0246,0.0,0,25.8979,4.2664,85.21,0.0,True,26.5,4840,5.8872,4.83
google,3000,10,linear,True,False,10.0,0.4,0.3,0.3,0,0,UK,,uniform,high,WOA,carbon,3,0.3333333333333333,E29,32.21,189.31,41,2.242916,91.4276,17.9365,0.0,0,25.7479,4.2467,82.998,0.0,True,28.0,4840,5.8524,4.92
google,3000,10,linear,True,False,10.0,0.4,0.3,0.3,0,0,UK,,uniform,high,WOA,carbon,4,0.3333333333333333,E29,32.21,189.31,41,2.242412,91.4296,17.9549,0.0,0,25.6479,4.2264,84.299,0.0,True,27.0,4840,5.8599,5.26
google,3000,10,linear,True,False,10.0,0.4,0.3,0.3,0,0,UK,,uniform,high,WOA,carbon,5,0.3333333333333333,E29,32.21,189.31,41,2.249464,91.4026,17.6969,0.0,0,25.6979,4.2334,82.03,0.0,True,27.0,4840,5.8817,4.78
google,3000,10,linear,True,False,10.0,0.4,0.3,0.3,0,0,UK,,uniform,high,WOA,carbon,6,0.3333333333333333,E29,32.21,189.31,41,2.249588,91.4021,17.6924,0.0,0,25.6479,4.2157,83.531,0.0,True,27.5,4840,5.8555,4.76
google,3000,10,linear,True,False,10.0,0.4,0.3,0.3,0,0,UK,,uniform,high,WOA,carbon,7,0.3333333333333333,E29,32.21,189.31,41,2.227569,91.4863,18.498,0.0,0,25.6479,4.2172,84.529,0.0,True,27.0,4840,5.8793,5.6
google,3000,10,linear,True,False,10.0,0.4,0.3,0.3,0,0,UK,,uniform,high,WOA,carbon,8,0.3333333333333333,E29,32.21,189.31,41,2.249644,91.4019,17.6903,0.0,0,25.7979,4.2434,81.943,0.0,True,27.5,4840,5.8688,4.78
google,3000,10,linear,True,False,10.0,0.4,0.3,0.3,0,0,UK,,uniform,high,WOA,carbon,9,0.3333333333333333,E29,32.21,189.31,41,2.254826,91.3821,17.5007,0.0,0,25.9479,4.2591,82.837,0.0,True,28.0,4840,5.8946,5.05
google,3000,10,linear,True,False,10.0,0.4,0.3,0.3,0,0,UK,,uniform,high,WOA,carbon,10,0.3333333333333333,E29,32.21,189.31,41,2.251796,91.3937,17.6116,0.0,0,25.7979,4.2527,81.389,0.0,True,27.5,4840,5.8902,4.6
google,3000,10,linear,True,False,10.0,0.4,0.3,0.3,0,0,UK,,mixed,none,FIFO,-,0,0.3333333333333333,E29,32.21,189.31,41,2.542693,0.0,-75.9595,0.0,0,28.2249,4.8391,5.333,27.4868,False,24.5,0,0.0,0.0
google,3000,10,linear,True,False,10.0,0.4,0.3,0.3,0,0,UK,,mixed,high,WOA,carbon,9,0.3333333333333333,E29,32.21,189.31,41,1.888705,83.6167,1.6987,0.0,0,21.4544,3.514,80.507,0.0,True,28.0,4840,7.3307,4.58
google,3000,10,linear,True,False,10.0,0.4,0.3,0.3,0,0,UK,,mixed,high,WOA,carbon,10,0.3333333333333333,E29,32.21,189.31,41,1.859648,83.8688,3.2111,0.0,0,21.1957,3.4727,81.999,0.0,True,27.0,4840,7.3291,4.86
google,3000,10,linear,True,False,10.0,0.4,0.3,0.3,0,0,UK,,skewed,none,FIFO,-,0,0.3333333333333333,E29,32.21,189.31,41,3.211053,0.0,-76.1655,0.0,0,35.6547,6.1097,5.333,23.2608,False,24.5,0,0.0,0.0
google,3000,10,linear,True,False,10.0,0.4,0.3,0.3,0,0,UK,,skewed,none,Consolidation,-,0,0.3333333333333333,E29,32.21,189.31,41,1.822748,43.2352,0.0,0.0,0,20.2434,3.3891,66.586,23.2608,False,24.5,0,0.0,0.0
google,3000,10,linear,True,False,10.0,0.4,0.3,0.3,0,0,UK,,skewed,none,Greedy(EDF+greenest),-,0,0.3333333333333333,E29,32.21,189.31,41,1.217998,62.0686,33.1779,0.0,0,15.5694,2.5964,74.278,39.9468,False,26.0,0,0.0003,0.0
google,3000,10,linear,True,False,10.0,0.4,0.3,0.3,0,0,UK,,skewed,none,VCC(Google),-,0,0.3333333333333333,E29,32.21,189.31,41,2.332568,27.3582,-27.9699,0.0,0,26.2255,4.2864,73.297,0.0,True,24.5,0,0.012,0.0
google,3000,10,linear,True,False,10.0,0.4,0.3,0.3,0,0,UK,,skewed,none,Threshold(WaitAwhile),-,0,0.3333333333333333,E29,32.21,189.31,41,1.725746,46.2561,5.3217,0.0,0,20.0007,3.2611,75.225,23.2608,False,25.5,0,0.0413,0.0
google,3000,10,linear,True,False,10.0,0.4,0.3,0.3,0,0,UK,,skewed,none,WOA,random,1,0.3333333333333333,E29,32.21,189.31,41,2.203268,31.3849,-20.8762,0.0,0,25.6462,4.2193,83.427,0.0,True,27.5,4840,7.249,4.79
google,3000,10,linear,True,False,10.0,0.4,0.3,0.3,0,0,UK,,skewed,none,WOA,carbon,8,0.3333333333333333,E29,32.21,189.31,41,2.178773,32.1477,-19.5324,0.0,0,25.3695,4.1707,82.715,0.0,True,27.5,4840,7.2521,4.6
google,3000,10,linear,True,False,10.0,0.4,0.3,0.3,0,0,UK,,skewed,none,WOA,carbon,9,0.3333333333333333,E29,32.21,189.31,41,2.201035,31.4544,-20.7537,0.0,0,25.5034,4.1914,80.583,0.0,True,28.0,4840,7.3652,4.92
google,3000,10,linear,True,False,10.0,0.4,0.3,0.3,0,0,UK,,skewed,none,WOA,carbon,10,0.3333333333333333,E29,32.21,189.31,41,2.172796,32.3338,-19.2045,0.0,0,25.5385,4.1813,81.066,0.0,True,28.0,4840,7.2272,4.92
google,3000,10,linear,True,False,10.0,0.4,0.3,0.3,0,0,UK,,skewed,low,FIFO,-,0,0.3333333333333333,E29,32.21,189.31,41,5.457441,0.0,-181.0473,0.0,0,60.8922,10.1635,5.333,23.2608,False,24.5,0,0.0,0.0
google,3000,10,linear,True,False,10.0,0.4,0.3,0.3,0,0,UK,,skewed,low,Consolidation,-,0,0.3333333333333333,E29,32.21,189.31,41,1.941823,64.4188,0.0,0.0,0,21.5809,3.6028,66.586,23.2608,False,24.5,0,0.0,0.0
google,3000,10,linear,True,False,10.0,0.4,0.3,0.3,0,0,UK,,skewed,low,Greedy(EDF+greenest),-,0,0.3333333333333333,E29,32.21,189.31,41,1.323161,75.7549,31.8599,0.0,0,17.0694,2.8345,74.278,39.9468,False,26.0,0,0.0004,0.0
google,3000,10,linear,True,False,10.0,0.4,0.3,0.3,0,0,UK,,skewed,low,VCC(Google),-,0,0.3333333333333333,E29,32.21,189.31,41,2.38633,56.2738,-22.8913,0.0,0,26.838,4.3914,73.297,0.0,True,24.5,0,0.0117,0.0
google,3000,10,linear,True,False,10.0,0.4,0.3,0.3,0,0,UK,,skewed,low,Threshold(WaitAwhile),-,0,0.3333333333333333,E29,32.21,189.31,41,1.841896,66.2498,5.146,0.0,0,21.3382,3.4748,75.225,23.2608,False,25.5,0,0.0405,0.0
google,3000,10,linear,True,False,10.0,0.4,0.3,0.3,0,0,UK,,mixed,none,WOA,random,5,0.3333333333333333,E29,32.21,189.31,41,1.798078,29.2845,-24.4307,0.0,0,20.5751,3.3893,81.558,0.0,True,28.0,4840,7.2404,5.02
google,3000,10,linear,True,False,10.0,0.4,0.3,0.3,0,0,UK,,mixed,none,WOA,random,6,0.3333333333333333,E29,32.21,189.31,41,1.78001,29.9951,-23.1803,0.0,0,20.3953,3.3673,81.068,0.0,True,28.0,4840,7.1658,4.55
google,3000,10,linear,True,False,10.0,0.4,0.3,0.3,0,0,UK,,mixed,none,WOA,random,7,0.3333333333333333,E29,32.21,189.31,41,1.773938,30.2339,-22.7601,0.0,0,20.2189,3.3352,84.426,0.0,True,27.0,4840,7.2337,4.58
google,3000,10,linear,True,False,10.0,0.4,0.3,0.3,0,0,UK,,mixed,none,WOA,random,8,0.3333333333333333,E29,32.21,189.31,41,1.773805,30.2391,-22.751,0.0,0,20.2505,3.3246,80.2,0.0,True,27.0,4840,7.1636,4.85
google,3000,10,linear,True,False,10.0,0.4,0.3,0.3,0,0,UK,,mixed,none,WOA,random,9,0.3333333333333333,E29,32.21,189.31,41,1.788206,29.6728,-23.7475,0.0,0,20.3887,3.3628,81.434,0.0,True,27.5,4840,7.2337,4.92
google,3000,10,linear,True,False,10.0,0.4,0.3,0.3,0,0,UK,,mixed,none,WOA,random,10,0.3333333333333333,E29,32.21,189.31,41,1.779122,30.03,-23.1189,0.0,0,20.323,3.3342,81.028,0.0,True,27.5,4840,7.3318,4.74
google,3000,10,linear,True,False,10.0,0.4,0.3,0.3,0,0,UK,,mixed,none,WOA,carbon,1,0.3333333333333333,E29,32.21,189.31,41,1.785392,29.7834,-23.5527,0.0,0,20.4067,3.3513,81.327,0.0,True,27.5,4840,7.2713,4.3
google,3000,10,linear,True,False,10.0,0.4,0.3,0.3,0,0,UK,,mixed,none,WOA,carbon,2,0.3333333333333333,E29,32.21,189.31,41,1.788652,29.6552,-23.7784,0.0,0,20.3891,3.3615,79.914,0.0,True,27.5,4840,7.1371,4.69
google,3000,10,linear,True,False,10.0,0.4,0.3,0.3,0,0,UK,,mixed,none,WOA,carbon,3,0.3333333333333333,E29,32.21,189.31,41,1.779603,30.0111,-23.1521,0.0,0,20.2957,3.3364,81.24,0.0,True,27.5,4840,7.1218,4.74
google,3000,10,linear,True,False,10.0,0.4,0.3,0.3,0,0,UK,,mixed,none,WOA,carbon,4,0.3333333333333333,E29,32.21,189.31,41,1.79568,29.3788,-24.2647,0.0,0,20.5672,3.3983,79.143,0.0,True,28.0,4840,7.1306,4.58
google,3000,10,linear,True,False,10.0,0.4,0.3,0.3,0,0,UK,,mixed,none,WOA,carbon,5,0.3333333333333333,E29,32.21,189.31,41,1.763164,30.6576,-22.0145,0.0,0,20.2367,3.3493,82.206,0.0,True,27.5,4840,7.127,5.04
google,3000,10,linear,True,False,10.0,0.4,0.3,0.3,0,0,UK,,mixed,none,WOA,carbon,6,0.3333333333333333,E29,32.21,189.31,41,1.758789,30.8297,-21.7118,0.0,0,20.3359,3.3632,82.438,0.0,True,27.0,4840,7.0936,4.99
google,3000,10,linear,True,False,10.0,0.4,0.3,0.3,0,0,UK,,mixed,none,WOA,carbon,7,0.3333333333333333,E29,32.21,189.31,41,1.781152,29.9502,-23.2594,0.0,0,20.4226,3.3564,83.255,0.0,True,27.5,4840,7.2322,4.37
google,3000,10,linear,True,False,10.0,0.4,0.3,0.3,0,0,UK,,mixed,none,WOA,carbon,8,0.3333333333333333,E29,32.21,189.31,41,1.794064,29.4424,-24.1529,0.0,0,20.4565,3.3633,81.847,0.0,True,27.5,4840,7.2612,4.67
google,3000,10,linear,True,False,10.0,0.4,0.3,0.3,0,0,UK,,mixed,none,WOA,carbon,9,0.3333333333333333,E29,32.21,189.31,41,1.790377,29.5874,-23.8978,0.0,0,20.5417,3.392,77.179,0.0,True,28.0,4840,7.1538,4.92
google,3000,10,linear,True,False,10.0,0.4,0.3,0.3,0,0,UK,,mixed,none,WOA,carbon,10,0.3333333333333333,E29,32.21,189.31,41,1.781236,29.9469,-23.2652,0.0,0,20.441,3.3712,82.353,0.0,True,27.5,4840,7.3702,4.74
google,3000,10,linear,True,False,10.0,0.4,0.3,0.3,0,0,UK,,mixed,low,WOA,carbon,2,0.3333333333333333,E29,32.21,189.31,41,1.80776,62.2525,-15.5768,0.0,0,20.6137,3.4004,79.847,0.0,True,27.5,4840,7.3174,5.09
google,3000,10,linear,True,False,10.0,0.4,0.3,0.3,0,0,UK,,mixed,low,WOA,carbon,3,0.3333333333333333,E29,32.21,189.31,41,1.80844,62.2383,-15.6204,0.0,0,20.7175,3.4126,80.057,0.0,True,28.0,4840,7.2606,4.65
google,3000,10,linear,True,False,10.0,0.4,0.3,0.3,0,0,UK,,mixed,low,WOA,carbon,4,0.3333333333333333,E29,32.21,189.31,41,1.817412,62.0509,-16.194,0.0,0,20.8008,3.43,78.579,0.0,True,27.5,4840,7.3067,4.81
google,3000,10,linear,True,False,10.0,0.4,0.3,0.3,0,0,UK,,mixed,low,WOA,carbon,5,0.3333333333333333,E29,32.21,189.31,41,1.788177,62.6614,-14.3249,0.0,0,20.514,3.3918,82.026,0.0,True,27.5,4840,7.361,5.02
google,3000,10,linear,True,False,10.0,0.4,0.3,0.3,0,0,UK,,mixed,low,WOA,carbon,6,0.3333333333333333,E29,32.21,189.31,41,1.81285,62.1462,-15.9023,0.0,0,20.5979,3.4094,80.495,0.0,True,27.0,4840,7.4472,4.65
google,3000,10,linear,True,False,10.0,0.4,0.3,0.3,0,0,UK,,mixed,low,WOA,carbon,7,0.3333333333333333,E29,32.21,189.31,41,1.800928,62.3951,-15.1401,0.0,0,20.6289,3.3834,81.685,0.0,True,27.5,4840,7.3783,4.44
google,3000,10,linear,True,False,10.0,0.4,0.3,0.3,0,0,UK,,mixed,low,WOA,carbon,8,0.3333333333333333,E29,32.21,189.31,41,1.825181,61.8887,-16.6907,0.0,0,20.7761,3.4122,79.797,0.0,True,27.5,4840,7.4642,4.74
google,3000,10,linear,True,False,10.0,0.4,0.3,0.3,0,0,UK,,mixed,low,WOA,carbon,9,0.3333333333333333,E29,32.21,189.31,41,1.815717,62.0863,-16.0856,0.0,0,20.7428,3.4183,79.756,0.0,True,28.0,4840,7.3189,5.06
google,3000,10,linear,True,False,10.0,0.4,0.3,0.3,0,0,UK,,mixed,low,WOA,random,4,0.3333333333333333,E29,32.21,189.31,41,1.811537,62.1736,-15.8184,0.0,0,20.768,3.4198,79.942,0.0,True,27.5,4840,7.4084,4.81
google,3000,10,linear,True,False,10.0,0.4,0.3,0.3,0,0,UK,,mixed,low,WOA,random,5,0.3333333333333333,E29,32.21,189.31,41,1.808791,62.2309,-15.6428,0.0,0,20.7193,3.4031,80.502,0.0,True,28.0,4840,7.4375,5.45
google,3000,10,linear,True,False,10.0,0.4,0.3,0.3,0,0,UK,,mixed,low,WOA,random,6,0.3333333333333333,E29,32.21,189.31,41,1.810557,62.194,-15.7557,0.0,0,20.6952,3.4137,80.146,0.0,True,28.0,4840,7.3946,4.81
google,3000,10,linear,True,False,10.0,0.4,0.3,0.3,0,0,UK,,mixed,low,WOA,random,7,0.3333333333333333,E29,32.21,189.31,41,1.794526,62.5288,-14.7308,0.0,0,20.4314,3.3689,84.426,0.0,True,27.0,4840,7.451,4.67
google,3000,10,linear,True,False,10.0,0.4,0.3,0.3,0,0,UK,,mixed,low,WOA,random,8,0.3333333333333333,E29,32.21,189.31,41,1.808769,62.2314,-15.6414,0.0,0,20.6413,3.3948,81.881,0.0,True,27.0,4840,7.5282,4.92
google,3000,10,linear,True,False,10.0,0.4,0.3,0.3,0,0,UK,,mixed,low,WOA,random,9,0.3333333333333333,E29,32.21,189.31,41,1.814911,62.1031,-16.0341,0.0,0,20.6619,3.4085,80.898,0.0,True,27.5,4840,7.4883,4.97
google,3000,10,linear,True,False,10.0,0.4,0.3,0.3,0,0,UK,,mixed,low,WOA,random,10,0.3333333333333333,E29,32.21,189.31,41,1.806792,62.2727,-15.515,0.0,0,20.5119,3.3894,81.606,0.0,True,26.5,4840,7.614,4.65
google,3000,10,linear,True,False,10.0,0.4,0.3,0.3,0,0,UK,,mixed,low,WOA,carbon,1,0.3333333333333333,E29,32.21,189.31,41,1.814081,62.1205,-15.981,0.0,0,20.6345,3.3941,81.567,0.0,True,27.5,4840,7.359,4.58
google,3000,10,linear,True,False,10.0,0.4,0.3,0.3,0,0,UK,,mixed,high,WOA,random,3,0.3333333333333333,E29,32.21,189.31,41,1.870537,83.7743,2.6443,0.0,0,21.3628,3.5157,81.047,0.0,True,28.5,4840,7.3768,5.04
google,3000,10,linear,True,False,10.0,0.4,0.3,0.3,0,0,UK,,mixed,high,WOA,random,4,0.3333333333333333,E29,32.21,189.31,41,1.863115,83.8387,3.0307,0.0,0,21.2495,3.5038,80.006,0.0,True,28.0,4840,7.3958,4.85
google,3000,10,linear,True,False,10.0,0.4,0.3,0.3,0,0,UK,,mixed,high,WOA,random,5,0.3333333333333333,E29,32.21,189.31,41,1.883961,83.6579,1.9457,0.0,0,21.4654,3.5133,80.636,0.0,True,27.5,4840,7.3696,4.81
google,3000,10,linear,True,False,10.0,0.4,0.3,0.3,0,0,UK,,mixed,high,WOA,random,6,0.3333333333333333,E29,32.21,189.31,41,1.868333,83.7934,2.7591,0.0,0,21.344,3.5138,81.979,0.0,True,28.0,4840,7.4813,4.76
google,3000,10,linear,True,False,10.0,0.4,0.3,0.3,0,0,UK,,mixed,high,WOA,random,7,0.3333333333333333,E29,32.21,189.31,41,1.836077,84.0732,4.4379,0.0,0,21.0044,3.4568,81.333,0.0,True,27.5,4840,7.4826,4.99
google,3000,10,linear,True,False,10.0,0.4,0.3,0.3,0,0,UK,,mixed,high,WOA,random,8,0.3333333333333333,E29,32.21,189.31,41,1.860881,83.8581,3.1469,0.0,0,21.2022,3.4869,78.869,0.0,True,28.0,4840,7.3057,4.79
google,3000,10,linear,True,False,10.0,0.4,0.3,0.3,0,0,UK,,mixed,high,WOA,random,9,0.3333333333333333,E29,32.21,189.31,41,1.876342,83.724,2.3422,0.0,0,21.3362,3.5143,78.961,0.0,True,27.5,4840,7.6426,4.95
google,3000,10,linear,True,False,10.0,0.4,0.3,0.3,0,0,UK,,mixed,high,WOA,random,10,0.3333333333333333,E29,32.21,189.31,41,1.86865,83.7907,2.7426,0.0,0,21.2484,3.4989,80.491,0.0,True,26.5,4840,7.4096,4.69
google,3000,10,linear,True,False,10.0,0.4,0.3,0.3,0,0,UK,,skewed,low,WOA,carbon,7,0.3333333333333333,E29,32.21,189.31,41,2.235229,59.0425,-15.1099,0.0,0,25.9275,4.2603,84.113,0.0,True,27.5,4840,7.3728,4.63
google,3000,10,linear,True,False,10.0,0.4,0.3,0.3,0,0,UK,,skewed,low,WOA,carbon,8,0.3333333333333333,E29,32.21,189.31,41,2.223093,59.2649,-14.4849,0.0,0,25.7283,4.1931,82.46,0.0,True,27.0,4840,7.5004,4.56
google,3000,10,linear,True,False,10.0,0.4,0.3,0.3,0,0,UK,,skewed,low,WOA,carbon,9,0.3333333333333333,E29,32.21,189.31,41,2.224766,59.2343,-14.571,0.0,0,25.8989,4.2448,81.459,0.0,True,28.0,4840,7.3214,4.76
google,3000,10,linear,True,False,10.0,0.4,0.3,0.3,0,0,UK,,skewed,low,WOA,carbon,10,0.3333333333333333,E29,32.21,189.31,41,2.203302,59.6276,-13.4657,0.0,0,25.7559,4.2229,81.142,0.0,True,28.0,4840,7.2932,5.29
google,3000,10,linear,True,False,10.0,0.4,0.3,0.3,0,0,UK,,skewed,high,FIFO,-,0,0.3333333333333333,E29,32.21,189.31,41,12.196603,0.0,-430.5068,0.0,0,136.6047,22.3247,5.333,23.2608,False,24.5,0,0.0,0.0
google,3000,10,linear,True,False,10.0,0.4,0.3,0.3,0,0,UK,,skewed,high,Consolidation,-,0,0.3333333333333333,E29,32.21,189.31,41,2.299048,81.1501,0.0,0.0,0,25.5934,4.2441,66.586,23.2608,False,24.5,0,0.0,0.0
google,3000,10,linear,True,False,10.0,0.4,0.3,0.3,0,0,UK,,skewed,high,Greedy(EDF+greenest),-,0,0.3333333333333333,E29,32.21,189.31,41,1.638648,86.5647,28.7249,0.0,0,21.5694,3.5489,74.278,39.9468,False,26.0,0,0.0003,0.0
google,3000,10,linear,True,False,10.0,0.4,0.3,0.3,0,0,UK,,skewed,high,VCC(Google),-,0,0.3333333333333333,E29,32.21,189.31,41,2.547618,79.1121,-10.8119,0.0,0,28.6755,4.7064,73.297,0.0,True,24.5,0,0.0118,0.0
google,3000,10,linear,True,False,10.0,0.4,0.3,0.3,0,0,UK,,mixed,high,WOA,carbon,1,0.3333333333333333,E29,32.21,189.31,41,1.877753,83.7117,2.2688,0.0,0,21.3095,3.5015,81.524,0.0,True,27.5,4840,7.3288,4.54
google,3000,10,linear,True,False,10.0,0.4,0.3,0.3,0,0,UK,,mixed,high,WOA,carbon,2,0.3333333333333333,E29,32.21,189.31,41,1.875108,83.7347,2.4064,0.0,0,21.3596,3.5023,78.668,0.0,True,27.5,4840,7.307,5.11
google,3000,10,linear,True,False,10.0,0.4,0.3,0.3,0,0,UK,,mixed,high,WOA,carbon,3,0.3333333333333333,E29,32.21,189.31,41,1.882386,83.6715,2.0276,0.0,0,21.4839,3.5348,82.097,0.0,True,28.0,4840,7.3395,4.9
google,3000,10,linear,True,False,10.0,0.4,0.3,0.3,0,0,UK,,mixed,high,WOA,carbon,4,0.3333333333333333,E29,32.21,189.31,41,1.863561,83.8348,3.0074,0.0,0,21.3102,3.5059,80.44,0.0,True,27.5,4840,7.4902,4.65
google,3000,10,linear,True,False,10.0,0.4,0.3,0.3,0,0,UK,,mixed,high,WOA,carbon,5,0.3333333333333333,E29,32.21,189.31,41,1.853766,83.9198,3.5172,0.0,0,21.1833,3.4969,81.687,0.0,True,27.5,4840,7.4129,4.74
google,3000,10,linear,True,False,10.0,0.4,0.3,0.3,0,0,UK,,mixed,high,WOA,carbon,6,0.3333333333333333,E29,32.21,189.31,41,1.86781,83.798,2.7863,0.0,0,21.4948,3.5427,82.447,0.0,True,27.0,4840,7.4515,4.63
google,3000,10,linear,True,False,10.0,0.4,0.3,0.3,0,0,UK,,mixed,high,WOA,carbon,7,0.3333333333333333,E29,32.21,189.31,41,1.871943,83.7621,2.5712,0.0,0,21.2919,3.4906,83.867,0.0,True,27.5,4840,7.2984,4.83
google,3000,10,linear,True,False,10.0,0.4,0.3,0.3,0,0,UK,,mixed,high,WOA,carbon,8,0.3333333333333333,E29,32.21,189.31,41,1.889515,83.6097,1.6566,0.0,0,21.4165,3.5139,80.439,0.0,True,27.5,4840,7.3274,4.51
google,3000,10,linear,True,False,10.0,0.4,0.3,0.3,0,0,UK,,skewed,none,WOA,random,2,0.3333333333333333,E29,32.21,189.31,41,2.183051,32.0145,-19.7671,0.0,0,25.4405,4.1978,82.477,0.0,True,27.5,4840,7.5187,4.74
google,3000,10,linear,True,False,10.0,0.4,0.3,0.3,0,0,UK,,skewed,none,WOA,random,3,0.3333333333333333,E29,32.21,189.31,41,2.207259,31.2606,-21.0952,0.0,0,25.6789,4.2306,79.366,0.0,True,28.5,4840,7.5548,5.04
google,3000,10,linear,True,False,10.0,0.4,0.3,0.3,0,0,UK,,skewed,none,WOA,random,4,0.3333333333333333,E29,32.21,189.31,41,2.194508,31.6577,-20.3956,0.0,0,25.4688,4.1737,83.955,0.0,True,27.0,4840,7.6067,4.58
google,3000,10,linear,True,False,10.0,0.4,0.3,0.3,0,0,UK,,skewed,none,WOA,random,5,0.3333333333333333,E29,32.21,189.31,41,2.212457,31.0987,-21.3803,0.0,0,25.7102,4.1929,82.236,0.0,True,28.0,4840,7.525,4.85
google,3000,10,linear,True,False,10.0,0.4,0.3,0.3,0,0,UK,,skewed,none,WOA,random,6,0.3333333333333333,E29,32.21,189.31,41,2.195419,31.6293,-20.4456,0.0,0,25.3519,4.171,84.154,0.0,True,27.5,4840,7.6479,4.9
google,3000,10,linear,True,False,10.0,0.4,0.3,0.3,0,0,UK,,skewed,none,WOA,random,7,0.3333333333333333,E29,32.21,189.31,41,2.193309,31.695,-20.3298,0.0,0,25.4997,4.2078,85.161,0.0,True,27.5,4840,7.5234,4.83
google,3000,10,linear,True,False,10.0,0.4,0.3,0.3,0,0,UK,,skewed,none,WOA,random,8,0.3333333333333333,E29,32.21,189.31,41,2.199112,31.5143,-20.6482,0.0,0,25.5682,4.1927,82.42,0.0,True,27.5,4840,7.4711,4.74
google,3000,10,linear,True,False,10.0,0.4,0.3,0.3,0,0,UK,,skewed,none,WOA,random,9,0.3333333333333333,E29,32.21,189.31,41,2.191148,31.7623,-20.2113,0.0,0,25.3704,4.182,83.452,0.0,True,27.5,4840,7.5364,4.79
google,3000,10,linear,True,False,10.0,0.4,0.3,0.3,0,0,UK,,skewed,none,WOA,random,10,0.3333333333333333,E29,32.21,189.31,41,2.218458,30.9118,-21.7096,0.0,0,25.6445,4.2298,80.658,0.0,True,28.0,4840,7.1823,4.97
google,3000,10,linear,True,False,10.0,0.4,0.3,0.3,0,0,UK,,skewed,none,WOA,carbon,1,0.3333333333333333,E29,32.21,189.31,41,2.212126,31.109,-21.3622,0.0,0,25.8029,4.2455,79.853,0.0,True,28.0,4840,7.3217,4.79
google,3000,10,linear,True,False,10.0,0.4,0.3,0.3,0,0,UK,,skewed,none,WOA,carbon,2,0.3333333333333333,E29,32.21,189.31,41,2.109002,34.3205,-15.7046,0.0,0,25.4822,4.1847,82.943,0.0,True,26.0,4840,7.198,4.83
google,3000,10,linear,True,False,10.0,0.4,0.3,0.3,0,0,UK,,skewed,none,WOA,carbon,3,0.3333333333333333,E29,32.21,189.31,41,2.188184,31.8546,-20.0487,0.0,0,25.5441,4.2083,79.754,0.0,True,27.5,4840,7.3159,4.67
google,3000,10,linear,True,False,10.0,0.4,0.3,0.3,0,0,UK,,skewed,none,WOA,carbon,4,0.3333333333333333,E29,32.21,189.31,41,2.184569,31.9672,-19.8503,0.0,0,25.4283,4.1877,84.553,0.0,True,27.0,4840,7.1125,5.11
google,3000,10,linear,True,False,10.0,0.4,0.3,0.3,0,0,UK,,skewed,none,WOA,carbon,5,0.3333333333333333,E29,32.21,189.31,41,2.165049,32.5751,-18.7794,0.0,0,25.4584,4.1642,80.915,0.0,True,27.5,4840,7.1715,4.62
google,3000,10,linear,True,False,10.0,0.4,0.3,0.3,0,0,UK,,skewed,none,WOA,carbon,6,0.3333333333333333,E29,32.21,189.31,41,2.147088,33.1345,-17.7941,0.0,0,25.2912,4.1489,84.671,0.0,True,27.0,4840,7.1446,4.65
google,3000,10,linear,True,False,10.0,0.4,0.3,0.3,0,0,UK,,skewed,none,WOA,carbon,7,0.3333333333333333,E29,32.21,189.31,41,2.211011,31.1437,-21.301,0.0,0,25.566,4.2099,83.035,0.0,True,27.5,4840,7.194,4.44
google,3000,10,linear,True,False,10.0,0.4,0.3,0.3,0,0,UK,,skewed,low,WOA,random,1,0.3333333333333333,E29,32.21,189.31,41,2.221202,59.2996,-14.3875,0.0,0,25.509,4.1749,84.505,0.0,True,27.0,4840,7.5219,5.2
google,3000,10,linear,True,False,10.0,0.4,0.3,0.3,0,0,UK,,skewed,low,WOA,random,2,0.3333333333333333,E29,32.21,189.31,41,2.230979,59.1204,-14.891,0.0,0,25.8873,4.2697,83.302,0.0,True,27.0,4840,7.4417,4.63
google,3000,10,linear,True,False,10.0,0.4,0.3,0.3,0,0,UK,,skewed,low,WOA,random,3,0.3333333333333333,E29,32.21,189.31,41,2.242323,58.9126,-15.4752,0.0,0,25.7853,4.232,81.218,0.0,True,28.0,4840,7.5379,4.76
google,3000,10,linear,True,False,10.0,0.4,0.3,0.3,0,0,UK,,skewed,low,WOA,random,4,0.3333333333333333,E29,32.21,189.31,41,2.234094,59.0633,-15.0514,0.0,0,26.0062,4.2573,83.364,0.0,True,27.5,4840,7.3563,5.39
google,3000,10,linear,True,False,10.0,0.4,0.3,0.3,0,0,UK,,skewed,low,WOA,random,5,0.3333333333333333,E29,32.21,189.31,41,2.231066,59.1188,-14.8955,0.0,0,25.8969,4.2377,83.483,0.0,True,28.0,4840,7.4076,4.9
google,3000,10,linear,True,False,10.0,0.4,0.3,0.3,0,0,UK,,skewed,low,WOA,random,6,0.3333333333333333,E29,32.21,189.31,41,2.224015,59.248,-14.5323,0.0,0,25.6894,4.2235,84.127,0.0,True,27.5,4840,7.3752,5.06
google,3000,10,linear,True,False,10.0,0.4,0.3,0.3,0,0,UK,,skewed,low,WOA,random,7,0.3333333333333333,E29,32.21,189.31,41,2.229319,59.1508,-14.8055,0.0,0,25.7709,4.2456,82.278,0.0,True,27.5,4840,7.3987,4.53
google,3000,10,linear,True,False,10.0,0.4,0.3,0.3,0,0,UK,,skewed,low,WOA,random,8,0.3333333333333333,E29,32.21,189.31,41,2.23364,59.0717,-15.028,0.0,0,25.9914,4.2594,82.055,0.0,True,27.5,4840,7.3809,4.74
google,3000,10,linear,True,False,10.0,0.4,0.3,0.3,0,0,UK,,skewed,low,WOA,random,9,0.3333333333333333,E29,32.21,189.31,41,2.219881,59.3238,-14.3195,0.0,0,25.6817,4.2324,83.372,0.0,True,27.5,4840,7.5971,5.02
google,3000,10,linear,True,False,10.0,0.4,0.3,0.3,0,0,UK,,skewed,low,WOA,random,10,0.3333333333333333,E29,32.21,189.31,41,2.244263,58.877,-15.5751,0.0,0,25.727,4.2394,83.046,0.0,True,27.0,4840,7.4609,4.97
google,3000,10,linear,True,False,10.0,0.4,0.3,0.3,0,0,UK,,skewed,low,WOA,carbon,1,0.3333333333333333,E29,32.21,189.31,41,2.239335,58.9673,-15.3213,0.0,0,26.137,4.3012,79.767,0.0,True,28.0,4840,7.5516,5.06
google,3000,10,linear,True,False,10.0,0.4,0.3,0.3,0,0,UK,,skewed,low,WOA,carbon,2,0.3333333333333333,E29,32.21,189.31,41,2.150891,60.5879,-10.7666,0.0,0,25.7343,4.215,83.598,0.0,True,26.0,4840,7.3901,4.72
google,3000,10,linear,True,False,10.0,0.4,0.3,0.3,0,0,UK,,skewed,low,WOA,carbon,3,0.3333333333333333,E29,32.21,189.31,41,2.229794,59.1421,-14.83,0.0,0,25.7736,4.2387,84.109,0.0,True,27.5,4840,7.4177,4.76
google,3000,10,linear,True,False,10.0,0.4,0.3,0.3,0,0,UK,,skewed,low,WOA,carbon,4,0.3333333333333333,E29,32.21,189.31,41,2.204552,59.6047,-13.53,0.0,0,25.6155,4.209,86.385,0.0,True,27.0,4840,7.3503,4.97
google,3000,10,linear,True,False,10.0,0.4,0.3,0.3,0,0,UK,,skewed,low,WOA,carbon,5,0.3333333333333333,E29,32.21,189.31,41,2.197156,59.7402,-13.1491,0.0,0,25.725,4.2072,80.643,0.0,True,27.5,4840,7.435,4.58
google,3000,10,linear,True,False,10.0,0.4,0.3,0.3,0,0,UK,,skewed,low,WOA,carbon,6,0.3333333333333333,E29,32.21,189.31,41,2.19303,59.8158,-12.9367,0.0,0,25.8551,4.2266,80.444,0.0,True,28.5,4840,7.3613,5.2
google,3000,10,linear,True,False,10.0,0.4,0.3,0.3,0,0,UK,,skewed,high,WOA,carbon,6,0.3333333333333333,E29,32.21,189.31,41,2.301105,81.1332,-0.0895,0.0,0,26.5715,4.3427,82.724,0.0,True,28.5,4840,7.3304,4.63
google,3000,10,linear,True,False,10.0,0.4,0.3,0.3,0,0,UK,,skewed,high,WOA,carbon,7,0.3333333333333333,E29,32.21,189.31,41,2.303167,81.1163,-0.1792,0.0,0,26.8914,4.4109,81.033,0.0,True,27.5,4840,7.341,4.79
google,3000,10,linear,True,False,10.0,0.4,0.3,0.3,0,0,UK,,skewed,high,WOA,carbon,8,0.3333333333333333,E29,32.21,189.31,41,2.308263,81.0745,-0.4009,0.0,0,26.5981,4.348,84.829,0.0,True,27.5,4840,7.3216,4.58
google,3000,10,linear,True,False,10.0,0.4,0.3,0.3,0,0,UK,,skewed,high,WOA,carbon,9,0.3333333333333333,E29,32.21,189.31,41,2.315828,81.0125,-0.7299,0.0,0,26.7638,4.3815,82.481,0.0,True,28.0,4840,7.4318,4.46
google,3000,10,linear,True,False,10.0,0.4,0.3,0.3,0,0,UK,,skewed,high,WOA,carbon,10,0.3333333333333333,E29,32.21,189.31,41,2.303274,81.1154,-0.1839,0.0,0,26.6968,4.3962,81.269,0.0,True,28.0,4840,7.3726,4.83
google,3000,20,linear,True,False,10.0,0.4,0.3,0.3,0,0,UK,,uniform,none,FIFO,-,0,0.3333333333333333,E29,32.21,189.31,41,17.178947,0.0,-661.1925,0.0,0,191.5479,31.2652,5.333,8.1908,False,24.5,0,0.0,0.0
google,3000,20,linear,True,False,10.0,0.4,0.3,0.3,0,0,UK,,uniform,none,Consolidation,-,0,0.3333333333333333,E29,32.21,189.31,41,2.256847,86.8627,0.0,0.0,0,24.9479,4.0702,66.586,8.1908,False,24.5,0,0.0,0.0
google,3000,20,linear,True,False,10.0,0.4,0.3,0.3,0,0,UK,,uniform,none,Greedy(EDF+greenest),-,0,0.3333333333333333,E29,32.21,189.31,41,1.821021,89.3997,19.3113,0.0,0,24.3979,3.9041,74.278,24.0994,False,26.0,0,0.0003,0.0
google,3000,20,linear,True,False,10.0,0.4,0.3,0.3,0,0,UK,,uniform,none,VCC(Google),-,0,0.3333333333333333,E29,32.21,189.31,41,2.251718,86.8926,0.2273,0.0,0,24.9479,4.0702,69.198,0.0,True,24.5,0,0.0101,0.0
google,3000,20,linear,True,False,10.0,0.4,0.3,0.3,0,0,UK,,uniform,none,Threshold(WaitAwhile),-,0,0.3333333333333333,E29,32.21,189.31,41,2.155067,87.4552,4.5098,0.0,0,24.6479,3.9416,75.225,8.1908,False,25.5,0,0.04,0.0
google,3000,20,linear,True,False,10.0,0.4,0.3,0.3,0,0,UK,,uniform,none,WOA,random,1,0.3333333333333333,E29,32.21,189.31,41,2.127457,87.6159,5.7332,0.0,0,24.8479,4.0918,78.164,0.0,True,28.5,4840,5.7,4.94
google,3000,20,linear,True,False,10.0,0.4,0.3,0.3,0,0,UK,,uniform,none,WOA,random,2,0.3333333333333333,E29,32.21,189.31,41,2.119972,87.6595,6.0649,0.0,0,24.8479,4.1074,79.017,0.0,True,28.5,4840,5.7282,4.6
google,3000,20,linear,True,False,10.0,0.4,0.3,0.3,0,0,UK,,uniform,none,WOA,random,3,0.3333333333333333,E29,32.21,189.31,41,2.135951,87.5665,5.3569,0.0,0,24.8979,4.1212,80.157,0.0,True,28.5,4840,5.7124,4.69
google,3000,20,linear,True,False,10.0,0.4,0.3,0.3,0,0,UK,,uniform,none,WOA,random,4,0.3333333333333333,E29,32.21,189.31,41,2.117139,87.676,6.1904,0.0,0,24.6979,4.07,83.226,0.0,True,28.0,4840,5.7343,4.85
google,3000,20,linear,True,False,10.0,0.4,0.3,0.3,0,0,UK,,uniform,none,WOA,random,5,0.3333333333333333,E29,32.21,189.31,41,2.119686,87.6611,6.0776,0.0,0,24.7479,4.056,81.851,0.0,True,28.0,4840,5.7099,4.73
google,3000,20,linear,True,False,10.0,0.4,0.3,0.3,0,0,UK,,uniform,none,WOA,random,6,0.3333333333333333,E29,32.21,189.31,41,2.135425,87.5695,5.3802,0.0,0,24.9979,4.1345,78.656,0.0,True,28.0,4840,5.7161,4.92
google,3000,20,linear,True,False,10.0,0.4,0.3,0.3,0,0,UK,,uniform,low,Greedy(EDF+greenest),-,0,0.3333333333333333,E29,32.21,189.31,41,1.926183,90.0842,18.929,0.0,0,25.8979,4.1422,74.278,24.0994,False,26.0,0,0.0002,0.0
google,3000,20,linear,True,False,10.0,0.4,0.3,0.3,0,0,UK,,uniform,low,VCC(Google),-,0,0.3333333333333333,E29,32.21,189.31,41,2.34253,87.9409,1.4054,0.0,0,25.9854,4.239,69.198,0.0,True,24.5,0,0.0093,0.0
google,3000,20,linear,True,False,10.0,0.4,0.3,0.3,0,0,UK,,uniform,low,Threshold(WaitAwhile),-,0,0.3333333333333333,E29,32.21,189.31,41,2.271217,88.308,4.4069,0.0,0,25.9854,4.1553,75.225,8.1908,False,25.5,0,0.0407,0.0
google,3000,20,linear,True,False,10.0,0.4,0.3,0.3,0,0,UK,,uniform,low,WOA,random,1,0.3333333333333333,E29,32.21,189.31,41,2.17548,88.8008,8.4364,0.0,0,25.2229,4.137,80.87,0.0,True,28.0,4840,5.8603,5.03
google,3000,20,linear,True,False,10.0,0.4,0.3,0.3,0,0,UK,,uniform,low,WOA,random,2,0.3333333333333333,E29,32.21,189.31,41,2.156073,88.9007,9.2532,0.0,0,25.0604,4.1186,83.882,0.0,True,27.5,4840,5.8898,4.73
google,3000,20,linear,True,False,10.0,0.4,0.3,0.3,0,0,UK,,uniform,low,WOA,random,3,0.3333333333333333,E29,32.21,189.31,41,2.159985,88.8806,9.0885,0.0,0,25.2104,4.146,81.041,0.0,True,28.5,4840,5.8947,4.73
google,3000,20,linear,True,False,10.0,0.4,0.3,0.3,0,0,UK,,uniform,low,WOA,random,4,0.3333333333333333,E29,32.21,189.31,41,2.175298,88.8017,8.444,0.0,0,25.3604,4.1782,82.269,0.0,True,28.0,4840,5.8918,4.98
google,3000,20,linear,True,False,10.0,0.4,0.3,0.3,0,0,UK,,uniform,low,WOA,random,5,0.3333333333333333,E29,32.21,189.31,41,2.164814,88.8557,8.8853,0.0,0,25.0854,4.1021,82.954,0.0,True,28.0,4840,5.8993,5.35
google,3000,20,linear,True,False,10.0,0.4,0.3,0.3,0,0,UK,,uniform,none,WOA,carbon,5,0.3333333333333333,E29,32.21,189.31,41,2.039432,88.1283,9.6336,0.0,0,24.6979,4.0025,83.029,0.0,True,27.0,4840,5.6927,5.28
google,3000,20,linear,True,False,10.0,0.4,0.3,0.3,0,0,UK,,uniform,none,WOA,carbon,6,0.3333333333333333,E29,32.21,189.31,41,2.014701,88.2723,10.7294,0.0,0,24.9479,4.0197,75.821,0.0,True,28.0,4840,5.6576,5.01
google,3000,20,linear,True,False,10.0,0.4,0.3,0.3,0,0,UK,,uniform,none,WOA,carbon,7,0.3333333333333333,E29,32.21,189.31,41,2.070038,87.9501,8.2774,0.0,0,24.6479,4.0541,81.193,0.0,True,27.5,4840,5.6991,4.99
google,3000,20,linear,True,False,10.0,0.4,0.3,0.3,0,0,UK,,uniform,none,WOA,carbon,8,0.3333333333333333,E29,32.21,189.31,41,2.051767,88.0565,9.087,0.0,0,24.5979,4.047,82.546,0.0,True,27.5,4840,5.6565,4.87
google,3000,20,linear,True,False,10.0,0.4,0.3,0.3,0,0,UK,,uniform,none,WOA,carbon,9,0.3333333333333333,E29,32.21,189.31,41,2.076653,87.9116,7.9843,0.0,0,24.8979,4.0704,77.633,0.0,True,28.0,4840,5.7081,4.94
google,3000,20,linear,True,False,10.0,0.4,0.3,0.3,0,0,UK,,uniform,none,WOA,carbon,10,0.3333333333333333,E29,32.21,189.31,41,1.926062,88.7882,14.6569,0.0,0,24.5479,3.9345,78.543,0.0,True,26.5,4840,5.7256,4.69
google,3000,20,linear,True,False,10.0,0.4,0.3,0.3,0,0,UK,,uniform,low,FIFO,-,0,0.3333333333333333,E29,32.21,189.31,41,19.425334,0.0,-717.5915,0.0,0,216.7854,35.319,5.333,8.1908,False,24.5,0,0.0,0.0
google,3000,20,linear,True,False,10.0,0.4,0.3,0.3,0,0,UK,,uniform,low,Consolidation,-,0,0.3333333333333333,E29,32.21,189.31,41,2.375922,87.769,0.0,0.0,0,26.2854,4.284,66.586,8.1908,False,24.5,0,0.0,0.0
google,3000,10,linear,True,False,10.0,0.4,0.3,0.3,0,0,UK,,skewed,high,Threshold(WaitAwhile),-,0,0.3333333333333333,E29,32.21,189.31,41,2.190346,82.0413,4.7281,0.0,0,25.3507,4.1161,75.225,23.2608,False,25.5,0,0.0411,0.0
google,3000,10,linear,True,False,10.0,0.4,0.3,0.3,0,0,UK,,skewed,high,WOA,random,1,0.3333333333333333,E29,32.21,189.31,41,2.309097,81.0677,-0.4371,0.0,0,26.5074,4.3462,82.849,0.0,True,27.0,4840,7.6087,5.36
google,3000,10,linear,True,False,10.0,0.4,0.3,0.3,0,0,UK,,skewed,high,WOA,random,2,0.3333333333333333,E29,32.21,189.31,41,2.298461,81.1549,0.0255,0.0,0,26.4644,4.3626,84.052,0.0,True,27.0,4840,7.4247,4.76
google,3000,10,linear,True,False,10.0,0.4,0.3,0.3,0,0,UK,,skewed,high,WOA,random,3,0.3333333333333333,E29,32.21,189.31,41,2.316746,81.005,-0.7698,0.0,0,26.6605,4.3711,80.947,0.0,True,28.0,4840,7.4952,5.04
google,3000,10,linear,True,False,10.0,0.4,0.3,0.3,0,0,UK,,skewed,high,WOA,random,4,0.3333333333333333,E29,32.21,189.31,41,2.314277,81.0252,-0.6624,0.0,0,26.4593,4.3288,82.424,0.0,True,27.0,4840,7.4907,4.67
google,3000,10,linear,True,False,10.0,0.4,0.3,0.3,0,0,UK,,skewed,high,WOA,random,5,0.3333333333333333,E29,32.21,189.31,41,2.318509,80.9905,-0.8465,0.0,0,26.7628,4.3948,80.638,0.0,True,28.0,4840,7.5242,4.9
google,3000,10,linear,True,False,10.0,0.4,0.3,0.3,0,0,UK,,skewed,high,WOA,random,6,0.3333333333333333,E29,32.21,189.31,41,2.301145,81.1329,-0.0912,0.0,0,26.4551,4.3323,84.582,0.0,True,27.0,4840,7.4781,4.88
google,3000,10,linear,True,False,10.0,0.4,0.3,0.3,0,0,UK,,skewed,high,WOA,random,7,0.3333333333333333,E29,32.21,189.31,41,2.321724,80.9642,-0.9863,0.0,0,26.6689,4.3865,81.496,0.0,True,27.5,4840,7.4876,4.63
google,3000,20,linear,True,False,10.0,0.4,0.3,0.3,0,0,UK,,uniform,high,Consolidation,-,0,0.3333333333333333,E29,32.21,189.31,41,2.733147,89.554,0.0,0.0,0,30.2979,4.9252,66.586,8.1908,False,24.5,0,0.0,0.0
google,3000,20,linear,True,False,10.0,0.4,0.3,0.3,0,0,UK,,uniform,high,Greedy(EDF+greenest),-,0,0.3333333333333333,E29,32.21,189.31,41,2.241671,91.4324,17.9821,0.0,0,30.3979,4.8566,74.278,24.0994,False,26.0,0,0.0003,0.0
google,3000,20,linear,True,False,10.0,0.4,0.3,0.3,0,0,UK,,uniform,high,VCC(Google),-,0,0.3333333333333333,E29,32.21,189.31,41,2.614968,90.0057,4.3239,0.0,0,29.0979,4.7452,69.198,0.0,True,24.5,0,0.0095,0.0
google,3000,20,linear,True,False,10.0,0.4,0.3,0.3,0,0,UK,,uniform,high,Threshold(WaitAwhile),-,0,0.3333333333333333,E29,32.21,189.31,41,2.619667,89.9877,4.152,0.0,0,29.9979,4.7966,75.225,8.1908,False,25.5,0,0.0409,0.0
google,3000,20,linear,True,False,10.0,0.4,0.3,0.3,0,0,UK,,uniform,high,WOA,random,1,0.3333333333333333,E29,32.21,189.31,41,2.244164,91.4229,17.8908,0.0,0,25.5979,4.2196,84.256,0.0,True,27.0,4840,5.9856,4.78
google,3000,20,linear,True,False,10.0,0.4,0.3,0.3,0,0,UK,,uniform,high,WOA,random,2,0.3333333333333333,E29,32.21,189.31,41,2.252461,91.3912,17.5873,0.0,0,25.8979,4.2856,82.695,0.0,True,27.5,4840,5.9423,4.8
google,3000,20,linear,True,False,10.0,0.4,0.3,0.3,0,0,UK,,uniform,high,WOA,random,3,0.3333333333333333,E29,32.21,189.31,41,2.249812,91.4013,17.6842,0.0,0,25.7979,4.222,83.897,0.0,True,27.5,4840,5.9081,4.69
google,3000,20,linear,True,False,10.0,0.4,0.3,0.3,0,0,UK,,uniform,high,WOA,random,4,0.3333333333333333,E29,32.21,189.31,41,2.245095,91.4193,17.8568,0.0,0,25.7979,4.2605,85.266,0.0,True,27.5,4840,5.9485,4.8
google,3000,20,linear,True,False,10.0,0.4,0.3,0.3,0,0,UK,,uniform,none,WOA,random,7,0.3333333333333333,E29,32.21,189.31,41,2.1182,87.6698,6.1434,0.0,0,24.7479,4.0615,81.928,0.0,True,28.0,4840,5.7564,4.53
google,3000,20,linear,True,False,10.0,0.4,0.3,0.3,0,0,UK,,uniform,none,WOA,random,8,0.3333333333333333,E29,32.21,189.31,41,2.124506,87.6331,5.864,0.0,0,24.7479,4.0888,81.34,0.0,True,28.0,4840,5.707,5.26
google,3000,20,linear,True,False,10.0,0.4,0.3,0.3,0,0,UK,,uniform,none,WOA,random,9,0.3333333333333333,E29,32.21,189.31,41,2.128688,87.6087,5.6787,0.0,0,24.8979,4.1108,78.223,0.0,True,28.5,4840,5.7839,4.8
google,3000,20,linear,True,False,10.0,0.4,0.3,0.3,0,0,UK,,uniform,none,WOA,random,10,0.3333333333333333,E29,32.21,189.31,41,2.125828,87.6254,5.8054,0.0,0,24.8479,4.0892,81.39,0.0,True,28.0,4840,5.7545,4.92
google,3000,20,linear,True,False,10.0,0.4,0.3,0.3,0,0,UK,,uniform,none,WOA,carbon,1,0.3333333333333333,E29,32.21,189.31,41,2.117318,87.6749,6.1825,0.0,0,24.7479,4.0976,80.127,0.0,True,28.0,4840,5.6734,4.57
google,3000,20,linear,True,False,10.0,0.4,0.3,0.3,0,0,UK,,uniform,none,WOA,carbon,2,0.3333333333333333,E29,32.21,189.31,41,2.097129,87.7924,7.077,0.0,0,24.7979,4.056,79.553,0.0,True,28.0,4840,5.7106,4.85
google,3000,20,linear,True,False,10.0,0.4,0.3,0.3,0,0,UK,,uniform,none,WOA,carbon,3,0.3333333333333333,E29,32.21,189.31,41,2.093143,87.8157,7.2537,0.0,0,24.7479,4.1017,80.745,0.0,True,28.0,4840,5.6737,4.78
google,3000,20,linear,True,False,10.0,0.4,0.3,0.3,0,0,UK,,uniform,none,WOA,carbon,4,0.3333333333333333,E29,32.21,189.31,41,2.017917,88.2535,10.5869,0.0,0,24.7979,4.064,77.498,0.0,True,26.5,4840,5.675,4.98
google,3000,10,linear,True,False,10.0,0.4,0.3,0.3,0,0,UK,,skewed,high,WOA,random,8,0.3333333333333333,E29,32.21,189.31,41,2.310781,81.0539,-0.5104,0.0,0,26.6097,4.3728,81.249,0.0,True,27.5,4840,7.6433,4.97
google,3000,10,linear,True,False,10.0,0.4,0.3,0.3,0,0,UK,,skewed,high,WOA,random,9,0.3333333333333333,E29,32.21,189.31,41,2.319551,80.982,-0.8918,0.0,0,26.5615,4.3638,81.412,0.0,True,27.5,4840,7.4084,4.67
google,3000,10,linear,True,False,10.0,0.4,0.3,0.3,0,0,UK,,skewed,high,WOA,random,10,0.3333333333333333,E29,32.21,189.31,41,2.312333,81.0412,-0.5778,0.0,0,26.6444,4.3974,84.032,0.0,True,27.0,4840,7.4677,4.92
google,3000,10,linear,True,False,10.0,0.4,0.3,0.3,0,0,UK,,skewed,high,WOA,carbon,1,0.3333333333333333,E29,32.21,189.31,41,2.322064,80.9614,-1.0011,0.0,0,26.6692,4.3812,81.808,0.0,True,28.0,4840,7.3962,4.79
google,3000,10,linear,True,False,10.0,0.4,0.3,0.3,0,0,UK,,skewed,high,WOA,carbon,2,0.3333333333333333,E29,32.21,189.31,41,2.242771,81.6115,2.4478,0.0,0,26.8648,4.3941,85.225,0.0,True,26.0,4840,7.4301,4.6
google,3000,10,linear,True,False,10.0,0.4,0.3,0.3,0,0,UK,,skewed,high,WOA,carbon,3,0.3333333333333333,E29,32.21,189.31,41,2.293369,81.1967,0.247,0.0,0,26.561,4.3641,83.904,0.0,True,27.5,4840,7.3928,5.04
google,3000,10,linear,True,False,10.0,0.4,0.3,0.3,0,0,UK,,skewed,high,WOA,carbon,4,0.3333333333333333,E29,32.21,189.31,41,2.293486,81.1957,0.2419,0.0,0,26.6762,4.3782,85.379,0.0,True,27.0,4840,7.3805,4.74
google,3000,10,linear,True,False,10.0,0.4,0.3,0.3,0,0,UK,,skewed,high,WOA,carbon,5,0.3333333333333333,E29,32.21,189.31,41,2.289955,81.2246,0.3955,0.0,0,26.71,4.3613,80.837,0.0,True,27.5,4840,7.4219,4.97
google,3000,20,linear,True,False,10.0,0.4,0.3,0.3,0,0,UK,,uniform,low,WOA,random,6,0.3333333333333333,E29,32.21,189.31,41,2.168879,88.8348,8.7142,0.0,0,25.1229,4.1499,83.842,0.0,True,27.5,4840,5.8779,4.73
google,3000,20,linear,True,False,10.0,0.4,0.3,0.3,0,0,UK,,uniform,low,WOA,random,7,0.3333333333333333,E29,32.21,189.31,41,2.176488,88.7956,8.3939,0.0,0,25.3229,4.162,81.293,0.0,True,28.0,4840,5.8905,4.8
google,3000,20,linear,True,False,10.0,0.4,0.3,0.3,0,0,UK,,uniform,low,WOA,random,8,0.3333333333333333,E29,32.21,189.31,41,2.17771,88.7893,8.3425,0.0,0,25.0854,4.1329,81.954,0.0,True,28.0,4840,5.871,4.73
google,3000,20,linear,True,False,10.0,0.4,0.3,0.3,0,0,UK,,uniform,low,WOA,random,9,0.3333333333333333,E29,32.21,189.31,41,2.171796,88.8198,8.5915,0.0,0,25.3604,4.194,81.02,0.0,True,28.0,4840,5.9479,4.89
google,3000,20,linear,True,False,10.0,0.4,0.3,0.3,0,0,UK,,uniform,low,WOA,random,10,0.3333333333333333,E29,32.21,189.31,41,2.164723,88.8562,8.8891,0.0,0,25.0104,4.118,83.656,0.0,True,27.5,4840,5.9238,4.89
google,3000,20,linear,True,False,10.0,0.4,0.3,0.3,0,0,UK,,uniform,low,WOA,carbon,1,0.3333333333333333,E29,32.21,189.31,41,2.151898,88.9222,9.4289,0.0,0,25.2604,4.1474,83.194,0.0,True,27.5,4840,5.8399,5.08
google,3000,20,linear,True,False,10.0,0.4,0.3,0.3,0,0,UK,,uniform,low,WOA,carbon,2,0.3333333333333333,E29,32.21,189.31,41,2.115418,89.11,10.9643,0.0,0,25.1729,4.139,83.946,0.0,True,27.0,4840,5.8277,4.94
google,3000,20,linear,True,False,10.0,0.4,0.3,0.3,0,0,UK,,uniform,low,WOA,carbon,3,0.3333333333333333,E29,32.21,189.31,41,2.165645,88.8514,8.8503,0.0,0,24.9354,4.1057,83.909,0.0,True,28.0,4840,5.8404,4.55
google,3000,20,linear,True,False,10.0,0.4,0.3,0.3,0,0,UK,,mixed,none,FIFO,-,0,0.3333333333333333,E29,32.21,189.31,41,3.968129,0.0,-115.5014,0.0,0,44.4575,7.5947,5.333,7.6626,False,24.5,0,0.0,0.0
google,3000,20,linear,True,False,10.0,0.4,0.3,0.3,0,0,UK,,mixed,none,Consolidation,-,0,0.3333333333333333,E29,32.21,189.31,41,1.841347,53.5966,0.0,0.0,0,20.3585,3.3361,66.586,7.6626,False,24.5,0,0.0,0.0
google,3000,20,linear,True,False,10.0,0.4,0.3,0.3,0,0,UK,,mixed,none,Greedy(EDF+greenest),-,0,0.3333333333333333,E29,32.21,189.31,41,1.289007,67.516,29.9965,0.0,0,16.8433,2.7369,74.278,23.0429,False,26.0,0,0.0004,0.0
google,3000,20,linear,True,False,10.0,0.4,0.3,0.3,0,0,UK,,mixed,none,VCC(Google),-,0,0.3333333333333333,E29,32.21,189.31,41,1.935251,51.2301,-5.0997,0.0,0,21.4228,3.4958,69.198,0.0,True,24.5,0,0.009,0.0
google,3000,20,linear,True,False,10.0,0.4,0.3,0.3,0,0,UK,,mixed,none,Threshold(WaitAwhile),-,0,0.3333333333333333,E29,32.21,189.31,41,1.739821,56.1551,5.5137,0.0,0,19.9735,3.2064,75.225,7.6626,False,25.5,0,0.042,0.0
google,3000,20,linear,True,False,10.0,0.4,0.3,0.3,0,0,UK,,mixed,none,WOA,random,1,0.3333333333333333,E29,32.21,189.31,41,1.747623,55.9585,5.09,0.0,0,20.1999,3.3313,79.133,0.0,True,27.5,4840,8.5869,4.95
google,3000,20,linear,True,False,10.0,0.4,0.3,0.3,0,0,UK,,mixed,none,WOA,random,2,0.3333333333333333,E29,32.21,189.31,41,1.746273,55.9925,5.1633,0.0,0,20.2051,3.3351,79.557,0.0,True,28.0,4840,8.5261,5.11
google,3000,20,linear,True,False,10.0,0.4,0.3,0.3,0,0,UK,,mixed,none,WOA,random,3,0.3333333333333333,E29,32.21,189.31,41,1.754612,55.7824,4.7104,0.0,0,20.2457,3.3413,80.638,0.0,True,27.5,4840,8.5433,4.69
google,3000,20,linear,True,False,10.0,0.4,0.3,0.3,0,0,UK,,uniform,low,WOA,carbon,4,0.3333333333333333,E29,32.21,189.31,41,2.163622,88.8619,8.9355,0.0,0,25.1354,4.151,82.801,0.0,True,27.5,4840,6.2152,4.9
google,3000,20,linear,True,False,10.0,0.4,0.3,0.3,0,0,UK,,uniform,low,WOA,carbon,5,0.3333333333333333,E29,32.21,189.31,41,2.005771,89.6745,15.5792,0.0,0,25.3354,4.0667,77.583,0.0,True,27.0,4840,6.2155,5.12
google,3000,20,linear,True,False,10.0,0.4,0.3,0.3,0,0,UK,,uniform,low,WOA,carbon,6,0.3333333333333333,E29,32.21,189.31,41,2.094762,89.2163,11.8337,0.0,0,25.1104,4.101,83.299,0.0,True,27.0,4840,6.1437,4.73
google,3000,20,linear,True,False,10.0,0.4,0.3,0.3,0,0,UK,,uniform,low,WOA,carbon,7,0.3333333333333333,E29,32.21,189.31,41,2.123003,89.071,10.6451,0.0,0,25.2729,4.154,81.189,0.0,True,27.5,4840,6.2111,4.69
google,3000,20,linear,True,False,10.0,0.4,0.3,0.3,0,0,UK,,uniform,low,WOA,carbon,8,0.3333333333333333,E29,32.21,189.31,41,2.115728,89.1084,10.9513,0.0,0,25.1479,4.1277,82.357,0.0,True,27.5,4840,6.1457,4.96
google,3000,20,linear,True,False,10.0,0.4,0.3,0.3,0,0,UK,,uniform,low,WOA,carbon,9,0.3333333333333333,E29,32.21,189.31,41,2.108019,89.1481,11.2757,0.0,0,25.1854,4.1385,80.665,0.0,True,28.0,4840,6.1781,4.92
google,3000,20,linear,True,False,10.0,0.4,0.3,0.3,0,0,UK,,uniform,low,WOA,carbon,10,0.3333333333333333,E29,32.21,189.31,41,1.992067,89.745,16.156,0.0,0,25.4229,4.0901,75.738,0.0,True,27.0,4840,6.2029,4.66
google,3000,20,linear,True,False,10.0,0.4,0.3,0.3,0,0,UK,,uniform,high,FIFO,-,0,0.3333333333333333,E29,32.21,189.31,41,26.164497,0.0,-857.3031,0.0,0,292.4979,47.4802,5.333,8.1908,False,24.5,0,0.0,0.0
google,3000,20,linear,True,False,10.0,0.4,0.3,0.3,0,0,UK,,mixed,none,WOA,carbon,10,0.3333333333333333,E29,32.21,189.31,41,1.716713,56.7375,6.7687,0.0,0,20.0194,3.3299,79.408,0.0,True,26.5,4840,8.5865,5.41
google,3000,20,linear,True,False,10.0,0.4,0.3,0.3,0,0,UK,,mixed,low,FIFO,-,0,0.3333333333333333,E29,32.21,189.31,41,6.214516,0.0,-216.9989,0.0,0,69.695,11.6484,5.333,7.6626,False,24.5,0,0.0,0.0
google,3000,20,linear,True,False,10.0,0.4,0.3,0.3,0,0,UK,,mixed,low,Consolidation,-,0,0.3333333333333333,E29,32.21,189.31,41,1.960422,68.4542,0.0,0.0,0,21.696,3.5499,66.586,7.6626,False,24.5,0,0.0,0.0
google,3000,20,linear,True,False,10.0,0.4,0.3,0.3,0,0,UK,,mixed,low,Greedy(EDF+greenest),-,0,0.3333333333333333,E29,32.21,189.31,41,1.39417,77.5659,28.8842,0.0,0,18.3433,2.975,74.278,23.0429,False,26.0,0,0.0004,0.0
google,3000,20,linear,True,False,10.0,0.4,0.3,0.3,0,0,UK,,mixed,low,VCC(Google),-,0,0.3333333333333333,E29,32.21,189.31,41,2.026063,67.3979,-3.3483,0.0,0,22.4603,3.6645,69.198,0.0,True,24.5,0,0.0098,0.0
google,3000,20,linear,True,False,10.0,0.4,0.3,0.3,0,0,UK,,mixed,low,Threshold(WaitAwhile),-,0,0.3333333333333333,E29,32.21,189.31,41,1.855971,70.1349,5.328,0.0,0,21.311,3.4202,75.225,7.6626,False,25.5,0,0.0411,0.0
google,3000,20,linear,True,False,10.0,0.4,0.3,0.3,0,0,UK,,mixed,low,WOA,random,1,0.3333333333333333,E29,32.21,189.31,41,1.778221,71.386,9.294,0.0,0,20.492,3.3676,83.122,0.0,True,27.5,4840,8.7858,5.18
google,3000,20,linear,True,False,10.0,0.4,0.3,0.3,0,0,UK,,mixed,low,WOA,random,2,0.3333333333333333,E29,32.21,189.31,41,1.777774,71.3932,9.3168,0.0,0,20.5094,3.3942,79.607,0.0,True,27.5,4840,8.7949,4.56
google,3000,20,linear,True,False,10.0,0.4,0.3,0.3,0,0,UK,,mixed,low,WOA,carbon,9,0.3333333333333333,E29,32.21,189.31,41,1.739794,72.0044,11.2541,0.0,0,20.4617,3.3498,77.297,0.0,True,27.5,4840,8.7759,5.2
google,3000,20,linear,True,False,10.0,0.4,0.3,0.3,0,0,UK,,mixed,low,WOA,carbon,10,0.3333333333333333,E29,32.21,189.31,41,1.740788,71.9884,11.2034,0.0,0,20.3888,3.3589,80.106,0.0,True,27.0,4840,8.7651,4.86
google,3000,20,linear,True,False,10.0,0.4,0.3,0.3,0,0,UK,,mixed,high,FIFO,-,0,0.3333333333333333,E29,32.21,189.31,41,12.953679,0.0,-458.9151,0.0,0,145.4075,23.8097,5.333,7.6626,False,24.5,0,0.0,0.0
google,3000,20,linear,True,False,10.0,0.4,0.3,0.3,0,0,UK,,mixed,high,Consolidation,-,0,0.3333333333333333,E29,32.21,189.31,41,2.317647,82.1082,0.0,0.0,0,25.7085,4.1911,66.586,7.6626,False,24.5,0,0.0,0.0
google,3000,20,linear,True,False,10.0,0.4,0.3,0.3,0,0,UK,,mixed,high,Greedy(EDF+greenest),-,0,0.3333333333333333,E29,32.21,189.31,41,1.709657,86.8018,26.2331,0.0,0,22.8433,3.6894,74.278,23.0429,False,26.0,0,0.0003,0.0
google,3000,20,linear,True,False,10.0,0.4,0.3,0.3,0,0,UK,,mixed,high,VCC(Google),-,0,0.3333333333333333,E29,32.21,189.31,41,2.298501,82.256,0.8261,0.0,0,25.5728,4.1708,69.198,0.0,True,24.5,0,0.0096,0.0
google,3000,20,linear,True,False,10.0,0.4,0.3,0.3,0,0,UK,,mixed,high,Threshold(WaitAwhile),-,0,0.3333333333333333,E29,32.21,189.31,41,2.204421,82.9823,4.8854,0.0,0,25.3235,4.0614,75.225,7.6626,False,25.5,0,0.0412,0.0
google,3000,20,linear,True,False,10.0,0.4,0.3,0.3,0,0,UK,,mixed,high,WOA,random,1,0.3333333333333333,E29,32.21,189.31,41,1.855698,85.6744,19.9318,0.0,0,21.1294,3.4762,82.591,0.0,True,27.5,4840,8.8483,4.67
google,3000,20,linear,True,False,10.0,0.4,0.3,0.3,0,0,UK,,uniform,high,WOA,random,5,0.3333333333333333,E29,32.21,189.31,41,2.256877,91.3743,17.4257,0.0,0,25.7479,4.2065,85.183,0.0,True,27.5,4840,5.9598,4.71
google,3000,20,linear,True,False,10.0,0.4,0.3,0.3,0,0,UK,,uniform,high,WOA,random,6,0.3333333333333333,E29,32.21,189.31,41,2.249476,91.4026,17.6965,0.0,0,25.6979,4.2178,85.115,0.0,True,27.5,4840,5.9017,4.87
google,3000,20,linear,True,False,10.0,0.4,0.3,0.3,0,0,UK,,uniform,high,WOA,random,7,0.3333333333333333,E29,32.21,189.31,41,2.244213,91.4227,17.889,0.0,0,25.6979,4.2419,81.997,0.0,True,27.5,4840,5.9409,4.66
google,3000,20,linear,True,False,10.0,0.4,0.3,0.3,0,0,UK,,uniform,high,WOA,random,8,0.3333333333333333,E29,32.21,189.31,41,2.241291,91.4338,17.9959,0.0,0,25.7479,4.247,83.404,0.0,True,27.5,4840,5.8689,5.38
google,3000,20,linear,True,False,10.0,0.4,0.3,0.3,0,0,UK,,uniform,high,WOA,random,9,0.3333333333333333,E29,32.21,189.31,41,2.248117,91.4078,17.7462,0.0,0,25.6479,4.2292,85.225,0.0,True,27.0,4840,5.9525,4.78
google,3000,20,linear,True,False,10.0,0.4,0.3,0.3,0,0,UK,,uniform,high,WOA,random,10,0.3333333333333333,E29,32.21,189.31,41,2.236233,91.4532,18.181,0.0,0,25.5979,4.2314,85.668,0.0,True,26.5,4840,5.9141,4.78
google,3000,20,linear,True,False,10.0,0.4,0.3,0.3,0,0,UK,,uniform,high,WOA,carbon,1,0.3333333333333333,E29,32.21,189.31,41,2.2606,91.36,17.2895,0.0,0,25.7479,4.2433,82.171,0.0,True,28.0,4840,5.8454,4.73
google,3000,20,linear,True,False,10.0,0.4,0.3,0.3,0,0,UK,,uniform,high,WOA,carbon,2,0.3333333333333333,E29,32.21,189.31,41,2.242495,91.4292,17.9519,0.0,0,25.8979,4.2669,84.954,0.0,True,26.5,4840,5.8669,4.64
google,3000,20,linear,True,False,10.0,0.4,0.3,0.3,0,0,UK,,uniform,high,WOA,carbon,3,0.3333333333333333,E29,32.21,189.31,41,2.247411,91.4105,17.772,0.0,0,25.7979,4.2553,83.457,0.0,True,28.0,4840,5.8682,4.83
google,3000,20,linear,True,False,10.0,0.4,0.3,0.3,0,0,UK,,uniform,high,WOA,carbon,4,0.3333333333333333,E29,32.21,189.31,41,2.245014,91.4196,17.8597,0.0,0,25.6979,4.2236,84.951,0.0,True,27.0,4840,5.8814,5.33
google,3000,20,linear,True,False,10.0,0.4,0.3,0.3,0,0,UK,,uniform,high,WOA,carbon,5,0.3333333333333333,E29,32.21,189.31,41,2.237285,91.4492,18.1425,0.0,0,25.7979,4.2317,81.722,0.0,True,28.0,4840,5.9647,4.78
google,3000,20,linear,True,False,10.0,0.4,0.3,0.3,0,0,UK,,uniform,high,WOA,carbon,6,0.3333333333333333,E29,32.21,189.31,41,2.255348,91.3801,17.4816,0.0,0,25.7479,4.2307,83.055,0.0,True,27.5,4840,5.909,4.53
google,3000,20,linear,True,False,10.0,0.4,0.3,0.3,0,0,UK,,uniform,high,WOA,carbon,7,0.3333333333333333,E29,32.21,189.31,41,2.223624,91.5014,18.6424,0.0,0,25.7979,4.2193,82.927,0.0,True,27.5,4840,5.9194,4.82
google,3000,20,linear,True,False,10.0,0.4,0.3,0.3,0,0,UK,,uniform,high,WOA,carbon,8,0.3333333333333333,E29,32.21,189.31,41,2.230806,91.4739,18.3796,0.0,0,25.8979,4.2368,81.501,0.0,True,27.5,4840,5.9082,4.73
google,3000,20,linear,True,False,10.0,0.4,0.3,0.3,0,0,UK,,uniform,high,WOA,carbon,9,0.3333333333333333,E29,32.21,189.31,41,2.254853,91.382,17.4997,0.0,0,25.9479,4.2602,82.945,0.0,True,28.0,4840,5.932,4.71
google,3000,20,linear,True,False,10.0,0.4,0.3,0.3,0,0,UK,,uniform,high,WOA,carbon,10,0.3333333333333333,E29,32.21,189.31,41,2.250122,91.4001,17.6728,0.0,0,25.9479,4.264,80.635,0.0,True,28.0,4840,5.9201,4.66
google,3000,20,linear,True,False,10.0,0.4,0.3,0.3,0,0,UK,,mixed,high,WOA,carbon,8,0.3333333333333333,E29,32.21,189.31,41,1.842744,85.7744,20.4908,0.0,0,21.5525,3.5437,78.546,0.0,True,27.5,4840,8.6982,4.74
google,3000,20,linear,True,False,10.0,0.4,0.3,0.3,0,0,UK,,mixed,high,WOA,carbon,9,0.3333333333333333,E29,32.21,189.31,41,1.833487,85.8458,20.8902,0.0,0,21.3893,3.5155,80.22,0.0,True,27.5,4840,8.7583,4.9
google,3000,20,linear,True,False,10.0,0.4,0.3,0.3,0,0,UK,,mixed,high,WOA,carbon,10,0.3333333333333333,E29,32.21,189.31,41,1.846708,85.7438,20.3197,0.0,0,21.0444,3.4613,79.746,0.0,True,27.0,4840,8.7628,4.99
google,3000,20,linear,True,False,10.0,0.4,0.3,0.3,0,0,UK,,skewed,none,FIFO,-,0,0.3333333333333333,E29,32.21,189.31,41,4.805926,0.0,-120.1321,0.0,0,54.133,9.2466,5.333,4.3348,False,24.5,0,0.0,0.0
google,3000,20,linear,True,False,10.0,0.4,0.3,0.3,0,0,UK,,skewed,none,Consolidation,-,0,0.3333333333333333,E29,32.21,189.31,41,2.183201,54.5727,0.0,0.0,0,24.2516,3.9658,66.586,4.3348,False,24.5,0,0.0,0.0
google,3000,20,linear,True,False,10.0,0.4,0.3,0.3,0,0,UK,,skewed,none,Greedy(EDF+greenest),-,0,0.3333333333333333,E29,32.21,189.31,41,1.607601,66.5496,26.365,0.0,0,21.0863,3.4074,74.278,15.6475,False,26.0,0,0.0003,0.0
google,3000,20,linear,True,False,10.0,0.4,0.3,0.3,0,0,UK,,skewed,none,VCC(Google),-,0,0.3333333333333333,E29,32.21,189.31,41,2.30844,51.9668,-5.7365,0.0,0,25.5647,4.1627,69.198,0.0,True,24.5,0,0.0097,0.0
google,3000,20,linear,True,False,10.0,0.4,0.3,0.3,0,0,UK,,skewed,none,Threshold(WaitAwhile),-,0,0.3333333333333333,E29,32.21,189.31,41,2.081422,56.6905,4.6619,0.0,0,23.9516,3.8372,75.225,4.3348,False,25.5,0,0.0417,0.0
google,3000,20,linear,True,False,10.0,0.4,0.3,0.3,0,0,UK,,mixed,none,WOA,random,4,0.3333333333333333,E29,32.21,189.31,41,1.747365,55.965,5.1039,0.0,0,20.1294,3.3174,81.925,0.0,True,28.0,4840,8.5564,5.11
google,3000,20,linear,True,False,10.0,0.4,0.3,0.3,0,0,UK,,mixed,none,WOA,random,5,0.3333333333333333,E29,32.21,189.31,41,1.746975,55.9748,5.1252,0.0,0,20.2597,3.3339,80.368,0.0,True,27.5,4840,8.4981,5.27
google,3000,20,linear,True,False,10.0,0.4,0.3,0.3,0,0,UK,,mixed,none,WOA,random,6,0.3333333333333333,E29,32.21,189.31,41,1.757069,55.7205,4.577,0.0,0,20.3687,3.3467,78.882,0.0,True,28.0,4840,8.4803,4.69
google,3000,20,linear,True,False,10.0,0.4,0.3,0.3,0,0,UK,,mixed,none,WOA,random,7,0.3333333333333333,E29,32.21,189.31,41,1.755267,55.7659,4.6748,0.0,0,20.1294,3.3323,82.458,0.0,True,27.0,4840,8.5098,4.46
google,3000,20,linear,True,False,10.0,0.4,0.3,0.3,0,0,UK,,mixed,none,WOA,random,8,0.3333333333333333,E29,32.21,189.31,41,1.742002,56.1002,5.3952,0.0,0,20.4526,3.3685,79.384,0.0,True,28.0,4840,8.5024,4.93
google,3000,20,linear,True,False,10.0,0.4,0.3,0.3,0,0,UK,,mixed,none,WOA,random,9,0.3333333333333333,E29,32.21,189.31,41,1.746157,55.9955,5.1696,0.0,0,20.2799,3.3449,77.272,0.0,True,28.5,4840,8.5379,4.88
google,3000,20,linear,True,False,10.0,0.4,0.3,0.3,0,0,UK,,mixed,none,WOA,random,10,0.3333333333333333,E29,32.21,189.31,41,1.750614,55.8831,4.9275,0.0,0,20.307,3.3377,79.674,0.0,True,28.0,4840,8.5159,4.72
google,3000,20,linear,True,False,10.0,0.4,0.3,0.3,0,0,UK,,mixed,none,WOA,carbon,1,0.3333333333333333,E29,32.21,189.31,41,1.74091,56.1277,5.4545,0.0,0,20.4353,3.3697,77.743,0.0,True,28.0,4840,8.4864,4.92
google,3000,20,linear,True,False,10.0,0.4,0.3,0.3,0,0,UK,,mixed,none,WOA,carbon,2,0.3333333333333333,E29,32.21,189.31,41,1.717261,56.7237,6.7389,0.0,0,20.2034,3.3129,81.991,0.0,True,27.5,4840,8.53,4.63
google,3000,20,linear,True,False,10.0,0.4,0.3,0.3,0,0,UK,,mixed,none,WOA,carbon,3,0.3333333333333333,E29,32.21,189.31,41,1.721374,56.62,6.5155,0.0,0,20.2965,3.3457,78.131,0.0,True,28.0,4840,8.4274,5.0
google,3000,20,linear,True,False,10.0,0.4,0.3,0.3,0,0,UK,,mixed,none,WOA,carbon,4,0.3333333333333333,E29,32.21,189.31,41,1.744347,56.0411,5.2679,0.0,0,20.3261,3.3691,78.862,0.0,True,28.0,4840,8.4585,4.99
google,3000,20,linear,True,False,10.0,0.4,0.3,0.3,0,0,UK,,mixed,none,WOA,carbon,5,0.3333333333333333,E29,32.21,189.31,41,1.665255,58.0343,9.5632,0.0,0,20.5275,3.331,75.123,0.0,True,27.0,4840,8.4664,4.81
google,3000,20,linear,True,False,10.0,0.4,0.3,0.3,0,0,UK,,mixed,none,WOA,carbon,6,0.3333333333333333,E29,32.21,189.31,41,1.672187,57.8596,9.1868,0.0,0,20.4608,3.305,76.06,0.0,True,27.0,4840,8.4472,5.22
google,3000,20,linear,True,False,10.0,0.4,0.3,0.3,0,0,UK,,mixed,none,WOA,carbon,7,0.3333333333333333,E29,32.21,189.31,41,1.731468,56.3656,5.9673,0.0,0,20.4316,3.3509,78.338,0.0,True,27.5,4840,8.5015,4.9
google,3000,20,linear,True,False,10.0,0.4,0.3,0.3,0,0,UK,,mixed,none,WOA,carbon,8,0.3333333333333333,E29,32.21,189.31,41,1.717861,56.7085,6.7063,0.0,0,20.2179,3.3209,79.277,0.0,True,27.0,4840,8.4391,5.24
google,3000,20,linear,True,False,10.0,0.4,0.3,0.3,0,0,UK,,mixed,none,WOA,carbon,9,0.3333333333333333,E29,32.21,189.31,41,1.711236,56.8755,7.0661,0.0,0,20.2078,3.3186,78.929,0.0,True,27.5,4840,8.5069,4.92
google,3000,20,linear,True,False,10.0,0.4,0.3,0.3,0,0,UK,,skewed,none,WOA,carbon,7,0.3333333333333333,E29,32.21,189.31,41,2.093451,56.4402,4.111,0.0,0,25.1215,4.158,78.04,0.0,True,28.0,4840,8.6199,5.16
google,3000,20,linear,True,False,10.0,0.4,0.3,0.3,0,0,UK,,skewed,none,WOA,carbon,8,0.3333333333333333,E29,32.21,189.31,41,1.973915,58.9275,9.5862,0.0,0,25.1107,4.0133,74.948,0.0,True,27.0,4840,8.5104,5.13
google,3000,20,linear,True,False,10.0,0.4,0.3,0.3,0,0,UK,,skewed,none,WOA,carbon,9,0.3333333333333333,E29,32.21,189.31,41,1.969641,59.0164,9.782,0.0,0,25.1552,4.0428,76.87,0.0,True,26.5,4840,8.5876,5.13
google,3000,20,linear,True,False,10.0,0.4,0.3,0.3,0,0,UK,,skewed,none,WOA,carbon,10,0.3333333333333333,E29,32.21,189.31,41,2.1079,56.1396,3.4491,0.0,0,25.006,4.155,80.281,0.0,True,28.5,4840,8.5448,4.69
google,3000,20,linear,True,False,10.0,0.4,0.3,0.3,0,0,UK,,skewed,low,FIFO,-,0,0.3333333333333333,E29,32.21,189.31,41,7.052314,0.0,-206.3192,0.0,0,79.3705,13.3004,5.333,4.3348,False,24.5,0,0.0,0.0
google,3000,20,linear,True,False,10.0,0.4,0.3,0.3,0,0,UK,,skewed,low,Consolidation,-,0,0.3333333333333333,E29,32.21,189.31,41,2.302276,67.3543,0.0,0.0,0,25.5891,4.1795,66.586,4.3348,False,24.5,0,0.0,0.0
google,3000,20,linear,True,False,10.0,0.4,0.3,0.3,0,0,UK,,skewed,low,Greedy(EDF+greenest),-,0,0.3333333333333333,E29,32.21,189.31,41,1.712763,75.7135,25.6057,0.0,0,22.5863,3.6455,74.278,15.6475,False,26.0,0,0.0004,0.0
google,3000,20,linear,True,False,10.0,0.4,0.3,0.3,0,0,UK,,skewed,low,VCC(Google),-,0,0.3333333333333333,E29,32.21,189.31,41,2.399252,65.9792,-4.2122,0.0,0,26.6022,4.3315,69.198,0.0,True,24.5,0,0.0102,0.0
google,3000,20,linear,True,False,10.0,0.4,0.3,0.3,0,0,UK,,mixed,low,WOA,random,3,0.3333333333333333,E29,32.21,189.31,41,1.781823,71.328,9.1102,0.0,0,20.4469,3.3771,82.23,0.0,True,27.5,4840,8.8936,4.63
google,3000,20,linear,True,False,10.0,0.4,0.3,0.3,0,0,UK,,mixed,low,WOA,random,4,0.3333333333333333,E29,32.21,189.31,41,1.786724,71.2492,8.8602,0.0,0,20.3244,3.3559,81.555,0.0,True,28.0,4840,8.8772,4.72
google,3000,20,linear,True,False,10.0,0.4,0.3,0.3,0,0,UK,,mixed,low,WOA,random,5,0.3333333333333333,E29,32.21,189.31,41,1.776794,71.409,9.3668,0.0,0,20.5181,3.3629,78.94,0.0,True,27.5,4840,8.9031,5.13
google,3000,20,linear,True,False,10.0,0.4,0.3,0.3,0,0,UK,,mixed,low,WOA,random,6,0.3333333333333333,E29,32.21,189.31,41,1.758965,71.6959,10.2762,0.0,0,20.2144,3.3381,82.233,0.0,True,28.0,4840,8.8822,4.63
google,3000,20,linear,True,False,10.0,0.4,0.3,0.3,0,0,UK,,mixed,low,WOA,random,7,0.3333333333333333,E29,32.21,189.31,41,1.776196,71.4186,9.3973,0.0,0,20.3544,3.3684,82.704,0.0,True,27.0,4840,8.8809,4.72
google,3000,20,linear,True,False,10.0,0.4,0.3,0.3,0,0,UK,,mixed,low,WOA,random,8,0.3333333333333333,E29,32.21,189.31,41,1.783255,71.305,9.0372,0.0,0,20.4719,3.3841,78.39,0.0,True,28.0,4840,8.8506,4.83
google,3000,20,linear,True,False,10.0,0.4,0.3,0.3,0,0,UK,,mixed,low,WOA,random,9,0.3333333333333333,E29,32.21,189.31,41,1.80016,71.033,8.1749,0.0,0,20.5569,3.3809,80.392,0.0,True,28.0,4840,8.8621,4.6
google,3000,20,linear,True,False,10.0,0.4,0.3,0.3,0,0,UK,,mixed,low,WOA,random,10,0.3333333333333333,E29,32.21,189.31,41,1.782193,71.3221,9.0914,0.0,0,20.3419,3.3694,81.84,0.0,True,26.5,4840,8.8848,5.04
google,3000,20,linear,True,False,10.0,0.4,0.3,0.3,0,0,UK,,mixed,low,WOA,carbon,1,0.3333333333333333,E29,32.21,189.31,41,1.784735,71.2812,8.9617,0.0,0,20.552,3.393,79.355,0.0,True,28.0,4840,8.7919,5.09
google,3000,20,linear,True,False,10.0,0.4,0.3,0.3,0,0,UK,,mixed,low,WOA,carbon,2,0.3333333333333333,E29,32.21,189.31,41,1.760475,71.6716,10.1992,0.0,0,20.5433,3.3692,78.84,0.0,True,28.0,4840,8.7771,4.99
google,3000,20,linear,True,False,10.0,0.4,0.3,0.3,0,0,UK,,mixed,low,WOA,carbon,3,0.3333333333333333,E29,32.21,189.31,41,1.764874,71.6008,9.9748,0.0,0,20.5012,3.3597,81.251,0.0,True,28.0,4840,8.7578,4.9
google,3000,20,linear,True,False,10.0,0.4,0.3,0.3,0,0,UK,,mixed,low,WOA,carbon,4,0.3333333333333333,E29,32.21,189.31,41,1.785954,71.2616,8.8995,0.0,0,20.5144,3.3843,79.155,0.0,True,28.0,4840,8.7445,5.25
google,3000,20,linear,True,False,10.0,0.4,0.3,0.3,0,0,UK,,mixed,low,WOA,carbon,5,0.3333333333333333,E29,32.21,189.31,41,1.717932,72.3561,12.3693,0.0,0,20.7356,3.3794,80.684,0.0,True,26.5,4840,8.8055,5.68
google,3000,20,linear,True,False,10.0,0.4,0.3,0.3,0,0,UK,,mixed,low,WOA,carbon,6,0.3333333333333333,E29,32.21,189.31,41,1.71841,72.3485,12.3449,0.0,0,20.7685,3.4026,77.877,0.0,True,27.0,4840,8.7335,4.88
google,3000,20,linear,True,False,10.0,0.4,0.3,0.3,0,0,UK,,mixed,low,WOA,carbon,7,0.3333333333333333,E29,32.21,189.31,41,1.766763,71.5704,9.8784,0.0,0,20.5826,3.374,82.291,0.0,True,27.5,4840,8.7589,4.9
google,3000,20,linear,True,False,10.0,0.4,0.3,0.3,0,0,UK,,mixed,low,WOA,carbon,8,0.3333333333333333,E29,32.21,189.31,41,1.754028,71.7753,10.528,0.0,0,20.6098,3.3867,78.877,0.0,True,27.0,4840,8.6956,4.83
google,3000,20,linear,True,False,10.0,0.4,0.3,0.3,0,0,UK,,mixed,high,WOA,random,2,0.3333333333333333,E29,32.21,189.31,41,1.855063,85.6793,19.9592,0.0,0,21.3444,3.5227,80.682,0.0,True,27.0,4840,8.8157,4.77
google,3000,20,linear,True,False,10.0,0.4,0.3,0.3,0,0,UK,,mixed,high,WOA,random,3,0.3333333333333333,E29,32.21,189.31,41,1.852417,85.6997,20.0734,0.0,0,21.1944,3.4879,80.267,0.0,True,27.0,4840,8.7967,4.67
google,3000,20,linear,True,False,10.0,0.4,0.3,0.3,0,0,UK,,mixed,high,WOA,random,4,0.3333333333333333,E29,32.21,189.31,41,1.861529,85.6293,19.6802,0.0,0,21.0894,3.4744,78.524,0.0,True,27.5,4840,8.806,4.97
google,3000,20,linear,True,False,10.0,0.4,0.3,0.3,0,0,UK,,mixed,high,WOA,random,5,0.3333333333333333,E29,32.21,189.31,41,1.850204,85.7168,20.1688,0.0,0,21.1844,3.4684,79.581,0.0,True,27.5,4840,8.8501,4.79
google,3000,20,linear,True,False,10.0,0.4,0.3,0.3,0,0,UK,,mixed,high,WOA,random,6,0.3333333333333333,E29,32.21,189.31,41,1.856592,85.6675,19.8932,0.0,0,21.1944,3.4913,81.551,0.0,True,28.0,4840,8.8114,4.6
google,3000,20,linear,True,False,10.0,0.4,0.3,0.3,0,0,UK,,mixed,high,WOA,random,7,0.3333333333333333,E29,32.21,189.31,41,1.841417,85.7846,20.548,0.0,0,21.1344,3.4929,80.684,0.0,True,27.5,4840,8.8508,4.79
google,3000,20,linear,True,False,10.0,0.4,0.3,0.3,0,0,UK,,mixed,high,WOA,random,8,0.3333333333333333,E29,32.21,189.31,41,1.831827,85.8586,20.9618,0.0,0,20.9294,3.4568,79.616,0.0,True,27.5,4840,8.7848,4.9
google,3000,20,linear,True,False,10.0,0.4,0.3,0.3,0,0,UK,,mixed,high,WOA,random,9,0.3333333333333333,E29,32.21,189.31,41,1.855807,85.6735,19.9271,0.0,0,21.1394,3.4807,80.785,0.0,True,28.0,4840,8.6788,4.83
google,3000,20,linear,True,False,10.0,0.4,0.3,0.3,0,0,UK,,mixed,high,WOA,random,10,0.3333333333333333,E29,32.21,189.31,41,1.82123,85.9404,21.419,0.0,0,20.7194,3.4163,81.83,0.0,True,26.5,4840,8.7894,5.11
google,3000,20,linear,True,False,10.0,0.4,0.3,0.3,0,0,UK,,mixed,high,WOA,carbon,1,0.3333333333333333,E29,32.21,189.31,41,1.850423,85.7151,20.1594,0.0,0,21.1294,3.4634,80.245,0.0,True,27.5,4840,8.6978,4.77
google,3000,20,linear,True,False,10.0,0.4,0.3,0.3,0,0,UK,,mixed,high,WOA,carbon,2,0.3333333333333333,E29,32.21,189.31,41,1.853815,85.6889,20.0131,0.0,0,21.2844,3.476,81.216,0.0,True,28.0,4840,8.7538,4.74
google,3000,20,linear,True,False,10.0,0.4,0.3,0.3,0,0,UK,,mixed,high,WOA,carbon,3,0.3333333333333333,E29,32.21,189.31,41,1.84558,85.7525,20.3684,0.0,0,21.0244,3.4654,81.56,0.0,True,27.5,4840,8.7137,5.02
google,3000,20,linear,True,False,10.0,0.4,0.3,0.3,0,0,UK,,mixed,high,WOA,carbon,4,0.3333333333333333,E29,32.21,189.31,41,1.852199,85.7014,20.0828,0.0,0,21.1844,3.4932,80.702,0.0,True,27.5,4840,8.7148,4.67
google,3000,20,linear,True,False,10.0,0.4,0.3,0.3,0,0,UK,,mixed,high,WOA,carbon,5,0.3333333333333333,E29,32.21,189.31,41,1.826904,85.8966,21.1742,0.0,0,20.8744,3.4534,81.533,0.0,True,27.5,4840,8.766,4.65
google,3000,20,linear,True,False,10.0,0.4,0.3,0.3,0,0,UK,,mixed,high,WOA,carbon,6,0.3333333333333333,E29,32.21,189.31,41,1.857119,85.6634,19.8705,0.0,0,21.1844,3.4812,79.242,0.0,True,27.5,4840,8.6457,4.81
google,3000,20,linear,True,False,10.0,0.4,0.3,0.3,0,0,UK,,mixed,high,WOA,carbon,7,0.3333333333333333,E29,32.21,189.31,41,1.8454,85.7539,20.3761,0.0,0,21.1344,3.4664,80.081,0.0,True,27.5,4840,8.3846,4.88
google,3000,20,linear,True,False,10.0,0.4,0.3,0.3,0,0,UK,,skewed,low,WOA,carbon,6,0.3333333333333333,E29,32.21,189.31,41,2.023062,71.3135,12.1277,0.0,0,25.8742,4.1484,74.607,0.0,True,27.5,4840,8.7218,4.83
google,3000,20,linear,True,False,10.0,0.4,0.3,0.3,0,0,UK,,skewed,low,WOA,carbon,7,0.3333333333333333,E29,32.21,189.31,41,2.194551,68.8818,4.679,0.0,0,25.3757,4.2081,82.792,0.0,True,27.5,4840,8.7278,4.86
google,3000,20,linear,True,False,10.0,0.4,0.3,0.3,0,0,UK,,skewed,low,WOA,carbon,8,0.3333333333333333,E29,32.21,189.31,41,2.057354,70.8272,10.6382,0.0,0,25.7225,4.1247,77.801,0.0,True,27.0,4840,8.7139,5.06
google,3000,20,linear,True,False,10.0,0.4,0.3,0.3,0,0,UK,,skewed,low,WOA,carbon,9,0.3333333333333333,E29,32.21,189.31,41,2.044422,71.0106,11.2,0.0,0,25.855,4.2001,75.612,0.0,True,27.0,4840,8.6515,5.02
google,3000,20,linear,True,False,10.0,0.4,0.3,0.3,0,0,UK,,skewed,low,WOA,carbon,10,0.3333333333333333,E29,32.21,189.31,41,2.147262,69.5524,6.7331,0.0,0,25.5787,4.2214,82.499,0.0,True,27.5,4840,7.7731,4.49
google,3000,20,linear,True,False,10.0,0.4,0.3,0.3,0,0,UK,,skewed,high,FIFO,-,0,0.3333333333333333,E29,32.21,189.31,41,13.791476,0.0,-418.5738,0.0,0,155.083,25.4616,5.333,4.3348,False,24.5,0,0.0,0.0
google,3000,20,linear,True,False,10.0,0.4,0.3,0.3,0,0,UK,,skewed,high,Consolidation,-,0,0.3333333333333333,E29,32.21,189.31,41,2.659501,80.7163,0.0,0.0,0,29.6016,4.8208,66.586,4.3348,False,24.5,0,0.0,0.0
google,3000,20,linear,True,False,10.0,0.4,0.3,0.3,0,0,UK,,skewed,high,Greedy(EDF+greenest),-,0,0.3333333333333333,E29,32.21,189.31,41,2.028251,85.2934,23.7357,0.0,0,27.0863,4.3599,74.278,15.6475,False,26.0,0,0.0003,0.0
google,3000,20,linear,True,False,10.0,0.4,0.3,0.3,0,0,UK,,skewed,none,WOA,random,9,0.3333333333333333,E29,32.21,189.31,41,2.131068,55.6575,2.3879,0.0,0,25.1052,4.1364,79.603,0.0,True,28.0,4840,8.6982,4.95
google,3000,20,linear,True,False,10.0,0.4,0.3,0.3,0,0,UK,,skewed,none,WOA,random,10,0.3333333333333333,E29,32.21,189.31,41,2.120941,55.8682,2.8518,0.0,0,25.0367,4.1386,78.659,0.0,True,28.0,4840,8.5951,5.13
google,3000,20,linear,True,False,10.0,0.4,0.3,0.3,0,0,UK,,skewed,none,WOA,carbon,1,0.3333333333333333,E29,32.21,189.31,41,2.086076,56.5937,4.4488,0.0,0,25.1056,4.1351,79.095,0.0,True,28.0,4840,8.5813,4.69
google,3000,20,linear,True,False,10.0,0.4,0.3,0.3,0,0,UK,,skewed,none,WOA,carbon,2,0.3333333333333333,E29,32.21,189.31,41,2.029066,57.7799,7.0601,0.0,0,24.9234,4.0634,83.713,0.0,True,26.5,4840,8.5494,4.49
google,3000,20,linear,True,False,10.0,0.4,0.3,0.3,0,0,UK,,skewed,none,WOA,carbon,3,0.3333333333333333,E29,32.21,189.31,41,2.134679,55.5824,2.2225,0.0,0,25.079,4.1408,79.606,0.0,True,28.0,4840,8.5292,4.85
google,3000,20,linear,True,False,10.0,0.4,0.3,0.3,0,0,UK,,skewed,none,WOA,carbon,4,0.3333333333333333,E29,32.21,189.31,41,2.005943,58.2611,8.1192,0.0,0,24.8833,4.0245,82.986,0.0,True,27.0,4840,8.465,5.02
google,3000,20,linear,True,False,10.0,0.4,0.3,0.3,0,0,UK,,skewed,none,WOA,carbon,5,0.3333333333333333,E29,32.21,189.31,41,1.985059,58.6956,9.0758,0.0,0,25.2807,4.0451,71.947,0.0,True,28.0,4840,8.0899,4.76
google,3000,20,linear,True,False,10.0,0.4,0.3,0.3,0,0,UK,,skewed,none,WOA,carbon,6,0.3333333333333333,E29,32.21,189.31,41,1.978594,58.8301,9.3719,0.0,0,25.0303,4.0046,74.481,0.0,True,27.0,4840,6.9009,5.27
google,3000,20,linear,True,False,10.0,0.4,0.3,0.3,0,0,UK,,skewed,none,WOA,random,1,0.3333333333333333,E29,32.21,189.31,41,2.121174,55.8634,2.8411,0.0,0,25.0692,4.1229,79.286,0.0,True,28.0,4840,8.9893,4.81
google,3000,20,linear,True,False,10.0,0.4,0.3,0.3,0,0,UK,,skewed,none,WOA,random,2,0.3333333333333333,E29,32.21,189.31,41,2.120752,55.8721,2.8604,0.0,0,24.944,4.1259,80.446,0.0,True,28.0,4840,8.9607,4.67
google,3000,20,linear,True,False,10.0,0.4,0.3,0.3,0,0,UK,,skewed,none,WOA,random,3,0.3333333333333333,E29,32.21,189.31,41,2.132526,55.6272,2.3211,0.0,0,25.1439,4.1621,77.812,0.0,True,28.0,4840,8.9757,4.67
google,3000,20,linear,True,False,10.0,0.4,0.3,0.3,0,0,UK,,skewed,none,WOA,random,4,0.3333333333333333,E29,32.21,189.31,41,2.128207,55.717,2.5189,0.0,0,25.0165,4.1145,80.79,0.0,True,28.0,4840,8.9161,5.02
google,3000,20,linear,True,False,10.0,0.4,0.3,0.3,0,0,UK,,skewed,none,WOA,random,5,0.3333333333333333,E29,32.21,189.31,41,2.126598,55.7505,2.5926,0.0,0,25.0217,4.1054,80.075,0.0,True,28.0,4840,8.984,4.9
google,3000,20,linear,True,False,10.0,0.4,0.3,0.3,0,0,UK,,skewed,none,WOA,random,6,0.3333333333333333,E29,32.21,189.31,41,2.128887,55.7029,2.4878,0.0,0,25.1308,4.1485,79.171,0.0,True,28.0,4840,8.8373,4.63
google,3000,20,linear,True,False,10.0,0.4,0.3,0.3,0,0,UK,,skewed,none,WOA,random,7,0.3333333333333333,E29,32.21,189.31,41,2.118597,55.917,2.9591,0.0,0,24.9439,4.1068,80.288,0.0,True,28.5,4840,8.4602,5.01
google,3000,20,linear,True,False,10.0,0.4,0.3,0.3,0,0,UK,,skewed,none,WOA,random,8,0.3333333333333333,E29,32.21,189.31,41,2.123375,55.8176,2.7403,0.0,0,24.9544,4.1188,79.667,0.0,True,28.5,4840,7.1853,4.9
google,3000,20,linear,True,False,10.0,0.4,0.3,0.3,0,0,UK,,skewed,low,Threshold(WaitAwhile),-,0,0.3333333333333333,E29,32.21,189.31,41,2.197572,68.839,4.5479,0.0,0,25.2891,4.0509,75.225,4.3348,False,25.5,0,0.0422,0.0
google,3000,20,linear,True,False,10.0,0.4,0.3,0.3,0,0,UK,,skewed,low,WOA,random,1,0.3333333333333333,E29,32.21,189.31,41,2.184534,69.0239,5.1141,0.0,0,25.414,4.1526,81.089,0.0,True,27.5,4840,8.7824,4.95
google,3000,20,linear,True,False,10.0,0.4,0.3,0.3,0,0,UK,,skewed,low,WOA,random,2,0.3333333333333333,E29,32.21,189.31,41,2.177203,69.1278,5.4326,0.0,0,25.7018,4.2084,80.295,0.0,True,28.0,4840,8.7689,4.93
google,3000,20,linear,True,False,10.0,0.4,0.3,0.3,0,0,UK,,skewed,low,WOA,random,3,0.3333333333333333,E29,32.21,189.31,41,2.187526,68.9814,4.9842,0.0,0,25.1448,4.1497,82.433,0.0,True,28.0,4840,8.7618,5.2
google,3000,20,linear,True,False,10.0,0.4,0.3,0.3,0,0,UK,,skewed,low,WOA,random,4,0.3333333333333333,E29,32.21,189.31,41,2.18603,69.0027,5.0492,0.0,0,25.7295,4.2343,80.777,0.0,True,28.0,4840,8.749,4.7
google,3000,20,linear,True,False,10.0,0.4,0.3,0.3,0,0,UK,,skewed,low,WOA,random,5,0.3333333333333333,E29,32.21,189.31,41,2.186261,68.9994,5.0391,0.0,0,25.3236,4.1466,82.342,0.0,True,28.0,4840,8.6109,5.25
google,3000,20,linear,True,False,10.0,0.4,0.3,0.3,0,0,UK,,skewed,low,WOA,random,6,0.3333333333333333,E29,32.21,189.31,41,2.186848,68.9911,5.0136,0.0,0,25.7944,4.2371,79.091,0.0,True,28.0,4840,7.8144,4.83
google,3000,20,linear,True,False,10.0,0.4,0.3,0.3,0,0,UK,,skewed,low,WOA,random,7,0.3333333333333333,E29,32.21,189.31,41,2.184156,69.0292,5.1306,0.0,0,25.4612,4.2047,83.446,0.0,True,27.5,4840,6.914,5.25
google,3000,20,linear,True,False,10.0,0.4,0.3,0.3,0,0,UK,,skewed,low,WOA,random,8,0.3333333333333333,E29,32.21,189.31,41,2.191077,68.9311,4.8299,0.0,0,25.9699,4.2899,79.328,0.0,True,28.0,4840,8.8675,4.56
google,3000,20,linear,True,False,10.0,0.4,0.3,0.3,0,0,UK,,skewed,low,WOA,random,9,0.3333333333333333,E29,32.21,189.31,41,2.176132,69.143,5.4791,0.0,0,25.6692,4.2297,83.065,0.0,True,28.0,4840,8.8046,4.92
google,3000,20,linear,True,False,10.0,0.4,0.3,0.3,0,0,UK,,skewed,low,WOA,random,10,0.3333333333333333,E29,32.21,189.31,41,2.192248,68.9145,4.7791,0.0,0,25.5256,4.1998,80.703,0.0,True,28.0,4840,8.819,4.83
google,3000,20,linear,True,False,10.0,0.4,0.3,0.3,0,0,UK,,skewed,low,WOA,carbon,1,0.3333333333333333,E29,32.21,189.31,41,2.133948,69.7412,7.3114,0.0,0,25.6014,4.2112,80.282,0.0,True,28.0,4840,8.7625,4.6
google,3000,20,linear,True,False,10.0,0.4,0.3,0.3,0,0,UK,,skewed,low,WOA,carbon,2,0.3333333333333333,E29,32.21,189.31,41,2.089891,70.3659,9.225,0.0,0,25.747,4.2027,81.542,0.0,True,26.5,4840,8.5913,4.6
google,3000,20,linear,True,False,10.0,0.4,0.3,0.3,0,0,UK,,skewed,low,WOA,carbon,3,0.3333333333333333,E29,32.21,189.31,41,2.178385,69.1111,5.3812,0.0,0,25.1748,4.1461,81.23,0.0,True,28.0,4840,7.5886,5.25
google,3000,20,linear,True,False,10.0,0.4,0.3,0.3,0,0,UK,,skewed,low,WOA,carbon,4,0.3333333333333333,E29,32.21,189.31,41,2.185191,69.0145,5.0856,0.0,0,25.5363,4.2245,81.401,0.0,True,28.0,4840,6.7563,5.02
google,3000,20,linear,True,False,10.0,0.4,0.3,0.3,0,0,UK,,skewed,low,WOA,carbon,5,0.3333333333333333,E29,32.21,189.31,41,2.049153,70.9435,10.9945,0.0,0,25.8805,4.14,75.876,0.0,True,27.0,4840,6.1534,4.92
google,3000,20,linear,True,False,10.0,0.4,0.3,0.3,0,0,UK,,skewed,high,VCC(Google),-,0,0.3333333333333333,E29,32.21,189.31,41,2.67169,80.628,-0.4583,0.0,0,29.7147,4.8377,69.198,0.0,True,24.5,0,0.0102,0.0
google,3000,20,linear,True,False,10.0,0.4,0.3,0.3,0,0,UK,,skewed,high,Threshold(WaitAwhile),-,0,0.3333333333333333,E29,32.21,189.31,41,2.546022,81.5392,4.2669,0.0,0,29.3016,4.6922,75.225,4.3348,False,25.5,0,0.0412,0.0
google,3000,20,linear,True,False,10.0,0.4,0.3,0.3,0,0,UK,,skewed,high,WOA,random,1,0.3333333333333333,E29,32.21,189.31,41,2.255967,83.6423,15.1733,0.0,0,25.9186,4.2526,84.178,0.0,True,27.0,4840,8.755,4.72
google,3000,20,linear,True,False,10.0,0.4,0.3,0.3,0,0,UK,,skewed,high,WOA,random,2,0.3333333333333333,E29,32.21,189.31,41,2.26284,83.5925,14.9149,0.0,0,26.0215,4.2903,83.116,0.0,True,27.5,4840,8.5453,4.83
google,3000,20,linear,True,False,10.0,0.4,0.3,0.3,0,0,UK,,skewed,high,WOA,random,3,0.3333333333333333,E29,32.21,189.31,41,2.274097,83.5109,14.4916,0.0,0,26.188,4.3114,80.049,0.0,True,28.0,4840,7.523,5.02
google,3000,20,linear,True,False,10.0,0.4,0.3,0.3,0,0,UK,,skewed,high,WOA,random,4,0.3333333333333333,E29,32.21,189.31,41,2.27286,83.5198,14.5381,0.0,0,25.867,4.2459,82.709,0.0,True,27.5,4840,6.7654,4.62
google,3000,20,linear,True,False,10.0,0.4,0.3,0.3,0,0,UK,,skewed,high,WOA,random,5,0.3333333333333333,E29,32.21,189.31,41,2.248883,83.6937,15.4397,0.0,0,25.9336,4.2653,84.204,0.0,True,28.0,4840,6.1372,5.02
google,3000,20,linear,True,False,10.0,0.4,0.3,0.3,0,0,UK,,skewed,high,WOA,random,6,0.3333333333333333,E29,32.21,189.31,41,2.265456,83.5735,14.8165,0.0,0,25.921,4.255,84.528,0.0,True,27.0,4840,5.8911,4.9
google,3000,20,linear,True,False,10.0,0.4,0.3,0.3,0,0,UK,,skewed,high,WOA,carbon,5,0.3333333333333333,E29,32.21,189.31,41,2.249827,83.6868,15.4042,0.0,0,25.6229,4.2095,83.991,0.0,True,27.5,4840,8.6964,4.68
google,3000,20,linear,True,False,10.0,0.4,0.3,0.3,0,0,UK,,skewed,high,WOA,carbon,6,0.3333333333333333,E29,32.21,189.31,41,2.271671,83.5284,14.5828,0.0,0,26.1698,4.2989,80.771,0.0,True,28.5,4840,8.2236,4.56
google,3000,20,linear,True,False,10.0,0.4,0.3,0.3,0,0,UK,,skewed,high,WOA,carbon,7,0.3333333333333333,E29,32.21,189.31,41,2.260549,83.6091,15.001,0.0,0,25.832,4.2563,82.048,0.0,True,28.0,4840,7.0936,4.65
google,3000,20,linear,True,False,10.0,0.4,0.3,0.3,0,0,UK,,skewed,high,WOA,carbon,8,0.3333333333333333,E29,32.21,189.31,41,2.250723,83.6803,15.3705,0.0,0,26.1287,4.274,82.044,0.0,True,27.5,4840,6.325,4.44
google,3000,20,linear,True,False,10.0,0.4,0.3,0.3,0,0,UK,,skewed,high,WOA,carbon,9,0.3333333333333333,E29,32.21,189.31,41,2.273592,83.5145,14.5106,0.0,0,26.1769,4.294,82.723,0.0,True,28.0,4840,6.0318,4.67
google,3000,20,linear,True,False,10.0,0.4,0.3,0.3,0,0,UK,,skewed,high,WOA,carbon,10,0.3333333333333333,E29,32.21,189.31,41,2.256075,83.6415,15.1692,0.0,0,26.1004,4.3061,83.771,0.0,True,27.5,4840,5.7431,4.76
google,3000,20,linear,True,False,10.0,0.4,0.3,0.3,0,0,UK,,skewed,high,WOA,random,7,0.3333333333333333,E29,32.21,189.31,41,2.269,83.5478,14.6832,0.0,0,25.8226,4.2544,86.088,0.0,True,26.5,4840,8.7698,5.04
google,3000,20,linear,True,False,10.0,0.4,0.3,0.3,0,0,UK,,skewed,high,WOA,random,8,0.3333333333333333,E29,32.21,189.31,41,2.273681,83.5139,14.5072,0.0,0,26.121,4.3002,80.883,0.0,True,28.0,4840,8.5188,4.88
google,3000,20,linear,True,False,10.0,0.4,0.3,0.3,0,0,UK,,skewed,high,WOA,random,9,0.3333333333333333,E29,32.21,189.31,41,2.270246,83.5388,14.6364,0.0,0,25.8638,4.2627,84.505,0.0,True,27.0,4840,7.5112,4.65
google,3000,20,linear,True,False,10.0,0.4,0.3,0.3,0,0,UK,,skewed,high,WOA,random,10,0.3333333333333333,E29,32.21,189.31,41,2.268278,83.553,14.7104,0.0,0,26.0636,4.3109,84.372,0.0,True,27.0,4840,6.6847,4.6
google,3000,20,linear,True,False,10.0,0.4,0.3,0.3,0,0,UK,,skewed,high,WOA,carbon,1,0.3333333333333333,E29,32.21,189.31,41,2.249795,83.6871,15.4054,0.0,0,26.2515,4.3319,80.675,0.0,True,28.0,4840,6.0868,4.88
google,3000,20,linear,True,False,10.0,0.4,0.3,0.3,0,0,UK,,skewed,high,WOA,carbon,2,0.3333333333333333,E29,32.21,189.31,41,2.257205,83.6333,15.1267,0.0,0,26.0539,4.2984,84.755,0.0,True,26.5,4840,5.8792,4.6
google,3000,20,linear,True,False,10.0,0.4,0.3,0.3,0,0,UK,,skewed,high,WOA,carbon,3,0.3333333333333333,E29,32.21,189.31,41,2.257632,83.6302,15.1107,0.0,0,25.9296,4.2594,83.829,0.0,True,28.0,4840,5.5291,5.57
google,3000,20,linear,True,False,10.0,0.4,0.3,0.3,0,0,UK,,skewed,high,WOA,carbon,4,0.3333333333333333,E29,32.21,189.31,41,2.263727,83.586,14.8815,0.0,0,25.8655,4.2574,83.94,0.0,True,27.0,4840,5.5038,4.86
