wl,N,M,power,hard,cap,pen,alpha,beta,gamma,subset,method,init,seed,seed_frac,exp,peak_demand,total_load,arrival_slots,carbon_kg,carbon_red_vs_naive_%,carbon_red_vs_consol_%,sla_%,viol_n,energy_kwh,cost_gbp,util_%,overload_%,feasible,makespan_h,nfe,runtime_s,peak_mem_mb
google,1000,10,linear,True,False,10.0,0.4,0.3,0.3,0,Greedy(EDF+greenest),-,0,0.3333333333333333,E22,10.62,62.6,36,0.65416,88.5139,22.9223,0.0,0,8.6948,1.4,57.308,7.1411,False,26.0,0,0.0002,0.0
google,1000,10,linear,True,False,10.0,0.4,0.3,0.3,0,WOA,random,1,0.3333333333333333,E22,10.62,62.6,36,0.772131,86.4426,9.0222,0.0,0,8.7948,1.449,72.84,0.0,True,27.0,4840,2.0993,1.75
google,1000,10,linear,True,False,10.0,0.4,0.3,0.3,0,WOA,random,2,0.3333333333333333,E22,10.62,62.6,36,0.752534,86.7866,11.3312,0.0,0,8.6948,1.4326,72.933,0.0,True,27.0,4840,2.4425,1.76
google,1000,10,linear,True,False,10.0,0.4,0.3,0.3,0,WOA,random,3,0.3333333333333333,E22,10.62,62.6,36,0.773165,86.4244,8.9003,0.0,0,8.7448,1.4399,73.507,0.0,True,27.5,4840,2.7006,1.87
google,1000,10,linear,True,False,10.0,0.4,0.3,0.3,0,WOA,random,4,0.3333333333333333,E22,10.62,62.6,36,0.764453,86.5774,9.9268,0.0,0,8.8448,1.4591,71.296,0.0,True,27.0,4840,2.6201,1.98
google,1000,10,linear,True,False,10.0,0.4,0.3,0.3,0,WOA,random,5,0.3333333333333333,E22,10.62,62.6,36,0.749533,86.8393,11.6848,0.0,0,8.6948,1.4341,75.015,0.0,True,26.5,4840,2.5505,1.85
google,1000,10,linear,True,False,10.0,0.4,0.3,0.3,0,WOA,random,6,0.3333333333333333,E22,10.62,62.6,36,0.757738,86.6953,10.7181,0.0,0,8.6448,1.4234,74.763,0.0,True,26.5,4840,2.5455,1.83
google,1000,10,linear,True,False,10.0,0.4,0.3,0.3,0,WOA,random,7,0.3333333333333333,E22,10.62,62.6,36,0.774837,86.395,8.7034,0.0,0,8.8448,1.4669,71.096,0.0,True,28.0,4840,2.5409,1.85
google,1000,10,linear,True,False,10.0,0.4,0.3,0.3,0,WOA,carbon,28,0.3333333333333333,E22,10.62,62.6,36,0.679176,88.0747,19.9748,0.0,0,8.7948,1.415,60.468,0.0,True,26.0,4840,2.1102,1.73
google,1000,10,linear,True,False,10.0,0.4,0.3,0.3,0,WOA,carbon,29,0.3333333333333333,E22,10.62,62.6,36,0.667895,88.2728,21.3039,0.0,0,8.7448,1.4162,61.276,0.0,True,26.5,4840,2.4352,1.76
google,1000,10,linear,True,False,10.0,0.4,0.3,0.3,0,WOA,carbon,30,0.3333333333333333,E22,10.62,62.6,36,0.667954,88.2717,21.2971,0.0,0,8.6948,1.4006,64.166,0.0,True,26.5,4840,2.6703,1.91
google,1000,10,linear,True,False,10.0,0.7,0.0,0.3,0,WOA,carbon,1,0.3333333333333333,E22,10.62,62.6,36,0.677603,88.1023,20.1601,0.0,0,8.7948,1.4075,61.04,0.0,True,26.5,4840,2.6268,1.74
google,1000,10,linear,True,False,10.0,0.7,0.0,0.3,0,WOA,carbon,2,0.3333333333333333,E22,10.62,62.6,36,0.674456,88.1576,20.531,0.0,0,8.7448,1.4,61.799,0.0,True,26.0,4840,2.5437,1.77
google,1000,10,linear,True,False,10.0,0.7,0.0,0.3,0,WOA,carbon,3,0.3333333333333333,E22,10.62,62.6,36,0.683258,88.003,19.4938,0.0,0,8.7948,1.4225,58.226,0.0,True,26.5,4840,2.5366,1.73
google,1000,10,linear,True,False,10.0,0.7,0.0,0.3,0,WOA,carbon,4,0.3333333333333333,E22,10.62,62.6,36,0.674127,88.1634,20.5697,0.0,0,8.7448,1.4075,60.517,0.0,True,26.5,4840,2.5147,1.72
google,1000,10,linear,True,False,10.0,0.7,0.0,0.3,0,WOA,carbon,5,0.3333333333333333,E22,10.62,62.6,36,0.677312,88.1074,20.1944,0.0,0,8.7448,1.4075,62.419,0.0,True,26.0,4840,2.5796,1.67
google,1000,10,linear,True,False,10.0,0.4,0.3,0.3,0,WOA,improved,18,0.3333333333333333,E22,10.62,62.6,36,0.750689,86.819,11.5486,0.0,0,8.6948,1.4291,74.158,0.0,True,25.5,4840,2.0906,1.81
google,1000,10,linear,True,False,10.0,0.4,0.3,0.3,0,WOA,improved,19,0.3333333333333333,E22,10.62,62.6,36,0.76308,86.6015,10.0887,0.0,0,8.7448,1.4418,73.256,0.0,True,26.5,4840,2.4329,1.7
google,1000,10,linear,True,False,10.0,0.4,0.3,0.3,0,WOA,improved,20,0.3333333333333333,E22,10.62,62.6,36,0.766964,86.5333,9.631,0.0,0,8.8948,1.4712,70.217,0.0,True,28.5,4840,2.6834,1.75
google,1000,10,linear,True,False,10.0,0.4,0.3,0.3,0,WOA,improved,21,0.3333333333333333,E22,10.62,62.6,36,0.761495,86.6293,10.2754,0.0,0,8.7448,1.4399,73.78,0.0,True,27.0,4840,2.6068,1.79
google,1000,10,linear,True,False,10.0,0.4,0.3,0.3,0,WOA,improved,22,0.3333333333333333,E22,10.62,62.6,36,0.771638,86.4512,9.0803,0.0,0,8.7448,1.4422,73.364,0.0,True,26.5,4840,2.5495,1.69
google,1000,10,linear,True,False,10.0,0.4,0.3,0.3,0,WOA,improved,23,0.3333333333333333,E22,10.62,62.6,36,0.768908,86.4991,9.402,0.0,0,8.7448,1.4353,73.757,0.0,True,25.5,4840,2.5331,1.7
google,1000,10,linear,True,False,10.0,0.4,0.3,0.3,0,WOA,improved,24,0.3333333333333333,E22,10.62,62.6,36,0.762966,86.6035,10.102,0.0,0,8.7448,1.4395,71.685,0.0,True,26.5,4840,2.5298,1.78
google,1000,10,linear,True,False,10.0,0.4,0.3,0.3,0,WOA,improved,25,0.3333333333333333,E22,10.62,62.6,36,0.761674,86.6262,10.2543,0.0,0,8.7948,1.4453,73.987,0.0,True,27.0,4840,2.5904,1.82
google,1000,10,linear,True,False,10.0,0.4,0.3,0.3,0,WOA,improved,26,0.3333333333333333,E22,10.62,62.6,36,0.755992,86.7259,10.9238,0.0,0,8.7448,1.4446,72.373,0.0,True,27.0,4840,2.1025,1.9
google,1000,10,linear,True,False,10.0,0.4,0.3,0.3,0,WOA,improved,27,0.3333333333333333,E22,10.62,62.6,36,0.757087,86.7067,10.7947,0.0,0,8.6948,1.4268,74.952,0.0,True,26.5,4840,2.4204,1.83
google,1000,10,linear,True,False,10.0,0.4,0.3,0.3,0,WOA,improved,28,0.3333333333333333,E22,10.62,62.6,36,0.76362,86.592,10.025,0.0,0,8.7948,1.4481,71.803,0.0,True,27.5,4840,2.707,1.78
google,1000,10,linear,True,False,10.0,0.4,0.3,0.3,0,WOA,improved,29,0.3333333333333333,E22,10.62,62.6,36,0.770029,86.4795,9.2698,0.0,0,8.7948,1.4549,71.059,0.0,True,26.5,4840,2.6203,1.68
google,1000,10,linear,True,False,10.0,0.4,0.3,0.3,0,WOA,improved,30,0.3333333333333333,E22,10.62,62.6,36,0.767973,86.5156,9.5121,0.0,0,8.8448,1.4641,70.413,0.0,True,27.0,4840,2.5211,1.79
google,1000,10,linear,True,False,10.0,0.4,0.3,0.3,0,WOA,carbon,1,0.3333333333333333,E22,10.62,62.6,36,0.677603,88.1023,20.1601,0.0,0,8.7948,1.4075,61.04,0.0,True,26.5,4840,2.5442,1.72
google,1000,10,linear,True,False,10.0,0.4,0.3,0.3,0,WOA,carbon,2,0.3333333333333333,E22,10.62,62.6,36,0.674456,88.1576,20.531,0.0,0,8.7448,1.4,61.799,0.0,True,26.0,4840,2.5305,1.76
google,1000,10,linear,True,False,10.0,0.4,0.3,0.3,0,WOA,carbon,3,0.3333333333333333,E22,10.62,62.6,36,0.683309,88.0021,19.4878,0.0,0,8.7948,1.4225,58.25,0.0,True,26.5,4840,2.5772,1.7
google,1000,10,linear,True,False,10.0,0.4,0.3,0.3,0,WOA,random,24,0.3333333333333333,E22,10.62,62.6,36,0.762312,86.615,10.1792,0.0,0,8.7948,1.4594,72.095,0.0,True,27.0,4840,2.0977,1.75
google,1000,10,linear,True,False,10.0,0.4,0.3,0.3,0,WOA,random,25,0.3333333333333333,E22,10.62,62.6,36,0.763961,86.586,9.9848,0.0,0,8.7448,1.4452,72.871,0.0,True,27.0,4840,2.4559,1.7
google,1000,10,linear,True,False,10.0,0.4,0.3,0.3,0,WOA,random,26,0.3333333333333333,E22,10.62,62.6,36,0.761408,86.6308,10.2856,0.0,0,8.8948,1.4592,69.438,0.0,True,28.0,4840,2.6872,1.88
google,1000,10,linear,True,False,10.0,0.4,0.3,0.3,0,WOA,random,27,0.3333333333333333,E22,10.62,62.6,36,0.768475,86.5067,9.453,0.0,0,8.8448,1.4647,72.018,0.0,True,28.0,4840,2.6009,1.78
google,1000,10,linear,True,False,10.0,0.4,0.3,0.3,0,WOA,random,28,0.3333333333333333,E22,10.62,62.6,36,0.764325,86.5796,9.942,0.0,0,8.7448,1.4349,72.733,0.0,True,27.5,4840,2.5592,1.79
google,1000,10,linear,True,False,10.0,0.4,0.3,0.3,0,WOA,random,29,0.3333333333333333,E22,10.62,62.6,36,0.767448,86.5248,9.5739,0.0,0,8.7448,1.4411,72.526,0.0,True,26.5,4840,2.5218,1.73
google,1000,10,linear,True,False,10.0,0.4,0.3,0.3,0,WOA,random,30,0.3333333333333333,E22,10.62,62.6,36,0.756659,86.7142,10.8452,0.0,0,8.7448,1.448,72.741,0.0,True,27.0,4840,2.5357,1.79
google,1000,10,linear,True,False,10.0,0.4,0.3,0.3,0,WOA,improved,1,0.3333333333333333,E22,10.62,62.6,36,0.752594,86.7856,11.3241,0.0,0,8.5948,1.418,76.003,0.0,True,25.5,4840,2.5718,1.7
google,1000,10,linear,True,False,10.0,0.4,0.3,0.3,0,WOA,improved,2,0.3333333333333333,E22,10.62,62.6,36,0.75175,86.8004,11.4236,0.0,0,8.6948,1.4341,73.754,0.0,True,27.0,4840,2.1099,1.86
google,1000,10,linear,True,False,10.0,0.4,0.3,0.3,0,WOA,improved,3,0.3333333333333333,E22,10.62,62.6,36,0.767764,86.5192,9.5367,0.0,0,8.8948,1.4809,68.928,0.0,True,27.5,4840,2.4185,1.79
google,1000,10,linear,True,False,10.0,0.4,0.3,0.3,0,WOA,improved,4,0.3333333333333333,E22,10.62,62.6,36,0.75493,86.7446,11.0489,0.0,0,8.7448,1.4403,73.299,0.0,True,28.5,4840,2.7005,1.72
google,1000,10,linear,True,False,10.0,0.4,0.3,0.3,0,WOA,improved,5,0.3333333333333333,E22,10.62,62.6,36,0.761512,86.629,10.2733,0.0,0,8.7448,1.4416,74.195,0.0,True,26.5,4840,2.6202,1.84
google,1000,10,linear,True,False,10.0,0.4,0.3,0.3,0,WOA,improved,6,0.3333333333333333,E22,10.62,62.6,36,0.770426,86.4725,9.2231,0.0,0,8.8448,1.4695,70.322,0.0,True,27.0,4840,2.5392,1.75
google,1000,10,linear,True,False,10.0,0.4,0.3,0.3,0,WOA,improved,7,0.3333333333333333,E22,10.62,62.6,36,0.759412,86.6659,10.5209,0.0,0,8.6948,1.434,74.433,0.0,True,27.0,4840,2.5398,1.77
google,1000,10,linear,True,False,10.0,0.4,0.3,0.3,0,WOA,improved,8,0.3333333333333333,E22,10.62,62.6,36,0.763865,86.5877,9.9961,0.0,0,8.8448,1.4648,71.291,0.0,True,28.0,4840,2.5265,1.76
google,1000,10,linear,True,False,10.0,0.4,0.3,0.3,0,WOA,improved,9,0.3333333333333333,E22,10.62,62.6,36,0.76545,86.5599,9.8093,0.0,0,8.7448,1.4434,73.361,0.0,True,26.0,4840,2.5794,1.75
google,1000,10,linear,True,False,10.0,0.4,0.3,0.3,0,WOA,random,16,0.3333333333333333,E22,10.62,62.6,36,0.758105,86.6888,10.6748,0.0,0,8.7448,1.4384,73.392,0.0,True,28.0,4840,2.1051,1.95
google,1000,10,linear,True,False,10.0,0.4,0.3,0.3,0,WOA,random,17,0.3333333333333333,E22,10.62,62.6,36,0.756283,86.7208,10.8895,0.0,0,8.7448,1.4371,74.205,0.0,True,27.5,4840,2.4438,1.91
google,1000,10,linear,True,False,10.0,0.4,0.3,0.3,0,WOA,random,18,0.3333333333333333,E22,10.62,62.6,36,0.764748,86.5722,9.8921,0.0,0,8.7948,1.4509,71.376,0.0,True,26.5,4840,2.6537,1.8
google,1000,10,linear,True,False,10.0,0.4,0.3,0.3,0,WOA,random,19,0.3333333333333333,E22,10.62,62.6,36,0.75084,86.8164,11.5308,0.0,0,8.7448,1.4418,72.541,0.0,True,26.5,4840,2.6421,1.83
google,1000,10,linear,True,False,10.0,0.4,0.3,0.3,0,WOA,random,20,0.3333333333333333,E22,10.62,62.6,36,0.763167,86.6,10.0784,0.0,0,8.7448,1.4504,74.0,0.0,True,27.0,4840,2.552,1.72
google,1000,10,linear,True,False,10.0,0.4,0.3,0.3,0,WOA,random,21,0.3333333333333333,E22,10.62,62.6,36,0.769541,86.488,9.3273,0.0,0,8.8448,1.4636,71.482,0.0,True,28.5,4840,2.5446,1.73
google,1000,10,linear,True,False,10.0,0.4,0.3,0.3,0,WOA,random,22,0.3333333333333333,E22,10.62,62.6,36,0.772503,86.436,8.9783,0.0,0,8.7448,1.4405,73.795,0.0,True,27.0,4840,2.5511,1.73
google,1000,10,linear,True,False,10.0,0.4,0.3,0.3,0,WOA,random,23,0.3333333333333333,E22,10.62,62.6,36,0.760655,86.644,10.3743,0.0,0,8.7448,1.4498,73.272,0.0,True,27.0,4840,2.5858,1.75
google,1000,10,linear,True,False,10.0,0.4,0.3,0.3,0,WOA,carbon,20,0.3333333333333333,E22,10.62,62.6,36,0.675281,88.1431,20.4337,0.0,0,8.7448,1.4156,61.207,0.0,True,26.5,4840,2.119,1.8
google,1000,10,linear,True,False,10.0,0.4,0.3,0.3,0,WOA,carbon,21,0.3333333333333333,E22,10.62,62.6,36,0.678238,88.0912,20.0853,0.0,0,8.7448,1.4075,62.036,0.0,True,26.5,4840,2.4478,1.81
google,1000,10,linear,True,False,10.0,0.4,0.3,0.3,0,WOA,carbon,22,0.3333333333333333,E22,10.62,62.6,36,0.678172,88.0923,20.0931,0.0,0,8.7948,1.415,60.599,0.0,True,26.0,4840,2.686,1.91
google,1000,10,linear,True,False,10.0,0.4,0.3,0.3,0,WOA,carbon,23,0.3333333333333333,E22,10.62,62.6,36,0.675635,88.1369,20.392,0.0,0,8.7448,1.4075,61.077,0.0,True,26.0,4840,2.6276,1.69
google,1000,10,linear,True,False,10.0,0.4,0.3,0.3,0,WOA,carbon,24,0.3333333333333333,E22,10.62,62.6,36,0.690283,87.8797,18.6661,0.0,0,8.8948,1.4381,56.843,0.0,True,26.5,4840,2.5413,1.79
google,1000,10,linear,True,False,10.0,0.4,0.3,0.3,0,WOA,carbon,25,0.3333333333333333,E22,10.62,62.6,36,0.677291,88.1078,20.1969,0.0,0,8.7448,1.4075,61.226,0.0,True,26.0,4840,2.57,1.67
google,1000,10,linear,True,False,10.0,0.4,0.3,0.3,0,WOA,carbon,26,0.3333333333333333,E22,10.62,62.6,36,0.67376,88.1698,20.613,0.0,0,8.7448,1.4081,62.032,0.0,True,26.0,4840,2.5368,1.68
google,1000,10,linear,True,False,10.0,0.4,0.3,0.3,0,WOA,carbon,27,0.3333333333333333,E22,10.62,62.6,36,0.680866,88.045,19.7757,0.0,0,8.8448,1.4225,58.524,0.0,True,26.5,4840,2.5815,1.67
google,1000,10,linear,True,False,10.0,0.4,0.3,0.3,0,WOA,random,8,0.3333333333333333,E22,10.62,62.6,36,0.769849,86.4826,9.2911,0.0,0,8.8948,1.4734,70.868,0.0,True,28.0,4840,2.0927,1.93
google,1000,10,linear,True,False,10.0,0.4,0.3,0.3,0,WOA,random,9,0.3333333333333333,E22,10.62,62.6,36,0.772501,86.436,8.9785,0.0,0,8.7948,1.456,73.259,0.0,True,26.0,4840,2.4238,1.87
google,1000,10,linear,True,False,10.0,0.4,0.3,0.3,0,WOA,random,10,0.3333333333333333,E22,10.62,62.6,36,0.775661,86.3806,8.6062,0.0,0,8.8448,1.4537,71.716,0.0,True,28.0,4840,2.7364,1.69
google,1000,10,linear,True,False,10.0,0.4,0.3,0.3,0,WOA,random,11,0.3333333333333333,E22,10.62,62.6,36,0.769033,86.4969,9.3872,0.0,0,8.9448,1.4694,67.82,0.0,True,27.0,4840,2.6164,1.98
google,1000,10,linear,True,False,10.0,0.4,0.3,0.3,0,WOA,random,12,0.3333333333333333,E22,10.62,62.6,36,0.763971,86.5858,9.9836,0.0,0,8.7448,1.4399,72.246,0.0,True,26.5,4840,2.5866,1.83
google,1000,10,linear,True,False,10.0,0.4,0.3,0.3,0,WOA,random,13,0.3333333333333333,E22,10.62,62.6,36,0.761845,86.6232,10.2342,0.0,0,8.7448,1.4382,74.643,0.0,True,27.0,4840,2.5566,1.8
google,1000,10,linear,True,False,10.0,0.4,0.3,0.3,0,WOA,random,14,0.3333333333333333,E22,10.62,62.6,36,0.767114,86.5306,9.6134,0.0,0,8.6948,1.4343,75.159,0.0,True,27.5,4840,2.5366,1.67
google,1000,10,linear,True,False,10.0,0.4,0.3,0.3,0,WOA,random,15,0.3333333333333333,E22,10.62,62.6,36,0.768133,86.5128,9.4932,0.0,0,8.8448,1.4532,70.664,0.0,True,27.5,4840,2.6052,1.75
google,1000,10,linear,True,False,10.0,0.4,0.3,0.3,0,WOA,carbon,12,0.3333333333333333,E22,10.62,62.6,36,0.670679,88.2239,20.976,0.0,0,8.6948,1.3925,63.841,0.0,True,26.5,4840,2.0965,1.74
google,1000,10,linear,True,False,10.0,0.4,0.3,0.3,0,WOA,carbon,13,0.3333333333333333,E22,10.62,62.6,36,0.668665,88.2593,21.2133,0.0,0,8.6948,1.3925,63.191,0.0,True,26.0,4840,2.4481,1.68
google,1000,10,linear,True,False,10.0,0.4,0.3,0.3,0,WOA,carbon,14,0.3333333333333333,E22,10.62,62.6,36,0.672473,88.1924,20.7646,0.0,0,8.6948,1.4,64.415,0.0,True,26.5,4840,2.7409,1.73
google,1000,10,linear,True,False,10.0,0.4,0.3,0.3,0,WOA,carbon,15,0.3333333333333333,E22,10.62,62.6,36,0.680188,88.0569,19.8556,0.0,0,8.7948,1.415,60.029,0.0,True,26.5,4840,2.6275,1.9
google,1000,10,linear,True,False,10.0,0.4,0.3,0.3,0,WOA,carbon,16,0.3333333333333333,E22,10.62,62.6,36,0.669291,88.2483,21.1395,0.0,0,8.6948,1.3925,64.492,0.0,True,26.5,4840,2.5703,1.71
google,1000,10,linear,True,False,10.0,0.4,0.3,0.3,0,WOA,carbon,17,0.3333333333333333,E22,10.62,62.6,36,0.67311,88.1812,20.6895,0.0,0,8.7948,1.4156,62.065,0.0,True,26.5,4840,2.5601,1.66
google,1000,10,linear,True,False,10.0,0.4,0.3,0.3,0,WOA,carbon,18,0.3333333333333333,E22,10.62,62.6,36,0.681914,88.0266,19.6521,0.0,0,8.7948,1.4156,60.748,0.0,True,26.0,4840,2.5442,1.74
google,1000,10,linear,True,False,10.0,0.4,0.3,0.3,0,WOA,carbon,19,0.3333333333333333,E22,10.62,62.6,36,0.66887,88.2557,21.1891,0.0,0,8.6948,1.3925,63.157,0.0,True,26.5,4840,2.59,1.68
google,1000,10,linear,True,False,10.0,0.4,0.3,0.3,0,WOA,improved,10,0.3333333333333333,E22,10.62,62.6,36,0.761847,86.6231,10.2339,0.0,0,8.7948,1.4528,71.425,0.0,True,28.5,4840,2.1587,1.74
google,1000,10,linear,True,False,10.0,0.4,0.3,0.3,0,WOA,improved,11,0.3333333333333333,E22,10.62,62.6,36,0.741098,86.9874,12.6786,0.0,0,8.6448,1.4245,74.454,0.0,True,27.0,4840,2.4661,1.77
google,1000,10,linear,True,False,10.0,0.4,0.3,0.3,0,WOA,improved,12,0.3333333333333333,E22,10.62,62.6,36,0.767529,86.5234,9.5644,0.0,0,8.8948,1.4694,70.213,0.0,True,28.0,4840,2.7226,1.81
google,1000,10,linear,True,False,10.0,0.4,0.3,0.3,0,WOA,improved,13,0.3333333333333333,E22,10.62,62.6,36,0.762264,86.6158,10.1848,0.0,0,8.8448,1.4555,70.045,0.0,True,27.0,4840,2.6489,1.72
google,1000,10,linear,True,False,10.0,0.4,0.3,0.3,0,WOA,improved,14,0.3333333333333333,E22,10.62,62.6,36,0.748437,86.8586,11.8139,0.0,0,8.5948,1.4197,76.902,0.0,True,25.5,4840,2.5695,1.96
google,1000,10,linear,True,False,10.0,0.4,0.3,0.3,0,WOA,improved,15,0.3333333333333333,E22,10.62,62.6,36,0.754548,86.7513,11.094,0.0,0,8.6948,1.4354,73.495,0.0,True,26.5,4840,2.5736,1.8
google,1000,10,linear,True,False,10.0,0.4,0.3,0.3,0,WOA,improved,16,0.3333333333333333,E22,10.62,62.6,36,0.758858,86.6756,10.5861,0.0,0,8.7948,1.4464,72.047,0.0,True,28.0,4840,2.5629,1.76
google,1000,10,linear,True,False,10.0,0.4,0.3,0.3,0,WOA,improved,17,0.3333333333333333,E22,10.62,62.6,36,0.772658,86.4333,8.96,0.0,0,8.7948,1.4491,73.255,0.0,True,26.5,4840,2.6027,1.69
google,1000,10,linear,True,False,10.0,0.4,0.3,0.3,0,WOA,carbon,4,0.3333333333333333,E22,10.62,62.6,36,0.674127,88.1634,20.5697,0.0,0,8.7448,1.4075,60.517,0.0,True,26.5,4840,2.2318,1.76
google,1000,10,linear,True,False,10.0,0.4,0.3,0.3,0,WOA,carbon,5,0.3333333333333333,E22,10.62,62.6,36,0.677312,88.1074,20.1944,0.0,0,8.7448,1.4075,62.419,0.0,True,26.0,4840,2.6168,1.7
google,1000,10,linear,True,False,10.0,0.4,0.3,0.3,0,WOA,carbon,6,0.3333333333333333,E22,10.62,62.6,36,0.672686,88.1887,20.7395,0.0,0,8.7448,1.4075,62.03,0.0,True,26.5,4840,2.8613,1.72
google,1000,10,linear,True,False,10.0,0.4,0.3,0.3,0,WOA,carbon,7,0.3333333333333333,E22,10.62,62.6,36,0.681759,88.0293,19.6704,0.0,0,8.7948,1.415,60.146,0.0,True,26.5,4840,2.7698,1.72
google,1000,10,linear,True,False,10.0,0.4,0.3,0.3,0,WOA,carbon,8,0.3333333333333333,E22,10.62,62.6,36,0.670332,88.23,21.0169,0.0,0,8.6948,1.3931,63.424,0.0,True,26.5,4840,2.697,1.86
google,1000,10,linear,True,False,10.0,0.4,0.3,0.3,0,WOA,carbon,9,0.3333333333333333,E22,10.62,62.6,36,0.675103,88.1462,20.4547,0.0,0,8.7448,1.4,61.248,0.0,True,26.5,4840,2.7079,1.82
google,1000,10,linear,True,False,10.0,0.4,0.3,0.3,0,WOA,carbon,10,0.3333333333333333,E22,10.62,62.6,36,0.673314,88.1776,20.6655,0.0,0,8.5948,1.385,68.748,0.0,True,26.0,4840,2.7036,1.75
google,1000,10,linear,True,False,10.0,0.4,0.3,0.3,0,WOA,carbon,11,0.3333333333333333,E22,10.62,62.6,36,0.67167,88.2065,20.8592,0.0,0,8.6948,1.3925,62.891,0.0,True,26.5,4840,2.7264,1.74
google,1000,10,linear,True,False,10.0,0.7,0.0,0.3,0,WOA,carbon,6,0.3333333333333333,E22,10.62,62.6,36,0.672686,88.1887,20.7395,0.0,0,8.7448,1.4075,62.03,0.0,True,26.5,4840,2.5982,1.7
google,1000,10,linear,True,False,10.0,0.7,0.0,0.3,0,WOA,carbon,7,0.3333333333333333,E22,10.62,62.6,36,0.681759,88.0293,19.6704,0.0,0,8.7948,1.415,60.146,0.0,True,26.5,4840,2.5456,1.67
google,1000,10,linear,True,False,10.0,0.7,0.0,0.3,0,WOA,carbon,8,0.3333333333333333,E22,10.62,62.6,36,0.670332,88.23,21.0169,0.0,0,8.6948,1.3931,63.424,0.0,True,26.5,4840,2.5271,1.86
google,1000,10,linear,True,False,10.0,0.7,0.0,0.3,0,WOA,carbon,9,0.3333333333333333,E22,10.62,62.6,36,0.675103,88.1462,20.4547,0.0,0,8.7448,1.4,61.248,0.0,True,26.5,4840,2.5492,1.81
google,1000,10,linear,True,False,10.0,0.7,0.0,0.3,0,WOA,carbon,10,0.3333333333333333,E22,10.62,62.6,36,0.673314,88.1776,20.6655,0.0,0,8.5948,1.385,68.748,0.0,True,26.0,4840,2.5284,1.75
google,1000,10,linear,True,False,10.0,0.7,0.0,0.3,0,WOA,carbon,11,0.3333333333333333,E22,10.62,62.6,36,0.67167,88.2065,20.8592,0.0,0,8.6948,1.3925,62.891,0.0,True,26.5,4840,2.5131,1.74
google,1000,10,linear,True,False,10.0,0.7,0.0,0.3,0,WOA,carbon,12,0.3333333333333333,E22,10.62,62.6,36,0.670679,88.2239,20.976,0.0,0,8.6948,1.3925,63.841,0.0,True,26.5,4840,2.5469,1.7
google,1000,10,linear,True,False,10.0,0.7,0.0,0.3,0,WOA,carbon,13,0.3333333333333333,E22,10.62,62.6,36,0.668665,88.2593,21.2133,0.0,0,8.6948,1.3925,63.191,0.0,True,26.0,4840,2.5555,1.65
google,1000,10,linear,True,False,10.0,0.7,0.0,0.3,0,WOA,carbon,30,0.3333333333333333,E22,10.62,62.6,36,0.667954,88.2717,21.2971,0.0,0,8.6948,1.4006,64.166,0.0,True,26.5,4840,2.5412,1.89
google,1000,10,linear,True,False,10.0,0.7,0.3,0.0,0,WOA,carbon,1,0.3333333333333333,E22,10.62,62.6,36,0.677603,88.1023,20.1601,0.0,0,8.7948,1.4075,61.04,0.0,True,26.5,4840,2.5477,1.72
google,1000,10,linear,True,False,10.0,0.7,0.3,0.0,0,WOA,carbon,2,0.3333333333333333,E22,10.62,62.6,36,0.674456,88.1576,20.531,0.0,0,8.7448,1.4,61.799,0.0,True,26.0,4840,2.5388,1.77
google,1000,10,linear,True,False,10.0,0.7,0.3,0.0,0,WOA,carbon,3,0.3333333333333333,E22,10.62,62.6,36,0.683258,88.003,19.4938,0.0,0,8.7948,1.4225,58.226,0.0,True,26.5,4840,2.5185,1.73
google,1000,10,linear,True,False,10.0,0.7,0.3,0.0,0,WOA,carbon,4,0.3333333333333333,E22,10.62,62.6,36,0.674127,88.1634,20.5697,0.0,0,8.7448,1.4075,60.517,0.0,True,26.5,4840,2.5,1.72
google,1000,10,linear,True,False,10.0,0.7,0.3,0.0,0,WOA,carbon,5,0.3333333333333333,E22,10.62,62.6,36,0.677312,88.1074,20.1944,0.0,0,8.7448,1.4075,62.419,0.0,True,26.0,4840,2.559,1.67
google,1000,10,linear,True,False,10.0,0.7,0.3,0.0,0,WOA,carbon,6,0.3333333333333333,E22,10.62,62.6,36,0.672686,88.1887,20.7395,0.0,0,8.7448,1.4075,62.03,0.0,True,26.5,4840,2.5462,1.7
google,1000,10,linear,True,False,10.0,0.7,0.3,0.0,0,WOA,carbon,7,0.3333333333333333,E22,10.62,62.6,36,0.681759,88.0293,19.6704,0.0,0,8.7948,1.415,60.146,0.0,True,26.5,4840,2.5579,1.67
google,1000,10,linear,True,False,10.0,0.7,0.0,0.3,0,WOA,carbon,22,0.3333333333333333,E22,10.62,62.6,36,0.678172,88.0923,20.0931,0.0,0,8.7948,1.415,60.599,0.0,True,26.0,4840,2.5583,1.89
google,1000,10,linear,True,False,10.0,0.7,0.0,0.3,0,WOA,carbon,23,0.3333333333333333,E22,10.62,62.6,36,0.675635,88.1369,20.392,0.0,0,8.7448,1.4075,61.077,0.0,True,26.0,4840,2.5424,1.66
google,1000,10,linear,True,False,10.0,0.7,0.0,0.3,0,WOA,carbon,24,0.3333333333333333,E22,10.62,62.6,36,0.690283,87.8797,18.6661,0.0,0,8.8948,1.4381,56.843,0.0,True,26.5,4840,2.5476,1.79
google,1000,10,linear,True,False,10.0,0.7,0.0,0.3,0,WOA,carbon,25,0.3333333333333333,E22,10.62,62.6,36,0.677291,88.1078,20.1969,0.0,0,8.7448,1.4075,61.226,0.0,True,26.0,4840,2.5367,1.67
google,1000,10,linear,True,False,10.0,0.7,0.0,0.3,0,WOA,carbon,26,0.3333333333333333,E22,10.62,62.6,36,0.67376,88.1698,20.613,0.0,0,8.7448,1.4081,62.032,0.0,True,26.0,4840,2.5209,1.67
google,1000,10,linear,True,False,10.0,0.7,0.0,0.3,0,WOA,carbon,27,0.3333333333333333,E22,10.62,62.6,36,0.680866,88.045,19.7757,0.0,0,8.8448,1.4225,58.524,0.0,True,26.5,4840,2.536,1.67
google,1000,10,linear,True,False,10.0,0.7,0.0,0.3,0,WOA,carbon,28,0.3333333333333333,E22,10.62,62.6,36,0.679176,88.0747,19.9748,0.0,0,8.7948,1.415,60.468,0.0,True,26.0,4840,2.5378,1.68
google,1000,10,linear,True,False,10.0,0.7,0.0,0.3,0,WOA,carbon,29,0.3333333333333333,E22,10.62,62.6,36,0.667895,88.2728,21.3039,0.0,0,8.7448,1.4162,61.276,0.0,True,26.5,4840,2.5401,1.73
google,1000,10,linear,True,False,10.0,0.7,0.0,0.3,0,WOA,carbon,14,0.3333333333333333,E22,10.62,62.6,36,0.672473,88.1924,20.7646,0.0,0,8.6948,1.4,64.415,0.0,True,26.5,4840,2.5634,1.71
google,1000,10,linear,True,False,10.0,0.7,0.0,0.3,0,WOA,carbon,15,0.3333333333333333,E22,10.62,62.6,36,0.680202,88.0567,19.8539,0.0,0,8.7948,1.415,59.919,0.0,True,26.5,4840,2.5475,1.85
google,1000,10,linear,True,False,10.0,0.7,0.0,0.3,0,WOA,carbon,16,0.3333333333333333,E22,10.62,62.6,36,0.669291,88.2483,21.1395,0.0,0,8.6948,1.3925,64.492,0.0,True,26.5,4840,2.5497,1.71
google,1000,10,linear,True,False,10.0,0.7,0.0,0.3,0,WOA,carbon,17,0.3333333333333333,E22,10.62,62.6,36,0.67311,88.1812,20.6895,0.0,0,8.7948,1.4156,62.065,0.0,True,26.5,4840,2.5279,1.65
google,1000,10,linear,True,False,10.0,0.7,0.0,0.3,0,WOA,carbon,18,0.3333333333333333,E22,10.62,62.6,36,0.681807,88.0285,19.6648,0.0,0,8.7948,1.4156,60.402,0.0,True,26.0,4840,2.4972,1.87
google,1000,10,linear,True,False,10.0,0.7,0.0,0.3,0,WOA,carbon,19,0.3333333333333333,E22,10.62,62.6,36,0.66887,88.2557,21.1891,0.0,0,8.6948,1.3925,63.157,0.0,True,26.5,4840,2.5455,1.69
google,1000,10,linear,True,False,10.0,0.7,0.0,0.3,0,WOA,carbon,20,0.3333333333333333,E22,10.62,62.6,36,0.680471,88.052,19.8221,0.0,0,8.7948,1.4237,59.391,0.0,True,26.5,4840,2.5418,1.7
google,1000,10,linear,True,False,10.0,0.7,0.0,0.3,0,WOA,carbon,21,0.3333333333333333,E22,10.62,62.6,36,0.678238,88.0912,20.0853,0.0,0,8.7448,1.4075,62.036,0.0,True,26.5,4840,2.5648,1.78
google,1000,10,linear,True,False,10.0,0.7,0.3,0.0,0,WOA,carbon,8,0.3333333333333333,E22,10.62,62.6,36,0.670332,88.23,21.0169,0.0,0,8.6948,1.3931,63.424,0.0,True,26.5,4840,2.5387,1.86
google,1000,10,linear,True,False,10.0,0.7,0.3,0.0,0,WOA,carbon,9,0.3333333333333333,E22,10.62,62.6,36,0.675103,88.1462,20.4547,0.0,0,8.7448,1.4,61.248,0.0,True,26.5,4840,2.5512,1.81
google,1000,10,linear,True,False,10.0,0.7,0.3,0.0,0,WOA,carbon,10,0.3333333333333333,E22,10.62,62.6,36,0.673314,88.1776,20.6655,0.0,0,8.5948,1.385,68.748,0.0,True,26.0,4840,2.5425,1.75
google,1000,10,linear,True,False,10.0,0.7,0.3,0.0,0,WOA,carbon,11,0.3333333333333333,E22,10.62,62.6,36,0.67167,88.2065,20.8592,0.0,0,8.6948,1.3925,62.891,0.0,True,26.5,4840,2.5159,1.74
google,1000,10,linear,True,False,10.0,0.7,0.3,0.0,0,WOA,carbon,12,0.3333333333333333,E22,10.62,62.6,36,0.670679,88.2239,20.976,0.0,0,8.6948,1.3925,63.841,0.0,True,26.5,4840,2.502,1.7
google,1000,10,linear,True,False,10.0,0.7,0.3,0.0,0,WOA,carbon,13,0.3333333333333333,E22,10.62,62.6,36,0.668665,88.2593,21.2133,0.0,0,8.6948,1.3925,63.191,0.0,True,26.0,4840,2.573,1.65
google,1000,10,linear,True,False,10.0,0.7,0.3,0.0,0,WOA,carbon,14,0.3333333333333333,E22,10.62,62.6,36,0.672473,88.1924,20.7646,0.0,0,8.6948,1.4,64.415,0.0,True,26.5,4840,2.543,1.71
google,1000,10,linear,True,False,10.0,0.7,0.3,0.0,0,WOA,carbon,15,0.3333333333333333,E22,10.62,62.6,36,0.680202,88.0567,19.8539,0.0,0,8.7948,1.415,59.919,0.0,True,26.5,4840,2.5615,1.85
google,1000,10,linear,True,False,10.0,0.7,0.3,0.0,0,WOA,carbon,16,0.3333333333333333,E22,10.62,62.6,36,0.669291,88.2483,21.1395,0.0,0,8.6948,1.3925,64.492,0.0,True,26.5,4840,2.5677,1.71
google,1000,10,linear,True,False,10.0,0.7,0.3,0.0,0,WOA,carbon,17,0.3333333333333333,E22,10.62,62.6,36,0.67311,88.1812,20.6895,0.0,0,8.7948,1.4156,62.065,0.0,True,26.5,4840,2.5546,1.65
google,1000,10,linear,True,False,10.0,0.7,0.3,0.0,0,WOA,carbon,18,0.3333333333333333,E22,10.62,62.6,36,0.681807,88.0285,19.6648,0.0,0,8.7948,1.4156,60.402,0.0,True,26.0,4840,2.5258,1.87
google,1000,10,linear,True,False,10.0,0.7,0.3,0.0,0,WOA,carbon,19,0.3333333333333333,E22,10.62,62.6,36,0.66887,88.2557,21.1891,0.0,0,8.6948,1.3925,63.157,0.0,True,26.5,4840,2.519,1.69
google,1000,10,linear,True,False,10.0,0.7,0.3,0.0,0,WOA,carbon,20,0.3333333333333333,E22,10.62,62.6,36,0.680471,88.052,19.8221,0.0,0,8.7948,1.4237,59.391,0.0,True,26.5,4840,2.5079,1.7
google,1000,10,linear,True,False,10.0,0.7,0.3,0.0,0,WOA,carbon,21,0.3333333333333333,E22,10.62,62.6,36,0.678238,88.0912,20.0853,0.0,0,8.7448,1.4075,62.036,0.0,True,26.5,4840,2.5541,1.78
google,1000,10,linear,True,False,10.0,0.7,0.3,0.0,0,WOA,carbon,22,0.3333333333333333,E22,10.62,62.6,36,0.678172,88.0923,20.0931,0.0,0,8.7948,1.415,60.599,0.0,True,26.0,4840,2.5607,1.89
google,1000,10,linear,True,False,10.0,0.7,0.3,0.0,0,WOA,carbon,23,0.3333333333333333,E22,10.62,62.6,36,0.675635,88.1369,20.392,0.0,0,8.7448,1.4075,61.077,0.0,True,26.0,4840,2.5576,1.66
google,1000,10,linear,True,False,10.0,0.7,0.3,0.0,0,WOA,carbon,24,0.3333333333333333,E22,10.62,62.6,36,0.690283,87.8797,18.6661,0.0,0,8.8948,1.4381,56.843,0.0,True,26.5,4840,2.5528,1.79
google,1000,10,linear,True,False,10.0,0.7,0.3,0.0,0,WOA,carbon,25,0.3333333333333333,E22,10.62,62.6,36,0.677291,88.1078,20.1969,0.0,0,8.7448,1.4075,61.226,0.0,True,26.0,4840,2.5562,1.67
google,1000,10,linear,True,False,10.0,0.7,0.3,0.0,0,WOA,carbon,26,0.3333333333333333,E22,10.62,62.6,36,0.67376,88.1698,20.613,0.0,0,8.7448,1.4081,62.032,0.0,True,26.0,4840,2.5554,1.67
google,1000,10,linear,True,False,10.0,0.7,0.3,0.0,0,WOA,carbon,27,0.3333333333333333,E22,10.62,62.6,36,0.680866,88.045,19.7757,0.0,0,8.8448,1.4225,58.524,0.0,True,26.5,4840,2.511,1.67
google,1000,10,linear,True,False,10.0,0.7,0.3,0.0,0,WOA,carbon,28,0.3333333333333333,E22,10.62,62.6,36,0.679176,88.0747,19.9748,0.0,0,8.7948,1.415,60.468,0.0,True,26.0,4840,2.5024,1.68
google,1000,10,linear,True,False,10.0,0.7,0.3,0.0,0,WOA,carbon,29,0.3333333333333333,E22,10.62,62.6,36,0.667895,88.2728,21.3039,0.0,0,8.7448,1.4162,61.276,0.0,True,26.5,4840,2.5512,1.73
google,1000,10,linear,True,False,10.0,0.7,0.3,0.0,0,WOA,carbon,30,0.3333333333333333,E22,10.62,62.6,36,0.667954,88.2717,21.2971,0.0,0,8.6948,1.4006,64.166,0.0,True,26.5,4840,2.5324,1.89
google,1000,10,linear,True,False,10.0,0.4,0.3,0.3,0,WOA,random,1,0.3333333333333333,E22,10.62,62.6,36,0.772131,86.4426,9.0222,0.0,0,8.7948,1.449,72.84,0.0,True,27.0,4840,2.5626,1.71
google,1000,10,linear,True,False,10.0,0.4,0.3,0.3,0,WOA,random,2,0.3333333333333333,E22,10.62,62.6,36,0.752534,86.7866,11.3312,0.0,0,8.6948,1.4326,72.933,0.0,True,27.0,4840,2.5487,1.74
google,1000,10,linear,True,False,10.0,0.4,0.3,0.3,0,WOA,random,3,0.3333333333333333,E22,10.62,62.6,36,0.773165,86.4244,8.9003,0.0,0,8.7448,1.4399,73.507,0.0,True,27.5,4840,2.5476,1.84
google,1000,10,linear,True,False,10.0,0.4,0.3,0.3,0,WOA,random,4,0.3333333333333333,E22,10.62,62.6,36,0.764453,86.5774,9.9268,0.0,0,8.8448,1.4591,71.296,0.0,True,27.0,4840,2.5281,1.96
google,1000,10,linear,True,False,10.0,0.4,0.3,0.3,0,WOA,random,5,0.3333333333333333,E22,10.62,62.6,36,0.749533,86.8393,11.6848,0.0,0,8.6948,1.4341,75.015,0.0,True,26.5,4840,2.5259,1.85
google,1000,10,linear,True,False,10.0,0.4,0.3,0.3,0,WOA,random,6,0.3333333333333333,E22,10.62,62.6,36,0.757738,86.6953,10.7181,0.0,0,8.6448,1.4234,74.763,0.0,True,26.5,4840,2.4968,1.83
google,1000,10,linear,True,False,10.0,0.4,0.3,0.3,0,WOA,random,7,0.3333333333333333,E22,10.62,62.6,36,0.774837,86.395,8.7034,0.0,0,8.8448,1.4669,71.096,0.0,True,28.0,4840,2.5682,1.85
google,1000,10,linear,True,False,10.0,0.4,0.3,0.3,0,WOA,random,8,0.3333333333333333,E22,10.62,62.6,36,0.769849,86.4826,9.2911,0.0,0,8.8948,1.4734,70.868,0.0,True,28.0,4840,2.5345,1.89
google,1000,10,linear,True,False,10.0,0.4,0.3,0.3,0,WOA,random,9,0.3333333333333333,E22,10.62,62.6,36,0.772501,86.436,8.9785,0.0,0,8.7948,1.456,73.259,0.0,True,26.0,4840,2.5639,1.84
google,1000,10,linear,True,False,10.0,0.4,0.3,0.3,0,WOA,random,18,0.3333333333333333,E22,10.62,62.6,36,0.764748,86.5722,9.8921,0.0,0,8.7948,1.4509,71.376,0.0,True,26.5,4840,2.5613,1.77
google,1000,10,linear,True,False,10.0,0.4,0.3,0.3,0,WOA,random,19,0.3333333333333333,E22,10.62,62.6,36,0.75084,86.8164,11.5308,0.0,0,8.7448,1.4418,72.541,0.0,True,26.5,4840,2.5516,1.81
google,1000,10,linear,True,False,10.0,0.4,0.3,0.3,0,WOA,random,20,0.3333333333333333,E22,10.62,62.6,36,0.763167,86.6,10.0784,0.0,0,8.7448,1.4504,74.0,0.0,True,27.0,4840,2.5492,1.72
google,1000,10,linear,True,False,10.0,0.4,0.3,0.3,0,WOA,random,21,0.3333333333333333,E22,10.62,62.6,36,0.769541,86.488,9.3273,0.0,0,8.8448,1.4636,71.482,0.0,True,28.5,4840,2.5139,1.73
google,1000,10,linear,True,False,10.0,0.4,0.3,0.3,0,WOA,random,22,0.3333333333333333,E22,10.62,62.6,36,0.772503,86.436,8.9783,0.0,0,8.7448,1.4405,73.795,0.0,True,27.0,4840,2.5344,1.73
google,1000,10,linear,True,False,10.0,0.4,0.3,0.3,0,WOA,random,23,0.3333333333333333,E22,10.62,62.6,36,0.760655,86.644,10.3743,0.0,0,8.7448,1.4498,73.272,0.0,True,27.0,4840,2.56,1.75
google,1000,10,linear,True,False,10.0,0.4,0.3,0.3,0,WOA,random,24,0.3333333333333333,E22,10.62,62.6,36,0.762312,86.615,10.1792,0.0,0,8.7948,1.4594,72.095,0.0,True,27.0,4840,2.5638,1.71
google,1000,10,linear,True,False,10.0,0.4,0.3,0.3,0,WOA,random,25,0.3333333333333333,E22,10.62,62.6,36,0.763961,86.586,9.9848,0.0,0,8.7448,1.4452,72.871,0.0,True,27.0,4840,2.5824,1.67
google,1000,10,linear,True,False,10.0,0.4,0.3,0.3,0,WOA,random,10,0.3333333333333333,E22,10.62,62.6,36,0.775661,86.3806,8.6062,0.0,0,8.8448,1.4537,71.716,0.0,True,28.0,4840,2.5913,1.67
google,1000,10,linear,True,False,10.0,0.4,0.3,0.3,0,WOA,random,11,0.3333333333333333,E22,10.62,62.6,36,0.769033,86.4969,9.3872,0.0,0,8.9448,1.4694,67.82,0.0,True,27.0,4840,2.5626,1.96
google,1000,10,linear,True,False,10.0,0.4,0.3,0.3,0,WOA,random,12,0.3333333333333333,E22,10.62,62.6,36,0.763971,86.5858,9.9836,0.0,0,8.7448,1.4399,72.246,0.0,True,26.5,4840,2.5707,1.83
google,1000,10,linear,True,False,10.0,0.4,0.3,0.3,0,WOA,random,13,0.3333333333333333,E22,10.62,62.6,36,0.761845,86.6232,10.2342,0.0,0,8.7448,1.4382,74.643,0.0,True,27.0,4840,2.5401,1.8
google,1000,10,linear,True,False,10.0,0.4,0.3,0.3,0,WOA,random,14,0.3333333333333333,E22,10.62,62.6,36,0.767114,86.5306,9.6134,0.0,0,8.6948,1.4343,75.159,0.0,True,27.5,4840,2.5175,1.67
google,1000,10,linear,True,False,10.0,0.4,0.3,0.3,0,WOA,random,15,0.3333333333333333,E22,10.62,62.6,36,0.768133,86.5128,9.4932,0.0,0,8.8448,1.4532,70.664,0.0,True,27.5,4840,2.5816,1.75
google,1000,10,linear,True,False,10.0,0.4,0.3,0.3,0,WOA,random,16,0.3333333333333333,E22,10.62,62.6,36,0.758105,86.6888,10.6748,0.0,0,8.7448,1.4384,73.392,0.0,True,28.0,4840,2.5442,1.91
google,1000,10,linear,True,False,10.0,0.4,0.3,0.3,0,WOA,random,17,0.3333333333333333,E22,10.62,62.6,36,0.756283,86.7208,10.8895,0.0,0,8.7448,1.4371,74.205,0.0,True,27.5,4840,2.6038,1.88
google,1000,10,linear,True,False,10.0,0.4,0.3,0.3,0,WOA,random,26,0.3333333333333333,E22,10.62,62.6,36,0.761408,86.6308,10.2856,0.0,0,8.8948,1.4592,69.438,0.0,True,28.0,4840,2.5856,1.85
google,1000,10,linear,True,False,10.0,0.4,0.3,0.3,0,WOA,random,27,0.3333333333333333,E22,10.62,62.6,36,0.768475,86.5067,9.453,0.0,0,8.8448,1.4647,72.018,0.0,True,28.0,4840,2.5746,1.77
google,1000,10,linear,True,False,10.0,0.4,0.3,0.3,0,WOA,random,28,0.3333333333333333,E22,10.62,62.6,36,0.764325,86.5796,9.942,0.0,0,8.7448,1.4349,72.733,0.0,True,27.5,4840,2.5669,1.79
google,1000,10,linear,True,False,10.0,0.4,0.3,0.3,0,WOA,random,29,0.3333333333333333,E22,10.62,62.6,36,0.767448,86.5248,9.5739,0.0,0,8.7448,1.4411,72.526,0.0,True,26.5,4840,2.5387,1.73
google,1000,10,linear,True,False,10.0,0.4,0.3,0.3,0,WOA,random,30,0.3333333333333333,E22,10.62,62.6,36,0.756659,86.7142,10.8452,0.0,0,8.7448,1.448,72.741,0.0,True,27.0,4840,2.5426,1.79
google,1000,10,linear,True,False,10.0,0.4,0.3,0.3,0,WOA,carbon,1,0.3333333333333333,E22,10.62,62.6,36,0.677603,88.1023,20.1601,0.0,0,8.7948,1.4075,61.04,0.0,True,26.5,4840,2.6043,1.72
google,1000,10,linear,True,False,10.0,0.4,0.3,0.3,0,WOA,carbon,2,0.3333333333333333,E22,10.62,62.6,36,0.674456,88.1576,20.531,0.0,0,8.7448,1.4,61.799,0.0,True,26.0,4840,2.5901,1.76
google,1000,10,linear,True,False,10.0,0.4,0.3,0.3,0,WOA,carbon,3,0.3333333333333333,E22,10.62,62.6,36,0.683309,88.0021,19.4878,0.0,0,8.7948,1.4225,58.25,0.0,True,26.5,4840,2.5907,1.7
google,1000,10,linear,True,False,10.0,0.4,0.3,0.3,0,WOA,carbon,4,0.3333333333333333,E22,10.62,62.6,36,0.674127,88.1634,20.5697,0.0,0,8.7448,1.4075,60.517,0.0,True,26.5,4840,2.7142,1.72
google,1000,10,linear,True,False,10.0,0.4,0.3,0.3,0,WOA,carbon,5,0.3333333333333333,E22,10.62,62.6,36,0.677312,88.1074,20.1944,0.0,0,8.7448,1.4075,62.419,0.0,True,26.0,4840,2.7129,1.67
google,1000,10,linear,True,False,10.0,0.4,0.3,0.3,0,WOA,carbon,6,0.3333333333333333,E22,10.62,62.6,36,0.672686,88.1887,20.7395,0.0,0,8.7448,1.4075,62.03,0.0,True,26.5,4840,2.6683,1.7
google,1000,10,linear,True,False,10.0,0.4,0.3,0.3,0,WOA,carbon,7,0.3333333333333333,E22,10.62,62.6,36,0.681759,88.0293,19.6704,0.0,0,8.7948,1.415,60.146,0.0,True,26.5,4840,2.6827,1.7
google,1000,10,linear,True,False,10.0,0.4,0.3,0.3,0,WOA,carbon,8,0.3333333333333333,E22,10.62,62.6,36,0.670332,88.23,21.0169,0.0,0,8.6948,1.3931,63.424,0.0,True,26.5,4840,2.68,1.86
google,1000,10,linear,True,False,10.0,0.4,0.3,0.3,0,WOA,carbon,9,0.3333333333333333,E22,10.62,62.6,36,0.675103,88.1462,20.4547,0.0,0,8.7448,1.4,61.248,0.0,True,26.5,4840,2.7143,1.82
google,1000,10,linear,True,False,10.0,0.4,0.3,0.3,0,WOA,carbon,10,0.3333333333333333,E22,10.62,62.6,36,0.673314,88.1776,20.6655,0.0,0,8.5948,1.385,68.748,0.0,True,26.0,4840,2.6995,1.75
google,1000,10,linear,True,False,10.0,0.4,0.3,0.3,0,WOA,carbon,11,0.3333333333333333,E22,10.62,62.6,36,0.67167,88.2065,20.8592,0.0,0,8.6948,1.3925,62.891,0.0,True,26.5,4840,2.7484,1.74
google,1000,10,linear,True,False,10.0,0.4,0.3,0.3,0,WOA,carbon,12,0.3333333333333333,E22,10.62,62.6,36,0.670679,88.2239,20.976,0.0,0,8.6948,1.3925,63.841,0.0,True,26.5,4840,2.557,1.71
google,1000,10,linear,True,False,10.0,0.4,0.3,0.3,0,WOA,carbon,13,0.3333333333333333,E22,10.62,62.6,36,0.668665,88.2593,21.2133,0.0,0,8.6948,1.3925,63.191,0.0,True,26.0,4840,2.5941,1.66
google,1000,10,linear,True,False,10.0,0.4,0.3,0.3,0,WOA,carbon,14,0.3333333333333333,E22,10.62,62.6,36,0.672473,88.1924,20.7646,0.0,0,8.6948,1.4,64.415,0.0,True,26.5,4840,2.5518,1.71
google,1000,10,linear,True,False,10.0,0.4,0.3,0.3,0,WOA,carbon,15,0.3333333333333333,E22,10.62,62.6,36,0.680188,88.0569,19.8556,0.0,0,8.7948,1.415,60.029,0.0,True,26.5,4840,2.5411,1.87
google,1000,10,linear,True,False,10.0,0.4,0.3,0.3,0,WOA,carbon,16,0.3333333333333333,E22,10.62,62.6,36,0.669291,88.2483,21.1395,0.0,0,8.6948,1.3925,64.492,0.0,True,26.5,4840,2.5887,1.71
google,1000,10,linear,True,False,10.0,0.4,0.3,0.3,0,WOA,carbon,17,0.3333333333333333,E22,10.62,62.6,36,0.67311,88.1812,20.6895,0.0,0,8.7948,1.4156,62.065,0.0,True,26.5,4840,2.6283,1.67
google,1000,10,linear,True,False,10.0,0.4,0.3,0.3,0,WOA,carbon,18,0.3333333333333333,E22,10.62,62.6,36,0.681914,88.0266,19.6521,0.0,0,8.7948,1.4156,60.748,0.0,True,26.0,4840,2.5664,1.76
google,1000,10,linear,True,False,10.0,0.4,0.3,0.3,0,WOA,carbon,19,0.3333333333333333,E22,10.62,62.6,36,0.66887,88.2557,21.1891,0.0,0,8.6948,1.3925,63.157,0.0,True,26.5,4840,2.5437,1.7
google,1000,10,linear,True,False,10.0,0.4,0.3,0.3,0,WOA,carbon,20,0.3333333333333333,E22,10.62,62.6,36,0.675281,88.1431,20.4337,0.0,0,8.7448,1.4156,61.207,0.0,True,26.5,4840,2.5955,1.76
google,1000,10,linear,True,False,10.0,0.4,0.3,0.3,0,WOA,carbon,21,0.3333333333333333,E22,10.62,62.6,36,0.678238,88.0912,20.0853,0.0,0,8.7448,1.4075,62.036,0.0,True,26.5,4840,2.5516,1.79
google,1000,10,linear,True,False,10.0,0.4,0.3,0.3,0,WOA,carbon,22,0.3333333333333333,E22,10.62,62.6,36,0.678172,88.0923,20.0931,0.0,0,8.7948,1.415,60.599,0.0,True,26.0,4840,2.5331,1.89
google,1000,10,linear,True,False,10.0,0.4,0.3,0.3,0,WOA,carbon,23,0.3333333333333333,E22,10.62,62.6,36,0.675635,88.1369,20.392,0.0,0,8.7448,1.4075,61.077,0.0,True,26.0,4840,2.5947,1.67
google,1000,10,linear,True,False,10.0,0.4,0.3,0.3,0,WOA,carbon,24,0.3333333333333333,E22,10.62,62.6,36,0.690283,87.8797,18.6661,0.0,0,8.8948,1.4381,56.843,0.0,True,26.5,4840,2.609,1.81
google,1000,10,linear,True,False,10.0,0.4,0.3,0.3,0,WOA,carbon,25,0.3333333333333333,E22,10.62,62.6,36,0.677291,88.1078,20.1969,0.0,0,8.7448,1.4075,61.226,0.0,True,26.0,4840,2.5655,1.69
google,1000,10,linear,True,False,10.0,0.4,0.3,0.3,0,WOA,carbon,26,0.3333333333333333,E22,10.62,62.6,36,0.67376,88.1698,20.613,0.0,0,8.7448,1.4081,62.032,0.0,True,26.0,4840,2.5473,1.7
google,1000,10,linear,True,False,10.0,0.4,0.3,0.3,0,WOA,carbon,27,0.3333333333333333,E22,10.62,62.6,36,0.680866,88.045,19.7757,0.0,0,8.8448,1.4225,58.524,0.0,True,26.5,4840,2.5463,1.7
google,1000,10,linear,True,False,10.0,0.4,0.3,0.3,0,PSO,random,2,0.3333333333333333,E22,10.62,62.6,36,0.752872,86.7807,11.2914,0.0,0,8.5948,1.4197,76.064,0.0,True,25.5,4840,2.7072,3.1
google,1000,10,linear,True,False,10.0,0.4,0.3,0.3,0,PSO,random,3,0.3333333333333333,E22,10.62,62.6,36,0.770069,86.4788,9.2651,0.0,0,8.7448,1.4382,72.563,0.0,True,26.5,4840,2.667,2.94
google,1000,10,linear,True,False,10.0,0.4,0.3,0.3,0,PSO,random,4,0.3333333333333333,E22,10.62,62.6,36,0.751093,86.8119,11.501,0.0,0,8.6448,1.4231,76.21,0.0,True,25.0,4840,2.6763,3.04
google,1000,10,linear,True,False,10.0,0.4,0.3,0.3,0,PSO,random,5,0.3333333333333333,E22,10.62,62.6,36,0.760647,86.6442,10.3753,0.0,0,8.6948,1.4352,74.531,0.0,True,26.0,4840,2.709,2.92
google,1000,10,linear,True,False,10.0,0.4,0.3,0.3,0,PSO,random,6,0.3333333333333333,E22,10.62,62.6,36,0.764956,86.5685,9.8675,0.0,0,8.6948,1.4336,74.568,0.0,True,25.5,4840,2.6709,2.95
google,1000,10,linear,True,False,10.0,0.4,0.3,0.3,0,PSO,random,7,0.3333333333333333,E22,10.62,62.6,36,0.766897,86.5344,9.6388,0.0,0,8.6948,1.4302,74.507,0.0,True,26.5,4840,2.6534,2.92
google,1000,10,linear,True,False,10.0,0.4,0.3,0.3,0,PSO,random,8,0.3333333333333333,E22,10.62,62.6,36,0.75432,86.7553,11.1208,0.0,0,8.5948,1.4153,76.706,0.0,True,25.0,4840,2.6636,3.06
google,1000,10,linear,True,False,10.0,0.4,0.3,0.3,0,PSO,random,9,0.3333333333333333,E22,10.62,62.6,36,0.760036,86.6549,10.4473,0.0,0,8.6448,1.4249,75.91,0.0,True,25.5,4840,2.6525,3.02
google,1000,10,linear,True,False,10.0,0.4,0.3,0.3,0,WOA,carbon,28,0.3333333333333333,E22,10.62,62.6,36,0.679176,88.0747,19.9748,0.0,0,8.7948,1.415,60.468,0.0,True,26.0,4840,2.606,1.7
google,1000,10,linear,True,False,10.0,0.4,0.3,0.3,0,WOA,carbon,29,0.3333333333333333,E22,10.62,62.6,36,0.667895,88.2728,21.3039,0.0,0,8.7448,1.4162,61.276,0.0,True,26.5,4840,2.5376,1.73
google,1000,10,linear,True,False,10.0,0.4,0.3,0.3,0,WOA,carbon,30,0.3333333333333333,E22,10.62,62.6,36,0.667954,88.2717,21.2971,0.0,0,8.6948,1.4006,64.166,0.0,True,26.5,4840,2.5125,1.89
google,1000,10,linear,True,False,10.0,0.4,0.3,0.3,0,GWO,random,1,0.3333333333333333,E22,10.62,62.6,36,0.763703,86.5905,10.0152,0.0,0,8.6948,1.4302,74.238,0.0,True,25.5,4840,3.1193,1.7
google,1000,10,linear,True,False,10.0,0.4,0.3,0.3,0,GWO,random,2,0.3333333333333333,E22,10.62,62.6,36,0.768156,86.5123,9.4905,0.0,0,8.7448,1.4371,74.437,0.0,True,25.0,4840,3.0555,1.72
google,1000,10,linear,True,False,10.0,0.4,0.3,0.3,0,GWO,random,3,0.3333333333333333,E22,10.62,62.6,36,0.764174,86.5823,9.9597,0.0,0,8.7448,1.4463,74.909,0.0,True,25.5,4840,3.0416,1.68
google,1000,10,linear,True,False,10.0,0.4,0.3,0.3,0,GWO,random,4,0.3333333333333333,E22,10.62,62.6,36,0.763547,86.5933,10.0336,0.0,0,8.6948,1.4313,75.673,0.0,True,25.5,4840,3.0235,1.74
google,1000,10,linear,True,False,10.0,0.4,0.3,0.3,0,GWO,random,5,0.3333333333333333,E22,10.62,62.6,36,0.755315,86.7378,11.0036,0.0,0,8.6948,1.4302,75.232,0.0,True,25.0,4840,3.0419,1.92
google,1000,10,linear,True,False,10.0,0.4,0.3,0.3,0,GWO,carbon,24,0.3333333333333333,E22,10.62,62.6,36,0.673553,88.1734,20.6373,0.0,0,8.5948,1.385,68.863,0.0,True,26.0,4840,3.0949,1.95
google,1000,10,linear,True,False,10.0,0.4,0.3,0.3,0,GWO,carbon,25,0.3333333333333333,E22,10.62,62.6,36,0.667081,88.2871,21.3998,0.0,0,8.5948,1.3775,68.765,0.0,True,26.5,4840,2.9871,1.95
google,1000,10,linear,True,False,10.0,0.4,0.3,0.3,0,GWO,carbon,26,0.3333333333333333,E22,10.62,62.6,36,0.676889,88.1148,20.2442,0.0,0,8.6948,1.3925,65.335,0.0,True,26.0,4840,3.0449,1.93
google,1000,10,linear,True,False,10.0,0.4,0.3,0.3,0,GWO,carbon,27,0.3333333333333333,E22,10.62,62.6,36,0.6638,88.3447,21.7865,0.0,0,8.5948,1.385,65.728,0.0,True,26.5,4840,3.1197,1.92
google,1000,10,linear,True,False,10.0,0.4,0.3,0.3,0,GWO,carbon,28,0.3333333333333333,E22,10.62,62.6,36,0.691567,87.8571,18.5147,0.0,0,8.7948,1.4231,63.903,0.0,True,26.0,4840,3.0419,1.82
google,1000,10,linear,True,False,10.0,0.4,0.3,0.3,0,GWO,carbon,29,0.3333333333333333,E22,10.62,62.6,36,0.675091,88.1464,20.4561,0.0,0,8.6948,1.3925,66.288,0.0,True,26.0,4840,3.0172,1.9
google,1000,10,linear,True,False,10.0,0.4,0.3,0.3,0,GWO,carbon,30,0.3333333333333333,E22,10.62,62.6,36,0.668066,88.2698,21.2838,0.0,0,8.5948,1.3775,67.284,0.0,True,26.0,4840,3.0402,1.94
google,1000,10,linear,True,False,10.0,0.4,0.3,0.3,0,PSO,random,1,0.3333333333333333,E22,10.62,62.6,36,0.755694,86.7312,10.9588,0.0,0,8.6448,1.4266,75.676,0.0,True,25.0,4840,2.6674,2.99
google,1000,10,linear,True,False,10.0,0.4,0.3,0.3,0,GWO,carbon,8,0.3333333333333333,E22,10.62,62.6,36,0.673864,88.168,20.6007,0.0,0,8.5948,1.37,67.206,0.0,True,26.5,4840,3.0857,1.96
google,1000,10,linear,True,False,10.0,0.4,0.3,0.3,0,GWO,carbon,9,0.3333333333333333,E22,10.62,62.6,36,0.676555,88.1207,20.2836,0.0,0,8.6948,1.385,64.357,0.0,True,26.5,4840,3.0098,1.85
google,1000,10,linear,True,False,10.0,0.4,0.3,0.3,0,GWO,carbon,10,0.3333333333333333,E22,10.62,62.6,36,0.662211,88.3726,21.9737,0.0,0,8.5948,1.3775,67.719,0.0,True,26.0,4840,3.0105,1.97
google,1000,10,linear,True,False,10.0,0.4,0.3,0.3,0,GWO,carbon,11,0.3333333333333333,E22,10.62,62.6,36,0.686213,87.9511,19.1456,0.0,0,8.7948,1.4075,64.398,0.0,True,26.0,4840,3.0902,1.83
google,1000,10,linear,True,False,10.0,0.4,0.3,0.3,0,GWO,carbon,12,0.3333333333333333,E22,10.62,62.6,36,0.666218,88.3022,21.5016,0.0,0,8.5948,1.385,65.119,0.0,True,26.5,4840,3.0337,1.99
google,1000,10,linear,True,False,10.0,0.4,0.3,0.3,0,GWO,carbon,13,0.3333333333333333,E22,10.62,62.6,36,0.659301,88.4237,22.3166,0.0,0,8.5448,1.37,67.621,0.0,True,26.0,4840,3.0326,1.98
google,1000,10,linear,True,False,10.0,0.4,0.3,0.3,0,GWO,carbon,14,0.3333333333333333,E22,10.62,62.6,36,0.671064,88.2171,20.9306,0.0,0,8.6448,1.3925,66.577,0.0,True,26.0,4840,3.0238,1.93
google,1000,10,linear,True,False,10.0,0.4,0.3,0.3,0,GWO,carbon,15,0.3333333333333333,E22,10.62,62.6,36,0.67123,88.2142,20.9111,0.0,0,8.6948,1.4,63.986,0.0,True,26.0,4840,3.0299,1.94
google,1000,10,linear,True,False,10.0,0.4,0.3,0.3,0,GWO,random,30,0.3333333333333333,E22,10.62,62.6,36,0.756642,86.7145,10.8472,0.0,0,8.6948,1.4313,74.57,0.0,True,25.5,4840,3.0948,1.77
google,1000,10,linear,True,False,10.0,0.4,0.3,0.3,0,GWO,carbon,1,0.3333333333333333,E22,10.62,62.6,36,0.656436,88.474,22.6541,0.0,0,8.4948,1.355,73.021,0.0,True,26.0,4840,3.0171,2.0
google,1000,10,linear,True,False,10.0,0.4,0.3,0.3,0,GWO,carbon,2,0.3333333333333333,E22,10.62,62.6,36,0.68719,87.934,19.0305,0.0,0,8.7948,1.4075,62.609,0.0,True,26.5,4840,3.0282,1.81
google,1000,10,linear,True,False,10.0,0.4,0.3,0.3,0,GWO,carbon,3,0.3333333333333333,E22,10.62,62.6,36,0.673612,88.1724,20.6304,0.0,0,8.5948,1.385,68.384,0.0,True,26.0,4840,3.0943,2.01
google,1000,10,linear,True,False,10.0,0.4,0.3,0.3,0,GWO,carbon,4,0.3333333333333333,E22,10.62,62.6,36,0.672776,88.1871,20.7288,0.0,0,8.5448,1.3775,69.921,0.0,True,26.0,4840,3.0536,1.9
google,1000,10,linear,True,False,10.0,0.4,0.3,0.3,0,GWO,carbon,5,0.3333333333333333,E22,10.62,62.6,36,0.67564,88.1368,20.3914,0.0,0,8.5948,1.385,68.969,0.0,True,26.5,4840,3.0372,1.88
google,1000,10,linear,True,False,10.0,0.4,0.3,0.3,0,GWO,carbon,6,0.3333333333333333,E22,10.62,62.6,36,0.672453,88.1927,20.7669,0.0,0,8.6448,1.385,67.142,0.0,True,26.0,4840,3.0418,1.99
google,1000,10,linear,True,False,10.0,0.4,0.3,0.3,0,GWO,carbon,7,0.3333333333333333,E22,10.62,62.6,36,0.679307,88.0724,19.9593,0.0,0,8.6448,1.3925,67.647,0.0,True,26.0,4840,3.0476,1.93
google,1000,10,linear,True,False,10.0,0.4,0.3,0.3,0,GWO,random,6,0.3333333333333333,E22,10.62,62.6,36,0.763594,86.5924,10.0281,0.0,0,8.6948,1.4313,75.124,0.0,True,25.0,4840,3.0885,1.88
google,1000,10,linear,True,False,10.0,0.4,0.3,0.3,0,GWO,random,7,0.3333333333333333,E22,10.62,62.6,36,0.764311,86.5799,9.9436,0.0,0,8.6948,1.4369,76.436,0.0,True,25.5,4840,3.0361,1.67
google,1000,10,linear,True,False,10.0,0.4,0.3,0.3,0,GWO,random,8,0.3333333333333333,E22,10.62,62.6,36,0.75166,86.802,11.4342,0.0,0,8.5448,1.4143,77.507,0.0,True,25.5,4840,3.035,1.83
google,1000,10,linear,True,False,10.0,0.4,0.3,0.3,0,GWO,random,9,0.3333333333333333,E22,10.62,62.6,36,0.75464,86.7497,11.0831,0.0,0,8.5948,1.4126,75.666,0.0,True,25.5,4840,3.1286,1.99
google,1000,10,linear,True,False,10.0,0.4,0.3,0.3,0,GWO,random,10,0.3333333333333333,E22,10.62,62.6,36,0.765661,86.5562,9.7846,0.0,0,8.6448,1.4192,74.545,0.0,True,25.5,4840,3.047,1.73
google,1000,10,linear,True,False,10.0,0.4,0.3,0.3,0,GWO,random,11,0.3333333333333333,E22,10.62,62.6,36,0.754285,86.7559,11.1249,0.0,0,8.6448,1.4238,76.463,0.0,True,25.0,4840,3.0408,1.72
google,1000,10,linear,True,False,10.0,0.4,0.3,0.3,0,GWO,random,12,0.3333333333333333,E22,10.62,62.6,36,0.757319,86.7026,10.7674,0.0,0,8.6948,1.4244,75.208,0.0,True,25.0,4840,3.0338,1.72
google,1000,10,linear,True,False,10.0,0.4,0.3,0.3,0,GWO,random,13,0.3333333333333333,E22,10.62,62.6,36,0.767791,86.5188,9.5336,0.0,0,8.7448,1.4452,73.021,0.0,True,27.5,4840,3.0568,1.67
google,1000,10,linear,True,False,10.0,0.4,0.3,0.3,0,GWO,random,14,0.3333333333333333,E22,10.62,62.6,36,0.754653,86.7494,11.0816,0.0,0,8.6448,1.4223,75.622,0.0,True,25.0,4840,3.1003,1.83
google,1000,10,linear,True,False,10.0,0.4,0.3,0.3,0,GWO,random,15,0.3333333333333333,E22,10.62,62.6,36,0.757225,86.7043,10.7785,0.0,0,8.6448,1.4216,75.667,0.0,True,25.5,4840,3.0305,1.79
google,1000,10,linear,True,False,10.0,0.4,0.3,0.3,0,GWO,random,16,0.3333333333333333,E22,10.62,62.6,36,0.745698,86.9067,12.1367,0.0,0,8.5448,1.4081,77.798,0.0,True,25.0,4840,3.0679,1.91
google,1000,10,linear,True,False,10.0,0.4,0.3,0.3,0,GWO,random,17,0.3333333333333333,E22,10.62,62.6,36,0.761377,86.6314,10.2892,0.0,0,8.7448,1.4371,75.559,0.0,True,25.5,4840,3.1264,1.65
google,1000,10,linear,True,False,10.0,0.4,0.3,0.3,0,GWO,random,18,0.3333333333333333,E22,10.62,62.6,36,0.760412,86.6483,10.403,0.0,0,8.6948,1.4298,75.458,0.0,True,25.5,4840,3.0527,1.67
google,1000,10,linear,True,False,10.0,0.4,0.3,0.3,0,GWO,random,19,0.3333333333333333,E22,10.62,62.6,36,0.741253,86.9847,12.6605,0.0,0,8.4948,1.3955,79.124,0.0,True,24.5,4840,3.0297,1.93
google,1000,10,linear,True,False,10.0,0.4,0.3,0.3,0,GWO,random,20,0.3333333333333333,E22,10.62,62.6,36,0.765708,86.5553,9.779,0.0,0,8.7448,1.4463,74.227,0.0,True,25.5,4840,3.0442,1.67
google,1000,10,linear,True,False,10.0,0.4,0.3,0.3,0,GWO,random,21,0.3333333333333333,E22,10.62,62.6,36,0.757569,86.6982,10.738,0.0,0,8.6948,1.4312,76.493,0.0,True,25.0,4840,3.0527,1.72
google,1000,10,linear,True,False,10.0,0.4,0.3,0.3,0,GWO,random,22,0.3333333333333333,E22,10.62,62.6,36,0.75363,86.7674,11.2021,0.0,0,8.6448,1.4204,75.166,0.0,True,25.5,4840,3.1179,1.86
google,1000,10,linear,True,False,10.0,0.4,0.3,0.3,0,GWO,random,23,0.3333333333333333,E22,10.62,62.6,36,0.758986,86.6734,10.571,0.0,0,8.6948,1.4291,74.937,0.0,True,25.5,4840,3.0206,1.67
google,1000,10,linear,True,False,10.0,0.4,0.3,0.3,0,GWO,random,24,0.3333333333333333,E22,10.62,62.6,36,0.764394,86.5784,9.9338,0.0,0,8.7448,1.4406,74.324,0.0,True,25.5,4840,3.0706,1.74
google,1000,10,linear,True,False,10.0,0.4,0.3,0.3,0,GWO,random,25,0.3333333333333333,E22,10.62,62.6,36,0.763468,86.5947,10.0429,0.0,0,8.7448,1.4358,73.379,0.0,True,25.5,4840,3.1183,1.67
google,1000,10,linear,True,False,10.0,0.4,0.3,0.3,0,GWO,random,26,0.3333333333333333,E22,10.62,62.6,36,0.761883,86.6225,10.2297,0.0,0,8.6948,1.4351,74.97,0.0,True,25.5,4840,3.0422,1.7
google,1000,10,linear,True,False,10.0,0.4,0.3,0.3,0,GWO,random,27,0.3333333333333333,E22,10.62,62.6,36,0.756258,86.7212,10.8924,0.0,0,8.5948,1.4167,76.007,0.0,True,25.5,4840,3.0335,1.78
google,1000,10,linear,True,False,10.0,0.4,0.3,0.3,0,GWO,random,28,0.3333333333333333,E22,10.62,62.6,36,0.758649,86.6793,10.6108,0.0,0,8.6448,1.4221,75.5,0.0,True,26.5,4840,3.0299,1.91
google,1000,10,linear,True,False,10.0,0.4,0.3,0.3,0,GWO,random,29,0.3333333333333333,E22,10.62,62.6,36,0.761587,86.6277,10.2646,0.0,0,8.6948,1.4341,75.921,0.0,True,25.0,4840,3.0571,1.78
google,1000,10,linear,True,False,10.0,0.4,0.3,0.3,0,GWO,carbon,16,0.3333333333333333,E22,10.62,62.6,36,0.661343,88.3878,22.0759,0.0,0,8.5948,1.3775,68.269,0.0,True,26.5,4840,3.0863,1.91
google,1000,10,linear,True,False,10.0,0.4,0.3,0.3,0,GWO,carbon,17,0.3333333333333333,E22,10.62,62.6,36,0.667284,88.2835,21.376,0.0,0,8.5948,1.3775,67.644,0.0,True,26.0,4840,3.012,1.91
google,1000,10,linear,True,False,10.0,0.4,0.3,0.3,0,GWO,carbon,18,0.3333333333333333,E22,10.62,62.6,36,0.682396,88.0182,19.5954,0.0,0,8.6948,1.3931,67.42,0.0,True,26.0,4840,3.0367,1.82
google,1000,10,linear,True,False,10.0,0.4,0.3,0.3,0,GWO,carbon,19,0.3333333333333333,E22,10.62,62.6,36,0.679505,88.0689,19.936,0.0,0,8.6948,1.3925,66.556,0.0,True,26.0,4840,3.0945,1.86
google,1000,10,linear,True,False,10.0,0.4,0.3,0.3,0,GWO,carbon,20,0.3333333333333333,E22,10.62,62.6,36,0.668741,88.2579,21.2043,0.0,0,8.5948,1.3775,67.665,0.0,True,26.0,4840,3.0393,1.93
google,1000,10,linear,True,False,10.0,0.4,0.3,0.3,0,GWO,carbon,21,0.3333333333333333,E22,10.62,62.6,36,0.684393,87.9831,19.36,0.0,0,8.7448,1.415,62.773,0.0,True,26.5,4840,3.0312,1.81
google,1000,10,linear,True,False,10.0,0.4,0.3,0.3,0,GWO,carbon,22,0.3333333333333333,E22,10.62,62.6,36,0.688415,87.9125,18.8862,0.0,0,8.7948,1.415,62.887,0.0,True,26.5,4840,3.0398,1.84
google,1000,10,linear,True,False,10.0,0.4,0.3,0.3,0,GWO,carbon,23,0.3333333333333333,E22,10.62,62.6,36,0.67519,88.1447,20.4444,0.0,0,8.6448,1.3925,65.8,0.0,True,26.0,4840,3.041,2.06
google,1000,10,linear,True,False,10.0,0.4,0.3,0.3,0,PSO,random,10,0.3333333333333333,E22,10.62,62.6,36,0.754298,86.7557,11.1233,0.0,0,8.6448,1.4266,75.634,0.0,True,25.5,4840,2.8003,2.97
google,1000,10,linear,True,False,10.0,0.4,0.3,0.3,0,PSO,random,11,0.3333333333333333,E22,10.62,62.6,36,0.757448,86.7004,10.7522,0.0,0,8.6448,1.4248,76.338,0.0,True,25.0,4840,2.7832,3.02
google,1000,10,linear,True,False,10.0,0.4,0.3,0.3,0,PSO,random,12,0.3333333333333333,E22,10.62,62.6,36,0.767219,86.5288,9.601,0.0,0,8.7448,1.4388,74.237,0.0,True,26.5,4840,2.8267,2.98
google,1000,10,linear,True,False,10.0,0.4,0.3,0.3,0,PSO,random,13,0.3333333333333333,E22,10.62,62.6,36,0.760959,86.6387,10.3385,0.0,0,8.6948,1.4296,74.105,0.0,True,26.5,4840,2.7961,2.86
google,1000,10,linear,True,False,10.0,0.4,0.3,0.3,0,PSO,random,14,0.3333333333333333,E22,10.62,62.6,36,0.766135,86.5478,9.7287,0.0,0,8.6948,1.4303,73.906,0.0,True,27.0,4840,2.7813,2.8
google,1000,10,linear,True,False,10.0,0.4,0.3,0.3,0,PSO,random,15,0.3333333333333333,E22,10.62,62.6,36,0.761823,86.6235,10.2368,0.0,0,8.6448,1.4214,75.294,0.0,True,27.0,4840,2.7709,2.83
google,1000,10,linear,True,False,10.0,0.4,0.3,0.3,0,PSO,random,16,0.3333333333333333,E22,10.62,62.6,36,0.751863,86.7984,11.4103,0.0,0,8.5948,1.4118,75.954,0.0,True,27.0,4840,2.7868,3.2
google,1000,10,linear,True,False,10.0,0.4,0.3,0.3,0,PSO,random,17,0.3333333333333333,E22,10.62,62.6,36,0.766273,86.5454,9.7124,0.0,0,8.7448,1.4392,73.585,0.0,True,27.0,4840,2.7913,2.88
google,1000,10,linear,True,False,10.0,0.4,0.3,0.3,0,PSO,random,18,0.3333333333333333,E22,10.62,62.6,36,0.753095,86.7768,11.2652,0.0,0,8.6448,1.4239,75.719,0.0,True,25.5,4840,2.6399,2.92
google,1000,10,linear,True,False,10.0,0.4,0.3,0.3,0,PSO,random,19,0.3333333333333333,E22,10.62,62.6,36,0.762096,86.6187,10.2046,0.0,0,8.6448,1.4245,74.93,0.0,True,26.5,4840,2.6199,2.82
google,1000,10,linear,True,False,10.0,0.4,0.3,0.3,0,PSO,random,20,0.3333333333333333,E22,10.62,62.6,36,0.755267,86.7387,11.0092,0.0,0,8.6448,1.4261,75.705,0.0,True,26.5,4840,2.6547,2.92
google,1000,10,linear,True,False,10.0,0.4,0.3,0.3,0,PSO,random,21,0.3333333333333333,E22,10.62,62.6,36,0.759007,86.673,10.5685,0.0,0,8.6948,1.4324,75.103,0.0,True,25.5,4840,2.6662,2.86
google,1000,10,linear,True,False,10.0,0.4,0.3,0.3,0,PSO,random,22,0.3333333333333333,E22,10.62,62.6,36,0.752367,86.7896,11.3509,0.0,0,8.5948,1.4152,76.649,0.0,True,25.5,4840,2.6568,2.97
google,1000,10,linear,True,False,10.0,0.4,0.3,0.3,0,PSO,random,23,0.3333333333333333,E22,10.62,62.6,36,0.754898,86.7451,11.0527,0.0,0,8.5948,1.4141,75.35,0.0,True,25.5,4840,2.626,2.93
google,1000,10,linear,True,False,10.0,0.4,0.3,0.3,0,PSO,random,24,0.3333333333333333,E22,10.62,62.6,36,0.744621,86.9256,12.2635,0.0,0,8.5448,1.4094,77.209,0.0,True,25.0,4840,2.6393,3.26
google,1000,10,linear,True,False,10.0,0.4,0.3,0.3,0,PSO,random,25,0.3333333333333333,E22,10.62,62.6,36,0.75868,86.6787,10.6071,0.0,0,8.6448,1.4284,75.742,0.0,True,25.5,4840,2.6287,2.99
google,1000,10,linear,True,False,10.0,0.4,0.3,0.3,0,PSO,random,26,0.3333333333333333,E22,10.62,62.6,36,0.763487,86.5943,10.0406,0.0,0,8.7448,1.4381,72.474,0.0,True,26.5,4840,2.6632,3.01
google,1000,10,linear,True,False,10.0,0.4,0.3,0.3,0,PSO,random,27,0.3333333333333333,E22,10.62,62.6,36,0.760678,86.6436,10.3716,0.0,0,8.6948,1.4366,73.908,0.0,True,26.5,4840,2.6623,2.85
google,1000,10,linear,True,False,10.0,0.4,0.3,0.3,0,PSO,random,28,0.3333333333333333,E22,10.62,62.6,36,0.757402,86.7012,10.7576,0.0,0,8.6448,1.4211,75.573,0.0,True,26.0,4840,2.6768,2.9
google,1000,10,linear,True,False,10.0,0.4,0.3,0.3,0,PSO,random,29,0.3333333333333333,E22,10.62,62.6,36,0.760122,86.6534,10.4371,0.0,0,8.6448,1.4272,75.171,0.0,True,27.5,4840,2.6733,3.02
google,1000,10,linear,True,False,10.0,0.4,0.3,0.3,0,PSO,random,30,0.3333333333333333,E22,10.62,62.6,36,0.758751,86.6775,10.5986,0.0,0,8.6448,1.421,75.025,0.0,True,25.5,4840,2.6501,2.96
google,1000,10,linear,True,False,10.0,0.4,0.3,0.3,0,PSO,carbon,1,0.3333333333333333,E22,10.62,62.6,36,0.685516,87.9634,19.2278,0.0,0,8.8948,1.4225,59.148,0.0,True,26.5,4840,2.6152,2.62
google,1000,10,linear,True,False,10.0,0.4,0.3,0.3,0,PSO,carbon,2,0.3333333333333333,E22,10.62,62.6,36,0.695006,87.7967,18.1095,0.0,0,8.9448,1.4375,56.403,0.0,True,26.5,4840,2.6068,2.63
google,1000,10,linear,True,False,10.0,0.4,0.3,0.3,0,PSO,carbon,3,0.3333333333333333,E22,10.62,62.6,36,0.70111,87.6896,17.3904,0.0,0,8.9948,1.4606,55.209,0.0,True,26.5,4840,2.6155,2.6
google,1000,10,linear,True,False,10.0,0.4,0.3,0.3,0,PSO,carbon,4,0.3333333333333333,E22,10.62,62.6,36,0.695304,87.7915,18.0745,0.0,0,8.9948,1.4525,56.328,0.0,True,26.5,4840,2.6815,2.6
google,1000,10,linear,True,False,10.0,0.4,0.3,0.3,0,PSO,carbon,5,0.3333333333333333,E22,10.62,62.6,36,0.699519,87.7175,17.5779,0.0,0,8.9948,1.4525,56.774,0.0,True,26.5,4840,2.676,2.62
google,1000,10,linear,True,False,10.0,0.4,0.3,0.3,0,PSO,carbon,6,0.3333333333333333,E22,10.62,62.6,36,0.687795,87.9234,18.9593,0.0,0,8.8948,1.4375,59.352,0.0,True,27.0,4840,2.6637,2.65
google,1000,10,linear,True,False,10.0,0.4,0.3,0.3,0,PSO,carbon,7,0.3333333333333333,E22,10.62,62.6,36,0.69627,87.7746,17.9606,0.0,0,8.9948,1.4606,55.148,0.0,True,26.5,4840,2.65,2.59
google,1000,10,linear,True,False,10.0,0.4,0.3,0.3,0,PSO,carbon,8,0.3333333333333333,E22,10.62,62.6,36,0.690702,87.8723,18.6167,0.0,0,8.8948,1.4306,58.075,0.0,True,27.0,4840,2.6511,2.62
google,1000,10,linear,True,False,10.0,0.4,0.3,0.3,0,PSO,carbon,9,0.3333333333333333,E22,10.62,62.6,36,0.689577,87.8921,18.7492,0.0,0,8.8948,1.43,57.058,0.0,True,26.5,4840,2.6538,2.66
google,1000,10,linear,True,False,10.0,0.4,0.3,0.3,0,PSO,carbon,10,0.3333333333333333,E22,10.62,62.6,36,0.685155,87.9697,19.2703,0.0,0,8.8948,1.4306,58.392,0.0,True,26.0,4840,2.6364,2.57
google,1000,10,linear,True,False,10.0,0.4,0.3,0.3,0,PSO,carbon,11,0.3333333333333333,E22,10.62,62.6,36,0.690032,87.8841,18.6957,0.0,0,8.9448,1.43,59.712,0.0,True,26.5,4840,2.6346,2.63
google,1000,10,linear,True,False,10.0,0.4,0.3,0.3,0,PSO,carbon,12,0.3333333333333333,E22,10.62,62.6,36,0.67948,88.0694,19.939,0.0,0,8.7948,1.415,61.778,0.0,True,26.5,4840,2.6493,2.67
google,1000,10,linear,True,False,10.0,0.4,0.3,0.3,0,PSO,carbon,13,0.3333333333333333,E22,10.62,62.6,36,0.677105,88.1111,20.2188,0.0,0,8.7948,1.415,61.43,0.0,True,26.0,4840,2.639,2.59
google,1000,10,linear,True,False,10.0,0.4,0.3,0.3,0,PSO,carbon,14,0.3333333333333333,E22,10.62,62.6,36,0.689241,87.898,18.7888,0.0,0,8.8448,1.43,59.455,0.0,True,26.5,4840,2.6331,2.65
google,1000,10,linear,True,False,10.0,0.4,0.3,0.3,0,PSO,carbon,15,0.3333333333333333,E22,10.62,62.6,36,0.685292,87.9673,19.2541,0.0,0,8.8948,1.4225,57.714,0.0,True,26.5,4840,2.6262,2.59
google,1000,10,linear,True,False,10.0,0.4,0.3,0.3,0,PSO,carbon,16,0.3333333333333333,E22,10.62,62.6,36,0.681575,88.0326,19.6921,0.0,0,8.8448,1.4231,61.338,0.0,True,26.5,4840,2.6184,2.62
google,1000,10,linear,True,False,10.0,0.4,0.3,0.3,0,PSO,carbon,17,0.3333333333333333,E22,10.62,62.6,36,0.687228,87.9333,19.026,0.0,0,8.9448,1.4456,57.958,0.0,True,26.5,4840,2.613,2.63
google,1000,10,linear,True,False,10.0,0.4,0.3,0.3,0,PSO,carbon,18,0.3333333333333333,E22,10.62,62.6,36,0.690492,87.876,18.6415,0.0,0,8.8948,1.4306,58.963,0.0,True,26.0,4840,2.6269,2.6
google,1000,10,linear,True,False,10.0,0.4,0.3,0.3,0,PSO,carbon,19,0.3333333333333333,E22,10.62,62.6,36,0.692234,87.8454,18.4362,0.0,0,8.9448,1.4456,56.656,0.0,True,26.5,4840,2.6105,2.65
google,1000,10,linear,True,False,10.0,0.4,0.3,0.3,0,DE,random,14,0.3333333333333333,E22,10.62,62.6,36,0.739783,87.0105,12.8336,0.0,0,8.4948,1.3999,78.675,0.0,True,25.5,4840,2.5873,1.96
google,1000,10,linear,True,False,10.0,0.4,0.3,0.3,0,DE,random,15,0.3333333333333333,E22,10.62,62.6,36,0.751366,86.8072,11.4689,0.0,0,8.5448,1.4095,77.469,0.0,True,26.0,4840,2.5824,1.92
google,1000,10,linear,True,False,10.0,0.4,0.3,0.3,0,DE,random,16,0.3333333333333333,E22,10.62,62.6,36,0.738701,87.0295,12.9611,0.0,0,8.4948,1.4019,79.339,0.0,True,25.0,4840,2.5586,2.16
google,1000,10,linear,True,False,10.0,0.4,0.3,0.3,0,DE,random,17,0.3333333333333333,E22,10.62,62.6,36,0.745519,86.9098,12.1578,0.0,0,8.4948,1.4019,78.605,0.0,True,25.0,4840,2.5455,1.96
google,1000,10,linear,True,False,10.0,0.4,0.3,0.3,0,DE,random,18,0.3333333333333333,E22,10.62,62.6,36,0.752804,86.7819,11.2994,0.0,0,8.6448,1.4249,75.953,0.0,True,26.0,4840,2.5427,1.94
google,1000,10,linear,True,False,10.0,0.4,0.3,0.3,0,DE,random,19,0.3333333333333333,E22,10.62,62.6,36,0.747383,86.8771,11.9382,0.0,0,8.5448,1.4077,77.135,0.0,True,25.5,4840,2.5435,2.0
google,1000,10,linear,True,False,10.0,0.4,0.3,0.3,0,DE,random,20,0.3333333333333333,E22,10.62,62.6,36,0.743037,86.9534,12.4502,0.0,0,8.5448,1.4081,78.026,0.0,True,25.5,4840,2.5489,1.9
google,1000,10,linear,True,False,10.0,0.4,0.3,0.3,0,DE,random,21,0.3333333333333333,E22,10.62,62.6,36,0.744263,86.9319,12.3057,0.0,0,8.5448,1.4054,77.946,0.0,True,25.0,4840,2.5424,2.37
google,1000,10,linear,True,False,10.0,0.4,0.3,0.3,0,DE,random,6,0.3333333333333333,E22,10.62,62.6,36,0.749472,86.8404,11.692,0.0,0,8.5948,1.4157,76.359,0.0,True,25.5,4840,2.5796,1.9
google,1000,10,linear,True,False,10.0,0.4,0.3,0.3,0,DE,random,7,0.3333333333333333,E22,10.62,62.6,36,0.74772,86.8712,11.8984,0.0,0,8.5948,1.4141,76.976,0.0,True,25.5,4840,2.5789,1.97
google,1000,10,linear,True,False,10.0,0.4,0.3,0.3,0,DE,random,8,0.3333333333333333,E22,10.62,62.6,36,0.745433,86.9113,12.1679,0.0,0,8.5448,1.4088,77.765,0.0,True,25.5,4840,2.5652,1.93
google,1000,10,linear,True,False,10.0,0.4,0.3,0.3,0,DE,random,9,0.3333333333333333,E22,10.62,62.6,36,0.747426,86.8763,11.9331,0.0,0,8.5448,1.4127,77.553,0.0,True,25.5,4840,2.5478,2.09
google,1000,10,linear,True,False,10.0,0.4,0.3,0.3,0,DE,random,10,0.3333333333333333,E22,10.62,62.6,36,0.742656,86.9601,12.4951,0.0,0,8.4948,1.3979,78.307,0.0,True,25.5,4840,2.5621,2.1
google,1000,10,linear,True,False,10.0,0.4,0.3,0.3,0,DE,random,11,0.3333333333333333,E22,10.62,62.6,36,0.740699,86.9945,12.7257,0.0,0,8.4448,1.3887,79.635,0.0,True,26.0,4840,2.5506,2.29
google,1000,10,linear,True,False,10.0,0.4,0.3,0.3,0,DE,random,12,0.3333333333333333,E22,10.62,62.6,36,0.743544,86.9445,12.3905,0.0,0,8.5448,1.4087,78.063,0.0,True,25.5,4840,2.5574,2.03
google,1000,10,linear,True,False,10.0,0.4,0.3,0.3,0,DE,random,13,0.3333333333333333,E22,10.62,62.6,36,0.743973,86.937,12.3399,0.0,0,8.5448,1.4026,77.175,0.0,True,25.5,4840,2.5524,2.05
google,1000,10,linear,True,False,10.0,0.4,0.3,0.3,0,DE,random,22,0.3333333333333333,E22,10.62,62.6,36,0.748579,86.8561,11.7973,0.0,0,8.5948,1.4135,77.066,0.0,True,25.0,4840,2.5741,1.93
google,1000,10,linear,True,False,10.0,0.4,0.3,0.3,0,DE,random,23,0.3333333333333333,E22,10.62,62.6,36,0.746099,86.8996,12.0895,0.0,0,8.5948,1.4104,76.934,0.0,True,25.5,4840,2.5816,1.83
google,1000,10,linear,True,False,10.0,0.4,0.3,0.3,0,DE,random,24,0.3333333333333333,E22,10.62,62.6,36,0.746977,86.8842,11.986,0.0,0,8.5448,1.4082,77.18,0.0,True,26.0,4840,2.5609,2.32
google,1000,10,linear,True,False,10.0,0.4,0.3,0.3,0,DE,random,25,0.3333333333333333,E22,10.62,62.6,36,0.740092,87.0051,12.7973,0.0,0,8.4448,1.3923,79.425,0.0,True,25.5,4840,2.5486,2.0
google,1000,10,linear,True,False,10.0,0.4,0.3,0.3,0,DE,random,26,0.3333333333333333,E22,10.62,62.6,36,0.736199,87.0735,13.2559,0.0,0,8.3948,1.3874,81.284,0.0,True,25.0,4840,2.5496,2.05
google,1000,10,linear,True,False,10.0,0.4,0.3,0.3,0,DE,random,27,0.3333333333333333,E22,10.62,62.6,36,0.744711,86.924,12.253,0.0,0,8.5448,1.4077,77.845,0.0,True,25.5,4840,2.5502,2.16
google,1000,10,linear,True,False,10.0,0.4,0.3,0.3,0,DE,random,28,0.3333333333333333,E22,10.62,62.6,36,0.738855,87.0268,12.943,0.0,0,8.4448,1.3972,80.009,0.0,True,25.0,4840,2.5453,2.09
google,1000,10,linear,True,False,10.0,0.4,0.3,0.3,0,DE,random,29,0.3333333333333333,E22,10.62,62.6,36,0.74384,86.9393,12.3556,0.0,0,8.5448,1.407,77.772,0.0,True,25.5,4840,2.5483,1.93
google,1000,10,linear,True,False,10.0,0.4,0.3,0.3,0,DE,random,30,0.3333333333333333,E22,10.62,62.6,36,0.747843,86.869,11.8839,0.0,0,8.5948,1.4117,77.212,0.0,True,25.5,4840,2.5893,2.08
google,1000,10,linear,True,False,10.0,0.4,0.3,0.3,0,DE,carbon,1,0.3333333333333333,E22,10.62,62.6,36,0.646685,88.6452,23.8031,0.0,0,8.4948,1.355,69.076,0.0,True,26.0,4840,2.5786,2.15
google,1000,10,linear,True,False,10.0,0.4,0.3,0.3,0,DE,carbon,2,0.3333333333333333,E22,10.62,62.6,36,0.642977,88.7103,24.24,0.0,0,8.3948,1.3481,73.38,0.0,True,26.0,4840,2.5662,2.46
google,1000,10,linear,True,False,10.0,0.4,0.3,0.3,0,DE,carbon,3,0.3333333333333333,E22,10.62,62.6,36,0.654018,88.5164,22.9391,0.0,0,8.4948,1.3556,69.573,0.0,True,26.5,4840,2.5524,2.15
google,1000,10,linear,True,False,10.0,0.4,0.3,0.3,0,DE,carbon,4,0.3333333333333333,E22,10.62,62.6,36,0.64176,88.7317,24.3834,0.0,0,8.3948,1.3475,72.71,0.0,True,26.0,4840,2.5604,2.18
google,1000,10,linear,True,False,10.0,0.4,0.3,0.3,0,DE,carbon,5,0.3333333333333333,E22,10.62,62.6,36,0.653251,88.5299,23.0295,0.0,0,8.5448,1.3706,67.497,0.0,True,26.5,4840,2.5542,2.34
google,1000,10,linear,True,False,10.0,0.4,0.3,0.3,0,DE,carbon,6,0.3333333333333333,E22,10.62,62.6,36,0.655558,88.4894,22.7576,0.0,0,8.5448,1.37,67.749,0.0,True,26.5,4840,2.553,2.2
google,1000,10,linear,True,False,10.0,0.4,0.3,0.3,0,DE,carbon,7,0.3333333333333333,E22,10.62,62.6,36,0.658747,88.4334,22.3819,0.0,0,8.5948,1.3953,65.694,0.0,True,26.0,4840,2.5578,2.33
google,1000,10,linear,True,False,10.0,0.4,0.3,0.3,0,PSO,carbon,28,0.3333333333333333,E22,10.62,62.6,36,0.700334,87.7032,17.4818,0.0,0,8.9948,1.4606,55.408,0.0,True,26.5,4840,2.6564,2.66
google,1000,10,linear,True,False,10.0,0.4,0.3,0.3,0,PSO,carbon,29,0.3333333333333333,E22,10.62,62.6,36,0.692618,87.8387,18.3909,0.0,0,8.9948,1.4537,56.853,0.0,True,26.5,4840,2.6523,2.62
google,1000,10,linear,True,False,10.0,0.4,0.3,0.3,0,PSO,carbon,30,0.3333333333333333,E22,10.62,62.6,36,0.684342,87.984,19.3661,0.0,0,8.8948,1.4306,58.959,0.0,True,26.5,4840,2.6313,2.63
google,1000,10,linear,True,False,10.0,0.4,0.3,0.3,0,DE,random,1,0.3333333333333333,E22,10.62,62.6,36,0.744459,86.9284,12.2827,0.0,0,8.4948,1.4024,78.752,0.0,True,25.5,4840,2.544,2.11
google,1000,10,linear,True,False,10.0,0.4,0.3,0.3,0,DE,random,2,0.3333333333333333,E22,10.62,62.6,36,0.748148,86.8637,11.848,0.0,0,8.5448,1.4089,77.363,0.0,True,25.5,4840,2.544,1.99
google,1000,10,linear,True,False,10.0,0.4,0.3,0.3,0,DE,random,3,0.3333333333333333,E22,10.62,62.6,36,0.743015,86.9538,12.4529,0.0,0,8.4948,1.4051,77.462,0.0,True,25.5,4840,2.5512,1.96
google,1000,10,linear,True,False,10.0,0.4,0.3,0.3,0,DE,random,4,0.3333333333333333,E22,10.62,62.6,36,0.746763,86.888,12.0113,0.0,0,8.5948,1.4169,76.386,0.0,True,25.5,4840,2.5408,1.86
google,1000,10,linear,True,False,10.0,0.4,0.3,0.3,0,DE,random,5,0.3333333333333333,E22,10.62,62.6,36,0.746679,86.8894,12.0211,0.0,0,8.5448,1.406,76.886,0.0,True,25.5,4840,2.5509,2.21
google,1000,10,linear,True,False,10.0,0.4,0.3,0.3,0,DE,carbon,8,0.3333333333333333,E22,10.62,62.6,36,0.647284,88.6347,23.7325,0.0,0,8.4948,1.355,67.821,0.0,True,26.5,4840,2.5922,2.37
google,1000,10,linear,True,False,10.0,0.4,0.3,0.3,0,DE,carbon,9,0.3333333333333333,E22,10.62,62.6,36,0.650551,88.5773,23.3476,0.0,0,8.5448,1.3625,66.203,0.0,True,26.0,4840,2.5976,2.38
google,1000,10,linear,True,False,10.0,0.4,0.3,0.3,0,DE,carbon,10,0.3333333333333333,E22,10.62,62.6,36,0.64729,88.6346,23.7318,0.0,0,8.4948,1.3637,67.979,0.0,True,26.0,4840,2.5696,2.46
google,1000,10,linear,True,False,10.0,0.4,0.3,0.3,0,DE,carbon,11,0.3333333333333333,E22,10.62,62.6,36,0.64689,88.6416,23.7789,0.0,0,8.4948,1.355,68.803,0.0,True,26.5,4840,2.5638,2.35
google,1000,10,linear,True,False,10.0,0.4,0.3,0.3,0,DE,carbon,12,0.3333333333333333,E22,10.62,62.6,36,0.655125,88.497,22.8087,0.0,0,8.5448,1.37,66.216,0.0,True,26.0,4840,2.5552,2.2
google,1000,10,linear,True,False,10.0,0.4,0.3,0.3,0,DE,carbon,13,0.3333333333333333,E22,10.62,62.6,36,0.657073,88.4628,22.5791,0.0,0,8.5448,1.3706,66.781,0.0,True,26.5,4840,2.5547,2.21
google,1000,10,linear,True,False,10.0,0.4,0.3,0.3,0,DE,carbon,14,0.3333333333333333,E22,10.62,62.6,36,0.637987,88.7979,24.828,0.0,0,8.3448,1.3406,73.677,0.0,True,26.0,4840,2.5644,2.13
google,1000,10,linear,True,False,10.0,0.4,0.3,0.3,0,DE,carbon,15,0.3333333333333333,E22,10.62,62.6,36,0.649031,88.604,23.5267,0.0,0,8.4948,1.3625,68.013,0.0,True,26.0,4840,2.5667,2.3
google,1000,10,linear,True,False,10.0,0.4,0.3,0.3,0,PSO,carbon,20,0.3333333333333333,E22,10.62,62.6,36,0.689735,87.8893,18.7306,0.0,0,8.9448,1.4467,58.014,0.0,True,26.5,4840,2.6733,2.59
google,1000,10,linear,True,False,10.0,0.4,0.3,0.3,0,PSO,carbon,21,0.3333333333333333,E22,10.62,62.6,36,0.688958,87.9029,18.8222,0.0,0,8.8948,1.4375,60.291,0.0,True,26.5,4840,2.6605,2.62
google,1000,10,linear,True,False,10.0,0.4,0.3,0.3,0,PSO,carbon,22,0.3333333333333333,E22,10.62,62.6,36,0.694278,87.8095,18.1954,0.0,0,8.9948,1.4531,56.27,0.0,True,26.5,4840,2.6292,2.6
google,1000,10,linear,True,False,10.0,0.4,0.3,0.3,0,PSO,carbon,23,0.3333333333333333,E22,10.62,62.6,36,0.69379,87.8181,18.2529,0.0,0,8.9948,1.445,57.073,0.0,True,26.5,4840,2.6168,2.62
google,1000,10,linear,True,False,10.0,0.4,0.3,0.3,0,PSO,carbon,24,0.3333333333333333,E22,10.62,62.6,36,0.696139,87.7769,17.9761,0.0,0,8.9448,1.4531,55.985,0.0,True,26.5,4840,2.6346,2.62
google,1000,10,linear,True,False,10.0,0.4,0.3,0.3,0,PSO,carbon,25,0.3333333333333333,E22,10.62,62.6,36,0.690803,87.8705,18.6048,0.0,0,8.8948,1.4456,57.689,0.0,True,26.5,4840,2.6114,2.57
google,1000,10,linear,True,False,10.0,0.4,0.3,0.3,0,PSO,carbon,26,0.3333333333333333,E22,10.62,62.6,36,0.687908,87.9214,18.946,0.0,0,8.9448,1.4381,58.509,0.0,True,26.5,4840,2.6371,2.62
google,1000,10,linear,True,False,10.0,0.4,0.3,0.3,0,PSO,carbon,27,0.3333333333333333,E22,10.62,62.6,36,0.683212,88.0038,19.4993,0.0,0,8.8448,1.4225,58.647,0.0,True,26.5,4840,2.6226,2.57
google,1000,10,linear,True,False,10.0,0.4,0.3,0.3,0,DE,carbon,16,0.3333333333333333,E22,10.62,62.6,36,0.659538,88.4195,22.2887,0.0,0,8.5948,1.3775,65.49,0.0,True,26.5,4840,2.7472,2.31
google,1000,10,linear,True,False,10.0,0.4,0.3,0.3,0,DE,carbon,17,0.3333333333333333,E22,10.62,62.6,36,0.652133,88.5495,23.1612,0.0,0,8.5448,1.3631,68.239,0.0,True,26.0,4840,2.7355,2.49
google,1000,10,linear,True,False,10.0,0.4,0.3,0.3,0,DE,carbon,18,0.3333333333333333,E22,10.62,62.6,36,0.657115,88.4621,22.5742,0.0,0,8.5948,1.3781,67.021,0.0,True,26.0,4840,2.7162,2.25
google,1000,10,linear,True,False,10.0,0.4,0.3,0.3,0,DE,carbon,19,0.3333333333333333,E22,10.62,62.6,36,0.659288,88.4239,22.3181,0.0,0,8.5448,1.37,67.772,0.0,True,26.0,4840,2.7079,2.15
google,1000,10,linear,True,False,10.0,0.4,0.3,0.3,0,DE,carbon,20,0.3333333333333333,E22,10.62,62.6,36,0.648012,88.6219,23.6467,0.0,0,8.4948,1.3625,68.322,0.0,True,26.0,4840,2.6803,2.44
google,1000,10,linear,True,False,10.0,0.4,0.3,0.3,0,DE,carbon,21,0.3333333333333333,E22,10.62,62.6,36,0.653785,88.5205,22.9666,0.0,0,8.5448,1.37,66.564,0.0,True,26.0,4840,2.7071,2.25
google,1000,10,linear,True,False,10.0,0.4,0.3,0.3,0,DE,carbon,22,0.3333333333333333,E22,10.62,62.6,36,0.656133,88.4793,22.6899,0.0,0,8.5948,1.3787,65.223,0.0,True,26.0,4840,2.7038,2.42
google,1000,10,linear,True,False,10.0,0.4,0.3,0.3,0,DE,carbon,23,0.3333333333333333,E22,10.62,62.6,36,0.648706,88.6097,23.565,0.0,0,8.4948,1.3625,67.691,0.0,True,26.0,4840,2.7424,2.32
google,1000,10,linear,True,False,10.0,0.4,0.3,0.3,0,DE,carbon,24,0.3333333333333333,E22,10.62,62.6,36,0.656927,88.4654,22.5963,0.0,0,8.5948,1.3775,65.114,0.0,True,26.0,4840,2.5603,2.31
google,1000,10,linear,True,False,10.0,0.4,0.3,0.3,0,DE,carbon,25,0.3333333333333333,E22,10.62,62.6,36,0.651206,88.5658,23.2704,0.0,0,8.5448,1.3625,67.179,0.0,True,26.5,4840,2.5232,2.35
google,1000,10,linear,True,False,10.0,0.4,0.3,0.3,0,DE,carbon,26,0.3333333333333333,E22,10.62,62.6,36,0.65021,88.5833,23.3877,0.0,0,8.4948,1.3625,68.563,0.0,True,26.0,4840,2.5802,2.15
google,1000,10,linear,True,False,10.0,0.4,0.3,0.3,0,DE,carbon,27,0.3333333333333333,E22,10.62,62.6,36,0.642196,88.724,24.332,0.0,0,8.4448,1.3475,70.136,0.0,True,26.0,4840,2.5492,2.17
google,1000,10,linear,True,False,10.0,0.4,0.3,0.3,0,DE,carbon,28,0.3333333333333333,E22,10.62,62.6,36,0.646976,88.6401,23.7688,0.0,0,8.4948,1.355,70.676,0.0,True,26.0,4840,2.5269,2.28
google,1000,10,linear,True,False,10.0,0.4,0.3,0.3,0,DE,carbon,29,0.3333333333333333,E22,10.62,62.6,36,0.646955,88.6404,23.7712,0.0,0,8.4948,1.3625,68.073,0.0,True,26.0,4840,2.5296,2.37
google,1000,10,linear,True,False,10.0,0.4,0.3,0.3,0,DE,carbon,30,0.3333333333333333,E22,10.62,62.6,36,0.660964,88.3945,22.1206,0.0,0,8.6448,1.3856,65.334,0.0,True,26.5,4840,2.5142,2.43
google,1000,10,linear,True,False,10.0,0.4,0.3,0.3,0,HHO,random,1,0.3333333333333333,E22,10.62,62.6,36,0.767769,86.5191,9.5361,0.0,0,8.8448,1.4568,71.779,0.0,True,27.5,8858,3.8885,1.7
google,1000,10,linear,True,False,10.0,0.4,0.3,0.3,0,HHO,random,2,0.3333333333333333,E22,10.62,62.6,36,0.745728,86.9061,12.1331,0.0,0,8.6448,1.4223,72.719,0.0,True,27.0,8868,3.9608,1.95
google,1000,10,linear,True,False,10.0,0.4,0.3,0.3,0,HHO,random,3,0.3333333333333333,E22,10.62,62.6,36,0.771029,86.4619,9.152,0.0,0,8.7448,1.4394,73.083,0.0,True,27.5,8832,3.9881,1.99
google,1000,10,linear,True,False,10.0,0.4,0.3,0.3,0,HHO,random,4,0.3333333333333333,E22,10.62,62.6,36,0.75209,86.7944,11.3835,0.0,0,8.7448,1.4429,73.066,0.0,True,27.5,8906,3.966,1.87
google,1000,10,linear,True,False,10.0,0.4,0.3,0.3,0,HHO,random,5,0.3333333333333333,E22,10.62,62.6,36,0.761653,86.6265,10.2567,0.0,0,8.7948,1.4589,70.693,0.0,True,26.5,8820,3.8761,1.74
google,1000,10,linear,True,False,10.0,0.4,0.3,0.3,0,HHO,random,6,0.3333333333333333,E22,10.62,62.6,36,0.76396,86.586,9.9849,0.0,0,8.6948,1.4371,73.826,0.0,True,26.0,8874,3.9047,1.85
google,1000,10,linear,True,False,10.0,0.4,0.3,0.3,0,HHO,random,7,0.3333333333333333,E22,10.62,62.6,36,0.770008,86.4798,9.2724,0.0,0,8.6948,1.446,74.121,0.0,True,27.0,8938,3.9258,1.75
google,1000,10,linear,True,False,10.0,0.4,0.3,0.3,0,HHO,random,8,0.3333333333333333,E22,10.62,62.6,36,0.76558,86.5576,9.7941,0.0,0,8.8448,1.4568,70.067,0.0,True,28.0,8902,3.904,1.75
google,1000,10,linear,True,False,10.0,0.4,0.3,0.3,0,HHO,random,9,0.3333333333333333,E22,10.62,62.6,36,0.766868,86.535,9.6423,0.0,0,8.6948,1.441,74.723,0.0,True,26.0,8852,3.8885,1.88
google,1000,10,linear,True,False,10.0,0.4,0.3,0.3,0,HHO,random,10,0.3333333333333333,E22,10.62,62.6,36,0.754427,86.7534,11.1082,0.0,0,8.6448,1.4251,74.319,0.0,True,28.5,8918,4.0531,1.96
google,1000,10,linear,True,False,10.0,0.4,0.3,0.3,0,HHO,random,11,0.3333333333333333,E22,10.62,62.6,36,0.767948,86.516,9.515,0.0,0,8.7948,1.4495,71.132,0.0,True,27.0,8868,3.9523,1.78
google,1000,10,linear,True,False,10.0,0.4,0.3,0.3,0,HHO,random,12,0.3333333333333333,E22,10.62,62.6,36,0.767649,86.5212,9.5502,0.0,0,8.8448,1.4532,69.711,0.0,True,28.0,8920,3.9533,2.01
google,1000,10,linear,True,False,10.0,0.4,0.3,0.3,0,HHO,random,13,0.3333333333333333,E22,10.62,62.6,36,0.763503,86.594,10.0387,0.0,0,8.8948,1.4748,70.459,0.0,True,27.5,8898,3.9402,1.88
google,1000,10,linear,True,False,10.0,0.4,0.3,0.3,0,HHO,random,14,0.3333333333333333,E22,10.62,62.6,36,0.767176,86.5296,9.606,0.0,0,8.6948,1.4343,75.195,0.0,True,27.5,8978,3.9558,1.66
google,1000,10,linear,True,False,10.0,0.4,0.3,0.3,0,HHO,random,15,0.3333333333333333,E22,10.62,62.6,36,0.748995,86.8488,11.7482,0.0,0,8.6948,1.4285,73.736,0.0,True,27.0,9022,3.9819,1.97
google,1000,10,linear,True,False,10.0,0.4,0.3,0.3,0,HHO,random,16,0.3333333333333333,E22,10.62,62.6,36,0.767573,86.5226,9.5593,0.0,0,8.8448,1.4687,71.562,0.0,True,27.0,8898,3.9315,1.85
google,1000,10,linear,True,False,10.0,0.4,0.3,0.3,0,HHO,random,17,0.3333333333333333,E22,10.62,62.6,36,0.760142,86.6531,10.4348,0.0,0,8.6948,1.4296,74.164,0.0,True,27.0,8858,3.9211,1.64
google,1000,10,linear,True,False,10.0,0.4,0.3,0.3,0,HHO,random,18,0.3333333333333333,E22,10.62,62.6,36,0.765586,86.5575,9.7933,0.0,0,8.7948,1.4526,71.43,0.0,True,26.5,8864,4.0017,1.82
google,1000,10,linear,True,False,10.0,0.4,0.3,0.3,0,HHO,random,19,0.3333333333333333,E22,10.62,62.6,36,0.757029,86.7077,10.8016,0.0,0,8.6948,1.433,73.816,0.0,True,26.0,8934,3.9295,1.84
google,1000,10,linear,True,False,10.0,0.4,0.3,0.3,0,HHO,random,20,0.3333333333333333,E22,10.62,62.6,36,0.757955,86.6915,10.6925,0.0,0,8.6448,1.4268,75.983,0.0,True,26.5,8930,3.9267,1.9
google,1000,10,linear,True,False,10.0,0.4,0.3,0.3,0,HHO,random,21,0.3333333333333333,E22,10.62,62.6,36,0.760412,86.6483,10.403,0.0,0,8.7948,1.4624,71.057,0.0,True,28.5,8954,3.9209,1.73
google,1000,10,linear,True,False,10.0,0.4,0.3,0.3,0,HHO,random,22,0.3333333333333333,E22,10.62,62.6,36,0.75895,86.674,10.5752,0.0,0,8.7448,1.4382,72.228,0.0,True,28.0,8892,3.895,1.63
google,1000,10,linear,True,False,10.0,0.4,0.3,0.3,0,HHO,random,23,0.3333333333333333,E22,10.62,62.6,36,0.757156,86.7055,10.7866,0.0,0,8.7448,1.4389,73.01,0.0,True,27.0,8964,3.9121,1.91
google,1000,10,linear,True,False,10.0,0.4,0.3,0.3,0,HHO,random,24,0.3333333333333333,E22,10.62,62.6,36,0.752937,86.7796,11.2837,0.0,0,8.6448,1.4266,74.505,0.0,True,26.5,8800,3.8601,1.82
google,1000,10,linear,True,False,10.0,0.4,0.3,0.3,0,HHO,random,25,0.3333333333333333,E22,10.62,62.6,36,0.762809,86.6062,10.1205,0.0,0,8.7448,1.4406,72.126,0.0,True,27.0,8852,3.8913,1.72
google,1000,10,linear,True,False,10.0,0.4,0.3,0.3,0,HHO,random,26,0.3333333333333333,E22,10.62,62.6,36,0.760505,86.6467,10.392,0.0,0,8.6948,1.4312,73.601,0.0,True,27.5,8876,4.0122,1.86
google,1000,10,linear,True,False,10.0,0.4,0.3,0.3,0,HHO,random,27,0.3333333333333333,E22,10.62,62.6,36,0.763251,86.5985,10.0684,0.0,0,8.6948,1.4307,75.763,0.0,True,27.5,8942,3.9776,1.62
google,1000,10,linear,True,False,10.0,0.4,0.3,0.3,0,HHO,random,28,0.3333333333333333,E22,10.62,62.6,36,0.765044,86.567,9.8572,0.0,0,8.7948,1.4414,72.073,0.0,True,28.0,8962,3.9185,1.69
google,1000,10,linear,True,False,10.0,0.4,0.3,0.3,0,HHO,random,29,0.3333333333333333,E22,10.62,62.6,36,0.753064,86.7773,11.2688,0.0,0,8.6948,1.4461,73.217,0.0,True,27.0,8826,3.8771,1.76
google,1000,10,linear,True,False,10.0,0.4,0.3,0.3,0,HHO,random,30,0.3333333333333333,E22,10.62,62.6,36,0.749634,86.8376,11.6729,0.0,0,8.7448,1.4425,68.984,0.0,True,28.0,9080,3.9565,1.86
google,1000,10,linear,True,False,10.0,0.4,0.3,0.3,0,HHO,carbon,1,0.3333333333333333,E22,10.62,62.6,36,0.666023,88.3057,21.5246,0.0,0,8.6448,1.3925,66.175,0.0,True,26.5,8858,3.8771,1.88
google,1000,10,linear,True,False,10.0,0.4,0.3,0.3,0,HHO,carbon,2,0.3333333333333333,E22,10.62,62.6,36,0.675037,88.1474,20.4625,0.0,0,8.7448,1.4,62.193,0.0,True,26.0,8868,3.8714,1.77
google,1000,10,linear,True,False,10.0,0.4,0.3,0.3,0,HHO,carbon,3,0.3333333333333333,E22,10.62,62.6,36,0.662839,88.3616,21.8998,0.0,0,8.5948,1.385,67.014,0.0,True,26.5,8832,3.8553,1.95
google,1000,10,linear,True,False,10.0,0.4,0.3,0.3,0,HHO,carbon,4,0.3333333333333333,E22,10.62,62.6,36,0.670802,88.2217,20.9615,0.0,0,8.6948,1.4,63.798,0.0,True,26.5,8906,4.023,1.99
google,1000,10,linear,True,False,10.0,0.4,0.3,0.3,0,HHO,carbon,5,0.3333333333333333,E22,10.62,62.6,36,0.674783,88.1518,20.4923,0.0,0,8.6948,1.4,63.213,0.0,True,26.5,8820,3.9207,1.73
google,1000,10,linear,True,False,10.0,0.4,0.3,0.3,0,HHO,carbon,6,0.3333333333333333,E22,10.62,62.6,36,0.673023,88.1827,20.6997,0.0,0,8.7448,1.4075,62.838,0.0,True,27.0,8874,3.9062,1.62
google,1000,10,linear,True,False,10.0,0.4,0.3,0.3,0,HHO,carbon,7,0.3333333333333333,E22,10.62,62.6,36,0.677687,88.1008,20.1502,0.0,0,8.7448,1.4075,62.825,0.0,True,26.5,8938,3.9138,1.75
google,1000,10,linear,True,False,10.0,0.4,0.3,0.3,0,HHO,carbon,8,0.3333333333333333,E22,10.62,62.6,36,0.667342,88.2825,21.3691,0.0,0,8.6448,1.3856,65.089,0.0,True,26.5,8902,3.902,1.91
google,1000,10,linear,True,False,10.0,0.4,0.3,0.3,0,HHO,carbon,9,0.3333333333333333,E22,10.62,62.6,36,0.665923,88.3074,21.5363,0.0,0,8.6948,1.3925,62.23,0.0,True,26.0,8852,3.8866,1.85
google,1000,10,linear,True,False,10.0,0.4,0.3,0.3,0,HHO,carbon,10,0.3333333333333333,E22,10.62,62.6,36,0.673362,88.1768,20.6598,0.0,0,8.6948,1.4,64.292,0.0,True,26.0,8918,3.9021,1.68
google,1000,10,linear,True,False,10.0,0.4,0.3,0.3,0,HHO,carbon,11,0.3333333333333333,E22,10.62,62.6,36,0.668297,88.2657,21.2566,0.0,0,8.6448,1.385,65.756,0.0,True,26.0,8868,3.8826,1.82
google,1000,10,linear,True,False,10.0,0.4,0.3,0.3,0,HHO,carbon,12,0.3333333333333333,E22,10.62,62.6,36,0.664335,88.3353,21.7235,0.0,0,8.6448,1.4,65.134,0.0,True,26.5,8920,4.0258,1.83
google,1000,10,linear,True,False,10.0,0.4,0.3,0.3,0,HHO,carbon,13,0.3333333333333333,E22,10.62,62.6,36,0.663904,88.3429,21.7743,0.0,0,8.6448,1.385,64.648,0.0,True,26.0,8898,3.9436,1.74
google,1000,10,linear,True,False,10.0,0.4,0.3,0.3,0,HHO,carbon,14,0.3333333333333333,E22,10.62,62.6,36,0.673096,88.1815,20.6912,0.0,0,8.6948,1.4,63.86,0.0,True,26.5,8978,3.9203,1.77
google,1000,10,linear,True,False,10.0,0.4,0.3,0.3,0,HHO,carbon,15,0.3333333333333333,E22,10.62,62.6,36,0.67822,88.0915,20.0874,0.0,0,8.7948,1.4075,60.622,0.0,True,26.5,9022,3.9534,1.66
google,1000,10,linear,True,False,10.0,0.4,0.3,0.3,0,HHO,carbon,16,0.3333333333333333,E22,10.62,62.6,36,0.671673,88.2064,20.8588,0.0,0,8.6448,1.3925,66.511,0.0,True,26.5,8898,3.8981,1.64
google,1000,10,linear,True,False,10.0,0.4,0.3,0.3,0,HHO,carbon,17,0.3333333333333333,E22,10.62,62.6,36,0.675954,88.1313,20.3544,0.0,0,8.7948,1.4156,59.377,0.0,True,26.5,8858,3.8754,1.65
google,1000,10,linear,True,False,10.0,0.4,0.3,0.3,0,HHO,carbon,18,0.3333333333333333,E22,10.62,62.6,36,0.671745,88.2052,20.8503,0.0,0,8.6948,1.4006,63.542,0.0,True,26.5,8864,3.8763,1.73
google,1000,10,linear,True,False,10.0,0.4,0.3,0.3,0,HHO,carbon,19,0.3333333333333333,E22,10.62,62.6,36,0.674012,88.1654,20.5832,0.0,0,8.6948,1.4073,62.827,0.0,True,26.5,8934,3.9023,1.86
google,1000,10,linear,True,False,10.0,0.4,0.3,0.3,0,HHO,carbon,20,0.3333333333333333,E22,10.62,62.6,36,0.664749,88.328,21.6746,0.0,0,8.6448,1.3937,63.961,0.0,True,26.5,8930,4.0359,1.77
google,1000,10,linear,True,False,10.0,0.4,0.3,0.3,0,HHO,carbon,21,0.3333333333333333,E22,10.62,62.6,36,0.671642,88.207,20.8624,0.0,0,8.7448,1.4,62.435,0.0,True,26.0,8954,3.9688,1.92
google,1000,10,linear,True,False,10.0,0.4,0.3,0.3,0,HHO,carbon,22,0.3333333333333333,E22,10.62,62.6,36,0.678065,88.0942,20.1056,0.0,0,8.7448,1.4075,62.18,0.0,True,26.5,8892,3.8982,1.9
google,1000,10,linear,True,False,10.0,0.4,0.3,0.3,0,HHO,carbon,23,0.3333333333333333,E22,10.62,62.6,36,0.666657,88.2945,21.4498,0.0,0,8.6948,1.3925,63.371,0.0,True,26.0,8964,3.9331,1.66
google,1000,10,linear,True,False,10.0,0.4,0.3,0.3,0,HHO,carbon,24,0.3333333333333333,E22,10.62,62.6,36,0.673138,88.1807,20.6862,0.0,0,8.6948,1.4,64.282,0.0,True,26.5,8800,3.8651,1.68
google,1000,10,linear,True,False,10.0,0.4,0.3,0.3,0,HHO,carbon,25,0.3333333333333333,E22,10.62,62.6,36,0.674901,88.1498,20.4784,0.0,0,8.6948,1.4,62.629,0.0,True,26.5,8852,3.8862,1.6
google,1000,10,linear,True,False,10.0,0.4,0.3,0.3,0,HHO,carbon,26,0.3333333333333333,E22,10.62,62.6,36,0.675866,88.1328,20.3647,0.0,0,8.7948,1.4075,60.685,0.0,True,26.5,8876,3.8918,1.92
google,1000,10,linear,True,False,10.0,0.4,0.3,0.3,0,HHO,carbon,27,0.3333333333333333,E22,10.62,62.6,36,0.676951,88.1138,20.2369,0.0,0,8.7948,1.4075,62.136,0.0,True,26.0,8942,3.9079,1.79
google,1000,10,linear,True,False,10.0,0.4,0.3,0.3,0,HHO,carbon,28,0.3333333333333333,E22,10.62,62.6,36,0.682356,88.0189,19.6001,0.0,0,8.8448,1.4306,60.073,0.0,True,26.0,8962,4.0525,1.83
google,1000,10,linear,True,False,10.0,0.4,0.3,0.3,0,HHO,carbon,29,0.3333333333333333,E22,10.62,62.6,36,0.668115,88.2689,21.2781,0.0,0,8.6948,1.4,64.528,0.0,True,26.0,8826,3.9307,1.59
google,1000,10,linear,True,False,10.0,0.4,0.3,0.3,0,HHO,carbon,30,0.3333333333333333,E22,10.62,62.6,36,0.670503,88.227,20.9967,0.0,0,8.7448,1.4081,62.501,0.0,True,26.5,9080,3.9898,1.95
google,1000,10,linear,True,False,10.0,0.4,0.3,0.3,0,GA,random,1,0.3333333333333333,E22,10.62,62.6,36,0.745615,86.9081,12.1465,0.0,0,8.5948,1.4169,76.973,0.0,True,25.5,4840,4.3644,2.62
google,1000,10,linear,True,False,10.0,0.4,0.3,0.3,0,GA,random,2,0.3333333333333333,E22,10.62,62.6,36,0.738752,87.0286,12.9551,0.0,0,8.5448,1.4116,77.82,0.0,True,25.5,4840,4.3705,2.64
google,1000,10,linear,True,False,10.0,0.4,0.3,0.3,0,GA,random,3,0.3333333333333333,E22,10.62,62.6,36,0.745664,86.9073,12.1407,0.0,0,8.5448,1.4092,77.325,0.0,True,26.5,4840,4.358,2.58
google,1000,10,linear,True,False,10.0,0.4,0.3,0.3,0,GA,random,4,0.3333333333333333,E22,10.62,62.6,36,0.739214,87.0205,12.9007,0.0,0,8.4948,1.4036,78.601,0.0,True,25.5,4840,4.3482,2.51
google,1000,10,linear,True,False,10.0,0.4,0.3,0.3,0,GA,random,5,0.3333333333333333,E22,10.62,62.6,36,0.735212,87.0908,13.3723,0.0,0,8.4948,1.3953,78.786,0.0,True,25.0,4840,4.3371,2.55
google,1000,10,linear,True,False,10.0,0.4,0.3,0.3,0,GA,random,6,0.3333333333333333,E22,10.62,62.6,36,0.74357,86.944,12.3874,0.0,0,8.5448,1.4071,77.131,0.0,True,25.5,4840,4.4909,2.69
google,1000,10,linear,True,False,10.0,0.4,0.3,0.3,0,GA,random,7,0.3333333333333333,E22,10.62,62.6,36,0.744339,86.9305,12.2968,0.0,0,8.5448,1.4111,77.732,0.0,True,25.0,4840,4.3974,2.55
google,1000,10,linear,True,False,10.0,0.4,0.3,0.3,0,GA,random,8,0.3333333333333333,E22,10.62,62.6,36,0.746091,86.8998,12.0904,0.0,0,8.5448,1.4092,76.854,0.0,True,25.5,4840,4.3522,2.61
google,1000,10,linear,True,False,10.0,0.4,0.3,0.3,0,GA,random,9,0.3333333333333333,E22,10.62,62.6,36,0.74732,86.8782,11.9456,0.0,0,8.5448,1.4071,77.96,0.0,True,25.5,4840,4.3578,2.55
google,1000,10,linear,True,False,10.0,0.4,0.3,0.3,0,GA,random,10,0.3333333333333333,E22,10.62,62.6,36,0.745589,86.9086,12.1495,0.0,0,8.5448,1.4061,77.551,0.0,True,25.5,4840,4.3583,2.53
google,1000,10,linear,True,False,10.0,0.4,0.3,0.3,0,GA,random,11,0.3333333333333333,E22,10.62,62.6,36,0.747682,86.8718,11.9029,0.0,0,8.5948,1.4107,77.566,0.0,True,25.5,4840,4.3438,2.54
google,1000,10,linear,True,False,10.0,0.4,0.3,0.3,0,GA,random,12,0.3333333333333333,E22,10.62,62.6,36,0.740726,86.994,12.7225,0.0,0,8.4948,1.4031,78.645,0.0,True,25.5,4840,4.3565,2.62
google,1000,10,linear,True,False,10.0,0.4,0.3,0.3,0,GA,random,13,0.3333333333333333,E22,10.62,62.6,36,0.742078,86.9702,12.5633,0.0,0,8.5448,1.4058,77.131,0.0,True,25.5,4840,4.3534,2.51
google,1000,10,linear,True,False,10.0,0.4,0.3,0.3,0,GA,random,14,0.3333333333333333,E22,10.62,62.6,36,0.742154,86.9689,12.5543,0.0,0,8.4948,1.4041,78.662,0.0,True,25.5,4840,4.5157,2.53
google,1000,10,linear,True,False,10.0,0.4,0.3,0.3,0,GA,random,15,0.3333333333333333,E22,10.62,62.6,36,0.740629,86.9957,12.7339,0.0,0,8.4948,1.3991,79.044,0.0,True,25.0,4840,4.4427,2.63
google,1000,10,linear,True,False,10.0,0.4,0.3,0.3,0,GA,random,16,0.3333333333333333,E22,10.62,62.6,36,0.737774,87.0458,13.0704,0.0,0,8.4948,1.4006,78.44,0.0,True,25.0,4840,4.3417,2.56
google,1000,10,linear,True,False,10.0,0.4,0.3,0.3,0,GA,random,17,0.3333333333333333,E22,10.62,62.6,36,0.744675,86.9246,12.2573,0.0,0,8.5448,1.4054,77.089,0.0,True,25.5,4840,4.3304,2.59
google,1000,10,linear,True,False,10.0,0.4,0.3,0.3,0,GA,random,18,0.3333333333333333,E22,10.62,62.6,36,0.735434,87.0869,13.3461,0.0,0,8.4948,1.4017,78.873,0.0,True,25.5,4840,4.3753,2.65
google,1000,10,linear,True,False,10.0,0.4,0.3,0.3,0,GA,random,19,0.3333333333333333,E22,10.62,62.6,36,0.751234,86.8095,11.4844,0.0,0,8.5948,1.4186,76.232,0.0,True,25.5,4840,4.334,2.57
google,1000,10,linear,True,False,10.0,0.4,0.3,0.3,0,GA,random,20,0.3333333333333333,E22,10.62,62.6,36,0.743128,86.9518,12.4395,0.0,0,8.4948,1.403,78.191,0.0,True,25.5,4840,4.3181,2.61
google,1000,10,linear,True,False,10.0,0.4,0.3,0.3,0,GA,random,21,0.3333333333333333,E22,10.62,62.6,36,0.745514,86.9099,12.1584,0.0,0,8.5448,1.4094,77.547,0.0,True,25.5,4840,4.3732,2.56
google,1000,10,linear,True,False,10.0,0.4,0.3,0.3,0,GA,random,22,0.3333333333333333,E22,10.62,62.6,36,0.747874,86.8685,11.8803,0.0,0,8.5448,1.406,76.939,0.0,True,25.5,4840,4.7302,2.58
google,1000,10,linear,True,False,10.0,0.4,0.3,0.3,0,GA,random,23,0.3333333333333333,E22,10.62,62.6,36,0.740062,87.0056,12.8007,0.0,0,8.4948,1.3961,79.886,0.0,True,25.0,4840,4.6856,2.5
google,1000,10,linear,True,False,10.0,0.4,0.3,0.3,0,GA,random,24,0.3333333333333333,E22,10.62,62.6,36,0.747265,86.8792,11.9521,0.0,0,8.5948,1.4119,77.154,0.0,True,25.5,4840,4.6452,2.5
google,1000,10,linear,True,False,10.0,0.4,0.3,0.3,0,GA,random,25,0.3333333333333333,E22,10.62,62.6,36,0.744141,86.934,12.3202,0.0,0,8.5448,1.4036,76.724,0.0,True,25.5,4840,4.6459,2.61
google,1000,10,linear,True,False,10.0,0.4,0.3,0.3,0,GA,random,26,0.3333333333333333,E22,10.62,62.6,36,0.74348,86.9456,12.398,0.0,0,8.5448,1.4058,77.427,0.0,True,25.5,4840,4.6532,2.66
google,1000,10,linear,True,False,10.0,0.4,0.3,0.3,0,GA,random,27,0.3333333333333333,E22,10.62,62.6,36,0.745258,86.9144,12.1885,0.0,0,8.5948,1.4157,77.81,0.0,True,25.5,4840,4.6658,2.51
google,1000,10,linear,True,False,10.0,0.4,0.3,0.3,0,GA,random,28,0.3333333333333333,E22,10.62,62.6,36,0.738279,87.0369,13.0109,0.0,0,8.4948,1.403,78.951,0.0,True,25.0,4840,4.6449,2.6
google,1000,10,linear,True,False,10.0,0.4,0.3,0.3,0,GA,random,29,0.3333333333333333,E22,10.62,62.6,36,0.736002,87.0769,13.2792,0.0,0,8.4448,1.3923,79.683,0.0,True,25.0,4840,4.6292,2.42
google,1000,10,linear,True,False,10.0,0.4,0.3,0.3,0,GA,random,30,0.3333333333333333,E22,10.62,62.6,36,0.741748,86.976,12.6021,0.0,0,8.4948,1.3991,78.095,0.0,True,25.5,4840,4.3656,2.58
google,1000,10,linear,True,False,10.0,0.4,0.3,0.3,0,GA,carbon,1,0.3333333333333333,E22,10.62,62.6,36,0.685516,87.9634,19.2278,0.0,0,8.8948,1.4225,59.148,0.0,True,26.5,4840,4.3048,2.38
google,1000,10,linear,True,False,10.0,0.4,0.3,0.3,0,GA,carbon,2,0.3333333333333333,E22,10.62,62.6,36,0.695006,87.7967,18.1095,0.0,0,8.9448,1.4375,56.403,0.0,True,26.5,4840,4.3025,2.37
google,1000,10,linear,True,False,10.0,0.4,0.3,0.3,0,GA,carbon,3,0.3333333333333333,E22,10.62,62.6,36,0.70111,87.6896,17.3904,0.0,0,8.9948,1.4606,55.209,0.0,True,26.5,4840,4.2907,2.42
google,1000,10,linear,True,False,10.0,0.4,0.3,0.3,0,GA,carbon,4,0.3333333333333333,E22,10.62,62.6,36,0.695304,87.7915,18.0745,0.0,0,8.9948,1.4525,56.328,0.0,True,26.5,4840,4.3034,2.31
google,1000,10,linear,True,False,10.0,0.4,0.3,0.3,0,GA,carbon,5,0.3333333333333333,E22,10.62,62.6,36,0.699519,87.7175,17.5779,0.0,0,8.9948,1.4525,56.774,0.0,True,26.5,4840,4.3051,2.34
google,1000,10,linear,True,False,10.0,0.4,0.3,0.3,0,GA,carbon,6,0.3333333333333333,E22,10.62,62.6,36,0.687795,87.9234,18.9593,0.0,0,8.8948,1.4375,59.352,0.0,True,27.0,4840,4.2999,2.34
google,1000,10,linear,True,False,10.0,0.4,0.3,0.3,0,GA,carbon,7,0.3333333333333333,E22,10.62,62.6,36,0.69627,87.7746,17.9606,0.0,0,8.9948,1.4606,55.148,0.0,True,26.5,4840,4.2911,2.31
google,1000,20,linear,True,False,10.0,0.4,0.3,0.3,0,WOA,random,1,0.3333333333333333,E22,10.62,62.6,36,0.772131,86.4426,9.0222,0.0,0,8.7948,1.449,72.84,0.0,True,27.0,4840,2.5255,1.71
google,1000,20,linear,True,False,10.0,0.4,0.3,0.3,0,WOA,random,2,0.3333333333333333,E22,10.62,62.6,36,0.752534,86.7866,11.3312,0.0,0,8.6948,1.4326,72.933,0.0,True,27.0,4840,2.5194,1.74
google,1000,20,linear,True,False,10.0,0.4,0.3,0.3,0,WOA,random,3,0.3333333333333333,E22,10.62,62.6,36,0.773207,86.4237,8.8954,0.0,0,8.7448,1.4399,73.507,0.0,True,27.5,4840,2.5127,1.83
google,1000,20,linear,True,False,10.0,0.4,0.3,0.3,0,WOA,random,4,0.3333333333333333,E22,10.62,62.6,36,0.764453,86.5774,9.9268,0.0,0,8.8448,1.4591,71.296,0.0,True,27.0,4840,2.5124,1.96
google,1000,20,linear,True,False,10.0,0.4,0.3,0.3,0,WOA,random,5,0.3333333333333333,E22,10.62,62.6,36,0.749533,86.8393,11.6848,0.0,0,8.6948,1.4341,75.015,0.0,True,26.5,4840,2.5291,1.85
google,1000,20,linear,True,False,10.0,0.4,0.3,0.3,0,WOA,random,6,0.3333333333333333,E22,10.62,62.6,36,0.757738,86.6953,10.7181,0.0,0,8.6448,1.4234,74.763,0.0,True,26.5,4840,2.5137,1.83
google,1000,20,linear,True,False,10.0,0.4,0.3,0.3,0,WOA,random,7,0.3333333333333333,E22,10.62,62.6,36,0.774837,86.395,8.7034,0.0,0,8.8448,1.4669,71.096,0.0,True,28.0,4840,2.5208,1.85
google,1000,20,linear,True,False,10.0,0.4,0.3,0.3,0,WOA,random,8,0.3333333333333333,E22,10.62,62.6,36,0.769849,86.4826,9.2911,0.0,0,8.8948,1.4734,70.868,0.0,True,28.0,4840,2.5088,1.89
google,1000,20,linear,True,False,10.0,0.4,0.3,0.3,0,WOA,random,9,0.3333333333333333,E22,10.62,62.6,36,0.772501,86.436,8.9785,0.0,0,8.7948,1.456,73.259,0.0,True,26.0,4840,2.5393,1.84
google,1000,20,linear,True,False,10.0,0.4,0.3,0.3,0,WOA,random,10,0.3333333333333333,E22,10.62,62.6,36,0.775661,86.3806,8.6062,0.0,0,8.8448,1.4537,71.716,0.0,True,28.0,4840,2.5296,1.66
google,1000,20,linear,True,False,10.0,0.4,0.3,0.3,0,WOA,random,11,0.3333333333333333,E22,10.62,62.6,36,0.769033,86.4969,9.3872,0.0,0,8.9448,1.4694,67.82,0.0,True,27.0,4840,2.5185,1.96
google,1000,20,linear,True,False,10.0,0.4,0.3,0.3,0,WOA,random,12,0.3333333333333333,E22,10.62,62.6,36,0.763971,86.5858,9.9836,0.0,0,8.7448,1.4399,72.246,0.0,True,26.5,4840,2.5198,1.83
google,1000,20,linear,True,False,10.0,0.4,0.3,0.3,0,WOA,random,13,0.3333333333333333,E22,10.62,62.6,36,0.761845,86.6232,10.2342,0.0,0,8.7448,1.4382,74.643,0.0,True,27.0,4840,2.5332,1.8
google,1000,20,linear,True,False,10.0,0.4,0.3,0.3,0,WOA,random,14,0.3333333333333333,E22,10.62,62.6,36,0.767114,86.5306,9.6134,0.0,0,8.6948,1.4343,75.159,0.0,True,27.5,4840,2.5347,1.67
google,1000,20,linear,True,False,10.0,0.4,0.3,0.3,0,WOA,random,15,0.3333333333333333,E22,10.62,62.6,36,0.768133,86.5128,9.4932,0.0,0,8.8448,1.4532,70.664,0.0,True,27.5,4840,2.5316,1.75
google,1000,20,linear,True,False,10.0,0.4,0.3,0.3,0,WOA,random,16,0.3333333333333333,E22,10.62,62.6,36,0.758105,86.6888,10.6748,0.0,0,8.7448,1.4384,73.392,0.0,True,28.0,4840,2.5148,1.91
google,1000,20,linear,True,False,10.0,0.4,0.3,0.3,0,WOA,random,25,0.3333333333333333,E22,10.62,62.6,36,0.763961,86.586,9.9848,0.0,0,8.7448,1.4452,72.871,0.0,True,27.0,4840,2.5384,1.67
google,1000,20,linear,True,False,10.0,0.4,0.3,0.3,0,WOA,random,26,0.3333333333333333,E22,10.62,62.6,36,0.761408,86.6308,10.2856,0.0,0,8.8948,1.4592,69.438,0.0,True,28.0,4840,2.5174,1.85
google,1000,20,linear,True,False,10.0,0.4,0.3,0.3,0,WOA,random,27,0.3333333333333333,E22,10.62,62.6,36,0.768475,86.5067,9.453,0.0,0,8.8448,1.4647,72.018,0.0,True,28.0,4840,2.5105,1.77
google,1000,20,linear,True,False,10.0,0.4,0.3,0.3,0,WOA,random,28,0.3333333333333333,E22,10.62,62.6,36,0.764325,86.5796,9.942,0.0,0,8.7448,1.4349,72.733,0.0,True,27.5,4840,2.5194,1.79
google,1000,20,linear,True,False,10.0,0.4,0.3,0.3,0,WOA,random,29,0.3333333333333333,E22,10.62,62.6,36,0.767448,86.5248,9.5739,0.0,0,8.7448,1.4411,72.526,0.0,True,26.5,4840,2.5054,1.73
google,1000,20,linear,True,False,10.0,0.4,0.3,0.3,0,WOA,random,30,0.3333333333333333,E22,10.62,62.6,36,0.756659,86.7142,10.8452,0.0,0,8.7448,1.448,72.741,0.0,True,27.0,4840,2.5163,1.79
google,1000,20,linear,True,False,10.0,0.4,0.3,0.3,0,WOA,improved,1,0.3333333333333333,E22,10.62,62.6,36,0.752594,86.7856,11.3241,0.0,0,8.5948,1.418,76.003,0.0,True,25.5,4840,2.4942,1.7
google,1000,20,linear,True,False,10.0,0.4,0.3,0.3,0,WOA,improved,2,0.3333333333333333,E22,10.62,62.6,36,0.75175,86.8004,11.4236,0.0,0,8.6948,1.4341,73.754,0.0,True,27.0,4840,2.5007,1.83
google,1000,20,linear,True,False,10.0,0.4,0.3,0.3,0,WOA,random,17,0.3333333333333333,E22,10.62,62.6,36,0.756283,86.7208,10.8895,0.0,0,8.7448,1.4371,74.205,0.0,True,27.5,4840,2.5383,1.88
google,1000,20,linear,True,False,10.0,0.4,0.3,0.3,0,WOA,random,18,0.3333333333333333,E22,10.62,62.6,36,0.764748,86.5722,9.8921,0.0,0,8.7948,1.4509,71.376,0.0,True,26.5,4840,2.4985,1.77
google,1000,20,linear,True,False,10.0,0.4,0.3,0.3,0,WOA,random,19,0.3333333333333333,E22,10.62,62.6,36,0.75084,86.8164,11.5308,0.0,0,8.7448,1.4418,72.541,0.0,True,26.5,4840,2.5188,1.81
google,1000,20,linear,True,False,10.0,0.4,0.3,0.3,0,WOA,random,20,0.3333333333333333,E22,10.62,62.6,36,0.763167,86.6,10.0784,0.0,0,8.7448,1.4504,74.0,0.0,True,27.0,4840,2.5209,1.72
google,1000,20,linear,True,False,10.0,0.4,0.3,0.3,0,WOA,random,21,0.3333333333333333,E22,10.62,62.6,36,0.769541,86.488,9.3273,0.0,0,8.8448,1.4636,71.482,0.0,True,28.5,4840,2.5169,1.73
google,1000,20,linear,True,False,10.0,0.4,0.3,0.3,0,WOA,random,22,0.3333333333333333,E22,10.62,62.6,36,0.772503,86.436,8.9783,0.0,0,8.7448,1.4405,73.795,0.0,True,27.0,4840,2.5299,1.73
google,1000,20,linear,True,False,10.0,0.4,0.3,0.3,0,WOA,random,23,0.3333333333333333,E22,10.62,62.6,36,0.760655,86.644,10.3743,0.0,0,8.7448,1.4498,73.272,0.0,True,27.0,4840,2.5247,1.75
google,1000,20,linear,True,False,10.0,0.4,0.3,0.3,0,WOA,random,24,0.3333333333333333,E22,10.62,62.6,36,0.762312,86.615,10.1792,0.0,0,8.7948,1.4594,72.095,0.0,True,27.0,4840,2.5227,1.71
google,1000,20,linear,True,False,10.0,0.4,0.3,0.3,0,WOA,improved,3,0.3333333333333333,E22,10.62,62.6,36,0.767764,86.5192,9.5367,0.0,0,8.8948,1.4809,68.928,0.0,True,27.5,4840,2.4911,1.77
google,1000,20,linear,True,False,10.0,0.4,0.3,0.3,0,WOA,improved,4,0.3333333333333333,E22,10.62,62.6,36,0.75493,86.7446,11.0489,0.0,0,8.7448,1.4403,73.299,0.0,True,28.5,4840,2.4886,1.7
google,1000,20,linear,True,False,10.0,0.4,0.3,0.3,0,WOA,improved,5,0.3333333333333333,E22,10.62,62.6,36,0.761512,86.629,10.2733,0.0,0,8.7448,1.4416,74.195,0.0,True,26.5,4840,2.509,1.82
google,1000,20,linear,True,False,10.0,0.4,0.3,0.3,0,WOA,improved,6,0.3333333333333333,E22,10.62,62.6,36,0.770426,86.4725,9.2231,0.0,0,8.8448,1.4695,70.322,0.0,True,27.0,4840,2.4932,1.74
google,1000,20,linear,True,False,10.0,0.4,0.3,0.3,0,WOA,improved,7,0.3333333333333333,E22,10.62,62.6,36,0.759412,86.6659,10.5209,0.0,0,8.6948,1.434,74.433,0.0,True,27.0,4840,2.5071,1.77
google,1000,20,linear,True,False,10.0,0.4,0.3,0.3,0,WOA,improved,8,0.3333333333333333,E22,10.62,62.6,36,0.763865,86.5877,9.9961,0.0,0,8.8448,1.4648,71.291,0.0,True,28.0,4840,2.4925,1.76
google,1000,20,linear,True,False,10.0,0.4,0.3,0.3,0,WOA,improved,9,0.3333333333333333,E22,10.62,62.6,36,0.76545,86.5599,9.8093,0.0,0,8.7448,1.4434,73.361,0.0,True,26.0,4840,2.5019,1.75
google,1000,20,linear,True,False,10.0,0.4,0.3,0.3,0,WOA,improved,10,0.3333333333333333,E22,10.62,62.6,36,0.761847,86.6231,10.2339,0.0,0,8.7948,1.4528,71.425,0.0,True,28.5,4840,2.5091,1.7
google,1000,20,linear,True,False,10.0,0.4,0.3,0.3,0,WOA,improved,11,0.3333333333333333,E22,10.62,62.6,36,0.741098,86.9874,12.6786,0.0,0,8.6448,1.4245,74.454,0.0,True,27.0,4840,2.5189,1.75
google,1000,20,linear,True,False,10.0,0.4,0.3,0.3,0,WOA,improved,12,0.3333333333333333,E22,10.62,62.6,36,0.767529,86.5234,9.5644,0.0,0,8.8948,1.4694,70.213,0.0,True,28.0,4840,2.4992,1.79
google,1000,20,linear,True,False,10.0,0.4,0.3,0.3,0,WOA,improved,13,0.3333333333333333,E22,10.62,62.6,36,0.762264,86.6158,10.1848,0.0,0,8.8448,1.4555,70.045,0.0,True,27.0,4840,2.5048,1.71
google,1000,20,linear,True,False,10.0,0.4,0.3,0.3,0,WOA,improved,14,0.3333333333333333,E22,10.62,62.6,36,0.748437,86.8586,11.8139,0.0,0,8.5948,1.4197,76.902,0.0,True,25.5,4840,2.4984,1.96
google,1000,20,linear,True,False,10.0,0.4,0.3,0.3,0,WOA,improved,15,0.3333333333333333,E22,10.62,62.6,36,0.754548,86.7513,11.094,0.0,0,8.6948,1.4354,73.495,0.0,True,26.5,4840,2.5125,1.8
google,1000,20,linear,True,False,10.0,0.4,0.3,0.3,0,WOA,improved,16,0.3333333333333333,E22,10.62,62.6,36,0.758858,86.6756,10.5861,0.0,0,8.7948,1.4464,72.047,0.0,True,28.0,4840,2.4996,1.76
google,1000,20,linear,True,False,10.0,0.4,0.3,0.3,0,WOA,improved,17,0.3333333333333333,E22,10.62,62.6,36,0.772658,86.4333,8.96,0.0,0,8.7948,1.4491,73.255,0.0,True,26.5,4840,2.5024,1.69
google,1000,20,linear,True,False,10.0,0.4,0.3,0.3,0,WOA,improved,18,0.3333333333333333,E22,10.62,62.6,36,0.750689,86.819,11.5486,0.0,0,8.6948,1.4291,74.158,0.0,True,25.5,4840,2.5144,1.77
google,1000,20,linear,True,False,10.0,0.4,0.3,0.3,0,WOA,improved,19,0.3333333333333333,E22,10.62,62.6,36,0.76308,86.6015,10.0887,0.0,0,8.7448,1.4418,73.256,0.0,True,26.5,4840,2.513,1.68
google,1000,20,linear,True,False,10.0,0.4,0.3,0.3,0,WOA,improved,20,0.3333333333333333,E22,10.62,62.6,36,0.766964,86.5333,9.631,0.0,0,8.8948,1.4712,70.217,0.0,True,28.5,4840,2.4889,1.73
google,1000,20,linear,True,False,10.0,0.4,0.3,0.3,0,WOA,improved,21,0.3333333333333333,E22,10.62,62.6,36,0.761495,86.6293,10.2754,0.0,0,8.7448,1.4399,73.78,0.0,True,27.0,4840,2.5204,1.77
google,1000,20,linear,True,False,10.0,0.4,0.3,0.3,0,WOA,improved,22,0.3333333333333333,E22,10.62,62.6,36,0.771638,86.4512,9.0803,0.0,0,8.7448,1.4422,73.364,0.0,True,26.5,4840,2.5268,1.69
google,1000,20,linear,True,False,10.0,0.4,0.3,0.3,0,WOA,improved,23,0.3333333333333333,E22,10.62,62.6,36,0.768908,86.4991,9.402,0.0,0,8.7448,1.4353,73.757,0.0,True,25.5,4840,2.4813,1.7
google,1000,20,linear,True,False,10.0,0.4,0.3,0.3,0,WOA,improved,24,0.3333333333333333,E22,10.62,62.6,36,0.762966,86.6035,10.102,0.0,0,8.7448,1.4395,71.685,0.0,True,26.5,4840,2.484,1.78
google,1000,20,linear,True,False,10.0,0.4,0.3,0.3,0,WOA,improved,25,0.3333333333333333,E22,10.62,62.6,36,0.761674,86.6262,10.2543,0.0,0,8.7948,1.4453,73.987,0.0,True,27.0,4840,2.5097,1.81
google,1000,20,linear,True,False,10.0,0.4,0.3,0.3,0,WOA,improved,26,0.3333333333333333,E22,10.62,62.6,36,0.755992,86.7259,10.9238,0.0,0,8.7448,1.4446,72.373,0.0,True,27.0,4840,2.4912,1.86
google,1000,20,linear,True,False,10.0,0.4,0.3,0.3,0,WOA,improved,27,0.3333333333333333,E22,10.62,62.6,36,0.757087,86.7067,10.7947,0.0,0,8.6948,1.4268,74.952,0.0,True,26.5,4840,2.6821,1.81
google,1000,20,linear,True,False,10.0,0.4,0.3,0.3,0,WOA,improved,28,0.3333333333333333,E22,10.62,62.6,36,0.76362,86.592,10.025,0.0,0,8.7948,1.4481,71.803,0.0,True,27.5,4840,2.6525,1.76
google,1000,20,linear,True,False,10.0,0.4,0.3,0.3,0,WOA,improved,29,0.3333333333333333,E22,10.62,62.6,36,0.770029,86.4795,9.2698,0.0,0,8.7948,1.4549,71.059,0.0,True,26.5,4840,2.6608,1.66
google,1000,20,linear,True,False,10.0,0.4,0.3,0.3,0,WOA,improved,30,0.3333333333333333,E22,10.62,62.6,36,0.767973,86.5156,9.5121,0.0,0,8.8448,1.4641,70.413,0.0,True,27.0,4840,2.6583,1.81
google,1000,20,linear,True,False,10.0,0.4,0.3,0.3,0,WOA,carbon,1,0.3333333333333333,E22,10.62,62.6,36,0.646247,88.6529,23.8546,0.0,0,8.5448,1.3775,62.666,0.0,True,26.0,4840,2.6692,1.73
google,1000,20,linear,True,False,10.0,0.4,0.3,0.3,0,WOA,carbon,2,0.3333333333333333,E22,10.62,62.6,36,0.646942,88.6407,23.7727,0.0,0,8.5448,1.3775,62.931,0.0,True,26.0,4840,2.6767,1.75
google,1000,20,linear,True,False,10.0,0.4,0.3,0.3,0,WOA,carbon,3,0.3333333333333333,E22,10.62,62.6,36,0.640552,88.7529,24.5257,0.0,0,8.4948,1.37,63.326,0.0,True,26.0,4840,2.6492,1.73
google,1000,20,linear,True,False,10.0,0.4,0.3,0.3,0,WOA,carbon,4,0.3333333333333333,E22,10.62,62.6,36,0.647199,88.6362,23.7425,0.0,0,8.5948,1.385,60.869,0.0,True,26.0,4840,2.6662,1.65
google,1000,10,linear,True,False,10.0,0.4,0.3,0.3,0,GA,carbon,24,0.3333333333333333,E22,10.62,62.6,36,0.696139,87.7769,17.9761,0.0,0,8.9448,1.4531,55.985,0.0,True,26.5,4840,4.3347,2.37
google,1000,10,linear,True,False,10.0,0.4,0.3,0.3,0,GA,carbon,25,0.3333333333333333,E22,10.62,62.6,36,0.690803,87.8705,18.6048,0.0,0,8.8948,1.4456,57.689,0.0,True,26.5,4840,4.2959,2.41
google,1000,10,linear,True,False,10.0,0.4,0.3,0.3,0,GA,carbon,26,0.3333333333333333,E22,10.62,62.6,36,0.687908,87.9214,18.946,0.0,0,8.9448,1.4381,58.509,0.0,True,26.5,4840,4.3023,2.32
google,1000,10,linear,True,False,10.0,0.4,0.3,0.3,0,GA,carbon,27,0.3333333333333333,E22,10.62,62.6,36,0.683212,88.0038,19.4993,0.0,0,8.8448,1.4225,58.647,0.0,True,26.5,4840,4.2979,2.3
google,1000,10,linear,True,False,10.0,0.4,0.3,0.3,0,GA,carbon,28,0.3333333333333333,E22,10.62,62.6,36,0.700334,87.7032,17.4818,0.0,0,8.9948,1.4606,55.408,0.0,True,26.5,4840,4.292,2.32
google,1000,10,linear,True,False,10.0,0.4,0.3,0.3,0,GA,carbon,29,0.3333333333333333,E22,10.62,62.6,36,0.691583,87.8568,18.5129,0.0,0,8.8948,1.4467,58.89,0.0,True,26.0,4840,4.3128,2.33
google,1000,10,linear,True,False,10.0,0.4,0.3,0.3,0,GA,carbon,30,0.3333333333333333,E22,10.62,62.6,36,0.684342,87.984,19.3661,0.0,0,8.8948,1.4306,58.959,0.0,True,26.5,4840,4.2919,2.35
google,1000,20,linear,True,False,10.0,0.4,0.3,0.3,0,Greedy(EDF+greenest),-,0,0.3333333333333333,E22,10.62,62.6,36,0.65416,88.5139,22.9223,0.0,0,8.6948,1.4,57.308,0.0,True,26.0,0,0.0002,0.0
google,1000,10,linear,True,False,10.0,0.4,0.3,0.3,0,GA,carbon,8,0.3333333333333333,E22,10.62,62.6,36,0.690702,87.8723,18.6167,0.0,0,8.8948,1.4306,58.075,0.0,True,27.0,4840,4.3355,2.4
google,1000,10,linear,True,False,10.0,0.4,0.3,0.3,0,GA,carbon,9,0.3333333333333333,E22,10.62,62.6,36,0.689577,87.8921,18.7492,0.0,0,8.8948,1.43,57.058,0.0,True,26.5,4840,4.3027,2.31
google,1000,10,linear,True,False,10.0,0.4,0.3,0.3,0,GA,carbon,10,0.3333333333333333,E22,10.62,62.6,36,0.685155,87.9697,19.2703,0.0,0,8.8948,1.4306,58.392,0.0,True,26.0,4840,4.3044,2.34
google,1000,10,linear,True,False,10.0,0.4,0.3,0.3,0,GA,carbon,11,0.3333333333333333,E22,10.62,62.6,36,0.690032,87.8841,18.6957,0.0,0,8.9448,1.43,59.712,0.0,True,26.5,4840,4.309,2.37
google,1000,10,linear,True,False,10.0,0.4,0.3,0.3,0,GA,carbon,12,0.3333333333333333,E22,10.62,62.6,36,0.67948,88.0694,19.939,0.0,0,8.7948,1.415,61.778,0.0,True,26.5,4840,4.2972,2.35
google,1000,10,linear,True,False,10.0,0.4,0.3,0.3,0,GA,carbon,13,0.3333333333333333,E22,10.62,62.6,36,0.677105,88.1111,20.2188,0.0,0,8.7948,1.415,61.43,0.0,True,26.0,4840,4.311,2.4
google,1000,10,linear,True,False,10.0,0.4,0.3,0.3,0,GA,carbon,14,0.3333333333333333,E22,10.62,62.6,36,0.689241,87.898,18.7888,0.0,0,8.8448,1.43,59.455,0.0,True,26.5,4840,4.3035,2.34
google,1000,10,linear,True,False,10.0,0.4,0.3,0.3,0,GA,carbon,15,0.3333333333333333,E22,10.62,62.6,36,0.685292,87.9673,19.2541,0.0,0,8.8948,1.4225,57.714,0.0,True,26.5,4840,4.316,2.39
google,1000,10,linear,True,False,10.0,0.4,0.3,0.3,0,GA,carbon,16,0.3333333333333333,E22,10.62,62.6,36,0.681575,88.0326,19.6921,0.0,0,8.8448,1.4231,61.338,0.0,True,26.5,4840,4.3572,2.29
google,1000,10,linear,True,False,10.0,0.4,0.3,0.3,0,GA,carbon,17,0.3333333333333333,E22,10.62,62.6,36,0.687228,87.9333,19.026,0.0,0,8.9448,1.4456,57.958,0.0,True,26.5,4840,4.3354,2.27
google,1000,10,linear,True,False,10.0,0.4,0.3,0.3,0,GA,carbon,18,0.3333333333333333,E22,10.62,62.6,36,0.690492,87.876,18.6415,0.0,0,8.8948,1.4306,58.963,0.0,True,26.0,4840,4.3568,2.31
google,1000,10,linear,True,False,10.0,0.4,0.3,0.3,0,GA,carbon,19,0.3333333333333333,E22,10.62,62.6,36,0.692234,87.8454,18.4362,0.0,0,8.9448,1.4456,56.656,0.0,True,26.5,4840,4.3354,2.29
google,1000,10,linear,True,False,10.0,0.4,0.3,0.3,0,GA,carbon,20,0.3333333333333333,E22,10.62,62.6,36,0.689735,87.8893,18.7306,0.0,0,8.9448,1.4467,58.014,0.0,True,26.5,4840,4.3384,2.38
google,1000,10,linear,True,False,10.0,0.4,0.3,0.3,0,GA,carbon,21,0.3333333333333333,E22,10.62,62.6,36,0.688958,87.9029,18.8222,0.0,0,8.8948,1.4375,60.291,0.0,True,26.5,4840,4.3178,2.35
google,1000,10,linear,True,False,10.0,0.4,0.3,0.3,0,GA,carbon,22,0.3333333333333333,E22,10.62,62.6,36,0.694278,87.8095,18.1954,0.0,0,8.9948,1.4531,56.27,0.0,True,26.5,4840,4.3381,2.34
google,1000,10,linear,True,False,10.0,0.4,0.3,0.3,0,GA,carbon,23,0.3333333333333333,E22,10.62,62.6,36,0.69379,87.8181,18.2529,0.0,0,8.9948,1.445,57.073,0.0,True,26.5,4840,4.3385,2.42
google,1000,20,linear,True,False,10.0,0.4,0.3,0.3,0,WOA,carbon,5,0.3333333333333333,E22,10.62,62.6,36,0.642464,88.7193,24.3005,0.0,0,8.5448,1.3775,61.986,0.0,True,26.0,4840,2.5222,1.77
google,1000,20,linear,True,False,10.0,0.4,0.3,0.3,0,WOA,carbon,6,0.3333333333333333,E22,10.62,62.6,36,0.641699,88.7327,24.3905,0.0,0,8.4948,1.37,66.601,0.0,True,25.5,4840,2.4995,1.63
google,1000,20,linear,True,False,10.0,0.4,0.3,0.3,0,WOA,carbon,7,0.3333333333333333,E22,10.62,62.6,36,0.647509,88.6307,23.706,0.0,0,8.6448,1.3925,59.386,0.0,True,26.0,4840,2.5136,1.67
google,1000,20,linear,True,False,10.0,0.4,0.3,0.3,0,WOA,carbon,8,0.3333333333333333,E22,10.62,62.6,36,0.644726,88.6796,24.034,0.0,0,8.5448,1.3775,61.637,0.0,True,26.0,4840,2.5119,1.67
google,1000,20,linear,True,False,10.0,0.4,0.3,0.3,0,WOA,carbon,9,0.3333333333333333,E22,10.62,62.6,36,0.641929,88.7287,24.3634,0.0,0,8.4948,1.37,66.431,0.0,True,26.0,4840,2.5159,1.73
google,1000,20,linear,True,False,10.0,0.4,0.3,0.3,0,WOA,carbon,10,0.3333333333333333,E22,10.62,62.6,36,0.646185,88.654,23.862,0.0,0,8.5948,1.385,60.377,0.0,True,26.0,4840,2.5228,1.65
google,1000,20,linear,True,False,10.0,0.4,0.3,0.3,0,WOA,carbon,11,0.3333333333333333,E22,10.62,62.6,36,0.64068,88.7506,24.5106,0.0,0,8.4948,1.37,64.276,0.0,True,25.5,4840,2.5324,1.74
google,1000,20,linear,True,False,10.0,0.4,0.3,0.3,0,WOA,carbon,12,0.3333333333333333,E22,10.62,62.6,36,0.641262,88.7404,24.442,0.0,0,8.4948,1.37,64.769,0.0,True,26.0,4840,2.5797,1.73
google,1000,20,linear,True,False,10.0,0.4,0.3,0.3,0,WOA,carbon,13,0.3333333333333333,E22,10.62,62.6,36,0.642404,88.7204,24.3075,0.0,0,8.5448,1.3775,61.765,0.0,True,26.0,4840,2.5176,1.75
google,1000,20,linear,True,False,10.0,0.4,0.3,0.3,0,WOA,carbon,14,0.3333333333333333,E22,10.62,62.6,36,0.641897,88.7293,24.3673,0.0,0,8.4948,1.37,66.946,0.0,True,25.5,4840,2.5054,1.71
google,1000,20,linear,True,False,10.0,0.4,0.3,0.3,0,WOA,carbon,15,0.3333333333333333,E22,10.62,62.6,36,0.647074,88.6384,23.7572,0.0,0,8.5448,1.3775,62.76,0.0,True,26.0,4840,2.5069,1.67
google,1000,20,linear,True,False,10.0,0.4,0.3,0.3,0,WOA,carbon,16,0.3333333333333333,E22,10.62,62.6,36,0.64725,88.6353,23.7365,0.0,0,8.5948,1.385,61.217,0.0,True,26.0,4840,2.5068,1.67
google,1000,20,linear,True,False,10.0,0.4,0.3,0.3,0,WOA,carbon,17,0.3333333333333333,E22,10.62,62.6,36,0.647373,88.6331,23.7221,0.0,0,8.5448,1.3775,63.37,0.0,True,26.0,4840,2.514,1.74
google,1000,20,linear,True,False,10.0,0.4,0.3,0.3,0,WOA,carbon,18,0.3333333333333333,E22,10.62,62.6,36,0.641114,88.743,24.4595,0.0,0,8.4948,1.37,64.382,0.0,True,26.0,4840,2.5126,1.66
google,1000,20,linear,True,False,10.0,0.4,0.3,0.3,0,WOA,carbon,19,0.3333333333333333,E22,10.62,62.6,36,0.642479,88.719,24.2987,0.0,0,8.5448,1.3775,61.946,0.0,True,26.0,4840,2.5543,1.76
google,1000,20,linear,True,False,10.0,0.4,0.3,0.3,0,WOA,carbon,20,0.3333333333333333,E22,10.62,62.6,36,0.644378,88.6857,24.0749,0.0,0,8.4948,1.37,66.112,0.0,True,26.0,4840,2.5614,1.66
google,1000,20,linear,True,False,10.0,0.4,0.3,0.3,0,WOA,carbon,29,0.3333333333333333,E22,10.62,62.6,36,0.646849,88.6423,23.7837,0.0,0,8.5448,1.3775,62.262,0.0,True,26.0,4840,2.5221,1.64
google,1000,20,linear,True,False,10.0,0.4,0.3,0.3,0,WOA,carbon,30,0.3333333333333333,E22,10.62,62.6,36,0.642236,88.7233,24.3273,0.0,0,8.5448,1.3775,61.928,0.0,True,26.0,4840,2.501,1.71
google,1000,20,linear,True,False,10.0,0.7,0.0,0.3,0,WOA,carbon,1,0.3333333333333333,E22,10.62,62.6,36,0.646247,88.6529,23.8546,0.0,0,8.5448,1.3775,62.666,0.0,True,26.0,4840,2.5067,1.73
google,1000,20,linear,True,False,10.0,0.7,0.0,0.3,0,WOA,carbon,2,0.3333333333333333,E22,10.62,62.6,36,0.646942,88.6407,23.7727,0.0,0,8.5448,1.3775,62.931,0.0,True,26.0,4840,2.5126,1.75
google,1000,20,linear,True,False,10.0,0.7,0.0,0.3,0,WOA,carbon,3,0.3333333333333333,E22,10.62,62.6,36,0.640552,88.7529,24.5257,0.0,0,8.4948,1.37,63.326,0.0,True,26.0,4840,2.5159,1.73
google,1000,20,linear,True,False,10.0,0.7,0.0,0.3,0,WOA,carbon,4,0.3333333333333333,E22,10.62,62.6,36,0.647199,88.6362,23.7425,0.0,0,8.5948,1.385,60.869,0.0,True,26.0,4840,2.5033,1.65
google,1000,20,linear,True,False,10.0,0.7,0.0,0.3,0,WOA,carbon,5,0.3333333333333333,E22,10.62,62.6,36,0.642464,88.7193,24.3005,0.0,0,8.5448,1.3775,61.986,0.0,True,26.0,4840,2.5794,1.77
google,1000,20,linear,True,False,10.0,0.7,0.0,0.3,0,WOA,carbon,6,0.3333333333333333,E22,10.62,62.6,36,0.641699,88.7327,24.3905,0.0,0,8.4948,1.37,66.601,0.0,True,25.5,4840,2.5577,1.63
google,1000,20,linear,True,False,10.0,0.4,0.3,0.3,0,WOA,carbon,21,0.3333333333333333,E22,10.62,62.6,36,0.64585,88.6599,23.9015,0.0,0,8.5948,1.385,60.383,0.0,True,26.0,4840,2.5197,1.76
google,1000,20,linear,True,False,10.0,0.4,0.3,0.3,0,WOA,carbon,22,0.3333333333333333,E22,10.62,62.6,36,0.652685,88.5398,23.0961,0.0,0,8.6448,1.3925,57.633,0.0,True,26.0,4840,2.541,1.62
google,1000,20,linear,True,False,10.0,0.4,0.3,0.3,0,WOA,carbon,23,0.3333333333333333,E22,10.62,62.6,36,0.647871,88.6244,23.6634,0.0,0,8.5948,1.385,61.092,0.0,True,26.0,4840,2.5099,1.73
google,1000,20,linear,True,False,10.0,0.4,0.3,0.3,0,WOA,carbon,24,0.3333333333333333,E22,10.62,62.6,36,0.643055,88.7089,24.2308,0.0,0,8.5448,1.3775,61.251,0.0,True,26.0,4840,2.5115,1.77
google,1000,20,linear,True,False,10.0,0.4,0.3,0.3,0,WOA,carbon,25,0.3333333333333333,E22,10.62,62.6,36,0.642089,88.7259,24.3446,0.0,0,8.4948,1.37,66.095,0.0,True,26.0,4840,2.5253,1.67
google,1000,20,linear,True,False,10.0,0.4,0.3,0.3,0,WOA,carbon,26,0.3333333333333333,E22,10.62,62.6,36,0.641856,88.73,24.372,0.0,0,8.5448,1.3775,61.809,0.0,True,26.0,4840,2.5206,1.79
google,1000,20,linear,True,False,10.0,0.4,0.3,0.3,0,WOA,carbon,27,0.3333333333333333,E22,10.62,62.6,36,0.640068,88.7614,24.5827,0.0,0,8.4448,1.3625,67.329,0.0,True,25.5,4840,2.5765,1.77
google,1000,20,linear,True,False,10.0,0.4,0.3,0.3,0,WOA,carbon,28,0.3333333333333333,E22,10.62,62.6,36,0.646908,88.6413,23.7768,0.0,0,8.5448,1.3775,61.697,0.0,True,26.0,4840,2.5649,1.73
google,1000,20,linear,True,False,10.0,0.7,0.0,0.3,0,WOA,carbon,7,0.3333333333333333,E22,10.62,62.6,36,0.647509,88.6307,23.706,0.0,0,8.6448,1.3925,59.386,0.0,True,26.0,4840,2.528,1.67
google,1000,20,linear,True,False,10.0,0.7,0.0,0.3,0,WOA,carbon,8,0.3333333333333333,E22,10.62,62.6,36,0.644726,88.6796,24.034,0.0,0,8.5448,1.3775,61.637,0.0,True,26.0,4840,2.5025,1.67
google,1000,20,linear,True,False,10.0,0.7,0.0,0.3,0,WOA,carbon,9,0.3333333333333333,E22,10.62,62.6,36,0.641929,88.7287,24.3634,0.0,0,8.4948,1.37,66.431,0.0,True,26.0,4840,2.5199,1.73
google,1000,20,linear,True,False,10.0,0.7,0.0,0.3,0,WOA,carbon,10,0.3333333333333333,E22,10.62,62.6,36,0.646185,88.654,23.862,0.0,0,8.5948,1.385,60.377,0.0,True,26.0,4840,2.5286,1.65
google,1000,20,linear,True,False,10.0,0.7,0.0,0.3,0,WOA,carbon,11,0.3333333333333333,E22,10.62,62.6,36,0.64068,88.7506,24.5106,0.0,0,8.4948,1.37,64.276,0.0,True,25.5,4840,2.5159,1.74
google,1000,20,linear,True,False,10.0,0.7,0.0,0.3,0,WOA,carbon,12,0.3333333333333333,E22,10.62,62.6,36,0.641262,88.7404,24.442,0.0,0,8.4948,1.37,64.769,0.0,True,26.0,4840,2.5179,1.73
google,1000,20,linear,True,False,10.0,0.7,0.0,0.3,0,WOA,carbon,13,0.3333333333333333,E22,10.62,62.6,36,0.642404,88.7204,24.3075,0.0,0,8.5448,1.3775,61.765,0.0,True,26.0,4840,2.5828,1.75
google,1000,20,linear,True,False,10.0,0.7,0.0,0.3,0,WOA,carbon,14,0.3333333333333333,E22,10.62,62.6,36,0.641897,88.7293,24.3673,0.0,0,8.4948,1.37,66.946,0.0,True,25.5,4840,2.573,1.71
google,1000,20,linear,True,False,10.0,0.7,0.0,0.3,0,WOA,carbon,15,0.3333333333333333,E22,10.62,62.6,36,0.647074,88.6384,23.7572,0.0,0,8.5448,1.3775,62.76,0.0,True,26.0,4840,2.5272,1.67
google,1000,20,linear,True,False,10.0,0.7,0.0,0.3,0,WOA,carbon,16,0.3333333333333333,E22,10.62,62.6,36,0.64725,88.6353,23.7365,0.0,0,8.5948,1.385,61.217,0.0,True,26.0,4840,2.5001,1.67
google,1000,20,linear,True,False,10.0,0.7,0.0,0.3,0,WOA,carbon,17,0.3333333333333333,E22,10.62,62.6,36,0.647373,88.6331,23.7221,0.0,0,8.5448,1.3775,63.37,0.0,True,26.0,4840,2.5165,1.74
google,1000,20,linear,True,False,10.0,0.7,0.0,0.3,0,WOA,carbon,18,0.3333333333333333,E22,10.62,62.6,36,0.641114,88.743,24.4595,0.0,0,8.4948,1.37,64.382,0.0,True,26.0,4840,2.5277,1.66
google,1000,20,linear,True,False,10.0,0.7,0.0,0.3,0,WOA,carbon,19,0.3333333333333333,E22,10.62,62.6,36,0.642479,88.719,24.2987,0.0,0,8.5448,1.3775,61.946,0.0,True,26.0,4840,2.5084,1.76
google,1000,20,linear,True,False,10.0,0.7,0.0,0.3,0,WOA,carbon,20,0.3333333333333333,E22,10.62,62.6,36,0.644378,88.6857,24.0749,0.0,0,8.4948,1.37,66.112,0.0,True,26.0,4840,2.5661,1.66
google,1000,20,linear,True,False,10.0,0.7,0.0,0.3,0,WOA,carbon,21,0.3333333333333333,E22,10.62,62.6,36,0.64585,88.6599,23.9015,0.0,0,8.5948,1.385,60.383,0.0,True,26.0,4840,2.5739,1.76
google,1000,20,linear,True,False,10.0,0.7,0.0,0.3,0,WOA,carbon,22,0.3333333333333333,E22,10.62,62.6,36,0.652685,88.5398,23.0961,0.0,0,8.6448,1.3925,57.633,0.0,True,26.0,4840,2.6084,1.62
google,1000,20,linear,True,False,10.0,0.7,0.0,0.3,0,WOA,carbon,23,0.3333333333333333,E22,10.62,62.6,36,0.647871,88.6244,23.6634,0.0,0,8.5948,1.385,61.092,0.0,True,26.0,4840,2.5167,1.74
google,1000,20,linear,True,False,10.0,0.7,0.0,0.3,0,WOA,carbon,24,0.3333333333333333,E22,10.62,62.6,36,0.643055,88.7089,24.2308,0.0,0,8.5448,1.3775,61.251,0.0,True,26.0,4840,2.5121,1.77
google,1000,20,linear,True,False,10.0,0.7,0.0,0.3,0,WOA,carbon,25,0.3333333333333333,E22,10.62,62.6,36,0.642089,88.7259,24.3446,0.0,0,8.4948,1.37,66.095,0.0,True,26.0,4840,2.5225,1.67
google,1000,20,linear,True,False,10.0,0.7,0.0,0.3,0,WOA,carbon,26,0.3333333333333333,E22,10.62,62.6,36,0.641856,88.73,24.372,0.0,0,8.5448,1.3775,61.809,0.0,True,26.0,4840,2.5167,1.79
google,1000,20,linear,True,False,10.0,0.7,0.0,0.3,0,WOA,carbon,27,0.3333333333333333,E22,10.62,62.6,36,0.640068,88.7614,24.5827,0.0,0,8.4448,1.3625,67.329,0.0,True,25.5,4840,2.5284,1.77
google,1000,20,linear,True,False,10.0,0.7,0.0,0.3,0,WOA,carbon,28,0.3333333333333333,E22,10.62,62.6,36,0.646908,88.6413,23.7768,0.0,0,8.5448,1.3775,61.697,0.0,True,26.0,4840,2.5887,1.73
google,1000,20,linear,True,False,10.0,0.7,0.0,0.3,0,WOA,carbon,29,0.3333333333333333,E22,10.62,62.6,36,0.646849,88.6423,23.7837,0.0,0,8.5448,1.3775,62.262,0.0,True,26.0,4840,2.5627,1.63
google,1000,20,linear,True,False,10.0,0.7,0.0,0.3,0,WOA,carbon,30,0.3333333333333333,E22,10.62,62.6,36,0.642277,88.7226,24.3224,0.0,0,8.5448,1.3775,62.191,0.0,True,26.0,4840,2.5719,1.72
google,1000,20,linear,True,False,10.0,0.7,0.3,0.0,0,WOA,carbon,1,0.3333333333333333,E22,10.62,62.6,36,0.646247,88.6529,23.8546,0.0,0,8.5448,1.3775,62.666,0.0,True,26.0,4840,2.4932,1.73
google,1000,20,linear,True,False,10.0,0.7,0.3,0.0,0,WOA,carbon,2,0.3333333333333333,E22,10.62,62.6,36,0.646942,88.6407,23.7727,0.0,0,8.5448,1.3775,62.931,0.0,True,26.0,4840,2.4929,1.75
google,1000,20,linear,True,False,10.0,0.7,0.3,0.0,0,WOA,carbon,3,0.3333333333333333,E22,10.62,62.6,36,0.640552,88.7529,24.5257,0.0,0,8.4948,1.37,63.326,0.0,True,26.0,4840,2.5137,1.73
google,1000,20,linear,True,False,10.0,0.7,0.3,0.0,0,WOA,carbon,4,0.3333333333333333,E22,10.62,62.6,36,0.647199,88.6362,23.7425,0.0,0,8.5948,1.385,60.869,0.0,True,26.0,4840,2.4965,1.65
google,1000,20,linear,True,False,10.0,0.7,0.3,0.0,0,WOA,carbon,5,0.3333333333333333,E22,10.62,62.6,36,0.642464,88.7193,24.3005,0.0,0,8.5448,1.3775,61.986,0.0,True,26.0,4840,2.5167,1.77
google,1000,20,linear,True,False,10.0,0.7,0.3,0.0,0,WOA,carbon,6,0.3333333333333333,E22,10.62,62.6,36,0.641699,88.7327,24.3905,0.0,0,8.4948,1.37,66.601,0.0,True,25.5,4840,2.5575,1.63
google,1000,20,linear,True,False,10.0,0.7,0.3,0.0,0,WOA,carbon,7,0.3333333333333333,E22,10.62,62.6,36,0.647509,88.6307,23.706,0.0,0,8.6448,1.3925,59.386,0.0,True,26.0,4840,2.5769,1.67
google,1000,20,linear,True,False,10.0,0.7,0.3,0.0,0,WOA,carbon,8,0.3333333333333333,E22,10.62,62.6,36,0.644726,88.6796,24.034,0.0,0,8.5448,1.3775,61.637,0.0,True,26.0,4840,2.572,1.67
google,1000,20,linear,True,False,10.0,0.7,0.3,0.0,0,WOA,carbon,17,0.3333333333333333,E22,10.62,62.6,36,0.647373,88.6331,23.7221,0.0,0,8.5448,1.3775,63.37,0.0,True,26.0,4840,2.5231,1.74
google,1000,20,linear,True,False,10.0,0.7,0.3,0.0,0,WOA,carbon,18,0.3333333333333333,E22,10.62,62.6,36,0.641114,88.743,24.4595,0.0,0,8.4948,1.37,64.382,0.0,True,26.0,4840,2.5248,1.66
google,1000,20,linear,True,False,10.0,0.7,0.3,0.0,0,WOA,carbon,19,0.3333333333333333,E22,10.62,62.6,36,0.642479,88.719,24.2987,0.0,0,8.5448,1.3775,61.946,0.0,True,26.0,4840,2.5213,1.76
google,1000,20,linear,True,False,10.0,0.7,0.3,0.0,0,WOA,carbon,20,0.3333333333333333,E22,10.62,62.6,36,0.644378,88.6857,24.0749,0.0,0,8.4948,1.37,66.112,0.0,True,26.0,4840,2.5822,1.66
google,1000,20,linear,True,False,10.0,0.7,0.3,0.0,0,WOA,carbon,21,0.3333333333333333,E22,10.62,62.6,36,0.64585,88.6599,23.9015,0.0,0,8.5948,1.385,60.383,0.0,True,26.0,4840,2.581,1.76
google,1000,20,linear,True,False,10.0,0.7,0.3,0.0,0,WOA,carbon,22,0.3333333333333333,E22,10.62,62.6,36,0.652685,88.5398,23.0961,0.0,0,8.6448,1.3925,57.633,0.0,True,26.0,4840,2.6078,1.62
google,1000,20,linear,True,False,10.0,0.7,0.3,0.0,0,WOA,carbon,23,0.3333333333333333,E22,10.62,62.6,36,0.647871,88.6244,23.6634,0.0,0,8.5948,1.385,61.092,0.0,True,26.0,4840,2.6453,1.73
google,1000,20,linear,True,False,10.0,0.7,0.3,0.0,0,WOA,carbon,24,0.3333333333333333,E22,10.62,62.6,36,0.643055,88.7089,24.2308,0.0,0,8.5448,1.3775,61.251,0.0,True,26.0,4840,2.5939,1.77
google,1000,20,linear,True,False,10.0,0.7,0.3,0.0,0,WOA,carbon,9,0.3333333333333333,E22,10.62,62.6,36,0.641929,88.7287,24.3634,0.0,0,8.4948,1.37,66.431,0.0,True,26.0,4840,2.707,1.73
google,1000,20,linear,True,False,10.0,0.7,0.3,0.0,0,WOA,carbon,10,0.3333333333333333,E22,10.62,62.6,36,0.646185,88.654,23.862,0.0,0,8.5948,1.385,60.377,0.0,True,26.0,4840,2.6786,1.65
google,1000,20,linear,True,False,10.0,0.7,0.3,0.0,0,WOA,carbon,11,0.3333333333333333,E22,10.62,62.6,36,0.64068,88.7506,24.5106,0.0,0,8.4948,1.37,64.276,0.0,True,25.5,4840,2.7088,1.74
google,1000,20,linear,True,False,10.0,0.7,0.3,0.0,0,WOA,carbon,12,0.3333333333333333,E22,10.62,62.6,36,0.641262,88.7404,24.442,0.0,0,8.4948,1.37,64.769,0.0,True,26.0,4840,2.6953,1.73
google,1000,20,linear,True,False,10.0,0.7,0.3,0.0,0,WOA,carbon,13,0.3333333333333333,E22,10.62,62.6,36,0.642404,88.7204,24.3075,0.0,0,8.5448,1.3775,61.765,0.0,True,26.0,4840,2.7352,1.75
google,1000,20,linear,True,False,10.0,0.7,0.3,0.0,0,WOA,carbon,14,0.3333333333333333,E22,10.62,62.6,36,0.641897,88.7293,24.3673,0.0,0,8.4948,1.37,66.946,0.0,True,25.5,4840,2.773,1.71
google,1000,20,linear,True,False,10.0,0.7,0.3,0.0,0,WOA,carbon,15,0.3333333333333333,E22,10.62,62.6,36,0.647074,88.6384,23.7572,0.0,0,8.5448,1.3775,62.76,0.0,True,26.0,4840,2.8251,1.67
google,1000,20,linear,True,False,10.0,0.7,0.3,0.0,0,WOA,carbon,16,0.3333333333333333,E22,10.62,62.6,36,0.64725,88.6353,23.7365,0.0,0,8.5948,1.385,61.217,0.0,True,26.0,4840,2.7252,1.67
google,1000,20,linear,True,False,10.0,0.7,0.3,0.0,0,WOA,carbon,25,0.3333333333333333,E22,10.62,62.6,36,0.642089,88.7259,24.3446,0.0,0,8.4948,1.37,66.095,0.0,True,26.0,4840,2.5361,1.67
google,1000,20,linear,True,False,10.0,0.7,0.3,0.0,0,WOA,carbon,26,0.3333333333333333,E22,10.62,62.6,36,0.641856,88.73,24.372,0.0,0,8.5448,1.3775,61.809,0.0,True,26.0,4840,2.5392,1.79
google,1000,20,linear,True,False,10.0,0.7,0.3,0.0,0,WOA,carbon,27,0.3333333333333333,E22,10.62,62.6,36,0.640068,88.7614,24.5827,0.0,0,8.4448,1.3625,67.329,0.0,True,25.5,4840,2.5914,1.77
google,1000,20,linear,True,False,10.0,0.7,0.3,0.0,0,WOA,carbon,28,0.3333333333333333,E22,10.62,62.6,36,0.646908,88.6413,23.7768,0.0,0,8.5448,1.3775,61.697,0.0,True,26.0,4840,2.5663,1.73
google,1000,20,linear,True,False,10.0,0.7,0.3,0.0,0,WOA,carbon,29,0.3333333333333333,E22,10.62,62.6,36,0.646849,88.6423,23.7837,0.0,0,8.5448,1.3775,62.262,0.0,True,26.0,4840,2.5928,1.63
google,1000,20,linear,True,False,10.0,0.7,0.3,0.0,0,WOA,carbon,30,0.3333333333333333,E22,10.62,62.6,36,0.642277,88.7226,24.3224,0.0,0,8.5448,1.3775,62.191,0.0,True,26.0,4840,2.6503,1.72
google,1000,20,linear,True,False,10.0,0.4,0.3,0.3,0,WOA,random,1,0.3333333333333333,E22,10.62,62.6,36,0.772131,86.4426,9.0222,0.0,0,8.7948,1.449,72.84,0.0,True,27.0,4840,2.6118,1.71
google,1000,20,linear,True,False,10.0,0.4,0.3,0.3,0,WOA,random,2,0.3333333333333333,E22,10.62,62.6,36,0.752534,86.7866,11.3312,0.0,0,8.6948,1.4326,72.933,0.0,True,27.0,4840,2.5779,1.73
google,1000,20,linear,True,False,10.0,0.4,0.3,0.3,0,WOA,random,3,0.3333333333333333,E22,10.62,62.6,36,0.773207,86.4237,8.8954,0.0,0,8.7448,1.4399,73.507,0.0,True,27.5,4840,2.5608,1.83
google,1000,20,linear,True,False,10.0,0.4,0.3,0.3,0,WOA,random,4,0.3333333333333333,E22,10.62,62.6,36,0.764453,86.5774,9.9268,0.0,0,8.8448,1.4591,71.296,0.0,True,27.0,4840,2.6118,1.96
google,1000,20,linear,True,False,10.0,0.4,0.3,0.3,0,WOA,random,5,0.3333333333333333,E22,10.62,62.6,36,0.749533,86.8393,11.6848,0.0,0,8.6948,1.4341,75.015,0.0,True,26.5,4840,2.6162,1.85
google,1000,20,linear,True,False,10.0,0.4,0.3,0.3,0,WOA,random,6,0.3333333333333333,E22,10.62,62.6,36,0.757738,86.6953,10.7181,0.0,0,8.6448,1.4234,74.763,0.0,True,26.5,4840,2.6186,1.83
google,1000,20,linear,True,False,10.0,0.4,0.3,0.3,0,WOA,random,7,0.3333333333333333,E22,10.62,62.6,36,0.774837,86.395,8.7034,0.0,0,8.8448,1.4669,71.096,0.0,True,28.0,4840,2.686,1.85
google,1000,20,linear,True,False,10.0,0.4,0.3,0.3,0,WOA,random,8,0.3333333333333333,E22,10.62,62.6,36,0.769849,86.4826,9.2911,0.0,0,8.8948,1.4734,70.868,0.0,True,28.0,4840,2.6428,1.89
google,1000,20,linear,True,False,10.0,0.4,0.3,0.3,0,WOA,random,9,0.3333333333333333,E22,10.62,62.6,36,0.772501,86.436,8.9785,0.0,0,8.7948,1.456,73.259,0.0,True,26.0,4840,2.5757,1.84
google,1000,20,linear,True,False,10.0,0.4,0.3,0.3,0,WOA,random,10,0.3333333333333333,E22,10.62,62.6,36,0.775661,86.3806,8.6062,0.0,0,8.8448,1.4537,71.716,0.0,True,28.0,4840,2.6325,1.66
google,1000,20,linear,True,False,10.0,0.4,0.3,0.3,0,WOA,random,11,0.3333333333333333,E22,10.62,62.6,36,0.769033,86.4969,9.3872,0.0,0,8.9448,1.4694,67.82,0.0,True,27.0,4840,2.5712,1.96
google,1000,20,linear,True,False,10.0,0.4,0.3,0.3,0,WOA,random,12,0.3333333333333333,E22,10.62,62.6,36,0.763971,86.5858,9.9836,0.0,0,8.7448,1.4399,72.246,0.0,True,26.5,4840,2.5951,1.83
google,1000,20,linear,True,False,10.0,0.4,0.3,0.3,0,WOA,random,13,0.3333333333333333,E22,10.62,62.6,36,0.761845,86.6232,10.2342,0.0,0,8.7448,1.4382,74.643,0.0,True,27.0,4840,2.6813,1.8
google,1000,20,linear,True,False,10.0,0.4,0.3,0.3,0,WOA,random,14,0.3333333333333333,E22,10.62,62.6,36,0.767114,86.5306,9.6134,0.0,0,8.6948,1.4343,75.159,0.0,True,27.5,4840,2.6064,1.67
google,1000,20,linear,True,False,10.0,0.4,0.3,0.3,0,WOA,random,15,0.3333333333333333,E22,10.62,62.6,36,0.768133,86.5128,9.4932,0.0,0,8.8448,1.4532,70.664,0.0,True,27.5,4840,2.571,1.75
google,1000,20,linear,True,False,10.0,0.4,0.3,0.3,0,WOA,random,16,0.3333333333333333,E22,10.62,62.6,36,0.758105,86.6888,10.6748,0.0,0,8.7448,1.4384,73.392,0.0,True,28.0,4840,2.5773,1.91
google,1000,20,linear,True,False,10.0,0.4,0.3,0.3,0,WOA,random,17,0.3333333333333333,E22,10.62,62.6,36,0.756283,86.7208,10.8895,0.0,0,8.7448,1.4371,74.205,0.0,True,27.5,4840,2.5321,1.88
google,1000,20,linear,True,False,10.0,0.4,0.3,0.3,0,WOA,random,18,0.3333333333333333,E22,10.62,62.6,36,0.764748,86.5722,9.8921,0.0,0,8.7948,1.4509,71.376,0.0,True,26.5,4840,2.523,1.77
google,1000,20,linear,True,False,10.0,0.4,0.3,0.3,0,WOA,random,19,0.3333333333333333,E22,10.62,62.6,36,0.75084,86.8164,11.5308,0.0,0,8.7448,1.4418,72.541,0.0,True,26.5,4840,2.5876,1.81
google,1000,20,linear,True,False,10.0,0.4,0.3,0.3,0,WOA,random,20,0.3333333333333333,E22,10.62,62.6,36,0.763167,86.6,10.0784,0.0,0,8.7448,1.4504,74.0,0.0,True,27.0,4840,2.6172,1.72
google,1000,20,linear,True,False,10.0,0.4,0.3,0.3,0,WOA,random,21,0.3333333333333333,E22,10.62,62.6,36,0.769541,86.488,9.3273,0.0,0,8.8448,1.4636,71.482,0.0,True,28.5,4840,2.6419,1.73
google,1000,20,linear,True,False,10.0,0.4,0.3,0.3,0,WOA,random,22,0.3333333333333333,E22,10.62,62.6,36,0.772503,86.436,8.9783,0.0,0,8.7448,1.4405,73.795,0.0,True,27.0,4840,2.5934,1.73
google,1000,20,linear,True,False,10.0,0.4,0.3,0.3,0,WOA,random,23,0.3333333333333333,E22,10.62,62.6,36,0.760655,86.644,10.3743,0.0,0,8.7448,1.4498,73.272,0.0,True,27.0,4840,2.5538,1.75
google,1000,20,linear,True,False,10.0,0.4,0.3,0.3,0,WOA,random,24,0.3333333333333333,E22,10.62,62.6,36,0.762312,86.615,10.1792,0.0,0,8.7948,1.4594,72.095,0.0,True,27.0,4840,2.5503,1.71
google,1000,20,linear,True,False,10.0,0.4,0.3,0.3,0,WOA,random,25,0.3333333333333333,E22,10.62,62.6,36,0.763961,86.586,9.9848,0.0,0,8.7448,1.4452,72.871,0.0,True,27.0,4840,2.5341,1.67
google,1000,20,linear,True,False,10.0,0.4,0.3,0.3,0,WOA,random,26,0.3333333333333333,E22,10.62,62.6,36,0.761408,86.6308,10.2856,0.0,0,8.8948,1.4592,69.438,0.0,True,28.0,4840,2.5368,1.85
google,1000,20,linear,True,False,10.0,0.4,0.3,0.3,0,WOA,random,27,0.3333333333333333,E22,10.62,62.6,36,0.768475,86.5067,9.453,0.0,0,8.8448,1.4647,72.018,0.0,True,28.0,4840,2.587,1.77
google,1000,20,linear,True,False,10.0,0.4,0.3,0.3,0,WOA,random,28,0.3333333333333333,E22,10.62,62.6,36,0.764325,86.5796,9.942,0.0,0,8.7448,1.4349,72.733,0.0,True,27.5,4840,2.618,1.79
google,1000,20,linear,True,False,10.0,0.4,0.3,0.3,0,WOA,random,29,0.3333333333333333,E22,10.62,62.6,36,0.767448,86.5248,9.5739,0.0,0,8.7448,1.4411,72.526,0.0,True,26.5,4840,2.6262,1.73
google,1000,20,linear,True,False,10.0,0.4,0.3,0.3,0,WOA,random,30,0.3333333333333333,E22,10.62,62.6,36,0.756659,86.7142,10.8452,0.0,0,8.7448,1.448,72.741,0.0,True,27.0,4840,2.5817,1.79
google,1000,20,linear,True,False,10.0,0.4,0.3,0.3,0,WOA,carbon,1,0.3333333333333333,E22,10.62,62.6,36,0.646247,88.6529,23.8546,0.0,0,8.5448,1.3775,62.666,0.0,True,26.0,4840,2.5464,1.73
google,1000,20,linear,True,False,10.0,0.4,0.3,0.3,0,WOA,carbon,2,0.3333333333333333,E22,10.62,62.6,36,0.646942,88.6407,23.7727,0.0,0,8.5448,1.3775,62.931,0.0,True,26.0,4840,2.5386,1.75
google,1000,20,linear,True,False,10.0,0.4,0.3,0.3,0,WOA,carbon,3,0.3333333333333333,E22,10.62,62.6,36,0.640552,88.7529,24.5257,0.0,0,8.4948,1.37,63.326,0.0,True,26.0,4840,2.5051,1.73
google,1000,20,linear,True,False,10.0,0.4,0.3,0.3,0,WOA,carbon,4,0.3333333333333333,E22,10.62,62.6,36,0.647199,88.6362,23.7425,0.0,0,8.5948,1.385,60.869,0.0,True,26.0,4840,2.5229,1.65
google,1000,20,linear,True,False,10.0,0.4,0.3,0.3,0,WOA,carbon,5,0.3333333333333333,E22,10.62,62.6,36,0.642464,88.7193,24.3005,0.0,0,8.5448,1.3775,61.986,0.0,True,26.0,4840,2.6001,1.77
google,1000,20,linear,True,False,10.0,0.4,0.3,0.3,0,WOA,carbon,6,0.3333333333333333,E22,10.62,62.6,36,0.641699,88.7327,24.3905,0.0,0,8.4948,1.37,66.601,0.0,True,25.5,4840,2.6158,1.63
google,1000,20,linear,True,False,10.0,0.4,0.3,0.3,0,WOA,carbon,7,0.3333333333333333,E22,10.62,62.6,36,0.647509,88.6307,23.706,0.0,0,8.6448,1.3925,59.386,0.0,True,26.0,4840,2.6374,1.67
google,1000,20,linear,True,False,10.0,0.4,0.3,0.3,0,WOA,carbon,8,0.3333333333333333,E22,10.62,62.6,36,0.644726,88.6796,24.034,0.0,0,8.5448,1.3775,61.637,0.0,True,26.0,4840,2.5735,1.67
google,1000,20,linear,True,False,10.0,0.4,0.3,0.3,0,WOA,carbon,9,0.3333333333333333,E22,10.62,62.6,36,0.641929,88.7287,24.3634,0.0,0,8.4948,1.37,66.431,0.0,True,26.0,4840,2.5877,1.73
google,1000,20,linear,True,False,10.0,0.4,0.3,0.3,0,WOA,carbon,10,0.3333333333333333,E22,10.62,62.6,36,0.646185,88.654,23.862,0.0,0,8.5948,1.385,60.377,0.0,True,26.0,4840,2.5562,1.65
google,1000,20,linear,True,False,10.0,0.4,0.3,0.3,0,WOA,carbon,11,0.3333333333333333,E22,10.62,62.6,36,0.64068,88.7506,24.5106,0.0,0,8.4948,1.37,64.276,0.0,True,25.5,4840,2.5082,1.74
google,1000,20,linear,True,False,10.0,0.4,0.3,0.3,0,WOA,carbon,12,0.3333333333333333,E22,10.62,62.6,36,0.641262,88.7404,24.442,0.0,0,8.4948,1.37,64.769,0.0,True,26.0,4840,2.5287,1.73
google,1000,20,linear,True,False,10.0,0.4,0.3,0.3,0,WOA,carbon,13,0.3333333333333333,E22,10.62,62.6,36,0.642404,88.7204,24.3075,0.0,0,8.5448,1.3775,61.765,0.0,True,26.0,4840,2.5875,1.75
google,1000,20,linear,True,False,10.0,0.4,0.3,0.3,0,WOA,carbon,14,0.3333333333333333,E22,10.62,62.6,36,0.641897,88.7293,24.3673,0.0,0,8.4948,1.37,66.946,0.0,True,25.5,4840,2.6401,1.71
google,1000,20,linear,True,False,10.0,0.4,0.3,0.3,0,WOA,carbon,15,0.3333333333333333,E22,10.62,62.6,36,0.647074,88.6384,23.7572,0.0,0,8.5448,1.3775,62.76,0.0,True,26.0,4840,2.6504,1.67
google,1000,20,linear,True,False,10.0,0.4,0.3,0.3,0,WOA,carbon,16,0.3333333333333333,E22,10.62,62.6,36,0.64725,88.6353,23.7365,0.0,0,8.5948,1.385,61.217,0.0,True,26.0,4840,2.5701,1.67
google,1000,20,linear,True,False,10.0,0.4,0.3,0.3,0,WOA,carbon,17,0.3333333333333333,E22,10.62,62.6,36,0.647373,88.6331,23.7221,0.0,0,8.5448,1.3775,63.37,0.0,True,26.0,4840,2.588,1.74
google,1000,20,linear,True,False,10.0,0.4,0.3,0.3,0,WOA,carbon,18,0.3333333333333333,E22,10.62,62.6,36,0.641114,88.743,24.4595,0.0,0,8.4948,1.37,64.382,0.0,True,26.0,4840,2.5493,1.66
google,1000,20,linear,True,False,10.0,0.4,0.3,0.3,0,WOA,carbon,19,0.3333333333333333,E22,10.62,62.6,36,0.642479,88.719,24.2987,0.0,0,8.5448,1.3775,61.946,0.0,True,26.0,4840,2.5104,1.76
google,1000,20,linear,True,False,10.0,0.4,0.3,0.3,0,WOA,carbon,20,0.3333333333333333,E22,10.62,62.6,36,0.644378,88.6857,24.0749,0.0,0,8.4948,1.37,66.112,0.0,True,26.0,4840,2.5365,1.66
google,1000,20,linear,True,False,10.0,0.4,0.3,0.3,0,WOA,carbon,21,0.3333333333333333,E22,10.62,62.6,36,0.64585,88.6599,23.9015,0.0,0,8.5948,1.385,60.383,0.0,True,26.0,4840,2.6173,1.76
google,1000,20,linear,True,False,10.0,0.4,0.3,0.3,0,WOA,carbon,22,0.3333333333333333,E22,10.62,62.6,36,0.652685,88.5398,23.0961,0.0,0,8.6448,1.3925,57.633,0.0,True,26.0,4840,2.6599,1.62
google,1000,20,linear,True,False,10.0,0.4,0.3,0.3,0,WOA,carbon,23,0.3333333333333333,E22,10.62,62.6,36,0.647871,88.6244,23.6634,0.0,0,8.5948,1.385,61.092,0.0,True,26.0,4840,2.5722,1.73
google,1000,20,linear,True,False,10.0,0.4,0.3,0.3,0,WOA,carbon,24,0.3333333333333333,E22,10.62,62.6,36,0.643055,88.7089,24.2308,0.0,0,8.5448,1.3775,61.251,0.0,True,26.0,4840,2.5448,1.77
google,1000,20,linear,True,False,10.0,0.4,0.3,0.3,0,WOA,carbon,25,0.3333333333333333,E22,10.62,62.6,36,0.642089,88.7259,24.3446,0.0,0,8.4948,1.37,66.095,0.0,True,26.0,4840,2.565,1.67
google,1000,20,linear,True,False,10.0,0.4,0.3,0.3,0,WOA,carbon,26,0.3333333333333333,E22,10.62,62.6,36,0.641856,88.73,24.372,0.0,0,8.5448,1.3775,61.809,0.0,True,26.0,4840,2.5074,1.79
google,1000,20,linear,True,False,10.0,0.4,0.3,0.3,0,WOA,carbon,27,0.3333333333333333,E22,10.62,62.6,36,0.640068,88.7614,24.5827,0.0,0,8.4448,1.3625,67.329,0.0,True,25.5,4840,2.5269,1.77
google,1000,20,linear,True,False,10.0,0.4,0.3,0.3,0,WOA,carbon,28,0.3333333333333333,E22,10.62,62.6,36,0.646908,88.6413,23.7768,0.0,0,8.5448,1.3775,61.697,0.0,True,26.0,4840,2.5313,1.73
google,1000,20,linear,True,False,10.0,0.4,0.3,0.3,0,WOA,carbon,29,0.3333333333333333,E22,10.62,62.6,36,0.646849,88.6423,23.7837,0.0,0,8.5448,1.3775,62.262,0.0,True,26.0,4840,2.652,1.64
google,1000,20,linear,True,False,10.0,0.4,0.3,0.3,0,WOA,carbon,30,0.3333333333333333,E22,10.62,62.6,36,0.642236,88.7233,24.3273,0.0,0,8.5448,1.3775,61.928,0.0,True,26.0,4840,2.5903,1.71
google,1000,20,linear,True,False,10.0,0.4,0.3,0.3,0,GWO,random,1,0.3333333333333333,E22,10.62,62.6,36,0.763703,86.5905,10.0152,0.0,0,8.6948,1.4302,74.238,0.0,True,25.5,4840,3.0508,1.69
google,1000,20,linear,True,False,10.0,0.4,0.3,0.3,0,GWO,random,2,0.3333333333333333,E22,10.62,62.6,36,0.768156,86.5123,9.4905,0.0,0,8.7448,1.4371,74.437,0.0,True,25.0,4840,3.05,1.71
google,1000,20,linear,True,False,10.0,0.4,0.3,0.3,0,GWO,random,3,0.3333333333333333,E22,10.62,62.6,36,0.764174,86.5823,9.9597,0.0,0,8.7448,1.4463,74.909,0.0,True,25.5,4840,2.9986,1.67
google,1000,20,linear,True,False,10.0,0.4,0.3,0.3,0,GWO,random,4,0.3333333333333333,E22,10.62,62.6,36,0.763547,86.5933,10.0336,0.0,0,8.6948,1.4313,75.673,0.0,True,25.5,4840,3.0373,1.74
google,1000,20,linear,True,False,10.0,0.4,0.3,0.3,0,GWO,random,5,0.3333333333333333,E22,10.62,62.6,36,0.755315,86.7378,11.0036,0.0,0,8.6948,1.4302,75.232,0.0,True,25.0,4840,3.066,1.91
google,1000,20,linear,True,False,10.0,0.4,0.3,0.3,0,GWO,random,6,0.3333333333333333,E22,10.62,62.6,36,0.763594,86.5924,10.0281,0.0,0,8.6948,1.4313,75.124,0.0,True,25.0,4840,3.0071,1.88
google,1000,20,linear,True,False,10.0,0.4,0.3,0.3,0,GWO,random,7,0.3333333333333333,E22,10.62,62.6,36,0.764311,86.5799,9.9436,0.0,0,8.6948,1.4369,76.436,0.0,True,25.5,4840,3.1873,1.67
google,1000,20,linear,True,False,10.0,0.4,0.3,0.3,0,GWO,random,8,0.3333333333333333,E22,10.62,62.6,36,0.75166,86.802,11.4342,0.0,0,8.5448,1.4143,77.507,0.0,True,25.5,4840,3.0766,1.83
google,1000,20,linear,True,False,10.0,0.4,0.3,0.3,0,GWO,random,9,0.3333333333333333,E22,10.62,62.6,36,0.75464,86.7497,11.0831,0.0,0,8.5948,1.4126,75.666,0.0,True,25.5,4840,3.0755,1.97
google,1000,20,linear,True,False,10.0,0.4,0.3,0.3,0,GWO,random,10,0.3333333333333333,E22,10.62,62.6,36,0.765661,86.5562,9.7846,0.0,0,8.6448,1.4192,74.545,0.0,True,25.5,4840,3.0428,1.72
google,1000,20,linear,True,False,10.0,0.4,0.3,0.3,0,GWO,random,11,0.3333333333333333,E22,10.62,62.6,36,0.754285,86.7559,11.1249,0.0,0,8.6448,1.4238,76.463,0.0,True,25.0,4840,2.9992,1.71
google,1000,20,linear,True,False,10.0,0.4,0.3,0.3,0,GWO,random,12,0.3333333333333333,E22,10.62,62.6,36,0.757319,86.7026,10.7674,0.0,0,8.6948,1.4244,75.208,0.0,True,25.0,4840,3.0417,1.71
google,1000,20,linear,True,False,10.0,0.4,0.3,0.3,0,GWO,random,13,0.3333333333333333,E22,10.62,62.6,36,0.767791,86.5188,9.5336,0.0,0,8.7448,1.4452,73.021,0.0,True,27.5,4840,3.0552,1.67
google,1000,20,linear,True,False,10.0,0.4,0.3,0.3,0,GWO,random,14,0.3333333333333333,E22,10.62,62.6,36,0.754653,86.7494,11.0816,0.0,0,8.6448,1.4223,75.622,0.0,True,25.0,4840,2.9886,1.83
google,1000,20,linear,True,False,10.0,0.4,0.3,0.3,0,GWO,random,15,0.3333333333333333,E22,10.62,62.6,36,0.757225,86.7043,10.7785,0.0,0,8.6448,1.4216,75.667,0.0,True,25.5,4840,3.0651,1.79
google,1000,20,linear,True,False,10.0,0.4,0.3,0.3,0,GWO,random,16,0.3333333333333333,E22,10.62,62.6,36,0.745698,86.9067,12.1367,0.0,0,8.5448,1.4081,77.798,0.0,True,25.0,4840,3.0476,1.91
google,1000,20,linear,True,False,10.0,0.4,0.3,0.3,0,GWO,random,17,0.3333333333333333,E22,10.62,62.6,36,0.761377,86.6314,10.2892,0.0,0,8.7448,1.4371,75.559,0.0,True,25.5,4840,3.003,1.63
google,1000,20,linear,True,False,10.0,0.4,0.3,0.3,0,GWO,random,18,0.3333333333333333,E22,10.62,62.6,36,0.760412,86.6483,10.403,0.0,0,8.6948,1.4298,75.458,0.0,True,25.5,4840,3.0427,1.67
google,1000,20,linear,True,False,10.0,0.4,0.3,0.3,0,GWO,random,19,0.3333333333333333,E22,10.62,62.6,36,0.741253,86.9847,12.6605,0.0,0,8.4948,1.3955,79.124,0.0,True,24.5,4840,3.0663,1.92
google,1000,20,linear,True,False,10.0,0.4,0.3,0.3,0,GWO,random,20,0.3333333333333333,E22,10.62,62.6,36,0.765708,86.5553,9.779,0.0,0,8.7448,1.4463,74.227,0.0,True,25.5,4840,3.0087,1.67
google,1000,20,linear,True,False,10.0,0.4,0.3,0.3,0,GWO,random,21,0.3333333333333333,E22,10.62,62.6,36,0.757569,86.6982,10.738,0.0,0,8.6948,1.4312,76.493,0.0,True,25.0,4840,3.0117,1.71
google,1000,20,linear,True,False,10.0,0.4,0.3,0.3,0,GWO,random,22,0.3333333333333333,E22,10.62,62.6,36,0.75363,86.7674,11.2021,0.0,0,8.6448,1.4204,75.166,0.0,True,25.5,4840,3.0022,1.86
google,1000,20,linear,True,False,10.0,0.4,0.3,0.3,0,GWO,carbon,1,0.3333333333333333,E22,10.62,62.6,36,0.645349,88.6687,23.9605,0.0,0,8.4948,1.37,68.088,0.0,True,26.0,4840,3.0673,2.01
google,1000,20,linear,True,False,10.0,0.4,0.3,0.3,0,GWO,carbon,2,0.3333333333333333,E22,10.62,62.6,36,0.646219,88.6534,23.858,0.0,0,8.4948,1.37,67.526,0.0,True,26.0,4840,2.976,1.98
google,1000,20,linear,True,False,10.0,0.4,0.3,0.3,0,GWO,carbon,3,0.3333333333333333,E22,10.62,62.6,36,0.646815,88.6429,23.7877,0.0,0,8.4948,1.37,68.583,0.0,True,26.0,4840,2.988,1.98
google,1000,20,linear,True,False,10.0,0.4,0.3,0.3,0,GWO,carbon,4,0.3333333333333333,E22,10.62,62.6,36,0.642929,88.7111,24.2457,0.0,0,8.4448,1.3625,69.864,0.0,True,26.0,4840,3.0197,1.95
google,1000,20,linear,True,False,10.0,0.4,0.3,0.3,0,GWO,carbon,5,0.3333333333333333,E22,10.62,62.6,36,0.648745,88.609,23.5604,0.0,0,8.5448,1.3775,64.134,0.0,True,26.0,4840,2.9906,1.9
google,1000,20,linear,True,False,10.0,0.4,0.3,0.3,0,GWO,carbon,6,0.3333333333333333,E22,10.62,62.6,36,0.642129,88.7252,24.3399,0.0,0,8.4948,1.37,67.157,0.0,True,26.0,4840,2.9772,1.97
google,1000,20,linear,True,False,10.0,0.4,0.3,0.3,0,GWO,carbon,7,0.3333333333333333,E22,10.62,62.6,36,0.646376,88.6506,23.8394,0.0,0,8.4948,1.37,67.376,0.0,True,26.0,4840,2.9605,1.98
google,1000,20,linear,True,False,10.0,0.4,0.3,0.3,0,GWO,carbon,8,0.3333333333333333,E22,10.62,62.6,36,0.645903,88.6589,23.8953,0.0,0,8.4948,1.37,68.023,0.0,True,26.0,4840,3.0249,2.01
google,1000,20,linear,True,False,10.0,0.4,0.3,0.3,0,GWO,random,23,0.3333333333333333,E22,10.62,62.6,36,0.758986,86.6734,10.571,0.0,0,8.6948,1.4291,74.937,0.0,True,25.5,4840,3.2527,1.67
google,1000,20,linear,True,False,10.0,0.4,0.3,0.3,0,GWO,random,24,0.3333333333333333,E22,10.62,62.6,36,0.764394,86.5784,9.9338,0.0,0,8.7448,1.4406,74.324,0.0,True,25.5,4840,3.1816,1.74
google,1000,20,linear,True,False,10.0,0.4,0.3,0.3,0,GWO,random,25,0.3333333333333333,E22,10.62,62.6,36,0.763468,86.5947,10.0429,0.0,0,8.7448,1.4358,73.379,0.0,True,25.5,4840,3.1823,1.65
google,1000,20,linear,True,False,10.0,0.4,0.3,0.3,0,GWO,random,26,0.3333333333333333,E22,10.62,62.6,36,0.761883,86.6225,10.2297,0.0,0,8.6948,1.4351,74.97,0.0,True,25.5,4840,3.1948,1.7
google,1000,20,linear,True,False,10.0,0.4,0.3,0.3,0,GWO,random,27,0.3333333333333333,E22,10.62,62.6,36,0.756258,86.7212,10.8924,0.0,0,8.5948,1.4167,76.007,0.0,True,25.5,4840,3.2021,1.77
google,1000,20,linear,True,False,10.0,0.4,0.3,0.3,0,GWO,random,28,0.3333333333333333,E22,10.62,62.6,36,0.758649,86.6793,10.6108,0.0,0,8.6448,1.4221,75.5,0.0,True,26.5,4840,3.1721,1.91
google,1000,20,linear,True,False,10.0,0.4,0.3,0.3,0,GWO,random,29,0.3333333333333333,E22,10.62,62.6,36,0.761587,86.6277,10.2646,0.0,0,8.6948,1.4341,75.921,0.0,True,25.0,4840,3.1521,1.77
google,1000,20,linear,True,False,10.0,0.4,0.3,0.3,0,GWO,random,30,0.3333333333333333,E22,10.62,62.6,36,0.756642,86.7145,10.8472,0.0,0,8.6948,1.4313,74.57,0.0,True,25.5,4840,3.2136,1.77
google,1000,20,linear,True,False,10.0,0.4,0.3,0.3,0,GWO,carbon,9,0.3333333333333333,E22,10.62,62.6,36,0.648781,88.6084,23.5561,0.0,0,8.5448,1.3775,65.432,0.0,True,26.0,4840,3.053,1.96
google,1000,20,linear,True,False,10.0,0.4,0.3,0.3,0,GWO,carbon,10,0.3333333333333333,E22,10.62,62.6,36,0.650663,88.5754,23.3344,0.0,0,8.5448,1.3775,67.402,0.0,True,26.0,4840,3.0247,1.96
google,1000,20,linear,True,False,10.0,0.4,0.3,0.3,0,GWO,carbon,11,0.3333333333333333,E22,10.62,62.6,36,0.647602,88.6291,23.6951,0.0,0,8.4948,1.37,68.283,0.0,True,26.0,4840,3.0309,2.02
google,1000,20,linear,True,False,10.0,0.4,0.3,0.3,0,GWO,carbon,12,0.3333333333333333,E22,10.62,62.6,36,0.640834,88.7479,24.4925,0.0,0,8.4948,1.37,67.086,0.0,True,26.0,4840,3.0348,1.97
google,1000,20,linear,True,False,10.0,0.4,0.3,0.3,0,GWO,carbon,13,0.3333333333333333,E22,10.62,62.6,36,0.645662,88.6632,23.9237,0.0,0,8.4948,1.37,68.858,0.0,True,26.0,4840,2.9988,1.93
google,1000,20,linear,True,False,10.0,0.4,0.3,0.3,0,GWO,carbon,14,0.3333333333333333,E22,10.62,62.6,36,0.645083,88.6733,23.9919,0.0,0,8.4948,1.37,66.932,0.0,True,26.0,4840,2.9805,1.92
google,1000,20,linear,True,False,10.0,0.4,0.3,0.3,0,GWO,carbon,15,0.3333333333333333,E22,10.62,62.6,36,0.642479,88.719,24.2986,0.0,0,8.4948,1.37,67.056,0.0,True,26.0,4840,3.0347,2.01
google,1000,20,linear,True,False,10.0,0.4,0.3,0.3,0,GWO,carbon,16,0.3333333333333333,E22,10.62,62.6,36,0.644716,88.6798,24.0351,0.0,0,8.4948,1.37,65.646,0.0,True,26.0,4840,3.017,2.05
google,1000,20,linear,True,False,10.0,0.4,0.3,0.3,0,PSO,random,3,0.3333333333333333,E22,10.62,62.6,36,0.770069,86.4788,9.2651,0.0,0,8.7448,1.4382,72.563,0.0,True,26.5,4840,2.6514,2.95
google,1000,20,linear,True,False,10.0,0.4,0.3,0.3,0,PSO,random,4,0.3333333333333333,E22,10.62,62.6,36,0.751093,86.8119,11.501,0.0,0,8.6448,1.4231,76.21,0.0,True,25.0,4840,2.6241,3.04
google,1000,20,linear,True,False,10.0,0.4,0.3,0.3,0,PSO,random,5,0.3333333333333333,E22,10.62,62.6,36,0.760647,86.6442,10.3753,0.0,0,8.6948,1.4352,74.531,0.0,True,26.0,4840,2.5995,2.92
google,1000,20,linear,True,False,10.0,0.4,0.3,0.3,0,PSO,random,6,0.3333333333333333,E22,10.62,62.6,36,0.764956,86.5685,9.8675,0.0,0,8.6948,1.4336,74.568,0.0,True,25.5,4840,2.6026,2.95
google,1000,20,linear,True,False,10.0,0.4,0.3,0.3,0,PSO,random,7,0.3333333333333333,E22,10.62,62.6,36,0.766897,86.5344,9.6388,0.0,0,8.6948,1.4302,74.507,0.0,True,26.5,4840,2.5911,2.92
google,1000,20,linear,True,False,10.0,0.4,0.3,0.3,0,PSO,random,8,0.3333333333333333,E22,10.62,62.6,36,0.75432,86.7553,11.1208,0.0,0,8.5948,1.4153,76.706,0.0,True,25.0,4840,2.6519,3.06
google,1000,20,linear,True,False,10.0,0.4,0.3,0.3,0,PSO,random,9,0.3333333333333333,E22,10.62,62.6,36,0.760036,86.6549,10.4473,0.0,0,8.6448,1.4249,75.91,0.0,True,25.5,4840,2.6175,3.02
google,1000,20,linear,True,False,10.0,0.4,0.3,0.3,0,PSO,random,10,0.3333333333333333,E22,10.62,62.6,36,0.754298,86.7557,11.1233,0.0,0,8.6448,1.4266,75.634,0.0,True,25.5,4840,2.6471,2.97
google,1000,20,linear,True,False,10.0,0.4,0.3,0.3,0,PSO,random,11,0.3333333333333333,E22,10.62,62.6,36,0.757448,86.7004,10.7522,0.0,0,8.6448,1.4248,76.338,0.0,True,25.0,4840,2.6569,3.02
google,1000,20,linear,True,False,10.0,0.4,0.3,0.3,0,PSO,random,12,0.3333333333333333,E22,10.62,62.6,36,0.767219,86.5288,9.601,0.0,0,8.7448,1.4388,74.237,0.0,True,26.5,4840,2.6172,2.98
google,1000,20,linear,True,False,10.0,0.4,0.3,0.3,0,PSO,random,13,0.3333333333333333,E22,10.62,62.6,36,0.760959,86.6387,10.3385,0.0,0,8.6948,1.4296,74.105,0.0,True,26.5,4840,2.5995,2.86
google,1000,20,linear,True,False,10.0,0.4,0.3,0.3,0,PSO,random,14,0.3333333333333333,E22,10.62,62.6,36,0.766135,86.5478,9.7287,0.0,0,8.6948,1.4303,73.906,0.0,True,27.0,4840,2.5909,2.8
google,1000,20,linear,True,False,10.0,0.4,0.3,0.3,0,PSO,random,15,0.3333333333333333,E22,10.62,62.6,36,0.761823,86.6235,10.2368,0.0,0,8.6448,1.4214,75.294,0.0,True,27.0,4840,2.5857,2.83
google,1000,20,linear,True,False,10.0,0.4,0.3,0.3,0,PSO,random,16,0.3333333333333333,E22,10.62,62.6,36,0.751863,86.7984,11.4103,0.0,0,8.5948,1.4118,75.954,0.0,True,27.0,4840,2.6539,3.2
google,1000,20,linear,True,False,10.0,0.4,0.3,0.3,0,PSO,random,17,0.3333333333333333,E22,10.62,62.6,36,0.766273,86.5454,9.7124,0.0,0,8.7448,1.4392,73.585,0.0,True,27.0,4840,2.6303,2.88
google,1000,20,linear,True,False,10.0,0.4,0.3,0.3,0,PSO,random,18,0.3333333333333333,E22,10.62,62.6,36,0.753095,86.7768,11.2652,0.0,0,8.6448,1.4239,75.719,0.0,True,25.5,4840,2.6264,2.87
google,1000,20,linear,True,False,10.0,0.4,0.3,0.3,0,PSO,random,19,0.3333333333333333,E22,10.62,62.6,36,0.762096,86.6187,10.2046,0.0,0,8.6448,1.4245,74.93,0.0,True,26.5,4840,2.6614,2.82
google,1000,20,linear,True,False,10.0,0.4,0.3,0.3,0,PSO,random,20,0.3333333333333333,E22,10.62,62.6,36,0.755267,86.7387,11.0092,0.0,0,8.6448,1.4261,75.705,0.0,True,26.5,4840,2.636,2.92
google,1000,20,linear,True,False,10.0,0.4,0.3,0.3,0,PSO,random,21,0.3333333333333333,E22,10.62,62.6,36,0.759007,86.673,10.5685,0.0,0,8.6948,1.4324,75.103,0.0,True,25.5,4840,2.6113,2.86
google,1000,20,linear,True,False,10.0,0.4,0.3,0.3,0,PSO,random,22,0.3333333333333333,E22,10.62,62.6,36,0.752367,86.7896,11.3509,0.0,0,8.5948,1.4152,76.649,0.0,True,25.5,4840,2.5993,2.97
google,1000,20,linear,True,False,10.0,0.4,0.3,0.3,0,PSO,random,23,0.3333333333333333,E22,10.62,62.6,36,0.754898,86.7451,11.0527,0.0,0,8.5948,1.4141,75.35,0.0,True,25.5,4840,2.6029,2.93
google,1000,20,linear,True,False,10.0,0.4,0.3,0.3,0,PSO,random,24,0.3333333333333333,E22,10.62,62.6,36,0.744621,86.9256,12.2635,0.0,0,8.5448,1.4094,77.209,0.0,True,25.0,4840,2.6614,3.26
google,1000,20,linear,True,False,10.0,0.4,0.3,0.3,0,PSO,random,25,0.3333333333333333,E22,10.62,62.6,36,0.75868,86.6787,10.6071,0.0,0,8.6448,1.4284,75.742,0.0,True,25.5,4840,2.6413,2.99
google,1000,20,linear,True,False,10.0,0.4,0.3,0.3,0,PSO,random,26,0.3333333333333333,E22,10.62,62.6,36,0.763487,86.5943,10.0406,0.0,0,8.7448,1.4381,72.474,0.0,True,26.5,4840,2.6467,2.99
google,1000,20,linear,True,False,10.0,0.4,0.3,0.3,0,GWO,carbon,17,0.3333333333333333,E22,10.62,62.6,36,0.646134,88.6549,23.868,0.0,0,8.5448,1.3775,64.728,0.0,True,26.0,4840,3.0443,1.9
google,1000,20,linear,True,False,10.0,0.4,0.3,0.3,0,GWO,carbon,18,0.3333333333333333,E22,10.62,62.6,36,0.646415,88.6499,23.8349,0.0,0,8.4948,1.37,66.623,0.0,True,26.0,4840,3.0138,2.0
google,1000,20,linear,True,False,10.0,0.4,0.3,0.3,0,GWO,carbon,19,0.3333333333333333,E22,10.62,62.6,36,0.642715,88.7149,24.2708,0.0,0,8.4448,1.3625,69.447,0.0,True,26.0,4840,2.9747,2.02
google,1000,20,linear,True,False,10.0,0.4,0.3,0.3,0,GWO,carbon,20,0.3333333333333333,E22,10.62,62.6,36,0.646399,88.6502,23.8368,0.0,0,8.4948,1.37,67.747,0.0,True,26.0,4840,2.9548,1.94
google,1000,20,linear,True,False,10.0,0.4,0.3,0.3,0,GWO,carbon,21,0.3333333333333333,E22,10.62,62.6,36,0.643492,88.7013,24.1793,0.0,0,8.4948,1.37,65.512,0.0,True,26.0,4840,2.9858,1.98
google,1000,20,linear,True,False,10.0,0.4,0.3,0.3,0,GWO,carbon,22,0.3333333333333333,E22,10.62,62.6,36,0.639649,88.7687,24.6321,0.0,0,8.4448,1.3625,67.011,0.0,True,26.0,4840,2.9995,2.0
google,1000,20,linear,True,False,10.0,0.4,0.3,0.3,0,GWO,carbon,23,0.3333333333333333,E22,10.62,62.6,36,0.649093,88.6029,23.5193,0.0,0,8.5448,1.3775,65.687,0.0,True,26.0,4840,3.0208,1.88
google,1000,20,linear,True,False,10.0,0.4,0.3,0.3,0,GWO,carbon,24,0.3333333333333333,E22,10.62,62.6,36,0.648203,88.6185,23.6242,0.0,0,8.5448,1.3775,64.665,0.0,True,26.0,4840,2.976,2.03
google,1000,20,linear,True,False,10.0,0.4,0.3,0.3,0,GWO,carbon,25,0.3333333333333333,E22,10.62,62.6,36,0.645662,88.6631,23.9236,0.0,0,8.5448,1.3775,64.494,0.0,True,26.0,4840,3.0398,1.91
google,1000,20,linear,True,False,10.0,0.4,0.3,0.3,0,GWO,carbon,26,0.3333333333333333,E22,10.62,62.6,36,0.638119,88.7956,24.8124,0.0,0,8.4448,1.3625,66.091,0.0,True,26.0,4840,2.9728,2.01
google,1000,20,linear,True,False,10.0,0.4,0.3,0.3,0,GWO,carbon,27,0.3333333333333333,E22,10.62,62.6,36,0.648451,88.6142,23.595,0.0,0,8.5448,1.3775,65.508,0.0,True,26.0,4840,2.9523,1.95
google,1000,20,linear,True,False,10.0,0.4,0.3,0.3,0,GWO,carbon,28,0.3333333333333333,E22,10.62,62.6,36,0.641111,88.7431,24.4598,0.0,0,8.4448,1.3625,70.851,0.0,True,26.0,4840,2.945,2.01
google,1000,20,linear,True,False,10.0,0.4,0.3,0.3,0,GWO,carbon,29,0.3333333333333333,E22,10.62,62.6,36,0.646384,88.6505,23.8385,0.0,0,8.4948,1.37,67.299,0.0,True,26.0,4840,3.0115,1.92
google,1000,20,linear,True,False,10.0,0.4,0.3,0.3,0,GWO,carbon,30,0.3333333333333333,E22,10.62,62.6,36,0.646056,88.6562,23.8772,0.0,0,8.4948,1.37,66.872,0.0,True,26.0,4840,2.9713,2.01
google,1000,20,linear,True,False,10.0,0.4,0.3,0.3,0,PSO,random,1,0.3333333333333333,E22,10.62,62.6,36,0.755694,86.7312,10.9588,0.0,0,8.6448,1.4266,75.676,0.0,True,25.0,4840,2.6459,2.92
google,1000,20,linear,True,False,10.0,0.4,0.3,0.3,0,PSO,random,2,0.3333333333333333,E22,10.62,62.6,36,0.752872,86.7807,11.2914,0.0,0,8.5948,1.4197,76.064,0.0,True,25.5,4840,2.6094,3.09
google,1000,20,linear,True,False,10.0,0.4,0.3,0.3,0,PSO,random,27,0.3333333333333333,E22,10.62,62.6,36,0.760678,86.6436,10.3716,0.0,0,8.6948,1.4366,73.908,0.0,True,26.5,4840,2.6511,2.85
google,1000,20,linear,True,False,10.0,0.4,0.3,0.3,0,PSO,random,28,0.3333333333333333,E22,10.62,62.6,36,0.757402,86.7012,10.7576,0.0,0,8.6448,1.4211,75.573,0.0,True,26.0,4840,2.6188,2.9
google,1000,20,linear,True,False,10.0,0.4,0.3,0.3,0,PSO,random,29,0.3333333333333333,E22,10.62,62.6,36,0.760122,86.6534,10.4371,0.0,0,8.6448,1.4272,75.171,0.0,True,27.5,4840,2.6043,3.02
google,1000,20,linear,True,False,10.0,0.4,0.3,0.3,0,PSO,random,30,0.3333333333333333,E22,10.62,62.6,36,0.758751,86.6775,10.5986,0.0,0,8.6448,1.421,75.025,0.0,True,25.5,4840,2.5944,2.96
google,1000,20,linear,True,False,10.0,0.4,0.3,0.3,0,PSO,carbon,1,0.3333333333333333,E22,10.62,62.6,36,0.65416,88.5139,22.9223,0.0,0,8.6948,1.4,57.308,0.0,True,26.0,4840,2.6424,2.51
google,1000,20,linear,True,False,10.0,0.4,0.3,0.3,0,PSO,carbon,2,0.3333333333333333,E22,10.62,62.6,36,0.65416,88.5139,22.9223,0.0,0,8.6948,1.4,57.308,0.0,True,26.0,4840,2.6032,2.51
google,1000,20,linear,True,False,10.0,0.4,0.3,0.3,0,PSO,carbon,3,0.3333333333333333,E22,10.62,62.6,36,0.65416,88.5139,22.9223,0.0,0,8.6948,1.4,57.308,0.0,True,26.0,4840,2.6271,2.51
google,1000,20,linear,True,False,10.0,0.4,0.3,0.3,0,PSO,carbon,4,0.3333333333333333,E22,10.62,62.6,36,0.65416,88.5139,22.9223,0.0,0,8.6948,1.4,57.308,0.0,True,26.0,4840,2.5918,2.51
google,1000,20,linear,True,False,10.0,0.4,0.3,0.3,0,PSO,carbon,5,0.3333333333333333,E22,10.62,62.6,36,0.65416,88.5139,22.9223,0.0,0,8.6948,1.4,57.308,0.0,True,26.0,4840,2.6049,2.51
google,1000,20,linear,True,False,10.0,0.4,0.3,0.3,0,PSO,carbon,6,0.3333333333333333,E22,10.62,62.6,36,0.65416,88.5139,22.9223,0.0,0,8.6948,1.4,57.308,0.0,True,26.0,4840,2.5847,2.51
google,1000,20,linear,True,False,10.0,0.4,0.3,0.3,0,PSO,carbon,7,0.3333333333333333,E22,10.62,62.6,36,0.65416,88.5139,22.9223,0.0,0,8.6948,1.4,57.308,0.0,True,26.0,4840,2.6297,2.51
google,1000,20,linear,True,False,10.0,0.4,0.3,0.3,0,PSO,carbon,8,0.3333333333333333,E22,10.62,62.6,36,0.65416,88.5139,22.9223,0.0,0,8.6948,1.4,57.308,0.0,True,26.0,4840,2.6068,2.51
google,1000,20,linear,True,False,10.0,0.4,0.3,0.3,0,PSO,carbon,9,0.3333333333333333,E22,10.62,62.6,36,0.65416,88.5139,22.9223,0.0,0,8.6948,1.4,57.308,0.0,True,26.0,4840,2.6394,2.51
google,1000,20,linear,True,False,10.0,0.4,0.3,0.3,0,PSO,carbon,10,0.3333333333333333,E22,10.62,62.6,36,0.65416,88.5139,22.9223,0.0,0,8.6948,1.4,57.308,0.0,True,26.0,4840,2.6041,2.51
google,1000,20,linear,True,False,10.0,0.4,0.3,0.3,0,PSO,carbon,11,0.3333333333333333,E22,10.62,62.6,36,0.65416,88.5139,22.9223,0.0,0,8.6948,1.4,57.308,0.0,True,26.0,4840,2.6279,2.51
google,1000,20,linear,True,False,10.0,0.4,0.3,0.3,0,PSO,carbon,12,0.3333333333333333,E22,10.62,62.6,36,0.65416,88.5139,22.9223,0.0,0,8.6948,1.4,57.308,0.0,True,26.0,4840,2.5945,2.51
google,1000,20,linear,True,False,10.0,0.4,0.3,0.3,0,PSO,carbon,13,0.3333333333333333,E22,10.62,62.6,36,0.65416,88.5139,22.9223,0.0,0,8.6948,1.4,57.308,0.0,True,26.0,4840,2.6075,2.51
google,1000,20,linear,True,False,10.0,0.4,0.3,0.3,0,PSO,carbon,14,0.3333333333333333,E22,10.62,62.6,36,0.65416,88.5139,22.9223,0.0,0,8.6948,1.4,57.308,0.0,True,26.0,4840,2.5824,2.51
google,1000,20,linear,True,False,10.0,0.4,0.3,0.3,0,PSO,carbon,15,0.3333333333333333,E22,10.62,62.6,36,0.65416,88.5139,22.9223,0.0,0,8.6948,1.4,57.308,0.0,True,26.0,4840,2.6403,2.51
google,1000,20,linear,True,False,10.0,0.4,0.3,0.3,0,PSO,carbon,16,0.3333333333333333,E22,10.62,62.6,36,0.65416,88.5139,22.9223,0.0,0,8.6948,1.4,57.308,0.0,True,26.0,4840,2.5976,2.51
google,1000,20,linear,True,False,10.0,0.4,0.3,0.3,0,PSO,carbon,17,0.3333333333333333,E22,10.62,62.6,36,0.65416,88.5139,22.9223,0.0,0,8.6948,1.4,57.308,0.0,True,26.0,4840,2.6376,2.51
google,1000,20,linear,True,False,10.0,0.4,0.3,0.3,0,PSO,carbon,18,0.3333333333333333,E22,10.62,62.6,36,0.65416,88.5139,22.9223,0.0,0,8.6948,1.4,57.308,0.0,True,26.0,4840,2.5712,2.51
google,1000,20,linear,True,False,10.0,0.4,0.3,0.3,0,PSO,carbon,19,0.3333333333333333,E22,10.62,62.6,36,0.65416,88.5139,22.9223,0.0,0,8.6948,1.4,57.308,0.0,True,26.0,4840,2.5921,2.51
google,1000,20,linear,True,False,10.0,0.4,0.3,0.3,0,PSO,carbon,20,0.3333333333333333,E22,10.62,62.6,36,0.65416,88.5139,22.9223,0.0,0,8.6948,1.4,57.308,0.0,True,26.0,4840,2.5852,2.51
google,1000,20,linear,True,False,10.0,0.4,0.3,0.3,0,PSO,carbon,21,0.3333333333333333,E22,10.62,62.6,36,0.65416,88.5139,22.9223,0.0,0,8.6948,1.4,57.308,0.0,True,26.0,4840,2.6511,2.51
google,1000,20,linear,True,False,10.0,0.4,0.3,0.3,0,PSO,carbon,22,0.3333333333333333,E22,10.62,62.6,36,0.65416,88.5139,22.9223,0.0,0,8.6948,1.4,57.308,0.0,True,26.0,4840,2.605,2.51
google,1000,20,linear,True,False,10.0,0.4,0.3,0.3,0,PSO,carbon,23,0.3333333333333333,E22,10.62,62.6,36,0.65416,88.5139,22.9223,0.0,0,8.6948,1.4,57.308,0.0,True,26.0,4840,2.6342,2.51
google,1000,20,linear,True,False,10.0,0.4,0.3,0.3,0,PSO,carbon,24,0.3333333333333333,E22,10.62,62.6,36,0.65416,88.5139,22.9223,0.0,0,8.6948,1.4,57.308,0.0,True,26.0,4840,2.5986,2.51
google,1000,20,linear,True,False,10.0,0.4,0.3,0.3,0,PSO,carbon,25,0.3333333333333333,E22,10.62,62.6,36,0.65416,88.5139,22.9223,0.0,0,8.6948,1.4,57.308,0.0,True,26.0,4840,2.6012,2.51
google,1000,20,linear,True,False,10.0,0.4,0.3,0.3,0,PSO,carbon,26,0.3333333333333333,E22,10.62,62.6,36,0.65416,88.5139,22.9223,0.0,0,8.6948,1.4,57.308,0.0,True,26.0,4840,2.6014,2.51
google,1000,20,linear,True,False,10.0,0.4,0.3,0.3,0,PSO,carbon,27,0.3333333333333333,E22,10.62,62.6,36,0.65416,88.5139,22.9223,0.0,0,8.6948,1.4,57.308,0.0,True,26.0,4840,2.6149,2.51
google,1000,20,linear,True,False,10.0,0.4,0.3,0.3,0,PSO,carbon,28,0.3333333333333333,E22,10.62,62.6,36,0.65416,88.5139,22.9223,0.0,0,8.6948,1.4,57.308,0.0,True,26.0,4840,2.6514,2.51
google,1000,20,linear,True,False,10.0,0.4,0.3,0.3,0,PSO,carbon,29,0.3333333333333333,E22,10.62,62.6,36,0.65416,88.5139,22.9223,0.0,0,8.6948,1.4,57.308,0.0,True,26.0,4840,2.5926,2.51
google,1000,20,linear,True,False,10.0,0.4,0.3,0.3,0,PSO,carbon,30,0.3333333333333333,E22,10.62,62.6,36,0.65416,88.5139,22.9223,0.0,0,8.6948,1.4,57.308,0.0,True,26.0,4840,2.6298,2.51
google,1000,20,linear,True,False,10.0,0.4,0.3,0.3,0,DE,random,1,0.3333333333333333,E22,10.62,62.6,36,0.744459,86.9284,12.2827,0.0,0,8.4948,1.4024,78.752,0.0,True,25.5,4840,2.5133,2.11
google,1000,20,linear,True,False,10.0,0.4,0.3,0.3,0,DE,random,2,0.3333333333333333,E22,10.62,62.6,36,0.748148,86.8637,11.848,0.0,0,8.5448,1.4089,77.363,0.0,True,25.5,4840,2.5319,1.99
google,1000,20,linear,True,False,10.0,0.4,0.3,0.3,0,DE,random,3,0.3333333333333333,E22,10.62,62.6,36,0.743015,86.9538,12.4529,0.0,0,8.4948,1.4051,77.462,0.0,True,25.5,4840,2.5195,1.96
google,1000,20,linear,True,False,10.0,0.4,0.3,0.3,0,DE,random,4,0.3333333333333333,E22,10.62,62.6,36,0.746763,86.888,12.0113,0.0,0,8.5948,1.4169,76.386,0.0,True,25.5,4840,2.5354,1.86
google,1000,20,linear,True,False,10.0,0.4,0.3,0.3,0,DE,random,5,0.3333333333333333,E22,10.62,62.6,36,0.746679,86.8894,12.0211,0.0,0,8.5448,1.406,76.886,0.0,True,25.5,4840,2.5617,2.21
google,1000,20,linear,True,False,10.0,0.4,0.3,0.3,0,DE,random,6,0.3333333333333333,E22,10.62,62.6,36,0.749472,86.8404,11.692,0.0,0,8.5948,1.4157,76.359,0.0,True,25.5,4840,2.579,1.89
google,1000,20,linear,True,False,10.0,0.4,0.3,0.3,0,DE,random,7,0.3333333333333333,E22,10.62,62.6,36,0.74772,86.8712,11.8984,0.0,0,8.5948,1.4141,76.976,0.0,True,25.5,4840,2.7277,1.97
google,1000,20,linear,True,False,10.0,0.4,0.3,0.3,0,DE,random,8,0.3333333333333333,E22,10.62,62.6,36,0.745433,86.9113,12.1679,0.0,0,8.5448,1.4088,77.765,0.0,True,25.5,4840,2.7388,1.93
google,1000,20,linear,True,False,10.0,0.4,0.3,0.3,0,DE,random,9,0.3333333333333333,E22,10.62,62.6,36,0.747426,86.8763,11.9331,0.0,0,8.5448,1.4127,77.553,0.0,True,25.5,4840,2.681,2.09
google,1000,20,linear,True,False,10.0,0.4,0.3,0.3,0,DE,random,10,0.3333333333333333,E22,10.62,62.6,36,0.742656,86.9601,12.4951,0.0,0,8.4948,1.3979,78.307,0.0,True,25.5,4840,2.6967,2.09
google,1000,20,linear,True,False,10.0,0.4,0.3,0.3,0,DE,random,11,0.3333333333333333,E22,10.62,62.6,36,0.740699,86.9945,12.7257,0.0,0,8.4448,1.3887,79.635,0.0,True,26.0,4840,2.6759,2.28
google,1000,20,linear,True,False,10.0,0.4,0.3,0.3,0,DE,random,12,0.3333333333333333,E22,10.62,62.6,36,0.743544,86.9445,12.3905,0.0,0,8.5448,1.4087,78.063,0.0,True,25.5,4840,2.7126,2.02
google,1000,20,linear,True,False,10.0,0.4,0.3,0.3,0,DE,random,13,0.3333333333333333,E22,10.62,62.6,36,0.743973,86.937,12.3399,0.0,0,8.5448,1.4026,77.175,0.0,True,25.5,4840,2.7313,2.04
google,1000,20,linear,True,False,10.0,0.4,0.3,0.3,0,DE,random,14,0.3333333333333333,E22,10.62,62.6,36,0.739783,87.0105,12.8336,0.0,0,8.4948,1.3999,78.675,0.0,True,25.5,4840,2.7292,1.95
google,1000,20,linear,True,False,10.0,0.4,0.3,0.3,0,DE,random,15,0.3333333333333333,E22,10.62,62.6,36,0.751366,86.8072,11.4689,0.0,0,8.5448,1.4095,77.469,0.0,True,26.0,4840,2.612,1.91
google,1000,20,linear,True,False,10.0,0.4,0.3,0.3,0,DE,random,16,0.3333333333333333,E22,10.62,62.6,36,0.738701,87.0295,12.9611,0.0,0,8.4948,1.4019,79.339,0.0,True,25.0,4840,2.5558,2.15
google,1000,20,linear,True,False,10.0,0.4,0.3,0.3,0,DE,random,17,0.3333333333333333,E22,10.62,62.6,36,0.745519,86.9098,12.1578,0.0,0,8.4948,1.4019,78.605,0.0,True,25.0,4840,2.5664,1.96
google,1000,20,linear,True,False,10.0,0.4,0.3,0.3,0,DE,random,18,0.3333333333333333,E22,10.62,62.6,36,0.752804,86.7819,11.2994,0.0,0,8.6448,1.4249,75.953,0.0,True,26.0,4840,2.5565,1.93
google,1000,20,linear,True,False,10.0,0.4,0.3,0.3,0,DE,random,19,0.3333333333333333,E22,10.62,62.6,36,0.747383,86.8771,11.9382,0.0,0,8.5448,1.4077,77.135,0.0,True,25.5,4840,2.5735,1.99
google,1000,20,linear,True,False,10.0,0.4,0.3,0.3,0,DE,random,20,0.3333333333333333,E22,10.62,62.6,36,0.743037,86.9534,12.4502,0.0,0,8.5448,1.4081,78.026,0.0,True,25.5,4840,2.6101,1.89
google,1000,20,linear,True,False,10.0,0.4,0.3,0.3,0,DE,random,21,0.3333333333333333,E22,10.62,62.6,36,0.744263,86.9319,12.3057,0.0,0,8.5448,1.4054,77.946,0.0,True,25.0,4840,2.6174,2.36
google,1000,20,linear,True,False,10.0,0.4,0.3,0.3,0,DE,random,22,0.3333333333333333,E22,10.62,62.6,36,0.748579,86.8561,11.7973,0.0,0,8.5948,1.4135,77.066,0.0,True,25.0,4840,2.576,1.92
google,1000,20,linear,True,False,10.0,0.4,0.3,0.3,0,DE,random,23,0.3333333333333333,E22,10.62,62.6,36,0.746099,86.8996,12.0895,0.0,0,8.5948,1.4104,76.934,0.0,True,25.5,4840,2.5241,1.83
google,1000,20,linear,True,False,10.0,0.4,0.3,0.3,0,DE,random,24,0.3333333333333333,E22,10.62,62.6,36,0.746977,86.8842,11.986,0.0,0,8.5448,1.4082,77.18,0.0,True,26.0,4840,2.5316,2.32
google,1000,20,linear,True,False,10.0,0.4,0.3,0.3,0,DE,random,25,0.3333333333333333,E22,10.62,62.6,36,0.740092,87.0051,12.7973,0.0,0,8.4448,1.3923,79.425,0.0,True,25.5,4840,2.5219,1.99
google,1000,20,linear,True,False,10.0,0.4,0.3,0.3,0,DE,random,26,0.3333333333333333,E22,10.62,62.6,36,0.736199,87.0735,13.2559,0.0,0,8.3948,1.3874,81.284,0.0,True,25.0,4840,2.5621,2.04
google,1000,20,linear,True,False,10.0,0.4,0.3,0.3,0,DE,random,27,0.3333333333333333,E22,10.62,62.6,36,0.744711,86.924,12.253,0.0,0,8.5448,1.4077,77.845,0.0,True,25.5,4840,2.5757,2.16
google,1000,20,linear,True,False,10.0,0.4,0.3,0.3,0,DE,random,28,0.3333333333333333,E22,10.62,62.6,36,0.738855,87.0268,12.943,0.0,0,8.4448,1.3972,80.009,0.0,True,25.0,4840,2.5611,2.09
google,1000,20,linear,True,False,10.0,0.4,0.3,0.3,0,DE,random,29,0.3333333333333333,E22,10.62,62.6,36,0.74384,86.9393,12.3556,0.0,0,8.5448,1.407,77.772,0.0,True,25.5,4840,2.5547,1.93
google,1000,20,linear,True,False,10.0,0.4,0.3,0.3,0,DE,random,30,0.3333333333333333,E22,10.62,62.6,36,0.747843,86.869,11.8839,0.0,0,8.5948,1.4117,77.212,0.0,True,25.5,4840,2.5506,2.07
google,1000,20,linear,True,False,10.0,0.4,0.3,0.3,0,DE,carbon,1,0.3333333333333333,E22,10.62,62.6,36,0.64078,88.7489,24.4988,0.0,0,8.4948,1.3625,62.896,0.0,True,26.0,4840,2.5426,2.0
google,1000,20,linear,True,False,10.0,0.4,0.3,0.3,0,DE,carbon,2,0.3333333333333333,E22,10.62,62.6,36,0.641676,88.7331,24.3933,0.0,0,8.5448,1.3775,61.218,0.0,True,26.0,4840,2.5259,2.1
google,1000,20,linear,True,False,10.0,0.4,0.3,0.3,0,DE,carbon,3,0.3333333333333333,E22,10.62,62.6,36,0.646004,88.6572,23.8834,0.0,0,8.5948,1.3775,58.859,0.0,True,26.0,4840,2.5202,1.88
google,1000,20,linear,True,False,10.0,0.4,0.3,0.3,0,DE,carbon,4,0.3333333333333333,E22,10.62,62.6,36,0.642773,88.7139,24.264,0.0,0,8.5448,1.37,60.509,0.0,True,26.0,4840,2.5442,1.8
google,1000,20,linear,True,False,10.0,0.4,0.3,0.3,0,DE,carbon,5,0.3333333333333333,E22,10.62,62.6,36,0.647075,88.6383,23.7571,0.0,0,8.5948,1.385,58.953,0.0,True,26.0,4840,2.577,1.73
google,1000,20,linear,True,False,10.0,0.4,0.3,0.3,0,DE,carbon,6,0.3333333333333333,E22,10.62,62.6,36,0.641609,88.7343,24.4012,0.0,0,8.5448,1.3775,60.682,0.0,True,26.0,4840,2.5563,1.96
google,1000,20,linear,True,False,10.0,0.4,0.3,0.3,0,DE,carbon,7,0.3333333333333333,E22,10.62,62.6,36,0.647079,88.6383,23.7567,0.0,0,8.5948,1.385,59.735,0.0,True,26.0,4840,2.5488,1.92
google,1000,20,linear,True,False,10.0,0.4,0.3,0.3,0,DE,carbon,8,0.3333333333333333,E22,10.62,62.6,36,0.637405,88.8081,24.8965,0.0,0,8.4948,1.3625,62.254,0.0,True,26.0,4840,2.5503,1.91
google,1000,20,linear,True,False,10.0,0.4,0.3,0.3,0,DE,carbon,9,0.3333333333333333,E22,10.62,62.6,36,0.646188,88.6539,23.8617,0.0,0,8.5948,1.3775,59.354,0.0,True,26.0,4840,2.5305,1.98
google,1000,20,linear,True,False,10.0,0.4,0.3,0.3,0,DE,carbon,10,0.3333333333333333,E22,10.62,62.6,36,0.64289,88.7118,24.2502,0.0,0,8.5448,1.37,62.319,0.0,True,26.0,4840,2.5155,1.87
google,1000,20,linear,True,False,10.0,0.4,0.3,0.3,0,DE,carbon,11,0.3333333333333333,E22,10.62,62.6,36,0.643007,88.7098,24.2364,0.0,0,8.5448,1.37,61.235,0.0,True,26.0,4840,2.5103,2.12
google,1000,20,linear,True,False,10.0,0.4,0.3,0.3,0,DE,carbon,12,0.3333333333333333,E22,10.62,62.6,36,0.645752,88.6616,23.913,0.0,0,8.4948,1.3625,65.488,0.0,True,26.0,4840,2.5273,2.16
google,1000,20,linear,True,False,10.0,0.4,0.3,0.3,0,DE,carbon,13,0.3333333333333333,E22,10.62,62.6,36,0.638223,88.7938,24.8002,0.0,0,8.4948,1.355,63.976,0.0,True,26.0,4840,2.5677,2.02
google,1000,20,linear,True,False,10.0,0.4,0.3,0.3,0,DE,carbon,14,0.3333333333333333,E22,10.62,62.6,36,0.634414,88.8607,25.2489,0.0,0,8.4448,1.355,65.572,0.0,True,26.0,4840,2.5434,1.82
google,1000,20,linear,True,False,10.0,0.4,0.3,0.3,0,DE,carbon,15,0.3333333333333333,E22,10.62,62.6,36,0.646042,88.6565,23.8789,0.0,0,8.5948,1.3775,58.811,0.0,True,26.0,4840,2.5472,2.02
google,1000,20,linear,True,False,10.0,0.4,0.3,0.3,0,DE,carbon,16,0.3333333333333333,E22,10.62,62.6,36,0.64277,88.7139,24.2643,0.0,0,8.5448,1.37,60.509,0.0,True,26.0,4840,2.5404,1.84
google,1000,20,linear,True,False,10.0,0.4,0.3,0.3,0,DE,carbon,17,0.3333333333333333,E22,10.62,62.6,36,0.64274,88.7145,24.2679,0.0,0,8.5448,1.37,60.508,0.0,True,26.0,4840,2.5588,1.94
google,1000,20,linear,True,False,10.0,0.4,0.3,0.3,0,DE,carbon,18,0.3333333333333333,E22,10.62,62.6,36,0.640245,88.7583,24.5619,0.0,0,8.4448,1.3475,66.561,0.0,True,26.0,4840,2.5119,2.34
google,1000,20,linear,True,False,10.0,0.4,0.3,0.3,0,DE,carbon,19,0.3333333333333333,E22,10.62,62.6,36,0.644693,88.6802,24.0378,0.0,0,8.5448,1.3775,61.409,0.0,True,26.0,4840,2.5239,1.8
google,1000,20,linear,True,False,10.0,0.4,0.3,0.3,0,DE,carbon,20,0.3333333333333333,E22,10.62,62.6,36,0.647113,88.6377,23.7526,0.0,0,8.5948,1.385,59.274,0.0,True,26.0,4840,2.558,1.79
google,1000,20,linear,True,False,10.0,0.4,0.3,0.3,0,DE,carbon,21,0.3333333333333333,E22,10.62,62.6,36,0.642785,88.7137,24.2626,0.0,0,8.5448,1.37,60.443,0.0,True,26.0,4840,2.5757,1.97
google,1000,20,linear,True,False,10.0,0.4,0.3,0.3,0,DE,carbon,22,0.3333333333333333,E22,10.62,62.6,36,0.65186,88.5543,23.1933,0.0,0,8.6448,1.385,57.531,0.0,True,26.0,4840,2.5387,1.93
google,1000,20,linear,True,False,10.0,0.4,0.3,0.3,0,DE,carbon,23,0.3333333333333333,E22,10.62,62.6,36,0.647037,88.639,23.7617,0.0,0,8.5948,1.385,58.769,0.0,True,26.0,4840,2.5503,1.83
google,1000,20,linear,True,False,10.0,0.4,0.3,0.3,0,DE,carbon,24,0.3333333333333333,E22,10.62,62.6,36,0.647026,88.6392,23.7629,0.0,0,8.5948,1.385,59.56,0.0,True,26.0,4840,2.554,1.94
google,1000,20,linear,True,False,10.0,0.4,0.3,0.3,0,DE,carbon,25,0.3333333333333333,E22,10.62,62.6,36,0.645712,88.6623,23.9178,0.0,0,8.5948,1.3775,60.409,0.0,True,26.0,4840,2.5464,1.78
google,1000,20,linear,True,False,10.0,0.4,0.3,0.3,0,DE,carbon,26,0.3333333333333333,E22,10.62,62.6,36,0.649998,88.587,23.4127,0.0,0,8.6448,1.3925,58.025,0.0,True,26.0,4840,2.5099,1.7
google,1000,20,linear,True,False,10.0,0.4,0.3,0.3,0,DE,carbon,27,0.3333333333333333,E22,10.62,62.6,36,0.642324,88.7218,24.3169,0.0,0,8.4448,1.355,67.564,0.0,True,26.0,4840,2.5296,2.2
google,1000,20,linear,True,False,10.0,0.4,0.3,0.3,0,DE,carbon,28,0.3333333333333333,E22,10.62,62.6,36,0.648843,88.6073,23.5489,0.0,0,8.6448,1.385,56.938,0.0,True,26.0,4840,2.5585,2.0
google,1000,20,linear,True,False,10.0,0.4,0.3,0.3,0,DE,carbon,29,0.3333333333333333,E22,10.62,62.6,36,0.646017,88.6569,23.8817,0.0,0,8.5948,1.3775,59.748,0.0,True,26.0,4840,2.5717,1.93
google,1000,20,linear,True,False,10.0,0.4,0.3,0.3,0,DE,carbon,30,0.3333333333333333,E22,10.62,62.6,36,0.650035,88.5864,23.4083,0.0,0,8.6448,1.3925,57.487,0.0,True,26.0,4840,2.5309,1.87
google,1000,20,linear,True,False,10.0,0.4,0.3,0.3,0,HHO,random,1,0.3333333333333333,E22,10.62,62.6,36,0.767769,86.5191,9.5361,0.0,0,8.8448,1.4568,71.779,0.0,True,27.5,8858,3.9292,1.7
google,1000,20,linear,True,False,10.0,0.4,0.3,0.3,0,HHO,random,2,0.3333333333333333,E22,10.62,62.6,36,0.745728,86.9061,12.1331,0.0,0,8.6448,1.4223,72.719,0.0,True,27.0,8868,3.9381,1.94
google,1000,20,linear,True,False,10.0,0.4,0.3,0.3,0,HHO,random,3,0.3333333333333333,E22,10.62,62.6,36,0.771029,86.4619,9.152,0.0,0,8.7448,1.4394,73.083,0.0,True,27.5,8832,3.9037,1.99
google,1000,20,linear,True,False,10.0,0.4,0.3,0.3,0,HHO,random,4,0.3333333333333333,E22,10.62,62.6,36,0.75209,86.7944,11.3835,0.0,0,8.7448,1.4429,73.066,0.0,True,27.5,8906,3.9313,1.87
google,1000,20,linear,True,False,10.0,0.4,0.3,0.3,0,HHO,random,5,0.3333333333333333,E22,10.62,62.6,36,0.761653,86.6265,10.2567,0.0,0,8.7948,1.4589,70.693,0.0,True,26.5,8820,3.9502,1.74
google,1000,20,linear,True,False,10.0,0.4,0.3,0.3,0,HHO,random,6,0.3333333333333333,E22,10.62,62.6,36,0.76396,86.586,9.9849,0.0,0,8.6948,1.4371,73.826,0.0,True,26.0,8874,3.9363,1.85
google,1000,20,linear,True,False,10.0,0.4,0.3,0.3,0,HHO,random,7,0.3333333333333333,E22,10.62,62.6,36,0.770008,86.4798,9.2724,0.0,0,8.6948,1.446,74.121,0.0,True,27.0,8938,3.9778,1.75
google,1000,20,linear,True,False,10.0,0.4,0.3,0.3,0,HHO,random,8,0.3333333333333333,E22,10.62,62.6,36,0.76558,86.5576,9.7941,0.0,0,8.8448,1.4568,70.067,0.0,True,28.0,8902,3.9467,1.75
google,1000,20,linear,True,False,10.0,0.4,0.3,0.3,0,HHO,random,9,0.3333333333333333,E22,10.62,62.6,36,0.766868,86.535,9.6423,0.0,0,8.6948,1.441,74.723,0.0,True,26.0,8852,3.9293,1.88
google,1000,20,linear,True,False,10.0,0.4,0.3,0.3,0,HHO,random,10,0.3333333333333333,E22,10.62,62.6,36,0.754427,86.7534,11.1082,0.0,0,8.6448,1.4251,74.319,0.0,True,28.5,8918,3.9475,1.96
google,1000,20,linear,True,False,10.0,0.4,0.3,0.3,0,HHO,random,11,0.3333333333333333,E22,10.62,62.6,36,0.767948,86.516,9.515,0.0,0,8.7948,1.4495,71.132,0.0,True,27.0,8868,3.9616,1.78
google,1000,20,linear,True,False,10.0,0.4,0.3,0.3,0,HHO,random,12,0.3333333333333333,E22,10.62,62.6,36,0.767649,86.5212,9.5502,0.0,0,8.8448,1.4532,69.711,0.0,True,28.0,8920,3.9739,2.01
google,1000,20,linear,True,False,10.0,0.4,0.3,0.3,0,HHO,random,13,0.3333333333333333,E22,10.62,62.6,36,0.763503,86.594,10.0387,0.0,0,8.8948,1.4748,70.459,0.0,True,27.5,8898,3.9593,1.88
google,1000,20,linear,True,False,10.0,0.4,0.3,0.3,0,HHO,random,14,0.3333333333333333,E22,10.62,62.6,36,0.767176,86.5296,9.606,0.0,0,8.6948,1.4343,75.195,0.0,True,27.5,8978,3.9834,1.66
google,1000,20,linear,True,False,10.0,0.4,0.3,0.3,0,HHO,random,15,0.3333333333333333,E22,10.62,62.6,36,0.748995,86.8488,11.7482,0.0,0,8.6948,1.4285,73.736,0.0,True,27.0,9022,3.9922,1.97
google,1000,20,linear,True,False,10.0,0.4,0.3,0.3,0,HHO,random,16,0.3333333333333333,E22,10.62,62.6,36,0.767573,86.5226,9.5593,0.0,0,8.8448,1.4687,71.562,0.0,True,27.0,8898,3.9635,1.85
google,1000,20,linear,True,False,10.0,0.4,0.3,0.3,0,HHO,random,17,0.3333333333333333,E22,10.62,62.6,36,0.760142,86.6531,10.4348,0.0,0,8.6948,1.4296,74.164,0.0,True,27.0,8858,3.9644,1.64
google,1000,20,linear,True,False,10.0,0.4,0.3,0.3,0,HHO,random,18,0.3333333333333333,E22,10.62,62.6,36,0.765586,86.5575,9.7933,0.0,0,8.7948,1.4526,71.43,0.0,True,26.5,8864,3.9454,1.81
google,1000,20,linear,True,False,10.0,0.4,0.3,0.3,0,HHO,random,19,0.3333333333333333,E22,10.62,62.6,36,0.757029,86.7077,10.8016,0.0,0,8.6948,1.433,73.816,0.0,True,26.0,8934,4.0211,1.84
google,1000,20,linear,True,False,10.0,0.4,0.3,0.3,0,HHO,random,20,0.3333333333333333,E22,10.62,62.6,36,0.757955,86.6915,10.6925,0.0,0,8.6448,1.4268,75.983,0.0,True,26.5,8930,3.9595,1.9
google,1000,20,linear,True,False,10.0,0.4,0.3,0.3,0,HHO,random,21,0.3333333333333333,E22,10.62,62.6,36,0.760412,86.6483,10.403,0.0,0,8.7948,1.4624,71.057,0.0,True,28.5,8954,3.9459,1.73
google,1000,20,linear,True,False,10.0,0.4,0.3,0.3,0,HHO,random,22,0.3333333333333333,E22,10.62,62.6,36,0.75895,86.674,10.5752,0.0,0,8.7448,1.4382,72.228,0.0,True,28.0,8892,3.962,1.63
google,1000,20,linear,True,False,10.0,0.4,0.3,0.3,0,HHO,random,23,0.3333333333333333,E22,10.62,62.6,36,0.757156,86.7055,10.7866,0.0,0,8.7448,1.4389,73.01,0.0,True,27.0,8964,4.0025,1.91
google,1000,20,linear,True,False,10.0,0.4,0.3,0.3,0,HHO,random,24,0.3333333333333333,E22,10.62,62.6,36,0.752937,86.7796,11.2837,0.0,0,8.6448,1.4266,74.505,0.0,True,26.5,8800,3.9335,1.82
google,1000,20,linear,True,False,10.0,0.4,0.3,0.3,0,HHO,random,25,0.3333333333333333,E22,10.62,62.6,36,0.762809,86.6062,10.1205,0.0,0,8.7448,1.4406,72.126,0.0,True,27.0,8852,3.9296,1.72
google,1000,20,linear,True,False,10.0,0.4,0.3,0.3,0,HHO,random,26,0.3333333333333333,E22,10.62,62.6,36,0.760505,86.6467,10.392,0.0,0,8.6948,1.4312,73.601,0.0,True,27.5,8876,3.9781,1.86
google,1000,20,linear,True,False,10.0,0.4,0.3,0.3,0,HHO,random,27,0.3333333333333333,E22,10.62,62.6,36,0.763251,86.5985,10.0684,0.0,0,8.6948,1.4307,75.763,0.0,True,27.5,8942,4.0014,1.62
google,1000,20,linear,True,False,10.0,0.4,0.3,0.3,0,HHO,random,28,0.3333333333333333,E22,10.62,62.6,36,0.765044,86.567,9.8572,0.0,0,8.7948,1.4414,72.073,0.0,True,28.0,8962,3.9624,1.69
google,1000,20,linear,True,False,10.0,0.4,0.3,0.3,0,HHO,random,29,0.3333333333333333,E22,10.62,62.6,36,0.753064,86.7773,11.2688,0.0,0,8.6948,1.4461,73.217,0.0,True,27.0,8826,3.9369,1.76
google,1000,20,linear,True,False,10.0,0.4,0.3,0.3,0,HHO,random,30,0.3333333333333333,E22,10.62,62.6,36,0.749634,86.8376,11.6729,0.0,0,8.7448,1.4425,68.984,0.0,True,28.0,9080,4.012,1.86
google,1000,20,linear,True,False,10.0,0.4,0.3,0.3,0,HHO,carbon,1,0.3333333333333333,E22,10.62,62.6,36,0.64505,88.6739,23.9957,0.0,0,8.5448,1.3775,63.696,0.0,True,25.5,8858,3.9563,1.73
google,1000,20,linear,True,False,10.0,0.4,0.3,0.3,0,HHO,carbon,2,0.3333333333333333,E22,10.62,62.6,36,0.646761,88.6439,23.7941,0.0,0,8.5948,1.37,61.024,0.0,True,26.0,8868,3.9376,1.66
google,1000,20,linear,True,False,10.0,0.4,0.3,0.3,0,HHO,carbon,3,0.3333333333333333,E22,10.62,62.6,36,0.647164,88.6368,23.7466,0.0,0,8.5448,1.3775,63.886,0.0,True,25.5,8832,3.935,1.55
google,1000,20,linear,True,False,10.0,0.4,0.3,0.3,0,HHO,carbon,4,0.3333333333333333,E22,10.62,62.6,36,0.642023,88.727,24.3524,0.0,0,8.4948,1.37,65.183,0.0,True,25.5,8906,3.9631,1.78
google,1000,20,linear,True,False,10.0,0.4,0.3,0.3,0,HHO,carbon,5,0.3333333333333333,E22,10.62,62.6,36,0.641352,88.7388,24.4315,0.0,0,8.4948,1.37,65.873,0.0,True,25.5,8820,3.9474,1.7
google,1000,20,linear,True,False,10.0,0.4,0.3,0.3,0,HHO,carbon,6,0.3333333333333333,E22,10.62,62.6,36,0.64542,88.6674,23.9521,0.0,0,8.5948,1.385,61.237,0.0,True,26.0,8874,3.9676,1.75
google,1000,20,linear,True,False,10.0,0.4,0.3,0.3,0,HHO,carbon,7,0.3333333333333333,E22,10.62,62.6,36,0.652204,88.5483,23.1528,0.0,0,8.6448,1.3925,58.446,0.0,True,26.0,8938,3.9514,1.5
google,1000,20,linear,True,False,10.0,0.4,0.3,0.3,0,HHO,carbon,8,0.3333333333333333,E22,10.62,62.6,36,0.645651,88.6633,23.9249,0.0,0,8.5448,1.3775,60.448,0.0,True,26.0,8902,3.9607,1.65
google,1000,20,linear,True,False,10.0,0.4,0.3,0.3,0,HHO,carbon,9,0.3333333333333333,E22,10.62,62.6,36,0.64247,88.7192,24.2997,0.0,0,8.5448,1.3775,62.285,0.0,True,26.0,8852,3.9487,1.73
google,1000,20,linear,True,False,10.0,0.4,0.3,0.3,0,HHO,carbon,10,0.3333333333333333,E22,10.62,62.6,36,0.644602,88.6818,24.0485,0.0,0,8.5448,1.3775,64.321,0.0,True,25.5,8918,3.9508,1.66
google,1000,20,linear,True,False,10.0,0.4,0.3,0.3,0,HHO,carbon,11,0.3333333333333333,E22,10.62,62.6,36,0.646182,88.654,23.8623,0.0,0,8.5948,1.385,62.584,0.0,True,26.0,8868,3.9564,1.76
google,1000,20,linear,True,False,10.0,0.4,0.3,0.3,0,HHO,carbon,12,0.3333333333333333,E22,10.62,62.6,36,0.643017,88.7096,24.2352,0.0,0,8.4948,1.37,63.621,0.0,True,25.5,8920,3.9783,1.77
google,1000,20,linear,True,False,10.0,0.4,0.3,0.3,0,HHO,carbon,21,0.3333333333333333,E22,10.62,62.6,36,0.643276,88.7051,24.2048,0.0,0,8.5448,1.3775,62.771,0.0,True,26.0,8954,4.0358,1.78
google,1000,20,linear,True,False,10.0,0.4,0.3,0.3,0,HHO,carbon,22,0.3333333333333333,E22,10.62,62.6,36,0.646096,88.6555,23.8725,0.0,0,8.5448,1.3775,62.767,0.0,True,25.5,8892,3.9844,1.71
google,1000,20,linear,True,False,10.0,0.4,0.3,0.3,0,HHO,carbon,23,0.3333333333333333,E22,10.62,62.6,36,0.640865,88.7474,24.4888,0.0,0,8.4948,1.37,64.539,0.0,True,25.5,8964,4.0261,1.69
google,1000,20,linear,True,False,10.0,0.4,0.3,0.3,0,HHO,carbon,24,0.3333333333333333,E22,10.62,62.6,36,0.647259,88.6351,23.7354,0.0,0,8.5948,1.385,60.726,0.0,True,26.0,8800,3.9881,1.64
google,1000,20,linear,True,False,10.0,0.4,0.3,0.3,0,HHO,carbon,25,0.3333333333333333,E22,10.62,62.6,36,0.644548,88.6827,24.0549,0.0,0,8.5448,1.3775,64.987,0.0,True,25.5,8852,3.9691,1.86
google,1000,20,linear,True,False,10.0,0.4,0.3,0.3,0,HHO,carbon,26,0.3333333333333333,E22,10.62,62.6,36,0.644455,88.6843,24.0658,0.0,0,8.5448,1.3775,64.624,0.0,True,25.5,8876,3.9953,1.79
google,1000,20,linear,True,False,10.0,0.4,0.3,0.3,0,HHO,carbon,27,0.3333333333333333,E22,10.62,62.6,36,0.649942,88.588,23.4193,0.0,0,8.6448,1.3925,58.577,0.0,True,26.0,8942,4.0206,1.64
google,1000,20,linear,True,False,10.0,0.4,0.3,0.3,0,HHO,carbon,28,0.3333333333333333,E22,10.62,62.6,36,0.645145,88.6722,23.9845,0.0,0,8.4948,1.37,66.4,0.0,True,25.5,8962,4.0504,1.64
google,1000,20,linear,True,False,10.0,0.4,0.3,0.3,0,HHO,carbon,13,0.3333333333333333,E22,10.62,62.6,36,0.650719,88.5744,23.3278,0.0,0,8.6448,1.3925,58.554,0.0,True,26.0,8898,4.2136,1.52
google,1000,20,linear,True,False,10.0,0.4,0.3,0.3,0,HHO,carbon,14,0.3333333333333333,E22,10.62,62.6,36,0.6438,88.6958,24.143,0.0,0,8.4948,1.37,63.56,0.0,True,26.0,8978,4.2295,1.77
google,1000,20,linear,True,False,10.0,0.4,0.3,0.3,0,HHO,carbon,15,0.3333333333333333,E22,10.62,62.6,36,0.647384,88.6329,23.7207,0.0,0,8.5448,1.3775,58.997,0.0,True,26.0,9022,4.2632,1.8
google,1000,20,linear,True,False,10.0,0.4,0.3,0.3,0,HHO,carbon,16,0.3333333333333333,E22,10.62,62.6,36,0.64542,88.6674,23.9521,0.0,0,8.4948,1.37,64.081,0.0,True,26.0,8898,4.2056,1.57
google,1000,20,linear,True,False,10.0,0.4,0.3,0.3,0,HHO,carbon,17,0.3333333333333333,E22,10.62,62.6,36,0.649905,88.5887,23.4237,0.0,0,8.6448,1.3925,57.684,0.0,True,26.0,8858,4.1822,1.63
google,1000,20,linear,True,False,10.0,0.4,0.3,0.3,0,HHO,carbon,18,0.3333333333333333,E22,10.62,62.6,36,0.642663,88.7158,24.277,0.0,0,8.4948,1.37,64.075,0.0,True,26.0,8864,4.1925,1.91
google,1000,20,linear,True,False,10.0,0.4,0.3,0.3,0,HHO,carbon,19,0.3333333333333333,E22,10.62,62.6,36,0.647063,88.6386,23.7586,0.0,0,8.5948,1.385,59.401,0.0,True,26.0,8934,4.2275,1.53
google,1000,20,linear,True,False,10.0,0.4,0.3,0.3,0,HHO,carbon,20,0.3333333333333333,E22,10.62,62.6,36,0.647045,88.6389,23.7606,0.0,0,8.5948,1.385,58.874,0.0,True,26.0,8930,4.2814,1.68
google,1000,20,linear,True,False,10.0,0.4,0.3,0.3,0,HHO,carbon,29,0.3333333333333333,E22,10.62,62.6,36,0.644366,88.6859,24.0763,0.0,0,8.5448,1.3775,62.363,0.0,True,25.5,8826,3.9614,1.74
google,1000,20,linear,True,False,10.0,0.4,0.3,0.3,0,HHO,carbon,30,0.3333333333333333,E22,10.62,62.6,36,0.643688,88.6978,24.1562,0.0,0,8.5448,1.3775,62.031,0.0,True,26.0,9080,4.0373,1.76
google,1000,20,linear,True,False,10.0,0.4,0.3,0.3,0,GA,random,1,0.3333333333333333,E22,10.62,62.6,36,0.745615,86.9081,12.1465,0.0,0,8.5948,1.4169,76.973,0.0,True,25.5,4840,4.4055,2.62
google,1000,20,linear,True,False,10.0,0.4,0.3,0.3,0,GA,random,2,0.3333333333333333,E22,10.62,62.6,36,0.738752,87.0286,12.9551,0.0,0,8.5448,1.4116,77.82,0.0,True,25.5,4840,4.3877,2.64
google,1000,20,linear,True,False,10.0,0.4,0.3,0.3,0,GA,random,3,0.3333333333333333,E22,10.62,62.6,36,0.745664,86.9073,12.1407,0.0,0,8.5448,1.4092,77.325,0.0,True,26.5,4840,4.41,2.58
google,1000,20,linear,True,False,10.0,0.4,0.3,0.3,0,GA,random,4,0.3333333333333333,E22,10.62,62.6,36,0.739214,87.0205,12.9007,0.0,0,8.4948,1.4036,78.601,0.0,True,25.5,4840,4.4124,2.51
google,1000,20,linear,True,False,10.0,0.4,0.3,0.3,0,GA,random,5,0.3333333333333333,E22,10.62,62.6,36,0.735212,87.0908,13.3723,0.0,0,8.4948,1.3953,78.786,0.0,True,25.0,4840,4.4555,2.55
google,1000,20,linear,True,False,10.0,0.4,0.3,0.3,0,GA,random,6,0.3333333333333333,E22,10.62,62.6,36,0.74357,86.944,12.3874,0.0,0,8.5448,1.4071,77.131,0.0,True,25.5,4840,4.4733,2.66
google,1000,20,linear,True,False,10.0,0.4,0.3,0.3,0,GA,random,7,0.3333333333333333,E22,10.62,62.6,36,0.744339,86.9305,12.2968,0.0,0,8.5448,1.4111,77.732,0.0,True,25.0,4840,4.436,2.56
google,1000,20,linear,True,False,10.0,0.4,0.3,0.3,0,GA,random,8,0.3333333333333333,E22,10.62,62.6,36,0.746091,86.8998,12.0904,0.0,0,8.5448,1.4092,76.854,0.0,True,25.5,4840,4.406,2.61
google,1000,20,linear,True,False,10.0,0.4,0.3,0.3,0,GA,random,9,0.3333333333333333,E22,10.62,62.6,36,0.74732,86.8782,11.9456,0.0,0,8.5448,1.4071,77.96,0.0,True,25.5,4840,4.4181,2.55
google,1000,20,linear,True,False,10.0,0.4,0.3,0.3,0,GA,random,10,0.3333333333333333,E22,10.62,62.6,36,0.745589,86.9086,12.1495,0.0,0,8.5448,1.4061,77.551,0.0,True,25.5,4840,4.4127,2.53
google,1000,20,linear,True,False,10.0,0.4,0.3,0.3,0,GA,random,11,0.3333333333333333,E22,10.62,62.6,36,0.747682,86.8718,11.9029,0.0,0,8.5948,1.4107,77.566,0.0,True,25.5,4840,4.4321,2.54
google,1000,20,linear,True,False,10.0,0.4,0.3,0.3,0,GA,random,12,0.3333333333333333,E22,10.62,62.6,36,0.740726,86.994,12.7225,0.0,0,8.4948,1.4031,78.645,0.0,True,25.5,4840,4.4217,2.62
google,1000,20,linear,True,False,10.0,0.4,0.3,0.3,0,GA,random,13,0.3333333333333333,E22,10.62,62.6,36,0.742078,86.9702,12.5633,0.0,0,8.5448,1.4058,77.131,0.0,True,25.5,4840,4.4781,2.51
google,1000,20,linear,True,False,10.0,0.4,0.3,0.3,0,GA,random,14,0.3333333333333333,E22,10.62,62.6,36,0.742154,86.9689,12.5543,0.0,0,8.4948,1.4041,78.662,0.0,True,25.5,4840,4.4593,2.53
google,1000,20,linear,True,False,10.0,0.4,0.3,0.3,0,GA,random,15,0.3333333333333333,E22,10.62,62.6,36,0.740629,86.9957,12.7339,0.0,0,8.4948,1.3991,79.044,0.0,True,25.0,4840,4.4068,2.63
google,1000,20,linear,True,False,10.0,0.4,0.3,0.3,0,GA,random,16,0.3333333333333333,E22,10.62,62.6,36,0.737774,87.0458,13.0704,0.0,0,8.4948,1.4006,78.44,0.0,True,25.0,4840,4.408,2.56
google,1000,20,linear,True,False,10.0,0.4,0.3,0.3,0,GA,random,17,0.3333333333333333,E22,10.62,62.6,36,0.744675,86.9246,12.2573,0.0,0,8.5448,1.4054,77.089,0.0,True,25.5,4840,4.4253,2.59
google,1000,20,linear,True,False,10.0,0.4,0.3,0.3,0,GA,random,18,0.3333333333333333,E22,10.62,62.6,36,0.735434,87.0869,13.3461,0.0,0,8.4948,1.4017,78.873,0.0,True,25.5,4840,4.4113,2.65
google,1000,20,linear,True,False,10.0,0.4,0.3,0.3,0,GA,random,19,0.3333333333333333,E22,10.62,62.6,36,0.751234,86.8095,11.4844,0.0,0,8.5948,1.4186,76.232,0.0,True,25.5,4840,4.4058,2.57
google,1000,20,linear,True,False,10.0,0.4,0.3,0.3,0,GA,random,20,0.3333333333333333,E22,10.62,62.6,36,0.743128,86.9518,12.4395,0.0,0,8.4948,1.403,78.191,0.0,True,25.5,4840,4.4168,2.61
google,1000,20,linear,True,False,10.0,0.4,0.3,0.3,0,GA,random,21,0.3333333333333333,E22,10.62,62.6,36,0.745514,86.9099,12.1584,0.0,0,8.5448,1.4094,77.547,0.0,True,25.5,4840,4.4688,2.56
google,1000,20,linear,True,False,10.0,0.4,0.3,0.3,0,GA,random,22,0.3333333333333333,E22,10.62,62.6,36,0.747874,86.8685,11.8803,0.0,0,8.5448,1.406,76.939,0.0,True,25.5,4840,4.4701,2.52
google,1000,20,linear,True,False,10.0,0.4,0.3,0.3,0,GA,random,23,0.3333333333333333,E22,10.62,62.6,36,0.740062,87.0056,12.8007,0.0,0,8.4948,1.3961,79.886,0.0,True,25.0,4840,4.41,2.5
google,1000,20,linear,True,False,10.0,0.4,0.3,0.3,0,GA,random,24,0.3333333333333333,E22,10.62,62.6,36,0.747265,86.8792,11.9521,0.0,0,8.5948,1.4119,77.154,0.0,True,25.5,4840,4.3921,2.5
google,1000,20,linear,True,False,10.0,0.4,0.3,0.3,0,GA,random,25,0.3333333333333333,E22,10.62,62.6,36,0.744141,86.934,12.3202,0.0,0,8.5448,1.4036,76.724,0.0,True,25.5,4840,4.4084,2.61
google,1000,20,linear,True,False,10.0,0.4,0.3,0.3,0,GA,random,26,0.3333333333333333,E22,10.62,62.6,36,0.74348,86.9456,12.398,0.0,0,8.5448,1.4058,77.427,0.0,True,25.5,4840,4.3862,2.66
google,1000,20,linear,True,False,10.0,0.4,0.3,0.3,0,GA,random,27,0.3333333333333333,E22,10.62,62.6,36,0.745258,86.9144,12.1885,0.0,0,8.5948,1.4157,77.81,0.0,True,25.5,4840,4.4029,2.51
google,1000,20,linear,True,False,10.0,0.4,0.3,0.3,0,GA,random,28,0.3333333333333333,E22,10.62,62.6,36,0.738279,87.0369,13.0109,0.0,0,8.4948,1.403,78.951,0.0,True,25.0,4840,4.4049,2.6
google,1000,20,linear,True,False,10.0,0.4,0.3,0.3,0,GA,random,29,0.3333333333333333,E22,10.62,62.6,36,0.736002,87.0769,13.2792,0.0,0,8.4448,1.3923,79.683,0.0,True,25.0,4840,4.4924,2.42
google,1000,20,linear,True,False,10.0,0.4,0.3,0.3,0,GA,random,30,0.3333333333333333,E22,10.62,62.6,36,0.741748,86.976,12.6021,0.0,0,8.4948,1.3991,78.095,0.0,True,25.5,4840,4.4447,2.58
google,1000,20,linear,True,False,10.0,0.4,0.3,0.3,0,GA,carbon,1,0.3333333333333333,E22,10.62,62.6,36,0.65416,88.5139,22.9223,0.0,0,8.6948,1.4,57.308,0.0,True,26.0,4840,4.3917,2.32
google,1000,20,linear,True,False,10.0,0.4,0.3,0.3,0,GA,carbon,2,0.3333333333333333,E22,10.62,62.6,36,0.65416,88.5139,22.9223,0.0,0,8.6948,1.4,57.308,0.0,True,26.0,4840,4.365,2.25
google,1000,20,linear,True,False,10.0,0.4,0.3,0.3,0,GA,carbon,3,0.3333333333333333,E22,10.62,62.6,36,0.65416,88.5139,22.9223,0.0,0,8.6948,1.4,57.308,0.0,True,26.0,4840,4.3809,2.32
google,1000,20,linear,True,False,10.0,0.4,0.3,0.3,0,GA,carbon,4,0.3333333333333333,E22,10.62,62.6,36,0.65416,88.5139,22.9223,0.0,0,8.6948,1.4,57.308,0.0,True,26.0,4840,4.3589,2.34
google,1000,20,linear,True,False,10.0,0.4,0.3,0.3,0,GA,carbon,5,0.3333333333333333,E22,10.62,62.6,36,0.65416,88.5139,22.9223,0.0,0,8.6948,1.4,57.308,0.0,True,26.0,4840,4.3855,2.27
google,1000,20,linear,True,False,10.0,0.4,0.3,0.3,0,GA,carbon,6,0.3333333333333333,E22,10.62,62.6,36,0.65416,88.5139,22.9223,0.0,0,8.6948,1.4,57.308,0.0,True,26.0,4840,4.4417,2.38
google,1000,20,linear,True,False,10.0,0.4,0.3,0.3,0,GA,carbon,7,0.3333333333333333,E22,10.62,62.6,36,0.65416,88.5139,22.9223,0.0,0,8.6948,1.4,57.308,0.0,True,26.0,4840,4.4443,2.33
google,1000,20,linear,True,False,10.0,0.4,0.3,0.3,0,GA,carbon,8,0.3333333333333333,E22,10.62,62.6,36,0.65416,88.5139,22.9223,0.0,0,8.6948,1.4,57.308,0.0,True,26.0,4840,4.4563,2.31
google,1000,20,linear,True,False,10.0,0.4,0.3,0.3,0,GA,carbon,9,0.3333333333333333,E22,10.62,62.6,36,0.65416,88.5139,22.9223,0.0,0,8.6948,1.4,57.308,0.0,True,26.0,4840,4.406,2.37
google,1000,20,linear,True,False,10.0,0.4,0.3,0.3,0,GA,carbon,10,0.3333333333333333,E22,10.62,62.6,36,0.65416,88.5139,22.9223,0.0,0,8.6948,1.4,57.308,0.0,True,26.0,4840,4.3905,2.34
google,1000,20,linear,True,False,10.0,0.4,0.3,0.3,0,GA,carbon,11,0.3333333333333333,E22,10.62,62.6,36,0.65416,88.5139,22.9223,0.0,0,8.6948,1.4,57.308,0.0,True,26.0,4840,4.4026,2.36
google,1000,20,linear,True,False,10.0,0.4,0.3,0.3,0,GA,carbon,12,0.3333333333333333,E22,10.62,62.6,36,0.65416,88.5139,22.9223,0.0,0,8.6948,1.4,57.308,0.0,True,26.0,4840,4.4462,2.36
google,1000,20,linear,True,False,10.0,0.4,0.3,0.3,0,GA,carbon,13,0.3333333333333333,E22,10.62,62.6,36,0.65416,88.5139,22.9223,0.0,0,8.6948,1.4,57.308,0.0,True,26.0,4840,4.4665,2.41
google,1000,20,linear,True,False,10.0,0.4,0.3,0.3,0,GA,carbon,14,0.3333333333333333,E22,10.62,62.6,36,0.65416,88.5139,22.9223,0.0,0,8.6948,1.4,57.308,0.0,True,26.0,4840,4.4628,2.31
google,1000,20,linear,True,False,10.0,0.4,0.3,0.3,0,GA,carbon,15,0.3333333333333333,E22,10.62,62.6,36,0.65416,88.5139,22.9223,0.0,0,8.6948,1.4,57.308,0.0,True,26.0,4840,4.4924,2.36
google,1000,20,linear,True,False,10.0,0.4,0.3,0.3,0,GA,carbon,16,0.3333333333333333,E22,10.62,62.6,36,0.65416,88.5139,22.9223,0.0,0,8.6948,1.4,57.308,0.0,True,26.0,4840,4.4526,2.32
google,1000,20,linear,True,False,10.0,0.4,0.3,0.3,0,GA,carbon,25,0.3333333333333333,E22,10.62,62.6,36,0.65416,88.5139,22.9223,0.0,0,8.6948,1.4,57.308,0.0,True,26.0,4840,4.3899,2.4
google,1000,20,linear,True,False,10.0,0.4,0.3,0.3,0,GA,carbon,26,0.3333333333333333,E22,10.62,62.6,36,0.65416,88.5139,22.9223,0.0,0,8.6948,1.4,57.308,0.0,True,26.0,4840,4.3798,2.32
google,1000,20,linear,True,False,10.0,0.4,0.3,0.3,0,GA,carbon,27,0.3333333333333333,E22,10.62,62.6,36,0.65416,88.5139,22.9223,0.0,0,8.6948,1.4,57.308,0.0,True,26.0,4840,4.4549,2.35
google,1000,20,linear,True,False,10.0,0.4,0.3,0.3,0,GA,carbon,28,0.3333333333333333,E22,10.62,62.6,36,0.65416,88.5139,22.9223,0.0,0,8.6948,1.4,57.308,0.0,True,26.0,4840,4.4145,2.28
google,1000,20,linear,True,False,10.0,0.4,0.3,0.3,0,GA,carbon,29,0.3333333333333333,E22,10.62,62.6,36,0.65416,88.5139,22.9223,0.0,0,8.6948,1.4,57.308,0.0,True,26.0,4840,4.4456,2.32
google,1000,20,linear,True,False,10.0,0.4,0.3,0.3,0,GA,carbon,30,0.3333333333333333,E22,10.62,62.6,36,0.65416,88.5139,22.9223,0.0,0,8.6948,1.4,57.308,0.0,True,26.0,4840,4.4991,2.26
google,3000,10,linear,True,False,10.0,0.4,0.3,0.3,0,Greedy(EDF+greenest),-,0,0.3333333333333333,E22,32.21,189.31,41,1.821021,89.3997,19.3113,0.0,0,24.3979,3.9041,74.278,45.2292,False,26.0,0,0.0003,0.0
google,3000,10,linear,True,False,10.0,0.4,0.3,0.3,0,WOA,random,1,0.3333333333333333,E22,32.21,189.31,41,2.153878,87.4621,4.5625,0.0,0,24.7479,4.0712,84.379,0.0,True,27.0,4840,6.2598,5.01
google,1000,20,linear,True,False,10.0,0.4,0.3,0.3,0,GA,carbon,17,0.3333333333333333,E22,10.62,62.6,36,0.65416,88.5139,22.9223,0.0,0,8.6948,1.4,57.308,0.0,True,26.0,4840,4.4009,2.28
google,1000,20,linear,True,False,10.0,0.4,0.3,0.3,0,GA,carbon,18,0.3333333333333333,E22,10.62,62.6,36,0.65416,88.5139,22.9223,0.0,0,8.6948,1.4,57.308,0.0,True,26.0,4840,4.3921,2.26
google,1000,20,linear,True,False,10.0,0.4,0.3,0.3,0,GA,carbon,19,0.3333333333333333,E22,10.62,62.6,36,0.65416,88.5139,22.9223,0.0,0,8.6948,1.4,57.308,0.0,True,26.0,4840,4.4206,2.33
google,1000,20,linear,True,False,10.0,0.4,0.3,0.3,0,GA,carbon,20,0.3333333333333333,E22,10.62,62.6,36,0.65416,88.5139,22.9223,0.0,0,8.6948,1.4,57.308,0.0,True,26.0,4840,4.4535,2.32
google,1000,20,linear,True,False,10.0,0.4,0.3,0.3,0,GA,carbon,21,0.3333333333333333,E22,10.62,62.6,36,0.65416,88.5139,22.9223,0.0,0,8.6948,1.4,57.308,0.0,True,26.0,4840,4.4711,2.31
google,1000,20,linear,True,False,10.0,0.4,0.3,0.3,0,GA,carbon,22,0.3333333333333333,E22,10.62,62.6,36,0.65416,88.5139,22.9223,0.0,0,8.6948,1.4,57.308,0.0,True,26.0,4840,4.4534,2.35
google,1000,20,linear,True,False,10.0,0.4,0.3,0.3,0,GA,carbon,23,0.3333333333333333,E22,10.62,62.6,36,0.65416,88.5139,22.9223,0.0,0,8.6948,1.4,57.308,0.0,True,26.0,4840,4.4299,2.31
google,1000,20,linear,True,False,10.0,0.4,0.3,0.3,0,GA,carbon,24,0.3333333333333333,E22,10.62,62.6,36,0.65416,88.5139,22.9223,0.0,0,8.6948,1.4,57.308,0.0,True,26.0,4840,4.4634,2.2
google,3000,10,linear,True,False,10.0,0.4,0.3,0.3,0,WOA,random,2,0.3333333333333333,E22,32.21,189.31,41,2.15886,87.4331,4.3418,0.0,0,24.8979,4.1064,81.962,0.0,True,27.5,4840,6.1955,5.15
google,3000,10,linear,True,False,10.0,0.4,0.3,0.3,0,WOA,random,3,0.3333333333333333,E22,32.21,189.31,41,2.15636,87.4477,4.4525,0.0,0,24.8979,4.1077,79.374,0.0,True,28.5,4840,6.2604,4.64
google,3000,10,linear,True,False,10.0,0.4,0.3,0.3,0,WOA,random,4,0.3333333333333333,E22,32.21,189.31,41,2.163633,87.4053,4.1302,0.0,0,24.7979,4.0917,81.688,0.0,True,28.0,4840,6.2757,5.1
google,3000,10,linear,True,False,10.0,0.4,0.3,0.3,0,WOA,random,5,0.3333333333333333,E22,32.21,189.31,41,2.148222,87.495,4.8131,0.0,0,24.7979,4.0805,82.911,0.0,True,28.0,4840,6.2614,4.76
google,3000,10,linear,True,False,10.0,0.4,0.3,0.3,0,WOA,random,6,0.3333333333333333,E22,32.21,189.31,41,2.145578,87.5104,4.9303,0.0,0,24.6979,4.0631,85.285,0.0,True,27.5,4840,6.2997,5.12
google,3000,10,linear,True,False,10.0,0.4,0.3,0.3,0,WOA,random,7,0.3333333333333333,E22,32.21,189.31,41,2.145763,87.5093,4.9221,0.0,0,24.6479,4.0666,84.0,0.0,True,27.5,4840,6.3163,5.03
google,3000,10,linear,True,False,10.0,0.4,0.3,0.3,0,WOA,random,8,0.3333333333333333,E22,32.21,189.31,41,2.149773,87.486,4.7444,0.0,0,24.7979,4.0792,82.239,0.0,True,28.0,4840,6.1876,5.15
google,3000,10,linear,True,False,10.0,0.4,0.3,0.3,0,WOA,random,9,0.3333333333333333,E22,32.21,189.31,41,2.158041,87.4379,4.378,0.0,0,24.8479,4.116,80.239,0.0,True,28.0,4840,6.2821,4.66
google,3000,10,linear,True,False,10.0,0.4,0.3,0.3,0,WOA,random,10,0.3333333333333333,E22,32.21,189.31,41,2.151323,87.477,4.6757,0.0,0,24.7479,4.0938,83.515,0.0,True,27.5,4840,6.3055,4.71
google,3000,10,linear,True,False,10.0,0.4,0.3,0.3,0,WOA,random,11,0.3333333333333333,E22,32.21,189.31,41,2.153232,87.4659,4.5911,0.0,0,24.7479,4.0668,84.172,0.0,True,27.5,4840,6.285,4.99
google,3000,10,linear,True,False,10.0,0.4,0.3,0.3,0,WOA,random,12,0.3333333333333333,E22,32.21,189.31,41,2.155256,87.4541,4.5015,0.0,0,24.7479,4.0982,83.41,0.0,True,27.5,4840,6.3242,4.78
google,3000,10,linear,True,False,10.0,0.4,0.3,0.3,0,WOA,random,13,0.3333333333333333,E22,32.21,189.31,41,2.146474,87.5052,4.8906,0.0,0,24.8479,4.0859,83.674,0.0,True,27.5,4840,6.3698,5.12
google,3000,10,linear,True,False,10.0,0.4,0.3,0.3,0,WOA,random,14,0.3333333333333333,E22,32.21,189.31,41,2.158358,87.436,4.364,0.0,0,24.7479,4.0639,84.598,0.0,True,27.0,4840,6.3953,4.89
google,3000,10,linear,True,False,10.0,0.4,0.3,0.3,0,WOA,random,15,0.3333333333333333,E22,32.21,189.31,41,2.158916,87.4328,4.3393,0.0,0,24.8479,4.1098,81.168,0.0,True,28.0,4840,6.3858,4.8
google,3000,10,linear,True,False,10.0,0.4,0.3,0.3,0,WOA,random,16,0.3333333333333333,E22,32.21,189.31,41,2.146493,87.5051,4.8897,0.0,0,24.6979,4.0624,83.294,0.0,True,28.0,4840,6.3112,4.87
google,3000,10,linear,True,False,10.0,0.4,0.3,0.3,0,WOA,random,17,0.3333333333333333,E22,32.21,189.31,41,2.15688,87.4446,4.4295,0.0,0,24.8479,4.1078,83.338,0.0,True,27.5,4840,6.3171,4.71
google,3000,10,linear,True,False,10.0,0.4,0.3,0.3,0,WOA,random,18,0.3333333333333333,E22,32.21,189.31,41,2.152349,87.471,4.6302,0.0,0,24.7479,4.0998,83.006,0.0,True,28.0,4840,6.3049,4.94
google,3000,10,linear,True,False,10.0,0.4,0.3,0.3,0,WOA,random,19,0.3333333333333333,E22,32.21,189.31,41,2.138396,87.5522,5.2485,0.0,0,24.7479,4.0919,83.537,0.0,True,28.0,4840,6.3178,4.78
google,3000,10,linear,True,False,10.0,0.4,0.3,0.3,0,WOA,random,20,0.3333333333333333,E22,32.21,189.31,41,2.153722,87.463,4.5694,0.0,0,24.6479,4.0547,84.843,0.0,True,27.0,4840,6.338,4.62
google,3000,10,linear,True,False,10.0,0.4,0.3,0.3,0,WOA,random,21,0.3333333333333333,E22,32.21,189.31,41,2.139822,87.5439,5.1853,0.0,0,24.6479,4.0658,84.595,0.0,True,27.5,4840,6.4029,4.71
google,3000,10,linear,True,False,10.0,0.4,0.3,0.3,0,WOA,random,22,0.3333333333333333,E22,32.21,189.31,41,2.141104,87.5365,5.1285,0.0,0,24.7979,4.1055,82.857,0.0,True,27.5,4840,6.3813,4.66
google,3000,10,linear,True,False,10.0,0.4,0.3,0.3,0,WOA,random,23,0.3333333333333333,E22,32.21,189.31,41,2.152016,87.4729,4.645,0.0,0,24.6979,4.0839,82.725,0.0,True,28.0,4840,6.268,4.69
google,3000,10,linear,True,False,10.0,0.4,0.3,0.3,0,WOA,random,24,0.3333333333333333,E22,32.21,189.31,41,2.151483,87.476,4.6686,0.0,0,24.7479,4.0798,82.119,0.0,True,28.0,4840,6.2582,4.5
google,3000,10,linear,True,False,10.0,0.4,0.3,0.3,0,WOA,random,25,0.3333333333333333,E22,32.21,189.31,41,2.157129,87.4432,4.4185,0.0,0,24.6979,4.0658,86.019,0.0,True,27.5,4840,6.3051,4.8
google,3000,10,linear,True,False,10.0,0.4,0.3,0.3,0,WOA,random,26,0.3333333333333333,E22,32.21,189.31,41,2.142139,87.5304,5.0827,0.0,0,24.6979,4.0439,85.784,0.0,True,27.5,4840,6.6365,4.9
google,3000,10,linear,True,False,10.0,0.4,0.3,0.3,0,WOA,random,27,0.3333333333333333,E22,32.21,189.31,41,2.159742,87.428,4.3027,0.0,0,24.6979,4.0691,83.521,0.0,True,28.0,4840,6.6682,4.99
google,3000,10,linear,True,False,10.0,0.4,0.3,0.3,0,WOA,random,28,0.3333333333333333,E22,32.21,189.31,41,2.132866,87.5844,5.4935,0.0,0,24.6979,4.1002,83.204,0.0,True,27.5,4840,6.7122,4.64
google,3000,10,linear,True,False,10.0,0.4,0.3,0.3,0,WOA,random,29,0.3333333333333333,E22,32.21,189.31,41,2.152687,87.469,4.6153,0.0,0,24.8479,4.0727,80.93,0.0,True,28.0,4840,6.7535,4.69
google,3000,10,linear,True,False,10.0,0.4,0.3,0.3,0,WOA,random,30,0.3333333333333333,E22,32.21,189.31,41,2.153976,87.4615,4.5581,0.0,0,24.7979,4.0879,82.167,0.0,True,28.5,4840,6.6973,4.89
google,3000,10,linear,True,False,10.0,0.4,0.3,0.3,0,WOA,improved,1,0.3333333333333333,E22,32.21,189.31,41,2.14575,87.5094,4.9226,0.0,0,24.7479,4.0733,81.832,0.0,True,28.5,4840,6.535,4.73
google,3000,10,linear,True,False,10.0,0.4,0.3,0.3,0,WOA,improved,2,0.3333333333333333,E22,32.21,189.31,41,2.162848,87.4099,4.1651,0.0,0,24.8979,4.1157,81.521,0.0,True,28.0,4840,6.6194,4.48
google,3000,10,linear,True,False,10.0,0.4,0.3,0.3,0,WOA,improved,3,0.3333333333333333,E22,32.21,189.31,41,2.149838,87.4856,4.7415,0.0,0,24.7479,4.0815,82.744,0.0,True,27.5,4840,6.5597,4.82
google,3000,10,linear,True,False,10.0,0.4,0.3,0.3,0,WOA,improved,4,0.3333333333333333,E22,32.21,189.31,41,2.134005,87.5778,5.443,0.0,0,24.7479,4.0728,84.843,0.0,True,27.0,4840,6.2453,4.78
google,3000,10,linear,True,False,10.0,0.4,0.3,0.3,0,WOA,improved,5,0.3333333333333333,E22,32.21,189.31,41,2.158611,87.4346,4.3528,0.0,0,24.7479,4.0792,82.427,0.0,True,27.5,4840,6.2453,4.78
google,3000,10,linear,True,False,10.0,0.4,0.3,0.3,0,WOA,improved,6,0.3333333333333333,E22,32.21,189.31,41,2.153269,87.4657,4.5895,0.0,0,24.7479,4.0883,82.703,0.0,True,28.0,4840,6.2141,4.48
google,3000,10,linear,True,False,10.0,0.4,0.3,0.3,0,WOA,improved,7,0.3333333333333333,E22,32.21,189.31,41,2.147862,87.4971,4.8291,0.0,0,24.8479,4.0851,80.29,0.0,True,28.0,4840,6.2874,4.89
google,3000,10,linear,True,False,10.0,0.4,0.3,0.3,0,WOA,improved,8,0.3333333333333333,E22,32.21,189.31,41,2.142887,87.5261,5.0495,0.0,0,24.7479,4.0879,82.795,0.0,True,27.5,4840,6.1666,4.71
google,3000,10,linear,True,False,10.0,0.4,0.3,0.3,0,WOA,improved,9,0.3333333333333333,E22,32.21,189.31,41,2.149016,87.4904,4.7779,0.0,0,24.8479,4.1167,80.648,0.0,True,28.0,4840,6.2413,4.53
google,3000,10,linear,True,False,10.0,0.4,0.3,0.3,0,WOA,improved,10,0.3333333333333333,E22,32.21,189.31,41,2.153563,87.4639,4.5765,0.0,0,24.7479,4.1093,83.884,0.0,True,27.5,4840,6.2129,4.76
google,3000,10,linear,True,False,10.0,0.4,0.3,0.3,0,WOA,improved,11,0.3333333333333333,E22,32.21,189.31,41,2.153198,87.4661,4.5926,0.0,0,24.7479,4.0697,84.11,0.0,True,27.5,4840,6.1889,4.73
google,3000,10,linear,True,False,10.0,0.4,0.3,0.3,0,WOA,improved,12,0.3333333333333333,E22,32.21,189.31,41,2.146479,87.5052,4.8904,0.0,0,24.7979,4.0929,82.577,0.0,True,28.0,4840,6.256,4.62
google,3000,10,linear,True,False,10.0,0.4,0.3,0.3,0,WOA,improved,13,0.3333333333333333,E22,32.21,189.31,41,2.141662,87.5332,5.1038,0.0,0,24.7479,4.0768,82.472,0.0,True,27.5,4840,6.2366,4.46
google,3000,10,linear,True,False,10.0,0.4,0.3,0.3,0,WOA,improved,14,0.3333333333333333,E22,32.21,189.31,41,2.152381,87.4708,4.6288,0.0,0,24.7479,4.0825,83.121,0.0,True,27.5,4840,6.3088,4.55
google,3000,10,linear,True,False,10.0,0.4,0.3,0.3,0,WOA,improved,15,0.3333333333333333,E22,32.21,189.31,41,2.159477,87.4295,4.3144,0.0,0,24.8979,4.1186,80.258,0.0,True,28.5,4840,6.2805,4.69
google,3000,10,linear,True,False,10.0,0.4,0.3,0.3,0,WOA,improved,16,0.3333333333333333,E22,32.21,189.31,41,2.154761,87.457,4.5234,0.0,0,24.6479,4.0428,85.273,0.0,True,27.0,4840,6.2666,4.87
google,3000,10,linear,True,False,10.0,0.4,0.3,0.3,0,WOA,improved,17,0.3333333333333333,E22,32.21,189.31,41,2.159155,87.4314,4.3287,0.0,0,24.7479,4.0657,83.033,0.0,True,27.5,4840,6.2786,4.37
google,3000,10,linear,True,False,10.0,0.4,0.3,0.3,0,WOA,improved,18,0.3333333333333333,E22,32.21,189.31,41,2.142535,87.5281,5.0651,0.0,0,24.6979,4.0764,83.233,0.0,True,27.5,4840,6.2094,4.62
google,3000,10,linear,True,False,10.0,0.4,0.3,0.3,0,WOA,improved,19,0.3333333333333333,E22,32.21,189.31,41,2.141994,87.5313,5.0891,0.0,0,24.6479,4.0856,85.719,0.0,True,27.0,4840,6.2189,4.57
google,3000,10,linear,True,False,10.0,0.4,0.3,0.3,0,WOA,improved,20,0.3333333333333333,E22,32.21,189.31,41,2.15426,87.4599,4.5456,0.0,0,24.7979,4.1044,82.744,0.0,True,27.5,4840,6.2319,4.92
google,3000,10,linear,True,False,10.0,0.4,0.3,0.3,0,WOA,improved,21,0.3333333333333333,E22,32.21,189.31,41,2.15263,87.4694,4.6178,0.0,0,24.8479,4.1156,82.644,0.0,True,27.5,4840,6.2665,4.3
google,3000,10,linear,True,False,10.0,0.4,0.3,0.3,0,WOA,improved,22,0.3333333333333333,E22,32.21,189.31,41,2.149849,87.4856,4.741,0.0,0,24.7479,4.0901,83.707,0.0,True,27.5,4840,6.3344,4.96
google,3000,10,linear,True,False,10.0,0.4,0.3,0.3,0,WOA,improved,23,0.3333333333333333,E22,32.21,189.31,41,2.144801,87.5149,4.9647,0.0,0,24.6979,4.0691,83.235,0.0,True,27.5,4840,6.2642,4.76
google,3000,10,linear,True,False,10.0,0.4,0.3,0.3,0,WOA,improved,24,0.3333333333333333,E22,32.21,189.31,41,2.15438,87.4592,4.5403,0.0,0,24.7979,4.1064,83.878,0.0,True,26.5,4840,6.2578,4.57
google,3000,10,linear,True,False,10.0,0.4,0.3,0.3,0,WOA,improved,25,0.3333333333333333,E22,32.21,189.31,41,2.14987,87.4854,4.7401,0.0,0,24.6979,4.0657,84.512,0.0,True,28.0,4840,6.287,4.34
google,3000,10,linear,True,False,10.0,0.4,0.3,0.3,0,WOA,improved,26,0.3333333333333333,E22,32.21,189.31,41,2.14539,87.5115,4.9386,0.0,0,24.6979,4.0753,83.491,0.0,True,27.5,4840,6.2285,4.83
google,3000,10,linear,True,False,10.0,0.4,0.3,0.3,0,WOA,improved,27,0.3333333333333333,E22,32.21,189.31,41,2.157953,87.4384,4.3819,0.0,0,24.7479,4.0682,83.794,0.0,True,27.5,4840,6.2381,4.43
google,3000,10,linear,True,False,10.0,0.4,0.3,0.3,0,WOA,improved,28,0.3333333333333333,E22,32.21,189.31,41,2.152024,87.4729,4.6446,0.0,0,24.7979,4.0976,83.94,0.0,True,27.0,4840,6.2191,4.46
google,3000,10,linear,True,False,10.0,0.4,0.3,0.3,0,WOA,improved,29,0.3333333333333333,E22,32.21,189.31,41,2.14346,87.5228,5.0241,0.0,0,24.7479,4.0714,83.381,0.0,True,28.0,4840,6.2099,4.21
google,3000,10,linear,True,False,10.0,0.4,0.3,0.3,0,WOA,improved,30,0.3333333333333333,E22,32.21,189.31,41,2.157383,87.4417,4.4072,0.0,0,24.7979,4.08,84.034,0.0,True,27.5,4840,6.2473,4.62
google,3000,10,linear,True,False,10.0,0.4,0.3,0.3,0,WOA,carbon,1,0.3333333333333333,E22,32.21,189.31,41,2.148322,87.4945,4.8087,0.0,0,24.7979,4.1135,81.602,0.0,True,28.0,4840,6.2201,4.73
google,3000,10,linear,True,False,10.0,0.4,0.3,0.3,0,WOA,carbon,2,0.3333333333333333,E22,32.21,189.31,41,2.131457,87.5926,5.556,0.0,0,24.6979,4.0644,84.956,0.0,True,26.5,4840,6.2108,4.66
google,3000,10,linear,True,False,10.0,0.4,0.3,0.3,0,WOA,carbon,3,0.3333333333333333,E22,32.21,189.31,41,2.142468,87.5285,5.0681,0.0,0,24.6979,4.0952,82.647,0.0,True,28.0,4840,6.1827,4.5
google,3000,10,linear,True,False,10.0,0.4,0.3,0.3,0,WOA,carbon,4,0.3333333333333333,E22,32.21,189.31,41,2.132483,87.5866,5.5105,0.0,0,24.6979,4.0672,83.381,0.0,True,27.5,4840,6.1792,4.69
google,3000,10,linear,True,False,10.0,0.4,0.3,0.3,0,WOA,carbon,5,0.3333333333333333,E22,32.21,189.31,41,2.097538,87.7901,7.0589,0.0,0,24.6979,4.0588,83.157,0.0,True,27.0,4840,6.1908,5.08
google,3000,10,linear,True,False,10.0,0.4,0.3,0.3,0,WOA,carbon,6,0.3333333333333333,E22,32.21,189.31,41,2.154318,87.4595,4.543,0.0,0,24.6979,4.0597,83.803,0.0,True,27.5,4840,6.1831,4.85
google,3000,10,linear,True,False,10.0,0.4,0.3,0.3,0,WOA,carbon,7,0.3333333333333333,E22,32.21,189.31,41,2.149717,87.4863,4.7469,0.0,0,24.6479,4.0723,84.75,0.0,True,27.0,4840,6.2168,4.87
google,3000,10,linear,True,False,10.0,0.4,0.3,0.3,0,WOA,carbon,8,0.3333333333333333,E22,32.21,189.31,41,2.155379,87.4534,4.496,0.0,0,24.7979,4.0782,81.674,0.0,True,27.5,4840,6.2763,4.92
google,3000,10,linear,True,False,10.0,0.4,0.3,0.3,0,WOA,carbon,9,0.3333333333333333,E22,32.21,189.31,41,2.135847,87.5671,5.3615,0.0,0,24.7479,4.0663,82.855,0.0,True,28.0,4840,6.2552,4.6
google,3000,10,linear,True,False,10.0,0.4,0.3,0.3,0,WOA,carbon,10,0.3333333333333333,E22,32.21,189.31,41,2.138769,87.5501,5.232,0.0,0,24.6979,4.1043,84.297,0.0,True,26.5,4840,6.1933,5.4
google,3000,10,linear,True,False,10.0,0.4,0.3,0.3,0,WOA,carbon,11,0.3333333333333333,E22,32.21,189.31,41,2.151319,87.477,4.6759,0.0,0,24.6479,4.0564,83.829,0.0,True,27.5,4840,6.206,4.62
google,3000,10,linear,True,False,10.0,0.4,0.3,0.3,0,WOA,carbon,12,0.3333333333333333,E22,32.21,189.31,41,2.0795,87.8951,7.8582,0.0,0,24.5979,4.0256,86.299,0.0,True,26.5,4840,6.1415,4.78
google,3000,10,linear,True,False,10.0,0.4,0.3,0.3,0,WOA,carbon,13,0.3333333333333333,E22,32.21,189.31,41,2.15424,87.46,4.5465,0.0,0,24.8479,4.1205,82.009,0.0,True,28.0,4840,6.2338,4.43
google,3000,10,linear,True,False,10.0,0.4,0.3,0.3,0,WOA,carbon,14,0.3333333333333333,E22,32.21,189.31,41,2.130622,87.5975,5.593,0.0,0,24.5979,4.0603,84.837,0.0,True,28.0,4840,6.3295,4.85
google,3000,10,linear,True,False,10.0,0.4,0.3,0.3,0,WOA,carbon,15,0.3333333333333333,E22,32.21,189.31,41,2.160909,87.4212,4.251,0.0,0,24.7979,4.0931,82.097,0.0,True,27.5,4840,6.2709,5.01
google,3000,10,linear,True,False,10.0,0.4,0.3,0.3,0,WOA,carbon,16,0.3333333333333333,E22,32.21,189.31,41,2.157295,87.4422,4.4111,0.0,0,24.7979,4.0827,83.781,0.0,True,27.5,4840,6.179,4.8
google,3000,10,linear,True,False,10.0,0.4,0.3,0.3,0,WOA,carbon,17,0.3333333333333333,E22,32.21,189.31,41,2.141969,87.5314,5.0902,0.0,0,24.7979,4.0697,82.838,0.0,True,27.5,4840,6.2418,4.6
google,3000,10,linear,True,False,10.0,0.4,0.3,0.3,0,WOA,carbon,18,0.3333333333333333,E22,32.21,189.31,41,2.118028,87.6708,6.151,0.0,0,24.7479,4.0936,84.424,0.0,True,27.0,4840,6.2468,4.6
google,3000,10,linear,True,False,10.0,0.4,0.3,0.3,0,WOA,carbon,19,0.3333333333333333,E22,32.21,189.31,41,2.16568,87.3934,4.0395,0.0,0,24.8979,4.1332,81.141,0.0,True,27.5,4840,6.1697,4.85
google,3000,10,linear,True,False,10.0,0.4,0.3,0.3,0,WOA,carbon,20,0.3333333333333333,E22,32.21,189.31,41,2.148016,87.4962,4.8223,0.0,0,24.7979,4.1107,81.687,0.0,True,27.5,4840,6.1905,4.85
google,3000,10,linear,True,False,10.0,0.4,0.3,0.3,0,WOA,carbon,21,0.3333333333333333,E22,32.21,189.31,41,2.151057,87.4785,4.6875,0.0,0,24.7479,4.1049,83.459,0.0,True,27.5,4840,6.1338,4.85
google,3000,10,linear,True,False,10.0,0.4,0.3,0.3,0,WOA,carbon,22,0.3333333333333333,E22,32.21,189.31,41,2.13183,87.5905,5.5395,0.0,0,24.7979,4.0807,82.405,0.0,True,28.0,4840,6.3104,4.99
google,3000,10,linear,True,False,10.0,0.4,0.3,0.3,0,WOA,carbon,23,0.3333333333333333,E22,32.21,189.31,41,2.131619,87.5917,5.5488,0.0,0,24.6979,4.0637,83.475,0.0,True,27.5,4840,6.1996,4.83
google,3000,10,linear,True,False,10.0,0.4,0.3,0.3,0,WOA,carbon,24,0.3333333333333333,E22,32.21,189.31,41,2.140145,87.542,5.171,0.0,0,24.6979,4.0736,84.083,0.0,True,27.5,4840,6.1784,4.85
google,3000,10,linear,True,False,10.0,0.4,0.3,0.3,0,WOA,carbon,25,0.3333333333333333,E22,32.21,189.31,41,2.13542,87.5696,5.3804,0.0,0,24.6979,4.0818,83.147,0.0,True,28.0,4840,6.1962,4.92
google,3000,10,linear,True,False,10.0,0.4,0.3,0.3,0,WOA,carbon,26,0.3333333333333333,E22,32.21,189.31,41,2.128804,87.6081,5.6735,0.0,0,24.5979,4.0511,84.976,0.0,True,27.5,4840,6.1403,5.15
google,3000,10,linear,True,False,10.0,0.4,0.3,0.3,0,WOA,carbon,27,0.3333333333333333,E22,32.21,189.31,41,2.157129,87.4432,4.4185,0.0,0,24.7979,4.1087,82.067,0.0,True,28.0,4840,6.1666,4.73
google,3000,10,linear,True,False,10.0,0.4,0.3,0.3,0,WOA,carbon,28,0.3333333333333333,E22,32.21,189.31,41,2.127187,87.6175,5.7452,0.0,0,24.7979,4.1296,84.129,0.0,True,27.0,4840,6.0793,4.78
google,3000,10,linear,True,False,10.0,0.4,0.3,0.3,0,WOA,carbon,29,0.3333333333333333,E22,32.21,189.31,41,2.168467,87.3772,3.9161,0.0,0,24.7979,4.104,83.304,0.0,True,27.0,4840,6.0516,4.78
google,3000,10,linear,True,False,10.0,0.4,0.3,0.3,0,WOA,carbon,30,0.3333333333333333,E22,32.21,189.31,41,2.13323,87.5823,5.4774,0.0,0,24.6479,4.0517,86.551,0.0,True,27.0,4840,6.2967,4.69
google,3000,10,linear,True,False,10.0,0.7,0.0,0.3,0,WOA,carbon,1,0.3333333333333333,E22,32.21,189.31,41,2.148322,87.4945,4.8087,0.0,0,24.7979,4.1135,81.602,0.0,True,28.0,4840,6.2269,4.71
google,3000,10,linear,True,False,10.0,0.7,0.0,0.3,0,WOA,carbon,2,0.3333333333333333,E22,32.21,189.31,41,2.131457,87.5926,5.556,0.0,0,24.6979,4.0644,84.956,0.0,True,26.5,4840,6.2317,4.66
google,3000,10,linear,True,False,10.0,0.7,0.0,0.3,0,WOA,carbon,3,0.3333333333333333,E22,32.21,189.31,41,2.142468,87.5285,5.0681,0.0,0,24.6979,4.0952,82.647,0.0,True,28.0,4840,6.2005,4.5
google,3000,10,linear,True,False,10.0,0.7,0.0,0.3,0,WOA,carbon,4,0.3333333333333333,E22,32.21,189.31,41,2.132483,87.5866,5.5105,0.0,0,24.6979,4.0672,83.381,0.0,True,27.5,4840,6.2155,4.69
google,3000,10,linear,True,False,10.0,0.7,0.0,0.3,0,WOA,carbon,5,0.3333333333333333,E22,32.21,189.31,41,2.102066,87.7637,6.8583,0.0,0,24.6979,4.0549,81.749,0.0,True,27.0,4840,6.2353,4.92
google,3000,10,linear,True,False,10.0,0.7,0.0,0.3,0,WOA,carbon,6,0.3333333333333333,E22,32.21,189.31,41,2.154318,87.4595,4.543,0.0,0,24.6979,4.0597,83.803,0.0,True,27.5,4840,6.0769,4.85
google,3000,10,linear,True,False,10.0,0.7,0.0,0.3,0,WOA,carbon,7,0.3333333333333333,E22,32.21,189.31,41,2.149717,87.4863,4.7469,0.0,0,24.6479,4.0723,84.75,0.0,True,27.0,4840,6.0916,4.87
google,3000,10,linear,True,False,10.0,0.7,0.0,0.3,0,WOA,carbon,8,0.3333333333333333,E22,32.21,189.31,41,2.155379,87.4534,4.496,0.0,0,24.7979,4.0782,81.674,0.0,True,27.5,4840,6.1658,4.92
google,3000,10,linear,True,False,10.0,0.7,0.0,0.3,0,WOA,carbon,9,0.3333333333333333,E22,32.21,189.31,41,2.135847,87.5671,5.3615,0.0,0,24.7479,4.0663,82.855,0.0,True,28.0,4840,6.2138,4.6
google,3000,10,linear,True,False,10.0,0.7,0.0,0.3,0,WOA,carbon,10,0.3333333333333333,E22,32.21,189.31,41,2.138769,87.5501,5.232,0.0,0,24.6979,4.1043,84.297,0.0,True,26.5,4840,6.1503,5.38
google,3000,10,linear,True,False,10.0,0.7,0.0,0.3,0,WOA,carbon,11,0.3333333333333333,E22,32.21,189.31,41,2.151319,87.477,4.6759,0.0,0,24.6479,4.0564,83.829,0.0,True,27.5,4840,6.1545,4.62
google,3000,10,linear,True,False,10.0,0.7,0.0,0.3,0,WOA,carbon,12,0.3333333333333333,E22,32.21,189.31,41,2.0795,87.8951,7.8582,0.0,0,24.5979,4.0256,86.299,0.0,True,26.5,4840,6.0708,4.78
google,3000,10,linear,True,False,10.0,0.7,0.0,0.3,0,WOA,carbon,13,0.3333333333333333,E22,32.21,189.31,41,2.15424,87.46,4.5465,0.0,0,24.8479,4.1205,82.009,0.0,True,28.0,4840,6.2576,4.43
google,3000,10,linear,True,False,10.0,0.7,0.0,0.3,0,WOA,carbon,14,0.3333333333333333,E22,32.21,189.31,41,2.130622,87.5975,5.593,0.0,0,24.5979,4.0603,84.837,0.0,True,28.0,4840,6.1786,4.85
google,3000,10,linear,True,False,10.0,0.7,0.0,0.3,0,WOA,carbon,15,0.3333333333333333,E22,32.21,189.31,41,2.160909,87.4212,4.251,0.0,0,24.7979,4.0931,82.097,0.0,True,27.5,4840,6.3124,5.01
google,3000,10,linear,True,False,10.0,0.7,0.0,0.3,0,WOA,carbon,16,0.3333333333333333,E22,32.21,189.31,41,2.157295,87.4422,4.4111,0.0,0,24.7979,4.0827,83.781,0.0,True,27.5,4840,6.1747,4.8
google,3000,10,linear,True,False,10.0,0.7,0.0,0.3,0,WOA,carbon,17,0.3333333333333333,E22,32.21,189.31,41,2.141969,87.5314,5.0902,0.0,0,24.7979,4.0697,82.838,0.0,True,27.5,4840,6.207,4.6
google,3000,10,linear,True,False,10.0,0.7,0.0,0.3,0,WOA,carbon,18,0.3333333333333333,E22,32.21,189.31,41,2.118028,87.6708,6.151,0.0,0,24.7479,4.0936,84.424,0.0,True,27.0,4840,6.1773,4.6
google,3000,10,linear,True,False,10.0,0.7,0.0,0.3,0,WOA,carbon,19,0.3333333333333333,E22,32.21,189.31,41,2.16568,87.3934,4.0395,0.0,0,24.8979,4.1332,81.141,0.0,True,27.5,4840,6.0977,4.85
google,3000,10,linear,True,False,10.0,0.7,0.0,0.3,0,WOA,carbon,20,0.3333333333333333,E22,32.21,189.31,41,2.148016,87.4962,4.8223,0.0,0,24.7979,4.1107,81.687,0.0,True,27.5,4840,6.1355,4.85
google,3000,10,linear,True,False,10.0,0.7,0.0,0.3,0,WOA,carbon,21,0.3333333333333333,E22,32.21,189.31,41,2.151057,87.4785,4.6875,0.0,0,24.7479,4.1049,83.459,0.0,True,27.5,4840,6.2322,4.85
google,3000,10,linear,True,False,10.0,0.7,0.0,0.3,0,WOA,carbon,22,0.3333333333333333,E22,32.21,189.31,41,2.13183,87.5905,5.5395,0.0,0,24.7979,4.0807,82.405,0.0,True,28.0,4840,6.2693,4.99
google,3000,10,linear,True,False,10.0,0.7,0.0,0.3,0,WOA,carbon,23,0.3333333333333333,E22,32.21,189.31,41,2.135035,87.5718,5.3974,0.0,0,24.7479,4.0718,83.083,0.0,True,27.5,4840,6.3115,4.53
google,3000,10,linear,True,False,10.0,0.7,0.0,0.3,0,WOA,carbon,24,0.3333333333333333,E22,32.21,189.31,41,2.140145,87.542,5.171,0.0,0,24.6979,4.0736,84.083,0.0,True,27.5,4840,6.2573,4.9
google,3000,10,linear,True,False,10.0,0.7,0.0,0.3,0,WOA,carbon,25,0.3333333333333333,E22,32.21,189.31,41,2.13542,87.5696,5.3804,0.0,0,24.6979,4.0818,83.147,0.0,True,28.0,4840,6.2554,4.92
google,3000,10,linear,True,False,10.0,0.7,0.0,0.3,0,WOA,carbon,26,0.3333333333333333,E22,32.21,189.31,41,2.134159,87.5769,5.4363,0.0,0,24.5979,4.0586,84.052,0.0,True,27.5,4840,6.137,4.8
google,3000,10,linear,True,False,10.0,0.7,0.0,0.3,0,WOA,carbon,27,0.3333333333333333,E22,32.21,189.31,41,2.157129,87.4432,4.4185,0.0,0,24.7979,4.1087,82.067,0.0,True,28.0,4840,6.1268,4.73
google,3000,10,linear,True,False,10.0,0.7,0.0,0.3,0,WOA,carbon,28,0.3333333333333333,E22,32.21,189.31,41,2.127187,87.6175,5.7452,0.0,0,24.7979,4.1296,84.129,0.0,True,27.0,4840,6.2742,4.73
google,3000,10,linear,True,False,10.0,0.7,0.0,0.3,0,WOA,carbon,29,0.3333333333333333,E22,32.21,189.31,41,2.168467,87.3772,3.9161,0.0,0,24.7979,4.104,83.304,0.0,True,27.0,4840,6.2491,4.71
google,3000,10,linear,True,False,10.0,0.7,0.0,0.3,0,WOA,carbon,30,0.3333333333333333,E22,32.21,189.31,41,2.13323,87.5823,5.4774,0.0,0,24.6479,4.0517,86.551,0.0,True,27.0,4840,6.3526,4.69
google,3000,10,linear,True,False,10.0,0.7,0.3,0.0,0,WOA,carbon,1,0.3333333333333333,E22,32.21,189.31,41,2.148322,87.4945,4.8087,0.0,0,24.7979,4.1135,81.602,0.0,True,28.0,4840,6.2031,4.71
google,3000,10,linear,True,False,10.0,0.7,0.3,0.0,0,WOA,carbon,10,0.3333333333333333,E22,32.21,189.31,41,2.138769,87.5501,5.232,0.0,0,24.6979,4.1043,84.297,0.0,True,26.5,4840,6.2011,5.38
google,3000,10,linear,True,False,10.0,0.7,0.3,0.0,0,WOA,carbon,11,0.3333333333333333,E22,32.21,189.31,41,2.151319,87.477,4.6759,0.0,0,24.6479,4.0564,83.829,0.0,True,27.5,4840,6.1307,4.62
google,3000,10,linear,True,False,10.0,0.7,0.3,0.0,0,WOA,carbon,12,0.3333333333333333,E22,32.21,189.31,41,2.0795,87.8951,7.8582,0.0,0,24.5979,4.0256,86.299,0.0,True,26.5,4840,6.0644,4.78
google,3000,10,linear,True,False,10.0,0.7,0.3,0.0,0,WOA,carbon,13,0.3333333333333333,E22,32.21,189.31,41,2.15424,87.46,4.5465,0.0,0,24.8479,4.1205,82.009,0.0,True,28.0,4840,6.2147,4.43
google,3000,10,linear,True,False,10.0,0.7,0.3,0.0,0,WOA,carbon,14,0.3333333333333333,E22,32.21,189.31,41,2.130622,87.5975,5.593,0.0,0,24.5979,4.0603,84.837,0.0,True,28.0,4840,6.1912,4.85
google,3000,10,linear,True,False,10.0,0.7,0.3,0.0,0,WOA,carbon,15,0.3333333333333333,E22,32.21,189.31,41,2.160909,87.4212,4.251,0.0,0,24.7979,4.0931,82.097,0.0,True,27.5,4840,6.2886,5.01
google,3000,10,linear,True,False,10.0,0.7,0.3,0.0,0,WOA,carbon,16,0.3333333333333333,E22,32.21,189.31,41,2.157295,87.4422,4.4111,0.0,0,24.7979,4.0827,83.781,0.0,True,27.5,4840,6.1978,4.8
google,3000,10,linear,True,False,10.0,0.7,0.3,0.0,0,WOA,carbon,17,0.3333333333333333,E22,32.21,189.31,41,2.141969,87.5314,5.0902,0.0,0,24.7979,4.0697,82.838,0.0,True,27.5,4840,6.2124,4.6
google,3000,10,linear,True,False,10.0,0.7,0.3,0.0,0,WOA,carbon,18,0.3333333333333333,E22,32.21,189.31,41,2.118028,87.6708,6.151,0.0,0,24.7479,4.0936,84.424,0.0,True,27.0,4840,6.2221,4.6
google,3000,10,linear,True,False,10.0,0.7,0.3,0.0,0,WOA,carbon,19,0.3333333333333333,E22,32.21,189.31,41,2.16568,87.3934,4.0395,0.0,0,24.8979,4.1332,81.141,0.0,True,27.5,4840,6.1016,4.85
google,3000,10,linear,True,False,10.0,0.7,0.3,0.0,0,WOA,carbon,20,0.3333333333333333,E22,32.21,189.31,41,2.148016,87.4962,4.8223,0.0,0,24.7979,4.1107,81.687,0.0,True,27.5,4840,6.0999,4.85
google,3000,10,linear,True,False,10.0,0.7,0.3,0.0,0,WOA,carbon,21,0.3333333333333333,E22,32.21,189.31,41,2.151057,87.4785,4.6875,0.0,0,24.7479,4.1049,83.459,0.0,True,27.5,4840,6.2153,4.85
google,3000,10,linear,True,False,10.0,0.7,0.3,0.0,0,WOA,carbon,22,0.3333333333333333,E22,32.21,189.31,41,2.13183,87.5905,5.5395,0.0,0,24.7979,4.0807,82.405,0.0,True,28.0,4840,6.2541,4.99
google,3000,10,linear,True,False,10.0,0.7,0.3,0.0,0,WOA,carbon,23,0.3333333333333333,E22,32.21,189.31,41,2.135035,87.5718,5.3974,0.0,0,24.7479,4.0718,83.083,0.0,True,27.5,4840,6.3573,4.53
google,3000,10,linear,True,False,10.0,0.7,0.3,0.0,0,WOA,carbon,24,0.3333333333333333,E22,32.21,189.31,41,2.140145,87.542,5.171,0.0,0,24.6979,4.0736,84.083,0.0,True,27.5,4840,6.1646,4.89
google,3000,10,linear,True,False,10.0,0.7,0.3,0.0,0,WOA,carbon,25,0.3333333333333333,E22,32.21,189.31,41,2.13542,87.5696,5.3804,0.0,0,24.6979,4.0818,83.147,0.0,True,28.0,4840,6.2262,4.92
google,3000,10,linear,True,False,10.0,0.7,0.3,0.0,0,WOA,carbon,2,0.3333333333333333,E22,32.21,189.31,41,2.131457,87.5926,5.556,0.0,0,24.6979,4.0644,84.956,0.0,True,26.5,4840,6.6268,4.67
google,3000,10,linear,True,False,10.0,0.7,0.3,0.0,0,WOA,carbon,3,0.3333333333333333,E22,32.21,189.31,41,2.142468,87.5285,5.0681,0.0,0,24.6979,4.0952,82.647,0.0,True,28.0,4840,6.4724,4.5
google,3000,10,linear,True,False,10.0,0.7,0.3,0.0,0,WOA,carbon,4,0.3333333333333333,E22,32.21,189.31,41,2.132483,87.5866,5.5105,0.0,0,24.6979,4.0672,83.381,0.0,True,27.5,4840,6.4649,4.69
google,3000,10,linear,True,False,10.0,0.7,0.3,0.0,0,WOA,carbon,5,0.3333333333333333,E22,32.21,189.31,41,2.102066,87.7637,6.8583,0.0,0,24.6979,4.0549,81.749,0.0,True,27.0,4840,6.5641,4.92
google,3000,10,linear,True,False,10.0,0.7,0.3,0.0,0,WOA,carbon,6,0.3333333333333333,E22,32.21,189.31,41,2.154318,87.4595,4.543,0.0,0,24.6979,4.0597,83.803,0.0,True,27.5,4840,6.5448,4.85
google,3000,10,linear,True,False,10.0,0.7,0.3,0.0,0,WOA,carbon,7,0.3333333333333333,E22,32.21,189.31,41,2.149717,87.4863,4.7469,0.0,0,24.6479,4.0723,84.75,0.0,True,27.0,4840,6.7116,4.87
google,3000,10,linear,True,False,10.0,0.7,0.3,0.0,0,WOA,carbon,8,0.3333333333333333,E22,32.21,189.31,41,2.155379,87.4534,4.496,0.0,0,24.7979,4.0782,81.674,0.0,True,27.5,4840,6.5557,4.87
google,3000,10,linear,True,False,10.0,0.7,0.3,0.0,0,WOA,carbon,9,0.3333333333333333,E22,32.21,189.31,41,2.135847,87.5671,5.3615,0.0,0,24.7479,4.0663,82.855,0.0,True,28.0,4840,6.6278,4.6
google,3000,10,linear,True,False,10.0,0.7,0.3,0.0,0,WOA,carbon,26,0.3333333333333333,E22,32.21,189.31,41,2.134159,87.5769,5.4363,0.0,0,24.5979,4.0586,84.052,0.0,True,27.5,4840,6.1611,4.8
google,3000,10,linear,True,False,10.0,0.7,0.3,0.0,0,WOA,carbon,27,0.3333333333333333,E22,32.21,189.31,41,2.157129,87.4432,4.4185,0.0,0,24.7979,4.1087,82.067,0.0,True,28.0,4840,6.1222,4.73
google,3000,10,linear,True,False,10.0,0.7,0.3,0.0,0,WOA,carbon,28,0.3333333333333333,E22,32.21,189.31,41,2.127187,87.6175,5.7452,0.0,0,24.7979,4.1296,84.129,0.0,True,27.0,4840,6.0859,4.73
google,3000,10,linear,True,False,10.0,0.7,0.3,0.0,0,WOA,carbon,29,0.3333333333333333,E22,32.21,189.31,41,2.168467,87.3772,3.9161,0.0,0,24.7979,4.104,83.304,0.0,True,27.0,4840,6.2265,4.71
google,3000,10,linear,True,False,10.0,0.7,0.3,0.0,0,WOA,carbon,30,0.3333333333333333,E22,32.21,189.31,41,2.13323,87.5823,5.4774,0.0,0,24.6479,4.0517,86.551,0.0,True,27.0,4840,6.1688,4.69
google,3000,10,linear,True,False,10.0,0.4,0.3,0.3,0,WOA,random,1,0.3333333333333333,E22,32.21,189.31,41,2.153878,87.4621,4.5625,0.0,0,24.7479,4.0712,84.379,0.0,True,27.0,4840,6.3886,5.01
google,3000,10,linear,True,False,10.0,0.4,0.3,0.3,0,WOA,random,2,0.3333333333333333,E22,32.21,189.31,41,2.15886,87.4331,4.3418,0.0,0,24.8979,4.1064,81.962,0.0,True,27.5,4840,6.2168,5.15
google,3000,10,linear,True,False,10.0,0.4,0.3,0.3,0,WOA,random,3,0.3333333333333333,E22,32.21,189.31,41,2.15636,87.4477,4.4525,0.0,0,24.8979,4.1077,79.374,0.0,True,28.5,4840,6.2513,4.64
google,3000,10,linear,True,False,10.0,0.4,0.3,0.3,0,WOA,random,4,0.3333333333333333,E22,32.21,189.31,41,2.163633,87.4053,4.1302,0.0,0,24.7979,4.0917,81.688,0.0,True,28.0,4840,6.1902,5.1
google,3000,10,linear,True,False,10.0,0.4,0.3,0.3,0,WOA,random,5,0.3333333333333333,E22,32.21,189.31,41,2.148222,87.495,4.8131,0.0,0,24.7979,4.0805,82.911,0.0,True,28.0,4840,6.1523,4.76
google,3000,10,linear,True,False,10.0,0.4,0.3,0.3,0,WOA,random,6,0.3333333333333333,E22,32.21,189.31,41,2.145578,87.5104,4.9303,0.0,0,24.6979,4.0631,85.285,0.0,True,27.5,4840,6.0684,5.12
google,3000,10,linear,True,False,10.0,0.4,0.3,0.3,0,WOA,random,7,0.3333333333333333,E22,32.21,189.31,41,2.145763,87.5093,4.9221,0.0,0,24.6479,4.0666,84.0,0.0,True,27.5,4840,6.3053,5.03
google,3000,10,linear,True,False,10.0,0.4,0.3,0.3,0,WOA,random,8,0.3333333333333333,E22,32.21,189.31,41,2.149773,87.486,4.7444,0.0,0,24.7979,4.0792,82.239,0.0,True,28.0,4840,6.1675,5.15
google,3000,10,linear,True,False,10.0,0.4,0.3,0.3,0,WOA,random,9,0.3333333333333333,E22,32.21,189.31,41,2.158041,87.4379,4.378,0.0,0,24.8479,4.116,80.239,0.0,True,28.0,4840,6.3856,4.66
google,3000,10,linear,True,False,10.0,0.4,0.3,0.3,0,WOA,random,10,0.3333333333333333,E22,32.21,189.31,41,2.151323,87.477,4.6757,0.0,0,24.7479,4.0938,83.515,0.0,True,27.5,4840,6.199,4.71
google,3000,10,linear,True,False,10.0,0.4,0.3,0.3,0,WOA,random,11,0.3333333333333333,E22,32.21,189.31,41,2.153232,87.4659,4.5911,0.0,0,24.7479,4.0668,84.172,0.0,True,27.5,4840,6.1689,4.99
google,3000,10,linear,True,False,10.0,0.4,0.3,0.3,0,WOA,random,12,0.3333333333333333,E22,32.21,189.31,41,2.155256,87.4541,4.5015,0.0,0,24.7479,4.0982,83.41,0.0,True,27.5,4840,6.1173,4.78
google,3000,10,linear,True,False,10.0,0.4,0.3,0.3,0,WOA,random,13,0.3333333333333333,E22,32.21,189.31,41,2.146474,87.5052,4.8906,0.0,0,24.8479,4.0859,83.674,0.0,True,27.5,4840,6.1397,5.12
google,3000,10,linear,True,False,10.0,0.4,0.3,0.3,0,WOA,random,14,0.3333333333333333,E22,32.21,189.31,41,2.158358,87.436,4.364,0.0,0,24.7479,4.0639,84.598,0.0,True,27.0,4840,6.1844,4.89
google,3000,10,linear,True,False,10.0,0.4,0.3,0.3,0,WOA,random,15,0.3333333333333333,E22,32.21,189.31,41,2.158916,87.4328,4.3393,0.0,0,24.8479,4.1098,81.168,0.0,True,28.0,4840,6.289,4.8
google,3000,10,linear,True,False,10.0,0.4,0.3,0.3,0,WOA,random,16,0.3333333333333333,E22,32.21,189.31,41,2.146493,87.5051,4.8897,0.0,0,24.6979,4.0624,83.294,0.0,True,28.0,4840,6.2667,4.87
google,3000,10,linear,True,False,10.0,0.4,0.3,0.3,0,WOA,random,17,0.3333333333333333,E22,32.21,189.31,41,2.15688,87.4446,4.4295,0.0,0,24.8479,4.1078,83.338,0.0,True,27.5,4840,6.2834,4.71
google,3000,10,linear,True,False,10.0,0.4,0.3,0.3,0,WOA,random,18,0.3333333333333333,E22,32.21,189.31,41,2.152349,87.471,4.6302,0.0,0,24.7479,4.0998,83.006,0.0,True,28.0,4840,6.2044,4.94
google,3000,10,linear,True,False,10.0,0.4,0.3,0.3,0,WOA,random,19,0.3333333333333333,E22,32.21,189.31,41,2.138396,87.5522,5.2485,0.0,0,24.7479,4.0919,83.537,0.0,True,28.0,4840,6.1229,4.78
google,3000,10,linear,True,False,10.0,0.4,0.3,0.3,0,WOA,random,20,0.3333333333333333,E22,32.21,189.31,41,2.153722,87.463,4.5694,0.0,0,24.6479,4.0547,84.843,0.0,True,27.0,4840,6.1483,4.62
google,3000,10,linear,True,False,10.0,0.4,0.3,0.3,0,WOA,random,21,0.3333333333333333,E22,32.21,189.31,41,2.139822,87.5439,5.1853,0.0,0,24.6479,4.0658,84.595,0.0,True,27.5,4840,6.2703,4.71
google,3000,10,linear,True,False,10.0,0.4,0.3,0.3,0,WOA,random,22,0.3333333333333333,E22,32.21,189.31,41,2.141104,87.5365,5.1285,0.0,0,24.7979,4.1055,82.857,0.0,True,27.5,4840,6.2308,4.66
google,3000,10,linear,True,False,10.0,0.4,0.3,0.3,0,WOA,random,23,0.3333333333333333,E22,32.21,189.31,41,2.152016,87.4729,4.645,0.0,0,24.6979,4.0839,82.725,0.0,True,28.0,4840,6.3422,4.69
google,3000,10,linear,True,False,10.0,0.4,0.3,0.3,0,WOA,random,24,0.3333333333333333,E22,32.21,189.31,41,2.151483,87.476,4.6686,0.0,0,24.7479,4.0798,82.119,0.0,True,28.0,4840,6.1829,4.5
google,3000,10,linear,True,False,10.0,0.4,0.3,0.3,0,WOA,random,25,0.3333333333333333,E22,32.21,189.31,41,2.157129,87.4432,4.4185,0.0,0,24.6979,4.0658,86.019,0.0,True,27.5,4840,6.2081,4.8
google,3000,10,linear,True,False,10.0,0.4,0.3,0.3,0,WOA,random,26,0.3333333333333333,E22,32.21,189.31,41,2.142139,87.5304,5.0827,0.0,0,24.6979,4.0439,85.784,0.0,True,27.5,4840,6.1709,4.89
google,3000,10,linear,True,False,10.0,0.4,0.3,0.3,0,WOA,random,27,0.3333333333333333,E22,32.21,189.31,41,2.159742,87.428,4.3027,0.0,0,24.6979,4.0691,83.521,0.0,True,28.0,4840,6.164,4.99
google,3000,10,linear,True,False,10.0,0.4,0.3,0.3,0,WOA,random,28,0.3333333333333333,E22,32.21,189.31,41,2.132866,87.5844,5.4935,0.0,0,24.6979,4.1002,83.204,0.0,True,27.5,4840,6.1508,4.64
google,3000,10,linear,True,False,10.0,0.4,0.3,0.3,0,WOA,random,29,0.3333333333333333,E22,32.21,189.31,41,2.152687,87.469,4.6153,0.0,0,24.8479,4.0727,80.93,0.0,True,28.0,4840,6.2617,4.69
google,3000,10,linear,True,False,10.0,0.4,0.3,0.3,0,WOA,random,30,0.3333333333333333,E22,32.21,189.31,41,2.153976,87.4615,4.5581,0.0,0,24.7979,4.0879,82.167,0.0,True,28.5,4840,6.252,4.89
google,3000,10,linear,True,False,10.0,0.4,0.3,0.3,0,WOA,carbon,1,0.3333333333333333,E22,32.21,189.31,41,2.148322,87.4945,4.8087,0.0,0,24.7979,4.1135,81.602,0.0,True,28.0,4840,6.2063,4.73
google,3000,10,linear,True,False,10.0,0.4,0.3,0.3,0,WOA,carbon,2,0.3333333333333333,E22,32.21,189.31,41,2.131457,87.5926,5.556,0.0,0,24.6979,4.0644,84.956,0.0,True,26.5,4840,6.1498,4.66
google,3000,10,linear,True,False,10.0,0.4,0.3,0.3,0,WOA,carbon,3,0.3333333333333333,E22,32.21,189.31,41,2.142468,87.5285,5.0681,0.0,0,24.6979,4.0952,82.647,0.0,True,28.0,4840,6.1146,4.5
google,3000,10,linear,True,False,10.0,0.4,0.3,0.3,0,WOA,carbon,4,0.3333333333333333,E22,32.21,189.31,41,2.132483,87.5866,5.5105,0.0,0,24.6979,4.0672,83.381,0.0,True,27.5,4840,6.1239,4.69
google,3000,10,linear,True,False,10.0,0.4,0.3,0.3,0,WOA,carbon,5,0.3333333333333333,E22,32.21,189.31,41,2.097538,87.7901,7.0589,0.0,0,24.6979,4.0588,83.157,0.0,True,27.0,4840,6.1349,5.08
google,3000,10,linear,True,False,10.0,0.4,0.3,0.3,0,WOA,carbon,6,0.3333333333333333,E22,32.21,189.31,41,2.154318,87.4595,4.543,0.0,0,24.6979,4.0597,83.803,0.0,True,27.5,4840,6.1427,4.85
google,3000,10,linear,True,False,10.0,0.4,0.3,0.3,0,WOA,carbon,7,0.3333333333333333,E22,32.21,189.31,41,2.149717,87.4863,4.7469,0.0,0,24.6479,4.0723,84.75,0.0,True,27.0,4840,6.1852,4.87
google,3000,10,linear,True,False,10.0,0.4,0.3,0.3,0,WOA,carbon,8,0.3333333333333333,E22,32.21,189.31,41,2.155379,87.4534,4.496,0.0,0,24.7979,4.0782,81.674,0.0,True,27.5,4840,6.2701,4.92
google,3000,10,linear,True,False,10.0,0.4,0.3,0.3,0,WOA,carbon,9,0.3333333333333333,E22,32.21,189.31,41,2.135847,87.5671,5.3615,0.0,0,24.7479,4.0663,82.855,0.0,True,28.0,4840,6.2127,4.6
google,3000,10,linear,True,False,10.0,0.4,0.3,0.3,0,WOA,carbon,10,0.3333333333333333,E22,32.21,189.31,41,2.138769,87.5501,5.232,0.0,0,24.6979,4.1043,84.297,0.0,True,26.5,4840,6.2066,5.4
google,3000,10,linear,True,False,10.0,0.4,0.3,0.3,0,WOA,carbon,11,0.3333333333333333,E22,32.21,189.31,41,2.151319,87.477,4.6759,0.0,0,24.6479,4.0564,83.829,0.0,True,27.5,4840,6.1579,4.62
google,3000,10,linear,True,False,10.0,0.4,0.3,0.3,0,WOA,carbon,12,0.3333333333333333,E22,32.21,189.31,41,2.0795,87.8951,7.8582,0.0,0,24.5979,4.0256,86.299,0.0,True,26.5,4840,6.1059,4.78
google,3000,10,linear,True,False,10.0,0.4,0.3,0.3,0,WOA,carbon,13,0.3333333333333333,E22,32.21,189.31,41,2.15424,87.46,4.5465,0.0,0,24.8479,4.1205,82.009,0.0,True,28.0,4840,6.218,4.43
google,3000,10,linear,True,False,10.0,0.4,0.3,0.3,0,WOA,carbon,14,0.3333333333333333,E22,32.21,189.31,41,2.130622,87.5975,5.593,0.0,0,24.5979,4.0603,84.837,0.0,True,28.0,4840,6.1722,4.85
google,3000,10,linear,True,False,10.0,0.4,0.3,0.3,0,WOA,carbon,15,0.3333333333333333,E22,32.21,189.31,41,2.160909,87.4212,4.251,0.0,0,24.7979,4.0931,82.097,0.0,True,27.5,4840,6.1625,5.01
google,3000,10,linear,True,False,10.0,0.4,0.3,0.3,0,WOA,carbon,16,0.3333333333333333,E22,32.21,189.31,41,2.157295,87.4422,4.4111,0.0,0,24.7979,4.0827,83.781,0.0,True,27.5,4840,6.1354,4.8
google,3000,10,linear,True,False,10.0,0.4,0.3,0.3,0,WOA,carbon,17,0.3333333333333333,E22,32.21,189.31,41,2.141969,87.5314,5.0902,0.0,0,24.7979,4.0697,82.838,0.0,True,27.5,4840,6.1558,4.6
google,3000,10,linear,True,False,10.0,0.4,0.3,0.3,0,WOA,carbon,18,0.3333333333333333,E22,32.21,189.31,41,2.118028,87.6708,6.151,0.0,0,24.7479,4.0936,84.424,0.0,True,27.0,4840,6.2152,4.6
google,3000,10,linear,True,False,10.0,0.4,0.3,0.3,0,WOA,carbon,19,0.3333333333333333,E22,32.21,189.31,41,2.16568,87.3934,4.0395,0.0,0,24.8979,4.1332,81.141,0.0,True,27.5,4840,6.0853,4.85
google,3000,10,linear,True,False,10.0,0.4,0.3,0.3,0,WOA,carbon,20,0.3333333333333333,E22,32.21,189.31,41,2.148016,87.4962,4.8223,0.0,0,24.7979,4.1107,81.687,0.0,True,27.5,4840,6.091,4.85
google,3000,10,linear,True,False,10.0,0.4,0.3,0.3,0,WOA,carbon,21,0.3333333333333333,E22,32.21,189.31,41,2.151057,87.4785,4.6875,0.0,0,24.7479,4.1049,83.459,0.0,True,27.5,4840,6.1012,4.85
google,3000,10,linear,True,False,10.0,0.4,0.3,0.3,0,WOA,carbon,22,0.3333333333333333,E22,32.21,189.31,41,2.13183,87.5905,5.5395,0.0,0,24.7979,4.0807,82.405,0.0,True,28.0,4840,6.22,4.99
google,3000,10,linear,True,False,10.0,0.4,0.3,0.3,0,WOA,carbon,23,0.3333333333333333,E22,32.21,189.31,41,2.131619,87.5917,5.5488,0.0,0,24.6979,4.0637,83.475,0.0,True,27.5,4840,6.1306,4.83
google,3000,10,linear,True,False,10.0,0.4,0.3,0.3,0,WOA,carbon,24,0.3333333333333333,E22,32.21,189.31,41,2.140145,87.542,5.171,0.0,0,24.6979,4.0736,84.083,0.0,True,27.5,4840,6.1663,4.85
google,3000,10,linear,True,False,10.0,0.4,0.3,0.3,0,WOA,carbon,25,0.3333333333333333,E22,32.21,189.31,41,2.13542,87.5696,5.3804,0.0,0,24.6979,4.0818,83.147,0.0,True,28.0,4840,6.2013,4.92
google,3000,10,linear,True,False,10.0,0.4,0.3,0.3,0,WOA,carbon,26,0.3333333333333333,E22,32.21,189.31,41,2.128804,87.6081,5.6735,0.0,0,24.5979,4.0511,84.976,0.0,True,27.5,4840,6.1704,5.15
google,3000,10,linear,True,False,10.0,0.4,0.3,0.3,0,WOA,carbon,27,0.3333333333333333,E22,32.21,189.31,41,2.157129,87.4432,4.4185,0.0,0,24.7979,4.1087,82.067,0.0,True,28.0,4840,6.1016,4.73
google,3000,10,linear,True,False,10.0,0.4,0.3,0.3,0,WOA,carbon,28,0.3333333333333333,E22,32.21,189.31,41,2.127187,87.6175,5.7452,0.0,0,24.7979,4.1296,84.129,0.0,True,27.0,4840,6.0713,4.78
google,3000,10,linear,True,False,10.0,0.4,0.3,0.3,0,WOA,carbon,29,0.3333333333333333,E22,32.21,189.31,41,2.168467,87.3772,3.9161,0.0,0,24.7979,4.104,83.304,0.0,True,27.0,4840,6.0886,4.78
google,3000,10,linear,True,False,10.0,0.4,0.3,0.3,0,WOA,carbon,30,0.3333333333333333,E22,32.21,189.31,41,2.13323,87.5823,5.4774,0.0,0,24.6479,4.0517,86.551,0.0,True,27.0,4840,6.2023,4.69
google,3000,10,linear,True,False,10.0,0.4,0.3,0.3,0,GWO,random,1,0.3333333333333333,E22,32.21,189.31,41,2.152719,87.4689,4.6138,0.0,0,24.6479,4.0713,87.105,0.0,True,26.0,4840,6.871,4.39
google,3000,10,linear,True,False,10.0,0.4,0.3,0.3,0,GWO,random,2,0.3333333333333333,E22,32.21,189.31,41,2.15751,87.441,4.4016,0.0,0,24.6979,4.0798,86.197,0.0,True,26.5,4840,6.848,4.39
google,3000,10,linear,True,False,10.0,0.4,0.3,0.3,0,GWO,random,3,0.3333333333333333,E22,32.21,189.31,41,2.162094,87.4143,4.1984,0.0,0,24.6979,4.0588,84.36,0.0,True,27.5,4840,6.8964,4.53
google,3000,10,linear,True,False,10.0,0.4,0.3,0.3,0,GWO,random,4,0.3333333333333333,E22,32.21,189.31,41,2.156015,87.4497,4.4678,0.0,0,24.6479,4.0531,86.947,0.0,True,26.0,4840,6.7652,4.62
google,3000,10,linear,True,False,10.0,0.4,0.3,0.3,0,GWO,random,5,0.3333333333333333,E22,32.21,189.31,41,2.156461,87.4471,4.4481,0.0,0,24.6479,4.0518,85.932,0.0,True,27.0,4840,6.7608,4.46
google,3000,10,linear,True,False,10.0,0.4,0.3,0.3,0,GWO,random,6,0.3333333333333333,E22,32.21,189.31,41,2.162827,87.41,4.166,0.0,0,24.7479,4.0681,85.31,0.0,True,27.5,4840,6.7894,4.23
google,3000,10,linear,True,False,10.0,0.4,0.3,0.3,0,GWO,random,7,0.3333333333333333,E22,32.21,189.31,41,2.159471,87.4296,4.3147,0.0,0,24.6979,4.0894,86.661,0.0,True,26.5,4840,6.8206,4.55
google,3000,10,linear,True,False,10.0,0.4,0.3,0.3,0,GWO,random,8,0.3333333333333333,E22,32.21,189.31,41,2.148601,87.4928,4.7963,0.0,0,24.5979,4.0483,87.488,0.0,True,26.0,4840,6.8268,4.73
google,3000,10,linear,True,False,10.0,0.4,0.3,0.3,0,GWO,random,9,0.3333333333333333,E22,32.21,189.31,41,2.133752,87.5793,5.4543,0.0,0,24.4979,4.0337,89.734,0.0,True,26.0,4840,6.8278,5.01
google,3000,10,linear,True,False,10.0,0.4,0.3,0.3,0,GWO,random,10,0.3333333333333333,E22,32.21,189.31,41,2.15787,87.4389,4.3856,0.0,0,24.6979,4.073,85.976,0.0,True,26.5,4840,6.8742,4.53
google,3000,10,linear,True,False,10.0,0.4,0.3,0.3,0,GWO,random,11,0.3333333333333333,E22,32.21,189.31,41,2.151212,87.4776,4.6806,0.0,0,24.6479,4.0511,87.148,0.0,True,26.5,4840,6.741,4.69
google,3000,10,linear,True,False,10.0,0.4,0.3,0.3,0,GWO,random,12,0.3333333333333333,E22,32.21,189.31,41,2.148899,87.4911,4.7831,0.0,0,24.6979,4.0764,88.789,0.0,True,25.5,4840,6.7624,4.71
google,3000,10,linear,True,False,10.0,0.4,0.3,0.3,0,GWO,random,13,0.3333333333333333,E22,32.21,189.31,41,2.166526,87.3885,4.0021,0.0,0,24.7479,4.0921,82.858,0.0,True,27.5,4840,6.7642,4.34
google,3000,10,linear,True,False,10.0,0.4,0.3,0.3,0,GWO,random,14,0.3333333333333333,E22,32.21,189.31,41,2.162663,87.411,4.1732,0.0,0,24.7979,4.0714,84.238,0.0,True,27.0,4840,6.7561,4.39
google,3000,10,linear,True,False,10.0,0.4,0.3,0.3,0,GWO,random,15,0.3333333333333333,E22,32.21,189.31,41,2.160252,87.425,4.2801,0.0,0,24.7479,4.0801,84.654,0.0,True,27.0,4840,6.9804,4.32
google,3000,10,linear,True,False,10.0,0.4,0.3,0.3,0,GWO,carbon,2,0.3333333333333333,E22,32.21,189.31,41,2.121225,87.6522,6.0093,0.0,0,24.3479,3.9869,91.622,0.0,True,25.5,4840,6.8083,5.22
google,3000,10,linear,True,False,10.0,0.4,0.3,0.3,0,GWO,carbon,3,0.3333333333333333,E22,32.21,189.31,41,2.141377,87.5349,5.1164,0.0,0,24.6479,4.0396,87.673,0.0,True,25.5,4840,6.7827,4.46
google,3000,10,linear,True,False,10.0,0.4,0.3,0.3,0,GWO,carbon,4,0.3333333333333333,E22,32.21,189.31,41,2.135891,87.5668,5.3595,0.0,0,24.4979,4.0398,88.912,0.0,True,27.0,4840,6.8012,4.8
google,3000,10,linear,True,False,10.0,0.4,0.3,0.3,0,GWO,carbon,5,0.3333333333333333,E22,32.21,189.31,41,2.159983,87.4266,4.292,0.0,0,24.7479,4.0702,84.46,0.0,True,27.5,4840,6.6827,4.23
google,3000,10,linear,True,False,10.0,0.4,0.3,0.3,0,GWO,carbon,6,0.3333333333333333,E22,32.21,189.31,41,2.162826,87.41,4.166,0.0,0,24.6979,4.0664,85.778,0.0,True,26.5,4840,6.6792,4.39
google,3000,10,linear,True,False,10.0,0.4,0.3,0.3,0,GWO,carbon,7,0.3333333333333333,E22,32.21,189.31,41,2.140185,87.5418,5.1692,0.0,0,24.5979,4.0531,86.776,0.0,True,27.0,4840,6.6982,4.46
google,3000,10,linear,True,False,10.0,0.4,0.3,0.3,0,GWO,carbon,8,0.3333333333333333,E22,32.21,189.31,41,2.164153,87.4023,4.1072,0.0,0,24.7479,4.0714,84.651,0.0,True,27.0,4840,6.7278,4.3
google,3000,10,linear,True,False,10.0,0.4,0.3,0.3,0,GWO,carbon,9,0.3333333333333333,E22,32.21,189.31,41,2.155001,87.4556,4.5127,0.0,0,24.7979,4.0815,83.896,0.0,True,27.0,4840,6.8896,4.5
google,3000,10,linear,True,False,10.0,0.4,0.3,0.3,0,GWO,random,16,0.3333333333333333,E22,32.21,189.31,41,2.164321,87.4013,4.0998,0.0,0,24.6979,4.0665,86.423,0.0,True,26.5,4840,6.851,4.39
google,3000,10,linear,True,False,10.0,0.4,0.3,0.3,0,GWO,random,17,0.3333333333333333,E22,32.21,189.31,41,2.154251,87.4599,4.546,0.0,0,24.6479,4.0786,87.37,0.0,True,26.0,4840,6.8214,4.44
google,3000,10,linear,True,False,10.0,0.4,0.3,0.3,0,GWO,random,18,0.3333333333333333,E22,32.21,189.31,41,2.158736,87.4338,4.3473,0.0,0,24.7479,4.0692,86.233,0.0,True,26.5,4840,6.8493,4.46
google,3000,10,linear,True,False,10.0,0.4,0.3,0.3,0,GWO,random,19,0.3333333333333333,E22,32.21,189.31,41,2.14525,87.5123,4.9448,0.0,0,24.6479,4.0531,86.866,0.0,True,26.5,4840,6.7719,4.5
google,3000,10,linear,True,False,10.0,0.4,0.3,0.3,0,GWO,random,20,0.3333333333333333,E22,32.21,189.31,41,2.152919,87.4677,4.605,0.0,0,24.6979,4.0554,85.09,0.0,True,26.5,4840,6.7469,4.46
google,3000,10,linear,True,False,10.0,0.4,0.3,0.3,0,GWO,random,21,0.3333333333333333,E22,32.21,189.31,41,2.154915,87.4561,4.5166,0.0,0,24.6979,4.0569,87.138,0.0,True,26.0,4840,6.7778,4.5
google,3000,10,linear,True,False,10.0,0.4,0.3,0.3,0,GWO,random,22,0.3333333333333333,E22,32.21,189.31,41,2.147914,87.4968,4.8268,0.0,0,24.6479,4.0695,85.991,0.0,True,26.5,4840,6.834,4.64
google,3000,10,linear,True,False,10.0,0.4,0.3,0.3,0,GWO,random,23,0.3333333333333333,E22,32.21,189.31,41,2.142246,87.5298,5.0779,0.0,0,24.5979,4.0398,89.168,0.0,True,25.5,4840,7.0091,4.92
google,3000,10,linear,True,False,10.0,0.4,0.3,0.3,0,GWO,carbon,10,0.3333333333333333,E22,32.21,189.31,41,2.152674,87.4691,4.6159,0.0,0,24.6979,4.0716,86.897,0.0,True,27.0,4840,6.7896,4.3
google,3000,10,linear,True,False,10.0,0.4,0.3,0.3,0,GWO,carbon,11,0.3333333333333333,E22,32.21,189.31,41,2.142603,87.5277,5.0621,0.0,0,24.6479,4.0483,87.739,0.0,True,26.0,4840,6.7302,4.57
google,3000,10,linear,True,False,10.0,0.4,0.3,0.3,0,GWO,carbon,12,0.3333333333333333,E22,32.21,189.31,41,2.154239,87.46,4.5465,0.0,0,24.6479,4.0587,84.867,0.0,True,27.0,4840,6.7794,4.39
google,3000,10,linear,True,False,10.0,0.4,0.3,0.3,0,GWO,carbon,13,0.3333333333333333,E22,32.21,189.31,41,2.15402,87.4613,4.5562,0.0,0,24.6979,4.0633,84.731,0.0,True,27.5,4840,6.6649,4.41
google,3000,10,linear,True,False,10.0,0.4,0.3,0.3,0,GWO,carbon,14,0.3333333333333333,E22,32.21,189.31,41,2.151849,87.4739,4.6524,0.0,0,24.6979,4.07,86.331,0.0,True,26.5,4840,6.6496,4.46
google,3000,10,linear,True,False,10.0,0.4,0.3,0.3,0,GWO,carbon,15,0.3333333333333333,E22,32.21,189.31,41,2.150684,87.4807,4.704,0.0,0,24.5979,4.0491,87.166,0.0,True,26.0,4840,6.6915,4.62
google,3000,10,linear,True,False,10.0,0.4,0.3,0.3,0,GWO,carbon,16,0.3333333333333333,E22,32.21,189.31,41,2.159619,87.4287,4.3081,0.0,0,24.7479,4.0914,85.021,0.0,True,27.5,4840,6.7315,4.3
google,3000,10,linear,True,False,10.0,0.4,0.3,0.3,0,GWO,carbon,17,0.3333333333333333,E22,32.21,189.31,41,2.15421,87.4602,4.5478,0.0,0,24.6979,4.0421,86.328,0.0,True,26.5,4840,6.9092,4.32
google,3000,10,linear,True,False,10.0,0.4,0.3,0.3,0,GWO,random,24,0.3333333333333333,E22,32.21,189.31,41,2.157943,87.4384,4.3824,0.0,0,24.7479,4.0661,85.066,0.0,True,27.5,4840,7.2139,4.37
google,3000,10,linear,True,False,10.0,0.4,0.3,0.3,0,GWO,random,25,0.3333333333333333,E22,32.21,189.31,41,2.156348,87.4477,4.4531,0.0,0,24.6479,4.0709,85.769,0.0,True,27.5,4840,7.186,4.41
google,3000,10,linear,True,False,10.0,0.4,0.3,0.3,0,GWO,random,26,0.3333333333333333,E22,32.21,189.31,41,2.151557,87.4756,4.6654,0.0,0,24.6479,4.0528,86.871,0.0,True,26.5,4840,7.223,4.48
google,3000,10,linear,True,False,10.0,0.4,0.3,0.3,0,GWO,random,27,0.3333333333333333,E22,32.21,189.31,41,2.156418,87.4473,4.45,0.0,0,24.6979,4.0672,86.223,0.0,True,27.0,4840,7.0982,4.46
google,3000,10,linear,True,False,10.0,0.4,0.3,0.3,0,GWO,random,28,0.3333333333333333,E22,32.21,189.31,41,2.155033,87.4554,4.5113,0.0,0,24.6479,4.0668,87.111,0.0,True,26.5,4840,7.1002,4.39
google,3000,10,linear,True,False,10.0,0.4,0.3,0.3,0,GWO,random,29,0.3333333333333333,E22,32.21,189.31,41,2.158171,87.4371,4.3723,0.0,0,24.6979,4.0904,86.286,0.0,True,26.5,4840,7.144,4.34
google,3000,10,linear,True,False,10.0,0.4,0.3,0.3,0,GWO,random,30,0.3333333333333333,E22,32.21,189.31,41,2.159272,87.4307,4.3235,0.0,0,24.6979,4.0582,84.704,0.0,True,27.5,4840,7.2581,4.39
google,3000,10,linear,True,False,10.0,0.4,0.3,0.3,0,GWO,carbon,1,0.3333333333333333,E22,32.21,189.31,41,2.132567,87.5862,5.5068,0.0,0,24.4979,4.0252,87.001,0.0,True,26.5,4840,7.2688,4.73
google,3000,10,linear,True,False,10.0,0.4,0.3,0.3,0,GWO,carbon,18,0.3333333333333333,E22,32.21,189.31,41,2.155606,87.452,4.4859,0.0,0,24.6979,4.0672,85.792,0.0,True,27.0,4840,6.7671,4.41
google,3000,10,linear,True,False,10.0,0.4,0.3,0.3,0,GWO,carbon,19,0.3333333333333333,E22,32.21,189.31,41,2.141179,87.536,5.1252,0.0,0,24.5479,4.0268,87.763,0.0,True,26.0,4840,6.7532,5.29
google,3000,10,linear,True,False,10.0,0.4,0.3,0.3,0,GWO,carbon,20,0.3333333333333333,E22,32.21,189.31,41,2.126825,87.6196,5.7612,0.0,0,24.4479,4.0334,90.058,0.0,True,25.5,4840,6.682,4.67
google,3000,10,linear,True,False,10.0,0.4,0.3,0.3,0,GWO,carbon,21,0.3333333333333333,E22,32.21,189.31,41,2.149552,87.4873,4.7542,0.0,0,24.6979,4.0657,85.827,0.0,True,27.5,4840,6.6476,4.51
google,3000,10,linear,True,False,10.0,0.4,0.3,0.3,0,GWO,carbon,22,0.3333333333333333,E22,32.21,189.31,41,2.151948,87.4733,4.648,0.0,0,24.6979,4.0585,85.089,0.0,True,27.0,4840,6.6746,4.32
google,3000,10,linear,True,False,10.0,0.4,0.3,0.3,0,GWO,carbon,23,0.3333333333333333,E22,32.21,189.31,41,2.159196,87.4312,4.3269,0.0,0,24.7479,4.0792,84.049,0.0,True,28.0,4840,6.6703,4.3
google,3000,10,linear,True,False,10.0,0.4,0.3,0.3,0,GWO,carbon,24,0.3333333333333333,E22,32.21,189.31,41,2.152226,87.4717,4.6357,0.0,0,24.6479,4.0527,85.114,0.0,True,27.5,4840,6.8184,4.34
google,3000,10,linear,True,False,10.0,0.4,0.3,0.3,0,GWO,carbon,25,0.3333333333333333,E22,32.21,189.31,41,2.139573,87.5454,5.1963,0.0,0,24.5979,4.0541,87.577,0.0,True,26.0,4840,6.8627,4.67
google,3000,10,linear,True,False,10.0,0.4,0.3,0.3,0,PSO,random,4,0.3333333333333333,E22,32.21,189.31,41,2.14439,87.5173,4.9829,0.0,0,24.6979,4.0575,85.84,0.0,True,27.0,4840,6.3199,8.11
google,3000,10,linear,True,False,10.0,0.4,0.3,0.3,0,PSO,random,5,0.3333333333333333,E22,32.21,189.31,41,2.151809,87.4741,4.6542,0.0,0,24.7979,4.0927,83.468,0.0,True,27.5,4840,6.2049,8.22
google,3000,10,linear,True,False,10.0,0.4,0.3,0.3,0,PSO,random,6,0.3333333333333333,E22,32.21,189.31,41,2.160669,87.4226,4.2616,0.0,0,24.7479,4.0723,84.437,0.0,True,27.0,4840,6.2108,8.02
google,3000,10,linear,True,False,10.0,0.4,0.3,0.3,0,PSO,random,7,0.3333333333333333,E22,32.21,189.31,41,2.160834,87.4216,4.2543,0.0,0,24.6979,4.0912,84.582,0.0,True,27.0,4840,6.2263,8.32
google,3000,10,linear,True,False,10.0,0.4,0.3,0.3,0,PSO,random,8,0.3333333333333333,E22,32.21,189.31,41,2.156318,87.4479,4.4544,0.0,0,24.6979,4.0643,84.219,0.0,True,27.5,4840,6.2387,8.04
google,3000,10,linear,True,False,10.0,0.4,0.3,0.3,0,PSO,random,9,0.3333333333333333,E22,32.21,189.31,41,2.153832,87.4624,4.5646,0.0,0,24.7479,4.0908,84.669,0.0,True,27.5,4840,6.435,8.22
google,3000,10,linear,True,False,10.0,0.4,0.3,0.3,0,PSO,random,10,0.3333333333333333,E22,32.21,189.31,41,2.152186,87.472,4.6375,0.0,0,24.5979,4.0562,85.989,0.0,True,26.5,4840,6.3834,8.18
google,3000,10,linear,True,False,10.0,0.4,0.3,0.3,0,PSO,random,11,0.3333333333333333,E22,32.21,189.31,41,2.148295,87.4946,4.8099,0.0,0,24.5979,4.0749,86.21,0.0,True,27.0,4840,6.2846,8.25
google,3000,10,linear,True,False,10.0,0.4,0.3,0.3,0,GWO,carbon,26,0.3333333333333333,E22,32.21,189.31,41,2.150768,87.4802,4.7003,0.0,0,24.7479,4.0781,85.931,0.0,True,27.0,4840,6.8437,4.46
google,3000,10,linear,True,False,10.0,0.4,0.3,0.3,0,GWO,carbon,27,0.3333333333333333,E22,32.21,189.31,41,2.143789,87.5208,5.0096,0.0,0,24.5979,4.0482,87.009,0.0,True,26.0,4840,6.7034,4.5
google,3000,10,linear,True,False,10.0,0.4,0.3,0.3,0,GWO,carbon,28,0.3333333333333333,E22,32.21,189.31,41,2.161435,87.4181,4.2276,0.0,0,24.7479,4.0667,85.34,0.0,True,27.0,4840,6.6915,4.32
google,3000,10,linear,True,False,10.0,0.4,0.3,0.3,0,GWO,carbon,29,0.3333333333333333,E22,32.21,189.31,41,2.153388,87.465,4.5842,0.0,0,24.7479,4.0777,86.965,0.0,True,26.0,4840,6.7041,4.3
google,3000,10,linear,True,False,10.0,0.4,0.3,0.3,0,GWO,carbon,30,0.3333333333333333,E22,32.21,189.31,41,2.146155,87.5071,4.9047,0.0,0,24.7479,4.0781,84.316,0.0,True,26.5,4840,6.7102,4.44
google,3000,10,linear,True,False,10.0,0.4,0.3,0.3,0,PSO,random,1,0.3333333333333333,E22,32.21,189.31,41,2.149898,87.4853,4.7389,0.0,0,24.6979,4.0686,85.732,0.0,True,26.5,4840,6.4539,8.52
google,3000,10,linear,True,False,10.0,0.4,0.3,0.3,0,PSO,random,2,0.3333333333333333,E22,32.21,189.31,41,2.156504,87.4468,4.4462,0.0,0,24.7479,4.0907,84.075,0.0,True,27.0,4840,6.3811,7.95
google,3000,10,linear,True,False,10.0,0.4,0.3,0.3,0,PSO,random,3,0.3333333333333333,E22,32.21,189.31,41,2.151723,87.4746,4.658,0.0,0,24.6479,4.0634,86.069,0.0,True,26.5,4840,6.2793,7.88
google,3000,10,linear,True,False,10.0,0.4,0.3,0.3,0,PSO,random,12,0.3333333333333333,E22,32.21,189.31,41,2.152933,87.4676,4.6044,0.0,0,24.6979,4.065,84.944,0.0,True,27.5,4840,6.2967,8.06
google,3000,10,linear,True,False,10.0,0.4,0.3,0.3,0,PSO,random,13,0.3333333333333333,E22,32.21,189.31,41,2.148742,87.492,4.7901,0.0,0,24.6979,4.0593,86.145,0.0,True,26.5,4840,6.2293,8.15
google,3000,10,linear,True,False,10.0,0.4,0.3,0.3,0,PSO,random,14,0.3333333333333333,E22,32.21,189.31,41,2.153385,87.465,4.5843,0.0,0,24.6479,4.054,85.5,0.0,True,26.5,4840,6.2356,7.9
google,3000,10,linear,True,False,10.0,0.4,0.3,0.3,0,PSO,random,15,0.3333333333333333,E22,32.21,189.31,41,2.155388,87.4533,4.4956,0.0,0,24.6979,4.0839,85.479,0.0,True,26.5,4840,6.2436,7.95
google,3000,10,linear,True,False,10.0,0.4,0.3,0.3,0,PSO,random,16,0.3333333333333333,E22,32.21,189.31,41,2.14907,87.4901,4.7755,0.0,0,24.6479,4.0448,85.818,0.0,True,26.5,4840,6.3209,8.22
google,3000,10,linear,True,False,10.0,0.4,0.3,0.3,0,PSO,random,17,0.3333333333333333,E22,32.21,189.31,41,2.148729,87.4921,4.7907,0.0,0,24.6979,4.0668,87.118,0.0,True,26.5,4840,6.4392,8.34
google,3000,10,linear,True,False,10.0,0.4,0.3,0.3,0,PSO,random,18,0.3333333333333333,E22,32.21,189.31,41,2.149084,87.49,4.7749,0.0,0,24.6479,4.0642,85.182,0.0,True,27.0,4840,6.3654,8.09
google,3000,10,linear,True,False,10.0,0.4,0.3,0.3,0,PSO,random,19,0.3333333333333333,E22,32.21,189.31,41,2.15019,87.4836,4.7259,0.0,0,24.6979,4.082,85.3,0.0,True,27.0,4840,6.2592,8.13
google,3000,10,linear,True,False,10.0,0.4,0.3,0.3,0,PSO,random,20,0.3333333333333333,E22,32.21,189.31,41,2.159704,87.4282,4.3044,0.0,0,24.7479,4.0729,84.315,0.0,True,27.0,4840,6.2281,8.16
google,3000,10,linear,True,False,10.0,0.4,0.3,0.3,0,PSO,random,21,0.3333333333333333,E22,32.21,189.31,41,2.155579,87.4522,4.4871,0.0,0,24.6479,4.0621,84.939,0.0,True,27.0,4840,6.376,8.27
google,3000,10,linear,True,False,10.0,0.4,0.3,0.3,0,PSO,random,22,0.3333333333333333,E22,32.21,189.31,41,2.156697,87.4457,4.4376,0.0,0,24.6979,4.0753,85.609,0.0,True,26.5,4840,6.41,8.41
google,3000,10,linear,True,False,10.0,0.4,0.3,0.3,0,PSO,random,23,0.3333333333333333,E22,32.21,189.31,41,2.169377,87.3719,3.8758,0.0,0,24.7479,4.0791,83.343,0.0,True,27.5,4840,6.3457,7.81
google,3000,10,linear,True,False,10.0,0.4,0.3,0.3,0,PSO,random,24,0.3333333333333333,E22,32.21,189.31,41,2.162436,87.4123,4.1833,0.0,0,24.6979,4.0743,83.719,0.0,True,27.0,4840,6.2381,7.99
google,3000,10,linear,True,False,10.0,0.4,0.3,0.3,0,PSO,random,25,0.3333333333333333,E22,32.21,189.31,41,2.151505,87.4759,4.6676,0.0,0,24.6479,4.0654,85.936,0.0,True,27.0,4840,6.2456,8.15
google,3000,10,linear,True,False,10.0,0.4,0.3,0.3,0,PSO,random,26,0.3333333333333333,E22,32.21,189.31,41,2.14167,87.5332,5.1034,0.0,0,24.5979,4.0438,87.247,0.0,True,26.5,4840,6.2379,8.32
google,3000,10,linear,True,False,10.0,0.4,0.3,0.3,0,PSO,random,27,0.3333333333333333,E22,32.21,189.31,41,2.157061,87.4436,4.4215,0.0,0,24.7479,4.0584,84.77,0.0,True,26.5,4840,6.2241,8.11
google,3000,10,linear,True,False,10.0,0.4,0.3,0.3,0,PSO,random,28,0.3333333333333333,E22,32.21,189.31,41,2.158519,87.4351,4.3568,0.0,0,24.6979,4.0906,85.375,0.0,True,27.0,4840,6.2903,8.52
google,3000,10,linear,True,False,10.0,0.4,0.3,0.3,0,PSO,random,29,0.3333333333333333,E22,32.21,189.31,41,2.150109,87.484,4.7295,0.0,0,24.6479,4.0541,86.175,0.0,True,26.5,4840,6.5116,8.27
google,3000,10,linear,True,False,10.0,0.4,0.3,0.3,0,PSO,random,30,0.3333333333333333,E22,32.21,189.31,41,2.15784,87.439,4.3869,0.0,0,24.6979,4.0592,84.92,0.0,True,27.0,4840,6.4893,7.97
google,3000,10,linear,True,False,10.0,0.4,0.3,0.3,0,PSO,carbon,1,0.3333333333333333,E22,32.21,189.31,41,2.123144,87.641,5.9243,0.0,0,24.6479,4.0699,86.024,0.0,True,26.5,4840,6.2637,8.27
google,3000,10,linear,True,False,10.0,0.4,0.3,0.3,0,PSO,carbon,2,0.3333333333333333,E22,32.21,189.31,41,2.104574,87.7491,6.7471,0.0,0,24.5979,4.0329,86.558,0.0,True,26.5,4840,6.2098,7.85
google,3000,10,linear,True,False,10.0,0.4,0.3,0.3,0,PSO,carbon,3,0.3333333333333333,E22,32.21,189.31,41,2.139474,87.546,5.2007,0.0,0,24.7479,4.0827,84.925,0.0,True,27.0,4840,6.1944,7.83
google,3000,10,linear,True,False,10.0,0.4,0.3,0.3,0,PSO,carbon,4,0.3333333333333333,E22,32.21,189.31,41,2.152695,87.469,4.6149,0.0,0,24.7979,4.079,84.393,0.0,True,27.0,4840,6.1973,7.74
google,3000,10,linear,True,False,10.0,0.4,0.3,0.3,0,PSO,carbon,5,0.3333333333333333,E22,32.21,189.31,41,2.129631,87.6033,5.6369,0.0,0,24.7979,4.0574,83.345,0.0,True,27.0,4840,6.1915,8.13
google,3000,10,linear,True,False,10.0,0.4,0.3,0.3,0,PSO,carbon,6,0.3333333333333333,E22,32.21,189.31,41,2.115277,87.6868,6.2729,0.0,0,24.6479,4.0528,84.758,0.0,True,27.0,4840,6.4768,8.32
google,3000,10,linear,True,False,10.0,0.4,0.3,0.3,0,PSO,carbon,7,0.3333333333333333,E22,32.21,189.31,41,2.11444,87.6917,6.31,0.0,0,24.6979,4.0594,84.758,0.0,True,27.0,4840,6.4014,8.04
google,3000,10,linear,True,False,10.0,0.4,0.3,0.3,0,PSO,carbon,8,0.3333333333333333,E22,32.21,189.31,41,2.153178,87.4662,4.5935,0.0,0,24.5979,4.0387,85.232,0.0,True,27.0,4840,6.2982,8.45
google,3000,10,linear,True,False,10.0,0.4,0.3,0.3,0,PSO,carbon,9,0.3333333333333333,E22,32.21,189.31,41,2.141363,87.535,5.1171,0.0,0,24.6979,4.0667,83.201,0.0,True,27.5,4840,6.241,7.9
google,3000,10,linear,True,False,10.0,0.4,0.3,0.3,0,PSO,carbon,10,0.3333333333333333,E22,32.21,189.31,41,2.153174,87.4662,4.5937,0.0,0,24.6479,4.0685,86.912,0.0,True,26.0,4840,6.2363,8.41
google,3000,10,linear,True,False,10.0,0.4,0.3,0.3,0,PSO,carbon,11,0.3333333333333333,E22,32.21,189.31,41,2.131571,87.592,5.5509,0.0,0,24.5979,4.0339,84.307,0.0,True,27.5,4840,6.2544,8.48
google,3000,10,linear,True,False,10.0,0.4,0.3,0.3,0,PSO,carbon,12,0.3333333333333333,E22,32.21,189.31,41,2.150626,87.481,4.7066,0.0,0,24.6979,4.0813,84.358,0.0,True,27.0,4840,6.2501,8.02
google,3000,10,linear,True,False,10.0,0.4,0.3,0.3,0,PSO,carbon,13,0.3333333333333333,E22,32.21,189.31,41,2.117308,87.675,6.1829,0.0,0,24.5979,4.0493,86.504,0.0,True,26.5,4840,6.2447,7.88
google,3000,10,linear,True,False,10.0,0.4,0.3,0.3,0,PSO,carbon,14,0.3333333333333333,E22,32.21,189.31,41,2.127481,87.6158,5.7322,0.0,0,24.5479,4.0161,86.835,0.0,True,26.5,4840,6.3998,8.3
google,3000,10,linear,True,False,10.0,0.4,0.3,0.3,0,PSO,carbon,15,0.3333333333333333,E22,32.21,189.31,41,2.13585,87.5671,5.3613,0.0,0,24.6479,4.0676,84.909,0.0,True,27.5,4840,6.2601,7.99
google,3000,10,linear,True,False,10.0,0.4,0.3,0.3,0,PSO,carbon,16,0.3333333333333333,E22,32.21,189.31,41,2.137202,87.5592,5.3014,0.0,0,24.6479,4.0685,85.169,0.0,True,27.0,4840,6.2064,7.81
google,3000,10,linear,True,False,10.0,0.4,0.3,0.3,0,PSO,carbon,17,0.3333333333333333,E22,32.21,189.31,41,2.131975,87.5896,5.533,0.0,0,24.6479,4.0638,84.036,0.0,True,27.0,4840,6.2192,8.04
google,3000,10,linear,True,False,10.0,0.4,0.3,0.3,0,PSO,carbon,18,0.3333333333333333,E22,32.21,189.31,41,2.108863,87.7241,6.5571,0.0,0,24.6479,4.0444,85.813,0.0,True,27.0,4840,6.1848,7.97
google,3000,10,linear,True,False,10.0,0.4,0.3,0.3,0,PSO,carbon,19,0.3333333333333333,E22,32.21,189.31,41,2.131388,87.593,5.559,0.0,0,24.7479,4.078,84.18,0.0,True,27.0,4840,6.2036,7.85
google,3000,10,linear,True,False,10.0,0.4,0.3,0.3,0,PSO,carbon,20,0.3333333333333333,E22,32.21,189.31,41,2.126887,87.6192,5.7585,0.0,0,24.6979,4.0639,83.166,0.0,True,27.5,4840,6.2158,8.02
google,3000,10,linear,True,False,10.0,0.4,0.3,0.3,0,PSO,carbon,21,0.3333333333333333,E22,32.21,189.31,41,2.126648,87.6206,5.769,0.0,0,24.6979,4.0734,85.034,0.0,True,27.0,4840,6.219,7.85
google,3000,10,linear,True,False,10.0,0.4,0.3,0.3,0,PSO,carbon,30,0.3333333333333333,E22,32.21,189.31,41,2.119783,87.6606,6.0732,0.0,0,24.6479,4.0517,86.307,0.0,True,27.0,4840,6.3302,7.86
google,3000,10,linear,True,False,10.0,0.4,0.3,0.3,0,DE,random,1,0.3333333333333333,E22,32.21,189.31,41,2.129451,87.6043,5.6448,0.0,0,24.6479,4.0523,86.611,0.0,True,26.5,4840,6.0524,5.15
google,3000,10,linear,True,False,10.0,0.4,0.3,0.3,0,DE,random,2,0.3333333333333333,E22,32.21,189.31,41,2.132449,87.5868,5.512,0.0,0,24.5479,4.0475,88.934,0.0,True,26.0,4840,6.0342,4.64
google,3000,10,linear,True,False,10.0,0.4,0.3,0.3,0,DE,random,3,0.3333333333333333,E22,32.21,189.31,41,2.114843,87.6893,6.2921,0.0,0,24.4979,4.0295,87.995,0.0,True,27.5,4840,6.0255,5.35
google,3000,10,linear,True,False,10.0,0.4,0.3,0.3,0,DE,random,4,0.3333333333333333,E22,32.21,189.31,41,2.111404,87.7093,6.4445,0.0,0,24.2979,3.9823,89.662,0.0,True,26.5,4840,6.0148,5.74
google,3000,10,linear,True,False,10.0,0.4,0.3,0.3,0,DE,random,5,0.3333333333333333,E22,32.21,189.31,41,2.127289,87.6169,5.7406,0.0,0,24.5479,4.0303,87.576,0.0,True,26.5,4840,6.0225,5.19
google,3000,10,linear,True,False,10.0,0.4,0.3,0.3,0,DE,random,6,0.3333333333333333,E22,32.21,189.31,41,2.112006,87.7058,6.4178,0.0,0,24.3479,4.0043,89.238,0.0,True,26.5,4840,6.0449,5.58
google,3000,10,linear,True,False,10.0,0.4,0.3,0.3,0,DE,random,7,0.3333333333333333,E22,32.21,189.31,41,2.127499,87.6157,5.7313,0.0,0,24.5979,4.0511,87.013,0.0,True,26.5,4840,6.0252,4.98
google,3000,10,linear,True,False,10.0,0.4,0.3,0.3,0,DE,random,8,0.3333333333333333,E22,32.21,189.31,41,2.124728,87.6318,5.8541,0.0,0,24.4479,4.0138,87.143,0.0,True,27.0,4840,6.1387,5.31
google,3000,10,linear,True,False,10.0,0.4,0.3,0.3,0,DE,random,9,0.3333333333333333,E22,32.21,189.31,41,2.132141,87.5886,5.5256,0.0,0,24.5979,4.0539,87.274,0.0,True,26.5,4840,6.0305,4.92
google,3000,10,linear,True,False,10.0,0.4,0.3,0.3,0,DE,random,10,0.3333333333333333,E22,32.21,189.31,41,2.140259,87.5414,5.1659,0.0,0,24.5979,4.0685,86.943,0.0,True,27.0,4840,6.0003,4.73
google,3000,10,linear,True,False,10.0,0.4,0.3,0.3,0,DE,random,11,0.3333333333333333,E22,32.21,189.31,41,2.119965,87.6595,6.0652,0.0,0,24.3979,3.9922,88.881,0.0,True,26.5,4840,6.0236,5.21
google,3000,10,linear,True,False,10.0,0.4,0.3,0.3,0,DE,random,12,0.3333333333333333,E22,32.21,189.31,41,2.139607,87.5452,5.1948,0.0,0,24.6479,4.0607,87.486,0.0,True,26.5,4840,5.9895,4.69
google,3000,10,linear,True,False,10.0,0.4,0.3,0.3,0,DE,random,13,0.3333333333333333,E22,32.21,189.31,41,2.133479,87.5809,5.4664,0.0,0,24.5479,4.0282,87.62,0.0,True,26.5,4840,5.9947,4.8
google,3000,10,linear,True,False,10.0,0.4,0.3,0.3,0,DE,random,14,0.3333333333333333,E22,32.21,189.31,41,2.128726,87.6085,5.677,0.0,0,24.4979,4.023,88.471,0.0,True,26.5,4840,6.0044,4.99
google,3000,10,linear,True,False,10.0,0.4,0.3,0.3,0,DE,random,15,0.3333333333333333,E22,32.21,189.31,41,2.129555,87.6037,5.6402,0.0,0,24.4479,4.0139,87.992,0.0,True,27.0,4840,6.005,4.69
google,3000,10,linear,True,False,10.0,0.4,0.3,0.3,0,PSO,carbon,22,0.3333333333333333,E22,32.21,189.31,41,2.115091,87.6879,6.2811,0.0,0,24.5479,4.0487,87.079,0.0,True,26.5,4840,6.3969,8.2
google,3000,10,linear,True,False,10.0,0.4,0.3,0.3,0,PSO,carbon,23,0.3333333333333333,E22,32.21,189.31,41,2.120966,87.6537,6.0208,0.0,0,24.5979,4.0556,86.118,0.0,True,26.5,4840,6.2826,8.32
google,3000,10,linear,True,False,10.0,0.4,0.3,0.3,0,PSO,carbon,24,0.3333333333333333,E22,32.21,189.31,41,2.13827,87.553,5.2541,0.0,0,24.4979,4.0494,86.946,0.0,True,26.5,4840,6.2274,8.55
google,3000,10,linear,True,False,10.0,0.4,0.3,0.3,0,PSO,carbon,25,0.3333333333333333,E22,32.21,189.31,41,2.11979,87.6605,6.0729,0.0,0,24.5979,4.0555,86.329,0.0,True,26.5,4840,6.2202,8.11
google,3000,10,linear,True,False,10.0,0.4,0.3,0.3,0,PSO,carbon,26,0.3333333333333333,E22,32.21,189.31,41,2.149098,87.4899,4.7743,0.0,0,24.7979,4.0855,83.675,0.0,True,27.0,4840,6.2246,7.81
google,3000,10,linear,True,False,10.0,0.4,0.3,0.3,0,PSO,carbon,27,0.3333333333333333,E22,32.21,189.31,41,2.15378,87.4627,4.5669,0.0,0,24.7479,4.0822,84.263,0.0,True,27.0,4840,6.2212,7.81
google,3000,10,linear,True,False,10.0,0.4,0.3,0.3,0,PSO,carbon,28,0.3333333333333333,E22,32.21,189.31,41,2.12781,87.6139,5.7176,0.0,0,24.6479,4.0541,85.908,0.0,True,27.0,4840,6.2416,8.29
google,3000,10,linear,True,False,10.0,0.4,0.3,0.3,0,PSO,carbon,29,0.3333333333333333,E22,32.21,189.31,41,2.143557,87.5222,5.0198,0.0,0,24.7979,4.0646,84.253,0.0,True,27.5,4840,6.2359,7.9
google,3000,10,linear,True,False,10.0,0.4,0.3,0.3,0,DE,random,24,0.3333333333333333,E22,32.21,189.31,41,2.140474,87.5401,5.1564,0.0,0,24.6479,4.0552,85.201,0.0,True,27.0,4840,6.1207,4.83
google,3000,10,linear,True,False,10.0,0.4,0.3,0.3,0,DE,random,25,0.3333333333333333,E22,32.21,189.31,41,2.11791,87.6715,6.1562,0.0,0,24.4979,4.0179,88.764,0.0,True,26.0,4840,6.0168,5.28
google,3000,10,linear,True,False,10.0,0.4,0.3,0.3,0,DE,random,26,0.3333333333333333,E22,32.21,189.31,41,2.124775,87.6315,5.8521,0.0,0,24.4979,4.0259,89.316,0.0,True,26.0,4840,6.0241,5.08
google,3000,10,linear,True,False,10.0,0.4,0.3,0.3,0,DE,random,27,0.3333333333333333,E22,32.21,189.31,41,2.127425,87.6161,5.7346,0.0,0,24.4479,4.0349,88.56,0.0,True,26.0,4840,5.9909,5.19
google,3000,10,linear,True,False,10.0,0.4,0.3,0.3,0,DE,random,28,0.3333333333333333,E22,32.21,189.31,41,2.118757,87.6665,6.1187,0.0,0,24.4479,4.0124,90.009,0.0,True,25.5,4840,5.9932,5.37
google,3000,10,linear,True,False,10.0,0.4,0.3,0.3,0,DE,random,29,0.3333333333333333,E22,32.21,189.31,41,2.129781,87.6024,5.6302,0.0,0,24.5479,4.0567,87.779,0.0,True,26.5,4840,5.9937,5.01
google,3000,10,linear,True,False,10.0,0.4,0.3,0.3,0,DE,random,30,0.3333333333333333,E22,32.21,189.31,41,2.123043,87.6416,5.9288,0.0,0,24.4979,4.0257,87.408,0.0,True,26.5,4840,5.996,4.98
google,3000,10,linear,True,False,10.0,0.4,0.3,0.3,0,DE,carbon,1,0.3333333333333333,E22,32.21,189.31,41,2.089875,87.8347,7.3984,0.0,0,24.4979,4.0038,87.887,0.0,True,26.5,4840,5.9655,5.01
google,3000,10,linear,True,False,10.0,0.4,0.3,0.3,0,DE,random,16,0.3333333333333333,E22,32.21,189.31,41,2.118222,87.6697,6.1424,0.0,0,24.4479,4.0042,89.477,0.0,True,26.0,4840,6.5636,5.28
google,3000,10,linear,True,False,10.0,0.4,0.3,0.3,0,DE,random,17,0.3333333333333333,E22,32.21,189.31,41,2.136657,87.5624,5.3256,0.0,0,24.5979,4.043,88.127,0.0,True,26.5,4840,6.404,4.71
google,3000,10,linear,True,False,10.0,0.4,0.3,0.3,0,DE,random,18,0.3333333333333333,E22,32.21,189.31,41,2.13413,87.5771,5.4375,0.0,0,24.5979,4.0609,87.79,0.0,True,26.0,4840,6.3914,4.87
google,3000,10,linear,True,False,10.0,0.4,0.3,0.3,0,DE,random,19,0.3333333333333333,E22,32.21,189.31,41,2.104481,87.7497,6.7513,0.0,0,24.2979,3.9765,91.515,0.0,True,25.5,4840,6.4421,5.6
google,3000,10,linear,True,False,10.0,0.4,0.3,0.3,0,DE,random,20,0.3333333333333333,E22,32.21,189.31,41,2.127905,87.6133,5.7133,0.0,0,24.4979,4.0479,88.533,0.0,True,26.5,4840,6.3978,5.17
google,3000,10,linear,True,False,10.0,0.4,0.3,0.3,0,DE,random,21,0.3333333333333333,E22,32.21,189.31,41,2.130402,87.5988,5.6027,0.0,0,24.4979,4.0108,87.645,0.0,True,26.5,4840,6.4243,5.1
google,3000,10,linear,True,False,10.0,0.4,0.3,0.3,0,DE,random,22,0.3333333333333333,E22,32.21,189.31,41,2.128162,87.6118,5.702,0.0,0,24.5479,4.0329,88.068,0.0,True,26.5,4840,6.4328,5.08
google,3000,10,linear,True,False,10.0,0.4,0.3,0.3,0,DE,random,23,0.3333333333333333,E22,32.21,189.31,41,2.135472,87.5692,5.3781,0.0,0,24.6479,4.0651,86.621,0.0,True,26.5,4840,6.4232,4.94
google,3000,10,linear,True,False,10.0,0.4,0.3,0.3,0,DE,carbon,2,0.3333333333333333,E22,32.21,189.31,41,2.101476,87.7671,6.8844,0.0,0,24.4979,4.0277,87.828,0.0,True,27.5,4840,5.982,4.87
google,3000,10,linear,True,False,10.0,0.4,0.3,0.3,0,DE,carbon,3,0.3333333333333333,E22,32.21,189.31,41,2.090909,87.8287,7.3526,0.0,0,24.4479,4.0066,87.647,0.0,True,26.5,4840,5.9475,5.08
google,3000,10,linear,True,False,10.0,0.4,0.3,0.3,0,DE,carbon,4,0.3333333333333333,E22,32.21,189.31,41,2.119095,87.6646,6.1037,0.0,0,24.4979,4.0357,88.139,0.0,True,27.5,4840,5.9381,4.87
google,3000,10,linear,True,False,10.0,0.4,0.3,0.3,0,DE,carbon,5,0.3333333333333333,E22,32.21,189.31,41,2.095364,87.8027,7.1552,0.0,0,24.4479,4.0139,86.289,0.0,True,27.0,4840,5.9286,4.8
google,3000,10,linear,True,False,10.0,0.4,0.3,0.3,0,DE,carbon,6,0.3333333333333333,E22,32.21,189.31,41,2.10038,87.7735,6.933,0.0,0,24.4979,3.9957,87.805,0.0,True,27.0,4840,5.9384,5.1
google,3000,10,linear,True,False,10.0,0.4,0.3,0.3,0,DE,carbon,7,0.3333333333333333,E22,32.21,189.31,41,2.113556,87.6968,6.3492,0.0,0,24.5979,4.0105,87.348,0.0,True,26.5,4840,5.9321,4.78
google,3000,10,linear,True,False,10.0,0.4,0.3,0.3,0,DE,carbon,8,0.3333333333333333,E22,32.21,189.31,41,2.110553,87.7143,6.4822,0.0,0,24.5979,4.0232,86.041,0.0,True,27.0,4840,5.9693,4.66
google,3000,10,linear,True,False,10.0,0.4,0.3,0.3,0,DE,carbon,9,0.3333333333333333,E22,32.21,189.31,41,2.093538,87.8134,7.2362,0.0,0,24.3979,4.0194,89.543,0.0,True,26.0,4840,5.9692,5.44
google,3000,10,linear,True,False,10.0,0.4,0.3,0.3,0,DE,carbon,10,0.3333333333333333,E22,32.21,189.31,41,2.113861,87.695,6.3356,0.0,0,24.6479,4.0599,86.71,0.0,True,26.5,4840,6.041,4.92
google,3000,10,linear,True,False,10.0,0.4,0.3,0.3,0,DE,carbon,11,0.3333333333333333,E22,32.21,189.31,41,2.094126,87.8099,7.2101,0.0,0,24.4479,3.9986,87.83,0.0,True,27.0,4840,6.0005,5.28
google,3000,10,linear,True,False,10.0,0.4,0.3,0.3,0,DE,carbon,12,0.3333333333333333,E22,32.21,189.31,41,2.08942,87.8373,7.4186,0.0,0,24.3979,4.0052,88.17,0.0,True,26.5,4840,5.9763,5.58
google,3000,10,linear,True,False,10.0,0.4,0.3,0.3,0,DE,carbon,13,0.3333333333333333,E22,32.21,189.31,41,2.102307,87.7623,6.8476,0.0,0,24.4979,4.0136,88.624,0.0,True,26.5,4840,5.9894,5.28
google,3000,10,linear,True,False,10.0,0.4,0.3,0.3,0,DE,carbon,14,0.3333333333333333,E22,32.21,189.31,41,2.088396,87.8433,7.464,0.0,0,24.4479,4.0018,88.336,0.0,True,26.5,4840,5.9991,5.53
google,3000,10,linear,True,False,10.0,0.4,0.3,0.3,0,DE,carbon,15,0.3333333333333333,E22,32.21,189.31,41,2.093414,87.8141,7.2416,0.0,0,24.5479,4.0058,85.731,0.0,True,27.5,4840,5.9835,4.94
google,3000,10,linear,True,False,10.0,0.4,0.3,0.3,0,DE,carbon,16,0.3333333333333333,E22,32.21,189.31,41,2.111127,87.711,6.4568,0.0,0,24.5479,4.0271,85.819,0.0,True,27.0,4840,5.9893,4.62
google,3000,10,linear,True,False,10.0,0.4,0.3,0.3,0,DE,carbon,17,0.3333333333333333,E22,32.21,189.31,41,2.098346,87.7854,7.0231,0.0,0,24.4979,4.0121,88.101,0.0,True,27.0,4840,6.0269,4.82
google,3000,10,linear,True,False,10.0,0.4,0.3,0.3,0,DE,carbon,18,0.3333333333333333,E22,32.21,189.31,41,2.100127,87.775,6.9442,0.0,0,24.4979,4.0271,88.207,0.0,True,26.5,4840,6.0123,5.17
google,3000,10,linear,True,False,10.0,0.4,0.3,0.3,0,DE,carbon,19,0.3333333333333333,E22,32.21,189.31,41,2.093297,87.8148,7.2468,0.0,0,24.4979,4.023,88.285,0.0,True,27.0,4840,5.9833,4.85
google,3000,10,linear,True,False,10.0,0.4,0.3,0.3,0,DE,carbon,20,0.3333333333333333,E22,32.21,189.31,41,2.085291,87.8614,7.6016,0.0,0,24.3479,3.9788,89.386,0.0,True,26.5,4840,5.9683,6.36
google,3000,10,linear,True,False,10.0,0.4,0.3,0.3,0,DE,carbon,21,0.3333333333333333,E22,32.21,189.31,41,2.107447,87.7324,6.6198,0.0,0,24.4479,4.0149,88.517,0.0,True,26.5,4840,5.9724,5.31
google,3000,10,linear,True,False,10.0,0.4,0.3,0.3,0,DE,carbon,22,0.3333333333333333,E22,32.21,189.31,41,2.099936,87.7761,6.9527,0.0,0,24.4479,3.9991,88.654,0.0,True,26.5,4840,5.9772,5.31
google,3000,10,linear,True,False,10.0,0.4,0.3,0.3,0,DE,carbon,23,0.3333333333333333,E22,32.21,189.31,41,2.085362,87.8609,7.5984,0.0,0,24.3979,3.9943,89.544,0.0,True,26.5,4840,5.9862,5.31
google,3000,10,linear,True,False,10.0,0.4,0.3,0.3,0,DE,carbon,24,0.3333333333333333,E22,32.21,189.31,41,2.083365,87.8726,7.6869,0.0,0,24.3479,3.9851,90.572,0.0,True,26.0,4840,5.9992,5.33
google,3000,10,linear,True,False,10.0,0.4,0.3,0.3,0,DE,carbon,25,0.3333333333333333,E22,32.21,189.31,41,2.110563,87.7142,6.4818,0.0,0,24.5479,4.0109,85.919,0.0,True,27.0,4840,6.0075,4.94
google,3000,10,linear,True,False,10.0,0.4,0.3,0.3,0,DE,carbon,26,0.3333333333333333,E22,32.21,189.31,41,2.115328,87.6865,6.2706,0.0,0,24.5979,4.0209,87.6,0.0,True,27.0,4840,5.997,5.06
google,3000,10,linear,True,False,10.0,0.4,0.3,0.3,0,DE,carbon,27,0.3333333333333333,E22,32.21,189.31,41,2.08748,87.8486,7.5046,0.0,0,24.3979,3.9984,88.615,0.0,True,27.0,4840,5.9701,5.33
google,3000,10,linear,True,False,10.0,0.4,0.3,0.3,0,DE,carbon,28,0.3333333333333333,E22,32.21,189.31,41,2.101902,87.7647,6.8655,0.0,0,24.5479,4.0164,86.749,0.0,True,28.0,4840,5.9723,4.98
google,3000,10,linear,True,False,10.0,0.4,0.3,0.3,0,DE,carbon,29,0.3333333333333333,E22,32.21,189.31,41,2.114765,87.6898,6.2956,0.0,0,24.5979,4.0288,86.752,0.0,True,28.0,4840,5.9867,4.57
google,3000,10,linear,True,False,10.0,0.4,0.3,0.3,0,DE,carbon,30,0.3333333333333333,E22,32.21,189.31,41,2.09087,87.8289,7.3544,0.0,0,24.3479,3.9868,88.95,0.0,True,26.5,4840,5.9965,5.6
google,3000,10,linear,True,False,10.0,0.4,0.3,0.3,0,HHO,random,1,0.3333333333333333,E22,32.21,189.31,41,2.146896,87.5027,4.8719,0.0,0,24.6979,4.0841,83.56,0.0,True,27.5,8922,8.8655,4.56
google,3000,10,linear,True,False,10.0,0.4,0.3,0.3,0,HHO,random,2,0.3333333333333333,E22,32.21,189.31,41,2.143031,87.5253,5.0431,0.0,0,24.6979,4.089,83.252,0.0,True,27.5,8888,8.8464,4.66
google,3000,10,linear,True,False,10.0,0.4,0.3,0.3,0,HHO,random,3,0.3333333333333333,E22,32.21,189.31,41,2.148656,87.4925,4.7939,0.0,0,24.8479,4.0876,80.544,0.0,True,28.5,8928,8.8441,4.78
google,3000,10,linear,True,False,10.0,0.4,0.3,0.3,0,HHO,random,4,0.3333333333333333,E22,32.21,189.31,41,2.150515,87.4817,4.7115,0.0,0,24.7479,4.0873,81.958,0.0,True,28.0,8840,8.8318,4.75
google,3000,10,linear,True,False,10.0,0.4,0.3,0.3,0,HHO,random,5,0.3333333333333333,E22,32.21,189.31,41,2.139847,87.5438,5.1842,0.0,0,24.6979,4.0695,84.529,0.0,True,28.0,8790,8.8203,4.87
google,3000,10,linear,True,False,10.0,0.4,0.3,0.3,0,HHO,random,6,0.3333333333333333,E22,32.21,189.31,41,2.139192,87.5476,5.2132,0.0,0,24.6979,4.0613,84.649,0.0,True,27.5,8974,8.9465,4.94
google,3000,10,linear,True,False,10.0,0.4,0.3,0.3,0,HHO,random,7,0.3333333333333333,E22,32.21,189.31,41,2.148595,87.4929,4.7966,0.0,0,24.6979,4.0828,84.103,0.0,True,27.5,8856,8.8687,4.98
google,3000,10,linear,True,False,10.0,0.4,0.3,0.3,0,HHO,random,8,0.3333333333333333,E22,32.21,189.31,41,2.141828,87.5323,5.0964,0.0,0,24.7479,4.0867,83.863,0.0,True,27.5,8942,8.9572,5.27
google,3000,10,linear,True,False,10.0,0.4,0.3,0.3,0,HHO,random,9,0.3333333333333333,E22,32.21,189.31,41,2.141567,87.5338,5.108,0.0,0,24.6979,4.0769,84.799,0.0,True,27.5,8856,8.8175,4.98
google,3000,10,linear,True,False,10.0,0.4,0.3,0.3,0,HHO,random,10,0.3333333333333333,E22,32.21,189.31,41,2.14411,87.519,4.9953,0.0,0,24.6479,4.081,85.917,0.0,True,27.0,8842,8.8174,4.92
google,3000,10,linear,True,False,10.0,0.4,0.3,0.3,0,HHO,random,11,0.3333333333333333,E22,32.21,189.31,41,2.159794,87.4277,4.3003,0.0,0,24.7979,4.0805,83.064,0.0,True,27.5,8922,8.9358,4.35
google,3000,10,linear,True,False,10.0,0.4,0.3,0.3,0,HHO,random,12,0.3333333333333333,E22,32.21,189.31,41,2.155491,87.4527,4.491,0.0,0,24.5979,4.058,85.721,0.0,True,27.5,9024,8.9611,4.5
google,3000,10,linear,True,False,10.0,0.4,0.3,0.3,0,HHO,random,13,0.3333333333333333,E22,32.21,189.31,41,2.132728,87.5852,5.4996,0.0,0,24.6979,4.0856,84.189,0.0,True,27.5,9036,8.9613,5.06
google,3000,10,linear,True,False,10.0,0.4,0.3,0.3,0,HHO,random,14,0.3333333333333333,E22,32.21,189.31,41,2.145371,87.5116,4.9394,0.0,0,24.6979,4.0785,83.849,0.0,True,27.5,8782,8.8074,5.03
google,3000,10,linear,True,False,10.0,0.4,0.3,0.3,0,HHO,random,15,0.3333333333333333,E22,32.21,189.31,41,2.153146,87.4664,4.5949,0.0,0,24.7479,4.0925,82.743,0.0,True,27.5,8838,8.8166,4.8
google,3000,10,linear,True,False,10.0,0.4,0.3,0.3,0,HHO,random,16,0.3333333333333333,E22,32.21,189.31,41,2.144142,87.5188,4.9939,0.0,0,24.6479,4.056,82.444,0.0,True,28.0,8782,8.7896,4.89
google,3000,10,linear,True,False,10.0,0.4,0.3,0.3,0,HHO,random,17,0.3333333333333333,E22,32.21,189.31,41,2.153403,87.4649,4.5836,0.0,0,24.7979,4.0969,83.591,0.0,True,27.5,8838,8.8321,5.08
google,3000,10,linear,True,False,10.0,0.4,0.3,0.3,0,HHO,random,18,0.3333333333333333,E22,32.21,189.31,41,2.152616,87.4695,4.6184,0.0,0,24.7979,4.1349,81.889,0.0,True,28.0,8950,8.8927,4.92
google,3000,10,linear,True,False,10.0,0.4,0.3,0.3,0,HHO,random,19,0.3333333333333333,E22,32.21,189.31,41,2.138375,87.5523,5.2494,0.0,0,24.6979,4.0981,82.518,0.0,True,28.0,8912,8.8642,4.94
google,3000,10,linear,True,False,10.0,0.4,0.3,0.3,0,HHO,carbon,6,0.3333333333333333,E22,32.21,189.31,41,2.113774,87.6956,6.3395,0.0,0,24.7479,4.0204,82.568,0.0,True,27.5,8974,8.8494,5.08
google,3000,10,linear,True,False,10.0,0.4,0.3,0.3,0,HHO,carbon,7,0.3333333333333333,E22,32.21,189.31,41,2.13121,87.5941,5.5669,0.0,0,24.6979,4.1064,84.42,0.0,True,27.5,8856,8.7003,4.61
google,3000,10,linear,True,False,10.0,0.4,0.3,0.3,0,HHO,carbon,8,0.3333333333333333,E22,32.21,189.31,41,2.13996,87.5431,5.1792,0.0,0,24.6979,4.0791,83.246,0.0,True,27.5,8942,8.7491,5.01
google,3000,10,linear,True,False,10.0,0.4,0.3,0.3,0,HHO,carbon,9,0.3333333333333333,E22,32.21,189.31,41,2.141666,87.5332,5.1036,0.0,0,24.6979,4.0661,85.744,0.0,True,27.5,8856,8.6913,4.59
google,3000,10,linear,True,False,10.0,0.4,0.3,0.3,0,HHO,carbon,10,0.3333333333333333,E22,32.21,189.31,41,2.144763,87.5152,4.9664,0.0,0,24.6979,4.0825,84.746,0.0,True,28.0,8842,8.7098,4.89
google,3000,10,linear,True,False,10.0,0.4,0.3,0.3,0,HHO,carbon,11,0.3333333333333333,E22,32.21,189.31,41,2.149451,87.4879,4.7587,0.0,0,24.5979,4.0483,83.815,0.0,True,27.5,8922,8.7497,4.59
google,3000,10,linear,True,False,10.0,0.4,0.3,0.3,0,HHO,carbon,12,0.3333333333333333,E22,32.21,189.31,41,2.138703,87.5504,5.2349,0.0,0,24.6979,4.0922,84.571,0.0,True,27.0,9024,8.8305,4.78
google,3000,10,linear,True,False,10.0,0.4,0.3,0.3,0,HHO,carbon,13,0.3333333333333333,E22,32.21,189.31,41,2.155743,87.4512,4.4799,0.0,0,24.8479,4.1045,82.847,0.0,True,27.5,9036,8.8199,4.96
google,3000,10,linear,True,False,10.0,0.4,0.3,0.3,0,HHO,random,20,0.3333333333333333,E22,32.21,189.31,41,2.14613,87.5072,4.9058,0.0,0,24.7979,4.0867,84.259,0.0,True,27.5,8922,8.8744,4.64
google,3000,10,linear,True,False,10.0,0.4,0.3,0.3,0,HHO,random,21,0.3333333333333333,E22,32.21,189.31,41,2.147396,87.4998,4.8497,0.0,0,24.7979,4.0905,81.292,0.0,True,28.0,8854,8.8108,4.8
google,3000,10,linear,True,False,10.0,0.4,0.3,0.3,0,HHO,random,22,0.3333333333333333,E22,32.21,189.31,41,2.142835,87.5264,5.0518,0.0,0,24.7979,4.1117,82.73,0.0,True,28.0,8944,8.8475,4.89
google,3000,10,linear,True,False,10.0,0.4,0.3,0.3,0,HHO,random,23,0.3333333333333333,E22,32.21,189.31,41,2.157462,87.4412,4.4037,0.0,0,24.7479,4.1137,83.509,0.0,True,27.5,8858,8.8195,4.68
google,3000,10,linear,True,False,10.0,0.4,0.3,0.3,0,HHO,random,24,0.3333333333333333,E22,32.21,189.31,41,2.145514,87.5108,4.9331,0.0,0,24.8979,4.1173,82.222,0.0,True,27.5,9002,8.9142,4.71
google,3000,10,linear,True,False,10.0,0.4,0.3,0.3,0,HHO,random,25,0.3333333333333333,E22,32.21,189.31,41,2.15092,87.4793,4.6936,0.0,0,24.7979,4.0966,83.278,0.0,True,28.0,8876,8.82,5.24
google,3000,10,linear,True,False,10.0,0.4,0.3,0.3,0,HHO,random,26,0.3333333333333333,E22,32.21,189.31,41,2.146449,87.5054,4.8917,0.0,0,24.6979,4.052,85.421,0.0,True,27.5,8918,8.8142,5.2
google,3000,10,linear,True,False,10.0,0.4,0.3,0.3,0,HHO,random,27,0.3333333333333333,E22,32.21,189.31,41,2.143933,87.52,5.0031,0.0,0,24.6979,4.0826,82.848,0.0,True,28.5,8852,8.766,5.29
google,3000,10,linear,True,False,10.0,0.4,0.3,0.3,0,HHO,random,28,0.3333333333333333,E22,32.21,189.31,41,2.155994,87.4498,4.4688,0.0,0,24.7979,4.1072,83.043,0.0,True,27.5,8900,8.8815,4.66
google,3000,10,linear,True,False,10.0,0.4,0.3,0.3,0,HHO,random,29,0.3333333333333333,E22,32.21,189.31,41,2.156851,87.4448,4.4308,0.0,0,24.8979,4.1126,81.378,0.0,True,28.0,8998,8.9384,4.75
google,3000,10,linear,True,False,10.0,0.4,0.3,0.3,0,HHO,random,30,0.3333333333333333,E22,32.21,189.31,41,2.144843,87.5147,4.9628,0.0,0,24.7479,4.0917,83.32,0.0,True,28.5,8996,8.9123,4.92
google,3000,10,linear,True,False,10.0,0.4,0.3,0.3,0,HHO,carbon,1,0.3333333333333333,E22,32.21,189.31,41,2.154052,87.4611,4.5548,0.0,0,24.7479,4.0985,83.704,0.0,True,28.0,8922,8.8131,4.75
google,3000,10,linear,True,False,10.0,0.4,0.3,0.3,0,HHO,carbon,2,0.3333333333333333,E22,32.21,189.31,41,2.142425,87.5288,5.07,0.0,0,24.7979,4.0856,84.652,0.0,True,27.0,8888,8.7486,4.68
google,3000,10,linear,True,False,10.0,0.4,0.3,0.3,0,HHO,carbon,3,0.3333333333333333,E22,32.21,189.31,41,2.154313,87.4596,4.5432,0.0,0,24.6979,4.0761,84.55,0.0,True,27.0,8928,8.8086,4.8
google,3000,10,linear,True,False,10.0,0.4,0.3,0.3,0,HHO,carbon,4,0.3333333333333333,E22,32.21,189.31,41,2.142063,87.5309,5.086,0.0,0,24.7979,4.1068,83.522,0.0,True,27.5,8840,8.7324,4.82
google,3000,10,linear,True,False,10.0,0.4,0.3,0.3,0,HHO,carbon,5,0.3333333333333333,E22,32.21,189.31,41,2.133381,87.5814,5.4707,0.0,0,24.6979,4.0985,83.511,0.0,True,27.5,8790,8.6718,5.74
google,3000,10,linear,True,False,10.0,0.4,0.3,0.3,0,HHO,carbon,14,0.3333333333333333,E22,32.21,189.31,41,2.146204,87.5068,4.9025,0.0,0,24.8479,4.0759,82.878,0.0,True,28.5,8782,8.7505,4.38
google,3000,10,linear,True,False,10.0,0.4,0.3,0.3,0,HHO,carbon,15,0.3333333333333333,E22,32.21,189.31,41,2.135008,87.572,5.3986,0.0,0,24.6979,4.0987,83.086,0.0,True,28.0,8838,8.7453,5.46
google,3000,10,linear,True,False,10.0,0.4,0.3,0.3,0,HHO,carbon,16,0.3333333333333333,E22,32.21,189.31,41,2.150815,87.4799,4.6982,0.0,0,24.7479,4.0809,82.504,0.0,True,27.5,8782,8.7007,4.71
google,3000,10,linear,True,False,10.0,0.4,0.3,0.3,0,HHO,carbon,17,0.3333333333333333,E22,32.21,189.31,41,2.144,87.5196,5.0002,0.0,0,24.6479,4.0472,83.691,0.0,True,27.5,8838,8.7412,4.78
google,3000,10,linear,True,False,10.0,0.4,0.3,0.3,0,HHO,carbon,18,0.3333333333333333,E22,32.21,189.31,41,2.132818,87.5847,5.4957,0.0,0,24.7479,4.0905,83.49,0.0,True,27.5,8950,8.8431,4.56
google,3000,10,linear,True,False,10.0,0.4,0.3,0.3,0,HHO,carbon,19,0.3333333333333333,E22,32.21,189.31,41,2.144373,87.5174,4.9837,0.0,0,24.6979,4.0895,84.222,0.0,True,27.5,8912,8.7957,5.15
google,3000,10,linear,True,False,10.0,0.4,0.3,0.3,0,HHO,carbon,20,0.3333333333333333,E22,32.21,189.31,41,2.128353,87.6107,5.6935,0.0,0,24.6479,4.0645,85.43,0.0,True,27.5,8922,8.8112,4.68
google,3000,10,linear,True,False,10.0,0.4,0.3,0.3,0,HHO,carbon,21,0.3333333333333333,E22,32.21,189.31,41,2.127145,87.6177,5.747,0.0,0,24.5979,4.0704,85.257,0.0,True,27.5,8854,8.715,5.2
google,3000,10,linear,True,False,10.0,0.4,0.3,0.3,0,HHO,carbon,22,0.3333333333333333,E22,32.21,189.31,41,2.134169,87.5768,5.4358,0.0,0,24.6479,4.0637,84.484,0.0,True,27.5,8944,8.81,5.06
google,3000,10,linear,True,False,10.0,0.4,0.3,0.3,0,HHO,carbon,23,0.3333333333333333,E22,32.21,189.31,41,2.14389,87.5202,5.0051,0.0,0,24.7979,4.0941,82.959,0.0,True,27.5,8858,8.7091,4.61
google,3000,10,linear,True,False,10.0,0.4,0.3,0.3,0,HHO,carbon,24,0.3333333333333333,E22,32.21,189.31,41,2.139433,87.5462,5.2026,0.0,0,24.7479,4.0877,83.214,0.0,True,28.0,9002,8.8303,4.92
google,3000,10,linear,True,False,10.0,0.4,0.3,0.3,0,HHO,carbon,25,0.3333333333333333,E22,32.21,189.31,41,2.150378,87.4825,4.7176,0.0,0,24.7479,4.0847,82.457,0.0,True,28.0,8876,8.7511,4.66
google,3000,10,linear,True,False,10.0,0.4,0.3,0.3,0,HHO,carbon,26,0.3333333333333333,E22,32.21,189.31,41,2.139674,87.5448,5.1919,0.0,0,24.7479,4.065,83.944,0.0,True,27.5,8918,8.8122,4.57
google,3000,10,linear,True,False,10.0,0.4,0.3,0.3,0,HHO,carbon,27,0.3333333333333333,E22,32.21,189.31,41,2.14634,87.506,4.8965,0.0,0,24.7479,4.0858,82.915,0.0,True,28.0,8852,8.7189,4.42
google,3000,10,linear,True,False,10.0,0.4,0.3,0.3,0,HHO,carbon,28,0.3333333333333333,E22,32.21,189.31,41,2.13241,87.5871,5.5138,0.0,0,24.7479,4.09,84.325,0.0,True,28.0,8900,8.7478,4.54
google,3000,10,linear,True,False,10.0,0.4,0.3,0.3,0,HHO,carbon,29,0.3333333333333333,E22,32.21,189.31,41,2.128314,87.6109,5.6952,0.0,0,24.5479,4.0686,86.019,0.0,True,27.5,8998,8.7977,4.52
google,3000,10,linear,True,False,10.0,0.4,0.3,0.3,0,HHO,carbon,30,0.3333333333333333,E22,32.21,189.31,41,2.121548,87.6503,5.995,0.0,0,24.5979,4.0637,85.204,0.0,True,27.5,8996,9.3763,5.76
google,3000,10,linear,True,False,10.0,0.4,0.3,0.3,0,GA,random,1,0.3333333333333333,E22,32.21,189.31,41,2.119769,87.6607,6.0739,0.0,0,24.5479,4.0327,87.396,0.0,True,27.0,4840,11.6306,7.23
google,3000,10,linear,True,False,10.0,0.4,0.3,0.3,0,GA,random,2,0.3333333333333333,E22,32.21,189.31,41,2.108788,87.7246,6.5604,0.0,0,24.4979,4.0174,89.11,0.0,True,26.0,4840,11.5528,6.97
google,3000,10,linear,True,False,10.0,0.4,0.3,0.3,0,GA,random,3,0.3333333333333333,E22,32.21,189.31,41,2.11213,87.7051,6.4123,0.0,0,24.4979,4.0172,88.676,0.0,True,27.0,4840,11.5188,7.3
google,3000,10,linear,True,False,10.0,0.4,0.3,0.3,0,GA,random,4,0.3333333333333333,E22,32.21,189.31,41,2.10999,87.7176,6.5072,0.0,0,24.4479,4.0064,89.119,0.0,True,26.0,4840,11.6024,7.3
google,3000,10,linear,True,False,10.0,0.4,0.3,0.3,0,GA,random,5,0.3333333333333333,E22,32.21,189.31,41,2.113898,87.6948,6.334,0.0,0,24.5479,4.0344,87.576,0.0,True,27.0,4840,11.5303,7.0
google,3000,10,linear,True,False,10.0,0.4,0.3,0.3,0,GA,random,6,0.3333333333333333,E22,32.21,189.31,41,2.107152,87.7341,6.6329,0.0,0,24.4479,4.0149,89.488,0.0,True,26.5,4840,11.4628,7.0
google,3000,10,linear,True,False,10.0,0.4,0.3,0.3,0,GA,random,7,0.3333333333333333,E22,32.21,189.31,41,2.118613,87.6674,6.1251,0.0,0,24.5979,4.0397,86.723,0.0,True,26.5,4840,11.4447,7.23
google,3000,10,linear,True,False,10.0,0.4,0.3,0.3,0,GA,random,8,0.3333333333333333,E22,32.21,189.31,41,2.115902,87.6832,6.2452,0.0,0,24.4479,4.001,90.01,0.0,True,27.0,4840,10.8074,7.03
google,3000,10,linear,True,False,10.0,0.4,0.3,0.3,0,GA,random,9,0.3333333333333333,E22,32.21,189.31,41,2.119807,87.6604,6.0722,0.0,0,24.4979,4.0278,88.197,0.0,True,27.0,4840,10.7974,6.97
google,3000,10,linear,True,False,10.0,0.4,0.3,0.3,0,GA,random,10,0.3333333333333333,E22,32.21,189.31,41,2.117916,87.6714,6.156,0.0,0,24.5479,4.0471,87.366,0.0,True,27.0,4840,10.7519,7.21
google,3000,10,linear,True,False,10.0,0.4,0.3,0.3,0,GA,random,11,0.3333333333333333,E22,32.21,189.31,41,2.107011,87.7349,6.6391,0.0,0,24.4479,4.0228,90.241,0.0,True,26.0,4840,10.7735,7.37
google,3000,10,linear,True,False,10.0,0.4,0.3,0.3,0,GA,random,12,0.3333333333333333,E22,32.21,189.31,41,2.111289,87.71,6.4496,0.0,0,24.4979,4.0285,89.333,0.0,True,26.0,4840,10.7375,7.21
google,3000,10,linear,True,False,10.0,0.4,0.3,0.3,0,GA,random,13,0.3333333333333333,E22,32.21,189.31,41,2.109096,87.7228,6.5468,0.0,0,24.3979,4.0069,89.915,0.0,True,26.0,4840,10.6942,7.18
google,3000,10,linear,True,False,10.0,0.4,0.3,0.3,0,GA,random,14,0.3333333333333333,E22,32.21,189.31,41,2.116659,87.6788,6.2117,0.0,0,24.4479,4.02,89.666,0.0,True,27.0,4840,10.7321,7.14
google,3000,10,linear,True,False,10.0,0.4,0.3,0.3,0,GA,random,15,0.3333333333333333,E22,32.21,189.31,41,2.114144,87.6934,6.3231,0.0,0,24.5479,4.007,87.458,0.0,True,27.0,4840,10.6828,6.99
google,3000,10,linear,True,False,10.0,0.4,0.3,0.3,0,GA,random,16,0.3333333333333333,E22,32.21,189.31,41,2.120251,87.6579,6.0525,0.0,0,24.5979,4.0518,87.051,0.0,True,26.5,4840,10.7847,7.13
google,3000,10,linear,True,False,10.0,0.4,0.3,0.3,0,GA,random,17,0.3333333333333333,E22,32.21,189.31,41,2.115244,87.687,6.2743,0.0,0,24.5479,4.0072,89.032,0.0,True,26.5,4840,10.8034,7.48
google,3000,10,linear,True,False,10.0,0.4,0.3,0.3,0,GA,random,18,0.3333333333333333,E22,32.21,189.31,41,2.110978,87.7118,6.4634,0.0,0,24.4479,4.0246,90.133,0.0,True,26.0,4840,10.7942,7.13
google,3000,10,linear,True,False,10.0,0.4,0.3,0.3,0,GA,random,19,0.3333333333333333,E22,32.21,189.31,41,2.112719,87.7017,6.3863,0.0,0,24.4979,4.0393,87.893,0.0,True,27.0,4840,10.758,7.06
google,3000,10,linear,True,False,10.0,0.4,0.3,0.3,0,GA,random,20,0.3333333333333333,E22,32.21,189.31,41,2.114117,87.6936,6.3243,0.0,0,24.4979,4.0481,88.97,0.0,True,26.0,4840,10.781,7.32
google,3000,10,linear,True,False,10.0,0.4,0.3,0.3,0,GA,random,21,0.3333333333333333,E22,32.21,189.31,41,2.126448,87.6218,5.7779,0.0,0,24.5979,4.0228,86.212,0.0,True,27.0,4840,10.7166,7.28
google,3000,10,linear,True,False,10.0,0.4,0.3,0.3,0,GA,random,22,0.3333333333333333,E22,32.21,189.31,41,2.104392,87.7502,6.7552,0.0,0,24.4479,4.0335,89.416,0.0,True,26.5,4840,10.7348,7.32
google,3000,10,linear,True,False,10.0,0.4,0.3,0.3,0,GA,random,23,0.3333333333333333,E22,32.21,189.31,41,2.118121,87.6702,6.1469,0.0,0,24.4979,4.0145,88.103,0.0,True,26.5,4840,10.7006,7.23
google,3000,10,linear,True,False,10.0,0.4,0.3,0.3,0,GA,random,24,0.3333333333333333,E22,32.21,189.31,41,2.118843,87.666,6.1149,0.0,0,24.4979,4.0037,87.656,0.0,True,26.5,4840,10.818,7.12
google,3000,10,linear,True,False,10.0,0.4,0.3,0.3,0,GA,random,25,0.3333333333333333,E22,32.21,189.31,41,2.115191,87.6873,6.2767,0.0,0,24.5979,4.0264,88.078,0.0,True,26.0,4840,10.8139,7.28
google,3000,10,linear,True,False,10.0,0.4,0.3,0.3,0,GA,random,26,0.3333333333333333,E22,32.21,189.31,41,2.113469,87.6973,6.353,0.0,0,24.4979,4.0316,88.45,0.0,True,26.0,4840,10.8008,7.34
google,3000,10,linear,True,False,10.0,0.4,0.3,0.3,0,GA,random,27,0.3333333333333333,E22,32.21,189.31,41,2.115149,87.6875,6.2786,0.0,0,24.5479,4.0189,88.591,0.0,True,27.0,4840,10.7764,7.04
google,3000,10,linear,True,False,10.0,0.4,0.3,0.3,0,GA,random,28,0.3333333333333333,E22,32.21,189.31,41,2.118468,87.6682,6.1315,0.0,0,24.4479,4.0118,88.102,0.0,True,27.0,4840,10.7421,6.79
google,3000,10,linear,True,False,10.0,0.4,0.3,0.3,0,GA,random,29,0.3333333333333333,E22,32.21,189.31,41,2.101195,87.7688,6.8969,0.0,0,24.3979,3.9887,90.326,0.0,True,26.0,4840,10.7736,7.2
google,3000,10,linear,True,False,10.0,0.4,0.3,0.3,0,GA,random,30,0.3333333333333333,E22,32.21,189.31,41,2.112954,87.7003,6.3758,0.0,0,24.4979,4.0325,88.734,0.0,True,26.5,4840,10.7886,7.21
google,3000,10,linear,True,False,10.0,0.4,0.3,0.3,0,GA,carbon,1,0.3333333333333333,E22,32.21,189.31,41,2.119394,87.6628,6.0905,0.0,0,24.5979,4.0361,88.231,0.0,True,26.0,4840,10.7126,7.11
google,3000,20,linear,True,False,10.0,0.4,0.3,0.3,0,WOA,random,11,0.3333333333333333,E22,32.21,189.31,41,2.113376,87.6979,6.3571,0.0,0,24.7979,4.0742,80.971,0.0,True,28.0,4840,6.144,4.78
google,3000,20,linear,True,False,10.0,0.4,0.3,0.3,0,WOA,random,12,0.3333333333333333,E22,32.21,189.31,41,2.121141,87.6527,6.0131,0.0,0,24.7479,4.0753,81.364,0.0,True,28.5,4840,6.1159,4.78
google,3000,20,linear,True,False,10.0,0.4,0.3,0.3,0,WOA,random,13,0.3333333333333333,E22,32.21,189.31,41,2.130515,87.5981,5.5977,0.0,0,24.8479,4.1104,80.524,0.0,True,28.0,4840,6.1443,4.73
google,3000,20,linear,True,False,10.0,0.4,0.3,0.3,0,WOA,random,14,0.3333333333333333,E22,32.21,189.31,41,2.110498,87.7146,6.4847,0.0,0,24.7479,4.0709,82.577,0.0,True,27.5,4840,6.1208,4.92
google,3000,20,linear,True,False,10.0,0.4,0.3,0.3,0,WOA,random,15,0.3333333333333333,E22,32.21,189.31,41,2.128302,87.611,5.6958,0.0,0,24.7979,4.1032,79.027,0.0,True,28.0,4840,6.3095,5.08
google,3000,20,linear,True,False,10.0,0.4,0.3,0.3,0,WOA,random,16,0.3333333333333333,E22,32.21,189.31,41,2.123111,87.6412,5.9258,0.0,0,24.8979,4.1108,80.03,0.0,True,28.0,4840,6.1144,4.92
google,3000,20,linear,True,False,10.0,0.4,0.3,0.3,0,WOA,random,17,0.3333333333333333,E22,32.21,189.31,41,2.132474,87.5867,5.5109,0.0,0,24.8979,4.0984,79.389,0.0,True,28.5,4840,6.1514,4.69
google,3000,20,linear,True,False,10.0,0.4,0.3,0.3,0,WOA,random,18,0.3333333333333333,E22,32.21,189.31,41,2.122755,87.6433,5.9415,0.0,0,24.7979,4.1113,81.305,0.0,True,28.0,4840,6.0845,5.12
google,3000,20,linear,True,False,10.0,0.4,0.3,0.3,0,WOA,random,3,0.3333333333333333,E22,32.21,189.31,41,2.135951,87.5665,5.3569,0.0,0,24.8979,4.1212,80.157,0.0,True,28.5,4840,6.1535,4.69
google,3000,20,linear,True,False,10.0,0.4,0.3,0.3,0,WOA,random,4,0.3333333333333333,E22,32.21,189.31,41,2.117139,87.676,6.1904,0.0,0,24.6979,4.07,83.226,0.0,True,28.0,4840,6.1292,4.85
google,3000,20,linear,True,False,10.0,0.4,0.3,0.3,0,WOA,random,5,0.3333333333333333,E22,32.21,189.31,41,2.119686,87.6611,6.0776,0.0,0,24.7479,4.056,81.851,0.0,True,28.0,4840,6.113,4.73
google,3000,20,linear,True,False,10.0,0.4,0.3,0.3,0,WOA,random,6,0.3333333333333333,E22,32.21,189.31,41,2.135425,87.5695,5.3802,0.0,0,24.9979,4.1345,78.656,0.0,True,28.0,4840,6.1163,4.92
google,3000,20,linear,True,False,10.0,0.4,0.3,0.3,0,WOA,random,7,0.3333333333333333,E22,32.21,189.31,41,2.1182,87.6698,6.1434,0.0,0,24.7479,4.0615,81.928,0.0,True,28.0,4840,6.3737,4.53
google,3000,20,linear,True,False,10.0,0.4,0.3,0.3,0,WOA,random,8,0.3333333333333333,E22,32.21,189.31,41,2.124506,87.6331,5.864,0.0,0,24.7479,4.0888,81.34,0.0,True,28.0,4840,6.0665,5.26
google,3000,20,linear,True,False,10.0,0.4,0.3,0.3,0,WOA,random,9,0.3333333333333333,E22,32.21,189.31,41,2.128688,87.6087,5.6787,0.0,0,24.8979,4.1108,78.223,0.0,True,28.5,4840,6.1718,4.8
google,3000,20,linear,True,False,10.0,0.4,0.3,0.3,0,WOA,random,10,0.3333333333333333,E22,32.21,189.31,41,2.125828,87.6254,5.8054,0.0,0,24.8479,4.0892,81.39,0.0,True,28.0,4840,6.1295,4.92
google,3000,20,linear,True,False,10.0,0.4,0.3,0.3,0,WOA,random,19,0.3333333333333333,E22,32.21,189.31,41,2.130532,87.598,5.597,0.0,0,24.8979,4.1071,79.586,0.0,True,28.0,4840,6.1743,4.85
google,3000,20,linear,True,False,10.0,0.4,0.3,0.3,0,WOA,random,20,0.3333333333333333,E22,32.21,189.31,41,2.115841,87.6835,6.2479,0.0,0,24.7479,4.0746,80.798,0.0,True,28.5,4840,6.1773,4.78
google,3000,20,linear,True,False,10.0,0.4,0.3,0.3,0,WOA,random,21,0.3333333333333333,E22,32.21,189.31,41,2.126533,87.6213,5.7741,0.0,0,24.8979,4.104,80.476,0.0,True,28.0,4840,6.1776,4.57
google,3000,20,linear,True,False,10.0,0.4,0.3,0.3,0,WOA,random,22,0.3333333333333333,E22,32.21,189.31,41,2.116986,87.6769,6.1972,0.0,0,24.7979,4.1066,81.423,0.0,True,28.0,4840,6.1468,4.6
google,3000,20,linear,True,False,10.0,0.4,0.3,0.3,0,WOA,random,23,0.3333333333333333,E22,32.21,189.31,41,2.128989,87.607,5.6653,0.0,0,24.8979,4.1101,80.469,0.0,True,28.0,4840,6.3463,4.78
google,3000,20,linear,True,False,10.0,0.4,0.3,0.3,0,WOA,random,24,0.3333333333333333,E22,32.21,189.31,41,2.127937,87.6131,5.7119,0.0,0,24.8979,4.113,78.843,0.0,True,28.5,4840,6.1091,4.85
google,3000,20,linear,True,False,10.0,0.4,0.3,0.3,0,WOA,random,25,0.3333333333333333,E22,32.21,189.31,41,2.121415,87.6511,6.0009,0.0,0,24.7979,4.0934,81.248,0.0,True,28.0,4840,6.1727,4.71
google,3000,20,linear,True,False,10.0,0.4,0.3,0.3,0,WOA,random,26,0.3333333333333333,E22,32.21,189.31,41,2.125665,87.6263,5.8126,0.0,0,24.8979,4.1113,79.404,0.0,True,28.0,4840,6.114,4.71
google,3000,20,linear,True,False,10.0,0.4,0.3,0.3,0,WOA,random,27,0.3333333333333333,E22,32.21,189.31,41,2.111933,87.7063,6.4211,0.0,0,24.7479,4.0801,80.965,0.0,True,28.0,4840,6.1998,4.69
google,3000,20,linear,True,False,10.0,0.4,0.3,0.3,0,WOA,random,28,0.3333333333333333,E22,32.21,189.31,41,2.126548,87.6212,5.7735,0.0,0,24.8979,4.0961,79.999,0.0,True,28.5,4840,6.0681,5.08
google,3000,20,linear,True,False,10.0,0.4,0.3,0.3,0,WOA,random,29,0.3333333333333333,E22,32.21,189.31,41,2.12662,87.6208,5.7703,0.0,0,24.8479,4.1182,79.494,0.0,True,28.0,4840,6.0981,4.66
google,3000,20,linear,True,False,10.0,0.4,0.3,0.3,0,WOA,random,30,0.3333333333333333,E22,32.21,189.31,41,2.111154,87.7108,6.4556,0.0,0,24.7479,4.0747,80.221,0.0,True,28.5,4840,6.0808,4.87
google,3000,20,linear,True,False,10.0,0.4,0.3,0.3,0,WOA,improved,1,0.3333333333333333,E22,32.21,189.31,41,2.120439,87.6568,6.0442,0.0,0,24.8479,4.077,81.299,0.0,True,28.5,4840,6.2829,4.71
google,3000,20,linear,True,False,10.0,0.4,0.3,0.3,0,WOA,improved,2,0.3333333333333333,E22,32.21,189.31,41,2.113272,87.6985,6.3617,0.0,0,24.7479,4.0948,81.004,0.0,True,28.0,4840,6.0516,4.73
google,3000,20,linear,True,False,10.0,0.4,0.3,0.3,0,WOA,improved,3,0.3333333333333333,E22,32.21,189.31,41,2.116356,87.6805,6.2251,0.0,0,24.8479,4.1062,80.223,0.0,True,28.0,4840,6.0406,4.57
google,3000,20,linear,True,False,10.0,0.4,0.3,0.3,0,WOA,improved,4,0.3333333333333333,E22,32.21,189.31,41,2.119413,87.6627,6.0896,0.0,0,24.7479,4.0908,82.755,0.0,True,27.5,4840,6.0396,4.53
google,3000,10,linear,True,False,10.0,0.4,0.3,0.3,0,GA,carbon,2,0.3333333333333333,E22,32.21,189.31,41,2.112786,87.7013,6.3833,0.0,0,24.5479,4.0523,88.576,0.0,True,26.5,4840,10.7614,7.2
google,3000,10,linear,True,False,10.0,0.4,0.3,0.3,0,GA,carbon,3,0.3333333333333333,E22,32.21,189.31,41,2.113355,87.698,6.3581,0.0,0,24.4979,4.0223,88.237,0.0,True,26.5,4840,10.7162,7.41
google,3000,10,linear,True,False,10.0,0.4,0.3,0.3,0,GA,carbon,4,0.3333333333333333,E22,32.21,189.31,41,2.118283,87.6693,6.1397,0.0,0,24.5479,4.0192,88.549,0.0,True,26.5,4840,10.6906,7.16
google,3000,10,linear,True,False,10.0,0.4,0.3,0.3,0,GA,carbon,5,0.3333333333333333,E22,32.21,189.31,41,2.112604,87.7024,6.3914,0.0,0,24.3979,4.0233,89.336,0.0,True,26.0,4840,10.6999,7.0
google,3000,10,linear,True,False,10.0,0.4,0.3,0.3,0,GA,carbon,6,0.3333333333333333,E22,32.21,189.31,41,2.117394,87.6745,6.1791,0.0,0,24.5479,4.0166,88.392,0.0,True,26.5,4840,10.6763,7.37
google,3000,10,linear,True,False,10.0,0.4,0.3,0.3,0,GA,carbon,7,0.3333333333333333,E22,32.21,189.31,41,2.111405,87.7093,6.4444,0.0,0,24.5479,4.023,89.333,0.0,True,25.5,4840,10.8886,7.37
google,3000,10,linear,True,False,10.0,0.4,0.3,0.3,0,GA,carbon,8,0.3333333333333333,E22,32.21,189.31,41,2.116585,87.6792,6.2149,0.0,0,24.5979,4.0329,88.086,0.0,True,26.5,4840,10.6595,7.04
google,3000,10,linear,True,False,10.0,0.4,0.3,0.3,0,GA,carbon,9,0.3333333333333333,E22,32.21,189.31,41,2.115409,87.686,6.267,0.0,0,24.4979,4.0346,88.052,0.0,True,26.5,4840,10.6423,7.32
google,3000,10,linear,True,False,10.0,0.4,0.3,0.3,0,GA,carbon,26,0.3333333333333333,E22,32.21,189.31,41,2.11341,87.6977,6.3556,0.0,0,24.4979,4.0252,89.249,0.0,True,26.5,4840,10.672,7.23
google,3000,10,linear,True,False,10.0,0.4,0.3,0.3,0,GA,carbon,27,0.3333333333333333,E22,32.21,189.31,41,2.117708,87.6727,6.1652,0.0,0,24.4979,4.0178,87.958,0.0,True,26.5,4840,10.622,7.37
google,3000,10,linear,True,False,10.0,0.4,0.3,0.3,0,GA,carbon,28,0.3333333333333333,E22,32.21,189.31,41,2.107089,87.7345,6.6357,0.0,0,24.4479,4.02,89.31,0.0,True,26.5,4840,10.8028,7.37
google,3000,10,linear,True,False,10.0,0.4,0.3,0.3,0,GA,carbon,29,0.3333333333333333,E22,32.21,189.31,41,2.11934,87.6632,6.0929,0.0,0,24.5979,4.0352,86.887,0.0,True,27.0,4840,10.5979,7.28
google,3000,10,linear,True,False,10.0,0.4,0.3,0.3,0,GA,carbon,30,0.3333333333333333,E22,32.21,189.31,41,2.115256,87.6869,6.2738,0.0,0,24.4979,4.0172,88.849,0.0,True,26.0,4840,10.6057,7.2
google,3000,20,linear,True,False,10.0,0.4,0.3,0.3,0,Greedy(EDF+greenest),-,0,0.3333333333333333,E22,32.21,189.31,41,1.821021,89.3997,19.3113,0.0,0,24.3979,3.9041,74.278,24.0994,False,26.0,0,0.0003,0.0
google,3000,20,linear,True,False,10.0,0.4,0.3,0.3,0,WOA,random,1,0.3333333333333333,E22,32.21,189.31,41,2.127457,87.6159,5.7332,0.0,0,24.8479,4.0918,78.164,0.0,True,28.5,4840,6.0646,4.94
google,3000,20,linear,True,False,10.0,0.4,0.3,0.3,0,WOA,random,2,0.3333333333333333,E22,32.21,189.31,41,2.119972,87.6595,6.0649,0.0,0,24.8479,4.1074,79.017,0.0,True,28.5,4840,6.1143,4.6
google,3000,10,linear,True,False,10.0,0.4,0.3,0.3,0,GA,carbon,10,0.3333333333333333,E22,32.21,189.31,41,2.11014,87.7167,6.5005,0.0,0,24.4979,4.0218,88.963,0.0,True,26.5,4840,10.6869,7.07
google,3000,10,linear,True,False,10.0,0.4,0.3,0.3,0,GA,carbon,11,0.3333333333333333,E22,32.21,189.31,41,2.115298,87.6867,6.2719,0.0,0,24.4979,4.0316,88.531,0.0,True,26.0,4840,10.6995,7.2
google,3000,10,linear,True,False,10.0,0.4,0.3,0.3,0,GA,carbon,12,0.3333333333333333,E22,32.21,189.31,41,2.107698,87.7309,6.6087,0.0,0,24.4479,4.0115,89.176,0.0,True,27.0,4840,10.6304,7.14
google,3000,10,linear,True,False,10.0,0.4,0.3,0.3,0,GA,carbon,13,0.3333333333333333,E22,32.21,189.31,41,2.115203,87.6872,6.2762,0.0,0,24.4979,4.0441,89.131,0.0,True,26.0,4840,10.8705,7.21
google,3000,10,linear,True,False,10.0,0.4,0.3,0.3,0,GA,carbon,14,0.3333333333333333,E22,32.21,189.31,41,2.103744,87.7539,6.7839,0.0,0,24.3979,3.9913,90.261,0.0,True,26.0,4840,10.6589,6.81
google,3000,10,linear,True,False,10.0,0.4,0.3,0.3,0,GA,carbon,15,0.3333333333333333,E22,32.21,189.31,41,2.103691,87.7542,6.7863,0.0,0,24.4479,4.0114,89.107,0.0,True,26.0,4840,10.6131,7.37
google,3000,10,linear,True,False,10.0,0.4,0.3,0.3,0,GA,carbon,16,0.3333333333333333,E22,32.21,189.31,41,2.12024,87.6579,6.053,0.0,0,24.4979,4.0205,87.969,0.0,True,26.5,4840,10.6337,7.18
google,3000,10,linear,True,False,10.0,0.4,0.3,0.3,0,GA,carbon,17,0.3333333333333333,E22,32.21,189.31,41,2.113548,87.6969,6.3495,0.0,0,24.5479,4.0174,88.098,0.0,True,26.5,4840,10.6276,6.97
google,3000,20,linear,True,False,10.0,0.4,0.3,0.3,0,WOA,improved,13,0.3333333333333333,E22,32.21,189.31,41,2.127885,87.6134,5.7143,0.0,0,24.8979,4.1104,78.423,0.0,True,28.0,4840,6.268,4.53
google,3000,20,linear,True,False,10.0,0.4,0.3,0.3,0,WOA,improved,14,0.3333333333333333,E22,32.21,189.31,41,2.125319,87.6284,5.8279,0.0,0,24.7479,4.089,80.466,0.0,True,28.0,4840,6.0364,4.73
google,3000,20,linear,True,False,10.0,0.4,0.3,0.3,0,WOA,improved,15,0.3333333333333333,E22,32.21,189.31,41,2.121764,87.649,5.9854,0.0,0,24.7979,4.1064,81.169,0.0,True,28.0,4840,6.0335,5.03
google,3000,20,linear,True,False,10.0,0.4,0.3,0.3,0,WOA,improved,16,0.3333333333333333,E22,32.21,189.31,41,2.116909,87.6773,6.2006,0.0,0,24.7979,4.0764,81.331,0.0,True,28.0,4840,6.0197,4.55
google,3000,20,linear,True,False,10.0,0.4,0.3,0.3,0,WOA,improved,17,0.3333333333333333,E22,32.21,189.31,41,2.12422,87.6347,5.8766,0.0,0,24.8479,4.0989,78.31,0.0,True,28.5,4840,6.0769,4.55
google,3000,20,linear,True,False,10.0,0.4,0.3,0.3,0,WOA,improved,18,0.3333333333333333,E22,32.21,189.31,41,2.106683,87.7368,6.6537,0.0,0,24.6479,4.0666,82.649,0.0,True,28.0,4840,6.0165,4.99
google,3000,20,linear,True,False,10.0,0.4,0.3,0.3,0,WOA,improved,19,0.3333333333333333,E22,32.21,189.31,41,2.100488,87.7729,6.9282,0.0,0,24.6979,4.0791,80.72,0.0,True,28.0,4840,6.0204,4.8
google,3000,20,linear,True,False,10.0,0.4,0.3,0.3,0,WOA,improved,20,0.3333333333333333,E22,32.21,189.31,41,2.116886,87.6774,6.2016,0.0,0,24.7979,4.0856,82.111,0.0,True,28.0,4840,6.0166,4.57
google,3000,20,linear,True,False,10.0,0.4,0.3,0.3,0,WOA,improved,21,0.3333333333333333,E22,32.21,189.31,41,2.109676,87.7194,6.5211,0.0,0,24.6979,4.0535,83.318,0.0,True,27.5,4840,6.3044,4.62
google,3000,20,linear,True,False,10.0,0.4,0.3,0.3,0,WOA,improved,22,0.3333333333333333,E22,32.21,189.31,41,2.109302,87.7216,6.5377,0.0,0,24.6979,4.0717,82.114,0.0,True,28.0,4840,6.1544,4.73
google,3000,20,linear,True,False,10.0,0.4,0.3,0.3,0,WOA,improved,23,0.3333333333333333,E22,32.21,189.31,41,2.121498,87.6506,5.9972,0.0,0,24.7479,4.0687,83.527,0.0,True,28.0,4840,6.0146,4.85
google,3000,20,linear,True,False,10.0,0.4,0.3,0.3,0,WOA,improved,24,0.3333333333333333,E22,32.21,189.31,41,2.126129,87.6236,5.792,0.0,0,24.8479,4.0922,80.117,0.0,True,28.0,4840,6.0444,4.85
google,3000,20,linear,True,False,10.0,0.4,0.3,0.3,0,WOA,improved,25,0.3333333333333333,E22,32.21,189.31,41,2.117406,87.6744,6.1786,0.0,0,24.8479,4.0916,80.115,0.0,True,28.0,4840,6.1155,4.57
google,3000,20,linear,True,False,10.0,0.4,0.3,0.3,0,WOA,improved,26,0.3333333333333333,E22,32.21,189.31,41,2.121274,87.6519,6.0072,0.0,0,24.7479,4.0855,80.776,0.0,True,28.0,4840,6.0658,4.78
google,3000,20,linear,True,False,10.0,0.4,0.3,0.3,0,WOA,improved,27,0.3333333333333333,E22,32.21,189.31,41,2.107645,87.7312,6.6111,0.0,0,24.6979,4.0614,82.644,0.0,True,28.5,4840,6.0503,4.85
google,3000,20,linear,True,False,10.0,0.4,0.3,0.3,0,WOA,improved,28,0.3333333333333333,E22,32.21,189.31,41,2.111575,87.7084,6.4369,0.0,0,24.7479,4.077,80.644,0.0,True,28.0,4840,6.0779,4.8
google,3000,20,linear,True,False,10.0,0.4,0.3,0.3,0,WOA,improved,29,0.3333333333333333,E22,32.21,189.31,41,2.123889,87.6367,5.8913,0.0,0,24.8979,4.1224,79.761,0.0,True,28.0,4840,6.2885,4.85
google,3000,20,linear,True,False,10.0,0.4,0.3,0.3,0,WOA,improved,30,0.3333333333333333,E22,32.21,189.31,41,2.127764,87.6141,5.7196,0.0,0,24.8479,4.0811,79.185,0.0,True,28.5,4840,6.0588,4.5
google,3000,20,linear,True,False,10.0,0.4,0.3,0.3,0,WOA,carbon,1,0.3333333333333333,E22,32.21,189.31,41,2.117318,87.6749,6.1825,0.0,0,24.7479,4.0976,80.127,0.0,True,28.0,4840,6.069,4.57
google,3000,20,linear,True,False,10.0,0.4,0.3,0.3,0,WOA,carbon,2,0.3333333333333333,E22,32.21,189.31,41,2.097129,87.7924,7.077,0.0,0,24.7979,4.056,79.553,0.0,True,28.0,4840,6.084,4.85
google,3000,20,linear,True,False,10.0,0.4,0.3,0.3,0,WOA,carbon,3,0.3333333333333333,E22,32.21,189.31,41,2.093143,87.8157,7.2537,0.0,0,24.7479,4.1017,80.745,0.0,True,28.0,4840,6.0408,4.78
google,3000,20,linear,True,False,10.0,0.4,0.3,0.3,0,WOA,carbon,4,0.3333333333333333,E22,32.21,189.31,41,2.017917,88.2535,10.5869,0.0,0,24.7979,4.064,77.498,0.0,True,26.5,4840,6.0341,4.98
google,3000,20,linear,True,False,10.0,0.4,0.3,0.3,0,WOA,carbon,5,0.3333333333333333,E22,32.21,189.31,41,2.039432,88.1283,9.6336,0.0,0,24.6979,4.0025,83.029,0.0,True,27.0,4840,6.0471,5.28
google,3000,20,linear,True,False,10.0,0.4,0.3,0.3,0,WOA,carbon,6,0.3333333333333333,E22,32.21,189.31,41,2.014701,88.2723,10.7294,0.0,0,24.9479,4.0197,75.821,0.0,True,28.0,4840,6.0284,5.01
google,3000,20,linear,True,False,10.0,0.4,0.3,0.3,0,WOA,improved,5,0.3333333333333333,E22,32.21,189.31,41,2.124854,87.6311,5.8485,0.0,0,24.7979,4.0956,80.177,0.0,True,28.0,4840,6.6509,4.85
google,3000,20,linear,True,False,10.0,0.4,0.3,0.3,0,WOA,improved,6,0.3333333333333333,E22,32.21,189.31,41,2.12982,87.6022,5.6285,0.0,0,24.8979,4.1064,78.407,0.0,True,28.0,4840,6.4671,4.73
google,3000,20,linear,True,False,10.0,0.4,0.3,0.3,0,WOA,improved,7,0.3333333333333333,E22,32.21,189.31,41,2.130094,87.6006,5.6164,0.0,0,24.9479,4.1176,77.834,0.0,True,28.0,4840,6.4656,4.76
google,3000,20,linear,True,False,10.0,0.4,0.3,0.3,0,WOA,improved,8,0.3333333333333333,E22,32.21,189.31,41,2.108712,87.725,6.5638,0.0,0,24.6979,4.0736,82.417,0.0,True,28.0,4840,6.4003,4.76
google,3000,20,linear,True,False,10.0,0.4,0.3,0.3,0,WOA,improved,9,0.3333333333333333,E22,32.21,189.31,41,2.117193,87.6757,6.188,0.0,0,24.8479,4.1006,79.852,0.0,True,28.0,4840,6.5164,4.73
google,3000,20,linear,True,False,10.0,0.4,0.3,0.3,0,WOA,improved,10,0.3333333333333333,E22,32.21,189.31,41,2.114913,87.6889,6.289,0.0,0,24.7479,4.0842,82.061,0.0,True,28.0,4840,6.4575,4.71
google,3000,20,linear,True,False,10.0,0.4,0.3,0.3,0,WOA,improved,11,0.3333333333333333,E22,32.21,189.31,41,2.107355,87.7329,6.6239,0.0,0,24.7479,4.0579,81.408,0.0,True,28.0,4840,6.5261,4.64
google,3000,20,linear,True,False,10.0,0.4,0.3,0.3,0,WOA,improved,12,0.3333333333333333,E22,32.21,189.31,41,2.113857,87.6951,6.3358,0.0,0,24.7979,4.0931,80.459,0.0,True,28.5,4840,6.4095,5.01
google,3000,10,linear,True,False,10.0,0.4,0.3,0.3,0,GA,carbon,18,0.3333333333333333,E22,32.21,189.31,41,2.110829,87.7127,6.47,0.0,0,24.4979,4.0209,89.225,0.0,True,26.5,4840,10.7629,7.28
google,3000,10,linear,True,False,10.0,0.4,0.3,0.3,0,GA,carbon,19,0.3333333333333333,E22,32.21,189.31,41,2.11646,87.6799,6.2205,0.0,0,24.4979,4.0302,88.068,0.0,True,27.0,4840,10.7404,7.48
google,3000,10,linear,True,False,10.0,0.4,0.3,0.3,0,GA,carbon,20,0.3333333333333333,E22,32.21,189.31,41,2.114037,87.694,6.3279,0.0,0,24.5979,4.0356,87.78,0.0,True,26.5,4840,10.7202,7.14
google,3000,10,linear,True,False,10.0,0.4,0.3,0.3,0,GA,carbon,21,0.3333333333333333,E22,32.21,189.31,41,2.110021,87.7174,6.5058,0.0,0,24.4479,4.02,89.349,0.0,True,25.5,4840,10.8821,7.17
google,3000,10,linear,True,False,10.0,0.4,0.3,0.3,0,GA,carbon,22,0.3333333333333333,E22,32.21,189.31,41,2.123317,87.64,5.9166,0.0,0,24.5979,4.026,87.1,0.0,True,27.0,4840,10.7129,7.3
google,3000,10,linear,True,False,10.0,0.4,0.3,0.3,0,GA,carbon,23,0.3333333333333333,E22,32.21,189.31,41,2.113884,87.6949,6.3346,0.0,0,24.4979,4.0351,89.094,0.0,True,27.0,4840,10.7139,7.21
google,3000,10,linear,True,False,10.0,0.4,0.3,0.3,0,GA,carbon,24,0.3333333333333333,E22,32.21,189.31,41,2.119472,87.6624,6.087,0.0,0,24.4979,4.0082,89.42,0.0,True,26.0,4840,10.6718,7.28
google,3000,10,linear,True,False,10.0,0.4,0.3,0.3,0,GA,carbon,25,0.3333333333333333,E22,32.21,189.31,41,2.107724,87.7308,6.6076,0.0,0,24.3979,3.9816,89.071,0.0,True,27.0,4840,10.7016,7.21
google,3000,20,linear,True,False,10.0,0.4,0.3,0.3,0,WOA,carbon,7,0.3333333333333333,E22,32.21,189.31,41,2.070038,87.9501,8.2774,0.0,0,24.6479,4.0541,81.193,0.0,True,27.5,4840,6.0908,4.99
google,3000,20,linear,True,False,10.0,0.4,0.3,0.3,0,WOA,carbon,8,0.3333333333333333,E22,32.21,189.31,41,2.051767,88.0565,9.087,0.0,0,24.5979,4.047,82.546,0.0,True,27.5,4840,6.0138,4.87
google,3000,20,linear,True,False,10.0,0.4,0.3,0.3,0,WOA,carbon,9,0.3333333333333333,E22,32.21,189.31,41,2.076653,87.9116,7.9843,0.0,0,24.8979,4.0704,77.633,0.0,True,28.0,4840,6.0757,4.94
google,3000,20,linear,True,False,10.0,0.4,0.3,0.3,0,WOA,carbon,10,0.3333333333333333,E22,32.21,189.31,41,1.926062,88.7882,14.6569,0.0,0,24.5479,3.9345,78.543,0.0,True,26.5,4840,6.0625,4.69
google,3000,20,linear,True,False,10.0,0.4,0.3,0.3,0,WOA,carbon,11,0.3333333333333333,E22,32.21,189.31,41,1.972363,88.5187,12.6053,0.0,0,24.7479,3.9673,77.951,0.0,True,26.5,4840,6.032,4.92
google,3000,20,linear,True,False,10.0,0.4,0.3,0.3,0,WOA,carbon,12,0.3333333333333333,E22,32.21,189.31,41,1.992836,88.3995,11.6982,0.0,0,24.7979,3.9971,80.012,0.0,True,27.0,4840,6.0578,4.73
google,3000,20,linear,True,False,10.0,0.4,0.3,0.3,0,WOA,carbon,13,0.3333333333333333,E22,32.21,189.31,41,2.07027,87.9488,8.2672,0.0,0,24.6479,4.0665,81.388,0.0,True,28.0,4840,6.1119,4.48
google,3000,20,linear,True,False,10.0,0.4,0.3,0.3,0,WOA,carbon,14,0.3333333333333333,E22,32.21,189.31,41,2.067443,87.9653,8.3924,0.0,0,24.7979,4.0089,80.391,0.0,True,27.0,4840,6.0556,5.24
google,3000,20,linear,True,False,10.0,0.4,0.3,0.3,0,WOA,carbon,15,0.3333333333333333,E22,32.21,189.31,41,2.057277,88.0244,8.8429,0.0,0,24.7479,4.0893,80.323,0.0,True,28.0,4840,6.0754,4.99
google,3000,20,linear,True,False,10.0,0.4,0.3,0.3,0,WOA,carbon,16,0.3333333333333333,E22,32.21,189.31,41,2.067224,87.9665,8.4021,0.0,0,24.7979,4.0773,81.68,0.0,True,27.5,4840,6.0333,4.78
google,3000,20,linear,True,False,10.0,0.4,0.3,0.3,0,WOA,carbon,17,0.3333333333333333,E22,32.21,189.31,41,2.072296,87.937,8.1774,0.0,0,24.7479,4.0532,81.905,0.0,True,27.5,4840,6.1167,4.64
google,3000,20,linear,True,False,10.0,0.4,0.3,0.3,0,WOA,carbon,18,0.3333333333333333,E22,32.21,189.31,41,1.983772,88.4523,12.0998,0.0,0,24.7479,4.035,77.382,0.0,True,26.5,4840,6.0346,4.83
google,3000,20,linear,True,False,10.0,0.4,0.3,0.3,0,WOA,carbon,19,0.3333333333333333,E22,32.21,189.31,41,2.109134,87.7226,6.5451,0.0,0,24.6979,4.0545,82.634,0.0,True,28.0,4840,6.0747,5.03
google,3000,20,linear,True,False,10.0,0.4,0.3,0.3,0,WOA,carbon,20,0.3333333333333333,E22,32.21,189.31,41,2.065575,87.9761,8.4752,0.0,0,24.6979,4.0545,82.946,0.0,True,28.0,4840,6.0476,5.08
google,3000,20,linear,True,False,10.0,0.4,0.3,0.3,0,WOA,carbon,21,0.3333333333333333,E22,32.21,189.31,41,2.061898,87.9975,8.6381,0.0,0,24.8979,4.0368,75.627,0.0,True,28.5,4840,6.0383,4.76
google,3000,20,linear,True,False,10.0,0.4,0.3,0.3,0,WOA,carbon,22,0.3333333333333333,E22,32.21,189.31,41,2.063428,87.9886,8.5703,0.0,0,24.6479,4.0537,81.896,0.0,True,28.0,4840,6.0696,5.17
google,3000,20,linear,True,False,10.0,0.4,0.3,0.3,0,WOA,carbon,23,0.3333333333333333,E22,32.21,189.31,41,1.919891,88.8242,14.9304,0.0,0,24.5479,3.9197,77.413,0.0,True,27.0,4840,6.0448,4.76
google,3000,20,linear,True,False,10.0,0.4,0.3,0.3,0,WOA,carbon,24,0.3333333333333333,E22,32.21,189.31,41,2.112109,87.7052,6.4133,0.0,0,24.7479,4.098,81.717,0.0,True,28.0,4840,6.084,5.26
google,3000,20,linear,True,False,10.0,0.4,0.3,0.3,0,WOA,carbon,25,0.3333333333333333,E22,32.21,189.31,41,2.071446,87.9419,8.215,0.0,0,24.7479,4.0804,81.662,0.0,True,27.5,4840,6.1097,4.87
google,3000,20,linear,True,False,10.0,0.4,0.3,0.3,0,WOA,carbon,26,0.3333333333333333,E22,32.21,189.31,41,1.962094,88.5785,13.0604,0.0,0,24.5979,3.9465,78.319,0.0,True,27.0,4840,6.0733,5.24
google,3000,20,linear,True,False,10.0,0.4,0.3,0.3,0,WOA,carbon,27,0.3333333333333333,E22,32.21,189.31,41,1.992798,88.3998,11.6999,0.0,0,24.5979,3.9549,83.828,0.0,True,26.5,4840,6.072,4.92
google,3000,20,linear,True,False,10.0,0.4,0.3,0.3,0,WOA,carbon,28,0.3333333333333333,E22,32.21,189.31,41,2.118176,87.6699,6.1445,0.0,0,24.8479,4.0903,80.144,0.0,True,28.5,4840,6.0933,4.66
google,3000,20,linear,True,False,10.0,0.4,0.3,0.3,0,WOA,carbon,29,0.3333333333333333,E22,32.21,189.31,41,2.06416,87.9844,8.5379,0.0,0,24.7479,4.0723,80.316,0.0,True,28.0,4840,6.0756,4.85
google,3000,20,linear,True,False,10.0,0.4,0.3,0.3,0,WOA,carbon,30,0.3333333333333333,E22,32.21,189.31,41,2.09717,87.7922,7.0752,0.0,0,24.6479,4.0634,86.769,0.0,True,27.0,4840,6.0945,4.53
google,3000,20,linear,True,False,10.0,0.7,0.0,0.3,0,WOA,carbon,1,0.3333333333333333,E22,32.21,189.31,41,2.117318,87.6749,6.1825,0.0,0,24.7479,4.0976,80.127,0.0,True,28.0,4840,6.0292,4.57
google,3000,20,linear,True,False,10.0,0.7,0.0,0.3,0,WOA,carbon,2,0.3333333333333333,E22,32.21,189.31,41,2.097129,87.7924,7.077,0.0,0,24.7979,4.056,79.553,0.0,True,28.0,4840,6.0566,4.85
google,3000,20,linear,True,False,10.0,0.7,0.0,0.3,0,WOA,carbon,3,0.3333333333333333,E22,32.21,189.31,41,2.093143,87.8157,7.2537,0.0,0,24.7479,4.1017,80.745,0.0,True,28.0,4840,6.0074,4.78
google,3000,20,linear,True,False,10.0,0.7,0.0,0.3,0,WOA,carbon,4,0.3333333333333333,E22,32.21,189.31,41,2.017917,88.2535,10.5869,0.0,0,24.7979,4.064,77.498,0.0,True,26.5,4840,5.9862,4.98
google,3000,20,linear,True,False,10.0,0.7,0.0,0.3,0,WOA,carbon,5,0.3333333333333333,E22,32.21,189.31,41,2.039432,88.1283,9.6336,0.0,0,24.6979,4.0025,83.029,0.0,True,27.0,4840,6.0298,5.28
google,3000,20,linear,True,False,10.0,0.7,0.0,0.3,0,WOA,carbon,6,0.3333333333333333,E22,32.21,189.31,41,2.014701,88.2723,10.7294,0.0,0,24.9479,4.0197,75.821,0.0,True,28.0,4840,6.0076,5.01
google,3000,20,linear,True,False,10.0,0.7,0.0,0.3,0,WOA,carbon,7,0.3333333333333333,E22,32.21,189.31,41,2.070038,87.9501,8.2774,0.0,0,24.6479,4.0541,81.193,0.0,True,27.5,4840,6.0794,4.99
google,3000,20,linear,True,False,10.0,0.7,0.0,0.3,0,WOA,carbon,8,0.3333333333333333,E22,32.21,189.31,41,2.051767,88.0565,9.087,0.0,0,24.5979,4.047,82.546,0.0,True,27.5,4840,6.025,4.87
google,3000,20,linear,True,False,10.0,0.7,0.0,0.3,0,WOA,carbon,9,0.3333333333333333,E22,32.21,189.31,41,2.076653,87.9116,7.9843,0.0,0,24.8979,4.0704,77.633,0.0,True,28.0,4840,6.0723,4.94
google,3000,20,linear,True,False,10.0,0.7,0.0,0.3,0,WOA,carbon,10,0.3333333333333333,E22,32.21,189.31,41,1.926062,88.7882,14.6569,0.0,0,24.5479,3.9345,78.543,0.0,True,26.5,4840,6.0484,4.66
google,3000,20,linear,True,False,10.0,0.7,0.0,0.3,0,WOA,carbon,11,0.3333333333333333,E22,32.21,189.31,41,1.989679,88.4179,11.8381,0.0,0,24.5479,3.9765,82.936,0.0,True,26.5,4840,6.0319,4.8
google,3000,20,linear,True,False,10.0,0.7,0.0,0.3,0,WOA,carbon,12,0.3333333333333333,E22,32.21,189.31,41,1.992836,88.3995,11.6982,0.0,0,24.7979,3.9971,80.012,0.0,True,27.0,4840,6.0347,4.71
google,3000,20,linear,True,False,10.0,0.7,0.0,0.3,0,WOA,carbon,13,0.3333333333333333,E22,32.21,189.31,41,2.07027,87.9488,8.2672,0.0,0,24.6479,4.0665,81.388,0.0,True,28.0,4840,6.0951,4.48
google,3000,20,linear,True,False,10.0,0.7,0.0,0.3,0,WOA,carbon,14,0.3333333333333333,E22,32.21,189.31,41,2.067443,87.9653,8.3924,0.0,0,24.7979,4.0089,80.391,0.0,True,27.0,4840,6.0533,5.24
google,3000,20,linear,True,False,10.0,0.7,0.0,0.3,0,WOA,carbon,15,0.3333333333333333,E22,32.21,189.31,41,2.057277,88.0244,8.8429,0.0,0,24.7479,4.0893,80.323,0.0,True,28.0,4840,6.0845,4.96
google,3000,20,linear,True,False,10.0,0.7,0.0,0.3,0,WOA,carbon,16,0.3333333333333333,E22,32.21,189.31,41,2.067224,87.9665,8.4021,0.0,0,24.7979,4.0773,81.68,0.0,True,27.5,4840,6.1419,4.76
google,3000,20,linear,True,False,10.0,0.7,0.0,0.3,0,WOA,carbon,17,0.3333333333333333,E22,32.21,189.31,41,2.072296,87.937,8.1774,0.0,0,24.7479,4.0532,81.905,0.0,True,27.5,4840,6.0658,4.64
google,3000,20,linear,True,False,10.0,0.7,0.0,0.3,0,WOA,carbon,18,0.3333333333333333,E22,32.21,189.31,41,1.983772,88.4523,12.0998,0.0,0,24.7479,4.035,77.382,0.0,True,26.5,4840,6.0192,4.83
google,3000,20,linear,True,False,10.0,0.7,0.0,0.3,0,WOA,carbon,19,0.3333333333333333,E22,32.21,189.31,41,2.109134,87.7226,6.5451,0.0,0,24.6979,4.0545,82.634,0.0,True,28.0,4840,6.0889,5.03
google,3000,20,linear,True,False,10.0,0.7,0.0,0.3,0,WOA,carbon,20,0.3333333333333333,E22,32.21,189.31,41,2.060825,88.0038,8.6856,0.0,0,24.6479,4.047,83.086,0.0,True,28.0,4840,6.0534,5.21
google,3000,20,linear,True,False,10.0,0.7,0.0,0.3,0,WOA,carbon,21,0.3333333333333333,E22,32.21,189.31,41,2.061898,87.9975,8.6381,0.0,0,24.8979,4.0368,75.627,0.0,True,28.5,4840,6.032,4.76
google,3000,20,linear,True,False,10.0,0.7,0.0,0.3,0,WOA,carbon,22,0.3333333333333333,E22,32.21,189.31,41,2.063428,87.9886,8.5703,0.0,0,24.6479,4.0537,81.896,0.0,True,28.0,4840,6.1552,5.17
google,3000,20,linear,True,False,10.0,0.7,0.0,0.3,0,WOA,carbon,23,0.3333333333333333,E22,32.21,189.31,41,1.924724,88.796,14.7162,0.0,0,24.6479,3.9347,76.915,0.0,True,27.0,4840,6.0553,4.6
google,3000,20,linear,True,False,10.0,0.7,0.0,0.3,0,WOA,carbon,24,0.3333333333333333,E22,32.21,189.31,41,2.112109,87.7052,6.4133,0.0,0,24.7479,4.098,81.717,0.0,True,28.0,4840,6.0904,5.26
google,3000,20,linear,True,False,10.0,0.7,0.0,0.3,0,WOA,carbon,25,0.3333333333333333,E22,32.21,189.31,41,2.071446,87.9419,8.215,0.0,0,24.7479,4.0804,81.662,0.0,True,27.5,4840,6.0723,4.87
google,3000,20,linear,True,False,10.0,0.7,0.0,0.3,0,WOA,carbon,26,0.3333333333333333,E22,32.21,189.31,41,1.962094,88.5785,13.0604,0.0,0,24.5979,3.9465,78.319,0.0,True,27.0,4840,6.0568,5.24
google,3000,20,linear,True,False,10.0,0.7,0.0,0.3,0,WOA,carbon,27,0.3333333333333333,E22,32.21,189.31,41,1.990551,88.4128,11.7995,0.0,0,24.5979,3.9572,83.922,0.0,True,26.5,4840,6.0208,5.28
google,3000,20,linear,True,False,10.0,0.7,0.0,0.3,0,WOA,carbon,28,0.3333333333333333,E22,32.21,189.31,41,2.118176,87.6699,6.1445,0.0,0,24.8479,4.0903,80.144,0.0,True,28.5,4840,6.0941,4.66
google,3000,20,linear,True,False,10.0,0.7,0.0,0.3,0,WOA,carbon,29,0.3333333333333333,E22,32.21,189.31,41,2.06416,87.9844,8.5379,0.0,0,24.7479,4.0723,80.316,0.0,True,28.0,4840,6.188,4.85
google,3000,20,linear,True,False,10.0,0.7,0.0,0.3,0,WOA,carbon,30,0.3333333333333333,E22,32.21,189.31,41,2.09717,87.7922,7.0752,0.0,0,24.6479,4.0634,86.769,0.0,True,27.0,4840,6.0707,4.53
google,3000,20,linear,True,False,10.0,0.7,0.3,0.0,0,WOA,carbon,1,0.3333333333333333,E22,32.21,189.31,41,2.117318,87.6749,6.1825,0.0,0,24.7479,4.0976,80.127,0.0,True,28.0,4840,6.0843,4.57
google,3000,20,linear,True,False,10.0,0.7,0.3,0.0,0,WOA,carbon,2,0.3333333333333333,E22,32.21,189.31,41,2.097129,87.7924,7.077,0.0,0,24.7979,4.056,79.553,0.0,True,28.0,4840,6.0955,4.85
google,3000,20,linear,True,False,10.0,0.7,0.3,0.0,0,WOA,carbon,3,0.3333333333333333,E22,32.21,189.31,41,2.093143,87.8157,7.2537,0.0,0,24.7479,4.1017,80.745,0.0,True,28.0,4840,6.0031,4.78
google,3000,20,linear,True,False,10.0,0.7,0.3,0.0,0,WOA,carbon,4,0.3333333333333333,E22,32.21,189.31,41,2.017917,88.2535,10.5869,0.0,0,24.7979,4.064,77.498,0.0,True,26.5,4840,6.0041,4.98
google,3000,20,linear,True,False,10.0,0.7,0.3,0.0,0,WOA,carbon,5,0.3333333333333333,E22,32.21,189.31,41,2.039432,88.1283,9.6336,0.0,0,24.6979,4.0025,83.029,0.0,True,27.0,4840,6.0152,5.28
google,3000,20,linear,True,False,10.0,0.7,0.3,0.0,0,WOA,carbon,6,0.3333333333333333,E22,32.21,189.31,41,2.014701,88.2723,10.7294,0.0,0,24.9479,4.0197,75.821,0.0,True,28.0,4840,6.0017,5.01
google,3000,20,linear,True,False,10.0,0.7,0.3,0.0,0,WOA,carbon,7,0.3333333333333333,E22,32.21,189.31,41,2.070038,87.9501,8.2774,0.0,0,24.6479,4.0541,81.193,0.0,True,27.5,4840,6.1632,4.99
google,3000,20,linear,True,False,10.0,0.7,0.3,0.0,0,WOA,carbon,8,0.3333333333333333,E22,32.21,189.31,41,2.051767,88.0565,9.087,0.0,0,24.5979,4.047,82.546,0.0,True,27.5,4840,6.0222,4.87
google,3000,20,linear,True,False,10.0,0.7,0.3,0.0,0,WOA,carbon,9,0.3333333333333333,E22,32.21,189.31,41,2.076653,87.9116,7.9843,0.0,0,24.8979,4.0704,77.633,0.0,True,28.0,4840,6.0842,4.94
google,3000,20,linear,True,False,10.0,0.7,0.3,0.0,0,WOA,carbon,10,0.3333333333333333,E22,32.21,189.31,41,1.926062,88.7882,14.6569,0.0,0,24.5479,3.9345,78.543,0.0,True,26.5,4840,6.0479,4.67
google,3000,20,linear,True,False,10.0,0.7,0.3,0.0,0,WOA,carbon,11,0.3333333333333333,E22,32.21,189.31,41,1.989679,88.4179,11.8381,0.0,0,24.5479,3.9765,82.936,0.0,True,26.5,4840,6.0456,4.8
google,3000,20,linear,True,False,10.0,0.7,0.3,0.0,0,WOA,carbon,12,0.3333333333333333,E22,32.21,189.31,41,1.992836,88.3995,11.6982,0.0,0,24.7979,3.9971,80.012,0.0,True,27.0,4840,6.0507,4.71
google,3000,20,linear,True,False,10.0,0.7,0.3,0.0,0,WOA,carbon,13,0.3333333333333333,E22,32.21,189.31,41,2.07027,87.9488,8.2672,0.0,0,24.6479,4.0665,81.388,0.0,True,28.0,4840,6.0614,4.48
google,3000,20,linear,True,False,10.0,0.7,0.3,0.0,0,WOA,carbon,14,0.3333333333333333,E22,32.21,189.31,41,2.067443,87.9653,8.3924,0.0,0,24.7979,4.0089,80.391,0.0,True,27.0,4840,6.0548,5.24
google,3000,20,linear,True,False,10.0,0.7,0.3,0.0,0,WOA,carbon,15,0.3333333333333333,E22,32.21,189.31,41,2.057277,88.0244,8.8429,0.0,0,24.7479,4.0893,80.323,0.0,True,28.0,4840,6.1799,4.96
google,3000,20,linear,True,False,10.0,0.7,0.3,0.0,0,WOA,carbon,16,0.3333333333333333,E22,32.21,189.31,41,2.067224,87.9665,8.4021,0.0,0,24.7979,4.0773,81.68,0.0,True,27.5,4840,6.0881,4.76
google,3000,20,linear,True,False,10.0,0.7,0.3,0.0,0,WOA,carbon,17,0.3333333333333333,E22,32.21,189.31,41,2.072296,87.937,8.1774,0.0,0,24.7479,4.0532,81.905,0.0,True,27.5,4840,6.1468,4.64
google,3000,20,linear,True,False,10.0,0.7,0.3,0.0,0,WOA,carbon,18,0.3333333333333333,E22,32.21,189.31,41,1.983772,88.4523,12.0998,0.0,0,24.7479,4.035,77.382,0.0,True,26.5,4840,6.0653,4.83
google,3000,20,linear,True,False,10.0,0.7,0.3,0.0,0,WOA,carbon,19,0.3333333333333333,E22,32.21,189.31,41,2.109134,87.7226,6.5451,0.0,0,24.6979,4.0545,82.634,0.0,True,28.0,4840,6.0551,5.03
google,3000,20,linear,True,False,10.0,0.7,0.3,0.0,0,WOA,carbon,20,0.3333333333333333,E22,32.21,189.31,41,2.060825,88.0038,8.6856,0.0,0,24.6479,4.047,83.086,0.0,True,28.0,4840,6.0676,5.21
google,3000,20,linear,True,False,10.0,0.7,0.3,0.0,0,WOA,carbon,21,0.3333333333333333,E22,32.21,189.31,41,2.061898,87.9975,8.6381,0.0,0,24.8979,4.0368,75.627,0.0,True,28.5,4840,6.0326,4.76
google,3000,20,linear,True,False,10.0,0.7,0.3,0.0,0,WOA,carbon,22,0.3333333333333333,E22,32.21,189.31,41,2.063428,87.9886,8.5703,0.0,0,24.6479,4.0537,81.896,0.0,True,28.0,4840,6.163,5.17
google,3000,20,linear,True,False,10.0,0.7,0.3,0.0,0,WOA,carbon,23,0.3333333333333333,E22,32.21,189.31,41,1.924724,88.796,14.7162,0.0,0,24.6479,3.9347,76.915,0.0,True,27.0,4840,6.0709,4.6
google,3000,20,linear,True,False,10.0,0.7,0.3,0.0,0,WOA,carbon,24,0.3333333333333333,E22,32.21,189.31,41,2.112109,87.7052,6.4133,0.0,0,24.7479,4.098,81.717,0.0,True,28.0,4840,6.0992,5.26
google,3000,20,linear,True,False,10.0,0.7,0.3,0.0,0,WOA,carbon,25,0.3333333333333333,E22,32.21,189.31,41,2.071446,87.9419,8.215,0.0,0,24.7479,4.0804,81.662,0.0,True,27.5,4840,6.1399,4.87
google,3000,20,linear,True,False,10.0,0.7,0.3,0.0,0,WOA,carbon,26,0.3333333333333333,E22,32.21,189.31,41,1.962094,88.5785,13.0604,0.0,0,24.5979,3.9465,78.319,0.0,True,27.0,4840,6.0972,5.24
google,3000,20,linear,True,False,10.0,0.7,0.3,0.0,0,WOA,carbon,27,0.3333333333333333,E22,32.21,189.31,41,1.990551,88.4128,11.7995,0.0,0,24.5979,3.9572,83.922,0.0,True,26.5,4840,6.4422,5.29
google,3000,20,linear,True,False,10.0,0.7,0.3,0.0,0,WOA,carbon,28,0.3333333333333333,E22,32.21,189.31,41,2.118176,87.6699,6.1445,0.0,0,24.8479,4.0903,80.144,0.0,True,28.5,4840,6.5192,4.66
google,3000,20,linear,True,False,10.0,0.7,0.3,0.0,0,WOA,carbon,29,0.3333333333333333,E22,32.21,189.31,41,2.06416,87.9844,8.5379,0.0,0,24.7479,4.0723,80.316,0.0,True,28.0,4840,6.4164,4.85
google,3000,20,linear,True,False,10.0,0.7,0.3,0.0,0,WOA,carbon,30,0.3333333333333333,E22,32.21,189.31,41,2.09717,87.7922,7.0752,0.0,0,24.6479,4.0634,86.769,0.0,True,27.0,4840,6.5775,4.53
google,3000,20,linear,True,False,10.0,0.4,0.3,0.3,0,WOA,random,1,0.3333333333333333,E22,32.21,189.31,41,2.127457,87.6159,5.7332,0.0,0,24.8479,4.0918,78.164,0.0,True,28.5,4840,6.5118,4.94
google,3000,20,linear,True,False,10.0,0.4,0.3,0.3,0,WOA,random,2,0.3333333333333333,E22,32.21,189.31,41,2.119972,87.6595,6.0649,0.0,0,24.8479,4.1074,79.017,0.0,True,28.5,4840,6.5707,4.6
google,3000,20,linear,True,False,10.0,0.4,0.3,0.3,0,WOA,random,3,0.3333333333333333,E22,32.21,189.31,41,2.135951,87.5665,5.3569,0.0,0,24.8979,4.1212,80.157,0.0,True,28.5,4840,6.5241,4.69
google,3000,20,linear,True,False,10.0,0.4,0.3,0.3,0,WOA,random,4,0.3333333333333333,E22,32.21,189.31,41,2.117139,87.676,6.1904,0.0,0,24.6979,4.07,83.226,0.0,True,28.0,4840,6.5201,4.85
google,3000,20,linear,True,False,10.0,0.4,0.3,0.3,0,WOA,random,5,0.3333333333333333,E22,32.21,189.31,41,2.119686,87.6611,6.0776,0.0,0,24.7479,4.056,81.851,0.0,True,28.0,4840,6.1728,4.73
google,3000,20,linear,True,False,10.0,0.4,0.3,0.3,0,WOA,random,6,0.3333333333333333,E22,32.21,189.31,41,2.135425,87.5695,5.3802,0.0,0,24.9979,4.1345,78.656,0.0,True,28.0,4840,6.1356,4.92
google,3000,20,linear,True,False,10.0,0.4,0.3,0.3,0,WOA,random,7,0.3333333333333333,E22,32.21,189.31,41,2.1182,87.6698,6.1434,0.0,0,24.7479,4.0615,81.928,0.0,True,28.0,4840,6.2024,4.53
google,3000,20,linear,True,False,10.0,0.4,0.3,0.3,0,WOA,random,8,0.3333333333333333,E22,32.21,189.31,41,2.124506,87.6331,5.864,0.0,0,24.7479,4.0888,81.34,0.0,True,28.0,4840,6.1811,5.26
google,3000,20,linear,True,False,10.0,0.4,0.3,0.3,0,WOA,random,9,0.3333333333333333,E22,32.21,189.31,41,2.128688,87.6087,5.6787,0.0,0,24.8979,4.1108,78.223,0.0,True,28.5,4840,6.2435,4.8
google,3000,20,linear,True,False,10.0,0.4,0.3,0.3,0,WOA,random,10,0.3333333333333333,E22,32.21,189.31,41,2.125828,87.6254,5.8054,0.0,0,24.8479,4.0892,81.39,0.0,True,28.0,4840,6.207,4.92
google,3000,20,linear,True,False,10.0,0.4,0.3,0.3,0,WOA,random,11,0.3333333333333333,E22,32.21,189.31,41,2.113376,87.6979,6.3571,0.0,0,24.7979,4.0742,80.971,0.0,True,28.0,4840,6.1684,4.78
google,3000,20,linear,True,False,10.0,0.4,0.3,0.3,0,WOA,random,12,0.3333333333333333,E22,32.21,189.31,41,2.121141,87.6527,6.0131,0.0,0,24.7479,4.0753,81.364,0.0,True,28.5,4840,6.1302,4.78
google,3000,20,linear,True,False,10.0,0.4,0.3,0.3,0,WOA,random,13,0.3333333333333333,E22,32.21,189.31,41,2.130515,87.5981,5.5977,0.0,0,24.8479,4.1104,80.524,0.0,True,28.0,4840,6.2673,4.73
google,3000,20,linear,True,False,10.0,0.4,0.3,0.3,0,WOA,random,14,0.3333333333333333,E22,32.21,189.31,41,2.110498,87.7146,6.4847,0.0,0,24.7479,4.0709,82.577,0.0,True,27.5,4840,6.1614,4.92
google,3000,20,linear,True,False,10.0,0.4,0.3,0.3,0,WOA,random,15,0.3333333333333333,E22,32.21,189.31,41,2.128302,87.611,5.6958,0.0,0,24.7979,4.1032,79.027,0.0,True,28.0,4840,6.152,5.08
google,3000,20,linear,True,False,10.0,0.4,0.3,0.3,0,WOA,random,16,0.3333333333333333,E22,32.21,189.31,41,2.123111,87.6412,5.9258,0.0,0,24.8979,4.1108,80.03,0.0,True,28.0,4840,6.1169,4.92
google,3000,20,linear,True,False,10.0,0.4,0.3,0.3,0,WOA,random,17,0.3333333333333333,E22,32.21,189.31,41,2.132474,87.5867,5.5109,0.0,0,24.8979,4.0984,79.389,0.0,True,28.5,4840,6.1724,4.69
google,3000,20,linear,True,False,10.0,0.4,0.3,0.3,0,WOA,random,18,0.3333333333333333,E22,32.21,189.31,41,2.122755,87.6433,5.9415,0.0,0,24.7979,4.1113,81.305,0.0,True,28.0,4840,6.1034,5.12
google,3000,20,linear,True,False,10.0,0.4,0.3,0.3,0,WOA,random,19,0.3333333333333333,E22,32.21,189.31,41,2.130532,87.598,5.597,0.0,0,24.8979,4.1071,79.586,0.0,True,28.0,4840,6.1415,4.85
google,3000,20,linear,True,False,10.0,0.4,0.3,0.3,0,WOA,random,20,0.3333333333333333,E22,32.21,189.31,41,2.115841,87.6835,6.2479,0.0,0,24.7479,4.0746,80.798,0.0,True,28.5,4840,6.1376,4.78
google,3000,20,linear,True,False,10.0,0.4,0.3,0.3,0,WOA,random,21,0.3333333333333333,E22,32.21,189.31,41,2.126533,87.6213,5.7741,0.0,0,24.8979,4.104,80.476,0.0,True,28.0,4840,6.2918,4.57
google,3000,20,linear,True,False,10.0,0.4,0.3,0.3,0,WOA,random,22,0.3333333333333333,E22,32.21,189.31,41,2.116986,87.6769,6.1972,0.0,0,24.7979,4.1066,81.423,0.0,True,28.0,4840,6.1671,4.6
google,3000,20,linear,True,False,10.0,0.4,0.3,0.3,0,WOA,random,23,0.3333333333333333,E22,32.21,189.31,41,2.128989,87.607,5.6653,0.0,0,24.8979,4.1101,80.469,0.0,True,28.0,4840,6.1306,4.78
google,3000,20,linear,True,False,10.0,0.4,0.3,0.3,0,WOA,random,24,0.3333333333333333,E22,32.21,189.31,41,2.127937,87.6131,5.7119,0.0,0,24.8979,4.113,78.843,0.0,True,28.5,4840,6.1286,4.85
google,3000,20,linear,True,False,10.0,0.4,0.3,0.3,0,WOA,random,25,0.3333333333333333,E22,32.21,189.31,41,2.121415,87.6511,6.0009,0.0,0,24.7979,4.0934,81.248,0.0,True,28.0,4840,6.1649,4.71
google,3000,20,linear,True,False,10.0,0.4,0.3,0.3,0,WOA,random,26,0.3333333333333333,E22,32.21,189.31,41,2.125665,87.6263,5.8126,0.0,0,24.8979,4.1113,79.404,0.0,True,28.0,4840,6.1043,4.71
google,3000,20,linear,True,False,10.0,0.4,0.3,0.3,0,WOA,random,27,0.3333333333333333,E22,32.21,189.31,41,2.111933,87.7063,6.4211,0.0,0,24.7479,4.0801,80.965,0.0,True,28.0,4840,6.1602,4.69
google,3000,20,linear,True,False,10.0,0.4,0.3,0.3,0,WOA,random,28,0.3333333333333333,E22,32.21,189.31,41,2.126548,87.6212,5.7735,0.0,0,24.8979,4.0961,79.999,0.0,True,28.5,4840,6.1045,5.08
google,3000,20,linear,True,False,10.0,0.4,0.3,0.3,0,WOA,random,29,0.3333333333333333,E22,32.21,189.31,41,2.12662,87.6208,5.7703,0.0,0,24.8479,4.1182,79.494,0.0,True,28.0,4840,6.2395,4.67
google,3000,20,linear,True,False,10.0,0.4,0.3,0.3,0,WOA,random,30,0.3333333333333333,E22,32.21,189.31,41,2.111154,87.7108,6.4556,0.0,0,24.7479,4.0747,80.221,0.0,True,28.5,4840,6.149,4.87
google,3000,20,linear,True,False,10.0,0.4,0.3,0.3,0,WOA,carbon,1,0.3333333333333333,E22,32.21,189.31,41,2.117318,87.6749,6.1825,0.0,0,24.7479,4.0976,80.127,0.0,True,28.0,4840,6.1029,4.57
google,3000,20,linear,True,False,10.0,0.4,0.3,0.3,0,WOA,carbon,2,0.3333333333333333,E22,32.21,189.31,41,2.097129,87.7924,7.077,0.0,0,24.7979,4.056,79.553,0.0,True,28.0,4840,6.1101,4.85
google,3000,20,linear,True,False,10.0,0.4,0.3,0.3,0,WOA,carbon,3,0.3333333333333333,E22,32.21,189.31,41,2.093143,87.8157,7.2537,0.0,0,24.7479,4.1017,80.745,0.0,True,28.0,4840,6.0519,4.78
google,3000,20,linear,True,False,10.0,0.4,0.3,0.3,0,WOA,carbon,4,0.3333333333333333,E22,32.21,189.31,41,2.017917,88.2535,10.5869,0.0,0,24.7979,4.064,77.498,0.0,True,26.5,4840,6.0521,4.98
google,3000,20,linear,True,False,10.0,0.4,0.3,0.3,0,WOA,carbon,5,0.3333333333333333,E22,32.21,189.31,41,2.039432,88.1283,9.6336,0.0,0,24.6979,4.0025,83.029,0.0,True,27.0,4840,6.0395,5.28
google,3000,20,linear,True,False,10.0,0.4,0.3,0.3,0,WOA,carbon,6,0.3333333333333333,E22,32.21,189.31,41,2.014701,88.2723,10.7294,0.0,0,24.9479,4.0197,75.821,0.0,True,28.0,4840,6.0546,5.01
google,3000,20,linear,True,False,10.0,0.4,0.3,0.3,0,WOA,carbon,7,0.3333333333333333,E22,32.21,189.31,41,2.070038,87.9501,8.2774,0.0,0,24.6479,4.0541,81.193,0.0,True,27.5,4840,6.1771,4.99
google,3000,20,linear,True,False,10.0,0.4,0.3,0.3,0,WOA,carbon,8,0.3333333333333333,E22,32.21,189.31,41,2.051767,88.0565,9.087,0.0,0,24.5979,4.047,82.546,0.0,True,27.5,4840,6.0445,4.87
google,3000,20,linear,True,False,10.0,0.4,0.3,0.3,0,WOA,carbon,9,0.3333333333333333,E22,32.21,189.31,41,2.076653,87.9116,7.9843,0.0,0,24.8979,4.0704,77.633,0.0,True,28.0,4840,6.0943,4.94
google,3000,20,linear,True,False,10.0,0.4,0.3,0.3,0,WOA,carbon,10,0.3333333333333333,E22,32.21,189.31,41,1.926062,88.7882,14.6569,0.0,0,24.5479,3.9345,78.543,0.0,True,26.5,4840,6.0467,4.69
google,3000,20,linear,True,False,10.0,0.4,0.3,0.3,0,WOA,carbon,11,0.3333333333333333,E22,32.21,189.31,41,1.972363,88.5187,12.6053,0.0,0,24.7479,3.9673,77.951,0.0,True,26.5,4840,6.0157,4.92
google,3000,20,linear,True,False,10.0,0.4,0.3,0.3,0,WOA,carbon,12,0.3333333333333333,E22,32.21,189.31,41,1.992836,88.3995,11.6982,0.0,0,24.7979,3.9971,80.012,0.0,True,27.0,4840,6.0242,4.73
google,3000,20,linear,True,False,10.0,0.4,0.3,0.3,0,WOA,carbon,13,0.3333333333333333,E22,32.21,189.31,41,2.07027,87.9488,8.2672,0.0,0,24.6479,4.0665,81.388,0.0,True,28.0,4840,6.0567,4.48
google,3000,20,linear,True,False,10.0,0.4,0.3,0.3,0,WOA,carbon,14,0.3333333333333333,E22,32.21,189.31,41,2.067443,87.9653,8.3924,0.0,0,24.7979,4.0089,80.391,0.0,True,27.0,4840,5.9994,5.24
google,3000,20,linear,True,False,10.0,0.4,0.3,0.3,0,WOA,carbon,15,0.3333333333333333,E22,32.21,189.31,41,2.057277,88.0244,8.8429,0.0,0,24.7479,4.0893,80.323,0.0,True,28.0,4840,6.0883,4.99
google,3000,20,linear,True,False,10.0,0.4,0.3,0.3,0,WOA,carbon,16,0.3333333333333333,E22,32.21,189.31,41,2.067224,87.9665,8.4021,0.0,0,24.7979,4.0773,81.68,0.0,True,27.5,4840,6.0655,4.78
google,3000,20,linear,True,False,10.0,0.4,0.3,0.3,0,WOA,carbon,17,0.3333333333333333,E22,32.21,189.31,41,2.072296,87.937,8.1774,0.0,0,24.7479,4.0532,81.905,0.0,True,27.5,4840,6.1189,4.64
google,3000,20,linear,True,False,10.0,0.4,0.3,0.3,0,WOA,carbon,18,0.3333333333333333,E22,32.21,189.31,41,1.983772,88.4523,12.0998,0.0,0,24.7479,4.035,77.382,0.0,True,26.5,4840,6.0296,4.83
google,3000,20,linear,True,False,10.0,0.4,0.3,0.3,0,WOA,carbon,19,0.3333333333333333,E22,32.21,189.31,41,2.109134,87.7226,6.5451,0.0,0,24.6979,4.0545,82.634,0.0,True,28.0,4840,6.0977,5.03
google,3000,20,linear,True,False,10.0,0.4,0.3,0.3,0,WOA,carbon,20,0.3333333333333333,E22,32.21,189.31,41,2.065575,87.9761,8.4752,0.0,0,24.6979,4.0545,82.946,0.0,True,28.0,4840,6.0232,5.08
google,3000,20,linear,True,False,10.0,0.4,0.3,0.3,0,WOA,carbon,21,0.3333333333333333,E22,32.21,189.31,41,2.061898,87.9975,8.6381,0.0,0,24.8979,4.0368,75.627,0.0,True,28.5,4840,6.0212,4.76
google,3000,20,linear,True,False,10.0,0.4,0.3,0.3,0,WOA,carbon,22,0.3333333333333333,E22,32.21,189.31,41,2.063428,87.9886,8.5703,0.0,0,24.6479,4.0537,81.896,0.0,True,28.0,4840,6.0653,5.17
google,3000,20,linear,True,False,10.0,0.4,0.3,0.3,0,WOA,carbon,23,0.3333333333333333,E22,32.21,189.31,41,1.919891,88.8242,14.9304,0.0,0,24.5479,3.9197,77.413,0.0,True,27.0,4840,6.0471,4.76
google,3000,20,linear,True,False,10.0,0.4,0.3,0.3,0,WOA,carbon,24,0.3333333333333333,E22,32.21,189.31,41,2.112109,87.7052,6.4133,0.0,0,24.7479,4.098,81.717,0.0,True,28.0,4840,6.0516,5.26
google,3000,20,linear,True,False,10.0,0.4,0.3,0.3,0,WOA,carbon,25,0.3333333333333333,E22,32.21,189.31,41,2.071446,87.9419,8.215,0.0,0,24.7479,4.0804,81.662,0.0,True,27.5,4840,6.0633,4.87
google,3000,20,linear,True,False,10.0,0.4,0.3,0.3,0,WOA,carbon,26,0.3333333333333333,E22,32.21,189.31,41,1.962094,88.5785,13.0604,0.0,0,24.5979,3.9465,78.319,0.0,True,27.0,4840,6.0254,5.24
google,3000,20,linear,True,False,10.0,0.4,0.3,0.3,0,WOA,carbon,27,0.3333333333333333,E22,32.21,189.31,41,1.992798,88.3998,11.6999,0.0,0,24.5979,3.9549,83.828,0.0,True,26.5,4840,6.0346,4.92
google,3000,20,linear,True,False,10.0,0.4,0.3,0.3,0,WOA,carbon,28,0.3333333333333333,E22,32.21,189.31,41,2.118176,87.6699,6.1445,0.0,0,24.8479,4.0903,80.144,0.0,True,28.5,4840,6.0622,4.66
google,3000,20,linear,True,False,10.0,0.4,0.3,0.3,0,WOA,carbon,29,0.3333333333333333,E22,32.21,189.31,41,2.06416,87.9844,8.5379,0.0,0,24.7479,4.0723,80.316,0.0,True,28.0,4840,6.0684,4.85
google,3000,20,linear,True,False,10.0,0.4,0.3,0.3,0,WOA,carbon,30,0.3333333333333333,E22,32.21,189.31,41,2.09717,87.7922,7.0752,0.0,0,24.6479,4.0634,86.769,0.0,True,27.0,4840,6.018,4.53
google,3000,20,linear,True,False,10.0,0.4,0.3,0.3,0,GWO,random,1,0.3333333333333333,E22,32.21,189.31,41,2.152719,87.4689,4.6138,0.0,0,24.6479,4.0713,87.105,0.0,True,26.0,4840,6.7848,4.39
google,3000,20,linear,True,False,10.0,0.4,0.3,0.3,0,GWO,random,2,0.3333333333333333,E22,32.21,189.31,41,2.15751,87.441,4.4016,0.0,0,24.6979,4.0798,86.197,0.0,True,26.5,4840,6.7517,4.39
google,3000,20,linear,True,False,10.0,0.4,0.3,0.3,0,GWO,random,3,0.3333333333333333,E22,32.21,189.31,41,2.162094,87.4143,4.1984,0.0,0,24.6979,4.0588,84.36,0.0,True,27.5,4840,6.7492,4.53
google,3000,20,linear,True,False,10.0,0.4,0.3,0.3,0,GWO,random,4,0.3333333333333333,E22,32.21,189.31,41,2.156015,87.4497,4.4678,0.0,0,24.6479,4.0531,86.947,0.0,True,26.0,4840,6.7487,4.62
google,3000,20,linear,True,False,10.0,0.4,0.3,0.3,0,GWO,random,5,0.3333333333333333,E22,32.21,189.31,41,2.156461,87.4471,4.4481,0.0,0,24.6479,4.0518,85.932,0.0,True,27.0,4840,6.7866,4.46
google,3000,20,linear,True,False,10.0,0.4,0.3,0.3,0,GWO,random,6,0.3333333333333333,E22,32.21,189.31,41,2.162827,87.41,4.166,0.0,0,24.7479,4.0681,85.31,0.0,True,27.5,4840,6.7616,4.23
google,3000,20,linear,True,False,10.0,0.4,0.3,0.3,0,GWO,random,7,0.3333333333333333,E22,32.21,189.31,41,2.159471,87.4296,4.3147,0.0,0,24.6979,4.0894,86.661,0.0,True,26.5,4840,6.7595,4.55
google,3000,20,linear,True,False,10.0,0.4,0.3,0.3,0,GWO,random,8,0.3333333333333333,E22,32.21,189.31,41,2.148601,87.4928,4.7963,0.0,0,24.5979,4.0483,87.488,0.0,True,26.0,4840,6.7338,4.73
google,3000,20,linear,True,False,10.0,0.4,0.3,0.3,0,GWO,random,9,0.3333333333333333,E22,32.21,189.31,41,2.133752,87.5793,5.4543,0.0,0,24.4979,4.0337,89.734,0.0,True,26.0,4840,6.7274,5.01
google,3000,20,linear,True,False,10.0,0.4,0.3,0.3,0,GWO,random,10,0.3333333333333333,E22,32.21,189.31,41,2.15787,87.4389,4.3856,0.0,0,24.6979,4.073,85.976,0.0,True,26.5,4840,6.7093,4.53
google,3000,20,linear,True,False,10.0,0.4,0.3,0.3,0,GWO,random,11,0.3333333333333333,E22,32.21,189.31,41,2.151212,87.4776,4.6806,0.0,0,24.6479,4.0511,87.148,0.0,True,26.5,4840,6.6885,4.69
google,3000,20,linear,True,False,10.0,0.4,0.3,0.3,0,GWO,random,12,0.3333333333333333,E22,32.21,189.31,41,2.148899,87.4911,4.7831,0.0,0,24.6979,4.0764,88.789,0.0,True,25.5,4840,6.694,4.71
google,3000,20,linear,True,False,10.0,0.4,0.3,0.3,0,GWO,random,13,0.3333333333333333,E22,32.21,189.31,41,2.166526,87.3885,4.0021,0.0,0,24.7479,4.0921,82.858,0.0,True,27.5,4840,6.7313,4.34
google,3000,20,linear,True,False,10.0,0.4,0.3,0.3,0,GWO,random,14,0.3333333333333333,E22,32.21,189.31,41,2.135392,87.5697,5.3816,0.0,0,24.4479,4.0125,87.96,0.0,True,26.5,4840,6.7061,4.94
google,3000,20,linear,True,False,10.0,0.4,0.3,0.3,0,GWO,random,15,0.3333333333333333,E22,32.21,189.31,41,2.160252,87.425,4.2801,0.0,0,24.7479,4.0801,84.654,0.0,True,27.0,4840,6.6676,4.32
google,3000,20,linear,True,False,10.0,0.4,0.3,0.3,0,GWO,random,16,0.3333333333333333,E22,32.21,189.31,41,2.164321,87.4013,4.0998,0.0,0,24.6979,4.0665,86.423,0.0,True,26.5,4840,6.6645,4.39
google,3000,20,linear,True,False,10.0,0.4,0.3,0.3,0,GWO,random,17,0.3333333333333333,E22,32.21,189.31,41,2.154454,87.4588,4.537,0.0,0,24.6979,4.0832,86.012,0.0,True,26.5,4840,6.7446,4.48
google,3000,20,linear,True,False,10.0,0.4,0.3,0.3,0,GWO,random,18,0.3333333333333333,E22,32.21,189.31,41,2.158736,87.4338,4.3473,0.0,0,24.7479,4.0692,86.233,0.0,True,26.5,4840,6.7211,4.46
google,3000,20,linear,True,False,10.0,0.4,0.3,0.3,0,GWO,random,19,0.3333333333333333,E22,32.21,189.31,41,2.14525,87.5123,4.9448,0.0,0,24.6479,4.0531,86.866,0.0,True,26.5,4840,6.7066,4.5
google,3000,20,linear,True,False,10.0,0.4,0.3,0.3,0,GWO,random,20,0.3333333333333333,E22,32.21,189.31,41,2.152919,87.4677,4.605,0.0,0,24.6979,4.0554,85.09,0.0,True,26.5,4840,6.7096,4.46
google,3000,20,linear,True,False,10.0,0.4,0.3,0.3,0,GWO,random,21,0.3333333333333333,E22,32.21,189.31,41,2.154915,87.4561,4.5166,0.0,0,24.6979,4.0569,87.138,0.0,True,26.0,4840,6.7554,4.5
google,3000,20,linear,True,False,10.0,0.4,0.3,0.3,0,GWO,random,22,0.3333333333333333,E22,32.21,189.31,41,2.147914,87.4968,4.8268,0.0,0,24.6479,4.0695,85.991,0.0,True,26.5,4840,6.7037,4.64
google,3000,20,linear,True,False,10.0,0.4,0.3,0.3,0,GWO,random,23,0.3333333333333333,E22,32.21,189.31,41,2.142246,87.5298,5.0779,0.0,0,24.5979,4.0398,89.168,0.0,True,25.5,4840,6.6881,4.92
google,3000,20,linear,True,False,10.0,0.4,0.3,0.3,0,GWO,random,24,0.3333333333333333,E22,32.21,189.31,41,2.157943,87.4384,4.3824,0.0,0,24.7479,4.0661,85.066,0.0,True,27.5,4840,6.6634,4.37
google,3000,20,linear,True,False,10.0,0.4,0.3,0.3,0,GWO,random,25,0.3333333333333333,E22,32.21,189.31,41,2.156348,87.4477,4.4531,0.0,0,24.6479,4.0709,85.769,0.0,True,27.5,4840,6.7619,4.41
google,3000,20,linear,True,False,10.0,0.4,0.3,0.3,0,GWO,random,26,0.3333333333333333,E22,32.21,189.31,41,2.151557,87.4756,4.6654,0.0,0,24.6479,4.0528,86.871,0.0,True,26.5,4840,6.7289,4.48
google,3000,20,linear,True,False,10.0,0.4,0.3,0.3,0,GWO,random,27,0.3333333333333333,E22,32.21,189.31,41,2.139214,87.5475,5.2123,0.0,0,24.5479,4.0419,86.451,0.0,True,27.0,4840,6.71,4.71
google,3000,20,linear,True,False,10.0,0.4,0.3,0.3,0,GWO,random,28,0.3333333333333333,E22,32.21,189.31,41,2.155033,87.4554,4.5113,0.0,0,24.6479,4.0668,87.111,0.0,True,26.5,4840,6.7061,4.39
google,3000,20,linear,True,False,10.0,0.4,0.3,0.3,0,GWO,random,29,0.3333333333333333,E22,32.21,189.31,41,2.158171,87.4371,4.3723,0.0,0,24.6979,4.0904,86.286,0.0,True,26.5,4840,6.7748,4.34
google,3000,20,linear,True,False,10.0,0.4,0.3,0.3,0,GWO,random,30,0.3333333333333333,E22,32.21,189.31,41,2.159272,87.4307,4.3235,0.0,0,24.6979,4.0582,84.704,0.0,True,27.5,4840,6.7134,4.39
google,3000,20,linear,True,False,10.0,0.4,0.3,0.3,0,GWO,carbon,1,0.3333333333333333,E22,32.21,189.31,41,2.132567,87.5862,5.5068,0.0,0,24.4979,4.0252,87.001,0.0,True,26.5,4840,6.6555,4.73
google,3000,20,linear,True,False,10.0,0.4,0.3,0.3,0,GWO,carbon,2,0.3333333333333333,E22,32.21,189.31,41,2.121225,87.6522,6.0093,0.0,0,24.3479,3.9869,91.622,0.0,True,25.5,4840,6.662,5.22
google,3000,20,linear,True,False,10.0,0.4,0.3,0.3,0,GWO,carbon,11,0.3333333333333333,E22,32.21,189.31,41,2.141621,87.5335,5.1056,0.0,0,24.5979,4.0137,87.449,0.0,True,26.0,4840,6.7057,4.69
google,3000,20,linear,True,False,10.0,0.4,0.3,0.3,0,GWO,carbon,12,0.3333333333333333,E22,32.21,189.31,41,2.154239,87.46,4.5465,0.0,0,24.6479,4.0587,84.867,0.0,True,27.0,4840,6.6704,4.39
google,3000,20,linear,True,False,10.0,0.4,0.3,0.3,0,GWO,carbon,13,0.3333333333333333,E22,32.21,189.31,41,2.15402,87.4613,4.5562,0.0,0,24.6979,4.0633,84.731,0.0,True,27.5,4840,6.6673,4.41
google,3000,20,linear,True,False,10.0,0.4,0.3,0.3,0,GWO,carbon,14,0.3333333333333333,E22,32.21,189.31,41,2.159465,87.4296,4.315,0.0,0,24.6979,4.0736,83.81,0.0,True,27.5,4840,6.7302,4.34
google,3000,20,linear,True,False,10.0,0.4,0.3,0.3,0,GWO,carbon,15,0.3333333333333333,E22,32.21,189.31,41,2.156007,87.4497,4.4682,0.0,0,24.6979,4.0681,86.8,0.0,True,27.0,4840,6.7044,4.3
google,3000,20,linear,True,False,10.0,0.4,0.3,0.3,0,GWO,carbon,16,0.3333333333333333,E22,32.21,189.31,41,2.159619,87.4287,4.3081,0.0,0,24.7479,4.0914,85.021,0.0,True,27.5,4840,6.6991,4.3
google,3000,20,linear,True,False,10.0,0.4,0.3,0.3,0,GWO,carbon,17,0.3333333333333333,E22,32.21,189.31,41,2.15421,87.4602,4.5478,0.0,0,24.6979,4.0421,86.328,0.0,True,26.5,4840,6.6632,4.32
google,3000,20,linear,True,False,10.0,0.4,0.3,0.3,0,GWO,carbon,18,0.3333333333333333,E22,32.21,189.31,41,2.155606,87.452,4.4859,0.0,0,24.6979,4.0672,85.792,0.0,True,27.0,4840,6.6622,4.41
google,3000,20,linear,True,False,10.0,0.4,0.3,0.3,0,GWO,carbon,3,0.3333333333333333,E22,32.21,189.31,41,2.141377,87.5349,5.1164,0.0,0,24.6479,4.0396,87.673,0.0,True,25.5,4840,7.1037,4.44
google,3000,20,linear,True,False,10.0,0.4,0.3,0.3,0,GWO,carbon,4,0.3333333333333333,E22,32.21,189.31,41,2.135891,87.5668,5.3595,0.0,0,24.4979,4.0398,88.912,0.0,True,27.0,4840,7.0202,4.8
google,3000,20,linear,True,False,10.0,0.4,0.3,0.3,0,GWO,carbon,5,0.3333333333333333,E22,32.21,189.31,41,2.159983,87.4266,4.292,0.0,0,24.7479,4.0702,84.46,0.0,True,27.5,4840,7.0214,4.23
google,3000,20,linear,True,False,10.0,0.4,0.3,0.3,0,GWO,carbon,6,0.3333333333333333,E22,32.21,189.31,41,2.162826,87.41,4.166,0.0,0,24.6979,4.0664,85.778,0.0,True,26.5,4840,7.0665,4.39
google,3000,20,linear,True,False,10.0,0.4,0.3,0.3,0,GWO,carbon,7,0.3333333333333333,E22,32.21,189.31,41,2.140185,87.5418,5.1692,0.0,0,24.5979,4.0531,86.776,0.0,True,27.0,4840,6.9915,4.46
google,3000,20,linear,True,False,10.0,0.4,0.3,0.3,0,GWO,carbon,8,0.3333333333333333,E22,32.21,189.31,41,2.164153,87.4023,4.1072,0.0,0,24.7479,4.0714,84.651,0.0,True,27.0,4840,6.9835,4.3
google,3000,20,linear,True,False,10.0,0.4,0.3,0.3,0,GWO,carbon,9,0.3333333333333333,E22,32.21,189.31,41,2.154281,87.4598,4.5446,0.0,0,24.7979,4.0805,85.131,0.0,True,27.0,4840,7.0085,4.37
google,3000,20,linear,True,False,10.0,0.4,0.3,0.3,0,GWO,carbon,10,0.3333333333333333,E22,32.21,189.31,41,2.152674,87.4691,4.6159,0.0,0,24.6979,4.0716,86.897,0.0,True,27.0,4840,7.0223,4.3
google,3000,20,linear,True,False,10.0,0.4,0.3,0.3,0,PSO,random,5,0.3333333333333333,E22,32.21,189.31,41,2.151809,87.4741,4.6542,0.0,0,24.7979,4.0927,83.468,0.0,True,27.5,4840,6.2686,8.23
google,3000,20,linear,True,False,10.0,0.4,0.3,0.3,0,PSO,random,6,0.3333333333333333,E22,32.21,189.31,41,2.160669,87.4226,4.2616,0.0,0,24.7479,4.0723,84.437,0.0,True,27.0,4840,6.2811,8.02
google,3000,20,linear,True,False,10.0,0.4,0.3,0.3,0,PSO,random,7,0.3333333333333333,E22,32.21,189.31,41,2.160834,87.4216,4.2543,0.0,0,24.6979,4.0912,84.582,0.0,True,27.0,4840,6.2237,8.32
google,3000,20,linear,True,False,10.0,0.4,0.3,0.3,0,PSO,random,8,0.3333333333333333,E22,32.21,189.31,41,2.156318,87.4479,4.4544,0.0,0,24.6979,4.0643,84.219,0.0,True,27.5,4840,6.2134,8.04
google,3000,20,linear,True,False,10.0,0.4,0.3,0.3,0,PSO,random,9,0.3333333333333333,E22,32.21,189.31,41,2.153832,87.4624,4.5646,0.0,0,24.7479,4.0908,84.669,0.0,True,27.5,4840,6.2082,8.22
google,3000,20,linear,True,False,10.0,0.4,0.3,0.3,0,PSO,random,10,0.3333333333333333,E22,32.21,189.31,41,2.159856,87.4273,4.2976,0.0,0,24.6979,4.0811,84.374,0.0,True,27.5,4840,6.2229,7.92
google,3000,20,linear,True,False,10.0,0.4,0.3,0.3,0,PSO,random,11,0.3333333333333333,E22,32.21,189.31,41,2.148295,87.4946,4.8099,0.0,0,24.5979,4.0749,86.21,0.0,True,27.0,4840,6.2559,8.25
google,3000,20,linear,True,False,10.0,0.4,0.3,0.3,0,PSO,random,12,0.3333333333333333,E22,32.21,189.31,41,2.152933,87.4676,4.6044,0.0,0,24.6979,4.065,84.944,0.0,True,27.5,4840,6.5482,8.06
google,3000,20,linear,True,False,10.0,0.4,0.3,0.3,0,PSO,random,13,0.3333333333333333,E22,32.21,189.31,41,2.150887,87.4795,4.695,0.0,0,24.6979,4.0644,85.324,0.0,True,26.5,4840,6.2631,8.25
google,3000,20,linear,True,False,10.0,0.4,0.3,0.3,0,PSO,random,14,0.3333333333333333,E22,32.21,189.31,41,2.153385,87.465,4.5843,0.0,0,24.6479,4.054,85.5,0.0,True,26.5,4840,6.2236,7.9
google,3000,20,linear,True,False,10.0,0.4,0.3,0.3,0,PSO,random,15,0.3333333333333333,E22,32.21,189.31,41,2.155388,87.4533,4.4956,0.0,0,24.6979,4.0839,85.479,0.0,True,26.5,4840,6.1974,7.95
google,3000,20,linear,True,False,10.0,0.4,0.3,0.3,0,PSO,random,16,0.3333333333333333,E22,32.21,189.31,41,2.147582,87.4988,4.8415,0.0,0,24.6479,4.0652,85.614,0.0,True,26.5,4840,6.1933,8.25
google,3000,20,linear,True,False,10.0,0.4,0.3,0.3,0,PSO,random,17,0.3333333333333333,E22,32.21,189.31,41,2.148729,87.4921,4.7907,0.0,0,24.6979,4.0668,87.118,0.0,True,26.5,4840,6.1928,8.34
google,3000,20,linear,True,False,10.0,0.4,0.3,0.3,0,PSO,random,18,0.3333333333333333,E22,32.21,189.31,41,2.151898,87.4736,4.6502,0.0,0,24.6479,4.0891,86.193,0.0,True,27.0,4840,6.1871,8.2
google,3000,20,linear,True,False,10.0,0.4,0.3,0.3,0,PSO,random,19,0.3333333333333333,E22,32.21,189.31,41,2.149519,87.4875,4.7557,0.0,0,24.6979,4.0639,85.757,0.0,True,27.5,4840,6.2434,8.16
google,3000,20,linear,True,False,10.0,0.4,0.3,0.3,0,PSO,random,20,0.3333333333333333,E22,32.21,189.31,41,2.155469,87.4528,4.492,0.0,0,24.6479,4.0459,85.419,0.0,True,27.0,4840,6.6101,8.18
google,3000,20,linear,True,False,10.0,0.4,0.3,0.3,0,GWO,carbon,27,0.3333333333333333,E22,32.21,189.31,41,2.143789,87.5208,5.0096,0.0,0,24.5979,4.0482,87.009,0.0,True,26.0,4840,6.6907,4.51
google,3000,20,linear,True,False,10.0,0.4,0.3,0.3,0,GWO,carbon,28,0.3333333333333333,E22,32.21,189.31,41,2.161435,87.4181,4.2276,0.0,0,24.7479,4.0667,85.34,0.0,True,27.0,4840,6.6862,4.32
google,3000,20,linear,True,False,10.0,0.4,0.3,0.3,0,GWO,carbon,29,0.3333333333333333,E22,32.21,189.31,41,2.153388,87.465,4.5842,0.0,0,24.7479,4.0777,86.965,0.0,True,26.0,4840,6.6148,4.3
google,3000,20,linear,True,False,10.0,0.4,0.3,0.3,0,GWO,carbon,30,0.3333333333333333,E22,32.21,189.31,41,2.151838,87.474,4.6529,0.0,0,24.7479,4.0632,84.881,0.0,True,26.5,4840,6.6403,4.48
google,3000,20,linear,True,False,10.0,0.4,0.3,0.3,0,PSO,random,1,0.3333333333333333,E22,32.21,189.31,41,2.149898,87.4853,4.7389,0.0,0,24.6979,4.0686,85.732,0.0,True,26.5,4840,6.2399,8.52
google,3000,20,linear,True,False,10.0,0.4,0.3,0.3,0,PSO,random,2,0.3333333333333333,E22,32.21,189.31,41,2.146425,87.5055,4.8928,0.0,0,24.6479,4.0747,85.876,0.0,True,27.0,4840,6.2088,8.11
google,3000,20,linear,True,False,10.0,0.4,0.3,0.3,0,PSO,random,3,0.3333333333333333,E22,32.21,189.31,41,2.151723,87.4746,4.658,0.0,0,24.6479,4.0634,86.069,0.0,True,26.5,4840,6.3274,7.88
google,3000,20,linear,True,False,10.0,0.4,0.3,0.3,0,PSO,random,4,0.3333333333333333,E22,32.21,189.31,41,2.14439,87.5173,4.9829,0.0,0,24.6979,4.0575,85.84,0.0,True,27.0,4840,6.7742,8.11
google,3000,20,linear,True,False,10.0,0.4,0.3,0.3,0,GWO,carbon,19,0.3333333333333333,E22,32.21,189.31,41,2.141179,87.536,5.1252,0.0,0,24.5479,4.0268,87.763,0.0,True,26.0,4840,6.7269,5.29
google,3000,20,linear,True,False,10.0,0.4,0.3,0.3,0,GWO,carbon,20,0.3333333333333333,E22,32.21,189.31,41,2.125597,87.6267,5.8156,0.0,0,24.4479,4.0228,89.718,0.0,True,26.0,4840,6.7062,4.92
google,3000,20,linear,True,False,10.0,0.4,0.3,0.3,0,GWO,carbon,21,0.3333333333333333,E22,32.21,189.31,41,2.149552,87.4873,4.7542,0.0,0,24.6979,4.0657,85.827,0.0,True,27.5,4840,6.6716,4.5
google,3000,20,linear,True,False,10.0,0.4,0.3,0.3,0,GWO,carbon,22,0.3333333333333333,E22,32.21,189.31,41,2.151312,87.477,4.6762,0.0,0,24.7979,4.0839,86.382,0.0,True,27.0,4840,6.6556,4.44
google,3000,20,linear,True,False,10.0,0.4,0.3,0.3,0,GWO,carbon,23,0.3333333333333333,E22,32.21,189.31,41,2.156951,87.4442,4.4263,0.0,0,24.6979,4.0568,86.495,0.0,True,27.5,4840,6.6278,4.27
google,3000,20,linear,True,False,10.0,0.4,0.3,0.3,0,GWO,carbon,24,0.3333333333333333,E22,32.21,189.31,41,2.15017,87.4837,4.7268,0.0,0,24.6979,4.0609,84.915,0.0,True,27.0,4840,6.6724,4.46
google,3000,20,linear,True,False,10.0,0.4,0.3,0.3,0,GWO,carbon,25,0.3333333333333333,E22,32.21,189.31,41,2.139573,87.5454,5.1963,0.0,0,24.5979,4.0541,87.577,0.0,True,26.0,4840,6.8479,4.68
google,3000,20,linear,True,False,10.0,0.4,0.3,0.3,0,GWO,carbon,26,0.3333333333333333,E22,32.21,189.31,41,2.150768,87.4802,4.7003,0.0,0,24.7479,4.0781,85.931,0.0,True,27.0,4840,7.266,4.46
google,3000,20,linear,True,False,10.0,0.4,0.3,0.3,0,PSO,random,21,0.3333333333333333,E22,32.21,189.31,41,2.155579,87.4522,4.4871,0.0,0,24.6479,4.0621,84.939,0.0,True,27.0,4840,6.24,8.27
google,3000,20,linear,True,False,10.0,0.4,0.3,0.3,0,PSO,random,22,0.3333333333333333,E22,32.21,189.31,41,2.156697,87.4457,4.4376,0.0,0,24.6979,4.0753,85.609,0.0,True,26.5,4840,6.2127,8.41
google,3000,20,linear,True,False,10.0,0.4,0.3,0.3,0,PSO,random,23,0.3333333333333333,E22,32.21,189.31,41,2.169377,87.3719,3.8758,0.0,0,24.7479,4.0791,83.343,0.0,True,27.5,4840,6.1814,7.81
google,3000,20,linear,True,False,10.0,0.4,0.3,0.3,0,PSO,random,24,0.3333333333333333,E22,32.21,189.31,41,2.162436,87.4123,4.1833,0.0,0,24.6979,4.0743,83.719,0.0,True,27.0,4840,6.1883,7.99
google,3000,20,linear,True,False,10.0,0.4,0.3,0.3,0,PSO,random,25,0.3333333333333333,E22,32.21,189.31,41,2.151505,87.4759,4.6676,0.0,0,24.6479,4.0654,85.936,0.0,True,27.0,4840,6.1834,8.15
google,3000,20,linear,True,False,10.0,0.4,0.3,0.3,0,PSO,random,26,0.3333333333333333,E22,32.21,189.31,41,2.147474,87.4994,4.8463,0.0,0,24.6979,4.073,86.065,0.0,True,26.5,4840,6.2424,8.25
google,3000,20,linear,True,False,10.0,0.4,0.3,0.3,0,PSO,random,27,0.3333333333333333,E22,32.21,189.31,41,2.157061,87.4436,4.4215,0.0,0,24.7479,4.0584,84.77,0.0,True,26.5,4840,6.5273,8.11
google,3000,20,linear,True,False,10.0,0.4,0.3,0.3,0,PSO,random,28,0.3333333333333333,E22,32.21,189.31,41,2.155477,87.4528,4.4917,0.0,0,24.7979,4.112,85.43,0.0,True,27.0,4840,6.6641,8.73
google,3000,20,linear,True,False,10.0,0.4,0.3,0.3,0,PSO,random,29,0.3333333333333333,E22,32.21,189.31,41,2.156172,87.4488,4.4608,0.0,0,24.5979,4.0395,86.249,0.0,True,26.5,4840,6.1898,8.04
google,3000,20,linear,True,False,10.0,0.4,0.3,0.3,0,PSO,random,30,0.3333333333333333,E22,32.21,189.31,41,2.15784,87.439,4.3869,0.0,0,24.6979,4.0592,84.92,0.0,True,27.0,4840,6.1792,7.97
google,3000,20,linear,True,False,10.0,0.4,0.3,0.3,0,PSO,carbon,1,0.3333333333333333,E22,32.21,189.31,41,2.121467,87.6508,5.9986,0.0,0,24.6479,4.0625,84.867,0.0,True,27.0,4840,6.1428,8.15
google,3000,20,linear,True,False,10.0,0.4,0.3,0.3,0,PSO,carbon,2,0.3333333333333333,E22,32.21,189.31,41,2.105015,87.7465,6.7276,0.0,0,24.6479,4.041,86.146,0.0,True,26.5,4840,6.1485,7.92
google,3000,20,linear,True,False,10.0,0.4,0.3,0.3,0,PSO,carbon,3,0.3333333333333333,E22,32.21,189.31,41,2.135466,87.5693,5.3783,0.0,0,24.6979,4.075,84.974,0.0,True,27.0,4840,6.2807,8.25
google,3000,20,linear,True,False,10.0,0.4,0.3,0.3,0,PSO,carbon,4,0.3333333333333333,E22,32.21,189.31,41,2.123298,87.6401,5.9175,0.0,0,24.6979,4.0632,83.112,0.0,True,27.5,4840,6.7341,8.22
google,3000,20,linear,True,False,10.0,0.4,0.3,0.3,0,PSO,carbon,5,0.3333333333333333,E22,32.21,189.31,41,2.135641,87.5683,5.3706,0.0,0,24.7479,4.0668,84.54,0.0,True,27.0,4840,6.2942,7.88
google,3000,20,linear,True,False,10.0,0.4,0.3,0.3,0,PSO,carbon,6,0.3333333333333333,E22,32.21,189.31,41,2.131892,87.5901,5.5367,0.0,0,24.6479,4.0713,84.928,0.0,True,27.0,4840,6.14,8.04
google,3000,20,linear,True,False,10.0,0.4,0.3,0.3,0,PSO,carbon,7,0.3333333333333333,E22,32.21,189.31,41,2.129279,87.6053,5.6525,0.0,0,24.6979,4.0723,85.855,0.0,True,27.0,4840,6.1506,7.93
google,3000,20,linear,True,False,10.0,0.4,0.3,0.3,0,PSO,carbon,8,0.3333333333333333,E22,32.21,189.31,41,2.123618,87.6383,5.9033,0.0,0,24.6479,4.0382,86.622,0.0,True,26.5,4840,6.1654,8.06
google,3000,20,linear,True,False,10.0,0.4,0.3,0.3,0,PSO,carbon,9,0.3333333333333333,E22,32.21,189.31,41,2.134092,87.5773,5.4392,0.0,0,24.7479,4.0663,85.403,0.0,True,27.0,4840,6.3532,7.9
google,3000,20,linear,True,False,10.0,0.4,0.3,0.3,0,PSO,carbon,10,0.3333333333333333,E22,32.21,189.31,41,2.138446,87.5519,5.2463,0.0,0,24.6979,4.0717,84.724,0.0,True,27.0,4840,6.668,7.9
google,3000,20,linear,True,False,10.0,0.4,0.3,0.3,0,PSO,carbon,11,0.3333333333333333,E22,32.21,189.31,41,2.126052,87.6241,5.7955,0.0,0,24.6979,4.0399,84.736,0.0,True,27.0,4840,6.2082,7.85
google,3000,20,linear,True,False,10.0,0.4,0.3,0.3,0,PSO,carbon,12,0.3333333333333333,E22,32.21,189.31,41,2.13436,87.5757,5.4273,0.0,0,24.6979,4.0513,84.902,0.0,True,27.0,4840,6.1658,8.04
google,3000,20,linear,True,False,10.0,0.4,0.3,0.3,0,PSO,carbon,13,0.3333333333333333,E22,32.21,189.31,41,2.127697,87.6145,5.7226,0.0,0,24.6479,4.0556,85.673,0.0,True,26.5,4840,6.2164,8.02
google,3000,20,linear,True,False,10.0,0.4,0.3,0.3,0,PSO,carbon,14,0.3333333333333333,E22,32.21,189.31,41,2.130393,87.5988,5.6031,0.0,0,24.6979,4.051,85.473,0.0,True,27.0,4840,6.1841,8.04
google,3000,20,linear,True,False,10.0,0.4,0.3,0.3,0,PSO,carbon,15,0.3333333333333333,E22,32.21,189.31,41,2.120765,87.6549,6.0297,0.0,0,24.6479,4.0534,85.366,0.0,True,27.0,4840,6.1366,8.06
google,3000,20,linear,True,False,10.0,0.4,0.3,0.3,0,PSO,carbon,16,0.3333333333333333,E22,32.21,189.31,41,2.132804,87.5848,5.4963,0.0,0,24.6479,4.0685,85.276,0.0,True,27.0,4840,6.1476,7.92
google,3000,20,linear,True,False,10.0,0.4,0.3,0.3,0,PSO,carbon,17,0.3333333333333333,E22,32.21,189.31,41,2.120614,87.6557,6.0364,0.0,0,24.6979,4.0616,84.01,0.0,True,27.5,4840,6.3295,8.06
google,3000,20,linear,True,False,10.0,0.4,0.3,0.3,0,PSO,carbon,18,0.3333333333333333,E22,32.21,189.31,41,2.114029,87.6941,6.3282,0.0,0,24.5979,4.0494,87.087,0.0,True,27.0,4840,6.7326,8.11
google,3000,20,linear,True,False,10.0,0.4,0.3,0.3,0,PSO,carbon,19,0.3333333333333333,E22,32.21,189.31,41,2.133471,87.5809,5.4667,0.0,0,24.6979,4.0689,84.56,0.0,True,27.5,4840,6.1648,7.85
google,3000,20,linear,True,False,10.0,0.4,0.3,0.3,0,PSO,carbon,20,0.3333333333333333,E22,32.21,189.31,41,2.127444,87.616,5.7338,0.0,0,24.7479,4.0672,85.306,0.0,True,26.5,4840,6.1245,7.88
google,3000,20,linear,True,False,10.0,0.4,0.3,0.3,0,PSO,carbon,21,0.3333333333333333,E22,32.21,189.31,41,2.124095,87.6355,5.8822,0.0,0,24.6479,4.0642,86.271,0.0,True,27.0,4840,6.1737,8.06
google,3000,20,linear,True,False,10.0,0.4,0.3,0.3,0,PSO,carbon,22,0.3333333333333333,E22,32.21,189.31,41,2.128325,87.6109,5.6947,0.0,0,24.7479,4.0622,85.084,0.0,True,26.5,4840,6.164,7.88
google,3000,20,linear,True,False,10.0,0.4,0.3,0.3,0,PSO,carbon,23,0.3333333333333333,E22,32.21,189.31,41,2.130656,87.5973,5.5915,0.0,0,24.6979,4.0812,85.83,0.0,True,27.0,4840,6.1903,7.95
google,3000,20,linear,True,False,10.0,0.4,0.3,0.3,0,PSO,carbon,24,0.3333333333333333,E22,32.21,189.31,41,2.120765,87.6549,6.0297,0.0,0,24.5979,4.0336,86.135,0.0,True,26.5,4840,6.175,8.22
google,3000,20,linear,True,False,10.0,0.4,0.3,0.3,0,PSO,carbon,25,0.3333333333333333,E22,32.21,189.31,41,2.121728,87.6493,5.987,0.0,0,24.5479,4.0475,87.267,0.0,True,26.5,4840,6.4667,7.92
google,3000,20,linear,True,False,10.0,0.4,0.3,0.3,0,PSO,carbon,26,0.3333333333333333,E22,32.21,189.31,41,2.119265,87.6636,6.0962,0.0,0,24.6979,4.0641,85.4,0.0,True,26.5,4840,6.6899,8.15
google,3000,20,linear,True,False,10.0,0.4,0.3,0.3,0,PSO,carbon,27,0.3333333333333333,E22,32.21,189.31,41,2.124762,87.6316,5.8526,0.0,0,24.6479,4.0391,85.004,0.0,True,27.0,4840,6.1498,8.02
google,3000,20,linear,True,False,10.0,0.4,0.3,0.3,0,PSO,carbon,28,0.3333333333333333,E22,32.21,189.31,41,2.139591,87.5453,5.1956,0.0,0,24.8479,4.0727,82.347,0.0,True,27.5,4840,6.172,7.85
google,3000,20,linear,True,False,10.0,0.4,0.3,0.3,0,PSO,carbon,29,0.3333333333333333,E22,32.21,189.31,41,2.132034,87.5893,5.5304,0.0,0,24.6479,4.0609,84.496,0.0,True,27.0,4840,6.2241,8.27
google,3000,20,linear,True,False,10.0,0.4,0.3,0.3,0,PSO,carbon,30,0.3333333333333333,E22,32.21,189.31,41,2.119045,87.6649,6.1059,0.0,0,24.6479,4.0632,86.289,0.0,True,26.5,4840,6.2055,8.13
google,3000,20,linear,True,False,10.0,0.4,0.3,0.3,0,DE,random,1,0.3333333333333333,E22,32.21,189.31,41,2.127764,87.6141,5.7196,0.0,0,24.4479,4.0166,90.478,0.0,True,26.0,4840,6.0441,5.1
google,3000,20,linear,True,False,10.0,0.4,0.3,0.3,0,DE,random,2,0.3333333333333333,E22,32.21,189.31,41,2.132449,87.5868,5.512,0.0,0,24.5479,4.0475,88.934,0.0,True,26.0,4840,6.0588,4.64
google,3000,20,linear,True,False,10.0,0.4,0.3,0.3,0,DE,random,3,0.3333333333333333,E22,32.21,189.31,41,2.119343,87.6631,6.0927,0.0,0,24.4479,4.0297,87.808,0.0,True,27.0,4840,6.3237,5.28
google,3000,20,linear,True,False,10.0,0.4,0.3,0.3,0,DE,random,4,0.3333333333333333,E22,32.21,189.31,41,2.124256,87.6345,5.875,0.0,0,24.3979,3.9984,88.656,0.0,True,26.5,4840,6.4265,5.14
google,3000,20,linear,True,False,10.0,0.4,0.3,0.3,0,DE,random,5,0.3333333333333333,E22,32.21,189.31,41,2.1315,87.5924,5.554,0.0,0,24.5979,4.05,86.295,0.0,True,27.0,4840,6.0075,4.96
google,3000,20,linear,True,False,10.0,0.4,0.3,0.3,0,DE,random,6,0.3333333333333333,E22,32.21,189.31,41,2.129081,87.6064,5.6612,0.0,0,24.5979,4.0301,87.316,0.0,True,26.5,4840,5.9991,5.1
google,3000,20,linear,True,False,10.0,0.4,0.3,0.3,0,DE,random,7,0.3333333333333333,E22,32.21,189.31,41,2.133206,87.5824,5.4785,0.0,0,24.5979,4.0735,86.797,0.0,True,26.5,4840,6.0561,4.92
google,3000,20,linear,True,False,10.0,0.4,0.3,0.3,0,DE,random,8,0.3333333333333333,E22,32.21,189.31,41,2.124905,87.6308,5.8463,0.0,0,24.4979,4.0144,87.238,0.0,True,27.0,4840,6.0089,4.8
google,3000,20,linear,True,False,10.0,0.4,0.3,0.3,0,DE,random,9,0.3333333333333333,E22,32.21,189.31,41,2.128118,87.6121,5.7039,0.0,0,24.4979,4.0487,89.19,0.0,True,26.5,4840,6.0482,4.8
google,3000,20,linear,True,False,10.0,0.4,0.3,0.3,0,DE,random,10,0.3333333333333333,E22,32.21,189.31,41,2.135602,87.5685,5.3723,0.0,0,24.5479,4.0477,86.967,0.0,True,27.0,4840,6.3043,5.35
google,3000,20,linear,True,False,10.0,0.4,0.3,0.3,0,DE,random,11,0.3333333333333333,E22,32.21,189.31,41,2.117242,87.6754,6.1858,0.0,0,24.3979,3.9922,88.928,0.0,True,27.0,4840,6.5086,5.53
google,3000,20,linear,True,False,10.0,0.4,0.3,0.3,0,DE,random,12,0.3333333333333333,E22,32.21,189.31,41,2.139607,87.5452,5.1948,0.0,0,24.6479,4.0607,87.486,0.0,True,26.5,4840,6.0221,4.69
google,3000,20,linear,True,False,10.0,0.4,0.3,0.3,0,DE,random,13,0.3333333333333333,E22,32.21,189.31,41,2.133479,87.5809,5.4664,0.0,0,24.5479,4.0282,87.62,0.0,True,26.5,4840,6.0427,4.8
google,3000,20,linear,True,False,10.0,0.4,0.3,0.3,0,DE,random,14,0.3333333333333333,E22,32.21,189.31,41,2.128726,87.6085,5.677,0.0,0,24.4979,4.023,88.471,0.0,True,26.5,4840,6.05,4.98
google,3000,20,linear,True,False,10.0,0.4,0.3,0.3,0,DE,random,15,0.3333333333333333,E22,32.21,189.31,41,2.115918,87.6831,6.2445,0.0,0,24.2979,3.9856,90.865,0.0,True,26.5,4840,6.024,5.17
google,3000,20,linear,True,False,10.0,0.4,0.3,0.3,0,DE,random,16,0.3333333333333333,E22,32.21,189.31,41,2.118222,87.6697,6.1424,0.0,0,24.4479,4.0042,89.477,0.0,True,26.0,4840,6.0784,5.28
google,3000,20,linear,True,False,10.0,0.4,0.3,0.3,0,DE,random,17,0.3333333333333333,E22,32.21,189.31,41,2.139398,87.5464,5.2041,0.0,0,24.5979,4.0436,86.702,0.0,True,26.5,4840,6.505,4.78
google,3000,20,linear,True,False,10.0,0.4,0.3,0.3,0,DE,random,18,0.3333333333333333,E22,32.21,189.31,41,2.119985,87.6594,6.0643,0.0,0,24.3479,4.001,90.361,0.0,True,26.0,4840,7.0083,5.26
google,3000,20,linear,True,False,10.0,0.4,0.3,0.3,0,DE,random,19,0.3333333333333333,E22,32.21,189.31,41,2.104481,87.7497,6.7513,0.0,0,24.2979,3.9765,91.515,0.0,True,25.5,4840,6.6052,5.6
google,3000,20,linear,True,False,10.0,0.4,0.3,0.3,0,DE,random,20,0.3333333333333333,E22,32.21,189.31,41,2.127905,87.6133,5.7133,0.0,0,24.4979,4.0479,88.533,0.0,True,26.5,4840,6.3814,5.19
google,3000,20,linear,True,False,10.0,0.4,0.3,0.3,0,DE,random,21,0.3333333333333333,E22,32.21,189.31,41,2.130402,87.5988,5.6027,0.0,0,24.4979,4.0108,87.645,0.0,True,26.5,4840,6.4462,5.11
google,3000,20,linear,True,False,10.0,0.4,0.3,0.3,0,DE,random,22,0.3333333333333333,E22,32.21,189.31,41,2.137027,87.5602,5.3092,0.0,0,24.5479,4.034,87.053,0.0,True,26.5,4840,6.4346,4.69
google,3000,20,linear,True,False,10.0,0.4,0.3,0.3,0,DE,random,23,0.3333333333333333,E22,32.21,189.31,41,2.106112,87.7402,6.679,0.0,0,24.2979,3.9943,89.72,0.0,True,26.5,4840,6.4649,5.59
google,3000,20,linear,True,False,10.0,0.4,0.3,0.3,0,DE,random,24,0.3333333333333333,E22,32.21,189.31,41,2.140474,87.5401,5.1564,0.0,0,24.6479,4.0552,85.201,0.0,True,27.0,4840,6.5246,4.83
google,3000,20,linear,True,False,10.0,0.4,0.3,0.3,0,DE,carbon,3,0.3333333333333333,E22,32.21,189.31,41,2.081594,87.8829,7.7654,0.0,0,24.3979,3.9916,88.946,0.0,True,26.5,4840,6.2442,5.35
google,3000,20,linear,True,False,10.0,0.4,0.3,0.3,0,DE,carbon,4,0.3333333333333333,E22,32.21,189.31,41,2.066777,87.9691,8.4219,0.0,0,24.3979,3.9887,88.859,0.0,True,26.0,4840,5.9151,5.51
google,3000,20,linear,True,False,10.0,0.4,0.3,0.3,0,DE,carbon,5,0.3333333333333333,E22,32.21,189.31,41,2.084734,87.8646,7.6262,0.0,0,24.5479,4.0161,86.337,0.0,True,27.0,4840,5.9467,4.82
google,3000,20,linear,True,False,10.0,0.4,0.3,0.3,0,DE,carbon,6,0.3333333333333333,E22,32.21,189.31,41,2.078684,87.8998,7.8943,0.0,0,24.4979,3.9901,86.998,0.0,True,28.0,4840,5.9567,5.19
google,3000,20,linear,True,False,10.0,0.4,0.3,0.3,0,DE,carbon,7,0.3333333333333333,E22,32.21,189.31,41,2.094937,87.8052,7.1742,0.0,0,24.5979,4.0295,85.742,0.0,True,27.0,4840,5.9451,4.85
google,3000,20,linear,True,False,10.0,0.4,0.3,0.3,0,DE,carbon,8,0.3333333333333333,E22,32.21,189.31,41,2.082007,87.8805,7.7471,0.0,0,24.4979,3.9904,86.721,0.0,True,27.0,4840,6.0026,5.21
google,3000,20,linear,True,False,10.0,0.4,0.3,0.3,0,DE,carbon,9,0.3333333333333333,E22,32.21,189.31,41,2.088991,87.8398,7.4376,0.0,0,24.4979,3.9985,87.985,0.0,True,26.5,4840,6.0216,4.82
google,3000,20,linear,True,False,10.0,0.4,0.3,0.3,0,DE,carbon,10,0.3333333333333333,E22,32.21,189.31,41,2.104566,87.7492,6.7475,0.0,0,24.5479,4.0145,87.795,0.0,True,27.5,4840,6.3007,4.75
google,3000,20,linear,True,False,10.0,0.4,0.3,0.3,0,DE,random,25,0.3333333333333333,E22,32.21,189.31,41,2.13091,87.5958,5.5802,0.0,0,24.5479,4.0157,87.31,0.0,True,27.0,4840,6.514,4.8
google,3000,20,linear,True,False,10.0,0.4,0.3,0.3,0,DE,random,26,0.3333333333333333,E22,32.21,189.31,41,2.124775,87.6315,5.8521,0.0,0,24.4979,4.0259,89.316,0.0,True,26.0,4840,5.9886,5.08
google,3000,20,linear,True,False,10.0,0.4,0.3,0.3,0,DE,random,27,0.3333333333333333,E22,32.21,189.31,41,2.131775,87.5908,5.5419,0.0,0,24.4979,4.0544,88.36,0.0,True,26.5,4840,6.0394,4.85
google,3000,20,linear,True,False,10.0,0.4,0.3,0.3,0,DE,random,28,0.3333333333333333,E22,32.21,189.31,41,2.107638,87.7313,6.6114,0.0,0,24.3979,3.9947,90.695,0.0,True,25.5,4840,6.0446,5.28
google,3000,20,linear,True,False,10.0,0.4,0.3,0.3,0,DE,random,29,0.3333333333333333,E22,32.21,189.31,41,2.107316,87.7331,6.6256,0.0,0,24.2479,3.9883,91.274,0.0,True,26.0,4840,6.0421,5.47
google,3000,20,linear,True,False,10.0,0.4,0.3,0.3,0,DE,random,30,0.3333333333333333,E22,32.21,189.31,41,2.134387,87.5756,5.4261,0.0,0,24.5479,4.0346,88.559,0.0,True,26.0,4840,6.08,4.89
google,3000,20,linear,True,False,10.0,0.4,0.3,0.3,0,DE,carbon,1,0.3333333333333333,E22,32.21,189.31,41,2.081258,87.8848,7.7803,0.0,0,24.4479,4.0053,87.368,0.0,True,27.0,4840,6.0265,5.19
google,3000,20,linear,True,False,10.0,0.4,0.3,0.3,0,DE,carbon,2,0.3333333333333333,E22,32.21,189.31,41,2.073357,87.9308,8.1304,0.0,0,24.4479,3.9835,87.127,0.0,True,27.0,4840,6.3541,5.1
google,3000,20,linear,True,False,10.0,0.4,0.3,0.3,0,DE,carbon,11,0.3333333333333333,E22,32.21,189.31,41,2.055651,88.0339,8.9149,0.0,0,24.3479,3.9744,90.15,0.0,True,26.0,4840,6.1699,6.84
google,3000,20,linear,True,False,10.0,0.4,0.3,0.3,0,DE,carbon,12,0.3333333333333333,E22,32.21,189.31,41,2.102533,87.761,6.8376,0.0,0,24.5979,4.0455,87.154,0.0,True,26.5,4840,5.9303,4.92
google,3000,20,linear,True,False,10.0,0.4,0.3,0.3,0,DE,carbon,13,0.3333333333333333,E22,32.21,189.31,41,2.056637,88.0282,8.8712,0.0,0,24.3979,3.9843,88.064,0.0,True,27.5,4840,5.9821,5.8
google,3000,20,linear,True,False,10.0,0.4,0.3,0.3,0,DE,carbon,14,0.3333333333333333,E22,32.21,189.31,41,2.070962,87.9448,8.2365,0.0,0,24.3979,3.9927,89.069,0.0,True,27.0,4840,6.0036,6.96
google,3000,20,linear,True,False,10.0,0.4,0.3,0.3,0,DE,carbon,15,0.3333333333333333,E22,32.21,189.31,41,2.080621,87.8885,7.8085,0.0,0,24.4479,4.0035,89.419,0.0,True,26.0,4840,5.9478,5.15
google,3000,20,linear,True,False,10.0,0.4,0.3,0.3,0,DE,carbon,16,0.3333333333333333,E22,32.21,189.31,41,2.096553,87.7958,7.1025,0.0,0,24.4479,4.0119,88.528,0.0,True,26.5,4840,6.0094,4.69
google,3000,20,linear,True,False,10.0,0.4,0.3,0.3,0,DE,carbon,17,0.3333333333333333,E22,32.21,189.31,41,2.103076,87.7578,6.8135,0.0,0,24.5479,4.0155,85.913,0.0,True,27.0,4840,6.0333,4.83
google,3000,20,linear,True,False,10.0,0.4,0.3,0.3,0,DE,carbon,18,0.3333333333333333,E22,32.21,189.31,41,2.09866,87.7835,7.0092,0.0,0,24.4979,4.0275,86.636,0.0,True,27.0,4840,6.3578,4.78
google,3000,20,linear,True,False,10.0,0.4,0.3,0.3,0,DE,carbon,19,0.3333333333333333,E22,32.21,189.31,41,2.092809,87.8176,7.2685,0.0,0,24.5479,4.026,87.482,0.0,True,27.5,4840,5.9977,4.83
google,3000,20,linear,True,False,10.0,0.4,0.3,0.3,0,DE,carbon,20,0.3333333333333333,E22,32.21,189.31,41,2.07899,87.898,7.8807,0.0,0,24.4479,3.9802,88.558,0.0,True,27.0,4840,5.9333,5.43
google,3000,20,linear,True,False,10.0,0.4,0.3,0.3,0,DE,carbon,21,0.3333333333333333,E22,32.21,189.31,41,2.080207,87.891,7.8268,0.0,0,24.4479,3.9995,88.505,0.0,True,26.5,4840,5.9847,4.94
google,3000,20,linear,True,False,10.0,0.4,0.3,0.3,0,DE,carbon,22,0.3333333333333333,E22,32.21,189.31,41,2.078506,87.9009,7.9022,0.0,0,24.3979,3.9918,88.893,0.0,True,26.5,4840,5.9742,5.22
google,3000,20,linear,True,False,10.0,0.4,0.3,0.3,0,DE,carbon,23,0.3333333333333333,E22,32.21,189.31,41,2.073481,87.9301,8.1249,0.0,0,24.4479,4.0008,87.146,0.0,True,27.0,4840,6.008,5.17
google,3000,20,linear,True,False,10.0,0.4,0.3,0.3,0,DE,carbon,24,0.3333333333333333,E22,32.21,189.31,41,2.050425,88.0643,9.1464,0.0,0,24.4479,3.9689,87.444,0.0,True,28.0,4840,6.0195,6.55
google,3000,20,linear,True,False,10.0,0.4,0.3,0.3,0,DE,carbon,25,0.3333333333333333,E22,32.21,189.31,41,2.05467,88.0396,8.9584,0.0,0,24.4979,3.9808,86.778,0.0,True,27.0,4840,6.267,5.2
google,3000,20,linear,True,False,10.0,0.4,0.3,0.3,0,DE,carbon,26,0.3333333333333333,E22,32.21,189.31,41,2.079998,87.8922,7.8361,0.0,0,24.4479,3.9864,88.698,0.0,True,26.5,4840,6.1773,5.29
google,3000,20,linear,True,False,10.0,0.4,0.3,0.3,0,DE,carbon,27,0.3333333333333333,E22,32.21,189.31,41,2.081629,87.8827,7.7638,0.0,0,24.3979,3.9943,89.078,0.0,True,26.5,4840,5.9367,5.33
google,3000,20,linear,True,False,10.0,0.4,0.3,0.3,0,DE,carbon,28,0.3333333333333333,E22,32.21,189.31,41,2.105105,87.746,6.7236,0.0,0,24.5479,4.0327,85.957,0.0,True,27.5,4840,5.9272,4.87
google,3000,20,linear,True,False,10.0,0.4,0.3,0.3,0,DE,carbon,29,0.3333333333333333,E22,32.21,189.31,41,2.100506,87.7728,6.9274,0.0,0,24.4979,4.0093,88.235,0.0,True,26.5,4840,5.9768,5.03
google,3000,20,linear,True,False,10.0,0.4,0.3,0.3,0,DE,carbon,30,0.3333333333333333,E22,32.21,189.31,41,2.055473,88.0349,8.9228,0.0,0,24.4479,3.995,86.668,0.0,True,27.0,4840,5.9387,5.37
google,3000,20,linear,True,False,10.0,0.4,0.3,0.3,0,HHO,random,1,0.3333333333333333,E22,32.21,189.31,41,2.124109,87.6354,5.8816,0.0,0,24.7979,4.0945,81.229,0.0,True,28.0,8922,8.8921,4.68
google,3000,20,linear,True,False,10.0,0.4,0.3,0.3,0,HHO,random,2,0.3333333333333333,E22,32.21,189.31,41,2.110053,87.7172,6.5044,0.0,0,24.7979,4.0691,80.643,0.0,True,28.0,8888,9.1929,5.08
google,3000,20,linear,True,False,10.0,0.4,0.3,0.3,0,HHO,random,3,0.3333333333333333,E22,32.21,189.31,41,2.098533,87.7843,7.0148,0.0,0,24.6979,4.0856,80.924,0.0,True,28.5,8928,9.1692,5.08
google,3000,20,linear,True,False,10.0,0.4,0.3,0.3,0,HHO,random,4,0.3333333333333333,E22,32.21,189.31,41,2.127273,87.617,5.7414,0.0,0,24.7479,4.0647,82.548,0.0,True,28.0,8840,9.1627,4.91
google,3000,20,linear,True,False,10.0,0.4,0.3,0.3,0,HHO,random,5,0.3333333333333333,E22,32.21,189.31,41,2.117008,87.6767,6.1962,0.0,0,24.7479,4.0942,81.959,0.0,True,28.0,8790,8.6607,5.01
google,3000,20,linear,True,False,10.0,0.4,0.3,0.3,0,HHO,random,6,0.3333333333333333,E22,32.21,189.31,41,2.103693,87.7542,6.7862,0.0,0,24.6979,4.0847,81.85,0.0,True,28.0,8974,8.8152,4.73
google,3000,20,linear,True,False,10.0,0.4,0.3,0.3,0,HHO,random,7,0.3333333333333333,E22,32.21,189.31,41,2.099968,87.7759,6.9513,0.0,0,24.6479,4.0453,82.551,0.0,True,27.5,8856,8.8087,5.22
google,3000,20,linear,True,False,10.0,0.4,0.3,0.3,0,HHO,random,8,0.3333333333333333,E22,32.21,189.31,41,2.105338,87.7447,6.7133,0.0,0,24.6979,4.0657,81.369,0.0,True,28.0,8942,9.2216,5.06
google,3000,20,linear,True,False,10.0,0.4,0.3,0.3,0,HHO,random,9,0.3333333333333333,E22,32.21,189.31,41,2.114728,87.69,6.2972,0.0,0,24.6979,4.0882,81.659,0.0,True,28.0,8856,9.1361,4.99
google,3000,20,linear,True,False,10.0,0.4,0.3,0.3,0,HHO,random,10,0.3333333333333333,E22,32.21,189.31,41,2.115803,87.6837,6.2496,0.0,0,24.7479,4.0561,79.678,0.0,True,28.5,8842,9.1111,5.13
google,3000,20,linear,True,False,10.0,0.4,0.3,0.3,0,HHO,random,11,0.3333333333333333,E22,32.21,189.31,41,2.123197,87.6407,5.922,0.0,0,24.7979,4.0948,80.12,0.0,True,28.5,8922,8.9773,5.01
google,3000,20,linear,True,False,10.0,0.4,0.3,0.3,0,HHO,random,12,0.3333333333333333,E22,32.21,189.31,41,2.101924,87.7645,6.8646,0.0,0,24.5979,4.0625,82.7,0.0,True,28.0,9024,9.0743,5.03
google,3000,20,linear,True,False,10.0,0.4,0.3,0.3,0,HHO,random,21,0.3333333333333333,E22,32.21,189.31,41,2.108678,87.7252,6.5653,0.0,0,24.7479,4.0756,81.153,0.0,True,28.0,8854,8.8034,5.06
google,3000,20,linear,True,False,10.0,0.4,0.3,0.3,0,HHO,random,22,0.3333333333333333,E22,32.21,189.31,41,2.12536,87.6281,5.8261,0.0,0,24.8479,4.1187,77.716,0.0,True,28.5,8944,9.2154,4.89
google,3000,20,linear,True,False,10.0,0.4,0.3,0.3,0,HHO,random,23,0.3333333333333333,E22,32.21,189.31,41,2.103602,87.7548,6.7902,0.0,0,24.6479,4.0708,82.771,0.0,True,28.0,8858,9.0643,5.59
google,3000,20,linear,True,False,10.0,0.4,0.3,0.3,0,HHO,random,24,0.3333333333333333,E22,32.21,189.31,41,2.11545,87.6858,6.2652,0.0,0,24.7979,4.0963,80.455,0.0,True,28.0,9002,9.3972,4.73
google,3000,20,linear,True,False,10.0,0.4,0.3,0.3,0,HHO,random,25,0.3333333333333333,E22,32.21,189.31,41,2.104601,87.7489,6.7459,0.0,0,24.6479,4.0617,82.165,0.0,True,28.0,8876,8.958,5.29
google,3000,20,linear,True,False,10.0,0.4,0.3,0.3,0,HHO,random,26,0.3333333333333333,E22,32.21,189.31,41,2.108686,87.7252,6.5649,0.0,0,24.6979,4.0668,82.748,0.0,True,28.0,8918,9.0513,5.2
google,3000,20,linear,True,False,10.0,0.4,0.3,0.3,0,HHO,random,27,0.3333333333333333,E22,32.21,189.31,41,2.105415,87.7442,6.7099,0.0,0,24.6479,4.0736,81.462,0.0,True,28.0,8852,8.9823,4.7
google,3000,20,linear,True,False,10.0,0.4,0.3,0.3,0,HHO,random,28,0.3333333333333333,E22,32.21,189.31,41,2.115051,87.6881,6.2829,0.0,0,24.7479,4.1023,81.538,0.0,True,28.0,8900,8.9072,5.27
google,3000,20,linear,True,False,10.0,0.4,0.3,0.3,0,HHO,random,13,0.3333333333333333,E22,32.21,189.31,41,2.110424,87.7151,6.4879,0.0,0,24.7479,4.0999,80.032,0.0,True,28.0,9036,9.0094,5.41
google,3000,20,linear,True,False,10.0,0.4,0.3,0.3,0,HHO,random,14,0.3333333333333333,E22,32.21,189.31,41,2.115388,87.6862,6.268,0.0,0,24.7979,4.0913,80.897,0.0,True,28.0,8782,9.1266,4.99
google,3000,20,linear,True,False,10.0,0.4,0.3,0.3,0,HHO,random,15,0.3333333333333333,E22,32.21,189.31,41,2.122042,87.6474,5.9731,0.0,0,24.8479,4.0971,79.5,0.0,True,28.0,8838,9.047,4.89
google,3000,20,linear,True,False,10.0,0.4,0.3,0.3,0,HHO,random,16,0.3333333333333333,E22,32.21,189.31,41,2.118584,87.6676,6.1263,0.0,0,24.8479,4.1106,81.415,0.0,True,28.0,8782,9.2225,5.2
google,3000,20,linear,True,False,10.0,0.4,0.3,0.3,0,HHO,random,17,0.3333333333333333,E22,32.21,189.31,41,2.106443,87.7382,6.6643,0.0,0,24.7479,4.1152,81.421,0.0,True,28.0,8838,9.0179,5.34
google,3000,20,linear,True,False,10.0,0.4,0.3,0.3,0,HHO,random,18,0.3333333333333333,E22,32.21,189.31,41,2.114096,87.6937,6.3252,0.0,0,24.6979,4.1046,82.343,0.0,True,28.0,8950,9.1199,5.38
google,3000,20,linear,True,False,10.0,0.4,0.3,0.3,0,HHO,random,19,0.3333333333333333,E22,32.21,189.31,41,2.10536,87.7445,6.7123,0.0,0,24.7479,4.0759,81.465,0.0,True,28.0,8912,9.0972,4.78
google,3000,20,linear,True,False,10.0,0.4,0.3,0.3,0,HHO,random,20,0.3333333333333333,E22,32.21,189.31,41,2.112648,87.7021,6.3894,0.0,0,24.7979,4.0997,79.899,0.0,True,28.5,8922,9.0007,5.29
google,3000,20,linear,True,False,10.0,0.4,0.3,0.3,0,HHO,random,29,0.3333333333333333,E22,32.21,189.31,41,2.120625,87.6557,6.0359,0.0,0,24.8479,4.0937,79.267,0.0,True,28.5,8998,8.9964,4.85
google,3000,20,linear,True,False,10.0,0.4,0.3,0.3,0,HHO,random,30,0.3333333333333333,E22,32.21,189.31,41,2.11091,87.7122,6.4664,0.0,0,24.7979,4.08,80.509,0.0,True,28.0,8996,9.2829,5.34
google,3000,20,linear,True,False,10.0,0.4,0.3,0.3,0,HHO,carbon,1,0.3333333333333333,E22,32.21,189.31,41,2.065211,87.9782,8.4913,0.0,0,24.6479,4.0848,84.065,0.0,True,27.5,8922,9.1008,5.15
google,3000,20,linear,True,False,10.0,0.4,0.3,0.3,0,HHO,carbon,2,0.3333333333333333,E22,32.21,189.31,41,2.112725,87.7017,6.386,0.0,0,24.7979,4.0834,80.839,0.0,True,28.0,8888,9.1919,4.78
google,3000,20,linear,True,False,10.0,0.4,0.3,0.3,0,HHO,carbon,3,0.3333333333333333,E22,32.21,189.31,41,1.958308,88.6005,13.2282,0.0,0,24.7479,3.9658,76.382,0.0,True,27.0,8928,8.9556,4.99
google,3000,20,linear,True,False,10.0,0.4,0.3,0.3,0,HHO,carbon,4,0.3333333333333333,E22,32.21,189.31,41,1.979563,88.4768,12.2863,0.0,0,24.8479,3.9722,75.251,0.0,True,27.5,8840,8.9895,4.92
google,3000,20,linear,True,False,10.0,0.4,0.3,0.3,0,HHO,carbon,5,0.3333333333333333,E22,32.21,189.31,41,2.010523,88.2966,10.9145,0.0,0,24.6479,4.0337,82.463,0.0,True,26.5,8790,8.8726,5.2
google,3000,20,linear,True,False,10.0,0.4,0.3,0.3,0,HHO,carbon,6,0.3333333333333333,E22,32.21,189.31,41,1.991516,88.4072,11.7567,0.0,0,24.7979,4.0033,77.49,0.0,True,27.0,8974,8.8711,4.87
google,3000,20,linear,True,False,10.0,0.4,0.3,0.3,0,HHO,carbon,7,0.3333333333333333,E22,32.21,189.31,41,1.974695,88.5051,12.502,0.0,0,24.7979,3.9652,74.429,0.0,True,28.0,8856,8.9198,4.75
google,3000,20,linear,True,False,10.0,0.4,0.3,0.3,0,HHO,carbon,8,0.3333333333333333,E22,32.21,189.31,41,1.941806,88.6966,13.9593,0.0,0,24.7479,3.9572,73.32,0.0,True,27.0,8942,9.2586,6.11
google,3000,20,linear,True,False,10.0,0.4,0.3,0.3,0,HHO,carbon,9,0.3333333333333333,E22,32.21,189.31,41,1.953664,88.6276,13.4339,0.0,0,24.6479,3.945,76.641,0.0,True,26.5,8856,9.1192,4.89
google,3000,20,linear,True,False,10.0,0.4,0.3,0.3,0,HHO,carbon,10,0.3333333333333333,E22,32.21,189.31,41,1.926282,88.787,14.6472,0.0,0,24.4979,3.9116,79.614,0.0,True,26.0,8842,9.1968,4.8
google,3000,20,linear,True,False,10.0,0.4,0.3,0.3,0,HHO,carbon,11,0.3333333333333333,E22,32.21,189.31,41,2.05974,88.0101,8.7337,0.0,0,24.7979,4.043,81.936,0.0,True,28.0,8922,8.9782,5.34
google,3000,20,linear,True,False,10.0,0.4,0.3,0.3,0,HHO,carbon,12,0.3333333333333333,E22,32.21,189.31,41,1.941431,88.6988,13.9759,0.0,0,24.6979,3.9416,77.377,0.0,True,27.0,9024,9.1075,4.96
google,3000,20,linear,True,False,10.0,0.4,0.3,0.3,0,HHO,carbon,13,0.3333333333333333,E22,32.21,189.31,41,1.937696,88.7205,14.1415,0.0,0,24.6479,3.9438,76.719,0.0,True,27.0,9036,9.1108,4.78
google,3000,20,linear,True,False,10.0,0.4,0.3,0.3,0,HHO,carbon,14,0.3333333333333333,E22,32.21,189.31,41,1.999233,88.3623,11.4148,0.0,0,24.6979,4.0104,81.443,0.0,True,27.0,8782,8.7854,5.85
google,3000,20,linear,True,False,10.0,0.4,0.3,0.3,0,HHO,carbon,15,0.3333333333333333,E22,32.21,189.31,41,2.088609,87.842,7.4546,0.0,0,24.7479,4.1052,80.893,0.0,True,28.0,8838,9.0341,4.92
google,3000,20,linear,True,False,10.0,0.4,0.3,0.3,0,HHO,carbon,16,0.3333333333333333,E22,32.21,189.31,41,1.976974,88.4919,12.4011,0.0,0,24.7479,3.96,77.264,0.0,True,27.0,8782,9.0462,5.36
google,3000,20,linear,True,False,10.0,0.4,0.3,0.3,0,HHO,carbon,17,0.3333333333333333,E22,32.21,189.31,41,2.11059,87.7141,6.4806,0.0,0,24.7979,4.102,79.463,0.0,True,28.5,8838,9.3303,5.34
google,3000,20,linear,True,False,10.0,0.4,0.3,0.3,0,HHO,carbon,18,0.3333333333333333,E22,32.21,189.31,41,2.01237,88.2858,10.8326,0.0,0,24.6979,3.9674,79.036,0.0,True,27.5,8950,9.064,5.43
google,3000,20,linear,True,False,10.0,0.4,0.3,0.3,0,HHO,carbon,19,0.3333333333333333,E22,32.21,189.31,41,1.965358,88.5595,12.9158,0.0,0,24.7479,3.981,75.422,0.0,True,27.0,8912,9.0303,4.96
google,3000,20,linear,True,False,10.0,0.4,0.3,0.3,0,HHO,carbon,20,0.3333333333333333,E22,32.21,189.31,41,2.008074,88.3108,11.023,0.0,0,24.8479,4.0115,78.918,0.0,True,27.5,8922,9.0424,4.94
google,3000,20,linear,True,False,10.0,0.4,0.3,0.3,0,HHO,carbon,21,0.3333333333333333,E22,32.21,189.31,41,1.958587,88.5989,13.2158,0.0,0,24.5979,3.953,76.548,0.0,True,27.0,8854,8.8753,5.13
google,3000,20,linear,True,False,10.0,0.4,0.3,0.3,0,HHO,carbon,22,0.3333333333333333,E22,32.21,189.31,41,1.929905,88.7659,14.4867,0.0,0,24.6479,3.9433,75.299,0.0,True,26.5,8944,8.511,5.64
google,3000,20,linear,True,False,10.0,0.4,0.3,0.3,0,HHO,carbon,23,0.3333333333333333,E22,32.21,189.31,41,1.930612,88.7618,14.4553,0.0,0,24.5979,3.9358,80.436,0.0,True,26.5,8858,9.7299,4.69
google,3000,20,linear,True,False,10.0,0.4,0.3,0.3,0,HHO,carbon,24,0.3333333333333333,E22,32.21,189.31,41,1.972884,88.5157,12.5823,0.0,0,24.6479,3.9517,79.964,0.0,True,27.0,9002,9.8455,5.1
google,3000,20,linear,True,False,10.0,0.4,0.3,0.3,0,HHO,carbon,25,0.3333333333333333,E22,32.21,189.31,41,2.121988,87.6477,5.9756,0.0,0,24.7479,4.0901,80.914,0.0,True,28.5,8876,9.5792,4.66
google,3000,20,linear,True,False,10.0,0.4,0.3,0.3,0,HHO,carbon,26,0.3333333333333333,E22,32.21,189.31,41,1.960388,88.5884,13.1359,0.0,0,24.6979,3.9497,75.346,0.0,True,27.0,8918,9.4663,4.73
google,3000,20,linear,True,False,10.0,0.4,0.3,0.3,0,HHO,carbon,27,0.3333333333333333,E22,32.21,189.31,41,1.948883,88.6554,13.6458,0.0,0,24.7479,3.9647,71.726,0.0,True,27.0,8852,9.4641,4.75
google,3000,20,linear,True,False,10.0,0.4,0.3,0.3,0,HHO,carbon,28,0.3333333333333333,E22,32.21,189.31,41,1.950557,88.6457,13.5716,0.0,0,24.7479,3.9491,75.691,0.0,True,27.5,8900,9.4023,4.94
google,3000,20,linear,True,False,10.0,0.4,0.3,0.3,0,HHO,carbon,29,0.3333333333333333,E22,32.21,189.31,41,2.067962,87.9622,8.3694,0.0,0,24.6979,4.0545,81.555,0.0,True,27.5,8998,9.0891,5.22
google,3000,20,linear,True,False,10.0,0.4,0.3,0.3,0,HHO,carbon,30,0.3333333333333333,E22,32.21,189.31,41,1.915761,88.8482,15.1134,0.0,0,24.4979,3.9116,79.788,0.0,True,27.0,8996,8.466,5.43
google,3000,20,linear,True,False,10.0,0.4,0.3,0.3,0,GA,random,1,0.3333333333333333,E22,32.21,189.31,41,2.119769,87.6607,6.0739,0.0,0,24.5479,4.0327,87.396,0.0,True,27.0,4840,11.1364,7.23
google,3000,20,linear,True,False,10.0,0.4,0.3,0.3,0,GA,random,2,0.3333333333333333,E22,32.21,189.31,41,2.112852,87.7009,6.3804,0.0,0,24.4479,4.0117,89.39,0.0,True,26.0,4840,11.127,7.37
google,3000,20,linear,True,False,10.0,0.4,0.3,0.3,0,GA,random,3,0.3333333333333333,E22,32.21,189.31,41,2.102379,87.7619,6.8444,0.0,0,24.4479,4.0151,90.843,0.0,True,25.5,4840,10.9508,7.51
google,3000,20,linear,True,False,10.0,0.4,0.3,0.3,0,GA,random,4,0.3333333333333333,E22,32.21,189.31,41,2.114009,87.6942,6.3291,0.0,0,24.4979,4.0076,89.129,0.0,True,26.0,4840,10.9326,7.42
google,3000,20,linear,True,False,10.0,0.4,0.3,0.3,0,GA,random,5,0.3333333333333333,E22,32.21,189.31,41,2.117261,87.6753,6.185,0.0,0,24.5479,4.0322,87.622,0.0,True,27.0,4840,10.7046,7.19
google,3000,20,linear,True,False,10.0,0.4,0.3,0.3,0,GA,random,6,0.3333333333333333,E22,32.21,189.31,41,2.107787,87.7304,6.6048,0.0,0,24.4479,4.0018,89.961,0.0,True,26.5,4840,9.7364,7.35
google,3000,20,linear,True,False,10.0,0.4,0.3,0.3,0,GA,random,7,0.3333333333333333,E22,32.21,189.31,41,2.113357,87.698,6.358,0.0,0,24.4979,4.0217,87.489,0.0,True,27.0,4840,9.4221,6.98
google,3000,20,linear,True,False,10.0,0.4,0.3,0.3,0,GA,random,8,0.3333333333333333,E22,32.21,189.31,41,2.115902,87.6832,6.2452,0.0,0,24.4479,4.001,90.01,0.0,True,27.0,4840,9.2429,6.9
google,3000,20,linear,True,False,10.0,0.4,0.3,0.3,0,GA,random,9,0.3333333333333333,E22,32.21,189.31,41,2.121797,87.6489,5.984,0.0,0,24.5979,4.037,87.152,0.0,True,27.0,4840,11.2004,7.39
google,3000,20,linear,True,False,10.0,0.4,0.3,0.3,0,GA,random,10,0.3333333333333333,E22,32.21,189.31,41,2.111057,87.7114,6.4599,0.0,0,24.4979,4.0292,88.531,0.0,True,26.5,4840,11.1031,7.28
google,3000,20,linear,True,False,10.0,0.4,0.3,0.3,0,GA,random,11,0.3333333333333333,E22,32.21,189.31,41,2.107011,87.7349,6.6391,0.0,0,24.4479,4.0228,90.241,0.0,True,26.0,4840,10.9673,7.37
google,3000,20,linear,True,False,10.0,0.4,0.3,0.3,0,GA,random,12,0.3333333333333333,E22,32.21,189.31,41,2.115583,87.685,6.2593,0.0,0,24.5479,4.0281,89.269,0.0,True,26.0,4840,10.9888,7.23
google,3000,20,linear,True,False,10.0,0.4,0.3,0.3,0,GA,random,13,0.3333333333333333,E22,32.21,189.31,41,2.109096,87.7228,6.5468,0.0,0,24.3979,4.0069,89.915,0.0,True,26.0,4840,10.7621,7.18
google,3000,20,linear,True,False,10.0,0.4,0.3,0.3,0,GA,random,14,0.3333333333333333,E22,32.21,189.31,41,2.11231,87.7041,6.4044,0.0,0,24.5479,4.02,87.99,0.0,True,26.5,4840,9.7459,7.19
google,3000,20,linear,True,False,10.0,0.4,0.3,0.3,0,GA,random,15,0.3333333333333333,E22,32.21,189.31,41,2.114144,87.6934,6.3231,0.0,0,24.5479,4.007,87.458,0.0,True,27.0,4840,9.4062,6.99
google,3000,20,linear,True,False,10.0,0.4,0.3,0.3,0,GA,random,16,0.3333333333333333,E22,32.21,189.31,41,2.118039,87.6707,6.1505,0.0,0,24.4979,4.0383,88.395,0.0,True,26.5,4840,9.2818,7.3
google,3000,20,linear,True,False,10.0,0.4,0.3,0.3,0,GA,random,17,0.3333333333333333,E22,32.21,189.31,41,2.115244,87.687,6.2743,0.0,0,24.5479,4.0072,89.032,0.0,True,26.5,4840,11.1837,7.54
google,3000,20,linear,True,False,10.0,0.4,0.3,0.3,0,GA,random,18,0.3333333333333333,E22,32.21,189.31,41,2.119108,87.6645,6.1032,0.0,0,24.4479,3.9991,88.409,0.0,True,26.5,4840,11.0188,6.98
google,3000,20,linear,True,False,10.0,0.4,0.3,0.3,0,GA,random,19,0.3333333333333333,E22,32.21,189.31,41,2.111718,87.7075,6.4306,0.0,0,24.4979,4.0292,89.226,0.0,True,26.5,4840,10.965,7.09
google,3000,20,linear,True,False,10.0,0.4,0.3,0.3,0,GA,random,20,0.3333333333333333,E22,32.21,189.31,41,2.115173,87.6874,6.2775,0.0,0,24.4979,4.0487,89.475,0.0,True,26.0,4840,10.9332,7.12
google,3000,20,linear,True,False,10.0,0.4,0.3,0.3,0,GA,random,21,0.3333333333333333,E22,32.21,189.31,41,2.111329,87.7098,6.4478,0.0,0,24.5479,4.006,88.291,0.0,True,26.5,4840,10.6712,7.5
google,3000,20,linear,True,False,10.0,0.4,0.3,0.3,0,GA,random,22,0.3333333333333333,E22,32.21,189.31,41,2.113044,87.6998,6.3718,0.0,0,24.4979,4.01,89.644,0.0,True,26.5,4840,9.6985,7.34
google,3000,20,linear,True,False,10.0,0.4,0.3,0.3,0,GA,random,23,0.3333333333333333,E22,32.21,189.31,41,2.11787,87.6717,6.158,0.0,0,24.5479,4.0309,86.973,0.0,True,26.5,4840,9.3543,7.24
google,3000,20,linear,True,False,10.0,0.4,0.3,0.3,0,GA,random,24,0.3333333333333333,E22,32.21,189.31,41,2.117974,87.6711,6.1534,0.0,0,24.5479,4.0124,88.009,0.0,True,27.0,4840,9.1868,6.91
google,3000,20,linear,True,False,10.0,0.4,0.3,0.3,0,GA,random,25,0.3333333333333333,E22,32.21,189.31,41,2.115191,87.6873,6.2767,0.0,0,24.5979,4.0264,88.078,0.0,True,26.0,4840,11.2972,7.32
google,3000,20,linear,True,False,10.0,0.4,0.3,0.3,0,GA,random,26,0.3333333333333333,E22,32.21,189.31,41,2.113469,87.6973,6.353,0.0,0,24.4979,4.0316,88.45,0.0,True,26.0,4840,10.963,7.34
google,3000,20,linear,True,False,10.0,0.4,0.3,0.3,0,GA,random,27,0.3333333333333333,E22,32.21,189.31,41,2.105133,87.7459,6.7224,0.0,0,24.4479,4.0139,89.815,0.0,True,26.0,4840,11.0014,7.37
google,3000,20,linear,True,False,10.0,0.4,0.3,0.3,0,GA,random,28,0.3333333333333333,E22,32.21,189.31,41,2.118718,87.6668,6.1204,0.0,0,24.4979,4.0061,89.655,0.0,True,26.0,4840,10.9759,7.05
google,3000,20,linear,True,False,10.0,0.4,0.3,0.3,0,GA,random,29,0.3333333333333333,E22,32.21,189.31,41,2.105433,87.7441,6.7091,0.0,0,24.4479,4.0079,89.523,0.0,True,26.0,4840,10.5285,7.39
google,3000,20,linear,True,False,10.0,0.4,0.3,0.3,0,GA,random,30,0.3333333333333333,E22,32.21,189.31,41,2.109482,87.7205,6.5297,0.0,0,24.4979,4.0264,89.093,0.0,True,26.0,4840,9.7229,7.13
google,3000,20,linear,True,False,10.0,0.4,0.3,0.3,0,GA,carbon,1,0.3333333333333333,E22,32.21,189.31,41,2.11382,87.6953,6.3374,0.0,0,24.5479,4.0275,88.096,0.0,True,26.0,4840,9.4015,7.1
google,3000,20,linear,True,False,10.0,0.4,0.3,0.3,0,GA,carbon,2,0.3333333333333333,E22,32.21,189.31,41,2.112786,87.7013,6.3833,0.0,0,24.5479,4.0523,88.576,0.0,True,26.5,4840,8.8811,7.02
google,3000,20,linear,True,False,10.0,0.4,0.3,0.3,0,GA,carbon,27,0.3333333333333333,E22,32.21,189.31,41,2.110839,87.7126,6.4696,0.0,0,24.4979,4.0238,87.675,0.0,True,26.5,4840,9.9782,7.35
google,3000,20,linear,True,False,10.0,0.4,0.3,0.3,0,GA,carbon,28,0.3333333333333333,E22,32.21,189.31,41,2.108969,87.7235,6.5524,0.0,0,24.4979,4.0269,89.478,0.0,True,26.5,4840,9.4855,7.23
google,3000,20,linear,True,False,10.0,0.4,0.3,0.3,0,GA,carbon,29,0.3333333333333333,E22,32.21,189.31,41,2.11934,87.6632,6.0929,0.0,0,24.5979,4.0352,86.887,0.0,True,27.0,4840,9.2888,7.3
google,3000,20,linear,True,False,10.0,0.4,0.3,0.3,0,GA,carbon,30,0.3333333333333333,E22,32.21,189.31,41,2.107951,87.7295,6.5975,0.0,0,24.5479,4.0391,89.223,0.0,True,26.0,4840,7.9694,7.22
google,3000,20,linear,True,False,10.0,0.4,0.3,0.3,0,GA,carbon,3,0.3333333333333333,E22,32.21,189.31,41,2.107455,87.7323,6.6195,0.0,0,24.4979,4.0185,89.244,0.0,True,26.0,4840,10.907,7.32
google,3000,20,linear,True,False,10.0,0.4,0.3,0.3,0,GA,carbon,4,0.3333333333333333,E22,32.21,189.31,41,2.113429,87.6976,6.3548,0.0,0,24.4979,4.0087,89.634,0.0,True,26.5,4840,10.9698,7.28
google,3000,20,linear,True,False,10.0,0.4,0.3,0.3,0,GA,carbon,5,0.3333333333333333,E22,32.21,189.31,41,2.116685,87.6786,6.2105,0.0,0,24.4979,4.0377,88.756,0.0,True,26.0,4840,10.8083,7.11
google,3000,20,linear,True,False,10.0,0.4,0.3,0.3,0,GA,carbon,6,0.3333333333333333,E22,32.21,189.31,41,2.120906,87.654,6.0235,0.0,0,24.4979,4.0086,87.543,0.0,True,26.5,4840,10.1668,7.14
google,3000,20,linear,True,False,10.0,0.4,0.3,0.3,0,GA,carbon,7,0.3333333333333333,E22,32.21,189.31,41,2.114493,87.6914,6.3077,0.0,0,24.4979,4.0308,89.487,0.0,True,26.0,4840,9.4969,7.07
google,3000,20,linear,True,False,10.0,0.4,0.3,0.3,0,GA,carbon,8,0.3333333333333333,E22,32.21,189.31,41,2.109847,87.7184,6.5135,0.0,0,24.4979,4.0242,89.047,0.0,True,26.0,4840,9.3357,7.03
google,3000,20,linear,True,False,10.0,0.4,0.3,0.3,0,GA,carbon,9,0.3333333333333333,E22,32.21,189.31,41,2.115409,87.686,6.267,0.0,0,24.4979,4.0346,88.052,0.0,True,26.5,4840,8.2379,7.32
google,3000,20,linear,True,False,10.0,0.4,0.3,0.3,0,GA,carbon,10,0.3333333333333333,E22,32.21,189.31,41,2.11014,87.7167,6.5005,0.0,0,24.4979,4.0218,88.963,0.0,True,26.5,4840,6.8578,7.07
google,3000,20,linear,True,False,10.0,0.4,0.3,0.3,0,GA,carbon,11,0.3333333333333333,E22,32.21,189.31,41,2.117599,87.6733,6.17,0.0,0,24.4479,4.0117,89.021,0.0,True,26.0,4840,10.8388,7.21
google,3000,20,linear,True,False,10.0,0.4,0.3,0.3,0,GA,carbon,12,0.3333333333333333,E22,32.21,189.31,41,2.112257,87.7044,6.4067,0.0,0,24.5479,4.0371,87.94,0.0,True,26.5,4840,10.3116,7.23
google,3000,20,linear,True,False,10.0,0.4,0.3,0.3,0,GA,carbon,13,0.3333333333333333,E22,32.21,189.31,41,2.117938,87.6713,6.155,0.0,0,24.5479,4.0567,88.256,0.0,True,26.0,4840,9.5102,7.21
google,3000,20,linear,True,False,10.0,0.4,0.3,0.3,0,GA,carbon,14,0.3333333333333333,E22,32.21,189.31,41,2.103744,87.7539,6.7839,0.0,0,24.3979,3.9913,90.261,0.0,True,26.0,4840,9.3041,7.16
google,3000,20,linear,True,False,10.0,0.4,0.3,0.3,0,GA,carbon,15,0.3333333333333333,E22,32.21,189.31,41,2.113683,87.6961,6.3435,0.0,0,24.4979,4.0237,88.74,0.0,True,27.0,4840,8.6601,7.34
google,3000,20,linear,True,False,10.0,0.4,0.3,0.3,0,GA,carbon,16,0.3333333333333333,E22,32.21,189.31,41,2.12024,87.6579,6.053,0.0,0,24.4979,4.0205,87.969,0.0,True,26.5,4840,6.888,7.18
google,3000,20,linear,True,False,10.0,0.4,0.3,0.3,0,GA,carbon,17,0.3333333333333333,E22,32.21,189.31,41,2.113241,87.6987,6.3631,0.0,0,24.5479,4.0323,89.411,0.0,True,26.0,4840,6.5082,7.3
google,3000,20,linear,True,False,10.0,0.4,0.3,0.3,0,GA,carbon,18,0.3333333333333333,E22,32.21,189.31,41,2.107624,87.7314,6.612,0.0,0,24.3979,4.0126,90.654,0.0,True,25.5,4840,6.4007,7.14
google,3000,20,linear,True,False,10.0,0.4,0.3,0.3,0,GA,carbon,19,0.3333333333333333,E22,32.21,189.31,41,2.121889,87.6483,5.9799,0.0,0,24.4979,4.0231,87.655,0.0,True,27.0,4840,9.9998,7.0
google,3000,20,linear,True,False,10.0,0.4,0.3,0.3,0,GA,carbon,20,0.3333333333333333,E22,32.21,189.31,41,2.110176,87.7165,6.4989,0.0,0,24.4979,4.0108,88.543,0.0,True,26.5,4840,9.4706,7.39
google,3000,20,linear,True,False,10.0,0.4,0.3,0.3,0,GA,carbon,21,0.3333333333333333,E22,32.21,189.31,41,2.110021,87.7174,6.5058,0.0,0,24.4479,4.02,89.349,0.0,True,25.5,4840,9.3182,7.17
google,3000,20,linear,True,False,10.0,0.4,0.3,0.3,0,GA,carbon,22,0.3333333333333333,E22,32.21,189.31,41,2.124404,87.6337,5.8685,0.0,0,24.5979,4.0228,86.897,0.0,True,27.0,4840,7.9344,7.07
google,3000,20,linear,True,False,10.0,0.4,0.3,0.3,0,GA,carbon,23,0.3333333333333333,E22,32.21,189.31,41,2.112918,87.7005,6.3774,0.0,0,24.4479,4.0127,88.452,0.0,True,27.0,4840,6.7543,7.41
google,3000,20,linear,True,False,10.0,0.4,0.3,0.3,0,GA,carbon,24,0.3333333333333333,E22,32.21,189.31,41,2.118651,87.6672,6.1234,0.0,0,24.5479,4.0268,89.148,0.0,True,26.0,4840,6.4486,7.23
google,3000,20,linear,True,False,10.0,0.4,0.3,0.3,0,GA,carbon,25,0.3333333333333333,E22,32.21,189.31,41,2.112019,87.7058,6.4173,0.0,0,24.4979,4.0072,88.425,0.0,True,27.0,4840,6.523,7.23
google,3000,20,linear,True,False,10.0,0.4,0.3,0.3,0,GA,carbon,26,0.3333333333333333,E22,32.21,189.31,41,2.11341,87.6977,6.3556,0.0,0,24.4979,4.0252,89.249,0.0,True,26.5,4840,6.4282,7.23
