wl,N,M,power,hard,cap,alpha,beta,gamma,subset,method,init,seed,seed_frac,exp,peak_demand,total_load,arrival_slots,carbon_kg,carbon_red_vs_naive_%,carbon_red_vs_consol_%,sla_%,viol_n,energy_kwh,cost_gbp,util_%,overload_%,makespan_h,nfe,runtime_s,peak_mem_mb
google,500,10,linear,True,False,0.4,0.3,0.3,0,FIFO,-,0,0.3333333333333333,E4,5.26,31.19,35,2.825576,0.0,-499.1141,0.0,0,31.5391,5.1517,5.275,0.0,24.5,0,0.0,0.0
google,500,10,linear,True,False,0.4,0.3,0.3,0,Consolidation,-,0,0.3333333333333333,E4,5.26,31.19,35,0.471626,83.3087,0.0,0.0,0,5.1891,0.8542,43.373,0.0,24.5,0,0.0,0.0
google,500,10,linear,True,False,0.4,0.3,0.3,0,Greedy(EDF+greenest),-,0,0.3333333333333333,E4,5.26,31.19,35,0.353564,87.487,25.033,0.0,0,4.6891,0.7568,49.264,0.0,26.0,0,0.0001,0.0
google,500,10,linear,True,False,0.4,0.3,0.3,0,WOA,random,1,0.3333333333333333,E4,5.26,31.19,35,0.451271,84.0291,4.3159,0.0,0,5.0391,0.8477,56.288,0.0,24.5,4840,1.3849,1.09
google,500,10,linear,True,False,0.4,0.3,0.3,0,WOA,random,2,0.3333333333333333,E4,5.26,31.19,35,0.437537,84.5151,7.2278,0.0,0,5.1391,0.8539,44.11,0.0,28.5,4840,1.5287,1.06
google,500,10,linear,True,False,0.4,0.3,0.3,0,WOA,random,3,0.3333333333333333,E4,5.26,31.19,35,0.451881,84.0075,4.1866,0.0,0,5.0391,0.8235,47.209,0.0,24.5,4840,1.6183,1.01
google,500,10,linear,True,False,0.4,0.3,0.3,0,WOA,random,4,0.3333333333333333,E4,5.26,31.19,35,0.437226,84.5261,7.2938,0.0,0,5.1391,0.8533,44.302,0.0,28.5,4840,1.6382,1.05
google,500,10,linear,True,False,0.4,0.3,0.3,0,WOA,random,5,0.3333333333333333,E4,5.26,31.19,35,0.428123,84.8483,9.2239,0.0,0,5.0891,0.8378,46.933,0.0,27.5,4840,1.7018,1.09
google,500,10,linear,True,False,0.4,0.3,0.3,0,WOA,random,6,0.3333333333333333,E4,5.26,31.19,35,0.437691,84.5097,7.1952,0.0,0,5.1391,0.8545,44.046,0.0,28.5,4840,1.3845,1.02
google,500,10,linear,True,False,0.4,0.3,0.3,0,WOA,random,7,0.3333333333333333,E4,5.26,31.19,35,0.437837,84.5045,7.1642,0.0,0,5.1391,0.8545,44.11,0.0,28.5,4840,1.5002,0.98
google,500,10,linear,True,False,0.4,0.3,0.3,0,WOA,random,8,0.3333333333333333,E4,5.26,31.19,35,0.44072,84.4025,6.553,0.0,0,5.1891,0.862,43.373,0.0,28.5,4840,1.6034,0.97
google,500,10,linear,True,False,0.4,0.3,0.3,0,WOA,random,9,0.3333333333333333,E4,5.26,31.19,35,0.456683,83.8375,3.1682,0.0,0,5.0891,0.8589,55.254,0.0,27.0,4840,1.6433,1.04
google,500,10,linear,True,False,0.4,0.3,0.3,0,WOA,random,10,0.3333333333333333,E4,5.26,31.19,35,0.440697,84.4033,6.5578,0.0,0,5.1891,0.862,43.373,0.0,28.5,4840,1.6758,0.97
google,500,10,linear,True,False,0.4,0.3,0.3,0,WOA,random,11,0.3333333333333333,E4,5.26,31.19,35,0.437774,84.5067,7.1777,0.0,0,5.1391,0.8545,44.11,0.0,28.5,4840,1.6186,0.95
google,500,10,linear,True,False,0.4,0.3,0.3,0,WOA,random,12,0.3333333333333333,E4,5.26,31.19,35,0.44072,84.4025,6.553,0.0,0,5.1891,0.862,43.373,0.0,28.5,4840,1.6192,0.94
google,500,10,linear,True,False,0.4,0.3,0.3,0,WOA,random,13,0.3333333333333333,E4,5.26,31.19,35,0.437624,84.5121,7.2095,0.0,0,5.1391,0.8539,44.291,0.0,28.5,4840,1.6193,0.98
google,500,10,linear,True,False,0.4,0.3,0.3,0,WOA,random,14,0.3333333333333333,E4,5.26,31.19,35,0.437672,84.5103,7.1992,0.0,0,5.1391,0.8545,44.558,0.0,28.5,4840,1.3905,1.02
google,500,10,linear,True,False,0.4,0.3,0.3,0,WOA,random,15,0.3333333333333333,E4,5.26,31.19,35,0.437792,84.5061,7.1737,0.0,0,5.1391,0.8545,44.014,0.0,28.5,4840,1.5198,1.0
google,500,10,linear,True,False,0.4,0.3,0.3,0,WOA,random,16,0.3333333333333333,E4,5.26,31.19,35,0.431755,84.7197,8.4538,0.0,0,4.9891,0.8235,48.913,0.0,28.0,4840,1.6103,1.02
google,500,10,linear,True,False,0.4,0.3,0.3,0,WOA,random,17,0.3333333333333333,E4,5.26,31.19,35,0.437774,84.5067,7.1777,0.0,0,5.1391,0.8545,44.11,0.0,28.5,4840,1.6344,0.97
google,500,10,linear,True,False,0.4,0.3,0.3,0,WOA,random,18,0.3333333333333333,E4,5.26,31.19,35,0.434461,84.624,7.8801,0.0,0,5.0891,0.847,45.392,0.0,28.5,4840,1.6764,0.98
google,500,10,linear,True,False,0.4,0.3,0.3,0,WOA,random,19,0.3333333333333333,E4,5.26,31.19,35,0.433979,84.6411,7.9824,0.0,0,5.1391,0.8545,44.514,0.0,27.5,4840,1.6338,1.0
google,500,10,linear,True,False,0.4,0.3,0.3,0,WOA,random,20,0.3333333333333333,E4,5.26,31.19,35,0.433857,84.6453,8.0081,0.0,0,5.0891,0.8383,46.097,0.0,28.5,4840,1.6295,1.0
google,500,10,linear,True,False,0.4,0.3,0.3,0,WOA,random,21,0.3333333333333333,E4,5.26,31.19,35,0.453045,83.9663,3.9396,0.0,0,5.0391,0.8317,46.939,0.0,24.5,4840,1.6121,1.03
google,500,10,linear,True,False,0.4,0.3,0.3,0,WOA,random,22,0.3333333333333333,E4,5.26,31.19,35,0.437774,84.5067,7.1777,0.0,0,5.1391,0.8545,44.11,0.0,28.5,4840,1.3967,1.03
google,500,10,linear,True,False,0.4,0.3,0.3,0,WOA,random,23,0.3333333333333333,E4,5.26,31.19,35,0.437522,84.5156,7.231,0.0,0,5.1391,0.8533,44.719,0.0,28.5,4840,1.5198,1.07
google,500,10,linear,True,False,0.4,0.3,0.3,0,WOA,random,24,0.3333333333333333,E4,5.26,31.19,35,0.437792,84.5061,7.1737,0.0,0,5.1391,0.8545,44.11,0.0,28.5,4840,1.6034,1.0
google,500,10,linear,True,False,0.4,0.3,0.3,0,WOA,random,25,0.3333333333333333,E4,5.26,31.19,35,0.437512,84.516,7.2331,0.0,0,5.0891,0.8383,46.093,0.0,28.5,4840,1.6447,1.04
google,500,10,linear,True,False,0.4,0.3,0.3,0,WOA,random,26,0.3333333333333333,E4,5.26,31.19,35,0.431567,84.7264,8.4936,0.0,0,5.0891,0.847,45.303,0.0,28.5,4840,1.6869,0.96
google,500,10,linear,True,False,0.4,0.3,0.3,0,WOA,random,27,0.3333333333333333,E4,5.26,31.19,35,0.437594,84.5131,7.2159,0.0,0,5.1391,0.8539,44.27,0.0,28.5,4840,1.6363,0.99
google,500,10,linear,True,False,0.4,0.3,0.3,0,WOA,random,28,0.3333333333333333,E4,5.26,31.19,35,0.434846,84.6104,7.7984,0.0,0,5.0891,0.847,45.392,0.0,28.5,4840,1.6317,0.99
google,500,10,linear,True,False,0.4,0.3,0.3,0,WOA,random,29,0.3333333333333333,E4,5.26,31.19,35,0.44072,84.4025,6.553,0.0,0,5.1891,0.862,43.373,0.0,28.5,4840,1.6058,0.94
google,500,10,linear,True,False,0.4,0.3,0.3,0,PSO,random,26,0.3333333333333333,E4,5.26,31.19,35,0.452308,83.9924,4.096,0.0,0,5.0391,0.8517,56.232,0.0,24.5,4840,1.4231,1.65
google,500,10,linear,True,False,0.4,0.3,0.3,0,PSO,random,27,0.3333333333333333,E4,5.26,31.19,35,0.451069,84.0362,4.3586,0.0,0,5.0391,0.8492,56.156,0.0,26.0,4840,1.5682,1.61
google,500,10,linear,True,False,0.4,0.3,0.3,0,PSO,random,28,0.3333333333333333,E4,5.26,31.19,35,0.450839,84.0443,4.4074,0.0,0,5.0391,0.8533,56.722,0.0,25.5,4840,1.6708,1.55
google,500,10,linear,True,False,0.4,0.3,0.3,0,PSO,random,29,0.3333333333333333,E4,5.26,31.19,35,0.448896,84.1131,4.8194,0.0,0,5.0391,0.8543,55.882,0.0,26.0,4840,1.705,1.53
google,500,10,linear,True,False,0.4,0.3,0.3,0,PSO,random,30,0.3333333333333333,E4,5.26,31.19,35,0.447886,84.1488,5.0335,0.0,0,4.9891,0.8455,57.38,0.0,25.0,4840,1.7355,1.57
google,500,10,linear,True,False,0.4,0.3,0.3,0,DE,random,1,0.3333333333333333,E4,5.26,31.19,35,0.450024,84.0732,4.5803,0.0,0,5.0391,0.8466,56.994,0.0,25.0,4840,1.6582,1.27
google,500,10,linear,True,False,0.4,0.3,0.3,0,DE,random,2,0.3333333333333333,E4,5.26,31.19,35,0.441882,84.3613,6.3066,0.0,0,4.9391,0.8353,58.686,0.0,25.0,4840,1.6578,1.15
google,500,10,linear,True,False,0.4,0.3,0.3,0,DE,random,3,0.3333333333333333,E4,5.26,31.19,35,0.440911,84.3957,6.5124,0.0,0,4.9391,0.8333,58.83,0.0,25.5,4840,1.6358,1.28
google,500,10,linear,True,False,0.4,0.3,0.3,0,PSO,random,10,0.3333333333333333,E4,5.26,31.19,35,0.453497,83.9503,3.8439,0.0,0,5.0891,0.8592,55.754,0.0,26.0,4840,1.4158,1.65
google,500,10,linear,True,False,0.4,0.3,0.3,0,PSO,random,11,0.3333333333333333,E4,5.26,31.19,35,0.445808,84.2224,5.4742,0.0,0,4.9891,0.8355,57.706,0.0,25.0,4840,1.5707,1.6
google,500,10,linear,True,False,0.4,0.3,0.3,0,PSO,random,12,0.3333333333333333,E4,5.26,31.19,35,0.448643,84.1221,4.873,0.0,0,5.0391,0.8531,56.072,0.0,25.0,4840,1.6586,1.68
google,500,10,linear,True,False,0.4,0.3,0.3,0,PSO,random,13,0.3333333333333333,E4,5.26,31.19,35,0.451461,84.0223,4.2755,0.0,0,5.0391,0.8494,55.609,0.0,25.0,4840,1.6953,1.57
google,500,10,linear,True,False,0.4,0.3,0.3,0,PSO,random,14,0.3333333333333333,E4,5.26,31.19,35,0.455773,83.8697,3.3612,0.0,0,5.0891,0.8612,55.207,0.0,25.0,4840,1.7208,1.52
google,500,10,linear,True,False,0.4,0.3,0.3,0,PSO,random,15,0.3333333333333333,E4,5.26,31.19,35,0.449147,84.1042,4.7661,0.0,0,4.9891,0.8462,57.809,0.0,26.0,4840,1.6897,1.54
google,500,10,linear,True,False,0.4,0.3,0.3,0,PSO,random,16,0.3333333333333333,E4,5.26,31.19,35,0.44797,84.1459,5.0158,0.0,0,4.9891,0.8468,57.727,0.0,25.0,4840,1.6728,1.51
google,500,10,linear,True,False,0.4,0.3,0.3,0,PSO,random,17,0.3333333333333333,E4,5.26,31.19,35,0.449497,84.0918,4.692,0.0,0,5.0391,0.8533,55.624,0.0,25.0,4840,1.6765,1.6
google,500,10,linear,True,False,0.4,0.3,0.3,0,PSO,random,18,0.3333333333333333,E4,5.26,31.19,35,0.451129,84.0341,4.346,0.0,0,4.9891,0.8451,57.464,0.0,27.0,4840,1.4226,1.76
google,500,10,linear,True,False,0.4,0.3,0.3,0,PSO,random,19,0.3333333333333333,E4,5.26,31.19,35,0.444129,84.2818,5.8301,0.0,0,4.9891,0.8398,57.327,0.0,25.0,4840,1.5816,1.62
google,500,10,linear,True,False,0.4,0.3,0.3,0,PSO,random,20,0.3333333333333333,E4,5.26,31.19,35,0.452594,83.9822,4.0354,0.0,0,5.0391,0.85,55.863,0.0,25.5,4840,1.6712,1.67
google,500,10,linear,True,False,0.4,0.3,0.3,0,PSO,random,21,0.3333333333333333,E4,5.26,31.19,35,0.457918,83.7938,2.9066,0.0,0,5.0891,0.8586,54.666,0.0,27.5,4840,1.6936,1.58
google,500,10,linear,True,False,0.4,0.3,0.3,0,PSO,random,22,0.3333333333333333,E4,5.26,31.19,35,0.452263,83.9939,4.1054,0.0,0,5.0891,0.858,54.963,0.0,25.5,4840,1.7248,1.57
google,500,10,linear,True,False,0.4,0.3,0.3,0,PSO,random,23,0.3333333333333333,E4,5.26,31.19,35,0.459971,83.7212,2.4712,0.0,0,5.0891,0.8634,55.821,0.0,26.0,4840,1.6913,1.48
google,500,10,linear,True,False,0.4,0.3,0.3,0,PSO,random,24,0.3333333333333333,E4,5.26,31.19,35,0.451741,84.0124,4.2162,0.0,0,5.0391,0.8526,56.617,0.0,25.0,4840,1.6909,1.55
google,500,10,linear,True,False,0.4,0.3,0.3,0,PSO,random,25,0.3333333333333333,E4,5.26,31.19,35,0.450969,84.0397,4.3799,0.0,0,5.0391,0.8488,56.471,0.0,25.0,4840,1.6783,1.59
google,500,10,linear,True,False,0.4,0.3,0.3,0,PSO,random,2,0.3333333333333333,E4,5.26,31.19,35,0.452883,83.972,3.9741,0.0,0,5.0391,0.8543,56.662,0.0,24.5,4840,1.4354,1.68
google,500,10,linear,True,False,0.4,0.3,0.3,0,PSO,random,3,0.3333333333333333,E4,5.26,31.19,35,0.442933,84.3241,6.0838,0.0,0,4.9891,0.847,57.253,0.0,25.0,4840,1.5878,1.6
google,500,10,linear,True,False,0.4,0.3,0.3,0,PSO,random,4,0.3333333333333333,E4,5.26,31.19,35,0.452578,83.9828,4.0388,0.0,0,5.0391,0.8514,56.575,0.0,25.0,4840,1.6747,1.56
google,500,10,linear,True,False,0.4,0.3,0.3,0,PSO,random,5,0.3333333333333333,E4,5.26,31.19,35,0.448151,84.1395,4.9774,0.0,0,4.9891,0.8484,56.93,0.0,24.5,4840,1.7121,1.72
google,500,10,linear,True,False,0.4,0.3,0.3,0,PSO,random,6,0.3333333333333333,E4,5.26,31.19,35,0.450229,84.0659,4.5367,0.0,0,5.0391,0.8526,55.92,0.0,25.0,4840,1.7321,1.56
google,500,10,linear,True,False,0.4,0.3,0.3,0,PSO,random,7,0.3333333333333333,E4,5.26,31.19,35,0.455233,83.8888,3.4757,0.0,0,5.0891,0.8606,55.111,0.0,25.5,4840,1.7049,1.58
google,500,10,linear,True,False,0.4,0.3,0.3,0,PSO,random,8,0.3333333333333333,E4,5.26,31.19,35,0.451616,84.0168,4.2426,0.0,0,5.0391,0.8509,55.806,0.0,25.0,4840,1.7024,1.56
google,500,10,linear,True,False,0.4,0.3,0.3,0,PSO,random,9,0.3333333333333333,E4,5.26,31.19,35,0.452782,83.9756,3.9954,0.0,0,5.0391,0.8554,56.747,0.0,27.0,4840,1.676,1.5
google,500,10,linear,True,False,0.4,0.3,0.3,0,WOA,random,30,0.3333333333333333,E4,5.26,31.19,35,0.431076,84.7438,8.5978,0.0,0,5.0391,0.8303,46.817,0.0,28.5,4840,1.3909,1.02
google,500,10,linear,True,False,0.4,0.3,0.3,0,GWO,random,1,0.3333333333333333,E4,5.26,31.19,35,0.437854,84.5039,7.1608,0.0,0,4.9391,0.8378,58.932,0.0,25.0,4840,1.9501,1.09
google,500,10,linear,True,False,0.4,0.3,0.3,0,GWO,random,2,0.3333333333333333,E4,5.26,31.19,35,0.445719,84.2255,5.493,0.0,0,4.9391,0.8357,58.94,0.0,25.0,4840,2.0666,1.03
google,500,10,linear,True,False,0.4,0.3,0.3,0,GWO,random,3,0.3333333333333333,E4,5.26,31.19,35,0.433135,84.6709,8.1614,0.0,0,4.8391,0.8125,61.169,0.0,25.0,4840,2.1229,1.1
google,500,10,linear,True,False,0.4,0.3,0.3,0,GWO,random,4,0.3333333333333333,E4,5.26,31.19,35,0.422071,85.0625,10.5071,0.0,0,4.7891,0.8036,62.891,0.0,24.5,4840,2.0861,1.12
google,500,10,linear,True,False,0.4,0.3,0.3,0,GWO,random,5,0.3333333333333333,E4,5.26,31.19,35,0.446017,84.215,5.43,0.0,0,4.9891,0.8436,57.674,0.0,25.0,4840,2.0686,1.0
google,500,10,linear,True,False,0.4,0.3,0.3,0,GWO,random,6,0.3333333333333333,E4,5.26,31.19,35,0.439278,84.4535,6.8587,0.0,0,4.8891,0.8297,60.026,0.0,24.5,4840,2.0524,1.1
google,500,10,linear,True,False,0.4,0.3,0.3,0,GWO,random,7,0.3333333333333333,E4,5.26,31.19,35,0.457699,83.8016,2.9528,0.0,0,5.0391,0.8522,57.02,0.0,25.5,4840,2.088,0.96
google,500,10,linear,True,False,0.4,0.3,0.3,0,GWO,random,24,0.3333333333333333,E4,5.26,31.19,35,0.437114,84.5301,7.3177,0.0,0,4.8891,0.8188,60.622,0.0,24.5,4840,1.7804,1.08
google,500,10,linear,True,False,0.4,0.3,0.3,0,GWO,random,25,0.3333333333333333,E4,5.26,31.19,35,0.449608,84.0879,4.6685,0.0,0,5.0391,0.8477,56.525,0.0,25.0,4840,1.9647,1.0
google,500,10,linear,True,False,0.4,0.3,0.3,0,GWO,random,26,0.3333333333333333,E4,5.26,31.19,35,0.434682,84.6162,7.8333,0.0,0,4.8391,0.8172,61.907,0.0,24.5,4840,2.0697,1.13
google,500,10,linear,True,False,0.4,0.3,0.3,0,GWO,random,27,0.3333333333333333,E4,5.26,31.19,35,0.450796,84.0459,4.4167,0.0,0,5.0891,0.8614,55.971,0.0,26.5,4840,2.133,0.97
google,500,10,linear,True,False,0.4,0.3,0.3,0,GWO,random,28,0.3333333333333333,E4,5.26,31.19,35,0.449008,84.1091,4.7957,0.0,0,4.9891,0.8327,58.388,0.0,25.5,4840,2.0846,0.98
google,500,10,linear,True,False,0.4,0.3,0.3,0,GWO,random,29,0.3333333333333333,E4,5.26,31.19,35,0.440739,84.4018,6.5489,0.0,0,4.9891,0.8451,57.523,0.0,25.0,4840,2.0616,1.07
google,500,10,linear,True,False,0.4,0.3,0.3,0,GWO,random,30,0.3333333333333333,E4,5.26,31.19,35,0.448026,84.1439,5.0039,0.0,0,4.9891,0.8445,57.855,0.0,25.0,4840,2.0644,0.96
google,500,10,linear,True,False,0.4,0.3,0.3,0,PSO,random,1,0.3333333333333333,E4,5.26,31.19,35,0.451764,84.0116,4.2114,0.0,0,5.0391,0.8543,55.94,0.0,25.0,4840,1.6952,1.68
google,500,10,linear,True,False,0.4,0.3,0.3,0,GWO,random,8,0.3333333333333333,E4,5.26,31.19,35,0.437094,84.5308,7.3219,0.0,0,4.9391,0.8381,59.258,0.0,25.0,4840,1.7611,1.13
google,500,10,linear,True,False,0.4,0.3,0.3,0,GWO,random,9,0.3333333333333333,E4,5.26,31.19,35,0.435961,84.5709,7.562,0.0,0,4.9391,0.8342,58.662,0.0,25.0,4840,1.9566,1.08
google,500,10,linear,True,False,0.4,0.3,0.3,0,GWO,random,10,0.3333333333333333,E4,5.26,31.19,35,0.44193,84.3597,6.2965,0.0,0,4.9391,0.8305,58.791,0.0,24.5,4840,2.0591,1.16
google,500,10,linear,True,False,0.4,0.3,0.3,0,GWO,random,11,0.3333333333333333,E4,5.26,31.19,35,0.443358,84.3091,5.9936,0.0,0,4.9891,0.8458,58.207,0.0,24.5,4840,2.1122,1.04
google,500,10,linear,True,False,0.4,0.3,0.3,0,GWO,random,12,0.3333333333333333,E4,5.26,31.19,35,0.44976,84.0825,4.6363,0.0,0,5.0391,0.852,57.062,0.0,25.5,4840,2.0754,0.98
google,500,10,linear,True,False,0.4,0.3,0.3,0,GWO,random,13,0.3333333333333333,E4,5.26,31.19,35,0.447628,84.158,5.0883,0.0,0,4.9891,0.8413,57.711,0.0,24.5,4840,2.0528,1.02
google,500,10,linear,True,False,0.4,0.3,0.3,0,GWO,random,14,0.3333333333333333,E4,5.26,31.19,35,0.435733,84.579,7.6105,0.0,0,4.8891,0.8292,59.803,0.0,24.5,4840,2.0466,1.14
google,500,10,linear,True,False,0.4,0.3,0.3,0,GWO,random,15,0.3333333333333333,E4,5.26,31.19,35,0.448385,84.1312,4.9279,0.0,0,4.9891,0.8387,57.603,0.0,25.0,4840,2.0581,0.99
google,500,10,linear,True,False,0.4,0.3,0.3,0,GWO,random,16,0.3333333333333333,E4,5.26,31.19,35,0.446011,84.2152,5.4312,0.0,0,5.0391,0.8434,56.831,0.0,25.5,4840,1.7786,0.99
google,500,10,linear,True,False,0.4,0.3,0.3,0,GWO,random,17,0.3333333333333333,E4,5.26,31.19,35,0.441637,84.37,6.3585,0.0,0,4.9391,0.8269,58.381,0.0,25.0,4840,1.9638,1.07
google,500,10,linear,True,False,0.4,0.3,0.3,0,GWO,random,18,0.3333333333333333,E4,5.26,31.19,35,0.444202,84.2792,5.8146,0.0,0,4.9391,0.8372,59.364,0.0,24.5,4840,2.0793,1.03
google,500,10,linear,True,False,0.4,0.3,0.3,0,GWO,random,19,0.3333333333333333,E4,5.26,31.19,35,0.447065,84.1779,5.2077,0.0,0,4.9891,0.8413,58.623,0.0,25.0,4840,2.1175,1.0
google,500,10,linear,True,False,0.4,0.3,0.3,0,GWO,random,20,0.3333333333333333,E4,5.26,31.19,35,0.429278,84.8074,8.9791,0.0,0,4.8391,0.8183,60.471,0.0,25.0,4840,2.0911,1.21
google,500,10,linear,True,False,0.4,0.3,0.3,0,GWO,random,21,0.3333333333333333,E4,5.26,31.19,35,0.447353,84.1677,5.1466,0.0,0,5.0391,0.85,57.042,0.0,25.0,4840,2.0633,0.98
google,500,10,linear,True,False,0.4,0.3,0.3,0,GWO,random,22,0.3333333333333333,E4,5.26,31.19,35,0.429894,84.7856,8.8486,0.0,0,4.8391,0.8153,61.438,0.0,24.5,4840,2.0538,1.11
google,500,10,linear,True,False,0.4,0.3,0.3,0,GWO,random,23,0.3333333333333333,E4,5.26,31.19,35,0.448045,84.1432,4.9999,0.0,0,5.0391,0.8511,57.213,0.0,25.5,4840,2.0715,1.0
google,500,10,linear,True,False,0.4,0.3,0.3,0,DE,random,4,0.3333333333333333,E4,5.26,31.19,35,0.439338,84.4514,6.846,0.0,0,4.9391,0.8275,58.929,0.0,25.5,4840,1.6792,1.16
google,500,10,linear,True,False,0.4,0.3,0.3,0,DE,random,5,0.3333333333333333,E4,5.26,31.19,35,0.443555,84.3022,5.952,0.0,0,4.9891,0.8425,57.449,0.0,25.0,4840,1.6649,1.21
google,500,10,linear,True,False,0.4,0.3,0.3,0,DE,random,6,0.3333333333333333,E4,5.26,31.19,35,0.440966,84.3938,6.5009,0.0,0,4.9391,0.8344,58.818,0.0,25.0,4840,1.652,1.35
google,500,10,linear,True,False,0.4,0.3,0.3,0,DE,random,7,0.3333333333333333,E4,5.26,31.19,35,0.429275,84.8075,8.9796,0.0,0,4.8391,0.8196,61.644,0.0,25.5,4840,1.6589,1.23
google,500,10,linear,True,False,0.4,0.3,0.3,0,DE,random,8,0.3333333333333333,E4,5.26,31.19,35,0.437137,84.5293,7.3127,0.0,0,4.8891,0.825,60.301,0.0,25.5,4840,1.651,1.25
google,500,10,linear,True,False,0.4,0.3,0.3,0,DE,random,9,0.3333333333333333,E4,5.26,31.19,35,0.443886,84.2904,5.8816,0.0,0,4.9891,0.843,57.473,0.0,26.5,4840,1.6483,1.21
google,500,10,linear,True,False,0.4,0.3,0.3,0,DE,random,10,0.3333333333333333,E4,5.26,31.19,35,0.438299,84.4882,7.0664,0.0,0,4.9391,0.823,59.127,0.0,25.0,4840,1.6654,1.21
google,500,10,linear,True,False,0.4,0.3,0.3,0,DE,random,11,0.3333333333333333,E4,5.26,31.19,35,0.441869,84.3618,6.3093,0.0,0,4.9391,0.837,58.769,0.0,25.0,4840,1.6391,1.36
google,500,10,linear,True,False,0.4,0.3,0.3,0,DE,random,12,0.3333333333333333,E4,5.26,31.19,35,0.43721,84.5267,7.2972,0.0,0,4.8891,0.8284,60.451,0.0,25.0,4840,1.646,1.23
google,500,10,linear,True,False,0.4,0.3,0.3,0,DE,random,13,0.3333333333333333,E4,5.26,31.19,35,0.439295,84.4529,6.8551,0.0,0,4.9391,0.8338,58.309,0.0,25.5,4840,1.6274,1.06
google,500,10,linear,True,False,0.4,0.3,0.3,0,DE,random,14,0.3333333333333333,E4,5.26,31.19,35,0.438161,84.493,7.0957,0.0,0,4.9391,0.8241,58.98,0.0,25.0,4840,1.6423,1.31
google,500,10,linear,True,False,0.4,0.3,0.3,0,DE,random,15,0.3333333333333333,E4,5.26,31.19,35,0.445926,84.2182,5.4491,0.0,0,4.9891,0.8462,57.477,0.0,25.5,4840,1.6707,1.18
google,500,10,linear,True,False,0.4,0.3,0.3,0,DE,random,16,0.3333333333333333,E4,5.26,31.19,35,0.433044,84.6741,8.1806,0.0,0,4.8891,0.8177,60.004,0.0,24.5,4840,1.6411,1.28
google,500,10,linear,True,False,0.4,0.3,0.3,0,DE,random,17,0.3333333333333333,E4,5.26,31.19,35,0.449733,84.0835,4.6419,0.0,0,4.9891,0.8416,57.548,0.0,25.0,4840,1.6727,1.35
google,500,10,linear,True,False,0.4,0.3,0.3,0,DE,random,18,0.3333333333333333,E4,5.26,31.19,35,0.437868,84.5034,7.1576,0.0,0,4.9391,0.8263,58.955,0.0,25.0,4840,1.6457,1.35
google,500,10,linear,True,False,0.4,0.3,0.3,0,DE,random,19,0.3333333333333333,E4,5.26,31.19,35,0.43395,84.6421,7.9885,0.0,0,4.8891,0.8214,59.929,0.0,24.5,4840,1.6351,1.4
google,500,10,linear,True,False,0.4,0.3,0.3,0,DE,random,20,0.3333333333333333,E4,5.26,31.19,35,0.433023,84.6749,8.185,0.0,0,4.8891,0.8263,60.331,0.0,25.0,4840,1.6513,1.36
google,500,10,linear,True,False,0.4,0.3,0.3,0,DE,random,21,0.3333333333333333,E4,5.26,31.19,35,0.449674,84.0856,4.6544,0.0,0,5.0391,0.8469,55.913,0.0,25.0,4840,1.6499,1.33
google,500,10,linear,True,False,0.4,0.3,0.3,0,DE,random,22,0.3333333333333333,E4,5.26,31.19,35,0.436787,84.5417,7.3869,0.0,0,4.8891,0.821,60.456,0.0,25.0,4840,1.6414,1.07
google,500,10,linear,True,False,0.4,0.3,0.3,0,DE,random,23,0.3333333333333333,E4,5.26,31.19,35,0.428883,84.8214,9.0629,0.0,0,4.8891,0.8226,59.881,0.0,25.0,4840,1.6614,1.35
google,500,10,linear,True,False,0.4,0.3,0.3,0,DE,random,24,0.3333333333333333,E4,5.26,31.19,35,0.438867,84.4681,6.9459,0.0,0,4.8891,0.8227,60.084,0.0,24.5,4840,1.633,1.09
google,500,10,linear,True,False,0.4,0.3,0.3,0,DE,random,25,0.3333333333333333,E4,5.26,31.19,35,0.431868,84.7157,8.4299,0.0,0,4.8891,0.8139,59.657,0.0,25.0,4840,1.6753,1.38
google,500,10,linear,True,False,0.4,0.3,0.3,0,DE,random,26,0.3333333333333333,E4,5.26,31.19,35,0.430969,84.7476,8.6204,0.0,0,4.8391,0.813,61.012,0.0,25.5,4840,1.6533,1.29
google,500,10,linear,True,False,0.4,0.3,0.3,0,DE,random,27,0.3333333333333333,E4,5.26,31.19,35,0.430411,84.7673,8.7388,0.0,0,4.8391,0.8087,61.826,0.0,25.5,4840,1.661,1.39
google,500,10,linear,True,False,0.4,0.3,0.3,0,WOA,carbon,2,0.3333333333333333,E4,5.26,31.19,35,0.342044,87.8947,27.4756,0.0,0,4.5391,0.7343,54.958,0.0,26.0,4840,1.6153,0.98
google,500,10,linear,True,False,0.4,0.3,0.3,0,WOA,carbon,3,0.3333333333333333,E4,5.26,31.19,35,0.341864,87.9011,27.5138,0.0,0,4.5391,0.7343,54.455,0.0,26.0,4840,1.6155,1.0
google,500,10,linear,True,False,0.4,0.3,0.3,0,WOA,carbon,4,0.3333333333333333,E4,5.26,31.19,35,0.34556,87.7703,26.73,0.0,0,4.5891,0.7418,53.95,0.0,26.0,4840,1.6141,0.98
google,500,10,linear,True,False,0.4,0.3,0.3,0,WOA,carbon,5,0.3333333333333333,E4,5.26,31.19,35,0.345459,87.7739,26.7515,0.0,0,4.5891,0.7418,53.777,0.0,26.0,4840,1.6327,1.01
google,500,10,linear,True,False,0.4,0.3,0.3,0,WOA,carbon,6,0.3333333333333333,E4,5.26,31.19,35,0.345212,87.7826,26.8037,0.0,0,4.5891,0.7418,52.769,0.0,26.0,4840,1.6085,0.96
google,500,10,linear,True,False,0.4,0.3,0.3,0,WOA,carbon,7,0.3333333333333333,E4,5.26,31.19,35,0.344802,87.7971,26.8907,0.0,0,4.5891,0.7418,53.535,0.0,26.0,4840,1.6181,1.0
google,500,10,linear,True,False,0.4,0.3,0.3,0,WOA,carbon,8,0.3333333333333333,E4,5.26,31.19,35,0.345186,87.7835,26.8093,0.0,0,4.5891,0.7418,52.254,0.0,26.0,4840,1.631,0.93
google,500,10,linear,True,False,0.4,0.3,0.3,0,WOA,carbon,9,0.3333333333333333,E4,5.26,31.19,35,0.348129,87.6794,26.1854,0.0,0,4.6391,0.7493,51.187,0.0,26.0,4840,1.6418,0.94
google,500,10,linear,True,False,0.4,0.3,0.3,0,DE,random,28,0.3333333333333333,E4,5.26,31.19,35,0.439942,84.43,6.7181,0.0,0,4.9391,0.8338,58.902,0.0,25.5,4840,1.6479,1.12
google,500,10,linear,True,False,0.4,0.3,0.3,0,DE,random,29,0.3333333333333333,E4,5.26,31.19,35,0.443179,84.3154,6.0316,0.0,0,4.9391,0.8333,59.362,0.0,25.0,4840,1.6462,1.3
google,500,10,linear,True,False,0.4,0.3,0.3,0,DE,random,30,0.3333333333333333,E4,5.26,31.19,35,0.43303,84.6746,8.1835,0.0,0,4.8891,0.8329,59.182,0.0,25.0,4840,1.6376,1.23
google,500,10,linear,True,False,0.4,0.3,0.3,0,HHO,random,1,0.3333333333333333,E4,5.26,31.19,35,0.44945,84.0935,4.7021,0.0,0,4.9891,0.816,47.713,0.0,24.5,8844,2.6515,0.87
google,500,10,linear,True,False,0.4,0.3,0.3,0,HHO,random,2,0.3333333333333333,E4,5.26,31.19,35,0.457757,83.7995,2.9406,0.0,0,5.0891,0.8392,47.089,0.0,24.5,8886,2.683,0.92
google,500,10,linear,True,False,0.4,0.3,0.3,0,HHO,random,3,0.3333333333333333,E4,5.26,31.19,35,0.445994,84.2158,5.4348,0.0,0,4.9391,0.8242,50.649,0.0,24.5,8808,2.6493,1.12
google,500,10,linear,True,False,0.4,0.3,0.3,0,HHO,random,4,0.3333333333333333,E4,5.26,31.19,35,0.455712,83.8719,3.3743,0.0,0,5.1891,0.8798,50.608,0.0,26.5,8868,2.6707,1.02
google,500,10,linear,True,False,0.4,0.3,0.3,0,HHO,random,5,0.3333333333333333,E4,5.26,31.19,35,0.432167,84.7052,8.3666,0.0,0,5.0391,0.835,48.79,0.0,28.5,8824,2.6838,0.89
google,500,10,linear,True,False,0.4,0.3,0.3,0,WOA,carbon,26,0.3333333333333333,E4,5.26,31.19,35,0.345242,87.7815,26.7974,0.0,0,4.5891,0.7418,52.921,0.0,26.0,4840,1.6588,1.03
google,500,10,linear,True,False,0.4,0.3,0.3,0,WOA,carbon,27,0.3333333333333333,E4,5.26,31.19,35,0.34585,87.76,26.6685,0.0,0,4.5891,0.7418,54.105,0.0,26.0,4840,1.6418,0.99
google,500,10,linear,True,False,0.4,0.3,0.3,0,WOA,carbon,28,0.3333333333333333,E4,5.26,31.19,35,0.345182,87.7836,26.8101,0.0,0,4.5891,0.7418,52.11,0.0,26.0,4840,1.6498,0.94
google,500,10,linear,True,False,0.4,0.3,0.3,0,WOA,carbon,29,0.3333333333333333,E4,5.26,31.19,35,0.345257,87.781,26.7942,0.0,0,4.5891,0.7418,53.759,0.0,26.0,4840,1.649,1.0
google,500,10,linear,True,False,0.4,0.3,0.3,0,WOA,carbon,30,0.3333333333333333,E4,5.26,31.19,35,0.347077,87.7166,26.4084,0.0,0,4.5891,0.7418,52.962,0.0,26.0,4840,1.6812,1.01
google,500,20,linear,True,False,0.4,0.3,0.3,0,FIFO,-,0,0.3333333333333333,E4,5.26,31.19,35,2.825576,0.0,-499.1141,0.0,0,31.5391,5.1517,5.275,0.0,24.5,0,0.0,0.0
google,500,20,linear,True,False,0.4,0.3,0.3,0,Consolidation,-,0,0.3333333333333333,E4,5.26,31.19,35,0.471626,83.3087,0.0,0.0,0,5.1891,0.8542,43.373,0.0,24.5,0,0.0,0.0
google,500,20,linear,True,False,0.4,0.3,0.3,0,Greedy(EDF+greenest),-,0,0.3333333333333333,E4,5.26,31.19,35,0.353564,87.487,25.033,0.0,0,4.6891,0.7568,49.264,0.0,26.0,0,0.0001,0.0
google,500,10,linear,True,False,0.4,0.3,0.3,0,WOA,carbon,10,0.3333333333333333,E4,5.26,31.19,35,0.344917,87.793,26.8663,0.0,0,4.5891,0.7418,54.434,0.0,26.0,4840,1.6649,0.98
google,500,10,linear,True,False,0.4,0.3,0.3,0,WOA,carbon,11,0.3333333333333333,E4,5.26,31.19,35,0.342245,87.8876,27.4329,0.0,0,4.5391,0.7343,55.875,0.0,26.0,4840,1.6288,0.97
google,500,10,linear,True,False,0.4,0.3,0.3,0,WOA,carbon,12,0.3333333333333333,E4,5.26,31.19,35,0.345333,87.7783,26.7781,0.0,0,4.5891,0.7418,52.858,0.0,26.0,4840,1.6165,1.02
google,500,10,linear,True,False,0.4,0.3,0.3,0,WOA,carbon,13,0.3333333333333333,E4,5.26,31.19,35,0.345786,87.7623,26.6821,0.0,0,4.5891,0.7418,54.402,0.0,26.0,4840,1.6423,1.01
google,500,10,linear,True,False,0.4,0.3,0.3,0,WOA,carbon,14,0.3333333333333333,E4,5.26,31.19,35,0.342076,87.8936,27.4688,0.0,0,4.5391,0.7343,56.267,0.0,26.0,4840,1.6497,1.01
google,500,10,linear,True,False,0.4,0.3,0.3,0,WOA,carbon,15,0.3333333333333333,E4,5.26,31.19,35,0.342235,87.888,27.435,0.0,0,4.5391,0.7343,56.263,0.0,26.0,4840,1.6462,0.96
google,500,10,linear,True,False,0.4,0.3,0.3,0,WOA,carbon,16,0.3333333333333333,E4,5.26,31.19,35,0.345212,87.7826,26.8037,0.0,0,4.5891,0.7418,52.769,0.0,26.0,4840,1.6473,0.96
google,500,10,linear,True,False,0.4,0.3,0.3,0,WOA,carbon,17,0.3333333333333333,E4,5.26,31.19,35,0.34522,87.7823,26.8021,0.0,0,4.5891,0.7418,52.77,0.0,26.0,4840,1.6898,1.03
google,500,10,linear,True,False,0.4,0.3,0.3,0,HHO,random,6,0.3333333333333333,E4,5.26,31.19,35,0.444649,84.2634,5.72,0.0,0,4.9391,0.8242,50.484,0.0,25.0,8858,2.6876,0.98
google,500,10,linear,True,False,0.4,0.3,0.3,0,HHO,random,7,0.3333333333333333,E4,5.26,31.19,35,0.444773,84.259,5.6935,0.0,0,4.9391,0.8242,49.776,0.0,24.5,8830,2.6475,1.09
google,500,10,linear,True,False,0.4,0.3,0.3,0,HHO,random,8,0.3333333333333333,E4,5.26,31.19,35,0.447088,84.1771,5.2028,0.0,0,4.9391,0.8242,51.46,0.0,25.0,8938,2.7,1.18
google,500,10,linear,True,False,0.4,0.3,0.3,0,HHO,random,9,0.3333333333333333,E4,5.26,31.19,35,0.45457,83.9123,3.6164,0.0,0,5.0391,0.8531,54.244,0.0,25.5,8948,2.6955,1.01
google,500,10,linear,True,False,0.4,0.3,0.3,0,HHO,random,10,0.3333333333333333,E4,5.26,31.19,35,0.44653,84.1969,5.3212,0.0,0,4.9391,0.8167,49.803,0.0,24.5,8908,2.6874,1.06
google,500,10,linear,True,False,0.4,0.3,0.3,0,HHO,random,11,0.3333333333333333,E4,5.26,31.19,35,0.452369,83.9902,4.0831,0.0,0,5.1891,0.8747,50.111,0.0,27.5,8908,2.6934,1.0
google,500,10,linear,True,False,0.4,0.3,0.3,0,HHO,random,12,0.3333333333333333,E4,5.26,31.19,35,0.444324,84.2749,5.7887,0.0,0,4.9891,0.816,48.594,0.0,25.0,8868,2.6793,1.05
google,500,10,linear,True,False,0.4,0.3,0.3,0,HHO,random,13,0.3333333333333333,E4,5.26,31.19,35,0.447485,84.163,5.1186,0.0,0,5.0891,0.8533,52.72,0.0,26.0,8954,2.6936,1.03
google,500,10,linear,True,False,0.4,0.3,0.3,0,HHO,random,14,0.3333333333333333,E4,5.26,31.19,35,0.449908,84.0773,4.6048,0.0,0,4.9891,0.8235,49.021,0.0,24.5,8930,2.7085,1.07
google,500,10,linear,True,False,0.4,0.3,0.3,0,HHO,random,15,0.3333333333333333,E4,5.26,31.19,35,0.449873,84.0785,4.6123,0.0,0,5.0391,0.8543,55.844,0.0,25.0,8854,2.6333,1.07
google,500,10,linear,True,False,0.4,0.3,0.3,0,HHO,random,16,0.3333333333333333,E4,5.26,31.19,35,0.445596,84.2299,5.5192,0.0,0,4.9391,0.816,49.727,0.0,24.5,8830,2.6465,1.1
google,500,10,linear,True,False,0.4,0.3,0.3,0,HHO,random,17,0.3333333333333333,E4,5.26,31.19,35,0.440554,84.4083,6.5881,0.0,0,4.9391,0.8167,50.174,0.0,24.5,9010,2.7349,1.03
google,500,10,linear,True,False,0.4,0.3,0.3,0,HHO,random,18,0.3333333333333333,E4,5.26,31.19,35,0.449278,84.0996,4.7384,0.0,0,4.9891,0.8317,49.168,0.0,25.0,8976,2.6903,1.04
google,500,10,linear,True,False,0.4,0.3,0.3,0,HHO,random,19,0.3333333333333333,E4,5.26,31.19,35,0.449755,84.0827,4.6374,0.0,0,4.9891,0.8235,48.865,0.0,25.0,8846,2.6795,1.12
google,500,10,linear,True,False,0.4,0.3,0.3,0,HHO,random,20,0.3333333333333333,E4,5.26,31.19,35,0.441508,84.3746,6.3859,0.0,0,4.9391,0.8167,50.235,0.0,24.5,8854,2.6926,1.08
google,500,10,linear,True,False,0.4,0.3,0.3,0,HHO,random,21,0.3333333333333333,E4,5.26,31.19,35,0.437744,84.5078,7.1841,0.0,0,5.1391,0.8545,44.462,0.0,28.5,8876,2.697,1.0
google,500,10,linear,True,False,0.4,0.3,0.3,0,HHO,random,22,0.3333333333333333,E4,5.26,31.19,35,0.451577,84.0182,4.251,0.0,0,5.1391,0.8629,51.919,0.0,25.5,8934,2.6909,0.97
google,500,10,linear,True,False,0.4,0.3,0.3,0,HHO,random,23,0.3333333333333333,E4,5.26,31.19,35,0.431215,84.7389,8.5683,0.0,0,5.0391,0.8372,47.959,0.0,28.0,9002,2.6772,0.97
google,500,10,linear,True,False,0.4,0.3,0.3,0,HHO,random,24,0.3333333333333333,E4,5.26,31.19,35,0.456578,83.8412,3.1905,0.0,0,5.0391,0.8317,46.054,0.0,24.5,9024,2.7265,1.01
google,500,10,linear,True,False,0.4,0.3,0.3,0,HHO,random,25,0.3333333333333333,E4,5.26,31.19,35,0.44072,84.4025,6.553,0.0,0,5.1891,0.862,43.373,0.0,28.5,8908,2.6949,0.9
google,500,10,linear,True,False,0.4,0.3,0.3,0,HHO,random,26,0.3333333333333333,E4,5.26,31.19,35,0.450272,84.0644,4.5276,0.0,0,5.0891,0.8657,46.347,0.0,26.0,8874,2.6708,1.03
google,500,10,linear,True,False,0.4,0.3,0.3,0,HHO,random,27,0.3333333333333333,E4,5.26,31.19,35,0.442922,84.3245,6.086,0.0,0,5.0391,0.8573,54.267,0.0,26.5,8970,2.7223,1.21
google,500,10,linear,True,False,0.4,0.3,0.3,0,HHO,random,28,0.3333333333333333,E4,5.26,31.19,35,0.44163,84.3703,6.3601,0.0,0,5.0391,0.855,55.002,0.0,26.5,8882,2.7026,1.09
google,500,10,linear,True,False,0.4,0.3,0.3,0,HHO,random,29,0.3333333333333333,E4,5.26,31.19,35,0.431495,84.729,8.5091,0.0,0,4.9891,0.8316,48.93,0.0,28.0,8986,2.7104,0.88
google,500,10,linear,True,False,0.4,0.3,0.3,0,HHO,random,30,0.3333333333333333,E4,5.26,31.19,35,0.434496,84.6227,7.8727,0.0,0,5.0891,0.8458,46.101,0.0,28.0,8976,2.7243,1.06
google,500,10,linear,True,False,0.4,0.3,0.3,0,GA,random,1,0.3333333333333333,E4,5.26,31.19,35,0.430267,84.7724,8.7694,0.0,0,4.8891,0.8172,60.436,0.0,25.0,4840,2.73,1.38
google,500,10,linear,True,False,0.4,0.3,0.3,0,GA,random,2,0.3333333333333333,E4,5.26,31.19,35,0.428078,84.8499,9.2336,0.0,0,4.8391,0.813,61.853,0.0,25.0,4840,2.7503,1.47
google,500,10,linear,True,False,0.4,0.3,0.3,0,GA,random,3,0.3333333333333333,E4,5.26,31.19,35,0.425699,84.9341,9.7379,0.0,0,4.7891,0.8033,62.788,0.0,24.5,4840,2.7613,1.47
google,500,10,linear,True,False,0.4,0.3,0.3,0,GA,random,4,0.3333333333333333,E4,5.26,31.19,35,0.425769,84.9316,9.723,0.0,0,4.8891,0.8198,59.401,0.0,25.5,4840,2.7651,1.48
google,500,10,linear,True,False,0.4,0.3,0.3,0,GA,random,5,0.3333333333333333,E4,5.26,31.19,35,0.428897,84.8209,9.0598,0.0,0,4.8391,0.8192,61.516,0.0,24.5,4840,2.788,1.48
google,500,10,linear,True,False,0.4,0.3,0.3,0,GA,random,6,0.3333333333333333,E4,5.26,31.19,35,0.43095,84.7482,8.6245,0.0,0,4.8891,0.8292,60.116,0.0,25.0,4840,2.8013,1.44
google,500,10,linear,True,False,0.4,0.3,0.3,0,GA,random,7,0.3333333333333333,E4,5.26,31.19,35,0.416276,85.2676,11.736,0.0,0,4.7891,0.7918,62.358,0.0,25.0,4840,2.7907,1.48
google,500,10,linear,True,False,0.4,0.3,0.3,0,GA,random,24,0.3333333333333333,E4,5.26,31.19,35,0.422538,85.0459,10.4082,0.0,0,4.7891,0.8038,62.635,0.0,25.0,4840,2.7421,1.51
google,500,10,linear,True,False,0.4,0.3,0.3,0,GA,random,25,0.3333333333333333,E4,5.26,31.19,35,0.426693,84.8989,9.5271,0.0,0,4.8391,0.8097,61.575,0.0,25.0,4840,2.724,1.46
google,500,10,linear,True,False,0.4,0.3,0.3,0,GA,random,26,0.3333333333333333,E4,5.26,31.19,35,0.423104,85.0259,10.2881,0.0,0,4.7891,0.8136,62.412,0.0,24.5,4840,2.7432,1.42
google,500,10,linear,True,False,0.4,0.3,0.3,0,GA,random,27,0.3333333333333333,E4,5.26,31.19,35,0.427671,84.8643,9.3198,0.0,0,4.8891,0.816,59.986,0.0,25.0,4840,2.7444,1.46
google,500,10,linear,True,False,0.4,0.3,0.3,0,GA,random,28,0.3333333333333333,E4,5.26,31.19,35,0.427125,84.8836,9.4356,0.0,0,4.8391,0.8172,61.281,0.0,24.5,4840,2.7625,1.47
google,500,10,linear,True,False,0.4,0.3,0.3,0,GA,random,29,0.3333333333333333,E4,5.26,31.19,35,0.422817,85.0361,10.349,0.0,0,4.8391,0.8245,60.8,0.0,25.0,4840,2.7718,1.42
google,500,10,linear,True,False,0.4,0.3,0.3,0,GA,random,30,0.3333333333333333,E4,5.26,31.19,35,0.425464,84.9424,9.7878,0.0,0,4.7891,0.8016,62.782,0.0,25.0,4840,2.7667,1.45
google,500,10,linear,True,False,0.4,0.3,0.3,0,WOA,carbon,1,0.3333333333333333,E4,5.26,31.19,35,0.349545,87.6292,25.8851,0.0,0,4.6391,0.7493,51.592,0.0,26.0,4840,1.6275,1.02
google,500,10,linear,True,False,0.4,0.3,0.3,0,GA,random,8,0.3333333333333333,E4,5.26,31.19,35,0.425128,84.9543,9.8591,0.0,0,4.7891,0.793,62.348,0.0,25.0,4840,2.733,1.52
google,500,10,linear,True,False,0.4,0.3,0.3,0,GA,random,9,0.3333333333333333,E4,5.26,31.19,35,0.416151,85.272,11.7624,0.0,0,4.7391,0.8079,64.147,0.0,25.0,4840,2.7334,1.45
google,500,10,linear,True,False,0.4,0.3,0.3,0,GA,random,10,0.3333333333333333,E4,5.26,31.19,35,0.424867,84.9635,9.9144,0.0,0,4.8391,0.8194,61.777,0.0,25.0,4840,2.7522,1.45
google,500,10,linear,True,False,0.4,0.3,0.3,0,GA,random,11,0.3333333333333333,E4,5.26,31.19,35,0.417212,85.2344,11.5374,0.0,0,4.8391,0.8136,60.401,0.0,25.0,4840,2.7395,1.47
google,500,10,linear,True,False,0.4,0.3,0.3,0,GA,random,12,0.3333333333333333,E4,5.26,31.19,35,0.427071,84.8855,9.4469,0.0,0,4.8391,0.8022,61.917,0.0,24.5,4840,2.7589,1.46
google,500,10,linear,True,False,0.4,0.3,0.3,0,GA,random,13,0.3333333333333333,E4,5.26,31.19,35,0.423416,85.0149,10.222,0.0,0,4.7891,0.8166,62.721,0.0,25.0,4840,2.7752,1.47
google,500,10,linear,True,False,0.4,0.3,0.3,0,GA,random,14,0.3333333333333333,E4,5.26,31.19,35,0.426078,84.9207,9.6576,0.0,0,4.8391,0.7988,61.224,0.0,25.0,4840,2.7706,1.48
google,500,10,linear,True,False,0.4,0.3,0.3,0,GA,random,15,0.3333333333333333,E4,5.26,31.19,35,0.424228,84.9861,10.0499,0.0,0,4.7891,0.8067,62.669,0.0,25.0,4840,2.7625,1.44
google,500,10,linear,True,False,0.4,0.3,0.3,0,GA,random,16,0.3333333333333333,E4,5.26,31.19,35,0.428092,84.8494,9.2306,0.0,0,4.8891,0.8286,59.667,0.0,25.0,4840,2.7381,1.46
google,500,10,linear,True,False,0.4,0.3,0.3,0,GA,random,17,0.3333333333333333,E4,5.26,31.19,35,0.431523,84.728,8.5032,0.0,0,4.9391,0.8378,58.105,0.0,25.0,4840,2.7366,1.46
google,500,10,linear,True,False,0.4,0.3,0.3,0,GA,random,18,0.3333333333333333,E4,5.26,31.19,35,0.427721,84.8625,9.3092,0.0,0,4.8891,0.8303,60.131,0.0,25.5,4840,2.7567,1.48
google,500,10,linear,True,False,0.4,0.3,0.3,0,GA,random,19,0.3333333333333333,E4,5.26,31.19,35,0.427617,84.8662,9.3313,0.0,0,4.8391,0.8085,61.841,0.0,25.0,4840,2.7444,1.42
google,500,10,linear,True,False,0.4,0.3,0.3,0,GA,random,20,0.3333333333333333,E4,5.26,31.19,35,0.420709,85.1107,10.7961,0.0,0,4.7891,0.8038,62.585,0.0,24.5,4840,2.7721,1.47
google,500,10,linear,True,False,0.4,0.3,0.3,0,GA,random,21,0.3333333333333333,E4,5.26,31.19,35,0.425603,84.9375,9.7582,0.0,0,4.8391,0.8082,61.32,0.0,25.0,4840,2.7867,1.46
google,500,10,linear,True,False,0.4,0.3,0.3,0,GA,random,22,0.3333333333333333,E4,5.26,31.19,35,0.425985,84.924,9.6773,0.0,0,4.8391,0.8147,61.497,0.0,25.0,4840,2.7831,1.5
google,500,10,linear,True,False,0.4,0.3,0.3,0,GA,random,23,0.3333333333333333,E4,5.26,31.19,35,0.425798,84.9306,9.717,0.0,0,4.8391,0.8108,60.958,0.0,25.0,4840,2.7624,1.48
google,500,10,linear,True,False,0.4,0.3,0.3,0,WOA,carbon,18,0.3333333333333333,E4,5.26,31.19,35,0.340296,87.9566,27.8462,0.0,0,4.4891,0.7268,58.888,0.0,26.0,4840,1.631,0.96
google,500,10,linear,True,False,0.4,0.3,0.3,0,WOA,carbon,19,0.3333333333333333,E4,5.26,31.19,35,0.34812,87.6797,26.1872,0.0,0,4.6391,0.7493,50.524,0.0,26.0,4840,1.6287,0.97
google,500,10,linear,True,False,0.4,0.3,0.3,0,WOA,carbon,20,0.3333333333333333,E4,5.26,31.19,35,0.345261,87.7809,26.7934,0.0,0,4.5891,0.7418,53.099,0.0,26.0,4840,1.6291,0.97
google,500,10,linear,True,False,0.4,0.3,0.3,0,WOA,carbon,21,0.3333333333333333,E4,5.26,31.19,35,0.345186,87.7835,26.8093,0.0,0,4.5891,0.7418,52.11,0.0,26.0,4840,1.6389,0.93
google,500,10,linear,True,False,0.4,0.3,0.3,0,WOA,carbon,22,0.3333333333333333,E4,5.26,31.19,35,0.34693,87.7218,26.4394,0.0,0,4.5891,0.7418,53.789,0.0,26.0,4840,1.6714,0.95
google,500,10,linear,True,False,0.4,0.3,0.3,0,WOA,carbon,23,0.3333333333333333,E4,5.26,31.19,35,0.344373,87.8123,26.9816,0.0,0,4.5391,0.7343,58.969,0.0,26.0,4840,1.6414,1.01
google,500,10,linear,True,False,0.4,0.3,0.3,0,WOA,carbon,24,0.3333333333333333,E4,5.26,31.19,35,0.342435,87.8809,27.3927,0.0,0,4.5391,0.7343,56.248,0.0,26.0,4840,1.6279,0.98
google,500,10,linear,True,False,0.4,0.3,0.3,0,WOA,carbon,25,0.3333333333333333,E4,5.26,31.19,35,0.345547,87.7707,26.7327,0.0,0,4.5891,0.7418,55.104,0.0,26.0,4840,1.6394,0.99
google,500,20,linear,True,False,0.4,0.3,0.3,0,WOA,random,1,0.3333333333333333,E4,5.26,31.19,35,0.451271,84.0291,4.3159,0.0,0,5.0391,0.8477,56.288,0.0,24.5,4840,1.6402,1.05
google,500,20,linear,True,False,0.4,0.3,0.3,0,WOA,random,2,0.3333333333333333,E4,5.26,31.19,35,0.437537,84.5151,7.2278,0.0,0,5.1391,0.8539,44.11,0.0,28.5,4840,1.6385,1.03
google,500,20,linear,True,False,0.4,0.3,0.3,0,WOA,random,3,0.3333333333333333,E4,5.26,31.19,35,0.451881,84.0075,4.1866,0.0,0,5.0391,0.8235,47.209,0.0,24.5,4840,1.6619,1.0
google,500,20,linear,True,False,0.4,0.3,0.3,0,WOA,random,4,0.3333333333333333,E4,5.26,31.19,35,0.437226,84.5261,7.2938,0.0,0,5.1391,0.8533,44.302,0.0,28.5,4840,1.6423,1.05
google,500,20,linear,True,False,0.4,0.3,0.3,0,WOA,random,5,0.3333333333333333,E4,5.26,31.19,35,0.428123,84.8483,9.2239,0.0,0,5.0891,0.8378,46.933,0.0,27.5,4840,1.6466,1.11
google,500,20,linear,True,False,0.4,0.3,0.3,0,WOA,random,6,0.3333333333333333,E4,5.26,31.19,35,0.437691,84.5097,7.1952,0.0,0,5.1391,0.8545,44.046,0.0,28.5,4840,1.6259,1.01
google,500,20,linear,True,False,0.4,0.3,0.3,0,WOA,random,7,0.3333333333333333,E4,5.26,31.19,35,0.437837,84.5045,7.1642,0.0,0,5.1391,0.8545,44.11,0.0,28.5,4840,1.6387,0.97
google,500,20,linear,True,False,0.4,0.3,0.3,0,WOA,random,8,0.3333333333333333,E4,5.26,31.19,35,0.44072,84.4025,6.553,0.0,0,5.1891,0.862,43.373,0.0,28.5,4840,1.6471,0.95
google,500,20,linear,True,False,0.4,0.3,0.3,0,WOA,random,9,0.3333333333333333,E4,5.26,31.19,35,0.456683,83.8375,3.1682,0.0,0,5.0891,0.8589,55.254,0.0,27.0,4840,1.6587,1.02
google,500,20,linear,True,False,0.4,0.3,0.3,0,WOA,random,10,0.3333333333333333,E4,5.26,31.19,35,0.440697,84.4033,6.5578,0.0,0,5.1891,0.862,43.373,0.0,28.5,4840,1.6411,0.97
google,500,20,linear,True,False,0.4,0.3,0.3,0,WOA,random,11,0.3333333333333333,E4,5.26,31.19,35,0.437774,84.5067,7.1777,0.0,0,5.1391,0.8545,44.11,0.0,28.5,4840,1.6328,0.95
google,500,20,linear,True,False,0.4,0.3,0.3,0,WOA,random,12,0.3333333333333333,E4,5.26,31.19,35,0.44072,84.4025,6.553,0.0,0,5.1891,0.862,43.373,0.0,28.5,4840,1.6267,0.94
google,500,20,linear,True,False,0.4,0.3,0.3,0,WOA,random,13,0.3333333333333333,E4,5.26,31.19,35,0.437624,84.5121,7.2095,0.0,0,5.1391,0.8539,44.291,0.0,28.5,4840,1.6358,0.98
google,500,20,linear,True,False,0.4,0.3,0.3,0,WOA,random,14,0.3333333333333333,E4,5.26,31.19,35,0.437672,84.5103,7.1992,0.0,0,5.1391,0.8545,44.558,0.0,28.5,4840,1.6353,0.98
google,500,20,linear,True,False,0.4,0.3,0.3,0,WOA,random,15,0.3333333333333333,E4,5.26,31.19,35,0.437792,84.5061,7.1737,0.0,0,5.1391,0.8545,44.014,0.0,28.5,4840,1.7047,0.98
google,500,20,linear,True,False,0.4,0.3,0.3,0,WOA,random,16,0.3333333333333333,E4,5.26,31.19,35,0.431755,84.7197,8.4538,0.0,0,4.9891,0.8235,48.913,0.0,28.0,4840,1.6443,1.02
google,500,20,linear,True,False,0.4,0.3,0.3,0,WOA,random,17,0.3333333333333333,E4,5.26,31.19,35,0.437774,84.5067,7.1777,0.0,0,5.1391,0.8545,44.11,0.0,28.5,4840,1.6557,0.98
google,500,20,linear,True,False,0.4,0.3,0.3,0,WOA,random,18,0.3333333333333333,E4,5.26,31.19,35,0.434461,84.624,7.8801,0.0,0,5.0891,0.847,45.392,0.0,28.5,4840,1.6481,1.0
google,500,20,linear,True,False,0.4,0.3,0.3,0,WOA,random,19,0.3333333333333333,E4,5.26,31.19,35,0.433979,84.6411,7.9824,0.0,0,5.1391,0.8545,44.514,0.0,27.5,4840,1.6416,1.02
google,500,20,linear,True,False,0.4,0.3,0.3,0,WOA,random,20,0.3333333333333333,E4,5.26,31.19,35,0.433857,84.6453,8.0081,0.0,0,5.0891,0.8383,46.097,0.0,28.5,4840,1.635,1.01
google,500,20,linear,True,False,0.4,0.3,0.3,0,WOA,random,21,0.3333333333333333,E4,5.26,31.19,35,0.453045,83.9663,3.9396,0.0,0,5.0391,0.8317,46.939,0.0,24.5,4840,1.6757,1.03
google,500,20,linear,True,False,0.4,0.3,0.3,0,WOA,random,22,0.3333333333333333,E4,5.26,31.19,35,0.437774,84.5067,7.1777,0.0,0,5.1391,0.8545,44.11,0.0,28.5,4840,1.64,0.99
google,500,20,linear,True,False,0.4,0.3,0.3,0,WOA,random,23,0.3333333333333333,E4,5.26,31.19,35,0.437522,84.5156,7.231,0.0,0,5.1391,0.8533,44.719,0.0,28.5,4840,1.6608,1.05
google,500,20,linear,True,False,0.4,0.3,0.3,0,WOA,random,24,0.3333333333333333,E4,5.26,31.19,35,0.437792,84.5061,7.1737,0.0,0,5.1391,0.8545,44.11,0.0,28.5,4840,1.6748,0.97
google,500,20,linear,True,False,0.4,0.3,0.3,0,WOA,random,25,0.3333333333333333,E4,5.26,31.19,35,0.437512,84.516,7.2331,0.0,0,5.0891,0.8383,46.093,0.0,28.5,4840,1.6702,1.04
google,500,20,linear,True,False,0.4,0.3,0.3,0,WOA,random,26,0.3333333333333333,E4,5.26,31.19,35,0.431567,84.7264,8.4936,0.0,0,5.0891,0.847,45.303,0.0,28.5,4840,1.6583,0.99
google,500,20,linear,True,False,0.4,0.3,0.3,0,WOA,random,27,0.3333333333333333,E4,5.26,31.19,35,0.437594,84.5131,7.2159,0.0,0,5.1391,0.8539,44.27,0.0,28.5,4840,1.6396,1.01
google,500,20,linear,True,False,0.4,0.3,0.3,0,WOA,random,28,0.3333333333333333,E4,5.26,31.19,35,0.434846,84.6104,7.7984,0.0,0,5.0891,0.847,45.392,0.0,28.5,4840,1.6344,1.0
google,500,20,linear,True,False,0.4,0.3,0.3,0,WOA,random,29,0.3333333333333333,E4,5.26,31.19,35,0.44072,84.4025,6.553,0.0,0,5.1891,0.862,43.373,0.0,28.5,4840,1.6686,0.94
google,500,20,linear,True,False,0.4,0.3,0.3,0,WOA,random,30,0.3333333333333333,E4,5.26,31.19,35,0.431076,84.7438,8.5978,0.0,0,5.0391,0.8303,46.817,0.0,28.5,4840,1.643,0.99
google,500,20,linear,True,False,0.4,0.3,0.3,0,GWO,random,1,0.3333333333333333,E4,5.26,31.19,35,0.437854,84.5039,7.1608,0.0,0,4.9391,0.8378,58.932,0.0,25.0,4840,2.1293,1.08
google,500,20,linear,True,False,0.4,0.3,0.3,0,GWO,random,2,0.3333333333333333,E4,5.26,31.19,35,0.445719,84.2255,5.493,0.0,0,4.9391,0.8357,58.94,0.0,25.0,4840,2.0955,1.02
google,500,20,linear,True,False,0.4,0.3,0.3,0,PSO,random,5,0.3333333333333333,E4,5.26,31.19,35,0.448151,84.1395,4.9774,0.0,0,4.9891,0.8484,56.93,0.0,24.5,4840,1.6973,1.77
google,500,20,linear,True,False,0.4,0.3,0.3,0,PSO,random,6,0.3333333333333333,E4,5.26,31.19,35,0.450229,84.0659,4.5367,0.0,0,5.0391,0.8526,55.92,0.0,25.0,4840,1.6951,1.6
google,500,20,linear,True,False,0.4,0.3,0.3,0,PSO,random,7,0.3333333333333333,E4,5.26,31.19,35,0.455233,83.8888,3.4757,0.0,0,5.0891,0.8606,55.111,0.0,25.5,4840,1.7147,1.62
google,500,20,linear,True,False,0.4,0.3,0.3,0,PSO,random,8,0.3333333333333333,E4,5.26,31.19,35,0.451616,84.0168,4.2426,0.0,0,5.0391,0.8509,55.806,0.0,25.0,4840,1.6886,1.6
google,500,20,linear,True,False,0.4,0.3,0.3,0,PSO,random,9,0.3333333333333333,E4,5.26,31.19,35,0.452782,83.9756,3.9954,0.0,0,5.0391,0.8554,56.747,0.0,27.0,4840,1.7065,1.53
google,500,20,linear,True,False,0.4,0.3,0.3,0,PSO,random,10,0.3333333333333333,E4,5.26,31.19,35,0.453497,83.9503,3.8439,0.0,0,5.0891,0.8592,55.754,0.0,26.0,4840,1.7406,1.58
google,500,20,linear,True,False,0.4,0.3,0.3,0,PSO,random,11,0.3333333333333333,E4,5.26,31.19,35,0.445808,84.2224,5.4742,0.0,0,4.9891,0.8355,57.706,0.0,25.0,4840,1.6795,1.64
google,500,20,linear,True,False,0.4,0.3,0.3,0,PSO,random,12,0.3333333333333333,E4,5.26,31.19,35,0.448643,84.1221,4.873,0.0,0,5.0391,0.8531,56.072,0.0,25.0,4840,1.6771,1.72
google,500,20,linear,True,False,0.4,0.3,0.3,0,GWO,random,27,0.3333333333333333,E4,5.26,31.19,35,0.450796,84.0459,4.4167,0.0,0,5.0891,0.8614,55.971,0.0,26.5,4840,2.1035,0.98
google,500,20,linear,True,False,0.4,0.3,0.3,0,GWO,random,28,0.3333333333333333,E4,5.26,31.19,35,0.449008,84.1091,4.7957,0.0,0,4.9891,0.8327,58.388,0.0,25.5,4840,2.0962,0.99
google,500,20,linear,True,False,0.4,0.3,0.3,0,GWO,random,29,0.3333333333333333,E4,5.26,31.19,35,0.440739,84.4018,6.5489,0.0,0,4.9891,0.8451,57.523,0.0,25.0,4840,2.1092,1.08
google,500,20,linear,True,False,0.4,0.3,0.3,0,GWO,random,30,0.3333333333333333,E4,5.26,31.19,35,0.448026,84.1439,5.0039,0.0,0,4.9891,0.8445,57.855,0.0,25.0,4840,2.1024,0.97
google,500,20,linear,True,False,0.4,0.3,0.3,0,PSO,random,1,0.3333333333333333,E4,5.26,31.19,35,0.451764,84.0116,4.2114,0.0,0,5.0391,0.8543,55.94,0.0,25.0,4840,1.7161,1.6
google,500,20,linear,True,False,0.4,0.3,0.3,0,PSO,random,2,0.3333333333333333,E4,5.26,31.19,35,0.452883,83.972,3.9741,0.0,0,5.0391,0.8543,56.662,0.0,24.5,4840,1.7704,1.58
google,500,20,linear,True,False,0.4,0.3,0.3,0,PSO,random,3,0.3333333333333333,E4,5.26,31.19,35,0.442933,84.3241,6.0838,0.0,0,4.9891,0.847,57.253,0.0,25.0,4840,1.695,1.6
google,500,20,linear,True,False,0.4,0.3,0.3,0,PSO,random,4,0.3333333333333333,E4,5.26,31.19,35,0.452578,83.9828,4.0388,0.0,0,5.0391,0.8514,56.575,0.0,25.0,4840,1.6853,1.56
google,500,20,linear,True,False,0.4,0.3,0.3,0,GWO,random,11,0.3333333333333333,E4,5.26,31.19,35,0.443358,84.3091,5.9936,0.0,0,4.9891,0.8458,58.207,0.0,24.5,4840,2.1004,1.05
google,500,20,linear,True,False,0.4,0.3,0.3,0,GWO,random,12,0.3333333333333333,E4,5.26,31.19,35,0.44976,84.0825,4.6363,0.0,0,5.0391,0.852,57.062,0.0,25.5,4840,2.0802,0.99
google,500,20,linear,True,False,0.4,0.3,0.3,0,GWO,random,13,0.3333333333333333,E4,5.26,31.19,35,0.447628,84.158,5.0883,0.0,0,4.9891,0.8413,57.711,0.0,24.5,4840,2.0868,1.03
google,500,20,linear,True,False,0.4,0.3,0.3,0,GWO,random,14,0.3333333333333333,E4,5.26,31.19,35,0.435733,84.579,7.6105,0.0,0,4.8891,0.8292,59.803,0.0,24.5,4840,2.0976,1.14
google,500,20,linear,True,False,0.4,0.3,0.3,0,GWO,random,15,0.3333333333333333,E4,5.26,31.19,35,0.448385,84.1312,4.9279,0.0,0,4.9891,0.8387,57.603,0.0,25.0,4840,2.0824,1.0
google,500,20,linear,True,False,0.4,0.3,0.3,0,GWO,random,16,0.3333333333333333,E4,5.26,31.19,35,0.446011,84.2152,5.4312,0.0,0,5.0391,0.8434,56.831,0.0,25.5,4840,2.1268,0.99
google,500,20,linear,True,False,0.4,0.3,0.3,0,GWO,random,17,0.3333333333333333,E4,5.26,31.19,35,0.441637,84.37,6.3585,0.0,0,4.9391,0.8269,58.381,0.0,25.0,4840,2.0704,1.08
google,500,20,linear,True,False,0.4,0.3,0.3,0,GWO,random,18,0.3333333333333333,E4,5.26,31.19,35,0.444202,84.2792,5.8146,0.0,0,4.9391,0.8372,59.364,0.0,24.5,4840,2.0572,1.04
google,500,20,linear,True,False,0.4,0.3,0.3,0,GWO,random,3,0.3333333333333333,E4,5.26,31.19,35,0.433135,84.6709,8.1614,0.0,0,4.8391,0.8125,61.169,0.0,25.0,4840,2.0944,1.11
google,500,20,linear,True,False,0.4,0.3,0.3,0,GWO,random,4,0.3333333333333333,E4,5.26,31.19,35,0.422071,85.0625,10.5071,0.0,0,4.7891,0.8036,62.891,0.0,24.5,4840,2.0861,1.13
google,500,20,linear,True,False,0.4,0.3,0.3,0,GWO,random,5,0.3333333333333333,E4,5.26,31.19,35,0.446017,84.215,5.43,0.0,0,4.9891,0.8436,57.674,0.0,25.0,4840,2.0849,1.01
google,500,20,linear,True,False,0.4,0.3,0.3,0,GWO,random,6,0.3333333333333333,E4,5.26,31.19,35,0.439278,84.4535,6.8587,0.0,0,4.8891,0.8297,60.026,0.0,24.5,4840,2.1211,1.11
google,500,20,linear,True,False,0.4,0.3,0.3,0,GWO,random,7,0.3333333333333333,E4,5.26,31.19,35,0.457699,83.8016,2.9528,0.0,0,5.0391,0.8522,57.02,0.0,25.5,4840,2.0774,0.97
google,500,20,linear,True,False,0.4,0.3,0.3,0,GWO,random,8,0.3333333333333333,E4,5.26,31.19,35,0.437094,84.5308,7.3219,0.0,0,4.9391,0.8381,59.258,0.0,25.0,4840,2.163,1.12
google,500,20,linear,True,False,0.4,0.3,0.3,0,GWO,random,9,0.3333333333333333,E4,5.26,31.19,35,0.435961,84.5709,7.562,0.0,0,4.9391,0.8342,58.662,0.0,25.0,4840,2.0743,1.09
google,500,20,linear,True,False,0.4,0.3,0.3,0,GWO,random,10,0.3333333333333333,E4,5.26,31.19,35,0.44193,84.3597,6.2965,0.0,0,4.9391,0.8305,58.791,0.0,24.5,4840,2.0683,1.17
google,500,20,linear,True,False,0.4,0.3,0.3,0,GWO,random,19,0.3333333333333333,E4,5.26,31.19,35,0.447065,84.1779,5.2077,0.0,0,4.9891,0.8413,58.623,0.0,25.0,4840,2.0998,1.01
google,500,20,linear,True,False,0.4,0.3,0.3,0,GWO,random,20,0.3333333333333333,E4,5.26,31.19,35,0.429278,84.8074,8.9791,0.0,0,4.8391,0.8183,60.471,0.0,25.0,4840,2.0655,1.21
google,500,20,linear,True,False,0.4,0.3,0.3,0,GWO,random,21,0.3333333333333333,E4,5.26,31.19,35,0.447353,84.1677,5.1466,0.0,0,5.0391,0.85,57.042,0.0,25.0,4840,2.0772,0.99
google,500,20,linear,True,False,0.4,0.3,0.3,0,GWO,random,22,0.3333333333333333,E4,5.26,31.19,35,0.429894,84.7856,8.8486,0.0,0,4.8391,0.8153,61.438,0.0,24.5,4840,2.1153,1.12
google,500,20,linear,True,False,0.4,0.3,0.3,0,GWO,random,23,0.3333333333333333,E4,5.26,31.19,35,0.448045,84.1432,4.9999,0.0,0,5.0391,0.8511,57.213,0.0,25.5,4840,2.0981,1.01
google,500,20,linear,True,False,0.4,0.3,0.3,0,GWO,random,24,0.3333333333333333,E4,5.26,31.19,35,0.437114,84.5301,7.3177,0.0,0,4.8891,0.8188,60.622,0.0,24.5,4840,2.1481,1.07
google,500,20,linear,True,False,0.4,0.3,0.3,0,GWO,random,25,0.3333333333333333,E4,5.26,31.19,35,0.449608,84.0879,4.6685,0.0,0,5.0391,0.8477,56.525,0.0,25.0,4840,2.072,1.01
google,500,20,linear,True,False,0.4,0.3,0.3,0,GWO,random,26,0.3333333333333333,E4,5.26,31.19,35,0.434682,84.6162,7.8333,0.0,0,4.8391,0.8172,61.907,0.0,24.5,4840,2.0556,1.14
google,500,20,linear,True,False,0.4,0.3,0.3,0,PSO,random,13,0.3333333333333333,E4,5.26,31.19,35,0.451461,84.0223,4.2755,0.0,0,5.0391,0.8494,55.609,0.0,25.0,4840,1.7062,1.61
google,500,20,linear,True,False,0.4,0.3,0.3,0,PSO,random,14,0.3333333333333333,E4,5.26,31.19,35,0.455773,83.8697,3.3612,0.0,0,5.0891,0.8612,55.207,0.0,25.0,4840,1.7031,1.56
google,500,20,linear,True,False,0.4,0.3,0.3,0,PSO,random,15,0.3333333333333333,E4,5.26,31.19,35,0.449147,84.1042,4.7661,0.0,0,4.9891,0.8462,57.809,0.0,26.0,4840,1.7143,1.58
google,500,20,linear,True,False,0.4,0.3,0.3,0,PSO,random,16,0.3333333333333333,E4,5.26,31.19,35,0.44797,84.1459,5.0158,0.0,0,4.9891,0.8468,57.727,0.0,25.0,4840,1.6929,1.55
google,500,20,linear,True,False,0.4,0.3,0.3,0,PSO,random,17,0.3333333333333333,E4,5.26,31.19,35,0.449497,84.0918,4.692,0.0,0,5.0391,0.8533,55.624,0.0,25.0,4840,1.7639,1.64
google,500,20,linear,True,False,0.4,0.3,0.3,0,PSO,random,18,0.3333333333333333,E4,5.26,31.19,35,0.451129,84.0341,4.346,0.0,0,4.9891,0.8451,57.464,0.0,27.0,4840,1.7104,1.7
google,500,20,linear,True,False,0.4,0.3,0.3,0,PSO,random,19,0.3333333333333333,E4,5.26,31.19,35,0.444129,84.2818,5.8301,0.0,0,4.9891,0.8398,57.327,0.0,25.0,4840,1.6837,1.65
google,500,20,linear,True,False,0.4,0.3,0.3,0,PSO,random,20,0.3333333333333333,E4,5.26,31.19,35,0.452594,83.9822,4.0354,0.0,0,5.0391,0.85,55.863,0.0,25.5,4840,1.6796,1.71
google,500,20,linear,True,False,0.4,0.3,0.3,0,PSO,random,21,0.3333333333333333,E4,5.26,31.19,35,0.457918,83.7938,2.9066,0.0,0,5.0891,0.8586,54.666,0.0,27.5,4840,1.7106,1.62
google,500,20,linear,True,False,0.4,0.3,0.3,0,PSO,random,22,0.3333333333333333,E4,5.26,31.19,35,0.452263,83.9939,4.1054,0.0,0,5.0891,0.858,54.963,0.0,25.5,4840,1.7109,1.61
google,500,20,linear,True,False,0.4,0.3,0.3,0,PSO,random,23,0.3333333333333333,E4,5.26,31.19,35,0.459971,83.7212,2.4712,0.0,0,5.0891,0.8634,55.821,0.0,26.0,4840,1.7134,1.52
google,500,20,linear,True,False,0.4,0.3,0.3,0,PSO,random,24,0.3333333333333333,E4,5.26,31.19,35,0.451741,84.0124,4.2162,0.0,0,5.0391,0.8526,56.617,0.0,25.0,4840,1.7007,1.59
google,500,20,linear,True,False,0.4,0.3,0.3,0,PSO,random,25,0.3333333333333333,E4,5.26,31.19,35,0.450969,84.0397,4.3799,0.0,0,5.0391,0.8488,56.471,0.0,25.0,4840,1.7492,1.63
google,500,20,linear,True,False,0.4,0.3,0.3,0,PSO,random,26,0.3333333333333333,E4,5.26,31.19,35,0.452308,83.9924,4.096,0.0,0,5.0391,0.8517,56.232,0.0,24.5,4840,1.7056,1.58
google,500,20,linear,True,False,0.4,0.3,0.3,0,PSO,random,27,0.3333333333333333,E4,5.26,31.19,35,0.451069,84.0362,4.3586,0.0,0,5.0391,0.8492,56.156,0.0,26.0,4840,1.6775,1.65
google,500,20,linear,True,False,0.4,0.3,0.3,0,PSO,random,28,0.3333333333333333,E4,5.26,31.19,35,0.450839,84.0443,4.4074,0.0,0,5.0391,0.8533,56.722,0.0,25.5,4840,1.6713,1.59
google,500,20,linear,True,False,0.4,0.3,0.3,0,PSO,random,29,0.3333333333333333,E4,5.26,31.19,35,0.448896,84.1131,4.8194,0.0,0,5.0391,0.8543,55.882,0.0,26.0,4840,1.7094,1.59
google,500,20,linear,True,False,0.4,0.3,0.3,0,PSO,random,30,0.3333333333333333,E4,5.26,31.19,35,0.447886,84.1488,5.0335,0.0,0,4.9891,0.8455,57.38,0.0,25.0,4840,1.7105,1.61
google,500,20,linear,True,False,0.4,0.3,0.3,0,DE,random,1,0.3333333333333333,E4,5.26,31.19,35,0.450024,84.0732,4.5803,0.0,0,5.0391,0.8466,56.994,0.0,25.0,4840,1.659,1.25
google,500,20,linear,True,False,0.4,0.3,0.3,0,DE,random,2,0.3333333333333333,E4,5.26,31.19,35,0.441882,84.3613,6.3066,0.0,0,4.9391,0.8353,58.686,0.0,25.0,4840,1.6749,1.13
google,500,20,linear,True,False,0.4,0.3,0.3,0,DE,random,3,0.3333333333333333,E4,5.26,31.19,35,0.440911,84.3957,6.5124,0.0,0,4.9391,0.8333,58.83,0.0,25.5,4840,1.7082,1.27
google,500,20,linear,True,False,0.4,0.3,0.3,0,DE,random,4,0.3333333333333333,E4,5.26,31.19,35,0.439338,84.4514,6.846,0.0,0,4.9391,0.8275,58.929,0.0,25.5,4840,1.6508,1.16
google,500,20,linear,True,False,0.4,0.3,0.3,0,DE,random,5,0.3333333333333333,E4,5.26,31.19,35,0.443555,84.3022,5.952,0.0,0,4.9891,0.8425,57.449,0.0,25.0,4840,1.6417,1.21
google,500,20,linear,True,False,0.4,0.3,0.3,0,DE,random,6,0.3333333333333333,E4,5.26,31.19,35,0.440966,84.3938,6.5009,0.0,0,4.9391,0.8344,58.818,0.0,25.0,4840,1.6403,1.35
google,500,20,linear,True,False,0.4,0.3,0.3,0,DE,random,7,0.3333333333333333,E4,5.26,31.19,35,0.429275,84.8075,8.9796,0.0,0,4.8391,0.8196,61.644,0.0,25.5,4840,1.683,1.24
google,500,20,linear,True,False,0.4,0.3,0.3,0,DE,random,8,0.3333333333333333,E4,5.26,31.19,35,0.437137,84.5293,7.3127,0.0,0,4.8891,0.825,60.301,0.0,25.5,4840,1.6881,1.24
google,500,20,linear,True,False,0.4,0.3,0.3,0,DE,random,9,0.3333333333333333,E4,5.26,31.19,35,0.443886,84.2904,5.8816,0.0,0,4.9891,0.843,57.473,0.0,26.5,4840,1.7039,1.21
google,500,20,linear,True,False,0.4,0.3,0.3,0,DE,random,10,0.3333333333333333,E4,5.26,31.19,35,0.438299,84.4882,7.0664,0.0,0,4.9391,0.823,59.127,0.0,25.0,4840,1.6511,1.21
google,500,20,linear,True,False,0.4,0.3,0.3,0,DE,random,11,0.3333333333333333,E4,5.26,31.19,35,0.441869,84.3618,6.3093,0.0,0,4.9391,0.837,58.769,0.0,25.0,4840,1.6513,1.36
google,500,20,linear,True,False,0.4,0.3,0.3,0,DE,random,12,0.3333333333333333,E4,5.26,31.19,35,0.43721,84.5267,7.2972,0.0,0,4.8891,0.8284,60.451,0.0,25.0,4840,1.6473,1.23
google,500,20,linear,True,False,0.4,0.3,0.3,0,DE,random,13,0.3333333333333333,E4,5.26,31.19,35,0.439295,84.4529,6.8551,0.0,0,4.9391,0.8338,58.309,0.0,25.5,4840,1.6653,1.06
google,500,20,linear,True,False,0.4,0.3,0.3,0,DE,random,14,0.3333333333333333,E4,5.26,31.19,35,0.438161,84.493,7.0957,0.0,0,4.9391,0.8241,58.98,0.0,25.0,4840,1.6838,1.31
google,500,20,linear,True,False,0.4,0.3,0.3,0,DE,random,15,0.3333333333333333,E4,5.26,31.19,35,0.445926,84.2182,5.4491,0.0,0,4.9891,0.8462,57.477,0.0,25.5,4840,1.7013,1.18
google,500,20,linear,True,False,0.4,0.3,0.3,0,DE,random,16,0.3333333333333333,E4,5.26,31.19,35,0.433044,84.6741,8.1806,0.0,0,4.8891,0.8177,60.004,0.0,24.5,4840,1.6943,1.29
google,500,20,linear,True,False,0.4,0.3,0.3,0,DE,random,17,0.3333333333333333,E4,5.26,31.19,35,0.449733,84.0835,4.6419,0.0,0,4.9891,0.8416,57.548,0.0,25.0,4840,1.6473,1.35
google,500,20,linear,True,False,0.4,0.3,0.3,0,DE,random,18,0.3333333333333333,E4,5.26,31.19,35,0.437868,84.5034,7.1576,0.0,0,4.9391,0.8263,58.955,0.0,25.0,4840,1.6456,1.35
google,500,20,linear,True,False,0.4,0.3,0.3,0,DE,random,19,0.3333333333333333,E4,5.26,31.19,35,0.43395,84.6421,7.9885,0.0,0,4.8891,0.8214,59.929,0.0,24.5,4840,1.6486,1.4
google,500,20,linear,True,False,0.4,0.3,0.3,0,DE,random,20,0.3333333333333333,E4,5.26,31.19,35,0.433023,84.6749,8.185,0.0,0,4.8891,0.8263,60.331,0.0,25.0,4840,1.6527,1.36
google,500,20,linear,True,False,0.4,0.3,0.3,0,DE,random,21,0.3333333333333333,E4,5.26,31.19,35,0.449674,84.0856,4.6544,0.0,0,5.0391,0.8469,55.913,0.0,25.0,4840,1.6622,1.34
google,500,20,linear,True,False,0.4,0.3,0.3,0,DE,random,22,0.3333333333333333,E4,5.26,31.19,35,0.436787,84.5417,7.3869,0.0,0,4.8891,0.821,60.456,0.0,25.0,4840,1.6155,1.08
google,500,20,linear,True,False,0.4,0.3,0.3,0,DE,random,23,0.3333333333333333,E4,5.26,31.19,35,0.428883,84.8214,9.0629,0.0,0,4.8891,0.8226,59.881,0.0,25.0,4840,1.6606,1.35
google,500,20,linear,True,False,0.4,0.3,0.3,0,DE,random,24,0.3333333333333333,E4,5.26,31.19,35,0.438867,84.4681,6.9459,0.0,0,4.8891,0.8227,60.084,0.0,24.5,4840,1.6528,1.09
google,500,20,linear,True,False,0.4,0.3,0.3,0,DE,random,25,0.3333333333333333,E4,5.26,31.19,35,0.431868,84.7157,8.4299,0.0,0,4.8891,0.8139,59.657,0.0,25.0,4840,1.6567,1.38
google,500,20,linear,True,False,0.4,0.3,0.3,0,DE,random,26,0.3333333333333333,E4,5.26,31.19,35,0.430969,84.7476,8.6204,0.0,0,4.8391,0.813,61.012,0.0,25.5,4840,1.6621,1.29
google,500,20,linear,True,False,0.4,0.3,0.3,0,DE,random,27,0.3333333333333333,E4,5.26,31.19,35,0.430411,84.7673,8.7388,0.0,0,4.8391,0.8087,61.826,0.0,25.5,4840,1.6743,1.39
google,500,20,linear,True,False,0.4,0.3,0.3,0,DE,random,28,0.3333333333333333,E4,5.26,31.19,35,0.439942,84.43,6.7181,0.0,0,4.9391,0.8338,58.902,0.0,25.5,4840,1.6263,1.12
google,500,20,linear,True,False,0.4,0.3,0.3,0,DE,random,29,0.3333333333333333,E4,5.26,31.19,35,0.443179,84.3154,6.0316,0.0,0,4.9391,0.8333,59.362,0.0,25.0,4840,1.6105,1.29
google,500,20,linear,True,False,0.4,0.3,0.3,0,DE,random,30,0.3333333333333333,E4,5.26,31.19,35,0.43303,84.6746,8.1835,0.0,0,4.8891,0.8329,59.182,0.0,25.0,4840,1.6108,1.23
google,500,20,linear,True,False,0.4,0.3,0.3,0,WOA,carbon,5,0.3333333333333333,E4,5.26,31.19,35,0.345459,87.7739,26.7515,0.0,0,4.5891,0.7418,53.777,0.0,26.0,4840,1.6323,1.01
google,500,20,linear,True,False,0.4,0.3,0.3,0,WOA,carbon,6,0.3333333333333333,E4,5.26,31.19,35,0.345212,87.7826,26.8037,0.0,0,4.5891,0.7418,52.769,0.0,26.0,4840,1.6458,0.96
google,500,20,linear,True,False,0.4,0.3,0.3,0,WOA,carbon,7,0.3333333333333333,E4,5.26,31.19,35,0.344802,87.7971,26.8907,0.0,0,4.5891,0.7418,53.535,0.0,26.0,4840,1.6046,1.0
google,500,20,linear,True,False,0.4,0.3,0.3,0,WOA,carbon,8,0.3333333333333333,E4,5.26,31.19,35,0.345186,87.7835,26.8093,0.0,0,4.5891,0.7418,52.254,0.0,26.0,4840,1.5769,0.93
google,500,20,linear,True,False,0.4,0.3,0.3,0,WOA,carbon,9,0.3333333333333333,E4,5.26,31.19,35,0.348129,87.6794,26.1854,0.0,0,4.6391,0.7493,51.187,0.0,26.0,4840,1.5809,0.95
google,500,20,linear,True,False,0.4,0.3,0.3,0,WOA,carbon,10,0.3333333333333333,E4,5.26,31.19,35,0.344917,87.793,26.8663,0.0,0,4.5891,0.7418,54.434,0.0,26.0,4840,1.581,0.98
google,500,20,linear,True,False,0.4,0.3,0.3,0,WOA,carbon,11,0.3333333333333333,E4,5.26,31.19,35,0.342245,87.8876,27.4329,0.0,0,4.5391,0.7343,55.875,0.0,26.0,4840,1.5756,0.97
google,500,20,linear,True,False,0.4,0.3,0.3,0,WOA,carbon,12,0.3333333333333333,E4,5.26,31.19,35,0.345333,87.7783,26.7781,0.0,0,4.5891,0.7418,52.858,0.0,26.0,4840,1.5783,1.02
google,500,20,linear,True,False,0.4,0.3,0.3,0,WOA,carbon,13,0.3333333333333333,E4,5.26,31.19,35,0.345786,87.7623,26.6821,0.0,0,4.5891,0.7418,54.402,0.0,26.0,4840,1.6051,1.01
google,500,20,linear,True,False,0.4,0.3,0.3,0,WOA,carbon,14,0.3333333333333333,E4,5.26,31.19,35,0.342076,87.8936,27.4688,0.0,0,4.5391,0.7343,56.267,0.0,26.0,4840,1.5815,1.01
google,500,20,linear,True,False,0.4,0.3,0.3,0,WOA,carbon,15,0.3333333333333333,E4,5.26,31.19,35,0.342235,87.888,27.435,0.0,0,4.5391,0.7343,56.263,0.0,26.0,4840,1.5759,0.96
google,500,20,linear,True,False,0.4,0.3,0.3,0,WOA,carbon,16,0.3333333333333333,E4,5.26,31.19,35,0.345212,87.7826,26.8037,0.0,0,4.5891,0.7418,52.769,0.0,26.0,4840,1.5785,0.96
google,500,20,linear,True,False,0.4,0.3,0.3,0,WOA,carbon,17,0.3333333333333333,E4,5.26,31.19,35,0.34522,87.7823,26.8021,0.0,0,4.5891,0.7418,52.77,0.0,26.0,4840,1.578,1.02
google,500,20,linear,True,False,0.4,0.3,0.3,0,WOA,carbon,18,0.3333333333333333,E4,5.26,31.19,35,0.340296,87.9566,27.8462,0.0,0,4.4891,0.7268,58.888,0.0,26.0,4840,1.5809,0.96
google,500,20,linear,True,False,0.4,0.3,0.3,0,WOA,carbon,19,0.3333333333333333,E4,5.26,31.19,35,0.34812,87.6797,26.1872,0.0,0,4.6391,0.7493,50.524,0.0,26.0,4840,1.591,0.97
google,500,20,linear,True,False,0.4,0.3,0.3,0,WOA,carbon,20,0.3333333333333333,E4,5.26,31.19,35,0.345261,87.7809,26.7934,0.0,0,4.5891,0.7418,53.099,0.0,26.0,4840,1.6296,0.97
google,500,20,linear,True,False,0.4,0.3,0.3,0,GA,random,27,0.3333333333333333,E4,5.26,31.19,35,0.427671,84.8643,9.3198,0.0,0,4.8891,0.816,59.986,0.0,25.0,4840,2.7591,1.46
google,500,20,linear,True,False,0.4,0.3,0.3,0,GA,random,28,0.3333333333333333,E4,5.26,31.19,35,0.427125,84.8836,9.4356,0.0,0,4.8391,0.8172,61.281,0.0,24.5,4840,2.7772,1.57
google,500,20,linear,True,False,0.4,0.3,0.3,0,GA,random,29,0.3333333333333333,E4,5.26,31.19,35,0.422817,85.0361,10.349,0.0,0,4.8391,0.8245,60.8,0.0,25.0,4840,2.6727,1.42
google,500,20,linear,True,False,0.4,0.3,0.3,0,GA,random,30,0.3333333333333333,E4,5.26,31.19,35,0.425464,84.9424,9.7878,0.0,0,4.7891,0.8016,62.782,0.0,25.0,4840,2.6613,1.45
google,500,20,linear,True,False,0.4,0.3,0.3,0,WOA,carbon,1,0.3333333333333333,E4,5.26,31.19,35,0.349545,87.6292,25.8851,0.0,0,4.6391,0.7493,51.592,0.0,26.0,4840,1.5734,1.02
google,500,20,linear,True,False,0.4,0.3,0.3,0,WOA,carbon,2,0.3333333333333333,E4,5.26,31.19,35,0.342044,87.8947,27.4756,0.0,0,4.5391,0.7343,54.958,0.0,26.0,4840,1.5714,0.95
google,500,20,linear,True,False,0.4,0.3,0.3,0,WOA,carbon,3,0.3333333333333333,E4,5.26,31.19,35,0.341864,87.9011,27.5138,0.0,0,4.5391,0.7343,54.455,0.0,26.0,4840,1.5975,0.99
google,500,20,linear,True,False,0.4,0.3,0.3,0,WOA,carbon,4,0.3333333333333333,E4,5.26,31.19,35,0.34556,87.7703,26.73,0.0,0,4.5891,0.7418,53.95,0.0,26.0,4840,1.7078,0.98
google,500,20,linear,True,False,0.4,0.3,0.3,0,HHO,random,1,0.3333333333333333,E4,5.26,31.19,35,0.44945,84.0935,4.7021,0.0,0,4.9891,0.816,47.713,0.0,24.5,8844,2.6813,0.87
google,500,20,linear,True,False,0.4,0.3,0.3,0,HHO,random,2,0.3333333333333333,E4,5.26,31.19,35,0.457757,83.7995,2.9406,0.0,0,5.0891,0.8392,47.089,0.0,24.5,8886,2.6946,0.92
google,500,20,linear,True,False,0.4,0.3,0.3,0,HHO,random,3,0.3333333333333333,E4,5.26,31.19,35,0.445994,84.2158,5.4348,0.0,0,4.9391,0.8242,50.649,0.0,24.5,8808,2.6952,1.12
google,500,20,linear,True,False,0.4,0.3,0.3,0,HHO,random,4,0.3333333333333333,E4,5.26,31.19,35,0.455712,83.8719,3.3743,0.0,0,5.1891,0.8798,50.608,0.0,26.5,8868,2.6107,1.02
google,500,20,linear,True,False,0.4,0.3,0.3,0,HHO,random,5,0.3333333333333333,E4,5.26,31.19,35,0.432167,84.7052,8.3666,0.0,0,5.0391,0.835,48.79,0.0,28.5,8824,2.5835,0.89
google,500,20,linear,True,False,0.4,0.3,0.3,0,HHO,random,6,0.3333333333333333,E4,5.26,31.19,35,0.444649,84.2634,5.72,0.0,0,4.9391,0.8242,50.484,0.0,25.0,8858,2.6099,0.97
google,500,20,linear,True,False,0.4,0.3,0.3,0,HHO,random,7,0.3333333333333333,E4,5.26,31.19,35,0.444773,84.259,5.6935,0.0,0,4.9391,0.8242,49.776,0.0,24.5,8830,2.6241,1.08
google,500,20,linear,True,False,0.4,0.3,0.3,0,HHO,random,8,0.3333333333333333,E4,5.26,31.19,35,0.447088,84.1771,5.2028,0.0,0,4.9391,0.8242,51.46,0.0,25.0,8938,2.7843,1.17
google,500,20,linear,True,False,0.4,0.3,0.3,0,WOA,carbon,21,0.3333333333333333,E4,5.26,31.19,35,0.345186,87.7835,26.8093,0.0,0,4.5891,0.7418,52.11,0.0,26.0,4840,1.5857,0.94
google,500,20,linear,True,False,0.4,0.3,0.3,0,WOA,carbon,22,0.3333333333333333,E4,5.26,31.19,35,0.34693,87.7218,26.4394,0.0,0,4.5891,0.7418,53.789,0.0,26.0,4840,1.583,0.94
google,500,20,linear,True,False,0.4,0.3,0.3,0,WOA,carbon,23,0.3333333333333333,E4,5.26,31.19,35,0.344373,87.8123,26.9816,0.0,0,4.5391,0.7343,58.969,0.0,26.0,4840,1.5709,0.99
google,500,20,linear,True,False,0.4,0.3,0.3,0,WOA,carbon,24,0.3333333333333333,E4,5.26,31.19,35,0.342435,87.8809,27.3927,0.0,0,4.5391,0.7343,56.248,0.0,26.0,4840,1.5751,0.96
google,500,20,linear,True,False,0.4,0.3,0.3,0,WOA,carbon,25,0.3333333333333333,E4,5.26,31.19,35,0.345547,87.7707,26.7327,0.0,0,4.5891,0.7418,55.104,0.0,26.0,4840,1.5801,0.96
google,500,20,linear,True,False,0.4,0.3,0.3,0,WOA,carbon,26,0.3333333333333333,E4,5.26,31.19,35,0.345242,87.7815,26.7974,0.0,0,4.5891,0.7418,52.921,0.0,26.0,4840,1.5858,1.03
google,500,20,linear,True,False,0.4,0.3,0.3,0,WOA,carbon,27,0.3333333333333333,E4,5.26,31.19,35,0.34585,87.76,26.6685,0.0,0,4.5891,0.7418,54.105,0.0,26.0,4840,1.6578,0.99
google,500,20,linear,True,False,0.4,0.3,0.3,0,WOA,carbon,28,0.3333333333333333,E4,5.26,31.19,35,0.345182,87.7836,26.8101,0.0,0,4.5891,0.7418,52.11,0.0,26.0,4840,1.6486,0.94
google,500,20,linear,True,False,0.4,0.3,0.3,0,WOA,carbon,29,0.3333333333333333,E4,5.26,31.19,35,0.345257,87.781,26.7942,0.0,0,4.5891,0.7418,53.759,0.0,26.0,4840,1.584,1.0
google,500,20,linear,True,False,0.4,0.3,0.3,0,WOA,carbon,30,0.3333333333333333,E4,5.26,31.19,35,0.347077,87.7166,26.4084,0.0,0,4.5891,0.7418,52.962,0.0,26.0,4840,1.5763,0.99
google,1000,10,linear,True,False,0.4,0.3,0.3,0,FIFO,-,0,0.3333333333333333,E4,10.62,62.6,36,5.695252,0.0,-571.0542,0.0,0,63.4948,10.3629,5.328,0.9909,24.5,0,0.0,0.0
google,1000,10,linear,True,False,0.4,0.3,0.3,0,Consolidation,-,0,0.3333333333333333,E4,10.62,62.6,36,0.848702,85.0981,0.0,0.0,0,9.3448,1.5354,47.572,0.9909,24.5,0,0.0,0.0
google,1000,10,linear,True,False,0.4,0.3,0.3,0,Greedy(EDF+greenest),-,0,0.3333333333333333,E4,10.62,62.6,36,0.65416,88.5139,22.9223,0.0,0,8.6948,1.4,57.308,7.1411,26.0,0,0.0001,0.0
google,1000,10,linear,True,False,0.4,0.3,0.3,0,WOA,random,1,0.3333333333333333,E4,10.62,62.6,36,0.772131,86.4426,9.0222,0.0,0,8.7948,1.449,72.84,0.0,27.0,4840,2.4783,1.71
google,1000,10,linear,True,False,0.4,0.3,0.3,0,WOA,random,2,0.3333333333333333,E4,10.62,62.6,36,0.752534,86.7866,11.3312,0.0,0,8.6948,1.4326,72.933,0.0,27.0,4840,2.6032,1.73
google,1000,10,linear,True,False,0.4,0.3,0.3,0,WOA,random,3,0.3333333333333333,E4,10.62,62.6,36,0.773165,86.4244,8.9003,0.0,0,8.7448,1.4399,73.507,0.0,27.5,4840,2.5249,1.84
google,500,20,linear,True,False,0.4,0.3,0.3,0,HHO,random,9,0.3333333333333333,E4,5.26,31.19,35,0.45457,83.9123,3.6164,0.0,0,5.0391,0.8531,54.244,0.0,25.5,8948,2.694,1.03
google,500,20,linear,True,False,0.4,0.3,0.3,0,HHO,random,10,0.3333333333333333,E4,5.26,31.19,35,0.44653,84.1969,5.3212,0.0,0,4.9391,0.8167,49.803,0.0,24.5,8908,2.7135,1.13
google,500,20,linear,True,False,0.4,0.3,0.3,0,HHO,random,11,0.3333333333333333,E4,5.26,31.19,35,0.452369,83.9902,4.0831,0.0,0,5.1891,0.8747,50.111,0.0,27.5,8908,2.6059,0.99
google,500,20,linear,True,False,0.4,0.3,0.3,0,HHO,random,12,0.3333333333333333,E4,5.26,31.19,35,0.444324,84.2749,5.7887,0.0,0,4.9891,0.816,48.594,0.0,25.0,8868,2.5845,1.04
google,500,20,linear,True,False,0.4,0.3,0.3,0,HHO,random,13,0.3333333333333333,E4,5.26,31.19,35,0.447485,84.163,5.1186,0.0,0,5.0891,0.8533,52.72,0.0,26.0,8954,2.5913,1.02
google,500,20,linear,True,False,0.4,0.3,0.3,0,HHO,random,14,0.3333333333333333,E4,5.26,31.19,35,0.449908,84.0773,4.6048,0.0,0,4.9891,0.8235,49.021,0.0,24.5,8930,2.6037,1.06
google,500,20,linear,True,False,0.4,0.3,0.3,0,HHO,random,15,0.3333333333333333,E4,5.26,31.19,35,0.449873,84.0785,4.6123,0.0,0,5.0391,0.8543,55.844,0.0,25.0,8854,2.7074,1.06
google,500,20,linear,True,False,0.4,0.3,0.3,0,HHO,random,16,0.3333333333333333,E4,5.26,31.19,35,0.445596,84.2299,5.5192,0.0,0,4.9391,0.816,49.727,0.0,24.5,8830,2.645,1.09
google,500,20,linear,True,False,0.4,0.3,0.3,0,HHO,random,17,0.3333333333333333,E4,5.26,31.19,35,0.440554,84.4083,6.5881,0.0,0,4.9391,0.8167,50.174,0.0,24.5,9010,2.7381,1.03
google,500,20,linear,True,False,0.4,0.3,0.3,0,HHO,random,18,0.3333333333333333,E4,5.26,31.19,35,0.449278,84.0996,4.7384,0.0,0,4.9891,0.8317,49.168,0.0,25.0,8976,2.7365,1.04
google,500,20,linear,True,False,0.4,0.3,0.3,0,HHO,random,19,0.3333333333333333,E4,5.26,31.19,35,0.449755,84.0827,4.6374,0.0,0,4.9891,0.8235,48.865,0.0,25.0,8846,2.6117,1.12
google,500,20,linear,True,False,0.4,0.3,0.3,0,HHO,random,20,0.3333333333333333,E4,5.26,31.19,35,0.441508,84.3746,6.3859,0.0,0,4.9391,0.8167,50.235,0.0,24.5,8854,2.6105,1.08
google,500,20,linear,True,False,0.4,0.3,0.3,0,HHO,random,21,0.3333333333333333,E4,5.26,31.19,35,0.437744,84.5078,7.1841,0.0,0,5.1391,0.8545,44.462,0.0,28.5,8876,2.6114,1.0
google,500,20,linear,True,False,0.4,0.3,0.3,0,HHO,random,22,0.3333333333333333,E4,5.26,31.19,35,0.451577,84.0182,4.251,0.0,0,5.1391,0.8629,51.919,0.0,25.5,8934,2.6052,0.96
google,500,20,linear,True,False,0.4,0.3,0.3,0,HHO,random,23,0.3333333333333333,E4,5.26,31.19,35,0.431215,84.7389,8.5683,0.0,0,5.0391,0.8372,47.959,0.0,28.0,9002,2.8305,1.05
google,500,20,linear,True,False,0.4,0.3,0.3,0,HHO,random,24,0.3333333333333333,E4,5.26,31.19,35,0.456578,83.8412,3.1905,0.0,0,5.0391,0.8317,46.054,0.0,24.5,9024,2.7251,1.03
google,500,20,linear,True,False,0.4,0.3,0.3,0,HHO,random,25,0.3333333333333333,E4,5.26,31.19,35,0.44072,84.4025,6.553,0.0,0,5.1891,0.862,43.373,0.0,28.5,8908,2.6771,0.9
google,500,20,linear,True,False,0.4,0.3,0.3,0,HHO,random,26,0.3333333333333333,E4,5.26,31.19,35,0.450272,84.0644,4.5276,0.0,0,5.0891,0.8657,46.347,0.0,26.0,8874,2.6675,1.03
google,500,20,linear,True,False,0.4,0.3,0.3,0,HHO,random,27,0.3333333333333333,E4,5.26,31.19,35,0.442922,84.3245,6.086,0.0,0,5.0391,0.8573,54.267,0.0,26.5,8970,2.6105,1.21
google,500,20,linear,True,False,0.4,0.3,0.3,0,HHO,random,28,0.3333333333333333,E4,5.26,31.19,35,0.44163,84.3703,6.3601,0.0,0,5.0391,0.855,55.002,0.0,26.5,8882,2.5891,1.09
google,500,20,linear,True,False,0.4,0.3,0.3,0,HHO,random,29,0.3333333333333333,E4,5.26,31.19,35,0.431495,84.729,8.5091,0.0,0,4.9891,0.8316,48.93,0.0,28.0,8986,2.6647,0.96
google,500,20,linear,True,False,0.4,0.3,0.3,0,HHO,random,30,0.3333333333333333,E4,5.26,31.19,35,0.434496,84.6227,7.8727,0.0,0,5.0891,0.8458,46.101,0.0,28.0,8976,2.6358,1.08
google,500,20,linear,True,False,0.4,0.3,0.3,0,GA,random,1,0.3333333333333333,E4,5.26,31.19,35,0.430267,84.7724,8.7694,0.0,0,4.8891,0.8172,60.436,0.0,25.0,4840,2.8169,1.38
google,500,20,linear,True,False,0.4,0.3,0.3,0,GA,random,2,0.3333333333333333,E4,5.26,31.19,35,0.428078,84.8499,9.2336,0.0,0,4.8391,0.813,61.853,0.0,25.0,4840,2.7511,1.47
google,500,20,linear,True,False,0.4,0.3,0.3,0,GA,random,3,0.3333333333333333,E4,5.26,31.19,35,0.425699,84.9341,9.7379,0.0,0,4.7891,0.8033,62.788,0.0,24.5,4840,2.7993,1.57
google,500,20,linear,True,False,0.4,0.3,0.3,0,GA,random,4,0.3333333333333333,E4,5.26,31.19,35,0.425769,84.9316,9.723,0.0,0,4.8891,0.8198,59.401,0.0,25.5,4840,2.7738,1.48
google,500,20,linear,True,False,0.4,0.3,0.3,0,GA,random,5,0.3333333333333333,E4,5.26,31.19,35,0.428897,84.8209,9.0598,0.0,0,4.8391,0.8192,61.516,0.0,24.5,4840,2.6737,1.48
google,500,20,linear,True,False,0.4,0.3,0.3,0,GA,random,6,0.3333333333333333,E4,5.26,31.19,35,0.43095,84.7482,8.6245,0.0,0,4.8891,0.8292,60.116,0.0,25.0,4840,2.6712,1.44
google,500,20,linear,True,False,0.4,0.3,0.3,0,GA,random,7,0.3333333333333333,E4,5.26,31.19,35,0.416276,85.2676,11.736,0.0,0,4.7891,0.7918,62.358,0.0,25.0,4840,2.6695,1.48
google,500,20,linear,True,False,0.4,0.3,0.3,0,GA,random,8,0.3333333333333333,E4,5.26,31.19,35,0.425128,84.9543,9.8591,0.0,0,4.7891,0.793,62.348,0.0,25.0,4840,2.7045,1.52
google,500,20,linear,True,False,0.4,0.3,0.3,0,GA,random,9,0.3333333333333333,E4,5.26,31.19,35,0.416151,85.272,11.7624,0.0,0,4.7391,0.8079,64.147,0.0,25.0,4840,2.8178,1.47
google,500,20,linear,True,False,0.4,0.3,0.3,0,GA,random,10,0.3333333333333333,E4,5.26,31.19,35,0.424867,84.9635,9.9144,0.0,0,4.8391,0.8194,61.777,0.0,25.0,4840,2.7879,1.47
google,500,20,linear,True,False,0.4,0.3,0.3,0,GA,random,19,0.3333333333333333,E4,5.26,31.19,35,0.427617,84.8662,9.3313,0.0,0,4.8391,0.8085,61.841,0.0,25.0,4840,2.8118,1.52
google,500,20,linear,True,False,0.4,0.3,0.3,0,GA,random,20,0.3333333333333333,E4,5.26,31.19,35,0.420709,85.1107,10.7961,0.0,0,4.7891,0.8038,62.585,0.0,24.5,4840,2.7568,1.47
google,500,20,linear,True,False,0.4,0.3,0.3,0,GA,random,21,0.3333333333333333,E4,5.26,31.19,35,0.425603,84.9375,9.7582,0.0,0,4.8391,0.8082,61.32,0.0,25.0,4840,2.679,1.46
google,500,20,linear,True,False,0.4,0.3,0.3,0,GA,random,22,0.3333333333333333,E4,5.26,31.19,35,0.425985,84.924,9.6773,0.0,0,4.8391,0.8147,61.497,0.0,25.0,4840,2.6705,1.5
google,500,20,linear,True,False,0.4,0.3,0.3,0,GA,random,23,0.3333333333333333,E4,5.26,31.19,35,0.425798,84.9306,9.717,0.0,0,4.8391,0.8108,60.958,0.0,25.0,4840,2.6673,1.48
google,500,20,linear,True,False,0.4,0.3,0.3,0,GA,random,24,0.3333333333333333,E4,5.26,31.19,35,0.422538,85.0459,10.4082,0.0,0,4.7891,0.8038,62.635,0.0,25.0,4840,2.7103,1.48
google,500,20,linear,True,False,0.4,0.3,0.3,0,GA,random,25,0.3333333333333333,E4,5.26,31.19,35,0.426693,84.8989,9.5271,0.0,0,4.8391,0.8097,61.575,0.0,25.0,4840,2.805,1.46
google,500,20,linear,True,False,0.4,0.3,0.3,0,GA,random,26,0.3333333333333333,E4,5.26,31.19,35,0.423104,85.0259,10.2881,0.0,0,4.7891,0.8136,62.412,0.0,24.5,4840,2.7538,1.42
google,500,20,linear,True,False,0.4,0.3,0.3,0,GA,random,11,0.3333333333333333,E4,5.26,31.19,35,0.417212,85.2344,11.5374,0.0,0,4.8391,0.8136,60.401,0.0,25.0,4840,2.7716,1.49
google,500,20,linear,True,False,0.4,0.3,0.3,0,GA,random,12,0.3333333333333333,E4,5.26,31.19,35,0.427071,84.8855,9.4469,0.0,0,4.8391,0.8022,61.917,0.0,24.5,4840,2.7621,1.48
google,500,20,linear,True,False,0.4,0.3,0.3,0,GA,random,13,0.3333333333333333,E4,5.26,31.19,35,0.423416,85.0149,10.222,0.0,0,4.7891,0.8166,62.721,0.0,25.0,4840,2.6754,1.49
google,500,20,linear,True,False,0.4,0.3,0.3,0,GA,random,14,0.3333333333333333,E4,5.26,31.19,35,0.426078,84.9207,9.6576,0.0,0,4.8391,0.7988,61.224,0.0,25.0,4840,2.7307,1.6
google,500,20,linear,True,False,0.4,0.3,0.3,0,GA,random,15,0.3333333333333333,E4,5.26,31.19,35,0.424228,84.9861,10.0499,0.0,0,4.7891,0.8067,62.669,0.0,25.0,4840,2.6759,1.45
google,500,20,linear,True,False,0.4,0.3,0.3,0,GA,random,16,0.3333333333333333,E4,5.26,31.19,35,0.428092,84.8494,9.2306,0.0,0,4.8891,0.8286,59.667,0.0,25.0,4840,2.7151,1.47
google,500,20,linear,True,False,0.4,0.3,0.3,0,GA,random,17,0.3333333333333333,E4,5.26,31.19,35,0.431523,84.728,8.5032,0.0,0,4.9391,0.8378,58.105,0.0,25.0,4840,2.8336,1.48
google,500,20,linear,True,False,0.4,0.3,0.3,0,GA,random,18,0.3333333333333333,E4,5.26,31.19,35,0.427721,84.8625,9.3092,0.0,0,4.8891,0.8303,60.131,0.0,25.5,4840,2.7619,1.5
google,1000,10,linear,True,False,0.4,0.3,0.3,0,WOA,random,4,0.3333333333333333,E4,10.62,62.6,36,0.764453,86.5774,9.9268,0.0,0,8.8448,1.4591,71.296,0.0,27.0,4840,2.4819,1.96
google,1000,10,linear,True,False,0.4,0.3,0.3,0,WOA,random,5,0.3333333333333333,E4,10.62,62.6,36,0.749533,86.8393,11.6848,0.0,0,8.6948,1.4341,75.015,0.0,26.5,4840,2.5997,1.85
google,1000,10,linear,True,False,0.4,0.3,0.3,0,WOA,random,6,0.3333333333333333,E4,10.62,62.6,36,0.757738,86.6953,10.7181,0.0,0,8.6448,1.4234,74.763,0.0,26.5,4840,2.5175,1.83
google,1000,10,linear,True,False,0.4,0.3,0.3,0,WOA,random,7,0.3333333333333333,E4,10.62,62.6,36,0.774837,86.395,8.7034,0.0,0,8.8448,1.4669,71.096,0.0,28.0,4840,2.5386,1.85
google,1000,10,linear,True,False,0.4,0.3,0.3,0,WOA,random,8,0.3333333333333333,E4,10.62,62.6,36,0.769849,86.4826,9.2911,0.0,0,8.8948,1.4734,70.868,0.0,28.0,4840,2.5069,1.89
google,1000,10,linear,True,False,0.4,0.3,0.3,0,WOA,random,9,0.3333333333333333,E4,10.62,62.6,36,0.772501,86.436,8.9785,0.0,0,8.7948,1.456,73.259,0.0,26.0,4840,2.4734,1.84
google,1000,10,linear,True,False,0.4,0.3,0.3,0,WOA,random,10,0.3333333333333333,E4,10.62,62.6,36,0.775661,86.3806,8.6062,0.0,0,8.8448,1.4537,71.716,0.0,28.0,4840,2.4953,1.66
google,1000,10,linear,True,False,0.4,0.3,0.3,0,WOA,random,11,0.3333333333333333,E4,10.62,62.6,36,0.769033,86.4969,9.3872,0.0,0,8.9448,1.4694,67.82,0.0,27.0,4840,2.5044,1.96
google,1000,10,linear,True,False,0.4,0.3,0.3,0,WOA,random,12,0.3333333333333333,E4,10.62,62.6,36,0.763971,86.5858,9.9836,0.0,0,8.7448,1.4399,72.246,0.0,26.5,4840,2.5805,1.83
google,1000,10,linear,True,False,0.4,0.3,0.3,0,WOA,random,13,0.3333333333333333,E4,10.62,62.6,36,0.761845,86.6232,10.2342,0.0,0,8.7448,1.4382,74.643,0.0,27.0,4840,2.5504,1.8
google,1000,10,linear,True,False,0.4,0.3,0.3,0,WOA,random,14,0.3333333333333333,E4,10.62,62.6,36,0.767114,86.5306,9.6134,0.0,0,8.6948,1.4343,75.159,0.0,27.5,4840,2.5266,1.67
google,1000,10,linear,True,False,0.4,0.3,0.3,0,WOA,random,15,0.3333333333333333,E4,10.62,62.6,36,0.768133,86.5128,9.4932,0.0,0,8.8448,1.4532,70.664,0.0,27.5,4840,2.5127,1.75
google,1000,10,linear,True,False,0.4,0.3,0.3,0,WOA,random,16,0.3333333333333333,E4,10.62,62.6,36,0.758105,86.6888,10.6748,0.0,0,8.7448,1.4384,73.392,0.0,28.0,4840,2.4821,1.91
google,1000,10,linear,True,False,0.4,0.3,0.3,0,WOA,random,17,0.3333333333333333,E4,10.62,62.6,36,0.756283,86.7208,10.8895,0.0,0,8.7448,1.4371,74.205,0.0,27.5,4840,2.4985,1.88
google,1000,10,linear,True,False,0.4,0.3,0.3,0,WOA,random,18,0.3333333333333333,E4,10.62,62.6,36,0.764748,86.5722,9.8921,0.0,0,8.7948,1.4509,71.376,0.0,26.5,4840,2.5014,1.77
google,1000,10,linear,True,False,0.4,0.3,0.3,0,WOA,random,19,0.3333333333333333,E4,10.62,62.6,36,0.75084,86.8164,11.5308,0.0,0,8.7448,1.4418,72.541,0.0,26.5,4840,2.5419,1.81
google,1000,10,linear,True,False,0.4,0.3,0.3,0,WOA,random,20,0.3333333333333333,E4,10.62,62.6,36,0.763167,86.6,10.0784,0.0,0,8.7448,1.4504,74.0,0.0,27.0,4840,2.5306,1.72
google,1000,10,linear,True,False,0.4,0.3,0.3,0,WOA,random,21,0.3333333333333333,E4,10.62,62.6,36,0.769541,86.488,9.3273,0.0,0,8.8448,1.4636,71.482,0.0,28.5,4840,2.5221,1.73
google,1000,10,linear,True,False,0.4,0.3,0.3,0,WOA,random,22,0.3333333333333333,E4,10.62,62.6,36,0.772503,86.436,8.9783,0.0,0,8.7448,1.4405,73.795,0.0,27.0,4840,2.5253,1.73
google,1000,10,linear,True,False,0.4,0.3,0.3,0,WOA,random,23,0.3333333333333333,E4,10.62,62.6,36,0.760655,86.644,10.3743,0.0,0,8.7448,1.4498,73.272,0.0,27.0,4840,2.499,1.75
google,1000,10,linear,True,False,0.4,0.3,0.3,0,WOA,random,24,0.3333333333333333,E4,10.62,62.6,36,0.762312,86.615,10.1792,0.0,0,8.7948,1.4594,72.095,0.0,27.0,4840,2.4962,1.71
google,1000,10,linear,True,False,0.4,0.3,0.3,0,WOA,random,25,0.3333333333333333,E4,10.62,62.6,36,0.763961,86.586,9.9848,0.0,0,8.7448,1.4452,72.871,0.0,27.0,4840,2.5017,1.67
google,1000,10,linear,True,False,0.4,0.3,0.3,0,WOA,random,26,0.3333333333333333,E4,10.62,62.6,36,0.761408,86.6308,10.2856,0.0,0,8.8948,1.4592,69.438,0.0,28.0,4840,2.5156,1.85
google,1000,10,linear,True,False,0.4,0.3,0.3,0,WOA,random,27,0.3333333333333333,E4,10.62,62.6,36,0.768475,86.5067,9.453,0.0,0,8.8448,1.4647,72.018,0.0,28.0,4840,2.5309,1.77
google,1000,10,linear,True,False,0.4,0.3,0.3,0,WOA,random,28,0.3333333333333333,E4,10.62,62.6,36,0.764325,86.5796,9.942,0.0,0,8.7448,1.4349,72.733,0.0,27.5,4840,2.522,1.79
google,1000,10,linear,True,False,0.4,0.3,0.3,0,WOA,random,29,0.3333333333333333,E4,10.62,62.6,36,0.767448,86.5248,9.5739,0.0,0,8.7448,1.4411,72.526,0.0,26.5,4840,2.5263,1.73
google,1000,10,linear,True,False,0.4,0.3,0.3,0,WOA,random,30,0.3333333333333333,E4,10.62,62.6,36,0.756659,86.7142,10.8452,0.0,0,8.7448,1.448,72.741,0.0,27.0,4840,2.507,1.79
google,1000,10,linear,True,False,0.4,0.3,0.3,0,GWO,random,1,0.3333333333333333,E4,10.62,62.6,36,0.763703,86.5905,10.0152,0.0,0,8.6948,1.4302,74.238,0.0,25.5,4840,2.9728,1.69
google,1000,10,linear,True,False,0.4,0.3,0.3,0,GWO,random,2,0.3333333333333333,E4,10.62,62.6,36,0.768156,86.5123,9.4905,0.0,0,8.7448,1.4371,74.437,0.0,25.0,4840,2.9773,1.71
google,1000,10,linear,True,False,0.4,0.3,0.3,0,GWO,random,3,0.3333333333333333,E4,10.62,62.6,36,0.764174,86.5823,9.9597,0.0,0,8.7448,1.4463,74.909,0.0,25.5,4840,2.997,1.67
google,1000,10,linear,True,False,0.4,0.3,0.3,0,GWO,random,4,0.3333333333333333,E4,10.62,62.6,36,0.763547,86.5933,10.0336,0.0,0,8.6948,1.4313,75.673,0.0,25.5,4840,3.0377,1.74
google,1000,10,linear,True,False,0.4,0.3,0.3,0,GWO,random,5,0.3333333333333333,E4,10.62,62.6,36,0.755315,86.7378,11.0036,0.0,0,8.6948,1.4302,75.232,0.0,25.0,4840,3.0212,1.91
google,1000,10,linear,True,False,0.4,0.3,0.3,0,GWO,random,30,0.3333333333333333,E4,10.62,62.6,36,0.756642,86.7145,10.8472,0.0,0,8.6948,1.4313,74.57,0.0,25.5,4840,3.0247,1.78
google,1000,10,linear,True,False,0.4,0.3,0.3,0,PSO,random,1,0.3333333333333333,E4,10.62,62.6,36,0.755694,86.7312,10.9588,0.0,0,8.6448,1.4266,75.676,0.0,25.0,4840,2.5953,2.88
google,1000,10,linear,True,False,0.4,0.3,0.3,0,PSO,random,2,0.3333333333333333,E4,10.62,62.6,36,0.752872,86.7807,11.2914,0.0,0,8.5948,1.4197,76.064,0.0,25.5,4840,2.5589,3.06
google,1000,10,linear,True,False,0.4,0.3,0.3,0,PSO,random,3,0.3333333333333333,E4,10.62,62.6,36,0.770069,86.4788,9.2651,0.0,0,8.7448,1.4382,72.563,0.0,26.5,4840,2.5677,2.91
google,1000,10,linear,True,False,0.4,0.3,0.3,0,PSO,random,4,0.3333333333333333,E4,10.62,62.6,36,0.751093,86.8119,11.501,0.0,0,8.6448,1.4231,76.21,0.0,25.0,4840,2.589,3.0
google,1000,10,linear,True,False,0.4,0.3,0.3,0,PSO,random,5,0.3333333333333333,E4,10.62,62.6,36,0.760647,86.6442,10.3753,0.0,0,8.6948,1.4352,74.531,0.0,26.0,4840,2.6232,2.88
google,1000,10,linear,True,False,0.4,0.3,0.3,0,PSO,random,6,0.3333333333333333,E4,10.62,62.6,36,0.764956,86.5685,9.8675,0.0,0,8.6948,1.4336,74.568,0.0,25.5,4840,2.6201,2.92
google,1000,10,linear,True,False,0.4,0.3,0.3,0,PSO,random,7,0.3333333333333333,E4,10.62,62.6,36,0.766897,86.5344,9.6388,0.0,0,8.6948,1.4302,74.507,0.0,26.5,4840,2.6073,2.88
google,1000,10,linear,True,False,0.4,0.3,0.3,0,PSO,random,8,0.3333333333333333,E4,10.62,62.6,36,0.75432,86.7553,11.1208,0.0,0,8.5948,1.4153,76.706,0.0,25.0,4840,2.608,3.03
google,1000,10,linear,True,False,0.4,0.3,0.3,0,PSO,random,9,0.3333333333333333,E4,10.62,62.6,36,0.760036,86.6549,10.4473,0.0,0,8.6448,1.4249,75.91,0.0,25.5,4840,2.5754,2.98
google,1000,10,linear,True,False,0.4,0.3,0.3,0,PSO,random,10,0.3333333333333333,E4,10.62,62.6,36,0.754298,86.7557,11.1233,0.0,0,8.6448,1.4266,75.634,0.0,25.5,4840,2.5482,2.93
google,1000,10,linear,True,False,0.4,0.3,0.3,0,PSO,random,11,0.3333333333333333,E4,10.62,62.6,36,0.757448,86.7004,10.7522,0.0,0,8.6448,1.4248,76.338,0.0,25.0,4840,2.5528,2.98
google,1000,10,linear,True,False,0.4,0.3,0.3,0,PSO,random,12,0.3333333333333333,E4,10.62,62.6,36,0.767219,86.5288,9.601,0.0,0,8.7448,1.4388,74.237,0.0,26.5,4840,2.5773,2.94
google,1000,10,linear,True,False,0.4,0.3,0.3,0,PSO,random,13,0.3333333333333333,E4,10.62,62.6,36,0.760959,86.6387,10.3385,0.0,0,8.6948,1.4296,74.105,0.0,26.5,4840,2.5983,2.82
google,1000,10,linear,True,False,0.4,0.3,0.3,0,PSO,random,14,0.3333333333333333,E4,10.62,62.6,36,0.766135,86.5478,9.7287,0.0,0,8.6948,1.4303,73.906,0.0,27.0,4840,2.6098,2.76
google,1000,10,linear,True,False,0.4,0.3,0.3,0,PSO,random,15,0.3333333333333333,E4,10.62,62.6,36,0.761823,86.6235,10.2368,0.0,0,8.6448,1.4214,75.294,0.0,27.0,4840,2.5944,2.79
google,1000,10,linear,True,False,0.4,0.3,0.3,0,DE,random,2,0.3333333333333333,E4,10.62,62.6,36,0.748148,86.8637,11.848,0.0,0,8.5448,1.4089,77.363,0.0,25.5,4840,2.5259,2.01
google,1000,10,linear,True,False,0.4,0.3,0.3,0,DE,random,3,0.3333333333333333,E4,10.62,62.6,36,0.743015,86.9538,12.4529,0.0,0,8.4948,1.4051,77.462,0.0,25.5,4840,2.4919,1.98
google,1000,10,linear,True,False,0.4,0.3,0.3,0,DE,random,4,0.3333333333333333,E4,10.62,62.6,36,0.746763,86.888,12.0113,0.0,0,8.5948,1.4169,76.386,0.0,25.5,4840,2.47,1.87
google,1000,10,linear,True,False,0.4,0.3,0.3,0,DE,random,5,0.3333333333333333,E4,10.62,62.6,36,0.746679,86.8894,12.0211,0.0,0,8.5448,1.406,76.886,0.0,25.5,4840,2.4879,2.23
google,1000,10,linear,True,False,0.4,0.3,0.3,0,DE,random,6,0.3333333333333333,E4,10.62,62.6,36,0.749472,86.8404,11.692,0.0,0,8.5948,1.4157,76.359,0.0,25.5,4840,2.4935,1.9
google,1000,10,linear,True,False,0.4,0.3,0.3,0,DE,random,7,0.3333333333333333,E4,10.62,62.6,36,0.74772,86.8712,11.8984,0.0,0,8.5948,1.4141,76.976,0.0,25.5,4840,2.5345,1.98
google,1000,10,linear,True,False,0.4,0.3,0.3,0,DE,random,8,0.3333333333333333,E4,10.62,62.6,36,0.745433,86.9113,12.1679,0.0,0,8.5448,1.4088,77.765,0.0,25.5,4840,2.5256,1.94
google,1000,10,linear,True,False,0.4,0.3,0.3,0,DE,random,9,0.3333333333333333,E4,10.62,62.6,36,0.747426,86.8763,11.9331,0.0,0,8.5448,1.4127,77.553,0.0,25.5,4840,2.5215,2.1
google,1000,10,linear,True,False,0.4,0.3,0.3,0,PSO,random,16,0.3333333333333333,E4,10.62,62.6,36,0.751863,86.7984,11.4103,0.0,0,8.5948,1.4118,75.954,0.0,27.0,4840,2.6061,3.16
google,1000,10,linear,True,False,0.4,0.3,0.3,0,PSO,random,17,0.3333333333333333,E4,10.62,62.6,36,0.766273,86.5454,9.7124,0.0,0,8.7448,1.4392,73.585,0.0,27.0,4840,2.5698,2.84
google,1000,10,linear,True,False,0.4,0.3,0.3,0,PSO,random,18,0.3333333333333333,E4,10.62,62.6,36,0.753095,86.7768,11.2652,0.0,0,8.6448,1.4239,75.719,0.0,25.5,4840,2.545,2.84
google,1000,10,linear,True,False,0.4,0.3,0.3,0,PSO,random,19,0.3333333333333333,E4,10.62,62.6,36,0.762096,86.6187,10.2046,0.0,0,8.6448,1.4245,74.93,0.0,26.5,4840,2.5467,2.78
google,1000,10,linear,True,False,0.4,0.3,0.3,0,PSO,random,20,0.3333333333333333,E4,10.62,62.6,36,0.755267,86.7387,11.0092,0.0,0,8.6448,1.4261,75.705,0.0,26.5,4840,2.5735,2.88
google,1000,10,linear,True,False,0.4,0.3,0.3,0,PSO,random,21,0.3333333333333333,E4,10.62,62.6,36,0.759007,86.673,10.5685,0.0,0,8.6948,1.4324,75.103,0.0,25.5,4840,2.6086,2.82
google,1000,10,linear,True,False,0.4,0.3,0.3,0,PSO,random,22,0.3333333333333333,E4,10.62,62.6,36,0.752367,86.7896,11.3509,0.0,0,8.5948,1.4152,76.649,0.0,25.5,4840,2.6047,2.93
google,1000,10,linear,True,False,0.4,0.3,0.3,0,PSO,random,23,0.3333333333333333,E4,10.62,62.6,36,0.754898,86.7451,11.0527,0.0,0,8.5948,1.4141,75.35,0.0,25.5,4840,2.5955,2.89
google,1000,10,linear,True,False,0.4,0.3,0.3,0,PSO,random,24,0.3333333333333333,E4,10.62,62.6,36,0.744621,86.9256,12.2635,0.0,0,8.5448,1.4094,77.209,0.0,25.0,4840,2.6016,3.26
google,1000,10,linear,True,False,0.4,0.3,0.3,0,PSO,random,25,0.3333333333333333,E4,10.62,62.6,36,0.75868,86.6787,10.6071,0.0,0,8.6448,1.4284,75.742,0.0,25.5,4840,2.5708,2.99
google,1000,10,linear,True,False,0.4,0.3,0.3,0,PSO,random,26,0.3333333333333333,E4,10.62,62.6,36,0.763487,86.5943,10.0406,0.0,0,8.7448,1.4381,72.474,0.0,26.5,4840,2.5551,2.99
google,1000,10,linear,True,False,0.4,0.3,0.3,0,PSO,random,27,0.3333333333333333,E4,10.62,62.6,36,0.760678,86.6436,10.3716,0.0,0,8.6948,1.4366,73.908,0.0,26.5,4840,2.5572,2.85
google,1000,10,linear,True,False,0.4,0.3,0.3,0,PSO,random,28,0.3333333333333333,E4,10.62,62.6,36,0.757402,86.7012,10.7576,0.0,0,8.6448,1.4211,75.573,0.0,26.0,4840,2.5708,2.9
google,1000,10,linear,True,False,0.4,0.3,0.3,0,PSO,random,29,0.3333333333333333,E4,10.62,62.6,36,0.760122,86.6534,10.4371,0.0,0,8.6448,1.4272,75.171,0.0,27.5,4840,2.6117,3.02
google,1000,10,linear,True,False,0.4,0.3,0.3,0,PSO,random,30,0.3333333333333333,E4,10.62,62.6,36,0.758751,86.6775,10.5986,0.0,0,8.6448,1.421,75.025,0.0,25.5,4840,2.5955,2.96
google,1000,10,linear,True,False,0.4,0.3,0.3,0,DE,random,1,0.3333333333333333,E4,10.62,62.6,36,0.744459,86.9284,12.2827,0.0,0,8.4948,1.4024,78.752,0.0,25.5,4840,2.5232,2.11
google,1000,10,linear,True,False,0.4,0.3,0.3,0,GWO,random,6,0.3333333333333333,E4,10.62,62.6,36,0.763594,86.5924,10.0281,0.0,0,8.6948,1.4313,75.124,0.0,25.0,4840,3.0161,1.88
google,1000,10,linear,True,False,0.4,0.3,0.3,0,GWO,random,7,0.3333333333333333,E4,10.62,62.6,36,0.764311,86.5799,9.9436,0.0,0,8.6948,1.4369,76.436,0.0,25.5,4840,3.0029,1.67
google,1000,10,linear,True,False,0.4,0.3,0.3,0,GWO,random,8,0.3333333333333333,E4,10.62,62.6,36,0.75166,86.802,11.4342,0.0,0,8.5448,1.4143,77.507,0.0,25.5,4840,2.9807,1.83
google,1000,10,linear,True,False,0.4,0.3,0.3,0,GWO,random,9,0.3333333333333333,E4,10.62,62.6,36,0.75464,86.7497,11.0831,0.0,0,8.5948,1.4126,75.666,0.0,25.5,4840,2.968,1.97
google,1000,10,linear,True,False,0.4,0.3,0.3,0,GWO,random,10,0.3333333333333333,E4,10.62,62.6,36,0.765661,86.5562,9.7846,0.0,0,8.6448,1.4192,74.545,0.0,25.5,4840,2.9847,1.72
google,1000,10,linear,True,False,0.4,0.3,0.3,0,GWO,random,11,0.3333333333333333,E4,10.62,62.6,36,0.754285,86.7559,11.1249,0.0,0,8.6448,1.4238,76.463,0.0,25.0,4840,3.0173,1.71
google,1000,10,linear,True,False,0.4,0.3,0.3,0,GWO,random,12,0.3333333333333333,E4,10.62,62.6,36,0.757319,86.7026,10.7674,0.0,0,8.6948,1.4244,75.208,0.0,25.0,4840,3.0287,1.71
google,1000,10,linear,True,False,0.4,0.3,0.3,0,GWO,random,13,0.3333333333333333,E4,10.62,62.6,36,0.767791,86.5188,9.5336,0.0,0,8.7448,1.4452,73.021,0.0,27.5,4840,3.0147,1.67
google,1000,10,linear,True,False,0.4,0.3,0.3,0,GWO,random,14,0.3333333333333333,E4,10.62,62.6,36,0.754653,86.7494,11.0816,0.0,0,8.6448,1.4223,75.622,0.0,25.0,4840,3.0345,1.83
google,1000,10,linear,True,False,0.4,0.3,0.3,0,GWO,random,15,0.3333333333333333,E4,10.62,62.6,36,0.757225,86.7043,10.7785,0.0,0,8.6448,1.4216,75.667,0.0,25.5,4840,3.0112,1.79
google,1000,10,linear,True,False,0.4,0.3,0.3,0,GWO,random,16,0.3333333333333333,E4,10.62,62.6,36,0.745698,86.9067,12.1367,0.0,0,8.5448,1.4081,77.798,0.0,25.0,4840,2.9682,1.91
google,1000,10,linear,True,False,0.4,0.3,0.3,0,GWO,random,17,0.3333333333333333,E4,10.62,62.6,36,0.761377,86.6314,10.2892,0.0,0,8.7448,1.4371,75.559,0.0,25.5,4840,2.967,1.63
google,1000,10,linear,True,False,0.4,0.3,0.3,0,GWO,random,18,0.3333333333333333,E4,10.62,62.6,36,0.760412,86.6483,10.403,0.0,0,8.6948,1.4298,75.458,0.0,25.5,4840,3.0013,1.67
google,1000,10,linear,True,False,0.4,0.3,0.3,0,GWO,random,19,0.3333333333333333,E4,10.62,62.6,36,0.741253,86.9847,12.6605,0.0,0,8.4948,1.3955,79.124,0.0,24.5,4840,3.0372,1.92
google,1000,10,linear,True,False,0.4,0.3,0.3,0,GWO,random,20,0.3333333333333333,E4,10.62,62.6,36,0.765708,86.5553,9.779,0.0,0,8.7448,1.4463,74.227,0.0,25.5,4840,3.0275,1.67
google,1000,10,linear,True,False,0.4,0.3,0.3,0,GWO,random,21,0.3333333333333333,E4,10.62,62.6,36,0.757569,86.6982,10.738,0.0,0,8.6948,1.4312,76.493,0.0,25.0,4840,3.0092,1.71
google,1000,10,linear,True,False,0.4,0.3,0.3,0,GWO,random,22,0.3333333333333333,E4,10.62,62.6,36,0.75363,86.7674,11.2021,0.0,0,8.6448,1.4204,75.166,0.0,25.5,4840,3.0166,1.86
google,1000,10,linear,True,False,0.4,0.3,0.3,0,GWO,random,23,0.3333333333333333,E4,10.62,62.6,36,0.758986,86.6734,10.571,0.0,0,8.6948,1.4291,74.937,0.0,25.5,4840,2.9801,1.67
google,1000,10,linear,True,False,0.4,0.3,0.3,0,GWO,random,24,0.3333333333333333,E4,10.62,62.6,36,0.764394,86.5784,9.9338,0.0,0,8.7448,1.4406,74.324,0.0,25.5,4840,2.9524,1.74
google,1000,10,linear,True,False,0.4,0.3,0.3,0,GWO,random,25,0.3333333333333333,E4,10.62,62.6,36,0.763468,86.5947,10.0429,0.0,0,8.7448,1.4358,73.379,0.0,25.5,4840,2.9485,1.65
google,1000,10,linear,True,False,0.4,0.3,0.3,0,GWO,random,26,0.3333333333333333,E4,10.62,62.6,36,0.761883,86.6225,10.2297,0.0,0,8.6948,1.4351,74.97,0.0,25.5,4840,2.9943,1.7
google,1000,10,linear,True,False,0.4,0.3,0.3,0,GWO,random,27,0.3333333333333333,E4,10.62,62.6,36,0.756258,86.7212,10.8924,0.0,0,8.5948,1.4167,76.007,0.0,25.5,4840,3.0232,1.77
google,1000,10,linear,True,False,0.4,0.3,0.3,0,GWO,random,28,0.3333333333333333,E4,10.62,62.6,36,0.758649,86.6793,10.6108,0.0,0,8.6448,1.4221,75.5,0.0,26.5,4840,3.0036,1.91
google,1000,10,linear,True,False,0.4,0.3,0.3,0,GWO,random,29,0.3333333333333333,E4,10.62,62.6,36,0.761587,86.6277,10.2646,0.0,0,8.6948,1.4341,75.921,0.0,25.0,4840,2.9937,1.77
google,1000,10,linear,True,False,0.4,0.3,0.3,0,DE,random,10,0.3333333333333333,E4,10.62,62.6,36,0.742656,86.9601,12.4951,0.0,0,8.4948,1.3979,78.307,0.0,25.5,4840,2.5467,2.1
google,1000,10,linear,True,False,0.4,0.3,0.3,0,DE,random,11,0.3333333333333333,E4,10.62,62.6,36,0.740699,86.9945,12.7257,0.0,0,8.4448,1.3887,79.635,0.0,26.0,4840,2.5344,2.28
google,1000,10,linear,True,False,0.4,0.3,0.3,0,DE,random,12,0.3333333333333333,E4,10.62,62.6,36,0.743544,86.9445,12.3905,0.0,0,8.5448,1.4087,78.063,0.0,25.5,4840,2.5119,2.02
google,1000,10,linear,True,False,0.4,0.3,0.3,0,DE,random,13,0.3333333333333333,E4,10.62,62.6,36,0.743973,86.937,12.3399,0.0,0,8.5448,1.4026,77.175,0.0,25.5,4840,2.5121,2.04
google,1000,10,linear,True,False,0.4,0.3,0.3,0,DE,random,14,0.3333333333333333,E4,10.62,62.6,36,0.739783,87.0105,12.8336,0.0,0,8.4948,1.3999,78.675,0.0,25.5,4840,2.5464,1.95
google,1000,10,linear,True,False,0.4,0.3,0.3,0,DE,random,15,0.3333333333333333,E4,10.62,62.6,36,0.751366,86.8072,11.4689,0.0,0,8.5448,1.4095,77.469,0.0,26.0,4840,2.6671,1.91
google,1000,10,linear,True,False,0.4,0.3,0.3,0,DE,random,16,0.3333333333333333,E4,10.62,62.6,36,0.738701,87.0295,12.9611,0.0,0,8.4948,1.4019,79.339,0.0,25.0,4840,2.6118,2.15
google,1000,10,linear,True,False,0.4,0.3,0.3,0,DE,random,17,0.3333333333333333,E4,10.62,62.6,36,0.745519,86.9098,12.1578,0.0,0,8.4948,1.4019,78.605,0.0,25.0,4840,2.5649,1.96
google,1000,10,linear,True,False,0.4,0.3,0.3,0,DE,random,18,0.3333333333333333,E4,10.62,62.6,36,0.752804,86.7819,11.2994,0.0,0,8.6448,1.4249,75.953,0.0,26.0,4840,2.5452,1.93
google,1000,10,linear,True,False,0.4,0.3,0.3,0,DE,random,19,0.3333333333333333,E4,10.62,62.6,36,0.747383,86.8771,11.9382,0.0,0,8.5448,1.4077,77.135,0.0,25.5,4840,2.522,2.0
google,1000,10,linear,True,False,0.4,0.3,0.3,0,DE,random,20,0.3333333333333333,E4,10.62,62.6,36,0.743037,86.9534,12.4502,0.0,0,8.5448,1.4081,78.026,0.0,25.5,4840,2.5205,1.89
google,1000,10,linear,True,False,0.4,0.3,0.3,0,DE,random,21,0.3333333333333333,E4,10.62,62.6,36,0.744263,86.9319,12.3057,0.0,0,8.5448,1.4054,77.946,0.0,25.0,4840,2.6298,2.36
google,1000,10,linear,True,False,0.4,0.3,0.3,0,DE,random,22,0.3333333333333333,E4,10.62,62.6,36,0.748579,86.8561,11.7973,0.0,0,8.5948,1.4135,77.066,0.0,25.0,4840,2.625,1.92
google,1000,10,linear,True,False,0.4,0.3,0.3,0,DE,random,23,0.3333333333333333,E4,10.62,62.6,36,0.746099,86.8996,12.0895,0.0,0,8.5948,1.4104,76.934,0.0,25.5,4840,2.5954,1.83
google,1000,10,linear,True,False,0.4,0.3,0.3,0,DE,random,24,0.3333333333333333,E4,10.62,62.6,36,0.746977,86.8842,11.986,0.0,0,8.5448,1.4082,77.18,0.0,26.0,4840,2.5731,2.32
google,1000,10,linear,True,False,0.4,0.3,0.3,0,DE,random,25,0.3333333333333333,E4,10.62,62.6,36,0.740092,87.0051,12.7973,0.0,0,8.4448,1.3923,79.425,0.0,25.5,4840,2.5745,1.99
google,1000,10,linear,True,False,0.4,0.3,0.3,0,DE,random,26,0.3333333333333333,E4,10.62,62.6,36,0.736199,87.0735,13.2559,0.0,0,8.3948,1.3874,81.284,0.0,25.0,4840,2.5469,2.04
google,1000,10,linear,True,False,0.4,0.3,0.3,0,DE,random,27,0.3333333333333333,E4,10.62,62.6,36,0.744711,86.924,12.253,0.0,0,8.5448,1.4077,77.845,0.0,25.5,4840,2.5149,2.16
google,1000,10,linear,True,False,0.4,0.3,0.3,0,DE,random,28,0.3333333333333333,E4,10.62,62.6,36,0.738855,87.0268,12.943,0.0,0,8.4448,1.3972,80.009,0.0,25.0,4840,2.5163,2.09
google,1000,10,linear,True,False,0.4,0.3,0.3,0,DE,random,29,0.3333333333333333,E4,10.62,62.6,36,0.74384,86.9393,12.3556,0.0,0,8.5448,1.407,77.772,0.0,25.5,4840,2.6857,1.93
google,1000,10,linear,True,False,0.4,0.3,0.3,0,DE,random,30,0.3333333333333333,E4,10.62,62.6,36,0.747843,86.869,11.8839,0.0,0,8.5948,1.4117,77.212,0.0,25.5,4840,2.6101,2.07
google,1000,10,linear,True,False,0.4,0.3,0.3,0,HHO,random,1,0.3333333333333333,E4,10.62,62.6,36,0.767769,86.5191,9.5361,0.0,0,8.8448,1.4568,71.779,0.0,27.5,8858,3.9754,1.7
google,1000,10,linear,True,False,0.4,0.3,0.3,0,HHO,random,2,0.3333333333333333,E4,10.62,62.6,36,0.745728,86.9061,12.1331,0.0,0,8.6448,1.4223,72.719,0.0,27.0,8868,3.9417,1.94
google,1000,10,linear,True,False,0.4,0.3,0.3,0,HHO,random,3,0.3333333333333333,E4,10.62,62.6,36,0.771029,86.4619,9.152,0.0,0,8.7448,1.4394,73.083,0.0,27.5,8832,3.8989,1.99
google,1000,10,linear,True,False,0.4,0.3,0.3,0,WOA,carbon,8,0.3333333333333333,E4,10.62,62.6,36,0.676411,88.1233,20.3006,0.0,0,8.7448,1.4081,62.24,0.0,26.5,4840,2.5511,1.74
google,1000,10,linear,True,False,0.4,0.3,0.3,0,WOA,carbon,9,0.3333333333333333,E4,10.62,62.6,36,0.677649,88.1015,20.1547,0.0,0,8.7948,1.4075,61.21,0.0,26.5,4840,2.6521,1.77
google,1000,10,linear,True,False,0.4,0.3,0.3,0,WOA,carbon,10,0.3333333333333333,E4,10.62,62.6,36,0.674726,88.1528,20.4991,0.0,0,8.5948,1.385,68.426,0.0,26.0,4840,2.6052,1.75
google,1000,10,linear,True,False,0.4,0.3,0.3,0,WOA,carbon,11,0.3333333333333333,E4,10.62,62.6,36,0.668787,88.2571,21.1988,0.0,0,8.6448,1.3925,64.587,0.0,26.0,4840,2.5409,1.83
google,1000,10,linear,True,False,0.4,0.3,0.3,0,WOA,carbon,12,0.3333333333333333,E4,10.62,62.6,36,0.665429,88.3161,21.5945,0.0,0,8.6448,1.385,65.387,0.0,26.5,4840,2.55,1.75
google,1000,10,linear,True,False,0.4,0.3,0.3,0,WOA,carbon,13,0.3333333333333333,E4,10.62,62.6,36,0.668711,88.2585,21.2079,0.0,0,8.6948,1.3925,62.91,0.0,26.0,4840,2.5562,1.73
google,1000,10,linear,True,False,0.4,0.3,0.3,0,WOA,carbon,14,0.3333333333333333,E4,10.62,62.6,36,0.668449,88.263,21.2387,0.0,0,8.6448,1.3925,64.264,0.0,26.5,4840,2.5525,1.67
google,1000,10,linear,True,False,0.4,0.3,0.3,0,WOA,carbon,15,0.3333333333333333,E4,10.62,62.6,36,0.680114,88.0582,19.8642,0.0,0,8.7948,1.415,59.897,0.0,26.5,4840,2.6721,1.72
google,1000,10,linear,True,False,0.4,0.3,0.3,0,GA,random,30,0.3333333333333333,E4,10.62,62.6,36,0.741748,86.976,12.6021,0.0,0,8.4948,1.3991,78.095,0.0,25.5,4840,4.552,2.58
google,1000,10,linear,True,False,0.4,0.3,0.3,0,WOA,carbon,1,0.3333333333333333,E4,10.62,62.6,36,0.669028,88.2529,21.1705,0.0,0,8.6948,1.3925,63.336,0.0,26.5,4840,2.6047,1.82
google,1000,10,linear,True,False,0.4,0.3,0.3,0,WOA,carbon,2,0.3333333333333333,E4,10.62,62.6,36,0.677216,88.1091,20.2057,0.0,0,8.7948,1.4075,60.598,0.0,26.0,4840,2.6049,1.7
google,1000,10,linear,True,False,0.4,0.3,0.3,0,WOA,carbon,3,0.3333333333333333,E4,10.62,62.6,36,0.665968,88.3066,21.531,0.0,0,8.6448,1.3925,64.883,0.0,26.5,4840,2.5671,1.76
google,1000,10,linear,True,False,0.4,0.3,0.3,0,WOA,carbon,4,0.3333333333333333,E4,10.62,62.6,36,0.67057,88.2258,20.9888,0.0,0,8.6448,1.385,64.864,0.0,26.0,4840,2.5597,1.8
google,1000,10,linear,True,False,0.4,0.3,0.3,0,WOA,carbon,5,0.3333333333333333,E4,10.62,62.6,36,0.675301,88.1427,20.4314,0.0,0,8.7948,1.4156,59.373,0.0,26.5,4840,2.5377,1.8
google,1000,10,linear,True,False,0.4,0.3,0.3,0,WOA,carbon,6,0.3333333333333333,E4,10.62,62.6,36,0.670196,88.2324,21.0328,0.0,0,8.6948,1.4,62.421,0.0,26.5,4840,2.6204,1.69
google,1000,10,linear,True,False,0.4,0.3,0.3,0,WOA,carbon,7,0.3333333333333333,E4,10.62,62.6,36,0.67806,88.0943,20.1063,0.0,0,8.7948,1.4075,59.819,0.0,26.5,4840,2.6303,1.69
google,1000,10,linear,True,False,0.4,0.3,0.3,0,HHO,random,4,0.3333333333333333,E4,10.62,62.6,36,0.75209,86.7944,11.3835,0.0,0,8.7448,1.4429,73.066,0.0,27.5,8906,3.9286,1.87
google,1000,10,linear,True,False,0.4,0.3,0.3,0,HHO,random,5,0.3333333333333333,E4,10.62,62.6,36,0.761653,86.6265,10.2567,0.0,0,8.7948,1.4589,70.693,0.0,26.5,8820,4.0407,1.74
google,1000,10,linear,True,False,0.4,0.3,0.3,0,HHO,random,6,0.3333333333333333,E4,10.62,62.6,36,0.76396,86.586,9.9849,0.0,0,8.6948,1.4371,73.826,0.0,26.0,8874,4.0177,1.85
google,1000,10,linear,True,False,0.4,0.3,0.3,0,HHO,random,7,0.3333333333333333,E4,10.62,62.6,36,0.770008,86.4798,9.2724,0.0,0,8.6948,1.446,74.121,0.0,27.0,8938,3.9911,1.75
google,1000,10,linear,True,False,0.4,0.3,0.3,0,HHO,random,8,0.3333333333333333,E4,10.62,62.6,36,0.76558,86.5576,9.7941,0.0,0,8.8448,1.4568,70.067,0.0,28.0,8902,3.9598,1.75
google,1000,10,linear,True,False,0.4,0.3,0.3,0,HHO,random,9,0.3333333333333333,E4,10.62,62.6,36,0.766868,86.535,9.6423,0.0,0,8.6948,1.441,74.723,0.0,26.0,8852,4.0536,1.88
google,1000,10,linear,True,False,0.4,0.3,0.3,0,HHO,random,10,0.3333333333333333,E4,10.62,62.6,36,0.754427,86.7534,11.1082,0.0,0,8.6448,1.4251,74.319,0.0,28.5,8918,3.9853,1.96
google,1000,10,linear,True,False,0.4,0.3,0.3,0,HHO,random,11,0.3333333333333333,E4,10.62,62.6,36,0.767948,86.516,9.515,0.0,0,8.7948,1.4495,71.132,0.0,27.0,8868,4.0095,1.78
google,1000,10,linear,True,False,0.4,0.3,0.3,0,HHO,random,20,0.3333333333333333,E4,10.62,62.6,36,0.757955,86.6915,10.6925,0.0,0,8.6448,1.4268,75.983,0.0,26.5,8930,3.8984,1.92
google,1000,10,linear,True,False,0.4,0.3,0.3,0,HHO,random,21,0.3333333333333333,E4,10.62,62.6,36,0.760412,86.6483,10.403,0.0,0,8.7948,1.4624,71.057,0.0,28.5,8954,4.0739,1.74
google,1000,10,linear,True,False,0.4,0.3,0.3,0,HHO,random,22,0.3333333333333333,E4,10.62,62.6,36,0.75895,86.674,10.5752,0.0,0,8.7448,1.4382,72.228,0.0,28.0,8892,3.9632,1.64
google,1000,10,linear,True,False,0.4,0.3,0.3,0,HHO,random,23,0.3333333333333333,E4,10.62,62.6,36,0.757156,86.7055,10.7866,0.0,0,8.7448,1.4389,73.01,0.0,27.0,8964,3.957,1.92
google,1000,10,linear,True,False,0.4,0.3,0.3,0,HHO,random,24,0.3333333333333333,E4,10.62,62.6,36,0.752937,86.7796,11.2837,0.0,0,8.6448,1.4266,74.505,0.0,26.5,8800,3.8717,1.83
google,1000,10,linear,True,False,0.4,0.3,0.3,0,HHO,random,25,0.3333333333333333,E4,10.62,62.6,36,0.762809,86.6062,10.1205,0.0,0,8.7448,1.4406,72.126,0.0,27.0,8852,4.0629,1.73
google,1000,10,linear,True,False,0.4,0.3,0.3,0,HHO,random,26,0.3333333333333333,E4,10.62,62.6,36,0.760505,86.6467,10.392,0.0,0,8.6948,1.4312,73.601,0.0,27.5,8876,3.9543,1.87
google,1000,10,linear,True,False,0.4,0.3,0.3,0,HHO,random,27,0.3333333333333333,E4,10.62,62.6,36,0.763251,86.5985,10.0684,0.0,0,8.6948,1.4307,75.763,0.0,27.5,8942,4.0104,1.63
google,1000,10,linear,True,False,0.4,0.3,0.3,0,HHO,random,12,0.3333333333333333,E4,10.62,62.6,36,0.767649,86.5212,9.5502,0.0,0,8.8448,1.4532,69.711,0.0,28.0,8920,3.922,2.02
google,1000,10,linear,True,False,0.4,0.3,0.3,0,HHO,random,13,0.3333333333333333,E4,10.62,62.6,36,0.763503,86.594,10.0387,0.0,0,8.8948,1.4748,70.459,0.0,27.5,8898,4.0801,1.89
google,1000,10,linear,True,False,0.4,0.3,0.3,0,HHO,random,14,0.3333333333333333,E4,10.62,62.6,36,0.767176,86.5296,9.606,0.0,0,8.6948,1.4343,75.195,0.0,27.5,8978,4.05,1.67
google,1000,10,linear,True,False,0.4,0.3,0.3,0,HHO,random,15,0.3333333333333333,E4,10.62,62.6,36,0.748995,86.8488,11.7482,0.0,0,8.6948,1.4285,73.736,0.0,27.0,9022,4.0067,1.98
google,1000,10,linear,True,False,0.4,0.3,0.3,0,HHO,random,16,0.3333333333333333,E4,10.62,62.6,36,0.767573,86.5226,9.5593,0.0,0,8.8448,1.4687,71.562,0.0,27.0,8898,3.9237,1.86
google,1000,10,linear,True,False,0.4,0.3,0.3,0,HHO,random,17,0.3333333333333333,E4,10.62,62.6,36,0.760142,86.6531,10.4348,0.0,0,8.6948,1.4296,74.164,0.0,27.0,8858,4.0868,1.65
google,1000,10,linear,True,False,0.4,0.3,0.3,0,HHO,random,18,0.3333333333333333,E4,10.62,62.6,36,0.765586,86.5575,9.7933,0.0,0,8.7948,1.4526,71.43,0.0,26.5,8864,3.9686,1.82
google,1000,10,linear,True,False,0.4,0.3,0.3,0,HHO,random,19,0.3333333333333333,E4,10.62,62.6,36,0.757029,86.7077,10.8016,0.0,0,8.6948,1.433,73.816,0.0,26.0,8934,4.0272,1.85
google,1000,10,linear,True,False,0.4,0.3,0.3,0,WOA,carbon,16,0.3333333333333333,E4,10.62,62.6,36,0.669343,88.2473,21.1333,0.0,0,8.6948,1.3925,64.67,0.0,26.5,4840,2.5728,1.66
google,1000,10,linear,True,False,0.4,0.3,0.3,0,WOA,carbon,17,0.3333333333333333,E4,10.62,62.6,36,0.673043,88.1824,20.6974,0.0,0,8.7948,1.4156,62.048,0.0,26.5,4840,2.5608,1.67
google,1000,10,linear,True,False,0.4,0.3,0.3,0,WOA,carbon,18,0.3333333333333333,E4,10.62,62.6,36,0.6793,88.0725,19.9602,0.0,0,8.7948,1.4156,62.399,0.0,26.0,4840,2.5275,1.67
google,1000,10,linear,True,False,0.4,0.3,0.3,0,WOA,carbon,19,0.3333333333333333,E4,10.62,62.6,36,0.669402,88.2463,21.1264,0.0,0,8.7448,1.4075,61.278,0.0,26.5,4840,2.6619,1.72
google,1000,10,linear,True,False,0.4,0.3,0.3,0,WOA,carbon,20,0.3333333333333333,E4,10.62,62.6,36,0.672424,88.1933,20.7704,0.0,0,8.7448,1.4162,62.889,0.0,26.5,4840,2.5545,1.78
google,1000,10,linear,True,False,0.4,0.3,0.3,0,WOA,carbon,21,0.3333333333333333,E4,10.62,62.6,36,0.678309,88.0899,20.077,0.0,0,8.7448,1.4075,62.079,0.0,26.5,4840,2.5795,1.81
google,1000,10,linear,True,False,0.4,0.3,0.3,0,WOA,carbon,22,0.3333333333333333,E4,10.62,62.6,36,0.663644,88.3474,21.8048,0.0,0,8.6448,1.3775,64.749,0.0,26.0,4840,2.6138,1.78
google,1000,10,linear,True,False,0.4,0.3,0.3,0,WOA,carbon,23,0.3333333333333333,E4,10.62,62.6,36,0.670356,88.2296,21.014,0.0,0,8.6948,1.4,64.134,0.0,26.0,4840,2.5672,1.78
google,1000,10,linear,True,False,0.4,0.3,0.3,0,WOA,carbon,24,0.3333333333333333,E4,10.62,62.6,36,0.673839,88.1684,20.6037,0.0,0,8.7448,1.4075,62.465,0.0,26.5,4840,2.5373,1.76
google,1000,10,linear,True,False,0.4,0.3,0.3,0,WOA,carbon,25,0.3333333333333333,E4,10.62,62.6,36,0.674364,88.1592,20.5418,0.0,0,8.6948,1.4,63.188,0.0,26.0,4840,2.5554,1.95
google,1000,10,linear,True,False,0.4,0.3,0.3,0,WOA,carbon,26,0.3333333333333333,E4,10.62,62.6,36,0.675945,88.1314,20.3555,0.0,0,8.7948,1.4087,61.755,0.0,26.5,4840,2.6864,1.79
google,1000,10,linear,True,False,0.4,0.3,0.3,0,WOA,carbon,27,0.3333333333333333,E4,10.62,62.6,36,0.683103,88.0057,19.5121,0.0,0,8.8448,1.4225,58.468,0.0,26.5,4840,2.5313,1.63
google,1000,10,linear,True,False,0.4,0.3,0.3,0,WOA,carbon,28,0.3333333333333333,E4,10.62,62.6,36,0.65997,88.4119,22.2377,0.0,0,8.5948,1.3775,67.444,0.0,26.0,4840,2.6009,1.9
google,1000,10,linear,True,False,0.4,0.3,0.3,0,WOA,carbon,29,0.3333333333333333,E4,10.62,62.6,36,0.665228,88.3196,21.6182,0.0,0,8.6948,1.4087,62.066,0.0,26.5,4840,2.5822,1.69
google,1000,10,linear,True,False,0.4,0.3,0.3,0,WOA,carbon,30,0.3333333333333333,E4,10.62,62.6,36,0.674299,88.1603,20.5495,0.0,0,8.7448,1.4081,62.074,0.0,26.5,4840,2.6005,1.67
google,1000,20,linear,True,False,0.4,0.3,0.3,0,FIFO,-,0,0.3333333333333333,E4,10.62,62.6,36,5.695252,0.0,-571.0542,0.0,0,63.4948,10.3629,5.328,0.0,24.5,0,0.0,0.0
google,1000,10,linear,True,False,0.4,0.3,0.3,0,HHO,random,28,0.3333333333333333,E4,10.62,62.6,36,0.765044,86.567,9.8572,0.0,0,8.7948,1.4414,72.073,0.0,28.0,8962,3.9173,1.7
google,1000,10,linear,True,False,0.4,0.3,0.3,0,HHO,random,29,0.3333333333333333,E4,10.62,62.6,36,0.753064,86.7773,11.2688,0.0,0,8.6948,1.4461,73.217,0.0,27.0,8826,4.0666,1.77
google,1000,10,linear,True,False,0.4,0.3,0.3,0,HHO,random,30,0.3333333333333333,E4,10.62,62.6,36,0.749634,86.8376,11.6729,0.0,0,8.7448,1.4425,68.984,0.0,28.0,9080,4.0263,1.87
google,1000,10,linear,True,False,0.4,0.3,0.3,0,GA,random,1,0.3333333333333333,E4,10.62,62.6,36,0.745615,86.9081,12.1465,0.0,0,8.5948,1.4169,76.973,0.0,25.5,4840,4.4067,2.63
google,1000,10,linear,True,False,0.4,0.3,0.3,0,GA,random,2,0.3333333333333333,E4,10.62,62.6,36,0.738752,87.0286,12.9551,0.0,0,8.5448,1.4116,77.82,0.0,25.5,4840,4.407,2.66
google,1000,10,linear,True,False,0.4,0.3,0.3,0,GA,random,3,0.3333333333333333,E4,10.62,62.6,36,0.745664,86.9073,12.1407,0.0,0,8.5448,1.4092,77.325,0.0,26.5,4840,4.5115,2.59
google,1000,10,linear,True,False,0.4,0.3,0.3,0,GA,random,4,0.3333333333333333,E4,10.62,62.6,36,0.739214,87.0205,12.9007,0.0,0,8.4948,1.4036,78.601,0.0,25.5,4840,4.4865,2.53
google,1000,10,linear,True,False,0.4,0.3,0.3,0,GA,random,5,0.3333333333333333,E4,10.62,62.6,36,0.735212,87.0908,13.3723,0.0,0,8.4948,1.3953,78.786,0.0,25.0,4840,4.4679,2.56
google,1000,20,linear,True,False,0.4,0.3,0.3,0,Consolidation,-,0,0.3333333333333333,E4,10.62,62.6,36,0.848702,85.0981,0.0,0.0,0,9.3448,1.5354,47.572,0.0,24.5,0,0.0,0.0
google,1000,20,linear,True,False,0.4,0.3,0.3,0,Greedy(EDF+greenest),-,0,0.3333333333333333,E4,10.62,62.6,36,0.65416,88.5139,22.9223,0.0,0,8.6948,1.4,57.308,0.0,26.0,0,0.0002,0.0
google,1000,20,linear,True,False,0.4,0.3,0.3,0,WOA,random,1,0.3333333333333333,E4,10.62,62.6,36,0.772131,86.4426,9.0222,0.0,0,8.7948,1.449,72.84,0.0,27.0,4840,2.6989,1.71
google,1000,20,linear,True,False,0.4,0.3,0.3,0,WOA,random,2,0.3333333333333333,E4,10.62,62.6,36,0.752534,86.7866,11.3312,0.0,0,8.6948,1.4326,72.933,0.0,27.0,4840,2.5605,1.73
google,1000,20,linear,True,False,0.4,0.3,0.3,0,WOA,random,3,0.3333333333333333,E4,10.62,62.6,36,0.773207,86.4237,8.8954,0.0,0,8.7448,1.4399,73.507,0.0,27.5,4840,2.5925,1.83
google,1000,20,linear,True,False,0.4,0.3,0.3,0,WOA,random,4,0.3333333333333333,E4,10.62,62.6,36,0.764453,86.5774,9.9268,0.0,0,8.8448,1.4591,71.296,0.0,27.0,4840,2.5885,1.96
google,1000,20,linear,True,False,0.4,0.3,0.3,0,WOA,random,5,0.3333333333333333,E4,10.62,62.6,36,0.749533,86.8393,11.6848,0.0,0,8.6948,1.4341,75.015,0.0,26.5,4840,2.6026,1.85
google,1000,20,linear,True,False,0.4,0.3,0.3,0,WOA,random,6,0.3333333333333333,E4,10.62,62.6,36,0.757738,86.6953,10.7181,0.0,0,8.6448,1.4234,74.763,0.0,26.5,4840,2.6126,1.83
google,1000,10,linear,True,False,0.4,0.3,0.3,0,GA,random,14,0.3333333333333333,E4,10.62,62.6,36,0.742154,86.9689,12.5543,0.0,0,8.4948,1.4041,78.662,0.0,25.5,4840,4.3746,2.53
google,1000,10,linear,True,False,0.4,0.3,0.3,0,GA,random,15,0.3333333333333333,E4,10.62,62.6,36,0.740629,86.9957,12.7339,0.0,0,8.4948,1.3991,79.044,0.0,25.0,4840,4.514,2.63
google,1000,10,linear,True,False,0.4,0.3,0.3,0,GA,random,16,0.3333333333333333,E4,10.62,62.6,36,0.737774,87.0458,13.0704,0.0,0,8.4948,1.4006,78.44,0.0,25.0,4840,4.3964,2.56
google,1000,10,linear,True,False,0.4,0.3,0.3,0,GA,random,17,0.3333333333333333,E4,10.62,62.6,36,0.744675,86.9246,12.2573,0.0,0,8.5448,1.4054,77.089,0.0,25.5,4840,4.3827,2.59
google,1000,10,linear,True,False,0.4,0.3,0.3,0,GA,random,18,0.3333333333333333,E4,10.62,62.6,36,0.735434,87.0869,13.3461,0.0,0,8.4948,1.4017,78.873,0.0,25.5,4840,4.5016,2.65
google,1000,10,linear,True,False,0.4,0.3,0.3,0,GA,random,19,0.3333333333333333,E4,10.62,62.6,36,0.751234,86.8095,11.4844,0.0,0,8.5948,1.4186,76.232,0.0,25.5,4840,4.3867,2.57
google,1000,10,linear,True,False,0.4,0.3,0.3,0,GA,random,20,0.3333333333333333,E4,10.62,62.6,36,0.743128,86.9518,12.4395,0.0,0,8.4948,1.403,78.191,0.0,25.5,4840,4.4476,2.61
google,1000,10,linear,True,False,0.4,0.3,0.3,0,GA,random,21,0.3333333333333333,E4,10.62,62.6,36,0.745514,86.9099,12.1584,0.0,0,8.5448,1.4094,77.547,0.0,25.5,4840,4.4661,2.56
google,1000,10,linear,True,False,0.4,0.3,0.3,0,GA,random,6,0.3333333333333333,E4,10.62,62.6,36,0.74357,86.944,12.3874,0.0,0,8.5448,1.4071,77.131,0.0,25.5,4840,4.3932,2.68
google,1000,10,linear,True,False,0.4,0.3,0.3,0,GA,random,7,0.3333333333333333,E4,10.62,62.6,36,0.744339,86.9305,12.2968,0.0,0,8.5448,1.4111,77.732,0.0,25.0,4840,4.5531,2.57
google,1000,10,linear,True,False,0.4,0.3,0.3,0,GA,random,8,0.3333333333333333,E4,10.62,62.6,36,0.746091,86.8998,12.0904,0.0,0,8.5448,1.4092,76.854,0.0,25.5,4840,4.4492,2.62
google,1000,10,linear,True,False,0.4,0.3,0.3,0,GA,random,9,0.3333333333333333,E4,10.62,62.6,36,0.74732,86.8782,11.9456,0.0,0,8.5448,1.4071,77.96,0.0,25.5,4840,4.3778,2.56
google,1000,10,linear,True,False,0.4,0.3,0.3,0,GA,random,10,0.3333333333333333,E4,10.62,62.6,36,0.745589,86.9086,12.1495,0.0,0,8.5448,1.4061,77.551,0.0,25.5,4840,4.5456,2.55
google,1000,10,linear,True,False,0.4,0.3,0.3,0,GA,random,11,0.3333333333333333,E4,10.62,62.6,36,0.747682,86.8718,11.9029,0.0,0,8.5948,1.4107,77.566,0.0,25.5,4840,4.4368,2.55
google,1000,10,linear,True,False,0.4,0.3,0.3,0,GA,random,12,0.3333333333333333,E4,10.62,62.6,36,0.740726,86.994,12.7225,0.0,0,8.4948,1.4031,78.645,0.0,25.5,4840,4.4772,2.63
google,1000,10,linear,True,False,0.4,0.3,0.3,0,GA,random,13,0.3333333333333333,E4,10.62,62.6,36,0.742078,86.9702,12.5633,0.0,0,8.5448,1.4058,77.131,0.0,25.5,4840,4.4918,2.52
google,1000,10,linear,True,False,0.4,0.3,0.3,0,GA,random,22,0.3333333333333333,E4,10.62,62.6,36,0.747874,86.8685,11.8803,0.0,0,8.5448,1.406,76.939,0.0,25.5,4840,4.4368,2.52
google,1000,10,linear,True,False,0.4,0.3,0.3,0,GA,random,23,0.3333333333333333,E4,10.62,62.6,36,0.740062,87.0056,12.8007,0.0,0,8.4948,1.3961,79.886,0.0,25.0,4840,4.5156,2.5
google,1000,10,linear,True,False,0.4,0.3,0.3,0,GA,random,24,0.3333333333333333,E4,10.62,62.6,36,0.747265,86.8792,11.9521,0.0,0,8.5948,1.4119,77.154,0.0,25.5,4840,4.4457,2.5
google,1000,10,linear,True,False,0.4,0.3,0.3,0,GA,random,25,0.3333333333333333,E4,10.62,62.6,36,0.744141,86.934,12.3202,0.0,0,8.5448,1.4036,76.724,0.0,25.5,4840,4.3923,2.61
google,1000,10,linear,True,False,0.4,0.3,0.3,0,GA,random,26,0.3333333333333333,E4,10.62,62.6,36,0.74348,86.9456,12.398,0.0,0,8.5448,1.4058,77.427,0.0,25.5,4840,4.524,2.66
google,1000,10,linear,True,False,0.4,0.3,0.3,0,GA,random,27,0.3333333333333333,E4,10.62,62.6,36,0.745258,86.9144,12.1885,0.0,0,8.5948,1.4157,77.81,0.0,25.5,4840,4.4103,2.51
google,1000,10,linear,True,False,0.4,0.3,0.3,0,GA,random,28,0.3333333333333333,E4,10.62,62.6,36,0.738279,87.0369,13.0109,0.0,0,8.4948,1.403,78.951,0.0,25.0,4840,4.4616,2.6
google,1000,10,linear,True,False,0.4,0.3,0.3,0,GA,random,29,0.3333333333333333,E4,10.62,62.6,36,0.736002,87.0769,13.2792,0.0,0,8.4448,1.3923,79.683,0.0,25.0,4840,4.4858,2.42
google,1000,20,linear,True,False,0.4,0.3,0.3,0,WOA,random,7,0.3333333333333333,E4,10.62,62.6,36,0.774837,86.395,8.7034,0.0,0,8.8448,1.4669,71.096,0.0,28.0,4840,2.5559,1.85
google,1000,20,linear,True,False,0.4,0.3,0.3,0,WOA,random,8,0.3333333333333333,E4,10.62,62.6,36,0.769849,86.4826,9.2911,0.0,0,8.8948,1.4734,70.868,0.0,28.0,4840,2.5685,1.89
google,1000,20,linear,True,False,0.4,0.3,0.3,0,WOA,random,9,0.3333333333333333,E4,10.62,62.6,36,0.772501,86.436,8.9785,0.0,0,8.7948,1.456,73.259,0.0,26.0,4840,2.5938,1.84
google,1000,20,linear,True,False,0.4,0.3,0.3,0,WOA,random,10,0.3333333333333333,E4,10.62,62.6,36,0.775661,86.3806,8.6062,0.0,0,8.8448,1.4537,71.716,0.0,28.0,4840,2.6071,1.66
google,1000,20,linear,True,False,0.4,0.3,0.3,0,WOA,random,11,0.3333333333333333,E4,10.62,62.6,36,0.769033,86.4969,9.3872,0.0,0,8.9448,1.4694,67.82,0.0,27.0,4840,2.599,1.96
google,1000,20,linear,True,False,0.4,0.3,0.3,0,WOA,random,12,0.3333333333333333,E4,10.62,62.6,36,0.763971,86.5858,9.9836,0.0,0,8.7448,1.4399,72.246,0.0,26.5,4840,2.5696,1.83
google,1000,20,linear,True,False,0.4,0.3,0.3,0,WOA,random,13,0.3333333333333333,E4,10.62,62.6,36,0.761845,86.6232,10.2342,0.0,0,8.7448,1.4382,74.643,0.0,27.0,4840,2.5867,1.8
google,1000,20,linear,True,False,0.4,0.3,0.3,0,WOA,random,14,0.3333333333333333,E4,10.62,62.6,36,0.767114,86.5306,9.6134,0.0,0,8.6948,1.4343,75.159,0.0,27.5,4840,2.5785,1.67
google,1000,20,linear,True,False,0.4,0.3,0.3,0,WOA,random,15,0.3333333333333333,E4,10.62,62.6,36,0.768133,86.5128,9.4932,0.0,0,8.8448,1.4532,70.664,0.0,27.5,4840,2.5946,1.75
google,1000,20,linear,True,False,0.4,0.3,0.3,0,WOA,random,16,0.3333333333333333,E4,10.62,62.6,36,0.758105,86.6888,10.6748,0.0,0,8.7448,1.4384,73.392,0.0,28.0,4840,2.5994,1.91
google,1000,20,linear,True,False,0.4,0.3,0.3,0,WOA,random,17,0.3333333333333333,E4,10.62,62.6,36,0.756283,86.7208,10.8895,0.0,0,8.7448,1.4371,74.205,0.0,27.5,4840,2.5779,1.88
google,1000,20,linear,True,False,0.4,0.3,0.3,0,WOA,random,18,0.3333333333333333,E4,10.62,62.6,36,0.764748,86.5722,9.8921,0.0,0,8.7948,1.4509,71.376,0.0,26.5,4840,2.6106,1.77
google,1000,20,linear,True,False,0.4,0.3,0.3,0,WOA,random,19,0.3333333333333333,E4,10.62,62.6,36,0.75084,86.8164,11.5308,0.0,0,8.7448,1.4418,72.541,0.0,26.5,4840,2.5996,1.81
google,1000,20,linear,True,False,0.4,0.3,0.3,0,WOA,random,20,0.3333333333333333,E4,10.62,62.6,36,0.763167,86.6,10.0784,0.0,0,8.7448,1.4504,74.0,0.0,27.0,4840,2.5836,1.72
google,1000,20,linear,True,False,0.4,0.3,0.3,0,WOA,random,21,0.3333333333333333,E4,10.62,62.6,36,0.769541,86.488,9.3273,0.0,0,8.8448,1.4636,71.482,0.0,28.5,4840,2.5722,1.73
google,1000,20,linear,True,False,0.4,0.3,0.3,0,WOA,random,22,0.3333333333333333,E4,10.62,62.6,36,0.772503,86.436,8.9783,0.0,0,8.7448,1.4405,73.795,0.0,27.0,4840,2.6015,1.73
google,1000,20,linear,True,False,0.4,0.3,0.3,0,WOA,random,23,0.3333333333333333,E4,10.62,62.6,36,0.760655,86.644,10.3743,0.0,0,8.7448,1.4498,73.272,0.0,27.0,4840,2.6121,1.75
google,1000,20,linear,True,False,0.4,0.3,0.3,0,WOA,random,24,0.3333333333333333,E4,10.62,62.6,36,0.762312,86.615,10.1792,0.0,0,8.7948,1.4594,72.095,0.0,27.0,4840,2.6154,1.71
google,1000,20,linear,True,False,0.4,0.3,0.3,0,WOA,random,25,0.3333333333333333,E4,10.62,62.6,36,0.763961,86.586,9.9848,0.0,0,8.7448,1.4452,72.871,0.0,27.0,4840,2.5948,1.67
google,1000,20,linear,True,False,0.4,0.3,0.3,0,WOA,random,26,0.3333333333333333,E4,10.62,62.6,36,0.761408,86.6308,10.2856,0.0,0,8.8948,1.4592,69.438,0.0,28.0,4840,2.5778,1.85
google,1000,20,linear,True,False,0.4,0.3,0.3,0,WOA,random,27,0.3333333333333333,E4,10.62,62.6,36,0.768475,86.5067,9.453,0.0,0,8.8448,1.4647,72.018,0.0,28.0,4840,2.5673,1.77
google,1000,20,linear,True,False,0.4,0.3,0.3,0,WOA,random,28,0.3333333333333333,E4,10.62,62.6,36,0.764325,86.5796,9.942,0.0,0,8.7448,1.4349,72.733,0.0,27.5,4840,2.5825,1.79
google,1000,20,linear,True,False,0.4,0.3,0.3,0,WOA,random,29,0.3333333333333333,E4,10.62,62.6,36,0.767448,86.5248,9.5739,0.0,0,8.7448,1.4411,72.526,0.0,26.5,4840,2.5657,1.73
google,1000,20,linear,True,False,0.4,0.3,0.3,0,WOA,random,30,0.3333333333333333,E4,10.62,62.6,36,0.756659,86.7142,10.8452,0.0,0,8.7448,1.448,72.741,0.0,27.0,4840,2.5776,1.79
google,1000,20,linear,True,False,0.4,0.3,0.3,0,PSO,random,3,0.3333333333333333,E4,10.62,62.6,36,0.770069,86.4788,9.2651,0.0,0,8.7448,1.4382,72.563,0.0,26.5,4840,2.6928,2.91
google,1000,20,linear,True,False,0.4,0.3,0.3,0,PSO,random,4,0.3333333333333333,E4,10.62,62.6,36,0.751093,86.8119,11.501,0.0,0,8.6448,1.4231,76.21,0.0,25.0,4840,2.6436,3.0
google,1000,20,linear,True,False,0.4,0.3,0.3,0,PSO,random,5,0.3333333333333333,E4,10.62,62.6,36,0.760647,86.6442,10.3753,0.0,0,8.6948,1.4352,74.531,0.0,26.0,4840,2.6472,2.88
google,1000,20,linear,True,False,0.4,0.3,0.3,0,PSO,random,6,0.3333333333333333,E4,10.62,62.6,36,0.764956,86.5685,9.8675,0.0,0,8.6948,1.4336,74.568,0.0,25.5,4840,2.651,2.92
google,1000,20,linear,True,False,0.4,0.3,0.3,0,PSO,random,7,0.3333333333333333,E4,10.62,62.6,36,0.766897,86.5344,9.6388,0.0,0,8.6948,1.4302,74.507,0.0,26.5,4840,2.6636,2.88
google,1000,20,linear,True,False,0.4,0.3,0.3,0,PSO,random,8,0.3333333333333333,E4,10.62,62.6,36,0.75432,86.7553,11.1208,0.0,0,8.5948,1.4153,76.706,0.0,25.0,4840,2.6448,3.02
google,1000,20,linear,True,False,0.4,0.3,0.3,0,PSO,random,9,0.3333333333333333,E4,10.62,62.6,36,0.760036,86.6549,10.4473,0.0,0,8.6448,1.4249,75.91,0.0,25.5,4840,2.6531,2.98
google,1000,20,linear,True,False,0.4,0.3,0.3,0,PSO,random,10,0.3333333333333333,E4,10.62,62.6,36,0.754298,86.7557,11.1233,0.0,0,8.6448,1.4266,75.634,0.0,25.5,4840,2.6551,2.93
google,1000,20,linear,True,False,0.4,0.3,0.3,0,GWO,random,1,0.3333333333333333,E4,10.62,62.6,36,0.763703,86.5905,10.0152,0.0,0,8.6948,1.4302,74.238,0.0,25.5,4840,3.0972,1.71
google,1000,20,linear,True,False,0.4,0.3,0.3,0,GWO,random,2,0.3333333333333333,E4,10.62,62.6,36,0.768156,86.5123,9.4905,0.0,0,8.7448,1.4371,74.437,0.0,25.0,4840,3.0836,1.73
google,1000,20,linear,True,False,0.4,0.3,0.3,0,GWO,random,3,0.3333333333333333,E4,10.62,62.6,36,0.764174,86.5823,9.9597,0.0,0,8.7448,1.4463,74.909,0.0,25.5,4840,3.0529,1.69
google,1000,20,linear,True,False,0.4,0.3,0.3,0,GWO,random,4,0.3333333333333333,E4,10.62,62.6,36,0.763547,86.5933,10.0336,0.0,0,8.6948,1.4313,75.673,0.0,25.5,4840,3.0499,1.75
google,1000,20,linear,True,False,0.4,0.3,0.3,0,GWO,random,5,0.3333333333333333,E4,10.62,62.6,36,0.755315,86.7378,11.0036,0.0,0,8.6948,1.4302,75.232,0.0,25.0,4840,3.0625,1.93
google,1000,20,linear,True,False,0.4,0.3,0.3,0,GWO,random,6,0.3333333333333333,E4,10.62,62.6,36,0.763594,86.5924,10.0281,0.0,0,8.6948,1.4313,75.124,0.0,25.0,4840,3.0576,1.89
google,1000,20,linear,True,False,0.4,0.3,0.3,0,GWO,random,7,0.3333333333333333,E4,10.62,62.6,36,0.764311,86.5799,9.9436,0.0,0,8.6948,1.4369,76.436,0.0,25.5,4840,3.0513,1.69
google,1000,20,linear,True,False,0.4,0.3,0.3,0,GWO,random,8,0.3333333333333333,E4,10.62,62.6,36,0.75166,86.802,11.4342,0.0,0,8.5448,1.4143,77.507,0.0,25.5,4840,3.0604,1.84
google,1000,20,linear,True,False,0.4,0.3,0.3,0,GWO,random,9,0.3333333333333333,E4,10.62,62.6,36,0.75464,86.7497,11.0831,0.0,0,8.5948,1.4126,75.666,0.0,25.5,4840,3.1322,1.99
google,1000,20,linear,True,False,0.4,0.3,0.3,0,GWO,random,10,0.3333333333333333,E4,10.62,62.6,36,0.765661,86.5562,9.7846,0.0,0,8.6448,1.4192,74.545,0.0,25.5,4840,3.0918,1.74
google,1000,20,linear,True,False,0.4,0.3,0.3,0,GWO,random,11,0.3333333333333333,E4,10.62,62.6,36,0.754285,86.7559,11.1249,0.0,0,8.6448,1.4238,76.463,0.0,25.0,4840,3.0889,1.73
google,1000,20,linear,True,False,0.4,0.3,0.3,0,GWO,random,12,0.3333333333333333,E4,10.62,62.6,36,0.757319,86.7026,10.7674,0.0,0,8.6948,1.4244,75.208,0.0,25.0,4840,3.0777,1.73
google,1000,20,linear,True,False,0.4,0.3,0.3,0,GWO,random,13,0.3333333333333333,E4,10.62,62.6,36,0.767791,86.5188,9.5336,0.0,0,8.7448,1.4452,73.021,0.0,27.5,4840,3.0811,1.68
google,1000,20,linear,True,False,0.4,0.3,0.3,0,GWO,random,14,0.3333333333333333,E4,10.62,62.6,36,0.754653,86.7494,11.0816,0.0,0,8.6448,1.4223,75.622,0.0,25.0,4840,3.0823,1.84
google,1000,20,linear,True,False,0.4,0.3,0.3,0,GWO,random,15,0.3333333333333333,E4,10.62,62.6,36,0.757225,86.7043,10.7785,0.0,0,8.6448,1.4216,75.667,0.0,25.5,4840,3.0793,1.81
google,1000,20,linear,True,False,0.4,0.3,0.3,0,GWO,random,16,0.3333333333333333,E4,10.62,62.6,36,0.745698,86.9067,12.1367,0.0,0,8.5448,1.4081,77.798,0.0,25.0,4840,3.0844,1.92
google,1000,20,linear,True,False,0.4,0.3,0.3,0,PSO,random,27,0.3333333333333333,E4,10.62,62.6,36,0.760678,86.6436,10.3716,0.0,0,8.6948,1.4366,73.908,0.0,26.5,4840,2.6656,2.81
google,1000,20,linear,True,False,0.4,0.3,0.3,0,PSO,random,28,0.3333333333333333,E4,10.62,62.6,36,0.757402,86.7012,10.7576,0.0,0,8.6448,1.4211,75.573,0.0,26.0,4840,2.6569,2.86
google,1000,20,linear,True,False,0.4,0.3,0.3,0,PSO,random,29,0.3333333333333333,E4,10.62,62.6,36,0.760122,86.6534,10.4371,0.0,0,8.6448,1.4272,75.171,0.0,27.5,4840,2.6513,2.98
google,1000,20,linear,True,False,0.4,0.3,0.3,0,PSO,random,30,0.3333333333333333,E4,10.62,62.6,36,0.758751,86.6775,10.5986,0.0,0,8.6448,1.421,75.025,0.0,25.5,4840,2.6598,2.92
google,1000,20,linear,True,False,0.4,0.3,0.3,0,DE,random,1,0.3333333333333333,E4,10.62,62.6,36,0.744459,86.9284,12.2827,0.0,0,8.4948,1.4024,78.752,0.0,25.5,4840,2.5653,2.13
google,1000,20,linear,True,False,0.4,0.3,0.3,0,DE,random,2,0.3333333333333333,E4,10.62,62.6,36,0.748148,86.8637,11.848,0.0,0,8.5448,1.4089,77.363,0.0,25.5,4840,2.5562,2.0
google,1000,20,linear,True,False,0.4,0.3,0.3,0,DE,random,3,0.3333333333333333,E4,10.62,62.6,36,0.743015,86.9538,12.4529,0.0,0,8.4948,1.4051,77.462,0.0,25.5,4840,2.5735,1.98
google,1000,20,linear,True,False,0.4,0.3,0.3,0,DE,random,4,0.3333333333333333,E4,10.62,62.6,36,0.746763,86.888,12.0113,0.0,0,8.5948,1.4169,76.386,0.0,25.5,4840,2.5828,1.87
google,1000,20,linear,True,False,0.4,0.3,0.3,0,DE,random,5,0.3333333333333333,E4,10.62,62.6,36,0.746679,86.8894,12.0211,0.0,0,8.5448,1.406,76.886,0.0,25.5,4840,2.587,2.21
google,1000,20,linear,True,False,0.4,0.3,0.3,0,DE,random,6,0.3333333333333333,E4,10.62,62.6,36,0.749472,86.8404,11.692,0.0,0,8.5948,1.4157,76.359,0.0,25.5,4840,2.5817,1.89
google,1000,20,linear,True,False,0.4,0.3,0.3,0,DE,random,7,0.3333333333333333,E4,10.62,62.6,36,0.74772,86.8712,11.8984,0.0,0,8.5948,1.4141,76.976,0.0,25.5,4840,2.5649,1.96
google,1000,20,linear,True,False,0.4,0.3,0.3,0,DE,random,8,0.3333333333333333,E4,10.62,62.6,36,0.745433,86.9113,12.1679,0.0,0,8.5448,1.4088,77.765,0.0,25.5,4840,2.5749,1.93
google,1000,20,linear,True,False,0.4,0.3,0.3,0,DE,random,9,0.3333333333333333,E4,10.62,62.6,36,0.747426,86.8763,11.9331,0.0,0,8.5448,1.4127,77.553,0.0,25.5,4840,2.5721,2.09
google,1000,20,linear,True,False,0.4,0.3,0.3,0,DE,random,10,0.3333333333333333,E4,10.62,62.6,36,0.742656,86.9601,12.4951,0.0,0,8.4948,1.3979,78.307,0.0,25.5,4840,2.5705,2.09
google,1000,20,linear,True,False,0.4,0.3,0.3,0,DE,random,11,0.3333333333333333,E4,10.62,62.6,36,0.740699,86.9945,12.7257,0.0,0,8.4448,1.3887,79.635,0.0,26.0,4840,2.573,2.28
google,1000,20,linear,True,False,0.4,0.3,0.3,0,DE,random,12,0.3333333333333333,E4,10.62,62.6,36,0.743544,86.9445,12.3905,0.0,0,8.5448,1.4087,78.063,0.0,25.5,4840,2.5799,2.02
google,1000,20,linear,True,False,0.4,0.3,0.3,0,PSO,random,19,0.3333333333333333,E4,10.62,62.6,36,0.762096,86.6187,10.2046,0.0,0,8.6448,1.4245,74.93,0.0,26.5,4840,2.6522,2.82
google,1000,20,linear,True,False,0.4,0.3,0.3,0,PSO,random,20,0.3333333333333333,E4,10.62,62.6,36,0.755267,86.7387,11.0092,0.0,0,8.6448,1.4261,75.705,0.0,26.5,4840,2.6483,2.92
google,1000,20,linear,True,False,0.4,0.3,0.3,0,PSO,random,21,0.3333333333333333,E4,10.62,62.6,36,0.759007,86.673,10.5685,0.0,0,8.6948,1.4324,75.103,0.0,25.5,4840,2.6453,2.86
google,1000,20,linear,True,False,0.4,0.3,0.3,0,PSO,random,22,0.3333333333333333,E4,10.62,62.6,36,0.752367,86.7896,11.3509,0.0,0,8.5948,1.4152,76.649,0.0,25.5,4840,2.6536,2.97
google,1000,20,linear,True,False,0.4,0.3,0.3,0,PSO,random,23,0.3333333333333333,E4,10.62,62.6,36,0.754898,86.7451,11.0527,0.0,0,8.5948,1.4141,75.35,0.0,25.5,4840,2.6539,2.93
google,1000,20,linear,True,False,0.4,0.3,0.3,0,PSO,random,24,0.3333333333333333,E4,10.62,62.6,36,0.744621,86.9256,12.2635,0.0,0,8.5448,1.4094,77.209,0.0,25.0,4840,2.6536,3.26
google,1000,20,linear,True,False,0.4,0.3,0.3,0,PSO,random,25,0.3333333333333333,E4,10.62,62.6,36,0.75868,86.6787,10.6071,0.0,0,8.6448,1.4284,75.742,0.0,25.5,4840,2.656,2.99
google,1000,20,linear,True,False,0.4,0.3,0.3,0,PSO,random,26,0.3333333333333333,E4,10.62,62.6,36,0.763487,86.5943,10.0406,0.0,0,8.7448,1.4381,72.474,0.0,26.5,4840,2.6599,2.99
google,1000,20,linear,True,False,0.4,0.3,0.3,0,PSO,random,11,0.3333333333333333,E4,10.62,62.6,36,0.757448,86.7004,10.7522,0.0,0,8.6448,1.4248,76.338,0.0,25.0,4840,2.6551,3.02
google,1000,20,linear,True,False,0.4,0.3,0.3,0,PSO,random,12,0.3333333333333333,E4,10.62,62.6,36,0.767219,86.5288,9.601,0.0,0,8.7448,1.4388,74.237,0.0,26.5,4840,2.6572,2.98
google,1000,20,linear,True,False,0.4,0.3,0.3,0,PSO,random,13,0.3333333333333333,E4,10.62,62.6,36,0.760959,86.6387,10.3385,0.0,0,8.6948,1.4296,74.105,0.0,26.5,4840,2.6479,2.86
google,1000,20,linear,True,False,0.4,0.3,0.3,0,PSO,random,14,0.3333333333333333,E4,10.62,62.6,36,0.766135,86.5478,9.7287,0.0,0,8.6948,1.4303,73.906,0.0,27.0,4840,2.6639,2.8
google,1000,20,linear,True,False,0.4,0.3,0.3,0,PSO,random,15,0.3333333333333333,E4,10.62,62.6,36,0.761823,86.6235,10.2368,0.0,0,8.6448,1.4214,75.294,0.0,27.0,4840,2.6621,2.83
google,1000,20,linear,True,False,0.4,0.3,0.3,0,PSO,random,16,0.3333333333333333,E4,10.62,62.6,36,0.751863,86.7984,11.4103,0.0,0,8.5948,1.4118,75.954,0.0,27.0,4840,2.68,3.2
google,1000,20,linear,True,False,0.4,0.3,0.3,0,PSO,random,17,0.3333333333333333,E4,10.62,62.6,36,0.766273,86.5454,9.7124,0.0,0,8.7448,1.4392,73.585,0.0,27.0,4840,2.6636,2.88
google,1000,20,linear,True,False,0.4,0.3,0.3,0,PSO,random,18,0.3333333333333333,E4,10.62,62.6,36,0.753095,86.7768,11.2652,0.0,0,8.6448,1.4239,75.719,0.0,25.5,4840,2.6774,2.87
google,1000,20,linear,True,False,0.4,0.3,0.3,0,GWO,random,17,0.3333333333333333,E4,10.62,62.6,36,0.761377,86.6314,10.2892,0.0,0,8.7448,1.4371,75.559,0.0,25.5,4840,3.1119,1.63
google,1000,20,linear,True,False,0.4,0.3,0.3,0,GWO,random,18,0.3333333333333333,E4,10.62,62.6,36,0.760412,86.6483,10.403,0.0,0,8.6948,1.4298,75.458,0.0,25.5,4840,3.0672,1.67
google,1000,20,linear,True,False,0.4,0.3,0.3,0,GWO,random,19,0.3333333333333333,E4,10.62,62.6,36,0.741253,86.9847,12.6605,0.0,0,8.4948,1.3955,79.124,0.0,24.5,4840,3.0546,1.92
google,1000,20,linear,True,False,0.4,0.3,0.3,0,GWO,random,20,0.3333333333333333,E4,10.62,62.6,36,0.765708,86.5553,9.779,0.0,0,8.7448,1.4463,74.227,0.0,25.5,4840,3.055,1.67
google,1000,20,linear,True,False,0.4,0.3,0.3,0,GWO,random,21,0.3333333333333333,E4,10.62,62.6,36,0.757569,86.6982,10.738,0.0,0,8.6948,1.4312,76.493,0.0,25.0,4840,3.072,1.71
google,1000,20,linear,True,False,0.4,0.3,0.3,0,GWO,random,22,0.3333333333333333,E4,10.62,62.6,36,0.75363,86.7674,11.2021,0.0,0,8.6448,1.4204,75.166,0.0,25.5,4840,3.0709,1.86
google,1000,20,linear,True,False,0.4,0.3,0.3,0,GWO,random,23,0.3333333333333333,E4,10.62,62.6,36,0.758986,86.6734,10.571,0.0,0,8.6948,1.4291,74.937,0.0,25.5,4840,3.0674,1.67
google,1000,20,linear,True,False,0.4,0.3,0.3,0,GWO,random,24,0.3333333333333333,E4,10.62,62.6,36,0.764394,86.5784,9.9338,0.0,0,8.7448,1.4406,74.324,0.0,25.5,4840,3.0738,1.74
google,1000,20,linear,True,False,0.4,0.3,0.3,0,GWO,random,25,0.3333333333333333,E4,10.62,62.6,36,0.763468,86.5947,10.0429,0.0,0,8.7448,1.4358,73.379,0.0,25.5,4840,3.0942,1.65
google,1000,20,linear,True,False,0.4,0.3,0.3,0,GWO,random,26,0.3333333333333333,E4,10.62,62.6,36,0.761883,86.6225,10.2297,0.0,0,8.6948,1.4351,74.97,0.0,25.5,4840,3.0737,1.7
google,1000,20,linear,True,False,0.4,0.3,0.3,0,GWO,random,27,0.3333333333333333,E4,10.62,62.6,36,0.756258,86.7212,10.8924,0.0,0,8.5948,1.4167,76.007,0.0,25.5,4840,3.058,1.77
google,1000,20,linear,True,False,0.4,0.3,0.3,0,GWO,random,28,0.3333333333333333,E4,10.62,62.6,36,0.758649,86.6793,10.6108,0.0,0,8.6448,1.4221,75.5,0.0,26.5,4840,3.0688,1.91
google,1000,20,linear,True,False,0.4,0.3,0.3,0,GWO,random,29,0.3333333333333333,E4,10.62,62.6,36,0.761587,86.6277,10.2646,0.0,0,8.6948,1.4341,75.921,0.0,25.0,4840,3.0722,1.77
google,1000,20,linear,True,False,0.4,0.3,0.3,0,GWO,random,30,0.3333333333333333,E4,10.62,62.6,36,0.756642,86.7145,10.8472,0.0,0,8.6948,1.4313,74.57,0.0,25.5,4840,3.0746,1.77
google,1000,20,linear,True,False,0.4,0.3,0.3,0,PSO,random,1,0.3333333333333333,E4,10.62,62.6,36,0.755694,86.7312,10.9588,0.0,0,8.6448,1.4266,75.676,0.0,25.0,4840,2.662,2.92
google,1000,20,linear,True,False,0.4,0.3,0.3,0,PSO,random,2,0.3333333333333333,E4,10.62,62.6,36,0.752872,86.7807,11.2914,0.0,0,8.5948,1.4197,76.064,0.0,25.5,4840,2.6728,3.09
google,1000,20,linear,True,False,0.4,0.3,0.3,0,DE,random,13,0.3333333333333333,E4,10.62,62.6,36,0.743973,86.937,12.3399,0.0,0,8.5448,1.4026,77.175,0.0,25.5,4840,2.5804,2.04
google,1000,20,linear,True,False,0.4,0.3,0.3,0,DE,random,14,0.3333333333333333,E4,10.62,62.6,36,0.739783,87.0105,12.8336,0.0,0,8.4948,1.3999,78.675,0.0,25.5,4840,2.5745,1.95
google,1000,20,linear,True,False,0.4,0.3,0.3,0,DE,random,15,0.3333333333333333,E4,10.62,62.6,36,0.751366,86.8072,11.4689,0.0,0,8.5448,1.4095,77.469,0.0,26.0,4840,2.5718,1.91
google,1000,20,linear,True,False,0.4,0.3,0.3,0,DE,random,16,0.3333333333333333,E4,10.62,62.6,36,0.738701,87.0295,12.9611,0.0,0,8.4948,1.4019,79.339,0.0,25.0,4840,2.5757,2.15
google,1000,20,linear,True,False,0.4,0.3,0.3,0,DE,random,17,0.3333333333333333,E4,10.62,62.6,36,0.745519,86.9098,12.1578,0.0,0,8.4948,1.4019,78.605,0.0,25.0,4840,2.5761,1.96
google,1000,20,linear,True,False,0.4,0.3,0.3,0,DE,random,18,0.3333333333333333,E4,10.62,62.6,36,0.752804,86.7819,11.2994,0.0,0,8.6448,1.4249,75.953,0.0,26.0,4840,2.5686,1.93
google,1000,20,linear,True,False,0.4,0.3,0.3,0,DE,random,19,0.3333333333333333,E4,10.62,62.6,36,0.747383,86.8771,11.9382,0.0,0,8.5448,1.4077,77.135,0.0,25.5,4840,2.5265,1.99
google,1000,20,linear,True,False,0.4,0.3,0.3,0,DE,random,20,0.3333333333333333,E4,10.62,62.6,36,0.743037,86.9534,12.4502,0.0,0,8.5448,1.4081,78.026,0.0,25.5,4840,2.5278,1.89
google,1000,20,linear,True,False,0.4,0.3,0.3,0,DE,random,21,0.3333333333333333,E4,10.62,62.6,36,0.744263,86.9319,12.3057,0.0,0,8.5448,1.4054,77.946,0.0,25.0,4840,2.5963,2.36
google,1000,20,linear,True,False,0.4,0.3,0.3,0,DE,random,22,0.3333333333333333,E4,10.62,62.6,36,0.748579,86.8561,11.7973,0.0,0,8.5948,1.4135,77.066,0.0,25.0,4840,2.5859,1.92
google,1000,20,linear,True,False,0.4,0.3,0.3,0,DE,random,23,0.3333333333333333,E4,10.62,62.6,36,0.746099,86.8996,12.0895,0.0,0,8.5948,1.4104,76.934,0.0,25.5,4840,2.5871,1.83
google,1000,20,linear,True,False,0.4,0.3,0.3,0,DE,random,24,0.3333333333333333,E4,10.62,62.6,36,0.746977,86.8842,11.986,0.0,0,8.5448,1.4082,77.18,0.0,26.0,4840,2.599,2.32
google,1000,20,linear,True,False,0.4,0.3,0.3,0,DE,random,25,0.3333333333333333,E4,10.62,62.6,36,0.740092,87.0051,12.7973,0.0,0,8.4448,1.3923,79.425,0.0,25.5,4840,2.5911,1.99
google,1000,20,linear,True,False,0.4,0.3,0.3,0,DE,random,26,0.3333333333333333,E4,10.62,62.6,36,0.736199,87.0735,13.2559,0.0,0,8.3948,1.3874,81.284,0.0,25.0,4840,2.5595,2.04
google,1000,20,linear,True,False,0.4,0.3,0.3,0,DE,random,27,0.3333333333333333,E4,10.62,62.6,36,0.744711,86.924,12.253,0.0,0,8.5448,1.4077,77.845,0.0,25.5,4840,2.5491,2.16
google,1000,20,linear,True,False,0.4,0.3,0.3,0,DE,random,28,0.3333333333333333,E4,10.62,62.6,36,0.738855,87.0268,12.943,0.0,0,8.4448,1.3972,80.009,0.0,25.0,4840,2.54,2.09
google,1000,20,linear,True,False,0.4,0.3,0.3,0,WOA,carbon,3,0.3333333333333333,E4,10.62,62.6,36,0.640552,88.7529,24.5257,0.0,0,8.4948,1.37,63.326,0.0,26.0,4840,2.5304,1.73
google,1000,20,linear,True,False,0.4,0.3,0.3,0,WOA,carbon,4,0.3333333333333333,E4,10.62,62.6,36,0.647199,88.6362,23.7425,0.0,0,8.5948,1.385,60.869,0.0,26.0,4840,2.5207,1.65
google,1000,20,linear,True,False,0.4,0.3,0.3,0,WOA,carbon,5,0.3333333333333333,E4,10.62,62.6,36,0.642464,88.7193,24.3005,0.0,0,8.5448,1.3775,61.986,0.0,26.0,4840,2.5144,1.77
google,1000,20,linear,True,False,0.4,0.3,0.3,0,WOA,carbon,6,0.3333333333333333,E4,10.62,62.6,36,0.641699,88.7327,24.3905,0.0,0,8.4948,1.37,66.601,0.0,25.5,4840,2.5,1.63
google,1000,20,linear,True,False,0.4,0.3,0.3,0,WOA,carbon,7,0.3333333333333333,E4,10.62,62.6,36,0.647509,88.6307,23.706,0.0,0,8.6448,1.3925,59.386,0.0,26.0,4840,2.5169,1.67
google,1000,20,linear,True,False,0.4,0.3,0.3,0,WOA,carbon,8,0.3333333333333333,E4,10.62,62.6,36,0.644726,88.6796,24.034,0.0,0,8.5448,1.3775,61.637,0.0,26.0,4840,2.5128,1.67
google,1000,20,linear,True,False,0.4,0.3,0.3,0,WOA,carbon,9,0.3333333333333333,E4,10.62,62.6,36,0.641929,88.7287,24.3634,0.0,0,8.4948,1.37,66.431,0.0,26.0,4840,2.5368,1.73
google,1000,20,linear,True,False,0.4,0.3,0.3,0,WOA,carbon,10,0.3333333333333333,E4,10.62,62.6,36,0.646185,88.654,23.862,0.0,0,8.5948,1.385,60.377,0.0,26.0,4840,2.5403,1.65
google,1000,20,linear,True,False,0.4,0.3,0.3,0,WOA,carbon,11,0.3333333333333333,E4,10.62,62.6,36,0.64068,88.7506,24.5106,0.0,0,8.4948,1.37,64.276,0.0,25.5,4840,2.5414,1.74
google,1000,20,linear,True,False,0.4,0.3,0.3,0,WOA,carbon,12,0.3333333333333333,E4,10.62,62.6,36,0.641262,88.7404,24.442,0.0,0,8.4948,1.37,64.769,0.0,26.0,4840,2.5183,1.73
google,1000,20,linear,True,False,0.4,0.3,0.3,0,WOA,carbon,13,0.3333333333333333,E4,10.62,62.6,36,0.642404,88.7204,24.3075,0.0,0,8.5448,1.3775,61.765,0.0,26.0,4840,2.5403,1.75
google,1000,20,linear,True,False,0.4,0.3,0.3,0,WOA,carbon,14,0.3333333333333333,E4,10.62,62.6,36,0.641897,88.7293,24.3673,0.0,0,8.4948,1.37,66.946,0.0,25.5,4840,2.5268,1.71
google,1000,20,linear,True,False,0.4,0.3,0.3,0,WOA,carbon,15,0.3333333333333333,E4,10.62,62.6,36,0.647074,88.6384,23.7572,0.0,0,8.5448,1.3775,62.76,0.0,26.0,4840,2.5234,1.67
google,1000,20,linear,True,False,0.4,0.3,0.3,0,WOA,carbon,16,0.3333333333333333,E4,10.62,62.6,36,0.64725,88.6353,23.7365,0.0,0,8.5948,1.385,61.217,0.0,26.0,4840,2.5187,1.67
google,1000,20,linear,True,False,0.4,0.3,0.3,0,WOA,carbon,17,0.3333333333333333,E4,10.62,62.6,36,0.647373,88.6331,23.7221,0.0,0,8.5448,1.3775,63.37,0.0,26.0,4840,2.5359,1.74
google,1000,20,linear,True,False,0.4,0.3,0.3,0,WOA,carbon,18,0.3333333333333333,E4,10.62,62.6,36,0.641114,88.743,24.4595,0.0,0,8.4948,1.37,64.382,0.0,26.0,4840,2.5335,1.66
google,1000,20,linear,True,False,0.4,0.3,0.3,0,WOA,carbon,27,0.3333333333333333,E4,10.62,62.6,36,0.640068,88.7614,24.5827,0.0,0,8.4448,1.3625,67.329,0.0,25.5,4840,2.5267,1.77
google,1000,20,linear,True,False,0.4,0.3,0.3,0,WOA,carbon,28,0.3333333333333333,E4,10.62,62.6,36,0.646908,88.6413,23.7768,0.0,0,8.5448,1.3775,61.697,0.0,26.0,4840,2.5271,1.73
google,1000,20,linear,True,False,0.4,0.3,0.3,0,WOA,carbon,29,0.3333333333333333,E4,10.62,62.6,36,0.646849,88.6423,23.7837,0.0,0,8.5448,1.3775,62.262,0.0,26.0,4840,2.5281,1.63
google,1000,20,linear,True,False,0.4,0.3,0.3,0,WOA,carbon,30,0.3333333333333333,E4,10.62,62.6,36,0.642236,88.7233,24.3273,0.0,0,8.5448,1.3775,61.928,0.0,26.0,4840,2.5355,1.71
google,1500,10,linear,True,False,0.4,0.3,0.3,0,FIFO,-,0,0.3333333333333333,E4,16.49,95.45,39,8.616002,0.0,-611.9473,0.0,0,95.9591,15.66,5.308,8.9738,24.5,0,0.0,0.0
google,1500,10,linear,True,False,0.4,0.3,0.3,0,Consolidation,-,0,0.3333333333333333,E4,16.49,95.45,39,1.210202,85.954,0.0,0.0,0,13.3091,2.1675,55.842,8.9738,24.5,0,0.0,0.0
google,1500,10,linear,True,False,0.4,0.3,0.3,0,Greedy(EDF+greenest),-,0,0.3333333333333333,E4,16.49,95.45,39,0.953278,88.936,21.2299,0.0,0,12.7091,2.0322,64.21,24.6881,26.0,0,0.0002,0.0
google,1500,10,linear,True,False,0.4,0.3,0.3,0,WOA,random,1,0.3333333333333333,E4,16.49,95.45,39,1.134997,86.8269,6.2143,0.0,0,13.1591,2.1651,71.546,0.0,28.0,4840,3.4558,2.45
google,1000,20,linear,True,False,0.4,0.3,0.3,0,DE,random,29,0.3333333333333333,E4,10.62,62.6,36,0.74384,86.9393,12.3556,0.0,0,8.5448,1.407,77.772,0.0,25.5,4840,2.6,1.93
google,1000,20,linear,True,False,0.4,0.3,0.3,0,DE,random,30,0.3333333333333333,E4,10.62,62.6,36,0.747843,86.869,11.8839,0.0,0,8.5948,1.4117,77.212,0.0,25.5,4840,2.5903,2.07
google,1000,20,linear,True,False,0.4,0.3,0.3,0,HHO,random,1,0.3333333333333333,E4,10.62,62.6,36,0.767769,86.5191,9.5361,0.0,0,8.8448,1.4568,71.779,0.0,27.5,8858,3.9757,1.7
google,1000,20,linear,True,False,0.4,0.3,0.3,0,HHO,random,2,0.3333333333333333,E4,10.62,62.6,36,0.745728,86.9061,12.1331,0.0,0,8.6448,1.4223,72.719,0.0,27.0,8868,3.9327,1.94
google,1000,20,linear,True,False,0.4,0.3,0.3,0,HHO,random,3,0.3333333333333333,E4,10.62,62.6,36,0.771029,86.4619,9.152,0.0,0,8.7448,1.4394,73.083,0.0,27.5,8832,3.8924,1.99
google,1000,20,linear,True,False,0.4,0.3,0.3,0,HHO,random,4,0.3333333333333333,E4,10.62,62.6,36,0.75209,86.7944,11.3835,0.0,0,8.7448,1.4429,73.066,0.0,27.5,8906,3.9335,1.87
google,1000,20,linear,True,False,0.4,0.3,0.3,0,HHO,random,5,0.3333333333333333,E4,10.62,62.6,36,0.761653,86.6265,10.2567,0.0,0,8.7948,1.4589,70.693,0.0,26.5,8820,3.9103,1.74
google,1000,20,linear,True,False,0.4,0.3,0.3,0,HHO,random,6,0.3333333333333333,E4,10.62,62.6,36,0.76396,86.586,9.9849,0.0,0,8.6948,1.4371,73.826,0.0,26.0,8874,3.9361,1.86
google,1000,20,linear,True,False,0.4,0.3,0.3,0,WOA,carbon,19,0.3333333333333333,E4,10.62,62.6,36,0.642479,88.719,24.2987,0.0,0,8.5448,1.3775,61.946,0.0,26.0,4840,2.5039,1.76
google,1000,20,linear,True,False,0.4,0.3,0.3,0,WOA,carbon,20,0.3333333333333333,E4,10.62,62.6,36,0.644378,88.6857,24.0749,0.0,0,8.4948,1.37,66.112,0.0,26.0,4840,2.5261,1.66
google,1000,20,linear,True,False,0.4,0.3,0.3,0,WOA,carbon,21,0.3333333333333333,E4,10.62,62.6,36,0.64585,88.6599,23.9015,0.0,0,8.5948,1.385,60.383,0.0,26.0,4840,2.5189,1.76
google,1000,20,linear,True,False,0.4,0.3,0.3,0,WOA,carbon,22,0.3333333333333333,E4,10.62,62.6,36,0.652685,88.5398,23.0961,0.0,0,8.6448,1.3925,57.633,0.0,26.0,4840,2.5451,1.62
google,1000,20,linear,True,False,0.4,0.3,0.3,0,WOA,carbon,23,0.3333333333333333,E4,10.62,62.6,36,0.647871,88.6244,23.6634,0.0,0,8.5948,1.385,61.092,0.0,26.0,4840,2.521,1.73
google,1000,20,linear,True,False,0.4,0.3,0.3,0,WOA,carbon,24,0.3333333333333333,E4,10.62,62.6,36,0.643055,88.7089,24.2308,0.0,0,8.5448,1.3775,61.251,0.0,26.0,4840,2.527,1.77
google,1000,20,linear,True,False,0.4,0.3,0.3,0,WOA,carbon,25,0.3333333333333333,E4,10.62,62.6,36,0.642089,88.7259,24.3446,0.0,0,8.4948,1.37,66.095,0.0,26.0,4840,2.5679,1.67
google,1000,20,linear,True,False,0.4,0.3,0.3,0,WOA,carbon,26,0.3333333333333333,E4,10.62,62.6,36,0.641856,88.73,24.372,0.0,0,8.5448,1.3775,61.809,0.0,26.0,4840,2.5563,1.79
google,1000,20,linear,True,False,0.4,0.3,0.3,0,HHO,random,7,0.3333333333333333,E4,10.62,62.6,36,0.770008,86.4798,9.2724,0.0,0,8.6948,1.446,74.121,0.0,27.0,8938,3.994,1.76
google,1000,20,linear,True,False,0.4,0.3,0.3,0,HHO,random,8,0.3333333333333333,E4,10.62,62.6,36,0.76558,86.5576,9.7941,0.0,0,8.8448,1.4568,70.067,0.0,28.0,8902,3.9192,1.76
google,1000,20,linear,True,False,0.4,0.3,0.3,0,HHO,random,9,0.3333333333333333,E4,10.62,62.6,36,0.766868,86.535,9.6423,0.0,0,8.6948,1.441,74.723,0.0,26.0,8852,3.8684,1.89
google,1000,20,linear,True,False,0.4,0.3,0.3,0,HHO,random,10,0.3333333333333333,E4,10.62,62.6,36,0.754427,86.7534,11.1082,0.0,0,8.6448,1.4251,74.319,0.0,28.5,8918,3.9076,1.97
google,1000,20,linear,True,False,0.4,0.3,0.3,0,HHO,random,11,0.3333333333333333,E4,10.62,62.6,36,0.767948,86.516,9.515,0.0,0,8.7948,1.4495,71.132,0.0,27.0,8868,3.9021,1.79
google,1000,20,linear,True,False,0.4,0.3,0.3,0,HHO,random,12,0.3333333333333333,E4,10.62,62.6,36,0.767649,86.5212,9.5502,0.0,0,8.8448,1.4532,69.711,0.0,28.0,8920,3.9143,2.02
google,1000,20,linear,True,False,0.4,0.3,0.3,0,HHO,random,13,0.3333333333333333,E4,10.62,62.6,36,0.763503,86.594,10.0387,0.0,0,8.8948,1.4748,70.459,0.0,27.5,8898,3.9668,1.89
google,1000,20,linear,True,False,0.4,0.3,0.3,0,HHO,random,14,0.3333333333333333,E4,10.62,62.6,36,0.767176,86.5296,9.606,0.0,0,8.6948,1.4343,75.195,0.0,27.5,8978,3.9864,1.67
google,1000,20,linear,True,False,0.4,0.3,0.3,0,HHO,random,15,0.3333333333333333,E4,10.62,62.6,36,0.748995,86.8488,11.7482,0.0,0,8.6948,1.4285,73.736,0.0,27.0,9022,4.005,1.98
google,1000,20,linear,True,False,0.4,0.3,0.3,0,HHO,random,16,0.3333333333333333,E4,10.62,62.6,36,0.767573,86.5226,9.5593,0.0,0,8.8448,1.4687,71.562,0.0,27.0,8898,3.9037,1.86
google,1000,20,linear,True,False,0.4,0.3,0.3,0,HHO,random,17,0.3333333333333333,E4,10.62,62.6,36,0.760142,86.6531,10.4348,0.0,0,8.6948,1.4296,74.164,0.0,27.0,8858,3.8854,1.65
google,1000,20,linear,True,False,0.4,0.3,0.3,0,HHO,random,18,0.3333333333333333,E4,10.62,62.6,36,0.765586,86.5575,9.7933,0.0,0,8.7948,1.4526,71.43,0.0,26.5,8864,3.883,1.82
google,1000,20,linear,True,False,0.4,0.3,0.3,0,HHO,random,19,0.3333333333333333,E4,10.62,62.6,36,0.757029,86.7077,10.8016,0.0,0,8.6948,1.433,73.816,0.0,26.0,8934,3.9038,1.85
google,1000,20,linear,True,False,0.4,0.3,0.3,0,HHO,random,20,0.3333333333333333,E4,10.62,62.6,36,0.757955,86.6915,10.6925,0.0,0,8.6448,1.4268,75.983,0.0,26.5,8930,3.9072,1.92
google,1000,20,linear,True,False,0.4,0.3,0.3,0,HHO,random,21,0.3333333333333333,E4,10.62,62.6,36,0.760412,86.6483,10.403,0.0,0,8.7948,1.4624,71.057,0.0,28.5,8954,3.9566,1.74
google,1000,20,linear,True,False,0.4,0.3,0.3,0,HHO,random,22,0.3333333333333333,E4,10.62,62.6,36,0.75895,86.674,10.5752,0.0,0,8.7448,1.4382,72.228,0.0,28.0,8892,3.94,1.64
google,1000,20,linear,True,False,0.4,0.3,0.3,0,HHO,random,23,0.3333333333333333,E4,10.62,62.6,36,0.757156,86.7055,10.7866,0.0,0,8.7448,1.4389,73.01,0.0,27.0,8964,3.9918,1.92
google,1000,20,linear,True,False,0.4,0.3,0.3,0,HHO,random,24,0.3333333333333333,E4,10.62,62.6,36,0.752937,86.7796,11.2837,0.0,0,8.6448,1.4266,74.505,0.0,26.5,8800,3.8981,1.83
google,1000,20,linear,True,False,0.4,0.3,0.3,0,HHO,random,25,0.3333333333333333,E4,10.62,62.6,36,0.762809,86.6062,10.1205,0.0,0,8.7448,1.4406,72.126,0.0,27.0,8852,3.9051,1.73
google,1000,20,linear,True,False,0.4,0.3,0.3,0,HHO,random,26,0.3333333333333333,E4,10.62,62.6,36,0.760505,86.6467,10.392,0.0,0,8.6948,1.4312,73.601,0.0,27.5,8876,3.9091,1.87
google,1000,20,linear,True,False,0.4,0.3,0.3,0,HHO,random,27,0.3333333333333333,E4,10.62,62.6,36,0.763251,86.5985,10.0684,0.0,0,8.6948,1.4307,75.763,0.0,27.5,8942,3.9457,1.63
google,1000,20,linear,True,False,0.4,0.3,0.3,0,HHO,random,28,0.3333333333333333,E4,10.62,62.6,36,0.765044,86.567,9.8572,0.0,0,8.7948,1.4414,72.073,0.0,28.0,8962,3.9585,1.7
google,1000,20,linear,True,False,0.4,0.3,0.3,0,HHO,random,29,0.3333333333333333,E4,10.62,62.6,36,0.753064,86.7773,11.2688,0.0,0,8.6948,1.4461,73.217,0.0,27.0,8826,3.9441,1.77
google,1000,20,linear,True,False,0.4,0.3,0.3,0,HHO,random,30,0.3333333333333333,E4,10.62,62.6,36,0.749634,86.8376,11.6729,0.0,0,8.7448,1.4425,68.984,0.0,28.0,9080,4.0501,1.87
google,1000,20,linear,True,False,0.4,0.3,0.3,0,GA,random,25,0.3333333333333333,E4,10.62,62.6,36,0.744141,86.934,12.3202,0.0,0,8.5448,1.4036,76.724,0.0,25.5,4840,4.4214,2.61
google,1000,20,linear,True,False,0.4,0.3,0.3,0,GA,random,26,0.3333333333333333,E4,10.62,62.6,36,0.74348,86.9456,12.398,0.0,0,8.5448,1.4058,77.427,0.0,25.5,4840,4.3803,2.66
google,1000,20,linear,True,False,0.4,0.3,0.3,0,GA,random,27,0.3333333333333333,E4,10.62,62.6,36,0.745258,86.9144,12.1885,0.0,0,8.5948,1.4157,77.81,0.0,25.5,4840,4.3547,2.51
google,1000,20,linear,True,False,0.4,0.3,0.3,0,GA,random,28,0.3333333333333333,E4,10.62,62.6,36,0.738279,87.0369,13.0109,0.0,0,8.4948,1.403,78.951,0.0,25.0,4840,4.37,2.6
google,1000,20,linear,True,False,0.4,0.3,0.3,0,GA,random,29,0.3333333333333333,E4,10.62,62.6,36,0.736002,87.0769,13.2792,0.0,0,8.4448,1.3923,79.683,0.0,25.0,4840,4.3743,2.42
google,1000,20,linear,True,False,0.4,0.3,0.3,0,GA,random,30,0.3333333333333333,E4,10.62,62.6,36,0.741748,86.976,12.6021,0.0,0,8.4948,1.3991,78.095,0.0,25.5,4840,4.432,2.58
google,1000,20,linear,True,False,0.4,0.3,0.3,0,WOA,carbon,1,0.3333333333333333,E4,10.62,62.6,36,0.646247,88.6529,23.8546,0.0,0,8.5448,1.3775,62.666,0.0,26.0,4840,2.5493,1.73
google,1000,20,linear,True,False,0.4,0.3,0.3,0,WOA,carbon,2,0.3333333333333333,E4,10.62,62.6,36,0.646942,88.6407,23.7727,0.0,0,8.5448,1.3775,62.931,0.0,26.0,4840,2.5651,1.75
google,1000,20,linear,True,False,0.4,0.3,0.3,0,GA,random,17,0.3333333333333333,E4,10.62,62.6,36,0.744675,86.9246,12.2573,0.0,0,8.5448,1.4054,77.089,0.0,25.5,4840,4.3814,2.59
google,1000,20,linear,True,False,0.4,0.3,0.3,0,GA,random,18,0.3333333333333333,E4,10.62,62.6,36,0.735434,87.0869,13.3461,0.0,0,8.4948,1.4017,78.873,0.0,25.5,4840,4.3398,2.65
google,1000,20,linear,True,False,0.4,0.3,0.3,0,GA,random,19,0.3333333333333333,E4,10.62,62.6,36,0.751234,86.8095,11.4844,0.0,0,8.5948,1.4186,76.232,0.0,25.5,4840,4.3379,2.57
google,1000,20,linear,True,False,0.4,0.3,0.3,0,GA,random,20,0.3333333333333333,E4,10.62,62.6,36,0.743128,86.9518,12.4395,0.0,0,8.4948,1.403,78.191,0.0,25.5,4840,4.3454,2.61
google,1000,20,linear,True,False,0.4,0.3,0.3,0,GA,random,21,0.3333333333333333,E4,10.62,62.6,36,0.745514,86.9099,12.1584,0.0,0,8.5448,1.4094,77.547,0.0,25.5,4840,4.3575,2.56
google,1000,20,linear,True,False,0.4,0.3,0.3,0,GA,random,22,0.3333333333333333,E4,10.62,62.6,36,0.747874,86.8685,11.8803,0.0,0,8.5448,1.406,76.939,0.0,25.5,4840,4.4003,2.52
google,1000,20,linear,True,False,0.4,0.3,0.3,0,GA,random,23,0.3333333333333333,E4,10.62,62.6,36,0.740062,87.0056,12.8007,0.0,0,8.4948,1.3961,79.886,0.0,25.0,4840,4.4044,2.5
google,1000,20,linear,True,False,0.4,0.3,0.3,0,GA,random,24,0.3333333333333333,E4,10.62,62.6,36,0.747265,86.8792,11.9521,0.0,0,8.5948,1.4119,77.154,0.0,25.5,4840,4.4017,2.5
google,1000,20,linear,True,False,0.4,0.3,0.3,0,GA,random,1,0.3333333333333333,E4,10.62,62.6,36,0.745615,86.9081,12.1465,0.0,0,8.5948,1.4169,76.973,0.0,25.5,4840,4.4189,2.63
google,1000,20,linear,True,False,0.4,0.3,0.3,0,GA,random,2,0.3333333333333333,E4,10.62,62.6,36,0.738752,87.0286,12.9551,0.0,0,8.5448,1.4116,77.82,0.0,25.5,4840,4.3743,2.66
google,1000,20,linear,True,False,0.4,0.3,0.3,0,GA,random,3,0.3333333333333333,E4,10.62,62.6,36,0.745664,86.9073,12.1407,0.0,0,8.5448,1.4092,77.325,0.0,26.5,4840,4.3598,2.59
google,1000,20,linear,True,False,0.4,0.3,0.3,0,GA,random,4,0.3333333333333333,E4,10.62,62.6,36,0.739214,87.0205,12.9007,0.0,0,8.4948,1.4036,78.601,0.0,25.5,4840,4.3621,2.53
google,1000,20,linear,True,False,0.4,0.3,0.3,0,GA,random,5,0.3333333333333333,E4,10.62,62.6,36,0.735212,87.0908,13.3723,0.0,0,8.4948,1.3953,78.786,0.0,25.0,4840,4.3718,2.56
google,1000,20,linear,True,False,0.4,0.3,0.3,0,GA,random,6,0.3333333333333333,E4,10.62,62.6,36,0.74357,86.944,12.3874,0.0,0,8.5448,1.4071,77.131,0.0,25.5,4840,4.4111,2.68
google,1000,20,linear,True,False,0.4,0.3,0.3,0,GA,random,7,0.3333333333333333,E4,10.62,62.6,36,0.744339,86.9305,12.2968,0.0,0,8.5448,1.4111,77.732,0.0,25.0,4840,4.4211,2.57
google,1000,20,linear,True,False,0.4,0.3,0.3,0,GA,random,8,0.3333333333333333,E4,10.62,62.6,36,0.746091,86.8998,12.0904,0.0,0,8.5448,1.4092,76.854,0.0,25.5,4840,4.414,2.62
google,1000,20,linear,True,False,0.4,0.3,0.3,0,GA,random,9,0.3333333333333333,E4,10.62,62.6,36,0.74732,86.8782,11.9456,0.0,0,8.5448,1.4071,77.96,0.0,25.5,4840,4.3972,2.55
google,1000,20,linear,True,False,0.4,0.3,0.3,0,GA,random,10,0.3333333333333333,E4,10.62,62.6,36,0.745589,86.9086,12.1495,0.0,0,8.5448,1.4061,77.551,0.0,25.5,4840,4.3658,2.53
google,1000,20,linear,True,False,0.4,0.3,0.3,0,GA,random,11,0.3333333333333333,E4,10.62,62.6,36,0.747682,86.8718,11.9029,0.0,0,8.5948,1.4107,77.566,0.0,25.5,4840,4.358,2.54
google,1000,20,linear,True,False,0.4,0.3,0.3,0,GA,random,12,0.3333333333333333,E4,10.62,62.6,36,0.740726,86.994,12.7225,0.0,0,8.4948,1.4031,78.645,0.0,25.5,4840,4.3665,2.62
google,1000,20,linear,True,False,0.4,0.3,0.3,0,GA,random,13,0.3333333333333333,E4,10.62,62.6,36,0.742078,86.9702,12.5633,0.0,0,8.5448,1.4058,77.131,0.0,25.5,4840,4.3627,2.51
google,1000,20,linear,True,False,0.4,0.3,0.3,0,GA,random,14,0.3333333333333333,E4,10.62,62.6,36,0.742154,86.9689,12.5543,0.0,0,8.4948,1.4041,78.662,0.0,25.5,4840,4.416,2.53
google,1000,20,linear,True,False,0.4,0.3,0.3,0,GA,random,15,0.3333333333333333,E4,10.62,62.6,36,0.740629,86.9957,12.7339,0.0,0,8.4948,1.3991,79.044,0.0,25.0,4840,4.4323,2.63
google,1000,20,linear,True,False,0.4,0.3,0.3,0,GA,random,16,0.3333333333333333,E4,10.62,62.6,36,0.737774,87.0458,13.0704,0.0,0,8.4948,1.4006,78.44,0.0,25.0,4840,4.4287,2.56
google,1500,10,linear,True,False,0.4,0.3,0.3,0,WOA,random,2,0.3333333333333333,E4,16.49,95.45,39,1.140915,86.7582,5.7252,0.0,0,13.1591,2.169,73.055,0.0,28.0,4840,3.4612,2.43
google,1500,10,linear,True,False,0.4,0.3,0.3,0,WOA,random,3,0.3333333333333333,E4,16.49,95.45,39,1.126276,86.9281,6.9349,0.0,0,13.0591,2.1632,74.715,0.0,27.5,4840,3.4416,2.72
google,1500,10,linear,True,False,0.4,0.3,0.3,0,WOA,random,4,0.3333333333333333,E4,16.49,95.45,39,1.136953,86.8042,6.0527,0.0,0,13.1091,2.1719,72.265,0.0,28.0,4840,3.4703,2.78
google,1500,10,linear,True,False,0.4,0.3,0.3,0,WOA,random,5,0.3333333333333333,E4,16.49,95.45,39,1.133478,86.8445,6.3398,0.0,0,13.1591,2.1788,72.82,0.0,27.5,4840,3.4946,2.43
google,1500,10,linear,True,False,0.4,0.3,0.3,0,WOA,random,6,0.3333333333333333,E4,16.49,95.45,39,1.109993,87.1171,8.2804,0.0,0,12.9091,2.1424,76.263,0.0,27.5,4840,3.4677,2.51
google,1500,10,linear,True,False,0.4,0.3,0.3,0,WOA,random,7,0.3333333333333333,E4,16.49,95.45,39,1.121794,86.9801,7.3052,0.0,0,13.0091,2.1647,75.459,0.0,27.5,4840,3.4841,2.57
google,1500,10,linear,True,False,0.4,0.3,0.3,0,WOA,random,8,0.3333333333333333,E4,16.49,95.45,39,1.136595,86.8083,6.0822,0.0,0,13.1591,2.1788,74.041,0.0,27.5,4840,3.4646,2.63
google,1500,10,linear,True,False,0.4,0.3,0.3,0,WOA,random,9,0.3333333333333333,E4,16.49,95.45,39,1.125423,86.938,7.0054,0.0,0,13.0091,2.1569,75.182,0.0,27.5,4840,3.4904,2.48
google,1500,10,linear,True,False,0.4,0.3,0.3,0,WOA,random,10,0.3333333333333333,E4,16.49,95.45,39,1.119022,87.0123,7.5343,0.0,0,13.0091,2.1569,74.095,0.0,28.0,4840,3.4834,2.62
google,1500,10,linear,True,False,0.4,0.3,0.3,0,WOA,random,11,0.3333333333333333,E4,16.49,95.45,39,1.127767,86.9108,6.8117,0.0,0,13.0591,2.1546,71.617,0.0,28.0,4840,3.4571,2.44
google,1500,10,linear,True,False,0.4,0.3,0.3,0,WOA,random,12,0.3333333333333333,E4,16.49,95.45,39,1.119384,87.0081,7.5044,0.0,0,12.9591,2.1379,75.379,0.0,27.5,4840,3.4614,2.64
google,1500,10,linear,True,False,0.4,0.3,0.3,0,WOA,random,13,0.3333333333333333,E4,16.49,95.45,39,1.125714,86.9346,6.9813,0.0,0,13.0591,2.1552,73.608,0.0,28.0,4840,3.5097,2.57
google,1500,10,linear,True,False,0.4,0.3,0.3,0,WOA,random,14,0.3333333333333333,E4,16.49,95.45,39,1.127621,86.9125,6.8238,0.0,0,13.1091,2.1685,73.411,0.0,28.0,4840,3.4836,2.42
google,1500,10,linear,True,False,0.4,0.3,0.3,0,WOA,random,15,0.3333333333333333,E4,16.49,95.45,39,1.124465,86.9491,7.0845,0.0,0,13.0591,2.1541,73.217,0.0,27.5,4840,3.5016,2.5
google,1500,10,linear,True,False,0.4,0.3,0.3,0,WOA,random,16,0.3333333333333333,E4,16.49,95.45,39,1.111408,87.1007,8.1635,0.0,0,12.8591,2.1207,78.865,0.0,26.5,4840,3.4798,2.8
google,1500,10,linear,True,False,0.4,0.3,0.3,0,WOA,random,17,0.3333333333333333,E4,16.49,95.45,39,1.137541,86.7973,6.0041,0.0,0,13.2091,2.1794,71.214,0.0,28.0,4840,3.5157,2.5
google,1500,10,linear,True,False,0.4,0.3,0.3,0,WOA,random,18,0.3333333333333333,E4,16.49,95.45,39,1.123002,86.9661,7.2054,0.0,0,13.0591,2.1535,73.11,0.0,27.5,4840,3.5009,2.55
google,1500,10,linear,True,False,0.4,0.3,0.3,0,WOA,random,19,0.3333333333333333,E4,16.49,95.45,39,1.12987,86.8864,6.6379,0.0,0,13.1091,2.173,72.829,0.0,28.0,4840,3.4818,2.65
google,1500,10,linear,True,False,0.4,0.3,0.3,0,WOA,random,20,0.3333333333333333,E4,16.49,95.45,39,1.125793,86.9337,6.9748,0.0,0,13.1091,2.1518,73.147,0.0,27.5,4840,3.4794,2.49
google,1500,10,linear,True,False,0.4,0.3,0.3,0,WOA,random,21,0.3333333333333333,E4,16.49,95.45,39,1.124892,86.9441,7.0492,0.0,0,13.0591,2.1587,72.933,0.0,28.0,4840,3.4897,2.55
google,1500,10,linear,True,False,0.4,0.3,0.3,0,WOA,random,22,0.3333333333333333,E4,16.49,95.45,39,1.12363,86.9588,7.1536,0.0,0,13.0591,2.1524,73.365,0.0,28.5,4840,3.5193,2.64
google,1500,10,linear,True,False,0.4,0.3,0.3,0,WOA,random,23,0.3333333333333333,E4,16.49,95.45,39,1.119652,87.005,7.4822,0.0,0,13.0091,2.1471,74.363,0.0,28.0,4840,3.5048,2.54
google,1500,10,linear,True,False,0.4,0.3,0.3,0,WOA,random,24,0.3333333333333333,E4,16.49,95.45,39,1.126184,86.9292,6.9425,0.0,0,13.0591,2.146,76.449,0.0,27.5,4840,3.5441,2.48
google,1500,10,linear,True,False,0.4,0.3,0.3,0,WOA,random,25,0.3333333333333333,E4,16.49,95.45,39,1.134789,86.8293,6.2314,0.0,0,13.0591,2.1554,74.558,0.0,27.5,4840,3.5135,2.51
google,1500,10,linear,True,False,0.4,0.3,0.3,0,WOA,random,26,0.3333333333333333,E4,16.49,95.45,39,1.122274,86.9745,7.2656,0.0,0,13.0091,2.1437,74.103,0.0,27.5,4840,3.4938,2.41
google,1500,10,linear,True,False,0.4,0.3,0.3,0,WOA,random,27,0.3333333333333333,E4,16.49,95.45,39,1.104166,87.1847,8.7619,0.0,0,12.8591,2.1224,79.094,0.0,27.0,4840,3.4694,2.6
google,1500,10,linear,True,False,0.4,0.3,0.3,0,WOA,random,28,0.3333333333333333,E4,16.49,95.45,39,1.124737,86.946,7.0621,0.0,0,13.0591,2.1661,73.32,0.0,28.0,4840,3.4997,2.4
google,1500,10,linear,True,False,0.4,0.3,0.3,0,WOA,random,29,0.3333333333333333,E4,16.49,95.45,39,1.133046,86.8495,6.3755,0.0,0,13.0591,2.128,73.931,0.0,27.5,4840,3.4896,2.49
google,1500,10,linear,True,False,0.4,0.3,0.3,0,WOA,random,30,0.3333333333333333,E4,16.49,95.45,39,1.130528,86.8787,6.5836,0.0,0,13.1591,2.1651,71.52,0.0,28.5,4840,3.4868,2.51
google,1500,10,linear,True,False,0.4,0.3,0.3,0,GWO,random,1,0.3333333333333333,E4,16.49,95.45,39,1.127241,86.9169,6.8552,0.0,0,12.9091,2.1287,79.773,0.0,25.5,4840,4.0389,2.53
google,1500,10,linear,True,False,0.4,0.3,0.3,0,GWO,random,2,0.3333333333333333,E4,16.49,95.45,39,1.132035,86.8613,6.4591,0.0,0,12.8591,2.1339,81.5,0.0,25.5,4840,4.0323,2.46
google,1500,10,linear,True,False,0.4,0.3,0.3,0,GWO,random,3,0.3333333333333333,E4,16.49,95.45,39,1.118088,87.0231,7.6115,0.0,0,12.8091,2.1105,82.679,0.0,25.5,4840,4.024,2.45
google,1500,10,linear,True,False,0.4,0.3,0.3,0,GWO,random,4,0.3333333333333333,E4,16.49,95.45,39,1.112481,87.0882,8.0748,0.0,0,12.7091,2.1061,82.5,0.0,25.5,4840,4.015,2.66
google,1500,10,linear,True,False,0.4,0.3,0.3,0,GWO,random,5,0.3333333333333333,E4,16.49,95.45,39,1.132148,86.8599,6.4497,0.0,0,12.9591,2.1347,80.002,0.0,25.5,4840,3.9948,2.36
google,1500,10,linear,True,False,0.4,0.3,0.3,0,GWO,random,6,0.3333333333333333,E4,16.49,95.45,39,1.11063,87.1097,8.2277,0.0,0,12.7591,2.0976,83.271,0.0,25.5,4840,4.0045,2.69
google,1500,10,linear,True,False,0.4,0.3,0.3,0,GWO,random,7,0.3333333333333333,E4,16.49,95.45,39,1.127383,86.9152,6.8434,0.0,0,12.9591,2.1477,79.516,0.0,25.5,4840,4.0004,2.45
google,1500,10,linear,True,False,0.4,0.3,0.3,0,GWO,random,8,0.3333333333333333,E4,16.49,95.45,39,1.116669,87.0396,7.7288,0.0,0,12.7091,2.0994,82.168,0.0,25.5,4840,4.001,2.83
google,1500,10,linear,True,False,0.4,0.3,0.3,0,GWO,random,9,0.3333333333333333,E4,16.49,95.45,39,1.135972,86.8156,6.1337,0.0,0,12.9591,2.1317,79.42,0.0,25.5,4840,3.9989,2.44
google,1500,10,linear,True,False,0.4,0.3,0.3,0,GWO,random,10,0.3333333333333333,E4,16.49,95.45,39,1.129116,86.8951,6.7002,0.0,0,12.9091,2.1171,79.898,0.0,25.5,4840,3.9964,2.35
google,1500,10,linear,True,False,0.4,0.3,0.3,0,GWO,random,11,0.3333333333333333,E4,16.49,95.45,39,1.122844,86.9679,7.2185,0.0,0,12.8091,2.102,81.674,0.0,25.5,4840,4.2589,2.46
google,1500,10,linear,True,False,0.4,0.3,0.3,0,PSO,random,6,0.3333333333333333,E4,16.49,95.45,39,1.142477,86.7401,5.5962,0.0,0,13.0091,2.1317,77.815,0.0,27.5,4840,3.5651,4.15
google,1500,10,linear,True,False,0.4,0.3,0.3,0,PSO,random,7,0.3333333333333333,E4,16.49,95.45,39,1.134871,86.8283,6.2247,0.0,0,12.9591,2.1471,77.595,0.0,26.5,4840,3.5786,4.23
google,1500,10,linear,True,False,0.4,0.3,0.3,0,PSO,random,8,0.3333333333333333,E4,16.49,95.45,39,1.14505,86.7102,5.3836,0.0,0,13.0091,2.1546,77.602,0.0,26.5,4840,3.5748,4.23
google,1500,10,linear,True,False,0.4,0.3,0.3,0,PSO,random,9,0.3333333333333333,E4,16.49,95.45,39,1.129414,86.8917,6.6756,0.0,0,12.9591,2.1511,79.652,0.0,26.5,4840,3.5691,4.16
google,1500,10,linear,True,False,0.4,0.3,0.3,0,PSO,random,10,0.3333333333333333,E4,16.49,95.45,39,1.127973,86.9084,6.7947,0.0,0,12.9091,2.1334,79.439,0.0,26.0,4840,3.5829,4.21
google,1500,10,linear,True,False,0.4,0.3,0.3,0,PSO,random,11,0.3333333333333333,E4,16.49,95.45,39,1.127512,86.9137,6.8328,0.0,0,12.8591,2.1246,80.385,0.0,26.0,4840,3.5614,4.28
google,1500,10,linear,True,False,0.4,0.3,0.3,0,PSO,random,12,0.3333333333333333,E4,16.49,95.45,39,1.126304,86.9278,6.9326,0.0,0,12.9091,2.1379,78.672,0.0,26.5,4840,3.7612,4.11
google,1500,10,linear,True,False,0.4,0.3,0.3,0,PSO,random,13,0.3333333333333333,E4,16.49,95.45,39,1.14048,86.7632,5.7612,0.0,0,13.0091,2.1535,77.092,0.0,27.5,4840,3.597,4.21
google,1500,10,linear,True,False,0.4,0.3,0.3,0,GWO,random,28,0.3333333333333333,E4,16.49,95.45,39,1.138593,86.7851,5.9171,0.0,0,13.0591,2.149,77.53,0.0,27.0,4840,4.0179,2.43
google,1500,10,linear,True,False,0.4,0.3,0.3,0,GWO,random,29,0.3333333333333333,E4,16.49,95.45,39,1.131513,86.8673,6.5022,0.0,0,12.9591,2.1471,80.025,0.0,25.5,4840,4.0237,2.43
google,1500,10,linear,True,False,0.4,0.3,0.3,0,GWO,random,30,0.3333333333333333,E4,16.49,95.45,39,1.10692,87.1527,8.5343,0.0,0,12.6591,2.0701,83.23,0.0,25.5,4840,4.0254,2.71
google,1500,10,linear,True,False,0.4,0.3,0.3,0,PSO,random,1,0.3333333333333333,E4,16.49,95.45,39,1.142371,86.7413,5.605,0.0,0,13.0591,2.161,76.979,0.0,27.0,4840,3.5841,4.18
google,1500,10,linear,True,False,0.4,0.3,0.3,0,PSO,random,2,0.3333333333333333,E4,16.49,95.45,39,1.124546,86.9482,7.0779,0.0,0,12.9091,2.1134,79.131,0.0,26.5,4840,3.5809,4.33
google,1500,10,linear,True,False,0.4,0.3,0.3,0,PSO,random,3,0.3333333333333333,E4,16.49,95.45,39,1.127547,86.9133,6.8299,0.0,0,12.9091,2.1413,80.016,0.0,26.0,4840,3.584,4.25
google,1500,10,linear,True,False,0.4,0.3,0.3,0,PSO,random,4,0.3333333333333333,E4,16.49,95.45,39,1.122096,86.9766,7.2803,0.0,0,12.8591,2.1316,80.249,0.0,26.0,4840,3.8133,4.2
google,1500,10,linear,True,False,0.4,0.3,0.3,0,PSO,random,5,0.3333333333333333,E4,16.49,95.45,39,1.128638,86.9007,6.7397,0.0,0,12.9091,2.1351,79.538,0.0,26.5,4840,3.585,4.22
google,1500,10,linear,True,False,0.4,0.3,0.3,0,GWO,random,12,0.3333333333333333,E4,16.49,95.45,39,1.115537,87.0527,7.8222,0.0,0,12.7591,2.1079,82.69,0.0,25.5,4840,4.0111,2.6
google,1500,10,linear,True,False,0.4,0.3,0.3,0,GWO,random,13,0.3333333333333333,E4,16.49,95.45,39,1.128856,86.8981,6.7217,0.0,0,12.9091,2.1419,80.164,0.0,25.5,4840,4.0111,2.44
google,1500,10,linear,True,False,0.4,0.3,0.3,0,GWO,random,14,0.3333333333333333,E4,16.49,95.45,39,1.100164,87.2312,9.0925,0.0,0,12.6591,2.0684,83.894,0.0,25.5,4840,4.0066,2.81
google,1500,10,linear,True,False,0.4,0.3,0.3,0,GWO,random,15,0.3333333333333333,E4,16.49,95.45,39,1.120445,86.9958,7.4167,0.0,0,12.8091,2.1115,81.595,0.0,26.0,4840,4.0035,2.62
google,1500,10,linear,True,False,0.4,0.3,0.3,0,GWO,random,16,0.3333333333333333,E4,16.49,95.45,39,1.102698,87.2017,8.8832,0.0,0,12.6091,2.1004,85.756,0.0,25.0,4840,4.0114,2.63
google,1500,10,linear,True,False,0.4,0.3,0.3,0,GWO,random,17,0.3333333333333333,E4,16.49,95.45,39,1.116932,87.0365,7.707,0.0,0,12.7591,2.1091,80.992,0.0,25.5,4840,4.0136,2.74
google,1500,10,linear,True,False,0.4,0.3,0.3,0,GWO,random,18,0.3333333333333333,E4,16.49,95.45,39,1.123943,86.9552,7.1277,0.0,0,12.8091,2.1212,80.38,0.0,25.5,4840,4.2327,2.38
google,1500,10,linear,True,False,0.4,0.3,0.3,0,GWO,random,19,0.3333333333333333,E4,16.49,95.45,39,1.125188,86.9407,7.0248,0.0,0,12.8591,2.0687,81.159,0.0,25.5,4840,4.0144,2.52
google,1500,10,linear,True,False,0.4,0.3,0.3,0,GWO,random,20,0.3333333333333333,E4,16.49,95.45,39,1.124774,86.9455,7.059,0.0,0,12.9091,2.1145,80.668,0.0,25.5,4840,3.9896,2.54
google,1500,10,linear,True,False,0.4,0.3,0.3,0,GWO,random,21,0.3333333333333333,E4,16.49,95.45,39,1.13762,86.7964,5.9975,0.0,0,13.0091,2.1381,77.669,0.0,26.5,4840,3.9915,2.31
google,1500,10,linear,True,False,0.4,0.3,0.3,0,GWO,random,22,0.3333333333333333,E4,16.49,95.45,39,1.12885,86.8982,6.7222,0.0,0,12.9591,2.1399,79.326,0.0,26.5,4840,3.988,2.35
google,1500,10,linear,True,False,0.4,0.3,0.3,0,GWO,random,23,0.3333333333333333,E4,16.49,95.45,39,1.123728,86.9577,7.1454,0.0,0,12.8591,2.1293,81.862,0.0,25.5,4840,4.0047,2.45
google,1500,10,linear,True,False,0.4,0.3,0.3,0,GWO,random,24,0.3333333333333333,E4,16.49,95.45,39,1.13479,86.8293,6.2314,0.0,0,12.9591,2.1321,79.585,0.0,26.0,4840,3.9893,2.38
google,1500,10,linear,True,False,0.4,0.3,0.3,0,GWO,random,25,0.3333333333333333,E4,16.49,95.45,39,1.119208,87.0101,7.519,0.0,0,12.8591,2.1269,80.373,0.0,25.5,4840,3.9988,2.43
google,1500,10,linear,True,False,0.4,0.3,0.3,0,GWO,random,26,0.3333333333333333,E4,16.49,95.45,39,1.137689,86.7956,5.9918,0.0,0,13.0091,2.1175,77.815,0.0,27.5,4840,4.2223,2.38
google,1500,10,linear,True,False,0.4,0.3,0.3,0,GWO,random,27,0.3333333333333333,E4,16.49,95.45,39,1.125231,86.9402,7.0213,0.0,0,12.9091,2.1053,81.197,0.0,25.5,4840,4.0097,2.43
google,1500,10,linear,True,False,0.4,0.3,0.3,0,PSO,random,30,0.3333333333333333,E4,16.49,95.45,39,1.126091,86.9302,6.9502,0.0,0,12.8591,2.136,81.359,0.0,26.5,4840,3.5806,4.17
google,1500,10,linear,True,False,0.4,0.3,0.3,0,DE,random,1,0.3333333333333333,E4,16.49,95.45,39,1.110095,87.1159,8.272,0.0,0,12.7091,2.0858,82.032,0.0,26.5,4840,3.4479,2.75
google,1500,10,linear,True,False,0.4,0.3,0.3,0,DE,random,2,0.3333333333333333,E4,16.49,95.45,39,1.109839,87.1189,8.2931,0.0,0,12.7591,2.1107,83.348,0.0,25.5,4840,3.4663,2.59
google,1500,10,linear,True,False,0.4,0.3,0.3,0,DE,random,3,0.3333333333333333,E4,16.49,95.45,39,1.106283,87.1601,8.5869,0.0,0,12.7591,2.092,81.279,0.0,27.0,4840,3.4651,2.94
google,1500,10,linear,True,False,0.4,0.3,0.3,0,DE,random,4,0.3333333333333333,E4,16.49,95.45,39,1.094853,87.2928,9.5314,0.0,0,12.5591,2.0682,85.1,0.0,27.0,4840,3.4588,2.89
google,1500,10,linear,True,False,0.4,0.3,0.3,0,DE,random,5,0.3333333333333333,E4,16.49,95.45,39,1.107059,87.1511,8.5229,0.0,0,12.8091,2.0886,81.761,0.0,26.5,4840,3.6759,2.58
google,1500,10,linear,True,False,0.4,0.3,0.3,0,DE,random,6,0.3333333333333333,E4,16.49,95.45,39,1.082479,87.4364,10.5539,0.0,0,12.5091,2.0481,86.461,0.0,25.5,4840,3.4774,3.08
google,1500,10,linear,True,False,0.4,0.3,0.3,0,DE,random,7,0.3333333333333333,E4,16.49,95.45,39,1.093075,87.3134,9.6783,0.0,0,12.6591,2.065,85.14,0.0,25.5,4840,3.4771,2.96
google,1500,10,linear,True,False,0.4,0.3,0.3,0,PSO,random,14,0.3333333333333333,E4,16.49,95.45,39,1.137852,86.7937,5.9783,0.0,0,13.0091,2.1449,77.764,0.0,26.5,4840,3.5598,4.21
google,1500,10,linear,True,False,0.4,0.3,0.3,0,PSO,random,15,0.3333333333333333,E4,16.49,95.45,39,1.127701,86.9116,6.8172,0.0,0,12.9091,2.1402,78.656,0.0,26.5,4840,3.5525,4.4
google,1500,10,linear,True,False,0.4,0.3,0.3,0,PSO,random,16,0.3333333333333333,E4,16.49,95.45,39,1.120659,86.9933,7.3991,0.0,0,12.8591,2.1098,81.87,0.0,25.5,4840,3.5508,4.12
google,1500,10,linear,True,False,0.4,0.3,0.3,0,PSO,random,17,0.3333333333333333,E4,16.49,95.45,39,1.131031,86.8729,6.542,0.0,0,12.9591,2.1323,80.231,0.0,25.5,4840,3.5529,4.46
google,1500,10,linear,True,False,0.4,0.3,0.3,0,PSO,random,18,0.3333333333333333,E4,16.49,95.45,39,1.146704,86.691,5.2469,0.0,0,13.0091,2.1546,78.157,0.0,27.0,4840,3.5391,4.0
google,1500,10,linear,True,False,0.4,0.3,0.3,0,PSO,random,19,0.3333333333333333,E4,16.49,95.45,39,1.119456,87.0072,7.4984,0.0,0,12.8591,2.1104,80.601,0.0,25.5,4840,3.7539,4.22
google,1500,10,linear,True,False,0.4,0.3,0.3,0,PSO,random,20,0.3333333333333333,E4,16.49,95.45,39,1.134678,86.8306,6.2407,0.0,0,13.0091,2.1362,77.439,0.0,26.5,4840,3.5649,4.17
google,1500,10,linear,True,False,0.4,0.3,0.3,0,PSO,random,21,0.3333333333333333,E4,16.49,95.45,39,1.138419,86.7872,5.9315,0.0,0,13.0091,2.1261,77.26,0.0,27.0,4840,3.5601,4.02
google,1500,10,linear,True,False,0.4,0.3,0.3,0,PSO,random,22,0.3333333333333333,E4,16.49,95.45,39,1.136858,86.8053,6.0605,0.0,0,12.9591,2.1391,79.311,0.0,26.5,4840,3.566,4.22
google,1500,10,linear,True,False,0.4,0.3,0.3,0,PSO,random,23,0.3333333333333333,E4,16.49,95.45,39,1.126214,86.9288,6.94,0.0,0,12.8591,2.1252,78.112,0.0,26.5,4840,3.5532,4.33
google,1500,10,linear,True,False,0.4,0.3,0.3,0,PSO,random,24,0.3333333333333333,E4,16.49,95.45,39,1.132669,86.8539,6.4066,0.0,0,12.9091,2.1139,79.724,0.0,26.0,4840,3.5574,4.17
google,1500,10,linear,True,False,0.4,0.3,0.3,0,PSO,random,25,0.3333333333333333,E4,16.49,95.45,39,1.134708,86.8302,6.2382,0.0,0,12.9091,2.1329,78.832,0.0,26.5,4840,3.5584,4.1
google,1500,10,linear,True,False,0.4,0.3,0.3,0,PSO,random,26,0.3333333333333333,E4,16.49,95.45,39,1.145459,86.7054,5.3498,0.0,0,13.0091,2.1432,77.569,0.0,26.0,4840,3.5495,4.05
google,1500,10,linear,True,False,0.4,0.3,0.3,0,PSO,random,27,0.3333333333333333,E4,16.49,95.45,39,1.120904,86.9904,7.3788,0.0,0,12.8591,2.1214,80.566,0.0,26.0,4840,3.7386,4.11
google,1500,10,linear,True,False,0.4,0.3,0.3,0,PSO,random,28,0.3333333333333333,E4,16.49,95.45,39,1.136133,86.8137,6.1204,0.0,0,13.0091,2.1329,77.659,0.0,26.0,4840,3.5741,4.45
google,1500,10,linear,True,False,0.4,0.3,0.3,0,PSO,random,29,0.3333333333333333,E4,16.49,95.45,39,1.134341,86.8345,6.2685,0.0,0,12.9091,2.1379,79.175,0.0,26.5,4840,3.5771,4.34
google,1500,10,linear,True,False,0.4,0.3,0.3,0,DE,random,8,0.3333333333333333,E4,16.49,95.45,39,1.113484,87.0766,7.9919,0.0,0,12.8091,2.1006,81.563,0.0,26.5,4840,3.4475,2.56
google,1500,10,linear,True,False,0.4,0.3,0.3,0,DE,random,9,0.3333333333333333,E4,16.49,95.45,39,1.115073,87.0581,7.8606,0.0,0,12.8591,2.1053,82.21,0.0,26.0,4840,3.4474,2.65
google,1500,10,linear,True,False,0.4,0.3,0.3,0,DE,random,10,0.3333333333333333,E4,16.49,95.45,39,1.095853,87.2812,9.4488,0.0,0,12.6591,2.0804,84.211,0.0,25.5,4840,3.6786,2.75
google,1500,10,linear,True,False,0.4,0.3,0.3,0,DE,random,11,0.3333333333333333,E4,16.49,95.45,39,1.103778,87.1892,8.7939,0.0,0,12.7091,2.1038,81.5,0.0,26.0,4840,3.455,2.96
google,1500,10,linear,True,False,0.4,0.3,0.3,0,DE,random,12,0.3333333333333333,E4,16.49,95.45,39,1.114138,87.069,7.9379,0.0,0,12.8091,2.1023,81.946,0.0,27.0,4840,3.4614,2.54
google,1500,10,linear,True,False,0.4,0.3,0.3,0,DE,random,13,0.3333333333333333,E4,16.49,95.45,39,1.095648,87.2836,9.4658,0.0,0,12.6091,2.0603,85.093,0.0,25.5,4840,3.5006,2.89
google,1500,10,linear,True,False,0.4,0.3,0.3,0,DE,random,14,0.3333333333333333,E4,16.49,95.45,39,1.105273,87.1719,8.6704,0.0,0,12.7091,2.0798,84.383,0.0,25.5,4840,3.5054,2.74
google,1500,10,linear,True,False,0.4,0.3,0.3,0,DE,random,15,0.3333333333333333,E4,16.49,95.45,39,1.106867,87.1534,8.5387,0.0,0,12.7091,2.0999,83.33,0.0,25.5,4840,3.5145,2.73
google,1500,10,linear,True,False,0.4,0.3,0.3,0,DE,random,16,0.3333333333333333,E4,16.49,95.45,39,1.094094,87.3016,9.5941,0.0,0,12.6091,2.0631,84.41,0.0,25.5,4840,3.476,3.09
google,1500,10,linear,True,False,0.4,0.3,0.3,0,DE,random,17,0.3333333333333333,E4,16.49,95.45,39,1.101279,87.2182,9.0004,0.0,0,12.7591,2.1085,83.871,0.0,25.5,4840,3.4864,2.72
google,1500,10,linear,True,False,0.4,0.3,0.3,0,DE,random,18,0.3333333333333333,E4,16.49,95.45,39,1.097621,87.2607,9.3027,0.0,0,12.5591,2.0642,85.48,0.0,25.5,4840,3.6695,2.79
google,1500,10,linear,True,False,0.4,0.3,0.3,0,DE,random,19,0.3333333333333333,E4,16.49,95.45,39,1.111023,87.1051,8.1952,0.0,0,12.8091,2.1184,82.391,0.0,25.5,4840,3.4837,2.73
google,1500,10,linear,True,False,0.4,0.3,0.3,0,DE,random,20,0.3333333333333333,E4,16.49,95.45,39,1.100047,87.2325,9.1022,0.0,0,12.6591,2.0809,83.837,0.0,26.5,4840,3.4862,2.81
google,1500,10,linear,True,False,0.4,0.3,0.3,0,DE,random,21,0.3333333333333333,E4,16.49,95.45,39,1.098762,87.2474,9.2084,0.0,0,12.6591,2.0792,83.391,0.0,26.0,4840,3.5096,2.92
google,1500,10,linear,True,False,0.4,0.3,0.3,0,DE,random,22,0.3333333333333333,E4,16.49,95.45,39,1.083804,87.421,10.4444,0.0,0,12.4591,2.0275,88.238,0.0,25.5,4840,3.5294,2.96
google,1500,10,linear,True,False,0.4,0.3,0.3,0,DE,random,23,0.3333333333333333,E4,16.49,95.45,39,1.093762,87.3055,9.6216,0.0,0,12.6091,2.0695,84.786,0.0,25.5,4840,3.5299,2.9
google,1500,10,linear,True,False,0.4,0.3,0.3,0,DE,random,24,0.3333333333333333,E4,16.49,95.45,39,1.101575,87.2148,8.976,0.0,0,12.7091,2.0941,84.211,0.0,25.5,4840,3.4754,2.7
google,1500,10,linear,True,False,0.4,0.3,0.3,0,DE,random,25,0.3333333333333333,E4,16.49,95.45,39,1.100074,87.2322,9.1,0.0,0,12.6591,2.0725,84.947,0.0,25.5,4840,3.6765,2.84
google,1500,10,linear,True,False,0.4,0.3,0.3,0,DE,random,26,0.3333333333333333,E4,16.49,95.45,39,1.107258,87.1488,8.5064,0.0,0,12.7591,2.1074,82.674,0.0,26.5,4840,3.4899,2.57
google,1500,10,linear,True,False,0.4,0.3,0.3,0,DE,random,27,0.3333333333333333,E4,16.49,95.45,39,1.106357,87.1593,8.5808,0.0,0,12.7091,2.1038,83.357,0.0,26.0,4840,3.4884,2.62
google,1500,10,linear,True,False,0.4,0.3,0.3,0,DE,random,28,0.3333333333333333,E4,16.49,95.45,39,1.105903,87.1645,8.6183,0.0,0,12.7091,2.0753,83.776,0.0,25.5,4840,3.5082,2.67
google,1500,10,linear,True,False,0.4,0.3,0.3,0,DE,random,29,0.3333333333333333,E4,16.49,95.45,39,1.104941,87.1757,8.6978,0.0,0,12.7091,2.1017,83.963,0.0,25.5,4840,3.5388,2.6
google,1500,10,linear,True,False,0.4,0.3,0.3,0,DE,random,30,0.3333333333333333,E4,16.49,95.45,39,1.099807,87.2353,9.1221,0.0,0,12.6591,2.0912,84.571,0.0,25.5,4840,3.5544,2.97
google,1500,10,linear,True,False,0.4,0.3,0.3,0,HHO,random,1,0.3333333333333333,E4,16.49,95.45,39,1.124423,86.9496,7.0881,0.0,0,13.0591,2.1336,72.337,0.0,28.0,8910,5.3666,2.92
google,1500,10,linear,True,False,0.4,0.3,0.3,0,WOA,carbon,6,0.3333333333333333,E4,16.49,95.45,39,1.11126,87.1024,8.1757,0.0,0,13.0591,2.1518,69.863,0.0,27.5,4840,3.4787,2.44
google,1500,10,linear,True,False,0.4,0.3,0.3,0,WOA,carbon,7,0.3333333333333333,E4,16.49,95.45,39,1.105388,87.1705,8.6609,0.0,0,12.9091,2.1257,72.867,0.0,28.0,4840,3.5304,2.44
google,1500,10,linear,True,False,0.4,0.3,0.3,0,WOA,carbon,8,0.3333333333333333,E4,16.49,95.45,39,1.080511,87.4593,10.7165,0.0,0,13.1091,2.1113,69.185,0.0,27.5,4840,3.5051,2.48
google,1500,10,linear,True,False,0.4,0.3,0.3,0,WOA,carbon,9,0.3333333333333333,E4,16.49,95.45,39,1.08078,87.4561,10.6942,0.0,0,13.0091,2.1491,71.173,0.0,26.5,4840,3.55,2.54
google,1500,10,linear,True,False,0.4,0.3,0.3,0,WOA,carbon,10,0.3333333333333333,E4,16.49,95.45,39,1.121714,86.981,7.3119,0.0,0,12.9091,2.1362,78.328,0.0,26.0,4840,3.5455,2.52
google,1500,10,linear,True,False,0.4,0.3,0.3,0,WOA,carbon,11,0.3333333333333333,E4,16.49,95.45,39,1.073959,87.5353,11.2579,0.0,0,12.9591,2.1214,74.8,0.0,26.5,4840,3.5441,2.47
google,1500,10,linear,True,False,0.4,0.3,0.3,0,WOA,carbon,12,0.3333333333333333,E4,16.49,95.45,39,1.098521,87.2502,9.2283,0.0,0,13.0091,2.1445,72.744,0.0,27.5,4840,3.6061,2.44
google,1500,10,linear,True,False,0.4,0.3,0.3,0,WOA,carbon,13,0.3333333333333333,E4,16.49,95.45,39,1.103751,87.1895,8.7962,0.0,0,12.9091,2.1162,77.299,0.0,28.0,4840,3.5927,2.56
google,1500,10,linear,True,False,0.4,0.3,0.3,0,HHO,random,2,0.3333333333333333,E4,16.49,95.45,39,1.113415,87.0774,7.9976,0.0,0,13.0091,2.1467,73.807,0.0,27.5,8780,5.4782,2.64
google,1500,10,linear,True,False,0.4,0.3,0.3,0,HHO,random,3,0.3333333333333333,E4,16.49,95.45,39,1.123056,86.9655,7.201,0.0,0,13.0091,2.1516,75.308,0.0,27.5,8894,5.2569,2.41
google,1500,10,linear,True,False,0.4,0.3,0.3,0,HHO,random,4,0.3333333333333333,E4,16.49,95.45,39,1.105996,87.1635,8.6106,0.0,0,12.9091,2.1349,75.538,0.0,28.0,9094,5.3845,2.68
google,1500,10,linear,True,False,0.4,0.3,0.3,0,HHO,random,5,0.3333333333333333,E4,16.49,95.45,39,1.124446,86.9493,7.0861,0.0,0,13.0591,2.1501,73.137,0.0,28.0,8986,5.3863,2.51
google,1500,10,linear,True,False,0.4,0.3,0.3,0,HHO,random,6,0.3333333333333333,E4,16.49,95.45,39,1.118147,87.0224,7.6066,0.0,0,12.9591,2.1332,75.436,0.0,27.5,8968,5.3888,2.61
google,1500,10,linear,True,False,0.4,0.3,0.3,0,HHO,random,7,0.3333333333333333,E4,16.49,95.45,39,1.114867,87.0605,7.8776,0.0,0,13.0091,2.1443,73.863,0.0,28.0,8946,5.3894,2.79
google,1500,10,linear,True,False,0.4,0.3,0.3,0,HHO,random,8,0.3333333333333333,E4,16.49,95.45,39,1.114919,87.0599,7.8733,0.0,0,12.9591,2.1374,76.896,0.0,28.0,8872,5.4261,2.61
google,1500,10,linear,True,False,0.4,0.3,0.3,0,HHO,random,9,0.3333333333333333,E4,16.49,95.45,39,1.123927,86.9554,7.129,0.0,0,13.0091,2.1482,73.374,0.0,28.0,8790,5.3582,2.81
google,1500,10,linear,True,False,0.4,0.3,0.3,0,WOA,carbon,30,0.3333333333333333,E4,16.49,95.45,39,1.068404,87.5998,11.7169,0.0,0,13.1091,2.1139,70.848,0.0,26.5,4840,3.5758,2.46
google,1500,20,linear,True,False,0.4,0.3,0.3,0,FIFO,-,0,0.3333333333333333,E4,16.49,95.45,39,8.616002,0.0,-611.9473,0.0,0,95.9591,15.66,5.308,0.0,24.5,0,0.0,0.0
google,1500,20,linear,True,False,0.4,0.3,0.3,0,Consolidation,-,0,0.3333333333333333,E4,16.49,95.45,39,1.210202,85.954,0.0,0.0,0,13.3091,2.1675,55.842,0.0,24.5,0,0.0,0.0
google,1500,20,linear,True,False,0.4,0.3,0.3,0,Greedy(EDF+greenest),-,0,0.3333333333333333,E4,16.49,95.45,39,0.953278,88.936,21.2299,0.0,0,12.7091,2.0322,64.21,0.8379,26.0,0,0.0002,0.0
google,1500,20,linear,True,False,0.4,0.3,0.3,0,WOA,random,1,0.3333333333333333,E4,16.49,95.45,39,1.106417,87.1586,8.5759,0.0,0,13.1091,2.1585,60.585,0.0,28.5,4840,3.5834,2.48
google,1500,20,linear,True,False,0.4,0.3,0.3,0,WOA,random,2,0.3333333333333333,E4,16.49,95.45,39,1.119205,87.0102,7.5192,0.0,0,13.2591,2.1885,57.178,0.0,28.0,4840,3.6249,2.43
google,1500,20,linear,True,False,0.4,0.3,0.3,0,WOA,random,3,0.3333333333333333,E4,16.49,95.45,39,1.11314,87.0806,8.0204,0.0,0,13.1091,2.1542,64.735,0.0,28.0,4840,3.5965,2.72
google,1500,20,linear,True,False,0.4,0.3,0.3,0,WOA,random,4,0.3333333333333333,E4,16.49,95.45,39,1.106574,87.1568,8.5629,0.0,0,13.0591,2.1473,67.448,0.0,28.0,4840,3.6302,2.48
google,1500,10,linear,True,False,0.4,0.3,0.3,0,GA,random,28,0.3333333333333333,E4,16.49,95.45,39,1.089605,87.3537,9.965,0.0,0,12.6091,2.062,84.861,0.0,25.5,4840,6.0756,3.66
google,1500,10,linear,True,False,0.4,0.3,0.3,0,GA,random,29,0.3333333333333333,E4,16.49,95.45,39,1.097448,87.2627,9.3169,0.0,0,12.6591,2.0832,84.587,0.0,25.5,4840,6.1197,3.72
google,1500,10,linear,True,False,0.4,0.3,0.3,0,GA,random,30,0.3333333333333333,E4,16.49,95.45,39,1.084991,87.4073,10.3463,0.0,0,12.6591,2.0656,83.651,0.0,25.5,4840,6.1247,3.77
google,1500,10,linear,True,False,0.4,0.3,0.3,0,WOA,carbon,1,0.3333333333333333,E4,16.49,95.45,39,1.076233,87.5089,11.07,0.0,0,12.9091,2.1209,74.329,0.0,27.0,4840,3.5213,2.59
google,1500,10,linear,True,False,0.4,0.3,0.3,0,WOA,carbon,2,0.3333333333333333,E4,16.49,95.45,39,1.109976,87.1173,8.2818,0.0,0,12.9591,2.1306,75.546,0.0,27.5,4840,3.5906,2.42
google,1500,10,linear,True,False,0.4,0.3,0.3,0,WOA,carbon,3,0.3333333333333333,E4,16.49,95.45,39,1.107547,87.1455,8.4825,0.0,0,13.0591,2.1496,71.555,0.0,27.5,4840,3.5627,2.43
google,1500,10,linear,True,False,0.4,0.3,0.3,0,WOA,carbon,4,0.3333333333333333,E4,16.49,95.45,39,1.064662,87.6432,12.0262,0.0,0,13.0591,2.1042,71.07,0.0,27.5,4840,3.592,2.56
google,1500,10,linear,True,False,0.4,0.3,0.3,0,WOA,carbon,5,0.3333333333333333,E4,16.49,95.45,39,1.090496,87.3434,9.8914,0.0,0,12.9091,2.1316,74.962,0.0,27.0,4840,3.601,2.51
google,1500,10,linear,True,False,0.4,0.3,0.3,0,HHO,random,10,0.3333333333333333,E4,16.49,95.45,39,1.122794,86.9685,7.2226,0.0,0,12.8591,2.1383,77.984,0.0,27.0,8942,5.2608,2.76
google,1500,10,linear,True,False,0.4,0.3,0.3,0,HHO,random,11,0.3333333333333333,E4,16.49,95.45,39,1.113992,87.0707,7.95,0.0,0,12.9091,2.1179,76.771,0.0,28.0,8876,5.2729,2.68
google,1500,10,linear,True,False,0.4,0.3,0.3,0,HHO,random,12,0.3333333333333333,E4,16.49,95.45,39,1.121391,86.9848,7.3386,0.0,0,13.0091,2.1334,76.779,0.0,27.5,8864,5.312,2.62
google,1500,10,linear,True,False,0.4,0.3,0.3,0,HHO,random,13,0.3333333333333333,E4,16.49,95.45,39,1.125071,86.9421,7.0345,0.0,0,13.0091,2.1533,74.183,0.0,28.0,8872,5.2954,2.7
google,1500,10,linear,True,False,0.4,0.3,0.3,0,HHO,random,14,0.3333333333333333,E4,16.49,95.45,39,1.113256,87.0792,8.0108,0.0,0,12.9591,2.1471,75.383,0.0,28.0,8810,5.3129,2.58
google,1500,10,linear,True,False,0.4,0.3,0.3,0,HHO,random,15,0.3333333333333333,E4,16.49,95.45,39,1.11561,87.0519,7.8162,0.0,0,12.9591,2.1499,75.33,0.0,27.5,9030,5.4621,2.57
google,1500,10,linear,True,False,0.4,0.3,0.3,0,HHO,random,16,0.3333333333333333,E4,16.49,95.45,39,1.098386,87.2518,9.2395,0.0,0,12.7591,2.1107,79.876,0.0,26.5,8820,5.3559,2.8
google,1500,10,linear,True,False,0.4,0.3,0.3,0,HHO,random,17,0.3333333333333333,E4,16.49,95.45,39,1.11613,87.0458,7.7733,0.0,0,12.9591,2.139,74.964,0.0,28.0,8884,5.3587,2.9
google,1500,10,linear,True,False,0.4,0.3,0.3,0,HHO,random,18,0.3333333333333333,E4,16.49,95.45,39,1.127006,86.9196,6.8746,0.0,0,13.1091,2.1657,71.533,0.0,28.0,8872,5.2821,2.54
google,1500,10,linear,True,False,0.4,0.3,0.3,0,HHO,random,19,0.3333333333333333,E4,16.49,95.45,39,1.118814,87.0147,7.5515,0.0,0,12.8591,2.1349,77.141,0.0,28.0,8900,5.2584,2.58
google,1500,10,linear,True,False,0.4,0.3,0.3,0,HHO,random,20,0.3333333333333333,E4,16.49,95.45,39,1.112486,87.0881,8.0743,0.0,0,12.9591,2.1338,75.889,0.0,27.5,9016,5.3887,2.56
google,1500,10,linear,True,False,0.4,0.3,0.3,0,HHO,random,21,0.3333333333333333,E4,16.49,95.45,39,1.117027,87.0354,7.6991,0.0,0,12.9591,2.1402,75.537,0.0,27.5,8900,5.3363,2.63
google,1500,10,linear,True,False,0.4,0.3,0.3,0,HHO,random,22,0.3333333333333333,E4,16.49,95.45,39,1.114612,87.0635,7.8987,0.0,0,13.0091,2.1546,74.315,0.0,28.5,8992,5.4135,2.49
google,1500,10,linear,True,False,0.4,0.3,0.3,0,HHO,random,23,0.3333333333333333,E4,16.49,95.45,39,1.124464,86.9491,7.0846,0.0,0,13.0091,2.1471,73.956,0.0,28.0,8934,5.4474,2.58
google,1500,10,linear,True,False,0.4,0.3,0.3,0,HHO,random,24,0.3333333333333333,E4,16.49,95.45,39,1.125002,86.9429,7.0402,0.0,0,13.0091,2.1449,76.624,0.0,27.5,8960,5.4889,2.55
google,1500,10,linear,True,False,0.4,0.3,0.3,0,HHO,random,25,0.3333333333333333,E4,16.49,95.45,39,1.118506,87.0183,7.577,0.0,0,13.0091,2.1437,75.601,0.0,27.5,8698,5.228,2.28
google,1500,10,linear,True,False,0.4,0.3,0.3,0,WOA,carbon,14,0.3333333333333333,E4,16.49,95.45,39,1.122244,86.9749,7.268,0.0,0,12.9591,2.1122,76.254,0.0,27.0,4840,3.5492,2.38
google,1500,10,linear,True,False,0.4,0.3,0.3,0,WOA,carbon,15,0.3333333333333333,E4,16.49,95.45,39,1.083877,87.4202,10.4383,0.0,0,12.9091,2.1235,75.07,0.0,28.5,4840,3.5479,2.41
google,1500,10,linear,True,False,0.4,0.3,0.3,0,WOA,carbon,16,0.3333333333333333,E4,16.49,95.45,39,1.084452,87.4135,10.3908,0.0,0,12.8591,2.1002,76.139,0.0,27.5,4840,3.5485,2.57
google,1500,10,linear,True,False,0.4,0.3,0.3,0,WOA,carbon,17,0.3333333333333333,E4,16.49,95.45,39,1.089128,87.3592,10.0045,0.0,0,13.0091,2.1085,74.145,0.0,27.5,4840,3.637,2.47
google,1500,10,linear,True,False,0.4,0.3,0.3,0,WOA,carbon,18,0.3333333333333333,E4,16.49,95.45,39,1.103676,87.1904,8.8023,0.0,0,13.0091,2.146,72.478,0.0,27.5,4840,3.5405,2.51
google,1500,10,linear,True,False,0.4,0.3,0.3,0,WOA,carbon,19,0.3333333333333333,E4,16.49,95.45,39,1.121295,86.9859,7.3465,0.0,0,13.0091,2.1284,75.903,0.0,28.5,4840,3.5805,2.34
google,1500,10,linear,True,False,0.4,0.3,0.3,0,WOA,carbon,20,0.3333333333333333,E4,16.49,95.45,39,1.087975,87.3726,10.0998,0.0,0,12.9091,2.1271,78.342,0.0,27.0,4840,3.5586,2.63
google,1500,10,linear,True,False,0.4,0.3,0.3,0,WOA,carbon,21,0.3333333333333333,E4,16.49,95.45,39,1.092501,87.3201,9.7258,0.0,0,13.0591,2.1179,71.184,0.0,27.0,4840,3.4564,2.46
google,1500,10,linear,True,False,0.4,0.3,0.3,0,WOA,carbon,22,0.3333333333333333,E4,16.49,95.45,39,1.089606,87.3537,9.965,0.0,0,12.8591,2.1145,78.409,0.0,27.5,4840,3.5577,2.5
google,1500,10,linear,True,False,0.4,0.3,0.3,0,WOA,carbon,23,0.3333333333333333,E4,16.49,95.45,39,1.113801,87.0729,7.9657,0.0,0,12.9091,2.1162,77.344,0.0,27.5,4840,3.5537,2.48
google,1500,10,linear,True,False,0.4,0.3,0.3,0,WOA,carbon,24,0.3333333333333333,E4,16.49,95.45,39,1.086818,87.3861,10.1953,0.0,0,12.9591,2.1368,72.439,0.0,28.0,4840,3.5612,2.35
google,1500,10,linear,True,False,0.4,0.3,0.3,0,WOA,carbon,25,0.3333333333333333,E4,16.49,95.45,39,1.026899,88.0815,15.1465,0.0,0,12.9591,2.0852,68.07,0.0,26.0,4840,3.64,2.73
google,1500,10,linear,True,False,0.4,0.3,0.3,0,WOA,carbon,26,0.3333333333333333,E4,16.49,95.45,39,1.08091,87.4546,10.6835,0.0,0,12.8591,2.1224,76.296,0.0,27.5,4840,3.5898,2.66
google,1500,10,linear,True,False,0.4,0.3,0.3,0,WOA,carbon,27,0.3333333333333333,E4,16.49,95.45,39,1.064972,87.6396,12.0005,0.0,0,13.0091,2.1085,72.88,0.0,27.0,4840,3.5853,2.49
google,1500,10,linear,True,False,0.4,0.3,0.3,0,WOA,carbon,28,0.3333333333333333,E4,16.49,95.45,39,1.074605,87.5278,11.2045,0.0,0,13.0091,2.1199,73.104,0.0,26.5,4840,3.5586,2.37
google,1500,10,linear,True,False,0.4,0.3,0.3,0,WOA,carbon,29,0.3333333333333333,E4,16.49,95.45,39,1.091253,87.3346,9.8289,0.0,0,12.9591,2.1237,71.955,0.0,28.5,4840,3.4844,2.49
google,1500,10,linear,True,False,0.4,0.3,0.3,0,HHO,random,26,0.3333333333333333,E4,16.49,95.45,39,1.131726,86.8648,6.4846,0.0,0,13.1091,2.1565,74.864,0.0,27.5,9004,5.3231,2.47
google,1500,10,linear,True,False,0.4,0.3,0.3,0,HHO,random,27,0.3333333333333333,E4,16.49,95.45,39,1.118311,87.0205,7.593,0.0,0,13.0091,2.1404,74.338,0.0,27.5,8882,5.2782,2.64
google,1500,10,linear,True,False,0.4,0.3,0.3,0,HHO,random,28,0.3333333333333333,E4,16.49,95.45,39,1.121088,86.9883,7.3636,0.0,0,13.0091,2.1471,73.901,0.0,28.0,8860,5.2981,2.52
google,1500,10,linear,True,False,0.4,0.3,0.3,0,HHO,random,29,0.3333333333333333,E4,16.49,95.45,39,1.118095,87.023,7.6109,0.0,0,12.9091,2.1338,78.133,0.0,27.5,8938,5.33,2.74
google,1500,10,linear,True,False,0.4,0.3,0.3,0,HHO,random,30,0.3333333333333333,E4,16.49,95.45,39,1.124823,86.945,7.055,0.0,0,13.0591,2.1591,72.131,0.0,28.0,9032,5.4456,2.69
google,1500,10,linear,True,False,0.4,0.3,0.3,0,GA,random,1,0.3333333333333333,E4,16.49,95.45,39,1.090828,87.3395,9.864,0.0,0,12.6591,2.0832,84.417,0.0,25.5,4840,6.2646,3.68
google,1500,10,linear,True,False,0.4,0.3,0.3,0,GA,random,2,0.3333333333333333,E4,16.49,95.45,39,1.101088,87.2204,9.0162,0.0,0,12.6591,2.077,83.295,0.0,26.0,4840,6.301,3.8
google,1500,10,linear,True,False,0.4,0.3,0.3,0,GA,random,3,0.3333333333333333,E4,16.49,95.45,39,1.086714,87.3873,10.2039,0.0,0,12.6091,2.0564,85.67,0.0,25.5,4840,6.0979,3.84
google,1500,10,linear,True,False,0.4,0.3,0.3,0,GA,random,4,0.3333333333333333,E4,16.49,95.45,39,1.092601,87.3189,9.7175,0.0,0,12.6591,2.0787,84.323,0.0,25.5,4840,6.096,3.81
google,1500,10,linear,True,False,0.4,0.3,0.3,0,GA,random,5,0.3333333333333333,E4,16.49,95.45,39,1.092591,87.319,9.7183,0.0,0,12.6591,2.0644,83.717,0.0,25.5,4840,6.1439,3.78
google,1500,10,linear,True,False,0.4,0.3,0.3,0,GA,random,6,0.3333333333333333,E4,16.49,95.45,39,1.093201,87.312,9.6679,0.0,0,12.6591,2.0657,83.059,0.0,26.5,4840,6.1577,3.71
google,1500,10,linear,True,False,0.4,0.3,0.3,0,GA,random,7,0.3333333333333333,E4,16.49,95.45,39,1.093417,87.3095,9.6501,0.0,0,12.6591,2.0809,83.846,0.0,26.5,4840,6.1922,3.83
google,1500,10,linear,True,False,0.4,0.3,0.3,0,GA,random,8,0.3333333333333333,E4,16.49,95.45,39,1.087573,87.3773,10.133,0.0,0,12.6091,2.0592,85.424,0.0,25.5,4840,6.2636,3.84
google,1500,10,linear,True,False,0.4,0.3,0.3,0,GA,random,9,0.3333333333333333,E4,16.49,95.45,39,1.093013,87.3142,9.6835,0.0,0,12.6091,2.0717,84.157,0.0,25.5,4840,6.3135,3.85
google,1500,10,linear,True,False,0.4,0.3,0.3,0,GA,random,10,0.3333333333333333,E4,16.49,95.45,39,1.087151,87.3822,10.1678,0.0,0,12.6591,2.0826,85.037,0.0,25.5,4840,6.0863,3.8
google,1500,10,linear,True,False,0.4,0.3,0.3,0,GA,random,11,0.3333333333333333,E4,16.49,95.45,39,1.091167,87.3356,9.836,0.0,0,12.6091,2.0603,83.899,0.0,26.0,4840,6.2233,3.88
google,1500,10,linear,True,False,0.4,0.3,0.3,0,GA,random,12,0.3333333333333333,E4,16.49,95.45,39,1.099325,87.2409,9.1619,0.0,0,12.6591,2.0776,83.574,0.0,26.0,4840,6.0731,3.68
google,1500,10,linear,True,False,0.4,0.3,0.3,0,GA,random,13,0.3333333333333333,E4,16.49,95.45,39,1.092285,87.3226,9.7436,0.0,0,12.5591,2.0614,86.275,0.0,25.5,4840,6.124,3.78
google,1500,10,linear,True,False,0.4,0.3,0.3,0,GA,random,14,0.3333333333333333,E4,16.49,95.45,39,1.09109,87.3365,9.8423,0.0,0,12.6591,2.0667,82.613,0.0,25.5,4840,6.1193,3.69
google,1500,10,linear,True,False,0.4,0.3,0.3,0,GA,random,15,0.3333333333333333,E4,16.49,95.45,39,1.097734,87.2594,9.2933,0.0,0,12.6591,2.065,83.652,0.0,26.5,4840,6.1707,3.62
google,1500,10,linear,True,False,0.4,0.3,0.3,0,GA,random,16,0.3333333333333333,E4,16.49,95.45,39,1.092765,87.317,9.704,0.0,0,12.6591,2.0661,83.95,0.0,25.5,4840,6.2288,3.72
google,1500,10,linear,True,False,0.4,0.3,0.3,0,GA,random,17,0.3333333333333333,E4,16.49,95.45,39,1.086335,87.3917,10.2353,0.0,0,12.6091,2.0774,84.692,0.0,25.5,4840,6.2717,3.75
google,1500,10,linear,True,False,0.4,0.3,0.3,0,GA,random,18,0.3333333333333333,E4,16.49,95.45,39,1.096145,87.2778,9.4246,0.0,0,12.6591,2.0843,83.446,0.0,26.5,4840,6.0258,3.81
google,1500,10,linear,True,False,0.4,0.3,0.3,0,GA,random,19,0.3333333333333333,E4,16.49,95.45,39,1.104632,87.1793,8.7233,0.0,0,12.6591,2.0644,82.966,0.0,26.5,4840,6.154,3.69
google,1500,10,linear,True,False,0.4,0.3,0.3,0,GA,random,20,0.3333333333333333,E4,16.49,95.45,39,1.1011,87.2203,9.0152,0.0,0,12.7091,2.1055,82.579,0.0,26.0,4840,6.1134,3.7
google,1500,10,linear,True,False,0.4,0.3,0.3,0,GA,random,21,0.3333333333333333,E4,16.49,95.45,39,1.094093,87.3016,9.5942,0.0,0,12.6591,2.0601,84.099,0.0,25.5,4840,6.1477,3.71
google,1500,10,linear,True,False,0.4,0.3,0.3,0,GA,random,22,0.3333333333333333,E4,16.49,95.45,39,1.090528,87.343,9.8888,0.0,0,12.6091,2.074,85.076,0.0,25.5,4840,6.1714,3.67
google,1500,10,linear,True,False,0.4,0.3,0.3,0,GA,random,23,0.3333333333333333,E4,16.49,95.45,39,1.089167,87.3588,10.0012,0.0,0,12.5591,2.0483,85.943,0.0,25.5,4840,6.2368,3.77
google,1500,10,linear,True,False,0.4,0.3,0.3,0,GA,random,24,0.3333333333333333,E4,16.49,95.45,39,1.091459,87.3322,9.8119,0.0,0,12.6591,2.0798,84.147,0.0,25.5,4840,6.2782,3.89
google,1500,10,linear,True,False,0.4,0.3,0.3,0,GA,random,25,0.3333333333333333,E4,16.49,95.45,39,1.094876,87.2925,9.5295,0.0,0,12.6591,2.0798,83.875,0.0,25.5,4840,6.3401,3.84
google,1500,10,linear,True,False,0.4,0.3,0.3,0,GA,random,26,0.3333333333333333,E4,16.49,95.45,39,1.093077,87.3134,9.6781,0.0,0,12.6091,2.0696,85.111,0.0,25.5,4840,6.0953,3.78
google,1500,10,linear,True,False,0.4,0.3,0.3,0,GA,random,27,0.3333333333333333,E4,16.49,95.45,39,1.090296,87.3457,9.908,0.0,0,12.6091,2.0723,85.33,0.0,25.5,4840,6.2291,3.61
google,1500,20,linear,True,False,0.4,0.3,0.3,0,WOA,random,5,0.3333333333333333,E4,16.49,95.45,39,1.11339,87.0777,7.9997,0.0,0,13.1591,2.1732,64.16,0.0,28.0,4840,3.6463,2.54
google,1500,20,linear,True,False,0.4,0.3,0.3,0,WOA,random,6,0.3333333333333333,E4,16.49,95.45,39,1.112142,87.0921,8.1028,0.0,0,13.0591,2.161,68.577,0.0,28.0,4840,3.6409,2.6
google,1500,20,linear,True,False,0.4,0.3,0.3,0,WOA,random,7,0.3333333333333333,E4,16.49,95.45,39,1.119338,87.0086,7.5082,0.0,0,13.1091,2.1811,65.225,0.0,28.0,4840,3.5365,2.56
google,1500,20,linear,True,False,0.4,0.3,0.3,0,WOA,random,8,0.3333333333333333,E4,16.49,95.45,39,1.125054,86.9423,7.0359,0.0,0,13.3091,2.2052,55.842,0.0,28.5,4840,3.5167,2.26
google,1500,20,linear,True,False,0.4,0.3,0.3,0,WOA,random,9,0.3333333333333333,E4,16.49,95.45,39,1.121511,86.9834,7.3286,0.0,0,13.0091,2.1569,75.176,0.0,27.5,4840,3.6076,2.48
google,1500,20,linear,True,False,0.4,0.3,0.3,0,WOA,random,10,0.3333333333333333,E4,16.49,95.45,39,1.121111,86.988,7.3617,0.0,0,13.2591,2.1885,56.807,0.0,28.5,4840,3.5791,2.43
google,1500,20,linear,True,False,0.4,0.3,0.3,0,WOA,random,11,0.3333333333333333,E4,16.49,95.45,39,1.111743,87.0968,8.1357,0.0,0,13.1091,2.1713,61.216,0.0,28.0,4840,3.5319,2.61
google,1500,20,linear,True,False,0.4,0.3,0.3,0,WOA,random,12,0.3333333333333333,E4,16.49,95.45,39,1.114336,87.0667,7.9215,0.0,0,13.1591,2.181,61.829,0.0,28.0,4840,3.4942,2.59
google,1500,20,linear,True,False,0.4,0.3,0.3,0,WOA,random,13,0.3333333333333333,E4,16.49,95.45,39,1.106125,87.162,8.6,0.0,0,13.1091,2.1591,60.756,0.0,28.5,4840,3.6579,2.49
google,1500,20,linear,True,False,0.4,0.3,0.3,0,WOA,random,14,0.3333333333333333,E4,16.49,95.45,39,1.115723,87.0506,7.8069,0.0,0,13.1591,2.1852,61.272,0.0,28.5,4840,3.5067,2.47
google,1500,20,linear,True,False,0.4,0.3,0.3,0,WOA,random,15,0.3333333333333333,E4,16.49,95.45,39,1.107885,87.1415,8.4546,0.0,0,12.9591,2.1362,72.106,0.0,28.0,4840,3.5169,2.5
google,1500,20,linear,True,False,0.4,0.3,0.3,0,WOA,random,16,0.3333333333333333,E4,16.49,95.45,39,1.109599,87.1216,8.3129,0.0,0,13.0591,2.1439,65.355,0.0,28.0,4840,3.6049,2.5
google,1500,20,linear,True,False,0.4,0.3,0.3,0,WOA,random,17,0.3333333333333333,E4,16.49,95.45,39,1.117733,87.0272,7.6408,0.0,0,13.1591,2.1835,60.752,0.0,28.5,4840,3.5817,2.58
google,1500,20,linear,True,False,0.4,0.3,0.3,0,WOA,random,18,0.3333333333333333,E4,16.49,95.45,39,1.103555,87.1918,8.8124,0.0,0,13.0591,2.154,65.169,0.0,28.0,4840,3.5349,2.52
google,1500,20,linear,True,False,0.4,0.3,0.3,0,WOA,random,19,0.3333333333333333,E4,16.49,95.45,39,1.124874,86.9444,7.0508,0.0,0,13.3091,2.2047,56.22,0.0,28.5,4840,3.4971,2.44
google,1500,20,linear,True,False,0.4,0.3,0.3,0,WOA,random,20,0.3333333333333333,E4,16.49,95.45,39,1.11455,87.0642,7.9039,0.0,0,13.1091,2.1777,64.186,0.0,28.0,4840,3.4976,2.61
google,1500,20,linear,True,False,0.4,0.3,0.3,0,WOA,random,21,0.3333333333333333,E4,16.49,95.45,39,1.12072,86.9926,7.394,0.0,0,13.2591,2.1885,57.894,0.0,28.5,4840,3.5617,2.53
google,1500,20,linear,True,False,0.4,0.3,0.3,0,WOA,random,22,0.3333333333333333,E4,16.49,95.45,39,1.117315,87.0321,7.6754,0.0,0,13.1591,2.184,60.924,0.0,28.5,4840,3.5086,2.73
google,1500,20,linear,True,False,0.4,0.3,0.3,0,WOA,random,23,0.3333333333333333,E4,16.49,95.45,39,1.112297,87.0903,8.09,0.0,0,13.0591,2.1702,64.685,0.0,28.5,4840,3.5774,2.79
google,1500,20,linear,True,False,0.4,0.3,0.3,0,WOA,random,24,0.3333333333333333,E4,16.49,95.45,39,1.121329,86.9855,7.3437,0.0,0,13.2591,2.1891,56.619,0.0,28.5,4840,3.5607,2.43
google,1500,20,linear,True,False,0.4,0.3,0.3,0,WOA,random,25,0.3333333333333333,E4,16.49,95.45,39,1.111485,87.0998,8.1571,0.0,0,13.0091,2.149,72.531,0.0,28.0,4840,3.5559,2.52
google,1500,20,linear,True,False,0.4,0.3,0.3,0,WOA,random,26,0.3333333333333333,E4,16.49,95.45,39,1.117983,87.0243,7.6201,0.0,0,13.1591,2.181,60.72,0.0,28.0,4840,3.5051,2.48
google,1500,20,linear,True,False,0.4,0.3,0.3,0,WOA,random,27,0.3333333333333333,E4,16.49,95.45,39,1.119279,87.0093,7.513,0.0,0,13.2591,2.1869,58.809,0.0,28.5,4840,3.5045,2.54
google,1500,20,linear,True,False,0.4,0.3,0.3,0,WOA,random,28,0.3333333333333333,E4,16.49,95.45,39,1.113106,87.081,8.0232,0.0,0,13.1091,2.1839,60.796,0.0,28.0,4840,3.5225,2.44
google,1500,20,linear,True,False,0.4,0.3,0.3,0,WOA,random,29,0.3333333333333333,E4,16.49,95.45,39,1.116037,87.0469,7.781,0.0,0,13.2091,2.1822,57.851,0.0,28.5,4840,3.482,2.48
google,1500,20,linear,True,False,0.4,0.3,0.3,0,WOA,random,30,0.3333333333333333,E4,16.49,95.45,39,1.113574,87.0755,7.9845,0.0,0,13.1091,2.1685,66.356,0.0,28.0,4840,3.4894,2.62
google,1500,20,linear,True,False,0.4,0.3,0.3,0,GWO,random,1,0.3333333333333333,E4,16.49,95.45,39,1.127241,86.9169,6.8552,0.0,0,12.9091,2.1287,79.773,0.0,25.5,4840,4.114,2.53
google,1500,20,linear,True,False,0.4,0.3,0.3,0,GWO,random,2,0.3333333333333333,E4,16.49,95.45,39,1.132035,86.8613,6.4591,0.0,0,12.8591,2.1339,81.5,0.0,25.5,4840,4.104,2.46
google,1500,20,linear,True,False,0.4,0.3,0.3,0,GWO,random,3,0.3333333333333333,E4,16.49,95.45,39,1.118088,87.0231,7.6115,0.0,0,12.8091,2.1105,82.679,0.0,25.5,4840,4.0266,2.45
google,1500,20,linear,True,False,0.4,0.3,0.3,0,GWO,random,4,0.3333333333333333,E4,16.49,95.45,39,1.112481,87.0882,8.0748,0.0,0,12.7091,2.1061,82.5,0.0,25.5,4840,4.031,2.66
google,1500,20,linear,True,False,0.4,0.3,0.3,0,GWO,random,5,0.3333333333333333,E4,16.49,95.45,39,1.132148,86.8599,6.4497,0.0,0,12.9591,2.1347,80.002,0.0,25.5,4840,4.0375,2.36
google,1500,20,linear,True,False,0.4,0.3,0.3,0,GWO,random,6,0.3333333333333333,E4,16.49,95.45,39,1.11063,87.1097,8.2277,0.0,0,12.7591,2.0976,83.271,0.0,25.5,4840,4.3151,2.69
google,1500,20,linear,True,False,0.4,0.3,0.3,0,PSO,random,1,0.3333333333333333,E4,16.49,95.45,39,1.142371,86.7413,5.605,0.0,0,13.0591,2.161,76.979,0.0,27.0,4840,3.6688,4.22
google,1500,20,linear,True,False,0.4,0.3,0.3,0,PSO,random,2,0.3333333333333333,E4,16.49,95.45,39,1.124546,86.9482,7.0779,0.0,0,12.9091,2.1134,79.131,0.0,26.5,4840,3.6757,4.37
google,1500,20,linear,True,False,0.4,0.3,0.3,0,PSO,random,3,0.3333333333333333,E4,16.49,95.45,39,1.127547,86.9133,6.8299,0.0,0,12.9091,2.1413,80.016,0.0,26.0,4840,3.6344,4.29
google,1500,20,linear,True,False,0.4,0.3,0.3,0,PSO,random,4,0.3333333333333333,E4,16.49,95.45,39,1.122096,86.9766,7.2803,0.0,0,12.8591,2.1316,80.249,0.0,26.0,4840,3.6001,4.24
google,1500,20,linear,True,False,0.4,0.3,0.3,0,PSO,random,5,0.3333333333333333,E4,16.49,95.45,39,1.128638,86.9007,6.7397,0.0,0,12.9091,2.1351,79.538,0.0,26.5,4840,3.5946,4.25
google,1500,20,linear,True,False,0.4,0.3,0.3,0,PSO,random,6,0.3333333333333333,E4,16.49,95.45,39,1.142477,86.7401,5.5962,0.0,0,13.0091,2.1317,77.815,0.0,27.5,4840,3.601,4.15
google,1500,20,linear,True,False,0.4,0.3,0.3,0,PSO,random,7,0.3333333333333333,E4,16.49,95.45,39,1.134871,86.8283,6.2247,0.0,0,12.9591,2.1471,77.595,0.0,26.5,4840,3.896,4.23
google,1500,20,linear,True,False,0.4,0.3,0.3,0,PSO,random,8,0.3333333333333333,E4,16.49,95.45,39,1.14505,86.7102,5.3836,0.0,0,13.0091,2.1546,77.602,0.0,26.5,4840,4.0498,4.23
google,1500,20,linear,True,False,0.4,0.3,0.3,0,GWO,random,7,0.3333333333333333,E4,16.49,95.45,39,1.127383,86.9152,6.8434,0.0,0,12.9591,2.1477,79.516,0.0,25.5,4840,4.0229,2.45
google,1500,20,linear,True,False,0.4,0.3,0.3,0,GWO,random,8,0.3333333333333333,E4,16.49,95.45,39,1.116669,87.0396,7.7288,0.0,0,12.7091,2.0994,82.168,0.0,25.5,4840,4.1205,2.83
google,1500,20,linear,True,False,0.4,0.3,0.3,0,GWO,random,9,0.3333333333333333,E4,16.49,95.45,39,1.135972,86.8156,6.1337,0.0,0,12.9591,2.1317,79.42,0.0,25.5,4840,4.0851,2.44
google,1500,20,linear,True,False,0.4,0.3,0.3,0,GWO,random,10,0.3333333333333333,E4,16.49,95.45,39,1.129116,86.8951,6.7002,0.0,0,12.9091,2.1171,79.898,0.0,25.5,4840,4.023,2.35
google,1500,20,linear,True,False,0.4,0.3,0.3,0,GWO,random,11,0.3333333333333333,E4,16.49,95.45,39,1.122844,86.9679,7.2185,0.0,0,12.8091,2.102,81.674,0.0,25.5,4840,4.0099,2.46
google,1500,20,linear,True,False,0.4,0.3,0.3,0,GWO,random,12,0.3333333333333333,E4,16.49,95.45,39,1.115537,87.0527,7.8222,0.0,0,12.7591,2.1079,82.69,0.0,25.5,4840,4.032,2.58
google,1500,20,linear,True,False,0.4,0.3,0.3,0,GWO,random,13,0.3333333333333333,E4,16.49,95.45,39,1.128856,86.8981,6.7217,0.0,0,12.9091,2.1419,80.164,0.0,25.5,4840,4.2514,2.42
google,1500,20,linear,True,False,0.4,0.3,0.3,0,GWO,random,14,0.3333333333333333,E4,16.49,95.45,39,1.100164,87.2312,9.0925,0.0,0,12.6591,2.0684,83.894,0.0,25.5,4840,4.5075,2.79
google,1500,20,linear,True,False,0.4,0.3,0.3,0,PSO,random,9,0.3333333333333333,E4,16.49,95.45,39,1.129414,86.8917,6.6756,0.0,0,12.9591,2.1511,79.652,0.0,26.5,4840,3.692,4.12
google,1500,20,linear,True,False,0.4,0.3,0.3,0,PSO,random,10,0.3333333333333333,E4,16.49,95.45,39,1.127973,86.9084,6.7947,0.0,0,12.9091,2.1334,79.439,0.0,26.0,4840,3.6347,4.17
google,1500,20,linear,True,False,0.4,0.3,0.3,0,PSO,random,11,0.3333333333333333,E4,16.49,95.45,39,1.127512,86.9137,6.8328,0.0,0,12.8591,2.1246,80.385,0.0,26.0,4840,3.6043,4.24
google,1500,20,linear,True,False,0.4,0.3,0.3,0,PSO,random,12,0.3333333333333333,E4,16.49,95.45,39,1.126304,86.9278,6.9326,0.0,0,12.9091,2.1379,78.672,0.0,26.5,4840,3.5748,4.08
google,1500,20,linear,True,False,0.4,0.3,0.3,0,PSO,random,13,0.3333333333333333,E4,16.49,95.45,39,1.14048,86.7632,5.7612,0.0,0,13.0091,2.1535,77.092,0.0,27.5,4840,3.5865,4.17
google,1500,20,linear,True,False,0.4,0.3,0.3,0,PSO,random,14,0.3333333333333333,E4,16.49,95.45,39,1.137852,86.7937,5.9783,0.0,0,13.0091,2.1449,77.764,0.0,26.5,4840,3.6505,4.17
google,1500,20,linear,True,False,0.4,0.3,0.3,0,PSO,random,15,0.3333333333333333,E4,16.49,95.45,39,1.127701,86.9116,6.8172,0.0,0,12.9091,2.1402,78.656,0.0,26.5,4840,3.8678,4.37
google,1500,20,linear,True,False,0.4,0.3,0.3,0,PSO,random,16,0.3333333333333333,E4,16.49,95.45,39,1.120659,86.9933,7.3991,0.0,0,12.8591,2.1098,81.87,0.0,25.5,4840,4.0963,4.09
google,1500,20,linear,True,False,0.4,0.3,0.3,0,GWO,random,15,0.3333333333333333,E4,16.49,95.45,39,1.120445,86.9958,7.4167,0.0,0,12.8091,2.1115,81.595,0.0,26.0,4840,4.0713,2.61
google,1500,20,linear,True,False,0.4,0.3,0.3,0,GWO,random,16,0.3333333333333333,E4,16.49,95.45,39,1.102698,87.2017,8.8832,0.0,0,12.6091,2.1004,85.756,0.0,25.0,4840,4.1083,2.62
google,1500,20,linear,True,False,0.4,0.3,0.3,0,GWO,random,17,0.3333333333333333,E4,16.49,95.45,39,1.116932,87.0365,7.707,0.0,0,12.7591,2.1091,80.992,0.0,25.5,4840,4.1127,2.72
google,1500,20,linear,True,False,0.4,0.3,0.3,0,GWO,random,18,0.3333333333333333,E4,16.49,95.45,39,1.123943,86.9552,7.1277,0.0,0,12.8091,2.1212,80.38,0.0,25.5,4840,4.0577,2.36
google,1500,20,linear,True,False,0.4,0.3,0.3,0,GWO,random,19,0.3333333333333333,E4,16.49,95.45,39,1.125188,86.9407,7.0248,0.0,0,12.8591,2.0687,81.159,0.0,25.5,4840,4.0425,2.5
google,1500,20,linear,True,False,0.4,0.3,0.3,0,GWO,random,20,0.3333333333333333,E4,16.49,95.45,39,1.124774,86.9455,7.059,0.0,0,12.9091,2.1145,80.668,0.0,25.5,4840,4.0795,2.53
google,1500,20,linear,True,False,0.4,0.3,0.3,0,GWO,random,21,0.3333333333333333,E4,16.49,95.45,39,1.13762,86.7964,5.9975,0.0,0,13.0091,2.1381,77.669,0.0,26.5,4840,4.3911,2.3
google,1500,20,linear,True,False,0.4,0.3,0.3,0,GWO,random,22,0.3333333333333333,E4,16.49,95.45,39,1.12885,86.8982,6.7222,0.0,0,12.9591,2.1399,79.326,0.0,26.5,4840,4.5144,2.33
google,1500,20,linear,True,False,0.4,0.3,0.3,0,GWO,random,23,0.3333333333333333,E4,16.49,95.45,39,1.123728,86.9577,7.1454,0.0,0,12.8591,2.1293,81.862,0.0,25.5,4840,4.0982,2.43
google,1500,20,linear,True,False,0.4,0.3,0.3,0,GWO,random,24,0.3333333333333333,E4,16.49,95.45,39,1.13479,86.8293,6.2314,0.0,0,12.9591,2.1321,79.585,0.0,26.0,4840,4.1098,2.36
google,1500,20,linear,True,False,0.4,0.3,0.3,0,GWO,random,25,0.3333333333333333,E4,16.49,95.45,39,1.119208,87.0101,7.519,0.0,0,12.8591,2.1269,80.373,0.0,25.5,4840,4.0664,2.41
google,1500,20,linear,True,False,0.4,0.3,0.3,0,GWO,random,26,0.3333333333333333,E4,16.49,95.45,39,1.137689,86.7956,5.9918,0.0,0,13.0091,2.1175,77.815,0.0,27.5,4840,4.0251,2.36
google,1500,20,linear,True,False,0.4,0.3,0.3,0,GWO,random,27,0.3333333333333333,E4,16.49,95.45,39,1.125231,86.9402,7.0213,0.0,0,12.9091,2.1053,81.197,0.0,25.5,4840,4.0345,2.41
google,1500,20,linear,True,False,0.4,0.3,0.3,0,GWO,random,28,0.3333333333333333,E4,16.49,95.45,39,1.138593,86.7851,5.9171,0.0,0,13.0591,2.149,77.53,0.0,27.0,4840,4.2108,2.41
google,1500,20,linear,True,False,0.4,0.3,0.3,0,GWO,random,29,0.3333333333333333,E4,16.49,95.45,39,1.131513,86.8673,6.5022,0.0,0,12.9591,2.1471,80.025,0.0,25.5,4840,4.3499,2.41
google,1500,20,linear,True,False,0.4,0.3,0.3,0,GWO,random,30,0.3333333333333333,E4,16.49,95.45,39,1.10692,87.1527,8.5343,0.0,0,12.6591,2.0701,83.23,0.0,25.5,4840,4.4507,2.7
google,1500,20,linear,True,False,0.4,0.3,0.3,0,PSO,random,25,0.3333333333333333,E4,16.49,95.45,39,1.134708,86.8302,6.2382,0.0,0,12.9091,2.1329,78.832,0.0,26.5,4840,3.6276,4.1
google,1500,20,linear,True,False,0.4,0.3,0.3,0,PSO,random,26,0.3333333333333333,E4,16.49,95.45,39,1.145459,86.7054,5.3498,0.0,0,13.0091,2.1432,77.569,0.0,26.0,4840,3.5489,4.05
google,1500,20,linear,True,False,0.4,0.3,0.3,0,PSO,random,27,0.3333333333333333,E4,16.49,95.45,39,1.120904,86.9904,7.3788,0.0,0,12.8591,2.1214,80.566,0.0,26.0,4840,3.5524,4.11
google,1500,20,linear,True,False,0.4,0.3,0.3,0,PSO,random,28,0.3333333333333333,E4,16.49,95.45,39,1.136133,86.8137,6.1204,0.0,0,13.0091,2.1329,77.659,0.0,26.0,4840,3.567,4.45
google,1500,20,linear,True,False,0.4,0.3,0.3,0,PSO,random,29,0.3333333333333333,E4,16.49,95.45,39,1.134341,86.8345,6.2685,0.0,0,12.9091,2.1379,79.175,0.0,26.5,4840,3.7942,4.34
google,1500,20,linear,True,False,0.4,0.3,0.3,0,PSO,random,30,0.3333333333333333,E4,16.49,95.45,39,1.126091,86.9302,6.9502,0.0,0,12.8591,2.136,81.359,0.0,26.5,4840,3.8282,4.13
google,1500,20,linear,True,False,0.4,0.3,0.3,0,DE,random,1,0.3333333333333333,E4,16.49,95.45,39,1.110095,87.1159,8.272,0.0,0,12.7091,2.0858,82.032,0.0,26.5,4840,3.8281,2.77
google,1500,20,linear,True,False,0.4,0.3,0.3,0,DE,random,2,0.3333333333333333,E4,16.49,95.45,39,1.109839,87.1189,8.2931,0.0,0,12.7591,2.1107,83.348,0.0,25.5,4840,3.6061,2.61
google,1500,20,linear,True,False,0.4,0.3,0.3,0,PSO,random,17,0.3333333333333333,E4,16.49,95.45,39,1.131031,86.8729,6.542,0.0,0,12.9591,2.1323,80.231,0.0,25.5,4840,3.647,4.43
google,1500,20,linear,True,False,0.4,0.3,0.3,0,PSO,random,18,0.3333333333333333,E4,16.49,95.45,39,1.146704,86.691,5.2469,0.0,0,13.0091,2.1546,78.157,0.0,27.0,4840,3.5671,3.96
google,1500,20,linear,True,False,0.4,0.3,0.3,0,PSO,random,19,0.3333333333333333,E4,16.49,95.45,39,1.119456,87.0072,7.4984,0.0,0,12.8591,2.1104,80.601,0.0,25.5,4840,3.582,4.18
google,1500,20,linear,True,False,0.4,0.3,0.3,0,PSO,random,20,0.3333333333333333,E4,16.49,95.45,39,1.134678,86.8306,6.2407,0.0,0,13.0091,2.1362,77.439,0.0,26.5,4840,3.5797,4.13
google,1500,20,linear,True,False,0.4,0.3,0.3,0,PSO,random,21,0.3333333333333333,E4,16.49,95.45,39,1.138419,86.7872,5.9315,0.0,0,13.0091,2.1261,77.26,0.0,27.0,4840,3.817,3.98
google,1500,20,linear,True,False,0.4,0.3,0.3,0,PSO,random,22,0.3333333333333333,E4,16.49,95.45,39,1.136858,86.8053,6.0605,0.0,0,12.9591,2.1391,79.311,0.0,26.5,4840,3.7966,4.22
google,1500,20,linear,True,False,0.4,0.3,0.3,0,PSO,random,23,0.3333333333333333,E4,16.49,95.45,39,1.126214,86.9288,6.94,0.0,0,12.8591,2.1252,78.112,0.0,26.5,4840,3.9275,4.33
google,1500,20,linear,True,False,0.4,0.3,0.3,0,PSO,random,24,0.3333333333333333,E4,16.49,95.45,39,1.132669,86.8539,6.4066,0.0,0,12.9091,2.1139,79.724,0.0,26.0,4840,3.718,4.17
google,1500,20,linear,True,False,0.4,0.3,0.3,0,DE,random,3,0.3333333333333333,E4,16.49,95.45,39,1.106283,87.1601,8.5869,0.0,0,12.7591,2.092,81.279,0.0,27.0,4840,3.5341,2.94
google,1500,20,linear,True,False,0.4,0.3,0.3,0,DE,random,4,0.3333333333333333,E4,16.49,95.45,39,1.094853,87.2928,9.5314,0.0,0,12.5591,2.0682,85.1,0.0,27.0,4840,3.4737,2.89
google,1500,20,linear,True,False,0.4,0.3,0.3,0,DE,random,5,0.3333333333333333,E4,16.49,95.45,39,1.107059,87.1511,8.5229,0.0,0,12.8091,2.0886,81.761,0.0,26.5,4840,3.48,2.58
google,1500,20,linear,True,False,0.4,0.3,0.3,0,DE,random,6,0.3333333333333333,E4,16.49,95.45,39,1.082479,87.4364,10.5539,0.0,0,12.5091,2.0481,86.461,0.0,25.5,4840,3.5002,3.08
google,1500,20,linear,True,False,0.4,0.3,0.3,0,DE,random,7,0.3333333333333333,E4,16.49,95.45,39,1.093075,87.3134,9.6783,0.0,0,12.6591,2.065,85.14,0.0,25.5,4840,3.7318,2.96
google,1500,20,linear,True,False,0.4,0.3,0.3,0,DE,random,8,0.3333333333333333,E4,16.49,95.45,39,1.113484,87.0766,7.9919,0.0,0,12.8091,2.1006,81.563,0.0,26.5,4840,3.8628,2.56
google,1500,20,linear,True,False,0.4,0.3,0.3,0,DE,random,9,0.3333333333333333,E4,16.49,95.45,39,1.115073,87.0581,7.8606,0.0,0,12.8591,2.1053,82.21,0.0,26.0,4840,3.792,2.65
google,1500,20,linear,True,False,0.4,0.3,0.3,0,DE,random,10,0.3333333333333333,E4,16.49,95.45,39,1.095853,87.2812,9.4488,0.0,0,12.6591,2.0804,84.211,0.0,25.5,4840,3.6266,2.75
google,1500,20,linear,True,False,0.4,0.3,0.3,0,DE,random,11,0.3333333333333333,E4,16.49,95.45,39,1.103778,87.1892,8.7939,0.0,0,12.7091,2.1038,81.5,0.0,26.0,4840,3.509,2.98
google,1500,20,linear,True,False,0.4,0.3,0.3,0,DE,random,12,0.3333333333333333,E4,16.49,95.45,39,1.114138,87.069,7.9379,0.0,0,12.8091,2.1023,81.946,0.0,27.0,4840,3.4992,2.55
google,1500,20,linear,True,False,0.4,0.3,0.3,0,DE,random,13,0.3333333333333333,E4,16.49,95.45,39,1.095648,87.2836,9.4658,0.0,0,12.6091,2.0603,85.093,0.0,25.5,4840,3.7496,2.91
google,1500,20,linear,True,False,0.4,0.3,0.3,0,DE,random,14,0.3333333333333333,E4,16.49,95.45,39,1.105273,87.1719,8.6704,0.0,0,12.7091,2.0798,84.383,0.0,25.5,4840,3.9543,2.76
google,1500,20,linear,True,False,0.4,0.3,0.3,0,DE,random,15,0.3333333333333333,E4,16.49,95.45,39,1.106867,87.1534,8.5387,0.0,0,12.7091,2.0999,83.33,0.0,25.5,4840,3.6615,2.75
google,1500,20,linear,True,False,0.4,0.3,0.3,0,DE,random,16,0.3333333333333333,E4,16.49,95.45,39,1.094094,87.3016,9.5941,0.0,0,12.6091,2.0631,84.41,0.0,25.5,4840,3.6676,3.1
google,1500,20,linear,True,False,0.4,0.3,0.3,0,DE,random,17,0.3333333333333333,E4,16.49,95.45,39,1.101279,87.2182,9.0004,0.0,0,12.7591,2.1085,83.871,0.0,25.5,4840,3.6464,2.74
google,1500,20,linear,True,False,0.4,0.3,0.3,0,DE,random,18,0.3333333333333333,E4,16.49,95.45,39,1.097621,87.2607,9.3027,0.0,0,12.5591,2.0642,85.48,0.0,25.5,4840,3.6148,2.8
google,1500,20,linear,True,False,0.4,0.3,0.3,0,DE,random,19,0.3333333333333333,E4,16.49,95.45,39,1.111023,87.1051,8.1952,0.0,0,12.8091,2.1184,82.391,0.0,25.5,4840,3.5172,2.73
google,1500,20,linear,True,False,0.4,0.3,0.3,0,DE,random,20,0.3333333333333333,E4,16.49,95.45,39,1.100047,87.2325,9.1022,0.0,0,12.6591,2.0809,83.837,0.0,26.5,4840,3.7771,2.81
google,1500,20,linear,True,False,0.4,0.3,0.3,0,DE,random,21,0.3333333333333333,E4,16.49,95.45,39,1.098762,87.2474,9.2084,0.0,0,12.6591,2.0792,83.391,0.0,26.0,4840,3.9632,2.91
google,1500,20,linear,True,False,0.4,0.3,0.3,0,DE,random,22,0.3333333333333333,E4,16.49,95.45,39,1.083804,87.421,10.4444,0.0,0,12.4591,2.0275,88.238,0.0,25.5,4840,3.6627,2.96
google,1500,20,linear,True,False,0.4,0.3,0.3,0,DE,random,23,0.3333333333333333,E4,16.49,95.45,39,1.093762,87.3055,9.6216,0.0,0,12.6091,2.0695,84.786,0.0,25.5,4840,3.6933,2.9
google,1500,20,linear,True,False,0.4,0.3,0.3,0,DE,random,24,0.3333333333333333,E4,16.49,95.45,39,1.101575,87.2148,8.976,0.0,0,12.7091,2.0941,84.211,0.0,25.5,4840,3.6765,2.7
google,1500,20,linear,True,False,0.4,0.3,0.3,0,DE,random,25,0.3333333333333333,E4,16.49,95.45,39,1.100074,87.2322,9.1,0.0,0,12.6591,2.0725,84.947,0.0,25.5,4840,3.6164,2.83
google,1500,20,linear,True,False,0.4,0.3,0.3,0,DE,random,26,0.3333333333333333,E4,16.49,95.45,39,1.107258,87.1488,8.5064,0.0,0,12.7591,2.1074,82.674,0.0,26.5,4840,3.6205,2.57
google,1500,20,linear,True,False,0.4,0.3,0.3,0,DE,random,27,0.3333333333333333,E4,16.49,95.45,39,1.106357,87.1593,8.5808,0.0,0,12.7091,2.1038,83.357,0.0,26.0,4840,3.7981,2.62
google,1500,20,linear,True,False,0.4,0.3,0.3,0,DE,random,28,0.3333333333333333,E4,16.49,95.45,39,1.105903,87.1645,8.6183,0.0,0,12.7091,2.0753,83.776,0.0,25.5,4840,3.9185,2.67
google,1500,20,linear,True,False,0.4,0.3,0.3,0,DE,random,29,0.3333333333333333,E4,16.49,95.45,39,1.104941,87.1757,8.6978,0.0,0,12.7091,2.1017,83.963,0.0,25.5,4840,3.7581,2.6
google,1500,20,linear,True,False,0.4,0.3,0.3,0,DE,random,30,0.3333333333333333,E4,16.49,95.45,39,1.099807,87.2353,9.1221,0.0,0,12.6591,2.0912,84.571,0.0,25.5,4840,3.644,2.97
google,1500,20,linear,True,False,0.4,0.3,0.3,0,HHO,random,1,0.3333333333333333,E4,16.49,95.45,39,1.108198,87.1379,8.4287,0.0,0,12.9091,2.1317,72.034,0.0,28.0,8910,5.5669,2.76
google,1500,20,linear,True,False,0.4,0.3,0.3,0,HHO,random,2,0.3333333333333333,E4,16.49,95.45,39,1.112313,87.0901,8.0887,0.0,0,13.0091,2.142,75.809,0.0,27.0,8780,5.4145,2.43
google,1500,20,linear,True,False,0.4,0.3,0.3,0,HHO,random,3,0.3333333333333333,E4,16.49,95.45,39,1.122305,86.9742,7.263,0.0,0,13.1091,2.1719,66.408,0.0,28.5,8894,5.3954,2.57
google,1500,20,linear,True,False,0.4,0.3,0.3,0,HHO,random,4,0.3333333333333333,E4,16.49,95.45,39,1.109175,87.1266,8.3479,0.0,0,12.9591,2.1533,74.858,0.0,28.0,9094,5.4111,2.58
google,1500,20,linear,True,False,0.4,0.3,0.3,0,WOA,carbon,1,0.3333333333333333,E4,16.49,95.45,39,0.958958,88.87,20.7605,0.0,0,12.6591,2.0327,69.77,0.0,26.5,4840,3.7232,2.55
google,1500,20,linear,True,False,0.4,0.3,0.3,0,WOA,carbon,2,0.3333333333333333,E4,16.49,95.45,39,0.949079,88.9847,21.5768,0.0,0,12.6091,2.0172,68.084,0.0,26.0,4840,3.5796,2.37
google,1500,20,linear,True,False,0.4,0.3,0.3,0,WOA,carbon,3,0.3333333333333333,E4,16.49,95.45,39,0.970307,88.7383,19.8227,0.0,0,12.7591,2.0581,66.905,0.0,26.5,4840,3.6434,2.45
google,1500,20,linear,True,False,0.4,0.3,0.3,0,WOA,carbon,4,0.3333333333333333,E4,16.49,95.45,39,0.977081,88.6597,19.263,0.0,0,12.8091,2.0667,65.515,0.0,26.5,4840,3.6035,2.49
google,1500,20,linear,True,False,0.4,0.3,0.3,0,WOA,carbon,5,0.3333333333333333,E4,16.49,95.45,39,0.970014,88.7417,19.8469,0.0,0,12.7591,2.0397,67.549,0.0,27.0,4840,3.5337,2.46
google,1500,20,linear,True,False,0.4,0.3,0.3,0,WOA,carbon,6,0.3333333333333333,E4,16.49,95.45,39,0.972425,88.7137,19.6477,0.0,0,12.8091,2.0644,65.91,0.0,26.5,4840,3.5127,2.68
google,1500,20,linear,True,False,0.4,0.3,0.3,0,WOA,carbon,7,0.3333333333333333,E4,16.49,95.45,39,0.945468,89.0266,21.8752,0.0,0,12.5591,2.0097,70.312,0.0,26.0,4840,3.5611,2.49
google,1500,20,linear,True,False,0.4,0.3,0.3,0,WOA,carbon,8,0.3333333333333333,E4,16.49,95.45,39,0.976223,88.6697,19.3339,0.0,0,12.8091,2.0547,67.792,0.0,26.5,4840,3.4902,2.55
google,1500,20,linear,True,False,0.4,0.3,0.3,0,WOA,carbon,9,0.3333333333333333,E4,16.49,95.45,39,0.94687,89.0103,21.7593,0.0,0,12.6091,2.0172,69.212,0.0,26.0,4840,3.7737,2.4
google,1500,20,linear,True,False,0.4,0.3,0.3,0,WOA,carbon,10,0.3333333333333333,E4,16.49,95.45,39,0.975105,88.6826,19.4263,0.0,0,12.7591,2.0569,68.325,0.0,27.0,4840,3.6019,2.66
google,1500,20,linear,True,False,0.4,0.3,0.3,0,WOA,carbon,11,0.3333333333333333,E4,16.49,95.45,39,0.963414,88.8183,20.3923,0.0,0,12.6591,2.0264,69.906,0.0,27.0,4840,3.6181,2.55
google,1500,20,linear,True,False,0.4,0.3,0.3,0,WOA,carbon,12,0.3333333333333333,E4,16.49,95.45,39,0.963131,88.8216,20.4157,0.0,0,12.6591,2.0247,70.774,0.0,27.0,4840,3.5889,2.46
google,1500,20,linear,True,False,0.4,0.3,0.3,0,WOA,carbon,13,0.3333333333333333,E4,16.49,95.45,39,0.979006,88.6373,19.1039,0.0,0,12.8091,2.0684,69.147,0.0,26.5,4840,3.5741,2.42
google,1500,20,linear,True,False,0.4,0.3,0.3,0,WOA,carbon,14,0.3333333333333333,E4,16.49,95.45,39,0.979362,88.6332,19.0745,0.0,0,12.8091,2.0558,66.66,0.0,27.0,4840,3.5,2.65
google,1500,20,linear,True,False,0.4,0.3,0.3,0,WOA,carbon,15,0.3333333333333333,E4,16.49,95.45,39,0.962906,88.8242,20.4343,0.0,0,12.6591,2.0247,69.454,0.0,27.0,4840,3.5488,2.41
google,1500,20,linear,True,False,0.4,0.3,0.3,0,WOA,carbon,16,0.3333333333333333,E4,16.49,95.45,39,0.967026,88.7764,20.0938,0.0,0,12.7091,2.0344,68.723,0.0,27.0,4840,3.5247,2.46
google,1500,20,linear,True,False,0.4,0.3,0.3,0,HHO,random,5,0.3333333333333333,E4,16.49,95.45,39,1.10758,87.1451,8.4797,0.0,0,13.0091,2.1443,67.335,0.0,28.0,8986,5.9073,2.74
google,1500,20,linear,True,False,0.4,0.3,0.3,0,HHO,random,6,0.3333333333333333,E4,16.49,95.45,39,1.113444,87.077,7.9953,0.0,0,12.9591,2.1385,74.638,0.0,27.5,8968,5.5375,2.57
google,1500,20,linear,True,False,0.4,0.3,0.3,0,HHO,random,7,0.3333333333333333,E4,16.49,95.45,39,1.111992,87.0939,8.1152,0.0,0,13.1091,2.164,64.52,0.0,28.0,8946,5.4625,2.68
google,1500,20,linear,True,False,0.4,0.3,0.3,0,HHO,random,8,0.3333333333333333,E4,16.49,95.45,39,1.115593,87.0521,7.8176,0.0,0,13.1591,2.173,60.116,0.0,28.5,8872,5.4623,2.61
google,1500,20,linear,True,False,0.4,0.3,0.3,0,HHO,random,9,0.3333333333333333,E4,16.49,95.45,39,1.110733,87.1085,8.2192,0.0,0,13.1091,2.1548,65.378,0.0,28.5,8790,5.3139,2.74
google,1500,20,linear,True,False,0.4,0.3,0.3,0,HHO,random,10,0.3333333333333333,E4,16.49,95.45,39,1.108996,87.1286,8.3627,0.0,0,13.0091,2.1417,66.197,0.0,28.5,8942,5.3167,2.52
google,1500,20,linear,True,False,0.4,0.3,0.3,0,HHO,random,11,0.3333333333333333,E4,16.49,95.45,39,1.111841,87.0956,8.1276,0.0,0,13.1091,2.1788,61.045,0.0,28.5,8876,5.312,2.56
google,1500,20,linear,True,False,0.4,0.3,0.3,0,HHO,random,12,0.3333333333333333,E4,16.49,95.45,39,1.127006,86.9196,6.8746,0.0,0,12.8591,2.1424,79.974,0.0,26.5,8864,5.3039,2.74
google,1500,20,linear,True,False,0.4,0.3,0.3,0,WOA,carbon,25,0.3333333333333333,E4,16.49,95.45,39,0.946032,89.0201,21.8286,0.0,0,12.6091,2.0172,68.44,0.0,26.0,4840,3.6176,2.53
google,1500,20,linear,True,False,0.4,0.3,0.3,0,WOA,carbon,26,0.3333333333333333,E4,16.49,95.45,39,0.96834,88.7611,19.9853,0.0,0,12.7591,2.0397,66.866,0.0,27.0,4840,3.556,2.49
google,1500,20,linear,True,False,0.4,0.3,0.3,0,WOA,carbon,27,0.3333333333333333,E4,16.49,95.45,39,0.967393,88.7721,20.0636,0.0,0,12.7091,2.0414,68.354,0.0,26.5,4840,3.5367,2.38
google,1500,20,linear,True,False,0.4,0.3,0.3,0,WOA,carbon,28,0.3333333333333333,E4,16.49,95.45,39,0.983477,88.5855,18.7345,0.0,0,12.8591,2.0633,68.105,0.0,26.5,4840,3.5566,2.41
google,1500,20,linear,True,False,0.4,0.3,0.3,0,WOA,carbon,29,0.3333333333333333,E4,16.49,95.45,39,0.968962,88.7539,19.9339,0.0,0,12.7091,2.0408,69.18,0.0,27.0,4840,3.5364,2.46
google,1500,20,linear,True,False,0.4,0.3,0.3,0,WOA,carbon,30,0.3333333333333333,E4,16.49,95.45,39,0.965807,88.7905,20.1946,0.0,0,12.7091,2.0483,68.33,0.0,26.5,4840,3.5471,2.44
google,2000,10,linear,True,False,0.4,0.3,0.3,0,FIFO,-,0,0.3333333333333333,E4,21.23,126.13,38,11.472999,0.0,-641.4377,0.0,0,127.7597,20.8575,5.341,18.2202,24.5,0,0.0,0.0
google,2000,10,linear,True,False,0.4,0.3,0.3,0,Consolidation,-,0,0.3333333333333333,E4,21.23,126.13,38,1.547399,86.5127,0.0,0.0,0,17.1097,2.7975,61.064,18.2202,24.5,0,0.0,0.0
google,1500,20,linear,True,False,0.4,0.3,0.3,0,HHO,random,21,0.3333333333333333,E4,16.49,95.45,39,1.110931,87.1062,8.2029,0.0,0,12.8591,2.1338,76.42,0.0,27.5,8900,5.4871,2.78
google,1500,20,linear,True,False,0.4,0.3,0.3,0,HHO,random,22,0.3333333333333333,E4,16.49,95.45,39,1.117104,87.0345,7.6928,0.0,0,13.0091,2.1557,73.279,0.0,28.5,8992,5.5683,2.5
google,1500,20,linear,True,False,0.4,0.3,0.3,0,HHO,random,23,0.3333333333333333,E4,16.49,95.45,39,1.119794,87.0033,7.4705,0.0,0,12.9591,2.1402,74.261,0.0,28.0,8934,5.4469,2.76
google,1500,20,linear,True,False,0.4,0.3,0.3,0,HHO,random,24,0.3333333333333333,E4,16.49,95.45,39,1.125006,86.9428,7.0399,0.0,0,13.0091,2.1449,76.64,0.0,27.5,8960,5.395,2.44
google,1500,20,linear,True,False,0.4,0.3,0.3,0,HHO,random,25,0.3333333333333333,E4,16.49,95.45,39,1.10804,87.1397,8.4418,0.0,0,13.1091,2.176,63.348,0.0,28.0,8698,5.2313,2.8
google,1500,20,linear,True,False,0.4,0.3,0.3,0,HHO,random,26,0.3333333333333333,E4,16.49,95.45,39,1.132461,86.8563,6.4238,0.0,0,13.1591,2.1994,65.312,0.0,28.5,9004,5.3836,2.5
google,1500,20,linear,True,False,0.4,0.3,0.3,0,HHO,random,27,0.3333333333333333,E4,16.49,95.45,39,1.114089,87.0695,7.942,0.0,0,13.1091,2.1777,60.673,0.0,28.0,8882,5.3175,2.59
google,1500,20,linear,True,False,0.4,0.3,0.3,0,HHO,random,28,0.3333333333333333,E4,16.49,95.45,39,1.118383,87.0197,7.5871,0.0,0,13.1591,2.1771,60.729,0.0,28.5,8860,5.3668,2.34
google,1500,20,linear,True,False,0.4,0.3,0.3,0,HHO,random,13,0.3333333333333333,E4,16.49,95.45,39,1.127345,86.9157,6.8466,0.0,0,13.0091,2.1505,72.747,0.0,28.5,8872,5.5293,2.56
google,1500,20,linear,True,False,0.4,0.3,0.3,0,HHO,random,14,0.3333333333333333,E4,16.49,95.45,39,1.113044,87.0817,8.0283,0.0,0,13.0091,2.1432,73.615,0.0,28.0,8810,5.4856,2.57
google,1500,20,linear,True,False,0.4,0.3,0.3,0,HHO,random,15,0.3333333333333333,E4,16.49,95.45,39,1.107372,87.1475,8.497,0.0,0,13.1091,2.1649,62.841,0.0,28.5,9030,5.5527,2.64
google,1500,20,linear,True,False,0.4,0.3,0.3,0,HHO,random,16,0.3333333333333333,E4,16.49,95.45,39,1.102497,87.2041,8.8998,0.0,0,12.8091,2.1182,79.347,0.0,26.5,8820,5.3402,2.64
google,1500,20,linear,True,False,0.4,0.3,0.3,0,HHO,random,17,0.3333333333333333,E4,16.49,95.45,39,1.123927,86.9554,7.129,0.0,0,13.0091,2.1552,72.647,0.0,28.0,8884,5.3188,2.51
google,1500,20,linear,True,False,0.4,0.3,0.3,0,HHO,random,18,0.3333333333333333,E4,16.49,95.45,39,1.115174,87.0569,7.8523,0.0,0,13.1091,2.1674,63.334,0.0,28.5,8872,5.3424,3.05
google,1500,20,linear,True,False,0.4,0.3,0.3,0,HHO,random,19,0.3333333333333333,E4,16.49,95.45,39,1.116635,87.04,7.7315,0.0,0,12.8591,2.136,77.711,0.0,28.0,8900,5.3106,2.56
google,1500,20,linear,True,False,0.4,0.3,0.3,0,HHO,random,20,0.3333333333333333,E4,16.49,95.45,39,1.11525,87.0561,7.846,0.0,0,13.0091,2.1419,75.626,0.0,27.5,9016,5.4533,2.38
google,1500,20,linear,True,False,0.4,0.3,0.3,0,WOA,carbon,17,0.3333333333333333,E4,16.49,95.45,39,0.952358,88.9466,21.3059,0.0,0,12.6091,2.0172,70.726,0.0,26.5,4840,3.6546,2.54
google,1500,20,linear,True,False,0.4,0.3,0.3,0,WOA,carbon,18,0.3333333333333333,E4,16.49,95.45,39,0.956679,88.8965,20.9488,0.0,0,12.6591,2.0247,70.5,0.0,26.5,4840,3.6071,2.44
google,1500,20,linear,True,False,0.4,0.3,0.3,0,WOA,carbon,19,0.3333333333333333,E4,16.49,95.45,39,0.968549,88.7587,19.968,0.0,0,12.7591,2.0534,67.49,0.0,26.5,4840,3.5642,2.4
google,1500,20,linear,True,False,0.4,0.3,0.3,0,WOA,carbon,20,0.3333333333333333,E4,16.49,95.45,39,0.965169,88.7979,20.2473,0.0,0,12.7091,2.0419,69.862,0.0,26.5,4840,3.5326,2.67
google,1500,20,linear,True,False,0.4,0.3,0.3,0,WOA,carbon,21,0.3333333333333333,E4,16.49,95.45,39,0.966949,88.7773,20.1002,0.0,0,12.7091,2.0327,68.379,0.0,27.0,4840,3.5349,2.49
google,1500,20,linear,True,False,0.4,0.3,0.3,0,WOA,carbon,22,0.3333333333333333,E4,16.49,95.45,39,0.963702,88.815,20.3685,0.0,0,12.7091,2.0402,68.23,0.0,26.5,4840,3.5564,2.6
google,1500,20,linear,True,False,0.4,0.3,0.3,0,WOA,carbon,23,0.3333333333333333,E4,16.49,95.45,39,0.982579,88.5959,18.8087,0.0,0,12.8091,2.0552,68.094,0.0,26.5,4840,3.5728,2.49
google,1500,20,linear,True,False,0.4,0.3,0.3,0,WOA,carbon,24,0.3333333333333333,E4,16.49,95.45,39,0.973447,88.7019,19.5633,0.0,0,12.7591,2.0419,70.068,0.0,26.5,4840,3.6148,2.49
google,1500,20,linear,True,False,0.4,0.3,0.3,0,HHO,random,29,0.3333333333333333,E4,16.49,95.45,39,1.118761,87.0153,7.5559,0.0,0,12.9591,2.1413,78.145,0.0,27.5,8938,5.4915,2.65
google,1500,20,linear,True,False,0.4,0.3,0.3,0,HHO,random,30,0.3333333333333333,E4,16.49,95.45,39,1.11737,87.0315,7.6708,0.0,0,13.1591,2.1747,60.284,0.0,28.5,9032,5.6041,2.78
google,1500,20,linear,True,False,0.4,0.3,0.3,0,GA,random,1,0.3333333333333333,E4,16.49,95.45,39,1.090828,87.3395,9.864,0.0,0,12.6591,2.0832,84.417,0.0,25.5,4840,6.2868,3.68
google,1500,20,linear,True,False,0.4,0.3,0.3,0,GA,random,2,0.3333333333333333,E4,16.49,95.45,39,1.101088,87.2204,9.0162,0.0,0,12.6591,2.077,83.295,0.0,26.0,4840,6.1825,3.8
google,1500,20,linear,True,False,0.4,0.3,0.3,0,GA,random,3,0.3333333333333333,E4,16.49,95.45,39,1.086714,87.3873,10.2039,0.0,0,12.6091,2.0564,85.67,0.0,25.5,4840,6.1428,3.84
google,1500,20,linear,True,False,0.4,0.3,0.3,0,GA,random,4,0.3333333333333333,E4,16.49,95.45,39,1.092601,87.3189,9.7175,0.0,0,12.6591,2.0787,84.323,0.0,25.5,4840,6.1382,3.81
google,1500,20,linear,True,False,0.4,0.3,0.3,0,GA,random,5,0.3333333333333333,E4,16.49,95.45,39,1.092591,87.319,9.7183,0.0,0,12.6591,2.0644,83.717,0.0,25.5,4840,6.2255,3.78
google,1500,20,linear,True,False,0.4,0.3,0.3,0,GA,random,6,0.3333333333333333,E4,16.49,95.45,39,1.093201,87.312,9.6679,0.0,0,12.6591,2.0657,83.059,0.0,26.5,4840,6.2309,3.71
google,1500,20,linear,True,False,0.4,0.3,0.3,0,GA,random,7,0.3333333333333333,E4,16.49,95.45,39,1.093417,87.3095,9.6501,0.0,0,12.6591,2.0809,83.846,0.0,26.5,4840,6.4312,3.82
google,1500,20,linear,True,False,0.4,0.3,0.3,0,GA,random,8,0.3333333333333333,E4,16.49,95.45,39,1.087573,87.3773,10.133,0.0,0,12.6091,2.0592,85.424,0.0,25.5,4840,6.3672,3.82
google,1500,20,linear,True,False,0.4,0.3,0.3,0,GA,random,9,0.3333333333333333,E4,16.49,95.45,39,1.093013,87.3142,9.6835,0.0,0,12.6091,2.0717,84.157,0.0,25.5,4840,6.3159,3.83
google,1500,20,linear,True,False,0.4,0.3,0.3,0,GA,random,10,0.3333333333333333,E4,16.49,95.45,39,1.087151,87.3822,10.1678,0.0,0,12.6591,2.0826,85.037,0.0,25.5,4840,6.1922,3.78
google,1500,20,linear,True,False,0.4,0.3,0.3,0,GA,random,11,0.3333333333333333,E4,16.49,95.45,39,1.091167,87.3356,9.836,0.0,0,12.6091,2.0603,83.899,0.0,26.0,4840,6.2043,3.87
google,1500,20,linear,True,False,0.4,0.3,0.3,0,GA,random,12,0.3333333333333333,E4,16.49,95.45,39,1.099325,87.2409,9.1619,0.0,0,12.6591,2.0776,83.574,0.0,26.0,4840,6.2293,3.66
google,1500,20,linear,True,False,0.4,0.3,0.3,0,GA,random,13,0.3333333333333333,E4,16.49,95.45,39,1.092285,87.3226,9.7436,0.0,0,12.5591,2.0614,86.275,0.0,25.5,4840,6.3072,3.76
google,1500,20,linear,True,False,0.4,0.3,0.3,0,GA,random,14,0.3333333333333333,E4,16.49,95.45,39,1.09109,87.3365,9.8423,0.0,0,12.6591,2.0667,82.613,0.0,25.5,4840,6.3178,3.68
google,1500,20,linear,True,False,0.4,0.3,0.3,0,GA,random,15,0.3333333333333333,E4,16.49,95.45,39,1.097734,87.2594,9.2933,0.0,0,12.6591,2.065,83.652,0.0,26.5,4840,6.4674,3.61
google,1500,20,linear,True,False,0.4,0.3,0.3,0,GA,random,16,0.3333333333333333,E4,16.49,95.45,39,1.092765,87.317,9.704,0.0,0,12.6591,2.0661,83.95,0.0,25.5,4840,6.3164,3.7
google,1500,20,linear,True,False,0.4,0.3,0.3,0,GA,random,17,0.3333333333333333,E4,16.49,95.45,39,1.086335,87.3917,10.2353,0.0,0,12.6091,2.0774,84.692,0.0,25.5,4840,6.25,3.74
google,1500,20,linear,True,False,0.4,0.3,0.3,0,GA,random,18,0.3333333333333333,E4,16.49,95.45,39,1.096145,87.2778,9.4246,0.0,0,12.6591,2.0843,83.446,0.0,26.5,4840,6.1488,3.8
google,1500,20,linear,True,False,0.4,0.3,0.3,0,GA,random,19,0.3333333333333333,E4,16.49,95.45,39,1.104632,87.1793,8.7233,0.0,0,12.6591,2.0644,82.966,0.0,26.5,4840,6.1337,3.67
google,1500,20,linear,True,False,0.4,0.3,0.3,0,GA,random,20,0.3333333333333333,E4,16.49,95.45,39,1.1011,87.2203,9.0152,0.0,0,12.7091,2.1055,82.579,0.0,26.0,4840,6.2104,3.69
google,1500,20,linear,True,False,0.4,0.3,0.3,0,GA,random,21,0.3333333333333333,E4,16.49,95.45,39,1.094093,87.3016,9.5942,0.0,0,12.6591,2.0601,84.099,0.0,25.5,4840,6.2855,3.71
google,1500,20,linear,True,False,0.4,0.3,0.3,0,GA,random,22,0.3333333333333333,E4,16.49,95.45,39,1.090528,87.343,9.8888,0.0,0,12.6091,2.074,85.076,0.0,25.5,4840,6.3097,3.67
google,1500,20,linear,True,False,0.4,0.3,0.3,0,GA,random,23,0.3333333333333333,E4,16.49,95.45,39,1.089167,87.3588,10.0012,0.0,0,12.5591,2.0483,85.943,0.0,25.5,4840,6.3861,3.78
google,1500,20,linear,True,False,0.4,0.3,0.3,0,GA,random,24,0.3333333333333333,E4,16.49,95.45,39,1.091459,87.3322,9.8119,0.0,0,12.6591,2.0798,84.147,0.0,25.5,4840,6.2839,3.91
google,1500,20,linear,True,False,0.4,0.3,0.3,0,GA,random,25,0.3333333333333333,E4,16.49,95.45,39,1.094876,87.2925,9.5295,0.0,0,12.6591,2.0798,83.875,0.0,25.5,4840,6.1719,3.86
google,1500,20,linear,True,False,0.4,0.3,0.3,0,GA,random,26,0.3333333333333333,E4,16.49,95.45,39,1.093077,87.3134,9.6781,0.0,0,12.6091,2.0696,85.111,0.0,25.5,4840,6.1149,3.79
google,1500,20,linear,True,False,0.4,0.3,0.3,0,GA,random,27,0.3333333333333333,E4,16.49,95.45,39,1.090296,87.3457,9.908,0.0,0,12.6091,2.0723,85.33,0.0,25.5,4840,6.1409,3.63
google,1500,20,linear,True,False,0.4,0.3,0.3,0,GA,random,28,0.3333333333333333,E4,16.49,95.45,39,1.089605,87.3537,9.965,0.0,0,12.6091,2.062,84.861,0.0,25.5,4840,6.2157,3.68
google,1500,20,linear,True,False,0.4,0.3,0.3,0,GA,random,29,0.3333333333333333,E4,16.49,95.45,39,1.097448,87.2627,9.3169,0.0,0,12.6591,2.0832,84.587,0.0,25.5,4840,6.2628,3.73
google,1500,20,linear,True,False,0.4,0.3,0.3,0,GA,random,30,0.3333333333333333,E4,16.49,95.45,39,1.084991,87.4073,10.3463,0.0,0,12.6591,2.0656,83.651,0.0,25.5,4840,6.4446,3.79
google,2000,10,linear,True,False,0.4,0.3,0.3,0,Greedy(EDF+greenest),-,0,0.3333333333333333,E4,21.23,126.13,38,1.234601,89.2391,20.2145,0.0,0,16.5097,2.6467,72.234,34.7013,26.0,0,0.0002,0.0
google,2000,10,linear,True,False,0.4,0.3,0.3,0,WOA,random,1,0.3333333333333333,E4,21.23,126.13,38,1.44404,87.4136,6.6795,0.0,0,16.8097,2.7475,79.273,0.0,27.5,4840,4.5141,3.37
google,2000,10,linear,True,False,0.4,0.3,0.3,0,WOA,random,2,0.3333333333333333,E4,21.23,126.13,38,1.440718,87.4425,6.8942,0.0,0,16.7597,2.7542,81.585,0.0,28.0,4840,4.5211,3.2
google,2000,10,linear,True,False,0.4,0.3,0.3,0,WOA,random,3,0.3333333333333333,E4,21.23,126.13,38,1.456542,87.3046,5.8716,0.0,0,16.9097,2.7941,78.021,0.0,27.5,4840,4.5343,3.31
google,2000,10,linear,True,False,0.4,0.3,0.3,0,WOA,random,4,0.3333333333333333,E4,21.23,126.13,38,1.467467,87.2094,5.1656,0.0,0,16.9097,2.7966,77.667,0.0,28.5,4840,4.5987,3.51
google,2000,10,linear,True,False,0.4,0.3,0.3,0,WOA,random,5,0.3333333333333333,E4,21.23,126.13,38,1.461735,87.2593,5.536,0.0,0,16.8597,2.7847,78.561,0.0,27.5,4840,4.5967,3.12
google,2000,10,linear,True,False,0.4,0.3,0.3,0,WOA,random,6,0.3333333333333333,E4,21.23,126.13,38,1.471517,87.1741,4.9038,0.0,0,17.0097,2.814,75.6,0.0,28.5,4840,4.7325,3.2
google,2000,10,linear,True,False,0.4,0.3,0.3,0,WOA,random,7,0.3333333333333333,E4,21.23,126.13,38,1.461093,87.2649,5.5775,0.0,0,16.7597,2.7627,81.354,0.0,27.0,4840,4.6396,3.2
google,2000,10,linear,True,False,0.4,0.3,0.3,0,WOA,random,8,0.3333333333333333,E4,21.23,126.13,38,1.460671,87.2686,5.6047,0.0,0,17.0097,2.8058,76.358,0.0399,28.0,4840,4.4941,3.2
google,2000,10,linear,True,False,0.4,0.3,0.3,0,WOA,random,9,0.3333333333333333,E4,21.23,126.13,38,1.450371,87.3584,6.2704,0.0,0,16.8597,2.7675,80.084,0.0,27.0,4840,4.5872,3.34
google,2000,10,linear,True,False,0.4,0.3,0.3,0,WOA,random,10,0.3333333333333333,E4,21.23,126.13,38,1.462705,87.2509,5.4733,0.0,0,16.8097,2.7641,80.437,0.0,28.0,4840,4.5552,3.35
google,2000,10,linear,True,False,0.4,0.3,0.3,0,WOA,random,11,0.3333333333333333,E4,21.23,126.13,38,1.463609,87.243,5.4149,0.0,0,16.9097,2.799,77.578,0.0,28.0,4840,4.5765,3.28
google,2000,10,linear,True,False,0.4,0.3,0.3,0,WOA,random,12,0.3333333333333333,E4,21.23,126.13,38,1.468785,87.1979,5.0804,0.0,0,16.9097,2.794,78.06,0.0,27.5,4840,4.7485,3.31
google,2000,10,linear,True,False,0.4,0.3,0.3,0,WOA,random,13,0.3333333333333333,E4,21.23,126.13,38,1.454586,87.3217,5.998,0.0,0,16.8097,2.7794,80.636,0.0,27.0,4840,4.605,3.37
google,2000,10,linear,True,False,0.4,0.3,0.3,0,WOA,random,14,0.3333333333333333,E4,21.23,126.13,38,1.467112,87.2125,5.1885,0.0,0,16.8597,2.791,78.838,0.0,28.5,4840,4.6272,3.26
google,2000,10,linear,True,False,0.4,0.3,0.3,0,WOA,random,15,0.3333333333333333,E4,21.23,126.13,38,1.46908,87.1953,5.0614,0.0,0,16.7597,2.7713,81.094,0.0,27.0,4840,4.5319,3.51
google,2000,10,linear,True,False,0.4,0.3,0.3,0,WOA,random,16,0.3333333333333333,E4,21.23,126.13,38,1.474807,87.1454,4.6912,0.0,0,16.8097,2.7908,79.794,0.0,27.5,4840,4.5453,3.09
google,2000,10,linear,True,False,0.4,0.3,0.3,0,WOA,random,17,0.3333333333333333,E4,21.23,126.13,38,1.460644,87.2689,5.6065,0.0,0,16.8097,2.7704,79.721,0.0,28.0,4840,4.5956,3.46
google,2000,10,linear,True,False,0.4,0.3,0.3,0,WOA,random,18,0.3333333333333333,E4,21.23,126.13,38,1.449475,87.3662,6.3283,0.0,0,16.8597,2.7863,79.036,0.0,28.0,4840,4.5661,3.31
google,2000,10,linear,True,False,0.4,0.3,0.3,0,WOA,random,19,0.3333333333333333,E4,21.23,126.13,38,1.454542,87.322,6.0009,0.0,0,16.8597,2.7724,77.595,0.0,27.5,4840,4.6374,3.41
google,2000,10,linear,True,False,0.4,0.3,0.3,0,WOA,random,20,0.3333333333333333,E4,21.23,126.13,38,1.462775,87.2503,5.4688,0.0,0,17.0097,2.8135,75.917,0.0,28.0,4840,4.7248,3.35
google,2000,10,linear,True,False,0.4,0.3,0.3,0,WOA,random,21,0.3333333333333333,E4,21.23,126.13,38,1.473605,87.1559,4.7689,0.0,0,17.0597,2.8072,74.333,0.0,28.5,4840,4.5872,3.26
google,2000,10,linear,True,False,0.4,0.3,0.3,0,WOA,random,22,0.3333333333333333,E4,21.23,126.13,38,1.459753,87.2766,5.6641,0.0,0,16.9097,2.8089,78.389,0.0,27.5,4840,4.647,3.25
google,2000,10,linear,True,False,0.4,0.3,0.3,0,WOA,random,23,0.3333333333333333,E4,21.23,126.13,38,1.459458,87.2792,5.6831,0.0,0,16.9597,2.7995,78.449,0.0,28.0,4840,4.5612,3.23
google,2000,10,linear,True,False,0.4,0.3,0.3,0,WOA,random,24,0.3333333333333333,E4,21.23,126.13,38,1.45378,87.3287,6.0501,0.0,0,16.9097,2.7675,78.443,0.0,28.0,4840,4.5425,3.06
google,2000,10,linear,True,False,0.4,0.3,0.3,0,WOA,random,25,0.3333333333333333,E4,21.23,126.13,38,1.455617,87.3127,5.9314,0.0,0,16.8097,2.7908,80.243,0.0,28.0,4840,4.5579,3.17
google,2000,10,linear,True,False,0.4,0.3,0.3,0,WOA,random,26,0.3333333333333333,E4,21.23,126.13,38,1.455898,87.3102,5.9132,0.0,0,16.8097,2.7839,80.775,0.0,28.0,4840,4.6005,3.46
google,2000,10,linear,True,False,0.4,0.3,0.3,0,WOA,random,27,0.3333333333333333,E4,21.23,126.13,38,1.458801,87.2849,5.7256,0.0,0,16.8097,2.7832,80.503,0.0,27.5,4840,4.7108,3.34
google,2000,10,linear,True,False,0.4,0.3,0.3,0,WOA,random,28,0.3333333333333333,E4,21.23,126.13,38,1.446009,87.3964,6.5523,0.0,0,16.8097,2.7801,79.506,0.0,27.5,4840,4.5506,3.35
google,2000,10,linear,True,False,0.4,0.3,0.3,0,WOA,random,29,0.3333333333333333,E4,21.23,126.13,38,1.460491,87.2702,5.6164,0.0,0,16.9597,2.7917,76.522,0.0,28.0,4840,4.5827,3.23
google,2000,10,linear,True,False,0.4,0.3,0.3,0,WOA,random,30,0.3333333333333333,E4,21.23,126.13,38,1.466473,87.2181,5.2298,0.0,0,17.0097,2.815,77.717,0.0,28.0,4840,4.4908,3.12
google,2000,10,linear,True,False,0.4,0.3,0.3,0,GWO,random,1,0.3333333333333333,E4,21.23,126.13,38,1.464631,87.2341,5.3488,0.0,0,16.8597,2.7893,82.132,0.0,26.0,4840,5.0512,3.08
google,2000,10,linear,True,False,0.4,0.3,0.3,0,GWO,random,2,0.3333333333333333,E4,21.23,126.13,38,1.464119,87.2386,5.3819,0.0,0,16.7097,2.7525,82.577,0.0,26.0,4840,5.2085,3.25
google,2000,10,linear,True,False,0.4,0.3,0.3,0,GWO,random,3,0.3333333333333333,E4,21.23,126.13,38,1.467574,87.2085,5.1587,0.0,0,16.8097,2.7668,82.921,0.0,25.5,4840,5.1392,3.17
google,2000,10,linear,True,False,0.4,0.3,0.3,0,GWO,random,4,0.3333333333333333,E4,21.23,126.13,38,1.466368,87.219,5.2366,0.0,0,16.8097,2.7547,81.927,0.0,26.5,4840,5.345,3.09
google,2000,10,linear,True,False,0.4,0.3,0.3,0,GWO,random,5,0.3333333333333333,E4,21.23,126.13,38,1.46454,87.2349,5.3548,0.0,0,16.8097,2.7628,83.217,0.0,27.0,4840,5.2264,3.09
google,2000,10,linear,True,False,0.4,0.3,0.3,0,GWO,random,6,0.3333333333333333,E4,21.23,126.13,38,1.446535,87.3918,6.5183,0.0,0,16.6097,2.735,84.188,0.0,26.0,4840,5.2194,3.35
google,2000,10,linear,True,False,0.4,0.3,0.3,0,GWO,random,7,0.3333333333333333,E4,21.23,126.13,38,1.464079,87.2389,5.3845,0.0,0,16.7097,2.7654,83.716,0.0,25.5,4840,5.1373,3.03
google,2000,10,linear,True,False,0.4,0.3,0.3,0,GWO,random,8,0.3333333333333333,E4,21.23,126.13,38,1.462223,87.2551,5.5045,0.0,0,16.7597,2.7627,84.007,0.0,25.5,4840,5.0808,3.03
google,2000,10,linear,True,False,0.4,0.3,0.3,0,GWO,random,9,0.3333333333333333,E4,21.23,126.13,38,1.465342,87.2279,5.3029,0.0,0,16.8597,2.7759,83.418,0.0,25.5,4840,5.1328,3.05
google,2000,10,linear,True,False,0.4,0.3,0.3,0,GWO,random,26,0.3333333333333333,E4,21.23,126.13,38,1.466654,87.2165,5.2181,0.0,0,16.8097,2.7671,82.647,0.0,26.0,4840,5.1845,3.05
google,2000,10,linear,True,False,0.4,0.3,0.3,0,GWO,random,27,0.3333333333333333,E4,21.23,126.13,38,1.465825,87.2237,5.2717,0.0,0,16.7597,2.7558,82.476,0.0,27.0,4840,5.2771,3.11
google,2000,10,linear,True,False,0.4,0.3,0.3,0,GWO,random,28,0.3333333333333333,E4,21.23,126.13,38,1.461065,87.2652,5.5793,0.0,0,16.7097,2.7483,83.861,0.0,25.5,4840,5.3855,3.12
google,2000,10,linear,True,False,0.4,0.3,0.3,0,GWO,random,29,0.3333333333333333,E4,21.23,126.13,38,1.450432,87.3579,6.2664,0.0,0,16.6597,2.7243,84.602,0.0,25.5,4840,5.2034,3.37
google,2000,10,linear,True,False,0.4,0.3,0.3,0,GWO,random,30,0.3333333333333333,E4,21.23,126.13,38,1.463278,87.2459,5.4363,0.0,0,16.7597,2.7684,82.06,0.0,26.0,4840,5.1936,3.17
google,2000,10,linear,True,False,0.4,0.3,0.3,0,PSO,random,1,0.3333333333333333,E4,21.23,126.13,38,1.463666,87.2425,5.4112,0.0,0,16.8097,2.7747,81.177,0.0,26.5,4840,4.6256,5.84
google,2000,10,linear,True,False,0.4,0.3,0.3,0,PSO,random,2,0.3333333333333333,E4,21.23,126.13,38,1.474469,87.1484,4.713,0.0,0,16.8097,2.7783,80.141,0.0,27.0,4840,4.5822,5.38
google,2000,10,linear,True,False,0.4,0.3,0.3,0,PSO,random,3,0.3333333333333333,E4,21.23,126.13,38,1.469255,87.1938,5.05,0.0,0,16.8097,2.7792,81.613,0.0,26.5,4840,4.6593,5.59
google,2000,10,linear,True,False,0.4,0.3,0.3,0,GWO,random,10,0.3333333333333333,E4,21.23,126.13,38,1.477394,87.1229,4.524,0.0,0,16.8597,2.7608,80.242,0.0,27.5,4840,5.1722,2.96
google,2000,10,linear,True,False,0.4,0.3,0.3,0,GWO,random,11,0.3333333333333333,E4,21.23,126.13,38,1.455054,87.3176,5.9678,0.0,0,16.7097,2.7517,83.81,0.0,25.5,4840,5.1959,3.31
google,2000,10,linear,True,False,0.4,0.3,0.3,0,GWO,random,12,0.3333333333333333,E4,21.23,126.13,38,1.472107,87.1689,4.8657,0.0,0,16.8597,2.7815,80.936,0.0,26.5,4840,5.3145,3.03
google,2000,10,linear,True,False,0.4,0.3,0.3,0,GWO,random,13,0.3333333333333333,E4,21.23,126.13,38,1.464797,87.2327,5.3381,0.0,0,16.7597,2.7685,82.687,0.0,26.0,4840,5.1463,3.11
google,2000,10,linear,True,False,0.4,0.3,0.3,0,GWO,random,14,0.3333333333333333,E4,21.23,126.13,38,1.459832,87.2759,5.6589,0.0,0,16.7597,2.7541,82.915,0.0,26.5,4840,5.191,3.06
google,2000,10,linear,True,False,0.4,0.3,0.3,0,GWO,random,15,0.3333333333333333,E4,21.23,126.13,38,1.459228,87.2812,5.698,0.0,0,16.7597,2.765,82.929,0.0,26.5,4840,5.0525,3.26
google,2000,10,linear,True,False,0.4,0.3,0.3,0,GWO,random,16,0.3333333333333333,E4,21.23,126.13,38,1.460159,87.2731,5.6379,0.0,0,16.7097,2.7551,84.589,0.0,25.5,4840,5.0644,3.17
google,2000,10,linear,True,False,0.4,0.3,0.3,0,GWO,random,17,0.3333333333333333,E4,21.23,126.13,38,1.470407,87.1838,4.9756,0.0,0,16.7597,2.7593,83.773,0.0,25.5,4840,5.0474,3.0
google,2000,10,linear,True,False,0.4,0.3,0.3,0,GWO,random,18,0.3333333333333333,E4,21.23,126.13,38,1.457153,87.2993,5.8321,0.0,0,16.7097,2.7707,83.638,0.0,25.5,4840,5.1616,3.39
google,2000,10,linear,True,False,0.4,0.3,0.3,0,GWO,random,19,0.3333333333333333,E4,21.23,126.13,38,1.468744,87.1983,5.0831,0.0,0,16.7597,2.765,82.414,0.0,26.0,4840,5.2171,3.06
google,2000,10,linear,True,False,0.4,0.3,0.3,0,GWO,random,20,0.3333333333333333,E4,21.23,126.13,38,1.467547,87.2087,5.1604,0.0,0,16.8597,2.7727,81.68,0.0,26.5,4840,5.3343,3.05
google,2000,10,linear,True,False,0.4,0.3,0.3,0,GWO,random,21,0.3333333333333333,E4,21.23,126.13,38,1.462022,87.2568,5.5174,0.0,0,16.6597,2.7341,83.664,0.0,26.5,4840,5.2008,3.05
google,2000,10,linear,True,False,0.4,0.3,0.3,0,GWO,random,22,0.3333333333333333,E4,21.23,126.13,38,1.463622,87.2429,5.414,0.0,0,16.7097,2.7537,83.318,0.0,25.5,4840,5.2028,3.17
google,2000,10,linear,True,False,0.4,0.3,0.3,0,GWO,random,23,0.3333333333333333,E4,21.23,126.13,38,1.45829,87.2894,5.7586,0.0,0,16.7597,2.7769,83.696,0.0,26.0,4840,5.0865,3.06
google,2000,10,linear,True,False,0.4,0.3,0.3,0,GWO,random,24,0.3333333333333333,E4,21.23,126.13,38,1.465236,87.2288,5.3098,0.0,0,16.8097,2.7692,84.155,0.0,25.5,4840,5.078,3.11
google,2000,10,linear,True,False,0.4,0.3,0.3,0,GWO,random,25,0.3333333333333333,E4,21.23,126.13,38,1.461282,87.2633,5.5653,0.0,0,16.7097,2.7502,83.881,0.0,25.5,4840,5.0558,3.15
google,2000,10,linear,True,False,0.4,0.3,0.3,0,PSO,random,4,0.3333333333333333,E4,21.23,126.13,38,1.46655,87.2174,5.2248,0.0,0,16.8097,2.7824,81.602,0.0,26.0,4840,4.8258,5.75
google,2000,10,linear,True,False,0.4,0.3,0.3,0,PSO,random,5,0.3333333333333333,E4,21.23,126.13,38,1.480658,87.0944,4.3131,0.0,0,16.9097,2.7807,78.445,0.0,27.0,4840,4.8105,5.35
google,2000,10,linear,True,False,0.4,0.3,0.3,0,PSO,random,6,0.3333333333333333,E4,21.23,126.13,38,1.471015,87.1785,4.9363,0.0,0,16.9097,2.7906,79.658,0.0,27.0,4840,4.703,5.58
google,2000,10,linear,True,False,0.4,0.3,0.3,0,PSO,random,7,0.3333333333333333,E4,21.23,126.13,38,1.472235,87.1678,4.8574,0.0,0,16.8097,2.7811,81.806,0.0,26.5,4840,4.7494,5.48
google,2000,10,linear,True,False,0.4,0.3,0.3,0,PSO,random,8,0.3333333333333333,E4,21.23,126.13,38,1.468878,87.1971,5.0744,0.0,0,16.7597,2.7697,81.522,0.0,27.0,4840,4.6183,5.53
google,2000,10,linear,True,False,0.4,0.3,0.3,0,PSO,random,9,0.3333333333333333,E4,21.23,126.13,38,1.46686,87.2147,5.2048,0.0,0,16.8097,2.7742,80.406,0.0,26.5,4840,4.6158,5.48
google,2000,10,linear,True,False,0.4,0.3,0.3,0,PSO,random,10,0.3333333333333333,E4,21.23,126.13,38,1.467171,87.212,5.1847,0.0,0,16.7597,2.7586,80.699,0.0,27.5,4840,4.6448,5.55
google,2000,10,linear,True,False,0.4,0.3,0.3,0,PSO,random,11,0.3333333333333333,E4,21.23,126.13,38,1.475483,87.1395,4.6475,0.0,0,16.9097,2.7988,79.008,0.0,27.0,4840,4.5428,5.62
google,2000,10,linear,True,False,0.4,0.3,0.3,0,PSO,random,12,0.3333333333333333,E4,21.23,126.13,38,1.478937,87.1094,4.4243,0.0,0,16.9097,2.7858,78.914,0.0,27.5,4840,4.9127,5.57
google,2000,10,linear,True,False,0.4,0.3,0.3,0,PSO,random,13,0.3333333333333333,E4,21.23,126.13,38,1.47034,87.1843,4.9799,0.0,0,16.8097,2.7828,81.773,0.0,26.0,4840,4.7463,5.46
google,2000,10,linear,True,False,0.4,0.3,0.3,0,PSO,random,14,0.3333333333333333,E4,21.23,126.13,38,1.470188,87.1857,4.9897,0.0,0,16.8097,2.7498,81.673,0.0,26.0,4840,4.7596,5.34
google,2000,10,linear,True,False,0.4,0.3,0.3,0,PSO,random,15,0.3333333333333333,E4,21.23,126.13,38,1.470958,87.179,4.9399,0.0,0,16.8097,2.7831,80.42,0.0,27.0,4840,4.675,5.48
google,2000,10,linear,True,False,0.4,0.3,0.3,0,PSO,random,16,0.3333333333333333,E4,21.23,126.13,38,1.478342,87.1146,4.4628,0.0,0,16.9097,2.7955,78.811,0.0,27.5,4840,4.6173,5.35
google,2000,10,linear,True,False,0.4,0.3,0.3,0,PSO,random,17,0.3333333333333333,E4,21.23,126.13,38,1.467783,87.2066,5.1452,0.0,0,16.8597,2.7806,80.935,0.0,27.0,4840,4.6324,5.71
google,2000,10,linear,True,False,0.4,0.3,0.3,0,PSO,random,18,0.3333333333333333,E4,21.23,126.13,38,1.474923,87.1444,4.6837,0.0,0,16.8597,2.7824,80.862,0.0,27.0,4840,4.6133,5.54
google,2000,10,linear,True,False,0.4,0.3,0.3,0,PSO,random,19,0.3333333333333333,E4,21.23,126.13,38,1.481485,87.0872,4.2597,0.0,0,16.8597,2.7824,79.68,0.0,27.5,4840,4.5666,5.24
google,2000,10,linear,True,False,0.4,0.3,0.3,0,PSO,random,20,0.3333333333333333,E4,21.23,126.13,38,1.473812,87.1541,4.7555,0.0,0,16.9097,2.7976,78.273,0.0,27.0,4840,4.833,5.6
google,2000,10,linear,True,False,0.4,0.3,0.3,0,PSO,random,21,0.3333333333333333,E4,21.23,126.13,38,1.47367,87.1553,4.7647,0.0,0,16.8097,2.7805,80.572,0.0,26.5,4840,4.7221,5.45
google,2000,10,linear,True,False,0.4,0.3,0.3,0,PSO,random,22,0.3333333333333333,E4,21.23,126.13,38,1.462074,87.2564,5.5141,0.0,0,16.7097,2.7422,82.031,0.0,27.5,4840,4.7517,5.75
google,2000,10,linear,True,False,0.4,0.3,0.3,0,PSO,random,23,0.3333333333333333,E4,21.23,126.13,38,1.479291,87.1063,4.4015,0.0,0,16.8597,2.787,79.333,0.0,27.0,4840,4.6532,5.32
google,2000,10,linear,True,False,0.4,0.3,0.3,0,PSO,random,24,0.3333333333333333,E4,21.23,126.13,38,1.467355,87.2104,5.1728,0.0,0,16.7597,2.7478,81.474,0.0,26.5,4840,4.6171,5.37
google,2000,10,linear,True,False,0.4,0.3,0.3,0,PSO,random,25,0.3333333333333333,E4,21.23,126.13,38,1.470402,87.1838,4.9759,0.0,0,16.7597,2.7768,81.381,0.0,26.0,4840,4.6478,5.66
google,2000,10,linear,True,False,0.4,0.3,0.3,0,PSO,random,26,0.3333333333333333,E4,21.23,126.13,38,1.467026,87.2132,5.1941,0.0,0,16.8597,2.7938,81.443,0.0,26.0,4840,4.5542,5.58
google,2000,10,linear,True,False,0.4,0.3,0.3,0,PSO,random,27,0.3333333333333333,E4,21.23,126.13,38,1.473688,87.1552,4.7636,0.0,0,16.8597,2.7917,80.475,0.0,26.5,4840,4.5812,5.45
google,2000,10,linear,True,False,0.4,0.3,0.3,0,PSO,random,28,0.3333333333333333,E4,21.23,126.13,38,1.461606,87.2605,5.5444,0.0,0,16.6597,2.762,83.57,0.0,26.0,4840,4.7314,5.5
google,2000,10,linear,True,False,0.4,0.3,0.3,0,PSO,random,29,0.3333333333333333,E4,21.23,126.13,38,1.473199,87.1594,4.7952,0.0,0,16.8097,2.785,79.553,0.0,27.0,4840,4.7228,5.42
google,2000,10,linear,True,False,0.4,0.3,0.3,0,PSO,random,30,0.3333333333333333,E4,21.23,126.13,38,1.474843,87.1451,4.6889,0.0,0,16.9097,2.7933,80.459,0.0,27.0,4840,4.6832,5.53
google,2000,10,linear,True,False,0.4,0.3,0.3,0,DE,random,1,0.3333333333333333,E4,21.23,126.13,38,1.43635,87.4806,7.1765,0.0,0,16.5097,2.7248,86.535,0.0,26.0,4840,4.4145,3.6
google,2000,10,linear,True,False,0.4,0.3,0.3,0,DE,random,2,0.3333333333333333,E4,21.23,126.13,38,1.423474,87.5928,8.0086,0.0,0,16.4597,2.7083,86.927,0.0,26.0,4840,4.39,3.75
google,2000,10,linear,True,False,0.4,0.3,0.3,0,DE,random,3,0.3333333333333333,E4,21.23,126.13,38,1.4278,87.5551,7.729,0.0,0,16.5097,2.7159,86.968,0.0,26.5,4840,4.4451,3.77
google,2000,10,linear,True,False,0.4,0.3,0.3,0,DE,random,4,0.3333333333333333,E4,21.23,126.13,38,1.446362,87.3933,6.5295,0.0,0,16.5597,2.7141,85.487,0.0,26.5,4840,4.3322,3.32
google,2000,10,linear,True,False,0.4,0.3,0.3,0,DE,random,5,0.3333333333333333,E4,21.23,126.13,38,1.463671,87.2425,5.4109,0.0,0,16.8097,2.7547,81.661,0.0,27.5,4840,4.4366,3.23
google,2000,10,linear,True,False,0.4,0.3,0.3,0,DE,random,6,0.3333333333333333,E4,21.23,126.13,38,1.444606,87.4086,6.643,0.0,0,16.6097,2.7413,84.417,0.0,27.5,4840,4.6081,3.46
google,2000,10,linear,True,False,0.4,0.3,0.3,0,DE,random,7,0.3333333333333333,E4,21.23,126.13,38,1.43238,87.5152,7.4331,0.0,0,16.5097,2.7258,86.525,0.0,26.0,4840,4.5516,3.69
google,2000,10,linear,True,False,0.4,0.3,0.3,0,DE,random,8,0.3333333333333333,E4,21.23,126.13,38,1.447396,87.3843,6.4626,0.0,0,16.7097,2.7438,84.905,0.0,25.5,4840,4.4414,3.43
google,2000,10,linear,True,False,0.4,0.3,0.3,0,DE,random,9,0.3333333333333333,E4,21.23,126.13,38,1.435043,87.492,7.261,0.0,0,16.5097,2.7183,86.481,0.0,26.0,4840,4.4521,4.03
google,2000,10,linear,True,False,0.4,0.3,0.3,0,DE,random,10,0.3333333333333333,E4,21.23,126.13,38,1.434676,87.4952,7.2847,0.0,0,16.5097,2.7173,85.791,0.0,26.0,4840,4.4804,3.52
google,2000,10,linear,True,False,0.4,0.3,0.3,0,DE,random,11,0.3333333333333333,E4,21.23,126.13,38,1.435295,87.4898,7.2446,0.0,0,16.4597,2.716,86.584,0.0,26.0,4840,4.3822,3.7
google,2000,10,linear,True,False,0.4,0.3,0.3,0,DE,random,12,0.3333333333333333,E4,21.23,126.13,38,1.443893,87.4149,6.689,0.0,0,16.6097,2.7352,84.647,0.0,26.0,4840,4.4917,3.51
google,2000,10,linear,True,False,0.4,0.3,0.3,0,DE,random,13,0.3333333333333333,E4,21.23,126.13,38,1.444034,87.4136,6.6799,0.0,0,16.5597,2.7213,86.175,0.0,25.5,4840,4.4352,3.69
google,2000,10,linear,True,False,0.4,0.3,0.3,0,DE,random,14,0.3333333333333333,E4,21.23,126.13,38,1.456777,87.3026,5.8564,0.0,0,16.7097,2.7692,82.763,0.0,27.0,4840,4.4375,3.25
google,2000,10,linear,True,False,0.4,0.3,0.3,0,DE,random,15,0.3333333333333333,E4,21.23,126.13,38,1.448618,87.3737,6.3837,0.0,0,16.6597,2.7592,83.988,0.0,26.0,4840,4.4541,3.43
google,2000,10,linear,True,False,0.4,0.3,0.3,0,DE,random,16,0.3333333333333333,E4,21.23,126.13,38,1.457277,87.2982,5.8241,0.0,0,16.7097,2.7565,83.711,0.0,27.0,4840,4.3963,3.17
google,2000,10,linear,True,False,0.4,0.3,0.3,0,DE,random,17,0.3333333333333333,E4,21.23,126.13,38,1.433769,87.5031,7.3433,0.0,0,16.5097,2.7247,85.373,0.0,27.5,4840,4.3902,3.64
google,2000,10,linear,True,False,0.4,0.3,0.3,0,DE,random,18,0.3333333333333333,E4,21.23,126.13,38,1.448496,87.3747,6.3916,0.0,0,16.6097,2.7295,85.221,0.0,26.0,4840,4.4774,3.32
google,2000,10,linear,True,False,0.4,0.3,0.3,0,DE,random,19,0.3333333333333333,E4,21.23,126.13,38,1.438857,87.4588,7.0145,0.0,0,16.5597,2.7344,85.866,0.0,27.0,4840,4.4151,3.6
google,2000,10,linear,True,False,0.4,0.3,0.3,0,DE,random,20,0.3333333333333333,E4,21.23,126.13,38,1.456855,87.3019,5.8514,0.0,0,16.7097,2.7398,83.427,0.0,26.0,4840,4.456,3.34
google,2000,10,linear,True,False,0.4,0.3,0.3,0,DE,random,21,0.3333333333333333,E4,21.23,126.13,38,1.445044,87.4048,6.6147,0.0,0,16.5597,2.731,86.012,0.0,26.5,4840,4.4319,3.41
google,2000,10,linear,True,False,0.4,0.3,0.3,0,DE,random,22,0.3333333333333333,E4,21.23,126.13,38,1.449444,87.3665,6.3303,0.0,0,16.6597,2.7556,85.179,0.0,26.5,4840,4.4646,3.32
google,2000,10,linear,True,False,0.4,0.3,0.3,0,DE,random,23,0.3333333333333333,E4,21.23,126.13,38,1.437104,87.474,7.1278,0.0,0,16.5097,2.7103,85.918,0.0,26.0,4840,4.4521,3.61
google,2000,10,linear,True,False,0.4,0.3,0.3,0,DE,random,24,0.3333333333333333,E4,21.23,126.13,38,1.426751,87.5643,7.7968,0.0,0,16.4097,2.7,87.726,0.0,26.0,4840,4.389,3.72
google,2000,10,linear,True,False,0.4,0.3,0.3,0,DE,random,25,0.3333333333333333,E4,21.23,126.13,38,1.427591,87.557,7.7425,0.0,0,16.4097,2.6996,87.129,0.0,27.5,4840,4.4132,3.86
google,2000,10,linear,True,False,0.4,0.3,0.3,0,DE,random,26,0.3333333333333333,E4,21.23,126.13,38,1.435406,87.4888,7.2375,0.0,0,16.4597,2.6874,87.351,0.0,26.0,4840,4.4687,3.72
google,2000,10,linear,True,False,0.4,0.3,0.3,0,DE,random,27,0.3333333333333333,E4,21.23,126.13,38,1.430163,87.5345,7.5763,0.0,0,16.5097,2.708,86.555,0.0,26.5,4840,4.4148,3.6
google,2000,10,linear,True,False,0.4,0.3,0.3,0,DE,random,28,0.3333333333333333,E4,21.23,126.13,38,1.436619,87.4783,7.1591,0.0,0,16.5097,2.7167,87.205,0.0,25.5,4840,4.4555,3.61
google,2000,10,linear,True,False,0.4,0.3,0.3,0,DE,random,29,0.3333333333333333,E4,21.23,126.13,38,1.428464,87.5493,7.6861,0.0,0,16.5097,2.7008,86.886,0.0,26.0,4840,4.4512,3.7
google,2000,10,linear,True,False,0.4,0.3,0.3,0,DE,random,30,0.3333333333333333,E4,21.23,126.13,38,1.444823,87.4068,6.6289,0.0,0,16.6097,2.7361,83.597,0.0,26.5,4840,4.4953,3.64
google,2000,10,linear,True,False,0.4,0.3,0.3,0,HHO,random,1,0.3333333333333333,E4,21.23,126.13,38,1.448976,87.3706,6.3605,0.0,0,16.8597,2.7779,78.081,0.0,28.0,8796,6.4168,3.13
google,2000,10,linear,True,False,0.4,0.3,0.3,0,HHO,random,2,0.3333333333333333,E4,21.23,126.13,38,1.463588,87.2432,5.4163,0.0,0,17.0097,2.7872,75.841,0.0,28.0,8878,6.5496,3.79
google,2000,10,linear,True,False,0.4,0.3,0.3,0,HHO,random,3,0.3333333333333333,E4,21.23,126.13,38,1.449172,87.3688,6.3479,0.0,0,16.7097,2.7764,82.267,0.0,26.5,8954,6.5799,3.05
google,2000,10,linear,True,False,0.4,0.3,0.3,0,HHO,random,4,0.3333333333333333,E4,21.23,126.13,38,1.454315,87.324,6.0155,0.0,0,16.8097,2.7867,79.378,0.0,28.5,8918,6.604,3.45
google,2000,10,linear,True,False,0.4,0.3,0.3,0,HHO,random,5,0.3333333333333333,E4,21.23,126.13,38,1.445289,87.4027,6.5988,0.0,0,16.8097,2.783,78.847,0.0,27.5,8908,6.5837,3.67
google,2000,10,linear,True,False,0.4,0.3,0.3,0,HHO,random,6,0.3333333333333333,E4,21.23,126.13,38,1.464111,87.2386,5.3824,0.0,0,16.9597,2.7962,75.532,0.0,28.5,8990,6.6404,3.42
google,2000,10,linear,True,False,0.4,0.3,0.3,0,HHO,random,7,0.3333333333333333,E4,21.23,126.13,38,1.443709,87.4165,6.7009,0.0,0,16.8597,2.7942,79.719,0.0,27.5,8884,6.6504,3.49
google,2000,10,linear,True,False,0.4,0.3,0.3,0,WOA,carbon,4,0.3333333333333333,E4,21.23,126.13,38,1.415389,87.6633,8.5311,0.0,0,16.8597,2.7682,76.397,0.0,27.5,4840,4.3939,3.48
google,2000,10,linear,True,False,0.4,0.3,0.3,0,WOA,carbon,5,0.3333333333333333,E4,21.23,126.13,38,1.413851,87.6767,8.6305,0.0,0,16.6597,2.6898,79.454,0.0,26.0,4840,4.4437,3.37
google,2000,10,linear,True,False,0.4,0.3,0.3,0,WOA,carbon,6,0.3333333333333333,E4,21.23,126.13,38,1.437518,87.4704,7.101,0.0,0,16.8097,2.7764,78.362,0.0,28.0,4840,4.4303,3.23
google,2000,10,linear,True,False,0.4,0.3,0.3,0,WOA,carbon,7,0.3333333333333333,E4,21.23,126.13,38,1.386858,87.912,10.3749,0.0,0,16.7597,2.7553,77.243,0.0,27.0,4840,4.4307,3.48
google,2000,10,linear,True,False,0.4,0.3,0.3,0,WOA,carbon,8,0.3333333333333333,E4,21.23,126.13,38,1.443001,87.4226,6.7467,0.0,0,17.0097,2.7991,75.58,0.0,28.0,4840,4.4157,3.38
google,2000,10,linear,True,False,0.4,0.3,0.3,0,WOA,carbon,9,0.3333333333333333,E4,21.23,126.13,38,1.419011,87.6317,8.297,0.0,0,16.8097,2.7697,78.696,0.0,27.0,4840,4.4353,3.29
google,2000,10,linear,True,False,0.4,0.3,0.3,0,WOA,carbon,10,0.3333333333333333,E4,21.23,126.13,38,1.368332,88.0735,11.5721,0.0,0,16.8097,2.7054,73.892,0.0,26.5,4840,4.4957,3.32
google,2000,10,linear,True,False,0.4,0.3,0.3,0,WOA,carbon,11,0.3333333333333333,E4,21.23,126.13,38,1.393959,87.8501,9.916,0.0,0,16.8597,2.7333,76.742,0.0,26.5,4840,4.4805,3.38
google,2000,10,linear,True,False,0.4,0.3,0.3,0,WOA,carbon,28,0.3333333333333333,E4,21.23,126.13,38,1.446592,87.3913,6.5146,0.0,0,16.8597,2.7807,78.898,0.0,27.0,4840,4.4753,3.4
google,2000,10,linear,True,False,0.4,0.3,0.3,0,WOA,carbon,29,0.3333333333333333,E4,21.23,126.13,38,1.383179,87.944,10.6126,0.0,0,16.8097,2.7748,75.001,0.0,27.0,4840,4.4704,3.23
google,2000,10,linear,True,False,0.4,0.3,0.3,0,WOA,carbon,30,0.3333333333333333,E4,21.23,126.13,38,1.424192,87.5866,7.9622,0.0,0,16.8597,2.7738,78.414,0.0,26.5,4840,4.4485,3.31
google,2000,20,linear,True,False,0.4,0.3,0.3,0,FIFO,-,0,0.3333333333333333,E4,21.23,126.13,38,11.472999,0.0,-641.4377,0.0,0,127.7597,20.8575,5.341,0.9774,24.5,0,0.0,0.0
google,2000,20,linear,True,False,0.4,0.3,0.3,0,Consolidation,-,0,0.3333333333333333,E4,21.23,126.13,38,1.547399,86.5127,0.0,0.0,0,17.1097,2.7975,61.064,0.9774,24.5,0,0.0,0.0
google,2000,20,linear,True,False,0.4,0.3,0.3,0,Greedy(EDF+greenest),-,0,0.3333333333333333,E4,21.23,126.13,38,1.234601,89.2391,20.2145,0.0,0,16.5097,2.6467,72.234,7.0722,26.0,0,0.0002,0.0
google,2000,20,linear,True,False,0.4,0.3,0.3,0,WOA,random,1,0.3333333333333333,E4,21.23,126.13,38,1.444528,87.4093,6.648,0.0,0,17.0097,2.8136,70.085,0.0,28.5,4840,4.5692,3.14
google,2000,20,linear,True,False,0.4,0.3,0.3,0,WOA,random,2,0.3333333333333333,E4,21.23,126.13,38,1.43144,87.5234,7.4938,0.0,0,16.9097,2.8088,71.583,0.0,28.0,4840,4.5428,3.26
google,2000,10,linear,True,False,0.4,0.3,0.3,0,WOA,carbon,12,0.3333333333333333,E4,21.23,126.13,38,1.406342,87.7422,9.1158,0.0,0,16.9097,2.7377,75.367,0.0,27.5,4840,4.4233,3.17
google,2000,10,linear,True,False,0.4,0.3,0.3,0,WOA,carbon,13,0.3333333333333333,E4,21.23,126.13,38,1.416959,87.6496,8.4296,0.0,0,16.7097,2.7415,82.533,0.0,26.5,4840,4.485,3.18
google,2000,10,linear,True,False,0.4,0.3,0.3,0,WOA,carbon,14,0.3333333333333333,E4,21.23,126.13,38,1.424235,87.5862,7.9594,0.0,0,16.8597,2.7402,77.053,0.0,27.0,4840,4.462,3.34
google,2000,10,linear,True,False,0.4,0.3,0.3,0,WOA,carbon,15,0.3333333333333333,E4,21.23,126.13,38,1.38344,87.9418,10.5958,0.0,0,17.0097,2.7355,73.878,0.0,27.5,4840,4.4746,3.34
google,2000,10,linear,True,False,0.4,0.3,0.3,0,WOA,carbon,16,0.3333333333333333,E4,21.23,126.13,38,1.448756,87.3725,6.3747,0.0,0,16.9097,2.7683,77.949,0.0,26.5,4840,4.4514,3.18
google,2000,10,linear,True,False,0.4,0.3,0.3,0,WOA,carbon,17,0.3333333333333333,E4,21.23,126.13,38,1.404526,87.758,9.2331,0.0,0,16.8597,2.7663,77.793,0.0,26.5,4840,4.5283,3.29
google,2000,10,linear,True,False,0.4,0.3,0.3,0,WOA,carbon,18,0.3333333333333333,E4,21.23,126.13,38,1.428266,87.5511,7.6989,0.0,0,16.8097,2.7794,80.151,0.0,26.5,4840,4.5082,3.34
google,2000,10,linear,True,False,0.4,0.3,0.3,0,WOA,carbon,19,0.3333333333333333,E4,21.23,126.13,38,1.455921,87.31,5.9117,0.0,0,16.8597,2.8047,80.733,0.0,27.5,4840,4.4641,3.25
google,2000,10,linear,True,False,0.4,0.3,0.3,0,HHO,random,8,0.3333333333333333,E4,21.23,126.13,38,1.470345,87.1843,4.9796,0.0,0,17.0097,2.8012,76.536,0.0,28.0,8972,6.5728,3.31
google,2000,10,linear,True,False,0.4,0.3,0.3,0,HHO,random,9,0.3333333333333333,E4,21.23,126.13,38,1.445159,87.4038,6.6072,0.0,0,16.7597,2.7507,80.817,0.0,27.5,8912,6.6085,3.78
google,2000,10,linear,True,False,0.4,0.3,0.3,0,HHO,random,10,0.3333333333333333,E4,21.23,126.13,38,1.461334,87.2628,5.5619,0.0,0,16.7597,2.7764,80.646,0.0,28.0,9026,6.6365,3.19
google,2000,10,linear,True,False,0.4,0.3,0.3,0,HHO,random,11,0.3333333333333333,E4,21.23,126.13,38,1.450852,87.3542,6.2393,0.0,0,16.8097,2.784,77.253,0.0,28.0,9136,6.7271,3.4
google,2000,10,linear,True,False,0.4,0.3,0.3,0,HHO,random,12,0.3333333333333333,E4,21.23,126.13,38,1.45207,87.3436,6.1606,0.0,0,16.7597,2.7702,78.657,0.0,28.0,8832,6.6012,3.49
google,2000,10,linear,True,False,0.4,0.3,0.3,0,HHO,random,13,0.3333333333333333,E4,21.23,126.13,38,1.44775,87.3812,6.4398,0.0,0,16.8097,2.8062,78.336,0.0,28.0,8996,6.7061,3.37
google,2000,10,linear,True,False,0.4,0.3,0.3,0,HHO,random,14,0.3333333333333333,E4,21.23,126.13,38,1.447802,87.3808,6.4364,0.0,0,16.8097,2.7818,77.691,0.0,28.5,8902,6.7276,3.37
google,2000,10,linear,True,False,0.4,0.3,0.3,0,HHO,random,15,0.3333333333333333,E4,21.23,126.13,38,1.455294,87.3155,5.9522,0.0,0,16.9097,2.7807,77.73,0.0,27.5,9022,6.7357,3.45
google,2000,10,linear,True,False,0.4,0.3,0.3,0,HHO,random,16,0.3333333333333333,E4,21.23,126.13,38,1.453112,87.3345,6.0933,0.0,0,16.8097,2.8099,80.04,0.0,28.0,8854,6.5057,3.47
google,2000,10,linear,True,False,0.4,0.3,0.3,0,HHO,random,17,0.3333333333333333,E4,21.23,126.13,38,1.451807,87.3459,6.1776,0.0,0,16.8597,2.7629,78.019,0.0,28.0,9078,6.6946,3.65
google,2000,10,linear,True,False,0.4,0.3,0.3,0,HHO,random,18,0.3333333333333333,E4,21.23,126.13,38,1.474146,87.1512,4.7339,0.0,0,17.1097,2.8251,74.185,0.0,28.0,8972,6.6518,3.03
google,2000,10,linear,True,False,0.4,0.3,0.3,0,HHO,random,19,0.3333333333333333,E4,21.23,126.13,38,1.440846,87.4414,6.886,0.0,0,16.7597,2.7636,79.153,0.0,28.0,8892,6.6057,3.52
google,2000,10,linear,True,False,0.4,0.3,0.3,0,HHO,random,20,0.3333333333333333,E4,21.23,126.13,38,1.446456,87.3925,6.5234,0.0,0,16.8097,2.8,78.145,0.0,28.0,8926,6.6599,3.62
google,2000,10,linear,True,False,0.4,0.3,0.3,0,HHO,random,21,0.3333333333333333,E4,21.23,126.13,38,1.461762,87.2591,5.5343,0.0,0,16.9097,2.7892,77.572,0.0,28.0,8874,6.644,3.62
google,2000,10,linear,True,False,0.4,0.3,0.3,0,HHO,random,22,0.3333333333333333,E4,21.23,126.13,38,1.455507,87.3136,5.9385,0.0,0,16.8597,2.8018,78.782,0.0,27.5,8882,6.6595,3.2
google,2000,10,linear,True,False,0.4,0.3,0.3,0,HHO,random,23,0.3333333333333333,E4,21.23,126.13,38,1.454316,87.324,6.0155,0.0,0,16.8097,2.794,79.197,0.0,28.5,8802,6.5835,3.42
google,2000,10,linear,True,False,0.4,0.3,0.3,0,HHO,random,24,0.3333333333333333,E4,21.23,126.13,38,1.462584,87.2519,5.4811,0.0,0,16.9597,2.8157,78.134,0.0,27.5,8870,6.5259,3.4
google,2000,10,linear,True,False,0.4,0.3,0.3,0,HHO,random,25,0.3333333333333333,E4,21.23,126.13,38,1.453901,87.3276,6.0423,0.0,0,16.9097,2.8014,77.83,0.0,28.0,9022,6.6094,3.65
google,2000,10,linear,True,False,0.4,0.3,0.3,0,HHO,random,26,0.3333333333333333,E4,21.23,126.13,38,1.438161,87.4648,7.0595,0.0,0,16.6597,2.7505,81.688,0.0,27.5,8948,6.5788,3.71
google,2000,10,linear,True,False,0.4,0.3,0.3,0,HHO,random,27,0.3333333333333333,E4,21.23,126.13,38,1.464572,87.2346,5.3526,0.0,0,17.0097,2.8255,76.05,0.0,28.0,8912,6.5728,3.7
google,2000,10,linear,True,False,0.4,0.3,0.3,0,HHO,random,28,0.3333333333333333,E4,21.23,126.13,38,1.457591,87.2955,5.8038,0.0,0,16.8597,2.7966,79.662,0.0,27.5,8966,6.6071,3.24
google,2000,10,linear,True,False,0.4,0.3,0.3,0,HHO,random,29,0.3333333333333333,E4,21.23,126.13,38,1.436403,87.4801,7.173,0.0,0,16.6597,2.7627,79.241,0.0,28.5,8936,6.6307,3.83
google,2000,10,linear,True,False,0.4,0.3,0.3,0,HHO,random,30,0.3333333333333333,E4,21.23,126.13,38,1.446918,87.3885,6.4936,0.0,0,16.8097,2.7858,78.15,0.0,28.0,8884,6.6272,3.56
google,2000,10,linear,True,False,0.4,0.3,0.3,0,GA,random,1,0.3333333333333333,E4,21.23,126.13,38,1.433165,87.5084,7.3823,0.0,0,16.6097,2.734,85.233,0.0,26.0,4840,7.8193,4.97
google,2000,10,linear,True,False,0.4,0.3,0.3,0,WOA,carbon,20,0.3333333333333333,E4,21.23,126.13,38,1.387875,87.9031,10.3092,0.0,0,16.7097,2.7142,79.564,0.0,26.5,4840,4.458,3.23
google,2000,10,linear,True,False,0.4,0.3,0.3,0,WOA,carbon,21,0.3333333333333333,E4,21.23,126.13,38,1.41483,87.6682,8.5672,0.0,0,16.7597,2.7144,79.118,0.0,26.0,4840,4.4661,3.25
google,2000,10,linear,True,False,0.4,0.3,0.3,0,WOA,carbon,22,0.3333333333333333,E4,21.23,126.13,38,1.429742,87.5382,7.6035,0.0,0,16.8597,2.7777,77.981,0.0,27.0,4840,4.5146,3.25
google,2000,10,linear,True,False,0.4,0.3,0.3,0,WOA,carbon,23,0.3333333333333333,E4,21.23,126.13,38,1.451619,87.3475,6.1897,0.0,0,16.8597,2.7509,79.254,0.0,27.0,4840,4.5547,3.41
google,2000,10,linear,True,False,0.4,0.3,0.3,0,WOA,carbon,24,0.3333333333333333,E4,21.23,126.13,38,1.443874,87.415,6.6902,0.0,0,16.8597,2.7588,79.332,0.0,27.0,4840,4.4748,3.4
google,2000,10,linear,True,False,0.4,0.3,0.3,0,WOA,carbon,25,0.3333333333333333,E4,21.23,126.13,38,1.42639,87.5674,7.8201,0.0,0,16.7597,2.7692,77.716,0.0,27.5,4840,4.5164,3.23
google,2000,10,linear,True,False,0.4,0.3,0.3,0,WOA,carbon,26,0.3333333333333333,E4,21.23,126.13,38,1.471329,87.1757,4.916,0.0,0,16.9597,2.7961,75.948,0.0,28.0,4840,4.4832,3.46
google,2000,10,linear,True,False,0.4,0.3,0.3,0,WOA,carbon,27,0.3333333333333333,E4,21.23,126.13,38,1.425426,87.5758,7.8824,0.0,0,16.8097,2.7721,78.557,0.0,28.0,4840,4.5121,3.48
google,2000,10,linear,True,False,0.4,0.3,0.3,0,GA,random,26,0.3333333333333333,E4,21.23,126.13,38,1.431296,87.5247,7.5031,0.0,0,16.5597,2.7044,86.089,0.0,26.0,4840,7.7954,4.9
google,2000,10,linear,True,False,0.4,0.3,0.3,0,GA,random,27,0.3333333333333333,E4,21.23,126.13,38,1.429046,87.5443,7.6485,0.0,0,16.5097,2.7184,87.326,0.0,25.5,4840,7.7942,4.94
google,2000,10,linear,True,False,0.4,0.3,0.3,0,GA,random,28,0.3333333333333333,E4,21.23,126.13,38,1.429022,87.5445,7.6501,0.0,0,16.5097,2.6977,85.541,0.0,26.0,4840,7.808,5.03
google,2000,10,linear,True,False,0.4,0.3,0.3,0,GA,random,29,0.3333333333333333,E4,21.23,126.13,38,1.4293,87.5421,7.6321,0.0,0,16.4597,2.7224,86.84,0.0,25.5,4840,7.8551,4.94
google,2000,10,linear,True,False,0.4,0.3,0.3,0,GA,random,30,0.3333333333333333,E4,21.23,126.13,38,1.433129,87.5087,7.3847,0.0,0,16.6097,2.7219,84.672,0.0,26.0,4840,7.9156,4.94
google,2000,10,linear,True,False,0.4,0.3,0.3,0,WOA,carbon,1,0.3333333333333333,E4,21.23,126.13,38,1.455012,87.3179,5.9705,0.0,0,17.0597,2.8133,74.081,0.0,28.0,4840,4.4485,3.12
google,2000,10,linear,True,False,0.4,0.3,0.3,0,WOA,carbon,2,0.3333333333333333,E4,21.23,126.13,38,1.435347,87.4893,7.2413,0.0,0,16.8097,2.764,77.405,0.0,27.5,4840,4.467,3.4
google,2000,10,linear,True,False,0.4,0.3,0.3,0,WOA,carbon,3,0.3333333333333333,E4,21.23,126.13,38,1.445701,87.3991,6.5722,0.0,0,16.9097,2.7825,75.317,0.0,28.0,4840,4.5003,3.19
google,2000,10,linear,True,False,0.4,0.3,0.3,0,GA,random,2,0.3333333333333333,E4,21.23,126.13,38,1.432227,87.5165,7.4429,0.0,0,16.5097,2.7049,85.676,0.0,26.0,4840,7.8365,4.98
google,2000,10,linear,True,False,0.4,0.3,0.3,0,GA,random,3,0.3333333333333333,E4,21.23,126.13,38,1.431398,87.5238,7.4965,0.0,0,16.5597,2.7152,85.001,0.0,26.0,4840,7.8546,4.93
google,2000,10,linear,True,False,0.4,0.3,0.3,0,GA,random,4,0.3333333333333333,E4,21.23,126.13,38,1.426599,87.5656,7.8066,0.0,0,16.5097,2.7115,86.344,0.0,26.0,4840,7.8623,4.9
google,2000,10,linear,True,False,0.4,0.3,0.3,0,GA,random,5,0.3333333333333333,E4,21.23,126.13,38,1.431893,87.5195,7.4645,0.0,0,16.5597,2.7295,85.932,0.0,25.5,4840,7.8904,4.95
google,2000,10,linear,True,False,0.4,0.3,0.3,0,GA,random,6,0.3333333333333333,E4,21.23,126.13,38,1.428602,87.5481,7.6772,0.0,0,16.5097,2.7166,86.156,0.0,26.0,4840,7.9303,4.97
google,2000,10,linear,True,False,0.4,0.3,0.3,0,GA,random,7,0.3333333333333333,E4,21.23,126.13,38,1.434893,87.4933,7.2707,0.0,0,16.5597,2.7144,85.869,0.0,26.0,4840,7.9524,4.93
google,2000,10,linear,True,False,0.4,0.3,0.3,0,GA,random,8,0.3333333333333333,E4,21.23,126.13,38,1.43654,87.4789,7.1642,0.0,0,16.5097,2.7007,84.812,0.0,26.5,4840,7.9041,4.89
google,2000,10,linear,True,False,0.4,0.3,0.3,0,GA,random,9,0.3333333333333333,E4,21.23,126.13,38,1.432435,87.5147,7.4295,0.0,0,16.5597,2.7128,86.91,0.0,25.5,4840,7.9926,4.94
google,2000,10,linear,True,False,0.4,0.3,0.3,0,GA,random,10,0.3333333333333333,E4,21.23,126.13,38,1.435513,87.4879,7.2306,0.0,0,16.6097,2.7563,84.581,0.0,26.0,4840,7.8074,4.96
google,2000,10,linear,True,False,0.4,0.3,0.3,0,GA,random,11,0.3333333333333333,E4,21.23,126.13,38,1.43041,87.5324,7.5604,0.0,0,16.5097,2.6911,86.34,0.0,26.0,4840,7.7767,4.83
google,2000,10,linear,True,False,0.4,0.3,0.3,0,GA,random,12,0.3333333333333333,E4,21.23,126.13,38,1.441232,87.4381,6.861,0.0,0,16.6097,2.7384,85.969,0.0,25.5,4840,7.8075,4.76
google,2000,10,linear,True,False,0.4,0.3,0.3,0,GA,random,13,0.3333333333333333,E4,21.23,126.13,38,1.432353,87.5154,7.4348,0.0,0,16.5097,2.7108,85.726,0.0,26.5,4840,7.8471,4.94
google,2000,10,linear,True,False,0.4,0.3,0.3,0,GA,random,14,0.3333333333333333,E4,21.23,126.13,38,1.4307,87.5298,7.5416,0.0,0,16.5097,2.7211,87.106,0.0,25.5,4840,7.9367,5.04
google,2000,10,linear,True,False,0.4,0.3,0.3,0,GA,random,15,0.3333333333333333,E4,21.23,126.13,38,1.43135,87.5242,7.4996,0.0,0,16.6097,2.7413,85.031,0.0,27.0,4840,7.9042,4.94
google,2000,10,linear,True,False,0.4,0.3,0.3,0,GA,random,16,0.3333333333333333,E4,21.23,126.13,38,1.426884,87.5631,7.7882,0.0,0,16.5097,2.7086,86.897,0.0,25.5,4840,7.9045,4.99
google,2000,10,linear,True,False,0.4,0.3,0.3,0,GA,random,17,0.3333333333333333,E4,21.23,126.13,38,1.428806,87.5464,7.664,0.0,0,16.5097,2.7155,87.577,0.0,25.5,4840,7.9472,5.15
google,2000,10,linear,True,False,0.4,0.3,0.3,0,GA,random,18,0.3333333333333333,E4,21.23,126.13,38,1.432394,87.5151,7.4321,0.0,0,16.4597,2.7113,86.462,0.0,26.0,4840,7.8734,4.96
google,2000,10,linear,True,False,0.4,0.3,0.3,0,GA,random,19,0.3333333333333333,E4,21.23,126.13,38,1.432103,87.5176,7.451,0.0,0,16.5097,2.7169,85.873,0.0,27.0,4840,7.845,4.99
google,2000,10,linear,True,False,0.4,0.3,0.3,0,GA,random,20,0.3333333333333333,E4,21.23,126.13,38,1.434108,87.5002,7.3214,0.0,0,16.5097,2.7172,86.47,0.0,26.0,4840,7.9145,4.72
google,2000,10,linear,True,False,0.4,0.3,0.3,0,GA,random,21,0.3333333333333333,E4,21.23,126.13,38,1.422192,87.604,8.0915,0.0,0,16.5097,2.7069,87.564,0.0,25.5,4840,7.8741,4.88
google,2000,10,linear,True,False,0.4,0.3,0.3,0,GA,random,22,0.3333333333333333,E4,21.23,126.13,38,1.432772,87.5118,7.4077,0.0,0,16.6597,2.7332,83.904,0.0,26.0,4840,7.987,5.11
google,2000,10,linear,True,False,0.4,0.3,0.3,0,GA,random,23,0.3333333333333333,E4,21.23,126.13,38,1.429512,87.5402,7.6184,0.0,0,16.4597,2.7205,86.939,0.0,25.5,4840,7.9071,4.86
google,2000,10,linear,True,False,0.4,0.3,0.3,0,GA,random,24,0.3333333333333333,E4,21.23,126.13,38,1.432308,87.5158,7.4377,0.0,0,16.6097,2.7391,84.56,0.0,26.0,4840,8.0035,4.91
google,2000,10,linear,True,False,0.4,0.3,0.3,0,GA,random,25,0.3333333333333333,E4,21.23,126.13,38,1.435741,87.4859,7.2158,0.0,0,16.5597,2.7173,85.333,0.0,26.0,4840,8.0307,4.91
google,2000,20,linear,True,False,0.4,0.3,0.3,0,WOA,random,3,0.3333333333333333,E4,21.23,126.13,38,1.43464,87.4955,7.287,0.0,0,16.9097,2.8026,74.395,0.0,28.0,4840,4.5047,3.42
google,2000,20,linear,True,False,0.4,0.3,0.3,0,WOA,random,4,0.3333333333333333,E4,21.23,126.13,38,1.432067,87.5179,7.4533,0.0,0,16.9597,2.8185,66.587,0.0,28.0,4840,4.4798,3.49
google,2000,20,linear,True,False,0.4,0.3,0.3,0,WOA,random,5,0.3333333333333333,E4,21.23,126.13,38,1.424003,87.5882,7.9744,0.0,0,16.8597,2.7917,72.344,0.0,28.0,4840,4.535,3.41
google,2000,20,linear,True,False,0.4,0.3,0.3,0,WOA,random,6,0.3333333333333333,E4,21.23,126.13,38,1.425533,87.5749,7.8755,0.0,0,16.8097,2.7893,74.871,0.0,28.0,4840,4.5335,3.26
google,2000,20,linear,True,False,0.4,0.3,0.3,0,WOA,random,7,0.3333333333333333,E4,21.23,126.13,38,1.427105,87.5612,7.7739,0.0,0,16.8097,2.7822,72.185,0.0,28.5,4840,4.5699,3.51
google,2000,20,linear,True,False,0.4,0.3,0.3,0,WOA,random,8,0.3333333333333333,E4,21.23,126.13,38,1.443817,87.4155,6.694,0.0,0,16.9597,2.7957,73.945,0.0,28.5,4840,4.5386,3.25
google,2000,20,linear,True,False,0.4,0.3,0.3,0,WOA,random,9,0.3333333333333333,E4,21.23,126.13,38,1.441672,87.4342,6.8326,0.0,0,16.9597,2.8307,66.977,0.0,28.0,4840,4.6724,3.37
google,2000,20,linear,True,False,0.4,0.3,0.3,0,WOA,random,10,0.3333333333333333,E4,21.23,126.13,38,1.419374,87.6286,8.2736,0.0,0,16.8097,2.7876,71.478,0.0,28.0,4840,4.5823,3.23
google,2000,20,linear,True,False,0.4,0.3,0.3,0,WOA,random,11,0.3333333333333333,E4,21.23,126.13,38,1.439149,87.4562,6.9956,0.0,0,16.9597,2.8056,69.393,0.0,28.5,4840,4.5066,3.31
google,2000,20,linear,True,False,0.4,0.3,0.3,0,WOA,random,12,0.3333333333333333,E4,21.23,126.13,38,1.420193,87.6214,8.2206,0.0,0,16.7097,2.7696,78.127,0.0,28.0,4840,4.4658,3.64
google,2000,20,linear,True,False,0.4,0.3,0.3,0,WOA,random,13,0.3333333333333333,E4,21.23,126.13,38,1.430507,87.5315,7.5541,0.0,0,16.8097,2.7806,76.317,0.0,28.5,4840,4.5363,3.17
google,2000,20,linear,True,False,0.4,0.3,0.3,0,WOA,random,14,0.3333333333333333,E4,21.23,126.13,38,1.436924,87.4756,7.1394,0.0,0,16.9097,2.7904,74.215,0.0,28.0,4840,4.5369,3.2
google,2000,20,linear,True,False,0.4,0.3,0.3,0,WOA,random,15,0.3333333333333333,E4,21.23,126.13,38,1.419193,87.6301,8.2852,0.0,0,16.7597,2.7636,73.137,0.0,28.0,4840,4.5598,3.44
google,2000,20,linear,True,False,0.4,0.3,0.3,0,WOA,random,16,0.3333333333333333,E4,21.23,126.13,38,1.437644,87.4693,7.0929,0.0,0,16.9097,2.8225,74.837,0.0,28.0,4840,4.5367,3.26
google,2000,20,linear,True,False,0.4,0.3,0.3,0,WOA,random,17,0.3333333333333333,E4,21.23,126.13,38,1.443688,87.4166,6.7023,0.0,0,16.8597,2.7786,76.838,0.0,28.5,4840,4.6606,3.25
google,2000,20,linear,True,False,0.4,0.3,0.3,0,WOA,random,18,0.3333333333333333,E4,21.23,126.13,38,1.431303,87.5246,7.5027,0.0,0,16.8097,2.761,76.747,0.0,28.0,4840,4.5515,3.43
google,2000,20,linear,True,False,0.4,0.3,0.3,0,WOA,random,19,0.3333333333333333,E4,21.23,126.13,38,1.428214,87.5515,7.7023,0.0,0,16.8097,2.7624,76.902,0.0,28.0,4840,4.5047,3.63
google,2000,20,linear,True,False,0.4,0.3,0.3,0,WOA,random,20,0.3333333333333333,E4,21.23,126.13,38,1.43609,87.4829,7.1933,0.0,0,16.8597,2.8093,77.035,0.0,28.0,4840,4.5113,3.38
google,2000,20,linear,True,False,0.4,0.3,0.3,0,WOA,random,21,0.3333333333333333,E4,21.23,126.13,38,1.43621,87.4818,7.1855,0.0,0,17.0097,2.8228,67.324,0.0,28.5,4840,4.5843,3.29
google,2000,20,linear,True,False,0.4,0.3,0.3,0,WOA,random,22,0.3333333333333333,E4,21.23,126.13,38,1.42602,87.5706,7.8441,0.0,0,16.7597,2.7784,77.52,0.0,27.5,4840,4.5907,3.49
google,2000,20,linear,True,False,0.4,0.3,0.3,0,WOA,random,23,0.3333333333333333,E4,21.23,126.13,38,1.435124,87.4913,7.2557,0.0,0,16.9097,2.8026,70.698,0.0,28.5,4840,4.5808,3.26
google,2000,20,linear,True,False,0.4,0.3,0.3,0,WOA,random,24,0.3333333333333333,E4,21.23,126.13,38,1.436467,87.4796,7.1689,0.0,0,16.9097,2.8014,72.851,0.0,28.5,4840,4.5862,3.21
google,2000,20,linear,True,False,0.4,0.3,0.3,0,WOA,random,25,0.3333333333333333,E4,21.23,126.13,38,1.435808,87.4853,7.2115,0.0,0,16.8597,2.7845,75.769,0.0,28.5,4840,4.6693,3.29
google,2000,20,linear,True,False,0.4,0.3,0.3,0,WOA,random,26,0.3333333333333333,E4,21.23,126.13,38,1.439469,87.4534,6.9749,0.0,0,16.9597,2.8215,67.065,0.0,28.0,4840,4.5727,3.18
google,2000,20,linear,True,False,0.4,0.3,0.3,0,WOA,random,27,0.3333333333333333,E4,21.23,126.13,38,1.440269,87.4464,6.9232,0.0,0,16.9097,2.7968,70.597,0.0,28.5,4840,4.5179,3.17
google,2000,20,linear,True,False,0.4,0.3,0.3,0,WOA,random,28,0.3333333333333333,E4,21.23,126.13,38,1.432813,87.5114,7.4051,0.0,0,16.9097,2.7861,77.389,0.0,28.0,4840,4.5385,3.48
google,2000,20,linear,True,False,0.4,0.3,0.3,0,WOA,random,29,0.3333333333333333,E4,21.23,126.13,38,1.435059,87.4919,7.2599,0.0,0,16.9597,2.8067,66.051,0.0,28.5,4840,4.5682,3.14
google,2000,20,linear,True,False,0.4,0.3,0.3,0,WOA,random,30,0.3333333333333333,E4,21.23,126.13,38,1.427381,87.5588,7.7561,0.0,0,16.7597,2.76,77.936,0.0,28.0,4840,4.5703,3.15
google,2000,20,linear,True,False,0.4,0.3,0.3,0,GWO,random,1,0.3333333333333333,E4,21.23,126.13,38,1.464631,87.2341,5.3488,0.0,0,16.8597,2.7893,82.132,0.0,26.0,4840,5.1846,3.08
google,2000,20,linear,True,False,0.4,0.3,0.3,0,GWO,random,2,0.3333333333333333,E4,21.23,126.13,38,1.464119,87.2386,5.3819,0.0,0,16.7097,2.7525,82.577,0.0,26.0,4840,5.28,3.25
google,2000,20,linear,True,False,0.4,0.3,0.3,0,GWO,random,3,0.3333333333333333,E4,21.23,126.13,38,1.467574,87.2085,5.1587,0.0,0,16.8097,2.7668,82.921,0.0,25.5,4840,5.1857,3.17
google,2000,20,linear,True,False,0.4,0.3,0.3,0,GWO,random,4,0.3333333333333333,E4,21.23,126.13,38,1.466368,87.219,5.2366,0.0,0,16.8097,2.7547,81.927,0.0,26.5,4840,5.1124,3.09
google,2000,20,linear,True,False,0.4,0.3,0.3,0,GWO,random,5,0.3333333333333333,E4,21.23,126.13,38,1.46454,87.2349,5.3548,0.0,0,16.8097,2.7628,83.217,0.0,27.0,4840,5.1484,3.09
google,2000,20,linear,True,False,0.4,0.3,0.3,0,GWO,random,6,0.3333333333333333,E4,21.23,126.13,38,1.446535,87.3918,6.5183,0.0,0,16.6097,2.735,84.188,0.0,26.0,4840,5.1831,3.35
google,2000,20,linear,True,False,0.4,0.3,0.3,0,GWO,random,7,0.3333333333333333,E4,21.23,126.13,38,1.464079,87.2389,5.3845,0.0,0,16.7097,2.7654,83.716,0.0,25.5,4840,5.1886,3.03
google,2000,20,linear,True,False,0.4,0.3,0.3,0,GWO,random,8,0.3333333333333333,E4,21.23,126.13,38,1.462223,87.2551,5.5045,0.0,0,16.7597,2.7627,84.007,0.0,25.5,4840,5.1676,3.03
google,2000,20,linear,True,False,0.4,0.3,0.3,0,GWO,random,9,0.3333333333333333,E4,21.23,126.13,38,1.465342,87.2279,5.3029,0.0,0,16.8597,2.7759,83.418,0.0,25.5,4840,5.2972,3.05
google,2000,20,linear,True,False,0.4,0.3,0.3,0,GWO,random,10,0.3333333333333333,E4,21.23,126.13,38,1.477394,87.1229,4.524,0.0,0,16.8597,2.7608,80.242,0.0,27.5,4840,5.1767,2.95
google,2000,20,linear,True,False,0.4,0.3,0.3,0,GWO,random,11,0.3333333333333333,E4,21.23,126.13,38,1.455054,87.3176,5.9678,0.0,0,16.7097,2.7517,83.81,0.0,25.5,4840,5.1224,3.31
google,2000,20,linear,True,False,0.4,0.3,0.3,0,GWO,random,12,0.3333333333333333,E4,21.23,126.13,38,1.472107,87.1689,4.8657,0.0,0,16.8597,2.7815,80.936,0.0,26.5,4840,5.0134,3.03
google,2000,20,linear,True,False,0.4,0.3,0.3,0,GWO,random,13,0.3333333333333333,E4,21.23,126.13,38,1.464797,87.2327,5.3381,0.0,0,16.7597,2.7685,82.687,0.0,26.0,4840,5.1724,3.13
google,2000,20,linear,True,False,0.4,0.3,0.3,0,GWO,random,14,0.3333333333333333,E4,21.23,126.13,38,1.459832,87.2759,5.6589,0.0,0,16.7597,2.7541,82.915,0.0,26.5,4840,5.1649,3.08
google,2000,20,linear,True,False,0.4,0.3,0.3,0,GWO,random,15,0.3333333333333333,E4,21.23,126.13,38,1.459228,87.2812,5.698,0.0,0,16.7597,2.765,82.929,0.0,26.5,4840,5.1771,3.28
google,2000,20,linear,True,False,0.4,0.3,0.3,0,GWO,random,16,0.3333333333333333,E4,21.23,126.13,38,1.460159,87.2731,5.6379,0.0,0,16.7097,2.7551,84.589,0.0,25.5,4840,5.175,3.19
google,2000,20,linear,True,False,0.4,0.3,0.3,0,GWO,random,17,0.3333333333333333,E4,21.23,126.13,38,1.470407,87.1838,4.9756,0.0,0,16.7597,2.7593,83.773,0.0,25.5,4840,5.2704,3.02
google,2000,20,linear,True,False,0.4,0.3,0.3,0,GWO,random,18,0.3333333333333333,E4,21.23,126.13,38,1.457153,87.2993,5.8321,0.0,0,16.7097,2.7707,83.638,0.0,25.5,4840,5.1516,3.4
google,2000,20,linear,True,False,0.4,0.3,0.3,0,GWO,random,19,0.3333333333333333,E4,21.23,126.13,38,1.468744,87.1983,5.0831,0.0,0,16.7597,2.765,82.414,0.0,26.0,4840,5.0704,3.08
google,2000,20,linear,True,False,0.4,0.3,0.3,0,GWO,random,20,0.3333333333333333,E4,21.23,126.13,38,1.467547,87.2087,5.1604,0.0,0,16.8597,2.7727,81.68,0.0,26.5,4840,5.0388,3.06
google,2000,20,linear,True,False,0.4,0.3,0.3,0,GWO,random,21,0.3333333333333333,E4,21.23,126.13,38,1.462022,87.2568,5.5174,0.0,0,16.6597,2.7341,83.664,0.0,26.5,4840,5.1573,3.05
google,2000,20,linear,True,False,0.4,0.3,0.3,0,GWO,random,22,0.3333333333333333,E4,21.23,126.13,38,1.463622,87.2429,5.414,0.0,0,16.7097,2.7537,83.318,0.0,25.5,4840,5.1451,3.17
google,2000,20,linear,True,False,0.4,0.3,0.3,0,GWO,random,23,0.3333333333333333,E4,21.23,126.13,38,1.45829,87.2894,5.7586,0.0,0,16.7597,2.7769,83.696,0.0,26.0,4840,5.1613,3.06
google,2000,20,linear,True,False,0.4,0.3,0.3,0,GWO,random,24,0.3333333333333333,E4,21.23,126.13,38,1.465236,87.2288,5.3098,0.0,0,16.8097,2.7692,84.155,0.0,25.5,4840,5.2369,3.11
google,2000,20,linear,True,False,0.4,0.3,0.3,0,GWO,random,25,0.3333333333333333,E4,21.23,126.13,38,1.461282,87.2633,5.5653,0.0,0,16.7097,2.7502,83.881,0.0,25.5,4840,5.1751,3.15
google,2000,20,linear,True,False,0.4,0.3,0.3,0,GWO,random,26,0.3333333333333333,E4,21.23,126.13,38,1.466654,87.2165,5.2181,0.0,0,16.8097,2.7671,82.647,0.0,26.0,4840,5.1372,3.03
google,2000,20,linear,True,False,0.4,0.3,0.3,0,GWO,random,27,0.3333333333333333,E4,21.23,126.13,38,1.465825,87.2237,5.2717,0.0,0,16.7597,2.7558,82.476,0.0,27.0,4840,4.9995,3.09
google,2000,20,linear,True,False,0.4,0.3,0.3,0,GWO,random,28,0.3333333333333333,E4,21.23,126.13,38,1.461065,87.2652,5.5793,0.0,0,16.7097,2.7483,83.861,0.0,25.5,4840,5.1557,3.11
google,2000,20,linear,True,False,0.4,0.3,0.3,0,PSO,random,7,0.3333333333333333,E4,21.23,126.13,38,1.472235,87.1678,4.8574,0.0,0,16.8097,2.7811,81.806,0.0,26.5,4840,4.7028,5.52
google,2000,20,linear,True,False,0.4,0.3,0.3,0,PSO,random,8,0.3333333333333333,E4,21.23,126.13,38,1.468878,87.1971,5.0744,0.0,0,16.7597,2.7697,81.522,0.0,27.0,4840,4.7087,5.57
google,2000,20,linear,True,False,0.4,0.3,0.3,0,PSO,random,9,0.3333333333333333,E4,21.23,126.13,38,1.46686,87.2147,5.2048,0.0,0,16.8097,2.7742,80.406,0.0,26.5,4840,4.6806,5.52
google,2000,20,linear,True,False,0.4,0.3,0.3,0,PSO,random,10,0.3333333333333333,E4,21.23,126.13,38,1.467171,87.212,5.1847,0.0,0,16.7597,2.7586,80.699,0.0,27.5,4840,4.8159,5.58
google,2000,20,linear,True,False,0.4,0.3,0.3,0,PSO,random,11,0.3333333333333333,E4,21.23,126.13,38,1.475483,87.1395,4.6475,0.0,0,16.9097,2.7988,79.008,0.0,27.0,4840,4.6826,5.66
google,2000,20,linear,True,False,0.4,0.3,0.3,0,PSO,random,12,0.3333333333333333,E4,21.23,126.13,38,1.478937,87.1094,4.4243,0.0,0,16.9097,2.7858,78.914,0.0,27.5,4840,4.6363,5.57
google,2000,20,linear,True,False,0.4,0.3,0.3,0,PSO,random,13,0.3333333333333333,E4,21.23,126.13,38,1.47034,87.1843,4.9799,0.0,0,16.8097,2.7828,81.773,0.0,26.0,4840,4.5519,5.46
google,2000,20,linear,True,False,0.4,0.3,0.3,0,PSO,random,14,0.3333333333333333,E4,21.23,126.13,38,1.470188,87.1857,4.9897,0.0,0,16.8097,2.7498,81.673,0.0,26.0,4840,4.7296,5.34
google,2000,20,linear,True,False,0.4,0.3,0.3,0,GWO,random,29,0.3333333333333333,E4,21.23,126.13,38,1.450432,87.3579,6.2664,0.0,0,16.6597,2.7243,84.602,0.0,25.5,4840,5.1732,3.37
google,2000,20,linear,True,False,0.4,0.3,0.3,0,GWO,random,30,0.3333333333333333,E4,21.23,126.13,38,1.463278,87.2459,5.4363,0.0,0,16.7597,2.7684,82.06,0.0,26.0,4840,5.1924,3.17
google,2000,20,linear,True,False,0.4,0.3,0.3,0,PSO,random,1,0.3333333333333333,E4,21.23,126.13,38,1.463666,87.2425,5.4112,0.0,0,16.8097,2.7747,81.177,0.0,26.5,4840,4.7597,5.84
google,2000,20,linear,True,False,0.4,0.3,0.3,0,PSO,random,2,0.3333333333333333,E4,21.23,126.13,38,1.474469,87.1484,4.713,0.0,0,16.8097,2.7783,80.141,0.0,27.0,4840,4.7962,5.38
google,2000,20,linear,True,False,0.4,0.3,0.3,0,PSO,random,3,0.3333333333333333,E4,21.23,126.13,38,1.469255,87.1938,5.05,0.0,0,16.8097,2.7792,81.613,0.0,26.5,4840,4.7067,5.59
google,2000,20,linear,True,False,0.4,0.3,0.3,0,PSO,random,4,0.3333333333333333,E4,21.23,126.13,38,1.46655,87.2174,5.2248,0.0,0,16.8097,2.7824,81.602,0.0,26.0,4840,4.6118,5.75
google,2000,20,linear,True,False,0.4,0.3,0.3,0,PSO,random,5,0.3333333333333333,E4,21.23,126.13,38,1.480658,87.0944,4.3131,0.0,0,16.9097,2.7807,78.445,0.0,27.0,4840,4.5349,5.35
google,2000,20,linear,True,False,0.4,0.3,0.3,0,PSO,random,6,0.3333333333333333,E4,21.23,126.13,38,1.471015,87.1785,4.9363,0.0,0,16.9097,2.7906,79.658,0.0,27.0,4840,4.7461,5.58
google,2000,20,linear,True,False,0.4,0.3,0.3,0,PSO,random,15,0.3333333333333333,E4,21.23,126.13,38,1.470958,87.179,4.9399,0.0,0,16.8097,2.7831,80.42,0.0,27.0,4840,4.7219,5.48
google,2000,20,linear,True,False,0.4,0.3,0.3,0,PSO,random,16,0.3333333333333333,E4,21.23,126.13,38,1.478342,87.1146,4.4628,0.0,0,16.9097,2.7955,78.811,0.0,27.5,4840,4.6961,5.35
google,2000,20,linear,True,False,0.4,0.3,0.3,0,PSO,random,17,0.3333333333333333,E4,21.23,126.13,38,1.467783,87.2066,5.1452,0.0,0,16.8597,2.7806,80.935,0.0,27.0,4840,4.8366,5.71
google,2000,20,linear,True,False,0.4,0.3,0.3,0,PSO,random,18,0.3333333333333333,E4,21.23,126.13,38,1.474923,87.1444,4.6837,0.0,0,16.8597,2.7824,80.862,0.0,27.0,4840,4.7102,5.54
google,2000,20,linear,True,False,0.4,0.3,0.3,0,PSO,random,19,0.3333333333333333,E4,21.23,126.13,38,1.481485,87.0872,4.2597,0.0,0,16.8597,2.7824,79.68,0.0,27.5,4840,4.6254,5.24
google,2000,20,linear,True,False,0.4,0.3,0.3,0,PSO,random,20,0.3333333333333333,E4,21.23,126.13,38,1.473812,87.1541,4.7555,0.0,0,16.9097,2.7976,78.273,0.0,27.0,4840,4.5562,5.6
google,2000,20,linear,True,False,0.4,0.3,0.3,0,PSO,random,21,0.3333333333333333,E4,21.23,126.13,38,1.47367,87.1553,4.7647,0.0,0,16.8097,2.7805,80.572,0.0,26.5,4840,4.7387,5.45
google,2000,20,linear,True,False,0.4,0.3,0.3,0,PSO,random,22,0.3333333333333333,E4,21.23,126.13,38,1.462074,87.2564,5.5141,0.0,0,16.7097,2.7422,82.031,0.0,27.5,4840,4.6391,5.75
google,2000,20,linear,True,False,0.4,0.3,0.3,0,PSO,random,23,0.3333333333333333,E4,21.23,126.13,38,1.479291,87.1063,4.4015,0.0,0,16.8597,2.787,79.333,0.0,27.0,4840,4.7201,5.29
google,2000,20,linear,True,False,0.4,0.3,0.3,0,PSO,random,24,0.3333333333333333,E4,21.23,126.13,38,1.467355,87.2104,5.1728,0.0,0,16.7597,2.7478,81.474,0.0,26.5,4840,4.7928,5.33
google,2000,20,linear,True,False,0.4,0.3,0.3,0,PSO,random,25,0.3333333333333333,E4,21.23,126.13,38,1.470402,87.1838,4.9759,0.0,0,16.7597,2.7768,81.381,0.0,26.0,4840,4.7129,5.62
google,2000,20,linear,True,False,0.4,0.3,0.3,0,PSO,random,26,0.3333333333333333,E4,21.23,126.13,38,1.467026,87.2132,5.1941,0.0,0,16.8597,2.7938,81.443,0.0,26.0,4840,4.684,5.55
google,2000,20,linear,True,False,0.4,0.3,0.3,0,PSO,random,27,0.3333333333333333,E4,21.23,126.13,38,1.473688,87.1552,4.7636,0.0,0,16.8597,2.7917,80.475,0.0,26.5,4840,4.581,5.41
google,2000,20,linear,True,False,0.4,0.3,0.3,0,PSO,random,28,0.3333333333333333,E4,21.23,126.13,38,1.461606,87.2605,5.5444,0.0,0,16.6597,2.762,83.57,0.0,26.0,4840,4.609,5.5
google,2000,20,linear,True,False,0.4,0.3,0.3,0,PSO,random,29,0.3333333333333333,E4,21.23,126.13,38,1.473199,87.1594,4.7952,0.0,0,16.8097,2.785,79.553,0.0,27.0,4840,4.7296,5.42
google,2000,20,linear,True,False,0.4,0.3,0.3,0,PSO,random,30,0.3333333333333333,E4,21.23,126.13,38,1.474843,87.1451,4.6889,0.0,0,16.9097,2.7933,80.459,0.0,27.0,4840,4.6054,5.53
google,2000,20,linear,True,False,0.4,0.3,0.3,0,DE,random,1,0.3333333333333333,E4,21.23,126.13,38,1.43635,87.4806,7.1765,0.0,0,16.5097,2.7248,86.535,0.0,26.0,4840,4.5574,3.58
google,2000,20,linear,True,False,0.4,0.3,0.3,0,DE,random,2,0.3333333333333333,E4,21.23,126.13,38,1.423474,87.5928,8.0086,0.0,0,16.4597,2.7083,86.927,0.0,26.0,4840,4.6363,3.73
google,2000,20,linear,True,False,0.4,0.3,0.3,0,DE,random,3,0.3333333333333333,E4,21.23,126.13,38,1.4278,87.5551,7.729,0.0,0,16.5097,2.7159,86.968,0.0,26.5,4840,4.5284,3.75
google,2000,20,linear,True,False,0.4,0.3,0.3,0,DE,random,4,0.3333333333333333,E4,21.23,126.13,38,1.446362,87.3933,6.5295,0.0,0,16.5597,2.7141,85.487,0.0,26.5,4840,4.469,3.31
google,2000,20,linear,True,False,0.4,0.3,0.3,0,DE,random,5,0.3333333333333333,E4,21.23,126.13,38,1.463671,87.2425,5.4109,0.0,0,16.8097,2.7547,81.661,0.0,27.5,4840,4.3793,3.21
google,2000,20,linear,True,False,0.4,0.3,0.3,0,DE,random,6,0.3333333333333333,E4,21.23,126.13,38,1.444606,87.4086,6.643,0.0,0,16.6097,2.7413,84.417,0.0,27.5,4840,4.558,3.46
google,2000,20,linear,True,False,0.4,0.3,0.3,0,DE,random,7,0.3333333333333333,E4,21.23,126.13,38,1.43238,87.5152,7.4331,0.0,0,16.5097,2.7258,86.525,0.0,26.0,4840,4.4799,3.69
google,2000,20,linear,True,False,0.4,0.3,0.3,0,DE,random,8,0.3333333333333333,E4,21.23,126.13,38,1.447396,87.3843,6.4626,0.0,0,16.7097,2.7438,84.905,0.0,25.5,4840,4.4512,3.43
google,2000,20,linear,True,False,0.4,0.3,0.3,0,DE,random,9,0.3333333333333333,E4,21.23,126.13,38,1.435043,87.492,7.261,0.0,0,16.5097,2.7183,86.481,0.0,26.0,4840,4.5255,4.03
google,2000,20,linear,True,False,0.4,0.3,0.3,0,DE,random,10,0.3333333333333333,E4,21.23,126.13,38,1.434676,87.4952,7.2847,0.0,0,16.5097,2.7173,85.791,0.0,26.0,4840,4.3966,3.52
google,2000,20,linear,True,False,0.4,0.3,0.3,0,DE,random,11,0.3333333333333333,E4,21.23,126.13,38,1.435295,87.4898,7.2446,0.0,0,16.4597,2.716,86.584,0.0,26.0,4840,4.3908,3.7
google,2000,20,linear,True,False,0.4,0.3,0.3,0,DE,random,12,0.3333333333333333,E4,21.23,126.13,38,1.443893,87.4149,6.689,0.0,0,16.6097,2.7352,84.647,0.0,26.0,4840,4.5919,3.51
google,2000,20,linear,True,False,0.4,0.3,0.3,0,DE,random,13,0.3333333333333333,E4,21.23,126.13,38,1.444034,87.4136,6.6799,0.0,0,16.5597,2.7213,86.175,0.0,25.5,4840,4.4343,3.69
google,2000,20,linear,True,False,0.4,0.3,0.3,0,DE,random,14,0.3333333333333333,E4,21.23,126.13,38,1.456777,87.3026,5.8564,0.0,0,16.7097,2.7692,82.763,0.0,27.0,4840,4.4617,3.23
google,2000,20,linear,True,False,0.4,0.3,0.3,0,DE,random,15,0.3333333333333333,E4,21.23,126.13,38,1.448618,87.3737,6.3837,0.0,0,16.6597,2.7592,83.988,0.0,26.0,4840,4.441,3.41
google,2000,20,linear,True,False,0.4,0.3,0.3,0,DE,random,16,0.3333333333333333,E4,21.23,126.13,38,1.457277,87.2982,5.8241,0.0,0,16.7097,2.7565,83.711,0.0,27.0,4840,4.4328,3.15
google,2000,20,linear,True,False,0.4,0.3,0.3,0,DE,random,17,0.3333333333333333,E4,21.23,126.13,38,1.433769,87.5031,7.3433,0.0,0,16.5097,2.7247,85.373,0.0,27.5,4840,4.4922,3.64
google,2000,20,linear,True,False,0.4,0.3,0.3,0,DE,random,18,0.3333333333333333,E4,21.23,126.13,38,1.448496,87.3747,6.3916,0.0,0,16.6097,2.7295,85.221,0.0,26.0,4840,4.3901,3.32
google,2000,20,linear,True,False,0.4,0.3,0.3,0,DE,random,19,0.3333333333333333,E4,21.23,126.13,38,1.438857,87.4588,7.0145,0.0,0,16.5597,2.7344,85.866,0.0,27.0,4840,4.3708,3.6
google,2000,20,linear,True,False,0.4,0.3,0.3,0,DE,random,20,0.3333333333333333,E4,21.23,126.13,38,1.456855,87.3019,5.8514,0.0,0,16.7097,2.7398,83.427,0.0,26.0,4840,4.5849,3.34
google,2000,20,linear,True,False,0.4,0.3,0.3,0,DE,random,21,0.3333333333333333,E4,21.23,126.13,38,1.445044,87.4048,6.6147,0.0,0,16.5597,2.731,86.012,0.0,26.5,4840,4.4102,3.41
google,2000,20,linear,True,False,0.4,0.3,0.3,0,DE,random,22,0.3333333333333333,E4,21.23,126.13,38,1.449444,87.3665,6.3303,0.0,0,16.6597,2.7556,85.179,0.0,26.5,4840,4.4444,3.34
google,2000,20,linear,True,False,0.4,0.3,0.3,0,DE,random,23,0.3333333333333333,E4,21.23,126.13,38,1.437104,87.474,7.1278,0.0,0,16.5097,2.7103,85.918,0.0,26.0,4840,4.4188,3.63
google,2000,20,linear,True,False,0.4,0.3,0.3,0,DE,random,24,0.3333333333333333,E4,21.23,126.13,38,1.426751,87.5643,7.7968,0.0,0,16.4097,2.7,87.726,0.0,26.0,4840,4.4198,3.74
google,2000,20,linear,True,False,0.4,0.3,0.3,0,DE,random,25,0.3333333333333333,E4,21.23,126.13,38,1.427591,87.557,7.7425,0.0,0,16.4097,2.6996,87.129,0.0,27.5,4840,4.4555,3.86
google,2000,20,linear,True,False,0.4,0.3,0.3,0,DE,random,26,0.3333333333333333,E4,21.23,126.13,38,1.435406,87.4888,7.2375,0.0,0,16.4597,2.6874,87.351,0.0,26.0,4840,4.402,3.72
google,2000,20,linear,True,False,0.4,0.3,0.3,0,DE,random,27,0.3333333333333333,E4,21.23,126.13,38,1.430163,87.5345,7.5763,0.0,0,16.5097,2.708,86.555,0.0,26.5,4840,4.5891,3.6
google,2000,20,linear,True,False,0.4,0.3,0.3,0,DE,random,28,0.3333333333333333,E4,21.23,126.13,38,1.436619,87.4783,7.1591,0.0,0,16.5097,2.7167,87.205,0.0,25.5,4840,4.4793,3.61
google,2000,20,linear,True,False,0.4,0.3,0.3,0,DE,random,29,0.3333333333333333,E4,21.23,126.13,38,1.428464,87.5493,7.6861,0.0,0,16.5097,2.7008,86.886,0.0,26.0,4840,4.4483,3.7
google,2000,20,linear,True,False,0.4,0.3,0.3,0,DE,random,30,0.3333333333333333,E4,21.23,126.13,38,1.444823,87.4068,6.6289,0.0,0,16.6097,2.7361,83.597,0.0,26.5,4840,4.4781,3.64
google,2000,20,linear,True,False,0.4,0.3,0.3,0,HHO,random,1,0.3333333333333333,E4,21.23,126.13,38,1.432594,87.5133,7.4192,0.0,0,16.8597,2.7986,72.377,0.0,28.0,8796,6.5705,3.4
google,2000,20,linear,True,False,0.4,0.3,0.3,0,HHO,random,2,0.3333333333333333,E4,21.23,126.13,38,1.435808,87.4853,7.2115,0.0,0,16.8597,2.7932,75.463,0.0,28.5,8878,6.682,3.23
google,2000,20,linear,True,False,0.4,0.3,0.3,0,WOA,carbon,7,0.3333333333333333,E4,21.23,126.13,38,1.284319,88.8057,17.0015,0.0,0,16.7097,2.6767,69.724,0.0,26.5,4840,4.5155,3.25
google,2000,20,linear,True,False,0.4,0.3,0.3,0,WOA,carbon,8,0.3333333333333333,E4,21.23,126.13,38,1.273424,88.9007,17.7055,0.0,0,16.6597,2.6778,71.364,0.0,26.5,4840,4.415,3.49
google,2000,20,linear,True,False,0.4,0.3,0.3,0,WOA,carbon,9,0.3333333333333333,E4,21.23,126.13,38,1.260647,89.0121,18.5312,0.0,0,16.5597,2.6542,74.568,0.0,26.5,4840,4.5127,3.41
google,2000,20,linear,True,False,0.4,0.3,0.3,0,WOA,carbon,10,0.3333333333333333,E4,21.23,126.13,38,1.269896,88.9314,17.9335,0.0,0,16.6597,2.6737,72.054,0.0,26.5,4840,4.5517,3.21
google,2000,20,linear,True,False,0.4,0.3,0.3,0,WOA,carbon,11,0.3333333333333333,E4,21.23,126.13,38,1.272142,88.9119,17.7884,0.0,0,16.6597,2.6731,71.651,0.0,26.5,4840,4.4881,3.25
google,2000,20,linear,True,False,0.4,0.3,0.3,0,WOA,carbon,12,0.3333333333333333,E4,21.23,126.13,38,1.278259,88.8585,17.393,0.0,0,16.7097,2.6767,69.164,0.0,26.5,4840,4.4771,3.18
google,2000,20,linear,True,False,0.4,0.3,0.3,0,WOA,carbon,13,0.3333333333333333,E4,21.23,126.13,38,1.26196,89.0006,18.4464,0.0,0,16.5597,2.657,74.358,0.0,26.5,4840,4.6952,3.11
google,2000,20,linear,True,False,0.4,0.3,0.3,0,WOA,carbon,14,0.3333333333333333,E4,21.23,126.13,38,1.276129,88.8771,17.5307,0.0,0,16.7097,2.6859,69.933,0.0,26.5,4840,4.621,3.35
google,2000,20,linear,True,False,0.4,0.3,0.3,0,HHO,random,3,0.3333333333333333,E4,21.23,126.13,38,1.426615,87.5655,7.8056,0.0,0,16.7597,2.7773,74.812,0.0,28.0,8954,6.6417,3.54
google,2000,20,linear,True,False,0.4,0.3,0.3,0,HHO,random,4,0.3333333333333333,E4,21.23,126.13,38,1.419081,87.6311,8.2925,0.0,0,16.8597,2.7683,71.108,0.0,28.0,8918,6.7547,3.75
google,2000,20,linear,True,False,0.4,0.3,0.3,0,HHO,random,5,0.3333333333333333,E4,21.23,126.13,38,1.420662,87.6173,8.1903,0.0,0,16.7097,2.7593,78.282,0.0,28.0,8908,6.6141,3.26
google,2000,20,linear,True,False,0.4,0.3,0.3,0,HHO,random,6,0.3333333333333333,E4,21.23,126.13,38,1.435604,87.4871,7.2247,0.0,0,16.9597,2.7947,70.321,0.0,28.5,8990,6.6546,3.7
google,2000,20,linear,True,False,0.4,0.3,0.3,0,HHO,random,7,0.3333333333333333,E4,21.23,126.13,38,1.417447,87.6454,8.3981,0.0,0,16.6597,2.7511,77.651,0.0,28.0,8884,6.6522,3.68
google,2000,20,linear,True,False,0.4,0.3,0.3,0,HHO,random,8,0.3333333333333333,E4,21.23,126.13,38,1.44683,87.3893,6.4992,0.0,0,16.9597,2.7979,73.504,0.0,28.5,8972,6.6686,3.37
google,2000,20,linear,True,False,0.4,0.3,0.3,0,HHO,random,9,0.3333333333333333,E4,21.23,126.13,38,1.426007,87.5708,7.8449,0.0,0,16.9097,2.7958,71.206,0.0,28.0,8912,6.6543,3.38
google,2000,20,linear,True,False,0.4,0.3,0.3,0,HHO,random,10,0.3333333333333333,E4,21.23,126.13,38,1.433241,87.5077,7.3774,0.0,0,16.9097,2.8112,67.148,0.0,28.5,9026,7.0189,3.6
google,2000,20,linear,True,False,0.4,0.3,0.3,0,HHO,random,11,0.3333333333333333,E4,21.23,126.13,38,1.429316,87.5419,7.631,0.0,0,16.8097,2.7904,74.904,0.0,28.0,9136,6.933,3.61
google,2000,20,linear,True,False,0.4,0.3,0.3,0,HHO,random,12,0.3333333333333333,E4,21.23,126.13,38,1.438294,87.4637,7.0509,0.0,0,16.9097,2.7837,73.374,0.0,28.0,8832,6.5911,3.22
google,2000,20,linear,True,False,0.4,0.3,0.3,0,HHO,random,13,0.3333333333333333,E4,21.23,126.13,38,1.442985,87.4228,6.7477,0.0,0,16.9097,2.8101,70.364,0.0,28.5,8996,6.6824,3.56
google,2000,20,linear,True,False,0.4,0.3,0.3,0,HHO,random,14,0.3333333333333333,E4,21.23,126.13,38,1.425588,87.5744,7.872,0.0,0,16.9097,2.7986,66.404,0.0,28.5,8902,6.6655,3.26
google,2000,20,linear,True,False,0.4,0.3,0.3,0,HHO,random,15,0.3333333333333333,E4,21.23,126.13,38,1.429818,87.5375,7.5986,0.0,0,16.9597,2.8123,64.6,0.0,28.0,9022,6.827,3.86
google,2000,20,linear,True,False,0.4,0.3,0.3,0,HHO,random,16,0.3333333333333333,E4,21.23,126.13,38,1.425571,87.5746,7.8731,0.0,0,16.8597,2.7975,69.801,0.0,28.5,8854,6.6009,3.53
google,2000,20,linear,True,False,0.4,0.3,0.3,0,HHO,random,17,0.3333333333333333,E4,21.23,126.13,38,1.438593,87.4611,7.0315,0.0,0,16.9597,2.8153,68.44,0.0,28.5,9078,6.9854,3.29
google,2000,20,linear,True,False,0.4,0.3,0.3,0,HHO,random,18,0.3333333333333333,E4,21.23,126.13,38,1.43037,87.5327,7.5629,0.0,0,16.8597,2.7911,73.189,0.0,28.0,8972,6.7329,3.57
google,2000,20,linear,True,False,0.4,0.3,0.3,0,GA,random,29,0.3333333333333333,E4,21.23,126.13,38,1.4293,87.5421,7.6321,0.0,0,16.4597,2.7224,86.84,0.0,25.5,4840,7.8349,4.96
google,2000,20,linear,True,False,0.4,0.3,0.3,0,GA,random,30,0.3333333333333333,E4,21.23,126.13,38,1.433129,87.5087,7.3847,0.0,0,16.6097,2.7219,84.672,0.0,26.0,4840,7.8772,4.96
google,2000,20,linear,True,False,0.4,0.3,0.3,0,WOA,carbon,1,0.3333333333333333,E4,21.23,126.13,38,1.266924,88.9573,18.1255,0.0,0,16.6597,2.6715,72.007,0.0,26.5,4840,4.4732,3.22
google,2000,20,linear,True,False,0.4,0.3,0.3,0,WOA,carbon,2,0.3333333333333333,E4,21.23,126.13,38,1.268034,88.9477,18.0538,0.0,0,16.6097,2.6542,73.526,0.0,26.5,4840,4.4661,3.17
google,2000,20,linear,True,False,0.4,0.3,0.3,0,WOA,carbon,3,0.3333333333333333,E4,21.23,126.13,38,1.263564,88.9866,18.3427,0.0,0,16.5097,2.6398,75.654,0.0,26.0,4840,4.4508,3.17
google,2000,20,linear,True,False,0.4,0.3,0.3,0,WOA,carbon,4,0.3333333333333333,E4,21.23,126.13,38,1.253984,89.0701,18.9618,0.0,0,16.5097,2.6431,74.229,0.0,26.5,4840,4.6199,3.22
google,2000,20,linear,True,False,0.4,0.3,0.3,0,WOA,carbon,5,0.3333333333333333,E4,21.23,126.13,38,1.270328,88.9277,17.9056,0.0,0,16.6597,2.6703,70.501,0.0,26.5,4840,4.6052,3.17
google,2000,20,linear,True,False,0.4,0.3,0.3,0,WOA,carbon,6,0.3333333333333333,E4,21.23,126.13,38,1.272879,88.9054,17.7407,0.0,0,16.5597,2.6542,74.349,0.0,26.0,4840,4.4392,3.09
google,2000,20,linear,True,False,0.4,0.3,0.3,0,HHO,random,19,0.3333333333333333,E4,21.23,126.13,38,1.438296,87.4636,7.0507,0.0,0,16.9097,2.8095,74.563,0.0,28.0,8892,6.7369,3.31
google,2000,20,linear,True,False,0.4,0.3,0.3,0,HHO,random,20,0.3333333333333333,E4,21.23,126.13,38,1.435199,87.4906,7.2509,0.0,0,16.8597,2.8093,77.156,0.0,28.0,8926,6.6172,3.33
google,2000,20,linear,True,False,0.4,0.3,0.3,0,HHO,random,21,0.3333333333333333,E4,21.23,126.13,38,1.441345,87.4371,6.8537,0.0,0,16.9097,2.782,74.654,0.0,28.5,8874,6.546,3.61
google,2000,20,linear,True,False,0.4,0.3,0.3,0,HHO,random,22,0.3333333333333333,E4,21.23,126.13,38,1.436278,87.4812,7.1811,0.0,0,16.8097,2.7829,77.215,0.0,28.0,8882,6.6657,3.31
google,2000,20,linear,True,False,0.4,0.3,0.3,0,HHO,random,23,0.3333333333333333,E4,21.23,126.13,38,1.427124,87.561,7.7727,0.0,0,16.8097,2.7864,72.998,0.0,28.5,8802,6.5733,3.46
google,2000,20,linear,True,False,0.4,0.3,0.3,0,HHO,random,24,0.3333333333333333,E4,21.23,126.13,38,1.448182,87.3775,6.4118,0.0,0,16.9597,2.8242,70.384,0.0,28.5,8870,6.5788,3.44
google,2000,20,linear,True,False,0.4,0.3,0.3,0,HHO,random,25,0.3333333333333333,E4,21.23,126.13,38,1.424671,87.5824,7.9312,0.0,0,16.8597,2.7998,70.221,0.0,28.5,9022,6.9582,3.49
google,2000,20,linear,True,False,0.4,0.3,0.3,0,HHO,random,26,0.3333333333333333,E4,21.23,126.13,38,1.422253,87.6035,8.0875,0.0,0,16.8597,2.791,71.346,0.0,28.0,8948,6.647,3.66
google,2500,10,linear,True,False,0.4,0.3,0.3,0,FIFO,-,0,0.3333333333333333,E4,26.96,157.72,39,14.293111,0.0,-656.5451,0.0,0,159.2788,25.9888,5.373,24.7992,24.5,0,0.0,0.0
google,2500,10,linear,True,False,0.4,0.3,0.3,0,Consolidation,-,0,0.3333333333333333,E4,26.96,157.72,39,1.889261,86.782,0.0,0.0,0,20.8788,3.3988,66.243,24.7992,24.5,0,0.0,0.0
google,2500,10,linear,True,False,0.4,0.3,0.3,0,Greedy(EDF+greenest),-,0,0.3333333333333333,E4,26.96,157.72,39,1.518432,89.3765,19.6282,0.0,0,20.3288,3.2405,74.25,41.3637,26.0,0,0.0004,0.0
google,2500,10,linear,True,False,0.4,0.3,0.3,0,WOA,random,1,0.3333333333333333,E4,26.96,157.72,39,1.802104,87.3918,4.6133,0.0,0,20.7788,3.4202,81.173,0.0,27.5,4840,5.3751,4.22
google,2500,10,linear,True,False,0.4,0.3,0.3,0,WOA,random,2,0.3333333333333333,E4,26.96,157.72,39,1.814999,87.3016,3.9307,0.0,0,20.9788,3.4628,78.236,0.0,28.5,4840,5.3821,4.03
google,2500,10,linear,True,False,0.4,0.3,0.3,0,WOA,random,3,0.3333333333333333,E4,26.96,157.72,39,1.808345,87.3481,4.283,0.0,0,20.8288,3.4431,79.573,0.0,27.5,4840,5.6017,4.07
google,2500,10,linear,True,False,0.4,0.3,0.3,0,WOA,random,4,0.3333333333333333,E4,26.96,157.72,39,1.819397,87.2708,3.6979,0.0,0,20.9288,3.4581,79.683,0.0,27.5,4840,5.4793,3.87
google,2500,10,linear,True,False,0.4,0.3,0.3,0,WOA,random,5,0.3333333333333333,E4,26.96,157.72,39,1.798857,87.4145,4.7851,0.0,0,20.7288,3.408,84.551,0.0,26.5,4840,5.3874,4.28
google,2000,20,linear,True,False,0.4,0.3,0.3,0,WOA,carbon,23,0.3333333333333333,E4,21.23,126.13,38,1.264556,88.978,18.2786,0.0,0,16.5597,2.6565,71.195,0.0,27.0,4840,4.5027,3.25
google,2000,20,linear,True,False,0.4,0.3,0.3,0,WOA,carbon,24,0.3333333333333333,E4,21.23,126.13,38,1.272337,88.9102,17.7758,0.0,0,16.6597,2.6737,71.38,0.0,27.0,4840,4.4668,3.2
google,2000,20,linear,True,False,0.4,0.3,0.3,0,WOA,carbon,25,0.3333333333333333,E4,21.23,126.13,38,1.269148,88.938,17.9819,0.0,0,16.6097,2.6542,71.643,0.0,26.5,4840,4.4476,3.61
google,2000,20,linear,True,False,0.4,0.3,0.3,0,WOA,carbon,26,0.3333333333333333,E4,21.23,126.13,38,1.273973,88.8959,17.67,0.0,0,16.6597,2.6692,70.468,0.0,26.5,4840,4.451,3.15
google,2000,20,linear,True,False,0.4,0.3,0.3,0,WOA,carbon,27,0.3333333333333333,E4,21.23,126.13,38,1.260765,89.011,18.5236,0.0,0,16.5597,2.6467,73.437,0.0,26.5,4840,4.6718,3.29
google,2000,20,linear,True,False,0.4,0.3,0.3,0,WOA,carbon,28,0.3333333333333333,E4,21.23,126.13,38,1.277839,88.8622,17.4202,0.0,0,16.6597,2.6692,72.217,0.0,27.0,4840,4.5747,3.05
google,2000,20,linear,True,False,0.4,0.3,0.3,0,WOA,carbon,29,0.3333333333333333,E4,21.23,126.13,38,1.258461,89.0311,18.6725,0.0,0,16.5597,2.6473,74.862,0.0,26.5,4840,4.3938,3.34
google,2000,20,linear,True,False,0.4,0.3,0.3,0,WOA,carbon,30,0.3333333333333333,E4,21.23,126.13,38,1.261446,89.0051,18.4796,0.0,0,16.5597,2.6559,73.789,0.0,26.5,4840,4.4243,3.32
google,2000,20,linear,True,False,0.4,0.3,0.3,0,WOA,carbon,15,0.3333333333333333,E4,21.23,126.13,38,1.265727,88.9678,18.2029,0.0,0,16.6097,2.6553,72.047,0.0,26.5,4840,4.5649,3.23
google,2000,20,linear,True,False,0.4,0.3,0.3,0,WOA,carbon,16,0.3333333333333333,E4,21.23,126.13,38,1.271152,88.9205,17.8523,0.0,0,16.6597,2.6709,72.213,0.0,26.5,4840,4.4959,3.11
google,2000,20,linear,True,False,0.4,0.3,0.3,0,WOA,carbon,17,0.3333333333333333,E4,21.23,126.13,38,1.276104,88.8773,17.5323,0.0,0,16.5597,2.6467,75.474,0.0,26.0,4840,4.4543,3.37
google,2000,20,linear,True,False,0.4,0.3,0.3,0,WOA,carbon,18,0.3333333333333333,E4,21.23,126.13,38,1.269848,88.9319,17.9366,0.0,0,16.6097,2.6651,72.313,0.0,26.5,4840,4.4207,3.26
google,2000,20,linear,True,False,0.4,0.3,0.3,0,WOA,carbon,19,0.3333333333333333,E4,21.23,126.13,38,1.27213,88.912,17.7891,0.0,0,16.6097,2.6542,72.311,0.0,26.5,4840,4.6383,3.14
google,2000,20,linear,True,False,0.4,0.3,0.3,0,WOA,carbon,20,0.3333333333333333,E4,21.23,126.13,38,1.262015,89.0001,18.4428,0.0,0,16.5097,2.6392,73.932,0.0,26.5,4840,4.5542,3.08
google,2000,20,linear,True,False,0.4,0.3,0.3,0,WOA,carbon,21,0.3333333333333333,E4,21.23,126.13,38,1.275296,88.8844,17.5845,0.0,0,16.7097,2.6876,69.144,0.0,27.0,4840,4.4267,3.14
google,2000,20,linear,True,False,0.4,0.3,0.3,0,WOA,carbon,22,0.3333333333333333,E4,21.23,126.13,38,1.271462,88.9178,17.8323,0.0,0,16.6097,2.6651,73.157,0.0,26.5,4840,4.4193,3.23
google,2000,20,linear,True,False,0.4,0.3,0.3,0,HHO,random,27,0.3333333333333333,E4,21.23,126.13,38,1.419546,87.6271,8.2624,0.0,0,16.8097,2.7893,72.358,0.0,28.5,8912,6.661,3.95
google,2000,20,linear,True,False,0.4,0.3,0.3,0,HHO,random,28,0.3333333333333333,E4,21.23,126.13,38,1.443644,87.417,6.7051,0.0,0,17.0597,2.8433,63.708,0.0,28.5,8966,6.6794,3.24
google,2000,20,linear,True,False,0.4,0.3,0.3,0,HHO,random,29,0.3333333333333333,E4,21.23,126.13,38,1.434115,87.5001,7.3209,0.0,0,16.9097,2.8176,66.855,0.0,28.5,8936,6.6447,4.01
google,2000,20,linear,True,False,0.4,0.3,0.3,0,HHO,random,30,0.3333333333333333,E4,21.23,126.13,38,1.431047,87.5268,7.5192,0.0,0,16.8597,2.7845,76.405,0.0,28.0,8884,6.647,3.49
google,2000,20,linear,True,False,0.4,0.3,0.3,0,GA,random,1,0.3333333333333333,E4,21.23,126.13,38,1.433165,87.5084,7.3823,0.0,0,16.6097,2.734,85.233,0.0,26.0,4840,7.8244,4.97
google,2000,20,linear,True,False,0.4,0.3,0.3,0,GA,random,2,0.3333333333333333,E4,21.23,126.13,38,1.432227,87.5165,7.4429,0.0,0,16.5097,2.7049,85.676,0.0,26.0,4840,8.0072,4.97
google,2000,20,linear,True,False,0.4,0.3,0.3,0,GA,random,3,0.3333333333333333,E4,21.23,126.13,38,1.431398,87.5238,7.4965,0.0,0,16.5597,2.7152,85.001,0.0,26.0,4840,7.9109,4.93
google,2000,20,linear,True,False,0.4,0.3,0.3,0,GA,random,4,0.3333333333333333,E4,21.23,126.13,38,1.426599,87.5656,7.8066,0.0,0,16.5097,2.7115,86.344,0.0,26.0,4840,7.7422,4.9
google,2000,20,linear,True,False,0.4,0.3,0.3,0,GA,random,5,0.3333333333333333,E4,21.23,126.13,38,1.431893,87.5195,7.4645,0.0,0,16.5597,2.7295,85.932,0.0,25.5,4840,7.8276,4.95
google,2000,20,linear,True,False,0.4,0.3,0.3,0,GA,random,6,0.3333333333333333,E4,21.23,126.13,38,1.428602,87.5481,7.6772,0.0,0,16.5097,2.7166,86.156,0.0,26.0,4840,7.8023,4.97
google,2000,20,linear,True,False,0.4,0.3,0.3,0,GA,random,7,0.3333333333333333,E4,21.23,126.13,38,1.434893,87.4933,7.2707,0.0,0,16.5597,2.7144,85.869,0.0,26.0,4840,7.8671,4.93
google,2000,20,linear,True,False,0.4,0.3,0.3,0,GA,random,8,0.3333333333333333,E4,21.23,126.13,38,1.43654,87.4789,7.1642,0.0,0,16.5097,2.7007,84.812,0.0,26.5,4840,7.8234,4.89
google,2000,20,linear,True,False,0.4,0.3,0.3,0,GA,random,9,0.3333333333333333,E4,21.23,126.13,38,1.432435,87.5147,7.4295,0.0,0,16.5597,2.7128,86.91,0.0,25.5,4840,7.9724,4.94
google,2000,20,linear,True,False,0.4,0.3,0.3,0,GA,random,10,0.3333333333333333,E4,21.23,126.13,38,1.435513,87.4879,7.2306,0.0,0,16.6097,2.7563,84.581,0.0,26.0,4840,7.975,4.94
google,2000,20,linear,True,False,0.4,0.3,0.3,0,GA,random,11,0.3333333333333333,E4,21.23,126.13,38,1.43041,87.5324,7.5604,0.0,0,16.5097,2.6911,86.34,0.0,26.0,4840,7.7516,4.81
google,2000,20,linear,True,False,0.4,0.3,0.3,0,GA,random,12,0.3333333333333333,E4,21.23,126.13,38,1.441232,87.4381,6.861,0.0,0,16.6097,2.7384,85.969,0.0,25.5,4840,7.8443,4.74
google,2000,20,linear,True,False,0.4,0.3,0.3,0,GA,random,13,0.3333333333333333,E4,21.23,126.13,38,1.432353,87.5154,7.4348,0.0,0,16.5097,2.7108,85.726,0.0,26.5,4840,7.8659,4.94
google,2000,20,linear,True,False,0.4,0.3,0.3,0,GA,random,14,0.3333333333333333,E4,21.23,126.13,38,1.4307,87.5298,7.5416,0.0,0,16.5097,2.7211,87.106,0.0,25.5,4840,7.8194,5.04
google,2000,20,linear,True,False,0.4,0.3,0.3,0,GA,random,15,0.3333333333333333,E4,21.23,126.13,38,1.43135,87.5242,7.4996,0.0,0,16.6097,2.7413,85.031,0.0,27.0,4840,7.9389,4.94
google,2000,20,linear,True,False,0.4,0.3,0.3,0,GA,random,16,0.3333333333333333,E4,21.23,126.13,38,1.426884,87.5631,7.7882,0.0,0,16.5097,2.7086,86.897,0.0,25.5,4840,7.844,4.99
google,2000,20,linear,True,False,0.4,0.3,0.3,0,GA,random,17,0.3333333333333333,E4,21.23,126.13,38,1.428806,87.5464,7.664,0.0,0,16.5097,2.7155,87.577,0.0,25.5,4840,8.0348,5.15
google,2000,20,linear,True,False,0.4,0.3,0.3,0,GA,random,18,0.3333333333333333,E4,21.23,126.13,38,1.432394,87.5151,7.4321,0.0,0,16.4597,2.7113,86.462,0.0,26.0,4840,8.007,4.97
google,2000,20,linear,True,False,0.4,0.3,0.3,0,GA,random,19,0.3333333333333333,E4,21.23,126.13,38,1.432103,87.5176,7.451,0.0,0,16.5097,2.7169,85.873,0.0,27.0,4840,7.7668,5.01
google,2000,20,linear,True,False,0.4,0.3,0.3,0,GA,random,20,0.3333333333333333,E4,21.23,126.13,38,1.434108,87.5002,7.3214,0.0,0,16.5097,2.7172,86.47,0.0,26.0,4840,7.861,4.74
google,2000,20,linear,True,False,0.4,0.3,0.3,0,GA,random,21,0.3333333333333333,E4,21.23,126.13,38,1.422192,87.604,8.0915,0.0,0,16.5097,2.7069,87.564,0.0,25.5,4840,7.8791,4.88
google,2000,20,linear,True,False,0.4,0.3,0.3,0,GA,random,22,0.3333333333333333,E4,21.23,126.13,38,1.432772,87.5118,7.4077,0.0,0,16.6597,2.7332,83.904,0.0,26.0,4840,7.8406,5.11
google,2000,20,linear,True,False,0.4,0.3,0.3,0,GA,random,23,0.3333333333333333,E4,21.23,126.13,38,1.429512,87.5402,7.6184,0.0,0,16.4597,2.7205,86.939,0.0,25.5,4840,7.9447,4.86
google,2000,20,linear,True,False,0.4,0.3,0.3,0,GA,random,24,0.3333333333333333,E4,21.23,126.13,38,1.432308,87.5158,7.4377,0.0,0,16.6097,2.7391,84.56,0.0,26.0,4840,7.8501,4.91
google,2000,20,linear,True,False,0.4,0.3,0.3,0,GA,random,25,0.3333333333333333,E4,21.23,126.13,38,1.435741,87.4859,7.2158,0.0,0,16.5597,2.7173,85.333,0.0,26.0,4840,8.1847,4.91
google,2000,20,linear,True,False,0.4,0.3,0.3,0,GA,random,26,0.3333333333333333,E4,21.23,126.13,38,1.431296,87.5247,7.5031,0.0,0,16.5597,2.7044,86.089,0.0,26.0,4840,7.8327,4.9
google,2000,20,linear,True,False,0.4,0.3,0.3,0,GA,random,27,0.3333333333333333,E4,21.23,126.13,38,1.429046,87.5443,7.6485,0.0,0,16.5097,2.7184,87.326,0.0,25.5,4840,7.8492,4.94
google,2000,20,linear,True,False,0.4,0.3,0.3,0,GA,random,28,0.3333333333333333,E4,21.23,126.13,38,1.429022,87.5445,7.6501,0.0,0,16.5097,2.6977,85.541,0.0,26.0,4840,7.9207,5.04
google,2500,10,linear,True,False,0.4,0.3,0.3,0,WOA,random,14,0.3333333333333333,E4,26.96,157.72,39,1.798142,87.4195,4.823,0.0,0,20.8288,3.4467,81.585,0.0,28.0,4840,5.3976,4.41
google,2500,10,linear,True,False,0.4,0.3,0.3,0,WOA,random,15,0.3333333333333333,E4,26.96,157.72,39,1.801759,87.3942,4.6315,0.0,0,20.8288,3.4482,81.787,0.0338,27.5,4840,5.3928,4.14
google,2500,10,linear,True,False,0.4,0.3,0.3,0,WOA,random,16,0.3333333333333333,E4,26.96,157.72,39,1.798792,87.415,4.7886,0.0,0,20.7288,3.4428,83.558,0.0,28.0,4840,5.3807,4.07
google,2500,10,linear,True,False,0.4,0.3,0.3,0,WOA,random,17,0.3333333333333333,E4,26.96,157.72,39,1.796838,87.4286,4.892,0.0,0,20.7288,3.4303,82.079,0.0,28.0,4840,5.4644,4.12
google,2500,10,linear,True,False,0.4,0.3,0.3,0,WOA,random,18,0.3333333333333333,E4,26.96,157.72,39,1.805138,87.3706,4.4527,0.0,0,20.8288,3.4388,81.229,0.0,27.5,4840,5.4776,4.14
google,2500,10,linear,True,False,0.4,0.3,0.3,0,WOA,random,19,0.3333333333333333,E4,26.96,157.72,39,1.807807,87.3519,4.3114,0.0,0,20.7788,3.4401,83.307,0.0,26.5,4840,5.4662,3.95
google,2500,10,linear,True,False,0.4,0.3,0.3,0,WOA,random,20,0.3333333333333333,E4,26.96,157.72,39,1.807494,87.3541,4.328,0.0,0,20.8788,3.4267,81.461,0.0,27.5,4840,5.4813,4.14
google,2500,10,linear,True,False,0.4,0.3,0.3,0,WOA,random,21,0.3333333333333333,E4,26.96,157.72,39,1.801617,87.3952,4.639,0.0,0,20.8288,3.4307,82.007,0.0,28.0,4840,5.4154,3.93
google,2500,10,linear,True,False,0.4,0.3,0.3,0,WOA,random,6,0.3333333333333333,E4,26.96,157.72,39,1.798498,87.417,4.8041,0.0,0,20.7288,3.4,83.89,0.0,27.5,4840,5.3869,3.95
google,2500,10,linear,True,False,0.4,0.3,0.3,0,WOA,random,7,0.3333333333333333,E4,26.96,157.72,39,1.804786,87.373,4.4713,0.0,0,20.8788,3.4513,80.611,0.0,27.5,4840,5.3829,3.86
google,2500,10,linear,True,False,0.4,0.3,0.3,0,WOA,random,8,0.3333333333333333,E4,26.96,157.72,39,1.797627,87.4231,4.8502,0.0,0,20.7788,3.4208,80.532,0.0,28.0,4840,5.3877,4.05
google,2500,10,linear,True,False,0.4,0.3,0.3,0,WOA,random,9,0.3333333333333333,E4,26.96,157.72,39,1.81395,87.3089,3.9863,0.0,0,20.8788,3.4568,82.591,0.0,27.5,4840,5.4193,4.2
google,2500,10,linear,True,False,0.4,0.3,0.3,0,WOA,random,10,0.3333333333333333,E4,26.96,157.72,39,1.803043,87.3852,4.5636,0.0,0,20.7288,3.4116,81.752,0.0,27.5,4840,5.4843,4.08
google,2500,10,linear,True,False,0.4,0.3,0.3,0,WOA,random,11,0.3333333333333333,E4,26.96,157.72,39,1.794074,87.448,5.0383,0.0,0,20.7788,3.4395,81.645,0.0,27.5,4840,5.4743,4.14
google,2500,10,linear,True,False,0.4,0.3,0.3,0,WOA,random,12,0.3333333333333333,E4,26.96,157.72,39,1.797068,87.427,4.8798,0.0,0,20.8288,3.4261,82.518,0.0,27.5,4840,5.5083,3.95
google,2500,10,linear,True,False,0.4,0.3,0.3,0,WOA,random,13,0.3333333333333333,E4,26.96,157.72,39,1.817517,87.284,3.7974,0.0,0,20.8788,3.4302,78.36,0.0,28.5,4840,5.4491,4.1
google,2500,10,linear,True,False,0.4,0.3,0.3,0,WOA,random,22,0.3333333333333333,E4,26.96,157.72,39,1.806853,87.3586,4.3619,0.0,0,20.8288,3.4448,81.097,0.0,27.5,4840,5.3692,4.03
google,2500,10,linear,True,False,0.4,0.3,0.3,0,WOA,random,23,0.3333333333333333,E4,26.96,157.72,39,1.816299,87.2925,3.8619,0.0,0,20.8288,3.4369,80.732,0.0,27.0,4840,5.3698,3.97
google,2500,10,linear,True,False,0.4,0.3,0.3,0,WOA,random,24,0.3333333333333333,E4,26.96,157.72,39,1.804495,87.3751,4.4867,0.0,0,20.9288,3.4415,80.287,0.0,28.0,4840,5.4121,4.05
google,2500,10,linear,True,False,0.4,0.3,0.3,0,WOA,random,25,0.3333333333333333,E4,26.96,157.72,39,1.802778,87.3871,4.5776,0.0,0,20.7788,3.4312,81.978,0.0,27.5,4840,5.4892,3.72
google,2500,10,linear,True,False,0.4,0.3,0.3,0,WOA,random,26,0.3333333333333333,E4,26.96,157.72,39,1.805975,87.3647,4.4084,0.0,0,20.8788,3.45,80.638,0.0,28.0,4840,5.4921,4.18
google,2500,10,linear,True,False,0.4,0.3,0.3,0,WOA,random,27,0.3333333333333333,E4,26.96,157.72,39,1.789391,87.4807,5.2862,0.0,0,20.6288,3.4038,84.891,0.0,27.0,4840,5.4771,4.18
google,2500,10,linear,True,False,0.4,0.3,0.3,0,WOA,random,28,0.3333333333333333,E4,26.96,157.72,39,1.802074,87.392,4.6149,0.0,0,20.7788,3.4377,80.822,0.0,28.0,4840,5.4067,4.26
google,2500,10,linear,True,False,0.4,0.3,0.3,0,WOA,random,29,0.3333333333333333,E4,26.96,157.72,39,1.812698,87.3177,4.0525,0.0,0,20.8288,3.4475,79.569,0.0,28.0,4840,5.2976,3.99
google,2500,10,linear,True,False,0.4,0.3,0.3,0,WOA,random,30,0.3333333333333333,E4,26.96,157.72,39,1.791499,87.466,5.1746,0.0,0,20.6788,3.4123,83.481,0.0,27.0,4840,5.2892,4.31
google,2500,10,linear,True,False,0.4,0.3,0.3,0,GWO,random,1,0.3333333333333333,E4,26.96,157.72,39,1.798083,87.4199,4.8261,0.0,0,20.6288,3.3909,87.471,0.0,25.5,4840,5.9972,4.01
google,2500,10,linear,True,False,0.4,0.3,0.3,0,GWO,random,2,0.3333333333333333,E4,26.96,157.72,39,1.809081,87.343,4.244,0.0,0,20.6788,3.4076,84.836,0.0,26.5,4840,6.0403,3.78
google,2500,10,linear,True,False,0.4,0.3,0.3,0,GWO,random,3,0.3333333333333333,E4,26.96,157.72,39,1.820839,87.2607,3.6216,0.0,0,20.7788,3.4203,83.445,0.0,27.0,4840,6.1281,3.68
google,2500,10,linear,True,False,0.4,0.3,0.3,0,GWO,random,4,0.3333333333333333,E4,26.96,157.72,39,1.812175,87.3213,4.0802,0.0,0,20.7288,3.4143,84.122,0.0,28.0,4840,6.0876,3.89
google,2500,10,linear,True,False,0.4,0.3,0.3,0,GWO,random,5,0.3333333333333333,E4,26.96,157.72,39,1.813336,87.3132,4.0187,0.0,0,20.7288,3.404,83.741,0.0,27.0,4840,6.0887,3.81
google,2500,10,linear,True,False,0.4,0.3,0.3,0,GWO,random,6,0.3333333333333333,E4,26.96,157.72,39,1.793463,87.4523,5.0706,0.0,0,20.6288,3.4092,87.148,0.0,25.5,4840,5.9841,4.08
google,2500,10,linear,True,False,0.4,0.3,0.3,0,GWO,random,7,0.3333333333333333,E4,26.96,157.72,39,1.805675,87.3668,4.4243,0.0,0,20.6288,3.3974,85.334,0.0,26.0,4840,5.8608,3.87
google,2500,10,linear,True,False,0.4,0.3,0.3,0,GWO,random,8,0.3333333333333333,E4,26.96,157.72,39,1.80098,87.3997,4.6728,0.0,0,20.6788,3.3981,85.148,0.0,27.0,4840,5.9706,3.78
google,2500,10,linear,True,False,0.4,0.3,0.3,0,GWO,random,9,0.3333333333333333,E4,26.96,157.72,39,1.805155,87.3705,4.4518,0.0,0,20.6288,3.4015,85.23,0.0,26.5,4840,6.0525,3.91
google,2500,10,linear,True,False,0.4,0.3,0.3,0,GWO,random,10,0.3333333333333333,E4,26.96,157.72,39,1.813863,87.3095,3.9909,0.0,0,20.6788,3.4144,85.257,0.0,26.5,4840,6.0697,3.81
google,2500,10,linear,True,False,0.4,0.3,0.3,0,GWO,random,11,0.3333333333333333,E4,26.96,157.72,39,1.791732,87.4644,5.1623,0.0,0,20.5288,3.3731,87.051,0.0,26.0,4840,6.1159,4.16
google,2500,10,linear,True,False,0.4,0.3,0.3,0,GWO,random,12,0.3333333333333333,E4,26.96,157.72,39,1.809192,87.3422,4.2381,0.0,0,20.7288,3.4245,86.105,0.0,26.0,4840,6.0951,3.83
google,2500,10,linear,True,False,0.4,0.3,0.3,0,GWO,random,13,0.3333333333333333,E4,26.96,157.72,39,1.793011,87.4554,5.0946,0.0,0,20.5788,3.3674,86.15,0.0,26.5,4840,6.0533,4.14
google,2500,10,linear,True,False,0.4,0.3,0.3,0,GWO,random,14,0.3333333333333333,E4,26.96,157.72,39,1.799089,87.4129,4.7729,0.0,0,20.6788,3.3993,86.136,0.0,26.5,4840,5.9706,3.76
google,2500,10,linear,True,False,0.4,0.3,0.3,0,GWO,random,15,0.3333333333333333,E4,26.96,157.72,39,1.808498,87.3471,4.2749,0.0,0,20.7288,3.4156,84.852,0.0,27.0,4840,5.8506,3.81
google,2500,10,linear,True,False,0.4,0.3,0.3,0,PSO,random,2,0.3333333333333333,E4,26.96,157.72,39,1.81298,87.3157,4.0376,0.0,0,20.7288,3.4167,83.135,0.0,27.0,4840,5.4642,6.71
google,2500,10,linear,True,False,0.4,0.3,0.3,0,PSO,random,3,0.3333333333333333,E4,26.96,157.72,39,1.796415,87.4316,4.9144,0.0,0,20.5788,3.3984,85.57,0.0,26.5,4840,5.5124,6.86
google,2500,10,linear,True,False,0.4,0.3,0.3,0,PSO,random,4,0.3333333333333333,E4,26.96,157.72,39,1.800198,87.4051,4.7142,0.0,0,20.6788,3.3973,84.295,0.0,26.5,4840,5.5421,6.88
google,2500,10,linear,True,False,0.4,0.3,0.3,0,PSO,random,5,0.3333333333333333,E4,26.96,157.72,39,1.810629,87.3322,4.1621,0.0,0,20.7288,3.4103,83.283,0.0,26.5,4840,5.5584,7.11
google,2500,10,linear,True,False,0.4,0.3,0.3,0,PSO,random,6,0.3333333333333333,E4,26.96,157.72,39,1.807944,87.3509,4.3041,0.0,0,20.7288,3.4257,85.155,0.0,26.5,4840,5.5633,6.7
google,2500,10,linear,True,False,0.4,0.3,0.3,0,PSO,random,7,0.3333333333333333,E4,26.96,157.72,39,1.808347,87.3481,4.2828,0.0,0,20.7788,3.423,82.439,0.0,27.5,4840,5.4931,6.97
google,2500,10,linear,True,False,0.4,0.3,0.3,0,PSO,random,8,0.3333333333333333,E4,26.96,157.72,39,1.804296,87.3765,4.4972,0.0,0,20.7288,3.4047,83.699,0.0,26.5,4840,5.3755,6.88
google,2500,10,linear,True,False,0.4,0.3,0.3,0,PSO,random,9,0.3333333333333333,E4,26.96,157.72,39,1.799895,87.4073,4.7302,0.0,0,20.6288,3.3999,85.688,0.0,26.5,4840,5.3482,7.32
google,2500,10,linear,True,False,0.4,0.3,0.3,0,PSO,random,10,0.3333333333333333,E4,26.96,157.72,39,1.799666,87.4089,4.7423,0.0,0,20.6788,3.3965,84.209,0.0,26.5,4840,5.5397,6.86
google,2500,10,linear,True,False,0.4,0.3,0.3,0,PSO,random,11,0.3333333333333333,E4,26.96,157.72,39,1.809045,87.3432,4.2459,0.0,0,20.6288,3.4158,84.505,0.0,27.0,4840,5.5239,6.99
google,2500,10,linear,True,False,0.4,0.3,0.3,0,PSO,random,12,0.3333333333333333,E4,26.96,157.72,39,1.808868,87.3445,4.2553,0.0,0,20.7788,3.4167,82.283,0.0,27.0,4840,5.5734,6.61
google,2500,10,linear,True,False,0.4,0.3,0.3,0,PSO,random,13,0.3333333333333333,E4,26.96,157.72,39,1.788678,87.4857,5.3239,0.0,0,20.5288,3.3776,85.809,0.0,26.0,4840,5.5563,7.07
google,2500,10,linear,True,False,0.4,0.3,0.3,0,PSO,random,14,0.3333333333333333,E4,26.96,157.72,39,1.801064,87.3991,4.6684,0.0,0,20.6788,3.4131,84.112,0.0,26.5,4840,5.5409,7.09
google,2500,10,linear,True,False,0.4,0.3,0.3,0,PSO,random,15,0.3333333333333333,E4,26.96,157.72,39,1.809808,87.3379,4.2055,0.0,0,20.7288,3.4073,83.324,0.0,27.5,4840,5.4737,6.76
google,2500,10,linear,True,False,0.4,0.3,0.3,0,PSO,random,16,0.3333333333333333,E4,26.96,157.72,39,1.810227,87.335,4.1833,0.0,0,20.7788,3.4259,82.574,0.0,27.0,4840,5.3414,6.84
google,2500,10,linear,True,False,0.4,0.3,0.3,0,PSO,random,17,0.3333333333333333,E4,26.96,157.72,39,1.80141,87.3967,4.65,0.0,0,20.6788,3.4103,83.417,0.0,26.5,4840,5.4332,7.01
google,2500,10,linear,True,False,0.4,0.3,0.3,0,GWO,random,16,0.3333333333333333,E4,26.96,157.72,39,1.810311,87.3344,4.1789,0.0,0,20.7288,3.4187,84.113,0.0,26.5,4840,5.9931,3.76
google,2500,10,linear,True,False,0.4,0.3,0.3,0,GWO,random,17,0.3333333333333333,E4,26.96,157.72,39,1.805643,87.367,4.4259,0.0,0,20.7288,3.3994,85.191,0.0,26.0,4840,6.0682,3.97
google,2500,10,linear,True,False,0.4,0.3,0.3,0,GWO,random,18,0.3333333333333333,E4,26.96,157.72,39,1.792449,87.4593,5.1243,0.0,0,20.5288,3.3828,87.452,0.0,25.5,4840,6.1078,4.32
google,2500,10,linear,True,False,0.4,0.3,0.3,0,GWO,random,19,0.3333333333333333,E4,26.96,157.72,39,1.815887,87.2954,3.8837,0.0,0,20.7788,3.4371,84.232,0.0,26.5,4840,6.1372,3.74
google,2500,10,linear,True,False,0.4,0.3,0.3,0,GWO,random,20,0.3333333333333333,E4,26.96,157.72,39,1.797382,87.4248,4.8632,0.0,0,20.5788,3.3795,87.277,0.0,25.5,4840,6.0966,4.1
google,2500,10,linear,True,False,0.4,0.3,0.3,0,GWO,random,21,0.3333333333333333,E4,26.96,157.72,39,1.802339,87.3902,4.6008,0.0,0,20.6788,3.3817,85.537,0.0,26.5,4840,6.0268,3.93
google,2500,10,linear,True,False,0.4,0.3,0.3,0,GWO,random,22,0.3333333333333333,E4,26.96,157.72,39,1.810572,87.3326,4.1651,0.0,0,20.6788,3.4153,85.612,0.0,26.0,4840,5.8782,3.89
google,2500,10,linear,True,False,0.4,0.3,0.3,0,GWO,random,23,0.3333333333333333,E4,26.96,157.72,39,1.811328,87.3273,4.125,0.0,0,20.7788,3.4173,84.802,0.0,27.5,4840,6.0123,3.8
google,2500,10,linear,True,False,0.4,0.3,0.3,0,GWO,random,24,0.3333333333333333,E4,26.96,157.72,39,1.81511,87.3008,3.9249,0.0,0,20.7788,3.4181,84.686,0.0,27.0,4840,5.9991,3.7
google,2500,10,linear,True,False,0.4,0.3,0.3,0,GWO,random,25,0.3333333333333333,E4,26.96,157.72,39,1.813742,87.3104,3.9973,0.0,0,20.7788,3.4127,83.87,0.0,27.0,4840,6.0236,3.81
google,2500,10,linear,True,False,0.4,0.3,0.3,0,GWO,random,26,0.3333333333333333,E4,26.96,157.72,39,1.807188,87.3562,4.3442,0.0,0,20.7288,3.4087,84.296,0.0,27.5,4840,6.0924,3.93
google,2500,10,linear,True,False,0.4,0.3,0.3,0,GWO,random,27,0.3333333333333333,E4,26.96,157.72,39,1.802845,87.3866,4.5741,0.0,0,20.6288,3.3906,84.972,0.0,26.5,4840,6.0661,3.78
google,2500,10,linear,True,False,0.4,0.3,0.3,0,GWO,random,28,0.3333333333333333,E4,26.96,157.72,39,1.785295,87.5094,5.503,0.0,0,20.4788,3.3837,88.847,0.0,25.5,4840,6.0637,4.43
google,2500,10,linear,True,False,0.4,0.3,0.3,0,GWO,random,29,0.3333333333333333,E4,26.96,157.72,39,1.812691,87.3177,4.0529,0.0,0,20.6788,3.4149,85.367,0.0,26.0,4840,5.9599,3.85
google,2500,10,linear,True,False,0.4,0.3,0.3,0,GWO,random,30,0.3333333333333333,E4,26.96,157.72,39,1.812104,87.3218,4.084,0.0,0,20.6788,3.3983,85.324,0.0,26.0,4840,5.8522,3.99
google,2500,10,linear,True,False,0.4,0.3,0.3,0,PSO,random,1,0.3333333333333333,E4,26.96,157.72,39,1.802848,87.3866,4.5739,0.0,0,20.6788,3.382,82.989,0.0,27.5,4840,5.5049,7.11
google,2500,10,linear,True,False,0.4,0.3,0.3,0,PSO,random,18,0.3333333333333333,E4,26.96,157.72,39,1.808959,87.3438,4.2505,0.0,0,20.7288,3.4079,84.036,0.0,27.0,4840,5.5488,6.72
google,2500,10,linear,True,False,0.4,0.3,0.3,0,PSO,random,19,0.3333333333333333,E4,26.96,157.72,39,1.793327,87.4532,5.0779,0.0,0,20.6288,3.3811,86.543,0.0,26.5,4840,5.6175,7.15
google,2500,10,linear,True,False,0.4,0.3,0.3,0,PSO,random,20,0.3333333333333333,E4,26.96,157.72,39,1.805868,87.3655,4.4141,0.0,0,20.6788,3.3967,85.349,0.0,26.0,4840,5.5667,6.97
google,2500,10,linear,True,False,0.4,0.3,0.3,0,PSO,random,21,0.3333333333333333,E4,26.96,157.72,39,1.805749,87.3663,4.4203,0.0,0,20.7288,3.3955,84.58,0.0,26.5,4840,5.5542,6.78
google,2500,10,linear,True,False,0.4,0.3,0.3,0,PSO,random,22,0.3333333333333333,E4,26.96,157.72,39,1.806198,87.3632,4.3966,0.0,0,20.6788,3.3984,84.707,0.0,26.5,4840,5.4832,6.99
google,2500,10,linear,True,False,0.4,0.3,0.3,0,PSO,random,23,0.3333333333333333,E4,26.96,157.72,39,1.795299,87.4394,4.9735,0.0,0,20.6788,3.3932,83.768,0.0,26.5,4840,5.3734,6.93
google,2500,10,linear,True,False,0.4,0.3,0.3,0,PSO,random,24,0.3333333333333333,E4,26.96,157.72,39,1.806938,87.358,4.3574,0.0,0,20.7288,3.3997,85.304,0.0,26.5,4840,5.4741,7.01
google,2500,10,linear,True,False,0.4,0.3,0.3,0,PSO,random,25,0.3333333333333333,E4,26.96,157.72,39,1.800066,87.4061,4.7212,0.0,0,20.6788,3.3974,86.919,0.0,25.5,4840,5.4861,7.11
google,2500,10,linear,True,False,0.4,0.3,0.3,0,PSO,random,26,0.3333333333333333,E4,26.96,157.72,39,1.805164,87.3704,4.4513,0.0,0,20.6788,3.3924,84.268,0.0,27.0,4840,5.562,6.88
google,2500,10,linear,True,False,0.4,0.3,0.3,0,PSO,random,27,0.3333333333333333,E4,26.96,157.72,39,1.784185,87.5172,5.5617,0.0,0,20.4288,3.3533,89.033,0.0,25.5,4840,5.5945,7.22
google,2500,10,linear,True,False,0.4,0.3,0.3,0,PSO,random,28,0.3333333333333333,E4,26.96,157.72,39,1.80817,87.3494,4.2922,0.0,0,20.6788,3.3987,84.064,0.0,27.0,4840,5.5981,6.49
google,2500,10,linear,True,False,0.4,0.3,0.3,0,PSO,random,29,0.3333333333333333,E4,26.96,157.72,39,1.797325,87.4252,4.8663,0.0,0,20.5288,3.3852,85.669,0.0,27.5,4840,5.5544,7.05
google,2500,10,linear,True,False,0.4,0.3,0.3,0,PSO,random,30,0.3333333333333333,E4,26.96,157.72,39,1.815587,87.2975,3.8996,0.0,0,20.8288,3.422,81.927,0.0,28.0,4840,5.4332,6.76
google,2500,10,linear,True,False,0.4,0.3,0.3,0,DE,random,1,0.3333333333333333,E4,26.96,157.72,39,1.785028,87.5113,5.5171,0.0,0,20.6288,3.3876,85.492,0.0,26.5,4840,5.2056,4.2
google,2500,10,linear,True,False,0.4,0.3,0.3,0,DE,random,2,0.3333333333333333,E4,26.96,157.72,39,1.782846,87.5265,5.6326,0.0,0,20.5288,3.3532,86.578,0.0,26.5,4840,5.3615,4.35
google,2500,10,linear,True,False,0.4,0.3,0.3,0,DE,random,3,0.3333333333333333,E4,26.96,157.72,39,1.778434,87.5574,5.8661,0.0,0,20.4288,3.3513,88.062,0.0,26.0,4840,5.2848,4.44
google,2500,10,linear,True,False,0.4,0.3,0.3,0,DE,random,4,0.3333333333333333,E4,26.96,157.72,39,1.78475,87.5132,5.5318,0.0,0,20.4788,3.3673,86.89,0.0,26.5,4840,5.4842,4.09
google,2500,10,linear,True,False,0.4,0.3,0.3,0,DE,random,5,0.3333333333333333,E4,26.96,157.72,39,1.778301,87.5583,5.8732,0.0,0,20.4288,3.3611,88.181,0.0,26.0,4840,5.4212,4.3
google,2500,10,linear,True,False,0.4,0.3,0.3,0,DE,random,6,0.3333333333333333,E4,26.96,157.72,39,1.786619,87.5001,5.4329,0.0,0,20.5788,3.3638,87.616,0.0,26.5,4840,5.3944,4.05
google,2500,10,linear,True,False,0.4,0.3,0.3,0,DE,random,7,0.3333333333333333,E4,26.96,157.72,39,1.775101,87.5807,6.0426,0.0,0,20.3788,3.3555,89.268,0.0,26.0,4840,5.3486,4.43
google,2500,10,linear,True,False,0.4,0.3,0.3,0,DE,random,8,0.3333333333333333,E4,26.96,157.72,39,1.791532,87.4658,5.1729,0.0,0,20.5788,3.3918,86.929,0.0,27.5,4840,5.2027,3.89
google,2500,10,linear,True,False,0.4,0.3,0.3,0,DE,random,9,0.3333333333333333,E4,26.96,157.72,39,1.790421,87.4735,5.2317,0.0,0,20.5788,3.3858,86.306,0.0,27.0,4840,5.2374,4.22
google,2500,10,linear,True,False,0.4,0.3,0.3,0,DE,random,10,0.3333333333333333,E4,26.96,157.72,39,1.775956,87.5747,5.9973,0.0,0,20.4288,3.3481,90.479,0.0,25.5,4840,5.4138,4.37
google,2500,10,linear,True,False,0.4,0.3,0.3,0,DE,random,11,0.3333333333333333,E4,26.96,157.72,39,1.773966,87.5887,6.1026,0.0,0,20.4288,3.3725,88.138,0.0,26.0,4840,5.2518,4.72
google,2500,10,linear,True,False,0.4,0.3,0.3,0,DE,random,20,0.3333333333333333,E4,26.96,157.72,39,1.770926,87.6099,6.2636,0.0,0,20.4288,3.3443,89.386,0.0,27.5,4840,5.2485,4.64
google,2500,10,linear,True,False,0.4,0.3,0.3,0,DE,random,21,0.3333333333333333,E4,26.96,157.72,39,1.780787,87.5409,5.7416,0.0,0,20.4788,3.367,88.012,0.0,26.0,4840,5.2022,4.37
google,2500,10,linear,True,False,0.4,0.3,0.3,0,DE,random,22,0.3333333333333333,E4,26.96,157.72,39,1.782652,87.5279,5.6429,0.0,0,20.4788,3.3763,89.004,0.0,25.5,4840,5.4446,4.22
google,2500,10,linear,True,False,0.4,0.3,0.3,0,DE,random,23,0.3333333333333333,E4,26.96,157.72,39,1.778156,87.5593,5.8809,0.0,0,20.4288,3.3484,87.989,0.0,26.5,4840,5.2529,4.28
google,2500,10,linear,True,False,0.4,0.3,0.3,0,DE,random,24,0.3333333333333333,E4,26.96,157.72,39,1.776842,87.5685,5.9504,0.0,0,20.4788,3.365,88.747,0.0,25.5,4840,5.2348,4.62
google,2500,10,linear,True,False,0.4,0.3,0.3,0,DE,random,25,0.3333333333333333,E4,26.96,157.72,39,1.783529,87.5218,5.5965,0.0,0,20.5288,3.3724,87.731,0.0,26.0,4840,5.2687,4.29
google,2500,10,linear,True,False,0.4,0.3,0.3,0,DE,random,26,0.3333333333333333,E4,26.96,157.72,39,1.767238,87.6357,6.4587,0.0,0,20.3788,3.3389,89.262,0.0,26.0,4840,5.2756,4.7
google,2500,10,linear,True,False,0.4,0.3,0.3,0,DE,random,27,0.3333333333333333,E4,26.96,157.72,39,1.784248,87.5167,5.5584,0.0,0,20.5288,3.3772,87.102,0.0,26.0,4840,5.3229,4.2
google,2500,10,linear,True,False,0.4,0.3,0.3,0,DE,random,12,0.3333333333333333,E4,26.96,157.72,39,1.792256,87.4607,5.1345,0.0,0,20.6788,3.3959,85.623,0.0,27.0,4840,5.27,4.14
google,2500,10,linear,True,False,0.4,0.3,0.3,0,DE,random,13,0.3333333333333333,E4,26.96,157.72,39,1.771389,87.6067,6.239,0.0,0,20.4788,3.3537,88.71,0.0,26.5,4840,5.2131,4.26
google,2500,10,linear,True,False,0.4,0.3,0.3,0,DE,random,14,0.3333333333333333,E4,26.96,157.72,39,1.791995,87.4625,5.1484,0.0,0,20.5788,3.3878,86.453,0.0,26.5,4840,5.43,4.16
google,2500,10,linear,True,False,0.4,0.3,0.3,0,DE,random,15,0.3333333333333333,E4,26.96,157.72,39,1.786661,87.4998,5.4307,0.0,0,20.5788,3.3736,86.873,0.0,26.5,4840,5.2579,4.01
google,2500,10,linear,True,False,0.4,0.3,0.3,0,DE,random,16,0.3333333333333333,E4,26.96,157.72,39,1.773534,87.5917,6.1255,0.0,0,20.4788,3.3482,88.065,0.0,26.0,4840,5.2357,4.5
google,2500,10,linear,True,False,0.4,0.3,0.3,0,DE,random,17,0.3333333333333333,E4,26.96,157.72,39,1.772145,87.6014,6.199,0.0,0,20.3788,3.3589,88.645,0.0,26.0,4840,5.2698,4.47
google,2500,10,linear,True,False,0.4,0.3,0.3,0,DE,random,18,0.3333333333333333,E4,26.96,157.72,39,1.774693,87.5836,6.0642,0.0,0,20.4288,3.3474,87.671,0.0,26.0,4840,5.2721,4.39
google,2500,10,linear,True,False,0.4,0.3,0.3,0,DE,random,19,0.3333333333333333,E4,26.96,157.72,39,1.78662,87.5001,5.4329,0.0,0,20.5288,3.3747,86.187,0.0,26.5,4840,5.3455,4.41
google,2500,10,linear,True,False,0.4,0.3,0.3,0,DE,random,28,0.3333333333333333,E4,26.96,157.72,39,1.780517,87.5428,5.7559,0.0,0,20.5288,3.369,87.034,0.0,26.5,4840,5.2218,4.39
google,2500,10,linear,True,False,0.4,0.3,0.3,0,DE,random,29,0.3333333333333333,E4,26.96,157.72,39,1.788999,87.4835,5.3069,0.0,0,20.5288,3.3692,86.982,0.0,27.5,4840,5.4092,4.22
google,2500,10,linear,True,False,0.4,0.3,0.3,0,DE,random,30,0.3333333333333333,E4,26.96,157.72,39,1.767367,87.6348,6.452,0.0,0,20.3788,3.3383,87.497,0.0,26.5,4840,5.2604,5.04
google,2500,10,linear,True,False,0.4,0.3,0.3,0,HHO,random,1,0.3333333333333333,E4,26.96,157.72,39,1.78792,87.491,5.3641,0.0,0,20.7288,3.4179,81.785,0.0,27.5,8886,7.6915,4.38
google,2500,10,linear,True,False,0.4,0.3,0.3,0,HHO,random,2,0.3333333333333333,E4,26.96,157.72,39,1.795829,87.4357,4.9454,0.0,0,20.7288,3.4075,82.63,0.0,28.0,8888,7.7329,4.09
google,2500,10,linear,True,False,0.4,0.3,0.3,0,HHO,random,3,0.3333333333333333,E4,26.96,157.72,39,1.804839,87.3727,4.4685,0.0,0,20.8288,3.4447,80.893,0.0,27.5,8886,7.88,4.58
google,2500,10,linear,True,False,0.4,0.3,0.3,0,HHO,random,4,0.3333333333333333,E4,26.96,157.72,39,1.812611,87.3183,4.0571,0.0,0,20.7788,3.4402,81.617,0.0,27.5,8906,8.042,3.91
google,2500,10,linear,True,False,0.4,0.3,0.3,0,HHO,random,5,0.3333333333333333,E4,26.96,157.72,39,1.808773,87.3451,4.2603,0.0,0,20.9288,3.474,78.588,0.0,28.0,8926,7.9612,3.87
google,2500,10,linear,True,False,0.4,0.3,0.3,0,WOA,carbon,2,0.3333333333333333,E4,26.96,157.72,39,1.793449,87.4524,5.0714,0.0,0,20.9288,3.4484,79.959,0.0,27.5,4840,5.2812,3.87
google,2500,10,linear,True,False,0.4,0.3,0.3,0,WOA,carbon,3,0.3333333333333333,E4,26.96,157.72,39,1.745361,87.7888,7.6167,0.0,0,20.7288,3.4146,81.466,0.0015,27.0,4840,5.2376,4.12
google,2500,10,linear,True,False,0.4,0.3,0.3,0,WOA,carbon,4,0.3333333333333333,E4,26.96,157.72,39,1.81675,87.2893,3.838,0.0,0,20.8788,3.4511,81.726,0.0,27.5,4840,5.3107,4.04
google,2500,10,linear,True,False,0.4,0.3,0.3,0,WOA,carbon,5,0.3333333333333333,E4,26.96,157.72,39,1.745275,87.7894,7.6213,0.0,0,20.8288,3.3812,81.213,0.0,27.0,4840,5.3131,4.31
google,2500,10,linear,True,False,0.4,0.3,0.3,0,WOA,carbon,6,0.3333333333333333,E4,26.96,157.72,39,1.768659,87.6258,6.3836,0.0,0,20.8788,3.4186,78.712,0.0,27.5,4840,5.4775,3.87
google,2500,10,linear,True,False,0.4,0.3,0.3,0,WOA,carbon,7,0.3333333333333333,E4,26.96,157.72,39,1.808738,87.3454,4.2621,0.0,0,20.9288,3.4653,80.223,0.0,28.0,4840,5.548,3.89
google,2500,10,linear,True,False,0.4,0.3,0.3,0,WOA,carbon,8,0.3333333333333333,E4,26.96,157.72,39,1.762511,87.6688,6.709,0.0,0,20.6788,3.3928,82.385,0.0,28.0,4840,5.415,4.06
google,2500,10,linear,True,False,0.4,0.3,0.3,0,WOA,carbon,9,0.3333333333333333,E4,26.96,157.72,39,1.783496,87.522,5.5982,0.0,0,20.7788,3.4086,81.768,0.0,28.0,4840,5.4622,4.1
google,2500,10,linear,True,False,0.4,0.3,0.3,0,WOA,carbon,10,0.3333333333333333,E4,26.96,157.72,39,1.802137,87.3916,4.6115,0.0,0,20.8788,3.4499,80.243,0.0,28.0,4840,5.2705,4.03
google,2500,10,linear,True,False,0.4,0.3,0.3,0,WOA,carbon,11,0.3333333333333333,E4,26.96,157.72,39,1.792422,87.4595,5.1257,0.0,0,20.7788,3.4317,82.729,0.0,27.5,4840,5.3144,4.09
google,2500,10,linear,True,False,0.4,0.3,0.3,0,WOA,carbon,12,0.3333333333333333,E4,26.96,157.72,39,1.756165,87.7132,7.0449,0.0,0,20.7788,3.4265,80.693,0.0,27.5,4840,5.2791,4.01
google,2500,10,linear,True,False,0.4,0.3,0.3,0,WOA,carbon,13,0.3333333333333333,E4,26.96,157.72,39,1.768824,87.6246,6.3748,0.0,0,20.8788,3.4533,78.448,0.0,28.0,4840,5.4749,4.54
google,2500,10,linear,True,False,0.4,0.3,0.3,0,WOA,carbon,14,0.3333333333333333,E4,26.96,157.72,39,1.795351,87.439,4.9707,0.0,0,20.8288,3.4334,81.85,0.0,27.5,4840,5.5272,3.84
google,2500,10,linear,True,False,0.4,0.3,0.3,0,WOA,carbon,15,0.3333333333333333,E4,26.96,157.72,39,1.811977,87.3227,4.0907,0.0,0,20.9788,3.4669,78.717,0.0,28.0,4840,5.4752,4.39
google,2500,10,linear,True,False,0.4,0.3,0.3,0,WOA,carbon,16,0.3333333333333333,E4,26.96,157.72,39,1.809436,87.3405,4.2252,0.0,0,20.7288,3.426,84.029,0.0,27.0,4840,5.427,3.8
google,2500,10,linear,True,False,0.4,0.3,0.3,0,WOA,carbon,17,0.3333333333333333,E4,26.96,157.72,39,1.815721,87.2965,3.8925,0.0,0,20.8788,3.4616,79.964,0.0,28.0,4840,5.3719,3.91
google,2500,10,linear,True,False,0.4,0.3,0.3,0,WOA,carbon,26,0.3333333333333333,E4,26.96,157.72,39,1.807726,87.3525,4.3157,0.0,0,20.8288,3.4493,80.226,0.0,28.0,4840,5.6093,4.08
google,2500,10,linear,True,False,0.4,0.3,0.3,0,WOA,carbon,27,0.3333333333333333,E4,26.96,157.72,39,1.795727,87.4364,4.9508,0.0,0,20.9288,3.4564,79.895,0.0,27.5,4840,5.5197,4.16
google,2500,10,linear,True,False,0.4,0.3,0.3,0,WOA,carbon,28,0.3333333333333333,E4,26.96,157.72,39,1.751989,87.7424,7.2659,0.0,0,20.6788,3.4227,83.433,0.0,26.5,4840,5.454,4.09
google,2500,10,linear,True,False,0.4,0.3,0.3,0,WOA,carbon,29,0.3333333333333333,E4,26.96,157.72,39,1.767345,87.635,6.4531,0.0,0,20.7288,3.4274,84.671,0.0,27.0,4840,5.3629,4.03
google,2500,10,linear,True,False,0.4,0.3,0.3,0,WOA,carbon,30,0.3333333333333333,E4,26.96,157.72,39,1.785613,87.5072,5.4862,0.0,0,20.7288,3.4322,82.724,0.0,28.0,4840,5.2742,4.18
google,2500,20,linear,True,False,0.4,0.3,0.3,0,FIFO,-,0,0.3333333333333333,E4,26.96,157.72,39,14.293111,0.0,-656.5451,0.0,0,159.2788,25.9888,5.373,4.4109,24.5,0,0.0,0.0
google,2500,20,linear,True,False,0.4,0.3,0.3,0,Consolidation,-,0,0.3333333333333333,E4,26.96,157.72,39,1.889261,86.782,0.0,0.0,0,20.8788,3.3988,66.243,4.4109,24.5,0,0.0,0.0
google,2500,20,linear,True,False,0.4,0.3,0.3,0,Greedy(EDF+greenest),-,0,0.3333333333333333,E4,26.96,157.72,39,1.518432,89.3765,19.6282,0.0,0,20.3288,3.2405,74.25,16.0018,26.0,0,0.0002,0.0
google,2500,10,linear,True,False,0.4,0.3,0.3,0,HHO,random,6,0.3333333333333333,E4,26.96,157.72,39,1.798811,87.4148,4.7876,0.0,0,20.7788,3.4174,82.734,0.0,27.5,8916,7.8487,4.43
google,2500,10,linear,True,False,0.4,0.3,0.3,0,HHO,random,7,0.3333333333333333,E4,26.96,157.72,39,1.786466,87.5012,5.441,0.0,0,20.6788,3.4108,82.763,0.0,27.5,8914,7.6757,4.43
google,2500,10,linear,True,False,0.4,0.3,0.3,0,HHO,random,8,0.3333333333333333,E4,26.96,157.72,39,1.795992,87.4346,4.9368,0.0,0,20.8288,3.4284,82.211,0.0,27.5,8940,7.752,3.76
google,2500,10,linear,True,False,0.4,0.3,0.3,0,HHO,random,9,0.3333333333333333,E4,26.96,157.72,39,1.793794,87.4499,5.0531,0.0,0,20.7288,3.4319,82.329,0.0,27.5,8964,7.7966,3.76
google,2500,10,linear,True,False,0.4,0.3,0.3,0,HHO,random,10,0.3333333333333333,E4,26.96,157.72,39,1.804238,87.3769,4.5003,0.0,0,20.8288,3.4373,81.35,0.0,27.5,8920,8.0536,4.2
google,2500,10,linear,True,False,0.4,0.3,0.3,0,HHO,random,11,0.3333333333333333,E4,26.96,157.72,39,1.791198,87.4681,5.1905,0.0,0,20.7288,3.416,82.826,0.0,27.5,8966,8.0412,4.39
google,2500,10,linear,True,False,0.4,0.3,0.3,0,HHO,random,12,0.3333333333333333,E4,26.96,157.72,39,1.779766,87.5481,5.7957,0.0,0,20.6288,3.401,83.424,0.0,27.5,8878,7.865,4.65
google,2500,10,linear,True,False,0.4,0.3,0.3,0,HHO,random,13,0.3333333333333333,E4,26.96,157.72,39,1.800813,87.4008,4.6816,0.0,0,20.8288,3.437,80.723,0.0,28.0,8964,7.8552,3.92
google,2500,10,linear,True,False,0.4,0.3,0.3,0,HHO,random,14,0.3333333333333333,E4,26.96,157.72,39,1.801087,87.3989,4.6671,0.0,0,20.7788,3.4272,82.114,0.0,28.0,8940,7.8866,3.98
google,2500,10,linear,True,False,0.4,0.3,0.3,0,HHO,random,15,0.3333333333333333,E4,26.96,157.72,39,1.795339,87.4391,4.9714,0.0,0,20.8288,3.4548,81.107,0.0,27.5,8814,7.6103,4.25
google,2500,10,linear,True,False,0.4,0.3,0.3,0,HHO,random,16,0.3333333333333333,E4,26.96,157.72,39,1.797558,87.4236,4.8539,0.0,0,20.7788,3.4559,80.724,0.0,28.0,9010,7.7874,4.16
google,2500,10,linear,True,False,0.4,0.3,0.3,0,HHO,random,17,0.3333333333333333,E4,26.96,157.72,39,1.786783,87.499,5.4242,0.0,0,20.6788,3.4337,82.95,0.0,28.0,8870,7.7644,4.35
google,2500,10,linear,True,False,0.4,0.3,0.3,0,HHO,random,18,0.3333333333333333,E4,26.96,157.72,39,1.80788,87.3514,4.3076,0.0,0,20.8288,3.4375,81.072,0.0,27.5,8946,8.1079,3.9
google,2500,10,linear,True,False,0.4,0.3,0.3,0,HHO,random,19,0.3333333333333333,E4,26.96,157.72,39,1.803982,87.3787,4.5139,0.0,0,20.8288,3.463,80.934,0.0,27.5,8950,7.9761,4.17
google,2500,10,linear,True,False,0.4,0.3,0.3,0,HHO,random,20,0.3333333333333333,E4,26.96,157.72,39,1.800671,87.4018,4.6891,0.0,0,20.7288,3.3973,82.62,0.0,27.5,8796,7.7905,3.72
google,2500,10,linear,True,False,0.4,0.3,0.3,0,HHO,random,21,0.3333333333333333,E4,26.96,157.72,39,1.784959,87.5118,5.5208,0.0,0,20.7288,3.4162,84.119,0.0,28.0,8802,7.7237,4.55
google,2500,10,linear,True,False,0.4,0.3,0.3,0,HHO,random,22,0.3333333333333333,E4,26.96,157.72,39,1.795023,87.4413,4.9881,0.0,0,20.7788,3.4465,78.624,0.0,27.5,8894,7.8625,3.83
google,2500,10,linear,True,False,0.4,0.3,0.3,0,HHO,random,23,0.3333333333333333,E4,26.96,157.72,39,1.806115,87.3637,4.401,0.0,0,20.8288,3.443,79.605,0.0,28.0,8974,7.7236,4.13
google,2500,10,linear,True,False,0.4,0.3,0.3,0,HHO,random,24,0.3333333333333333,E4,26.96,157.72,39,1.799803,87.4079,4.7351,0.0,0,20.8288,3.436,81.164,0.0,28.0,8898,7.6887,4.05
google,2500,10,linear,True,False,0.4,0.3,0.3,0,HHO,random,25,0.3333333333333333,E4,26.96,157.72,39,1.779489,87.55,5.8103,0.0,0,20.6288,3.4076,84.393,0.0,27.5,8840,7.6909,4.6
google,2500,10,linear,True,False,0.4,0.3,0.3,0,HHO,random,26,0.3333333333333333,E4,26.96,157.72,39,1.789401,87.4807,5.2857,0.0,0,20.6788,3.4148,83.351,0.0,28.0,8950,8.0486,4.28
google,2500,10,linear,True,False,0.4,0.3,0.3,0,HHO,random,27,0.3333333333333333,E4,26.96,157.72,39,1.796512,87.4309,4.9093,0.0,0,20.7788,3.4258,81.714,0.0,27.0,8822,7.8368,4.5
google,2500,10,linear,True,False,0.4,0.3,0.3,0,HHO,random,28,0.3333333333333333,E4,26.96,157.72,39,1.796329,87.4322,4.9189,0.0,0,20.7788,3.4437,80.12,0.0,28.0,9014,7.932,4.62
google,2500,10,linear,True,False,0.4,0.3,0.3,0,HHO,random,29,0.3333333333333333,E4,26.96,157.72,39,1.803222,87.384,4.5541,0.0,0,20.8288,3.4533,79.687,0.0,28.0,8872,7.7373,4.4
google,2500,10,linear,True,False,0.4,0.3,0.3,0,WOA,carbon,18,0.3333333333333333,E4,26.96,157.72,39,1.746771,87.7789,7.5421,0.0,0,20.6788,3.384,82.18,0.0,26.0,4840,5.5747,4.18
google,2500,10,linear,True,False,0.4,0.3,0.3,0,WOA,carbon,19,0.3333333333333333,E4,26.96,157.72,39,1.807012,87.3575,4.3535,0.0,0,20.7788,3.4429,81.303,0.0,27.5,4840,5.5047,4.28
google,2500,10,linear,True,False,0.4,0.3,0.3,0,WOA,carbon,20,0.3333333333333333,E4,26.96,157.72,39,1.743523,87.8017,7.714,0.0,0,20.6788,3.4004,83.681,0.0,27.0,4840,5.4896,3.99
google,2500,10,linear,True,False,0.4,0.3,0.3,0,WOA,carbon,21,0.3333333333333333,E4,26.96,157.72,39,1.793907,87.4492,5.0472,0.0,0,20.8788,3.4551,80.415,0.0,27.5,4840,5.3835,4.22
google,2500,10,linear,True,False,0.4,0.3,0.3,0,WOA,carbon,22,0.3333333333333333,E4,26.96,157.72,39,1.779994,87.5465,5.7836,0.0,0,20.8288,3.426,80.729,0.0,27.0,4840,5.3488,4.03
google,2500,10,linear,True,False,0.4,0.3,0.3,0,WOA,carbon,23,0.3333333333333333,E4,26.96,157.72,39,1.783565,87.5215,5.5946,0.0,0,20.7788,3.4353,81.895,0.0,27.5,4840,5.4802,4.14
google,2500,10,linear,True,False,0.4,0.3,0.3,0,WOA,carbon,24,0.3333333333333333,E4,26.96,157.72,39,1.785528,87.5078,5.4907,0.0,0,20.7288,3.4082,83.034,0.0,27.5,4840,5.5755,4.03
google,2500,10,linear,True,False,0.4,0.3,0.3,0,WOA,carbon,25,0.3333333333333333,E4,26.96,157.72,39,1.781212,87.538,5.7191,0.0,0,20.6788,3.3972,81.21,0.0,27.0,4840,5.6157,3.86
google,2500,10,linear,True,False,0.4,0.3,0.3,0,HHO,random,30,0.3333333333333333,E4,26.96,157.72,39,1.798103,87.4198,4.8251,0.0,0,20.7288,3.4193,82.334,0.0,27.5,8906,7.7641,4.01
google,2500,10,linear,True,False,0.4,0.3,0.3,0,GA,random,1,0.3333333333333333,E4,26.96,157.72,39,1.769424,87.6204,6.3431,0.0,0,20.4288,3.3473,88.631,0.0,26.0,4840,9.2709,6.13
google,2500,10,linear,True,False,0.4,0.3,0.3,0,GA,random,2,0.3333333333333333,E4,26.96,157.72,39,1.778537,87.5567,5.8607,0.0,0,20.5788,3.3581,85.699,0.0,26.5,4840,9.3017,6.1
google,2500,10,linear,True,False,0.4,0.3,0.3,0,GA,random,3,0.3333333333333333,E4,26.96,157.72,39,1.777385,87.5647,5.9217,0.0,0,20.5788,3.3683,87.484,0.0,26.0,4840,9.6453,5.99
google,2500,10,linear,True,False,0.4,0.3,0.3,0,GA,random,4,0.3333333333333333,E4,26.96,157.72,39,1.766884,87.6382,6.4775,0.0,0,20.4788,3.3503,88.205,0.0,26.0,4840,9.6183,6.24
google,2500,10,linear,True,False,0.4,0.3,0.3,0,GA,random,5,0.3333333333333333,E4,26.96,157.72,39,1.779128,87.5525,5.8294,0.0,0,20.5288,3.3629,87.076,0.0,26.0,4840,9.3899,6.07
google,2500,10,linear,True,False,0.4,0.3,0.3,0,GA,random,6,0.3333333333333333,E4,26.96,157.72,39,1.770117,87.6156,6.3064,0.0,0,20.4788,3.3521,88.481,0.0,26.5,4840,9.5913,6.14
google,2500,10,linear,True,False,0.4,0.3,0.3,0,GA,random,7,0.3333333333333333,E4,26.96,157.72,39,1.769238,87.6217,6.3529,0.0,0,20.4788,3.3474,89.421,0.0,25.5,4840,9.799,6.09
google,2500,10,linear,True,False,0.4,0.3,0.3,0,GA,random,8,0.3333333333333333,E4,26.96,157.72,39,1.765222,87.6498,6.5655,0.0,0,20.5288,3.3532,86.854,0.0,26.0,4840,9.354,6.2
google,2500,10,linear,True,False,0.4,0.3,0.3,0,GA,random,9,0.3333333333333333,E4,26.96,157.72,39,1.767418,87.6345,6.4492,0.0,0,20.5288,3.3595,88.332,0.0,25.5,4840,9.3215,6.32
google,2500,10,linear,True,False,0.4,0.3,0.3,0,GA,random,10,0.3333333333333333,E4,26.96,157.72,39,1.769234,87.6218,6.3531,0.0,0,20.5788,3.3646,86.941,0.0,27.0,4840,9.3932,6.21
google,2500,10,linear,True,False,0.4,0.3,0.3,0,GA,random,11,0.3333333333333333,E4,26.96,157.72,39,1.7798,87.5478,5.7939,0.0,0,20.5288,3.3695,87.541,0.0,26.0,4840,9.7647,6.24
google,2500,10,linear,True,False,0.4,0.3,0.3,0,GA,random,12,0.3333333333333333,E4,26.96,157.72,39,1.776893,87.5682,5.9477,0.0,0,20.5788,3.3697,85.934,0.0,26.0,4840,9.5736,5.99
google,2500,10,linear,True,False,0.4,0.3,0.3,0,GA,random,13,0.3333333333333333,E4,26.96,157.72,39,1.773851,87.5895,6.1087,0.0,0,20.5288,3.369,87.096,0.0,27.0,4840,9.4295,5.97
google,2500,10,linear,True,False,0.4,0.3,0.3,0,GA,random,14,0.3333333333333333,E4,26.96,157.72,39,1.770413,87.6135,6.2907,0.0,0,20.5288,3.3646,88.355,0.0,26.5,4840,9.7417,6.17
google,2500,10,linear,True,False,0.4,0.3,0.3,0,GA,random,15,0.3333333333333333,E4,26.96,157.72,39,1.776603,87.5702,5.9631,0.0,0,20.5288,3.3699,88.204,0.0,26.5,4840,9.921,6.16
google,2500,10,linear,True,False,0.4,0.3,0.3,0,GA,random,16,0.3333333333333333,E4,26.96,157.72,39,1.779189,87.5521,5.8262,0.0,0,20.6288,3.3856,86.281,0.0,26.5,4840,9.2686,6.1
google,2500,10,linear,True,False,0.4,0.3,0.3,0,GA,random,17,0.3333333333333333,E4,26.96,157.72,39,1.775289,87.5794,6.0326,0.0,0,20.4788,3.3704,88.616,0.0,26.5,4840,9.2339,6.05
google,2500,10,linear,True,False,0.4,0.3,0.3,0,GA,random,18,0.3333333333333333,E4,26.96,157.72,39,1.772302,87.6003,6.1907,0.0,0,20.4788,3.3604,88.056,0.0,26.0,4840,9.3465,6.26
google,2500,10,linear,True,False,0.4,0.3,0.3,0,GA,random,19,0.3333333333333333,E4,26.96,157.72,39,1.770112,87.6156,6.3066,0.0,0,20.4788,3.3626,87.532,0.0,26.0,4840,9.7169,5.8
google,2500,10,linear,True,False,0.4,0.3,0.3,0,GA,random,20,0.3333333333333333,E4,26.96,157.72,39,1.775907,87.5751,5.9999,0.0,0,20.5288,3.3522,89.036,0.0,25.5,4840,9.5321,6.14
google,2500,10,linear,True,False,0.4,0.3,0.3,0,GA,random,21,0.3333333333333333,E4,26.96,157.72,39,1.772209,87.601,6.1957,0.0,0,20.4788,3.3572,87.988,0.0,26.0,4840,9.3594,6.2
google,2500,10,linear,True,False,0.4,0.3,0.3,0,GA,random,22,0.3333333333333333,E4,26.96,157.72,39,1.777451,87.5643,5.9182,0.0,0,20.5288,3.3678,87.958,0.0,26.0,4840,9.6831,6.14
google,2500,10,linear,True,False,0.4,0.3,0.3,0,GA,random,23,0.3333333333333333,E4,26.96,157.72,39,1.76998,87.6166,6.3136,0.0,0,20.5288,3.3526,87.345,0.0,26.0,4840,9.8439,6.16
google,2500,10,linear,True,False,0.4,0.3,0.3,0,GA,random,24,0.3333333333333333,E4,26.96,157.72,39,1.780454,87.5433,5.7593,0.0,0,20.6288,3.3727,86.197,0.0,26.5,4840,9.2478,6.07
google,2500,10,linear,True,False,0.4,0.3,0.3,0,GA,random,25,0.3333333333333333,E4,26.96,157.72,39,1.774706,87.5835,6.0635,0.0,0,20.5788,3.3636,87.792,0.0,26.0,4840,9.2971,6.08
google,2500,10,linear,True,False,0.4,0.3,0.3,0,GA,random,26,0.3333333333333333,E4,26.96,157.72,39,1.772914,87.596,6.1583,0.0,0,20.5288,3.3577,88.009,0.0,26.0,4840,9.5747,6.0
google,2500,10,linear,True,False,0.4,0.3,0.3,0,GA,random,27,0.3333333333333333,E4,26.96,157.72,39,1.767492,87.634,6.4453,0.0,0,20.4788,3.3443,87.846,0.0,26.5,4840,9.6707,6.24
google,2500,10,linear,True,False,0.4,0.3,0.3,0,GA,random,28,0.3333333333333333,E4,26.96,157.72,39,1.780398,87.5437,5.7622,0.0,0,20.5788,3.3588,87.061,0.0,26.0,4840,9.4551,6.05
google,2500,10,linear,True,False,0.4,0.3,0.3,0,GA,random,29,0.3333333333333333,E4,26.96,157.72,39,1.776045,87.5741,5.9926,0.0,0,20.5288,3.3652,87.087,0.0,27.0,4840,9.499,6.19
google,2500,10,linear,True,False,0.4,0.3,0.3,0,GA,random,30,0.3333333333333333,E4,26.96,157.72,39,1.773219,87.5939,6.1422,0.0,0,20.5788,3.3748,87.447,0.0,26.0,4840,9.7173,6.15
google,2500,10,linear,True,False,0.4,0.3,0.3,0,WOA,carbon,1,0.3333333333333333,E4,26.96,157.72,39,1.781183,87.5382,5.7207,0.0,0,20.8288,3.412,80.924,0.0,28.5,4840,5.6658,3.8
google,2500,20,linear,True,False,0.4,0.3,0.3,0,WOA,random,1,0.3333333333333333,E4,26.96,157.72,39,1.771406,87.6066,6.2381,0.0,0,20.8288,3.43,78.252,0.0,28.0,4840,5.3827,4.09
google,2500,20,linear,True,False,0.4,0.3,0.3,0,WOA,random,2,0.3333333333333333,E4,26.96,157.72,39,1.782376,87.5298,5.6575,0.0,0,20.9288,3.445,75.812,0.0,28.5,4840,5.3687,4.12
google,2500,20,linear,True,False,0.4,0.3,0.3,0,WOA,random,3,0.3333333333333333,E4,26.96,157.72,39,1.780897,87.5402,5.7358,0.0,0,20.8788,3.4551,75.619,0.0,28.5,4840,5.5172,4.3
google,2500,20,linear,True,False,0.4,0.3,0.3,0,WOA,random,4,0.3333333333333333,E4,26.96,157.72,39,1.780419,87.5435,5.7611,0.0,0,20.7788,3.402,79.968,0.0,28.0,4840,5.5533,4.03
google,2500,20,linear,True,False,0.4,0.3,0.3,0,WOA,random,5,0.3333333333333333,E4,26.96,157.72,39,1.776801,87.5688,5.9526,0.0,0,20.9288,3.4565,78.651,0.0,28.0,4840,5.6633,4.22
google,2500,20,linear,True,False,0.4,0.3,0.3,0,WOA,random,6,0.3333333333333333,E4,26.96,157.72,39,1.787201,87.4961,5.4021,0.0,0,20.9288,3.4231,78.776,0.0,28.0,4840,5.586,4.12
google,2500,20,linear,True,False,0.4,0.3,0.3,0,WOA,random,7,0.3333333333333333,E4,26.96,157.72,39,1.773642,87.5909,6.1198,0.0,0,20.8288,3.4453,78.647,0.0,28.0,4840,5.6896,3.95
google,2500,20,linear,True,False,0.4,0.3,0.3,0,WOA,random,8,0.3333333333333333,E4,26.96,157.72,39,1.759757,87.6881,6.8547,0.0,0,20.7288,3.4268,79.941,0.0,28.0,4840,5.5906,4.1
google,2500,20,linear,True,False,0.4,0.3,0.3,0,WOA,random,9,0.3333333333333333,E4,26.96,157.72,39,1.777615,87.5631,5.9095,0.0,0,20.7788,3.4457,75.905,0.0,28.5,4840,5.3644,4.06
google,2500,20,linear,True,False,0.4,0.3,0.3,0,WOA,random,10,0.3333333333333333,E4,26.96,157.72,39,1.778294,87.5584,5.8736,0.0,0,20.9288,3.4603,76.388,0.0,28.0,4840,5.4349,3.91
google,2500,20,linear,True,False,0.4,0.3,0.3,0,WOA,random,11,0.3333333333333333,E4,26.96,157.72,39,1.776062,87.574,5.9917,0.0,0,20.7788,3.4408,77.685,0.0,28.5,4840,5.556,3.97
google,2500,20,linear,True,False,0.4,0.3,0.3,0,WOA,random,12,0.3333333333333333,E4,26.96,157.72,39,1.773185,87.5941,6.144,0.0,0,20.9288,3.4514,77.059,0.0,28.0,4840,5.5958,4.12
google,2500,20,linear,True,False,0.4,0.3,0.3,0,WOA,random,13,0.3333333333333333,E4,26.96,157.72,39,1.772176,87.6012,6.1974,0.0,0,20.8788,3.4438,77.147,0.0,28.0,4840,5.7633,3.85
google,2500,20,linear,True,False,0.4,0.3,0.3,0,WOA,random,14,0.3333333333333333,E4,26.96,157.72,39,1.781703,87.5345,5.6931,0.0,0,20.8788,3.4557,76.59,0.0,28.0,4840,5.6291,3.79
google,2500,20,linear,True,False,0.4,0.3,0.3,0,WOA,random,15,0.3333333333333333,E4,26.96,157.72,39,1.763506,87.6618,6.6563,0.0,0,20.7788,3.4531,78.565,0.0,28.0,4840,5.5833,4.02
google,2500,20,linear,True,False,0.4,0.3,0.3,0,WOA,random,16,0.3333333333333333,E4,26.96,157.72,39,1.783537,87.5217,5.596,0.0,0,20.9288,3.4746,75.536,0.0,28.5,4840,5.8736,4.12
google,2500,20,linear,True,False,0.4,0.3,0.3,0,WOA,random,17,0.3333333333333333,E4,26.96,157.72,39,1.783647,87.5209,5.5902,0.0,0,20.7288,3.4047,79.712,0.0,28.0,4840,5.4417,4.05
google,2500,20,linear,True,False,0.4,0.3,0.3,0,WOA,random,18,0.3333333333333333,E4,26.96,157.72,39,1.779456,87.5503,5.8121,0.0,0,20.7788,3.4155,79.583,0.0,28.0,4840,5.5856,3.89
google,2500,20,linear,True,False,0.4,0.3,0.3,0,WOA,random,19,0.3333333333333333,E4,26.96,157.72,39,1.777964,87.5607,5.891,0.0,0,20.9288,3.4678,75.056,0.0,27.5,4840,5.5386,4.22
google,2500,20,linear,True,False,0.4,0.3,0.3,0,WOA,random,20,0.3333333333333333,E4,26.96,157.72,39,1.777675,87.5627,5.9063,0.0,0,20.9288,3.4615,75.328,0.0,28.5,4840,5.6577,3.8
google,2500,20,linear,True,False,0.4,0.3,0.3,0,WOA,random,21,0.3333333333333333,E4,26.96,157.72,39,1.778176,87.5592,5.8798,0.0,0,20.9288,3.4622,76.464,0.0,28.0,4840,5.6318,4.01
google,2500,20,linear,True,False,0.4,0.3,0.3,0,WOA,random,22,0.3333333333333333,E4,26.96,157.72,39,1.770091,87.6158,6.3078,0.0,0,20.7288,3.4463,79.425,0.0,28.0,4840,5.6714,4.14
google,2500,20,linear,True,False,0.4,0.3,0.3,0,WOA,random,23,0.3333333333333333,E4,26.96,157.72,39,1.770248,87.6147,6.2995,0.0,0,20.8288,3.4498,78.625,0.0,28.0,4840,5.6323,3.93
google,2500,20,linear,True,False,0.4,0.3,0.3,0,WOA,random,24,0.3333333333333333,E4,26.96,157.72,39,1.784439,87.5154,5.5483,0.0,0,20.9788,3.4918,76.249,0.0,28.0,4840,5.8315,4.18
google,2500,20,linear,True,False,0.4,0.3,0.3,0,WOA,random,25,0.3333333333333333,E4,26.96,157.72,39,1.779465,87.5502,5.8116,0.0,0,20.8788,3.451,75.293,0.0,28.5,4840,5.5231,4.01
google,2500,20,linear,True,False,0.4,0.3,0.3,0,WOA,random,26,0.3333333333333333,E4,26.96,157.72,39,1.778288,87.5584,5.8739,0.0,0,20.8788,3.4408,76.646,0.0,28.5,4840,5.6049,4.1
google,2500,20,linear,True,False,0.4,0.3,0.3,0,WOA,random,27,0.3333333333333333,E4,26.96,157.72,39,1.766279,87.6424,6.5095,0.0,0,20.7788,3.4309,77.207,0.0,28.0,4840,5.5393,4.01
google,2500,20,linear,True,False,0.4,0.3,0.3,0,WOA,random,28,0.3333333333333333,E4,26.96,157.72,39,1.775247,87.5797,6.0349,0.0,0,20.8788,3.455,77.261,0.0,28.0,4840,5.7432,4.24
google,2500,20,linear,True,False,0.4,0.3,0.3,0,WOA,random,29,0.3333333333333333,E4,26.96,157.72,39,1.774564,87.5845,6.071,0.0,0,20.7788,3.4168,78.948,0.0,28.0,4840,5.6984,3.95
google,2500,20,linear,True,False,0.4,0.3,0.3,0,WOA,random,30,0.3333333333333333,E4,26.96,157.72,39,1.778923,87.554,5.8403,0.0,0,20.9288,3.4768,75.893,0.0,28.0,4840,5.5957,4.03
google,2500,20,linear,True,False,0.4,0.3,0.3,0,GWO,random,1,0.3333333333333333,E4,26.96,157.72,39,1.798083,87.4199,4.8261,0.0,0,20.6288,3.3909,87.471,0.0,25.5,4840,6.4903,3.99
google,2500,20,linear,True,False,0.4,0.3,0.3,0,GWO,random,2,0.3333333333333333,E4,26.96,157.72,39,1.809081,87.343,4.244,0.0,0,20.6788,3.4076,84.836,0.0,26.5,4840,6.5082,3.76
google,2500,20,linear,True,False,0.4,0.3,0.3,0,GWO,random,3,0.3333333333333333,E4,26.96,157.72,39,1.820839,87.2607,3.6216,0.0,0,20.7788,3.4203,83.445,0.0,27.0,4840,6.2142,3.68
google,2500,20,linear,True,False,0.4,0.3,0.3,0,GWO,random,4,0.3333333333333333,E4,26.96,157.72,39,1.812175,87.3213,4.0802,0.0,0,20.7288,3.4143,84.122,0.0,28.0,4840,6.1972,3.89
google,2500,20,linear,True,False,0.4,0.3,0.3,0,GWO,random,5,0.3333333333333333,E4,26.96,157.72,39,1.813336,87.3132,4.0187,0.0,0,20.7288,3.404,83.741,0.0,27.0,4840,6.3697,3.82
google,2500,20,linear,True,False,0.4,0.3,0.3,0,GWO,random,6,0.3333333333333333,E4,26.96,157.72,39,1.793463,87.4523,5.0706,0.0,0,20.6288,3.4092,87.148,0.0,25.5,4840,6.2672,4.08
google,2500,20,linear,True,False,0.4,0.3,0.3,0,GWO,random,7,0.3333333333333333,E4,26.96,157.72,39,1.805675,87.3668,4.4243,0.0,0,20.6288,3.3974,85.334,0.0,26.0,4840,6.2088,3.87
google,2500,20,linear,True,False,0.4,0.3,0.3,0,GWO,random,8,0.3333333333333333,E4,26.96,157.72,39,1.80098,87.3997,4.6728,0.0,0,20.6788,3.3981,85.148,0.0,27.0,4840,6.4571,3.78
google,2500,20,linear,True,False,0.4,0.3,0.3,0,GWO,random,9,0.3333333333333333,E4,26.96,157.72,39,1.805155,87.3705,4.4518,0.0,0,20.6288,3.4015,85.23,0.0,26.5,4840,6.4948,3.91
google,2500,20,linear,True,False,0.4,0.3,0.3,0,GWO,random,10,0.3333333333333333,E4,26.96,157.72,39,1.813863,87.3095,3.9909,0.0,0,20.6788,3.4144,85.257,0.0,26.5,4840,6.3705,3.81
google,2500,20,linear,True,False,0.4,0.3,0.3,0,GWO,random,19,0.3333333333333333,E4,26.96,157.72,39,1.815887,87.2954,3.8837,0.0,0,20.7788,3.4371,84.232,0.0,26.5,4840,6.2047,3.74
google,2500,20,linear,True,False,0.4,0.3,0.3,0,GWO,random,20,0.3333333333333333,E4,26.96,157.72,39,1.797382,87.4248,4.8632,0.0,0,20.5788,3.3795,87.277,0.0,25.5,4840,6.1983,4.11
google,2500,20,linear,True,False,0.4,0.3,0.3,0,GWO,random,21,0.3333333333333333,E4,26.96,157.72,39,1.802339,87.3902,4.6008,0.0,0,20.6788,3.3817,85.537,0.0,26.5,4840,6.3369,3.93
google,2500,20,linear,True,False,0.4,0.3,0.3,0,GWO,random,22,0.3333333333333333,E4,26.96,157.72,39,1.810572,87.3326,4.1651,0.0,0,20.6788,3.4153,85.612,0.0,26.0,4840,6.2397,3.89
google,2500,20,linear,True,False,0.4,0.3,0.3,0,GWO,random,23,0.3333333333333333,E4,26.96,157.72,39,1.811328,87.3273,4.125,0.0,0,20.7788,3.4173,84.802,0.0,27.5,4840,6.2403,3.8
google,2500,20,linear,True,False,0.4,0.3,0.3,0,GWO,random,24,0.3333333333333333,E4,26.96,157.72,39,1.81511,87.3008,3.9249,0.0,0,20.7788,3.4181,84.686,0.0,27.0,4840,6.4158,3.68
google,2500,20,linear,True,False,0.4,0.3,0.3,0,GWO,random,25,0.3333333333333333,E4,26.96,157.72,39,1.813742,87.3104,3.9973,0.0,0,20.7788,3.4127,83.87,0.0,27.0,4840,6.4456,3.8
google,2500,20,linear,True,False,0.4,0.3,0.3,0,GWO,random,26,0.3333333333333333,E4,26.96,157.72,39,1.807188,87.3562,4.3442,0.0,0,20.7288,3.4087,84.296,0.0,27.5,4840,6.3033,3.91
google,2500,20,linear,True,False,0.4,0.3,0.3,0,GWO,random,11,0.3333333333333333,E4,26.96,157.72,39,1.791732,87.4644,5.1623,0.0,0,20.5288,3.3731,87.051,0.0,26.0,4840,6.2477,4.16
google,2500,20,linear,True,False,0.4,0.3,0.3,0,GWO,random,12,0.3333333333333333,E4,26.96,157.72,39,1.809192,87.3422,4.2381,0.0,0,20.7288,3.4245,86.105,0.0,26.0,4840,6.2585,3.83
google,2500,20,linear,True,False,0.4,0.3,0.3,0,GWO,random,13,0.3333333333333333,E4,26.96,157.72,39,1.793011,87.4554,5.0946,0.0,0,20.5788,3.3674,86.15,0.0,26.5,4840,6.3808,4.14
google,2500,20,linear,True,False,0.4,0.3,0.3,0,GWO,random,14,0.3333333333333333,E4,26.96,157.72,39,1.799089,87.4129,4.7729,0.0,0,20.6788,3.3993,86.136,0.0,26.5,4840,6.284,3.76
google,2500,20,linear,True,False,0.4,0.3,0.3,0,GWO,random,15,0.3333333333333333,E4,26.96,157.72,39,1.808498,87.3471,4.2749,0.0,0,20.7288,3.4156,84.852,0.0,27.0,4840,6.2476,3.81
google,2500,20,linear,True,False,0.4,0.3,0.3,0,GWO,random,16,0.3333333333333333,E4,26.96,157.72,39,1.810311,87.3344,4.1789,0.0,0,20.7288,3.4187,84.113,0.0,26.5,4840,6.4399,3.78
google,2500,20,linear,True,False,0.4,0.3,0.3,0,GWO,random,17,0.3333333333333333,E4,26.96,157.72,39,1.805643,87.367,4.4259,0.0,0,20.7288,3.3994,85.191,0.0,26.0,4840,6.531,3.99
google,2500,20,linear,True,False,0.4,0.3,0.3,0,GWO,random,18,0.3333333333333333,E4,26.96,157.72,39,1.792449,87.4593,5.1243,0.0,0,20.5288,3.3828,87.452,0.0,25.5,4840,6.3358,4.33
google,2500,20,linear,True,False,0.4,0.3,0.3,0,PSO,random,5,0.3333333333333333,E4,26.96,157.72,39,1.810629,87.3322,4.1621,0.0,0,20.7288,3.4103,83.283,0.0,26.5,4840,5.7287,7.11
google,2500,20,linear,True,False,0.4,0.3,0.3,0,PSO,random,6,0.3333333333333333,E4,26.96,157.72,39,1.807944,87.3509,4.3041,0.0,0,20.7288,3.4257,85.155,0.0,26.5,4840,5.7476,6.7
google,2500,20,linear,True,False,0.4,0.3,0.3,0,PSO,random,7,0.3333333333333333,E4,26.96,157.72,39,1.808347,87.3481,4.2828,0.0,0,20.7788,3.423,82.439,0.0,27.5,4840,5.7131,6.97
google,2500,20,linear,True,False,0.4,0.3,0.3,0,PSO,random,8,0.3333333333333333,E4,26.96,157.72,39,1.804296,87.3765,4.4972,0.0,0,20.7288,3.4047,83.699,0.0,26.5,4840,5.9456,6.88
google,2500,20,linear,True,False,0.4,0.3,0.3,0,PSO,random,9,0.3333333333333333,E4,26.96,157.72,39,1.799895,87.4073,4.7302,0.0,0,20.6288,3.3999,85.688,0.0,26.5,4840,5.9325,7.32
google,2500,20,linear,True,False,0.4,0.3,0.3,0,PSO,random,10,0.3333333333333333,E4,26.96,157.72,39,1.799666,87.4089,4.7423,0.0,0,20.6788,3.3965,84.209,0.0,26.5,4840,5.8011,6.86
google,2500,20,linear,True,False,0.4,0.3,0.3,0,PSO,random,11,0.3333333333333333,E4,26.96,157.72,39,1.809045,87.3432,4.2459,0.0,0,20.6288,3.4158,84.505,0.0,27.0,4840,5.5476,6.99
google,2500,20,linear,True,False,0.4,0.3,0.3,0,PSO,random,12,0.3333333333333333,E4,26.96,157.72,39,1.808868,87.3445,4.2553,0.0,0,20.7788,3.4167,82.283,0.0,27.0,4840,5.5935,6.61
google,2500,20,linear,True,False,0.4,0.3,0.3,0,GWO,random,27,0.3333333333333333,E4,26.96,157.72,39,1.802845,87.3866,4.5741,0.0,0,20.6288,3.3906,84.972,0.0,26.5,4840,6.3469,3.76
google,2500,20,linear,True,False,0.4,0.3,0.3,0,GWO,random,28,0.3333333333333333,E4,26.96,157.72,39,1.785295,87.5094,5.503,0.0,0,20.4788,3.3837,88.847,0.0,25.5,4840,6.2969,4.41
google,2500,20,linear,True,False,0.4,0.3,0.3,0,GWO,random,29,0.3333333333333333,E4,26.96,157.72,39,1.812691,87.3177,4.0529,0.0,0,20.6788,3.4149,85.367,0.0,26.0,4840,6.256,3.84
google,2500,20,linear,True,False,0.4,0.3,0.3,0,GWO,random,30,0.3333333333333333,E4,26.96,157.72,39,1.812104,87.3218,4.084,0.0,0,20.6788,3.3983,85.324,0.0,26.0,4840,6.4437,3.97
google,2500,20,linear,True,False,0.4,0.3,0.3,0,PSO,random,1,0.3333333333333333,E4,26.96,157.72,39,1.802848,87.3866,4.5739,0.0,0,20.6788,3.382,82.989,0.0,27.5,4840,5.996,7.15
google,2500,20,linear,True,False,0.4,0.3,0.3,0,PSO,random,2,0.3333333333333333,E4,26.96,157.72,39,1.81298,87.3157,4.0376,0.0,0,20.7288,3.4167,83.135,0.0,27.0,4840,5.8206,6.7
google,2500,20,linear,True,False,0.4,0.3,0.3,0,PSO,random,3,0.3333333333333333,E4,26.96,157.72,39,1.796415,87.4316,4.9144,0.0,0,20.5788,3.3984,85.57,0.0,26.5,4840,5.5689,6.86
google,2500,20,linear,True,False,0.4,0.3,0.3,0,PSO,random,4,0.3333333333333333,E4,26.96,157.72,39,1.800198,87.4051,4.7142,0.0,0,20.6788,3.3973,84.295,0.0,26.5,4840,5.5863,6.88
google,2500,20,linear,True,False,0.4,0.3,0.3,0,PSO,random,29,0.3333333333333333,E4,26.96,157.72,39,1.797325,87.4252,4.8663,0.0,0,20.5288,3.3852,85.669,0.0,27.5,4840,5.7418,7.09
google,2500,20,linear,True,False,0.4,0.3,0.3,0,PSO,random,30,0.3333333333333333,E4,26.96,157.72,39,1.815587,87.2975,3.8996,0.0,0,20.8288,3.422,81.927,0.0,28.0,4840,5.6681,6.8
google,2500,20,linear,True,False,0.4,0.3,0.3,0,DE,random,1,0.3333333333333333,E4,26.96,157.72,39,1.785028,87.5113,5.5171,0.0,0,20.6288,3.3876,85.492,0.0,26.5,4840,5.7718,4.18
google,2500,20,linear,True,False,0.4,0.3,0.3,0,DE,random,2,0.3333333333333333,E4,26.96,157.72,39,1.782846,87.5265,5.6326,0.0,0,20.5288,3.3532,86.578,0.0,26.5,4840,5.6519,4.33
google,2500,20,linear,True,False,0.4,0.3,0.3,0,DE,random,3,0.3333333333333333,E4,26.96,157.72,39,1.778434,87.5574,5.8661,0.0,0,20.4288,3.3513,88.062,0.0,26.0,4840,5.7156,4.43
google,2500,20,linear,True,False,0.4,0.3,0.3,0,DE,random,4,0.3333333333333333,E4,26.96,157.72,39,1.78475,87.5132,5.5318,0.0,0,20.4788,3.3673,86.89,0.0,26.5,4840,5.5479,4.09
google,2500,20,linear,True,False,0.4,0.3,0.3,0,DE,random,5,0.3333333333333333,E4,26.96,157.72,39,1.778301,87.5583,5.8732,0.0,0,20.4288,3.3611,88.181,0.0,26.0,4840,5.4033,4.3
google,2500,20,linear,True,False,0.4,0.3,0.3,0,DE,random,6,0.3333333333333333,E4,26.96,157.72,39,1.786619,87.5001,5.4329,0.0,0,20.5788,3.3638,87.616,0.0,26.5,4840,5.3284,4.05
google,2500,20,linear,True,False,0.4,0.3,0.3,0,PSO,random,21,0.3333333333333333,E4,26.96,157.72,39,1.805749,87.3663,4.4203,0.0,0,20.7288,3.3955,84.58,0.0,26.5,4840,5.6982,6.74
google,2500,20,linear,True,False,0.4,0.3,0.3,0,PSO,random,22,0.3333333333333333,E4,26.96,157.72,39,1.806198,87.3632,4.3966,0.0,0,20.6788,3.3984,84.707,0.0,26.5,4840,5.6459,6.95
google,2500,20,linear,True,False,0.4,0.3,0.3,0,PSO,random,23,0.3333333333333333,E4,26.96,157.72,39,1.795299,87.4394,4.9735,0.0,0,20.6788,3.3932,83.768,0.0,26.5,4840,5.9565,6.9
google,2500,20,linear,True,False,0.4,0.3,0.3,0,PSO,random,24,0.3333333333333333,E4,26.96,157.72,39,1.806938,87.358,4.3574,0.0,0,20.7288,3.3997,85.304,0.0,26.5,4840,5.8358,6.97
google,2500,20,linear,True,False,0.4,0.3,0.3,0,PSO,random,25,0.3333333333333333,E4,26.96,157.72,39,1.800066,87.4061,4.7212,0.0,0,20.6788,3.3974,86.919,0.0,25.5,4840,5.8398,7.07
google,2500,20,linear,True,False,0.4,0.3,0.3,0,PSO,random,26,0.3333333333333333,E4,26.96,157.72,39,1.805164,87.3704,4.4513,0.0,0,20.6788,3.3924,84.268,0.0,27.0,4840,5.7193,6.88
google,2500,20,linear,True,False,0.4,0.3,0.3,0,PSO,random,27,0.3333333333333333,E4,26.96,157.72,39,1.784185,87.5172,5.5617,0.0,0,20.4288,3.3533,89.033,0.0,25.5,4840,5.5896,7.22
google,2500,20,linear,True,False,0.4,0.3,0.3,0,PSO,random,28,0.3333333333333333,E4,26.96,157.72,39,1.80817,87.3494,4.2922,0.0,0,20.6788,3.3987,84.064,0.0,27.0,4840,5.5298,6.49
google,2500,20,linear,True,False,0.4,0.3,0.3,0,PSO,random,13,0.3333333333333333,E4,26.96,157.72,39,1.788678,87.4857,5.3239,0.0,0,20.5288,3.3776,85.809,0.0,26.0,4840,5.7235,7.07
google,2500,20,linear,True,False,0.4,0.3,0.3,0,PSO,random,14,0.3333333333333333,E4,26.96,157.72,39,1.801064,87.3991,4.6684,0.0,0,20.6788,3.4131,84.112,0.0,26.5,4840,5.6712,7.09
google,2500,20,linear,True,False,0.4,0.3,0.3,0,PSO,random,15,0.3333333333333333,E4,26.96,157.72,39,1.809808,87.3379,4.2055,0.0,0,20.7288,3.4073,83.324,0.0,27.5,4840,5.9494,6.76
google,2500,20,linear,True,False,0.4,0.3,0.3,0,PSO,random,16,0.3333333333333333,E4,26.96,157.72,39,1.810227,87.335,4.1833,0.0,0,20.7788,3.4259,82.574,0.0,27.0,4840,5.8718,6.84
google,2500,20,linear,True,False,0.4,0.3,0.3,0,PSO,random,17,0.3333333333333333,E4,26.96,157.72,39,1.80141,87.3967,4.65,0.0,0,20.6788,3.4103,83.417,0.0,26.5,4840,5.9097,7.01
google,2500,20,linear,True,False,0.4,0.3,0.3,0,PSO,random,18,0.3333333333333333,E4,26.96,157.72,39,1.808959,87.3438,4.2505,0.0,0,20.7288,3.4079,84.036,0.0,27.0,4840,5.7503,6.72
google,2500,20,linear,True,False,0.4,0.3,0.3,0,PSO,random,19,0.3333333333333333,E4,26.96,157.72,39,1.793327,87.4532,5.0779,0.0,0,20.6288,3.3811,86.543,0.0,26.5,4840,5.6097,7.15
google,2500,20,linear,True,False,0.4,0.3,0.3,0,PSO,random,20,0.3333333333333333,E4,26.96,157.72,39,1.805868,87.3655,4.4141,0.0,0,20.6788,3.3967,85.349,0.0,26.0,4840,5.5603,6.97
google,2500,20,linear,True,False,0.4,0.3,0.3,0,DE,random,7,0.3333333333333333,E4,26.96,157.72,39,1.775101,87.5807,6.0426,0.0,0,20.3788,3.3555,89.268,0.0,26.0,4840,5.7699,4.43
google,2500,20,linear,True,False,0.4,0.3,0.3,0,DE,random,8,0.3333333333333333,E4,26.96,157.72,39,1.791532,87.4658,5.1729,0.0,0,20.5788,3.3918,86.929,0.0,27.5,4840,5.7873,3.89
google,2500,20,linear,True,False,0.4,0.3,0.3,0,DE,random,9,0.3333333333333333,E4,26.96,157.72,39,1.790421,87.4735,5.2317,0.0,0,20.5788,3.3858,86.306,0.0,27.0,4840,5.7247,4.24
google,2500,20,linear,True,False,0.4,0.3,0.3,0,DE,random,10,0.3333333333333333,E4,26.96,157.72,39,1.775956,87.5747,5.9973,0.0,0,20.4288,3.3481,90.479,0.0,25.5,4840,5.3742,4.38
google,2500,20,linear,True,False,0.4,0.3,0.3,0,DE,random,11,0.3333333333333333,E4,26.96,157.72,39,1.773966,87.5887,6.1026,0.0,0,20.4288,3.3725,88.138,0.0,26.0,4840,5.4447,4.72
google,2500,20,linear,True,False,0.4,0.3,0.3,0,DE,random,12,0.3333333333333333,E4,26.96,157.72,39,1.792256,87.4607,5.1345,0.0,0,20.6788,3.3959,85.623,0.0,27.0,4840,5.3919,4.15
google,2500,20,linear,True,False,0.4,0.3,0.3,0,DE,random,13,0.3333333333333333,E4,26.96,157.72,39,1.771389,87.6067,6.239,0.0,0,20.4788,3.3537,88.71,0.0,26.5,4840,5.3501,4.26
google,2500,20,linear,True,False,0.4,0.3,0.3,0,DE,random,14,0.3333333333333333,E4,26.96,157.72,39,1.791995,87.4625,5.1484,0.0,0,20.5788,3.3878,86.453,0.0,26.5,4840,5.3521,4.17
google,2500,20,linear,True,False,0.4,0.3,0.3,0,DE,random,15,0.3333333333333333,E4,26.96,157.72,39,1.786661,87.4998,5.4307,0.0,0,20.5788,3.3736,86.873,0.0,26.5,4840,5.6829,4.02
google,2500,20,linear,True,False,0.4,0.3,0.3,0,DE,random,16,0.3333333333333333,E4,26.96,157.72,39,1.773534,87.5917,6.1255,0.0,0,20.4788,3.3482,88.065,0.0,26.0,4840,5.7579,4.52
google,2500,20,linear,True,False,0.4,0.3,0.3,0,DE,random,17,0.3333333333333333,E4,26.96,157.72,39,1.772145,87.6014,6.199,0.0,0,20.3788,3.3589,88.645,0.0,26.0,4840,5.5706,4.48
google,2500,20,linear,True,False,0.4,0.3,0.3,0,DE,random,18,0.3333333333333333,E4,26.96,157.72,39,1.774693,87.5836,6.0642,0.0,0,20.4288,3.3474,87.671,0.0,26.0,4840,5.426,4.41
google,2500,20,linear,True,False,0.4,0.3,0.3,0,DE,random,19,0.3333333333333333,E4,26.96,157.72,39,1.78662,87.5001,5.4329,0.0,0,20.5288,3.3747,86.187,0.0,26.5,4840,5.3699,4.43
google,2500,20,linear,True,False,0.4,0.3,0.3,0,DE,random,20,0.3333333333333333,E4,26.96,157.72,39,1.770926,87.6099,6.2636,0.0,0,20.4288,3.3443,89.386,0.0,27.5,4840,5.3463,4.65
google,2500,20,linear,True,False,0.4,0.3,0.3,0,DE,random,21,0.3333333333333333,E4,26.96,157.72,39,1.780787,87.5409,5.7416,0.0,0,20.4788,3.367,88.012,0.0,26.0,4840,5.3415,4.39
google,2500,20,linear,True,False,0.4,0.3,0.3,0,DE,random,22,0.3333333333333333,E4,26.96,157.72,39,1.782652,87.5279,5.6429,0.0,0,20.4788,3.3763,89.004,0.0,25.5,4840,5.3269,4.23
google,2500,20,linear,True,False,0.4,0.3,0.3,0,DE,random,23,0.3333333333333333,E4,26.96,157.72,39,1.778156,87.5593,5.8809,0.0,0,20.4288,3.3484,87.989,0.0,26.5,4840,5.7856,4.28
google,2500,20,linear,True,False,0.4,0.3,0.3,0,DE,random,24,0.3333333333333333,E4,26.96,157.72,39,1.776842,87.5685,5.9504,0.0,0,20.4788,3.365,88.747,0.0,25.5,4840,5.6559,4.62
google,2500,20,linear,True,False,0.4,0.3,0.3,0,DE,random,25,0.3333333333333333,E4,26.96,157.72,39,1.783529,87.5218,5.5965,0.0,0,20.5288,3.3724,87.731,0.0,26.0,4840,5.3778,4.29
google,2500,20,linear,True,False,0.4,0.3,0.3,0,DE,random,26,0.3333333333333333,E4,26.96,157.72,39,1.767238,87.6357,6.4587,0.0,0,20.3788,3.3389,89.262,0.0,26.0,4840,5.4377,4.7
google,2500,20,linear,True,False,0.4,0.3,0.3,0,DE,random,27,0.3333333333333333,E4,26.96,157.72,39,1.784248,87.5167,5.5584,0.0,0,20.5288,3.3772,87.102,0.0,26.0,4840,5.3577,4.2
google,2500,20,linear,True,False,0.4,0.3,0.3,0,DE,random,28,0.3333333333333333,E4,26.96,157.72,39,1.780517,87.5428,5.7559,0.0,0,20.5288,3.369,87.034,0.0,26.5,4840,5.3577,4.39
google,2500,20,linear,True,False,0.4,0.3,0.3,0,DE,random,29,0.3333333333333333,E4,26.96,157.72,39,1.788999,87.4835,5.3069,0.0,0,20.5288,3.3692,86.982,0.0,27.5,4840,5.3467,4.22
google,2500,20,linear,True,False,0.4,0.3,0.3,0,DE,random,30,0.3333333333333333,E4,26.96,157.72,39,1.767367,87.6348,6.452,0.0,0,20.3788,3.3383,87.497,0.0,26.5,4840,5.3469,5.04
google,2500,20,linear,True,False,0.4,0.3,0.3,0,WOA,carbon,5,0.3333333333333333,E4,26.96,157.72,39,1.656529,88.4103,12.3187,0.0,0,20.9288,3.3549,70.176,0.0,27.5,4840,5.3911,4.01
google,2500,20,linear,True,False,0.4,0.3,0.3,0,WOA,carbon,6,0.3333333333333333,E4,26.96,157.72,39,1.629495,88.5994,13.7496,0.0,0,20.8288,3.3345,74.09,0.0,27.5,4840,5.3486,4.16
google,2500,20,linear,True,False,0.4,0.3,0.3,0,WOA,carbon,7,0.3333333333333333,E4,26.96,157.72,39,1.74275,87.8071,7.7549,0.0,0,20.9288,3.4671,71.589,0.0,28.0,4840,5.4317,4.17
google,2500,20,linear,True,False,0.4,0.3,0.3,0,WOA,carbon,8,0.3333333333333333,E4,26.96,157.72,39,1.646454,88.4808,12.8519,0.0,0,20.9288,3.3472,68.501,0.0,27.5,4840,5.4114,3.89
google,2500,20,linear,True,False,0.4,0.3,0.3,0,WOA,carbon,9,0.3333333333333333,E4,26.96,157.72,39,1.631435,88.5859,13.6469,0.0,0,20.8288,3.3436,72.826,0.0,27.0,4840,5.4748,4.34
google,2500,20,linear,True,False,0.4,0.3,0.3,0,WOA,carbon,10,0.3333333333333333,E4,26.96,157.72,39,1.78309,87.5248,5.6197,0.0,0,21.0288,3.4744,75.294,0.0,28.0,4840,5.3992,4.18
google,2500,20,linear,True,False,0.4,0.3,0.3,0,WOA,carbon,11,0.3333333333333333,E4,26.96,157.72,39,1.704098,88.0775,9.8008,0.0,0,20.5788,3.3891,82.623,0.0,27.0,4840,5.5333,4.1
google,2500,20,linear,True,False,0.4,0.3,0.3,0,WOA,carbon,12,0.3333333333333333,E4,26.96,157.72,39,1.638501,88.5364,13.2729,0.0,0,20.8288,3.323,71.723,0.0,26.5,4840,5.6295,3.99
google,2500,20,linear,True,False,0.4,0.3,0.3,0,HHO,random,1,0.3333333333333333,E4,26.96,157.72,39,1.767861,87.6314,6.4258,0.0,0,20.7288,3.4339,79.425,0.0,28.0,8886,8.2137,4.36
google,2500,20,linear,True,False,0.4,0.3,0.3,0,HHO,random,2,0.3333333333333333,E4,26.96,157.72,39,1.763969,87.6586,6.6318,0.0,0,20.7288,3.4235,78.481,0.0,28.5,8888,7.9707,4.32
google,2500,20,linear,True,False,0.4,0.3,0.3,0,HHO,random,3,0.3333333333333333,E4,26.96,157.72,39,1.766628,87.64,6.4911,0.0,0,20.7788,3.4407,77.031,0.0,28.5,8886,7.9025,4.28
google,2500,20,linear,True,False,0.4,0.3,0.3,0,HHO,random,4,0.3333333333333333,E4,26.96,157.72,39,1.789718,87.4785,5.2689,0.0,0,20.9288,3.4599,76.297,0.0,28.5,8906,7.8977,3.99
google,2500,20,linear,True,False,0.4,0.3,0.3,0,HHO,random,5,0.3333333333333333,E4,26.96,157.72,39,1.777879,87.5613,5.8955,0.0,0,20.8788,3.4613,75.879,0.0,28.5,8926,7.8921,4.32
google,2500,20,linear,True,False,0.4,0.3,0.3,0,HHO,random,6,0.3333333333333333,E4,26.96,157.72,39,1.754536,87.7246,7.1311,0.0,0,20.6788,3.428,80.582,0.0,28.0,8916,8.0583,4.34
google,2500,20,linear,True,False,0.4,0.3,0.3,0,HHO,random,7,0.3333333333333333,E4,26.96,157.72,39,1.760628,87.682,6.8087,0.0,0,20.7288,3.4509,78.596,0.0,28.0,8914,7.964,3.81
google,2500,20,linear,True,False,0.4,0.3,0.3,0,HHO,random,8,0.3333333333333333,E4,26.96,157.72,39,1.76523,87.6498,6.5651,0.0,0,20.7288,3.4281,78.156,0.0,28.0,8940,8.2766,4.52
google,2500,20,linear,True,False,0.4,0.3,0.3,0,WOA,carbon,29,0.3333333333333333,E4,26.96,157.72,39,1.638035,88.5397,13.2976,0.0,0,20.8288,3.347,73.303,0.0,27.0,4840,5.5229,4.05
google,2500,20,linear,True,False,0.4,0.3,0.3,0,WOA,carbon,30,0.3333333333333333,E4,26.96,157.72,39,1.640151,88.5249,13.1856,0.0,0,20.9288,3.338,71.078,0.0,27.0,4840,5.4041,3.97
google,3000,10,linear,True,False,0.4,0.3,0.3,0,FIFO,-,0,0.3333333333333333,E4,32.21,189.31,41,17.178947,0.0,-661.1925,0.0,0,191.5479,31.2652,5.333,28.5433,24.5,0,0.0,0.0
google,3000,10,linear,True,False,0.4,0.3,0.3,0,Consolidation,-,0,0.3333333333333333,E4,32.21,189.31,41,2.256847,86.8627,0.0,0.0,0,24.9479,4.0702,66.586,28.5433,24.5,0,0.0,0.0
google,3000,10,linear,True,False,0.4,0.3,0.3,0,Greedy(EDF+greenest),-,0,0.3333333333333333,E4,32.21,189.31,41,1.821021,89.3997,19.3113,0.0,0,24.3979,3.9041,74.278,45.2292,26.0,0,0.0003,0.0
google,3000,10,linear,True,False,0.4,0.3,0.3,0,WOA,random,1,0.3333333333333333,E4,32.21,189.31,41,2.153866,87.4622,4.563,0.0,0,24.7479,4.0712,84.385,0.0,27.0,4840,6.4322,4.69
google,3000,10,linear,True,False,0.4,0.3,0.3,0,WOA,random,2,0.3333333333333333,E4,32.21,189.31,41,2.159821,87.4275,4.2992,0.0,0,24.8979,4.1064,81.946,0.0,27.5,4840,6.6715,4.55
google,3000,10,linear,True,False,0.4,0.3,0.3,0,WOA,random,3,0.3333333333333333,E4,32.21,189.31,41,2.156307,87.448,4.4549,0.0,0,24.8979,4.1071,79.427,0.0,28.5,4840,6.5324,4.83
google,2500,20,linear,True,False,0.4,0.3,0.3,0,HHO,random,9,0.3333333333333333,E4,26.96,157.72,39,1.760874,87.6803,6.7956,0.0,0,20.7788,3.4395,78.708,0.0,28.0,8964,8.0438,4.0
google,2500,20,linear,True,False,0.4,0.3,0.3,0,HHO,random,10,0.3333333333333333,E4,26.96,157.72,39,1.763782,87.6599,6.6417,0.0,0,20.7788,3.4152,75.669,0.0,28.5,8920,7.9285,4.23
google,2500,20,linear,True,False,0.4,0.3,0.3,0,HHO,random,11,0.3333333333333333,E4,26.96,157.72,39,1.767708,87.6324,6.4339,0.0,0,20.7788,3.4566,76.694,0.0,28.0,8966,7.9455,4.45
google,2500,20,linear,True,False,0.4,0.3,0.3,0,HHO,random,12,0.3333333333333333,E4,26.96,157.72,39,1.761575,87.6754,6.7585,0.0,0,20.7288,3.4388,79.772,0.0,28.0,8878,7.8498,4.53
google,2500,20,linear,True,False,0.4,0.3,0.3,0,HHO,random,13,0.3333333333333333,E4,26.96,157.72,39,1.773377,87.5928,6.1338,0.0,0,20.8288,3.451,75.998,0.0,28.5,8964,8.0705,4.23
google,2500,20,linear,True,False,0.4,0.3,0.3,0,HHO,random,14,0.3333333333333333,E4,26.96,157.72,39,1.784685,87.5137,5.5353,0.0,0,20.9288,3.4917,75.716,0.0,28.0,8940,7.9171,4.41
google,2500,20,linear,True,False,0.4,0.3,0.3,0,HHO,random,15,0.3333333333333333,E4,26.96,157.72,39,1.770784,87.6109,6.271,0.0,0,20.8288,3.451,77.121,0.0,28.5,8814,8.1504,4.53
google,2500,20,linear,True,False,0.4,0.3,0.3,0,HHO,random,16,0.3333333333333333,E4,26.96,157.72,39,1.767308,87.6352,6.455,0.0,0,20.7788,3.4388,78.196,0.0,28.5,9010,8.1919,4.18
google,2500,20,linear,True,False,0.4,0.3,0.3,0,HHO,random,17,0.3333333333333333,E4,26.96,157.72,39,1.755198,87.72,7.0961,0.0,0,20.7788,3.4485,79.372,0.0,28.0,8870,7.9178,4.19
google,2500,20,linear,True,False,0.4,0.3,0.3,0,HHO,random,18,0.3333333333333333,E4,26.96,157.72,39,1.756722,87.7093,7.0154,0.0,0,20.6788,3.4223,78.578,0.0,28.0,8946,7.8975,4.46
google,2500,20,linear,True,False,0.4,0.3,0.3,0,HHO,random,19,0.3333333333333333,E4,26.96,157.72,39,1.762884,87.6662,6.6892,0.0,0,20.7788,3.4253,76.326,0.0,27.5,8950,7.8818,4.58
google,2500,20,linear,True,False,0.4,0.3,0.3,0,HHO,random,20,0.3333333333333333,E4,26.96,157.72,39,1.780273,87.5445,5.7688,0.0,0,20.9288,3.4712,73.827,0.0,28.5,8796,7.7498,4.85
google,2500,20,linear,True,False,0.4,0.3,0.3,0,HHO,random,21,0.3333333333333333,E4,26.96,157.72,39,1.762409,87.6695,6.7144,0.0,0,20.7788,3.4568,78.928,0.0,28.0,8802,7.9509,4.13
google,2500,20,linear,True,False,0.4,0.3,0.3,0,HHO,random,22,0.3333333333333333,E4,26.96,157.72,39,1.783558,87.5216,5.5949,0.0,0,20.9288,3.4678,76.256,0.0,28.5,8894,7.859,4.52
google,2500,20,linear,True,False,0.4,0.3,0.3,0,HHO,random,23,0.3333333333333333,E4,26.96,157.72,39,1.77388,87.5893,6.1072,0.0,0,20.8288,3.4448,78.929,0.0,28.0,8974,8.2957,4.05
google,2500,20,linear,True,False,0.4,0.3,0.3,0,HHO,random,24,0.3333333333333333,E4,26.96,157.72,39,1.762471,87.6691,6.7111,0.0,0,20.7288,3.4195,78.4,0.0,28.0,8898,8.0524,4.71
google,2500,20,linear,True,False,0.4,0.3,0.3,0,HHO,random,25,0.3333333333333333,E4,26.96,157.72,39,1.761746,87.6742,6.7495,0.0,0,20.7788,3.431,79.565,0.0,27.5,8840,7.9629,4.37
google,2500,20,linear,True,False,0.4,0.3,0.3,0,HHO,random,26,0.3333333333333333,E4,26.96,157.72,39,1.764052,87.658,6.6274,0.0,0,20.7788,3.44,76.474,0.0,28.5,8950,7.9969,4.29
google,2500,20,linear,True,False,0.4,0.3,0.3,0,HHO,random,27,0.3333333333333333,E4,26.96,157.72,39,1.769476,87.6201,6.3403,0.0,0,20.7788,3.4412,76.852,0.0,28.0,8822,7.8768,4.47
google,2500,20,linear,True,False,0.4,0.3,0.3,0,HHO,random,28,0.3333333333333333,E4,26.96,157.72,39,1.763382,87.6627,6.6629,0.0,0,20.7788,3.4456,77.58,0.0,28.5,9014,7.9688,4.41
google,2500,20,linear,True,False,0.4,0.3,0.3,0,HHO,random,29,0.3333333333333333,E4,26.96,157.72,39,1.769459,87.6202,6.3412,0.0,0,20.7288,3.4365,78.9,0.0,28.5,8872,8.0889,4.31
google,2500,20,linear,True,False,0.4,0.3,0.3,0,HHO,random,30,0.3333333333333333,E4,26.96,157.72,39,1.75222,87.7408,7.2537,0.0,0,20.6788,3.4389,79.001,0.0,28.5,8906,7.9512,4.33
google,2500,20,linear,True,False,0.4,0.3,0.3,0,GA,random,1,0.3333333333333333,E4,26.96,157.72,39,1.769424,87.6204,6.3431,0.0,0,20.4288,3.3473,88.631,0.0,26.0,4840,9.979,6.14
google,2500,20,linear,True,False,0.4,0.3,0.3,0,GA,random,2,0.3333333333333333,E4,26.96,157.72,39,1.778537,87.5567,5.8607,0.0,0,20.5788,3.3581,85.699,0.0,26.5,4840,9.7361,6.12
google,2500,20,linear,True,False,0.4,0.3,0.3,0,WOA,carbon,13,0.3333333333333333,E4,26.96,157.72,39,1.750403,87.7535,7.3498,0.0,0,20.9288,3.4645,71.218,0.0,28.0,4840,5.426,3.71
google,2500,20,linear,True,False,0.4,0.3,0.3,0,WOA,carbon,14,0.3333333333333333,E4,26.96,157.72,39,1.685676,88.2064,10.7759,0.0,0,20.9288,3.3781,72.882,0.0,28.0,4840,5.4884,4.24
google,2500,20,linear,True,False,0.4,0.3,0.3,0,WOA,carbon,15,0.3333333333333333,E4,26.96,157.72,39,1.724111,87.9375,8.7415,0.0,0,20.7288,3.4178,76.616,0.0,28.0,4840,5.48,3.9
google,2500,20,linear,True,False,0.4,0.3,0.3,0,WOA,carbon,16,0.3333333333333333,E4,26.96,157.72,39,1.732543,87.8785,8.2952,0.0,0,20.7288,3.4183,74.72,0.0,28.5,4840,5.4307,4.24
google,2500,20,linear,True,False,0.4,0.3,0.3,0,WOA,carbon,17,0.3333333333333333,E4,26.96,157.72,39,1.740567,87.8223,7.8705,0.0,0,20.8788,3.4485,75.253,0.0,28.0,4840,5.6118,4.22
google,2500,20,linear,True,False,0.4,0.3,0.3,0,WOA,carbon,18,0.3333333333333333,E4,26.96,157.72,39,1.642085,88.5114,13.0832,0.0,0,20.8288,3.3534,72.627,0.0,26.5,4840,5.5991,4.12
google,2500,20,linear,True,False,0.4,0.3,0.3,0,WOA,carbon,19,0.3333333333333333,E4,26.96,157.72,39,1.714494,88.0048,9.2505,0.0,0,20.9288,3.4348,76.172,0.0,28.5,4840,5.4796,4.41
google,2500,20,linear,True,False,0.4,0.3,0.3,0,WOA,carbon,20,0.3333333333333333,E4,26.96,157.72,39,1.691707,88.1642,10.4567,0.0,0,20.7288,3.4128,79.65,0.0,27.0,4840,5.4143,4.14
google,2500,20,linear,True,False,0.4,0.3,0.3,0,WOA,carbon,21,0.3333333333333333,E4,26.96,157.72,39,1.643278,88.503,13.0201,0.0,0,20.9288,3.3386,68.025,0.0,26.5,4840,5.4017,3.95
google,2500,20,linear,True,False,0.4,0.3,0.3,0,WOA,carbon,22,0.3333333333333333,E4,26.96,157.72,39,1.723534,87.9415,8.772,0.0,0,20.8288,3.4238,75.145,0.0,28.0,4840,5.5489,3.91
google,2500,20,linear,True,False,0.4,0.3,0.3,0,WOA,carbon,23,0.3333333333333333,E4,26.96,157.72,39,1.596704,88.8289,15.4853,0.0,0,20.6788,3.3086,75.591,0.0,26.5,4840,5.406,4.43
google,2500,20,linear,True,False,0.4,0.3,0.3,0,WOA,carbon,24,0.3333333333333333,E4,26.96,157.72,39,1.733044,87.875,8.2687,0.0,0,20.8288,3.4111,74.674,0.0,28.0,4840,5.4704,3.97
google,2500,20,linear,True,False,0.4,0.3,0.3,0,WOA,carbon,25,0.3333333333333333,E4,26.96,157.72,39,1.646696,88.4791,12.8391,0.0,0,20.9288,3.3547,70.257,0.0,26.5,4840,5.6809,4.58
google,2500,20,linear,True,False,0.4,0.3,0.3,0,WOA,carbon,26,0.3333333333333333,E4,26.96,157.72,39,1.729085,87.9027,8.4783,0.0,0,20.8788,3.4249,76.682,0.0,28.0,4840,5.5652,3.89
google,2500,20,linear,True,False,0.4,0.3,0.3,0,WOA,carbon,27,0.3333333333333333,E4,26.96,157.72,39,1.653106,88.4342,12.4999,0.0,0,21.0288,3.3697,68.488,0.0,27.5,4840,5.445,4.16
google,2500,20,linear,True,False,0.4,0.3,0.3,0,WOA,carbon,28,0.3333333333333333,E4,26.96,157.72,39,1.711623,88.0248,9.4025,0.0,0,20.6788,3.3939,81.658,0.0,27.0,4840,5.4085,4.2
google,2500,20,linear,True,False,0.4,0.3,0.3,0,GA,random,27,0.3333333333333333,E4,26.96,157.72,39,1.767492,87.634,6.4453,0.0,0,20.4788,3.3443,87.846,0.0,26.5,4840,9.459,6.26
google,2500,20,linear,True,False,0.4,0.3,0.3,0,GA,random,28,0.3333333333333333,E4,26.96,157.72,39,1.780398,87.5437,5.7622,0.0,0,20.5788,3.3588,87.061,0.0,26.0,4840,9.41,6.07
google,2500,20,linear,True,False,0.4,0.3,0.3,0,GA,random,29,0.3333333333333333,E4,26.96,157.72,39,1.776045,87.5741,5.9926,0.0,0,20.5288,3.3652,87.087,0.0,27.0,4840,9.623,6.2
google,2500,20,linear,True,False,0.4,0.3,0.3,0,GA,random,30,0.3333333333333333,E4,26.96,157.72,39,1.773219,87.5939,6.1422,0.0,0,20.5788,3.3748,87.447,0.0,26.0,4840,9.6233,6.16
google,2500,20,linear,True,False,0.4,0.3,0.3,0,WOA,carbon,1,0.3333333333333333,E4,26.96,157.72,39,1.727852,87.9113,8.5435,0.0,0,20.8788,3.4127,75.832,0.0,28.5,4840,5.5998,4.1
google,2500,20,linear,True,False,0.4,0.3,0.3,0,WOA,carbon,2,0.3333333333333333,E4,26.96,157.72,39,1.700064,88.1057,10.0143,0.0,0,20.7288,3.3972,79.624,0.0,27.0,4840,5.4727,4.14
google,2500,20,linear,True,False,0.4,0.3,0.3,0,WOA,carbon,3,0.3333333333333333,E4,26.96,157.72,39,1.734133,87.8673,8.211,0.0,0,20.7288,3.4161,77.06,0.0,27.5,4840,5.4008,3.89
google,2500,20,linear,True,False,0.4,0.3,0.3,0,WOA,carbon,4,0.3333333333333333,E4,26.96,157.72,39,1.649101,88.4623,12.7118,0.0,0,20.7288,3.331,76.064,0.0,26.5,4840,5.368,4.48
google,2500,20,linear,True,False,0.4,0.3,0.3,0,GA,random,3,0.3333333333333333,E4,26.96,157.72,39,1.777385,87.5647,5.9217,0.0,0,20.5788,3.3683,87.484,0.0,26.0,4840,9.4733,5.99
google,2500,20,linear,True,False,0.4,0.3,0.3,0,GA,random,4,0.3333333333333333,E4,26.96,157.72,39,1.766884,87.6382,6.4775,0.0,0,20.4788,3.3503,88.205,0.0,26.0,4840,9.4407,6.24
google,2500,20,linear,True,False,0.4,0.3,0.3,0,GA,random,5,0.3333333333333333,E4,26.96,157.72,39,1.779128,87.5525,5.8294,0.0,0,20.5288,3.3629,87.076,0.0,26.0,4840,9.6105,6.07
google,2500,20,linear,True,False,0.4,0.3,0.3,0,GA,random,6,0.3333333333333333,E4,26.96,157.72,39,1.770117,87.6156,6.3064,0.0,0,20.4788,3.3521,88.481,0.0,26.5,4840,9.5308,6.14
google,2500,20,linear,True,False,0.4,0.3,0.3,0,GA,random,7,0.3333333333333333,E4,26.96,157.72,39,1.769238,87.6217,6.3529,0.0,0,20.4788,3.3474,89.421,0.0,25.5,4840,9.9105,6.09
google,2500,20,linear,True,False,0.4,0.3,0.3,0,GA,random,8,0.3333333333333333,E4,26.96,157.72,39,1.765222,87.6498,6.5655,0.0,0,20.5288,3.3532,86.854,0.0,26.0,4840,9.6493,6.2
google,2500,20,linear,True,False,0.4,0.3,0.3,0,GA,random,9,0.3333333333333333,E4,26.96,157.72,39,1.767418,87.6345,6.4492,0.0,0,20.5288,3.3595,88.332,0.0,25.5,4840,9.5913,6.32
google,2500,20,linear,True,False,0.4,0.3,0.3,0,GA,random,10,0.3333333333333333,E4,26.96,157.72,39,1.769234,87.6218,6.3531,0.0,0,20.5788,3.3646,86.941,0.0,27.0,4840,9.4981,6.21
google,2500,20,linear,True,False,0.4,0.3,0.3,0,GA,random,11,0.3333333333333333,E4,26.96,157.72,39,1.7798,87.5478,5.7939,0.0,0,20.5288,3.3695,87.541,0.0,26.0,4840,9.5192,6.24
google,2500,20,linear,True,False,0.4,0.3,0.3,0,GA,random,12,0.3333333333333333,E4,26.96,157.72,39,1.776893,87.5682,5.9477,0.0,0,20.5788,3.3697,85.934,0.0,26.0,4840,9.5115,5.99
google,2500,20,linear,True,False,0.4,0.3,0.3,0,GA,random,13,0.3333333333333333,E4,26.96,157.72,39,1.773851,87.5895,6.1087,0.0,0,20.5288,3.369,87.096,0.0,27.0,4840,9.6853,5.97
google,2500,20,linear,True,False,0.4,0.3,0.3,0,GA,random,14,0.3333333333333333,E4,26.96,157.72,39,1.770413,87.6135,6.2907,0.0,0,20.5288,3.3646,88.355,0.0,26.5,4840,9.631,6.17
google,2500,20,linear,True,False,0.4,0.3,0.3,0,GA,random,15,0.3333333333333333,E4,26.96,157.72,39,1.776603,87.5702,5.9631,0.0,0,20.5288,3.3699,88.204,0.0,26.5,4840,9.9638,6.16
google,2500,20,linear,True,False,0.4,0.3,0.3,0,GA,random,16,0.3333333333333333,E4,26.96,157.72,39,1.779189,87.5521,5.8262,0.0,0,20.6288,3.3856,86.281,0.0,26.5,4840,9.7304,6.09
google,2500,20,linear,True,False,0.4,0.3,0.3,0,GA,random,17,0.3333333333333333,E4,26.96,157.72,39,1.775289,87.5794,6.0326,0.0,0,20.4788,3.3704,88.616,0.0,26.5,4840,9.6443,6.03
google,2500,20,linear,True,False,0.4,0.3,0.3,0,GA,random,18,0.3333333333333333,E4,26.96,157.72,39,1.772302,87.6003,6.1907,0.0,0,20.4788,3.3604,88.056,0.0,26.0,4840,9.5141,6.24
google,2500,20,linear,True,False,0.4,0.3,0.3,0,GA,random,19,0.3333333333333333,E4,26.96,157.72,39,1.770112,87.6156,6.3066,0.0,0,20.4788,3.3626,87.532,0.0,26.0,4840,9.4812,5.78
google,2500,20,linear,True,False,0.4,0.3,0.3,0,GA,random,20,0.3333333333333333,E4,26.96,157.72,39,1.775907,87.5751,5.9999,0.0,0,20.5288,3.3522,89.036,0.0,25.5,4840,9.4631,6.13
google,2500,20,linear,True,False,0.4,0.3,0.3,0,GA,random,21,0.3333333333333333,E4,26.96,157.72,39,1.772209,87.601,6.1957,0.0,0,20.4788,3.3572,87.988,0.0,26.0,4840,9.6587,6.19
google,2500,20,linear,True,False,0.4,0.3,0.3,0,GA,random,22,0.3333333333333333,E4,26.96,157.72,39,1.777451,87.5643,5.9182,0.0,0,20.5288,3.3678,87.958,0.0,26.0,4840,9.5811,6.13
google,2500,20,linear,True,False,0.4,0.3,0.3,0,GA,random,23,0.3333333333333333,E4,26.96,157.72,39,1.76998,87.6166,6.3136,0.0,0,20.5288,3.3526,87.345,0.0,26.0,4840,9.8812,6.15
google,2500,20,linear,True,False,0.4,0.3,0.3,0,GA,random,24,0.3333333333333333,E4,26.96,157.72,39,1.780454,87.5433,5.7593,0.0,0,20.6288,3.3727,86.197,0.0,26.5,4840,9.6001,6.07
google,2500,20,linear,True,False,0.4,0.3,0.3,0,GA,random,25,0.3333333333333333,E4,26.96,157.72,39,1.774706,87.5835,6.0635,0.0,0,20.5788,3.3636,87.792,0.0,26.0,4840,9.5537,6.08
google,2500,20,linear,True,False,0.4,0.3,0.3,0,GA,random,26,0.3333333333333333,E4,26.96,157.72,39,1.772914,87.596,6.1583,0.0,0,20.5288,3.3577,88.009,0.0,26.0,4840,9.4207,6.0
google,3000,10,linear,True,False,0.4,0.3,0.3,0,WOA,random,4,0.3333333333333333,E4,32.21,189.31,41,2.163792,87.4044,4.1232,0.0,0,24.7979,4.0923,81.602,0.0,28.0,4840,6.5003,4.76
google,3000,10,linear,True,False,0.4,0.3,0.3,0,WOA,random,5,0.3333333333333333,E4,32.21,189.31,41,2.148237,87.4949,4.8124,0.0,0,24.7979,4.0805,82.902,0.0,28.0,4840,6.4878,4.57
google,3000,10,linear,True,False,0.4,0.3,0.3,0,WOA,random,6,0.3333333333333333,E4,32.21,189.31,41,2.145465,87.5111,4.9353,0.0,0,24.6979,4.0631,85.295,0.0,27.5,4840,6.3936,5.03
google,3000,10,linear,True,False,0.4,0.3,0.3,0,WOA,random,7,0.3333333333333333,E4,32.21,189.31,41,2.139585,87.5453,5.1958,0.0,0,24.5979,4.0595,83.808,0.0,27.5,4840,6.4695,4.87
google,3000,10,linear,True,False,0.4,0.3,0.3,0,WOA,random,8,0.3333333333333333,E4,32.21,189.31,41,2.149773,87.486,4.7444,0.0,0,24.7979,4.0792,82.239,0.0,28.0,4840,6.2318,5.15
google,3000,10,linear,True,False,0.4,0.3,0.3,0,WOA,random,9,0.3333333333333333,E4,32.21,189.31,41,2.157707,87.4398,4.3928,0.0,0,24.8479,4.109,80.439,0.0,28.0,4840,6.4529,4.64
google,3000,10,linear,True,False,0.4,0.3,0.3,0,WOA,random,10,0.3333333333333333,E4,32.21,189.31,41,2.157001,87.4439,4.4241,0.0,0,24.7979,4.1024,82.903,0.0,27.5,4840,6.2997,5.1
google,3000,10,linear,True,False,0.4,0.3,0.3,0,WOA,random,11,0.3333333333333333,E4,32.21,189.31,41,2.150607,87.4811,4.7075,0.0,0,24.6979,4.0672,84.386,0.0,27.5,4840,6.3192,4.85
google,3000,10,linear,True,False,0.4,0.3,0.3,0,WOA,random,12,0.3333333333333333,E4,32.21,189.31,41,2.153031,87.467,4.6,0.0,0,24.6979,4.0912,83.678,0.0,27.5,4840,6.5042,4.94
google,3000,10,linear,True,False,0.4,0.3,0.3,0,WOA,random,13,0.3333333333333333,E4,32.21,189.31,41,2.146517,87.505,4.8887,0.0,0,24.7979,4.079,83.524,0.0,27.5,4840,6.5262,4.8
google,3000,10,linear,True,False,0.4,0.3,0.3,0,WOA,random,14,0.3333333333333333,E4,32.21,189.31,41,2.158358,87.436,4.364,0.0,0,24.7479,4.0645,84.614,0.0,27.0,4840,6.4517,4.85
google,3000,10,linear,True,False,0.4,0.3,0.3,0,WOA,random,15,0.3333333333333333,E4,32.21,189.31,41,2.154945,87.4559,4.5152,0.0,0,24.7479,4.085,82.817,0.0,28.0,4840,6.4433,4.76
google,3000,10,linear,True,False,0.4,0.3,0.3,0,WOA,random,16,0.3333333333333333,E4,32.21,189.31,41,2.146493,87.5051,4.8897,0.0,0,24.6979,4.0624,83.294,0.0,28.0,4840,6.3136,4.87
google,3000,10,linear,True,False,0.4,0.3,0.3,0,WOA,random,17,0.3333333333333333,E4,32.21,189.31,41,2.156853,87.4448,4.4307,0.0,0,24.8479,4.1078,83.283,0.0,27.5,4840,6.5015,4.44
google,3000,10,linear,True,False,0.4,0.3,0.3,0,WOA,random,18,0.3333333333333333,E4,32.21,189.31,41,2.152573,87.4697,4.6203,0.0,0,24.7479,4.1009,82.752,0.0,28.0,4840,6.3271,4.6
google,3000,10,linear,True,False,0.4,0.3,0.3,0,WOA,random,19,0.3333333333333333,E4,32.21,189.31,41,2.137225,87.559,5.3004,0.0,0,24.6979,4.0769,83.24,0.0,28.0,4840,6.3737,4.76
google,3000,10,linear,True,False,0.4,0.3,0.3,0,WOA,random,20,0.3333333333333333,E4,32.21,189.31,41,2.153722,87.463,4.5694,0.0,0,24.6479,4.0547,84.843,0.0,27.0,4840,6.4973,4.71
google,3000,10,linear,True,False,0.4,0.3,0.3,0,WOA,random,21,0.3333333333333333,E4,32.21,189.31,41,2.143524,87.5224,5.0213,0.0,0,24.7479,4.0997,84.39,0.0,27.5,4840,6.4814,4.73
google,3000,10,linear,True,False,0.4,0.3,0.3,0,WOA,random,22,0.3333333333333333,E4,32.21,189.31,41,2.143343,87.5234,5.0293,0.0,0,24.7479,4.0957,82.4,0.0,27.5,4840,6.5167,4.5
google,3000,10,linear,True,False,0.4,0.3,0.3,0,WOA,random,23,0.3333333333333333,E4,32.21,189.31,41,2.152092,87.4725,4.6416,0.0,0,24.6979,4.0839,82.735,0.0,28.0,4840,6.328,4.84
google,3000,10,linear,True,False,0.4,0.3,0.3,0,WOA,random,24,0.3333333333333333,E4,32.21,189.31,41,2.156202,87.4486,4.4595,0.0,0,24.7979,4.0873,82.096,0.0,28.0,4840,6.4601,4.87
google,3000,10,linear,True,False,0.4,0.3,0.3,0,WOA,random,25,0.3333333333333333,E4,32.21,189.31,41,2.157129,87.4432,4.4185,0.0,0,24.6979,4.0658,86.019,0.0,27.5,4840,6.3066,4.83
google,3000,10,linear,True,False,0.4,0.3,0.3,0,WOA,random,26,0.3333333333333333,E4,32.21,189.31,41,2.143956,87.5199,5.0022,0.0,0,24.6979,4.0445,85.667,0.0,27.5,4840,6.31,5.01
google,3000,10,linear,True,False,0.4,0.3,0.3,0,WOA,random,27,0.3333333333333333,E4,32.21,189.31,41,2.161052,87.4203,4.2446,0.0,0,24.6979,4.0696,84.033,0.0,28.5,4840,6.3706,4.98
google,3000,10,linear,True,False,0.4,0.3,0.3,0,WOA,random,28,0.3333333333333333,E4,32.21,189.31,41,2.133329,87.5817,5.473,0.0,0,24.6979,4.1008,83.466,0.0,27.5,4840,6.4597,4.73
google,3000,10,linear,True,False,0.4,0.3,0.3,0,WOA,random,29,0.3333333333333333,E4,32.21,189.31,41,2.154017,87.4613,4.5564,0.0,0,24.8479,4.0807,80.68,0.0,28.0,4840,6.4305,4.38
google,3000,10,linear,True,False,0.4,0.3,0.3,0,WOA,random,30,0.3333333333333333,E4,32.21,189.31,41,2.158662,87.4343,4.3505,0.0,0,24.8479,4.104,82.05,0.0,28.5,4840,6.4,4.91
google,3000,10,linear,True,False,0.4,0.3,0.3,0,GWO,random,1,0.3333333333333333,E4,32.21,189.31,41,2.152719,87.4689,4.6138,0.0,0,24.6479,4.0713,87.105,0.0,26.0,4840,6.957,4.41
google,3000,10,linear,True,False,0.4,0.3,0.3,0,GWO,random,2,0.3333333333333333,E4,32.21,189.31,41,2.15751,87.441,4.4016,0.0,0,24.6979,4.0798,86.197,0.0,26.5,4840,7.0979,4.41
google,3000,10,linear,True,False,0.4,0.3,0.3,0,GWO,random,3,0.3333333333333333,E4,32.21,189.31,41,2.162094,87.4143,4.1984,0.0,0,24.6979,4.0588,84.36,0.0,27.5,4840,6.9519,4.54
google,3000,10,linear,True,False,0.4,0.3,0.3,0,GWO,random,4,0.3333333333333333,E4,32.21,189.31,41,2.156015,87.4497,4.4678,0.0,0,24.6479,4.0531,86.947,0.0,26.0,4840,7.0185,4.64
google,3000,10,linear,True,False,0.4,0.3,0.3,0,GWO,random,5,0.3333333333333333,E4,32.21,189.31,41,2.156461,87.4471,4.4481,0.0,0,24.6479,4.0518,85.932,0.0,27.0,4840,7.0151,4.47
google,3000,10,linear,True,False,0.4,0.3,0.3,0,GWO,random,6,0.3333333333333333,E4,32.21,189.31,41,2.162827,87.41,4.166,0.0,0,24.7479,4.0681,85.31,0.0,27.5,4840,7.1029,4.23
google,3000,10,linear,True,False,0.4,0.3,0.3,0,GWO,random,7,0.3333333333333333,E4,32.21,189.31,41,2.159471,87.4296,4.3147,0.0,0,24.6979,4.0894,86.661,0.0,26.5,4840,7.0999,4.55
google,3000,10,linear,True,False,0.4,0.3,0.3,0,GWO,random,8,0.3333333333333333,E4,32.21,189.31,41,2.148601,87.4928,4.7963,0.0,0,24.5979,4.0483,87.488,0.0,26.0,4840,7.0763,4.74
google,3000,10,linear,True,False,0.4,0.3,0.3,0,GWO,random,9,0.3333333333333333,E4,32.21,189.31,41,2.133752,87.5793,5.4543,0.0,0,24.4979,4.0337,89.734,0.0,26.0,4840,7.0369,5.01
google,3000,10,linear,True,False,0.4,0.3,0.3,0,GWO,random,10,0.3333333333333333,E4,32.21,189.31,41,2.15787,87.4389,4.3856,0.0,0,24.6979,4.073,85.976,0.0,26.5,4840,6.9688,4.53
google,3000,10,linear,True,False,0.4,0.3,0.3,0,GWO,random,11,0.3333333333333333,E4,32.21,189.31,41,2.151212,87.4776,4.6806,0.0,0,24.6479,4.0511,87.148,0.0,26.5,4840,6.9508,4.69
google,3000,10,linear,True,False,0.4,0.3,0.3,0,GWO,random,12,0.3333333333333333,E4,32.21,189.31,41,2.148899,87.4911,4.7831,0.0,0,24.6979,4.0764,88.789,0.0,25.5,4840,7.0349,4.71
google,3000,10,linear,True,False,0.4,0.3,0.3,0,GWO,random,13,0.3333333333333333,E4,32.21,189.31,41,2.166526,87.3885,4.0021,0.0,0,24.7479,4.0921,82.858,0.0,27.5,4840,7.0049,4.34
google,3000,10,linear,True,False,0.4,0.3,0.3,0,GWO,random,30,0.3333333333333333,E4,32.21,189.31,41,2.159272,87.4307,4.3235,0.0,0,24.6979,4.0582,84.704,0.0,27.5,4840,7.1234,4.42
google,3000,10,linear,True,False,0.4,0.3,0.3,0,PSO,random,1,0.3333333333333333,E4,32.21,189.31,41,2.149898,87.4853,4.7389,0.0,0,24.6979,4.0686,85.732,0.0,26.5,4840,6.53,8.58
google,3000,10,linear,True,False,0.4,0.3,0.3,0,PSO,random,2,0.3333333333333333,E4,32.21,189.31,41,2.156504,87.4468,4.4462,0.0,0,24.7479,4.0907,84.075,0.0,27.0,4840,6.5278,7.91
google,3000,10,linear,True,False,0.4,0.3,0.3,0,PSO,random,3,0.3333333333333333,E4,32.21,189.31,41,2.151723,87.4746,4.658,0.0,0,24.6479,4.0634,86.069,0.0,26.5,4840,6.4824,7.84
google,3000,10,linear,True,False,0.4,0.3,0.3,0,PSO,random,4,0.3333333333333333,E4,32.21,189.31,41,2.14439,87.5173,4.9829,0.0,0,24.6979,4.0575,85.84,0.0,27.0,4840,6.4334,8.07
google,3000,10,linear,True,False,0.4,0.3,0.3,0,PSO,random,5,0.3333333333333333,E4,32.21,189.31,41,2.151809,87.4741,4.6542,0.0,0,24.7979,4.0927,83.468,0.0,27.5,4840,6.529,8.19
google,3000,10,linear,True,False,0.4,0.3,0.3,0,PSO,random,6,0.3333333333333333,E4,32.21,189.31,41,2.160669,87.4226,4.2616,0.0,0,24.7479,4.0723,84.437,0.0,27.0,4840,6.4668,7.98
google,3000,10,linear,True,False,0.4,0.3,0.3,0,PSO,random,7,0.3333333333333333,E4,32.21,189.31,41,2.160834,87.4216,4.2543,0.0,0,24.6979,4.0912,84.582,0.0,27.0,4840,6.4656,8.28
google,3000,10,linear,True,False,0.4,0.3,0.3,0,GWO,random,14,0.3333333333333333,E4,32.21,189.31,41,2.162663,87.411,4.1732,0.0,0,24.7979,4.0714,84.238,0.0,27.0,4840,7.1249,4.41
google,3000,10,linear,True,False,0.4,0.3,0.3,0,GWO,random,15,0.3333333333333333,E4,32.21,189.31,41,2.160252,87.425,4.2801,0.0,0,24.7479,4.0801,84.654,0.0,27.0,4840,7.1135,4.34
google,3000,10,linear,True,False,0.4,0.3,0.3,0,GWO,random,16,0.3333333333333333,E4,32.21,189.31,41,2.164321,87.4013,4.0998,0.0,0,24.6979,4.0665,86.423,0.0,26.5,4840,6.9324,4.41
google,3000,10,linear,True,False,0.4,0.3,0.3,0,GWO,random,17,0.3333333333333333,E4,32.21,189.31,41,2.154251,87.4599,4.546,0.0,0,24.6479,4.0786,87.37,0.0,26.0,4840,7.0901,4.45
google,3000,10,linear,True,False,0.4,0.3,0.3,0,GWO,random,18,0.3333333333333333,E4,32.21,189.31,41,2.158736,87.4338,4.3473,0.0,0,24.7479,4.0692,86.233,0.0,26.5,4840,6.94,4.47
google,3000,10,linear,True,False,0.4,0.3,0.3,0,GWO,random,19,0.3333333333333333,E4,32.21,189.31,41,2.14525,87.5123,4.9448,0.0,0,24.6479,4.0531,86.866,0.0,26.5,4840,7.0301,4.52
google,3000,10,linear,True,False,0.4,0.3,0.3,0,GWO,random,20,0.3333333333333333,E4,32.21,189.31,41,2.152919,87.4677,4.605,0.0,0,24.6979,4.0554,85.09,0.0,26.5,4840,6.9983,4.47
google,3000,10,linear,True,False,0.4,0.3,0.3,0,GWO,random,21,0.3333333333333333,E4,32.21,189.31,41,2.154915,87.4561,4.5166,0.0,0,24.6979,4.0569,87.138,0.0,26.0,4840,6.9951,4.52
google,3000,10,linear,True,False,0.4,0.3,0.3,0,PSO,random,8,0.3333333333333333,E4,32.21,189.31,41,2.156318,87.4479,4.4544,0.0,0,24.6979,4.0643,84.219,0.0,27.5,4840,6.5419,8.0
google,3000,10,linear,True,False,0.4,0.3,0.3,0,PSO,random,9,0.3333333333333333,E4,32.21,189.31,41,2.153832,87.4624,4.5646,0.0,0,24.7479,4.0908,84.669,0.0,27.5,4840,6.4603,8.19
google,3000,10,linear,True,False,0.4,0.3,0.3,0,PSO,random,10,0.3333333333333333,E4,32.21,189.31,41,2.164947,87.3977,4.0721,0.0,0,24.7479,4.0961,84.529,0.0,26.5,4840,6.5125,8.19
google,3000,10,linear,True,False,0.4,0.3,0.3,0,PSO,random,11,0.3333333333333333,E4,32.21,189.31,41,2.148295,87.4946,4.8099,0.0,0,24.5979,4.0749,86.21,0.0,27.0,4840,6.429,8.21
google,3000,10,linear,True,False,0.4,0.3,0.3,0,PSO,random,12,0.3333333333333333,E4,32.21,189.31,41,2.152933,87.4676,4.6044,0.0,0,24.6979,4.065,84.944,0.0,27.5,4840,6.4053,8.02
google,3000,10,linear,True,False,0.4,0.3,0.3,0,PSO,random,13,0.3333333333333333,E4,32.21,189.31,41,2.148742,87.492,4.7901,0.0,0,24.6979,4.0593,86.145,0.0,26.5,4840,6.4934,8.12
google,3000,10,linear,True,False,0.4,0.3,0.3,0,PSO,random,14,0.3333333333333333,E4,32.21,189.31,41,2.153385,87.465,4.5843,0.0,0,24.6479,4.054,85.5,0.0,26.5,4840,6.4476,7.86
google,3000,10,linear,True,False,0.4,0.3,0.3,0,PSO,random,15,0.3333333333333333,E4,32.21,189.31,41,2.155388,87.4533,4.4956,0.0,0,24.6979,4.0839,85.479,0.0,26.5,4840,6.4425,7.91
google,3000,10,linear,True,False,0.4,0.3,0.3,0,GWO,random,22,0.3333333333333333,E4,32.21,189.31,41,2.147914,87.4968,4.8268,0.0,0,24.6479,4.0695,85.991,0.0,26.5,4840,7.1095,4.64
google,3000,10,linear,True,False,0.4,0.3,0.3,0,GWO,random,23,0.3333333333333333,E4,32.21,189.31,41,2.142246,87.5298,5.0779,0.0,0,24.5979,4.0398,89.168,0.0,25.5,4840,7.1031,4.92
google,3000,10,linear,True,False,0.4,0.3,0.3,0,GWO,random,24,0.3333333333333333,E4,32.21,189.31,41,2.157943,87.4384,4.3824,0.0,0,24.7479,4.0661,85.066,0.0,27.5,4840,6.9556,4.37
google,3000,10,linear,True,False,0.4,0.3,0.3,0,GWO,random,25,0.3333333333333333,E4,32.21,189.31,41,2.156348,87.4477,4.4531,0.0,0,24.6479,4.0709,85.769,0.0,27.5,4840,7.0841,4.41
google,3000,10,linear,True,False,0.4,0.3,0.3,0,GWO,random,26,0.3333333333333333,E4,32.21,189.31,41,2.151557,87.4756,4.6654,0.0,0,24.6479,4.0528,86.871,0.0,26.5,4840,6.9496,4.48
google,3000,10,linear,True,False,0.4,0.3,0.3,0,GWO,random,27,0.3333333333333333,E4,32.21,189.31,41,2.155409,87.4532,4.4947,0.0,0,24.6479,4.0403,85.692,0.0,27.0,4840,7.0204,4.53
google,3000,10,linear,True,False,0.4,0.3,0.3,0,GWO,random,28,0.3333333333333333,E4,32.21,189.31,41,2.155033,87.4554,4.5113,0.0,0,24.6479,4.0668,87.111,0.0,26.5,4840,7.0135,4.39
google,3000,10,linear,True,False,0.4,0.3,0.3,0,GWO,random,29,0.3333333333333333,E4,32.21,189.31,41,2.158171,87.4371,4.3723,0.0,0,24.6979,4.0904,86.286,0.0,26.5,4840,7.0093,4.34
google,3000,10,linear,True,False,0.4,0.3,0.3,0,PSO,random,16,0.3333333333333333,E4,32.21,189.31,41,2.147582,87.4988,4.8415,0.0,0,24.6479,4.0652,85.614,0.0,26.5,4840,6.552,8.25
google,3000,10,linear,True,False,0.4,0.3,0.3,0,PSO,random,17,0.3333333333333333,E4,32.21,189.31,41,2.148729,87.4921,4.7907,0.0,0,24.6979,4.0668,87.118,0.0,26.5,4840,6.4258,8.34
google,3000,10,linear,True,False,0.4,0.3,0.3,0,PSO,random,18,0.3333333333333333,E4,32.21,189.31,41,2.149084,87.49,4.7749,0.0,0,24.6479,4.0642,85.182,0.0,27.0,4840,6.4048,8.09
google,3000,10,linear,True,False,0.4,0.3,0.3,0,PSO,random,19,0.3333333333333333,E4,32.21,189.31,41,2.149519,87.4875,4.7557,0.0,0,24.6979,4.0639,85.757,0.0,27.5,4840,6.4911,8.15
google,3000,10,linear,True,False,0.4,0.3,0.3,0,PSO,random,20,0.3333333333333333,E4,32.21,189.31,41,2.159704,87.4282,4.3044,0.0,0,24.7479,4.0729,84.315,0.0,27.0,4840,6.4615,8.15
google,3000,10,linear,True,False,0.4,0.3,0.3,0,PSO,random,21,0.3333333333333333,E4,32.21,189.31,41,2.155579,87.4522,4.4871,0.0,0,24.6479,4.0621,84.939,0.0,27.0,4840,6.4482,8.27
google,3000,10,linear,True,False,0.4,0.3,0.3,0,PSO,random,22,0.3333333333333333,E4,32.21,189.31,41,2.156697,87.4457,4.4376,0.0,0,24.6979,4.0753,85.609,0.0,26.5,4840,6.6926,8.41
google,3000,10,linear,True,False,0.4,0.3,0.3,0,PSO,random,23,0.3333333333333333,E4,32.21,189.31,41,2.169377,87.3719,3.8758,0.0,0,24.7479,4.0791,83.343,0.0,27.5,4840,6.4671,7.81
google,3000,10,linear,True,False,0.4,0.3,0.3,0,DE,random,2,0.3333333333333333,E4,32.21,189.31,41,2.132449,87.5868,5.512,0.0,0,24.5479,4.0475,88.934,0.0,26.0,4840,6.3366,4.64
google,3000,10,linear,True,False,0.4,0.3,0.3,0,DE,random,3,0.3333333333333333,E4,32.21,189.31,41,2.114843,87.6893,6.2921,0.0,0,24.4979,4.0295,87.995,0.0,27.5,4840,6.1802,5.35
google,3000,10,linear,True,False,0.4,0.3,0.3,0,DE,random,4,0.3333333333333333,E4,32.21,189.31,41,2.122106,87.6471,5.9703,0.0,0,24.3479,3.9898,89.378,0.0,26.5,4840,6.2034,5.72
google,3000,10,linear,True,False,0.4,0.3,0.3,0,DE,random,5,0.3333333333333333,E4,32.21,189.31,41,2.127289,87.6169,5.7406,0.0,0,24.5479,4.0303,87.576,0.0,26.5,4840,6.2718,5.19
google,3000,10,linear,True,False,0.4,0.3,0.3,0,DE,random,6,0.3333333333333333,E4,32.21,189.31,41,2.144333,87.5177,4.9854,0.0,0,24.6479,4.0524,86.891,0.0,26.5,4840,6.2397,4.78
google,3000,10,linear,True,False,0.4,0.3,0.3,0,DE,random,7,0.3333333333333333,E4,32.21,189.31,41,2.126484,87.6216,5.7763,0.0,0,24.5479,4.0308,87.023,0.0,26.5,4840,6.2298,5.21
google,3000,10,linear,True,False,0.4,0.3,0.3,0,DE,random,8,0.3333333333333333,E4,32.21,189.31,41,2.124728,87.6318,5.8541,0.0,0,24.4479,4.0138,87.143,0.0,27.0,4840,6.4075,5.31
google,3000,10,linear,True,False,0.4,0.3,0.3,0,DE,random,9,0.3333333333333333,E4,32.21,189.31,41,2.132141,87.5886,5.5256,0.0,0,24.5979,4.0539,87.274,0.0,26.5,4840,6.2271,4.92
google,3000,10,linear,True,False,0.4,0.3,0.3,0,PSO,random,24,0.3333333333333333,E4,32.21,189.31,41,2.162436,87.4123,4.1833,0.0,0,24.6979,4.0743,83.719,0.0,27.0,4840,6.5808,7.99
google,3000,10,linear,True,False,0.4,0.3,0.3,0,PSO,random,25,0.3333333333333333,E4,32.21,189.31,41,2.151505,87.4759,4.6676,0.0,0,24.6479,4.0654,85.936,0.0,27.0,4840,6.4285,8.15
google,3000,10,linear,True,False,0.4,0.3,0.3,0,PSO,random,26,0.3333333333333333,E4,32.21,189.31,41,2.14167,87.5332,5.1034,0.0,0,24.5979,4.0438,87.247,0.0,26.5,4840,6.455,8.32
google,3000,10,linear,True,False,0.4,0.3,0.3,0,PSO,random,27,0.3333333333333333,E4,32.21,189.31,41,2.157061,87.4436,4.4215,0.0,0,24.7479,4.0584,84.77,0.0,26.5,4840,6.5019,8.11
google,3000,10,linear,True,False,0.4,0.3,0.3,0,PSO,random,28,0.3333333333333333,E4,32.21,189.31,41,2.158519,87.4351,4.3568,0.0,0,24.6979,4.0906,85.375,0.0,27.0,4840,6.4955,8.52
google,3000,10,linear,True,False,0.4,0.3,0.3,0,PSO,random,29,0.3333333333333333,E4,32.21,189.31,41,2.150109,87.484,4.7295,0.0,0,24.6479,4.0541,86.175,0.0,26.5,4840,6.4993,8.27
google,3000,10,linear,True,False,0.4,0.3,0.3,0,PSO,random,30,0.3333333333333333,E4,32.21,189.31,41,2.15784,87.439,4.3869,0.0,0,24.6979,4.0592,84.92,0.0,27.0,4840,6.7085,7.97
google,3000,10,linear,True,False,0.4,0.3,0.3,0,DE,random,1,0.3333333333333333,E4,32.21,189.31,41,2.132625,87.5858,5.5042,0.0,0,24.6479,4.0552,85.955,0.0,26.5,4840,6.2661,5.31
google,3000,10,linear,True,False,0.4,0.3,0.3,0,DE,random,10,0.3333333333333333,E4,32.21,189.31,41,2.13856,87.5513,5.2412,0.0,0,24.5979,4.0398,87.353,0.0,27.0,4840,6.3101,4.92
google,3000,10,linear,True,False,0.4,0.3,0.3,0,DE,random,11,0.3333333333333333,E4,32.21,189.31,41,2.119965,87.6595,6.0652,0.0,0,24.3979,3.9922,88.881,0.0,26.5,4840,6.236,5.21
google,3000,10,linear,True,False,0.4,0.3,0.3,0,DE,random,12,0.3333333333333333,E4,32.21,189.31,41,2.139607,87.5452,5.1948,0.0,0,24.6479,4.0607,87.486,0.0,26.5,4840,6.2613,4.69
google,3000,10,linear,True,False,0.4,0.3,0.3,0,DE,random,13,0.3333333333333333,E4,32.21,189.31,41,2.133479,87.5809,5.4664,0.0,0,24.5479,4.0282,87.62,0.0,26.5,4840,6.4926,4.8
google,3000,10,linear,True,False,0.4,0.3,0.3,0,DE,random,14,0.3333333333333333,E4,32.21,189.31,41,2.128726,87.6085,5.677,0.0,0,24.4979,4.023,88.471,0.0,26.5,4840,6.2548,4.98
google,3000,10,linear,True,False,0.4,0.3,0.3,0,DE,random,15,0.3333333333333333,E4,32.21,189.31,41,2.129555,87.6037,5.6402,0.0,0,24.4479,4.0139,87.992,0.0,27.0,4840,6.25,4.69
google,3000,10,linear,True,False,0.4,0.3,0.3,0,DE,random,16,0.3333333333333333,E4,32.21,189.31,41,2.118222,87.6697,6.1424,0.0,0,24.4479,4.0042,89.477,0.0,26.0,4840,6.2644,5.28
google,3000,10,linear,True,False,0.4,0.3,0.3,0,DE,random,17,0.3333333333333333,E4,32.21,189.31,41,2.125973,87.6245,5.799,0.0,0,24.4479,4.0106,87.773,0.0,26.5,4840,6.3376,5.4
google,3000,10,linear,True,False,0.4,0.3,0.3,0,DE,random,18,0.3333333333333333,E4,32.21,189.31,41,2.13413,87.5771,5.4375,0.0,0,24.5979,4.0609,87.79,0.0,26.0,4840,6.3038,4.87
google,3000,10,linear,True,False,0.4,0.3,0.3,0,DE,random,19,0.3333333333333333,E4,32.21,189.31,41,2.104481,87.7497,6.7513,0.0,0,24.2979,3.9765,91.515,0.0,25.5,4840,6.2542,5.6
google,3000,10,linear,True,False,0.4,0.3,0.3,0,DE,random,20,0.3333333333333333,E4,32.21,189.31,41,2.127905,87.6133,5.7133,0.0,0,24.4979,4.0479,88.533,0.0,26.5,4840,6.2512,5.17
google,3000,10,linear,True,False,0.4,0.3,0.3,0,DE,random,21,0.3333333333333333,E4,32.21,189.31,41,2.130402,87.5988,5.6027,0.0,0,24.4979,4.0108,87.645,0.0,26.5,4840,6.4832,5.1
google,3000,10,linear,True,False,0.4,0.3,0.3,0,DE,random,22,0.3333333333333333,E4,32.21,189.31,41,2.128162,87.6118,5.702,0.0,0,24.5479,4.0329,88.068,0.0,26.5,4840,6.2663,5.08
google,3000,10,linear,True,False,0.4,0.3,0.3,0,DE,random,23,0.3333333333333333,E4,32.21,189.31,41,2.118792,87.6663,6.1171,0.0,0,24.4479,4.0115,88.821,0.0,26.5,4840,6.2391,5.26
google,3000,10,linear,True,False,0.4,0.3,0.3,0,DE,random,24,0.3333333333333333,E4,32.21,189.31,41,2.140474,87.5401,5.1564,0.0,0,24.6479,4.0552,85.201,0.0,27.0,4840,6.2717,4.82
google,3000,10,linear,True,False,0.4,0.3,0.3,0,DE,random,25,0.3333333333333333,E4,32.21,189.31,41,2.135478,87.5692,5.3778,0.0,0,24.6979,4.0626,87.232,0.0,26.0,4840,6.3611,4.82
google,3000,10,linear,True,False,0.4,0.3,0.3,0,DE,random,26,0.3333333333333333,E4,32.21,189.31,41,2.124775,87.6315,5.8521,0.0,0,24.4979,4.0259,89.316,0.0,26.0,4840,6.2706,5.08
google,3000,10,linear,True,False,0.4,0.3,0.3,0,DE,random,27,0.3333333333333333,E4,32.21,189.31,41,2.11212,87.7052,6.4128,0.0,0,24.2979,4.0134,90.926,0.0,26.0,4840,6.2529,5.79
google,3000,10,linear,True,False,0.4,0.3,0.3,0,DE,random,28,0.3333333333333333,E4,32.21,189.31,41,2.118757,87.6665,6.1187,0.0,0,24.4479,4.0124,90.009,0.0,25.5,4840,6.4841,5.38
google,3000,10,linear,True,False,0.4,0.3,0.3,0,DE,random,29,0.3333333333333333,E4,32.21,189.31,41,2.114546,87.6911,6.3053,0.0,0,24.3979,4.0291,90.124,0.0,26.0,4840,6.2614,5.24
google,3000,10,linear,True,False,0.4,0.3,0.3,0,DE,random,30,0.3333333333333333,E4,32.21,189.31,41,2.123043,87.6416,5.9288,0.0,0,24.4979,4.0257,87.408,0.0,26.5,4840,6.2508,4.98
google,3000,10,linear,True,False,0.4,0.3,0.3,0,HHO,random,1,0.3333333333333333,E4,32.21,189.31,41,2.146664,87.5041,4.8822,0.0,0,24.6979,4.0836,83.654,0.0,27.5,8922,9.1631,4.61
google,3000,10,linear,True,False,0.4,0.3,0.3,0,HHO,random,2,0.3333333333333333,E4,32.21,189.31,41,2.137975,87.5547,5.2671,0.0,0,24.6479,4.0809,84.101,0.0,27.5,8888,9.2214,4.92
google,3000,10,linear,True,False,0.4,0.3,0.3,0,HHO,random,3,0.3333333333333333,E4,32.21,189.31,41,2.148385,87.4941,4.8059,0.0,0,24.8479,4.0882,80.288,0.0,28.5,8928,9.6484,4.96
google,3000,10,linear,True,False,0.4,0.3,0.3,0,HHO,random,4,0.3333333333333333,E4,32.21,189.31,41,2.137933,87.5549,5.269,0.0,0,24.6979,4.0678,82.641,0.0,28.0,8840,9.1138,4.93
google,3000,10,linear,True,False,0.4,0.3,0.3,0,HHO,random,5,0.3333333333333333,E4,32.21,189.31,41,2.142986,87.5255,5.0451,0.0,0,24.7479,4.077,84.208,0.0,28.0,8790,9.2172,4.67
google,3000,10,linear,True,False,0.4,0.3,0.3,0,HHO,random,6,0.3333333333333333,E4,32.21,189.31,41,2.149384,87.4883,4.7616,0.0,0,24.6479,4.0453,85.948,0.0,27.5,8974,9.1909,4.48
google,3000,10,linear,True,False,0.4,0.3,0.3,0,HHO,random,7,0.3333333333333333,E4,32.21,189.31,41,2.142825,87.5264,5.0523,0.0,0,24.6479,4.0644,85.197,0.0,27.0,8856,9.0648,5.14
google,3000,10,linear,True,False,0.4,0.3,0.3,0,HHO,random,8,0.3333333333333333,E4,32.21,189.31,41,2.13549,87.5691,5.3773,0.0,0,24.7479,4.0798,83.902,0.0,27.5,8942,9.2293,5.16
google,3000,10,linear,True,False,0.4,0.3,0.3,0,HHO,random,9,0.3333333333333333,E4,32.21,189.31,41,2.145473,87.511,4.9349,0.0,0,24.6479,4.0668,85.525,0.0,27.5,8856,9.5617,5.14
google,3000,10,linear,True,False,0.4,0.3,0.3,0,HHO,random,10,0.3333333333333333,E4,32.21,189.31,41,2.145327,87.5119,4.9414,0.0,0,24.6479,4.0821,84.526,0.0,27.0,8842,9.7637,4.76
google,3000,10,linear,True,False,0.4,0.3,0.3,0,HHO,random,11,0.3333333333333333,E4,32.21,189.31,41,2.148387,87.4941,4.8058,0.0,0,24.7979,4.0989,82.181,0.0,28.0,8922,9.2949,5.14
google,3000,10,linear,True,False,0.4,0.3,0.3,0,WOA,carbon,8,0.3333333333333333,E4,32.21,189.31,41,2.154393,87.4591,4.5397,0.0,0,24.7979,4.0712,82.296,0.0,27.5,4840,6.3077,4.69
google,3000,10,linear,True,False,0.4,0.3,0.3,0,WOA,carbon,9,0.3333333333333333,E4,32.21,189.31,41,2.135829,87.5672,5.3623,0.0,0,24.7479,4.0663,82.962,0.0,28.0,4840,6.3642,4.92
google,3000,10,linear,True,False,0.4,0.3,0.3,0,WOA,carbon,10,0.3333333333333333,E4,32.21,189.31,41,2.091833,87.8233,7.3117,0.0,0,24.7479,4.0947,83.052,0.0,27.0,4840,6.4343,4.71
google,3000,10,linear,True,False,0.4,0.3,0.3,0,WOA,carbon,11,0.3333333333333333,E4,32.21,189.31,41,2.151323,87.477,4.6757,0.0,0,24.6479,4.0564,83.832,0.0,27.5,4840,6.5386,4.55
google,3000,10,linear,True,False,0.4,0.3,0.3,0,WOA,carbon,12,0.3333333333333333,E4,32.21,189.31,41,2.098484,87.7846,7.017,0.0,0,24.8479,4.0539,83.979,0.0,26.5,4840,6.681,4.96
google,3000,10,linear,True,False,0.4,0.3,0.3,0,WOA,carbon,13,0.3333333333333333,E4,32.21,189.31,41,2.154248,87.46,4.5461,0.0,0,24.8479,4.1205,82.009,0.0,28.0,4840,6.8985,4.48
google,3000,10,linear,True,False,0.4,0.3,0.3,0,WOA,carbon,14,0.3333333333333333,E4,32.21,189.31,41,2.156263,87.4482,4.4568,0.0,0,24.7479,4.0685,84.656,0.0,28.0,4840,6.6537,4.71
google,3000,10,linear,True,False,0.4,0.3,0.3,0,WOA,carbon,15,0.3333333333333333,E4,32.21,189.31,41,2.137533,87.5572,5.2867,0.0,0,24.7979,4.0908,82.412,0.0,28.0,4840,6.4401,4.99
google,3000,10,linear,True,False,0.4,0.3,0.3,0,HHO,random,12,0.3333333333333333,E4,32.21,189.31,41,2.155236,87.4542,4.5023,0.0,0,24.5979,4.058,85.675,0.0,27.5,9024,9.425,4.63
google,3000,10,linear,True,False,0.4,0.3,0.3,0,HHO,random,13,0.3333333333333333,E4,32.21,189.31,41,2.138095,87.554,5.2619,0.0,0,24.6979,4.0844,84.303,0.0,27.5,9036,9.2317,5.1
google,3000,10,linear,True,False,0.4,0.3,0.3,0,HHO,random,14,0.3333333333333333,E4,32.21,189.31,41,2.143683,87.5215,5.0142,0.0,0,24.6979,4.0671,84.762,0.0,27.5,8782,8.9745,5.13
google,3000,10,linear,True,False,0.4,0.3,0.3,0,HHO,random,15,0.3333333333333333,E4,32.21,189.31,41,2.145559,87.5105,4.9311,0.0,0,24.6479,4.0723,82.904,0.0,28.0,8838,9.1042,5.03
google,3000,10,linear,True,False,0.4,0.3,0.3,0,HHO,random,16,0.3333333333333333,E4,32.21,189.31,41,2.144116,87.5189,4.995,0.0,0,24.6479,4.0555,82.436,0.0,28.0,8782,9.1716,4.96
google,3000,10,linear,True,False,0.4,0.3,0.3,0,HHO,random,17,0.3333333333333333,E4,32.21,189.31,41,2.15359,87.4638,4.5752,0.0,0,24.7979,4.0975,83.536,0.0,27.5,8838,9.6815,4.54
google,3000,10,linear,True,False,0.4,0.3,0.3,0,HHO,random,18,0.3333333333333333,E4,32.21,189.31,41,2.150758,87.4803,4.7007,0.0,0,24.7979,4.121,82.405,0.0,28.0,8950,9.7238,4.91
google,3000,10,linear,True,False,0.4,0.3,0.3,0,HHO,random,19,0.3333333333333333,E4,32.21,189.31,41,2.145814,87.5091,4.9198,0.0,0,24.7979,4.1126,83.293,0.0,28.0,8912,9.1712,4.99
google,3000,10,linear,True,False,0.4,0.3,0.3,0,GA,random,30,0.3333333333333333,E4,32.21,189.31,41,2.115119,87.6877,6.2799,0.0,0,24.4979,4.01,89.488,0.0,26.5,4840,11.1142,7.29
google,3000,10,linear,True,False,0.4,0.3,0.3,0,WOA,carbon,1,0.3333333333333333,E4,32.21,189.31,41,2.14296,87.5257,5.0463,0.0,0,24.6979,4.1062,84.002,0.0,28.0,4840,6.3255,4.76
google,3000,10,linear,True,False,0.4,0.3,0.3,0,WOA,carbon,2,0.3333333333333333,E4,32.21,189.31,41,2.127512,87.6156,5.7308,0.0,0,24.6979,4.0725,85.44,0.0,26.5,4840,6.4077,4.6
google,3000,10,linear,True,False,0.4,0.3,0.3,0,WOA,carbon,3,0.3333333333333333,E4,32.21,189.31,41,2.150025,87.4845,4.7332,0.0,0,24.8479,4.1126,81.357,0.0,27.5,4840,6.5336,4.94
google,3000,10,linear,True,False,0.4,0.3,0.3,0,WOA,carbon,4,0.3333333333333333,E4,32.21,189.31,41,2.136672,87.5623,5.3249,0.0,0,24.7479,4.085,85.032,0.0,27.0,4840,6.8074,5.08
google,3000,10,linear,True,False,0.4,0.3,0.3,0,WOA,carbon,5,0.3333333333333333,E4,32.21,189.31,41,2.133215,87.5824,5.4781,0.0,0,24.6979,4.0702,83.399,0.0,27.5,4840,6.8532,4.6
google,3000,10,linear,True,False,0.4,0.3,0.3,0,WOA,carbon,6,0.3333333333333333,E4,32.21,189.31,41,2.154288,87.4597,4.5443,0.0,0,24.6979,4.0597,83.799,0.0,27.5,4840,6.3715,4.85
google,3000,10,linear,True,False,0.4,0.3,0.3,0,WOA,carbon,7,0.3333333333333333,E4,32.21,189.31,41,2.149683,87.4865,4.7484,0.0,0,24.6479,4.0723,84.758,0.0,27.0,4840,6.3177,5.08
google,3000,10,linear,True,False,0.4,0.3,0.3,0,HHO,random,20,0.3333333333333333,E4,32.21,189.31,41,2.149475,87.4877,4.7576,0.0,0,24.7479,4.0817,85.535,0.0,27.0,8922,9.3499,4.67
google,3000,10,linear,True,False,0.4,0.3,0.3,0,HHO,random,21,0.3333333333333333,E4,32.21,189.31,41,2.144514,87.5166,4.9774,0.0,0,24.7479,4.0825,81.617,0.0,28.0,8854,9.1141,4.9
google,3000,10,linear,True,False,0.4,0.3,0.3,0,HHO,random,22,0.3333333333333333,E4,32.21,189.31,41,2.140017,87.5428,5.1767,0.0,0,24.7479,4.1042,82.899,0.0,28.0,8944,9.1496,5.04
google,3000,10,linear,True,False,0.4,0.3,0.3,0,HHO,random,23,0.3333333333333333,E4,32.21,189.31,41,2.153115,87.4666,4.5963,0.0,0,24.6979,4.1062,83.721,0.0,27.5,8858,9.1618,4.78
google,3000,10,linear,True,False,0.4,0.3,0.3,0,HHO,random,24,0.3333333333333333,E4,32.21,189.31,41,2.156064,87.4494,4.4656,0.0,0,24.7979,4.0867,81.817,0.0,28.0,9002,9.5903,4.76
google,3000,10,linear,True,False,0.4,0.3,0.3,0,HHO,random,25,0.3333333333333333,E4,32.21,189.31,41,2.156524,87.4467,4.4453,0.0,0,24.8479,4.0956,81.936,0.0,28.0,8876,9.9448,4.6
google,3000,10,linear,True,False,0.4,0.3,0.3,0,HHO,random,26,0.3333333333333333,E4,32.21,189.31,41,2.154168,87.4604,4.5496,0.0,0,24.8979,4.0918,80.709,0.0,28.0,8918,9.3632,4.62
google,3000,10,linear,True,False,0.4,0.3,0.3,0,HHO,random,27,0.3333333333333333,E4,32.21,189.31,41,2.145848,87.5089,4.9183,0.0,0,24.6979,4.0826,84.233,0.0,28.5,8852,9.077,5.14
google,3000,10,linear,True,False,0.4,0.3,0.3,0,WOA,carbon,24,0.3333333333333333,E4,32.21,189.31,41,2.140663,87.539,5.1481,0.0,0,24.7479,4.0877,82.551,0.0,28.0,4840,6.4724,5.08
google,3000,10,linear,True,False,0.4,0.3,0.3,0,WOA,carbon,25,0.3333333333333333,E4,32.21,189.31,41,2.140347,87.5409,5.162,0.0,0,24.7979,4.0888,82.364,0.0,28.0,4840,6.7083,4.66
google,3000,10,linear,True,False,0.4,0.3,0.3,0,WOA,carbon,26,0.3333333333333333,E4,32.21,189.31,41,2.131519,87.5923,5.5532,0.0,0,24.5979,4.0522,84.328,0.0,27.5,4840,6.8409,5.12
google,3000,10,linear,True,False,0.4,0.3,0.3,0,WOA,carbon,27,0.3333333333333333,E4,32.21,189.31,41,2.157159,87.443,4.4171,0.0,0,24.7979,4.1087,82.094,0.0,28.0,4840,6.672,4.85
google,3000,10,linear,True,False,0.4,0.3,0.3,0,WOA,carbon,28,0.3333333333333333,E4,32.21,189.31,41,2.126966,87.6188,5.755,0.0,0,24.7979,4.1302,84.013,0.0,27.0,4840,6.3877,4.94
google,3000,10,linear,True,False,0.4,0.3,0.3,0,WOA,carbon,29,0.3333333333333333,E4,32.21,189.31,41,2.150936,87.4792,4.6929,0.0,0,24.7979,4.1055,84.236,0.0,27.0,4840,6.2416,4.89
google,3000,10,linear,True,False,0.4,0.3,0.3,0,WOA,carbon,30,0.3333333333333333,E4,32.21,189.31,41,2.127994,87.6128,5.7094,0.0,0,24.5979,4.0431,86.127,0.0,27.0,4840,6.3469,4.66
google,3000,20,linear,True,False,0.4,0.3,0.3,0,FIFO,-,0,0.3333333333333333,E4,32.21,189.31,41,17.178947,0.0,-661.1925,0.0,0,191.5479,31.2652,5.333,8.1908,24.5,0,0.0,0.0
google,3000,10,linear,True,False,0.4,0.3,0.3,0,HHO,random,28,0.3333333333333333,E4,32.21,189.31,41,2.145811,87.5091,4.9199,0.0,0,24.6979,4.0927,83.249,0.0,27.5,8900,9.2862,4.79
google,3000,10,linear,True,False,0.4,0.3,0.3,0,HHO,random,29,0.3333333333333333,E4,32.21,189.31,41,2.166232,87.3902,4.0151,0.0,0,24.9479,4.1036,79.273,0.0,28.0,8998,9.1838,4.97
google,3000,10,linear,True,False,0.4,0.3,0.3,0,HHO,random,30,0.3333333333333333,E4,32.21,189.31,41,2.144953,87.5141,4.958,0.0,0,24.7479,4.0911,83.374,0.0,28.5,8996,9.1831,4.78
google,3000,10,linear,True,False,0.4,0.3,0.3,0,GA,random,1,0.3333333333333333,E4,32.21,189.31,41,2.119769,87.6607,6.0739,0.0,0,24.5479,4.0327,87.396,0.0,27.0,4840,11.3418,7.24
google,3000,10,linear,True,False,0.4,0.3,0.3,0,GA,random,2,0.3333333333333333,E4,32.21,189.31,41,2.108788,87.7246,6.5604,0.0,0,24.4979,4.0174,89.11,0.0,26.0,4840,11.8093,6.85
google,3000,10,linear,True,False,0.4,0.3,0.3,0,GA,random,3,0.3333333333333333,E4,32.21,189.31,41,2.11213,87.7051,6.4123,0.0,0,24.4979,4.0172,88.676,0.0,27.0,4840,11.8368,7.31
google,3000,10,linear,True,False,0.4,0.3,0.3,0,GA,random,4,0.3333333333333333,E4,32.21,189.31,41,2.114009,87.6942,6.3291,0.0,0,24.4979,4.0076,89.129,0.0,26.0,4840,11.2498,7.38
google,3000,10,linear,True,False,0.4,0.3,0.3,0,GA,random,5,0.3333333333333333,E4,32.21,189.31,41,2.117261,87.6753,6.185,0.0,0,24.5479,4.0322,87.622,0.0,27.0,4840,11.1954,7.15
google,3000,10,linear,True,False,0.4,0.3,0.3,0,WOA,carbon,16,0.3333333333333333,E4,32.21,189.31,41,2.157307,87.4421,4.4106,0.0,0,24.7979,4.0827,83.788,0.0,27.5,4840,6.4467,4.71
google,3000,10,linear,True,False,0.4,0.3,0.3,0,WOA,carbon,17,0.3333333333333333,E4,32.21,189.31,41,2.14368,87.5215,5.0144,0.0,0,24.8479,4.0806,82.317,0.0,27.5,4840,6.6477,4.69
google,3000,10,linear,True,False,0.4,0.3,0.3,0,WOA,carbon,18,0.3333333333333333,E4,32.21,189.31,41,2.118028,87.6708,6.151,0.0,0,24.7479,4.0936,84.424,0.0,27.0,4840,6.8711,4.6
google,3000,10,linear,True,False,0.4,0.3,0.3,0,WOA,carbon,19,0.3333333333333333,E4,32.21,189.31,41,2.157417,87.4415,4.4057,0.0,0,24.7979,4.1159,82.436,0.0,27.5,4840,6.7055,5.15
google,3000,10,linear,True,False,0.4,0.3,0.3,0,WOA,carbon,20,0.3333333333333333,E4,32.21,189.31,41,2.150224,87.4834,4.7244,0.0,0,24.7479,4.1107,82.052,0.0,27.5,4840,6.389,4.64
google,3000,10,linear,True,False,0.4,0.3,0.3,0,WOA,carbon,21,0.3333333333333333,E4,32.21,189.31,41,2.151635,87.4752,4.6619,0.0,0,24.6979,4.098,81.382,0.0,28.0,4840,6.3046,4.57
google,3000,10,linear,True,False,0.4,0.3,0.3,0,WOA,carbon,22,0.3333333333333333,E4,32.21,189.31,41,2.146132,87.5072,4.9057,0.0,0,24.7979,4.0892,83.699,0.0,27.5,4840,6.3811,4.96
google,3000,10,linear,True,False,0.4,0.3,0.3,0,WOA,carbon,23,0.3333333333333333,E4,32.21,189.31,41,2.136768,87.5617,5.3206,0.0,0,24.6979,4.0723,84.638,0.0,27.5,4840,6.3073,5.17
google,3000,20,linear,True,False,0.4,0.3,0.3,0,Consolidation,-,0,0.3333333333333333,E4,32.21,189.31,41,2.256847,86.8627,0.0,0.0,0,24.9479,4.0702,66.586,8.1908,24.5,0,0.0,0.0
google,3000,20,linear,True,False,0.4,0.3,0.3,0,Greedy(EDF+greenest),-,0,0.3333333333333333,E4,32.21,189.31,41,1.821021,89.3997,19.3113,0.0,0,24.3979,3.9041,74.278,24.0994,26.0,0,0.0003,0.0
google,3000,20,linear,True,False,0.4,0.3,0.3,0,WOA,random,1,0.3333333333333333,E4,32.21,189.31,41,2.109887,87.7182,6.5117,0.0,0,24.7479,4.0763,81.761,0.0,28.0,4840,6.8708,5.08
google,3000,20,linear,True,False,0.4,0.3,0.3,0,WOA,random,2,0.3333333333333333,E4,32.21,189.31,41,2.128698,87.6087,5.6782,0.0,0,24.8979,4.1021,79.875,0.0,28.5,4840,6.6182,4.89
google,3000,20,linear,True,False,0.4,0.3,0.3,0,WOA,random,3,0.3333333333333333,E4,32.21,189.31,41,2.131778,87.5908,5.5418,0.0,0,24.7979,4.0509,81.452,0.0,28.0,4840,6.4329,5.01
google,3000,20,linear,True,False,0.4,0.3,0.3,0,WOA,random,4,0.3333333333333333,E4,32.21,189.31,41,2.117887,87.6716,6.1572,0.0,0,24.7479,4.089,81.25,0.0,28.0,4840,6.2913,5.05
google,3000,20,linear,True,False,0.4,0.3,0.3,0,WOA,random,5,0.3333333333333333,E4,32.21,189.31,41,2.120792,87.6547,6.0285,0.0,0,24.7979,4.0805,81.428,0.0,28.0,4840,6.4401,4.99
google,3000,20,linear,True,False,0.4,0.3,0.3,0,WOA,random,6,0.3333333333333333,E4,32.21,189.31,41,2.135492,87.5691,5.3772,0.0,0,24.9979,4.1345,78.709,0.0,28.0,4840,6.3684,4.5
google,3000,10,linear,True,False,0.4,0.3,0.3,0,GA,random,6,0.3333333333333333,E4,32.21,189.31,41,2.105633,87.7429,6.7002,0.0,0,24.3979,4.0093,90.573,0.0,26.5,4840,11.2384,6.89
google,3000,10,linear,True,False,0.4,0.3,0.3,0,GA,random,7,0.3333333333333333,E4,32.21,189.31,41,2.118613,87.6674,6.1251,0.0,0,24.5979,4.0397,86.723,0.0,26.5,4840,11.0396,7.36
google,3000,10,linear,True,False,0.4,0.3,0.3,0,GA,random,8,0.3333333333333333,E4,32.21,189.31,41,2.115902,87.6832,6.2452,0.0,0,24.4479,4.001,90.01,0.0,27.0,4840,11.1405,7.04
google,3000,10,linear,True,False,0.4,0.3,0.3,0,GA,random,9,0.3333333333333333,E4,32.21,189.31,41,2.117147,87.6759,6.19,0.0,0,24.5479,4.0322,88.04,0.0,27.0,4840,11.3822,7.43
google,3000,10,linear,True,False,0.4,0.3,0.3,0,GA,random,10,0.3333333333333333,E4,32.21,189.31,41,2.112155,87.705,6.4112,0.0,0,24.4479,4.0246,88.867,0.0,27.0,4840,11.9778,7.17
google,3000,10,linear,True,False,0.4,0.3,0.3,0,GA,random,11,0.3333333333333333,E4,32.21,189.31,41,2.107011,87.7349,6.6391,0.0,0,24.4479,4.0228,90.241,0.0,26.0,4840,11.3489,7.38
google,3000,10,linear,True,False,0.4,0.3,0.3,0,GA,random,12,0.3333333333333333,E4,32.21,189.31,41,2.108734,87.7249,6.5628,0.0,0,24.4479,4.0113,90.145,0.0,26.0,4840,11.0855,7.29
google,3000,10,linear,True,False,0.4,0.3,0.3,0,GA,random,13,0.3333333333333333,E4,32.21,189.31,41,2.109096,87.7228,6.5468,0.0,0,24.3979,4.0069,89.915,0.0,26.0,4840,11.1188,7.22
google,3000,10,linear,True,False,0.4,0.3,0.3,0,GA,random,14,0.3333333333333333,E4,32.21,189.31,41,2.118351,87.6689,6.1367,0.0,0,24.5479,4.035,88.071,0.0,27.0,4840,11.3314,7.25
google,3000,10,linear,True,False,0.4,0.3,0.3,0,GA,random,15,0.3333333333333333,E4,32.21,189.31,41,2.114144,87.6934,6.3231,0.0,0,24.5479,4.007,87.458,0.0,27.0,4840,11.1094,6.99
google,3000,10,linear,True,False,0.4,0.3,0.3,0,GA,random,16,0.3333333333333333,E4,32.21,189.31,41,2.120174,87.6583,6.0559,0.0,0,24.5979,4.0381,87.763,0.0,26.5,4840,11.2319,7.23
google,3000,10,linear,True,False,0.4,0.3,0.3,0,GA,random,17,0.3333333333333333,E4,32.21,189.31,41,2.115244,87.687,6.2743,0.0,0,24.5479,4.0072,89.032,0.0,26.5,4840,11.5196,7.48
google,3000,10,linear,True,False,0.4,0.3,0.3,0,GA,random,18,0.3333333333333333,E4,32.21,189.31,41,2.110978,87.7118,6.4634,0.0,0,24.4479,4.0246,90.133,0.0,26.0,4840,12.0972,7.13
google,3000,10,linear,True,False,0.4,0.3,0.3,0,GA,random,19,0.3333333333333333,E4,32.21,189.31,41,2.116387,87.6803,6.2237,0.0,0,24.5479,4.0397,89.116,0.0,26.5,4840,11.3214,7.21
google,3000,10,linear,True,False,0.4,0.3,0.3,0,GA,random,20,0.3333333333333333,E4,32.21,189.31,41,2.114836,87.6894,6.2924,0.0,0,24.5479,4.0491,88.739,0.0,26.0,4840,11.1917,7.39
google,3000,10,linear,True,False,0.4,0.3,0.3,0,GA,random,21,0.3333333333333333,E4,32.21,189.31,41,2.118798,87.6663,6.1169,0.0,0,24.5979,4.0322,87.925,0.0,26.5,4840,11.1994,7.27
google,3000,10,linear,True,False,0.4,0.3,0.3,0,GA,random,22,0.3333333333333333,E4,32.21,189.31,41,2.106071,87.7404,6.6808,0.0,0,24.4979,4.0372,89.033,0.0,26.5,4840,11.0595,7.36
google,3000,10,linear,True,False,0.4,0.3,0.3,0,GA,random,23,0.3333333333333333,E4,32.21,189.31,41,2.122574,87.6443,5.9496,0.0,0,24.5479,4.0419,86.52,0.0,26.5,4840,11.2014,6.99
google,3000,10,linear,True,False,0.4,0.3,0.3,0,GA,random,24,0.3333333333333333,E4,32.21,189.31,41,2.118843,87.666,6.1149,0.0,0,24.4979,4.0037,87.656,0.0,26.5,4840,11.6253,7.11
google,3000,10,linear,True,False,0.4,0.3,0.3,0,GA,random,25,0.3333333333333333,E4,32.21,189.31,41,2.115191,87.6873,6.2767,0.0,0,24.5979,4.0264,88.078,0.0,26.0,4840,11.9588,7.28
google,3000,10,linear,True,False,0.4,0.3,0.3,0,GA,random,26,0.3333333333333333,E4,32.21,189.31,41,2.113469,87.6973,6.353,0.0,0,24.4979,4.0316,88.45,0.0,26.0,4840,11.1846,7.34
google,3000,10,linear,True,False,0.4,0.3,0.3,0,GA,random,27,0.3333333333333333,E4,32.21,189.31,41,2.115149,87.6875,6.2786,0.0,0,24.5479,4.0189,88.591,0.0,27.0,4840,11.1312,7.07
google,3000,10,linear,True,False,0.4,0.3,0.3,0,GA,random,28,0.3333333333333333,E4,32.21,189.31,41,2.109181,87.7223,6.543,0.0,0,24.4979,4.0321,90.063,0.0,27.0,4840,11.1224,7.25
google,3000,10,linear,True,False,0.4,0.3,0.3,0,GA,random,29,0.3333333333333333,E4,32.21,189.31,41,2.110107,87.7169,6.502,0.0,0,24.4979,4.0226,89.084,0.0,26.0,4840,11.2065,7.0
google,3000,20,linear,True,False,0.4,0.3,0.3,0,WOA,random,7,0.3333333333333333,E4,32.21,189.31,41,2.114412,87.6918,6.3112,0.0,0,24.6979,4.0545,82.023,0.0,28.0,4840,6.3338,5.03
google,3000,20,linear,True,False,0.4,0.3,0.3,0,WOA,random,8,0.3333333333333333,E4,32.21,189.31,41,2.128574,87.6094,5.6837,0.0,0,24.7979,4.1044,80.598,0.0,28.0,4840,6.3308,4.89
google,3000,20,linear,True,False,0.4,0.3,0.3,0,WOA,random,9,0.3333333333333333,E4,32.21,189.31,41,2.128729,87.6085,5.6768,0.0,0,24.8979,4.1108,78.208,0.0,28.5,4840,6.4002,4.57
google,3000,20,linear,True,False,0.4,0.3,0.3,0,WOA,random,10,0.3333333333333333,E4,32.21,189.31,41,2.123558,87.6386,5.906,0.0,0,24.7979,4.0839,81.77,0.0,28.0,4840,6.4137,5.0
google,3000,20,linear,True,False,0.4,0.3,0.3,0,WOA,random,11,0.3333333333333333,E4,32.21,189.31,41,2.108394,87.7269,6.5779,0.0,0,24.7479,4.0639,81.647,0.0,28.0,4840,6.4387,4.73
google,3000,20,linear,True,False,0.4,0.3,0.3,0,WOA,random,12,0.3333333333333333,E4,32.21,189.31,41,2.121137,87.6527,6.0132,0.0,0,24.7479,4.0759,81.413,0.0,28.5,4840,6.403,4.66
google,3000,20,linear,True,False,0.4,0.3,0.3,0,WOA,random,13,0.3333333333333333,E4,32.21,189.31,41,2.132912,87.5842,5.4915,0.0,0,24.8979,4.1167,80.357,0.0,28.0,4840,6.4168,4.73
google,3000,20,linear,True,False,0.4,0.3,0.3,0,WOA,random,14,0.3333333333333333,E4,32.21,189.31,41,2.103951,87.7527,6.7747,0.0,0,24.6979,4.0611,83.992,0.0,27.5,4840,6.4097,4.66
google,3000,20,linear,True,False,0.4,0.3,0.3,0,WOA,random,15,0.3333333333333333,E4,32.21,189.31,41,2.134589,87.5744,5.4172,0.0,0,24.8479,4.1079,78.939,0.0,28.0,4840,6.3765,4.78
google,3000,20,linear,True,False,0.4,0.3,0.3,0,WOA,random,16,0.3333333333333333,E4,32.21,189.31,41,2.121266,87.6519,6.0075,0.0,0,24.7979,4.0917,80.104,0.0,28.0,4840,6.4336,4.53
google,3000,20,linear,True,False,0.4,0.3,0.3,0,WOA,random,17,0.3333333333333333,E4,32.21,189.31,41,2.12124,87.6521,6.0087,0.0,0,24.7479,4.1039,80.038,0.0,28.0,4840,6.3821,5.15
google,3000,20,linear,True,False,0.4,0.3,0.3,0,WOA,random,18,0.3333333333333333,E4,32.21,189.31,41,2.122688,87.6437,5.9445,0.0,0,24.7979,4.1113,81.308,0.0,28.0,4840,6.3956,5.12
google,3000,20,linear,True,False,0.4,0.3,0.3,0,WOA,random,19,0.3333333333333333,E4,32.21,189.31,41,2.11239,87.7036,6.4008,0.0,0,24.7479,4.0805,80.781,0.0,28.0,4840,6.4281,5.35
google,3000,20,linear,True,False,0.4,0.3,0.3,0,WOA,random,20,0.3333333333333333,E4,32.21,189.31,41,2.115811,87.6837,6.2492,0.0,0,24.7479,4.0746,80.783,0.0,28.5,4840,6.4374,4.82
google,3000,20,linear,True,False,0.4,0.3,0.3,0,WOA,random,21,0.3333333333333333,E4,32.21,189.31,41,2.126593,87.6209,5.7715,0.0,0,24.8979,4.104,80.287,0.0,28.0,4840,6.4676,4.76
google,3000,20,linear,True,False,0.4,0.3,0.3,0,WOA,random,22,0.3333333333333333,E4,32.21,189.31,41,2.111517,87.7087,6.4395,0.0,0,24.7479,4.0991,82.084,0.0,28.0,4840,6.4708,5.17
google,3000,20,linear,True,False,0.4,0.3,0.3,0,WOA,random,23,0.3333333333333333,E4,32.21,189.31,41,2.129023,87.6068,5.6638,0.0,0,24.8979,4.1101,80.461,0.0,28.0,4840,6.3558,4.5
google,3000,20,linear,True,False,0.4,0.3,0.3,0,WOA,random,24,0.3333333333333333,E4,32.21,189.31,41,2.129319,87.6051,5.6507,0.0,0,24.8979,4.113,79.336,0.0,28.5,4840,6.4024,5.24
google,3000,20,linear,True,False,0.4,0.3,0.3,0,WOA,random,25,0.3333333333333333,E4,32.21,189.31,41,2.12137,87.6513,6.0029,0.0,0,24.7979,4.0934,81.263,0.0,28.0,4840,6.38,4.76
google,3000,20,linear,True,False,0.4,0.3,0.3,0,WOA,random,26,0.3333333333333333,E4,32.21,189.31,41,2.125665,87.6263,5.8126,0.0,0,24.8979,4.1113,79.404,0.0,28.0,4840,6.4133,4.69
google,3000,20,linear,True,False,0.4,0.3,0.3,0,WOA,random,27,0.3333333333333333,E4,32.21,189.31,41,2.116948,87.6771,6.1989,0.0,0,24.7979,4.0887,80.235,0.0,28.0,4840,6.4021,4.99
google,3000,20,linear,True,False,0.4,0.3,0.3,0,WOA,random,28,0.3333333333333333,E4,32.21,189.31,41,2.12642,87.6219,5.7792,0.0,0,24.8979,4.0968,79.973,0.0,28.5,4840,6.3993,5.33
google,3000,20,linear,True,False,0.4,0.3,0.3,0,WOA,random,29,0.3333333333333333,E4,32.21,189.31,41,2.115873,87.6833,6.2465,0.0,0,24.7479,4.1044,80.268,0.0,28.0,4840,6.3969,4.89
google,3000,20,linear,True,False,0.4,0.3,0.3,0,WOA,random,30,0.3333333333333333,E4,32.21,189.31,41,2.117089,87.6763,6.1926,0.0,0,24.8479,4.088,79.181,0.0,28.5,4840,6.4162,4.82
google,3000,20,linear,True,False,0.4,0.3,0.3,0,GWO,random,1,0.3333333333333333,E4,32.21,189.31,41,2.152719,87.4689,4.6138,0.0,0,24.6479,4.0713,87.105,0.0,26.0,4840,7.0004,4.39
google,3000,20,linear,True,False,0.4,0.3,0.3,0,GWO,random,2,0.3333333333333333,E4,32.21,189.31,41,2.15751,87.441,4.4016,0.0,0,24.6979,4.0798,86.197,0.0,26.5,4840,7.0195,4.39
google,3000,20,linear,True,False,0.4,0.3,0.3,0,GWO,random,3,0.3333333333333333,E4,32.21,189.31,41,2.162094,87.4143,4.1984,0.0,0,24.6979,4.0588,84.36,0.0,27.5,4840,7.0065,4.53
google,3000,20,linear,True,False,0.4,0.3,0.3,0,GWO,random,4,0.3333333333333333,E4,32.21,189.31,41,2.156015,87.4497,4.4678,0.0,0,24.6479,4.0531,86.947,0.0,26.0,4840,7.052,4.62
google,3000,20,linear,True,False,0.4,0.3,0.3,0,GWO,random,5,0.3333333333333333,E4,32.21,189.31,41,2.156461,87.4471,4.4481,0.0,0,24.6479,4.0518,85.932,0.0,27.0,4840,7.0384,4.46
google,3000,20,linear,True,False,0.4,0.3,0.3,0,GWO,random,6,0.3333333333333333,E4,32.21,189.31,41,2.162827,87.41,4.166,0.0,0,24.7479,4.0681,85.31,0.0,27.5,4840,7.0481,4.23
google,3000,20,linear,True,False,0.4,0.3,0.3,0,GWO,random,7,0.3333333333333333,E4,32.21,189.31,41,2.159471,87.4296,4.3147,0.0,0,24.6979,4.0894,86.661,0.0,26.5,4840,7.0556,4.55
google,3000,20,linear,True,False,0.4,0.3,0.3,0,GWO,random,8,0.3333333333333333,E4,32.21,189.31,41,2.148601,87.4928,4.7963,0.0,0,24.5979,4.0483,87.488,0.0,26.0,4840,7.0612,4.73
google,3000,20,linear,True,False,0.4,0.3,0.3,0,GWO,random,9,0.3333333333333333,E4,32.21,189.31,41,2.133752,87.5793,5.4543,0.0,0,24.4979,4.0337,89.734,0.0,26.0,4840,7.0365,5.03
google,3000,20,linear,True,False,0.4,0.3,0.3,0,GWO,random,10,0.3333333333333333,E4,32.21,189.31,41,2.15787,87.4389,4.3856,0.0,0,24.6979,4.073,85.976,0.0,26.5,4840,7.0166,4.54
google,3000,20,linear,True,False,0.4,0.3,0.3,0,GWO,random,11,0.3333333333333333,E4,32.21,189.31,41,2.151212,87.4776,4.6806,0.0,0,24.6479,4.0511,87.148,0.0,26.5,4840,7.0697,4.7
google,3000,20,linear,True,False,0.4,0.3,0.3,0,GWO,random,12,0.3333333333333333,E4,32.21,189.31,41,2.148899,87.4911,4.7831,0.0,0,24.6979,4.0764,88.789,0.0,25.5,4840,7.0835,4.73
google,3000,20,linear,True,False,0.4,0.3,0.3,0,GWO,random,13,0.3333333333333333,E4,32.21,189.31,41,2.166526,87.3885,4.0021,0.0,0,24.7479,4.0921,82.858,0.0,27.5,4840,7.0831,4.36
google,3000,20,linear,True,False,0.4,0.3,0.3,0,GWO,random,14,0.3333333333333333,E4,32.21,189.31,41,2.135392,87.5697,5.3816,0.0,0,24.4479,4.0125,87.96,0.0,26.5,4840,7.0858,4.96
google,3000,20,linear,True,False,0.4,0.3,0.3,0,GWO,random,15,0.3333333333333333,E4,32.21,189.31,41,2.160252,87.425,4.2801,0.0,0,24.7479,4.0801,84.654,0.0,27.0,4840,7.0679,4.34
google,3000,20,linear,True,False,0.4,0.3,0.3,0,GWO,random,16,0.3333333333333333,E4,32.21,189.31,41,2.164321,87.4013,4.0998,0.0,0,24.6979,4.0665,86.423,0.0,26.5,4840,7.1137,4.41
google,3000,20,linear,True,False,0.4,0.3,0.3,0,GWO,random,17,0.3333333333333333,E4,32.21,189.31,41,2.154454,87.4588,4.537,0.0,0,24.6979,4.0832,86.012,0.0,26.5,4840,7.0203,4.48
google,3000,20,linear,True,False,0.4,0.3,0.3,0,GWO,random,18,0.3333333333333333,E4,32.21,189.31,41,2.158736,87.4338,4.3473,0.0,0,24.7479,4.0692,86.233,0.0,26.5,4840,7.063,4.46
google,3000,20,linear,True,False,0.4,0.3,0.3,0,GWO,random,19,0.3333333333333333,E4,32.21,189.31,41,2.14525,87.5123,4.9448,0.0,0,24.6479,4.0531,86.866,0.0,26.5,4840,7.0794,4.5
google,3000,20,linear,True,False,0.4,0.3,0.3,0,GWO,random,20,0.3333333333333333,E4,32.21,189.31,41,2.152919,87.4677,4.605,0.0,0,24.6979,4.0554,85.09,0.0,26.5,4840,7.0565,4.46
google,3000,20,linear,True,False,0.4,0.3,0.3,0,GWO,random,21,0.3333333333333333,E4,32.21,189.31,41,2.154915,87.4561,4.5166,0.0,0,24.6979,4.0569,87.138,0.0,26.0,4840,7.0712,4.5
google,3000,20,linear,True,False,0.4,0.3,0.3,0,GWO,random,22,0.3333333333333333,E4,32.21,189.31,41,2.147914,87.4968,4.8268,0.0,0,24.6479,4.0695,85.991,0.0,26.5,4840,7.0856,4.64
google,3000,20,linear,True,False,0.4,0.3,0.3,0,GWO,random,23,0.3333333333333333,E4,32.21,189.31,41,2.142246,87.5298,5.0779,0.0,0,24.5979,4.0398,89.168,0.0,25.5,4840,7.0919,4.92
google,3000,20,linear,True,False,0.4,0.3,0.3,0,GWO,random,24,0.3333333333333333,E4,32.21,189.31,41,2.157943,87.4384,4.3824,0.0,0,24.7479,4.0661,85.066,0.0,27.5,4840,7.2399,4.37
google,3000,20,linear,True,False,0.4,0.3,0.3,0,PSO,random,3,0.3333333333333333,E4,32.21,189.31,41,2.151723,87.4746,4.658,0.0,0,24.6479,4.0634,86.069,0.0,26.5,4840,6.5333,7.88
google,3000,20,linear,True,False,0.4,0.3,0.3,0,PSO,random,4,0.3333333333333333,E4,32.21,189.31,41,2.14439,87.5173,4.9829,0.0,0,24.6979,4.0575,85.84,0.0,27.0,4840,6.55,8.11
google,3000,20,linear,True,False,0.4,0.3,0.3,0,PSO,random,5,0.3333333333333333,E4,32.21,189.31,41,2.151809,87.4741,4.6542,0.0,0,24.7979,4.0927,83.468,0.0,27.5,4840,6.5612,8.22
google,3000,20,linear,True,False,0.4,0.3,0.3,0,PSO,random,6,0.3333333333333333,E4,32.21,189.31,41,2.160669,87.4226,4.2616,0.0,0,24.7479,4.0723,84.437,0.0,27.0,4840,6.5361,8.02
google,3000,20,linear,True,False,0.4,0.3,0.3,0,PSO,random,7,0.3333333333333333,E4,32.21,189.31,41,2.160834,87.4216,4.2543,0.0,0,24.6979,4.0912,84.582,0.0,27.0,4840,6.5399,8.32
google,3000,20,linear,True,False,0.4,0.3,0.3,0,PSO,random,8,0.3333333333333333,E4,32.21,189.31,41,2.156318,87.4479,4.4544,0.0,0,24.6979,4.0643,84.219,0.0,27.5,4840,6.5741,8.04
google,3000,20,linear,True,False,0.4,0.3,0.3,0,PSO,random,9,0.3333333333333333,E4,32.21,189.31,41,2.153832,87.4624,4.5646,0.0,0,24.7479,4.0908,84.669,0.0,27.5,4840,6.5923,8.22
google,3000,20,linear,True,False,0.4,0.3,0.3,0,PSO,random,10,0.3333333333333333,E4,32.21,189.31,41,2.159856,87.4273,4.2976,0.0,0,24.6979,4.0811,84.374,0.0,27.5,4840,6.8015,7.92
google,3000,20,linear,True,False,0.4,0.3,0.3,0,PSO,random,11,0.3333333333333333,E4,32.21,189.31,41,2.148295,87.4946,4.8099,0.0,0,24.5979,4.0749,86.21,0.0,27.0,4840,6.5093,8.25
google,3000,20,linear,True,False,0.4,0.3,0.3,0,PSO,random,12,0.3333333333333333,E4,32.21,189.31,41,2.152933,87.4676,4.6044,0.0,0,24.6979,4.065,84.944,0.0,27.5,4840,6.5124,8.06
google,3000,20,linear,True,False,0.4,0.3,0.3,0,PSO,random,13,0.3333333333333333,E4,32.21,189.31,41,2.150887,87.4795,4.695,0.0,0,24.6979,4.0644,85.324,0.0,26.5,4840,6.5198,8.25
google,3000,20,linear,True,False,0.4,0.3,0.3,0,PSO,random,14,0.3333333333333333,E4,32.21,189.31,41,2.153385,87.465,4.5843,0.0,0,24.6479,4.054,85.5,0.0,26.5,4840,6.5214,7.9
google,3000,20,linear,True,False,0.4,0.3,0.3,0,PSO,random,15,0.3333333333333333,E4,32.21,189.31,41,2.155388,87.4533,4.4956,0.0,0,24.6979,4.0839,85.479,0.0,26.5,4840,6.5371,7.95
google,3000,20,linear,True,False,0.4,0.3,0.3,0,PSO,random,16,0.3333333333333333,E4,32.21,189.31,41,2.147582,87.4988,4.8415,0.0,0,24.6479,4.0652,85.614,0.0,26.5,4840,6.5312,8.25
google,3000,20,linear,True,False,0.4,0.3,0.3,0,PSO,random,17,0.3333333333333333,E4,32.21,189.31,41,2.148729,87.4921,4.7907,0.0,0,24.6979,4.0668,87.118,0.0,26.5,4840,6.5954,8.34
google,3000,20,linear,True,False,0.4,0.3,0.3,0,PSO,random,18,0.3333333333333333,E4,32.21,189.31,41,2.151898,87.4736,4.6502,0.0,0,24.6479,4.0891,86.193,0.0,27.0,4840,6.9388,8.2
google,3000,20,linear,True,False,0.4,0.3,0.3,0,GWO,random,25,0.3333333333333333,E4,32.21,189.31,41,2.156348,87.4477,4.4531,0.0,0,24.6479,4.0709,85.769,0.0,27.5,4840,7.0225,4.43
google,3000,20,linear,True,False,0.4,0.3,0.3,0,GWO,random,26,0.3333333333333333,E4,32.21,189.31,41,2.151557,87.4756,4.6654,0.0,0,24.6479,4.0528,86.871,0.0,26.5,4840,7.0482,4.5
google,3000,20,linear,True,False,0.4,0.3,0.3,0,GWO,random,27,0.3333333333333333,E4,32.21,189.31,41,2.139214,87.5475,5.2123,0.0,0,24.5479,4.0419,86.451,0.0,27.0,4840,7.0591,4.73
google,3000,20,linear,True,False,0.4,0.3,0.3,0,GWO,random,28,0.3333333333333333,E4,32.21,189.31,41,2.155033,87.4554,4.5113,0.0,0,24.6479,4.0668,87.111,0.0,26.5,4840,7.0763,4.41
google,3000,20,linear,True,False,0.4,0.3,0.3,0,GWO,random,29,0.3333333333333333,E4,32.21,189.31,41,2.158171,87.4371,4.3723,0.0,0,24.6979,4.0904,86.286,0.0,26.5,4840,7.0807,4.36
google,3000,20,linear,True,False,0.4,0.3,0.3,0,GWO,random,30,0.3333333333333333,E4,32.21,189.31,41,2.159272,87.4307,4.3235,0.0,0,24.6979,4.0582,84.704,0.0,27.5,4840,7.0712,4.41
google,3000,20,linear,True,False,0.4,0.3,0.3,0,PSO,random,1,0.3333333333333333,E4,32.21,189.31,41,2.149898,87.4853,4.7389,0.0,0,24.6979,4.0686,85.732,0.0,26.5,4840,6.6215,8.49
google,3000,20,linear,True,False,0.4,0.3,0.3,0,PSO,random,2,0.3333333333333333,E4,32.21,189.31,41,2.146425,87.5055,4.8928,0.0,0,24.6479,4.0747,85.876,0.0,27.0,4840,6.9878,8.07
google,3000,20,linear,True,False,0.4,0.3,0.3,0,PSO,random,19,0.3333333333333333,E4,32.21,189.31,41,2.149519,87.4875,4.7557,0.0,0,24.6979,4.0639,85.757,0.0,27.5,4840,6.527,8.12
google,3000,20,linear,True,False,0.4,0.3,0.3,0,PSO,random,20,0.3333333333333333,E4,32.21,189.31,41,2.155469,87.4528,4.492,0.0,0,24.6479,4.0459,85.419,0.0,27.0,4840,6.5098,8.14
google,3000,20,linear,True,False,0.4,0.3,0.3,0,PSO,random,21,0.3333333333333333,E4,32.21,189.31,41,2.155579,87.4522,4.4871,0.0,0,24.6479,4.0621,84.939,0.0,27.0,4840,6.4995,8.23
google,3000,20,linear,True,False,0.4,0.3,0.3,0,PSO,random,22,0.3333333333333333,E4,32.21,189.31,41,2.156697,87.4457,4.4376,0.0,0,24.6979,4.0753,85.609,0.0,26.5,4840,6.5024,8.37
google,3000,20,linear,True,False,0.4,0.3,0.3,0,PSO,random,23,0.3333333333333333,E4,32.21,189.31,41,2.169377,87.3719,3.8758,0.0,0,24.7479,4.0791,83.343,0.0,27.5,4840,6.4974,7.77
google,3000,20,linear,True,False,0.4,0.3,0.3,0,PSO,random,24,0.3333333333333333,E4,32.21,189.31,41,2.162436,87.4123,4.1833,0.0,0,24.6979,4.0743,83.719,0.0,27.0,4840,6.539,7.96
google,3000,20,linear,True,False,0.4,0.3,0.3,0,PSO,random,25,0.3333333333333333,E4,32.21,189.31,41,2.151505,87.4759,4.6676,0.0,0,24.6479,4.0654,85.936,0.0,27.0,4840,6.6286,8.12
google,3000,20,linear,True,False,0.4,0.3,0.3,0,PSO,random,26,0.3333333333333333,E4,32.21,189.31,41,2.147474,87.4994,4.8463,0.0,0,24.6979,4.073,86.065,0.0,26.5,4840,6.9713,8.21
google,3000,20,linear,True,False,0.4,0.3,0.3,0,PSO,random,27,0.3333333333333333,E4,32.21,189.31,41,2.157061,87.4436,4.4215,0.0,0,24.7479,4.0584,84.77,0.0,26.5,4840,6.5624,8.11
google,3000,20,linear,True,False,0.4,0.3,0.3,0,PSO,random,28,0.3333333333333333,E4,32.21,189.31,41,2.155477,87.4528,4.4917,0.0,0,24.7979,4.112,85.43,0.0,27.0,4840,6.5411,8.73
google,3000,20,linear,True,False,0.4,0.3,0.3,0,PSO,random,29,0.3333333333333333,E4,32.21,189.31,41,2.156172,87.4488,4.4608,0.0,0,24.5979,4.0395,86.249,0.0,26.5,4840,6.5314,8.04
google,3000,20,linear,True,False,0.4,0.3,0.3,0,PSO,random,30,0.3333333333333333,E4,32.21,189.31,41,2.15784,87.439,4.3869,0.0,0,24.6979,4.0592,84.92,0.0,27.0,4840,6.5281,7.97
google,3000,20,linear,True,False,0.4,0.3,0.3,0,DE,random,1,0.3333333333333333,E4,32.21,189.31,41,2.127764,87.6141,5.7196,0.0,0,24.4479,4.0166,90.478,0.0,26.0,4840,6.3184,5.1
google,3000,20,linear,True,False,0.4,0.3,0.3,0,DE,random,2,0.3333333333333333,E4,32.21,189.31,41,2.132449,87.5868,5.512,0.0,0,24.5479,4.0475,88.934,0.0,26.0,4840,6.3879,4.64
google,3000,20,linear,True,False,0.4,0.3,0.3,0,DE,random,3,0.3333333333333333,E4,32.21,189.31,41,2.119343,87.6631,6.0927,0.0,0,24.4479,4.0297,87.808,0.0,27.0,4840,6.4966,5.28
google,3000,20,linear,True,False,0.4,0.3,0.3,0,DE,random,4,0.3333333333333333,E4,32.21,189.31,41,2.124256,87.6345,5.875,0.0,0,24.3979,3.9984,88.656,0.0,26.5,4840,6.714,5.14
google,3000,20,linear,True,False,0.4,0.3,0.3,0,DE,random,5,0.3333333333333333,E4,32.21,189.31,41,2.1315,87.5924,5.554,0.0,0,24.5979,4.05,86.295,0.0,27.0,4840,6.3059,4.96
google,3000,20,linear,True,False,0.4,0.3,0.3,0,DE,random,6,0.3333333333333333,E4,32.21,189.31,41,2.129081,87.6064,5.6612,0.0,0,24.5979,4.0301,87.316,0.0,26.5,4840,6.296,5.1
google,3000,20,linear,True,False,0.4,0.3,0.3,0,DE,random,7,0.3333333333333333,E4,32.21,189.31,41,2.133206,87.5824,5.4785,0.0,0,24.5979,4.0735,86.797,0.0,26.5,4840,6.2952,4.92
google,3000,20,linear,True,False,0.4,0.3,0.3,0,DE,random,8,0.3333333333333333,E4,32.21,189.31,41,2.124905,87.6308,5.8463,0.0,0,24.4979,4.0144,87.238,0.0,27.0,4840,6.3241,4.8
google,3000,20,linear,True,False,0.4,0.3,0.3,0,DE,random,9,0.3333333333333333,E4,32.21,189.31,41,2.128118,87.6121,5.7039,0.0,0,24.4979,4.0487,89.19,0.0,26.5,4840,6.4413,4.8
google,3000,20,linear,True,False,0.4,0.3,0.3,0,DE,random,10,0.3333333333333333,E4,32.21,189.31,41,2.135602,87.5685,5.3723,0.0,0,24.5479,4.0477,86.967,0.0,27.0,4840,6.7457,5.35
google,3000,20,linear,True,False,0.4,0.3,0.3,0,DE,random,11,0.3333333333333333,E4,32.21,189.31,41,2.117242,87.6754,6.1858,0.0,0,24.3979,3.9922,88.928,0.0,27.0,4840,6.3976,5.53
google,3000,20,linear,True,False,0.4,0.3,0.3,0,DE,random,12,0.3333333333333333,E4,32.21,189.31,41,2.139607,87.5452,5.1948,0.0,0,24.6479,4.0607,87.486,0.0,26.5,4840,6.367,4.69
google,3000,20,linear,True,False,0.4,0.3,0.3,0,DE,random,13,0.3333333333333333,E4,32.21,189.31,41,2.133479,87.5809,5.4664,0.0,0,24.5479,4.0282,87.62,0.0,26.5,4840,6.3314,4.82
google,3000,20,linear,True,False,0.4,0.3,0.3,0,DE,random,14,0.3333333333333333,E4,32.21,189.31,41,2.128726,87.6085,5.677,0.0,0,24.4979,4.023,88.471,0.0,26.5,4840,6.3624,5.0
google,3000,20,linear,True,False,0.4,0.3,0.3,0,DE,random,15,0.3333333333333333,E4,32.21,189.31,41,2.115918,87.6831,6.2445,0.0,0,24.2979,3.9856,90.865,0.0,26.5,4840,6.5122,5.18
google,3000,20,linear,True,False,0.4,0.3,0.3,0,DE,random,16,0.3333333333333333,E4,32.21,189.31,41,2.118222,87.6697,6.1424,0.0,0,24.4479,4.0042,89.477,0.0,26.0,4840,6.6326,5.3
google,3000,20,linear,True,False,0.4,0.3,0.3,0,DE,random,17,0.3333333333333333,E4,32.21,189.31,41,2.139398,87.5464,5.2041,0.0,0,24.5979,4.0436,86.702,0.0,26.5,4840,6.4037,4.79
google,3000,20,linear,True,False,0.4,0.3,0.3,0,DE,random,18,0.3333333333333333,E4,32.21,189.31,41,2.119985,87.6594,6.0643,0.0,0,24.3479,4.001,90.361,0.0,26.0,4840,6.3756,5.28
google,3000,20,linear,True,False,0.4,0.3,0.3,0,DE,random,19,0.3333333333333333,E4,32.21,189.31,41,2.104481,87.7497,6.7513,0.0,0,24.2979,3.9765,91.515,0.0,25.5,4840,6.3507,5.62
google,3000,20,linear,True,False,0.4,0.3,0.3,0,DE,random,20,0.3333333333333333,E4,32.21,189.31,41,2.127905,87.6133,5.7133,0.0,0,24.4979,4.0479,88.533,0.0,26.5,4840,6.213,5.18
google,3000,20,linear,True,False,0.4,0.3,0.3,0,DE,random,21,0.3333333333333333,E4,32.21,189.31,41,2.130402,87.5988,5.6027,0.0,0,24.4979,4.0108,87.645,0.0,26.5,4840,6.3474,5.1
google,3000,20,linear,True,False,0.4,0.3,0.3,0,DE,random,22,0.3333333333333333,E4,32.21,189.31,41,2.137027,87.5602,5.3092,0.0,0,24.5479,4.034,87.053,0.0,26.5,4840,6.3984,4.69
google,3000,20,linear,True,False,0.4,0.3,0.3,0,DE,random,23,0.3333333333333333,E4,32.21,189.31,41,2.106112,87.7402,6.679,0.0,0,24.2979,3.9943,89.72,0.0,26.5,4840,6.6424,5.58
google,3000,20,linear,True,False,0.4,0.3,0.3,0,DE,random,24,0.3333333333333333,E4,32.21,189.31,41,2.140474,87.5401,5.1564,0.0,0,24.6479,4.0552,85.201,0.0,27.0,4840,6.5646,4.82
google,3000,20,linear,True,False,0.4,0.3,0.3,0,DE,random,25,0.3333333333333333,E4,32.21,189.31,41,2.13091,87.5958,5.5802,0.0,0,24.5479,4.0157,87.31,0.0,27.0,4840,6.4062,4.8
google,3000,20,linear,True,False,0.4,0.3,0.3,0,DE,random,26,0.3333333333333333,E4,32.21,189.31,41,2.124775,87.6315,5.8521,0.0,0,24.4979,4.0259,89.316,0.0,26.0,4840,6.3958,5.09
google,3000,20,linear,True,False,0.4,0.3,0.3,0,DE,random,27,0.3333333333333333,E4,32.21,189.31,41,2.131775,87.5908,5.5419,0.0,0,24.4979,4.0544,88.36,0.0,26.5,4840,6.3354,4.85
google,3000,20,linear,True,False,0.4,0.3,0.3,0,DE,random,28,0.3333333333333333,E4,32.21,189.31,41,2.107638,87.7313,6.6114,0.0,0,24.3979,3.9947,90.695,0.0,25.5,4840,6.235,5.29
google,3000,20,linear,True,False,0.4,0.3,0.3,0,DE,random,29,0.3333333333333333,E4,32.21,189.31,41,2.107316,87.7331,6.6256,0.0,0,24.2479,3.9883,91.274,0.0,26.0,4840,6.3791,5.47
google,3000,20,linear,True,False,0.4,0.3,0.3,0,DE,random,30,0.3333333333333333,E4,32.21,189.31,41,2.134387,87.5756,5.4261,0.0,0,24.5479,4.0346,88.559,0.0,26.0,4840,6.4336,4.89
google,3000,20,linear,True,False,0.4,0.3,0.3,0,HHO,random,1,0.3333333333333333,E4,32.21,189.31,41,2.101453,87.7673,6.8854,0.0,0,24.6979,4.0615,82.248,0.0,28.0,8922,9.7162,5.15
google,3000,20,linear,True,False,0.4,0.3,0.3,0,HHO,random,2,0.3333333333333333,E4,32.21,189.31,41,2.109011,87.7233,6.5505,0.0,0,24.7979,4.0755,80.727,0.0,28.0,8888,9.3086,5.29
google,3000,20,linear,True,False,0.4,0.3,0.3,0,HHO,random,3,0.3333333333333333,E4,32.21,189.31,41,2.114165,87.6933,6.3222,0.0,0,24.8479,4.1107,79.492,0.0,28.5,8928,9.328,4.96
google,3000,20,linear,True,False,0.4,0.3,0.3,0,HHO,random,4,0.3333333333333333,E4,32.21,189.31,41,2.127142,87.6177,5.7472,0.0,0,24.7979,4.0739,82.25,0.0,28.0,8840,9.1242,4.63
google,3000,20,linear,True,False,0.4,0.3,0.3,0,HHO,random,5,0.3333333333333333,E4,32.21,189.31,41,2.116967,87.677,6.198,0.0,0,24.7479,4.0942,82.015,0.0,28.0,8790,8.9779,4.87
google,3000,20,linear,True,False,0.4,0.3,0.3,0,HHO,random,6,0.3333333333333333,E4,32.21,189.31,41,2.112671,87.702,6.3883,0.0,0,24.6979,4.0705,82.369,0.0,28.0,8974,9.1602,5.27
google,3000,20,linear,True,False,0.4,0.3,0.3,0,WOA,carbon,3,0.3333333333333333,E4,32.21,189.31,41,2.098893,87.7822,6.9989,0.0,0,24.7979,4.1092,79.573,0.0,28.0,4840,6.4565,4.69
google,3000,20,linear,True,False,0.4,0.3,0.3,0,WOA,carbon,4,0.3333333333333333,E4,32.21,189.31,41,2.017928,88.2535,10.5864,0.0,0,24.7979,4.064,77.507,0.0,26.5,4840,6.3972,5.17
google,3000,20,linear,True,False,0.4,0.3,0.3,0,WOA,carbon,5,0.3333333333333333,E4,32.21,189.31,41,2.041267,88.1176,9.5523,0.0,0,24.6479,4.0012,83.571,0.0,27.0,4840,6.402,4.85
google,3000,20,linear,True,False,0.4,0.3,0.3,0,WOA,carbon,6,0.3333333333333333,E4,32.21,189.31,41,2.002038,88.346,11.2905,0.0,0,24.7479,3.9875,79.886,0.0,26.5,4840,6.2804,4.78
google,3000,20,linear,True,False,0.4,0.3,0.3,0,WOA,carbon,7,0.3333333333333333,E4,32.21,189.31,41,2.071926,87.9392,8.1937,0.0,0,24.6479,4.0723,81.218,0.0,27.5,4840,6.3083,4.76
google,3000,20,linear,True,False,0.4,0.3,0.3,0,WOA,carbon,8,0.3333333333333333,E4,32.21,189.31,41,1.988724,88.4235,11.8804,0.0,0,24.7479,3.9708,78.824,0.0,26.5,4840,6.2134,4.85
google,3000,20,linear,True,False,0.4,0.3,0.3,0,WOA,carbon,9,0.3333333333333333,E4,32.21,189.31,41,2.066003,87.9736,8.4562,0.0,0,24.8479,4.0682,77.569,0.0,27.5,4840,6.2882,5.4
google,3000,20,linear,True,False,0.4,0.3,0.3,0,WOA,carbon,10,0.3333333333333333,E4,32.21,189.31,41,1.926062,88.7882,14.6569,0.0,0,24.5479,3.9345,78.543,0.0,26.5,4840,6.2288,5.01
google,3000,20,linear,True,False,0.4,0.3,0.3,0,WOA,carbon,27,0.3333333333333333,E4,32.21,189.31,41,1.993253,88.3971,11.6797,0.0,0,24.5979,3.9555,84.175,0.0,26.5,4840,6.2793,4.85
google,3000,20,linear,True,False,0.4,0.3,0.3,0,WOA,carbon,28,0.3333333333333333,E4,32.21,189.31,41,1.997231,88.374,11.5035,0.0,0,24.7479,4.0067,78.184,0.0,27.0,4840,6.2403,5.33
google,3000,20,linear,True,False,0.4,0.3,0.3,0,WOA,carbon,29,0.3333333333333333,E4,32.21,189.31,41,2.020374,88.2392,10.478,0.0,0,24.6479,4.0394,84.3,0.0,27.0,4840,6.2683,4.87
google,3000,20,linear,True,False,0.4,0.3,0.3,0,WOA,carbon,30,0.3333333333333333,E4,32.21,189.31,41,2.1055,87.7437,6.7061,0.0,0,24.6979,4.07,84.973,0.0,27.5,4840,6.141,4.88
google,3000,20,linear,True,False,0.4,0.3,0.3,0,HHO,random,7,0.3333333333333333,E4,32.21,189.31,41,2.108089,87.7286,6.5914,0.0,0,24.6479,4.0693,83.518,0.0,27.5,8856,9.3966,4.94
google,3000,20,linear,True,False,0.4,0.3,0.3,0,HHO,random,8,0.3333333333333333,E4,32.21,189.31,41,2.118239,87.6696,6.1416,0.0,0,24.7979,4.0869,81.382,0.0,28.0,8942,9.7064,4.75
google,3000,20,linear,True,False,0.4,0.3,0.3,0,HHO,random,9,0.3333333333333333,E4,32.21,189.31,41,2.113675,87.6961,6.3439,0.0,0,24.6979,4.0871,81.015,0.0,28.0,8856,9.2981,4.75
google,3000,20,linear,True,False,0.4,0.3,0.3,0,HHO,random,10,0.3333333333333333,E4,32.21,189.31,41,2.115439,87.6859,6.2657,0.0,0,24.6979,4.0486,80.528,0.0,28.5,8842,9.1994,4.56
google,3000,20,linear,True,False,0.4,0.3,0.3,0,HHO,random,11,0.3333333333333333,E4,32.21,189.31,41,2.125736,87.6259,5.8094,0.0,0,24.8479,4.1051,79.49,0.0,28.5,8922,9.1096,4.96
google,3000,20,linear,True,False,0.4,0.3,0.3,0,HHO,random,12,0.3333333333333333,E4,32.21,189.31,41,2.121291,87.6518,6.0064,0.0,0,24.8479,4.1034,79.315,0.0,28.0,9024,9.2063,4.77
google,3000,20,linear,True,False,0.4,0.3,0.3,0,HHO,random,13,0.3333333333333333,E4,32.21,189.31,41,2.103499,87.7554,6.7948,0.0,0,24.6479,4.0802,81.463,0.0,28.0,9036,9.1946,4.94
google,3000,20,linear,True,False,0.4,0.3,0.3,0,HHO,random,14,0.3333333333333333,E4,32.21,189.31,41,2.106764,87.7364,6.6501,0.0,0,24.6979,4.0534,81.233,0.0,28.0,8782,8.3525,5.38
google,3000,20,linear,True,False,0.4,0.3,0.3,0,HHO,random,15,0.3333333333333333,E4,32.21,189.31,41,2.118301,87.6692,6.1389,0.0,0,24.7979,4.0907,81.233,0.0,28.0,8838,9.6791,5.14
google,3000,20,linear,True,False,0.4,0.3,0.3,0,HHO,random,16,0.3333333333333333,E4,32.21,189.31,41,2.105783,87.7421,6.6936,0.0,0,24.6479,4.0772,84.351,0.0,28.0,8782,9.3086,5.35
google,3000,20,linear,True,False,0.4,0.3,0.3,0,HHO,random,17,0.3333333333333333,E4,32.21,189.31,41,2.107398,87.7327,6.622,0.0,0,24.7479,4.0985,80.33,0.0,28.0,8838,9.2525,4.78
google,3000,20,linear,True,False,0.4,0.3,0.3,0,HHO,random,18,0.3333333333333333,E4,32.21,189.31,41,2.112917,87.7005,6.3775,0.0,0,24.7979,4.1275,79.358,0.0,28.5,8950,9.2098,5.35
google,3000,20,linear,True,False,0.4,0.3,0.3,0,HHO,random,19,0.3333333333333333,E4,32.21,189.31,41,2.095015,87.8048,7.1707,0.0,0,24.6479,4.063,82.518,0.0,28.0,8912,9.1111,4.78
google,3000,20,linear,True,False,0.4,0.3,0.3,0,HHO,random,20,0.3333333333333333,E4,32.21,189.31,41,2.112648,87.7021,6.3894,0.0,0,24.7979,4.0997,79.899,0.0,28.5,8922,9.1027,5.3
google,3000,20,linear,True,False,0.4,0.3,0.3,0,HHO,random,21,0.3333333333333333,E4,32.21,189.31,41,2.100298,87.774,6.9366,0.0,0,24.6479,4.0444,82.257,0.0,28.0,8854,8.962,5.32
google,3000,20,linear,True,False,0.4,0.3,0.3,0,HHO,random,22,0.3333333333333333,E4,32.21,189.31,41,2.109549,87.7201,6.5267,0.0,0,24.6479,4.0562,82.874,0.0,28.0,8944,8.1333,5.6
google,3000,20,linear,True,False,0.4,0.3,0.3,0,WOA,carbon,11,0.3333333333333333,E4,32.21,189.31,41,1.983296,88.4551,12.1209,0.0,0,24.5479,3.9793,81.699,0.0,27.0,4840,6.4115,4.99
google,3000,20,linear,True,False,0.4,0.3,0.3,0,WOA,carbon,12,0.3333333333333333,E4,32.21,189.31,41,1.992522,88.4014,11.7121,0.0,0,24.7479,3.9902,80.604,0.0,27.0,4840,6.264,5.03
google,3000,20,linear,True,False,0.4,0.3,0.3,0,WOA,carbon,13,0.3333333333333333,E4,32.21,189.31,41,2.076243,87.914,8.0025,0.0,0,24.6979,4.0665,82.181,0.0,28.0,4840,6.3105,4.57
google,3000,20,linear,True,False,0.4,0.3,0.3,0,WOA,carbon,14,0.3333333333333333,E4,32.21,189.31,41,2.06071,88.0044,8.6907,0.0,0,24.6979,3.9911,80.131,0.0,27.0,4840,6.2519,5.21
google,3000,20,linear,True,False,0.4,0.3,0.3,0,WOA,carbon,15,0.3333333333333333,E4,32.21,189.31,41,2.057107,88.0254,8.8504,0.0,0,24.6479,4.0651,80.841,0.0,28.0,4840,6.291,4.89
google,3000,20,linear,True,False,0.4,0.3,0.3,0,WOA,carbon,16,0.3333333333333333,E4,32.21,189.31,41,2.058965,88.0146,8.7681,0.0,0,24.6979,4.0634,81.721,0.0997,27.5,4840,6.2101,4.55
google,3000,20,linear,True,False,0.4,0.3,0.3,0,WOA,carbon,17,0.3333333333333333,E4,32.21,189.31,41,2.073499,87.93,8.1241,0.0,0,24.6979,4.0468,81.784,0.0,27.5,4840,5.8344,4.62
google,3000,20,linear,True,False,0.4,0.3,0.3,0,WOA,carbon,18,0.3333333333333333,E4,32.21,189.31,41,1.987516,88.4305,11.9339,0.0,0,24.7479,4.0389,78.137,0.0,26.5,4840,5.4872,5.01
google,3000,20,linear,True,False,0.4,0.3,0.3,0,HHO,random,23,0.3333333333333333,E4,32.21,189.31,41,2.119918,87.6598,6.0673,0.0,0,24.7979,4.0937,80.724,0.0,28.0,8858,9.7062,4.87
google,3000,20,linear,True,False,0.4,0.3,0.3,0,HHO,random,24,0.3333333333333333,E4,32.21,189.31,41,2.111026,87.7116,6.4613,0.0,0,24.7479,4.0791,80.809,0.0,28.0,9002,9.4816,5.34
google,3000,20,linear,True,False,0.4,0.3,0.3,0,HHO,random,25,0.3333333333333333,E4,32.21,189.31,41,2.121529,87.6504,5.9959,0.0,0,24.8479,4.1191,79.249,0.0,28.0,8876,9.2658,4.85
google,3000,20,linear,True,False,0.4,0.3,0.3,0,HHO,random,26,0.3333333333333333,E4,32.21,189.31,41,2.107145,87.7341,6.6332,0.0,0,24.6979,4.0661,81.911,0.0,28.0,8918,9.1699,5.38
google,3000,20,linear,True,False,0.4,0.3,0.3,0,HHO,random,27,0.3333333333333333,E4,32.21,189.31,41,2.101154,87.769,6.8987,0.0,0,24.6479,4.0713,81.409,0.0,28.0,8852,9.1053,5.55
google,3000,20,linear,True,False,0.4,0.3,0.3,0,HHO,random,28,0.3333333333333333,E4,32.21,189.31,41,2.113906,87.6948,6.3336,0.0,0,24.7479,4.0925,81.799,0.0,28.0,8900,9.0957,5.03
google,3000,20,linear,True,False,0.4,0.3,0.3,0,HHO,random,29,0.3333333333333333,E4,32.21,189.31,41,2.113287,87.6984,6.3611,0.0,0,24.7479,4.0787,80.364,0.0,28.5,8998,8.5407,5.17
google,3000,20,linear,True,False,0.4,0.3,0.3,0,HHO,random,30,0.3333333333333333,E4,32.21,189.31,41,2.111118,87.711,6.4572,0.0,0,24.7979,4.08,80.944,0.0,28.0,8996,7.4667,4.82
google,3000,20,linear,True,False,0.4,0.3,0.3,0,WOA,carbon,19,0.3333333333333333,E4,32.21,189.31,41,2.109326,87.7214,6.5366,0.0,0,24.6979,4.0545,82.486,0.0,28.0,4840,6.2764,4.84
google,3000,20,linear,True,False,0.4,0.3,0.3,0,WOA,carbon,20,0.3333333333333333,E4,32.21,189.31,41,2.060632,88.0049,8.6942,0.0,0,24.6979,4.0676,81.551,0.0,27.5,4840,6.2713,4.59
google,3000,20,linear,True,False,0.4,0.3,0.3,0,WOA,carbon,21,0.3333333333333333,E4,32.21,189.31,41,2.055922,88.0323,8.9029,0.0,0,24.8979,4.0253,77.194,0.0,28.5,4840,6.2223,5.03
google,3000,20,linear,True,False,0.4,0.3,0.3,0,WOA,carbon,22,0.3333333333333333,E4,32.21,189.31,41,2.047905,88.079,9.2581,0.0,0,24.5979,4.0364,83.235,0.0,28.0,4840,6.206,4.89
google,3000,20,linear,True,False,0.4,0.3,0.3,0,WOA,carbon,23,0.3333333333333333,E4,32.21,189.31,41,1.921252,88.8162,14.8701,0.0,0,24.5979,3.9266,76.458,0.0,27.0,4840,5.6924,4.86
google,3000,20,linear,True,False,0.4,0.3,0.3,0,WOA,carbon,24,0.3333333333333333,E4,32.21,189.31,41,2.111455,87.7091,6.4422,0.0,0,24.7979,4.1003,81.528,0.0,28.0,4840,5.3318,5.14
google,3000,20,linear,True,False,0.4,0.3,0.3,0,WOA,carbon,25,0.3333333333333333,E4,32.21,189.31,41,1.94007,88.7067,14.0363,0.0,0,24.5979,3.9362,79.892,0.0,26.5,4840,4.578,5.09
google,3000,20,linear,True,False,0.4,0.3,0.3,0,WOA,carbon,26,0.3333333333333333,E4,32.21,189.31,41,2.056237,88.0305,8.8889,0.0,0,24.6479,4.0323,80.992,0.0,27.5,4840,4.3668,4.59
google,3000,20,linear,True,False,0.4,0.3,0.3,0,GA,random,25,0.3333333333333333,E4,32.21,189.31,41,2.115191,87.6873,6.2767,0.0,0,24.5979,4.0264,88.078,0.0,26.0,4840,11.3077,7.29
google,3000,20,linear,True,False,0.4,0.3,0.3,0,GA,random,26,0.3333333333333333,E4,32.21,189.31,41,2.113469,87.6973,6.353,0.0,0,24.4979,4.0316,88.45,0.0,26.0,4840,11.1855,7.36
google,3000,20,linear,True,False,0.4,0.3,0.3,0,GA,random,27,0.3333333333333333,E4,32.21,189.31,41,2.105133,87.7459,6.7224,0.0,0,24.4479,4.0139,89.815,0.0,26.0,4840,11.0104,7.38
google,3000,20,linear,True,False,0.4,0.3,0.3,0,GA,random,28,0.3333333333333333,E4,32.21,189.31,41,2.118718,87.6668,6.1204,0.0,0,24.4979,4.0061,89.655,0.0,26.0,4840,11.0894,7.17
google,3000,20,linear,True,False,0.4,0.3,0.3,0,GA,random,29,0.3333333333333333,E4,32.21,189.31,41,2.105433,87.7441,6.7091,0.0,0,24.4479,4.0079,89.523,0.0,26.0,4840,10.5977,7.41
google,3000,20,linear,True,False,0.4,0.3,0.3,0,GA,random,30,0.3333333333333333,E4,32.21,189.31,41,2.109482,87.7205,6.5297,0.0,0,24.4979,4.0264,89.093,0.0,26.0,4840,9.2713,7.15
google,3000,20,linear,True,False,0.4,0.3,0.3,0,WOA,carbon,1,0.3333333333333333,E4,32.21,189.31,41,2.123596,87.6384,5.9043,0.0,0,24.8479,4.1045,79.596,0.0,28.0,4840,4.3753,4.7
google,3000,20,linear,True,False,0.4,0.3,0.3,0,WOA,carbon,2,0.3333333333333333,E4,32.21,189.31,41,2.084467,87.8662,7.6381,0.0,0,24.6979,4.0633,80.669,0.0,28.0,4840,4.2549,4.7
google,3000,20,linear,True,False,0.4,0.3,0.3,0,GA,random,1,0.3333333333333333,E4,32.21,189.31,41,2.119769,87.6607,6.0739,0.0,0,24.5479,4.0327,87.396,0.0,27.0,4840,11.6122,7.23
google,3000,20,linear,True,False,0.4,0.3,0.3,0,GA,random,2,0.3333333333333333,E4,32.21,189.31,41,2.112852,87.7009,6.3804,0.0,0,24.4479,4.0117,89.39,0.0,26.0,4840,11.3644,7.37
google,3000,20,linear,True,False,0.4,0.3,0.3,0,GA,random,3,0.3333333333333333,E4,32.21,189.31,41,2.102379,87.7619,6.8444,0.0,0,24.4479,4.0151,90.843,0.0,25.5,4840,11.138,7.51
google,3000,20,linear,True,False,0.4,0.3,0.3,0,GA,random,4,0.3333333333333333,E4,32.21,189.31,41,2.114009,87.6942,6.3291,0.0,0,24.4979,4.0076,89.129,0.0,26.0,4840,11.1159,7.37
google,3000,20,linear,True,False,0.4,0.3,0.3,0,GA,random,5,0.3333333333333333,E4,32.21,189.31,41,2.117261,87.6753,6.185,0.0,0,24.5479,4.0322,87.622,0.0,27.0,4840,11.0464,7.14
google,3000,20,linear,True,False,0.4,0.3,0.3,0,GA,random,6,0.3333333333333333,E4,32.21,189.31,41,2.107787,87.7304,6.6048,0.0,0,24.4479,4.0018,89.961,0.0,26.5,4840,9.9601,7.35
google,3000,20,linear,True,False,0.4,0.3,0.3,0,GA,random,7,0.3333333333333333,E4,32.21,189.31,41,2.113357,87.698,6.358,0.0,0,24.4979,4.0217,87.489,0.0,27.0,4840,7.9844,6.98
google,3000,20,linear,True,False,0.4,0.3,0.3,0,GA,random,8,0.3333333333333333,E4,32.21,189.31,41,2.115902,87.6832,6.2452,0.0,0,24.4479,4.001,90.01,0.0,27.0,4840,7.3301,6.9
google,3000,20,linear,True,False,0.4,0.3,0.3,0,GA,random,9,0.3333333333333333,E4,32.21,189.31,41,2.121797,87.6489,5.984,0.0,0,24.5979,4.037,87.152,0.0,27.0,4840,11.4038,7.39
google,3000,20,linear,True,False,0.4,0.3,0.3,0,GA,random,10,0.3333333333333333,E4,32.21,189.31,41,2.111057,87.7114,6.4599,0.0,0,24.4979,4.0292,88.531,0.0,26.5,4840,11.3479,7.28
google,3000,20,linear,True,False,0.4,0.3,0.3,0,GA,random,11,0.3333333333333333,E4,32.21,189.31,41,2.107011,87.7349,6.6391,0.0,0,24.4479,4.0228,90.241,0.0,26.0,4840,11.1242,7.37
google,3000,20,linear,True,False,0.4,0.3,0.3,0,GA,random,12,0.3333333333333333,E4,32.21,189.31,41,2.115583,87.685,6.2593,0.0,0,24.5479,4.0281,89.269,0.0,26.0,4840,11.0969,7.23
google,3000,20,linear,True,False,0.4,0.3,0.3,0,GA,random,13,0.3333333333333333,E4,32.21,189.31,41,2.109096,87.7228,6.5468,0.0,0,24.3979,4.0069,89.915,0.0,26.0,4840,10.9891,7.18
google,3000,20,linear,True,False,0.4,0.3,0.3,0,GA,random,14,0.3333333333333333,E4,32.21,189.31,41,2.11231,87.7041,6.4044,0.0,0,24.5479,4.02,87.99,0.0,26.5,4840,9.7516,7.19
google,3000,20,linear,True,False,0.4,0.3,0.3,0,GA,random,15,0.3333333333333333,E4,32.21,189.31,41,2.114144,87.6934,6.3231,0.0,0,24.5479,4.007,87.458,0.0,27.0,4840,7.9089,6.99
google,3000,20,linear,True,False,0.4,0.3,0.3,0,GA,random,16,0.3333333333333333,E4,32.21,189.31,41,2.118039,87.6707,6.1505,0.0,0,24.4979,4.0383,88.395,0.0,26.5,4840,7.2124,7.3
google,3000,20,linear,True,False,0.4,0.3,0.3,0,GA,random,17,0.3333333333333333,E4,32.21,189.31,41,2.115244,87.687,6.2743,0.0,0,24.5479,4.0072,89.032,0.0,26.5,4840,11.422,7.49
google,3000,20,linear,True,False,0.4,0.3,0.3,0,GA,random,18,0.3333333333333333,E4,32.21,189.31,41,2.119108,87.6645,6.1032,0.0,0,24.4479,3.9991,88.409,0.0,26.5,4840,11.2905,7.0
google,3000,20,linear,True,False,0.4,0.3,0.3,0,GA,random,19,0.3333333333333333,E4,32.21,189.31,41,2.111718,87.7075,6.4306,0.0,0,24.4979,4.0292,89.226,0.0,26.5,4840,11.1266,7.11
google,3000,20,linear,True,False,0.4,0.3,0.3,0,GA,random,20,0.3333333333333333,E4,32.21,189.31,41,2.115173,87.6874,6.2775,0.0,0,24.4979,4.0487,89.475,0.0,26.0,4840,11.0869,7.13
google,3000,20,linear,True,False,0.4,0.3,0.3,0,GA,random,21,0.3333333333333333,E4,32.21,189.31,41,2.111329,87.7098,6.4478,0.0,0,24.5479,4.006,88.291,0.0,26.5,4840,10.9032,7.52
google,3000,20,linear,True,False,0.4,0.3,0.3,0,GA,random,22,0.3333333333333333,E4,32.21,189.31,41,2.113044,87.6998,6.3718,0.0,0,24.4979,4.01,89.644,0.0,26.5,4840,9.5675,7.36
google,3000,20,linear,True,False,0.4,0.3,0.3,0,GA,random,23,0.3333333333333333,E4,32.21,189.31,41,2.11787,87.6717,6.158,0.0,0,24.5479,4.0309,86.973,0.0,26.5,4840,7.8444,7.26
google,3000,20,linear,True,False,0.4,0.3,0.3,0,GA,random,24,0.3333333333333333,E4,32.21,189.31,41,2.117974,87.6711,6.1534,0.0,0,24.5479,4.0124,88.009,0.0,27.0,4840,7.1302,6.92
