wl,N,M,power,hard,cap,pen,alpha,beta,gamma,subset,mmin,method,init,seed,seed_frac,exp,curve,peak_demand,total_load,arrival_slots,carbon_kg,carbon_red_vs_naive_%,carbon_red_vs_consol_%,sla_%,viol_n,energy_kwh,cost_gbp,util_%,overload_%,feasible,makespan_h,nfe,runtime_s,peak_mem_mb
google,500,20,linear,False,False,0.0,0.4,0.3,0.3,0,0,WOA,random,3,0.3333333333333333,CONV,0.076024;0.065904;0.065395;0.065364;0.065034;0.065016;0.065016;0.064643;0.064643;0.064643;0.064572;0.064572;0.064572;0.064571;0.064571;0.064571;0.064571;0.064571;0.064571;0.064571;0.064571;0.064571;0.064571;0.064571;0.064571;0.064571;0.064571;0.064571;0.064571;0.064571;0.064571;0.064571;0.064571;0.064571;0.064571;0.064571;0.064571;0.064571;0.064571;0.064571;0.064571;0.064571;0.064571;0.064571;0.064571;0.064571;0.064571;0.064571;0.064571;0.064571;0.064571;0.064571;0.064571;0.064571;0.064571;0.064571;0.064571;0.064571;0.064571;0.064571;0.064571;0.064571;0.064571;0.064571;0.064571;0.064571;0.064571;0.064571;0.064571;0.064571;0.064571;0.064571;0.064571;0.064571;0.064571;0.064571;0.064571;0.064571;0.064571;0.064571;0.064571;0.064571;0.064571;0.064571;0.064571;0.064571;0.064571;0.064571;0.064571;0.064571;0.064571;0.064571;0.064571;0.064571;0.064571;0.064571;0.064571;0.064571;0.064571;0.064571;0.064571;0.064571;0.064571;0.064571;0.064571;0.064571;0.064571;0.064571;0.064571;0.064571;0.064571;0.064571;0.064571;0.064571;0.064571;0.064571;0.064571;0.064571;0.064571;0.064571,5.26,31.19,35,0.456127,83.8572,3.2862,0.0,0,5.0891,0.8404,45.942,0.0,True,25.5,4840,1.6208,1.05
google,500,20,linear,False,False,0.0,0.4,0.3,0.3,0,0,WOA,random,4,0.3333333333333333,CONV,0.071312;0.066586;0.065535;0.065535;0.065366;0.065366;0.065366;0.065366;0.065178;0.065169;0.064664;0.064664;0.064664;0.064664;0.064664;0.064664;0.064664;0.064664;0.064664;0.064658;0.064658;0.064658;0.064658;0.064658;0.064658;0.064658;0.064658;0.064658;0.064658;0.064658;0.064658;0.064658;0.064658;0.064658;0.064658;0.064658;0.064658;0.064658;0.064658;0.064658;0.064658;0.064658;0.064658;0.064658;0.064658;0.064658;0.064658;0.064658;0.064658;0.064658;0.064658;0.064658;0.064658;0.064658;0.064658;0.064658;0.064658;0.064658;0.064658;0.064658;0.064658;0.064658;0.064658;0.064658;0.064658;0.064658;0.064658;0.064658;0.064658;0.064658;0.064658;0.064658;0.064658;0.064658;0.064658;0.064658;0.064658;0.064658;0.064658;0.064658;0.064658;0.064658;0.064658;0.064658;0.064658;0.064658;0.064658;0.064658;0.064658;0.064658;0.064658;0.064658;0.064658;0.064658;0.064658;0.064658;0.064658;0.064658;0.064658;0.064658;0.064658;0.064658;0.064658;0.064658;0.064658;0.064658;0.064658;0.064658;0.064658;0.064658;0.064658;0.064658;0.064658;0.064658;0.064658;0.064658;0.064658;0.064658;0.064658;0.064658,5.26,31.19,35,0.456739,83.8355,3.1564,0.0,0,5.0391,0.8329,47.363,0.0,True,24.5,4840,1.5886,1.03
google,500,20,linear,False,False,0.0,0.4,0.3,0.3,0,0,WOA,random,5,0.3333333333333333,CONV,0.072674;0.065404;0.065036;0.065036;0.065036;0.065034;0.065034;0.065034;0.065032;0.065032;0.065032;0.065032;0.065032;0.065032;0.065032;0.065032;0.065032;0.065032;0.065032;0.065032;0.065032;0.065032;0.065032;0.065032;0.065032;0.065032;0.065032;0.065032;0.065032;0.065032;0.065032;0.065032;0.065032;0.065032;0.065032;0.065032;0.065032;0.065032;0.065032;0.065032;0.065032;0.065032;0.065032;0.065032;0.065032;0.065032;0.065032;0.065032;0.065032;0.065032;0.065032;0.065032;0.065032;0.065032;0.065032;0.065032;0.065032;0.065032;0.065032;0.065032;0.065032;0.065032;0.065032;0.065032;0.065032;0.065032;0.065032;0.065032;0.065032;0.065032;0.065032;0.065032;0.065032;0.065032;0.065032;0.065032;0.065032;0.065032;0.065032;0.065032;0.065032;0.065032;0.065032;0.065032;0.065032;0.065032;0.065032;0.065032;0.065032;0.065032;0.065032;0.065032;0.065032;0.065032;0.065032;0.065032;0.065032;0.065032;0.065032;0.065032;0.065032;0.065032;0.065032;0.065032;0.065032;0.065032;0.065032;0.065032;0.065032;0.065032;0.065032;0.065032;0.065032;0.065032;0.065032;0.065032;0.065032;0.065032;0.065032;0.065032,5.26,31.19,35,0.45938,83.7421,2.5965,0.0,0,5.0891,0.831,45.325,0.0,True,24.5,4840,1.573,1.02
google,500,20,linear,False,False,0.0,0.4,0.3,0.3,0,0,WOA,random,6,0.3333333333333333,CONV,0.074420;0.066686;0.066686;0.065964;0.065964;0.065955;0.065955;0.065955;0.065955;0.065955;0.065955;0.065955;0.065955;0.065955;0.065955;0.065955;0.065955;0.065955;0.065955;0.065955;0.065955;0.065955;0.065955;0.065955;0.065955;0.065955;0.065955;0.065955;0.065955;0.065955;0.065955;0.065955;0.065955;0.065955;0.065955;0.065955;0.065955;0.065955;0.065955;0.065955;0.065955;0.065955;0.065955;0.065955;0.065955;0.065955;0.065955;0.065955;0.065955;0.065955;0.065955;0.065955;0.065955;0.065955;0.065955;0.065955;0.065955;0.065955;0.065955;0.065955;0.065955;0.065955;0.065955;0.065955;0.065955;0.065955;0.065955;0.065955;0.065955;0.065955;0.065955;0.065955;0.065955;0.065955;0.065955;0.065955;0.065955;0.065955;0.065955;0.065955;0.065955;0.065955;0.065955;0.065955;0.065955;0.065955;0.065955;0.065955;0.065955;0.065955;0.065955;0.065955;0.065955;0.065955;0.065955;0.065955;0.065955;0.065955;0.065955;0.065955;0.065955;0.065955;0.065955;0.065955;0.065955;0.065955;0.065955;0.065955;0.065955;0.065955;0.065955;0.065955;0.065955;0.065955;0.065955;0.065955;0.065955;0.065955;0.065955;0.065955,5.26,31.19,35,0.465899,83.5113,1.2142,0.0,0,5.1391,0.8479,44.562,0.0,True,25.5,4840,1.5316,0.97
google,500,20,linear,False,False,0.0,0.4,0.3,0.3,0,0,WOA,random,7,0.3333333333333333,CONV,0.073529;0.066036;0.066036;0.066036;0.066034;0.066034;0.066032;0.066032;0.066031;0.066031;0.066031;0.066031;0.066031;0.066031;0.066031;0.066031;0.066031;0.066031;0.066031;0.066031;0.066031;0.066031;0.066031;0.066031;0.066031;0.066031;0.066031;0.066031;0.066031;0.066031;0.066031;0.066031;0.066031;0.066031;0.066031;0.066031;0.066031;0.066031;0.066031;0.066031;0.066031;0.066031;0.066031;0.066031;0.066031;0.066031;0.066031;0.066031;0.066031;0.066031;0.066031;0.066031;0.066031;0.066031;0.066030;0.066030;0.066030;0.066030;0.066030;0.066030;0.066030;0.066030;0.066030;0.066030;0.066030;0.066030;0.066030;0.066030;0.066030;0.066029;0.066029;0.066029;0.066029;0.066029;0.066029;0.066029;0.066029;0.066029;0.066029;0.066029;0.066029;0.066029;0.066029;0.066029;0.066029;0.066029;0.066029;0.066029;0.066029;0.066029;0.066029;0.066029;0.066029;0.066029;0.066029;0.066029;0.066029;0.066029;0.066029;0.066029;0.066029;0.066029;0.066029;0.066029;0.066029;0.066029;0.066029;0.066029;0.066029;0.066029;0.066029;0.066029;0.066029;0.066029;0.066029;0.066029;0.066029;0.066029;0.066029;0.066029,5.26,31.19,35,0.466425,83.4927,1.1026,0.0,0,5.1391,0.8479,44.694,0.0,True,24.5,4840,1.5397,1.06
google,500,20,linear,False,False,0.0,0.4,0.3,0.3,0,0,WOA,random,8,0.3333333333333333,CONV,0.071126;0.066048;0.066027;0.066002;0.066002;0.066002;0.066002;0.066002;0.066002;0.066002;0.066002;0.066002;0.066002;0.066002;0.066002;0.066002;0.066002;0.066002;0.066002;0.066002;0.066002;0.066002;0.066002;0.066002;0.066002;0.066002;0.066002;0.066002;0.066002;0.066002;0.066002;0.066002;0.066002;0.066002;0.066002;0.066002;0.066002;0.066002;0.066002;0.066002;0.066002;0.066002;0.066002;0.066002;0.066002;0.066002;0.066002;0.066002;0.066002;0.066002;0.066002;0.066002;0.066002;0.066002;0.066002;0.066002;0.066002;0.066002;0.066002;0.066002;0.066002;0.066002;0.066002;0.066002;0.066002;0.066002;0.066002;0.066002;0.066002;0.066002;0.066002;0.066002;0.066002;0.066002;0.066002;0.066002;0.066002;0.066002;0.066002;0.066002;0.066002;0.066002;0.066002;0.066002;0.066002;0.066002;0.066002;0.066002;0.066002;0.066002;0.066002;0.066002;0.066002;0.066002;0.066002;0.066002;0.066002;0.066002;0.066002;0.066002;0.066002;0.066002;0.066002;0.066002;0.066002;0.066002;0.066002;0.066002;0.066002;0.066002;0.066002;0.066002;0.066002;0.066002;0.066002;0.066002;0.066002;0.066002;0.066002;0.066002,5.26,31.19,35,0.466233,83.4995,1.1435,0.0,0,5.1391,0.8467,44.9,0.0,True,24.5,4840,1.5425,0.96
google,500,20,linear,False,False,0.0,0.4,0.3,0.3,0,0,WOA,random,9,0.3333333333333333,CONV,0.074819;0.066201;0.065022;0.065022;0.064985;0.064304;0.064304;0.064304;0.064304;0.064304;0.064304;0.064304;0.064304;0.064304;0.064304;0.064304;0.064304;0.064304;0.064304;0.064304;0.064304;0.064304;0.064304;0.064304;0.064304;0.064304;0.064304;0.064304;0.064304;0.064304;0.064304;0.064304;0.064304;0.064304;0.064304;0.064304;0.064304;0.064304;0.064304;0.064304;0.064304;0.064304;0.064304;0.064304;0.064304;0.064304;0.064304;0.064304;0.064304;0.064304;0.064304;0.064304;0.064304;0.064304;0.064304;0.064304;0.064304;0.064304;0.064304;0.064304;0.064304;0.064304;0.064304;0.064304;0.064304;0.064304;0.064304;0.064304;0.064304;0.064304;0.064304;0.064304;0.064304;0.064304;0.064304;0.064304;0.064304;0.064304;0.064304;0.064304;0.064304;0.064304;0.064304;0.064304;0.064304;0.064304;0.064304;0.064304;0.064304;0.064304;0.064304;0.064304;0.064304;0.064304;0.064304;0.064304;0.064304;0.064304;0.064304;0.064304;0.064304;0.064304;0.064304;0.064304;0.064304;0.064304;0.064304;0.064304;0.064304;0.064304;0.064304;0.064304;0.064304;0.064304;0.064304;0.064304;0.064304;0.064304;0.064304;0.064304,5.26,31.19,35,0.454241,83.924,3.6862,0.0,0,5.0391,0.8323,46.559,0.0,True,24.5,4840,1.5758,0.98
google,500,20,linear,False,False,0.0,0.4,0.3,0.3,0,0,WOA,random,10,0.3333333333333333,CONV,0.073167;0.067234;0.064990;0.064990;0.064982;0.064978;0.064977;0.064977;0.064972;0.064972;0.064972;0.064972;0.064972;0.064972;0.064972;0.064972;0.064972;0.064972;0.064972;0.064972;0.064972;0.064972;0.064972;0.064972;0.064972;0.064972;0.064972;0.064972;0.064972;0.064972;0.064972;0.064972;0.064972;0.064972;0.064972;0.064972;0.064972;0.064972;0.064972;0.064972;0.064972;0.064972;0.064972;0.064972;0.064972;0.064972;0.064972;0.064972;0.064972;0.064972;0.064972;0.064972;0.064972;0.064972;0.064972;0.064972;0.064972;0.064972;0.064972;0.064972;0.064972;0.064972;0.064972;0.064972;0.064972;0.064972;0.064972;0.064972;0.064972;0.064972;0.064972;0.064972;0.064972;0.064972;0.064972;0.064972;0.064972;0.064972;0.064972;0.064972;0.064972;0.064972;0.064972;0.064972;0.064972;0.064972;0.064972;0.064972;0.064972;0.064972;0.064972;0.064972;0.064972;0.064972;0.064972;0.064972;0.064972;0.064972;0.064972;0.064972;0.064972;0.064972;0.064972;0.064972;0.064972;0.064972;0.064972;0.064972;0.064972;0.064972;0.064972;0.064972;0.064972;0.064972;0.064972;0.064972;0.064972;0.064972;0.064972;0.064972,5.26,31.19,35,0.458961,83.7569,2.6854,0.0,0,5.0891,0.8392,45.95,0.0,True,24.5,4840,1.5572,0.97
google,500,10,linear,False,False,0.0,0.4,0.3,0.3,0,0,WOA,random,1,0.3333333333333333,CONV,0.072950;0.065575;0.065569;0.064883;0.064878;0.064876;0.064876;0.064872;0.064864;0.064859;0.064859;0.064859;0.064859;0.064859;0.064859;0.064859;0.064859;0.064859;0.064859;0.064859;0.064859;0.064859;0.064859;0.064363;0.064358;0.064358;0.064358;0.064358;0.064358;0.064358;0.064358;0.064358;0.064358;0.064358;0.064358;0.064358;0.064358;0.064358;0.064358;0.064358;0.064358;0.064358;0.064358;0.064358;0.064358;0.064358;0.064358;0.064358;0.064358;0.064358;0.064358;0.064358;0.064358;0.064358;0.064358;0.064358;0.064358;0.064358;0.064358;0.064358;0.064358;0.064358;0.064358;0.064358;0.064358;0.064358;0.064358;0.064358;0.064358;0.064358;0.064358;0.064358;0.064358;0.064358;0.064358;0.064358;0.064358;0.064358;0.064358;0.064358;0.064358;0.064358;0.064358;0.064358;0.064358;0.064358;0.064358;0.064358;0.064358;0.064358;0.064358;0.064358;0.064358;0.064358;0.064358;0.064358;0.064358;0.064358;0.064358;0.064358;0.064358;0.064358;0.064358;0.064358;0.064358;0.064358;0.064358;0.064358;0.064358;0.064358;0.064358;0.064358;0.064358;0.064358;0.064358;0.064358;0.064358;0.064358;0.064358;0.064358,5.26,31.19,35,0.454619,83.9106,3.6059,0.0,0,5.0391,0.8334,46.814,0.0,True,24.5,4840,1.6336,1.06
google,500,10,linear,False,False,0.0,0.4,0.3,0.3,0,0,WOA,random,2,0.3333333333333333,CONV,0.075281;0.067262;0.065325;0.064922;0.064917;0.064036;0.064036;0.064036;0.064036;0.064036;0.064036;0.064036;0.064036;0.064036;0.064036;0.064036;0.064036;0.064036;0.064036;0.064036;0.064036;0.064036;0.064036;0.064036;0.064036;0.064036;0.064036;0.064036;0.064036;0.064036;0.064036;0.064036;0.064036;0.064036;0.064036;0.064036;0.064036;0.064036;0.064036;0.064036;0.064036;0.064036;0.064036;0.064036;0.064036;0.064036;0.064036;0.064036;0.064036;0.064036;0.064036;0.064036;0.064036;0.064036;0.064036;0.064036;0.064036;0.064036;0.064036;0.064036;0.064036;0.064036;0.064036;0.064036;0.064036;0.064036;0.064036;0.064036;0.064036;0.064036;0.064036;0.064036;0.064036;0.064036;0.064036;0.064036;0.064036;0.064036;0.064036;0.064036;0.064036;0.064036;0.064036;0.064036;0.064036;0.064036;0.064036;0.064036;0.064036;0.064036;0.064036;0.064036;0.064036;0.064036;0.064036;0.064036;0.064036;0.064036;0.064036;0.064036;0.064036;0.064036;0.064036;0.064036;0.064036;0.064036;0.064036;0.064036;0.064036;0.064036;0.064036;0.064036;0.064036;0.064036;0.064036;0.064036;0.064036;0.064036;0.064036;0.064036,5.26,31.19,35,0.452347,83.991,4.0878,0.0,0,5.0391,0.8323,47.372,0.0,True,24.5,4840,1.5947,1.0
google,500,10,linear,False,False,0.0,0.4,0.3,0.3,0,0,WOA,random,3,0.3333333333333333,CONV,0.076024;0.065904;0.065395;0.065364;0.065034;0.065016;0.065016;0.064643;0.064643;0.064643;0.064572;0.064572;0.064572;0.064571;0.064571;0.064571;0.064571;0.064571;0.064571;0.064571;0.064571;0.064571;0.064571;0.064571;0.064571;0.064571;0.064571;0.064571;0.064571;0.064571;0.064571;0.064571;0.064571;0.064571;0.064571;0.064571;0.064571;0.064571;0.064571;0.064571;0.064571;0.064571;0.064571;0.064571;0.064571;0.064571;0.064571;0.064571;0.064571;0.064571;0.064571;0.064571;0.064571;0.064571;0.064571;0.064571;0.064571;0.064571;0.064571;0.064571;0.064571;0.064571;0.064571;0.064571;0.064571;0.064571;0.064571;0.064571;0.064571;0.064571;0.064571;0.064571;0.064571;0.064571;0.064571;0.064571;0.064571;0.064571;0.064571;0.064571;0.064571;0.064571;0.064571;0.064571;0.064571;0.064571;0.064571;0.064571;0.064571;0.064571;0.064571;0.064571;0.064571;0.064571;0.064571;0.064571;0.064571;0.064571;0.064571;0.064571;0.064571;0.064571;0.064571;0.064571;0.064571;0.064571;0.064571;0.064571;0.064571;0.064571;0.064571;0.064571;0.064571;0.064571;0.064571;0.064571;0.064571;0.064571;0.064571;0.064571,5.26,31.19,35,0.456127,83.8572,3.2862,0.0,0,5.0891,0.8404,45.942,0.0,True,25.5,4840,1.5629,1.04
google,500,10,linear,False,False,0.0,0.4,0.3,0.3,0,0,WOA,random,4,0.3333333333333333,CONV,0.071312;0.066586;0.065535;0.065535;0.065366;0.065366;0.065366;0.065366;0.065178;0.065169;0.064664;0.064664;0.064664;0.064664;0.064664;0.064664;0.064664;0.064664;0.064664;0.064658;0.064658;0.064658;0.064658;0.064658;0.064658;0.064658;0.064658;0.064658;0.064658;0.064658;0.064658;0.064658;0.064658;0.064658;0.064658;0.064658;0.064658;0.064658;0.064658;0.064658;0.064658;0.064658;0.064658;0.064658;0.064658;0.064658;0.064658;0.064658;0.064658;0.064658;0.064658;0.064658;0.064658;0.064658;0.064658;0.064658;0.064658;0.064658;0.064658;0.064658;0.064658;0.064658;0.064658;0.064658;0.064658;0.064658;0.064658;0.064658;0.064658;0.064658;0.064658;0.064658;0.064658;0.064658;0.064658;0.064658;0.064658;0.064658;0.064658;0.064658;0.064658;0.064658;0.064658;0.064658;0.064658;0.064658;0.064658;0.064658;0.064658;0.064658;0.064658;0.064658;0.064658;0.064658;0.064658;0.064658;0.064658;0.064658;0.064658;0.064658;0.064658;0.064658;0.064658;0.064658;0.064658;0.064658;0.064658;0.064658;0.064658;0.064658;0.064658;0.064658;0.064658;0.064658;0.064658;0.064658;0.064658;0.064658;0.064658;0.064658,5.26,31.19,35,0.456739,83.8355,3.1564,0.0,0,5.0391,0.8329,47.363,0.0,True,24.5,4840,1.5308,1.02
google,500,10,linear,False,False,0.0,0.4,0.3,0.3,0,0,WOA,random,5,0.3333333333333333,CONV,0.072674;0.065404;0.065036;0.065036;0.065036;0.065034;0.065034;0.065034;0.065032;0.065032;0.065032;0.065032;0.065032;0.065032;0.065032;0.065032;0.065032;0.065032;0.065032;0.065032;0.065032;0.065032;0.065032;0.065032;0.065032;0.065032;0.065032;0.065032;0.065032;0.065032;0.065032;0.065032;0.065032;0.065032;0.065032;0.065032;0.065032;0.065032;0.065032;0.065032;0.065032;0.065032;0.065032;0.065032;0.065032;0.065032;0.065032;0.065032;0.065032;0.065032;0.065032;0.065032;0.065032;0.065032;0.065032;0.065032;0.065032;0.065032;0.065032;0.065032;0.065032;0.065032;0.065032;0.065032;0.065032;0.065032;0.065032;0.065032;0.065032;0.065032;0.065032;0.065032;0.065032;0.065032;0.065032;0.065032;0.065032;0.065032;0.065032;0.065032;0.065032;0.065032;0.065032;0.065032;0.065032;0.065032;0.065032;0.065032;0.065032;0.065032;0.065032;0.065032;0.065032;0.065032;0.065032;0.065032;0.065032;0.065032;0.065032;0.065032;0.065032;0.065032;0.065032;0.065032;0.065032;0.065032;0.065032;0.065032;0.065032;0.065032;0.065032;0.065032;0.065032;0.065032;0.065032;0.065032;0.065032;0.065032;0.065032;0.065032,5.26,31.19,35,0.45938,83.7421,2.5965,0.0,0,5.0891,0.831,45.325,0.0,True,24.5,4840,1.5559,1.0
google,500,10,linear,False,False,0.0,0.4,0.3,0.3,0,0,WOA,random,6,0.3333333333333333,CONV,0.074420;0.066686;0.066686;0.065964;0.065964;0.065955;0.065955;0.065955;0.065955;0.065955;0.065955;0.065955;0.065955;0.065955;0.065955;0.065955;0.065955;0.065955;0.065955;0.065955;0.065955;0.065955;0.065955;0.065955;0.065955;0.065955;0.065955;0.065955;0.065955;0.065955;0.065955;0.065955;0.065955;0.065955;0.065955;0.065955;0.065955;0.065955;0.065955;0.065955;0.065955;0.065955;0.065955;0.065955;0.065955;0.065955;0.065955;0.065955;0.065955;0.065955;0.065955;0.065955;0.065955;0.065955;0.065955;0.065955;0.065955;0.065955;0.065955;0.065955;0.065955;0.065955;0.065955;0.065955;0.065955;0.065955;0.065955;0.065955;0.065955;0.065955;0.065955;0.065955;0.065955;0.065955;0.065955;0.065955;0.065955;0.065955;0.065955;0.065955;0.065955;0.065955;0.065955;0.065955;0.065955;0.065955;0.065955;0.065955;0.065955;0.065955;0.065955;0.065955;0.065955;0.065955;0.065955;0.065955;0.065955;0.065955;0.065955;0.065955;0.065955;0.065955;0.065955;0.065955;0.065955;0.065955;0.065955;0.065955;0.065955;0.065955;0.065955;0.065955;0.065955;0.065955;0.065955;0.065955;0.065955;0.065955;0.065955;0.065955,5.26,31.19,35,0.465899,83.5113,1.2142,0.0,0,5.1391,0.8479,44.562,0.0,True,25.5,4840,1.548,0.95
google,500,10,linear,False,False,0.0,0.4,0.3,0.3,0,0,WOA,random,7,0.3333333333333333,CONV,0.073529;0.066036;0.066036;0.066036;0.066034;0.066034;0.066032;0.066032;0.066031;0.066031;0.066031;0.066031;0.066031;0.066031;0.066031;0.066031;0.066031;0.066031;0.066031;0.066031;0.066031;0.066031;0.066031;0.066031;0.066031;0.066031;0.066031;0.066031;0.066031;0.066031;0.066031;0.066031;0.066031;0.066031;0.066031;0.066031;0.066031;0.066031;0.066031;0.066031;0.066031;0.066031;0.066031;0.066031;0.066031;0.066031;0.066031;0.066031;0.066031;0.066031;0.066031;0.066031;0.066031;0.066031;0.066030;0.066030;0.066030;0.066030;0.066030;0.066030;0.066030;0.066030;0.066030;0.066030;0.066030;0.066030;0.066030;0.066030;0.066030;0.066029;0.066029;0.066029;0.066029;0.066029;0.066029;0.066029;0.066029;0.066029;0.066029;0.066029;0.066029;0.066029;0.066029;0.066029;0.066029;0.066029;0.066029;0.066029;0.066029;0.066029;0.066029;0.066029;0.066029;0.066029;0.066029;0.066029;0.066029;0.066029;0.066029;0.066029;0.066029;0.066029;0.066029;0.066029;0.066029;0.066029;0.066029;0.066029;0.066029;0.066029;0.066029;0.066029;0.066029;0.066029;0.066029;0.066029;0.066029;0.066029;0.066029;0.066029,5.26,31.19,35,0.466425,83.4927,1.1026,0.0,0,5.1391,0.8479,44.694,0.0,True,24.5,4840,1.5655,1.06
google,500,10,linear,False,False,0.0,0.4,0.3,0.3,0,0,WOA,random,8,0.3333333333333333,CONV,0.071126;0.066048;0.066027;0.066002;0.066002;0.066002;0.066002;0.066002;0.066002;0.066002;0.066002;0.066002;0.066002;0.066002;0.066002;0.066002;0.066002;0.066002;0.066002;0.066002;0.066002;0.066002;0.066002;0.066002;0.066002;0.066002;0.066002;0.066002;0.066002;0.066002;0.066002;0.066002;0.066002;0.066002;0.066002;0.066002;0.066002;0.066002;0.066002;0.066002;0.066002;0.066002;0.066002;0.066002;0.066002;0.066002;0.066002;0.066002;0.066002;0.066002;0.066002;0.066002;0.066002;0.066002;0.066002;0.066002;0.066002;0.066002;0.066002;0.066002;0.066002;0.066002;0.066002;0.066002;0.066002;0.066002;0.066002;0.066002;0.066002;0.066002;0.066002;0.066002;0.066002;0.066002;0.066002;0.066002;0.066002;0.066002;0.066002;0.066002;0.066002;0.066002;0.066002;0.066002;0.066002;0.066002;0.066002;0.066002;0.066002;0.066002;0.066002;0.066002;0.066002;0.066002;0.066002;0.066002;0.066002;0.066002;0.066002;0.066002;0.066002;0.066002;0.066002;0.066002;0.066002;0.066002;0.066002;0.066002;0.066002;0.066002;0.066002;0.066002;0.066002;0.066002;0.066002;0.066002;0.066002;0.066002;0.066002;0.066002,5.26,31.19,35,0.466233,83.4995,1.1435,0.0,0,5.1391,0.8467,44.9,0.0,True,24.5,4840,1.5423,0.96
google,500,10,linear,False,False,0.0,0.4,0.3,0.3,0,0,WOA,carbon,5,0.3333333333333333,CONV,0.050052;0.050052;0.050052;0.050052;0.050052;0.050052;0.050052;0.049334;0.049334;0.049334;0.049334;0.049312;0.049312;0.049312;0.049305;0.049305;0.049304;0.049303;0.049303;0.049302;0.049302;0.049302;0.049302;0.049302;0.049302;0.049302;0.049302;0.049302;0.049302;0.049302;0.049302;0.049302;0.049302;0.049302;0.049302;0.049302;0.049302;0.049302;0.049302;0.049302;0.049302;0.049302;0.049302;0.049302;0.049302;0.049302;0.049302;0.049302;0.049302;0.049302;0.049302;0.049302;0.049302;0.049302;0.049302;0.049302;0.049302;0.049302;0.049302;0.049302;0.049302;0.049302;0.049302;0.049302;0.049302;0.049302;0.049302;0.049302;0.049302;0.049302;0.049302;0.049302;0.049302;0.049302;0.049302;0.049302;0.049302;0.049302;0.049302;0.049302;0.049302;0.049302;0.049302;0.049302;0.049302;0.049302;0.049302;0.049302;0.049302;0.049302;0.049302;0.049302;0.049302;0.049302;0.049302;0.049302;0.049302;0.049302;0.049302;0.049302;0.049302;0.049302;0.049302;0.049302;0.049302;0.049302;0.049302;0.049302;0.049302;0.049302;0.049302;0.049302;0.049302;0.049302;0.049302;0.049302;0.049302;0.049302;0.049302;0.049302,5.26,31.19,35,0.348266,87.6745,26.1562,0.0,0,4.6391,0.7493,52.014,0.0,True,26.0,4840,1.635,0.98
google,500,10,linear,False,False,0.0,0.4,0.3,0.3,0,0,WOA,carbon,6,0.3333333333333333,CONV,0.050052;0.050052;0.049475;0.049296;0.049296;0.049296;0.049295;0.049283;0.049282;0.049282;0.049282;0.049282;0.049282;0.049282;0.049282;0.049282;0.049282;0.049282;0.049282;0.049282;0.049282;0.049282;0.049282;0.049282;0.049282;0.049282;0.049282;0.049282;0.049282;0.049282;0.049282;0.049282;0.049282;0.049282;0.049282;0.049282;0.049282;0.049282;0.049282;0.049282;0.049282;0.049282;0.049282;0.049282;0.049282;0.049282;0.049282;0.049282;0.049282;0.049282;0.049282;0.049282;0.049282;0.049282;0.049282;0.049282;0.049282;0.049282;0.049282;0.049282;0.049282;0.049282;0.049282;0.049282;0.049282;0.049282;0.049282;0.049282;0.049282;0.049282;0.049282;0.049282;0.049282;0.049282;0.049282;0.049282;0.049282;0.049282;0.049282;0.049282;0.049282;0.049282;0.049282;0.049282;0.049282;0.049282;0.049282;0.049282;0.049282;0.049282;0.049282;0.049282;0.049282;0.049282;0.049282;0.049282;0.049282;0.049282;0.049282;0.049282;0.049282;0.049282;0.049282;0.049282;0.049282;0.049282;0.049282;0.049282;0.049282;0.049282;0.049282;0.049282;0.049282;0.049282;0.049282;0.049282;0.049282;0.049282;0.049282;0.049282,5.26,31.19,35,0.348124,87.6795,26.1864,0.0,0,4.6391,0.7493,50.584,0.0,True,26.0,4840,1.5932,0.98
google,500,10,linear,False,False,0.0,0.4,0.3,0.3,0,0,WOA,carbon,7,0.3333333333333333,CONV,0.049299;0.049299;0.049299;0.049299;0.049299;0.049299;0.049299;0.049299;0.049299;0.049299;0.049295;0.049295;0.049295;0.049295;0.049295;0.049294;0.049292;0.049291;0.049291;0.049291;0.049291;0.049291;0.049291;0.049290;0.049289;0.049289;0.049289;0.049289;0.049289;0.049289;0.049289;0.049289;0.049289;0.049289;0.049289;0.049289;0.049289;0.049289;0.049289;0.049289;0.049289;0.049289;0.049289;0.049289;0.049289;0.049289;0.049289;0.049289;0.049289;0.049289;0.049289;0.049289;0.049289;0.049289;0.049289;0.049289;0.049289;0.049289;0.049289;0.049289;0.049289;0.049289;0.049289;0.049289;0.049289;0.049289;0.049289;0.049289;0.049289;0.049289;0.049289;0.049289;0.049289;0.049289;0.049289;0.049289;0.049289;0.049289;0.049289;0.049289;0.049289;0.049289;0.049289;0.049289;0.049289;0.049289;0.049289;0.049289;0.049289;0.049289;0.049289;0.049289;0.049289;0.049289;0.049289;0.049289;0.049289;0.049289;0.049289;0.049289;0.049289;0.049289;0.049289;0.049289;0.049289;0.049289;0.049289;0.049289;0.049289;0.049289;0.049289;0.049289;0.049289;0.049289;0.049289;0.049289;0.049289;0.049289;0.049289;0.049289,5.26,31.19,35,0.348176,87.6777,26.1753,0.0,0,4.6391,0.7493,51.021,0.0,True,26.0,4840,1.5671,1.02
google,500,10,linear,False,False,0.0,0.4,0.3,0.3,0,0,WOA,carbon,8,0.3333333333333333,CONV,0.050052;0.050052;0.049031;0.049031;0.049031;0.049031;0.049031;0.049031;0.049031;0.049031;0.048337;0.048337;0.048337;0.048337;0.048337;0.048337;0.048337;0.048337;0.048337;0.048337;0.048337;0.048337;0.048337;0.048337;0.048337;0.048337;0.048337;0.048333;0.048333;0.048333;0.048328;0.048328;0.048328;0.048305;0.048305;0.048305;0.048305;0.048305;0.048305;0.048305;0.048305;0.048305;0.048305;0.048305;0.048305;0.048305;0.048305;0.048305;0.048305;0.048305;0.048305;0.048305;0.048305;0.048305;0.048305;0.048305;0.048305;0.048305;0.048305;0.048305;0.048305;0.048305;0.048305;0.048305;0.048305;0.048305;0.048305;0.048305;0.048305;0.048305;0.048305;0.048305;0.048305;0.048305;0.048305;0.048305;0.048305;0.048305;0.048305;0.048305;0.048305;0.048305;0.048305;0.048305;0.048305;0.048305;0.048305;0.048305;0.048305;0.048305;0.048305;0.048305;0.048305;0.048305;0.048305;0.048305;0.048305;0.048305;0.048305;0.048305;0.048305;0.048305;0.048305;0.048305;0.048305;0.048305;0.048305;0.048305;0.048305;0.048305;0.048305;0.048305;0.048305;0.048305;0.048305;0.048305;0.048305;0.048305;0.048305;0.048305,5.26,31.19,35,0.341221,87.9238,27.65,0.0,0,4.5391,0.7343,54.79,0.0,True,26.0,4840,1.541,1.0
google,500,10,linear,False,False,0.0,0.4,0.3,0.3,0,0,WOA,carbon,9,0.3333333333333333,CONV,0.050052;0.050052;0.050052;0.050052;0.050052;0.050052;0.050052;0.050052;0.050052;0.050052;0.050052;0.050052;0.050052;0.050052;0.050052;0.050052;0.050052;0.050052;0.050052;0.050052;0.050052;0.050052;0.050052;0.050052;0.050052;0.050052;0.050052;0.050052;0.050052;0.050052;0.049658;0.049635;0.049635;0.049635;0.049635;0.049635;0.049635;0.049635;0.049635;0.049635;0.049635;0.049635;0.049635;0.049635;0.049635;0.049635;0.049635;0.049635;0.049635;0.049635;0.049635;0.049635;0.049635;0.049635;0.049635;0.049635;0.049635;0.049635;0.049635;0.049635;0.049635;0.049635;0.049635;0.049635;0.049635;0.049635;0.049635;0.049635;0.049635;0.049635;0.049635;0.049635;0.049635;0.049635;0.049635;0.049635;0.049635;0.049635;0.049635;0.049635;0.049635;0.049635;0.049635;0.049635;0.049635;0.049635;0.049635;0.049635;0.049635;0.049635;0.049635;0.049635;0.049635;0.049635;0.049635;0.049635;0.049635;0.049635;0.049635;0.049635;0.049635;0.049635;0.049635;0.049635;0.049635;0.049635;0.049635;0.049635;0.049635;0.049635;0.049635;0.049635;0.049635;0.049635;0.049635;0.049635;0.049635;0.049635;0.049635;0.049635,5.26,31.19,35,0.350617,87.5913,25.6577,0.0,0,4.6391,0.7493,50.187,0.0,True,26.0,4840,1.5592,0.96
google,500,10,linear,False,False,0.0,0.4,0.3,0.3,0,0,WOA,carbon,10,0.3333333333333333,CONV,0.050052;0.050052;0.050052;0.050052;0.050052;0.050052;0.050052;0.050052;0.050052;0.050052;0.050052;0.050052;0.050052;0.050052;0.050052;0.049635;0.049635;0.049635;0.049635;0.049635;0.049635;0.049635;0.049635;0.049635;0.049635;0.049635;0.049635;0.049635;0.049635;0.049635;0.049635;0.049635;0.049635;0.049635;0.049635;0.049635;0.049635;0.049635;0.049635;0.049635;0.049635;0.049635;0.049635;0.049635;0.049635;0.049635;0.049635;0.049635;0.049635;0.049635;0.049635;0.049635;0.049635;0.049635;0.049635;0.049635;0.049635;0.049635;0.049635;0.049635;0.049635;0.049635;0.049635;0.049635;0.049635;0.049635;0.049635;0.049635;0.049635;0.049635;0.049635;0.049635;0.049635;0.049635;0.049635;0.049635;0.049635;0.049635;0.049635;0.049635;0.049635;0.049635;0.049635;0.049635;0.049635;0.049635;0.049635;0.049635;0.049635;0.049635;0.049635;0.049635;0.049635;0.049635;0.049635;0.049635;0.049635;0.049635;0.049635;0.049635;0.049635;0.049635;0.049635;0.049635;0.049635;0.049635;0.049635;0.049635;0.049635;0.049635;0.049635;0.049635;0.049635;0.049635;0.049635;0.049635;0.049635;0.049635;0.049635;0.049635,5.26,31.19,35,0.350617,87.5913,25.6577,0.0,0,4.6391,0.7493,50.187,0.0,True,26.0,4840,1.556,0.93
google,500,20,linear,False,False,0.0,0.4,0.3,0.3,0,0,WOA,random,1,0.3333333333333333,CONV,0.072950;0.065575;0.065569;0.064883;0.064878;0.064876;0.064876;0.064872;0.064864;0.064859;0.064859;0.064859;0.064859;0.064859;0.064859;0.064859;0.064859;0.064859;0.064859;0.064859;0.064859;0.064859;0.064859;0.064363;0.064358;0.064358;0.064358;0.064358;0.064358;0.064358;0.064358;0.064358;0.064358;0.064358;0.064358;0.064358;0.064358;0.064358;0.064358;0.064358;0.064358;0.064358;0.064358;0.064358;0.064358;0.064358;0.064358;0.064358;0.064358;0.064358;0.064358;0.064358;0.064358;0.064358;0.064358;0.064358;0.064358;0.064358;0.064358;0.064358;0.064358;0.064358;0.064358;0.064358;0.064358;0.064358;0.064358;0.064358;0.064358;0.064358;0.064358;0.064358;0.064358;0.064358;0.064358;0.064358;0.064358;0.064358;0.064358;0.064358;0.064358;0.064358;0.064358;0.064358;0.064358;0.064358;0.064358;0.064358;0.064358;0.064358;0.064358;0.064358;0.064358;0.064358;0.064358;0.064358;0.064358;0.064358;0.064358;0.064358;0.064358;0.064358;0.064358;0.064358;0.064358;0.064358;0.064358;0.064358;0.064358;0.064358;0.064358;0.064358;0.064358;0.064358;0.064358;0.064358;0.064358;0.064358;0.064358;0.064358,5.26,31.19,35,0.454619,83.9106,3.6059,0.0,0,5.0391,0.8334,46.814,0.0,True,24.5,4840,1.5593,1.03
google,500,20,linear,False,False,0.0,0.4,0.3,0.3,0,0,WOA,random,2,0.3333333333333333,CONV,0.075281;0.067262;0.065325;0.064922;0.064917;0.064036;0.064036;0.064036;0.064036;0.064036;0.064036;0.064036;0.064036;0.064036;0.064036;0.064036;0.064036;0.064036;0.064036;0.064036;0.064036;0.064036;0.064036;0.064036;0.064036;0.064036;0.064036;0.064036;0.064036;0.064036;0.064036;0.064036;0.064036;0.064036;0.064036;0.064036;0.064036;0.064036;0.064036;0.064036;0.064036;0.064036;0.064036;0.064036;0.064036;0.064036;0.064036;0.064036;0.064036;0.064036;0.064036;0.064036;0.064036;0.064036;0.064036;0.064036;0.064036;0.064036;0.064036;0.064036;0.064036;0.064036;0.064036;0.064036;0.064036;0.064036;0.064036;0.064036;0.064036;0.064036;0.064036;0.064036;0.064036;0.064036;0.064036;0.064036;0.064036;0.064036;0.064036;0.064036;0.064036;0.064036;0.064036;0.064036;0.064036;0.064036;0.064036;0.064036;0.064036;0.064036;0.064036;0.064036;0.064036;0.064036;0.064036;0.064036;0.064036;0.064036;0.064036;0.064036;0.064036;0.064036;0.064036;0.064036;0.064036;0.064036;0.064036;0.064036;0.064036;0.064036;0.064036;0.064036;0.064036;0.064036;0.064036;0.064036;0.064036;0.064036;0.064036;0.064036,5.26,31.19,35,0.452347,83.991,4.0878,0.0,0,5.0391,0.8323,47.372,0.0,True,24.5,4840,1.5519,0.97
google,500,10,linear,False,False,0.0,0.4,0.3,0.3,0,0,DE,random,3,0.3333333333333333,CONV,0.255318;0.249945;0.249945;0.248023;0.243649;0.242534;0.237366;0.237366;0.234282;0.234282;0.233874;0.227089;0.227089;0.227089;0.227089;0.227089;0.227062;0.224773;0.224530;0.223660;0.222508;0.221396;0.221396;0.219372;0.219145;0.218865;0.218414;0.218258;0.217259;0.216116;0.214466;0.214466;0.214466;0.214370;0.213302;0.213236;0.211389;0.211313;0.211313;0.211126;0.210092;0.208695;0.208695;0.208109;0.208109;0.208109;0.207375;0.206886;0.206886;0.206866;0.205733;0.205733;0.205718;0.205712;0.205704;0.205382;0.205382;0.205081;0.204514;0.204514;0.204499;0.203887;0.203880;0.203880;0.203879;0.203870;0.203846;0.203846;0.203836;0.203832;0.203813;0.203798;0.203798;0.203796;0.203796;0.203796;0.203796;0.203793;0.203793;0.203793;0.203792;0.203792;0.203791;0.203791;0.203791;0.203791;0.203791;0.203791;0.203791;0.203791;0.203791;0.203791;0.203791;0.203791;0.203791;0.203791;0.203791;0.203791;0.203791;0.203791;0.203791;0.203791;0.203791;0.203791;0.203791;0.203791;0.203791;0.203791;0.203791;0.203791;0.203791;0.203791;0.203791;0.203791;0.203791;0.203791;0.203791;0.203791;0.203791;0.203791,5.26,31.19,35,0.519841,81.6023,-10.2233,43.4,217,5.4391,0.9248,49.977,0.0,True,36.0,4840,1.6375,1.43
google,500,10,linear,False,False,0.0,0.4,0.3,0.3,0,0,DE,random,4,0.3333333333333333,CONV,0.257989;0.254739;0.253467;0.250324;0.249658;0.249291;0.247001;0.244562;0.243527;0.238455;0.238455;0.237651;0.235018;0.235018;0.234856;0.233839;0.233839;0.231650;0.231650;0.229414;0.228004;0.227851;0.225537;0.222396;0.222396;0.222396;0.222396;0.221906;0.221295;0.220221;0.219296;0.219296;0.219296;0.218947;0.217068;0.217068;0.217068;0.217068;0.216792;0.214594;0.213048;0.213048;0.213048;0.211405;0.210192;0.210192;0.210020;0.210020;0.209425;0.209425;0.209425;0.208992;0.207412;0.207412;0.207091;0.207076;0.206227;0.206209;0.206191;0.206140;0.205502;0.204949;0.203992;0.203741;0.203406;0.203406;0.203406;0.203406;0.202175;0.202175;0.202175;0.202175;0.201841;0.201841;0.201841;0.201534;0.201002;0.201002;0.201002;0.201002;0.201002;0.200727;0.200695;0.200107;0.200096;0.199779;0.199193;0.199193;0.199193;0.199193;0.199193;0.199178;0.199155;0.199155;0.199139;0.199126;0.199126;0.199121;0.199121;0.199104;0.199104;0.199104;0.199104;0.199104;0.199104;0.199093;0.199085;0.199085;0.199085;0.199082;0.199082;0.199081;0.199066;0.199066;0.199065;0.199060;0.199049;0.199043;0.199036;0.199036,5.26,31.19,35,0.511682,81.891,-8.4933,42.2,211,5.3891,0.9196,51.129,0.0,True,34.5,4840,1.6173,1.5
google,500,10,linear,False,False,0.0,0.4,0.3,0.3,0,0,DE,random,5,0.3333333333333333,CONV,0.255506;0.255506;0.255392;0.249929;0.249012;0.245527;0.242506;0.240988;0.240762;0.240762;0.237883;0.235877;0.233618;0.231756;0.227719;0.227719;0.227684;0.225777;0.221025;0.221025;0.220371;0.219958;0.217958;0.217958;0.217958;0.214938;0.214938;0.214938;0.213194;0.213194;0.213194;0.213194;0.211914;0.211914;0.211914;0.211017;0.210979;0.208784;0.207797;0.207186;0.207186;0.207186;0.205902;0.205199;0.205199;0.205185;0.204238;0.204085;0.204085;0.203634;0.203634;0.203623;0.203577;0.203577;0.203577;0.203577;0.203577;0.203577;0.203567;0.203567;0.203562;0.203552;0.203552;0.203552;0.203547;0.203547;0.203541;0.203526;0.203526;0.203526;0.203526;0.203519;0.203517;0.203509;0.203507;0.203506;0.203503;0.203499;0.203489;0.203489;0.203489;0.203489;0.203472;0.203471;0.203471;0.203468;0.203468;0.203468;0.203468;0.203462;0.203462;0.203461;0.203460;0.203460;0.203458;0.203458;0.203457;0.203456;0.203456;0.203456;0.203456;0.203456;0.203456;0.203456;0.203456;0.203456;0.203456;0.203456;0.203456;0.203456;0.203456;0.203456;0.203456;0.203456;0.203456;0.203456;0.203456;0.203456;0.203456;0.203456,5.26,31.19,35,0.53019,81.236,-12.4176,42.8,214,5.5391,0.9354,48.369,0.0,True,35.0,4840,1.5819,1.54
google,500,10,linear,False,False,0.0,0.4,0.3,0.3,0,0,DE,random,6,0.3333333333333333,CONV,0.256294;0.255569;0.252569;0.252226;0.252226;0.246956;0.246956;0.246956;0.237700;0.237700;0.237510;0.232685;0.225855;0.225855;0.225855;0.221838;0.216200;0.216200;0.216200;0.215633;0.215633;0.210544;0.210544;0.210541;0.207794;0.207794;0.206776;0.205727;0.203079;0.202663;0.199964;0.199964;0.199964;0.199689;0.199686;0.197880;0.197853;0.197853;0.196251;0.195271;0.194816;0.194572;0.192602;0.192602;0.190860;0.190860;0.189843;0.189843;0.189843;0.189613;0.188496;0.187270;0.186708;0.186708;0.186362;0.185685;0.184408;0.184408;0.184307;0.182933;0.182933;0.182772;0.182725;0.182266;0.182254;0.181057;0.179916;0.179916;0.179653;0.179513;0.178711;0.178711;0.178711;0.178667;0.178086;0.178086;0.178086;0.178086;0.178086;0.177580;0.177580;0.177112;0.177112;0.177112;0.177112;0.177087;0.176954;0.176954;0.176954;0.176954;0.176951;0.176951;0.176951;0.176940;0.176931;0.176931;0.176917;0.176906;0.176906;0.176902;0.176878;0.176878;0.176878;0.176878;0.176878;0.176875;0.176873;0.176873;0.176869;0.176855;0.176846;0.176846;0.176846;0.176846;0.176846;0.176845;0.176836;0.176836;0.176836;0.176827,5.26,31.19,35,0.507381,82.0433,-7.5814,35.0,175,5.3391,0.9047,51.981,0.0,True,33.5,4840,1.5618,1.53
google,500,10,linear,False,False,0.0,0.4,0.3,0.3,0,0,DE,random,7,0.3333333333333333,CONV,0.245189;0.245189;0.245189;0.242619;0.242619;0.242347;0.240816;0.240176;0.237801;0.237801;0.234553;0.234037;0.233415;0.233129;0.232822;0.231948;0.231948;0.229944;0.228060;0.228060;0.228060;0.227552;0.227535;0.226224;0.224431;0.223788;0.223348;0.221525;0.220713;0.219499;0.219499;0.219499;0.219384;0.217760;0.217760;0.216526;0.216023;0.215302;0.215302;0.213531;0.213531;0.213531;0.213429;0.212906;0.212906;0.212609;0.212206;0.212206;0.211578;0.210993;0.210984;0.210827;0.210827;0.210827;0.210066;0.210066;0.210028;0.210027;0.209627;0.209433;0.209433;0.209432;0.209425;0.209410;0.209391;0.209391;0.209375;0.209369;0.209369;0.208979;0.208979;0.208979;0.208979;0.208979;0.208976;0.208976;0.208975;0.208973;0.208972;0.208970;0.208970;0.208965;0.208965;0.208962;0.208959;0.208958;0.208958;0.208957;0.208956;0.208955;0.208955;0.208955;0.208953;0.208953;0.208953;0.208953;0.208953;0.208953;0.208953;0.208953;0.208953;0.208953;0.208953;0.208953;0.208953;0.208953;0.208953;0.208953;0.208953;0.208953;0.208953;0.208953;0.208953;0.208953;0.208953;0.208953;0.208953;0.208953;0.208953;0.208953,5.26,31.19,35,0.526637,81.3618,-11.6643,44.8,224,5.4391,0.9278,50.304,0.0,True,32.5,4840,1.57,1.47
google,500,10,linear,False,False,0.0,0.4,0.3,0.3,0,0,DE,random,8,0.3333333333333333,CONV,0.256422;0.254572;0.254572;0.253092;0.245784;0.245784;0.245357;0.245357;0.244072;0.243584;0.243584;0.242739;0.240223;0.239326;0.239326;0.233522;0.232152;0.231975;0.231975;0.231791;0.229129;0.229129;0.228759;0.224766;0.223583;0.223162;0.223162;0.220615;0.219871;0.218268;0.216787;0.216635;0.216148;0.215698;0.214428;0.214428;0.213747;0.213443;0.212577;0.212367;0.212367;0.211506;0.210889;0.210780;0.210234;0.210234;0.210225;0.209252;0.208875;0.208848;0.208186;0.208186;0.208186;0.208177;0.208164;0.208161;0.208161;0.208149;0.208145;0.208143;0.208143;0.208126;0.208126;0.208126;0.208125;0.208113;0.208110;0.208105;0.208100;0.208094;0.208089;0.208083;0.208076;0.208076;0.208070;0.208069;0.208067;0.208067;0.208067;0.208065;0.208065;0.208064;0.208063;0.208063;0.208061;0.208061;0.208061;0.208061;0.208061;0.208061;0.208061;0.208061;0.208061;0.208061;0.208061;0.208061;0.208061;0.208061;0.208061;0.208061;0.208061;0.208061;0.208061;0.208061;0.208061;0.208061;0.208061;0.208061;0.208061;0.208061;0.208061;0.208061;0.208061;0.208061;0.208061;0.208061;0.208061;0.208061;0.208061;0.208061,5.26,31.19,35,0.520338,81.5847,-10.3287,44.8,224,5.4391,0.9171,50.13,0.0,True,33.0,4840,1.573,1.44
google,500,10,linear,False,False,0.0,0.4,0.3,0.3,0,0,DE,random,9,0.3333333333333333,CONV,0.259334;0.258311;0.249993;0.245824;0.241842;0.241842;0.241842;0.241842;0.241842;0.240926;0.239431;0.233511;0.233511;0.233511;0.233511;0.233511;0.232869;0.231943;0.230045;0.230045;0.228320;0.228320;0.228001;0.228001;0.227405;0.226876;0.226876;0.225103;0.224388;0.224388;0.224388;0.224388;0.224388;0.222923;0.222599;0.221958;0.220825;0.220818;0.220553;0.220550;0.219595;0.219595;0.219595;0.218799;0.218799;0.218686;0.217968;0.217665;0.216952;0.216546;0.216546;0.216269;0.215933;0.215799;0.215579;0.215304;0.214748;0.214728;0.214550;0.214205;0.214205;0.214161;0.213718;0.213344;0.213344;0.213344;0.213323;0.213321;0.213321;0.213320;0.213314;0.213308;0.213308;0.213308;0.213305;0.213305;0.213303;0.213303;0.213301;0.213299;0.213299;0.213296;0.213296;0.213291;0.213284;0.213282;0.213282;0.213280;0.213280;0.213280;0.213278;0.213278;0.213278;0.213277;0.213277;0.213277;0.213277;0.213277;0.213277;0.213277;0.213277;0.213277;0.213277;0.213277;0.213277;0.213277;0.213277;0.213277;0.213277;0.213277;0.213277;0.213277;0.213277;0.213277;0.213277;0.213277;0.213277;0.213277;0.213277;0.213277,5.26,31.19,35,0.510557,81.9309,-8.2547,47.0,235,5.3891,0.9178,50.893,0.0,True,33.5,4840,1.5894,1.46
google,500,10,linear,False,False,0.0,0.4,0.3,0.3,0,0,DE,random,10,0.3333333333333333,CONV,0.259516;0.259516;0.259143;0.250689;0.250378;0.249491;0.249491;0.246174;0.245324;0.242051;0.242051;0.240329;0.239039;0.237557;0.234615;0.233324;0.233148;0.233148;0.229778;0.228248;0.228088;0.227991;0.226711;0.225305;0.221932;0.221932;0.221142;0.220783;0.219149;0.217028;0.214494;0.214494;0.214273;0.213425;0.212974;0.209131;0.207259;0.207259;0.207259;0.203822;0.203822;0.203822;0.203822;0.201200;0.201200;0.201200;0.200266;0.200266;0.197382;0.197382;0.197185;0.194433;0.194433;0.193904;0.192821;0.192810;0.191963;0.191963;0.191963;0.188394;0.188394;0.188394;0.188394;0.188394;0.188070;0.187903;0.186022;0.182884;0.181900;0.181900;0.181872;0.181872;0.181872;0.180962;0.180777;0.180056;0.179374;0.179374;0.179374;0.179332;0.179332;0.179332;0.178427;0.178427;0.178018;0.178018;0.177594;0.177226;0.177127;0.177127;0.177125;0.177104;0.177104;0.176472;0.176472;0.176472;0.176458;0.176458;0.176457;0.176457;0.176457;0.176398;0.176374;0.176374;0.176374;0.176374;0.176374;0.176374;0.176359;0.176359;0.176352;0.176352;0.176349;0.176349;0.176349;0.176349;0.176344;0.176344;0.176344;0.176339,5.26,31.19,35,0.495458,82.4652,-5.0532,35.4,177,5.2891,0.9072,52.211,0.0,True,31.5,4840,1.5882,1.56
google,500,10,linear,False,False,0.0,0.4,0.3,0.3,0,0,PSO,random,5,0.3333333333333333,CONV,0.248440;0.248440;0.248440;0.248440;0.248440;0.247707;0.247707;0.246731;0.244691;0.244691;0.244691;0.244691;0.244691;0.244691;0.244484;0.241475;0.241475;0.241475;0.241475;0.241475;0.241475;0.241475;0.241475;0.241475;0.241471;0.241471;0.241471;0.241471;0.241471;0.241471;0.241471;0.241471;0.241471;0.241471;0.241471;0.241471;0.239916;0.239916;0.239916;0.237855;0.237855;0.237855;0.237855;0.236749;0.236749;0.236749;0.235693;0.235693;0.235693;0.235238;0.235238;0.235238;0.235238;0.235237;0.235237;0.235237;0.235237;0.233604;0.233604;0.233604;0.231684;0.231684;0.231021;0.231021;0.231021;0.231021;0.231021;0.231021;0.229005;0.229005;0.229005;0.229005;0.227797;0.227797;0.227797;0.227797;0.227797;0.227797;0.227797;0.227797;0.227797;0.227797;0.227797;0.227797;0.227797;0.227797;0.227797;0.227797;0.227797;0.227797;0.227169;0.227169;0.227169;0.227169;0.226170;0.225718;0.225718;0.225718;0.225718;0.225164;0.225164;0.224506;0.224506;0.224506;0.224506;0.224506;0.224506;0.224506;0.224506;0.223723;0.223723;0.223723;0.223723;0.223191;0.223191;0.223191;0.223191;0.223191;0.223191;0.223191,5.26,31.19,35,0.504305,82.1521,-6.929,50.6,253,5.3391,0.9141,51.966,0.0,True,32.5,4840,1.6931,1.85
google,500,10,linear,False,False,0.0,0.4,0.3,0.3,0,0,PSO,random,6,0.3333333333333333,CONV,0.253941;0.253941;0.252307;0.251500;0.251500;0.251208;0.251208;0.251208;0.251208;0.249295;0.249295;0.249295;0.249141;0.247102;0.244562;0.244562;0.243819;0.243819;0.242504;0.242504;0.242504;0.240257;0.240257;0.240257;0.239258;0.239156;0.238171;0.237524;0.237519;0.237519;0.237519;0.237519;0.233502;0.233502;0.233502;0.232333;0.232333;0.232333;0.232333;0.232333;0.232329;0.232329;0.228535;0.228523;0.227685;0.227685;0.227685;0.227685;0.227685;0.227685;0.227685;0.227685;0.227685;0.227107;0.227107;0.227107;0.227107;0.227107;0.227107;0.227101;0.227101;0.227101;0.227101;0.225779;0.225779;0.225779;0.224491;0.224491;0.224491;0.224491;0.223702;0.222367;0.222367;0.222071;0.221939;0.221939;0.221939;0.221939;0.221021;0.221021;0.221021;0.221021;0.221021;0.221021;0.221021;0.219837;0.219837;0.219837;0.218268;0.217967;0.217967;0.217701;0.217701;0.217701;0.217701;0.217701;0.217681;0.217681;0.217681;0.215384;0.215384;0.215384;0.215384;0.214185;0.214185;0.214185;0.214185;0.214185;0.214185;0.214185;0.214185;0.214185;0.214185;0.214185;0.214185;0.214185;0.214185;0.214185;0.213038;0.212900,5.26,31.19,35,0.495182,82.475,-4.9947,47.6,238,5.3891,0.912,50.831,0.0,True,30.5,4840,1.6429,1.91
google,500,10,linear,False,False,0.0,0.4,0.3,0.3,0,0,PSO,random,7,0.3333333333333333,CONV,0.249297;0.247847;0.247847;0.247847;0.245200;0.245200;0.245200;0.245200;0.245200;0.245200;0.245200;0.245200;0.244982;0.244982;0.244982;0.243921;0.243921;0.243921;0.242773;0.242773;0.242773;0.242773;0.239723;0.239723;0.239723;0.238862;0.238085;0.238085;0.238085;0.238085;0.236438;0.236438;0.236438;0.236438;0.236438;0.236438;0.236438;0.236438;0.236438;0.236438;0.236438;0.236438;0.236438;0.236438;0.236438;0.236438;0.236438;0.236438;0.236438;0.236438;0.236438;0.236438;0.236438;0.236438;0.236438;0.236438;0.236438;0.236438;0.236438;0.236438;0.236438;0.236438;0.236438;0.233873;0.233873;0.233873;0.233495;0.232867;0.232867;0.232867;0.230802;0.230802;0.230802;0.230802;0.229780;0.229780;0.229780;0.229780;0.229780;0.229780;0.229780;0.229780;0.229780;0.229780;0.229780;0.229780;0.229780;0.229780;0.229780;0.229780;0.229780;0.229780;0.229780;0.229780;0.229780;0.229780;0.229780;0.229780;0.229780;0.229780;0.229780;0.229780;0.229780;0.229780;0.229335;0.229335;0.229335;0.229335;0.229335;0.229335;0.229335;0.229334;0.226667;0.224636;0.224636;0.223809;0.223809;0.223809;0.223809;0.223809,5.26,31.19,35,0.500189,82.2978,-6.0564,51.0,255,5.2891,0.904,52.798,0.0,True,33.0,4840,1.6265,1.67
google,500,10,linear,False,False,0.0,0.4,0.3,0.3,0,0,PSO,random,8,0.3333333333333333,CONV,0.257804;0.255336;0.255336;0.252660;0.252660;0.251573;0.251536;0.251536;0.251536;0.250265;0.250265;0.250265;0.249682;0.249682;0.249682;0.248699;0.246760;0.246760;0.246760;0.245495;0.244496;0.244481;0.244124;0.244116;0.244116;0.244116;0.244116;0.244116;0.244116;0.244116;0.244116;0.244116;0.244116;0.244116;0.244116;0.244116;0.244116;0.244116;0.244116;0.244116;0.244116;0.244116;0.244116;0.244116;0.243326;0.243175;0.243175;0.242794;0.241985;0.241985;0.241985;0.241985;0.241985;0.241985;0.241985;0.240822;0.240822;0.240162;0.240162;0.240162;0.240162;0.240162;0.240162;0.240162;0.240162;0.240162;0.238569;0.238569;0.238569;0.237741;0.237741;0.237741;0.237741;0.236743;0.236743;0.236743;0.236743;0.236743;0.236743;0.236743;0.236694;0.235836;0.235217;0.235217;0.235208;0.233605;0.233605;0.231022;0.231022;0.231022;0.231022;0.230425;0.230425;0.230425;0.230425;0.230413;0.226809;0.226809;0.226809;0.226809;0.226809;0.226798;0.226798;0.226798;0.226798;0.226798;0.226798;0.226798;0.226798;0.226798;0.226798;0.226798;0.226798;0.226798;0.226509;0.226464;0.226464;0.226464;0.225663;0.225663,5.26,31.19,35,0.521767,81.5341,-10.6316,50.6,253,5.5391,0.943,48.459,0.0,True,33.0,4840,1.5998,1.86
google,500,10,linear,False,False,0.0,0.4,0.3,0.3,0,0,PSO,random,9,0.3333333333333333,CONV,0.255338;0.254576;0.250817;0.250817;0.250817;0.250817;0.250817;0.250817;0.250817;0.249733;0.249733;0.249733;0.249733;0.249733;0.249733;0.248333;0.248333;0.248333;0.248333;0.246281;0.246281;0.245670;0.245670;0.245670;0.245663;0.245663;0.245663;0.245663;0.245663;0.245663;0.245663;0.245663;0.245663;0.245663;0.245663;0.245663;0.245663;0.245663;0.245663;0.245663;0.245663;0.245663;0.245663;0.245663;0.245650;0.245650;0.245650;0.245650;0.245650;0.245650;0.245650;0.245650;0.245650;0.245650;0.245650;0.244305;0.244305;0.244305;0.244305;0.244305;0.244305;0.244305;0.243718;0.240045;0.240045;0.239302;0.239302;0.239302;0.239302;0.238741;0.238741;0.238714;0.238714;0.238714;0.238714;0.238714;0.238714;0.238714;0.238714;0.238714;0.238714;0.238714;0.238714;0.238714;0.238714;0.238714;0.238714;0.237411;0.237411;0.237411;0.236174;0.236174;0.236154;0.236154;0.236148;0.236148;0.236148;0.236148;0.236148;0.236148;0.236148;0.236148;0.236148;0.236148;0.236148;0.236148;0.236148;0.236148;0.235351;0.235351;0.235351;0.235351;0.235351;0.235351;0.235351;0.235351;0.235351;0.235351;0.235351;0.235351,5.26,31.19,35,0.513908,81.8123,-8.9652,54.2,271,5.4391,0.9197,49.95,0.0,True,33.0,4840,1.6164,1.68
google,500,10,linear,False,False,0.0,0.4,0.3,0.3,0,0,PSO,random,10,0.3333333333333333,CONV,0.254139;0.252781;0.252781;0.252781;0.252781;0.251747;0.251747;0.251747;0.251747;0.251747;0.251747;0.251747;0.251747;0.251747;0.249928;0.249928;0.249928;0.246494;0.246494;0.246494;0.244078;0.244078;0.244078;0.244078;0.244078;0.244078;0.244078;0.242903;0.242903;0.242903;0.242903;0.242903;0.242903;0.242880;0.242879;0.242877;0.242877;0.241376;0.239687;0.239687;0.238425;0.236709;0.236709;0.234986;0.234986;0.234986;0.234986;0.234986;0.234986;0.234366;0.234362;0.234362;0.234362;0.234362;0.234362;0.234362;0.234362;0.234362;0.234362;0.234362;0.234362;0.234362;0.234362;0.234362;0.234362;0.234362;0.234362;0.234362;0.234362;0.234362;0.234362;0.234362;0.234362;0.234362;0.234362;0.234362;0.232265;0.232265;0.232265;0.232265;0.232258;0.232258;0.232258;0.232258;0.232258;0.231175;0.231175;0.231175;0.230154;0.230112;0.230067;0.229484;0.229484;0.229478;0.228900;0.228900;0.228900;0.228900;0.228900;0.228900;0.228900;0.228442;0.228442;0.228442;0.228096;0.228096;0.228096;0.228094;0.228094;0.228094;0.228094;0.227339;0.227339;0.227339;0.227339;0.226935;0.226935;0.226935;0.226935;0.226935,5.26,31.19,35,0.501079,82.2663,-6.2451,52.0,260,5.3391,0.913,51.66,0.0,True,30.5,4840,1.6171,1.8
google,500,10,linear,False,False,0.0,0.4,0.3,0.3,0,0,DE,random,1,0.3333333333333333,CONV,0.248791;0.248791;0.242473;0.242473;0.242473;0.242203;0.241102;0.240756;0.238869;0.237695;0.236396;0.235033;0.234423;0.233505;0.233020;0.231748;0.231004;0.228383;0.227673;0.227673;0.227636;0.225834;0.225448;0.224740;0.224740;0.224740;0.224046;0.223102;0.222832;0.222161;0.222035;0.220794;0.219302;0.219302;0.219302;0.217675;0.217675;0.217180;0.217180;0.217180;0.216572;0.216250;0.215836;0.214733;0.214733;0.214733;0.214582;0.212877;0.212877;0.212877;0.212528;0.211676;0.211015;0.210734;0.210602;0.210386;0.210386;0.209990;0.209025;0.209025;0.209025;0.209025;0.208820;0.208813;0.208345;0.207603;0.207603;0.207029;0.207029;0.207022;0.206505;0.206505;0.205898;0.205883;0.205878;0.205878;0.205309;0.204872;0.204872;0.204872;0.204872;0.204833;0.204833;0.204833;0.204833;0.204833;0.204833;0.204833;0.204833;0.204828;0.204812;0.204812;0.204811;0.204799;0.204799;0.204770;0.204770;0.204770;0.204761;0.204761;0.204761;0.204753;0.204750;0.204750;0.204745;0.204745;0.204738;0.204738;0.204738;0.204731;0.204731;0.204731;0.204731;0.204731;0.204728;0.204726;0.204726;0.204725;0.204724;0.204724,5.26,31.19,35,0.509481,81.9689,-8.0267,44.2,221,5.4391,0.9207,49.454,0.0,True,32.0,4840,1.5904,1.56
google,500,10,linear,False,False,0.0,0.4,0.3,0.3,0,0,DE,random,2,0.3333333333333333,CONV,0.258278;0.251982;0.249708;0.249708;0.249708;0.247796;0.243524;0.240312;0.239183;0.237793;0.237793;0.237793;0.233991;0.233062;0.230461;0.228464;0.228153;0.228153;0.223742;0.220247;0.220247;0.220247;0.220176;0.220176;0.217988;0.217802;0.216023;0.215505;0.215189;0.215189;0.212788;0.212788;0.211033;0.210348;0.210348;0.207741;0.207741;0.205672;0.205672;0.205672;0.202506;0.202506;0.202506;0.201885;0.201494;0.201494;0.201494;0.201260;0.200366;0.200244;0.199633;0.199633;0.198831;0.198831;0.198549;0.198141;0.196945;0.196858;0.195478;0.195478;0.195036;0.195036;0.195036;0.194805;0.194800;0.194454;0.194010;0.194003;0.193993;0.193993;0.193993;0.193993;0.193991;0.193991;0.193989;0.193989;0.193979;0.193974;0.193974;0.193968;0.193967;0.193963;0.193963;0.193961;0.193955;0.193955;0.193955;0.193953;0.193953;0.193949;0.193949;0.193949;0.193948;0.193948;0.193948;0.193948;0.193948;0.193948;0.193948;0.193948;0.193948;0.193948;0.193948;0.193948;0.193948;0.193948;0.193948;0.193948;0.193948;0.193948;0.193948;0.193948;0.193948;0.193948;0.193948;0.193948;0.193948;0.193948;0.193948;0.193948,5.26,31.19,35,0.518127,81.6629,-9.8599,40.2,201,5.4391,0.9203,50.304,0.0,True,34.5,4840,1.5798,1.47
google,500,20,linear,False,False,0.0,0.4,0.3,0.3,0,0,GWO,random,9,0.3333333333333333,CONV,0.256567;0.243390;0.235475;0.225399;0.215541;0.203988;0.191302;0.187253;0.177288;0.169269;0.164842;0.156055;0.150754;0.146853;0.140487;0.137154;0.132678;0.132678;0.129118;0.123642;0.119130;0.116070;0.112039;0.112039;0.112039;0.102781;0.102781;0.102781;0.100687;0.099370;0.094179;0.091268;0.088594;0.088594;0.088594;0.088594;0.088594;0.088076;0.087522;0.086184;0.086184;0.086184;0.086184;0.086087;0.084384;0.083184;0.080305;0.080305;0.077679;0.075907;0.075907;0.075907;0.075907;0.075907;0.075336;0.074077;0.073941;0.073941;0.073941;0.073407;0.073407;0.073162;0.073162;0.073162;0.073162;0.073050;0.073050;0.073050;0.073050;0.072963;0.072920;0.071700;0.070632;0.070632;0.070563;0.070563;0.069708;0.069708;0.069708;0.069708;0.069708;0.069708;0.067663;0.067663;0.067663;0.067663;0.067663;0.067663;0.067663;0.067663;0.067581;0.067581;0.067581;0.067581;0.067581;0.067067;0.067043;0.067009;0.066967;0.066966;0.066334;0.066203;0.066193;0.066193;0.065604;0.065564;0.065563;0.065520;0.065520;0.065515;0.065489;0.065488;0.065479;0.065478;0.065477;0.065457;0.065457;0.065457;0.065457;0.065457,5.26,31.19,35,0.445429,84.2358,5.5545,0.8,4,4.9891,0.837,56.333,0.0,True,25.0,4840,2.0537,1.58
google,500,20,linear,False,False,0.0,0.4,0.3,0.3,0,0,GWO,random,10,0.3333333333333333,CONV,0.250949;0.240665;0.228854;0.215801;0.211955;0.203869;0.186159;0.182648;0.176452;0.172257;0.167287;0.165095;0.157635;0.153387;0.147103;0.143087;0.139442;0.134103;0.133408;0.130977;0.125120;0.123727;0.123395;0.119173;0.116049;0.112312;0.106390;0.102661;0.102661;0.102661;0.102661;0.102661;0.102323;0.099960;0.098357;0.098331;0.095235;0.092898;0.090872;0.090872;0.090755;0.090755;0.090755;0.090440;0.089572;0.087751;0.085151;0.083087;0.083087;0.082659;0.082654;0.082654;0.082654;0.082557;0.080786;0.080786;0.080495;0.080019;0.079636;0.079636;0.079636;0.079636;0.079300;0.079300;0.078976;0.078976;0.077940;0.077616;0.076860;0.076123;0.075859;0.075859;0.075540;0.074589;0.074339;0.073808;0.073615;0.073615;0.073615;0.072879;0.072879;0.072879;0.072879;0.072879;0.072879;0.072879;0.072879;0.072879;0.072879;0.072879;0.072362;0.072362;0.072362;0.071665;0.071665;0.071665;0.071665;0.071525;0.070792;0.070792;0.070792;0.070792;0.070792;0.070792;0.070786;0.070747;0.070747;0.070747;0.070747;0.070747;0.070735;0.070728;0.070721;0.070709;0.070709;0.070708;0.070699;0.070694;0.070692;0.070692,5.26,31.19,35,0.448501,84.1271,4.9031,2.4,12,5.0391,0.8528,53.708,0.0,True,24.5,4840,2.0064,1.56
google,500,20,linear,False,False,0.0,0.4,0.3,0.3,0,0,PSO,random,1,0.3333333333333333,CONV,0.254729;0.251192;0.251192;0.251192;0.251192;0.250879;0.245927;0.245927;0.245927;0.245927;0.245927;0.245752;0.245752;0.245752;0.245752;0.245734;0.245734;0.245734;0.245734;0.245620;0.245291;0.245280;0.245280;0.242264;0.242264;0.242264;0.242264;0.242264;0.242264;0.242264;0.242264;0.242264;0.242264;0.242264;0.242264;0.242264;0.242264;0.242264;0.242264;0.242264;0.242264;0.242264;0.242264;0.242264;0.242264;0.242264;0.242264;0.242264;0.242264;0.241495;0.241495;0.241495;0.241097;0.241097;0.241097;0.240050;0.237616;0.237616;0.237616;0.235931;0.235931;0.235931;0.232197;0.232197;0.232197;0.232197;0.232197;0.232187;0.232187;0.232187;0.232187;0.232186;0.232186;0.232186;0.232186;0.232186;0.232186;0.232186;0.232186;0.232186;0.232186;0.232186;0.229817;0.229817;0.229817;0.229188;0.229177;0.228648;0.228648;0.228648;0.228648;0.228648;0.228648;0.228648;0.228648;0.228648;0.228648;0.228648;0.228648;0.228648;0.228648;0.228648;0.228648;0.228648;0.226686;0.226113;0.226113;0.225667;0.225667;0.225667;0.225667;0.225667;0.225189;0.225189;0.224060;0.223898;0.223898;0.223296;0.223296;0.223163,5.26,31.19,35,0.499867,82.3092,-5.988,50.8,254,5.2891,0.9098,52.804,0.0,True,30.5,4840,1.6211,1.88
google,500,20,linear,False,False,0.0,0.4,0.3,0.3,0,0,PSO,random,2,0.3333333333333333,CONV,0.251970;0.251970;0.251970;0.251970;0.251970;0.251970;0.251970;0.251970;0.251077;0.251077;0.251077;0.251077;0.251077;0.251077;0.251077;0.251077;0.251077;0.251077;0.251077;0.251077;0.251077;0.251077;0.251077;0.249574;0.249574;0.249574;0.249574;0.248096;0.248096;0.246493;0.244689;0.244689;0.244689;0.244689;0.244411;0.244411;0.244411;0.244411;0.243962;0.242504;0.241879;0.241879;0.241879;0.241879;0.241208;0.241208;0.240615;0.240615;0.240608;0.240608;0.240608;0.240608;0.240608;0.240608;0.240608;0.240608;0.240384;0.240384;0.240384;0.240384;0.240384;0.240384;0.240372;0.240372;0.240372;0.240372;0.240372;0.240372;0.240372;0.240372;0.240372;0.240372;0.240372;0.240372;0.240372;0.240372;0.240372;0.240372;0.240372;0.240372;0.240372;0.240372;0.240372;0.240372;0.240372;0.239960;0.239591;0.237164;0.237164;0.237133;0.236824;0.236824;0.236824;0.235449;0.235449;0.235449;0.235449;0.235449;0.235449;0.235449;0.235449;0.235449;0.235449;0.235449;0.235449;0.235449;0.235449;0.235395;0.235395;0.235395;0.235395;0.235395;0.235233;0.234804;0.234804;0.234804;0.234804;0.234804;0.234804;0.234804,5.26,31.19,35,0.510048,81.9489,-8.1467,54.2,271,5.3891,0.9151,51.142,0.0,True,30.5,4840,1.6089,1.75
google,500,20,linear,False,False,0.0,0.4,0.3,0.3,0,0,PSO,random,3,0.3333333333333333,CONV,0.257620;0.257620;0.257060;0.257060;0.257060;0.257060;0.257060;0.257060;0.257060;0.257060;0.257060;0.257060;0.257060;0.257060;0.257060;0.257060;0.257060;0.257060;0.257060;0.257060;0.257060;0.257060;0.257060;0.257060;0.257060;0.257060;0.257060;0.256150;0.250963;0.250963;0.249855;0.249855;0.249761;0.249761;0.249761;0.249761;0.249761;0.249761;0.249761;0.249761;0.245609;0.245609;0.245609;0.245609;0.245609;0.245609;0.245609;0.245609;0.245609;0.245609;0.245609;0.243697;0.243697;0.243697;0.243697;0.242019;0.242019;0.242019;0.242019;0.242019;0.240837;0.240837;0.240837;0.240837;0.240837;0.240837;0.240657;0.240657;0.240534;0.240534;0.240534;0.240534;0.240534;0.240534;0.240534;0.240534;0.240534;0.240534;0.240534;0.240534;0.239931;0.239931;0.239931;0.239931;0.239931;0.239931;0.239929;0.239929;0.239929;0.239929;0.239929;0.239926;0.239116;0.238875;0.238648;0.238582;0.237684;0.237684;0.237684;0.237684;0.237684;0.237684;0.237684;0.237681;0.237679;0.237679;0.237679;0.237679;0.237679;0.237679;0.237679;0.237679;0.237679;0.237679;0.237679;0.237679;0.237679;0.237679;0.237679;0.237679,5.26,31.19,35,0.521879,81.5302,-10.6554,54.6,273,5.4391,0.9313,50.309,0.0,True,32.0,4840,1.6224,1.7
google,500,20,linear,False,False,0.0,0.4,0.3,0.3,0,0,PSO,random,4,0.3333333333333333,CONV,0.254802;0.253778;0.245637;0.245637;0.245637;0.245637;0.239377;0.239377;0.239377;0.239377;0.239377;0.239377;0.236724;0.235852;0.235852;0.235852;0.235710;0.235710;0.235710;0.235710;0.235710;0.235710;0.235710;0.234368;0.234368;0.234368;0.234368;0.234368;0.234368;0.234368;0.234368;0.234368;0.234368;0.234368;0.234368;0.233465;0.233465;0.232392;0.232392;0.232392;0.232392;0.232392;0.232392;0.232391;0.232391;0.232391;0.231525;0.231525;0.231380;0.231380;0.231380;0.231380;0.231368;0.231362;0.230164;0.227514;0.227514;0.227514;0.227514;0.227514;0.226908;0.226903;0.226903;0.226903;0.226903;0.226903;0.226903;0.226903;0.226903;0.226903;0.226903;0.226903;0.226903;0.226903;0.226903;0.226903;0.226903;0.226903;0.226903;0.226903;0.226707;0.226707;0.226707;0.226504;0.226239;0.226239;0.225918;0.225561;0.225561;0.225561;0.225561;0.225561;0.225561;0.225561;0.224457;0.224040;0.224040;0.224040;0.224040;0.224016;0.223206;0.223206;0.223200;0.223200;0.223200;0.223200;0.223200;0.223198;0.223194;0.223194;0.223194;0.223180;0.223180;0.223180;0.221661;0.221661;0.221410;0.221410;0.221410;0.221410,5.26,31.19,35,0.508676,81.9974,-7.8558,49.8,249,5.4891,0.9136,49.361,0.0,True,31.5,4840,1.6294,1.87
google,500,20,linear,False,False,0.0,0.4,0.3,0.3,0,0,PSO,random,5,0.3333333333333333,CONV,0.248440;0.248440;0.248440;0.248440;0.248440;0.247707;0.247707;0.246731;0.244691;0.244691;0.244691;0.244691;0.244691;0.244691;0.244484;0.241475;0.241475;0.241475;0.241475;0.241475;0.241475;0.241475;0.241475;0.241475;0.241471;0.241471;0.241471;0.241471;0.241471;0.241471;0.241471;0.241471;0.241471;0.241471;0.241471;0.241471;0.239916;0.239916;0.239916;0.237855;0.237855;0.237855;0.237855;0.236749;0.236749;0.236749;0.235693;0.235693;0.235693;0.235238;0.235238;0.235238;0.235238;0.235237;0.235237;0.235237;0.235237;0.233604;0.233604;0.233604;0.231684;0.231684;0.231021;0.231021;0.231021;0.231021;0.231021;0.231021;0.229005;0.229005;0.229005;0.229005;0.227797;0.227797;0.227797;0.227797;0.227797;0.227797;0.227797;0.227797;0.227797;0.227797;0.227797;0.227797;0.227797;0.227797;0.227797;0.227797;0.227797;0.227797;0.227169;0.227169;0.227169;0.227169;0.226170;0.225718;0.225718;0.225718;0.225718;0.225164;0.225164;0.224506;0.224506;0.224506;0.224506;0.224506;0.224506;0.224506;0.224506;0.223723;0.223723;0.223723;0.223723;0.223191;0.223191;0.223191;0.223191;0.223191;0.223191;0.223191,5.26,31.19,35,0.504305,82.1521,-6.929,50.6,253,5.3391,0.9141,51.966,0.0,True,32.5,4840,1.6369,1.78
google,500,20,linear,False,False,0.0,0.4,0.3,0.3,0,0,PSO,random,6,0.3333333333333333,CONV,0.253941;0.253941;0.252307;0.251500;0.251500;0.251208;0.251208;0.251208;0.251208;0.249295;0.249295;0.249295;0.249141;0.247102;0.244562;0.244562;0.243819;0.243819;0.242504;0.242504;0.242504;0.240257;0.240257;0.240257;0.239258;0.239156;0.238171;0.237524;0.237519;0.237519;0.237519;0.237519;0.233502;0.233502;0.233502;0.232333;0.232333;0.232333;0.232333;0.232333;0.232329;0.232329;0.228535;0.228523;0.227685;0.227685;0.227685;0.227685;0.227685;0.227685;0.227685;0.227685;0.227685;0.227107;0.227107;0.227107;0.227107;0.227107;0.227107;0.227101;0.227101;0.227101;0.227101;0.225779;0.225779;0.225779;0.224491;0.224491;0.224491;0.224491;0.223702;0.222367;0.222367;0.222071;0.221939;0.221939;0.221939;0.221939;0.221021;0.221021;0.221021;0.221021;0.221021;0.221021;0.221021;0.219837;0.219837;0.219837;0.218268;0.217967;0.217967;0.217701;0.217701;0.217701;0.217701;0.217701;0.217681;0.217681;0.217681;0.215384;0.215384;0.215384;0.215384;0.214185;0.214185;0.214185;0.214185;0.214185;0.214185;0.214185;0.214185;0.214185;0.214185;0.214185;0.214185;0.214185;0.214185;0.214185;0.213038;0.212900,5.26,31.19,35,0.495182,82.475,-4.9947,47.6,238,5.3891,0.912,50.831,0.0,True,30.5,4840,1.6509,1.95
google,500,10,linear,False,False,0.0,0.4,0.3,0.3,0,0,WOA,random,9,0.3333333333333333,CONV,0.074819;0.066201;0.065022;0.065022;0.064985;0.064304;0.064304;0.064304;0.064304;0.064304;0.064304;0.064304;0.064304;0.064304;0.064304;0.064304;0.064304;0.064304;0.064304;0.064304;0.064304;0.064304;0.064304;0.064304;0.064304;0.064304;0.064304;0.064304;0.064304;0.064304;0.064304;0.064304;0.064304;0.064304;0.064304;0.064304;0.064304;0.064304;0.064304;0.064304;0.064304;0.064304;0.064304;0.064304;0.064304;0.064304;0.064304;0.064304;0.064304;0.064304;0.064304;0.064304;0.064304;0.064304;0.064304;0.064304;0.064304;0.064304;0.064304;0.064304;0.064304;0.064304;0.064304;0.064304;0.064304;0.064304;0.064304;0.064304;0.064304;0.064304;0.064304;0.064304;0.064304;0.064304;0.064304;0.064304;0.064304;0.064304;0.064304;0.064304;0.064304;0.064304;0.064304;0.064304;0.064304;0.064304;0.064304;0.064304;0.064304;0.064304;0.064304;0.064304;0.064304;0.064304;0.064304;0.064304;0.064304;0.064304;0.064304;0.064304;0.064304;0.064304;0.064304;0.064304;0.064304;0.064304;0.064304;0.064304;0.064304;0.064304;0.064304;0.064304;0.064304;0.064304;0.064304;0.064304;0.064304;0.064304;0.064304;0.064304,5.26,31.19,35,0.454241,83.924,3.6862,0.0,0,5.0391,0.8323,46.559,0.0,True,24.5,4840,1.6337,1.02
google,500,10,linear,False,False,0.0,0.4,0.3,0.3,0,0,WOA,random,10,0.3333333333333333,CONV,0.073167;0.067234;0.064990;0.064990;0.064982;0.064978;0.064977;0.064977;0.064972;0.064972;0.064972;0.064972;0.064972;0.064972;0.064972;0.064972;0.064972;0.064972;0.064972;0.064972;0.064972;0.064972;0.064972;0.064972;0.064972;0.064972;0.064972;0.064972;0.064972;0.064972;0.064972;0.064972;0.064972;0.064972;0.064972;0.064972;0.064972;0.064972;0.064972;0.064972;0.064972;0.064972;0.064972;0.064972;0.064972;0.064972;0.064972;0.064972;0.064972;0.064972;0.064972;0.064972;0.064972;0.064972;0.064972;0.064972;0.064972;0.064972;0.064972;0.064972;0.064972;0.064972;0.064972;0.064972;0.064972;0.064972;0.064972;0.064972;0.064972;0.064972;0.064972;0.064972;0.064972;0.064972;0.064972;0.064972;0.064972;0.064972;0.064972;0.064972;0.064972;0.064972;0.064972;0.064972;0.064972;0.064972;0.064972;0.064972;0.064972;0.064972;0.064972;0.064972;0.064972;0.064972;0.064972;0.064972;0.064972;0.064972;0.064972;0.064972;0.064972;0.064972;0.064972;0.064972;0.064972;0.064972;0.064972;0.064972;0.064972;0.064972;0.064972;0.064972;0.064972;0.064972;0.064972;0.064972;0.064972;0.064972;0.064972;0.064972,5.26,31.19,35,0.458961,83.7569,2.6854,0.0,0,5.0891,0.8392,45.95,0.0,True,24.5,4840,1.6072,0.99
google,500,10,linear,False,False,0.0,0.4,0.3,0.3,0,0,GWO,random,1,0.3333333333333333,CONV,0.256767;0.245807;0.230310;0.215981;0.206675;0.200472;0.195238;0.187367;0.172419;0.169855;0.165230;0.159795;0.156993;0.149020;0.142331;0.139906;0.132076;0.132076;0.129635;0.124017;0.122158;0.114026;0.110070;0.110070;0.103867;0.103867;0.102193;0.102193;0.102019;0.099873;0.099873;0.097384;0.097250;0.096583;0.091722;0.090302;0.090302;0.087809;0.086220;0.085462;0.085285;0.083631;0.083234;0.082587;0.081206;0.081120;0.079139;0.077921;0.077123;0.077123;0.077123;0.076733;0.074730;0.074730;0.074730;0.074730;0.074477;0.074420;0.073898;0.073898;0.072262;0.071824;0.069838;0.069838;0.069838;0.069326;0.069326;0.069326;0.069326;0.069326;0.069326;0.069326;0.069326;0.069326;0.069326;0.069325;0.069325;0.069325;0.068559;0.068559;0.068559;0.068559;0.068559;0.068559;0.068559;0.068559;0.068128;0.068128;0.068128;0.068128;0.068106;0.068106;0.068106;0.068090;0.068090;0.068090;0.068090;0.068090;0.068090;0.068090;0.068068;0.068068;0.067521;0.067521;0.067430;0.067430;0.067430;0.067420;0.067378;0.067374;0.067341;0.067341;0.067341;0.067340;0.067338;0.067333;0.067328;0.067327;0.067325;0.067325,5.26,31.19,35,0.450153,84.0686,4.5529,1.2,6,5.0391,0.8524,55.141,0.0,True,24.5,4840,1.9957,1.52
google,500,10,linear,False,False,0.0,0.4,0.3,0.3,0,0,GWO,random,2,0.3333333333333333,CONV,0.250142;0.237558;0.226174;0.214862;0.206722;0.193981;0.187648;0.181936;0.169664;0.165845;0.157426;0.151228;0.151228;0.146637;0.142187;0.139425;0.137723;0.133479;0.132231;0.128289;0.124508;0.116998;0.112822;0.112182;0.106591;0.105350;0.105350;0.104025;0.102687;0.097366;0.093070;0.091303;0.091221;0.091221;0.089448;0.087759;0.083723;0.082007;0.079600;0.079600;0.079600;0.079334;0.077260;0.077260;0.076254;0.076254;0.074944;0.074944;0.074895;0.074735;0.074735;0.074437;0.074437;0.074437;0.074437;0.074437;0.073621;0.073621;0.073621;0.072552;0.072218;0.072218;0.071948;0.071948;0.071356;0.070789;0.069974;0.069479;0.069479;0.069479;0.069479;0.069479;0.069479;0.069479;0.069026;0.067977;0.067977;0.067977;0.067977;0.067547;0.067547;0.067547;0.067547;0.067547;0.067547;0.067547;0.067547;0.067547;0.067547;0.067547;0.067547;0.067547;0.067152;0.067152;0.067152;0.067152;0.067152;0.067152;0.067152;0.067152;0.067152;0.067152;0.067152;0.067152;0.067152;0.067152;0.067152;0.067152;0.067152;0.067152;0.067152;0.067152;0.067152;0.067152;0.067152;0.067152;0.067152;0.067152;0.067152;0.067152,5.26,31.19,35,0.444692,84.2619,5.7108,1.4,7,4.9891,0.8454,55.917,0.0,True,24.5,4840,1.9593,1.4
google,500,10,linear,False,False,0.0,0.4,0.3,0.3,0,0,GWO,random,3,0.3333333333333333,CONV,0.249040;0.233469;0.219261;0.211823;0.202300;0.192989;0.185715;0.179855;0.170346;0.161466;0.160716;0.154101;0.149061;0.142076;0.139860;0.136477;0.129132;0.124133;0.123919;0.115538;0.114334;0.112703;0.111197;0.106632;0.104094;0.102190;0.100680;0.096415;0.094362;0.093152;0.092075;0.090081;0.087381;0.087381;0.086813;0.085071;0.084907;0.083917;0.082044;0.080226;0.078870;0.078034;0.078034;0.078034;0.078034;0.076839;0.076839;0.076839;0.076839;0.075643;0.075643;0.074176;0.074176;0.074176;0.073608;0.073468;0.073468;0.072626;0.072304;0.072304;0.072304;0.072301;0.072301;0.072301;0.072301;0.071861;0.071861;0.071861;0.070950;0.070950;0.070950;0.070648;0.070648;0.070648;0.070648;0.070648;0.070648;0.070648;0.070648;0.070221;0.070221;0.070221;0.070221;0.070221;0.070221;0.070152;0.070152;0.070152;0.070152;0.070152;0.070152;0.070071;0.069927;0.069497;0.069047;0.069047;0.068870;0.068870;0.068419;0.068419;0.068419;0.068419;0.068416;0.068395;0.068395;0.068383;0.068380;0.068368;0.068342;0.068331;0.068327;0.068307;0.068297;0.068287;0.068287;0.068274;0.068271;0.068271;0.068271;0.068271,5.26,31.19,35,0.448352,84.1324,4.9347,1.6,8,4.9891,0.8398,55.779,0.0,True,24.5,4840,1.9774,1.54
google,500,10,linear,False,False,0.0,0.4,0.3,0.3,0,0,GWO,random,4,0.3333333333333333,CONV,0.251827;0.235614;0.226188;0.214991;0.203215;0.192651;0.185509;0.180244;0.167853;0.162614;0.153939;0.150741;0.147502;0.137443;0.137443;0.136605;0.131432;0.131432;0.126849;0.121001;0.119488;0.115568;0.112443;0.111898;0.110225;0.106409;0.104694;0.096570;0.096332;0.093710;0.093710;0.093710;0.092608;0.091729;0.087684;0.085458;0.085458;0.082767;0.082767;0.082767;0.080995;0.080995;0.079655;0.079655;0.079655;0.079655;0.078857;0.078857;0.078544;0.078544;0.076722;0.076722;0.076722;0.075858;0.075858;0.075637;0.073897;0.073897;0.073897;0.073897;0.073897;0.073897;0.073897;0.073897;0.073897;0.073897;0.073897;0.073897;0.073897;0.073897;0.073897;0.073897;0.072727;0.072727;0.072727;0.072727;0.072727;0.072719;0.072719;0.072651;0.071744;0.071744;0.071744;0.071744;0.071744;0.071306;0.070754;0.070754;0.070703;0.070538;0.070538;0.070538;0.069824;0.069824;0.069693;0.069693;0.069693;0.069693;0.069653;0.069117;0.069065;0.069065;0.069040;0.069040;0.069040;0.069027;0.068877;0.068252;0.068252;0.068246;0.068229;0.068229;0.068227;0.068206;0.068196;0.068193;0.068188;0.068181;0.068179;0.068179,5.26,31.19,35,0.443465,84.3053,5.9709,1.8,9,4.9891,0.8454,55.375,0.0,True,24.5,4840,1.9955,1.53
google,500,10,linear,False,False,0.0,0.4,0.3,0.3,0,0,GWO,random,5,0.3333333333333333,CONV,0.251811;0.234792;0.227150;0.219671;0.208199;0.198947;0.192886;0.178432;0.172905;0.166338;0.161004;0.154646;0.147393;0.142404;0.137123;0.132412;0.131222;0.128235;0.120836;0.120257;0.117495;0.115937;0.113827;0.109974;0.108658;0.108521;0.106091;0.104499;0.099714;0.097738;0.097738;0.095617;0.091189;0.088498;0.087249;0.085527;0.085051;0.082476;0.080771;0.080771;0.080378;0.078236;0.078236;0.078024;0.077657;0.076885;0.075790;0.073857;0.073512;0.072185;0.072092;0.071449;0.071449;0.071066;0.071066;0.071066;0.071066;0.071066;0.071066;0.071066;0.071066;0.070360;0.070360;0.070025;0.070025;0.070025;0.070025;0.070025;0.070025;0.070025;0.070025;0.070025;0.070025;0.070025;0.070025;0.070025;0.069830;0.069830;0.069741;0.069741;0.069219;0.068202;0.068202;0.068177;0.068177;0.068177;0.068177;0.068071;0.068024;0.068024;0.068024;0.068024;0.067837;0.067403;0.066762;0.066762;0.066762;0.066762;0.066762;0.066762;0.066762;0.066684;0.066684;0.066684;0.066684;0.066684;0.066316;0.066316;0.066316;0.066282;0.066262;0.066257;0.066249;0.066226;0.066226;0.066225;0.066219;0.066214;0.066212;0.066212,5.26,31.19,35,0.442289,84.3469,6.2203,1.2,6,4.9891,0.8344,55.386,0.0,True,24.5,4840,1.9874,1.52
google,500,10,linear,False,False,0.0,0.4,0.3,0.3,0,0,GWO,random,6,0.3333333333333333,CONV,0.254352;0.236883;0.228834;0.213170;0.205171;0.194441;0.188042;0.184251;0.177911;0.171888;0.159329;0.154395;0.151088;0.146215;0.145805;0.137826;0.132819;0.128661;0.124520;0.119233;0.119233;0.118538;0.114911;0.111615;0.107089;0.104701;0.101949;0.100217;0.097135;0.091068;0.091068;0.090479;0.090479;0.089067;0.087396;0.087396;0.085952;0.085952;0.085174;0.083942;0.082671;0.082250;0.078085;0.078085;0.077483;0.077405;0.074381;0.074381;0.074376;0.072253;0.072171;0.072171;0.072164;0.071302;0.071302;0.071302;0.071302;0.070669;0.070669;0.070669;0.070669;0.070669;0.070669;0.070669;0.069638;0.069490;0.068809;0.068407;0.066451;0.066451;0.066451;0.065862;0.065342;0.065342;0.065342;0.065342;0.065342;0.065342;0.063944;0.063944;0.063944;0.063944;0.063944;0.063944;0.063944;0.063944;0.063944;0.063944;0.063944;0.063944;0.063944;0.063944;0.063854;0.063854;0.063854;0.063854;0.063854;0.063854;0.063854;0.063854;0.063536;0.063536;0.063536;0.063064;0.063064;0.063064;0.063064;0.063064;0.063064;0.062623;0.062623;0.062623;0.062623;0.062623;0.062614;0.062614;0.062605;0.062604;0.062603;0.062603,5.26,31.19,35,0.433745,84.6493,8.032,0.4,2,4.8891,0.8293,59.176,0.0,True,25.5,4840,2.0028,1.46
google,500,10,linear,False,False,0.0,0.4,0.3,0.3,0,0,GWO,random,7,0.3333333333333333,CONV,0.248513;0.235669;0.224706;0.208080;0.202230;0.195262;0.187042;0.183140;0.175132;0.174192;0.167880;0.158439;0.151960;0.145671;0.143970;0.135937;0.133274;0.128469;0.124220;0.119697;0.119649;0.117367;0.111567;0.111567;0.110826;0.110679;0.110679;0.110386;0.108997;0.102613;0.102613;0.099989;0.099989;0.095845;0.093118;0.093118;0.093118;0.092460;0.090317;0.089808;0.089379;0.087470;0.084352;0.083592;0.082083;0.081747;0.080278;0.080278;0.079615;0.077541;0.077541;0.077541;0.077541;0.077541;0.077126;0.077126;0.077126;0.077126;0.077126;0.077034;0.077034;0.077034;0.077034;0.077034;0.077034;0.077034;0.077034;0.077034;0.077034;0.077034;0.077034;0.076354;0.076342;0.076342;0.076342;0.076342;0.076342;0.075844;0.075844;0.075844;0.075808;0.075808;0.075562;0.075562;0.075256;0.073497;0.073497;0.073497;0.073486;0.073142;0.073142;0.072432;0.072432;0.072071;0.071460;0.071460;0.071460;0.071460;0.071460;0.071460;0.071460;0.071390;0.071390;0.071390;0.071241;0.071241;0.071241;0.071241;0.071241;0.071241;0.071241;0.071241;0.071241;0.071241;0.071241;0.071241;0.071241;0.071241;0.071241;0.071241,5.26,31.19,35,0.443906,84.2897,5.8775,2.8,14,4.9891,0.8338,56.32,0.0,True,24.5,4840,2.1384,1.46
google,500,10,linear,False,False,0.0,0.4,0.3,0.3,0,0,GWO,random,8,0.3333333333333333,CONV,0.257573;0.245530;0.231663;0.219504;0.214258;0.206083;0.192704;0.189420;0.183991;0.174433;0.168600;0.165528;0.157886;0.152345;0.148872;0.142876;0.140638;0.134465;0.133623;0.127477;0.124046;0.120786;0.120786;0.118433;0.114685;0.110131;0.102953;0.102953;0.102953;0.102047;0.102047;0.099651;0.097664;0.095162;0.092813;0.091948;0.088497;0.087980;0.087217;0.085057;0.084465;0.083373;0.082393;0.082393;0.081787;0.081787;0.078609;0.078609;0.078324;0.078118;0.076014;0.076014;0.075432;0.074137;0.074137;0.074137;0.073079;0.072980;0.072980;0.072980;0.072980;0.072980;0.072980;0.072381;0.072381;0.072381;0.072381;0.071915;0.071915;0.071388;0.071388;0.071388;0.071388;0.071138;0.069489;0.069489;0.069489;0.069165;0.069165;0.069165;0.069165;0.069165;0.069165;0.069165;0.069165;0.069165;0.068635;0.068635;0.068635;0.068635;0.068635;0.068635;0.068635;0.068635;0.068635;0.068635;0.068005;0.067968;0.067968;0.067968;0.067968;0.067968;0.067964;0.067954;0.067937;0.067937;0.067924;0.067920;0.067911;0.067883;0.067883;0.067880;0.067872;0.067869;0.067869;0.067861;0.067851;0.067851;0.067850;0.067850,5.26,31.19,35,0.441145,84.3874,6.4629,1.8,9,4.9891,0.8327,56.796,0.0,True,24.5,4840,2.0913,1.49
google,500,10,linear,False,False,0.0,0.4,0.3,0.3,0,0,GWO,random,9,0.3333333333333333,CONV,0.256567;0.243390;0.235475;0.225399;0.215541;0.203988;0.191302;0.187253;0.177288;0.169269;0.164842;0.156055;0.150754;0.146853;0.140487;0.137154;0.132678;0.132678;0.129118;0.123642;0.119130;0.116070;0.112039;0.112039;0.112039;0.102781;0.102781;0.102781;0.100687;0.099370;0.094179;0.091268;0.088594;0.088594;0.088594;0.088594;0.088594;0.088076;0.087522;0.086184;0.086184;0.086184;0.086184;0.086087;0.084384;0.083184;0.080305;0.080305;0.077679;0.075907;0.075907;0.075907;0.075907;0.075907;0.075336;0.074077;0.073941;0.073941;0.073941;0.073407;0.073407;0.073162;0.073162;0.073162;0.073162;0.073050;0.073050;0.073050;0.073050;0.072963;0.072920;0.071700;0.070632;0.070632;0.070563;0.070563;0.069708;0.069708;0.069708;0.069708;0.069708;0.069708;0.067663;0.067663;0.067663;0.067663;0.067663;0.067663;0.067663;0.067663;0.067581;0.067581;0.067581;0.067581;0.067581;0.067067;0.067043;0.067009;0.066967;0.066966;0.066334;0.066203;0.066193;0.066193;0.065604;0.065564;0.065563;0.065520;0.065520;0.065515;0.065489;0.065488;0.065479;0.065478;0.065477;0.065457;0.065457;0.065457;0.065457;0.065457,5.26,31.19,35,0.445429,84.2358,5.5545,0.8,4,4.9891,0.837,56.333,0.0,True,25.0,4840,2.056,1.56
google,500,10,linear,False,False,0.0,0.4,0.3,0.3,0,0,GWO,random,10,0.3333333333333333,CONV,0.250949;0.240665;0.228854;0.215801;0.211955;0.203869;0.186159;0.182648;0.176452;0.172257;0.167287;0.165095;0.157635;0.153387;0.147103;0.143087;0.139442;0.134103;0.133408;0.130977;0.125120;0.123727;0.123395;0.119173;0.116049;0.112312;0.106390;0.102661;0.102661;0.102661;0.102661;0.102661;0.102323;0.099960;0.098357;0.098331;0.095235;0.092898;0.090872;0.090872;0.090755;0.090755;0.090755;0.090440;0.089572;0.087751;0.085151;0.083087;0.083087;0.082659;0.082654;0.082654;0.082654;0.082557;0.080786;0.080786;0.080495;0.080019;0.079636;0.079636;0.079636;0.079636;0.079300;0.079300;0.078976;0.078976;0.077940;0.077616;0.076860;0.076123;0.075859;0.075859;0.075540;0.074589;0.074339;0.073808;0.073615;0.073615;0.073615;0.072879;0.072879;0.072879;0.072879;0.072879;0.072879;0.072879;0.072879;0.072879;0.072879;0.072879;0.072362;0.072362;0.072362;0.071665;0.071665;0.071665;0.071665;0.071525;0.070792;0.070792;0.070792;0.070792;0.070792;0.070792;0.070786;0.070747;0.070747;0.070747;0.070747;0.070747;0.070735;0.070728;0.070721;0.070709;0.070709;0.070708;0.070699;0.070694;0.070692;0.070692,5.26,31.19,35,0.448501,84.1271,4.9031,2.4,12,5.0391,0.8528,53.708,0.0,True,24.5,4840,2.0606,1.56
google,500,10,linear,False,False,0.0,0.4,0.3,0.3,0,0,PSO,random,1,0.3333333333333333,CONV,0.254729;0.251192;0.251192;0.251192;0.251192;0.250879;0.245927;0.245927;0.245927;0.245927;0.245927;0.245752;0.245752;0.245752;0.245752;0.245734;0.245734;0.245734;0.245734;0.245620;0.245291;0.245280;0.245280;0.242264;0.242264;0.242264;0.242264;0.242264;0.242264;0.242264;0.242264;0.242264;0.242264;0.242264;0.242264;0.242264;0.242264;0.242264;0.242264;0.242264;0.242264;0.242264;0.242264;0.242264;0.242264;0.242264;0.242264;0.242264;0.242264;0.241495;0.241495;0.241495;0.241097;0.241097;0.241097;0.240050;0.237616;0.237616;0.237616;0.235931;0.235931;0.235931;0.232197;0.232197;0.232197;0.232197;0.232197;0.232187;0.232187;0.232187;0.232187;0.232186;0.232186;0.232186;0.232186;0.232186;0.232186;0.232186;0.232186;0.232186;0.232186;0.232186;0.229817;0.229817;0.229817;0.229188;0.229177;0.228648;0.228648;0.228648;0.228648;0.228648;0.228648;0.228648;0.228648;0.228648;0.228648;0.228648;0.228648;0.228648;0.228648;0.228648;0.228648;0.228648;0.226686;0.226113;0.226113;0.225667;0.225667;0.225667;0.225667;0.225667;0.225189;0.225189;0.224060;0.223898;0.223898;0.223296;0.223296;0.223163,5.26,31.19,35,0.499867,82.3092,-5.988,50.8,254,5.2891,0.9098,52.804,0.0,True,30.5,4840,1.7058,1.86
google,500,10,linear,False,False,0.0,0.4,0.3,0.3,0,0,PSO,random,2,0.3333333333333333,CONV,0.251970;0.251970;0.251970;0.251970;0.251970;0.251970;0.251970;0.251970;0.251077;0.251077;0.251077;0.251077;0.251077;0.251077;0.251077;0.251077;0.251077;0.251077;0.251077;0.251077;0.251077;0.251077;0.251077;0.249574;0.249574;0.249574;0.249574;0.248096;0.248096;0.246493;0.244689;0.244689;0.244689;0.244689;0.244411;0.244411;0.244411;0.244411;0.243962;0.242504;0.241879;0.241879;0.241879;0.241879;0.241208;0.241208;0.240615;0.240615;0.240608;0.240608;0.240608;0.240608;0.240608;0.240608;0.240608;0.240608;0.240384;0.240384;0.240384;0.240384;0.240384;0.240384;0.240372;0.240372;0.240372;0.240372;0.240372;0.240372;0.240372;0.240372;0.240372;0.240372;0.240372;0.240372;0.240372;0.240372;0.240372;0.240372;0.240372;0.240372;0.240372;0.240372;0.240372;0.240372;0.240372;0.239960;0.239591;0.237164;0.237164;0.237133;0.236824;0.236824;0.236824;0.235449;0.235449;0.235449;0.235449;0.235449;0.235449;0.235449;0.235449;0.235449;0.235449;0.235449;0.235449;0.235449;0.235449;0.235395;0.235395;0.235395;0.235395;0.235395;0.235233;0.234804;0.234804;0.234804;0.234804;0.234804;0.234804;0.234804,5.26,31.19,35,0.510048,81.9489,-8.1467,54.2,271,5.3891,0.9151,51.142,0.0,True,30.5,4840,1.6999,1.75
google,500,10,linear,False,False,0.0,0.4,0.3,0.3,0,0,PSO,random,3,0.3333333333333333,CONV,0.257620;0.257620;0.257060;0.257060;0.257060;0.257060;0.257060;0.257060;0.257060;0.257060;0.257060;0.257060;0.257060;0.257060;0.257060;0.257060;0.257060;0.257060;0.257060;0.257060;0.257060;0.257060;0.257060;0.257060;0.257060;0.257060;0.257060;0.256150;0.250963;0.250963;0.249855;0.249855;0.249761;0.249761;0.249761;0.249761;0.249761;0.249761;0.249761;0.249761;0.245609;0.245609;0.245609;0.245609;0.245609;0.245609;0.245609;0.245609;0.245609;0.245609;0.245609;0.243697;0.243697;0.243697;0.243697;0.242019;0.242019;0.242019;0.242019;0.242019;0.240837;0.240837;0.240837;0.240837;0.240837;0.240837;0.240657;0.240657;0.240534;0.240534;0.240534;0.240534;0.240534;0.240534;0.240534;0.240534;0.240534;0.240534;0.240534;0.240534;0.239931;0.239931;0.239931;0.239931;0.239931;0.239931;0.239929;0.239929;0.239929;0.239929;0.239929;0.239926;0.239116;0.238875;0.238648;0.238582;0.237684;0.237684;0.237684;0.237684;0.237684;0.237684;0.237684;0.237681;0.237679;0.237679;0.237679;0.237679;0.237679;0.237679;0.237679;0.237679;0.237679;0.237679;0.237679;0.237679;0.237679;0.237679;0.237679;0.237679,5.26,31.19,35,0.521879,81.5302,-10.6554,54.6,273,5.4391,0.9313,50.309,0.0,True,32.0,4840,1.704,1.7
google,500,10,linear,False,False,0.0,0.4,0.3,0.3,0,0,PSO,random,4,0.3333333333333333,CONV,0.254802;0.253778;0.245637;0.245637;0.245637;0.245637;0.239377;0.239377;0.239377;0.239377;0.239377;0.239377;0.236724;0.235852;0.235852;0.235852;0.235710;0.235710;0.235710;0.235710;0.235710;0.235710;0.235710;0.234368;0.234368;0.234368;0.234368;0.234368;0.234368;0.234368;0.234368;0.234368;0.234368;0.234368;0.234368;0.233465;0.233465;0.232392;0.232392;0.232392;0.232392;0.232392;0.232392;0.232391;0.232391;0.232391;0.231525;0.231525;0.231380;0.231380;0.231380;0.231380;0.231368;0.231362;0.230164;0.227514;0.227514;0.227514;0.227514;0.227514;0.226908;0.226903;0.226903;0.226903;0.226903;0.226903;0.226903;0.226903;0.226903;0.226903;0.226903;0.226903;0.226903;0.226903;0.226903;0.226903;0.226903;0.226903;0.226903;0.226903;0.226707;0.226707;0.226707;0.226504;0.226239;0.226239;0.225918;0.225561;0.225561;0.225561;0.225561;0.225561;0.225561;0.225561;0.224457;0.224040;0.224040;0.224040;0.224040;0.224016;0.223206;0.223206;0.223200;0.223200;0.223200;0.223200;0.223200;0.223198;0.223194;0.223194;0.223194;0.223180;0.223180;0.223180;0.221661;0.221661;0.221410;0.221410;0.221410;0.221410,5.26,31.19,35,0.508676,81.9974,-7.8558,49.8,249,5.4891,0.9136,49.361,0.0,True,31.5,4840,1.7224,1.87
google,500,20,linear,False,False,0.0,0.4,0.3,0.3,0,0,GWO,random,1,0.3333333333333333,CONV,0.256767;0.245807;0.230310;0.215981;0.206675;0.200472;0.195238;0.187367;0.172419;0.169855;0.165230;0.159795;0.156993;0.149020;0.142331;0.139906;0.132076;0.132076;0.129635;0.124017;0.122158;0.114026;0.110070;0.110070;0.103867;0.103867;0.102193;0.102193;0.102019;0.099873;0.099873;0.097384;0.097250;0.096583;0.091722;0.090302;0.090302;0.087809;0.086220;0.085462;0.085285;0.083631;0.083234;0.082587;0.081206;0.081120;0.079139;0.077921;0.077123;0.077123;0.077123;0.076733;0.074730;0.074730;0.074730;0.074730;0.074477;0.074420;0.073898;0.073898;0.072262;0.071824;0.069838;0.069838;0.069838;0.069326;0.069326;0.069326;0.069326;0.069326;0.069326;0.069326;0.069326;0.069326;0.069326;0.069325;0.069325;0.069325;0.068559;0.068559;0.068559;0.068559;0.068559;0.068559;0.068559;0.068559;0.068128;0.068128;0.068128;0.068128;0.068106;0.068106;0.068106;0.068090;0.068090;0.068090;0.068090;0.068090;0.068090;0.068090;0.068068;0.068068;0.067521;0.067521;0.067430;0.067430;0.067430;0.067420;0.067378;0.067374;0.067341;0.067341;0.067341;0.067340;0.067338;0.067333;0.067328;0.067327;0.067325;0.067325,5.26,31.19,35,0.450153,84.0686,4.5529,1.2,6,5.0391,0.8524,55.141,0.0,True,24.5,4840,2.0676,1.53
google,500,20,linear,False,False,0.0,0.4,0.3,0.3,0,0,GWO,random,2,0.3333333333333333,CONV,0.250142;0.237558;0.226174;0.214862;0.206722;0.193981;0.187648;0.181936;0.169664;0.165845;0.157426;0.151228;0.151228;0.146637;0.142187;0.139425;0.137723;0.133479;0.132231;0.128289;0.124508;0.116998;0.112822;0.112182;0.106591;0.105350;0.105350;0.104025;0.102687;0.097366;0.093070;0.091303;0.091221;0.091221;0.089448;0.087759;0.083723;0.082007;0.079600;0.079600;0.079600;0.079334;0.077260;0.077260;0.076254;0.076254;0.074944;0.074944;0.074895;0.074735;0.074735;0.074437;0.074437;0.074437;0.074437;0.074437;0.073621;0.073621;0.073621;0.072552;0.072218;0.072218;0.071948;0.071948;0.071356;0.070789;0.069974;0.069479;0.069479;0.069479;0.069479;0.069479;0.069479;0.069479;0.069026;0.067977;0.067977;0.067977;0.067977;0.067547;0.067547;0.067547;0.067547;0.067547;0.067547;0.067547;0.067547;0.067547;0.067547;0.067547;0.067547;0.067547;0.067152;0.067152;0.067152;0.067152;0.067152;0.067152;0.067152;0.067152;0.067152;0.067152;0.067152;0.067152;0.067152;0.067152;0.067152;0.067152;0.067152;0.067152;0.067152;0.067152;0.067152;0.067152;0.067152;0.067152;0.067152;0.067152;0.067152;0.067152,5.26,31.19,35,0.444692,84.2619,5.7108,1.4,7,4.9891,0.8454,55.917,0.0,True,24.5,4840,2.0187,1.4
google,500,20,linear,False,False,0.0,0.4,0.3,0.3,0,0,GWO,random,3,0.3333333333333333,CONV,0.249040;0.233469;0.219261;0.211823;0.202300;0.192989;0.185715;0.179855;0.170346;0.161466;0.160716;0.154101;0.149061;0.142076;0.139860;0.136477;0.129132;0.124133;0.123919;0.115538;0.114334;0.112703;0.111197;0.106632;0.104094;0.102190;0.100680;0.096415;0.094362;0.093152;0.092075;0.090081;0.087381;0.087381;0.086813;0.085071;0.084907;0.083917;0.082044;0.080226;0.078870;0.078034;0.078034;0.078034;0.078034;0.076839;0.076839;0.076839;0.076839;0.075643;0.075643;0.074176;0.074176;0.074176;0.073608;0.073468;0.073468;0.072626;0.072304;0.072304;0.072304;0.072301;0.072301;0.072301;0.072301;0.071861;0.071861;0.071861;0.070950;0.070950;0.070950;0.070648;0.070648;0.070648;0.070648;0.070648;0.070648;0.070648;0.070648;0.070221;0.070221;0.070221;0.070221;0.070221;0.070221;0.070152;0.070152;0.070152;0.070152;0.070152;0.070152;0.070071;0.069927;0.069497;0.069047;0.069047;0.068870;0.068870;0.068419;0.068419;0.068419;0.068419;0.068416;0.068395;0.068395;0.068383;0.068380;0.068368;0.068342;0.068331;0.068327;0.068307;0.068297;0.068287;0.068287;0.068274;0.068271;0.068271;0.068271;0.068271,5.26,31.19,35,0.448352,84.1324,4.9347,1.6,8,4.9891,0.8398,55.779,0.0,True,24.5,4840,1.9743,1.54
google,500,20,linear,False,False,0.0,0.4,0.3,0.3,0,0,GWO,random,4,0.3333333333333333,CONV,0.251827;0.235614;0.226188;0.214991;0.203215;0.192651;0.185509;0.180244;0.167853;0.162614;0.153939;0.150741;0.147502;0.137443;0.137443;0.136605;0.131432;0.131432;0.126849;0.121001;0.119488;0.115568;0.112443;0.111898;0.110225;0.106409;0.104694;0.096570;0.096332;0.093710;0.093710;0.093710;0.092608;0.091729;0.087684;0.085458;0.085458;0.082767;0.082767;0.082767;0.080995;0.080995;0.079655;0.079655;0.079655;0.079655;0.078857;0.078857;0.078544;0.078544;0.076722;0.076722;0.076722;0.075858;0.075858;0.075637;0.073897;0.073897;0.073897;0.073897;0.073897;0.073897;0.073897;0.073897;0.073897;0.073897;0.073897;0.073897;0.073897;0.073897;0.073897;0.073897;0.072727;0.072727;0.072727;0.072727;0.072727;0.072719;0.072719;0.072651;0.071744;0.071744;0.071744;0.071744;0.071744;0.071306;0.070754;0.070754;0.070703;0.070538;0.070538;0.070538;0.069824;0.069824;0.069693;0.069693;0.069693;0.069693;0.069653;0.069117;0.069065;0.069065;0.069040;0.069040;0.069040;0.069027;0.068877;0.068252;0.068252;0.068246;0.068229;0.068229;0.068227;0.068206;0.068196;0.068193;0.068188;0.068181;0.068179;0.068179,5.26,31.19,35,0.443465,84.3053,5.9709,1.8,9,4.9891,0.8454,55.375,0.0,True,24.5,4840,1.9724,1.53
google,500,20,linear,False,False,0.0,0.4,0.3,0.3,0,0,GWO,random,5,0.3333333333333333,CONV,0.251811;0.234792;0.227150;0.219671;0.208199;0.198947;0.192886;0.178432;0.172905;0.166338;0.161004;0.154646;0.147393;0.142404;0.137123;0.132412;0.131222;0.128235;0.120836;0.120257;0.117495;0.115937;0.113827;0.109974;0.108658;0.108521;0.106091;0.104499;0.099714;0.097738;0.097738;0.095617;0.091189;0.088498;0.087249;0.085527;0.085051;0.082476;0.080771;0.080771;0.080378;0.078236;0.078236;0.078024;0.077657;0.076885;0.075790;0.073857;0.073512;0.072185;0.072092;0.071449;0.071449;0.071066;0.071066;0.071066;0.071066;0.071066;0.071066;0.071066;0.071066;0.070360;0.070360;0.070025;0.070025;0.070025;0.070025;0.070025;0.070025;0.070025;0.070025;0.070025;0.070025;0.070025;0.070025;0.070025;0.069830;0.069830;0.069741;0.069741;0.069219;0.068202;0.068202;0.068177;0.068177;0.068177;0.068177;0.068071;0.068024;0.068024;0.068024;0.068024;0.067837;0.067403;0.066762;0.066762;0.066762;0.066762;0.066762;0.066762;0.066762;0.066684;0.066684;0.066684;0.066684;0.066684;0.066316;0.066316;0.066316;0.066282;0.066262;0.066257;0.066249;0.066226;0.066226;0.066225;0.066219;0.066214;0.066212;0.066212,5.26,31.19,35,0.442289,84.3469,6.2203,1.2,6,4.9891,0.8344,55.386,0.0,True,24.5,4840,1.9789,1.52
google,500,20,linear,False,False,0.0,0.4,0.3,0.3,0,0,GWO,random,6,0.3333333333333333,CONV,0.254352;0.236883;0.228834;0.213170;0.205171;0.194441;0.188042;0.184251;0.177911;0.171888;0.159329;0.154395;0.151088;0.146215;0.145805;0.137826;0.132819;0.128661;0.124520;0.119233;0.119233;0.118538;0.114911;0.111615;0.107089;0.104701;0.101949;0.100217;0.097135;0.091068;0.091068;0.090479;0.090479;0.089067;0.087396;0.087396;0.085952;0.085952;0.085174;0.083942;0.082671;0.082250;0.078085;0.078085;0.077483;0.077405;0.074381;0.074381;0.074376;0.072253;0.072171;0.072171;0.072164;0.071302;0.071302;0.071302;0.071302;0.070669;0.070669;0.070669;0.070669;0.070669;0.070669;0.070669;0.069638;0.069490;0.068809;0.068407;0.066451;0.066451;0.066451;0.065862;0.065342;0.065342;0.065342;0.065342;0.065342;0.065342;0.063944;0.063944;0.063944;0.063944;0.063944;0.063944;0.063944;0.063944;0.063944;0.063944;0.063944;0.063944;0.063944;0.063944;0.063854;0.063854;0.063854;0.063854;0.063854;0.063854;0.063854;0.063854;0.063536;0.063536;0.063536;0.063064;0.063064;0.063064;0.063064;0.063064;0.063064;0.062623;0.062623;0.062623;0.062623;0.062623;0.062614;0.062614;0.062605;0.062604;0.062603;0.062603,5.26,31.19,35,0.433745,84.6493,8.032,0.4,2,4.8891,0.8293,59.176,0.0,True,25.5,4840,2.0004,1.47
google,500,20,linear,False,False,0.0,0.4,0.3,0.3,0,0,GWO,random,7,0.3333333333333333,CONV,0.248513;0.235669;0.224706;0.208080;0.202230;0.195262;0.187042;0.183140;0.175132;0.174192;0.167880;0.158439;0.151960;0.145671;0.143970;0.135937;0.133274;0.128469;0.124220;0.119697;0.119649;0.117367;0.111567;0.111567;0.110826;0.110679;0.110679;0.110386;0.108997;0.102613;0.102613;0.099989;0.099989;0.095845;0.093118;0.093118;0.093118;0.092460;0.090317;0.089808;0.089379;0.087470;0.084352;0.083592;0.082083;0.081747;0.080278;0.080278;0.079615;0.077541;0.077541;0.077541;0.077541;0.077541;0.077126;0.077126;0.077126;0.077126;0.077126;0.077034;0.077034;0.077034;0.077034;0.077034;0.077034;0.077034;0.077034;0.077034;0.077034;0.077034;0.077034;0.076354;0.076342;0.076342;0.076342;0.076342;0.076342;0.075844;0.075844;0.075844;0.075808;0.075808;0.075562;0.075562;0.075256;0.073497;0.073497;0.073497;0.073486;0.073142;0.073142;0.072432;0.072432;0.072071;0.071460;0.071460;0.071460;0.071460;0.071460;0.071460;0.071460;0.071390;0.071390;0.071390;0.071241;0.071241;0.071241;0.071241;0.071241;0.071241;0.071241;0.071241;0.071241;0.071241;0.071241;0.071241;0.071241;0.071241;0.071241;0.071241,5.26,31.19,35,0.443906,84.2897,5.8775,2.8,14,4.9891,0.8338,56.32,0.0,True,24.5,4840,2.012,1.44
google,500,20,linear,False,False,0.0,0.4,0.3,0.3,0,0,GWO,random,8,0.3333333333333333,CONV,0.257573;0.245530;0.231663;0.219504;0.214258;0.206083;0.192704;0.189420;0.183991;0.174433;0.168600;0.165528;0.157886;0.152345;0.148872;0.142876;0.140638;0.134465;0.133623;0.127477;0.124046;0.120786;0.120786;0.118433;0.114685;0.110131;0.102953;0.102953;0.102953;0.102047;0.102047;0.099651;0.097664;0.095162;0.092813;0.091948;0.088497;0.087980;0.087217;0.085057;0.084465;0.083373;0.082393;0.082393;0.081787;0.081787;0.078609;0.078609;0.078324;0.078118;0.076014;0.076014;0.075432;0.074137;0.074137;0.074137;0.073079;0.072980;0.072980;0.072980;0.072980;0.072980;0.072980;0.072381;0.072381;0.072381;0.072381;0.071915;0.071915;0.071388;0.071388;0.071388;0.071388;0.071138;0.069489;0.069489;0.069489;0.069165;0.069165;0.069165;0.069165;0.069165;0.069165;0.069165;0.069165;0.069165;0.068635;0.068635;0.068635;0.068635;0.068635;0.068635;0.068635;0.068635;0.068635;0.068635;0.068005;0.067968;0.067968;0.067968;0.067968;0.067968;0.067964;0.067954;0.067937;0.067937;0.067924;0.067920;0.067911;0.067883;0.067883;0.067880;0.067872;0.067869;0.067869;0.067861;0.067851;0.067851;0.067850;0.067850,5.26,31.19,35,0.441145,84.3874,6.4629,1.8,9,4.9891,0.8327,56.796,0.0,True,24.5,4840,1.9964,1.49
google,500,10,linear,False,False,0.0,0.4,0.3,0.3,0,0,GA,random,7,0.3333333333333333,CONV,0.249297;0.249297;0.245405;0.235606;0.233643;0.226826;0.223296;0.220246;0.218788;0.215297;0.207801;0.203585;0.197353;0.197353;0.197158;0.193029;0.192865;0.189815;0.186554;0.184771;0.183782;0.183782;0.182094;0.178841;0.178841;0.178841;0.174856;0.174309;0.173061;0.170797;0.168529;0.168529;0.168529;0.167357;0.166816;0.166055;0.163035;0.162747;0.161597;0.161597;0.160511;0.160511;0.155596;0.155596;0.155205;0.154933;0.154446;0.149507;0.149507;0.149507;0.149507;0.149507;0.149346;0.149346;0.148159;0.144324;0.144324;0.144324;0.144324;0.144324;0.144324;0.144324;0.144324;0.144324;0.144324;0.142683;0.142683;0.142683;0.142683;0.142683;0.142683;0.142683;0.141600;0.141600;0.140543;0.140543;0.140543;0.140543;0.140543;0.139629;0.139629;0.137975;0.137975;0.137479;0.137479;0.137479;0.137479;0.137479;0.136064;0.136064;0.132567;0.132567;0.132567;0.130185;0.130185;0.130185;0.130185;0.130185;0.130185;0.129069;0.129069;0.129069;0.129069;0.127984;0.127984;0.127984;0.127984;0.127984;0.127984;0.127984;0.127984;0.127984;0.127984;0.127984;0.127984;0.127984;0.127984;0.127984;0.127984;0.127984,5.26,31.19,35,0.501426,82.254,-6.3187,19.0,95,5.4891,0.9306,48.937,0.0,True,32.5,4840,2.7068,1.76
google,500,10,linear,False,False,0.0,0.4,0.3,0.3,0,0,GA,random,8,0.3333333333333333,CONV,0.255912;0.249725;0.242644;0.237167;0.235129;0.232042;0.228527;0.226775;0.223596;0.216914;0.216914;0.212210;0.211886;0.210997;0.208735;0.206218;0.204291;0.202039;0.199493;0.197212;0.194378;0.193807;0.189656;0.189656;0.187982;0.184921;0.182790;0.182790;0.181816;0.179321;0.178044;0.177933;0.176666;0.172300;0.170043;0.170043;0.170043;0.170043;0.167690;0.165867;0.165269;0.160747;0.160747;0.160747;0.160732;0.159782;0.159782;0.159782;0.159782;0.158947;0.157522;0.157522;0.157165;0.155929;0.155105;0.152351;0.152351;0.152351;0.152351;0.152351;0.151732;0.151732;0.151732;0.151330;0.151330;0.149628;0.149169;0.148716;0.148569;0.148494;0.146963;0.144170;0.144170;0.144170;0.144170;0.137081;0.137081;0.137081;0.137081;0.137081;0.137081;0.135667;0.135667;0.135667;0.134852;0.134852;0.134126;0.134126;0.134126;0.134126;0.131677;0.131677;0.131377;0.131377;0.131377;0.131377;0.131377;0.130857;0.130857;0.130857;0.128547;0.128547;0.128547;0.128547;0.128547;0.128547;0.128547;0.128462;0.128462;0.128462;0.128462;0.128462;0.128462;0.128462;0.128462;0.128462;0.128462;0.128462;0.128462;0.128462,5.26,31.19,35,0.487852,82.7344,-3.4405,19.8,99,5.3391,0.9105,51.605,0.0,True,31.5,4840,2.6107,1.61
google,500,10,linear,False,False,0.0,0.4,0.3,0.3,0,0,GA,random,9,0.3333333333333333,CONV,0.248977;0.248779;0.239520;0.234852;0.232671;0.223771;0.223771;0.221413;0.219798;0.216174;0.212523;0.207916;0.205098;0.199948;0.196087;0.196087;0.192856;0.190702;0.186202;0.185250;0.184873;0.182331;0.180278;0.175489;0.175489;0.175489;0.172435;0.171734;0.170664;0.170664;0.170280;0.166709;0.163698;0.163698;0.163698;0.163698;0.160934;0.160698;0.160698;0.160698;0.158723;0.154843;0.154843;0.154456;0.154456;0.154456;0.154456;0.153025;0.152491;0.152491;0.152491;0.152357;0.150320;0.149363;0.149143;0.149143;0.148987;0.148987;0.148987;0.148033;0.147356;0.147356;0.147356;0.146446;0.143311;0.142494;0.142494;0.142494;0.142494;0.142494;0.141243;0.140805;0.140805;0.140805;0.140805;0.137540;0.137540;0.137540;0.137540;0.137540;0.137309;0.137309;0.135580;0.135580;0.135580;0.135580;0.135580;0.135580;0.135580;0.135580;0.135580;0.135580;0.135580;0.135580;0.135580;0.133643;0.133643;0.133643;0.133643;0.133643;0.133643;0.133643;0.130247;0.130247;0.130247;0.130247;0.130247;0.130247;0.130247;0.130247;0.129387;0.129387;0.129387;0.129387;0.129387;0.127956;0.127956;0.127956;0.127956;0.127956,5.26,31.19,35,0.509705,81.961,-8.074,18.6,93,5.4891,0.9242,49.188,0.0,True,32.0,4840,2.5879,1.61
google,500,10,linear,False,False,0.0,0.4,0.3,0.3,0,0,GA,random,10,0.3333333333333333,CONV,0.254009;0.253167;0.246328;0.238224;0.237227;0.224838;0.223210;0.219562;0.215284;0.215284;0.215284;0.213779;0.212426;0.207536;0.200160;0.199396;0.199396;0.199166;0.195095;0.194887;0.192396;0.190438;0.188820;0.186519;0.186519;0.186519;0.185054;0.183275;0.182615;0.179777;0.177621;0.177621;0.177621;0.174528;0.174528;0.174480;0.170805;0.170805;0.164669;0.164231;0.164231;0.164231;0.164231;0.161695;0.161695;0.161695;0.159370;0.159370;0.159370;0.156389;0.156389;0.155632;0.155632;0.155632;0.155632;0.155421;0.151924;0.151924;0.151924;0.151924;0.150490;0.145901;0.145901;0.145901;0.145901;0.143091;0.143091;0.143091;0.143091;0.140312;0.140312;0.140312;0.140312;0.140312;0.140312;0.138959;0.137456;0.137456;0.137102;0.137102;0.135380;0.135380;0.135380;0.135380;0.135380;0.135380;0.135380;0.135380;0.135380;0.135380;0.135380;0.135380;0.135380;0.135380;0.135380;0.135380;0.135380;0.135380;0.135380;0.135380;0.135380;0.135380;0.135380;0.135380;0.135121;0.135121;0.135082;0.134851;0.134280;0.133368;0.133368;0.133368;0.133368;0.130594;0.130594;0.130594;0.130594;0.130594;0.130594;0.129549,5.26,31.19,35,0.482811,82.9128,-2.3716,20.4,102,5.3391,0.9028,51.636,0.0,True,30.0,4840,2.6029,1.64
google,500,10,linear,False,False,0.0,0.4,0.3,0.3,0,0,WOA,carbon,1,0.3333333333333333,CONV,0.050052;0.050052;0.050052;0.050052;0.050052;0.050052;0.050052;0.050052;0.050052;0.050052;0.050052;0.050052;0.050052;0.050052;0.050052;0.050052;0.048883;0.048882;0.048879;0.048879;0.048879;0.048879;0.048879;0.048879;0.048878;0.048878;0.048878;0.048878;0.048878;0.048878;0.048878;0.048878;0.048878;0.048878;0.048878;0.048878;0.048878;0.048878;0.048878;0.048878;0.048878;0.048878;0.048878;0.048878;0.048878;0.048878;0.048878;0.048878;0.048878;0.048878;0.048878;0.048878;0.048878;0.048878;0.048878;0.048878;0.048878;0.048878;0.048878;0.048878;0.048878;0.048878;0.048878;0.048878;0.048878;0.048878;0.048878;0.048878;0.048878;0.048878;0.048878;0.048878;0.048878;0.048878;0.048878;0.048878;0.048878;0.048878;0.048878;0.048878;0.048878;0.048878;0.048878;0.048878;0.048878;0.048878;0.048878;0.048878;0.048878;0.048878;0.048878;0.048878;0.048878;0.048878;0.048878;0.048878;0.048878;0.048878;0.048878;0.048878;0.048878;0.048878;0.048878;0.048878;0.048878;0.048878;0.048878;0.048878;0.048878;0.048878;0.048878;0.048878;0.048878;0.048878;0.048878;0.048878;0.048878;0.048878;0.048878;0.048878,5.26,31.19,35,0.345269,87.7806,26.7918,0.0,0,4.5891,0.7418,53.759,0.0,True,26.0,4840,1.5673,0.98
google,500,10,linear,False,False,0.0,0.4,0.3,0.3,0,0,WOA,carbon,2,0.3333333333333333,CONV,0.050052;0.050052;0.050052;0.050052;0.050052;0.050052;0.050052;0.050052;0.050052;0.050052;0.049680;0.049660;0.049660;0.049615;0.048923;0.048899;0.048898;0.048898;0.048879;0.048879;0.048879;0.048879;0.048878;0.048878;0.048878;0.048878;0.048878;0.048878;0.048878;0.048878;0.048878;0.048878;0.048878;0.048878;0.048878;0.048878;0.048878;0.048878;0.048878;0.048878;0.048878;0.048878;0.048878;0.048878;0.048878;0.048878;0.048878;0.048878;0.048878;0.048878;0.048878;0.048878;0.048878;0.048878;0.048878;0.048878;0.048878;0.048878;0.048878;0.048878;0.048878;0.048878;0.048878;0.048878;0.048878;0.048878;0.048878;0.048878;0.048878;0.048878;0.048878;0.048878;0.048878;0.048878;0.048878;0.048878;0.048878;0.048878;0.048878;0.048878;0.048878;0.048878;0.048878;0.048878;0.048878;0.048878;0.048878;0.048878;0.048878;0.048878;0.048878;0.048878;0.048878;0.048878;0.048878;0.048878;0.048878;0.048878;0.048878;0.048878;0.048878;0.048878;0.048878;0.048878;0.048878;0.048878;0.048878;0.048878;0.048878;0.048878;0.048878;0.048878;0.048878;0.048878;0.048878;0.048878;0.048878;0.048878;0.048878;0.048878,5.26,31.19,35,0.34527,87.7805,26.7915,0.0,0,4.5891,0.7418,52.437,0.0,True,26.0,4840,1.5663,0.98
google,500,10,linear,False,False,0.0,0.4,0.3,0.3,0,0,WOA,carbon,3,0.3333333333333333,CONV,0.050052;0.050052;0.050052;0.050052;0.050052;0.050052;0.050052;0.050052;0.050052;0.050052;0.050052;0.050052;0.050052;0.050052;0.050052;0.050036;0.049614;0.048877;0.048877;0.048877;0.048877;0.048877;0.048877;0.048877;0.048877;0.048877;0.048877;0.048877;0.048877;0.048877;0.048877;0.048877;0.048877;0.048877;0.048877;0.048877;0.048877;0.048877;0.048877;0.048877;0.048877;0.048877;0.048877;0.048877;0.048877;0.048877;0.048875;0.048875;0.048875;0.048875;0.048875;0.048875;0.048875;0.048875;0.048875;0.048875;0.048875;0.048875;0.048875;0.048875;0.048875;0.048875;0.048875;0.048875;0.048875;0.048875;0.048875;0.048875;0.048875;0.048875;0.048875;0.048875;0.048875;0.048875;0.048875;0.048875;0.048875;0.048875;0.048875;0.048875;0.048875;0.048875;0.048875;0.048875;0.048875;0.048875;0.048875;0.048875;0.048875;0.048875;0.048875;0.048875;0.048875;0.048875;0.048875;0.048875;0.048875;0.048875;0.048875;0.048875;0.048875;0.048875;0.048875;0.048875;0.048875;0.048875;0.048875;0.048875;0.048875;0.048875;0.048875;0.048875;0.048875;0.048875;0.048875;0.048875;0.048875;0.048875;0.048875;0.048875,5.26,31.19,35,0.34525,87.7813,26.7958,0.0,0,4.5891,0.7418,53.086,0.0,True,26.0,4840,1.5662,0.98
google,500,10,linear,False,False,0.0,0.4,0.3,0.3,0,0,WOA,carbon,4,0.3333333333333333,CONV,0.050052;0.050052;0.050052;0.050052;0.050052;0.050052;0.050052;0.050052;0.050052;0.050052;0.050052;0.050052;0.050052;0.050052;0.050052;0.050052;0.050052;0.050052;0.050052;0.050052;0.050052;0.050052;0.050052;0.050052;0.050052;0.050052;0.050052;0.050052;0.050052;0.050052;0.050052;0.050052;0.050052;0.050052;0.050052;0.050052;0.050052;0.050052;0.049641;0.049641;0.049641;0.049641;0.049641;0.049641;0.049641;0.049641;0.049641;0.049641;0.049641;0.049641;0.049641;0.049641;0.049641;0.049635;0.049635;0.049635;0.049635;0.049635;0.049635;0.049635;0.049635;0.049635;0.049635;0.049635;0.049635;0.049635;0.049635;0.049635;0.049635;0.049635;0.049635;0.049635;0.049635;0.049635;0.049635;0.049635;0.049635;0.049635;0.049635;0.049635;0.049635;0.049635;0.049635;0.049635;0.049635;0.049635;0.049635;0.049635;0.049635;0.049635;0.049635;0.049635;0.049635;0.049635;0.049635;0.049635;0.049635;0.049635;0.049635;0.049635;0.049635;0.049635;0.049635;0.049635;0.049635;0.049635;0.049635;0.049635;0.049635;0.049635;0.049635;0.049635;0.049635;0.049635;0.049635;0.049635;0.049635;0.049635;0.049635;0.049635,5.26,31.19,35,0.350617,87.5913,25.6577,0.0,0,4.6391,0.7493,50.187,0.0,True,26.0,4840,1.5516,0.95
google,500,10,linear,False,False,0.0,0.4,0.3,0.3,0,0,HHO,random,1,0.3333333333333333,CONV,0.066765;0.066104;0.065697;0.065697;0.065696;0.065693;0.065313;0.065313;0.065090;0.065090;0.065089;0.065089;0.065089;0.065089;0.065083;0.065083;0.065083;0.065083;0.065083;0.064644;0.064644;0.064644;0.064644;0.064644;0.064644;0.064644;0.064644;0.064644;0.064644;0.064644;0.064644;0.064644;0.064644;0.064644;0.064644;0.064644;0.064644;0.064644;0.064644;0.064644;0.064644;0.064644;0.064644;0.064644;0.064644;0.064644;0.064644;0.064644;0.064644;0.064644;0.064644;0.064644;0.064644;0.064644;0.064644;0.064644;0.064644;0.064644;0.064644;0.064644;0.064644;0.064644;0.064644;0.064644;0.064644;0.064644;0.064644;0.064644;0.064644;0.064577;0.064535;0.063887;0.063879;0.063879;0.063878;0.063861;0.063861;0.063854;0.063166;0.063161;0.063161;0.063161;0.063161;0.063161;0.063161;0.063158;0.063158;0.063158;0.063158;0.063158;0.063158;0.063158;0.063158;0.063158;0.063158;0.063158;0.063158;0.063158;0.063158;0.063158;0.063158;0.063158;0.063158;0.063158;0.063158;0.063158;0.063158;0.063158;0.063158;0.063158;0.063158;0.063158;0.063158;0.063153;0.063153;0.063151;0.063151;0.063150;0.063150;0.063150,5.26,31.19,35,0.446086,84.2125,5.4152,0.0,0,4.9891,0.8362,50.993,0.0,True,25.0,8844,2.6624,1.17
google,500,10,linear,False,False,0.0,0.4,0.3,0.3,0,0,HHO,random,2,0.3333333333333333,CONV,0.066765;0.066352;0.065401;0.064972;0.064028;0.063113;0.062390;0.062390;0.062390;0.062390;0.062390;0.062390;0.062390;0.062390;0.062390;0.062390;0.062390;0.062390;0.062390;0.062390;0.062390;0.062390;0.062390;0.062390;0.062390;0.062390;0.061954;0.061949;0.061940;0.061227;0.061227;0.061222;0.061222;0.061219;0.061219;0.061219;0.061219;0.061219;0.061219;0.061219;0.061219;0.061219;0.061219;0.061219;0.061084;0.061082;0.061082;0.061082;0.061082;0.061082;0.061082;0.061072;0.061067;0.061067;0.061067;0.061067;0.061067;0.060963;0.060956;0.060956;0.060956;0.060955;0.060955;0.060955;0.060954;0.060953;0.060953;0.060953;0.060953;0.060953;0.060949;0.060925;0.060563;0.060563;0.060563;0.060563;0.060563;0.060563;0.060563;0.060563;0.060563;0.060563;0.060563;0.060563;0.060563;0.060563;0.060563;0.060563;0.060563;0.060563;0.060563;0.060563;0.060563;0.060563;0.060563;0.060563;0.060563;0.060563;0.060563;0.060563;0.060563;0.060563;0.060563;0.060563;0.060563;0.060563;0.060563;0.060563;0.060563;0.060563;0.060563;0.060563;0.060563;0.060563;0.060563;0.060563;0.060563;0.060563;0.060563;0.060563,5.26,31.19,35,0.427814,84.8592,9.2895,0.0,0,4.9391,0.8166,49.88,0.0,True,28.0,8886,2.5722,1.07
google,500,10,linear,False,False,0.0,0.4,0.3,0.3,0,0,HHO,random,3,0.3333333333333333,CONV,0.067576;0.066413;0.065854;0.065185;0.065185;0.065185;0.065185;0.065159;0.065156;0.065156;0.065156;0.065156;0.065156;0.065156;0.065156;0.065156;0.065156;0.065156;0.065156;0.065156;0.065156;0.065156;0.065156;0.065156;0.065156;0.065156;0.065156;0.065156;0.065154;0.065154;0.064972;0.064972;0.064972;0.064972;0.064972;0.064972;0.064972;0.064972;0.064761;0.064623;0.064623;0.064623;0.063776;0.063776;0.062805;0.062805;0.062805;0.062805;0.062805;0.062805;0.062805;0.062805;0.062805;0.062805;0.062805;0.062805;0.062805;0.062805;0.062805;0.062805;0.062803;0.062803;0.062803;0.062803;0.062803;0.062803;0.062803;0.062803;0.062803;0.062803;0.062803;0.062803;0.062803;0.062803;0.062803;0.062803;0.062803;0.062803;0.062803;0.062803;0.062803;0.062803;0.062803;0.062803;0.062803;0.062803;0.062803;0.062803;0.062803;0.062803;0.062803;0.062803;0.062803;0.062803;0.062803;0.062803;0.062803;0.062803;0.062803;0.062803;0.062803;0.062803;0.062803;0.062803;0.062803;0.062803;0.062803;0.062803;0.062803;0.062803;0.062803;0.062803;0.062803;0.062803;0.062803;0.062803;0.062803;0.062803;0.062803;0.062803,5.26,31.19,35,0.443634,84.2993,5.9351,0.0,0,5.0391,0.8513,48.063,0.0,True,26.0,8808,2.5102,1.0
google,500,10,linear,False,False,0.0,0.4,0.3,0.3,0,0,HHO,random,4,0.3333333333333333,CONV,0.066765;0.064972;0.064538;0.063793;0.063099;0.063095;0.063095;0.063085;0.063085;0.063085;0.063085;0.063085;0.063085;0.063085;0.063085;0.063085;0.063085;0.063085;0.063085;0.063085;0.063085;0.063085;0.063085;0.063085;0.062667;0.061745;0.061745;0.061745;0.061744;0.061739;0.061739;0.061739;0.061739;0.061739;0.061739;0.061739;0.061739;0.061739;0.061739;0.061739;0.061739;0.061739;0.061739;0.061739;0.061739;0.061739;0.061420;0.061420;0.061420;0.060733;0.060733;0.060733;0.060733;0.060733;0.060730;0.060730;0.060730;0.060730;0.060730;0.060730;0.060730;0.060730;0.060730;0.060724;0.060724;0.060724;0.060724;0.060724;0.060724;0.060724;0.060724;0.060724;0.060724;0.060724;0.060724;0.060724;0.060724;0.060724;0.060724;0.060724;0.060724;0.060724;0.060724;0.060724;0.060724;0.060724;0.060724;0.060724;0.060724;0.060724;0.060724;0.060724;0.060724;0.060724;0.060724;0.060724;0.060724;0.060724;0.060724;0.060724;0.060724;0.060724;0.060724;0.060724;0.060724;0.060724;0.060724;0.060724;0.060724;0.060724;0.060724;0.060724;0.060724;0.060724;0.060724;0.060724;0.060724;0.060724;0.060724;0.060724,5.26,31.19,35,0.428951,84.819,9.0483,0.0,0,4.9891,0.8052,47.646,0.0,True,28.0,8868,2.5428,1.0
google,500,10,linear,False,False,0.0,0.4,0.3,0.3,0,0,HHO,random,5,0.3333333333333333,CONV,0.066765;0.064972;0.063113;0.062390;0.062390;0.062390;0.062390;0.062390;0.062390;0.062390;0.062390;0.062390;0.062390;0.062390;0.062390;0.062390;0.062390;0.062390;0.062390;0.062390;0.062390;0.062390;0.062390;0.062390;0.062390;0.062390;0.062390;0.062390;0.062390;0.062390;0.062390;0.062390;0.062390;0.062390;0.062390;0.062390;0.062390;0.062390;0.062390;0.062390;0.062390;0.062390;0.062390;0.062390;0.062390;0.062390;0.062390;0.062390;0.062390;0.062390;0.062390;0.062390;0.062390;0.062390;0.062390;0.062390;0.062390;0.062390;0.062390;0.062390;0.062390;0.062390;0.062390;0.062390;0.062390;0.062390;0.062390;0.062390;0.062390;0.062390;0.062390;0.062390;0.062390;0.062390;0.062390;0.062390;0.062390;0.062390;0.062390;0.062390;0.062390;0.062390;0.062390;0.062390;0.062390;0.062390;0.062390;0.062390;0.062390;0.062390;0.062390;0.062390;0.062390;0.062390;0.062390;0.062390;0.062390;0.062390;0.062390;0.062390;0.062390;0.062390;0.062390;0.062390;0.062390;0.062390;0.062390;0.062390;0.062390;0.062390;0.062390;0.062141;0.060968;0.060959;0.060959;0.060959;0.060959;0.060959;0.060959;0.060959,5.26,31.19,35,0.430614,84.7601,8.6959,0.0,0,5.0391,0.8303,47.606,0.0,True,28.5,8824,2.5399,0.89
google,500,10,linear,False,False,0.0,0.4,0.3,0.3,0,0,HHO,random,6,0.3333333333333333,CONV,0.065134;0.064559;0.064034;0.064034;0.063982;0.063982;0.063972;0.063971;0.063971;0.063967;0.063966;0.063966;0.063966;0.063764;0.063764;0.063763;0.063763;0.063763;0.063762;0.063762;0.063667;0.063280;0.063280;0.063280;0.062754;0.062749;0.062749;0.062748;0.062748;0.062734;0.062734;0.062734;0.062734;0.062734;0.062734;0.062734;0.062734;0.062734;0.062734;0.062734;0.062734;0.062734;0.062734;0.062734;0.062734;0.062734;0.062734;0.062734;0.062734;0.062734;0.062734;0.062734;0.062734;0.062734;0.062734;0.062734;0.062734;0.062734;0.062734;0.062734;0.062734;0.062734;0.062734;0.062734;0.062734;0.062734;0.062734;0.062734;0.062734;0.062734;0.062734;0.062734;0.062734;0.062734;0.062734;0.062734;0.062734;0.062734;0.062734;0.062734;0.062734;0.062734;0.062734;0.062734;0.062734;0.062726;0.062726;0.062726;0.062726;0.062726;0.062721;0.062713;0.062712;0.062709;0.062707;0.062705;0.062705;0.062705;0.062705;0.062705;0.062705;0.062705;0.062705;0.062705;0.062705;0.062705;0.062705;0.062705;0.062705;0.062705;0.062705;0.062705;0.062705;0.062705;0.062705;0.062705;0.062705;0.062705;0.062705;0.062705,5.26,31.19,35,0.442947,84.3237,6.0809,0.0,0,4.9391,0.816,50.92,0.0,True,24.5,8858,2.565,1.08
google,500,10,linear,False,False,0.0,0.4,0.3,0.3,0,0,HHO,random,7,0.3333333333333333,CONV,0.066765;0.066765;0.066763;0.066005;0.066005;0.066005;0.066005;0.065688;0.065354;0.065351;0.065351;0.065348;0.065324;0.065168;0.065168;0.065099;0.064708;0.064708;0.064708;0.064708;0.064375;0.064375;0.064375;0.064375;0.064375;0.064375;0.064375;0.064375;0.064375;0.064375;0.064375;0.064375;0.064374;0.064374;0.064374;0.064374;0.064374;0.064373;0.064373;0.064373;0.064373;0.064373;0.064373;0.063586;0.063580;0.063580;0.063174;0.063174;0.063163;0.063159;0.063159;0.063159;0.063159;0.063159;0.063159;0.063159;0.063159;0.063159;0.063159;0.063159;0.063159;0.063159;0.063159;0.063159;0.063159;0.063159;0.063159;0.063159;0.063159;0.063159;0.063159;0.063159;0.063159;0.063159;0.063159;0.063159;0.063159;0.063159;0.063159;0.063159;0.063159;0.063159;0.063159;0.063159;0.063159;0.063159;0.063159;0.063159;0.062654;0.062647;0.062647;0.062634;0.062634;0.062634;0.062634;0.062634;0.062634;0.062634;0.062634;0.062634;0.062634;0.062629;0.062628;0.062628;0.062628;0.062628;0.062628;0.062628;0.062628;0.062628;0.062628;0.062628;0.062628;0.062628;0.062628;0.062628;0.062628;0.062628;0.062628;0.062628,5.26,31.19,35,0.442402,84.3429,6.1963,0.0,0,4.9391,0.8242,51.093,0.0,True,25.0,8830,2.5445,1.09
google,500,10,linear,False,False,0.0,0.4,0.3,0.3,0,0,HHO,random,8,0.3333333333333333,CONV,0.066765;0.065401;0.064972;0.064538;0.062390;0.062390;0.062390;0.062390;0.062390;0.062390;0.062390;0.062390;0.062390;0.062390;0.062390;0.062390;0.062390;0.062390;0.062390;0.062390;0.062390;0.062390;0.062390;0.062390;0.062390;0.062390;0.062390;0.062390;0.062390;0.062390;0.062390;0.062390;0.062390;0.061974;0.061974;0.061974;0.061974;0.061974;0.061974;0.061974;0.061974;0.061974;0.061974;0.061974;0.061974;0.061974;0.061974;0.061974;0.061974;0.061603;0.061603;0.061603;0.061603;0.061603;0.061603;0.061603;0.061603;0.061603;0.061603;0.061603;0.061603;0.061603;0.061603;0.061603;0.061603;0.061603;0.061603;0.061603;0.061603;0.061603;0.061603;0.061603;0.061603;0.061603;0.061603;0.061603;0.061603;0.061603;0.061603;0.061603;0.061603;0.061603;0.061603;0.061603;0.061603;0.061603;0.061603;0.061603;0.061603;0.061603;0.061603;0.061603;0.061603;0.061603;0.061603;0.061603;0.061603;0.061603;0.061603;0.061603;0.061603;0.061603;0.061603;0.061603;0.061603;0.061603;0.061603;0.061603;0.061603;0.061603;0.061603;0.061603;0.061603;0.061603;0.061603;0.061603;0.061603;0.061603;0.061603;0.061603,5.26,31.19,35,0.435157,84.5993,7.7325,0.0,0,5.0891,0.847,45.567,0.0,True,28.5,8938,2.5773,0.89
google,500,10,linear,False,False,0.0,0.4,0.3,0.3,0,0,HHO,random,9,0.3333333333333333,CONV,0.066765;0.066765;0.066057;0.064619;0.064619;0.064619;0.064619;0.064619;0.064619;0.064619;0.063891;0.063891;0.063889;0.063889;0.063889;0.063889;0.063889;0.063889;0.063889;0.063889;0.063889;0.063889;0.063889;0.063889;0.063889;0.063889;0.063889;0.063889;0.063889;0.063889;0.063889;0.063889;0.063885;0.063885;0.063885;0.063885;0.063885;0.063885;0.063885;0.063885;0.063885;0.063885;0.063883;0.063883;0.063883;0.063883;0.063883;0.063883;0.063883;0.063883;0.063883;0.063883;0.063883;0.063883;0.063883;0.063883;0.063883;0.063883;0.063883;0.063883;0.063883;0.063883;0.063883;0.063883;0.063883;0.063878;0.063878;0.063878;0.063877;0.063877;0.063877;0.063877;0.063877;0.063877;0.063877;0.063877;0.063877;0.063877;0.063877;0.063877;0.063877;0.063877;0.063877;0.063877;0.063877;0.063877;0.063877;0.063876;0.063876;0.063876;0.063876;0.063876;0.063876;0.063876;0.063876;0.063876;0.063876;0.063876;0.063876;0.063876;0.063876;0.063876;0.063876;0.063876;0.063876;0.063876;0.063876;0.063876;0.063876;0.063876;0.063876;0.063876;0.063876;0.063876;0.063876;0.063876;0.063876;0.063876;0.063876;0.063876,5.26,31.19,35,0.451214,84.0311,4.3279,0.0,0,5.0391,0.8317,47.234,0.0,True,24.5,8948,2.7238,1.14
google,500,10,linear,False,False,0.0,0.4,0.3,0.3,0,0,HHO,random,10,0.3333333333333333,CONV,0.066765;0.065401;0.064538;0.062390;0.062390;0.062390;0.062390;0.062390;0.062390;0.062390;0.062390;0.062390;0.062390;0.062390;0.062390;0.062390;0.062390;0.062390;0.062390;0.062390;0.062390;0.062390;0.062390;0.062390;0.062390;0.062390;0.062390;0.062390;0.062390;0.062390;0.062390;0.062390;0.062339;0.061684;0.061675;0.061675;0.061675;0.061675;0.061369;0.060965;0.060965;0.060965;0.060957;0.060954;0.060954;0.060954;0.060954;0.060954;0.060954;0.060954;0.060954;0.060952;0.060952;0.060951;0.060951;0.060951;0.060951;0.060951;0.060951;0.060951;0.060951;0.060951;0.060951;0.060951;0.060951;0.060951;0.060951;0.060951;0.060951;0.060951;0.060951;0.060946;0.060946;0.060946;0.060946;0.060946;0.060946;0.060946;0.060946;0.060946;0.060946;0.060946;0.060946;0.060946;0.060946;0.060946;0.060946;0.060946;0.060946;0.060946;0.060946;0.060946;0.060946;0.060946;0.060946;0.060946;0.060946;0.060946;0.060946;0.060946;0.060946;0.060946;0.060946;0.060946;0.060946;0.060946;0.060946;0.060946;0.060946;0.060946;0.060946;0.060946;0.060946;0.060946;0.060946;0.060946;0.060946;0.060946;0.060946;0.060946,5.26,31.19,35,0.430517,84.7636,8.7163,0.0,0,5.0391,0.8372,47.4,0.0,True,28.5,8908,2.5918,0.98
google,500,10,linear,False,False,0.0,0.4,0.3,0.3,0,0,GA,random,1,0.3333333333333333,CONV,0.255163;0.243671;0.237563;0.237563;0.233791;0.227925;0.223359;0.218166;0.216747;0.215165;0.213496;0.208031;0.208031;0.205032;0.202757;0.201821;0.201821;0.201006;0.196886;0.195778;0.191886;0.189735;0.188245;0.186650;0.185968;0.180377;0.178312;0.178312;0.175136;0.175136;0.175136;0.172963;0.170560;0.170560;0.166692;0.165714;0.162891;0.162891;0.162464;0.162056;0.156277;0.156277;0.156277;0.156277;0.155819;0.155819;0.155819;0.155819;0.154488;0.154488;0.153159;0.150612;0.150612;0.150612;0.150612;0.147267;0.147267;0.147267;0.147029;0.147029;0.147029;0.147029;0.143752;0.143752;0.143752;0.143752;0.143752;0.143442;0.143442;0.143442;0.140925;0.140925;0.140538;0.139670;0.139023;0.139023;0.139023;0.139023;0.139023;0.139023;0.137884;0.137884;0.137884;0.137864;0.137864;0.134584;0.134584;0.134584;0.134584;0.134584;0.134584;0.130751;0.130751;0.130751;0.130751;0.130751;0.130751;0.130751;0.130751;0.130751;0.130751;0.130751;0.130751;0.130751;0.130751;0.130751;0.130751;0.130372;0.130372;0.130372;0.130372;0.130372;0.130281;0.130281;0.130281;0.130281;0.130281;0.130281;0.130281;0.130281,5.26,31.19,35,0.479504,83.0299,-1.6705,20.8,104,5.2391,0.8852,53.501,0.0,True,30.5,4840,2.5954,1.63
google,500,10,linear,False,False,0.0,0.4,0.3,0.3,0,0,GA,random,2,0.3333333333333333,CONV,0.255001;0.246587;0.243544;0.233366;0.232945;0.224657;0.224657;0.220496;0.218224;0.216072;0.212728;0.212544;0.205882;0.204255;0.201202;0.197955;0.197188;0.194839;0.194154;0.191228;0.191228;0.186426;0.184097;0.182840;0.180866;0.176482;0.175844;0.175584;0.175066;0.174482;0.174482;0.174482;0.171945;0.171945;0.168916;0.168916;0.168916;0.163478;0.163478;0.163478;0.163055;0.163055;0.163055;0.160829;0.158489;0.157809;0.154179;0.154179;0.154179;0.154179;0.154179;0.154179;0.153517;0.153005;0.149560;0.149560;0.149560;0.149560;0.147025;0.147025;0.147025;0.144488;0.144488;0.144488;0.144488;0.144488;0.144488;0.144109;0.141213;0.141213;0.141213;0.141213;0.140559;0.140559;0.140559;0.137150;0.137150;0.135803;0.135803;0.135803;0.135803;0.135803;0.135803;0.135741;0.135741;0.135741;0.135741;0.135124;0.134275;0.134275;0.132762;0.132762;0.132762;0.131898;0.131898;0.131898;0.131432;0.131432;0.131432;0.131432;0.131432;0.129991;0.129991;0.129991;0.129991;0.129991;0.129991;0.129991;0.129991;0.129991;0.129991;0.129991;0.129991;0.129991;0.129991;0.129991;0.129991;0.128735;0.128696;0.127588,5.26,31.19,35,0.481679,82.9529,-2.1317,19.8,99,5.2891,0.9013,52.968,0.0,True,28.5,4840,2.6336,1.64
google,500,10,linear,False,False,0.0,0.4,0.3,0.3,0,0,GA,random,3,0.3333333333333333,CONV,0.255058;0.250449;0.244831;0.237535;0.232517;0.228799;0.225211;0.222023;0.218671;0.215636;0.212281;0.210220;0.206848;0.206224;0.204917;0.200887;0.200887;0.194448;0.188568;0.186016;0.186016;0.185265;0.182618;0.182618;0.181737;0.175905;0.175905;0.175905;0.175905;0.174701;0.173707;0.171997;0.171997;0.167581;0.167581;0.164980;0.164980;0.164980;0.164714;0.164714;0.164246;0.161092;0.161092;0.160251;0.155343;0.155343;0.155343;0.154491;0.153162;0.153006;0.150898;0.150529;0.150529;0.149102;0.147081;0.146575;0.144729;0.144729;0.144203;0.142364;0.140835;0.140268;0.140268;0.139086;0.138216;0.138216;0.137990;0.137990;0.137990;0.137990;0.137990;0.137990;0.137990;0.136355;0.136355;0.135774;0.134452;0.134452;0.134452;0.134452;0.134452;0.134452;0.134452;0.134452;0.134452;0.134452;0.134452;0.134452;0.134452;0.134452;0.134452;0.134452;0.134452;0.132249;0.132249;0.132249;0.132249;0.132249;0.132249;0.131265;0.131265;0.131265;0.131265;0.131265;0.129910;0.129910;0.129910;0.129910;0.129269;0.128690;0.127893;0.127893;0.127893;0.127893;0.127893;0.127298;0.127249;0.127249;0.127249;0.127249,5.26,31.19,35,0.470805,83.3377,0.174,20.2,101,5.1891,0.8792,54.22,0.0,True,27.5,4840,2.6368,1.6
google,500,10,linear,False,False,0.0,0.4,0.3,0.3,0,0,GA,random,4,0.3333333333333333,CONV,0.247560;0.245326;0.242292;0.239955;0.238306;0.231732;0.225990;0.222052;0.220782;0.216287;0.216208;0.211465;0.208453;0.208453;0.204393;0.201004;0.198125;0.197551;0.197120;0.192826;0.192549;0.191593;0.190043;0.189041;0.183915;0.182425;0.181416;0.181354;0.180690;0.177538;0.174507;0.174507;0.173702;0.171638;0.169589;0.169589;0.165297;0.165297;0.165297;0.164008;0.163857;0.160358;0.160358;0.160358;0.159762;0.157058;0.154234;0.154234;0.154234;0.154234;0.152504;0.151920;0.150059;0.150059;0.143849;0.143849;0.143849;0.143849;0.143849;0.143849;0.143849;0.142706;0.142706;0.138989;0.138989;0.138989;0.138338;0.138338;0.138338;0.138338;0.138338;0.138338;0.138338;0.138338;0.138338;0.138338;0.138338;0.138338;0.138322;0.136178;0.134669;0.134004;0.134004;0.134004;0.134004;0.133509;0.132350;0.132350;0.132350;0.132350;0.132350;0.132350;0.132350;0.132350;0.130922;0.130922;0.130922;0.129587;0.129587;0.128927;0.128927;0.128927;0.126573;0.126573;0.126007;0.126007;0.126007;0.126007;0.126007;0.126007;0.126007;0.126007;0.126007;0.125944;0.125944;0.125944;0.125944;0.125944;0.125944;0.125944,5.26,31.19,35,0.465821,83.5141,1.2307,20.0,100,5.1891,0.888,54.406,0.0,True,28.5,4840,2.6321,1.62
google,500,10,linear,False,False,0.0,0.4,0.3,0.3,0,0,GA,random,5,0.3333333333333333,CONV,0.254944;0.248387;0.243354;0.240232;0.234542;0.229180;0.226505;0.222382;0.217703;0.214312;0.213475;0.210720;0.206488;0.206488;0.203344;0.201666;0.199840;0.199123;0.193190;0.188898;0.185196;0.185196;0.182636;0.179977;0.178218;0.178218;0.175862;0.174695;0.174695;0.174640;0.174640;0.173227;0.171149;0.171024;0.170097;0.169938;0.169435;0.165075;0.164024;0.163642;0.160495;0.160495;0.158970;0.155578;0.155578;0.155578;0.155578;0.152926;0.152926;0.151172;0.145475;0.145475;0.145475;0.145475;0.145475;0.145266;0.145266;0.144275;0.144275;0.144275;0.143530;0.141329;0.140683;0.140683;0.139851;0.139851;0.139851;0.139851;0.139851;0.139851;0.139851;0.138270;0.138270;0.138270;0.138270;0.136691;0.136691;0.136691;0.136082;0.136082;0.136082;0.136082;0.136082;0.133609;0.133609;0.133609;0.132792;0.132792;0.132270;0.130060;0.129570;0.127270;0.124525;0.124525;0.124525;0.124525;0.124525;0.124525;0.124525;0.124010;0.124010;0.124010;0.124010;0.124010;0.123250;0.123250;0.123250;0.121652;0.121652;0.121652;0.121652;0.121652;0.121584;0.121584;0.121584;0.121584;0.120868;0.120724;0.120666;0.120666,5.26,31.19,35,0.50059,82.2836,-6.1414,16.6,83,5.4891,0.9285,48.766,0.0,True,32.0,4840,2.6218,1.64
google,500,10,linear,False,False,0.0,0.4,0.3,0.3,0,0,GA,random,6,0.3333333333333333,CONV,0.254754;0.251068;0.238954;0.235571;0.234100;0.230189;0.227580;0.225768;0.221645;0.216029;0.216029;0.208191;0.204733;0.204733;0.204733;0.198947;0.194664;0.193067;0.193067;0.193067;0.186780;0.186780;0.186561;0.177507;0.177507;0.177507;0.175325;0.175325;0.170594;0.170350;0.167366;0.167366;0.165271;0.164526;0.162821;0.162625;0.160821;0.160576;0.156855;0.155195;0.155195;0.153775;0.152984;0.147300;0.147300;0.147300;0.147300;0.147300;0.147300;0.147300;0.147300;0.147300;0.147300;0.147300;0.147300;0.146042;0.145236;0.143842;0.142609;0.142161;0.140868;0.140868;0.140868;0.140868;0.137891;0.137891;0.137891;0.137891;0.137891;0.137891;0.137891;0.137891;0.137891;0.137891;0.137891;0.135195;0.135195;0.135195;0.135195;0.132900;0.131605;0.131605;0.131605;0.131605;0.131605;0.131605;0.130922;0.130922;0.130922;0.130922;0.130922;0.130713;0.130713;0.128433;0.128433;0.128433;0.128433;0.128433;0.128433;0.128433;0.128433;0.128433;0.128433;0.126091;0.126091;0.124361;0.124361;0.124361;0.124361;0.124361;0.124361;0.124361;0.123374;0.120748;0.120748;0.120748;0.120748;0.120748;0.120748;0.120748,5.26,31.19,35,0.479978,83.0131,-1.771,17.6,88,5.3391,0.9076,51.239,0.0,True,29.0,4840,2.6361,1.62
google,500,20,linear,False,False,0.0,0.4,0.3,0.3,0,0,PSO,random,7,0.3333333333333333,CONV,0.249297;0.247847;0.247847;0.247847;0.245200;0.245200;0.245200;0.245200;0.245200;0.245200;0.245200;0.245200;0.244982;0.244982;0.244982;0.243921;0.243921;0.243921;0.242773;0.242773;0.242773;0.242773;0.239723;0.239723;0.239723;0.238862;0.238085;0.238085;0.238085;0.238085;0.236438;0.236438;0.236438;0.236438;0.236438;0.236438;0.236438;0.236438;0.236438;0.236438;0.236438;0.236438;0.236438;0.236438;0.236438;0.236438;0.236438;0.236438;0.236438;0.236438;0.236438;0.236438;0.236438;0.236438;0.236438;0.236438;0.236438;0.236438;0.236438;0.236438;0.236438;0.236438;0.236438;0.233873;0.233873;0.233873;0.233495;0.232867;0.232867;0.232867;0.230802;0.230802;0.230802;0.230802;0.229780;0.229780;0.229780;0.229780;0.229780;0.229780;0.229780;0.229780;0.229780;0.229780;0.229780;0.229780;0.229780;0.229780;0.229780;0.229780;0.229780;0.229780;0.229780;0.229780;0.229780;0.229780;0.229780;0.229780;0.229780;0.229780;0.229780;0.229780;0.229780;0.229780;0.229335;0.229335;0.229335;0.229335;0.229335;0.229335;0.229335;0.229334;0.226667;0.224636;0.224636;0.223809;0.223809;0.223809;0.223809;0.223809,5.26,31.19,35,0.500189,82.2978,-6.0564,51.0,255,5.2891,0.904,52.798,0.0,True,33.0,4840,1.6611,1.71
google,500,20,linear,False,False,0.0,0.4,0.3,0.3,0,0,PSO,random,8,0.3333333333333333,CONV,0.257804;0.255336;0.255336;0.252660;0.252660;0.251573;0.251536;0.251536;0.251536;0.250265;0.250265;0.250265;0.249682;0.249682;0.249682;0.248699;0.246760;0.246760;0.246760;0.245495;0.244496;0.244481;0.244124;0.244116;0.244116;0.244116;0.244116;0.244116;0.244116;0.244116;0.244116;0.244116;0.244116;0.244116;0.244116;0.244116;0.244116;0.244116;0.244116;0.244116;0.244116;0.244116;0.244116;0.244116;0.243326;0.243175;0.243175;0.242794;0.241985;0.241985;0.241985;0.241985;0.241985;0.241985;0.241985;0.240822;0.240822;0.240162;0.240162;0.240162;0.240162;0.240162;0.240162;0.240162;0.240162;0.240162;0.238569;0.238569;0.238569;0.237741;0.237741;0.237741;0.237741;0.236743;0.236743;0.236743;0.236743;0.236743;0.236743;0.236743;0.236694;0.235836;0.235217;0.235217;0.235208;0.233605;0.233605;0.231022;0.231022;0.231022;0.231022;0.230425;0.230425;0.230425;0.230425;0.230413;0.226809;0.226809;0.226809;0.226809;0.226809;0.226798;0.226798;0.226798;0.226798;0.226798;0.226798;0.226798;0.226798;0.226798;0.226798;0.226798;0.226798;0.226798;0.226509;0.226464;0.226464;0.226464;0.225663;0.225663,5.26,31.19,35,0.521767,81.5341,-10.6316,50.6,253,5.5391,0.943,48.459,0.0,True,33.0,4840,1.6402,1.9
google,500,20,linear,False,False,0.0,0.4,0.3,0.3,0,0,PSO,random,9,0.3333333333333333,CONV,0.255338;0.254576;0.250817;0.250817;0.250817;0.250817;0.250817;0.250817;0.250817;0.249733;0.249733;0.249733;0.249733;0.249733;0.249733;0.248333;0.248333;0.248333;0.248333;0.246281;0.246281;0.245670;0.245670;0.245670;0.245663;0.245663;0.245663;0.245663;0.245663;0.245663;0.245663;0.245663;0.245663;0.245663;0.245663;0.245663;0.245663;0.245663;0.245663;0.245663;0.245663;0.245663;0.245663;0.245663;0.245650;0.245650;0.245650;0.245650;0.245650;0.245650;0.245650;0.245650;0.245650;0.245650;0.245650;0.244305;0.244305;0.244305;0.244305;0.244305;0.244305;0.244305;0.243718;0.240045;0.240045;0.239302;0.239302;0.239302;0.239302;0.238741;0.238741;0.238714;0.238714;0.238714;0.238714;0.238714;0.238714;0.238714;0.238714;0.238714;0.238714;0.238714;0.238714;0.238714;0.238714;0.238714;0.238714;0.237411;0.237411;0.237411;0.236174;0.236174;0.236154;0.236154;0.236148;0.236148;0.236148;0.236148;0.236148;0.236148;0.236148;0.236148;0.236148;0.236148;0.236148;0.236148;0.236148;0.236148;0.235351;0.235351;0.235351;0.235351;0.235351;0.235351;0.235351;0.235351;0.235351;0.235351;0.235351;0.235351,5.26,31.19,35,0.513908,81.8123,-8.9652,54.2,271,5.4391,0.9197,49.95,0.0,True,33.0,4840,1.6135,1.71
google,500,20,linear,False,False,0.0,0.4,0.3,0.3,0,0,PSO,random,10,0.3333333333333333,CONV,0.254139;0.252781;0.252781;0.252781;0.252781;0.251747;0.251747;0.251747;0.251747;0.251747;0.251747;0.251747;0.251747;0.251747;0.249928;0.249928;0.249928;0.246494;0.246494;0.246494;0.244078;0.244078;0.244078;0.244078;0.244078;0.244078;0.244078;0.242903;0.242903;0.242903;0.242903;0.242903;0.242903;0.242880;0.242879;0.242877;0.242877;0.241376;0.239687;0.239687;0.238425;0.236709;0.236709;0.234986;0.234986;0.234986;0.234986;0.234986;0.234986;0.234366;0.234362;0.234362;0.234362;0.234362;0.234362;0.234362;0.234362;0.234362;0.234362;0.234362;0.234362;0.234362;0.234362;0.234362;0.234362;0.234362;0.234362;0.234362;0.234362;0.234362;0.234362;0.234362;0.234362;0.234362;0.234362;0.234362;0.232265;0.232265;0.232265;0.232265;0.232258;0.232258;0.232258;0.232258;0.232258;0.231175;0.231175;0.231175;0.230154;0.230112;0.230067;0.229484;0.229484;0.229478;0.228900;0.228900;0.228900;0.228900;0.228900;0.228900;0.228900;0.228442;0.228442;0.228442;0.228096;0.228096;0.228096;0.228094;0.228094;0.228094;0.228094;0.227339;0.227339;0.227339;0.227339;0.226935;0.226935;0.226935;0.226935;0.226935,5.26,31.19,35,0.501079,82.2663,-6.2451,52.0,260,5.3391,0.913,51.66,0.0,True,30.5,4840,1.6234,1.84
google,500,20,linear,False,False,0.0,0.4,0.3,0.3,0,0,DE,random,1,0.3333333333333333,CONV,0.248791;0.248791;0.242473;0.242473;0.242473;0.242203;0.241102;0.240756;0.238869;0.237695;0.236396;0.235033;0.234423;0.233505;0.233020;0.231748;0.231004;0.228383;0.227673;0.227673;0.227636;0.225834;0.225448;0.224740;0.224740;0.224740;0.224046;0.223102;0.222832;0.222161;0.222035;0.220794;0.219302;0.219302;0.219302;0.217675;0.217675;0.217180;0.217180;0.217180;0.216572;0.216250;0.215836;0.214733;0.214733;0.214733;0.214582;0.212877;0.212877;0.212877;0.212528;0.211676;0.211015;0.210734;0.210602;0.210386;0.210386;0.209990;0.209025;0.209025;0.209025;0.209025;0.208820;0.208813;0.208345;0.207603;0.207603;0.207029;0.207029;0.207022;0.206505;0.206505;0.205898;0.205883;0.205878;0.205878;0.205309;0.204872;0.204872;0.204872;0.204872;0.204833;0.204833;0.204833;0.204833;0.204833;0.204833;0.204833;0.204833;0.204828;0.204812;0.204812;0.204811;0.204799;0.204799;0.204770;0.204770;0.204770;0.204761;0.204761;0.204761;0.204753;0.204750;0.204750;0.204745;0.204745;0.204738;0.204738;0.204738;0.204731;0.204731;0.204731;0.204731;0.204731;0.204728;0.204726;0.204726;0.204725;0.204724;0.204724,5.26,31.19,35,0.509481,81.9689,-8.0267,44.2,221,5.4391,0.9207,49.454,0.0,True,32.0,4840,1.5914,1.54
google,500,20,linear,False,False,0.0,0.4,0.3,0.3,0,0,DE,random,2,0.3333333333333333,CONV,0.258278;0.251982;0.249708;0.249708;0.249708;0.247796;0.243524;0.240312;0.239183;0.237793;0.237793;0.237793;0.233991;0.233062;0.230461;0.228464;0.228153;0.228153;0.223742;0.220247;0.220247;0.220247;0.220176;0.220176;0.217988;0.217802;0.216023;0.215505;0.215189;0.215189;0.212788;0.212788;0.211033;0.210348;0.210348;0.207741;0.207741;0.205672;0.205672;0.205672;0.202506;0.202506;0.202506;0.201885;0.201494;0.201494;0.201494;0.201260;0.200366;0.200244;0.199633;0.199633;0.198831;0.198831;0.198549;0.198141;0.196945;0.196858;0.195478;0.195478;0.195036;0.195036;0.195036;0.194805;0.194800;0.194454;0.194010;0.194003;0.193993;0.193993;0.193993;0.193993;0.193991;0.193991;0.193989;0.193989;0.193979;0.193974;0.193974;0.193968;0.193967;0.193963;0.193963;0.193961;0.193955;0.193955;0.193955;0.193953;0.193953;0.193949;0.193949;0.193949;0.193948;0.193948;0.193948;0.193948;0.193948;0.193948;0.193948;0.193948;0.193948;0.193948;0.193948;0.193948;0.193948;0.193948;0.193948;0.193948;0.193948;0.193948;0.193948;0.193948;0.193948;0.193948;0.193948;0.193948;0.193948;0.193948;0.193948;0.193948,5.26,31.19,35,0.518127,81.6629,-9.8599,40.2,201,5.4391,0.9203,50.304,0.0,True,34.5,4840,1.5657,1.46
google,500,20,linear,False,False,0.0,0.4,0.3,0.3,0,0,DE,random,3,0.3333333333333333,CONV,0.255318;0.249945;0.249945;0.248023;0.243649;0.242534;0.237366;0.237366;0.234282;0.234282;0.233874;0.227089;0.227089;0.227089;0.227089;0.227089;0.227062;0.224773;0.224530;0.223660;0.222508;0.221396;0.221396;0.219372;0.219145;0.218865;0.218414;0.218258;0.217259;0.216116;0.214466;0.214466;0.214466;0.214370;0.213302;0.213236;0.211389;0.211313;0.211313;0.211126;0.210092;0.208695;0.208695;0.208109;0.208109;0.208109;0.207375;0.206886;0.206886;0.206866;0.205733;0.205733;0.205718;0.205712;0.205704;0.205382;0.205382;0.205081;0.204514;0.204514;0.204499;0.203887;0.203880;0.203880;0.203879;0.203870;0.203846;0.203846;0.203836;0.203832;0.203813;0.203798;0.203798;0.203796;0.203796;0.203796;0.203796;0.203793;0.203793;0.203793;0.203792;0.203792;0.203791;0.203791;0.203791;0.203791;0.203791;0.203791;0.203791;0.203791;0.203791;0.203791;0.203791;0.203791;0.203791;0.203791;0.203791;0.203791;0.203791;0.203791;0.203791;0.203791;0.203791;0.203791;0.203791;0.203791;0.203791;0.203791;0.203791;0.203791;0.203791;0.203791;0.203791;0.203791;0.203791;0.203791;0.203791;0.203791;0.203791;0.203791,5.26,31.19,35,0.519841,81.6023,-10.2233,43.4,217,5.4391,0.9248,49.977,0.0,True,36.0,4840,1.5451,1.41
google,500,20,linear,False,False,0.0,0.4,0.3,0.3,0,0,DE,random,4,0.3333333333333333,CONV,0.257989;0.254739;0.253467;0.250324;0.249658;0.249291;0.247001;0.244562;0.243527;0.238455;0.238455;0.237651;0.235018;0.235018;0.234856;0.233839;0.233839;0.231650;0.231650;0.229414;0.228004;0.227851;0.225537;0.222396;0.222396;0.222396;0.222396;0.221906;0.221295;0.220221;0.219296;0.219296;0.219296;0.218947;0.217068;0.217068;0.217068;0.217068;0.216792;0.214594;0.213048;0.213048;0.213048;0.211405;0.210192;0.210192;0.210020;0.210020;0.209425;0.209425;0.209425;0.208992;0.207412;0.207412;0.207091;0.207076;0.206227;0.206209;0.206191;0.206140;0.205502;0.204949;0.203992;0.203741;0.203406;0.203406;0.203406;0.203406;0.202175;0.202175;0.202175;0.202175;0.201841;0.201841;0.201841;0.201534;0.201002;0.201002;0.201002;0.201002;0.201002;0.200727;0.200695;0.200107;0.200096;0.199779;0.199193;0.199193;0.199193;0.199193;0.199193;0.199178;0.199155;0.199155;0.199139;0.199126;0.199126;0.199121;0.199121;0.199104;0.199104;0.199104;0.199104;0.199104;0.199104;0.199093;0.199085;0.199085;0.199085;0.199082;0.199082;0.199081;0.199066;0.199066;0.199065;0.199060;0.199049;0.199043;0.199036;0.199036,5.26,31.19,35,0.511682,81.891,-8.4933,42.2,211,5.3891,0.9196,51.129,0.0,True,34.5,4840,1.5446,1.5
google,500,20,linear,False,False,0.0,0.4,0.3,0.3,0,0,DE,random,5,0.3333333333333333,CONV,0.255506;0.255506;0.255392;0.249929;0.249012;0.245527;0.242506;0.240988;0.240762;0.240762;0.237883;0.235877;0.233618;0.231756;0.227719;0.227719;0.227684;0.225777;0.221025;0.221025;0.220371;0.219958;0.217958;0.217958;0.217958;0.214938;0.214938;0.214938;0.213194;0.213194;0.213194;0.213194;0.211914;0.211914;0.211914;0.211017;0.210979;0.208784;0.207797;0.207186;0.207186;0.207186;0.205902;0.205199;0.205199;0.205185;0.204238;0.204085;0.204085;0.203634;0.203634;0.203623;0.203577;0.203577;0.203577;0.203577;0.203577;0.203577;0.203567;0.203567;0.203562;0.203552;0.203552;0.203552;0.203547;0.203547;0.203541;0.203526;0.203526;0.203526;0.203526;0.203519;0.203517;0.203509;0.203507;0.203506;0.203503;0.203499;0.203489;0.203489;0.203489;0.203489;0.203472;0.203471;0.203471;0.203468;0.203468;0.203468;0.203468;0.203462;0.203462;0.203461;0.203460;0.203460;0.203458;0.203458;0.203457;0.203456;0.203456;0.203456;0.203456;0.203456;0.203456;0.203456;0.203456;0.203456;0.203456;0.203456;0.203456;0.203456;0.203456;0.203456;0.203456;0.203456;0.203456;0.203456;0.203456;0.203456;0.203456;0.203456,5.26,31.19,35,0.53019,81.236,-12.4176,42.8,214,5.5391,0.9354,48.369,0.0,True,35.0,4840,1.6218,1.53
google,500,20,linear,False,False,0.0,0.4,0.3,0.3,0,0,DE,random,6,0.3333333333333333,CONV,0.256294;0.255569;0.252569;0.252226;0.252226;0.246956;0.246956;0.246956;0.237700;0.237700;0.237510;0.232685;0.225855;0.225855;0.225855;0.221838;0.216200;0.216200;0.216200;0.215633;0.215633;0.210544;0.210544;0.210541;0.207794;0.207794;0.206776;0.205727;0.203079;0.202663;0.199964;0.199964;0.199964;0.199689;0.199686;0.197880;0.197853;0.197853;0.196251;0.195271;0.194816;0.194572;0.192602;0.192602;0.190860;0.190860;0.189843;0.189843;0.189843;0.189613;0.188496;0.187270;0.186708;0.186708;0.186362;0.185685;0.184408;0.184408;0.184307;0.182933;0.182933;0.182772;0.182725;0.182266;0.182254;0.181057;0.179916;0.179916;0.179653;0.179513;0.178711;0.178711;0.178711;0.178667;0.178086;0.178086;0.178086;0.178086;0.178086;0.177580;0.177580;0.177112;0.177112;0.177112;0.177112;0.177087;0.176954;0.176954;0.176954;0.176954;0.176951;0.176951;0.176951;0.176940;0.176931;0.176931;0.176917;0.176906;0.176906;0.176902;0.176878;0.176878;0.176878;0.176878;0.176878;0.176875;0.176873;0.176873;0.176869;0.176855;0.176846;0.176846;0.176846;0.176846;0.176846;0.176845;0.176836;0.176836;0.176836;0.176827,5.26,31.19,35,0.507381,82.0433,-7.5814,35.0,175,5.3391,0.9047,51.981,0.0,True,33.5,4840,1.5768,1.52
google,500,20,linear,False,False,0.0,0.4,0.3,0.3,0,0,DE,random,7,0.3333333333333333,CONV,0.245189;0.245189;0.245189;0.242619;0.242619;0.242347;0.240816;0.240176;0.237801;0.237801;0.234553;0.234037;0.233415;0.233129;0.232822;0.231948;0.231948;0.229944;0.228060;0.228060;0.228060;0.227552;0.227535;0.226224;0.224431;0.223788;0.223348;0.221525;0.220713;0.219499;0.219499;0.219499;0.219384;0.217760;0.217760;0.216526;0.216023;0.215302;0.215302;0.213531;0.213531;0.213531;0.213429;0.212906;0.212906;0.212609;0.212206;0.212206;0.211578;0.210993;0.210984;0.210827;0.210827;0.210827;0.210066;0.210066;0.210028;0.210027;0.209627;0.209433;0.209433;0.209432;0.209425;0.209410;0.209391;0.209391;0.209375;0.209369;0.209369;0.208979;0.208979;0.208979;0.208979;0.208979;0.208976;0.208976;0.208975;0.208973;0.208972;0.208970;0.208970;0.208965;0.208965;0.208962;0.208959;0.208958;0.208958;0.208957;0.208956;0.208955;0.208955;0.208955;0.208953;0.208953;0.208953;0.208953;0.208953;0.208953;0.208953;0.208953;0.208953;0.208953;0.208953;0.208953;0.208953;0.208953;0.208953;0.208953;0.208953;0.208953;0.208953;0.208953;0.208953;0.208953;0.208953;0.208953;0.208953;0.208953;0.208953;0.208953,5.26,31.19,35,0.526637,81.3618,-11.6643,44.8,224,5.4391,0.9278,50.304,0.0,True,32.5,4840,1.576,1.47
google,500,20,linear,False,False,0.0,0.4,0.3,0.3,0,0,DE,random,8,0.3333333333333333,CONV,0.256422;0.254572;0.254572;0.253092;0.245784;0.245784;0.245357;0.245357;0.244072;0.243584;0.243584;0.242739;0.240223;0.239326;0.239326;0.233522;0.232152;0.231975;0.231975;0.231791;0.229129;0.229129;0.228759;0.224766;0.223583;0.223162;0.223162;0.220615;0.219871;0.218268;0.216787;0.216635;0.216148;0.215698;0.214428;0.214428;0.213747;0.213443;0.212577;0.212367;0.212367;0.211506;0.210889;0.210780;0.210234;0.210234;0.210225;0.209252;0.208875;0.208848;0.208186;0.208186;0.208186;0.208177;0.208164;0.208161;0.208161;0.208149;0.208145;0.208143;0.208143;0.208126;0.208126;0.208126;0.208125;0.208113;0.208110;0.208105;0.208100;0.208094;0.208089;0.208083;0.208076;0.208076;0.208070;0.208069;0.208067;0.208067;0.208067;0.208065;0.208065;0.208064;0.208063;0.208063;0.208061;0.208061;0.208061;0.208061;0.208061;0.208061;0.208061;0.208061;0.208061;0.208061;0.208061;0.208061;0.208061;0.208061;0.208061;0.208061;0.208061;0.208061;0.208061;0.208061;0.208061;0.208061;0.208061;0.208061;0.208061;0.208061;0.208061;0.208061;0.208061;0.208061;0.208061;0.208061;0.208061;0.208061;0.208061;0.208061,5.26,31.19,35,0.520338,81.5847,-10.3287,44.8,224,5.4391,0.9171,50.13,0.0,True,33.0,4840,1.594,1.43
google,500,20,linear,False,False,0.0,0.4,0.3,0.3,0,0,DE,random,9,0.3333333333333333,CONV,0.259334;0.258311;0.249993;0.245824;0.241842;0.241842;0.241842;0.241842;0.241842;0.240926;0.239431;0.233511;0.233511;0.233511;0.233511;0.233511;0.232869;0.231943;0.230045;0.230045;0.228320;0.228320;0.228001;0.228001;0.227405;0.226876;0.226876;0.225103;0.224388;0.224388;0.224388;0.224388;0.224388;0.222923;0.222599;0.221958;0.220825;0.220818;0.220553;0.220550;0.219595;0.219595;0.219595;0.218799;0.218799;0.218686;0.217968;0.217665;0.216952;0.216546;0.216546;0.216269;0.215933;0.215799;0.215579;0.215304;0.214748;0.214728;0.214550;0.214205;0.214205;0.214161;0.213718;0.213344;0.213344;0.213344;0.213323;0.213321;0.213321;0.213320;0.213314;0.213308;0.213308;0.213308;0.213305;0.213305;0.213303;0.213303;0.213301;0.213299;0.213299;0.213296;0.213296;0.213291;0.213284;0.213282;0.213282;0.213280;0.213280;0.213280;0.213278;0.213278;0.213278;0.213277;0.213277;0.213277;0.213277;0.213277;0.213277;0.213277;0.213277;0.213277;0.213277;0.213277;0.213277;0.213277;0.213277;0.213277;0.213277;0.213277;0.213277;0.213277;0.213277;0.213277;0.213277;0.213277;0.213277;0.213277;0.213277;0.213277,5.26,31.19,35,0.510557,81.9309,-8.2547,47.0,235,5.3891,0.9178,50.893,0.0,True,33.5,4840,1.589,1.46
google,500,20,linear,False,False,0.0,0.4,0.3,0.3,0,0,DE,random,10,0.3333333333333333,CONV,0.259516;0.259516;0.259143;0.250689;0.250378;0.249491;0.249491;0.246174;0.245324;0.242051;0.242051;0.240329;0.239039;0.237557;0.234615;0.233324;0.233148;0.233148;0.229778;0.228248;0.228088;0.227991;0.226711;0.225305;0.221932;0.221932;0.221142;0.220783;0.219149;0.217028;0.214494;0.214494;0.214273;0.213425;0.212974;0.209131;0.207259;0.207259;0.207259;0.203822;0.203822;0.203822;0.203822;0.201200;0.201200;0.201200;0.200266;0.200266;0.197382;0.197382;0.197185;0.194433;0.194433;0.193904;0.192821;0.192810;0.191963;0.191963;0.191963;0.188394;0.188394;0.188394;0.188394;0.188394;0.188070;0.187903;0.186022;0.182884;0.181900;0.181900;0.181872;0.181872;0.181872;0.180962;0.180777;0.180056;0.179374;0.179374;0.179374;0.179332;0.179332;0.179332;0.178427;0.178427;0.178018;0.178018;0.177594;0.177226;0.177127;0.177127;0.177125;0.177104;0.177104;0.176472;0.176472;0.176472;0.176458;0.176458;0.176457;0.176457;0.176457;0.176398;0.176374;0.176374;0.176374;0.176374;0.176374;0.176374;0.176359;0.176359;0.176352;0.176352;0.176349;0.176349;0.176349;0.176349;0.176344;0.176344;0.176344;0.176339,5.26,31.19,35,0.495458,82.4652,-5.0532,35.4,177,5.2891,0.9072,52.211,0.0,True,31.5,4840,1.5569,1.55
google,500,20,linear,False,False,0.0,0.4,0.3,0.3,0,0,HHO,random,1,0.3333333333333333,CONV,0.066765;0.066104;0.065697;0.065697;0.065696;0.065693;0.065313;0.065313;0.065090;0.065090;0.065089;0.065089;0.065089;0.065089;0.065083;0.065083;0.065083;0.065083;0.065083;0.064644;0.064644;0.064644;0.064644;0.064644;0.064644;0.064644;0.064644;0.064644;0.064644;0.064644;0.064644;0.064644;0.064644;0.064644;0.064644;0.064644;0.064644;0.064644;0.064644;0.064644;0.064644;0.064644;0.064644;0.064644;0.064644;0.064644;0.064644;0.064644;0.064644;0.064644;0.064644;0.064644;0.064644;0.064644;0.064644;0.064644;0.064644;0.064644;0.064644;0.064644;0.064644;0.064644;0.064644;0.064644;0.064644;0.064644;0.064644;0.064644;0.064644;0.064577;0.064535;0.063887;0.063879;0.063879;0.063878;0.063861;0.063861;0.063854;0.063166;0.063161;0.063161;0.063161;0.063161;0.063161;0.063161;0.063158;0.063158;0.063158;0.063158;0.063158;0.063158;0.063158;0.063158;0.063158;0.063158;0.063158;0.063158;0.063158;0.063158;0.063158;0.063158;0.063158;0.063158;0.063158;0.063158;0.063158;0.063158;0.063158;0.063158;0.063158;0.063158;0.063158;0.063158;0.063153;0.063153;0.063151;0.063151;0.063150;0.063150;0.063150,5.26,31.19,35,0.446086,84.2125,5.4152,0.0,0,4.9891,0.8362,50.993,0.0,True,25.0,8844,2.4892,1.06
google,500,20,linear,False,False,0.0,0.4,0.3,0.3,0,0,HHO,random,2,0.3333333333333333,CONV,0.066765;0.066352;0.065401;0.064972;0.064028;0.063113;0.062390;0.062390;0.062390;0.062390;0.062390;0.062390;0.062390;0.062390;0.062390;0.062390;0.062390;0.062390;0.062390;0.062390;0.062390;0.062390;0.062390;0.062390;0.062390;0.062390;0.061954;0.061949;0.061940;0.061227;0.061227;0.061222;0.061222;0.061219;0.061219;0.061219;0.061219;0.061219;0.061219;0.061219;0.061219;0.061219;0.061219;0.061219;0.061084;0.061082;0.061082;0.061082;0.061082;0.061082;0.061082;0.061072;0.061067;0.061067;0.061067;0.061067;0.061067;0.060963;0.060956;0.060956;0.060956;0.060955;0.060955;0.060955;0.060954;0.060953;0.060953;0.060953;0.060953;0.060953;0.060949;0.060925;0.060563;0.060563;0.060563;0.060563;0.060563;0.060563;0.060563;0.060563;0.060563;0.060563;0.060563;0.060563;0.060563;0.060563;0.060563;0.060563;0.060563;0.060563;0.060563;0.060563;0.060563;0.060563;0.060563;0.060563;0.060563;0.060563;0.060563;0.060563;0.060563;0.060563;0.060563;0.060563;0.060563;0.060563;0.060563;0.060563;0.060563;0.060563;0.060563;0.060563;0.060563;0.060563;0.060563;0.060563;0.060563;0.060563;0.060563;0.060563,5.26,31.19,35,0.427814,84.8592,9.2895,0.0,0,4.9391,0.8166,49.88,0.0,True,28.0,8886,2.5086,1.07
google,500,20,linear,False,False,0.0,0.4,0.3,0.3,0,0,GA,random,9,0.3333333333333333,CONV,0.248977;0.248779;0.239520;0.234852;0.232671;0.223771;0.223771;0.221413;0.219798;0.216174;0.212523;0.207916;0.205098;0.199948;0.196087;0.196087;0.192856;0.190702;0.186202;0.185250;0.184873;0.182331;0.180278;0.175489;0.175489;0.175489;0.172435;0.171734;0.170664;0.170664;0.170280;0.166709;0.163698;0.163698;0.163698;0.163698;0.160934;0.160698;0.160698;0.160698;0.158723;0.154843;0.154843;0.154456;0.154456;0.154456;0.154456;0.153025;0.152491;0.152491;0.152491;0.152357;0.150320;0.149363;0.149143;0.149143;0.148987;0.148987;0.148987;0.148033;0.147356;0.147356;0.147356;0.146446;0.143311;0.142494;0.142494;0.142494;0.142494;0.142494;0.141243;0.140805;0.140805;0.140805;0.140805;0.137540;0.137540;0.137540;0.137540;0.137540;0.137309;0.137309;0.135580;0.135580;0.135580;0.135580;0.135580;0.135580;0.135580;0.135580;0.135580;0.135580;0.135580;0.135580;0.135580;0.133643;0.133643;0.133643;0.133643;0.133643;0.133643;0.133643;0.130247;0.130247;0.130247;0.130247;0.130247;0.130247;0.130247;0.130247;0.129387;0.129387;0.129387;0.129387;0.129387;0.127956;0.127956;0.127956;0.127956;0.127956,5.26,31.19,35,0.509705,81.961,-8.074,18.6,93,5.4891,0.9242,49.188,0.0,True,32.0,4840,2.6496,1.63
google,500,20,linear,False,False,0.0,0.4,0.3,0.3,0,0,GA,random,10,0.3333333333333333,CONV,0.254009;0.253167;0.246328;0.238224;0.237227;0.224838;0.223210;0.219562;0.215284;0.215284;0.215284;0.213779;0.212426;0.207536;0.200160;0.199396;0.199396;0.199166;0.195095;0.194887;0.192396;0.190438;0.188820;0.186519;0.186519;0.186519;0.185054;0.183275;0.182615;0.179777;0.177621;0.177621;0.177621;0.174528;0.174528;0.174480;0.170805;0.170805;0.164669;0.164231;0.164231;0.164231;0.164231;0.161695;0.161695;0.161695;0.159370;0.159370;0.159370;0.156389;0.156389;0.155632;0.155632;0.155632;0.155632;0.155421;0.151924;0.151924;0.151924;0.151924;0.150490;0.145901;0.145901;0.145901;0.145901;0.143091;0.143091;0.143091;0.143091;0.140312;0.140312;0.140312;0.140312;0.140312;0.140312;0.138959;0.137456;0.137456;0.137102;0.137102;0.135380;0.135380;0.135380;0.135380;0.135380;0.135380;0.135380;0.135380;0.135380;0.135380;0.135380;0.135380;0.135380;0.135380;0.135380;0.135380;0.135380;0.135380;0.135380;0.135380;0.135380;0.135380;0.135380;0.135380;0.135121;0.135121;0.135082;0.134851;0.134280;0.133368;0.133368;0.133368;0.133368;0.130594;0.130594;0.130594;0.130594;0.130594;0.130594;0.129549,5.26,31.19,35,0.482811,82.9128,-2.3716,20.4,102,5.3391,0.9028,51.636,0.0,True,30.0,4840,2.5997,1.66
google,500,20,linear,False,False,0.0,0.4,0.3,0.3,0,0,WOA,carbon,1,0.3333333333333333,CONV,0.050052;0.050052;0.050052;0.050052;0.050052;0.050052;0.050052;0.050052;0.050052;0.050052;0.050052;0.050052;0.050052;0.050052;0.050052;0.050052;0.048883;0.048882;0.048879;0.048879;0.048879;0.048879;0.048879;0.048879;0.048878;0.048878;0.048878;0.048878;0.048878;0.048878;0.048878;0.048878;0.048878;0.048878;0.048878;0.048878;0.048878;0.048878;0.048878;0.048878;0.048878;0.048878;0.048878;0.048878;0.048878;0.048878;0.048878;0.048878;0.048878;0.048878;0.048878;0.048878;0.048878;0.048878;0.048878;0.048878;0.048878;0.048878;0.048878;0.048878;0.048878;0.048878;0.048878;0.048878;0.048878;0.048878;0.048878;0.048878;0.048878;0.048878;0.048878;0.048878;0.048878;0.048878;0.048878;0.048878;0.048878;0.048878;0.048878;0.048878;0.048878;0.048878;0.048878;0.048878;0.048878;0.048878;0.048878;0.048878;0.048878;0.048878;0.048878;0.048878;0.048878;0.048878;0.048878;0.048878;0.048878;0.048878;0.048878;0.048878;0.048878;0.048878;0.048878;0.048878;0.048878;0.048878;0.048878;0.048878;0.048878;0.048878;0.048878;0.048878;0.048878;0.048878;0.048878;0.048878;0.048878;0.048878;0.048878;0.048878,5.26,31.19,35,0.345269,87.7806,26.7918,0.0,0,4.5891,0.7418,53.759,0.0,True,26.0,4840,1.5588,1.0
google,500,20,linear,False,False,0.0,0.4,0.3,0.3,0,0,WOA,carbon,2,0.3333333333333333,CONV,0.050052;0.050052;0.050052;0.050052;0.050052;0.050052;0.050052;0.050052;0.050052;0.050052;0.049680;0.049660;0.049660;0.049615;0.048923;0.048899;0.048898;0.048898;0.048879;0.048879;0.048879;0.048879;0.048878;0.048878;0.048878;0.048878;0.048878;0.048878;0.048878;0.048878;0.048878;0.048878;0.048878;0.048878;0.048878;0.048878;0.048878;0.048878;0.048878;0.048878;0.048878;0.048878;0.048878;0.048878;0.048878;0.048878;0.048878;0.048878;0.048878;0.048878;0.048878;0.048878;0.048878;0.048878;0.048878;0.048878;0.048878;0.048878;0.048878;0.048878;0.048878;0.048878;0.048878;0.048878;0.048878;0.048878;0.048878;0.048878;0.048878;0.048878;0.048878;0.048878;0.048878;0.048878;0.048878;0.048878;0.048878;0.048878;0.048878;0.048878;0.048878;0.048878;0.048878;0.048878;0.048878;0.048878;0.048878;0.048878;0.048878;0.048878;0.048878;0.048878;0.048878;0.048878;0.048878;0.048878;0.048878;0.048878;0.048878;0.048878;0.048878;0.048878;0.048878;0.048878;0.048878;0.048878;0.048878;0.048878;0.048878;0.048878;0.048878;0.048878;0.048878;0.048878;0.048878;0.048878;0.048878;0.048878;0.048878;0.048878,5.26,31.19,35,0.34527,87.7805,26.7915,0.0,0,4.5891,0.7418,52.437,0.0,True,26.0,4840,1.5615,1.0
google,500,20,linear,False,False,0.0,0.4,0.3,0.3,0,0,WOA,carbon,3,0.3333333333333333,CONV,0.050052;0.050052;0.050052;0.050052;0.050052;0.050052;0.050052;0.050052;0.050052;0.050052;0.050052;0.050052;0.050052;0.050052;0.050052;0.050036;0.049614;0.048877;0.048877;0.048877;0.048877;0.048877;0.048877;0.048877;0.048877;0.048877;0.048877;0.048877;0.048877;0.048877;0.048877;0.048877;0.048877;0.048877;0.048877;0.048877;0.048877;0.048877;0.048877;0.048877;0.048877;0.048877;0.048877;0.048877;0.048877;0.048877;0.048875;0.048875;0.048875;0.048875;0.048875;0.048875;0.048875;0.048875;0.048875;0.048875;0.048875;0.048875;0.048875;0.048875;0.048875;0.048875;0.048875;0.048875;0.048875;0.048875;0.048875;0.048875;0.048875;0.048875;0.048875;0.048875;0.048875;0.048875;0.048875;0.048875;0.048875;0.048875;0.048875;0.048875;0.048875;0.048875;0.048875;0.048875;0.048875;0.048875;0.048875;0.048875;0.048875;0.048875;0.048875;0.048875;0.048875;0.048875;0.048875;0.048875;0.048875;0.048875;0.048875;0.048875;0.048875;0.048875;0.048875;0.048875;0.048875;0.048875;0.048875;0.048875;0.048875;0.048875;0.048875;0.048875;0.048875;0.048875;0.048875;0.048875;0.048875;0.048875;0.048875;0.048875,5.26,31.19,35,0.34525,87.7813,26.7958,0.0,0,4.5891,0.7418,53.086,0.0,True,26.0,4840,1.5149,0.99
google,500,20,linear,False,False,0.0,0.4,0.3,0.3,0,0,WOA,carbon,4,0.3333333333333333,CONV,0.050052;0.050052;0.050052;0.050052;0.050052;0.050052;0.050052;0.050052;0.050052;0.050052;0.050052;0.050052;0.050052;0.050052;0.050052;0.050052;0.050052;0.050052;0.050052;0.050052;0.050052;0.050052;0.050052;0.050052;0.050052;0.050052;0.050052;0.050052;0.050052;0.050052;0.050052;0.050052;0.050052;0.050052;0.050052;0.050052;0.050052;0.050052;0.049641;0.049641;0.049641;0.049641;0.049641;0.049641;0.049641;0.049641;0.049641;0.049641;0.049641;0.049641;0.049641;0.049641;0.049641;0.049635;0.049635;0.049635;0.049635;0.049635;0.049635;0.049635;0.049635;0.049635;0.049635;0.049635;0.049635;0.049635;0.049635;0.049635;0.049635;0.049635;0.049635;0.049635;0.049635;0.049635;0.049635;0.049635;0.049635;0.049635;0.049635;0.049635;0.049635;0.049635;0.049635;0.049635;0.049635;0.049635;0.049635;0.049635;0.049635;0.049635;0.049635;0.049635;0.049635;0.049635;0.049635;0.049635;0.049635;0.049635;0.049635;0.049635;0.049635;0.049635;0.049635;0.049635;0.049635;0.049635;0.049635;0.049635;0.049635;0.049635;0.049635;0.049635;0.049635;0.049635;0.049635;0.049635;0.049635;0.049635;0.049635;0.049635,5.26,31.19,35,0.350617,87.5913,25.6577,0.0,0,4.6391,0.7493,50.187,0.0,True,26.0,4840,1.5146,0.96
google,500,20,linear,False,False,0.0,0.4,0.3,0.3,0,0,WOA,carbon,5,0.3333333333333333,CONV,0.050052;0.050052;0.050052;0.050052;0.050052;0.050052;0.050052;0.049334;0.049334;0.049334;0.049334;0.049312;0.049312;0.049312;0.049305;0.049305;0.049304;0.049303;0.049303;0.049302;0.049302;0.049302;0.049302;0.049302;0.049302;0.049302;0.049302;0.049302;0.049302;0.049302;0.049302;0.049302;0.049302;0.049302;0.049302;0.049302;0.049302;0.049302;0.049302;0.049302;0.049302;0.049302;0.049302;0.049302;0.049302;0.049302;0.049302;0.049302;0.049302;0.049302;0.049302;0.049302;0.049302;0.049302;0.049302;0.049302;0.049302;0.049302;0.049302;0.049302;0.049302;0.049302;0.049302;0.049302;0.049302;0.049302;0.049302;0.049302;0.049302;0.049302;0.049302;0.049302;0.049302;0.049302;0.049302;0.049302;0.049302;0.049302;0.049302;0.049302;0.049302;0.049302;0.049302;0.049302;0.049302;0.049302;0.049302;0.049302;0.049302;0.049302;0.049302;0.049302;0.049302;0.049302;0.049302;0.049302;0.049302;0.049302;0.049302;0.049302;0.049302;0.049302;0.049302;0.049302;0.049302;0.049302;0.049302;0.049302;0.049302;0.049302;0.049302;0.049302;0.049302;0.049302;0.049302;0.049302;0.049302;0.049302;0.049302;0.049302,5.26,31.19,35,0.348266,87.6745,26.1562,0.0,0,4.6391,0.7493,52.014,0.0,True,26.0,4840,1.5288,0.96
google,500,20,linear,False,False,0.0,0.4,0.3,0.3,0,0,WOA,carbon,6,0.3333333333333333,CONV,0.050052;0.050052;0.049475;0.049296;0.049296;0.049296;0.049295;0.049283;0.049282;0.049282;0.049282;0.049282;0.049282;0.049282;0.049282;0.049282;0.049282;0.049282;0.049282;0.049282;0.049282;0.049282;0.049282;0.049282;0.049282;0.049282;0.049282;0.049282;0.049282;0.049282;0.049282;0.049282;0.049282;0.049282;0.049282;0.049282;0.049282;0.049282;0.049282;0.049282;0.049282;0.049282;0.049282;0.049282;0.049282;0.049282;0.049282;0.049282;0.049282;0.049282;0.049282;0.049282;0.049282;0.049282;0.049282;0.049282;0.049282;0.049282;0.049282;0.049282;0.049282;0.049282;0.049282;0.049282;0.049282;0.049282;0.049282;0.049282;0.049282;0.049282;0.049282;0.049282;0.049282;0.049282;0.049282;0.049282;0.049282;0.049282;0.049282;0.049282;0.049282;0.049282;0.049282;0.049282;0.049282;0.049282;0.049282;0.049282;0.049282;0.049282;0.049282;0.049282;0.049282;0.049282;0.049282;0.049282;0.049282;0.049282;0.049282;0.049282;0.049282;0.049282;0.049282;0.049282;0.049282;0.049282;0.049282;0.049282;0.049282;0.049282;0.049282;0.049282;0.049282;0.049282;0.049282;0.049282;0.049282;0.049282;0.049282;0.049282,5.26,31.19,35,0.348124,87.6795,26.1864,0.0,0,4.6391,0.7493,50.584,0.0,True,26.0,4840,1.5216,0.97
google,500,20,linear,False,False,0.0,0.4,0.3,0.3,0,0,HHO,random,3,0.3333333333333333,CONV,0.067576;0.066413;0.065854;0.065185;0.065185;0.065185;0.065185;0.065159;0.065156;0.065156;0.065156;0.065156;0.065156;0.065156;0.065156;0.065156;0.065156;0.065156;0.065156;0.065156;0.065156;0.065156;0.065156;0.065156;0.065156;0.065156;0.065156;0.065156;0.065154;0.065154;0.064972;0.064972;0.064972;0.064972;0.064972;0.064972;0.064972;0.064972;0.064761;0.064623;0.064623;0.064623;0.063776;0.063776;0.062805;0.062805;0.062805;0.062805;0.062805;0.062805;0.062805;0.062805;0.062805;0.062805;0.062805;0.062805;0.062805;0.062805;0.062805;0.062805;0.062803;0.062803;0.062803;0.062803;0.062803;0.062803;0.062803;0.062803;0.062803;0.062803;0.062803;0.062803;0.062803;0.062803;0.062803;0.062803;0.062803;0.062803;0.062803;0.062803;0.062803;0.062803;0.062803;0.062803;0.062803;0.062803;0.062803;0.062803;0.062803;0.062803;0.062803;0.062803;0.062803;0.062803;0.062803;0.062803;0.062803;0.062803;0.062803;0.062803;0.062803;0.062803;0.062803;0.062803;0.062803;0.062803;0.062803;0.062803;0.062803;0.062803;0.062803;0.062803;0.062803;0.062803;0.062803;0.062803;0.062803;0.062803;0.062803;0.062803,5.26,31.19,35,0.443634,84.2993,5.9351,0.0,0,5.0391,0.8513,48.063,0.0,True,26.0,8808,2.5796,1.0
google,500,20,linear,False,False,0.0,0.4,0.3,0.3,0,0,HHO,random,4,0.3333333333333333,CONV,0.066765;0.064972;0.064538;0.063793;0.063099;0.063095;0.063095;0.063085;0.063085;0.063085;0.063085;0.063085;0.063085;0.063085;0.063085;0.063085;0.063085;0.063085;0.063085;0.063085;0.063085;0.063085;0.063085;0.063085;0.062667;0.061745;0.061745;0.061745;0.061744;0.061739;0.061739;0.061739;0.061739;0.061739;0.061739;0.061739;0.061739;0.061739;0.061739;0.061739;0.061739;0.061739;0.061739;0.061739;0.061739;0.061739;0.061420;0.061420;0.061420;0.060733;0.060733;0.060733;0.060733;0.060733;0.060730;0.060730;0.060730;0.060730;0.060730;0.060730;0.060730;0.060730;0.060730;0.060724;0.060724;0.060724;0.060724;0.060724;0.060724;0.060724;0.060724;0.060724;0.060724;0.060724;0.060724;0.060724;0.060724;0.060724;0.060724;0.060724;0.060724;0.060724;0.060724;0.060724;0.060724;0.060724;0.060724;0.060724;0.060724;0.060724;0.060724;0.060724;0.060724;0.060724;0.060724;0.060724;0.060724;0.060724;0.060724;0.060724;0.060724;0.060724;0.060724;0.060724;0.060724;0.060724;0.060724;0.060724;0.060724;0.060724;0.060724;0.060724;0.060724;0.060724;0.060724;0.060724;0.060724;0.060724;0.060724;0.060724,5.26,31.19,35,0.428951,84.819,9.0483,0.0,0,4.9891,0.8052,47.646,0.0,True,28.0,8868,2.5471,1.0
google,500,20,linear,False,False,0.0,0.4,0.3,0.3,0,0,HHO,random,5,0.3333333333333333,CONV,0.066765;0.064972;0.063113;0.062390;0.062390;0.062390;0.062390;0.062390;0.062390;0.062390;0.062390;0.062390;0.062390;0.062390;0.062390;0.062390;0.062390;0.062390;0.062390;0.062390;0.062390;0.062390;0.062390;0.062390;0.062390;0.062390;0.062390;0.062390;0.062390;0.062390;0.062390;0.062390;0.062390;0.062390;0.062390;0.062390;0.062390;0.062390;0.062390;0.062390;0.062390;0.062390;0.062390;0.062390;0.062390;0.062390;0.062390;0.062390;0.062390;0.062390;0.062390;0.062390;0.062390;0.062390;0.062390;0.062390;0.062390;0.062390;0.062390;0.062390;0.062390;0.062390;0.062390;0.062390;0.062390;0.062390;0.062390;0.062390;0.062390;0.062390;0.062390;0.062390;0.062390;0.062390;0.062390;0.062390;0.062390;0.062390;0.062390;0.062390;0.062390;0.062390;0.062390;0.062390;0.062390;0.062390;0.062390;0.062390;0.062390;0.062390;0.062390;0.062390;0.062390;0.062390;0.062390;0.062390;0.062390;0.062390;0.062390;0.062390;0.062390;0.062390;0.062390;0.062390;0.062390;0.062390;0.062390;0.062390;0.062390;0.062390;0.062390;0.062141;0.060968;0.060959;0.060959;0.060959;0.060959;0.060959;0.060959;0.060959,5.26,31.19,35,0.430614,84.7601,8.6959,0.0,0,5.0391,0.8303,47.606,0.0,True,28.5,8824,2.5333,0.89
google,500,20,linear,False,False,0.0,0.4,0.3,0.3,0,0,HHO,random,6,0.3333333333333333,CONV,0.065134;0.064559;0.064034;0.064034;0.063982;0.063982;0.063972;0.063971;0.063971;0.063967;0.063966;0.063966;0.063966;0.063764;0.063764;0.063763;0.063763;0.063763;0.063762;0.063762;0.063667;0.063280;0.063280;0.063280;0.062754;0.062749;0.062749;0.062748;0.062748;0.062734;0.062734;0.062734;0.062734;0.062734;0.062734;0.062734;0.062734;0.062734;0.062734;0.062734;0.062734;0.062734;0.062734;0.062734;0.062734;0.062734;0.062734;0.062734;0.062734;0.062734;0.062734;0.062734;0.062734;0.062734;0.062734;0.062734;0.062734;0.062734;0.062734;0.062734;0.062734;0.062734;0.062734;0.062734;0.062734;0.062734;0.062734;0.062734;0.062734;0.062734;0.062734;0.062734;0.062734;0.062734;0.062734;0.062734;0.062734;0.062734;0.062734;0.062734;0.062734;0.062734;0.062734;0.062734;0.062734;0.062726;0.062726;0.062726;0.062726;0.062726;0.062721;0.062713;0.062712;0.062709;0.062707;0.062705;0.062705;0.062705;0.062705;0.062705;0.062705;0.062705;0.062705;0.062705;0.062705;0.062705;0.062705;0.062705;0.062705;0.062705;0.062705;0.062705;0.062705;0.062705;0.062705;0.062705;0.062705;0.062705;0.062705;0.062705,5.26,31.19,35,0.442947,84.3237,6.0809,0.0,0,4.9391,0.816,50.92,0.0,True,24.5,8858,2.5301,1.08
google,500,20,linear,False,False,0.0,0.4,0.3,0.3,0,0,HHO,random,7,0.3333333333333333,CONV,0.066765;0.066765;0.066763;0.066005;0.066005;0.066005;0.066005;0.065688;0.065354;0.065351;0.065351;0.065348;0.065324;0.065168;0.065168;0.065099;0.064708;0.064708;0.064708;0.064708;0.064375;0.064375;0.064375;0.064375;0.064375;0.064375;0.064375;0.064375;0.064375;0.064375;0.064375;0.064375;0.064374;0.064374;0.064374;0.064374;0.064374;0.064373;0.064373;0.064373;0.064373;0.064373;0.064373;0.063586;0.063580;0.063580;0.063174;0.063174;0.063163;0.063159;0.063159;0.063159;0.063159;0.063159;0.063159;0.063159;0.063159;0.063159;0.063159;0.063159;0.063159;0.063159;0.063159;0.063159;0.063159;0.063159;0.063159;0.063159;0.063159;0.063159;0.063159;0.063159;0.063159;0.063159;0.063159;0.063159;0.063159;0.063159;0.063159;0.063159;0.063159;0.063159;0.063159;0.063159;0.063159;0.063159;0.063159;0.063159;0.062654;0.062647;0.062647;0.062634;0.062634;0.062634;0.062634;0.062634;0.062634;0.062634;0.062634;0.062634;0.062634;0.062629;0.062628;0.062628;0.062628;0.062628;0.062628;0.062628;0.062628;0.062628;0.062628;0.062628;0.062628;0.062628;0.062628;0.062628;0.062628;0.062628;0.062628;0.062628,5.26,31.19,35,0.442402,84.3429,6.1963,0.0,0,4.9391,0.8242,51.093,0.0,True,25.0,8830,2.4932,1.09
google,500,20,linear,False,False,0.0,0.4,0.3,0.3,0,0,HHO,random,8,0.3333333333333333,CONV,0.066765;0.065401;0.064972;0.064538;0.062390;0.062390;0.062390;0.062390;0.062390;0.062390;0.062390;0.062390;0.062390;0.062390;0.062390;0.062390;0.062390;0.062390;0.062390;0.062390;0.062390;0.062390;0.062390;0.062390;0.062390;0.062390;0.062390;0.062390;0.062390;0.062390;0.062390;0.062390;0.062390;0.061974;0.061974;0.061974;0.061974;0.061974;0.061974;0.061974;0.061974;0.061974;0.061974;0.061974;0.061974;0.061974;0.061974;0.061974;0.061974;0.061603;0.061603;0.061603;0.061603;0.061603;0.061603;0.061603;0.061603;0.061603;0.061603;0.061603;0.061603;0.061603;0.061603;0.061603;0.061603;0.061603;0.061603;0.061603;0.061603;0.061603;0.061603;0.061603;0.061603;0.061603;0.061603;0.061603;0.061603;0.061603;0.061603;0.061603;0.061603;0.061603;0.061603;0.061603;0.061603;0.061603;0.061603;0.061603;0.061603;0.061603;0.061603;0.061603;0.061603;0.061603;0.061603;0.061603;0.061603;0.061603;0.061603;0.061603;0.061603;0.061603;0.061603;0.061603;0.061603;0.061603;0.061603;0.061603;0.061603;0.061603;0.061603;0.061603;0.061603;0.061603;0.061603;0.061603;0.061603;0.061603;0.061603;0.061603,5.26,31.19,35,0.435157,84.5993,7.7325,0.0,0,5.0891,0.847,45.567,0.0,True,28.5,8938,2.5235,0.89
google,500,20,linear,False,False,0.0,0.4,0.3,0.3,0,0,HHO,random,9,0.3333333333333333,CONV,0.066765;0.066765;0.066057;0.064619;0.064619;0.064619;0.064619;0.064619;0.064619;0.064619;0.063891;0.063891;0.063889;0.063889;0.063889;0.063889;0.063889;0.063889;0.063889;0.063889;0.063889;0.063889;0.063889;0.063889;0.063889;0.063889;0.063889;0.063889;0.063889;0.063889;0.063889;0.063889;0.063885;0.063885;0.063885;0.063885;0.063885;0.063885;0.063885;0.063885;0.063885;0.063885;0.063883;0.063883;0.063883;0.063883;0.063883;0.063883;0.063883;0.063883;0.063883;0.063883;0.063883;0.063883;0.063883;0.063883;0.063883;0.063883;0.063883;0.063883;0.063883;0.063883;0.063883;0.063883;0.063883;0.063878;0.063878;0.063878;0.063877;0.063877;0.063877;0.063877;0.063877;0.063877;0.063877;0.063877;0.063877;0.063877;0.063877;0.063877;0.063877;0.063877;0.063877;0.063877;0.063877;0.063877;0.063877;0.063876;0.063876;0.063876;0.063876;0.063876;0.063876;0.063876;0.063876;0.063876;0.063876;0.063876;0.063876;0.063876;0.063876;0.063876;0.063876;0.063876;0.063876;0.063876;0.063876;0.063876;0.063876;0.063876;0.063876;0.063876;0.063876;0.063876;0.063876;0.063876;0.063876;0.063876;0.063876;0.063876,5.26,31.19,35,0.451214,84.0311,4.3279,0.0,0,5.0391,0.8317,47.234,0.0,True,24.5,8948,2.545,1.03
google,500,20,linear,False,False,0.0,0.4,0.3,0.3,0,0,HHO,random,10,0.3333333333333333,CONV,0.066765;0.065401;0.064538;0.062390;0.062390;0.062390;0.062390;0.062390;0.062390;0.062390;0.062390;0.062390;0.062390;0.062390;0.062390;0.062390;0.062390;0.062390;0.062390;0.062390;0.062390;0.062390;0.062390;0.062390;0.062390;0.062390;0.062390;0.062390;0.062390;0.062390;0.062390;0.062390;0.062339;0.061684;0.061675;0.061675;0.061675;0.061675;0.061369;0.060965;0.060965;0.060965;0.060957;0.060954;0.060954;0.060954;0.060954;0.060954;0.060954;0.060954;0.060954;0.060952;0.060952;0.060951;0.060951;0.060951;0.060951;0.060951;0.060951;0.060951;0.060951;0.060951;0.060951;0.060951;0.060951;0.060951;0.060951;0.060951;0.060951;0.060951;0.060951;0.060946;0.060946;0.060946;0.060946;0.060946;0.060946;0.060946;0.060946;0.060946;0.060946;0.060946;0.060946;0.060946;0.060946;0.060946;0.060946;0.060946;0.060946;0.060946;0.060946;0.060946;0.060946;0.060946;0.060946;0.060946;0.060946;0.060946;0.060946;0.060946;0.060946;0.060946;0.060946;0.060946;0.060946;0.060946;0.060946;0.060946;0.060946;0.060946;0.060946;0.060946;0.060946;0.060946;0.060946;0.060946;0.060946;0.060946;0.060946;0.060946,5.26,31.19,35,0.430517,84.7636,8.7163,0.0,0,5.0391,0.8372,47.4,0.0,True,28.5,8908,2.5915,0.98
google,500,20,linear,False,False,0.0,0.4,0.3,0.3,0,0,WOA,carbon,7,0.3333333333333333,CONV,0.049299;0.049299;0.049299;0.049299;0.049299;0.049299;0.049299;0.049299;0.049299;0.049299;0.049295;0.049295;0.049295;0.049295;0.049295;0.049294;0.049292;0.049291;0.049291;0.049291;0.049291;0.049291;0.049291;0.049290;0.049289;0.049289;0.049289;0.049289;0.049289;0.049289;0.049289;0.049289;0.049289;0.049289;0.049289;0.049289;0.049289;0.049289;0.049289;0.049289;0.049289;0.049289;0.049289;0.049289;0.049289;0.049289;0.049289;0.049289;0.049289;0.049289;0.049289;0.049289;0.049289;0.049289;0.049289;0.049289;0.049289;0.049289;0.049289;0.049289;0.049289;0.049289;0.049289;0.049289;0.049289;0.049289;0.049289;0.049289;0.049289;0.049289;0.049289;0.049289;0.049289;0.049289;0.049289;0.049289;0.049289;0.049289;0.049289;0.049289;0.049289;0.049289;0.049289;0.049289;0.049289;0.049289;0.049289;0.049289;0.049289;0.049289;0.049289;0.049289;0.049289;0.049289;0.049289;0.049289;0.049289;0.049289;0.049289;0.049289;0.049289;0.049289;0.049289;0.049289;0.049289;0.049289;0.049289;0.049289;0.049289;0.049289;0.049289;0.049289;0.049289;0.049289;0.049289;0.049289;0.049289;0.049289;0.049289;0.049289,5.26,31.19,35,0.348176,87.6777,26.1753,0.0,0,4.6391,0.7493,51.021,0.0,True,26.0,4840,1.5835,1.0
google,500,20,linear,False,False,0.0,0.4,0.3,0.3,0,0,WOA,carbon,8,0.3333333333333333,CONV,0.050052;0.050052;0.049031;0.049031;0.049031;0.049031;0.049031;0.049031;0.049031;0.049031;0.048337;0.048337;0.048337;0.048337;0.048337;0.048337;0.048337;0.048337;0.048337;0.048337;0.048337;0.048337;0.048337;0.048337;0.048337;0.048337;0.048337;0.048333;0.048333;0.048333;0.048328;0.048328;0.048328;0.048305;0.048305;0.048305;0.048305;0.048305;0.048305;0.048305;0.048305;0.048305;0.048305;0.048305;0.048305;0.048305;0.048305;0.048305;0.048305;0.048305;0.048305;0.048305;0.048305;0.048305;0.048305;0.048305;0.048305;0.048305;0.048305;0.048305;0.048305;0.048305;0.048305;0.048305;0.048305;0.048305;0.048305;0.048305;0.048305;0.048305;0.048305;0.048305;0.048305;0.048305;0.048305;0.048305;0.048305;0.048305;0.048305;0.048305;0.048305;0.048305;0.048305;0.048305;0.048305;0.048305;0.048305;0.048305;0.048305;0.048305;0.048305;0.048305;0.048305;0.048305;0.048305;0.048305;0.048305;0.048305;0.048305;0.048305;0.048305;0.048305;0.048305;0.048305;0.048305;0.048305;0.048305;0.048305;0.048305;0.048305;0.048305;0.048305;0.048305;0.048305;0.048305;0.048305;0.048305;0.048305;0.048305;0.048305,5.26,31.19,35,0.341221,87.9238,27.65,0.0,0,4.5391,0.7343,54.79,0.0,True,26.0,4840,1.5603,0.98
google,500,20,linear,False,False,0.0,0.4,0.3,0.3,0,0,WOA,carbon,9,0.3333333333333333,CONV,0.050052;0.050052;0.050052;0.050052;0.050052;0.050052;0.050052;0.050052;0.050052;0.050052;0.050052;0.050052;0.050052;0.050052;0.050052;0.050052;0.050052;0.050052;0.050052;0.050052;0.050052;0.050052;0.050052;0.050052;0.050052;0.050052;0.050052;0.050052;0.050052;0.050052;0.049658;0.049635;0.049635;0.049635;0.049635;0.049635;0.049635;0.049635;0.049635;0.049635;0.049635;0.049635;0.049635;0.049635;0.049635;0.049635;0.049635;0.049635;0.049635;0.049635;0.049635;0.049635;0.049635;0.049635;0.049635;0.049635;0.049635;0.049635;0.049635;0.049635;0.049635;0.049635;0.049635;0.049635;0.049635;0.049635;0.049635;0.049635;0.049635;0.049635;0.049635;0.049635;0.049635;0.049635;0.049635;0.049635;0.049635;0.049635;0.049635;0.049635;0.049635;0.049635;0.049635;0.049635;0.049635;0.049635;0.049635;0.049635;0.049635;0.049635;0.049635;0.049635;0.049635;0.049635;0.049635;0.049635;0.049635;0.049635;0.049635;0.049635;0.049635;0.049635;0.049635;0.049635;0.049635;0.049635;0.049635;0.049635;0.049635;0.049635;0.049635;0.049635;0.049635;0.049635;0.049635;0.049635;0.049635;0.049635;0.049635;0.049635,5.26,31.19,35,0.350617,87.5913,25.6577,0.0,0,4.6391,0.7493,50.187,0.0,True,26.0,4840,1.5769,0.96
google,500,20,linear,False,False,0.0,0.4,0.3,0.3,0,0,WOA,carbon,10,0.3333333333333333,CONV,0.050052;0.050052;0.050052;0.050052;0.050052;0.050052;0.050052;0.050052;0.050052;0.050052;0.050052;0.050052;0.050052;0.050052;0.050052;0.049635;0.049635;0.049635;0.049635;0.049635;0.049635;0.049635;0.049635;0.049635;0.049635;0.049635;0.049635;0.049635;0.049635;0.049635;0.049635;0.049635;0.049635;0.049635;0.049635;0.049635;0.049635;0.049635;0.049635;0.049635;0.049635;0.049635;0.049635;0.049635;0.049635;0.049635;0.049635;0.049635;0.049635;0.049635;0.049635;0.049635;0.049635;0.049635;0.049635;0.049635;0.049635;0.049635;0.049635;0.049635;0.049635;0.049635;0.049635;0.049635;0.049635;0.049635;0.049635;0.049635;0.049635;0.049635;0.049635;0.049635;0.049635;0.049635;0.049635;0.049635;0.049635;0.049635;0.049635;0.049635;0.049635;0.049635;0.049635;0.049635;0.049635;0.049635;0.049635;0.049635;0.049635;0.049635;0.049635;0.049635;0.049635;0.049635;0.049635;0.049635;0.049635;0.049635;0.049635;0.049635;0.049635;0.049635;0.049635;0.049635;0.049635;0.049635;0.049635;0.049635;0.049635;0.049635;0.049635;0.049635;0.049635;0.049635;0.049635;0.049635;0.049635;0.049635;0.049635;0.049635,5.26,31.19,35,0.350617,87.5913,25.6577,0.0,0,4.6391,0.7493,50.187,0.0,True,26.0,4840,1.565,0.93
google,1500,10,linear,False,False,0.0,0.4,0.3,0.3,0,0,WOA,random,1,0.3333333333333333,CONV,0.075837;0.061514;0.056728;0.056135;0.055933;0.055933;0.055813;0.055489;0.054854;0.054854;0.054854;0.054762;0.054762;0.054762;0.054760;0.054759;0.054757;0.054757;0.054757;0.054757;0.054757;0.054757;0.054757;0.054757;0.054757;0.054757;0.054757;0.054757;0.054757;0.054757;0.054757;0.054757;0.054757;0.054757;0.054757;0.054757;0.054757;0.054757;0.054757;0.054757;0.054757;0.054757;0.054757;0.054757;0.054757;0.054757;0.054757;0.054757;0.054757;0.054757;0.054757;0.054757;0.054757;0.054757;0.054757;0.054757;0.054757;0.054757;0.054757;0.054757;0.054757;0.054757;0.054757;0.054757;0.054757;0.054757;0.054757;0.054757;0.054757;0.054757;0.054757;0.054757;0.054757;0.054757;0.054757;0.054757;0.054757;0.054757;0.054757;0.054757;0.054757;0.054757;0.054757;0.054757;0.054757;0.054757;0.054757;0.054757;0.054757;0.054757;0.054757;0.054757;0.054757;0.054757;0.054757;0.054757;0.054757;0.054757;0.054757;0.054757;0.054757;0.054757;0.054757;0.054757;0.054757;0.054757;0.054757;0.054757;0.054757;0.054757;0.054757;0.054757;0.054757;0.054757;0.054757;0.054757;0.054757;0.054757;0.054757;0.054757,16.49,95.45,39,1.175163,86.3607,2.8953,0.0667,1,13.0091,2.1279,69.777,0.0,True,25.5,4840,3.1935,2.54
google,1500,10,linear,False,False,0.0,0.4,0.3,0.3,0,0,WOA,random,2,0.3333333333333333,CONV,0.073926;0.063979;0.058424;0.055672;0.055592;0.055273;0.055273;0.055259;0.055259;0.055257;0.055255;0.055244;0.055244;0.055244;0.055244;0.055244;0.055244;0.055244;0.055244;0.055244;0.055244;0.055244;0.055244;0.055244;0.055244;0.055244;0.055244;0.055244;0.055244;0.055244;0.055244;0.055244;0.055244;0.055244;0.055244;0.055244;0.055244;0.055244;0.055244;0.055244;0.055244;0.055244;0.055244;0.055244;0.055244;0.055244;0.055244;0.055244;0.055244;0.055244;0.055244;0.055244;0.055244;0.055244;0.055244;0.055244;0.055244;0.055244;0.055244;0.055244;0.055244;0.055244;0.055244;0.055244;0.055244;0.055244;0.055244;0.055244;0.055244;0.055244;0.055244;0.055244;0.055244;0.055244;0.055244;0.055244;0.055244;0.055244;0.055244;0.055244;0.055244;0.055244;0.055244;0.055244;0.055244;0.055244;0.055244;0.055244;0.055244;0.055244;0.055244;0.055244;0.055244;0.055244;0.055244;0.055244;0.055244;0.055244;0.055244;0.055244;0.055244;0.055244;0.055244;0.055244;0.055244;0.055244;0.055244;0.055244;0.055244;0.055244;0.055244;0.055244;0.055244;0.055244;0.055244;0.055244;0.055244;0.055244;0.055244;0.055244,16.49,95.45,39,1.172726,86.389,3.0967,0.2667,4,13.0091,2.1399,70.705,0.0,True,25.5,4840,3.1695,2.44
google,1500,10,linear,False,False,0.0,0.4,0.3,0.3,0,0,WOA,random,3,0.3333333333333333,CONV,0.072230;0.064879;0.062047;0.055905;0.055638;0.055520;0.055115;0.054879;0.054723;0.054723;0.054723;0.054723;0.054723;0.054722;0.054722;0.054586;0.054584;0.054584;0.054584;0.054584;0.054584;0.054584;0.054584;0.054584;0.054584;0.054584;0.054584;0.054584;0.054584;0.054584;0.054584;0.054584;0.054584;0.054584;0.054584;0.054584;0.054584;0.054584;0.054584;0.054584;0.054584;0.054584;0.054584;0.054584;0.054584;0.054584;0.054584;0.054584;0.054584;0.054584;0.054584;0.054584;0.054584;0.054584;0.054584;0.054584;0.054584;0.054584;0.054584;0.054584;0.054584;0.054584;0.054584;0.054584;0.054584;0.054584;0.054584;0.054584;0.054584;0.054584;0.054584;0.054584;0.054584;0.054584;0.054584;0.054584;0.054584;0.054584;0.054584;0.054584;0.054584;0.054584;0.054584;0.054584;0.054584;0.054584;0.054584;0.054584;0.054584;0.054584;0.054584;0.054584;0.054584;0.054584;0.054584;0.054584;0.054584;0.054584;0.054584;0.054584;0.054584;0.054584;0.054584;0.054584;0.054584;0.054584;0.054584;0.054584;0.054584;0.054584;0.054584;0.054584;0.054584;0.054584;0.054584;0.054584;0.054584;0.054584;0.054584;0.054584,16.49,95.45,39,1.175746,86.3539,2.8472,0.0,0,13.1091,2.1533,69.34,0.0,True,24.5,4840,3.1801,2.47
google,1500,10,linear,False,False,0.0,0.4,0.3,0.3,0,0,WOA,random,4,0.3333333333333333,CONV,0.073251;0.062241;0.061015;0.059770;0.057015;0.055821;0.054627;0.054627;0.054627;0.054627;0.054627;0.054626;0.054625;0.054625;0.054491;0.054374;0.054373;0.054373;0.054371;0.054367;0.054366;0.054366;0.054362;0.054361;0.054361;0.054361;0.054360;0.054360;0.054360;0.054360;0.054360;0.054360;0.054360;0.054360;0.054360;0.054360;0.054360;0.054360;0.054360;0.054360;0.054360;0.054360;0.054360;0.054360;0.054360;0.054360;0.054360;0.054360;0.054360;0.054360;0.054360;0.054360;0.054360;0.054360;0.054360;0.054360;0.054360;0.054360;0.054360;0.054360;0.054360;0.054360;0.054360;0.054360;0.054360;0.054360;0.054360;0.054360;0.054360;0.054360;0.054360;0.054360;0.054360;0.054360;0.054360;0.054360;0.054360;0.054360;0.054360;0.054360;0.054360;0.054360;0.054360;0.054360;0.054360;0.054360;0.054360;0.054360;0.054360;0.054360;0.054360;0.054360;0.054360;0.054360;0.054360;0.054360;0.054360;0.054360;0.054360;0.054360;0.054360;0.054360;0.054360;0.054360;0.054360;0.054360;0.054360;0.054360;0.054360;0.054360;0.054360;0.054360;0.054360;0.054360;0.054360;0.054360;0.054360;0.054360;0.054360;0.054360,16.49,95.45,39,1.170908,86.4101,3.2469,0.0,0,13.0591,2.1366,71.852,0.0,True,26.0,4840,3.2712,2.6
google,500,20,linear,False,False,0.0,0.4,0.3,0.3,0,0,GA,random,1,0.3333333333333333,CONV,0.255163;0.243671;0.237563;0.237563;0.233791;0.227925;0.223359;0.218166;0.216747;0.215165;0.213496;0.208031;0.208031;0.205032;0.202757;0.201821;0.201821;0.201006;0.196886;0.195778;0.191886;0.189735;0.188245;0.186650;0.185968;0.180377;0.178312;0.178312;0.175136;0.175136;0.175136;0.172963;0.170560;0.170560;0.166692;0.165714;0.162891;0.162891;0.162464;0.162056;0.156277;0.156277;0.156277;0.156277;0.155819;0.155819;0.155819;0.155819;0.154488;0.154488;0.153159;0.150612;0.150612;0.150612;0.150612;0.147267;0.147267;0.147267;0.147029;0.147029;0.147029;0.147029;0.143752;0.143752;0.143752;0.143752;0.143752;0.143442;0.143442;0.143442;0.140925;0.140925;0.140538;0.139670;0.139023;0.139023;0.139023;0.139023;0.139023;0.139023;0.137884;0.137884;0.137884;0.137864;0.137864;0.134584;0.134584;0.134584;0.134584;0.134584;0.134584;0.130751;0.130751;0.130751;0.130751;0.130751;0.130751;0.130751;0.130751;0.130751;0.130751;0.130751;0.130751;0.130751;0.130751;0.130751;0.130751;0.130372;0.130372;0.130372;0.130372;0.130372;0.130281;0.130281;0.130281;0.130281;0.130281;0.130281;0.130281;0.130281,5.26,31.19,35,0.479504,83.0299,-1.6705,20.8,104,5.2391,0.8852,53.501,0.0,True,30.5,4840,2.6578,1.67
google,500,20,linear,False,False,0.0,0.4,0.3,0.3,0,0,GA,random,2,0.3333333333333333,CONV,0.255001;0.246587;0.243544;0.233366;0.232945;0.224657;0.224657;0.220496;0.218224;0.216072;0.212728;0.212544;0.205882;0.204255;0.201202;0.197955;0.197188;0.194839;0.194154;0.191228;0.191228;0.186426;0.184097;0.182840;0.180866;0.176482;0.175844;0.175584;0.175066;0.174482;0.174482;0.174482;0.171945;0.171945;0.168916;0.168916;0.168916;0.163478;0.163478;0.163478;0.163055;0.163055;0.163055;0.160829;0.158489;0.157809;0.154179;0.154179;0.154179;0.154179;0.154179;0.154179;0.153517;0.153005;0.149560;0.149560;0.149560;0.149560;0.147025;0.147025;0.147025;0.144488;0.144488;0.144488;0.144488;0.144488;0.144488;0.144109;0.141213;0.141213;0.141213;0.141213;0.140559;0.140559;0.140559;0.137150;0.137150;0.135803;0.135803;0.135803;0.135803;0.135803;0.135803;0.135741;0.135741;0.135741;0.135741;0.135124;0.134275;0.134275;0.132762;0.132762;0.132762;0.131898;0.131898;0.131898;0.131432;0.131432;0.131432;0.131432;0.131432;0.129991;0.129991;0.129991;0.129991;0.129991;0.129991;0.129991;0.129991;0.129991;0.129991;0.129991;0.129991;0.129991;0.129991;0.129991;0.129991;0.128735;0.128696;0.127588,5.26,31.19,35,0.481679,82.9529,-2.1317,19.8,99,5.2891,0.9013,52.968,0.0,True,28.5,4840,2.6003,1.64
google,500,20,linear,False,False,0.0,0.4,0.3,0.3,0,0,GA,random,3,0.3333333333333333,CONV,0.255058;0.250449;0.244831;0.237535;0.232517;0.228799;0.225211;0.222023;0.218671;0.215636;0.212281;0.210220;0.206848;0.206224;0.204917;0.200887;0.200887;0.194448;0.188568;0.186016;0.186016;0.185265;0.182618;0.182618;0.181737;0.175905;0.175905;0.175905;0.175905;0.174701;0.173707;0.171997;0.171997;0.167581;0.167581;0.164980;0.164980;0.164980;0.164714;0.164714;0.164246;0.161092;0.161092;0.160251;0.155343;0.155343;0.155343;0.154491;0.153162;0.153006;0.150898;0.150529;0.150529;0.149102;0.147081;0.146575;0.144729;0.144729;0.144203;0.142364;0.140835;0.140268;0.140268;0.139086;0.138216;0.138216;0.137990;0.137990;0.137990;0.137990;0.137990;0.137990;0.137990;0.136355;0.136355;0.135774;0.134452;0.134452;0.134452;0.134452;0.134452;0.134452;0.134452;0.134452;0.134452;0.134452;0.134452;0.134452;0.134452;0.134452;0.134452;0.134452;0.134452;0.132249;0.132249;0.132249;0.132249;0.132249;0.132249;0.131265;0.131265;0.131265;0.131265;0.131265;0.129910;0.129910;0.129910;0.129910;0.129269;0.128690;0.127893;0.127893;0.127893;0.127893;0.127893;0.127298;0.127249;0.127249;0.127249;0.127249,5.26,31.19,35,0.470805,83.3377,0.174,20.2,101,5.1891,0.8792,54.22,0.0,True,27.5,4840,2.6349,1.6
google,500,20,linear,False,False,0.0,0.4,0.3,0.3,0,0,GA,random,4,0.3333333333333333,CONV,0.247560;0.245326;0.242292;0.239955;0.238306;0.231732;0.225990;0.222052;0.220782;0.216287;0.216208;0.211465;0.208453;0.208453;0.204393;0.201004;0.198125;0.197551;0.197120;0.192826;0.192549;0.191593;0.190043;0.189041;0.183915;0.182425;0.181416;0.181354;0.180690;0.177538;0.174507;0.174507;0.173702;0.171638;0.169589;0.169589;0.165297;0.165297;0.165297;0.164008;0.163857;0.160358;0.160358;0.160358;0.159762;0.157058;0.154234;0.154234;0.154234;0.154234;0.152504;0.151920;0.150059;0.150059;0.143849;0.143849;0.143849;0.143849;0.143849;0.143849;0.143849;0.142706;0.142706;0.138989;0.138989;0.138989;0.138338;0.138338;0.138338;0.138338;0.138338;0.138338;0.138338;0.138338;0.138338;0.138338;0.138338;0.138338;0.138322;0.136178;0.134669;0.134004;0.134004;0.134004;0.134004;0.133509;0.132350;0.132350;0.132350;0.132350;0.132350;0.132350;0.132350;0.132350;0.130922;0.130922;0.130922;0.129587;0.129587;0.128927;0.128927;0.128927;0.126573;0.126573;0.126007;0.126007;0.126007;0.126007;0.126007;0.126007;0.126007;0.126007;0.126007;0.125944;0.125944;0.125944;0.125944;0.125944;0.125944;0.125944,5.26,31.19,35,0.465821,83.5141,1.2307,20.0,100,5.1891,0.888,54.406,0.0,True,28.5,4840,2.5498,1.62
google,500,20,linear,False,False,0.0,0.4,0.3,0.3,0,0,GA,random,5,0.3333333333333333,CONV,0.254944;0.248387;0.243354;0.240232;0.234542;0.229180;0.226505;0.222382;0.217703;0.214312;0.213475;0.210720;0.206488;0.206488;0.203344;0.201666;0.199840;0.199123;0.193190;0.188898;0.185196;0.185196;0.182636;0.179977;0.178218;0.178218;0.175862;0.174695;0.174695;0.174640;0.174640;0.173227;0.171149;0.171024;0.170097;0.169938;0.169435;0.165075;0.164024;0.163642;0.160495;0.160495;0.158970;0.155578;0.155578;0.155578;0.155578;0.152926;0.152926;0.151172;0.145475;0.145475;0.145475;0.145475;0.145475;0.145266;0.145266;0.144275;0.144275;0.144275;0.143530;0.141329;0.140683;0.140683;0.139851;0.139851;0.139851;0.139851;0.139851;0.139851;0.139851;0.138270;0.138270;0.138270;0.138270;0.136691;0.136691;0.136691;0.136082;0.136082;0.136082;0.136082;0.136082;0.133609;0.133609;0.133609;0.132792;0.132792;0.132270;0.130060;0.129570;0.127270;0.124525;0.124525;0.124525;0.124525;0.124525;0.124525;0.124525;0.124010;0.124010;0.124010;0.124010;0.124010;0.123250;0.123250;0.123250;0.121652;0.121652;0.121652;0.121652;0.121652;0.121584;0.121584;0.121584;0.121584;0.120868;0.120724;0.120666;0.120666,5.26,31.19,35,0.50059,82.2836,-6.1414,16.6,83,5.4891,0.9285,48.766,0.0,True,32.0,4840,2.541,1.64
google,500,20,linear,False,False,0.0,0.4,0.3,0.3,0,0,GA,random,6,0.3333333333333333,CONV,0.254754;0.251068;0.238954;0.235571;0.234100;0.230189;0.227580;0.225768;0.221645;0.216029;0.216029;0.208191;0.204733;0.204733;0.204733;0.198947;0.194664;0.193067;0.193067;0.193067;0.186780;0.186780;0.186561;0.177507;0.177507;0.177507;0.175325;0.175325;0.170594;0.170350;0.167366;0.167366;0.165271;0.164526;0.162821;0.162625;0.160821;0.160576;0.156855;0.155195;0.155195;0.153775;0.152984;0.147300;0.147300;0.147300;0.147300;0.147300;0.147300;0.147300;0.147300;0.147300;0.147300;0.147300;0.147300;0.146042;0.145236;0.143842;0.142609;0.142161;0.140868;0.140868;0.140868;0.140868;0.137891;0.137891;0.137891;0.137891;0.137891;0.137891;0.137891;0.137891;0.137891;0.137891;0.137891;0.135195;0.135195;0.135195;0.135195;0.132900;0.131605;0.131605;0.131605;0.131605;0.131605;0.131605;0.130922;0.130922;0.130922;0.130922;0.130922;0.130713;0.130713;0.128433;0.128433;0.128433;0.128433;0.128433;0.128433;0.128433;0.128433;0.128433;0.128433;0.126091;0.126091;0.124361;0.124361;0.124361;0.124361;0.124361;0.124361;0.124361;0.123374;0.120748;0.120748;0.120748;0.120748;0.120748;0.120748;0.120748,5.26,31.19,35,0.479978,83.0131,-1.771,17.6,88,5.3391,0.9076,51.239,0.0,True,29.0,4840,2.5501,1.62
google,500,20,linear,False,False,0.0,0.4,0.3,0.3,0,0,GA,random,7,0.3333333333333333,CONV,0.249297;0.249297;0.245405;0.235606;0.233643;0.226826;0.223296;0.220246;0.218788;0.215297;0.207801;0.203585;0.197353;0.197353;0.197158;0.193029;0.192865;0.189815;0.186554;0.184771;0.183782;0.183782;0.182094;0.178841;0.178841;0.178841;0.174856;0.174309;0.173061;0.170797;0.168529;0.168529;0.168529;0.167357;0.166816;0.166055;0.163035;0.162747;0.161597;0.161597;0.160511;0.160511;0.155596;0.155596;0.155205;0.154933;0.154446;0.149507;0.149507;0.149507;0.149507;0.149507;0.149346;0.149346;0.148159;0.144324;0.144324;0.144324;0.144324;0.144324;0.144324;0.144324;0.144324;0.144324;0.144324;0.142683;0.142683;0.142683;0.142683;0.142683;0.142683;0.142683;0.141600;0.141600;0.140543;0.140543;0.140543;0.140543;0.140543;0.139629;0.139629;0.137975;0.137975;0.137479;0.137479;0.137479;0.137479;0.137479;0.136064;0.136064;0.132567;0.132567;0.132567;0.130185;0.130185;0.130185;0.130185;0.130185;0.130185;0.129069;0.129069;0.129069;0.129069;0.127984;0.127984;0.127984;0.127984;0.127984;0.127984;0.127984;0.127984;0.127984;0.127984;0.127984;0.127984;0.127984;0.127984;0.127984;0.127984;0.127984,5.26,31.19,35,0.501426,82.254,-6.3187,19.0,95,5.4891,0.9306,48.937,0.0,True,32.5,4840,2.5577,1.65
google,500,20,linear,False,False,0.0,0.4,0.3,0.3,0,0,GA,random,8,0.3333333333333333,CONV,0.255912;0.249725;0.242644;0.237167;0.235129;0.232042;0.228527;0.226775;0.223596;0.216914;0.216914;0.212210;0.211886;0.210997;0.208735;0.206218;0.204291;0.202039;0.199493;0.197212;0.194378;0.193807;0.189656;0.189656;0.187982;0.184921;0.182790;0.182790;0.181816;0.179321;0.178044;0.177933;0.176666;0.172300;0.170043;0.170043;0.170043;0.170043;0.167690;0.165867;0.165269;0.160747;0.160747;0.160747;0.160732;0.159782;0.159782;0.159782;0.159782;0.158947;0.157522;0.157522;0.157165;0.155929;0.155105;0.152351;0.152351;0.152351;0.152351;0.152351;0.151732;0.151732;0.151732;0.151330;0.151330;0.149628;0.149169;0.148716;0.148569;0.148494;0.146963;0.144170;0.144170;0.144170;0.144170;0.137081;0.137081;0.137081;0.137081;0.137081;0.137081;0.135667;0.135667;0.135667;0.134852;0.134852;0.134126;0.134126;0.134126;0.134126;0.131677;0.131677;0.131377;0.131377;0.131377;0.131377;0.131377;0.130857;0.130857;0.130857;0.128547;0.128547;0.128547;0.128547;0.128547;0.128547;0.128547;0.128462;0.128462;0.128462;0.128462;0.128462;0.128462;0.128462;0.128462;0.128462;0.128462;0.128462;0.128462;0.128462,5.26,31.19,35,0.487852,82.7344,-3.4405,19.8,99,5.3391,0.9105,51.605,0.0,True,31.5,4840,2.6229,1.61
google,1500,10,linear,False,False,0.0,0.4,0.3,0.3,0,0,WOA,random,5,0.3333333333333333,CONV,0.073889;0.064148;0.057109;0.056824;0.056139;0.056086;0.055485;0.055485;0.055485;0.055485;0.055138;0.055137;0.055137;0.055137;0.055137;0.055137;0.055137;0.055137;0.055137;0.055137;0.055137;0.055137;0.055137;0.055137;0.055137;0.055137;0.055137;0.055137;0.055137;0.055137;0.055137;0.055137;0.055137;0.055137;0.055137;0.055137;0.055137;0.055137;0.055137;0.055137;0.055137;0.055137;0.055137;0.055137;0.055137;0.055137;0.055137;0.055137;0.055137;0.055137;0.055137;0.055137;0.055137;0.055137;0.055137;0.055137;0.055137;0.055137;0.055137;0.055137;0.055137;0.055137;0.055137;0.055137;0.055137;0.055137;0.055137;0.055137;0.055137;0.055137;0.055137;0.055137;0.055137;0.055137;0.055137;0.055137;0.055137;0.055137;0.055137;0.055137;0.055137;0.055137;0.055137;0.055137;0.055137;0.055137;0.055137;0.055137;0.055137;0.055137;0.055137;0.055137;0.055137;0.055137;0.055137;0.055137;0.055137;0.055137;0.055137;0.055137;0.055137;0.055137;0.055137;0.055137;0.055137;0.055137;0.055137;0.055137;0.055137;0.055137;0.055137;0.055137;0.055137;0.055137;0.055137;0.055137;0.055137;0.055137;0.055137;0.055137,16.49,95.45,39,1.183346,86.2657,2.2191,0.0667,1,13.1091,2.1389,68.578,0.0,True,25.0,4840,3.245,2.51
google,1500,10,linear,False,False,0.0,0.4,0.3,0.3,0,0,WOA,random,6,0.3333333333333333,CONV,0.073507;0.058644;0.058320;0.058320;0.058320;0.058260;0.056244;0.055350;0.054960;0.054334;0.054324;0.054324;0.054324;0.054324;0.054324;0.054322;0.054322;0.054322;0.054322;0.054322;0.054322;0.054322;0.054322;0.054322;0.054322;0.054322;0.054322;0.054322;0.054322;0.054322;0.054322;0.054322;0.054322;0.054322;0.054322;0.054322;0.054322;0.054322;0.054322;0.054322;0.054322;0.054322;0.054322;0.054322;0.054322;0.054322;0.054322;0.054322;0.054322;0.054322;0.054322;0.054322;0.054322;0.054322;0.054322;0.054322;0.054322;0.054322;0.054322;0.054322;0.054322;0.054322;0.054322;0.054321;0.054321;0.054321;0.054321;0.054321;0.054321;0.054321;0.054321;0.054321;0.054321;0.054321;0.054321;0.054321;0.054321;0.054321;0.054321;0.054321;0.054321;0.054321;0.054321;0.054321;0.054321;0.054321;0.054321;0.054321;0.054321;0.054321;0.054321;0.054321;0.054321;0.054321;0.054321;0.054321;0.054321;0.054321;0.054321;0.054321;0.054321;0.054321;0.054321;0.054321;0.054321;0.054321;0.054321;0.054321;0.054321;0.054321;0.054321;0.054321;0.054321;0.054321;0.054321;0.054321;0.054321;0.054321;0.054321;0.054321,16.49,95.45,39,1.170084,86.4196,3.315,0.0,0,13.0091,2.1399,72.448,0.0,True,25.0,4840,3.2149,2.58
google,1500,10,linear,False,False,0.0,0.4,0.3,0.3,0,0,WOA,random,7,0.3333333333333333,CONV,0.072218;0.066749;0.059441;0.057353;0.057353;0.057197;0.056973;0.056487;0.056381;0.056320;0.056128;0.055940;0.055656;0.055253;0.055253;0.055052;0.055052;0.055052;0.054993;0.054946;0.054585;0.054585;0.054447;0.054447;0.054447;0.054447;0.054447;0.054447;0.054447;0.054447;0.054447;0.054444;0.054444;0.054444;0.054444;0.054444;0.054444;0.054444;0.054444;0.054444;0.054444;0.054444;0.054444;0.054444;0.054444;0.054444;0.054444;0.054444;0.054444;0.054444;0.054444;0.054444;0.054444;0.054444;0.054444;0.054444;0.054444;0.054444;0.054444;0.054444;0.054444;0.054444;0.054444;0.054444;0.054444;0.054444;0.054444;0.054444;0.054444;0.054444;0.054444;0.054444;0.054444;0.054444;0.054444;0.054444;0.054444;0.054444;0.054444;0.054444;0.054444;0.054444;0.054444;0.054444;0.054444;0.054444;0.054444;0.054444;0.054444;0.054444;0.054444;0.054444;0.054444;0.054444;0.054444;0.054444;0.054444;0.054444;0.054444;0.054444;0.054444;0.054444;0.054444;0.054444;0.054444;0.054444;0.054444;0.054444;0.054444;0.054444;0.054444;0.054444;0.054444;0.054444;0.054444;0.054444;0.054444;0.054444;0.054444;0.054444,16.49,95.45,39,1.164108,86.489,3.8088,0.1333,2,13.0091,2.1268,71.244,0.0,True,26.0,4840,3.1513,2.66
google,1500,10,linear,False,False,0.0,0.4,0.3,0.3,0,0,WOA,random,8,0.3333333333333333,CONV,0.072921;0.063121;0.060082;0.057411;0.056528;0.055618;0.054949;0.054469;0.054460;0.054340;0.054337;0.054335;0.054335;0.054335;0.054332;0.054332;0.054330;0.054330;0.054328;0.054328;0.054328;0.054328;0.054328;0.054328;0.054328;0.054328;0.054328;0.054328;0.054328;0.054328;0.054328;0.054328;0.054328;0.054328;0.054328;0.054328;0.054328;0.054328;0.054328;0.054328;0.054328;0.054328;0.054328;0.054328;0.054328;0.054328;0.054328;0.054328;0.054328;0.054328;0.054328;0.054328;0.054328;0.054328;0.054328;0.054328;0.054328;0.054328;0.054328;0.054328;0.054328;0.054328;0.054328;0.054328;0.054328;0.054328;0.054328;0.054328;0.054328;0.054328;0.054328;0.054328;0.054328;0.054328;0.054328;0.054328;0.054328;0.054328;0.054328;0.054328;0.054328;0.054328;0.054328;0.054328;0.054328;0.054328;0.054328;0.054328;0.054328;0.054328;0.054328;0.054328;0.054328;0.054328;0.054328;0.054328;0.054328;0.054328;0.054328;0.054328;0.054328;0.054328;0.054328;0.054328;0.054328;0.054328;0.054328;0.054328;0.054328;0.054328;0.054328;0.054328;0.054328;0.054328;0.054328;0.054328;0.054328;0.054328;0.054328;0.054328,16.49,95.45,39,1.170232,86.4179,3.3028,0.0,0,13.0091,2.1309,70.15,0.0,True,24.5,4840,3.1592,2.59
google,1500,10,linear,False,False,0.0,0.4,0.3,0.3,0,0,WOA,random,9,0.3333333333333333,CONV,0.074224;0.065707;0.057165;0.056276;0.056276;0.056276;0.055909;0.055909;0.055909;0.055686;0.055214;0.055213;0.055160;0.055156;0.055138;0.055132;0.055015;0.055015;0.054986;0.054986;0.054986;0.054986;0.054986;0.054986;0.054986;0.054986;0.054985;0.054985;0.054985;0.054985;0.054985;0.054985;0.054985;0.054985;0.054985;0.054985;0.054985;0.054985;0.054985;0.054985;0.054985;0.054985;0.054985;0.054985;0.054985;0.054985;0.054985;0.054985;0.054985;0.054985;0.054985;0.054985;0.054985;0.054985;0.054985;0.054985;0.054985;0.054985;0.054985;0.054985;0.054985;0.054985;0.054985;0.054985;0.054985;0.054985;0.054985;0.054985;0.054985;0.054985;0.054985;0.054985;0.054985;0.054985;0.054985;0.054985;0.054985;0.054985;0.054985;0.054985;0.054985;0.054985;0.054985;0.054985;0.054985;0.054985;0.054985;0.054985;0.054985;0.054985;0.054985;0.054985;0.054985;0.054985;0.054985;0.054985;0.054985;0.054985;0.054985;0.054985;0.054985;0.054985;0.054985;0.054985;0.054985;0.054985;0.054985;0.054985;0.054985;0.054985;0.054985;0.054985;0.054985;0.054985;0.054985;0.054985;0.054985;0.054985;0.054985;0.054985,16.49,95.45,39,1.171453,86.4038,3.2019,0.2,3,13.1091,2.1533,70.457,0.0,True,26.0,4840,3.1692,2.57
google,1500,10,linear,False,False,0.0,0.4,0.3,0.3,0,0,WOA,random,10,0.3333333333333333,CONV,0.074870;0.065415;0.058395;0.055870;0.055307;0.054572;0.054572;0.054338;0.054332;0.054332;0.054196;0.054196;0.054196;0.054157;0.054053;0.054053;0.054044;0.054044;0.054044;0.054044;0.054043;0.054043;0.054043;0.054043;0.054043;0.054043;0.054043;0.054043;0.054043;0.054042;0.054042;0.054042;0.054042;0.054042;0.054042;0.054042;0.054042;0.054042;0.054042;0.054042;0.054042;0.054042;0.054042;0.054042;0.054042;0.054042;0.054042;0.054042;0.054042;0.054042;0.054042;0.054042;0.054042;0.054042;0.054042;0.054042;0.054042;0.054042;0.054042;0.054042;0.054042;0.054042;0.054042;0.054042;0.054042;0.054042;0.054042;0.054042;0.054042;0.054042;0.054042;0.054042;0.054042;0.054042;0.054042;0.054042;0.054042;0.054042;0.054042;0.054042;0.054042;0.054042;0.054042;0.054042;0.054042;0.054042;0.054042;0.054042;0.054042;0.054042;0.054042;0.054042;0.054042;0.054042;0.054042;0.054042;0.054042;0.054042;0.054042;0.054042;0.054042;0.054042;0.054042;0.054042;0.054042;0.054042;0.054042;0.054042;0.054042;0.054042;0.054042;0.054042;0.054042;0.054042;0.054042;0.054042;0.054042;0.054042;0.054042;0.054042,16.49,95.45,39,1.164055,86.4896,3.8132,0.0,0,12.9591,2.1334,73.182,0.0,True,25.0,4840,3.2551,2.55
google,1500,10,linear,False,False,0.0,0.4,0.3,0.3,0,0,GWO,random,1,0.3333333333333333,CONV,0.241080;0.231994;0.225074;0.216375;0.209174;0.202465;0.195497;0.187110;0.179763;0.174809;0.169263;0.162631;0.160297;0.155623;0.150748;0.145625;0.143588;0.141555;0.137354;0.135188;0.131020;0.125259;0.122909;0.120482;0.118287;0.115355;0.114130;0.112047;0.110400;0.109117;0.106793;0.104113;0.103890;0.101533;0.099587;0.097280;0.096337;0.095708;0.093977;0.090413;0.089762;0.089762;0.089762;0.088577;0.088335;0.087042;0.086492;0.084413;0.082777;0.082478;0.082478;0.081336;0.080883;0.080883;0.080513;0.079890;0.079066;0.079066;0.078416;0.078250;0.076949;0.076527;0.075959;0.073762;0.073762;0.073762;0.073762;0.073429;0.073429;0.073429;0.073429;0.073429;0.073429;0.073429;0.073429;0.073140;0.073140;0.073140;0.072784;0.071514;0.071514;0.071514;0.071514;0.071094;0.070298;0.070298;0.070298;0.070298;0.070298;0.069861;0.069861;0.069861;0.069861;0.069861;0.069861;0.069861;0.069861;0.069781;0.069756;0.069756;0.069756;0.069756;0.069756;0.069756;0.069756;0.069139;0.069139;0.069139;0.069139;0.068591;0.068054;0.068054;0.068054;0.068054;0.068054;0.067833;0.067654;0.067601;0.067429;0.067429,16.49,95.45,39,1.172393,86.3928,3.1242,4.3333,65,13.0591,2.1452,73.876,0.0,True,31.5,4840,3.6557,4.22
google,1500,10,linear,False,False,0.0,0.4,0.3,0.3,0,0,GWO,random,2,0.3333333333333333,CONV,0.240992;0.231095;0.218043;0.211246;0.202753;0.194941;0.187538;0.182247;0.175127;0.169149;0.162263;0.157745;0.153650;0.147788;0.146631;0.142491;0.138169;0.135774;0.132108;0.129103;0.127504;0.124006;0.120344;0.118514;0.114533;0.110881;0.110881;0.109357;0.108022;0.106449;0.104949;0.103025;0.101372;0.098731;0.095646;0.095646;0.095447;0.093710;0.093710;0.092624;0.091835;0.088818;0.087879;0.087304;0.087304;0.085985;0.085553;0.083487;0.082846;0.082794;0.081332;0.081332;0.081332;0.081229;0.080676;0.080676;0.080388;0.080063;0.079814;0.077445;0.077445;0.077445;0.077037;0.076912;0.076912;0.075825;0.075106;0.075037;0.073671;0.073671;0.073623;0.073623;0.073605;0.073336;0.072775;0.072246;0.072246;0.071740;0.070993;0.070993;0.070269;0.070269;0.070147;0.069325;0.069325;0.069325;0.069325;0.069325;0.068977;0.068977;0.068803;0.067934;0.067672;0.067672;0.067672;0.067523;0.067263;0.067020;0.066711;0.066537;0.066537;0.066002;0.065973;0.065877;0.065175;0.065175;0.065175;0.065175;0.065175;0.065175;0.065175;0.065175;0.065175;0.065175;0.065175;0.065175;0.065175;0.065175;0.065175;0.065175,16.49,95.45,39,1.166928,86.4563,3.5758,3.6667,55,13.0591,2.1546,75.056,0.0,True,27.5,4840,3.6619,4.24
google,1500,10,linear,False,False,0.0,0.4,0.3,0.3,0,0,PSO,random,1,0.3333333333333333,CONV,0.244522;0.244522;0.244522;0.244522;0.244522;0.244522;0.244522;0.243586;0.241878;0.241418;0.241418;0.239781;0.239781;0.239781;0.239781;0.239781;0.238792;0.237381;0.237381;0.237381;0.237381;0.237381;0.236307;0.236307;0.236307;0.236307;0.236307;0.236307;0.235775;0.235775;0.235775;0.235775;0.235775;0.235775;0.235775;0.235775;0.235775;0.235775;0.235775;0.235775;0.235775;0.235775;0.235775;0.235775;0.235775;0.235572;0.235572;0.235572;0.235572;0.235572;0.235572;0.235572;0.235572;0.235572;0.235393;0.235393;0.235393;0.235393;0.235393;0.235393;0.235393;0.235393;0.235393;0.235393;0.235393;0.235393;0.235393;0.235393;0.235393;0.235393;0.235393;0.235393;0.235393;0.235393;0.235393;0.235393;0.233765;0.233765;0.233765;0.233765;0.233765;0.233765;0.233765;0.233765;0.233765;0.233765;0.233765;0.233765;0.233765;0.233468;0.233468;0.233468;0.233468;0.233468;0.233468;0.233468;0.232706;0.232706;0.232706;0.232602;0.232602;0.232602;0.232602;0.232306;0.232306;0.232306;0.231355;0.231355;0.231178;0.230995;0.229910;0.229106;0.229106;0.229106;0.229106;0.229106;0.229106;0.229106;0.229106;0.229106,16.49,95.45,39,1.212829,85.9235,-0.2171,57.6,864,13.4591,2.2947,70.296,0.0,True,35.0,4840,3.3411,4.68
google,1500,10,linear,False,False,0.0,0.4,0.3,0.3,0,0,PSO,random,2,0.3333333333333333,CONV,0.241036;0.241036;0.239871;0.239871;0.238634;0.238634;0.238634;0.238634;0.238634;0.238634;0.238634;0.238634;0.238634;0.238634;0.238634;0.238634;0.238634;0.238634;0.238634;0.238634;0.238634;0.238634;0.238634;0.238634;0.238634;0.238634;0.238634;0.238634;0.238634;0.238634;0.238634;0.238634;0.238634;0.238634;0.238634;0.238634;0.238634;0.238634;0.238634;0.238634;0.238634;0.238634;0.238634;0.238634;0.238634;0.238634;0.238589;0.238589;0.238589;0.238589;0.238589;0.238352;0.238352;0.238352;0.238352;0.238352;0.238352;0.238352;0.238352;0.238352;0.238352;0.238352;0.238352;0.238352;0.238352;0.238352;0.238352;0.238352;0.238352;0.238315;0.238315;0.238315;0.238315;0.238315;0.238315;0.238315;0.237886;0.236576;0.235644;0.235644;0.235644;0.235644;0.235644;0.235644;0.234858;0.234858;0.234858;0.234686;0.234686;0.234686;0.234093;0.233669;0.233669;0.233669;0.233669;0.233669;0.233669;0.233669;0.233669;0.233669;0.233669;0.233669;0.233669;0.233669;0.233669;0.233669;0.233669;0.233669;0.233669;0.233669;0.233669;0.233669;0.233669;0.233669;0.233669;0.233669;0.233669;0.233669;0.233669;0.233669,16.49,95.45,39,1.233585,85.6826,-1.9321,58.8,882,13.5091,2.3234,69.969,0.0,True,35.0,4840,3.295,4.31
google,1500,10,linear,False,False,0.0,0.4,0.3,0.3,0,0,PSO,random,3,0.3333333333333333,CONV,0.244686;0.244686;0.242397;0.242397;0.242397;0.242397;0.241995;0.241995;0.241995;0.241995;0.241549;0.241549;0.240074;0.240074;0.240074;0.240074;0.240074;0.240057;0.240057;0.240057;0.240057;0.236743;0.236743;0.236743;0.236066;0.236066;0.236066;0.236066;0.236066;0.236066;0.236066;0.236066;0.236065;0.236065;0.236065;0.236065;0.236065;0.236065;0.235031;0.235031;0.235031;0.235031;0.235031;0.235031;0.235031;0.235031;0.235031;0.235031;0.235031;0.235031;0.235031;0.235031;0.235031;0.235031;0.235031;0.235031;0.235031;0.235031;0.235031;0.234863;0.234863;0.234863;0.234863;0.234481;0.234283;0.234283;0.234167;0.232857;0.231894;0.229903;0.229903;0.229903;0.229903;0.229903;0.229628;0.229628;0.229612;0.229612;0.229612;0.229612;0.229612;0.229612;0.229612;0.229234;0.229234;0.228995;0.228585;0.228585;0.228585;0.228585;0.228585;0.228585;0.228585;0.228585;0.228585;0.228585;0.228585;0.228585;0.228585;0.228585;0.228585;0.228585;0.228585;0.228585;0.228585;0.228585;0.228585;0.228585;0.228585;0.228585;0.228134;0.228134;0.228093;0.228093;0.227981;0.227981;0.227981;0.227981;0.227981;0.227981,16.49,95.45,39,1.218763,85.8547,-0.7074,57.1333,857,13.5591,2.3046,69.01,0.0,True,34.0,4840,3.2542,4.69
google,1500,10,linear,False,False,0.0,0.4,0.3,0.3,0,0,PSO,random,4,0.3333333333333333,CONV,0.243528;0.243528;0.243528;0.243528;0.243528;0.243528;0.243163;0.243014;0.243014;0.243014;0.243014;0.243014;0.243014;0.243014;0.243014;0.243014;0.243014;0.243014;0.243014;0.243014;0.243014;0.243014;0.243014;0.243014;0.243014;0.243014;0.243014;0.243014;0.243014;0.243014;0.241968;0.241968;0.241968;0.241968;0.241968;0.241968;0.241968;0.241967;0.241966;0.241966;0.241966;0.241966;0.241966;0.241966;0.241966;0.241966;0.241966;0.241966;0.241966;0.241966;0.241966;0.241809;0.241508;0.241508;0.241508;0.241508;0.240911;0.240911;0.240463;0.240463;0.240463;0.240397;0.240397;0.240397;0.240397;0.240397;0.240397;0.240397;0.240397;0.240397;0.240397;0.240397;0.240397;0.240397;0.240397;0.240397;0.240397;0.240397;0.240397;0.240397;0.240397;0.240397;0.240397;0.240397;0.240397;0.240397;0.240397;0.240397;0.239866;0.239684;0.239684;0.239673;0.239673;0.239673;0.239673;0.239673;0.239390;0.239390;0.239390;0.239390;0.239257;0.239257;0.239257;0.239257;0.239257;0.239257;0.238897;0.238897;0.238897;0.238151;0.237040;0.237040;0.237040;0.237040;0.236161;0.236161;0.236161;0.236161;0.236161;0.236161,16.49,95.45,39,1.226937,85.7598,-1.3828,59.7333,896,13.6091,2.3292,68.536,0.0,True,33.5,4840,3.2497,4.7
google,1500,10,linear,False,False,0.0,0.4,0.3,0.3,0,0,PSO,random,5,0.3333333333333333,CONV,0.245445;0.244089;0.244089;0.243577;0.242873;0.242588;0.242588;0.242588;0.242588;0.242588;0.239713;0.239713;0.239713;0.239713;0.239713;0.239713;0.239713;0.239713;0.239713;0.239713;0.239713;0.239713;0.239713;0.239713;0.239713;0.239713;0.239713;0.239713;0.239713;0.239098;0.238340;0.238340;0.238340;0.238340;0.238340;0.238340;0.238340;0.238340;0.238339;0.238339;0.238339;0.238339;0.238339;0.238339;0.238339;0.238339;0.238339;0.238339;0.238339;0.238339;0.238339;0.238339;0.238339;0.238339;0.238339;0.238339;0.238339;0.238339;0.238339;0.238339;0.238339;0.238339;0.238339;0.238339;0.238339;0.238339;0.238339;0.238339;0.238339;0.238339;0.238339;0.238339;0.238339;0.238339;0.238339;0.238339;0.238071;0.238071;0.238071;0.238071;0.237823;0.236886;0.236886;0.236886;0.236886;0.235022;0.235022;0.235022;0.235022;0.235022;0.235022;0.235022;0.235022;0.235022;0.234841;0.234841;0.234841;0.234841;0.234841;0.234841;0.234841;0.234841;0.234841;0.234841;0.234841;0.234841;0.234841;0.234841;0.234841;0.234841;0.234841;0.234841;0.234841;0.234841;0.234841;0.234841;0.234841;0.234841;0.234841;0.234841,16.49,95.45,39,1.232963,85.6899,-1.8807,59.2,888,13.5091,2.3078,69.287,0.0,True,34.5,4840,3.2817,4.43
google,1500,10,linear,False,False,0.0,0.4,0.3,0.3,0,0,PSO,random,6,0.3333333333333333,CONV,0.244011;0.243906;0.243606;0.243606;0.243606;0.243535;0.241087;0.241087;0.240659;0.240659;0.239814;0.239814;0.239814;0.239814;0.238429;0.238429;0.238429;0.238429;0.238429;0.238429;0.238272;0.238272;0.237671;0.237671;0.237671;0.237671;0.237671;0.237671;0.237671;0.237558;0.237558;0.237558;0.237558;0.237558;0.237558;0.237558;0.237558;0.237558;0.237558;0.237558;0.237558;0.237558;0.237558;0.237558;0.237558;0.237558;0.237558;0.237558;0.237558;0.237558;0.237558;0.237558;0.237558;0.237558;0.237558;0.237558;0.237558;0.237558;0.237558;0.237558;0.237558;0.237558;0.237558;0.237558;0.237558;0.237558;0.237558;0.237558;0.237558;0.237558;0.237558;0.237558;0.237558;0.237558;0.237558;0.237558;0.237558;0.237558;0.237558;0.237558;0.237558;0.237558;0.237558;0.237558;0.237558;0.237558;0.237558;0.237558;0.237558;0.237558;0.237558;0.237558;0.237558;0.237558;0.237558;0.237558;0.237558;0.237533;0.237533;0.237533;0.237533;0.237287;0.237287;0.237287;0.237287;0.237287;0.237287;0.237287;0.237287;0.237287;0.237287;0.237287;0.237287;0.237287;0.237287;0.237287;0.237287;0.237287;0.237287;0.237130,16.49,95.45,39,1.243496,85.5676,-2.7511,59.8,897,13.6091,2.347,69.731,0.0,True,33.0,4840,3.3133,4.31
google,1500,10,linear,False,False,0.0,0.4,0.3,0.3,0,0,PSO,random,7,0.3333333333333333,CONV,0.241123;0.240220;0.239145;0.239145;0.239145;0.239145;0.239145;0.239145;0.239145;0.239145;0.236403;0.236403;0.236403;0.236403;0.236403;0.236013;0.236013;0.236013;0.236013;0.236013;0.236013;0.236013;0.236013;0.236013;0.235623;0.235623;0.235623;0.235623;0.235623;0.235623;0.235496;0.235421;0.235421;0.234794;0.234794;0.234794;0.234794;0.234331;0.234331;0.234331;0.234331;0.234331;0.234331;0.234320;0.234186;0.234184;0.234184;0.234184;0.234184;0.234184;0.234184;0.234184;0.234184;0.233992;0.233992;0.233992;0.233992;0.233521;0.233521;0.233521;0.233521;0.233521;0.233521;0.233521;0.233521;0.233521;0.233521;0.232827;0.232827;0.232827;0.232827;0.232827;0.232624;0.232624;0.232624;0.232624;0.232624;0.232624;0.232624;0.232624;0.232624;0.232624;0.232624;0.232624;0.232624;0.232624;0.232624;0.232624;0.232624;0.232624;0.232624;0.232624;0.232624;0.232452;0.232180;0.232180;0.232180;0.231824;0.231700;0.231700;0.231700;0.231700;0.231700;0.231700;0.231700;0.231700;0.231700;0.231700;0.231700;0.231700;0.231700;0.231700;0.231700;0.231700;0.231700;0.231700;0.230562;0.230562;0.230562;0.230562,16.49,95.45,39,1.218345,85.8595,-0.6728,58.0,870,13.4591,2.2874,71.312,0.0,True,32.5,4840,3.2728,4.71
google,1500,10,linear,False,False,0.0,0.4,0.3,0.3,0,0,PSO,random,8,0.3333333333333333,CONV,0.243743;0.241875;0.241875;0.241875;0.241875;0.240783;0.240783;0.240783;0.240783;0.240783;0.240783;0.240783;0.240783;0.240783;0.240783;0.240783;0.240783;0.240783;0.240783;0.240783;0.240783;0.240783;0.240783;0.240783;0.240783;0.240783;0.240783;0.240334;0.240334;0.240334;0.240334;0.240334;0.240334;0.240334;0.239560;0.239560;0.238231;0.238231;0.238231;0.238231;0.238231;0.238231;0.238231;0.238231;0.238092;0.238092;0.238092;0.238092;0.238092;0.238092;0.238092;0.238092;0.238092;0.238092;0.238092;0.238092;0.238092;0.238092;0.238092;0.238092;0.238092;0.238092;0.238092;0.238092;0.238092;0.238092;0.238092;0.238092;0.238092;0.238092;0.238092;0.238081;0.238081;0.238081;0.238081;0.237894;0.237894;0.237894;0.237894;0.237894;0.237861;0.237861;0.237861;0.237861;0.237861;0.237861;0.237280;0.236086;0.236086;0.236051;0.236051;0.235926;0.235926;0.235926;0.235926;0.235926;0.235926;0.235926;0.235926;0.235553;0.235553;0.235553;0.235553;0.235553;0.235553;0.235553;0.235550;0.235550;0.235550;0.235550;0.235550;0.235550;0.235550;0.235550;0.235550;0.235550;0.235550;0.235550;0.235550;0.235550,16.49,95.45,39,1.248236,85.5126,-3.1428,59.2,888,13.6591,2.3287,68.08,0.0,True,33.0,4840,3.2574,4.44
google,1500,10,linear,False,False,0.0,0.4,0.3,0.3,0,0,PSO,random,9,0.3333333333333333,CONV,0.244886;0.241416;0.241416;0.241416;0.241416;0.239588;0.239298;0.239298;0.239298;0.239143;0.239143;0.238712;0.238712;0.238712;0.238712;0.238712;0.238712;0.238712;0.238712;0.237879;0.237879;0.237879;0.237879;0.237647;0.237647;0.237647;0.237647;0.237647;0.237647;0.237647;0.237647;0.237647;0.237647;0.237647;0.237647;0.237647;0.237647;0.237647;0.237647;0.237647;0.237647;0.237179;0.237179;0.237179;0.232724;0.232724;0.232724;0.232724;0.232724;0.232724;0.232724;0.232724;0.232724;0.232724;0.232724;0.232724;0.232724;0.232724;0.232724;0.232724;0.232724;0.232724;0.232029;0.232029;0.232029;0.231511;0.231511;0.231343;0.231203;0.231203;0.231203;0.231200;0.231200;0.230656;0.230656;0.230085;0.230085;0.230085;0.230085;0.230083;0.230083;0.230083;0.230083;0.230083;0.230083;0.229931;0.229787;0.229787;0.229787;0.229787;0.229787;0.229787;0.229783;0.229783;0.229783;0.229783;0.229783;0.229783;0.229066;0.229066;0.229066;0.229056;0.229056;0.229056;0.229056;0.229052;0.229050;0.229050;0.229050;0.229050;0.228960;0.228765;0.228765;0.228765;0.228765;0.228765;0.228545;0.228545;0.228545;0.228545,16.49,95.45,39,1.222292,85.8137,-0.999,57.2667,859,13.4091,2.3402,72.103,0.0,True,34.0,4840,3.3338,4.9
google,1500,10,linear,False,False,0.0,0.4,0.3,0.3,0,0,PSO,random,10,0.3333333333333333,CONV,0.241991;0.241991;0.241991;0.241991;0.241707;0.241707;0.241707;0.241707;0.241707;0.241707;0.241707;0.241707;0.241707;0.241707;0.241707;0.241707;0.241707;0.241707;0.241707;0.241707;0.241707;0.241707;0.241707;0.241707;0.241707;0.241707;0.241707;0.241707;0.241707;0.241707;0.241707;0.241707;0.241707;0.241707;0.241707;0.241707;0.241357;0.241357;0.241357;0.241281;0.241281;0.241281;0.241281;0.241281;0.241281;0.238152;0.238152;0.238152;0.238152;0.238152;0.238152;0.238152;0.238152;0.238152;0.238152;0.238152;0.238152;0.238152;0.238152;0.238152;0.238152;0.238152;0.238152;0.238152;0.238152;0.238152;0.238152;0.238152;0.237581;0.237581;0.237581;0.237581;0.237317;0.236944;0.236944;0.236944;0.236944;0.236327;0.236327;0.235140;0.235140;0.235140;0.235140;0.235140;0.235134;0.235134;0.235134;0.235134;0.235134;0.235134;0.234378;0.234378;0.234378;0.233982;0.233982;0.233982;0.233982;0.233981;0.233981;0.233981;0.233826;0.233775;0.233775;0.233775;0.233566;0.233566;0.233566;0.233566;0.233566;0.233566;0.233013;0.233013;0.232606;0.232606;0.232505;0.232505;0.232505;0.232505;0.232505;0.232505,16.49,95.45,39,1.264499,85.3238,-4.4866,57.9333,869,13.7091,2.362,66.607,0.0,True,34.5,4840,3.2753,4.61
google,1500,10,linear,False,False,0.0,0.4,0.3,0.3,0,0,DE,random,1,0.3333333333333333,CONV,0.244993;0.238220;0.233909;0.233909;0.232316;0.232316;0.232316;0.232316;0.232072;0.230654;0.230654;0.230500;0.229585;0.229052;0.227757;0.227486;0.226276;0.226276;0.226276;0.226276;0.226276;0.225147;0.225147;0.224996;0.224996;0.224996;0.223868;0.223326;0.223235;0.223110;0.222919;0.222919;0.222527;0.222084;0.222067;0.222010;0.221286;0.221286;0.221286;0.221234;0.220994;0.220348;0.220247;0.220247;0.220185;0.220166;0.219971;0.219344;0.218916;0.218916;0.218916;0.218773;0.218773;0.218387;0.218387;0.217784;0.217613;0.217607;0.217607;0.217607;0.217344;0.217344;0.217344;0.217320;0.216771;0.216771;0.216424;0.216399;0.216145;0.216145;0.216009;0.215989;0.215989;0.215980;0.215980;0.215977;0.215977;0.215975;0.215974;0.215971;0.215967;0.215966;0.215966;0.215966;0.215965;0.215964;0.215958;0.215958;0.215958;0.215958;0.215957;0.215956;0.215956;0.215956;0.215956;0.215955;0.215955;0.215955;0.215955;0.215955;0.215955;0.215955;0.215955;0.215955;0.215955;0.215955;0.215955;0.215955;0.215955;0.215954;0.215954;0.215954;0.215954;0.215954;0.215954;0.215954;0.215954;0.215954;0.215954;0.215954,16.49,95.45,39,1.244029,85.5614,-2.7951,52.7333,791,13.4591,2.2648,71.08,0.0,True,35.5,4840,3.1417,4.04
google,1500,10,linear,False,False,0.0,0.4,0.3,0.3,0,0,DE,random,2,0.3333333333333333,CONV,0.241036;0.237103;0.237103;0.237103;0.233256;0.233256;0.233256;0.233256;0.231412;0.231412;0.230571;0.230571;0.226866;0.226866;0.226866;0.226866;0.224384;0.223284;0.223284;0.223284;0.221392;0.221392;0.221365;0.221156;0.220518;0.219653;0.219074;0.218071;0.217618;0.217004;0.216910;0.216714;0.216392;0.215622;0.215441;0.215441;0.214918;0.214346;0.214135;0.214096;0.213987;0.213635;0.213535;0.213292;0.213007;0.212413;0.212304;0.212141;0.212141;0.211737;0.211737;0.211737;0.211451;0.210843;0.210843;0.210843;0.210647;0.210647;0.210647;0.210647;0.210293;0.210224;0.210224;0.209913;0.209817;0.209631;0.209285;0.208916;0.208916;0.208695;0.208695;0.208695;0.208555;0.208555;0.208555;0.208493;0.208288;0.207860;0.207530;0.207530;0.207530;0.207530;0.207530;0.207530;0.207529;0.207528;0.207331;0.207328;0.207315;0.207315;0.207315;0.207311;0.207311;0.207309;0.207303;0.207303;0.207303;0.207301;0.207301;0.207301;0.207298;0.207295;0.207295;0.207294;0.207294;0.207292;0.207290;0.207290;0.207289;0.207289;0.207289;0.207289;0.207289;0.207289;0.207289;0.207289;0.207289;0.207289;0.207289;0.207289,16.49,95.45,39,1.234011,85.6777,-1.9673,50.0,750,13.3091,2.2807,72.784,0.0,True,33.5,4840,3.1531,4.03
google,1500,10,linear,False,False,0.0,0.4,0.3,0.3,0,0,DE,random,3,0.3333333333333333,CONV,0.244686;0.244486;0.241485;0.240728;0.236376;0.234248;0.233403;0.233403;0.230329;0.230329;0.229989;0.229262;0.227932;0.227932;0.227345;0.227345;0.227345;0.227315;0.225507;0.225507;0.225507;0.225379;0.225078;0.223301;0.223247;0.222952;0.222827;0.222567;0.222486;0.222318;0.221403;0.221048;0.220911;0.220620;0.220620;0.219829;0.219659;0.219457;0.219457;0.219322;0.218928;0.218722;0.218722;0.218603;0.218527;0.218527;0.218527;0.218322;0.218322;0.218299;0.218032;0.217823;0.217823;0.217823;0.217475;0.217274;0.217108;0.216844;0.216844;0.216844;0.216436;0.216436;0.216436;0.216261;0.216261;0.216257;0.216251;0.216244;0.216240;0.216229;0.216229;0.216229;0.216229;0.216229;0.216229;0.215967;0.215967;0.215957;0.215957;0.215954;0.215954;0.215950;0.215947;0.215947;0.215943;0.215940;0.215940;0.215939;0.215939;0.215939;0.215938;0.215936;0.215933;0.215933;0.215933;0.215933;0.215932;0.215931;0.215931;0.215929;0.215929;0.215929;0.215926;0.215925;0.215925;0.215925;0.215924;0.215924;0.215923;0.215922;0.215922;0.215922;0.215921;0.215921;0.215921;0.215921;0.215919;0.215919;0.215918;0.215918,16.49,95.45,39,1.221712,85.8204,-0.951,53.0667,796,13.2591,2.2524,73.759,0.0,True,33.5,4840,3.2455,4.12
google,1500,10,linear,False,False,0.0,0.4,0.3,0.3,0,0,DE,random,4,0.3333333333333333,CONV,0.243528;0.241682;0.240676;0.239309;0.237707;0.236167;0.234046;0.233697;0.232363;0.232363;0.231509;0.229345;0.229345;0.228590;0.226377;0.226377;0.225744;0.225014;0.224645;0.224226;0.222342;0.221651;0.221651;0.221077;0.220957;0.220411;0.219927;0.219290;0.219290;0.217670;0.216820;0.214650;0.214650;0.214650;0.213546;0.213546;0.212925;0.212413;0.212413;0.212108;0.212108;0.211438;0.210951;0.210951;0.210951;0.210598;0.210061;0.209970;0.209970;0.209165;0.208641;0.208564;0.208564;0.208564;0.208265;0.208087;0.207266;0.207266;0.207192;0.207052;0.207052;0.205716;0.205716;0.205716;0.205716;0.205716;0.205716;0.205533;0.205306;0.205306;0.205035;0.205035;0.204977;0.204790;0.204781;0.204754;0.204152;0.204065;0.204065;0.203942;0.203942;0.203942;0.203941;0.203941;0.203933;0.203932;0.203932;0.203932;0.203932;0.203926;0.203926;0.203921;0.203921;0.203921;0.203921;0.203921;0.203920;0.203918;0.203918;0.203917;0.203917;0.203916;0.203915;0.203915;0.203914;0.203911;0.203911;0.203911;0.203911;0.203911;0.203910;0.203909;0.203908;0.203907;0.203907;0.203907;0.203907;0.203907;0.203907;0.203906,16.49,95.45,39,1.225754,85.7735,-1.285,49.0,735,13.2591,2.2624,72.618,0.0,True,35.0,4840,3.1538,4.09
google,1500,10,linear,False,False,0.0,0.4,0.3,0.3,0,0,DE,random,5,0.3333333333333333,CONV,0.242653;0.240723;0.240723;0.240487;0.237020;0.235332;0.234777;0.232423;0.231870;0.231870;0.231870;0.231822;0.230094;0.230094;0.228195;0.228195;0.228195;0.227143;0.227143;0.226578;0.226474;0.225940;0.225909;0.225196;0.224702;0.224182;0.223970;0.223536;0.223418;0.223418;0.222808;0.222808;0.222808;0.222537;0.221775;0.221775;0.221455;0.220909;0.220370;0.219889;0.219889;0.219889;0.219889;0.219747;0.219408;0.219225;0.219225;0.218988;0.218657;0.218657;0.218657;0.218518;0.218518;0.218142;0.217873;0.217644;0.217636;0.217207;0.217207;0.217120;0.216999;0.216627;0.216429;0.216429;0.216429;0.216429;0.216429;0.216197;0.216006;0.216006;0.215799;0.215799;0.215791;0.215730;0.215573;0.215573;0.215383;0.215363;0.215363;0.215168;0.215168;0.215168;0.215168;0.215160;0.215160;0.215159;0.215152;0.215152;0.215152;0.215149;0.215147;0.215147;0.215146;0.215145;0.215145;0.215145;0.215144;0.215142;0.215141;0.215141;0.215141;0.215141;0.215141;0.215141;0.215141;0.215141;0.215141;0.215141;0.215141;0.215141;0.215141;0.215141;0.215141;0.215141;0.215141;0.215141;0.215141;0.215141;0.215141;0.215141,16.49,95.45,39,1.235115,85.6649,-2.0586,52.6,789,13.3591,2.2718,71.936,0.0,True,36.0,4840,3.1641,4.03
google,1500,10,linear,False,False,0.0,0.4,0.3,0.3,0,0,DE,random,6,0.3333333333333333,CONV,0.244011;0.238938;0.234724;0.234724;0.234724;0.233919;0.229501;0.229501;0.229501;0.229501;0.229501;0.229263;0.229263;0.228396;0.227543;0.227058;0.226198;0.225708;0.224886;0.224774;0.224162;0.223920;0.223920;0.223728;0.222342;0.222070;0.221761;0.221047;0.221047;0.221047;0.221029;0.221029;0.220427;0.219948;0.219948;0.219878;0.219878;0.219628;0.219203;0.218662;0.218662;0.218027;0.218027;0.217948;0.217634;0.217193;0.217045;0.217045;0.216312;0.215623;0.215623;0.215623;0.215334;0.214957;0.214654;0.214563;0.214424;0.214424;0.214402;0.214402;0.214184;0.213662;0.213608;0.213608;0.213003;0.213003;0.213003;0.213003;0.213003;0.213003;0.213003;0.213003;0.212742;0.212742;0.212698;0.212667;0.212566;0.212312;0.212312;0.212131;0.212131;0.212131;0.212131;0.211814;0.211814;0.211798;0.211798;0.211798;0.211679;0.211679;0.211483;0.211354;0.211354;0.211349;0.211349;0.211349;0.211346;0.211346;0.211346;0.211346;0.211345;0.211345;0.211344;0.211342;0.211338;0.211338;0.211338;0.211338;0.211338;0.211337;0.211335;0.211335;0.211335;0.211334;0.211333;0.211333;0.211332;0.211332;0.211332;0.211332,16.49,95.45,39,1.23063,85.7169,-1.6879,51.4,771,13.2591,2.2541,73.294,0.0,True,35.0,4840,3.1579,4.06
google,1500,10,linear,False,False,0.0,0.4,0.3,0.3,0,0,GWO,random,3,0.3333333333333333,CONV,0.237959;0.229601;0.219288;0.213977;0.205990;0.197482;0.191634;0.185014;0.175670;0.171048;0.164798;0.160541;0.156325;0.149503;0.147377;0.140147;0.138686;0.134900;0.131106;0.130310;0.128326;0.125198;0.120433;0.119315;0.117320;0.114529;0.112863;0.108999;0.108761;0.107030;0.104804;0.102241;0.100820;0.099809;0.098085;0.096540;0.096128;0.094168;0.092549;0.090195;0.089736;0.086876;0.085423;0.084527;0.084306;0.082836;0.081817;0.081817;0.081348;0.080982;0.080982;0.079150;0.078584;0.076472;0.076472;0.076379;0.076098;0.075937;0.074938;0.074832;0.074037;0.074037;0.074037;0.073529;0.072213;0.072213;0.071773;0.071612;0.070952;0.070952;0.070499;0.070499;0.070499;0.070499;0.070204;0.070204;0.070032;0.069845;0.069723;0.069723;0.069254;0.069254;0.069254;0.068922;0.068280;0.068280;0.067864;0.067864;0.067664;0.067613;0.067229;0.066969;0.066728;0.066666;0.066666;0.066286;0.065387;0.065329;0.065158;0.065064;0.065064;0.064925;0.064925;0.064925;0.064381;0.064381;0.064381;0.064329;0.064050;0.063794;0.063794;0.063794;0.063783;0.063783;0.063781;0.063648;0.063648;0.063640;0.063638;0.063638,16.49,95.45,39,1.155369,86.5904,4.5309,3.3333,50,13.0591,2.1448,74.846,0.0,True,26.0,4840,3.8899,4.43
google,1500,10,linear,False,False,0.0,0.4,0.3,0.3,0,0,GWO,random,4,0.3333333333333333,CONV,0.240447;0.229569;0.221008;0.210044;0.202205;0.198431;0.191479;0.183988;0.177390;0.169569;0.166043;0.160685;0.158475;0.153694;0.150129;0.145811;0.142320;0.137606;0.134996;0.131658;0.127643;0.121814;0.121268;0.118325;0.115539;0.112551;0.111374;0.110276;0.107607;0.105169;0.102974;0.100246;0.100200;0.097531;0.095097;0.095097;0.094534;0.092430;0.090977;0.090594;0.087795;0.087264;0.086229;0.085143;0.085143;0.084363;0.082305;0.082305;0.082305;0.081649;0.080829;0.080829;0.080829;0.080829;0.080829;0.079656;0.079656;0.079656;0.079263;0.078440;0.078440;0.077655;0.077655;0.077439;0.077439;0.076199;0.076199;0.075115;0.075115;0.075115;0.075025;0.074889;0.074241;0.073739;0.073600;0.073497;0.072677;0.072280;0.071799;0.071799;0.071390;0.070481;0.070481;0.070481;0.070481;0.070481;0.070481;0.070481;0.070481;0.069813;0.069733;0.069321;0.069321;0.069321;0.069021;0.069021;0.068199;0.068199;0.068199;0.067756;0.067756;0.067133;0.067133;0.067105;0.067105;0.066845;0.066845;0.066673;0.066430;0.066332;0.066166;0.066166;0.066166;0.065953;0.065952;0.065946;0.065946;0.065946;0.065937;0.065937,16.49,95.45,39,1.161794,86.5159,4.0001,4.0,60,13.0091,2.137,74.663,0.0,True,27.5,4840,3.8678,4.25
google,1500,10,linear,False,False,0.0,0.4,0.3,0.3,0,0,GWO,random,5,0.3333333333333333,CONV,0.241926;0.234082;0.223708;0.215401;0.208322;0.200228;0.192798;0.183340;0.178168;0.171823;0.167870;0.163239;0.158438;0.157254;0.152335;0.147026;0.143980;0.139469;0.136207;0.132628;0.130172;0.127061;0.125327;0.123592;0.120882;0.118711;0.114736;0.114310;0.109930;0.107535;0.106135;0.104674;0.103745;0.100079;0.095123;0.095123;0.093902;0.093902;0.091821;0.090957;0.087355;0.087355;0.087355;0.087227;0.086133;0.086133;0.084734;0.084464;0.081873;0.081264;0.080836;0.080411;0.078650;0.078650;0.078406;0.077798;0.077798;0.076643;0.075239;0.074978;0.074257;0.074257;0.074257;0.074257;0.074257;0.074089;0.074089;0.074089;0.074089;0.074089;0.074089;0.074089;0.073965;0.073965;0.072293;0.072293;0.072293;0.072293;0.072115;0.072115;0.072115;0.072115;0.072034;0.071458;0.071458;0.071219;0.070851;0.070663;0.070437;0.070112;0.069941;0.069503;0.069186;0.069020;0.069020;0.069020;0.068600;0.068413;0.067624;0.067624;0.067624;0.067624;0.067471;0.067471;0.067471;0.067471;0.067471;0.066951;0.066701;0.066404;0.066404;0.066404;0.065966;0.065966;0.065813;0.065813;0.065813;0.065808;0.065807;0.065807,16.49,95.45,39,1.141772,86.7482,5.6544,4.2667,64,12.8091,2.1075,78.638,0.0,True,28.5,4840,3.8086,4.25
google,1500,10,linear,False,False,0.0,0.4,0.3,0.3,0,0,GWO,random,6,0.3333333333333333,CONV,0.242420;0.231691;0.222895;0.212481;0.202595;0.192787;0.187303;0.181557;0.174385;0.169890;0.164513;0.158932;0.154353;0.150169;0.146075;0.143831;0.139517;0.136608;0.132919;0.132056;0.128343;0.124452;0.124452;0.119841;0.118043;0.116058;0.112334;0.109875;0.108459;0.105808;0.105808;0.101141;0.098844;0.098844;0.097471;0.096156;0.095927;0.095010;0.093781;0.093661;0.092857;0.091016;0.089661;0.088998;0.088379;0.086360;0.084822;0.084822;0.084142;0.081370;0.081370;0.079945;0.079945;0.079611;0.078946;0.077612;0.077612;0.076065;0.076065;0.076065;0.075975;0.075975;0.075458;0.075240;0.073646;0.073646;0.073507;0.072997;0.072705;0.072099;0.070385;0.070385;0.070385;0.070385;0.070385;0.070385;0.070357;0.070357;0.070357;0.069993;0.069993;0.069737;0.069737;0.069737;0.069737;0.069403;0.069189;0.069189;0.068654;0.067961;0.067961;0.067961;0.067904;0.067904;0.067904;0.067757;0.067757;0.067757;0.067757;0.067757;0.067606;0.067606;0.066935;0.066935;0.066761;0.066736;0.066720;0.066720;0.066575;0.066483;0.066483;0.066263;0.066193;0.066092;0.066092;0.065894;0.065894;0.065847;0.065847;0.065847,16.49,95.45,39,1.142624,86.7384,5.5841,4.2667,64,12.8591,2.1317,78.651,0.0,True,25.5,4840,3.8287,4.2
google,1500,10,linear,False,False,0.0,0.4,0.3,0.3,0,0,GWO,random,7,0.3333333333333333,CONV,0.239768;0.232163;0.223475;0.216151;0.206481;0.198300;0.190805;0.184127;0.178972;0.174145;0.167274;0.162091;0.158782;0.155329;0.150617;0.145794;0.142497;0.138680;0.135069;0.131812;0.129372;0.126094;0.123680;0.121751;0.118926;0.117844;0.112151;0.109380;0.109380;0.106460;0.105662;0.103685;0.102651;0.101031;0.097353;0.097094;0.096790;0.095169;0.094060;0.093639;0.091394;0.090472;0.090472;0.089243;0.088011;0.086862;0.084580;0.083777;0.083777;0.082850;0.082829;0.081830;0.080950;0.080291;0.079035;0.077961;0.076205;0.076078;0.076078;0.075745;0.075292;0.074767;0.073817;0.073320;0.073249;0.073249;0.072425;0.071907;0.071907;0.071732;0.070636;0.070636;0.070636;0.070636;0.070397;0.069907;0.069248;0.069248;0.069158;0.068261;0.068261;0.068261;0.068261;0.068261;0.068261;0.068261;0.068109;0.067993;0.067993;0.067993;0.067993;0.067633;0.067633;0.067270;0.067270;0.067270;0.067011;0.067011;0.067011;0.067011;0.067011;0.067011;0.066980;0.066805;0.066805;0.066323;0.066323;0.066318;0.066318;0.066318;0.066282;0.066072;0.066072;0.066051;0.066051;0.066051;0.065949;0.065949;0.065949;0.065949,16.49,95.45,39,1.14913,86.6628,5.0464,4.2,63,12.9591,2.1192,76.646,0.0,True,30.5,4840,3.9232,4.24
google,1500,10,linear,False,False,0.0,0.4,0.3,0.3,0,0,GWO,random,8,0.3333333333333333,CONV,0.242543;0.229537;0.221483;0.213658;0.207058;0.198582;0.192417;0.186834;0.178932;0.171170;0.169650;0.163767;0.159257;0.154055;0.150724;0.145506;0.138620;0.138620;0.134756;0.131573;0.126333;0.124070;0.121392;0.116459;0.111987;0.110937;0.110937;0.109233;0.107357;0.106208;0.103989;0.102195;0.098121;0.097421;0.096849;0.095788;0.094006;0.092839;0.092066;0.090922;0.088107;0.086134;0.086134;0.086134;0.085079;0.083349;0.082500;0.081670;0.080636;0.079269;0.078606;0.077138;0.076197;0.076151;0.076151;0.075618;0.075618;0.075596;0.075596;0.075508;0.074245;0.073726;0.073108;0.072245;0.072245;0.071954;0.071954;0.071768;0.071016;0.069567;0.069567;0.069329;0.069329;0.069329;0.069329;0.068451;0.068451;0.068451;0.068451;0.068451;0.068451;0.068451;0.068451;0.068451;0.068451;0.068451;0.068451;0.068451;0.068112;0.068112;0.068112;0.068112;0.067762;0.067762;0.067574;0.067463;0.067274;0.067274;0.067054;0.067054;0.066838;0.066838;0.066838;0.066838;0.066667;0.066667;0.066644;0.066377;0.066332;0.066251;0.066037;0.065740;0.065728;0.065728;0.065601;0.065601;0.065475;0.065475;0.065474;0.065474,16.49,95.45,39,1.147521,86.6815,5.1794,4.0667,61,12.9091,2.1184,77.49,0.0,True,26.5,4840,3.8288,4.25
google,1500,10,linear,False,False,0.0,0.4,0.3,0.3,0,0,GWO,random,9,0.3333333333333333,CONV,0.242529;0.231439;0.224349;0.214748;0.206936;0.199302;0.192584;0.183832;0.180335;0.174689;0.166363;0.162749;0.158282;0.153205;0.151360;0.144493;0.140641;0.139202;0.132131;0.131501;0.129464;0.126323;0.122860;0.121847;0.120280;0.118381;0.113469;0.112936;0.109687;0.109418;0.106880;0.106309;0.104104;0.103326;0.101112;0.101112;0.097629;0.097332;0.096191;0.095125;0.094809;0.093439;0.090879;0.089444;0.088895;0.087481;0.085300;0.085300;0.083944;0.083944;0.083944;0.083944;0.083944;0.083171;0.082453;0.081217;0.079788;0.079788;0.079024;0.078789;0.078134;0.077723;0.076819;0.076469;0.075488;0.073767;0.073225;0.073166;0.072647;0.072647;0.071024;0.070659;0.069925;0.069925;0.069793;0.069125;0.069017;0.068474;0.068080;0.068080;0.068026;0.067941;0.067697;0.067697;0.066817;0.066813;0.066229;0.065729;0.065729;0.065345;0.065126;0.064659;0.064659;0.064646;0.064646;0.064646;0.064241;0.064241;0.064036;0.064036;0.064036;0.063998;0.063998;0.063672;0.063276;0.063028;0.062961;0.062852;0.062852;0.062845;0.062590;0.062498;0.062314;0.062114;0.062112;0.062112;0.062106;0.062101;0.062101;0.062101,16.49,95.45,39,1.143788,86.7248,5.4879,3.0,45,12.8591,2.1071,77.183,0.0,True,31.0,4840,3.819,4.52
google,1500,10,linear,False,False,0.0,0.4,0.3,0.3,0,0,GWO,random,10,0.3333333333333333,CONV,0.238832;0.228942;0.221151;0.210155;0.201429;0.196057;0.191957;0.184264;0.179483;0.171581;0.168719;0.164513;0.159032;0.152220;0.146068;0.143694;0.137942;0.134847;0.132672;0.129661;0.125304;0.124544;0.121687;0.117862;0.115176;0.112811;0.109354;0.108252;0.107136;0.104295;0.101990;0.100631;0.099320;0.098907;0.096522;0.094902;0.093184;0.091920;0.089910;0.089838;0.088571;0.087278;0.086616;0.085624;0.085624;0.085584;0.083954;0.083392;0.082542;0.082264;0.081136;0.080687;0.080435;0.080358;0.078156;0.077680;0.077680;0.077441;0.076608;0.075722;0.073630;0.073630;0.073630;0.073229;0.073229;0.072683;0.072683;0.072126;0.072105;0.071765;0.071765;0.069993;0.069993;0.069993;0.069527;0.069327;0.069315;0.069097;0.069036;0.068406;0.068406;0.067539;0.067539;0.067539;0.067539;0.067539;0.067065;0.067065;0.067065;0.067065;0.066551;0.066087;0.066087;0.065907;0.065795;0.065208;0.065208;0.065185;0.065185;0.065185;0.065010;0.064877;0.064877;0.064877;0.064539;0.064479;0.064095;0.063910;0.063910;0.063578;0.063578;0.063578;0.063578;0.063512;0.063393;0.063367;0.063258;0.063250;0.063250;0.063250,16.49,95.45,39,1.151309,86.6376,4.8664,3.2667,49,12.9091,2.1304,76.812,0.0,True,26.0,4840,3.8374,4.43
google,1500,10,linear,False,False,0.0,0.4,0.3,0.3,0,0,WOA,carbon,1,0.3333333333333333,CONV,0.061831;0.052976;0.052516;0.052433;0.052357;0.052307;0.052032;0.052032;0.052032;0.052031;0.052026;0.052025;0.051773;0.051773;0.051768;0.051767;0.051767;0.051767;0.051767;0.051608;0.051608;0.051608;0.051608;0.051608;0.051607;0.051607;0.051607;0.051607;0.051606;0.051606;0.051606;0.051606;0.051606;0.051606;0.051606;0.051606;0.051606;0.051606;0.051606;0.051606;0.051606;0.051606;0.051606;0.051606;0.051606;0.051606;0.051606;0.051606;0.051606;0.051606;0.051606;0.051606;0.051606;0.051606;0.051606;0.051606;0.051606;0.051606;0.051606;0.051606;0.051606;0.051606;0.051606;0.051606;0.051606;0.051606;0.051606;0.051606;0.051606;0.051606;0.051606;0.051606;0.051606;0.051606;0.051606;0.051606;0.051606;0.051605;0.051605;0.051605;0.051605;0.051605;0.051605;0.051605;0.051605;0.051605;0.051605;0.051605;0.051605;0.051605;0.051605;0.051605;0.051605;0.051605;0.051605;0.051605;0.051605;0.051605;0.051605;0.051605;0.051605;0.051605;0.051605;0.051605;0.051605;0.051605;0.051605;0.051605;0.051605;0.051605;0.051605;0.051605;0.051605;0.051605;0.051605;0.051605;0.051605;0.051605;0.051605;0.051605,16.49,95.45,39,1.111571,87.0988,8.1499,0.0,0,12.9091,2.0937,74.281,0.0,True,25.5,4840,3.1412,2.7
google,1500,10,linear,False,False,0.0,0.4,0.3,0.3,0,0,WOA,carbon,2,0.3333333333333333,CONV,0.052827;0.052183;0.052037;0.052037;0.051765;0.051711;0.051711;0.051711;0.051710;0.051710;0.051707;0.051706;0.051706;0.051706;0.051706;0.051706;0.051695;0.051695;0.051695;0.051591;0.051533;0.051413;0.051413;0.051205;0.051205;0.051205;0.051205;0.051205;0.051205;0.051205;0.051205;0.051205;0.051205;0.051205;0.051205;0.051205;0.051204;0.051204;0.051204;0.051204;0.051204;0.051204;0.051202;0.051200;0.051200;0.051190;0.051175;0.051165;0.051165;0.051165;0.051165;0.051165;0.051165;0.051165;0.051165;0.051165;0.051165;0.051165;0.051165;0.051165;0.051165;0.051165;0.051165;0.051165;0.051165;0.051165;0.051165;0.051165;0.051165;0.051165;0.051165;0.051165;0.051165;0.051165;0.051165;0.051165;0.051165;0.051165;0.051165;0.051165;0.051165;0.051165;0.051165;0.051165;0.051165;0.051165;0.051165;0.051165;0.051165;0.051165;0.051165;0.051165;0.051165;0.051165;0.051165;0.051165;0.051165;0.051165;0.051165;0.051165;0.051165;0.051165;0.051165;0.051165;0.051165;0.051165;0.051165;0.051165;0.051165;0.051165;0.051165;0.051165;0.051165;0.051165;0.051165;0.051165;0.051165;0.051165;0.051165;0.051165,16.49,95.45,39,1.093486,87.3087,9.6443,0.1333,2,12.9591,2.0909,74.101,0.0,True,26.0,4840,3.2019,2.62
google,1500,10,linear,False,False,0.0,0.4,0.3,0.3,0,0,WOA,carbon,3,0.3333333333333333,CONV,0.054609;0.053222;0.052402;0.052149;0.052002;0.052002;0.051848;0.051848;0.051848;0.051848;0.051848;0.051848;0.051847;0.051847;0.051846;0.051846;0.051846;0.051845;0.051844;0.051844;0.051839;0.051839;0.051838;0.051838;0.051838;0.051838;0.051838;0.051838;0.051838;0.051838;0.051838;0.051838;0.051838;0.051838;0.051838;0.051838;0.051838;0.051838;0.051838;0.051838;0.051838;0.051838;0.051838;0.051838;0.051838;0.051838;0.051838;0.051838;0.051838;0.051838;0.051838;0.051838;0.051838;0.051838;0.051838;0.051838;0.051838;0.051838;0.051838;0.051838;0.051838;0.051838;0.051838;0.051838;0.051838;0.051838;0.051838;0.051838;0.051838;0.051838;0.051838;0.051838;0.051838;0.051838;0.051838;0.051838;0.051838;0.051838;0.051838;0.051838;0.051838;0.051838;0.051838;0.051838;0.051838;0.051838;0.051838;0.051838;0.051838;0.051838;0.051838;0.051838;0.051838;0.051838;0.051838;0.051838;0.051838;0.051838;0.051838;0.051838;0.051838;0.051838;0.051838;0.051838;0.051838;0.051838;0.051838;0.051838;0.051838;0.051838;0.051838;0.051838;0.051838;0.051838;0.051838;0.051838;0.051838;0.051838;0.051838;0.051838,16.49,95.45,39,1.116598,87.0404,7.7346,0.0,0,13.1091,2.1278,66.609,0.0,True,26.5,4840,3.1238,2.49
google,1500,10,linear,False,False,0.0,0.4,0.3,0.3,0,0,WOA,carbon,4,0.3333333333333333,CONV,0.062669;0.053550;0.053522;0.052713;0.052713;0.052713;0.052713;0.052713;0.052711;0.052711;0.052711;0.052711;0.052698;0.052698;0.052698;0.052658;0.052658;0.052658;0.052658;0.052658;0.052658;0.052422;0.052422;0.052422;0.052422;0.052418;0.052417;0.052417;0.052413;0.052413;0.052413;0.052413;0.052413;0.052413;0.052413;0.052413;0.052413;0.052413;0.052413;0.052413;0.052413;0.052413;0.052413;0.052413;0.052413;0.052413;0.052413;0.052413;0.052413;0.052413;0.052413;0.052413;0.052413;0.052413;0.052413;0.052413;0.052413;0.052413;0.052413;0.052413;0.052413;0.052413;0.052413;0.052413;0.052413;0.052413;0.052413;0.052413;0.052413;0.052413;0.052413;0.052413;0.052413;0.052413;0.052413;0.052413;0.052413;0.052413;0.052413;0.052413;0.052413;0.052413;0.052413;0.052413;0.052413;0.052413;0.052413;0.052413;0.052413;0.052413;0.052413;0.052413;0.052413;0.052413;0.052413;0.052413;0.052413;0.052413;0.052413;0.052413;0.052413;0.052413;0.052413;0.052413;0.052413;0.052413;0.052413;0.052413;0.052413;0.052413;0.052413;0.052413;0.052413;0.052413;0.052413;0.052413;0.052413;0.052413;0.052413;0.052413,16.49,95.45,39,1.128979,86.8967,6.7116,0.0,0,12.9591,2.1057,73.157,0.0,True,25.5,4840,3.127,2.57
google,1500,10,linear,False,False,0.0,0.4,0.3,0.3,0,0,WOA,carbon,5,0.3333333333333333,CONV,0.049848;0.049848;0.049848;0.049781;0.049671;0.049671;0.049669;0.049559;0.049506;0.049378;0.049378;0.049377;0.049376;0.049236;0.049236;0.049236;0.049227;0.049226;0.049226;0.049226;0.049226;0.049226;0.049226;0.049226;0.049226;0.049226;0.049226;0.049226;0.049226;0.049226;0.049226;0.049226;0.049226;0.049226;0.049226;0.049226;0.049226;0.049226;0.049226;0.049226;0.049226;0.049226;0.049226;0.049226;0.049226;0.049226;0.049226;0.049226;0.049226;0.049226;0.049226;0.049226;0.049226;0.049226;0.049226;0.049226;0.049226;0.049226;0.049226;0.049226;0.049226;0.049226;0.049226;0.049226;0.049226;0.049226;0.049226;0.049226;0.049226;0.049226;0.049226;0.049226;0.049226;0.049226;0.049226;0.049226;0.049226;0.049226;0.049226;0.049226;0.049226;0.049226;0.049226;0.049226;0.049226;0.049226;0.049226;0.049226;0.049226;0.049226;0.049226;0.049226;0.049226;0.049226;0.049226;0.049226;0.049226;0.049226;0.049226;0.049226;0.049226;0.049226;0.049226;0.049226;0.049226;0.049226;0.049226;0.049226;0.049226;0.049226;0.049226;0.049226;0.049226;0.049226;0.049226;0.049226;0.049226;0.049226;0.049226;0.049226,16.49,95.45,39,1.060318,87.6936,12.385,0.0,0,13.0091,2.0939,69.805,0.0,True,26.0,4840,3.1377,2.42
google,1500,10,linear,False,False,0.0,0.4,0.3,0.3,0,0,WOA,carbon,6,0.3333333333333333,CONV,0.055377;0.053104;0.052952;0.052539;0.052531;0.052140;0.052140;0.051941;0.051941;0.051759;0.051759;0.051593;0.051593;0.051590;0.051589;0.051588;0.051588;0.051588;0.051588;0.051588;0.051588;0.051588;0.051588;0.051588;0.051588;0.051588;0.051588;0.051588;0.051588;0.051588;0.051587;0.051587;0.051586;0.051586;0.051573;0.051569;0.051569;0.051568;0.051568;0.051568;0.051567;0.051567;0.051567;0.051567;0.051567;0.051567;0.051567;0.051567;0.051567;0.051567;0.051567;0.051567;0.051435;0.051435;0.051435;0.051435;0.051435;0.051435;0.051434;0.051434;0.051434;0.051434;0.051434;0.051434;0.051434;0.051434;0.051434;0.051434;0.051434;0.051434;0.051434;0.051434;0.051434;0.051434;0.051434;0.051434;0.051434;0.051434;0.051434;0.051434;0.051434;0.051434;0.051434;0.051434;0.051434;0.051434;0.051434;0.051434;0.051434;0.051434;0.051434;0.051434;0.051434;0.051434;0.051434;0.051434;0.051434;0.051434;0.051434;0.051434;0.051434;0.051434;0.051434;0.051434;0.051434;0.051434;0.051434;0.051434;0.051434;0.051434;0.051434;0.051434;0.051434;0.051434;0.051434;0.051434;0.051434;0.051434;0.051434;0.051434,16.49,95.45,39,1.103584,87.1915,8.8099,0.0667,1,13.0091,2.0984,71.146,0.0,True,25.5,4840,3.1626,2.76
google,1500,10,linear,False,False,0.0,0.4,0.3,0.3,0,0,WOA,carbon,7,0.3333333333333333,CONV,0.061321;0.054884;0.052812;0.052586;0.052445;0.052445;0.052427;0.052427;0.052309;0.052117;0.052117;0.052116;0.052116;0.052116;0.052116;0.052111;0.052111;0.052111;0.052111;0.052111;0.052111;0.052111;0.052111;0.052111;0.052111;0.052111;0.052111;0.052111;0.052111;0.052111;0.052111;0.052111;0.052111;0.052111;0.052111;0.052111;0.052111;0.052111;0.052111;0.052111;0.052111;0.052111;0.052110;0.052110;0.052110;0.052110;0.052110;0.052110;0.052110;0.052110;0.052110;0.052110;0.052110;0.052109;0.052109;0.052109;0.052109;0.052109;0.052109;0.052109;0.052109;0.052109;0.052109;0.052109;0.052109;0.052109;0.052109;0.052109;0.052109;0.052109;0.052109;0.052109;0.052109;0.052109;0.052109;0.052109;0.052109;0.052108;0.052107;0.052107;0.052107;0.052107;0.052107;0.052107;0.052106;0.052106;0.052106;0.052106;0.052106;0.052106;0.052106;0.052106;0.052106;0.052106;0.052106;0.052106;0.052106;0.052106;0.052106;0.052106;0.052106;0.052106;0.052106;0.052106;0.052106;0.052106;0.052106;0.052106;0.052106;0.052106;0.052106;0.052106;0.052106;0.052106;0.052106;0.052106;0.052106;0.052106;0.052106;0.052106,16.49,95.45,39,1.122353,86.9736,7.259,0.0,0,13.0091,2.1092,71.86,0.0,True,25.5,4840,3.2993,2.66
google,1500,10,linear,False,False,0.0,0.4,0.3,0.3,0,0,WOA,carbon,8,0.3333333333333333,CONV,0.059349;0.053177;0.052804;0.052627;0.052287;0.051953;0.051953;0.051944;0.051753;0.051698;0.051551;0.051512;0.051512;0.051512;0.051512;0.051512;0.051512;0.051512;0.051512;0.051512;0.051512;0.051512;0.051512;0.051512;0.051512;0.051512;0.051512;0.051512;0.051359;0.051348;0.051116;0.051116;0.051116;0.051116;0.051116;0.051116;0.051111;0.051111;0.051111;0.051111;0.051111;0.051111;0.051111;0.051111;0.051111;0.051111;0.051111;0.051111;0.051111;0.051111;0.051111;0.051111;0.051111;0.051111;0.051111;0.051111;0.051111;0.051111;0.051111;0.051111;0.051111;0.051111;0.051111;0.051111;0.051111;0.051111;0.051111;0.051111;0.051111;0.051111;0.051111;0.051111;0.051111;0.051111;0.051111;0.051111;0.051111;0.051111;0.051111;0.051111;0.051111;0.051111;0.051111;0.051111;0.051111;0.051111;0.051111;0.051111;0.051111;0.051111;0.051111;0.051111;0.051111;0.051111;0.051111;0.051111;0.051111;0.051111;0.051111;0.051111;0.051111;0.051111;0.051111;0.051111;0.051111;0.051111;0.051111;0.051111;0.051111;0.051111;0.051111;0.051111;0.051111;0.051111;0.051111;0.051111;0.051111;0.051111;0.051111;0.051111,16.49,95.45,39,1.096624,87.2722,9.3851,0.0667,1,12.9091,2.0931,71.607,0.0,True,25.5,4840,3.1304,2.58
google,1500,10,linear,False,False,0.0,0.4,0.3,0.3,0,0,DE,random,7,0.3333333333333333,CONV,0.239391;0.239391;0.239391;0.236771;0.236443;0.236443;0.236443;0.235800;0.233493;0.232883;0.230379;0.230379;0.228735;0.228735;0.227844;0.225702;0.224977;0.224977;0.223614;0.223589;0.222577;0.221528;0.220806;0.220806;0.216808;0.216808;0.216808;0.216808;0.216808;0.214683;0.214683;0.214683;0.214187;0.213587;0.213174;0.213174;0.212681;0.212145;0.212145;0.212145;0.212020;0.211310;0.210472;0.209888;0.209862;0.209732;0.208540;0.208540;0.208540;0.208540;0.208024;0.206161;0.206161;0.205945;0.205945;0.205945;0.205945;0.205038;0.204921;0.204843;0.204136;0.204136;0.203551;0.203551;0.203551;0.203125;0.203125;0.202928;0.202928;0.202474;0.201142;0.201142;0.201142;0.201142;0.201142;0.201142;0.200536;0.200536;0.200536;0.200320;0.200320;0.200320;0.199857;0.199555;0.199518;0.199385;0.199242;0.199121;0.198457;0.198457;0.198000;0.198000;0.197610;0.197610;0.197530;0.197169;0.196883;0.196837;0.196627;0.196627;0.196396;0.196396;0.196395;0.196319;0.196271;0.196261;0.196261;0.196143;0.195834;0.195834;0.195834;0.195834;0.195834;0.195834;0.195834;0.195720;0.195712;0.195706;0.195704;0.195703,16.49,95.45,39,1.225701,85.7741,-1.2807,46.2667,694,13.3091,2.2739,71.187,0.0,True,35.5,4840,3.1664,4.07
google,1500,10,linear,False,False,0.0,0.4,0.3,0.3,0,0,DE,random,8,0.3333333333333333,CONV,0.243743;0.242002;0.242002;0.242002;0.239806;0.239272;0.237204;0.237204;0.235407;0.235240;0.234911;0.232363;0.232363;0.230635;0.230635;0.230635;0.230380;0.229849;0.229007;0.228631;0.228178;0.227557;0.227422;0.227211;0.226304;0.225960;0.225619;0.225416;0.225041;0.225041;0.224784;0.224353;0.224353;0.223764;0.223764;0.223764;0.223434;0.222626;0.222626;0.221675;0.221675;0.221675;0.221092;0.221092;0.220569;0.220569;0.220569;0.220438;0.220438;0.220326;0.220249;0.220098;0.220059;0.220046;0.219662;0.219460;0.219460;0.219437;0.219033;0.219033;0.219033;0.218830;0.218829;0.218829;0.218829;0.218811;0.218809;0.218633;0.218620;0.218412;0.218412;0.218412;0.218409;0.218407;0.218401;0.218399;0.218214;0.218213;0.218208;0.218201;0.218201;0.218201;0.218200;0.218191;0.218188;0.218188;0.218188;0.218186;0.218186;0.218185;0.218183;0.218183;0.218183;0.218183;0.218182;0.218182;0.218181;0.218180;0.218180;0.218179;0.218179;0.218179;0.218177;0.218176;0.218176;0.218176;0.218175;0.218174;0.218174;0.218174;0.218174;0.218173;0.218172;0.218172;0.218172;0.218172;0.218171;0.218171;0.218171;0.218171,16.49,95.45,39,1.222854,85.8072,-1.0454,53.8,807,13.2591,2.2659,72.783,0.0,True,36.0,4840,3.1302,4.21
google,1500,10,linear,False,False,0.0,0.4,0.3,0.3,0,0,DE,random,9,0.3333333333333333,CONV,0.243299;0.242612;0.241654;0.240403;0.239595;0.236829;0.233591;0.233591;0.233591;0.233591;0.233418;0.231689;0.229811;0.227059;0.226754;0.226750;0.224964;0.224964;0.224572;0.224442;0.223937;0.223520;0.222333;0.221526;0.218590;0.218590;0.217006;0.217006;0.217006;0.217006;0.217006;0.216550;0.216507;0.216225;0.216079;0.215542;0.215542;0.215542;0.215177;0.214416;0.214416;0.214416;0.214416;0.214233;0.213687;0.213201;0.212956;0.212956;0.212956;0.212935;0.212761;0.212761;0.212496;0.212392;0.211722;0.211722;0.211722;0.211498;0.211298;0.210917;0.210874;0.210874;0.210872;0.210857;0.210857;0.210690;0.210679;0.210667;0.210667;0.210460;0.210460;0.210460;0.210457;0.210457;0.210276;0.210276;0.210276;0.210266;0.210265;0.210265;0.210262;0.210262;0.210260;0.210258;0.210253;0.210253;0.210250;0.210250;0.210250;0.210250;0.210247;0.210247;0.210246;0.210246;0.210245;0.210245;0.210245;0.210245;0.210245;0.210245;0.210245;0.210245;0.210245;0.210244;0.210244;0.210244;0.210244;0.210244;0.210244;0.210244;0.210244;0.210244;0.210244;0.210244;0.210244;0.210244;0.210244;0.210244;0.210244;0.210244,16.49,95.45,39,1.241652,85.589,-2.5987,50.8667,763,13.4091,2.2572,70.759,0.0,True,35.5,4840,3.1557,3.98
google,1500,10,linear,False,False,0.0,0.4,0.3,0.3,0,0,DE,random,10,0.3333333333333333,CONV,0.241991;0.241991;0.241256;0.239739;0.237332;0.237122;0.236375;0.232295;0.232295;0.232295;0.232295;0.231148;0.229650;0.229014;0.228941;0.228271;0.227836;0.227527;0.226950;0.226882;0.226409;0.225611;0.225132;0.224715;0.224572;0.224572;0.223971;0.223971;0.222588;0.222588;0.222058;0.221866;0.220952;0.219892;0.219536;0.219380;0.219380;0.218426;0.218122;0.218122;0.218122;0.218022;0.217912;0.217912;0.217765;0.217132;0.217052;0.217012;0.216977;0.216602;0.216481;0.216198;0.216198;0.215916;0.215916;0.215734;0.215734;0.215007;0.215007;0.215007;0.215007;0.214775;0.214775;0.214648;0.214648;0.214648;0.214648;0.214648;0.214648;0.214648;0.214603;0.214447;0.214344;0.214344;0.214271;0.214271;0.214271;0.213967;0.213967;0.213966;0.213966;0.213966;0.213966;0.213674;0.213674;0.213674;0.213674;0.213447;0.213293;0.213293;0.213293;0.213293;0.213293;0.213289;0.213099;0.213099;0.213081;0.213081;0.213076;0.213076;0.213074;0.213074;0.213073;0.213072;0.213071;0.213070;0.213069;0.213067;0.213065;0.213065;0.213065;0.213064;0.213064;0.213063;0.213062;0.213061;0.213061;0.213061;0.213061;0.213061,16.49,95.45,39,1.2334,85.6848,-1.9169,51.9333,779,13.3091,2.2621,72.863,0.0,True,33.5,4840,3.2456,4.05
google,1500,10,linear,False,False,0.0,0.4,0.3,0.3,0,0,HHO,random,1,0.3333333333333333,CONV,0.054838;0.054591;0.054157;0.053835;0.053227;0.053227;0.053227;0.053227;0.053227;0.053227;0.053112;0.053108;0.053108;0.053108;0.053108;0.053084;0.053084;0.053084;0.053084;0.053084;0.053084;0.053084;0.053084;0.053084;0.053083;0.053083;0.053083;0.053083;0.053083;0.053083;0.053083;0.053083;0.053083;0.053083;0.053083;0.053083;0.053083;0.053083;0.053083;0.053083;0.053083;0.053083;0.053083;0.053082;0.053082;0.053082;0.053082;0.053082;0.053082;0.053082;0.053082;0.053044;0.053044;0.053044;0.053042;0.053042;0.053042;0.053042;0.053042;0.053042;0.053042;0.053042;0.053042;0.053042;0.053042;0.053042;0.053042;0.053011;0.052929;0.052929;0.052929;0.052928;0.052926;0.052926;0.052926;0.052926;0.052926;0.052926;0.052926;0.052926;0.052926;0.052926;0.052926;0.052926;0.052926;0.052926;0.052926;0.052926;0.052926;0.052926;0.052926;0.052926;0.052926;0.052926;0.052926;0.052926;0.052926;0.052926;0.052926;0.052926;0.052926;0.052926;0.052926;0.052926;0.052926;0.052926;0.052926;0.052926;0.052926;0.052926;0.052923;0.052923;0.052920;0.052920;0.052920;0.052920;0.052920;0.052920;0.052920;0.052920,16.49,95.45,39,1.13989,86.7701,5.81,0.0,0,12.9591,2.1595,73.751,0.0,True,27.0,8910,4.7485,2.74
google,1500,10,linear,False,False,0.0,0.4,0.3,0.3,0,0,HHO,random,2,0.3333333333333333,CONV,0.055235;0.054597;0.054261;0.054183;0.053822;0.053822;0.053822;0.053822;0.053822;0.053822;0.053822;0.053822;0.053822;0.053822;0.053821;0.053821;0.053821;0.053821;0.053821;0.053820;0.053820;0.053820;0.053820;0.053820;0.053820;0.053820;0.053820;0.053820;0.053820;0.053802;0.053802;0.053802;0.053802;0.053802;0.053802;0.053802;0.053802;0.053802;0.053671;0.053671;0.053671;0.053671;0.053521;0.053521;0.053521;0.053521;0.053521;0.053399;0.053399;0.053399;0.053399;0.053392;0.053306;0.053306;0.053306;0.053306;0.053301;0.053285;0.053166;0.053166;0.053110;0.052959;0.052959;0.052959;0.052959;0.052959;0.052813;0.052791;0.052789;0.052572;0.052569;0.052569;0.052569;0.052569;0.052569;0.052569;0.052569;0.052569;0.052569;0.052569;0.052569;0.052569;0.052569;0.052569;0.052569;0.052569;0.052569;0.052568;0.052568;0.052568;0.052568;0.052568;0.052568;0.052568;0.052568;0.052568;0.052568;0.052568;0.052568;0.052568;0.052568;0.052568;0.052568;0.052568;0.052568;0.052568;0.052568;0.052568;0.052568;0.052568;0.052568;0.052568;0.052568;0.052568;0.052568;0.052568;0.052568;0.052568;0.052568;0.052568,16.49,95.45,39,1.132305,86.8581,6.4367,0.0,0,12.9091,2.1452,74.992,0.0,True,27.0,8780,4.6903,2.88
google,1500,10,linear,False,False,0.0,0.4,0.3,0.3,0,0,HHO,random,3,0.3333333333333333,CONV,0.056559;0.054457;0.054139;0.054015;0.053934;0.053934;0.053698;0.053698;0.053698;0.053205;0.053126;0.053126;0.053126;0.053126;0.053126;0.053126;0.053126;0.053126;0.053126;0.053126;0.053126;0.053126;0.053126;0.053126;0.053126;0.053126;0.053126;0.053126;0.053126;0.053126;0.053126;0.053126;0.053073;0.053073;0.052970;0.052838;0.052838;0.052819;0.052712;0.052712;0.052712;0.052712;0.052712;0.052712;0.052712;0.052712;0.052712;0.052712;0.052712;0.052712;0.052712;0.052712;0.052712;0.052712;0.052712;0.052712;0.052712;0.052712;0.052712;0.052712;0.052712;0.052712;0.052712;0.052712;0.052712;0.052712;0.052712;0.052712;0.052712;0.052712;0.052712;0.052712;0.052712;0.052712;0.052712;0.052712;0.052712;0.052712;0.052712;0.052712;0.052712;0.052712;0.052712;0.052712;0.052712;0.052712;0.052712;0.052712;0.052712;0.052712;0.052712;0.052712;0.052712;0.052712;0.052712;0.052712;0.052712;0.052712;0.052712;0.052712;0.052712;0.052712;0.052712;0.052712;0.052712;0.052712;0.052712;0.052712;0.052712;0.052712;0.052712;0.052712;0.052712;0.052712;0.052712;0.052712;0.052712;0.052712;0.052712;0.052712,16.49,95.45,39,1.135418,86.822,6.1795,0.0,0,12.9591,2.1374,77.844,0.0,True,26.0,8894,4.8071,2.47
google,1500,10,linear,False,False,0.0,0.4,0.3,0.3,0,0,HHO,random,4,0.3333333333333333,CONV,0.057366;0.055660;0.054790;0.054507;0.054507;0.054308;0.054308;0.053850;0.053850;0.053850;0.053850;0.053850;0.053849;0.053847;0.053847;0.053847;0.053847;0.053847;0.053847;0.053847;0.053847;0.053847;0.053835;0.053835;0.053706;0.053706;0.053705;0.053705;0.053705;0.053705;0.053705;0.053705;0.053705;0.053705;0.053705;0.053705;0.053705;0.053705;0.053705;0.053705;0.053705;0.053705;0.053705;0.053705;0.053705;0.053705;0.053705;0.053705;0.053705;0.053705;0.053705;0.053705;0.053705;0.053705;0.053705;0.053705;0.053705;0.053705;0.053705;0.053705;0.053705;0.053705;0.053705;0.053705;0.053705;0.053705;0.053705;0.053705;0.053705;0.053705;0.053705;0.053705;0.053705;0.053705;0.053705;0.053705;0.053705;0.053705;0.053705;0.053705;0.053705;0.053705;0.053705;0.053705;0.053705;0.053705;0.053705;0.053705;0.053705;0.053705;0.053705;0.053705;0.053705;0.053705;0.053705;0.053705;0.053705;0.053705;0.053705;0.053705;0.053705;0.053705;0.053705;0.053705;0.053705;0.053705;0.053705;0.053705;0.053705;0.053705;0.053705;0.053705;0.053705;0.053705;0.053705;0.053705;0.053705;0.053705;0.053705;0.053705,16.49,95.45,39,1.156808,86.5737,4.4121,0.0,0,12.9091,2.1206,72.939,0.0,True,25.0,9094,4.935,2.43
google,1500,10,linear,False,False,0.0,0.4,0.3,0.3,0,0,WOA,carbon,9,0.3333333333333333,CONV,0.060814;0.055693;0.055118;0.054899;0.054899;0.054899;0.054540;0.054317;0.054316;0.054313;0.054308;0.054308;0.054308;0.054308;0.054307;0.054307;0.054307;0.054307;0.054307;0.054307;0.054307;0.054307;0.054307;0.054307;0.054307;0.054307;0.054307;0.054307;0.054307;0.054307;0.054307;0.054307;0.054307;0.054307;0.054307;0.054307;0.054307;0.054307;0.054307;0.054307;0.054307;0.054307;0.054307;0.054307;0.054307;0.054307;0.054307;0.054307;0.054307;0.054307;0.054307;0.054306;0.054306;0.054306;0.054306;0.054306;0.054306;0.054306;0.054306;0.054306;0.054306;0.054306;0.054306;0.054306;0.054306;0.054306;0.054306;0.054306;0.054306;0.054306;0.054306;0.054306;0.054306;0.054306;0.054306;0.054306;0.054306;0.054306;0.054306;0.054306;0.054306;0.054306;0.054306;0.054306;0.054306;0.054306;0.054306;0.054306;0.054306;0.054306;0.054306;0.054306;0.054306;0.054306;0.054306;0.054306;0.054306;0.054306;0.054306;0.054306;0.054306;0.054306;0.054306;0.054306;0.054306;0.054306;0.054306;0.054306;0.054306;0.054306;0.054306;0.054306;0.054306;0.054306;0.054306;0.054306;0.054306;0.054306;0.054306;0.054306,16.49,95.45,39,1.165433,86.4736,3.6993,0.0667,1,13.0591,2.1335,68.241,0.0,True,24.5,4840,3.1617,2.66
google,1500,10,linear,False,False,0.0,0.4,0.3,0.3,0,0,WOA,carbon,10,0.3333333333333333,CONV,0.058961;0.053381;0.053058;0.052643;0.052643;0.052643;0.052636;0.052556;0.052553;0.052318;0.052269;0.052269;0.052085;0.052085;0.052071;0.052071;0.052071;0.052070;0.052070;0.052069;0.052069;0.052069;0.052069;0.052069;0.052069;0.052069;0.052069;0.052069;0.052069;0.052069;0.052069;0.052069;0.052069;0.052069;0.052069;0.052069;0.052069;0.052069;0.052069;0.052069;0.052069;0.052069;0.052069;0.052069;0.052069;0.052069;0.052069;0.052069;0.052069;0.052069;0.052069;0.052069;0.052069;0.052069;0.052069;0.052069;0.052069;0.052069;0.052069;0.052069;0.052069;0.052069;0.052069;0.052069;0.052069;0.052069;0.052069;0.052069;0.052069;0.052069;0.052069;0.052069;0.052069;0.052069;0.052069;0.052069;0.052069;0.052069;0.052069;0.052069;0.052069;0.052069;0.052069;0.052069;0.052069;0.052069;0.052069;0.052069;0.052069;0.052069;0.052069;0.052069;0.052069;0.052069;0.052069;0.052069;0.052069;0.052069;0.052069;0.052069;0.052069;0.052069;0.052069;0.052069;0.052069;0.052069;0.052069;0.052069;0.052069;0.052069;0.052069;0.052069;0.052069;0.052069;0.052069;0.052069;0.052069;0.052069;0.052069;0.052069,16.49,95.45,39,1.121565,86.9828,7.3242,0.0,0,13.1591,2.1359,66.364,0.0,True,26.0,4840,3.2312,2.44
google,1500,20,linear,False,False,0.0,0.4,0.3,0.3,0,0,WOA,random,1,0.3333333333333333,CONV,0.059512;0.056389;0.055902;0.055617;0.055478;0.055379;0.055251;0.055250;0.055245;0.055245;0.055245;0.055245;0.055245;0.055243;0.055243;0.055242;0.055242;0.055242;0.055242;0.055242;0.055242;0.055242;0.055242;0.055242;0.055242;0.055242;0.055242;0.055242;0.055242;0.055242;0.055242;0.055242;0.055242;0.055242;0.055242;0.055242;0.055242;0.055242;0.055242;0.055242;0.055242;0.055242;0.055242;0.055242;0.055242;0.055242;0.055242;0.055242;0.055242;0.055242;0.055242;0.055242;0.055242;0.055242;0.055242;0.055242;0.055242;0.055242;0.055242;0.055242;0.055242;0.055242;0.055242;0.055242;0.055242;0.055242;0.055242;0.055242;0.055242;0.055242;0.055242;0.055242;0.055242;0.055242;0.055242;0.055242;0.055242;0.055242;0.055242;0.055242;0.055242;0.055242;0.055242;0.055242;0.055242;0.055242;0.055242;0.055242;0.055242;0.055242;0.055242;0.055242;0.055242;0.055242;0.055242;0.055242;0.055242;0.055242;0.055242;0.055242;0.055242;0.055242;0.055242;0.055242;0.055242;0.055242;0.055242;0.055242;0.055242;0.055242;0.055242;0.055242;0.055242;0.055242;0.055242;0.055242;0.055242;0.055242;0.055242;0.055242,16.49,95.45,39,1.189916,86.1895,1.6763,0.0,0,13.1591,2.1553,61.776,0.0,True,25.5,4840,3.15,2.51
google,1500,20,linear,False,False,0.0,0.4,0.3,0.3,0,0,WOA,random,2,0.3333333333333333,CONV,0.060673;0.056892;0.055767;0.055001;0.054989;0.054783;0.054692;0.054692;0.054689;0.054687;0.054687;0.054686;0.054686;0.054686;0.054686;0.054686;0.054595;0.054547;0.054547;0.054547;0.054547;0.054547;0.054546;0.054546;0.054546;0.054546;0.054546;0.054546;0.054546;0.054546;0.054403;0.054403;0.054403;0.054403;0.054403;0.054403;0.054403;0.054403;0.054403;0.054403;0.054403;0.054403;0.054403;0.054403;0.054403;0.054403;0.054403;0.054403;0.054403;0.054403;0.054403;0.054403;0.054403;0.054403;0.054403;0.054403;0.054403;0.054403;0.054403;0.054403;0.054403;0.054403;0.054403;0.054403;0.054403;0.054403;0.054403;0.054403;0.054403;0.054403;0.054403;0.054403;0.054403;0.054403;0.054403;0.054403;0.054403;0.054403;0.054403;0.054403;0.054403;0.054403;0.054403;0.054403;0.054403;0.054403;0.054403;0.054403;0.054403;0.054403;0.054403;0.054403;0.054403;0.054403;0.054403;0.054403;0.054403;0.054403;0.054403;0.054403;0.054403;0.054403;0.054403;0.054403;0.054403;0.054403;0.054403;0.054403;0.054403;0.054403;0.054403;0.054403;0.054403;0.054403;0.054403;0.054403;0.054403;0.054403;0.054403;0.054403,16.49,95.45,39,1.171851,86.3991,3.169,0.0,0,13.0091,2.1373,67.328,0.0,True,24.5,4840,3.1435,2.58
google,1500,20,linear,False,False,0.0,0.4,0.3,0.3,0,0,WOA,random,3,0.3333333333333333,CONV,0.060152;0.055813;0.054899;0.054147;0.054143;0.053996;0.053986;0.053943;0.053943;0.053805;0.053805;0.053805;0.053805;0.053805;0.053804;0.053804;0.053804;0.053804;0.053804;0.053804;0.053804;0.053804;0.053804;0.053804;0.053804;0.053804;0.053804;0.053804;0.053804;0.053804;0.053804;0.053804;0.053804;0.053804;0.053804;0.053804;0.053804;0.053804;0.053804;0.053804;0.053804;0.053804;0.053804;0.053804;0.053804;0.053804;0.053804;0.053804;0.053804;0.053804;0.053804;0.053804;0.053804;0.053804;0.053804;0.053804;0.053804;0.053804;0.053804;0.053804;0.053804;0.053804;0.053804;0.053804;0.053804;0.053804;0.053804;0.053804;0.053804;0.053804;0.053804;0.053804;0.053804;0.053804;0.053804;0.053804;0.053804;0.053804;0.053804;0.053804;0.053804;0.053804;0.053804;0.053804;0.053804;0.053804;0.053804;0.053804;0.053804;0.053804;0.053804;0.053804;0.053804;0.053804;0.053804;0.053804;0.053804;0.053804;0.053804;0.053804;0.053804;0.053804;0.053804;0.053804;0.053804;0.053804;0.053804;0.053804;0.053804;0.053804;0.053804;0.053804;0.053804;0.053804;0.053804;0.053804;0.053804;0.053804;0.053804;0.053804,16.49,95.45,39,1.158935,86.549,4.2363,0.0,0,13.1091,2.1593,75.434,0.0,True,26.0,4840,3.126,2.51
google,1500,20,linear,False,False,0.0,0.4,0.3,0.3,0,0,WOA,random,4,0.3333333333333333,CONV,0.060036;0.056151;0.055584;0.054962;0.054962;0.054114;0.053264;0.053264;0.053260;0.053233;0.053027;0.053027;0.053024;0.053024;0.053024;0.053024;0.053020;0.053018;0.053015;0.053015;0.053015;0.053015;0.053015;0.053015;0.053015;0.053015;0.053015;0.053015;0.053015;0.053015;0.053015;0.053015;0.053015;0.053015;0.053015;0.053015;0.053015;0.053015;0.053015;0.053015;0.053015;0.053015;0.053015;0.053015;0.053015;0.053015;0.053015;0.053015;0.053015;0.053015;0.053015;0.053015;0.053015;0.053015;0.053015;0.053015;0.053015;0.053015;0.053015;0.053015;0.053015;0.053015;0.053015;0.053015;0.053015;0.053015;0.053015;0.053015;0.053015;0.053015;0.053015;0.053015;0.053015;0.053015;0.053015;0.053015;0.053015;0.053015;0.053015;0.053015;0.053015;0.053015;0.053015;0.053015;0.053015;0.053015;0.053015;0.053015;0.053015;0.053015;0.053015;0.053015;0.053015;0.053015;0.053015;0.053015;0.053015;0.053015;0.053015;0.053015;0.053015;0.053015;0.053015;0.053015;0.053015;0.053015;0.053015;0.053015;0.053015;0.053015;0.053015;0.053015;0.053015;0.053015;0.053015;0.053015;0.053015;0.053015;0.053015;0.053015,16.49,95.45,39,1.141941,86.7463,5.6405,0.0,0,12.8591,2.1235,76.402,0.0,True,25.0,4840,3.1521,2.64
google,1500,20,linear,False,False,0.0,0.4,0.3,0.3,0,0,WOA,random,5,0.3333333333333333,CONV,0.060934;0.056342;0.055302;0.054511;0.054334;0.054334;0.054334;0.054334;0.054334;0.054334;0.054334;0.054334;0.054334;0.054333;0.054333;0.054333;0.054333;0.054333;0.054332;0.054332;0.054332;0.054332;0.054332;0.054332;0.054332;0.054332;0.054332;0.054332;0.054331;0.054331;0.054331;0.054331;0.054331;0.054331;0.054331;0.054331;0.054331;0.054331;0.054331;0.054331;0.054331;0.054331;0.054331;0.054331;0.054331;0.054331;0.054331;0.054331;0.054331;0.054331;0.054331;0.054331;0.054331;0.054331;0.054331;0.054331;0.054331;0.054331;0.054331;0.054331;0.054331;0.054331;0.054331;0.054331;0.054331;0.054331;0.054331;0.054331;0.054331;0.054331;0.054331;0.054331;0.054331;0.054331;0.054331;0.054331;0.054331;0.054331;0.054331;0.054331;0.054331;0.054331;0.054331;0.054331;0.054331;0.054331;0.054331;0.054331;0.054331;0.054331;0.054331;0.054331;0.054331;0.054331;0.054331;0.054331;0.054331;0.054331;0.054331;0.054331;0.054331;0.054331;0.054331;0.054331;0.054331;0.054331;0.054331;0.054331;0.054331;0.054331;0.054331;0.054331;0.054331;0.054331;0.054331;0.054331;0.054331;0.054331;0.054331;0.054331,16.49,95.45,39,1.170294,86.4172,3.2976,0.0,0,13.0091,2.1525,71.717,0.0,True,25.5,4840,3.3081,2.57
google,1500,20,linear,False,False,0.0,0.4,0.3,0.3,0,0,WOA,random,6,0.3333333333333333,CONV,0.058328;0.056007;0.055601;0.055155;0.055150;0.055125;0.054879;0.054870;0.054733;0.054729;0.054729;0.054729;0.054729;0.054729;0.054729;0.054728;0.054726;0.054726;0.054726;0.054726;0.054726;0.054726;0.054726;0.054726;0.054726;0.054726;0.054726;0.054726;0.054726;0.054726;0.054726;0.054726;0.054726;0.054726;0.054726;0.054726;0.054726;0.054726;0.054726;0.054726;0.054726;0.054726;0.054726;0.054726;0.054726;0.054726;0.054726;0.054726;0.054726;0.054726;0.054726;0.054726;0.054726;0.054726;0.054726;0.054726;0.054726;0.054726;0.054726;0.054726;0.054726;0.054726;0.054726;0.054726;0.054726;0.054726;0.054726;0.054726;0.054726;0.054726;0.054726;0.054726;0.054726;0.054726;0.054726;0.054726;0.054726;0.054726;0.054726;0.054726;0.054726;0.054726;0.054726;0.054726;0.054726;0.054726;0.054726;0.054726;0.054726;0.054726;0.054726;0.054726;0.054726;0.054726;0.054726;0.054726;0.054726;0.054726;0.054726;0.054726;0.054726;0.054726;0.054726;0.054726;0.054726;0.054726;0.054726;0.054726;0.054726;0.054726;0.054726;0.054726;0.054726;0.054726;0.054726;0.054726;0.054726;0.054726;0.054726;0.054726,16.49,95.45,39,1.17879,86.3186,2.5956,0.0,0,13.0591,2.1397,70.428,0.0,True,25.5,4840,3.1432,2.49
google,1500,20,linear,False,False,0.0,0.4,0.3,0.3,0,0,PSO,random,3,0.3333333333333333,CONV,0.244686;0.244686;0.242397;0.242397;0.242397;0.242397;0.241995;0.241995;0.241995;0.241995;0.241549;0.241549;0.240074;0.240074;0.240074;0.240074;0.240074;0.240057;0.240057;0.240057;0.240057;0.236743;0.236743;0.236743;0.236066;0.236066;0.236066;0.236066;0.236066;0.236066;0.236066;0.236066;0.236065;0.236065;0.236065;0.236065;0.236065;0.236065;0.235031;0.235031;0.235031;0.235031;0.235031;0.235031;0.235031;0.235031;0.235031;0.235031;0.235031;0.235031;0.235031;0.235031;0.235031;0.235031;0.235031;0.235031;0.235031;0.235031;0.235031;0.234863;0.234863;0.234863;0.234863;0.234481;0.234283;0.234283;0.234167;0.232857;0.231894;0.229903;0.229903;0.229903;0.229903;0.229903;0.229628;0.229628;0.229612;0.229612;0.229612;0.229612;0.229612;0.229612;0.229612;0.229234;0.229234;0.228995;0.228585;0.228585;0.228585;0.228585;0.228585;0.228585;0.228585;0.228585;0.228585;0.228585;0.228585;0.228585;0.228585;0.228585;0.228585;0.228585;0.228585;0.228585;0.228585;0.228585;0.228585;0.228585;0.228585;0.228585;0.228134;0.228134;0.228093;0.228093;0.227981;0.227981;0.227981;0.227981;0.227981;0.227981,16.49,95.45,39,1.218763,85.8547,-0.7074,57.1333,857,13.5591,2.3046,69.01,0.0,True,34.0,4840,3.2657,4.7
google,1500,20,linear,False,False,0.0,0.4,0.3,0.3,0,0,PSO,random,4,0.3333333333333333,CONV,0.243528;0.243528;0.243528;0.243528;0.243528;0.243528;0.243163;0.243014;0.243014;0.243014;0.243014;0.243014;0.243014;0.243014;0.243014;0.243014;0.243014;0.243014;0.243014;0.243014;0.243014;0.243014;0.243014;0.243014;0.243014;0.243014;0.243014;0.243014;0.243014;0.243014;0.241968;0.241968;0.241968;0.241968;0.241968;0.241968;0.241968;0.241967;0.241966;0.241966;0.241966;0.241966;0.241966;0.241966;0.241966;0.241966;0.241966;0.241966;0.241966;0.241966;0.241966;0.241809;0.241508;0.241508;0.241508;0.241508;0.240911;0.240911;0.240463;0.240463;0.240463;0.240397;0.240397;0.240397;0.240397;0.240397;0.240397;0.240397;0.240397;0.240397;0.240397;0.240397;0.240397;0.240397;0.240397;0.240397;0.240397;0.240397;0.240397;0.240397;0.240397;0.240397;0.240397;0.240397;0.240397;0.240397;0.240397;0.240397;0.239866;0.239684;0.239684;0.239673;0.239673;0.239673;0.239673;0.239673;0.239390;0.239390;0.239390;0.239390;0.239257;0.239257;0.239257;0.239257;0.239257;0.239257;0.238897;0.238897;0.238897;0.238151;0.237040;0.237040;0.237040;0.237040;0.236161;0.236161;0.236161;0.236161;0.236161;0.236161,16.49,95.45,39,1.226937,85.7598,-1.3828,59.7333,896,13.6091,2.3292,68.536,0.0,True,33.5,4840,3.2552,4.69
google,1500,20,linear,False,False,0.0,0.4,0.3,0.3,0,0,PSO,random,5,0.3333333333333333,CONV,0.245445;0.244089;0.244089;0.243577;0.242873;0.242588;0.242588;0.242588;0.242588;0.242588;0.239713;0.239713;0.239713;0.239713;0.239713;0.239713;0.239713;0.239713;0.239713;0.239713;0.239713;0.239713;0.239713;0.239713;0.239713;0.239713;0.239713;0.239713;0.239713;0.239098;0.238340;0.238340;0.238340;0.238340;0.238340;0.238340;0.238340;0.238340;0.238339;0.238339;0.238339;0.238339;0.238339;0.238339;0.238339;0.238339;0.238339;0.238339;0.238339;0.238339;0.238339;0.238339;0.238339;0.238339;0.238339;0.238339;0.238339;0.238339;0.238339;0.238339;0.238339;0.238339;0.238339;0.238339;0.238339;0.238339;0.238339;0.238339;0.238339;0.238339;0.238339;0.238339;0.238339;0.238339;0.238339;0.238339;0.238071;0.238071;0.238071;0.238071;0.237823;0.236886;0.236886;0.236886;0.236886;0.235022;0.235022;0.235022;0.235022;0.235022;0.235022;0.235022;0.235022;0.235022;0.234841;0.234841;0.234841;0.234841;0.234841;0.234841;0.234841;0.234841;0.234841;0.234841;0.234841;0.234841;0.234841;0.234841;0.234841;0.234841;0.234841;0.234841;0.234841;0.234841;0.234841;0.234841;0.234841;0.234841;0.234841;0.234841,16.49,95.45,39,1.232963,85.6899,-1.8807,59.2,888,13.5091,2.3078,69.287,0.0,True,34.5,4840,3.2439,4.43
google,1500,20,linear,False,False,0.0,0.4,0.3,0.3,0,0,PSO,random,6,0.3333333333333333,CONV,0.244011;0.243906;0.243606;0.243606;0.243606;0.243535;0.241087;0.241087;0.240659;0.240659;0.239814;0.239814;0.239814;0.239814;0.238429;0.238429;0.238429;0.238429;0.238429;0.238429;0.238272;0.238272;0.237671;0.237671;0.237671;0.237671;0.237671;0.237671;0.237671;0.237558;0.237558;0.237558;0.237558;0.237558;0.237558;0.237558;0.237558;0.237558;0.237558;0.237558;0.237558;0.237558;0.237558;0.237558;0.237558;0.237558;0.237558;0.237558;0.237558;0.237558;0.237558;0.237558;0.237558;0.237558;0.237558;0.237558;0.237558;0.237558;0.237558;0.237558;0.237558;0.237558;0.237558;0.237558;0.237558;0.237558;0.237558;0.237558;0.237558;0.237558;0.237558;0.237558;0.237558;0.237558;0.237558;0.237558;0.237558;0.237558;0.237558;0.237558;0.237558;0.237558;0.237558;0.237558;0.237558;0.237558;0.237558;0.237558;0.237558;0.237558;0.237558;0.237558;0.237558;0.237558;0.237558;0.237558;0.237558;0.237533;0.237533;0.237533;0.237533;0.237287;0.237287;0.237287;0.237287;0.237287;0.237287;0.237287;0.237287;0.237287;0.237287;0.237287;0.237287;0.237287;0.237287;0.237287;0.237287;0.237287;0.237287;0.237130,16.49,95.45,39,1.243496,85.5676,-2.7511,59.8,897,13.6091,2.347,69.731,0.0,True,33.0,4840,3.2466,4.31
google,1500,20,linear,False,False,0.0,0.4,0.3,0.3,0,0,PSO,random,7,0.3333333333333333,CONV,0.241123;0.240220;0.239145;0.239145;0.239145;0.239145;0.239145;0.239145;0.239145;0.239145;0.236403;0.236403;0.236403;0.236403;0.236403;0.236013;0.236013;0.236013;0.236013;0.236013;0.236013;0.236013;0.236013;0.236013;0.235623;0.235623;0.235623;0.235623;0.235623;0.235623;0.235496;0.235421;0.235421;0.234794;0.234794;0.234794;0.234794;0.234331;0.234331;0.234331;0.234331;0.234331;0.234331;0.234320;0.234186;0.234184;0.234184;0.234184;0.234184;0.234184;0.234184;0.234184;0.234184;0.233992;0.233992;0.233992;0.233992;0.233521;0.233521;0.233521;0.233521;0.233521;0.233521;0.233521;0.233521;0.233521;0.233521;0.232827;0.232827;0.232827;0.232827;0.232827;0.232624;0.232624;0.232624;0.232624;0.232624;0.232624;0.232624;0.232624;0.232624;0.232624;0.232624;0.232624;0.232624;0.232624;0.232624;0.232624;0.232624;0.232624;0.232624;0.232624;0.232624;0.232452;0.232180;0.232180;0.232180;0.231824;0.231700;0.231700;0.231700;0.231700;0.231700;0.231700;0.231700;0.231700;0.231700;0.231700;0.231700;0.231700;0.231700;0.231700;0.231700;0.231700;0.231700;0.231700;0.230562;0.230562;0.230562;0.230562,16.49,95.45,39,1.218345,85.8595,-0.6728,58.0,870,13.4591,2.2874,71.312,0.0,True,32.5,4840,3.4068,4.71
google,1500,20,linear,False,False,0.0,0.4,0.3,0.3,0,0,PSO,random,8,0.3333333333333333,CONV,0.243743;0.241875;0.241875;0.241875;0.241875;0.240783;0.240783;0.240783;0.240783;0.240783;0.240783;0.240783;0.240783;0.240783;0.240783;0.240783;0.240783;0.240783;0.240783;0.240783;0.240783;0.240783;0.240783;0.240783;0.240783;0.240783;0.240783;0.240334;0.240334;0.240334;0.240334;0.240334;0.240334;0.240334;0.239560;0.239560;0.238231;0.238231;0.238231;0.238231;0.238231;0.238231;0.238231;0.238231;0.238092;0.238092;0.238092;0.238092;0.238092;0.238092;0.238092;0.238092;0.238092;0.238092;0.238092;0.238092;0.238092;0.238092;0.238092;0.238092;0.238092;0.238092;0.238092;0.238092;0.238092;0.238092;0.238092;0.238092;0.238092;0.238092;0.238092;0.238081;0.238081;0.238081;0.238081;0.237894;0.237894;0.237894;0.237894;0.237894;0.237861;0.237861;0.237861;0.237861;0.237861;0.237861;0.237280;0.236086;0.236086;0.236051;0.236051;0.235926;0.235926;0.235926;0.235926;0.235926;0.235926;0.235926;0.235926;0.235553;0.235553;0.235553;0.235553;0.235553;0.235553;0.235553;0.235550;0.235550;0.235550;0.235550;0.235550;0.235550;0.235550;0.235550;0.235550;0.235550;0.235550;0.235550;0.235550;0.235550,16.49,95.45,39,1.248236,85.5126,-3.1428,59.2,888,13.6591,2.3287,68.08,0.0,True,33.0,4840,3.2503,4.44
google,1500,20,linear,False,False,0.0,0.4,0.3,0.3,0,0,PSO,random,9,0.3333333333333333,CONV,0.244886;0.241416;0.241416;0.241416;0.241416;0.239588;0.239298;0.239298;0.239298;0.239143;0.239143;0.238712;0.238712;0.238712;0.238712;0.238712;0.238712;0.238712;0.238712;0.237879;0.237879;0.237879;0.237879;0.237647;0.237647;0.237647;0.237647;0.237647;0.237647;0.237647;0.237647;0.237647;0.237647;0.237647;0.237647;0.237647;0.237647;0.237647;0.237647;0.237647;0.237647;0.237179;0.237179;0.237179;0.232724;0.232724;0.232724;0.232724;0.232724;0.232724;0.232724;0.232724;0.232724;0.232724;0.232724;0.232724;0.232724;0.232724;0.232724;0.232724;0.232724;0.232724;0.232029;0.232029;0.232029;0.231511;0.231511;0.231343;0.231203;0.231203;0.231203;0.231200;0.231200;0.230656;0.230656;0.230085;0.230085;0.230085;0.230085;0.230083;0.230083;0.230083;0.230083;0.230083;0.230083;0.229931;0.229787;0.229787;0.229787;0.229787;0.229787;0.229787;0.229783;0.229783;0.229783;0.229783;0.229783;0.229783;0.229066;0.229066;0.229066;0.229056;0.229056;0.229056;0.229056;0.229052;0.229050;0.229050;0.229050;0.229050;0.228960;0.228765;0.228765;0.228765;0.228765;0.228765;0.228545;0.228545;0.228545;0.228545,16.49,95.45,39,1.222292,85.8137,-0.999,57.2667,859,13.4091,2.3402,72.103,0.0,True,34.0,4840,407.9984,4.89
google,1500,20,linear,False,False,0.0,0.4,0.3,0.3,0,0,PSO,random,10,0.3333333333333333,CONV,0.241991;0.241991;0.241991;0.241991;0.241707;0.241707;0.241707;0.241707;0.241707;0.241707;0.241707;0.241707;0.241707;0.241707;0.241707;0.241707;0.241707;0.241707;0.241707;0.241707;0.241707;0.241707;0.241707;0.241707;0.241707;0.241707;0.241707;0.241707;0.241707;0.241707;0.241707;0.241707;0.241707;0.241707;0.241707;0.241707;0.241357;0.241357;0.241357;0.241281;0.241281;0.241281;0.241281;0.241281;0.241281;0.238152;0.238152;0.238152;0.238152;0.238152;0.238152;0.238152;0.238152;0.238152;0.238152;0.238152;0.238152;0.238152;0.238152;0.238152;0.238152;0.238152;0.238152;0.238152;0.238152;0.238152;0.238152;0.238152;0.237581;0.237581;0.237581;0.237581;0.237317;0.236944;0.236944;0.236944;0.236944;0.236327;0.236327;0.235140;0.235140;0.235140;0.235140;0.235140;0.235134;0.235134;0.235134;0.235134;0.235134;0.235134;0.234378;0.234378;0.234378;0.233982;0.233982;0.233982;0.233982;0.233981;0.233981;0.233981;0.233826;0.233775;0.233775;0.233775;0.233566;0.233566;0.233566;0.233566;0.233566;0.233566;0.233013;0.233013;0.232606;0.232606;0.232505;0.232505;0.232505;0.232505;0.232505;0.232505,16.49,95.45,39,1.264499,85.3238,-4.4866,57.9333,869,13.7091,2.362,66.607,0.0,True,34.5,4840,2.886,4.61
google,1500,20,linear,False,False,0.0,0.4,0.3,0.3,0,0,WOA,random,7,0.3333333333333333,CONV,0.062295;0.056823;0.055793;0.055084;0.054876;0.054271;0.054268;0.054268;0.054267;0.054033;0.054033;0.054032;0.054032;0.054032;0.054032;0.054032;0.054032;0.054032;0.054031;0.054031;0.054031;0.054031;0.054031;0.054031;0.054031;0.054031;0.054031;0.054031;0.054031;0.054031;0.054031;0.054031;0.054031;0.054031;0.054031;0.054031;0.054031;0.054031;0.054031;0.054031;0.054031;0.054031;0.054031;0.054031;0.054031;0.054031;0.054031;0.054031;0.054031;0.054031;0.054031;0.054031;0.054031;0.054031;0.054031;0.054031;0.054031;0.054031;0.054031;0.054031;0.054031;0.054031;0.054031;0.054031;0.054031;0.054031;0.054031;0.054031;0.054031;0.054031;0.054031;0.054031;0.054031;0.054031;0.054031;0.054031;0.054031;0.054031;0.054031;0.054031;0.054031;0.054031;0.054031;0.054031;0.054031;0.054031;0.054031;0.054031;0.054031;0.054031;0.054031;0.054031;0.054031;0.054031;0.054031;0.054031;0.054031;0.054031;0.054031;0.054031;0.054031;0.054031;0.054031;0.054031;0.054031;0.054031;0.054031;0.054031;0.054031;0.054031;0.054031;0.054031;0.054031;0.054031;0.054031;0.054031;0.054031;0.054031;0.054031;0.054031,16.49,95.45,39,1.163832,86.4922,3.8316,0.0,0,13.0591,2.1861,73.493,0.0,True,26.0,4840,3.1293,2.56
google,1500,20,linear,False,False,0.0,0.4,0.3,0.3,0,0,WOA,random,8,0.3333333333333333,CONV,0.061367;0.056615;0.055795;0.055341;0.055341;0.055341;0.055143;0.054873;0.054873;0.054872;0.054690;0.054378;0.054378;0.054378;0.054378;0.054342;0.054339;0.054336;0.054336;0.054235;0.054235;0.054235;0.054234;0.054234;0.054234;0.054234;0.054234;0.054233;0.054233;0.054233;0.054233;0.054183;0.054181;0.054181;0.054181;0.054180;0.054180;0.054180;0.054180;0.054180;0.054180;0.054180;0.054180;0.054180;0.054180;0.054180;0.054180;0.054180;0.054180;0.054180;0.054180;0.054180;0.054180;0.054180;0.054180;0.054180;0.054180;0.054180;0.054180;0.054180;0.054180;0.054180;0.054180;0.054180;0.054180;0.054180;0.054180;0.054180;0.054180;0.054180;0.054180;0.054180;0.054180;0.054180;0.054180;0.054180;0.054180;0.054180;0.054180;0.054180;0.054180;0.054180;0.054180;0.054180;0.054180;0.054180;0.054180;0.054180;0.054180;0.054180;0.054180;0.054180;0.054180;0.054180;0.054180;0.054180;0.054180;0.054180;0.054180;0.054180;0.054180;0.054180;0.054180;0.054180;0.054180;0.054180;0.054180;0.054180;0.054180;0.054180;0.054180;0.054180;0.054180;0.054180;0.054180;0.054180;0.054180;0.054180;0.054180;0.054180,16.49,95.45,39,1.167046,86.4549,3.566,0.0,0,13.0091,2.1435,74.743,0.0,True,24.5,4840,3.116,2.6
google,1500,20,linear,False,False,0.0,0.4,0.3,0.3,0,0,WOA,random,9,0.3333333333333333,CONV,0.061306;0.056531;0.055244;0.055244;0.055244;0.055242;0.055120;0.055120;0.055120;0.055117;0.055117;0.055114;0.055114;0.055114;0.055114;0.055114;0.055114;0.055114;0.055114;0.055114;0.055114;0.055114;0.055114;0.055114;0.055114;0.055114;0.055114;0.055114;0.055114;0.055114;0.055114;0.055114;0.055114;0.055114;0.055114;0.055114;0.055114;0.055114;0.055114;0.055114;0.055114;0.055114;0.055114;0.055114;0.055114;0.055114;0.055114;0.055114;0.055114;0.055114;0.055114;0.055114;0.055114;0.055114;0.055114;0.055114;0.055114;0.055114;0.055114;0.055114;0.055114;0.055114;0.055114;0.055114;0.055114;0.055114;0.055114;0.055114;0.055114;0.055114;0.055114;0.055114;0.055114;0.055114;0.055114;0.055114;0.055114;0.055114;0.055114;0.055114;0.055114;0.055114;0.055114;0.055114;0.055114;0.055114;0.055114;0.055114;0.055114;0.055114;0.055114;0.055114;0.055114;0.055114;0.055114;0.055114;0.055114;0.055114;0.055114;0.055114;0.055114;0.055114;0.055114;0.055114;0.055114;0.055114;0.055114;0.055114;0.055114;0.055114;0.055114;0.055114;0.055114;0.055114;0.055114;0.055114;0.055114;0.055114;0.055114;0.055114,16.49,95.45,39,1.187153,86.2215,1.9046,0.0,0,13.1091,2.1352,61.624,0.0,True,25.0,4840,3.1491,2.48
google,1500,20,linear,False,False,0.0,0.4,0.3,0.3,0,0,WOA,random,10,0.3333333333333333,CONV,0.061683;0.055824;0.054812;0.054812;0.054812;0.054669;0.054669;0.054669;0.054669;0.054669;0.054669;0.054669;0.054668;0.054668;0.054668;0.054668;0.054668;0.054668;0.054668;0.054668;0.054668;0.054668;0.054668;0.054668;0.054668;0.054668;0.054668;0.054668;0.054668;0.054668;0.054668;0.054668;0.054668;0.054668;0.054668;0.054668;0.054668;0.054668;0.054668;0.054668;0.054668;0.054668;0.054668;0.054668;0.054570;0.054567;0.054567;0.054565;0.054565;0.054565;0.054560;0.054560;0.054560;0.054560;0.054560;0.054560;0.054560;0.054560;0.054560;0.054560;0.054560;0.054559;0.054559;0.054559;0.054559;0.054559;0.054559;0.054559;0.054559;0.054559;0.054559;0.054558;0.054558;0.054558;0.054558;0.054558;0.054558;0.054558;0.054558;0.054558;0.054558;0.054558;0.054558;0.054558;0.054558;0.054558;0.054558;0.054558;0.054558;0.054558;0.054558;0.054558;0.054558;0.054558;0.054558;0.054558;0.054558;0.054558;0.054558;0.054558;0.054558;0.054558;0.054558;0.054558;0.054558;0.054558;0.054558;0.054558;0.054558;0.054558;0.054558;0.054558;0.054558;0.054558;0.054558;0.054558;0.054558;0.054558;0.054558;0.054558,16.49,95.45,39,1.17087,86.4105,3.2501,0.0667,1,13.0591,2.149,74.908,0.0,True,25.5,4840,3.1328,2.7
google,1500,20,linear,False,False,0.0,0.4,0.3,0.3,0,0,GWO,random,1,0.3333333333333333,CONV,0.241080;0.231994;0.225074;0.216375;0.209174;0.202465;0.195497;0.187110;0.179763;0.174809;0.169263;0.162631;0.160297;0.155623;0.150748;0.145625;0.143588;0.141555;0.137354;0.135188;0.131020;0.125259;0.122909;0.120482;0.118287;0.115355;0.114130;0.112047;0.110400;0.109117;0.106793;0.104113;0.103890;0.101533;0.099587;0.097280;0.096337;0.095708;0.093977;0.090413;0.089762;0.089762;0.089762;0.088577;0.088335;0.087042;0.086492;0.084413;0.082777;0.082478;0.082478;0.081336;0.080883;0.080883;0.080513;0.079890;0.079066;0.079066;0.078416;0.078250;0.076949;0.076527;0.075959;0.073762;0.073762;0.073762;0.073762;0.073429;0.073429;0.073429;0.073429;0.073429;0.073429;0.073429;0.073429;0.073140;0.073140;0.073140;0.072784;0.071514;0.071514;0.071514;0.071514;0.071094;0.070298;0.070298;0.070298;0.070298;0.070298;0.069861;0.069861;0.069861;0.069861;0.069861;0.069861;0.069861;0.069861;0.069781;0.069756;0.069756;0.069756;0.069756;0.069756;0.069756;0.069756;0.069139;0.069139;0.069139;0.069139;0.068591;0.068054;0.068054;0.068054;0.068054;0.068054;0.067833;0.067654;0.067601;0.067429;0.067429,16.49,95.45,39,1.172393,86.3928,3.1242,4.3333,65,13.0591,2.1452,73.876,0.0,True,31.5,4840,3.7691,4.22
google,1500,20,linear,False,False,0.0,0.4,0.3,0.3,0,0,GWO,random,2,0.3333333333333333,CONV,0.240992;0.231095;0.218043;0.211246;0.202753;0.194941;0.187538;0.182247;0.175127;0.169149;0.162263;0.157745;0.153650;0.147788;0.146631;0.142491;0.138169;0.135774;0.132108;0.129103;0.127504;0.124006;0.120344;0.118514;0.114533;0.110881;0.110881;0.109357;0.108022;0.106449;0.104949;0.103025;0.101372;0.098731;0.095646;0.095646;0.095447;0.093710;0.093710;0.092624;0.091835;0.088818;0.087879;0.087304;0.087304;0.085985;0.085553;0.083487;0.082846;0.082794;0.081332;0.081332;0.081332;0.081229;0.080676;0.080676;0.080388;0.080063;0.079814;0.077445;0.077445;0.077445;0.077037;0.076912;0.076912;0.075825;0.075106;0.075037;0.073671;0.073671;0.073623;0.073623;0.073605;0.073336;0.072775;0.072246;0.072246;0.071740;0.070993;0.070993;0.070269;0.070269;0.070147;0.069325;0.069325;0.069325;0.069325;0.069325;0.068977;0.068977;0.068803;0.067934;0.067672;0.067672;0.067672;0.067523;0.067263;0.067020;0.066711;0.066537;0.066537;0.066002;0.065973;0.065877;0.065175;0.065175;0.065175;0.065175;0.065175;0.065175;0.065175;0.065175;0.065175;0.065175;0.065175;0.065175;0.065175;0.065175;0.065175;0.065175,16.49,95.45,39,1.166928,86.4563,3.5758,3.6667,55,13.0591,2.1546,75.056,0.0,True,27.5,4840,3.6584,4.24
google,1500,20,linear,False,False,0.0,0.4,0.3,0.3,0,0,GWO,random,3,0.3333333333333333,CONV,0.237959;0.229601;0.219288;0.213977;0.205990;0.197482;0.191634;0.185014;0.175670;0.171048;0.164798;0.160541;0.156325;0.149503;0.147377;0.140147;0.138686;0.134900;0.131106;0.130310;0.128326;0.125198;0.120433;0.119315;0.117320;0.114529;0.112863;0.108999;0.108761;0.107030;0.104804;0.102241;0.100820;0.099809;0.098085;0.096540;0.096128;0.094168;0.092549;0.090195;0.089736;0.086876;0.085423;0.084527;0.084306;0.082836;0.081817;0.081817;0.081348;0.080982;0.080982;0.079150;0.078584;0.076472;0.076472;0.076379;0.076098;0.075937;0.074938;0.074832;0.074037;0.074037;0.074037;0.073529;0.072213;0.072213;0.071773;0.071612;0.070952;0.070952;0.070499;0.070499;0.070499;0.070499;0.070204;0.070204;0.070032;0.069845;0.069723;0.069723;0.069254;0.069254;0.069254;0.068922;0.068280;0.068280;0.067864;0.067864;0.067664;0.067613;0.067229;0.066969;0.066728;0.066666;0.066666;0.066286;0.065387;0.065329;0.065158;0.065064;0.065064;0.064925;0.064925;0.064925;0.064381;0.064381;0.064381;0.064329;0.064050;0.063794;0.063794;0.063794;0.063783;0.063783;0.063781;0.063648;0.063648;0.063640;0.063638;0.063638,16.49,95.45,39,1.155369,86.5904,4.5309,3.3333,50,13.0591,2.1448,74.846,0.0,True,26.0,4840,408.3786,4.44
google,1500,20,linear,False,False,0.0,0.4,0.3,0.3,0,0,GWO,random,4,0.3333333333333333,CONV,0.240447;0.229569;0.221008;0.210044;0.202205;0.198431;0.191479;0.183988;0.177390;0.169569;0.166043;0.160685;0.158475;0.153694;0.150129;0.145811;0.142320;0.137606;0.134996;0.131658;0.127643;0.121814;0.121268;0.118325;0.115539;0.112551;0.111374;0.110276;0.107607;0.105169;0.102974;0.100246;0.100200;0.097531;0.095097;0.095097;0.094534;0.092430;0.090977;0.090594;0.087795;0.087264;0.086229;0.085143;0.085143;0.084363;0.082305;0.082305;0.082305;0.081649;0.080829;0.080829;0.080829;0.080829;0.080829;0.079656;0.079656;0.079656;0.079263;0.078440;0.078440;0.077655;0.077655;0.077439;0.077439;0.076199;0.076199;0.075115;0.075115;0.075115;0.075025;0.074889;0.074241;0.073739;0.073600;0.073497;0.072677;0.072280;0.071799;0.071799;0.071390;0.070481;0.070481;0.070481;0.070481;0.070481;0.070481;0.070481;0.070481;0.069813;0.069733;0.069321;0.069321;0.069321;0.069021;0.069021;0.068199;0.068199;0.068199;0.067756;0.067756;0.067133;0.067133;0.067105;0.067105;0.066845;0.066845;0.066673;0.066430;0.066332;0.066166;0.066166;0.066166;0.065953;0.065952;0.065946;0.065946;0.065946;0.065937;0.065937,16.49,95.45,39,1.161794,86.5159,4.0001,4.0,60,13.0091,2.137,74.663,0.0,True,27.5,4840,3.2274,4.26
google,1500,10,linear,False,False,0.0,0.4,0.3,0.3,0,0,HHO,random,5,0.3333333333333333,CONV,0.066332;0.059962;0.058057;0.058057;0.057218;0.056607;0.054725;0.054514;0.054066;0.054066;0.054063;0.053947;0.053947;0.053945;0.053945;0.053945;0.053869;0.053869;0.053869;0.053869;0.053868;0.053868;0.053722;0.053368;0.053272;0.053253;0.053252;0.053252;0.053252;0.053251;0.052960;0.052960;0.052960;0.052946;0.052946;0.052944;0.052907;0.052907;0.052790;0.052790;0.052790;0.052790;0.052790;0.052789;0.052789;0.052789;0.052789;0.052789;0.052789;0.052789;0.052789;0.052789;0.052789;0.052789;0.052789;0.052789;0.052789;0.052789;0.052789;0.052789;0.052789;0.052789;0.052789;0.052789;0.052789;0.052789;0.052789;0.052789;0.052789;0.052789;0.052789;0.052789;0.052789;0.052789;0.052789;0.052789;0.052789;0.052788;0.052788;0.052788;0.052788;0.052788;0.052788;0.052788;0.052788;0.052788;0.052788;0.052788;0.052788;0.052781;0.052781;0.052781;0.052781;0.052779;0.052779;0.052779;0.052779;0.052779;0.052779;0.052779;0.052779;0.052779;0.052779;0.052779;0.052779;0.052779;0.052779;0.052779;0.052779;0.052779;0.052779;0.052779;0.052779;0.052779;0.052779;0.052779;0.052779;0.052779;0.052779;0.052675,16.49,95.45,39,1.13461,86.8314,6.2463,0.0,0,13.0091,2.1541,73.142,0.0,True,26.0,8986,4.8418,2.98
google,1500,10,linear,False,False,0.0,0.4,0.3,0.3,0,0,HHO,random,6,0.3333333333333333,CONV,0.064805;0.058752;0.054380;0.054260;0.054260;0.054142;0.053917;0.053917;0.053917;0.053917;0.053917;0.053916;0.053916;0.053916;0.053915;0.053636;0.053636;0.053636;0.053636;0.053636;0.053636;0.053636;0.053636;0.053635;0.053635;0.053635;0.053635;0.053635;0.053635;0.053635;0.053635;0.053635;0.053501;0.053500;0.053500;0.053500;0.053426;0.053059;0.053056;0.053055;0.053055;0.053055;0.053055;0.053055;0.053055;0.053055;0.053054;0.053054;0.053054;0.053054;0.053054;0.053054;0.053054;0.053054;0.053054;0.052716;0.052716;0.052716;0.052716;0.052716;0.052716;0.052716;0.052716;0.052715;0.052715;0.052540;0.052540;0.052540;0.052540;0.052539;0.052539;0.052539;0.052539;0.052539;0.052539;0.052539;0.052539;0.052539;0.052539;0.052539;0.052539;0.052539;0.052539;0.052539;0.052539;0.052539;0.052539;0.052539;0.052539;0.052539;0.052539;0.052539;0.052539;0.052539;0.052539;0.052539;0.052539;0.052539;0.052539;0.052539;0.052539;0.052539;0.052539;0.052539;0.052424;0.052424;0.052424;0.052423;0.052423;0.052423;0.052423;0.052423;0.052423;0.052423;0.052423;0.052423;0.052340;0.052339;0.052339;0.052339,16.49,95.45,39,1.127381,86.9153,6.8436,0.0,0,12.8091,2.1347,77.657,0.0,True,27.0,8968,4.8154,3.03
google,1500,10,linear,False,False,0.0,0.4,0.3,0.3,0,0,HHO,random,7,0.3333333333333333,CONV,0.061175;0.054164;0.054020;0.053552;0.053552;0.053548;0.053548;0.053545;0.053545;0.053545;0.053545;0.053545;0.053545;0.053545;0.053545;0.053545;0.053545;0.053545;0.053545;0.053545;0.053545;0.053545;0.053545;0.053545;0.053545;0.053425;0.053425;0.053425;0.053425;0.053425;0.053425;0.053424;0.053424;0.053424;0.053424;0.053423;0.053423;0.053423;0.053423;0.053423;0.053423;0.053423;0.053422;0.053422;0.053422;0.053422;0.053422;0.053422;0.053336;0.053336;0.053336;0.053336;0.053336;0.053335;0.053306;0.053306;0.053306;0.053306;0.053306;0.053306;0.053306;0.053306;0.053306;0.053305;0.053305;0.053305;0.053305;0.053305;0.052937;0.052937;0.052937;0.052825;0.052825;0.052825;0.052825;0.052825;0.052825;0.052825;0.052825;0.052825;0.052825;0.052825;0.052825;0.052825;0.052825;0.052825;0.052825;0.052825;0.052825;0.052825;0.052825;0.052825;0.052825;0.052825;0.052825;0.052825;0.052825;0.052825;0.052825;0.052825;0.052825;0.052825;0.052825;0.052825;0.052825;0.052825;0.052825;0.052825;0.052825;0.052825;0.052825;0.052825;0.052825;0.052825;0.052703;0.052703;0.052703;0.052703;0.052700;0.052700,16.49,95.45,39,1.135156,86.825,6.2011,0.0,0,12.8591,2.1366,76.146,0.0,True,26.5,8946,4.8775,2.8
google,1500,10,linear,False,False,0.0,0.4,0.3,0.3,0,0,HHO,random,8,0.3333333333333333,CONV,0.064822;0.054702;0.053975;0.053303;0.053303;0.053297;0.053297;0.053297;0.053278;0.053272;0.053265;0.053240;0.053240;0.053109;0.053109;0.053109;0.053109;0.053025;0.053025;0.053025;0.053025;0.053025;0.053025;0.053025;0.053025;0.053025;0.053025;0.053025;0.053025;0.053025;0.053025;0.053025;0.053025;0.053025;0.053025;0.053025;0.053025;0.053025;0.052994;0.052992;0.052992;0.052950;0.052947;0.052941;0.052941;0.052941;0.052941;0.052941;0.052941;0.052941;0.052941;0.052941;0.052941;0.052939;0.052939;0.052939;0.052939;0.052891;0.052891;0.052734;0.052734;0.052730;0.052730;0.052730;0.052730;0.052730;0.052730;0.052729;0.052729;0.052729;0.052729;0.052729;0.052609;0.052609;0.052477;0.052477;0.052477;0.052477;0.052476;0.052476;0.052476;0.052476;0.052476;0.052476;0.052476;0.052476;0.052476;0.052393;0.052292;0.052135;0.052135;0.052135;0.051855;0.051855;0.051855;0.051854;0.051853;0.051850;0.051849;0.051849;0.051847;0.051846;0.051846;0.051846;0.051846;0.051846;0.051846;0.051846;0.051846;0.051846;0.051846;0.051846;0.051846;0.051846;0.051846;0.051846;0.051846;0.051846;0.051846;0.051846,16.49,95.45,39,1.116765,87.0385,7.7208,0.0,0,12.9591,2.1231,73.632,0.0,True,27.5,8872,4.7666,3.04
google,1500,10,linear,False,False,0.0,0.4,0.3,0.3,0,0,HHO,random,9,0.3333333333333333,CONV,0.062380;0.054963;0.054271;0.054271;0.054005;0.054005;0.054005;0.054005;0.054005;0.054005;0.053886;0.053886;0.053886;0.053886;0.053886;0.053886;0.053886;0.053886;0.053886;0.053886;0.053886;0.053884;0.053884;0.053884;0.053884;0.053884;0.053884;0.053884;0.053884;0.053884;0.053884;0.053884;0.053884;0.053884;0.053884;0.053884;0.053884;0.053884;0.053884;0.053884;0.053884;0.053884;0.053884;0.053884;0.053884;0.053884;0.053884;0.053884;0.053884;0.053884;0.053884;0.053884;0.053884;0.053884;0.053884;0.053884;0.053884;0.053884;0.053884;0.053884;0.053884;0.053884;0.053884;0.053884;0.053884;0.053884;0.053884;0.053884;0.053884;0.053884;0.053884;0.053884;0.053884;0.053884;0.053884;0.053884;0.053884;0.053884;0.053884;0.053884;0.053884;0.053884;0.053884;0.053884;0.053884;0.053884;0.053884;0.053884;0.053884;0.053884;0.053884;0.053884;0.053884;0.053782;0.053782;0.053779;0.053779;0.053779;0.053779;0.053779;0.053779;0.053779;0.053779;0.053779;0.053779;0.053779;0.053779;0.053779;0.053779;0.053779;0.053779;0.053779;0.053779;0.053779;0.053779;0.053779;0.053779;0.053779;0.053779;0.053779,16.49,95.45,39,1.158401,86.5552,4.2804,0.0,0,12.9591,2.1362,75.887,0.0,True,28.5,8790,4.73,2.46
google,1500,10,linear,False,False,0.0,0.4,0.3,0.3,0,0,HHO,random,10,0.3333333333333333,CONV,0.058848;0.056821;0.055435;0.055057;0.055057;0.055057;0.054864;0.054864;0.054861;0.054861;0.054861;0.054861;0.054861;0.054860;0.054860;0.054860;0.054860;0.054860;0.054860;0.054677;0.054677;0.054677;0.054677;0.054676;0.054676;0.054676;0.054650;0.054650;0.054644;0.054643;0.054498;0.054470;0.054470;0.054080;0.054080;0.054079;0.053953;0.053950;0.053950;0.053949;0.053949;0.053949;0.053943;0.053805;0.053805;0.053805;0.053805;0.053805;0.053805;0.053805;0.053805;0.053805;0.053745;0.053745;0.053745;0.053745;0.053745;0.053745;0.053745;0.053745;0.053745;0.053745;0.053745;0.053745;0.053745;0.053745;0.053745;0.053745;0.053745;0.053745;0.053745;0.053608;0.053608;0.053607;0.053607;0.053607;0.053607;0.053607;0.053607;0.053607;0.053607;0.053607;0.053607;0.053607;0.053607;0.053607;0.053607;0.053607;0.053607;0.053607;0.053607;0.053607;0.053607;0.053607;0.053607;0.053607;0.053607;0.053607;0.053607;0.053607;0.053607;0.053607;0.053607;0.053607;0.053607;0.053607;0.053607;0.053607;0.053607;0.053607;0.053607;0.053607;0.053607;0.053607;0.053607;0.053607;0.053607;0.053607;0.053607;0.053607,16.49,95.45,39,1.154702,86.5982,4.5861,0.0,0,12.8591,2.1167,74.988,0.0,True,26.0,8942,4.9327,2.77
google,1500,10,linear,False,False,0.0,0.4,0.3,0.3,0,0,GA,random,1,0.3333333333333333,CONV,0.242529;0.237139;0.235739;0.232247;0.232102;0.229771;0.226467;0.225721;0.222735;0.222181;0.219799;0.217304;0.216742;0.216019;0.214470;0.214015;0.212434;0.211951;0.210120;0.209266;0.208927;0.207898;0.207898;0.206629;0.205010;0.205010;0.203754;0.201715;0.201715;0.201640;0.199971;0.199692;0.199692;0.198654;0.197811;0.197811;0.197556;0.195602;0.195602;0.193686;0.193686;0.191978;0.191032;0.190004;0.189824;0.187397;0.186908;0.184962;0.182843;0.182843;0.182843;0.182843;0.182843;0.182103;0.182103;0.182103;0.182103;0.181967;0.181066;0.181066;0.180432;0.180432;0.180247;0.178524;0.178524;0.178524;0.177682;0.177682;0.177682;0.176498;0.176498;0.176498;0.176498;0.176498;0.176472;0.175447;0.175447;0.175447;0.175041;0.175041;0.174074;0.174074;0.173478;0.173478;0.173478;0.173478;0.173478;0.173478;0.173478;0.172760;0.171079;0.171079;0.171079;0.171079;0.171079;0.171079;0.171079;0.171079;0.171079;0.171041;0.171041;0.171041;0.169526;0.169526;0.169526;0.169526;0.169526;0.169526;0.168332;0.168332;0.168332;0.167595;0.167595;0.167595;0.167595;0.167595;0.167595;0.167583;0.167440;0.167081,16.49,95.45,39,1.242454,85.5797,-2.665,36.4667,547,13.6591,2.3119,67.626,0.0,True,33.5,4840,410.3257,4.45
google,1500,10,linear,False,False,0.0,0.4,0.3,0.3,0,0,GA,random,2,0.3333333333333333,CONV,0.239756;0.238412;0.236424;0.235529;0.232220;0.229241;0.227991;0.226147;0.222772;0.220350;0.218214;0.216397;0.214341;0.211614;0.210707;0.209547;0.207712;0.206918;0.206918;0.204229;0.202604;0.201819;0.200171;0.199759;0.199207;0.199207;0.197827;0.196180;0.196180;0.194870;0.194734;0.193727;0.193727;0.192794;0.191202;0.190412;0.190412;0.190412;0.190412;0.190412;0.190412;0.190412;0.190412;0.186900;0.186900;0.186900;0.186900;0.186336;0.186336;0.186336;0.186336;0.184978;0.184965;0.183339;0.182164;0.182082;0.182082;0.181506;0.181506;0.181506;0.179330;0.179330;0.179330;0.178446;0.178446;0.178446;0.178446;0.178446;0.178446;0.178446;0.178446;0.178446;0.178446;0.175791;0.175791;0.174939;0.174939;0.174939;0.174164;0.174164;0.174164;0.174164;0.174164;0.173973;0.173973;0.173973;0.173187;0.173187;0.173187;0.173187;0.173187;0.173187;0.172121;0.170160;0.170160;0.170160;0.170160;0.170160;0.170160;0.170160;0.170160;0.170160;0.170160;0.170160;0.170160;0.170160;0.170160;0.170160;0.170160;0.170160;0.169694;0.169694;0.169694;0.169694;0.169694;0.169694;0.168582;0.168582;0.168582;0.168582,16.49,95.45,39,1.231696,85.7046,-1.776,37.1333,557,13.6091,2.2915,68.839,0.0,True,33.0,4840,4.8025,4.43
google,1500,20,linear,False,False,0.0,0.4,0.3,0.3,0,0,GWO,random,5,0.3333333333333333,CONV,0.241926;0.234082;0.223708;0.215401;0.208322;0.200228;0.192798;0.183340;0.178168;0.171823;0.167870;0.163239;0.158438;0.157254;0.152335;0.147026;0.143980;0.139469;0.136207;0.132628;0.130172;0.127061;0.125327;0.123592;0.120882;0.118711;0.114736;0.114310;0.109930;0.107535;0.106135;0.104674;0.103745;0.100079;0.095123;0.095123;0.093902;0.093902;0.091821;0.090957;0.087355;0.087355;0.087355;0.087227;0.086133;0.086133;0.084734;0.084464;0.081873;0.081264;0.080836;0.080411;0.078650;0.078650;0.078406;0.077798;0.077798;0.076643;0.075239;0.074978;0.074257;0.074257;0.074257;0.074257;0.074257;0.074089;0.074089;0.074089;0.074089;0.074089;0.074089;0.074089;0.073965;0.073965;0.072293;0.072293;0.072293;0.072293;0.072115;0.072115;0.072115;0.072115;0.072034;0.071458;0.071458;0.071219;0.070851;0.070663;0.070437;0.070112;0.069941;0.069503;0.069186;0.069020;0.069020;0.069020;0.068600;0.068413;0.067624;0.067624;0.067624;0.067624;0.067471;0.067471;0.067471;0.067471;0.067471;0.066951;0.066701;0.066404;0.066404;0.066404;0.065966;0.065966;0.065813;0.065813;0.065813;0.065808;0.065807;0.065807,16.49,95.45,39,1.141772,86.7482,5.6544,4.2667,64,12.8091,2.1075,78.638,0.0,True,28.5,4840,3.6903,4.26
google,1500,20,linear,False,False,0.0,0.4,0.3,0.3,0,0,GWO,random,6,0.3333333333333333,CONV,0.242420;0.231691;0.222895;0.212481;0.202595;0.192787;0.187303;0.181557;0.174385;0.169890;0.164513;0.158932;0.154353;0.150169;0.146075;0.143831;0.139517;0.136608;0.132919;0.132056;0.128343;0.124452;0.124452;0.119841;0.118043;0.116058;0.112334;0.109875;0.108459;0.105808;0.105808;0.101141;0.098844;0.098844;0.097471;0.096156;0.095927;0.095010;0.093781;0.093661;0.092857;0.091016;0.089661;0.088998;0.088379;0.086360;0.084822;0.084822;0.084142;0.081370;0.081370;0.079945;0.079945;0.079611;0.078946;0.077612;0.077612;0.076065;0.076065;0.076065;0.075975;0.075975;0.075458;0.075240;0.073646;0.073646;0.073507;0.072997;0.072705;0.072099;0.070385;0.070385;0.070385;0.070385;0.070385;0.070385;0.070357;0.070357;0.070357;0.069993;0.069993;0.069737;0.069737;0.069737;0.069737;0.069403;0.069189;0.069189;0.068654;0.067961;0.067961;0.067961;0.067904;0.067904;0.067904;0.067757;0.067757;0.067757;0.067757;0.067757;0.067606;0.067606;0.066935;0.066935;0.066761;0.066736;0.066720;0.066720;0.066575;0.066483;0.066483;0.066263;0.066193;0.066092;0.066092;0.065894;0.065894;0.065847;0.065847;0.065847,16.49,95.45,39,1.142624,86.7384,5.5841,4.2667,64,12.8591,2.1317,78.651,0.0,True,25.5,4840,3.6702,4.2
google,1500,20,linear,False,False,0.0,0.4,0.3,0.3,0,0,GWO,random,7,0.3333333333333333,CONV,0.239768;0.232163;0.223475;0.216151;0.206481;0.198300;0.190805;0.184127;0.178972;0.174145;0.167274;0.162091;0.158782;0.155329;0.150617;0.145794;0.142497;0.138680;0.135069;0.131812;0.129372;0.126094;0.123680;0.121751;0.118926;0.117844;0.112151;0.109380;0.109380;0.106460;0.105662;0.103685;0.102651;0.101031;0.097353;0.097094;0.096790;0.095169;0.094060;0.093639;0.091394;0.090472;0.090472;0.089243;0.088011;0.086862;0.084580;0.083777;0.083777;0.082850;0.082829;0.081830;0.080950;0.080291;0.079035;0.077961;0.076205;0.076078;0.076078;0.075745;0.075292;0.074767;0.073817;0.073320;0.073249;0.073249;0.072425;0.071907;0.071907;0.071732;0.070636;0.070636;0.070636;0.070636;0.070397;0.069907;0.069248;0.069248;0.069158;0.068261;0.068261;0.068261;0.068261;0.068261;0.068261;0.068261;0.068109;0.067993;0.067993;0.067993;0.067993;0.067633;0.067633;0.067270;0.067270;0.067270;0.067011;0.067011;0.067011;0.067011;0.067011;0.067011;0.066980;0.066805;0.066805;0.066323;0.066323;0.066318;0.066318;0.066318;0.066282;0.066072;0.066072;0.066051;0.066051;0.066051;0.065949;0.065949;0.065949;0.065949,16.49,95.45,39,1.14913,86.6628,5.0464,4.2,63,12.9591,2.1192,76.646,0.0,True,30.5,4840,3.6704,4.24
google,1500,20,linear,False,False,0.0,0.4,0.3,0.3,0,0,GWO,random,8,0.3333333333333333,CONV,0.242543;0.229537;0.221483;0.213658;0.207058;0.198582;0.192417;0.186834;0.178932;0.171170;0.169650;0.163767;0.159257;0.154055;0.150724;0.145506;0.138620;0.138620;0.134756;0.131573;0.126333;0.124070;0.121392;0.116459;0.111987;0.110937;0.110937;0.109233;0.107357;0.106208;0.103989;0.102195;0.098121;0.097421;0.096849;0.095788;0.094006;0.092839;0.092066;0.090922;0.088107;0.086134;0.086134;0.086134;0.085079;0.083349;0.082500;0.081670;0.080636;0.079269;0.078606;0.077138;0.076197;0.076151;0.076151;0.075618;0.075618;0.075596;0.075596;0.075508;0.074245;0.073726;0.073108;0.072245;0.072245;0.071954;0.071954;0.071768;0.071016;0.069567;0.069567;0.069329;0.069329;0.069329;0.069329;0.068451;0.068451;0.068451;0.068451;0.068451;0.068451;0.068451;0.068451;0.068451;0.068451;0.068451;0.068451;0.068451;0.068112;0.068112;0.068112;0.068112;0.067762;0.067762;0.067574;0.067463;0.067274;0.067274;0.067054;0.067054;0.066838;0.066838;0.066838;0.066838;0.066667;0.066667;0.066644;0.066377;0.066332;0.066251;0.066037;0.065740;0.065728;0.065728;0.065601;0.065601;0.065475;0.065475;0.065474;0.065474,16.49,95.45,39,1.147521,86.6815,5.1794,4.0667,61,12.9091,2.1184,77.49,0.0,True,26.5,4840,3.757,4.25
google,1500,20,linear,False,False,0.0,0.4,0.3,0.3,0,0,GWO,random,9,0.3333333333333333,CONV,0.242529;0.231439;0.224349;0.214748;0.206936;0.199302;0.192584;0.183832;0.180335;0.174689;0.166363;0.162749;0.158282;0.153205;0.151360;0.144493;0.140641;0.139202;0.132131;0.131501;0.129464;0.126323;0.122860;0.121847;0.120280;0.118381;0.113469;0.112936;0.109687;0.109418;0.106880;0.106309;0.104104;0.103326;0.101112;0.101112;0.097629;0.097332;0.096191;0.095125;0.094809;0.093439;0.090879;0.089444;0.088895;0.087481;0.085300;0.085300;0.083944;0.083944;0.083944;0.083944;0.083944;0.083171;0.082453;0.081217;0.079788;0.079788;0.079024;0.078789;0.078134;0.077723;0.076819;0.076469;0.075488;0.073767;0.073225;0.073166;0.072647;0.072647;0.071024;0.070659;0.069925;0.069925;0.069793;0.069125;0.069017;0.068474;0.068080;0.068080;0.068026;0.067941;0.067697;0.067697;0.066817;0.066813;0.066229;0.065729;0.065729;0.065345;0.065126;0.064659;0.064659;0.064646;0.064646;0.064646;0.064241;0.064241;0.064036;0.064036;0.064036;0.063998;0.063998;0.063672;0.063276;0.063028;0.062961;0.062852;0.062852;0.062845;0.062590;0.062498;0.062314;0.062114;0.062112;0.062112;0.062106;0.062101;0.062101;0.062101,16.49,95.45,39,1.143788,86.7248,5.4879,3.0,45,12.8591,2.1071,77.183,0.0,True,31.0,4840,3.7367,4.52
google,1500,20,linear,False,False,0.0,0.4,0.3,0.3,0,0,GWO,random,10,0.3333333333333333,CONV,0.238832;0.228942;0.221151;0.210155;0.201429;0.196057;0.191957;0.184264;0.179483;0.171581;0.168719;0.164513;0.159032;0.152220;0.146068;0.143694;0.137942;0.134847;0.132672;0.129661;0.125304;0.124544;0.121687;0.117862;0.115176;0.112811;0.109354;0.108252;0.107136;0.104295;0.101990;0.100631;0.099320;0.098907;0.096522;0.094902;0.093184;0.091920;0.089910;0.089838;0.088571;0.087278;0.086616;0.085624;0.085624;0.085584;0.083954;0.083392;0.082542;0.082264;0.081136;0.080687;0.080435;0.080358;0.078156;0.077680;0.077680;0.077441;0.076608;0.075722;0.073630;0.073630;0.073630;0.073229;0.073229;0.072683;0.072683;0.072126;0.072105;0.071765;0.071765;0.069993;0.069993;0.069993;0.069527;0.069327;0.069315;0.069097;0.069036;0.068406;0.068406;0.067539;0.067539;0.067539;0.067539;0.067539;0.067065;0.067065;0.067065;0.067065;0.066551;0.066087;0.066087;0.065907;0.065795;0.065208;0.065208;0.065185;0.065185;0.065185;0.065010;0.064877;0.064877;0.064877;0.064539;0.064479;0.064095;0.063910;0.063910;0.063578;0.063578;0.063578;0.063578;0.063512;0.063393;0.063367;0.063258;0.063250;0.063250;0.063250,16.49,95.45,39,1.151309,86.6376,4.8664,3.2667,49,12.9091,2.1304,76.812,0.0,True,26.0,4840,408.4025,4.43
google,1500,20,linear,False,False,0.0,0.4,0.3,0.3,0,0,PSO,random,1,0.3333333333333333,CONV,0.244522;0.244522;0.244522;0.244522;0.244522;0.244522;0.244522;0.243586;0.241878;0.241418;0.241418;0.239781;0.239781;0.239781;0.239781;0.239781;0.238792;0.237381;0.237381;0.237381;0.237381;0.237381;0.236307;0.236307;0.236307;0.236307;0.236307;0.236307;0.235775;0.235775;0.235775;0.235775;0.235775;0.235775;0.235775;0.235775;0.235775;0.235775;0.235775;0.235775;0.235775;0.235775;0.235775;0.235775;0.235775;0.235572;0.235572;0.235572;0.235572;0.235572;0.235572;0.235572;0.235572;0.235572;0.235393;0.235393;0.235393;0.235393;0.235393;0.235393;0.235393;0.235393;0.235393;0.235393;0.235393;0.235393;0.235393;0.235393;0.235393;0.235393;0.235393;0.235393;0.235393;0.235393;0.235393;0.235393;0.233765;0.233765;0.233765;0.233765;0.233765;0.233765;0.233765;0.233765;0.233765;0.233765;0.233765;0.233765;0.233765;0.233468;0.233468;0.233468;0.233468;0.233468;0.233468;0.233468;0.232706;0.232706;0.232706;0.232602;0.232602;0.232602;0.232602;0.232306;0.232306;0.232306;0.231355;0.231355;0.231178;0.230995;0.229910;0.229106;0.229106;0.229106;0.229106;0.229106;0.229106;0.229106;0.229106;0.229106,16.49,95.45,39,1.212829,85.9235,-0.2171,57.6,864,13.4591,2.2947,70.296,0.0,True,35.0,4840,3.0509,4.75
google,1500,20,linear,False,False,0.0,0.4,0.3,0.3,0,0,PSO,random,2,0.3333333333333333,CONV,0.241036;0.241036;0.239871;0.239871;0.238634;0.238634;0.238634;0.238634;0.238634;0.238634;0.238634;0.238634;0.238634;0.238634;0.238634;0.238634;0.238634;0.238634;0.238634;0.238634;0.238634;0.238634;0.238634;0.238634;0.238634;0.238634;0.238634;0.238634;0.238634;0.238634;0.238634;0.238634;0.238634;0.238634;0.238634;0.238634;0.238634;0.238634;0.238634;0.238634;0.238634;0.238634;0.238634;0.238634;0.238634;0.238634;0.238589;0.238589;0.238589;0.238589;0.238589;0.238352;0.238352;0.238352;0.238352;0.238352;0.238352;0.238352;0.238352;0.238352;0.238352;0.238352;0.238352;0.238352;0.238352;0.238352;0.238352;0.238352;0.238352;0.238315;0.238315;0.238315;0.238315;0.238315;0.238315;0.238315;0.237886;0.236576;0.235644;0.235644;0.235644;0.235644;0.235644;0.235644;0.234858;0.234858;0.234858;0.234686;0.234686;0.234686;0.234093;0.233669;0.233669;0.233669;0.233669;0.233669;0.233669;0.233669;0.233669;0.233669;0.233669;0.233669;0.233669;0.233669;0.233669;0.233669;0.233669;0.233669;0.233669;0.233669;0.233669;0.233669;0.233669;0.233669;0.233669;0.233669;0.233669;0.233669;0.233669;0.233669,16.49,95.45,39,1.233585,85.6826,-1.9321,58.8,882,13.5091,2.3234,69.969,0.0,True,35.0,4840,2.8104,4.31
google,1500,20,linear,False,False,0.0,0.4,0.3,0.3,0,0,DE,random,1,0.3333333333333333,CONV,0.244993;0.238220;0.233909;0.233909;0.232316;0.232316;0.232316;0.232316;0.232072;0.230654;0.230654;0.230500;0.229585;0.229052;0.227757;0.227486;0.226276;0.226276;0.226276;0.226276;0.226276;0.225147;0.225147;0.224996;0.224996;0.224996;0.223868;0.223326;0.223235;0.223110;0.222919;0.222919;0.222527;0.222084;0.222067;0.222010;0.221286;0.221286;0.221286;0.221234;0.220994;0.220348;0.220247;0.220247;0.220185;0.220166;0.219971;0.219344;0.218916;0.218916;0.218916;0.218773;0.218773;0.218387;0.218387;0.217784;0.217613;0.217607;0.217607;0.217607;0.217344;0.217344;0.217344;0.217320;0.216771;0.216771;0.216424;0.216399;0.216145;0.216145;0.216009;0.215989;0.215989;0.215980;0.215980;0.215977;0.215977;0.215975;0.215974;0.215971;0.215967;0.215966;0.215966;0.215966;0.215965;0.215964;0.215958;0.215958;0.215958;0.215958;0.215957;0.215956;0.215956;0.215956;0.215956;0.215955;0.215955;0.215955;0.215955;0.215955;0.215955;0.215955;0.215955;0.215955;0.215955;0.215955;0.215955;0.215955;0.215955;0.215954;0.215954;0.215954;0.215954;0.215954;0.215954;0.215954;0.215954;0.215954;0.215954;0.215954,16.49,95.45,39,1.244029,85.5614,-2.7951,52.7333,791,13.4591,2.2648,71.08,0.0,True,35.5,4840,3.1698,4.04
google,1500,20,linear,False,False,0.0,0.4,0.3,0.3,0,0,DE,random,2,0.3333333333333333,CONV,0.241036;0.237103;0.237103;0.237103;0.233256;0.233256;0.233256;0.233256;0.231412;0.231412;0.230571;0.230571;0.226866;0.226866;0.226866;0.226866;0.224384;0.223284;0.223284;0.223284;0.221392;0.221392;0.221365;0.221156;0.220518;0.219653;0.219074;0.218071;0.217618;0.217004;0.216910;0.216714;0.216392;0.215622;0.215441;0.215441;0.214918;0.214346;0.214135;0.214096;0.213987;0.213635;0.213535;0.213292;0.213007;0.212413;0.212304;0.212141;0.212141;0.211737;0.211737;0.211737;0.211451;0.210843;0.210843;0.210843;0.210647;0.210647;0.210647;0.210647;0.210293;0.210224;0.210224;0.209913;0.209817;0.209631;0.209285;0.208916;0.208916;0.208695;0.208695;0.208695;0.208555;0.208555;0.208555;0.208493;0.208288;0.207860;0.207530;0.207530;0.207530;0.207530;0.207530;0.207530;0.207529;0.207528;0.207331;0.207328;0.207315;0.207315;0.207315;0.207311;0.207311;0.207309;0.207303;0.207303;0.207303;0.207301;0.207301;0.207301;0.207298;0.207295;0.207295;0.207294;0.207294;0.207292;0.207290;0.207290;0.207289;0.207289;0.207289;0.207289;0.207289;0.207289;0.207289;0.207289;0.207289;0.207289;0.207289;0.207289,16.49,95.45,39,1.234011,85.6777,-1.9673,50.0,750,13.3091,2.2807,72.784,0.0,True,33.5,4840,3.2798,4.03
google,1500,20,linear,False,False,0.0,0.4,0.3,0.3,0,0,DE,random,3,0.3333333333333333,CONV,0.244686;0.244486;0.241485;0.240728;0.236376;0.234248;0.233403;0.233403;0.230329;0.230329;0.229989;0.229262;0.227932;0.227932;0.227345;0.227345;0.227345;0.227315;0.225507;0.225507;0.225507;0.225379;0.225078;0.223301;0.223247;0.222952;0.222827;0.222567;0.222486;0.222318;0.221403;0.221048;0.220911;0.220620;0.220620;0.219829;0.219659;0.219457;0.219457;0.219322;0.218928;0.218722;0.218722;0.218603;0.218527;0.218527;0.218527;0.218322;0.218322;0.218299;0.218032;0.217823;0.217823;0.217823;0.217475;0.217274;0.217108;0.216844;0.216844;0.216844;0.216436;0.216436;0.216436;0.216261;0.216261;0.216257;0.216251;0.216244;0.216240;0.216229;0.216229;0.216229;0.216229;0.216229;0.216229;0.215967;0.215967;0.215957;0.215957;0.215954;0.215954;0.215950;0.215947;0.215947;0.215943;0.215940;0.215940;0.215939;0.215939;0.215939;0.215938;0.215936;0.215933;0.215933;0.215933;0.215933;0.215932;0.215931;0.215931;0.215929;0.215929;0.215929;0.215926;0.215925;0.215925;0.215925;0.215924;0.215924;0.215923;0.215922;0.215922;0.215922;0.215921;0.215921;0.215921;0.215921;0.215919;0.215919;0.215918;0.215918,16.49,95.45,39,1.221712,85.8204,-0.951,53.0667,796,13.2591,2.2524,73.759,0.0,True,33.5,4840,3.2509,4.14
google,1500,20,linear,False,False,0.0,0.4,0.3,0.3,0,0,DE,random,4,0.3333333333333333,CONV,0.243528;0.241682;0.240676;0.239309;0.237707;0.236167;0.234046;0.233697;0.232363;0.232363;0.231509;0.229345;0.229345;0.228590;0.226377;0.226377;0.225744;0.225014;0.224645;0.224226;0.222342;0.221651;0.221651;0.221077;0.220957;0.220411;0.219927;0.219290;0.219290;0.217670;0.216820;0.214650;0.214650;0.214650;0.213546;0.213546;0.212925;0.212413;0.212413;0.212108;0.212108;0.211438;0.210951;0.210951;0.210951;0.210598;0.210061;0.209970;0.209970;0.209165;0.208641;0.208564;0.208564;0.208564;0.208265;0.208087;0.207266;0.207266;0.207192;0.207052;0.207052;0.205716;0.205716;0.205716;0.205716;0.205716;0.205716;0.205533;0.205306;0.205306;0.205035;0.205035;0.204977;0.204790;0.204781;0.204754;0.204152;0.204065;0.204065;0.203942;0.203942;0.203942;0.203941;0.203941;0.203933;0.203932;0.203932;0.203932;0.203932;0.203926;0.203926;0.203921;0.203921;0.203921;0.203921;0.203921;0.203920;0.203918;0.203918;0.203917;0.203917;0.203916;0.203915;0.203915;0.203914;0.203911;0.203911;0.203911;0.203911;0.203911;0.203910;0.203909;0.203908;0.203907;0.203907;0.203907;0.203907;0.203907;0.203907;0.203906,16.49,95.45,39,1.225754,85.7735,-1.285,49.0,735,13.2591,2.2624,72.618,0.0,True,35.0,4840,407.9748,4.09
google,1500,20,linear,False,False,0.0,0.4,0.3,0.3,0,0,DE,random,5,0.3333333333333333,CONV,0.242653;0.240723;0.240723;0.240487;0.237020;0.235332;0.234777;0.232423;0.231870;0.231870;0.231870;0.231822;0.230094;0.230094;0.228195;0.228195;0.228195;0.227143;0.227143;0.226578;0.226474;0.225940;0.225909;0.225196;0.224702;0.224182;0.223970;0.223536;0.223418;0.223418;0.222808;0.222808;0.222808;0.222537;0.221775;0.221775;0.221455;0.220909;0.220370;0.219889;0.219889;0.219889;0.219889;0.219747;0.219408;0.219225;0.219225;0.218988;0.218657;0.218657;0.218657;0.218518;0.218518;0.218142;0.217873;0.217644;0.217636;0.217207;0.217207;0.217120;0.216999;0.216627;0.216429;0.216429;0.216429;0.216429;0.216429;0.216197;0.216006;0.216006;0.215799;0.215799;0.215791;0.215730;0.215573;0.215573;0.215383;0.215363;0.215363;0.215168;0.215168;0.215168;0.215168;0.215160;0.215160;0.215159;0.215152;0.215152;0.215152;0.215149;0.215147;0.215147;0.215146;0.215145;0.215145;0.215145;0.215144;0.215142;0.215141;0.215141;0.215141;0.215141;0.215141;0.215141;0.215141;0.215141;0.215141;0.215141;0.215141;0.215141;0.215141;0.215141;0.215141;0.215141;0.215141;0.215141;0.215141;0.215141;0.215141;0.215141,16.49,95.45,39,1.235115,85.6649,-2.0586,52.6,789,13.3591,2.2718,71.936,0.0,True,36.0,4840,2.9919,4.04
google,1500,20,linear,False,False,0.0,0.4,0.3,0.3,0,0,DE,random,6,0.3333333333333333,CONV,0.244011;0.238938;0.234724;0.234724;0.234724;0.233919;0.229501;0.229501;0.229501;0.229501;0.229501;0.229263;0.229263;0.228396;0.227543;0.227058;0.226198;0.225708;0.224886;0.224774;0.224162;0.223920;0.223920;0.223728;0.222342;0.222070;0.221761;0.221047;0.221047;0.221047;0.221029;0.221029;0.220427;0.219948;0.219948;0.219878;0.219878;0.219628;0.219203;0.218662;0.218662;0.218027;0.218027;0.217948;0.217634;0.217193;0.217045;0.217045;0.216312;0.215623;0.215623;0.215623;0.215334;0.214957;0.214654;0.214563;0.214424;0.214424;0.214402;0.214402;0.214184;0.213662;0.213608;0.213608;0.213003;0.213003;0.213003;0.213003;0.213003;0.213003;0.213003;0.213003;0.212742;0.212742;0.212698;0.212667;0.212566;0.212312;0.212312;0.212131;0.212131;0.212131;0.212131;0.211814;0.211814;0.211798;0.211798;0.211798;0.211679;0.211679;0.211483;0.211354;0.211354;0.211349;0.211349;0.211349;0.211346;0.211346;0.211346;0.211346;0.211345;0.211345;0.211344;0.211342;0.211338;0.211338;0.211338;0.211338;0.211338;0.211337;0.211335;0.211335;0.211335;0.211334;0.211333;0.211333;0.211332;0.211332;0.211332;0.211332,16.49,95.45,39,1.23063,85.7169,-1.6879,51.4,771,13.2591,2.2541,73.294,0.0,True,35.0,4840,2.7095,4.07
google,1500,20,linear,False,False,0.0,0.4,0.3,0.3,0,0,DE,random,7,0.3333333333333333,CONV,0.239391;0.239391;0.239391;0.236771;0.236443;0.236443;0.236443;0.235800;0.233493;0.232883;0.230379;0.230379;0.228735;0.228735;0.227844;0.225702;0.224977;0.224977;0.223614;0.223589;0.222577;0.221528;0.220806;0.220806;0.216808;0.216808;0.216808;0.216808;0.216808;0.214683;0.214683;0.214683;0.214187;0.213587;0.213174;0.213174;0.212681;0.212145;0.212145;0.212145;0.212020;0.211310;0.210472;0.209888;0.209862;0.209732;0.208540;0.208540;0.208540;0.208540;0.208024;0.206161;0.206161;0.205945;0.205945;0.205945;0.205945;0.205038;0.204921;0.204843;0.204136;0.204136;0.203551;0.203551;0.203551;0.203125;0.203125;0.202928;0.202928;0.202474;0.201142;0.201142;0.201142;0.201142;0.201142;0.201142;0.200536;0.200536;0.200536;0.200320;0.200320;0.200320;0.199857;0.199555;0.199518;0.199385;0.199242;0.199121;0.198457;0.198457;0.198000;0.198000;0.197610;0.197610;0.197530;0.197169;0.196883;0.196837;0.196627;0.196627;0.196396;0.196396;0.196395;0.196319;0.196271;0.196261;0.196261;0.196143;0.195834;0.195834;0.195834;0.195834;0.195834;0.195834;0.195834;0.195720;0.195712;0.195706;0.195704;0.195703,16.49,95.45,39,1.225701,85.7741,-1.2807,46.2667,694,13.3091,2.2739,71.187,0.0,True,35.5,4840,2.5929,4.07
google,1500,20,linear,False,False,0.0,0.4,0.3,0.3,0,0,DE,random,8,0.3333333333333333,CONV,0.243743;0.242002;0.242002;0.242002;0.239806;0.239272;0.237204;0.237204;0.235407;0.235240;0.234911;0.232363;0.232363;0.230635;0.230635;0.230635;0.230380;0.229849;0.229007;0.228631;0.228178;0.227557;0.227422;0.227211;0.226304;0.225960;0.225619;0.225416;0.225041;0.225041;0.224784;0.224353;0.224353;0.223764;0.223764;0.223764;0.223434;0.222626;0.222626;0.221675;0.221675;0.221675;0.221092;0.221092;0.220569;0.220569;0.220569;0.220438;0.220438;0.220326;0.220249;0.220098;0.220059;0.220046;0.219662;0.219460;0.219460;0.219437;0.219033;0.219033;0.219033;0.218830;0.218829;0.218829;0.218829;0.218811;0.218809;0.218633;0.218620;0.218412;0.218412;0.218412;0.218409;0.218407;0.218401;0.218399;0.218214;0.218213;0.218208;0.218201;0.218201;0.218201;0.218200;0.218191;0.218188;0.218188;0.218188;0.218186;0.218186;0.218185;0.218183;0.218183;0.218183;0.218183;0.218182;0.218182;0.218181;0.218180;0.218180;0.218179;0.218179;0.218179;0.218177;0.218176;0.218176;0.218176;0.218175;0.218174;0.218174;0.218174;0.218174;0.218173;0.218172;0.218172;0.218172;0.218172;0.218171;0.218171;0.218171;0.218171,16.49,95.45,39,1.222854,85.8072,-1.0454,53.8,807,13.2591,2.2659,72.783,0.0,True,36.0,4840,2.6559,4.22
google,1500,10,linear,False,False,0.0,0.4,0.3,0.3,0,0,GA,random,3,0.3333333333333333,CONV,0.240693;0.238254;0.230073;0.230073;0.230073;0.229523;0.226440;0.226179;0.224671;0.223791;0.222665;0.221276;0.218429;0.215658;0.214842;0.214842;0.213841;0.212633;0.211193;0.208952;0.208314;0.207907;0.205693;0.203463;0.202796;0.200811;0.200778;0.200778;0.199097;0.199097;0.196116;0.196116;0.194140;0.193643;0.192593;0.192220;0.190464;0.190381;0.190381;0.190381;0.188927;0.187220;0.185619;0.185619;0.185619;0.185619;0.184785;0.183712;0.183712;0.183712;0.182671;0.182214;0.181039;0.181039;0.181039;0.179458;0.179020;0.179020;0.178426;0.175885;0.175885;0.175885;0.175885;0.175885;0.175885;0.174444;0.174308;0.174308;0.174054;0.173240;0.173240;0.173240;0.173240;0.173240;0.173107;0.172169;0.172169;0.172163;0.170882;0.170882;0.169760;0.169760;0.169760;0.169760;0.169401;0.168258;0.168258;0.168258;0.168258;0.168258;0.168258;0.168258;0.168258;0.168258;0.168258;0.168258;0.168258;0.167201;0.167201;0.167201;0.166108;0.166108;0.166108;0.166108;0.166108;0.166108;0.166108;0.166108;0.166108;0.166108;0.166108;0.166108;0.166108;0.166108;0.166108;0.166108;0.166108;0.166108;0.166108;0.166108,16.49,95.45,39,1.255956,85.423,-3.7807,35.9333,539,13.7591,2.3076,65.049,0.0,True,36.5,4840,5.472,4.34
google,1500,10,linear,False,False,0.0,0.4,0.3,0.3,0,0,GA,random,4,0.3333333333333333,CONV,0.241450;0.241233;0.236920;0.236151;0.232432;0.229109;0.228264;0.226279;0.223268;0.221733;0.219942;0.216650;0.216650;0.214612;0.213818;0.212432;0.208917;0.208587;0.208587;0.207885;0.206173;0.205648;0.204880;0.204140;0.202475;0.202099;0.200395;0.199298;0.197040;0.196717;0.196697;0.196367;0.193055;0.193055;0.192287;0.192287;0.192003;0.192003;0.191352;0.190639;0.189130;0.187085;0.187085;0.185726;0.184219;0.184219;0.184219;0.184219;0.183173;0.182802;0.181007;0.180847;0.180847;0.180847;0.179671;0.179242;0.179242;0.178728;0.178695;0.177956;0.177956;0.177956;0.177101;0.176964;0.176964;0.176964;0.176567;0.175623;0.175623;0.175460;0.175460;0.174693;0.174693;0.174693;0.172938;0.171902;0.171902;0.171902;0.171902;0.171902;0.171902;0.171902;0.171902;0.171902;0.171902;0.171664;0.171013;0.171013;0.171013;0.170490;0.170063;0.170063;0.169609;0.169609;0.169609;0.169609;0.169609;0.169609;0.169609;0.169609;0.166852;0.166852;0.166852;0.166852;0.166852;0.166852;0.166852;0.166747;0.166747;0.166747;0.166747;0.166747;0.166747;0.166747;0.166747;0.166747;0.166747;0.166747;0.166747;0.166129,16.49,95.45,39,1.252091,85.4678,-3.4613,36.0,540,13.8091,2.3571,65.15,0.0,True,33.5,4840,5.5292,4.4
google,1500,10,linear,False,False,0.0,0.4,0.3,0.3,0,0,GA,random,5,0.3333333333333333,CONV,0.241351;0.239548;0.235425;0.232741;0.231614;0.229372;0.227305;0.223507;0.223226;0.220901;0.216938;0.216288;0.215794;0.215794;0.213829;0.211738;0.211148;0.211148;0.209335;0.206442;0.204685;0.204660;0.204336;0.202896;0.202518;0.200062;0.200062;0.199553;0.198168;0.196861;0.195229;0.195229;0.195229;0.193895;0.193052;0.190942;0.190201;0.190201;0.189461;0.189285;0.189172;0.188199;0.187848;0.187531;0.185083;0.185083;0.182420;0.182420;0.181579;0.181579;0.181285;0.180685;0.179857;0.179857;0.179857;0.179857;0.179382;0.176990;0.176829;0.176829;0.176829;0.176829;0.176829;0.176558;0.175624;0.175526;0.175526;0.175526;0.175526;0.175526;0.175526;0.175168;0.175168;0.174812;0.173762;0.173762;0.173762;0.173682;0.173682;0.173682;0.172784;0.172784;0.172784;0.172784;0.172784;0.172784;0.172784;0.172784;0.172784;0.172784;0.172468;0.171958;0.169305;0.169305;0.169305;0.169305;0.169305;0.169305;0.169305;0.169305;0.169305;0.169305;0.169305;0.169274;0.169274;0.169274;0.169274;0.168737;0.168737;0.168737;0.168737;0.167246;0.166545;0.166444;0.166197;0.165316;0.162904;0.162904;0.162904;0.162904,16.49,95.45,39,1.238635,85.624,-2.3494,35.1333,527,13.7591,2.3207,66.666,0.0,True,35.0,4840,5.456,4.33
google,1500,10,linear,False,False,0.0,0.4,0.3,0.3,0,0,GA,random,6,0.3333333333333333,CONV,0.241571;0.238277;0.236570;0.235152;0.229528;0.229528;0.227718;0.226556;0.224265;0.222020;0.221372;0.220203;0.218163;0.216563;0.214683;0.212730;0.211849;0.209277;0.207657;0.207657;0.205852;0.205430;0.201725;0.201725;0.201725;0.201418;0.200744;0.199175;0.198207;0.198193;0.196426;0.196426;0.195912;0.194216;0.194216;0.190039;0.190039;0.190039;0.190039;0.190039;0.189627;0.188583;0.188165;0.186278;0.185300;0.184973;0.184973;0.184973;0.184973;0.184733;0.181726;0.181726;0.181726;0.180798;0.180414;0.179530;0.179530;0.179060;0.178130;0.177387;0.176492;0.174096;0.174096;0.173367;0.173367;0.173367;0.173367;0.173367;0.171968;0.171914;0.171914;0.171914;0.171914;0.171317;0.170691;0.170691;0.170551;0.170551;0.170551;0.169687;0.169687;0.169687;0.169687;0.169687;0.169687;0.168987;0.168987;0.168987;0.168797;0.168797;0.168797;0.168673;0.168673;0.168673;0.168673;0.168673;0.168076;0.168076;0.167426;0.167426;0.167426;0.167426;0.167426;0.166869;0.166418;0.161774;0.161774;0.161774;0.161774;0.161774;0.161774;0.161774;0.161774;0.161774;0.161774;0.161774;0.161774;0.161774;0.161774;0.161774,16.49,95.45,39,1.218605,85.8565,-0.6943,35.0667,526,13.5591,2.2739,68.401,0.0,True,33.0,4840,5.538,4.34
google,1500,10,linear,False,False,0.0,0.4,0.3,0.3,0,0,GA,random,7,0.3333333333333333,CONV,0.241123;0.237253;0.235374;0.235353;0.233611;0.229636;0.228212;0.225701;0.223408;0.221553;0.219205;0.217485;0.216498;0.214592;0.213958;0.212345;0.209921;0.209921;0.209394;0.207599;0.206011;0.203109;0.203109;0.201141;0.201141;0.200357;0.199508;0.198004;0.198004;0.197720;0.196292;0.195425;0.193255;0.193255;0.193255;0.193255;0.192628;0.191960;0.191960;0.191598;0.190262;0.190262;0.189458;0.188267;0.187470;0.187379;0.187379;0.185957;0.185957;0.184794;0.184794;0.184060;0.184060;0.184060;0.183348;0.181896;0.181896;0.181896;0.181199;0.180588;0.179121;0.178043;0.177545;0.176912;0.176912;0.176912;0.176378;0.176317;0.174609;0.174609;0.174609;0.174609;0.174609;0.174518;0.174271;0.174242;0.174242;0.174242;0.173775;0.173775;0.173775;0.173009;0.173009;0.173009;0.173009;0.173009;0.173009;0.170509;0.170509;0.170308;0.170308;0.170308;0.170308;0.170238;0.170238;0.169946;0.169946;0.169485;0.169422;0.169320;0.169320;0.169320;0.169120;0.168199;0.168199;0.168199;0.168199;0.168199;0.168199;0.168199;0.168199;0.168199;0.168199;0.168199;0.168199;0.168199;0.168199;0.168199;0.168199;0.168199,16.49,95.45,39,1.23207,85.7002,-1.8069,37.0,555,13.7091,2.3221,66.975,0.0,True,33.5,4840,5.5642,4.33
google,1500,10,linear,False,False,0.0,0.4,0.3,0.3,0,0,GA,random,8,0.3333333333333333,CONV,0.241846;0.238906;0.235881;0.234956;0.229840;0.227701;0.226664;0.224630;0.222222;0.220224;0.219544;0.215724;0.214582;0.212930;0.212930;0.212208;0.210435;0.208848;0.208848;0.207550;0.205653;0.205347;0.204162;0.203544;0.201271;0.198674;0.198674;0.198674;0.197360;0.196478;0.195001;0.193658;0.192475;0.190950;0.190881;0.190640;0.189657;0.188538;0.188189;0.186485;0.186485;0.186485;0.186485;0.186323;0.185968;0.184473;0.184473;0.182682;0.182682;0.182682;0.182609;0.182432;0.182342;0.181472;0.181233;0.180986;0.178928;0.178928;0.178928;0.178928;0.178928;0.178928;0.177590;0.177590;0.177590;0.177240;0.176035;0.176035;0.176035;0.176035;0.176035;0.174307;0.174307;0.174307;0.172198;0.172198;0.172198;0.172198;0.172198;0.172198;0.172198;0.172198;0.172198;0.172198;0.172198;0.172198;0.172198;0.172198;0.172198;0.172198;0.172198;0.171241;0.171241;0.171241;0.171241;0.171241;0.169711;0.168225;0.168225;0.168225;0.167641;0.167641;0.167641;0.167641;0.167641;0.167641;0.167641;0.167641;0.167385;0.167385;0.167385;0.167385;0.167385;0.167385;0.167385;0.167385;0.167385;0.167385;0.167385;0.166860,16.49,95.45,39,1.220453,85.835,-0.847,36.7333,551,13.5591,2.2941,68.726,0.0,True,34.5,4840,409.9565,4.28
google,1500,10,linear,False,False,0.0,0.4,0.3,0.3,0,0,GA,random,9,0.3333333333333333,CONV,0.240233;0.237472;0.235234;0.231459;0.229114;0.227289;0.226466;0.223811;0.221741;0.220231;0.219216;0.216363;0.216225;0.211487;0.211487;0.211487;0.209329;0.208264;0.206807;0.205832;0.204809;0.203000;0.201651;0.201651;0.199938;0.199839;0.197754;0.195968;0.194481;0.194481;0.193809;0.191622;0.191622;0.191513;0.188802;0.187855;0.187624;0.187050;0.186268;0.186268;0.184556;0.184556;0.184111;0.183570;0.183570;0.183570;0.183570;0.182818;0.182818;0.182584;0.182584;0.181613;0.181613;0.181613;0.181613;0.181613;0.181310;0.181116;0.181116;0.181116;0.181116;0.180969;0.177686;0.177686;0.177122;0.176662;0.175775;0.175775;0.173583;0.173583;0.173583;0.173583;0.173323;0.173323;0.173323;0.173323;0.173323;0.173323;0.173323;0.173323;0.173323;0.173323;0.173323;0.173323;0.173323;0.173323;0.173323;0.172669;0.172669;0.172669;0.172669;0.172261;0.170248;0.170248;0.170248;0.170248;0.170248;0.169359;0.169359;0.169359;0.169359;0.169359;0.169028;0.169028;0.168171;0.168171;0.167966;0.167966;0.167966;0.167669;0.167669;0.165067;0.165067;0.165067;0.165067;0.165067;0.165067;0.164989;0.164989;0.164989,16.49,95.45,39,1.227542,85.7528,-1.4328,36.0,540,13.5591,2.2979,68.109,0.0,True,36.0,4840,4.6037,4.38
google,1500,10,linear,False,False,0.0,0.4,0.3,0.3,0,0,GA,random,10,0.3333333333333333,CONV,0.240460;0.239649;0.234324;0.230696;0.229262;0.228182;0.226652;0.223404;0.222135;0.219407;0.219138;0.216349;0.215007;0.212401;0.210634;0.210084;0.209974;0.209555;0.207780;0.207584;0.206623;0.205958;0.205808;0.204510;0.202941;0.202921;0.202591;0.200732;0.200177;0.198987;0.198170;0.196581;0.196077;0.193225;0.193225;0.193144;0.193144;0.192640;0.191379;0.191379;0.190092;0.190092;0.188867;0.188867;0.188009;0.187964;0.187746;0.186487;0.185709;0.185709;0.185709;0.185630;0.185630;0.184688;0.184376;0.183544;0.181963;0.180546;0.180546;0.180546;0.180399;0.178816;0.178816;0.175723;0.175491;0.174687;0.172823;0.172823;0.172811;0.172443;0.172442;0.171695;0.171695;0.171243;0.171243;0.171243;0.171243;0.170191;0.170191;0.170191;0.170191;0.170191;0.170191;0.170191;0.170191;0.170191;0.170191;0.170191;0.170191;0.169485;0.169485;0.169485;0.169144;0.169144;0.169144;0.169144;0.169144;0.169144;0.169144;0.169119;0.169119;0.168940;0.168937;0.168937;0.168937;0.168937;0.168937;0.168937;0.168937;0.168937;0.168937;0.168786;0.168786;0.168786;0.168470;0.166883;0.166883;0.166883;0.166697;0.166409,16.49,95.45,39,1.240894,85.5978,-2.5361,36.2667,544,13.8091,2.3401,65.173,0.0,True,33.5,4840,4.9097,4.53
google,1500,20,linear,False,False,0.0,0.4,0.3,0.3,0,0,DE,random,9,0.3333333333333333,CONV,0.243299;0.242612;0.241654;0.240403;0.239595;0.236829;0.233591;0.233591;0.233591;0.233591;0.233418;0.231689;0.229811;0.227059;0.226754;0.226750;0.224964;0.224964;0.224572;0.224442;0.223937;0.223520;0.222333;0.221526;0.218590;0.218590;0.217006;0.217006;0.217006;0.217006;0.217006;0.216550;0.216507;0.216225;0.216079;0.215542;0.215542;0.215542;0.215177;0.214416;0.214416;0.214416;0.214416;0.214233;0.213687;0.213201;0.212956;0.212956;0.212956;0.212935;0.212761;0.212761;0.212496;0.212392;0.211722;0.211722;0.211722;0.211498;0.211298;0.210917;0.210874;0.210874;0.210872;0.210857;0.210857;0.210690;0.210679;0.210667;0.210667;0.210460;0.210460;0.210460;0.210457;0.210457;0.210276;0.210276;0.210276;0.210266;0.210265;0.210265;0.210262;0.210262;0.210260;0.210258;0.210253;0.210253;0.210250;0.210250;0.210250;0.210250;0.210247;0.210247;0.210246;0.210246;0.210245;0.210245;0.210245;0.210245;0.210245;0.210245;0.210245;0.210245;0.210245;0.210244;0.210244;0.210244;0.210244;0.210244;0.210244;0.210244;0.210244;0.210244;0.210244;0.210244;0.210244;0.210244;0.210244;0.210244;0.210244;0.210244,16.49,95.45,39,1.241652,85.589,-2.5987,50.8667,763,13.4091,2.2572,70.759,0.0,True,35.5,4840,3.1815,3.99
google,1500,20,linear,False,False,0.0,0.4,0.3,0.3,0,0,DE,random,10,0.3333333333333333,CONV,0.241991;0.241991;0.241256;0.239739;0.237332;0.237122;0.236375;0.232295;0.232295;0.232295;0.232295;0.231148;0.229650;0.229014;0.228941;0.228271;0.227836;0.227527;0.226950;0.226882;0.226409;0.225611;0.225132;0.224715;0.224572;0.224572;0.223971;0.223971;0.222588;0.222588;0.222058;0.221866;0.220952;0.219892;0.219536;0.219380;0.219380;0.218426;0.218122;0.218122;0.218122;0.218022;0.217912;0.217912;0.217765;0.217132;0.217052;0.217012;0.216977;0.216602;0.216481;0.216198;0.216198;0.215916;0.215916;0.215734;0.215734;0.215007;0.215007;0.215007;0.215007;0.214775;0.214775;0.214648;0.214648;0.214648;0.214648;0.214648;0.214648;0.214648;0.214603;0.214447;0.214344;0.214344;0.214271;0.214271;0.214271;0.213967;0.213967;0.213966;0.213966;0.213966;0.213966;0.213674;0.213674;0.213674;0.213674;0.213447;0.213293;0.213293;0.213293;0.213293;0.213293;0.213289;0.213099;0.213099;0.213081;0.213081;0.213076;0.213076;0.213074;0.213074;0.213073;0.213072;0.213071;0.213070;0.213069;0.213067;0.213065;0.213065;0.213065;0.213064;0.213064;0.213063;0.213062;0.213061;0.213061;0.213061;0.213061;0.213061,16.49,95.45,39,1.2334,85.6848,-1.9169,51.9333,779,13.3091,2.2621,72.863,0.0,True,33.5,4840,3.3095,4.05
google,1500,20,linear,False,False,0.0,0.4,0.3,0.3,0,0,HHO,random,1,0.3333333333333333,CONV,0.054838;0.054591;0.054352;0.054058;0.053970;0.053880;0.053880;0.053867;0.053701;0.053526;0.053526;0.053526;0.053523;0.053523;0.053523;0.053523;0.053523;0.053523;0.053509;0.053485;0.053245;0.053185;0.053129;0.052905;0.052905;0.052903;0.052903;0.052903;0.052901;0.052901;0.052901;0.052901;0.052901;0.052901;0.052901;0.052901;0.052901;0.052901;0.052901;0.052901;0.052901;0.052901;0.052901;0.052901;0.052901;0.052901;0.052901;0.052901;0.052901;0.052901;0.052901;0.052901;0.052901;0.052814;0.052814;0.052814;0.052814;0.052620;0.052620;0.052620;0.052620;0.052620;0.052620;0.052620;0.052620;0.052620;0.052620;0.052620;0.052620;0.052620;0.052610;0.052610;0.052610;0.052610;0.052607;0.052607;0.052607;0.052607;0.052607;0.052607;0.052607;0.052607;0.052607;0.052607;0.052607;0.052507;0.052501;0.052387;0.052379;0.052379;0.052379;0.052379;0.052379;0.052377;0.052377;0.052377;0.052377;0.052377;0.052377;0.052377;0.052377;0.052377;0.052377;0.052377;0.052377;0.052377;0.052376;0.052376;0.052376;0.052376;0.052376;0.052376;0.052376;0.052376;0.052376;0.052376;0.052376;0.052376;0.052376;0.052376,16.49,95.45,39,1.128181,86.906,6.7775,0.0,0,12.8091,2.1434,74.495,0.0,True,27.0,8910,4.8357,2.99
google,1500,20,linear,False,False,0.0,0.4,0.3,0.3,0,0,HHO,random,2,0.3333333333333333,CONV,0.055235;0.054597;0.054261;0.054183;0.053820;0.053601;0.053601;0.053601;0.053601;0.053601;0.053601;0.053601;0.053598;0.053598;0.053598;0.053598;0.053598;0.053598;0.053598;0.053598;0.053597;0.053597;0.053597;0.053597;0.053597;0.053597;0.053597;0.053597;0.053597;0.053597;0.053597;0.053597;0.053597;0.053597;0.053597;0.053597;0.053597;0.053597;0.053597;0.053597;0.053597;0.053597;0.053597;0.053597;0.053597;0.053597;0.053597;0.053597;0.053597;0.053597;0.053597;0.053597;0.053597;0.053597;0.053597;0.053597;0.053597;0.053597;0.053597;0.053597;0.053597;0.053597;0.053597;0.053597;0.053597;0.053597;0.053597;0.053597;0.053597;0.053344;0.053344;0.053344;0.053344;0.053344;0.053344;0.053344;0.053344;0.053344;0.053344;0.053344;0.053344;0.053344;0.053344;0.053344;0.053344;0.053344;0.053344;0.053344;0.053344;0.053344;0.053344;0.053344;0.053344;0.053344;0.053344;0.053344;0.053344;0.053344;0.053344;0.053344;0.053344;0.053344;0.053344;0.053344;0.053344;0.053344;0.053344;0.053344;0.053344;0.053344;0.053344;0.053344;0.053344;0.053344;0.053344;0.053344;0.053344;0.053344;0.053344;0.053344,16.49,95.45,39,1.149032,86.664,5.0545,0.0,0,12.8591,2.1242,77.289,0.0,True,26.0,8780,409.2404,2.39
google,1500,20,linear,False,False,0.0,0.4,0.3,0.3,0,0,HHO,random,3,0.3333333333333333,CONV,0.055234;0.054457;0.054139;0.053630;0.053630;0.053501;0.053496;0.053496;0.053496;0.053496;0.053040;0.053040;0.052986;0.052974;0.052747;0.052747;0.052747;0.052747;0.052747;0.052747;0.052747;0.052747;0.052747;0.052747;0.052747;0.052747;0.052747;0.052747;0.052747;0.052747;0.052747;0.052747;0.052747;0.052747;0.052747;0.052747;0.052747;0.052747;0.052747;0.052747;0.052747;0.052747;0.052747;0.052747;0.052747;0.052747;0.052747;0.052747;0.052747;0.052747;0.052747;0.052747;0.052747;0.052747;0.052747;0.052747;0.052747;0.052747;0.052722;0.052719;0.052719;0.052373;0.052373;0.052372;0.052372;0.052372;0.052372;0.052371;0.052371;0.052371;0.052371;0.052371;0.052371;0.052371;0.052371;0.052371;0.052371;0.052371;0.052371;0.052371;0.052371;0.052371;0.052371;0.052371;0.052371;0.052371;0.052371;0.052371;0.052371;0.052371;0.052371;0.052371;0.052371;0.052371;0.052371;0.052371;0.052371;0.052371;0.052371;0.052371;0.052371;0.052371;0.052371;0.052371;0.052371;0.052371;0.052371;0.052371;0.052371;0.052371;0.052371;0.052371;0.052371;0.052371;0.052371;0.052371;0.052371;0.052370;0.052368;0.052368,16.49,95.45,39,1.128011,86.908,6.7915,0.0,0,12.8091,2.1031,79.981,0.0,True,25.5,8894,4.0626,2.56
google,1500,20,linear,False,False,0.0,0.4,0.3,0.3,0,0,HHO,random,4,0.3333333333333333,CONV,0.055692;0.054417;0.054208;0.054208;0.054208;0.053939;0.053813;0.053310;0.053310;0.053310;0.053310;0.053307;0.053307;0.053307;0.053307;0.053307;0.053111;0.053111;0.053111;0.053111;0.053111;0.053111;0.053111;0.053111;0.053111;0.053111;0.053111;0.053110;0.053110;0.053110;0.053110;0.053110;0.053110;0.053105;0.052726;0.052726;0.052726;0.052726;0.052726;0.052726;0.052726;0.052726;0.052726;0.052726;0.052726;0.052493;0.052493;0.052493;0.052493;0.052493;0.052493;0.052493;0.052493;0.052493;0.052493;0.052493;0.052493;0.052492;0.052492;0.052492;0.052492;0.052492;0.052492;0.052492;0.052492;0.052492;0.052492;0.052492;0.052492;0.052492;0.052492;0.052492;0.052492;0.052492;0.052490;0.052490;0.052490;0.052490;0.052490;0.052490;0.052490;0.052490;0.052490;0.052490;0.052490;0.052490;0.052490;0.052490;0.052490;0.052490;0.052490;0.052490;0.052490;0.052490;0.052490;0.052490;0.052490;0.052490;0.052490;0.052490;0.052490;0.052490;0.052490;0.052490;0.052490;0.052490;0.052490;0.052490;0.052490;0.052490;0.052490;0.052490;0.052490;0.052490;0.052490;0.052490;0.052490;0.052490;0.052490;0.052490,16.49,95.45,39,1.130635,86.8775,6.5747,0.0,0,12.8591,2.1338,75.267,0.0,True,25.5,9094,4.0854,2.58
google,1500,20,linear,False,False,0.0,0.4,0.3,0.3,0,0,HHO,random,5,0.3333333333333333,CONV,0.055842;0.054547;0.054434;0.054087;0.054087;0.054076;0.054076;0.054075;0.053886;0.053886;0.053883;0.053882;0.053631;0.053631;0.052934;0.052867;0.052752;0.052229;0.052229;0.051886;0.051886;0.051886;0.051886;0.051886;0.051886;0.051886;0.051881;0.051881;0.051881;0.051881;0.051881;0.051881;0.051881;0.051881;0.051881;0.051881;0.051881;0.051881;0.051879;0.051879;0.051879;0.051879;0.051879;0.051879;0.051879;0.051879;0.051879;0.051879;0.051879;0.051879;0.051879;0.051879;0.051879;0.051879;0.051879;0.051879;0.051879;0.051879;0.051879;0.051879;0.051879;0.051879;0.051879;0.051879;0.051879;0.051879;0.051879;0.051879;0.051879;0.051879;0.051879;0.051879;0.051879;0.051879;0.051879;0.051879;0.051879;0.051879;0.051879;0.051879;0.051879;0.051879;0.051700;0.051698;0.051696;0.051696;0.051448;0.051443;0.051442;0.051442;0.051442;0.051442;0.051441;0.051441;0.051441;0.051441;0.051441;0.051441;0.051441;0.051441;0.051441;0.051441;0.051441;0.051441;0.051441;0.051441;0.051441;0.051441;0.051441;0.051441;0.051441;0.051441;0.051441;0.051441;0.051441;0.051441;0.051441;0.051441;0.051441;0.051441,16.49,95.45,39,1.10803,87.1399,8.4425,0.0,0,13.1091,2.1707,62.309,0.0,True,28.5,8986,4.4114,2.72
google,1500,20,linear,False,False,0.0,0.4,0.3,0.3,0,0,HHO,random,6,0.3333333333333333,CONV,0.055576;0.055576;0.054828;0.054665;0.054508;0.054508;0.054330;0.054330;0.054330;0.054330;0.054330;0.054327;0.054192;0.054192;0.054192;0.053958;0.053899;0.053629;0.053629;0.053534;0.053108;0.053108;0.053108;0.053107;0.053106;0.053106;0.053106;0.053106;0.053106;0.053105;0.053105;0.053105;0.053105;0.053105;0.053105;0.053105;0.053105;0.053105;0.053105;0.053105;0.053105;0.053105;0.053105;0.053105;0.053105;0.053105;0.053105;0.053105;0.053105;0.053105;0.053105;0.053105;0.053105;0.053105;0.053105;0.053105;0.053105;0.053105;0.053105;0.053105;0.053105;0.053098;0.053098;0.053098;0.053098;0.053098;0.053098;0.053098;0.053098;0.053098;0.053098;0.053098;0.053098;0.053098;0.053098;0.053098;0.053098;0.053098;0.053098;0.053098;0.053098;0.053098;0.053098;0.053098;0.053098;0.053098;0.053098;0.053098;0.053098;0.053098;0.053098;0.053098;0.053098;0.053098;0.053098;0.053098;0.053098;0.053098;0.053098;0.053098;0.053098;0.053098;0.053098;0.053098;0.053098;0.053098;0.053098;0.053098;0.053098;0.053098;0.053094;0.053091;0.053091;0.053091;0.053091;0.053091;0.053091;0.053091;0.053091;0.052946,16.49,95.45,39,1.14045,86.7636,5.7637,0.0,0,12.9091,2.1436,74.041,0.0,True,27.5,8968,4.4302,2.77
google,1500,20,linear,False,False,0.0,0.4,0.3,0.3,0,0,WOA,carbon,3,0.3333333333333333,CONV,0.045332;0.044704;0.044704;0.044596;0.044451;0.044450;0.044450;0.044450;0.044450;0.044450;0.044450;0.044450;0.044450;0.044450;0.044449;0.044449;0.044349;0.044213;0.044181;0.044181;0.044181;0.044181;0.044181;0.044181;0.044181;0.044181;0.044181;0.044181;0.044181;0.044181;0.044181;0.044181;0.044181;0.044181;0.044181;0.044181;0.044181;0.044181;0.044181;0.044181;0.044181;0.044181;0.044181;0.044181;0.044181;0.044181;0.044181;0.044181;0.044181;0.044181;0.044181;0.044181;0.044181;0.044181;0.044181;0.044181;0.044181;0.044181;0.044181;0.044181;0.044181;0.044181;0.044181;0.044181;0.044181;0.044181;0.044181;0.044181;0.044181;0.044181;0.044181;0.044181;0.044181;0.044181;0.044181;0.044181;0.044181;0.044181;0.044181;0.044181;0.044181;0.044181;0.044181;0.044181;0.044181;0.044181;0.044181;0.044181;0.044181;0.044181;0.044181;0.044181;0.044181;0.044181;0.044181;0.044181;0.044181;0.044181;0.044181;0.044181;0.044181;0.044181;0.044181;0.044181;0.044181;0.044181;0.044181;0.044181;0.044181;0.044181;0.044181;0.044181;0.044181;0.044181;0.044181;0.044181;0.044181;0.044181;0.044181;0.044181,16.49,95.45,39,0.951659,88.9547,21.3636,0.0,0,12.7091,2.0322,66.323,0.0,True,26.0,4840,408.0022,2.55
google,1500,20,linear,False,False,0.0,0.4,0.3,0.3,0,0,WOA,carbon,4,0.3333333333333333,CONV,0.045448;0.045105;0.044976;0.044883;0.044883;0.044882;0.044829;0.044807;0.044799;0.044799;0.044799;0.044799;0.044799;0.044797;0.044706;0.044706;0.044706;0.044706;0.044706;0.044706;0.044704;0.044704;0.044704;0.044704;0.044704;0.044704;0.044704;0.044704;0.044704;0.044704;0.044704;0.044704;0.044704;0.044704;0.044704;0.044704;0.044704;0.044704;0.044704;0.044704;0.044704;0.044704;0.044704;0.044704;0.044704;0.044704;0.044704;0.044704;0.044704;0.044704;0.044704;0.044704;0.044704;0.044704;0.044704;0.044704;0.044704;0.044704;0.044704;0.044704;0.044704;0.044704;0.044704;0.044704;0.044704;0.044704;0.044704;0.044704;0.044704;0.044704;0.044704;0.044704;0.044704;0.044704;0.044704;0.044704;0.044704;0.044704;0.044704;0.044704;0.044704;0.044704;0.044704;0.044704;0.044704;0.044704;0.044704;0.044704;0.044704;0.044704;0.044704;0.044704;0.044704;0.044704;0.044704;0.044704;0.044704;0.044704;0.044704;0.044704;0.044704;0.044704;0.044704;0.044704;0.044704;0.044704;0.044704;0.044704;0.044704;0.044704;0.044704;0.044704;0.044704;0.044704;0.044704;0.044704;0.044704;0.044704;0.044704;0.044704,16.49,95.45,39,0.962921,88.824,20.4331,0.0,0,12.7591,2.0397,62.982,0.0,True,26.0,4840,2.7776,2.46
google,1500,20,linear,False,False,0.0,0.4,0.3,0.3,0,0,WOA,carbon,5,0.3333333333333333,CONV,0.045016;0.045016;0.045016;0.044680;0.044680;0.044447;0.044446;0.044446;0.044446;0.044446;0.044446;0.044446;0.044446;0.044446;0.044446;0.044446;0.044446;0.044446;0.044446;0.044446;0.044446;0.044446;0.044446;0.044446;0.044446;0.044446;0.044446;0.044446;0.044439;0.044439;0.044439;0.044439;0.044439;0.044439;0.044439;0.044439;0.044439;0.044439;0.044439;0.044439;0.044439;0.044439;0.044439;0.044439;0.044439;0.044439;0.044439;0.044439;0.044439;0.044439;0.044439;0.044439;0.044439;0.044439;0.044439;0.044439;0.044439;0.044439;0.044439;0.044439;0.044439;0.044439;0.044439;0.044439;0.044439;0.044439;0.044439;0.044439;0.044439;0.044439;0.044439;0.044439;0.044439;0.044439;0.044439;0.044439;0.044439;0.044439;0.044439;0.044439;0.044439;0.044439;0.044439;0.044439;0.044439;0.044439;0.044439;0.044439;0.044439;0.044439;0.044439;0.044439;0.044439;0.044439;0.044439;0.044439;0.044439;0.044439;0.044439;0.044439;0.044439;0.044439;0.044439;0.044439;0.044439;0.044439;0.044439;0.044439;0.044439;0.044439;0.044439;0.044439;0.044439;0.044439;0.044439;0.044439;0.044439;0.044439;0.044439;0.044439,16.49,95.45,39,0.957212,88.8903,20.9048,0.0,0,12.6091,2.0172,72.26,0.0,True,26.0,4840,2.7156,2.46
google,1500,20,linear,False,False,0.0,0.4,0.3,0.3,0,0,WOA,carbon,6,0.3333333333333333,CONV,0.046725;0.045719;0.045719;0.045619;0.045619;0.045613;0.045613;0.045613;0.045613;0.045613;0.045613;0.045570;0.045570;0.045570;0.045565;0.045565;0.045555;0.045545;0.045545;0.045518;0.045434;0.045201;0.045201;0.045198;0.045196;0.045196;0.045196;0.045196;0.045196;0.045051;0.045051;0.045051;0.045051;0.045051;0.045051;0.045051;0.045051;0.045051;0.045051;0.045051;0.045051;0.045051;0.045051;0.045051;0.045051;0.045051;0.045051;0.045051;0.045051;0.045051;0.045051;0.045051;0.045051;0.045051;0.045051;0.045051;0.045051;0.045051;0.045051;0.045051;0.045051;0.045051;0.045051;0.045051;0.045051;0.045051;0.045051;0.045051;0.045051;0.045051;0.045051;0.045051;0.045051;0.045051;0.045051;0.045051;0.045051;0.045051;0.045051;0.045051;0.045051;0.045051;0.045051;0.045051;0.045051;0.045051;0.045051;0.045051;0.045051;0.045051;0.045051;0.045051;0.045051;0.045051;0.045051;0.045051;0.045051;0.045051;0.045051;0.045051;0.045051;0.045051;0.045051;0.045051;0.045051;0.045051;0.045051;0.045051;0.045051;0.045051;0.045051;0.045051;0.045051;0.045051;0.045051;0.045051;0.045051;0.045051;0.045051;0.045051,16.49,95.45,39,0.970397,88.7373,19.8153,0.0,0,12.6591,2.0247,70.041,0.0,True,26.0,4840,2.6257,2.54
google,1500,20,linear,False,False,0.0,0.4,0.3,0.3,0,0,WOA,carbon,7,0.3333333333333333,CONV,0.044563;0.044511;0.044387;0.044385;0.044383;0.044288;0.044287;0.044287;0.044286;0.044286;0.044286;0.044286;0.044286;0.044286;0.044286;0.044286;0.044286;0.044286;0.044286;0.044286;0.044286;0.044286;0.044286;0.044286;0.044286;0.044286;0.044286;0.044286;0.044286;0.044286;0.044286;0.044286;0.044286;0.044286;0.044286;0.044286;0.044286;0.044286;0.044286;0.044286;0.044286;0.044286;0.044286;0.044286;0.044286;0.044286;0.044286;0.044286;0.044286;0.044286;0.044286;0.044286;0.044286;0.044286;0.044286;0.044286;0.044286;0.044286;0.044286;0.044286;0.044286;0.044286;0.044286;0.044286;0.044286;0.044286;0.044286;0.044286;0.044286;0.044286;0.044286;0.044286;0.044286;0.044286;0.044286;0.044286;0.044286;0.044286;0.044286;0.044286;0.044286;0.044286;0.044286;0.044286;0.044286;0.044286;0.044286;0.044286;0.044286;0.044286;0.044286;0.044286;0.044286;0.044286;0.044286;0.044286;0.044286;0.044286;0.044286;0.044286;0.044286;0.044286;0.044286;0.044286;0.044286;0.044286;0.044286;0.044286;0.044286;0.044286;0.044286;0.044286;0.044286;0.044286;0.044286;0.044286;0.044286;0.044286;0.044286;0.044286,16.49,95.45,39,0.953923,88.9285,21.1766,0.0,0,12.7091,2.0322,64.987,0.0,True,26.0,4840,2.8714,2.43
google,1500,20,linear,False,False,0.0,0.4,0.3,0.3,0,0,WOA,carbon,8,0.3333333333333333,CONV,0.046178;0.045660;0.045515;0.045127;0.045127;0.045127;0.045127;0.045127;0.045127;0.044735;0.044729;0.044728;0.044728;0.044727;0.044727;0.044727;0.044725;0.044725;0.044724;0.044724;0.044724;0.044724;0.044724;0.044724;0.044724;0.044724;0.044724;0.044724;0.044724;0.044724;0.044724;0.044724;0.044724;0.044724;0.044724;0.044724;0.044724;0.044724;0.044724;0.044724;0.044724;0.044724;0.044724;0.044724;0.044724;0.044724;0.044724;0.044724;0.044724;0.044724;0.044724;0.044724;0.044724;0.044724;0.044724;0.044724;0.044724;0.044724;0.044723;0.044723;0.044723;0.044723;0.044723;0.044723;0.044723;0.044723;0.044723;0.044723;0.044723;0.044723;0.044723;0.044723;0.044723;0.044723;0.044723;0.044723;0.044723;0.044723;0.044723;0.044723;0.044723;0.044723;0.044723;0.044723;0.044723;0.044723;0.044723;0.044723;0.044723;0.044723;0.044723;0.044723;0.044723;0.044723;0.044723;0.044723;0.044723;0.044723;0.044723;0.044723;0.044723;0.044723;0.044723;0.044723;0.044723;0.044723;0.044723;0.044723;0.044723;0.044723;0.044723;0.044723;0.044723;0.044723;0.044723;0.044723;0.044723;0.044723;0.044723;0.044723,16.49,95.45,39,0.963338,88.8192,20.3986,0.0,0,12.6091,2.0172,71.12,0.0,True,26.0,4840,2.6958,2.48
google,1500,20,linear,False,False,0.0,0.4,0.3,0.3,0,0,WOA,carbon,9,0.3333333333333333,CONV,0.045630;0.045096;0.045096;0.045088;0.044959;0.044956;0.044956;0.044956;0.044956;0.044956;0.044956;0.044941;0.044871;0.044871;0.044871;0.044828;0.044826;0.044824;0.044823;0.044817;0.044816;0.044811;0.044808;0.044808;0.044808;0.044808;0.044808;0.044808;0.044808;0.044808;0.044808;0.044808;0.044808;0.044808;0.044808;0.044808;0.044808;0.044808;0.044808;0.044808;0.044808;0.044808;0.044808;0.044808;0.044808;0.044808;0.044808;0.044808;0.044808;0.044808;0.044808;0.044808;0.044808;0.044808;0.044808;0.044808;0.044808;0.044808;0.044808;0.044808;0.044808;0.044808;0.044808;0.044808;0.044808;0.044808;0.044808;0.044808;0.044808;0.044808;0.044808;0.044808;0.044808;0.044808;0.044808;0.044808;0.044808;0.044808;0.044808;0.044808;0.044808;0.044808;0.044808;0.044808;0.044808;0.044808;0.044808;0.044808;0.044808;0.044808;0.044808;0.044808;0.044808;0.044808;0.044808;0.044808;0.044808;0.044808;0.044808;0.044808;0.044808;0.044808;0.044808;0.044808;0.044808;0.044808;0.044808;0.044808;0.044808;0.044808;0.044808;0.044808;0.044808;0.044808;0.044808;0.044808;0.044808;0.044808;0.044808;0.044808,16.49,95.45,39,0.965154,88.7981,20.2485,0.0,0,12.7091,2.0322,66.823,0.0,True,26.0,4840,2.9848,2.59
google,1500,20,linear,False,False,0.0,0.4,0.3,0.3,0,0,WOA,carbon,10,0.3333333333333333,CONV,0.045057;0.044743;0.044286;0.044286;0.044286;0.044286;0.044286;0.044286;0.044286;0.044286;0.044286;0.044286;0.044286;0.044286;0.044286;0.044286;0.044286;0.044286;0.044286;0.044286;0.044286;0.044286;0.044286;0.044286;0.044286;0.044286;0.044286;0.044286;0.044286;0.044286;0.044286;0.044286;0.044286;0.044286;0.044286;0.044286;0.044286;0.044286;0.044286;0.044286;0.044286;0.044286;0.044286;0.044286;0.044286;0.044286;0.044286;0.044286;0.044286;0.044286;0.044286;0.044286;0.044286;0.044286;0.044286;0.044286;0.044286;0.044286;0.044286;0.044286;0.044286;0.044286;0.044286;0.044286;0.044286;0.044286;0.044286;0.044286;0.044286;0.044286;0.044286;0.044286;0.044286;0.044286;0.044286;0.044286;0.044286;0.044286;0.044286;0.044286;0.044286;0.044286;0.044286;0.044286;0.044286;0.044286;0.044286;0.044286;0.044286;0.044286;0.044286;0.044286;0.044286;0.044286;0.044286;0.044286;0.044286;0.044286;0.044286;0.044286;0.044286;0.044286;0.044286;0.044286;0.044286;0.044286;0.044286;0.044286;0.044286;0.044286;0.044286;0.044286;0.044286;0.044286;0.044286;0.044286;0.044286;0.044286;0.044286;0.044286,16.49,95.45,39,0.953919,88.9285,21.1769,0.0,0,12.7091,2.0322,64.87,0.0,True,26.0,4840,2.8243,2.34
google,1500,20,linear,False,False,0.0,0.4,0.3,0.3,0,0,HHO,random,7,0.3333333333333333,CONV,0.055634;0.054164;0.054020;0.053552;0.053552;0.053548;0.053548;0.053545;0.053545;0.053545;0.053545;0.053545;0.053545;0.053545;0.053545;0.053545;0.053545;0.053545;0.053545;0.053545;0.053545;0.053545;0.053545;0.053545;0.053545;0.053424;0.053424;0.053424;0.053424;0.053424;0.053424;0.053424;0.053424;0.053424;0.053424;0.053424;0.053424;0.053424;0.053423;0.053423;0.053423;0.053423;0.053423;0.053423;0.053423;0.053423;0.053423;0.053423;0.053340;0.053339;0.053336;0.053336;0.053336;0.053336;0.053336;0.053336;0.053315;0.052970;0.052970;0.052970;0.052969;0.052969;0.052969;0.052969;0.052969;0.052969;0.052969;0.052969;0.052894;0.052893;0.052893;0.052893;0.052893;0.052893;0.052893;0.052808;0.052687;0.052686;0.052450;0.052450;0.052450;0.052450;0.052450;0.052450;0.052450;0.052449;0.052449;0.052449;0.052449;0.052449;0.052449;0.052449;0.052449;0.052449;0.052449;0.052449;0.052449;0.052449;0.052449;0.052449;0.052449;0.052449;0.052449;0.052449;0.052449;0.052449;0.052449;0.052449;0.052449;0.052449;0.052449;0.052449;0.052449;0.052449;0.052449;0.052449;0.052449;0.052449;0.052449;0.052449,16.49,95.45,39,1.129758,86.8877,6.6472,0.0,0,12.8591,2.1366,78.353,0.0,True,27.0,8946,4.852,2.78
google,1500,20,linear,False,False,0.0,0.4,0.3,0.3,0,0,HHO,random,8,0.3333333333333333,CONV,0.055667;0.054444;0.053813;0.053590;0.053590;0.053124;0.053124;0.053124;0.053014;0.052971;0.052490;0.052488;0.052196;0.052196;0.052196;0.052196;0.052178;0.052178;0.052178;0.052178;0.052151;0.051909;0.051909;0.051909;0.051899;0.051899;0.051899;0.051899;0.051899;0.051899;0.051475;0.051475;0.051465;0.051465;0.051465;0.051465;0.051465;0.051465;0.051465;0.051465;0.051465;0.051465;0.051465;0.051465;0.051465;0.051465;0.051465;0.051465;0.051465;0.051465;0.051465;0.051465;0.051465;0.051465;0.051465;0.051465;0.051465;0.051465;0.051465;0.051464;0.051464;0.051464;0.051464;0.051464;0.051464;0.051464;0.051464;0.051464;0.051464;0.051464;0.051464;0.051464;0.051464;0.051464;0.051464;0.051464;0.051464;0.051464;0.051464;0.051464;0.051463;0.051463;0.051463;0.051463;0.051463;0.051463;0.051463;0.051463;0.051463;0.051463;0.051463;0.051463;0.051463;0.051463;0.051463;0.051463;0.051463;0.051463;0.051463;0.051463;0.051463;0.051463;0.051463;0.051463;0.051463;0.051463;0.051463;0.051463;0.051463;0.051463;0.051463;0.051463;0.051461;0.051461;0.051459;0.051459;0.051459;0.051459;0.051458;0.051458,16.49,95.45,39,1.108395,87.1356,8.4124,0.0,0,12.9591,2.1175,70.711,0.0,True,27.5,8872,4.8743,2.87
google,1500,20,linear,False,False,0.0,0.4,0.3,0.3,0,0,HHO,random,9,0.3333333333333333,CONV,0.054831;0.054831;0.054661;0.054533;0.054532;0.054532;0.054516;0.054516;0.054516;0.054392;0.054392;0.054392;0.054392;0.054391;0.054384;0.054384;0.054384;0.054384;0.054382;0.054222;0.054216;0.054216;0.054216;0.054216;0.054216;0.054216;0.054216;0.054216;0.054216;0.054216;0.054142;0.054138;0.054135;0.054134;0.054132;0.054132;0.054132;0.054132;0.054132;0.054132;0.054132;0.054132;0.054132;0.054132;0.054009;0.054009;0.054008;0.054008;0.054008;0.054008;0.053987;0.053963;0.053777;0.053649;0.053649;0.053647;0.053553;0.053550;0.053550;0.053550;0.053549;0.053547;0.053415;0.053415;0.053415;0.053415;0.053415;0.053415;0.053415;0.053415;0.053415;0.053415;0.053415;0.053415;0.053415;0.053415;0.053415;0.053415;0.053415;0.053415;0.053415;0.053415;0.053415;0.053415;0.053415;0.053415;0.053415;0.053415;0.053415;0.053415;0.053415;0.053415;0.053415;0.053415;0.053415;0.053243;0.053243;0.053236;0.053235;0.053235;0.053223;0.053223;0.053218;0.053218;0.053218;0.053218;0.053218;0.053218;0.053218;0.053218;0.053218;0.053218;0.053218;0.053218;0.053218;0.053218;0.053218;0.053218;0.053218;0.053218,16.49,95.45,39,1.146315,86.6955,5.2791,0.0,0,13.0091,2.1683,73.386,0.0,True,27.5,8790,409.4109,2.99
google,1500,20,linear,False,False,0.0,0.4,0.3,0.3,0,0,HHO,random,10,0.3333333333333333,CONV,0.055144;0.054655;0.054354;0.054243;0.054243;0.054239;0.054239;0.054239;0.054239;0.054235;0.054235;0.054235;0.054235;0.054235;0.054129;0.054127;0.054127;0.054127;0.054127;0.054127;0.054127;0.054127;0.054127;0.054127;0.054127;0.054127;0.054127;0.054127;0.054127;0.054127;0.054127;0.054127;0.054127;0.054127;0.054127;0.054127;0.054127;0.054127;0.054127;0.054127;0.054127;0.054127;0.054127;0.054127;0.054127;0.054127;0.054127;0.054127;0.054127;0.054127;0.053857;0.053857;0.053857;0.053857;0.053857;0.053857;0.053857;0.053857;0.053746;0.053746;0.053746;0.053746;0.053746;0.053746;0.053746;0.053746;0.053746;0.053746;0.053746;0.053746;0.053746;0.053746;0.053746;0.053746;0.053719;0.053719;0.053719;0.053719;0.053719;0.053719;0.053719;0.053719;0.053719;0.053719;0.053717;0.053717;0.053717;0.053717;0.053717;0.053717;0.053717;0.053640;0.053274;0.053274;0.053219;0.053219;0.053219;0.053196;0.053191;0.053191;0.053191;0.053191;0.053191;0.053191;0.053191;0.053191;0.053191;0.053177;0.053168;0.053167;0.053161;0.053160;0.053160;0.053160;0.053160;0.053160;0.053016;0.053012;0.053009;0.053009,16.49,95.45,39,1.141819,86.7477,5.6505,0.0,0,12.9091,2.1514,74.636,0.0,True,26.5,8942,4.1655,2.87
google,1500,20,linear,False,False,0.0,0.4,0.3,0.3,0,0,GA,random,1,0.3333333333333333,CONV,0.242529;0.237139;0.235739;0.232247;0.232102;0.229771;0.226467;0.225721;0.222735;0.222181;0.219799;0.217304;0.216742;0.216019;0.214470;0.214015;0.212434;0.211951;0.210120;0.209266;0.208927;0.207898;0.207898;0.206629;0.205010;0.205010;0.203754;0.201715;0.201715;0.201640;0.199971;0.199692;0.199692;0.198654;0.197811;0.197811;0.197556;0.195602;0.195602;0.193686;0.193686;0.191978;0.191032;0.190004;0.189824;0.187397;0.186908;0.184962;0.182843;0.182843;0.182843;0.182843;0.182843;0.182103;0.182103;0.182103;0.182103;0.181967;0.181066;0.181066;0.180432;0.180432;0.180247;0.178524;0.178524;0.178524;0.177682;0.177682;0.177682;0.176498;0.176498;0.176498;0.176498;0.176498;0.176472;0.175447;0.175447;0.175447;0.175041;0.175041;0.174074;0.174074;0.173478;0.173478;0.173478;0.173478;0.173478;0.173478;0.173478;0.172760;0.171079;0.171079;0.171079;0.171079;0.171079;0.171079;0.171079;0.171079;0.171079;0.171041;0.171041;0.171041;0.169526;0.169526;0.169526;0.169526;0.169526;0.169526;0.168332;0.168332;0.168332;0.167595;0.167595;0.167595;0.167595;0.167595;0.167595;0.167583;0.167440;0.167081,16.49,95.45,39,1.242454,85.5797,-2.665,36.4667,547,13.6591,2.3119,67.626,0.0,True,33.5,4840,4.5766,4.45
google,1500,20,linear,False,False,0.0,0.4,0.3,0.3,0,0,GA,random,2,0.3333333333333333,CONV,0.239756;0.238412;0.236424;0.235529;0.232220;0.229241;0.227991;0.226147;0.222772;0.220350;0.218214;0.216397;0.214341;0.211614;0.210707;0.209547;0.207712;0.206918;0.206918;0.204229;0.202604;0.201819;0.200171;0.199759;0.199207;0.199207;0.197827;0.196180;0.196180;0.194870;0.194734;0.193727;0.193727;0.192794;0.191202;0.190412;0.190412;0.190412;0.190412;0.190412;0.190412;0.190412;0.190412;0.186900;0.186900;0.186900;0.186900;0.186336;0.186336;0.186336;0.186336;0.184978;0.184965;0.183339;0.182164;0.182082;0.182082;0.181506;0.181506;0.181506;0.179330;0.179330;0.179330;0.178446;0.178446;0.178446;0.178446;0.178446;0.178446;0.178446;0.178446;0.178446;0.178446;0.175791;0.175791;0.174939;0.174939;0.174939;0.174164;0.174164;0.174164;0.174164;0.174164;0.173973;0.173973;0.173973;0.173187;0.173187;0.173187;0.173187;0.173187;0.173187;0.172121;0.170160;0.170160;0.170160;0.170160;0.170160;0.170160;0.170160;0.170160;0.170160;0.170160;0.170160;0.170160;0.170160;0.170160;0.170160;0.170160;0.170160;0.169694;0.169694;0.169694;0.169694;0.169694;0.169694;0.168582;0.168582;0.168582;0.168582,16.49,95.45,39,1.231696,85.7046,-1.776,37.1333,557,13.6091,2.2915,68.839,0.0,True,33.0,4840,4.9317,4.43
google,1500,20,linear,False,False,0.0,0.4,0.3,0.3,0,0,GA,random,3,0.3333333333333333,CONV,0.240693;0.238254;0.230073;0.230073;0.230073;0.229523;0.226440;0.226179;0.224671;0.223791;0.222665;0.221276;0.218429;0.215658;0.214842;0.214842;0.213841;0.212633;0.211193;0.208952;0.208314;0.207907;0.205693;0.203463;0.202796;0.200811;0.200778;0.200778;0.199097;0.199097;0.196116;0.196116;0.194140;0.193643;0.192593;0.192220;0.190464;0.190381;0.190381;0.190381;0.188927;0.187220;0.185619;0.185619;0.185619;0.185619;0.184785;0.183712;0.183712;0.183712;0.182671;0.182214;0.181039;0.181039;0.181039;0.179458;0.179020;0.179020;0.178426;0.175885;0.175885;0.175885;0.175885;0.175885;0.175885;0.174444;0.174308;0.174308;0.174054;0.173240;0.173240;0.173240;0.173240;0.173240;0.173107;0.172169;0.172169;0.172163;0.170882;0.170882;0.169760;0.169760;0.169760;0.169760;0.169401;0.168258;0.168258;0.168258;0.168258;0.168258;0.168258;0.168258;0.168258;0.168258;0.168258;0.168258;0.168258;0.167201;0.167201;0.167201;0.166108;0.166108;0.166108;0.166108;0.166108;0.166108;0.166108;0.166108;0.166108;0.166108;0.166108;0.166108;0.166108;0.166108;0.166108;0.166108;0.166108;0.166108;0.166108;0.166108,16.49,95.45,39,1.255956,85.423,-3.7807,35.9333,539,13.7591,2.3076,65.049,0.0,True,36.5,4840,5.0166,4.34
google,1500,20,linear,False,False,0.0,0.4,0.3,0.3,0,0,GA,random,4,0.3333333333333333,CONV,0.241450;0.241233;0.236920;0.236151;0.232432;0.229109;0.228264;0.226279;0.223268;0.221733;0.219942;0.216650;0.216650;0.214612;0.213818;0.212432;0.208917;0.208587;0.208587;0.207885;0.206173;0.205648;0.204880;0.204140;0.202475;0.202099;0.200395;0.199298;0.197040;0.196717;0.196697;0.196367;0.193055;0.193055;0.192287;0.192287;0.192003;0.192003;0.191352;0.190639;0.189130;0.187085;0.187085;0.185726;0.184219;0.184219;0.184219;0.184219;0.183173;0.182802;0.181007;0.180847;0.180847;0.180847;0.179671;0.179242;0.179242;0.178728;0.178695;0.177956;0.177956;0.177956;0.177101;0.176964;0.176964;0.176964;0.176567;0.175623;0.175623;0.175460;0.175460;0.174693;0.174693;0.174693;0.172938;0.171902;0.171902;0.171902;0.171902;0.171902;0.171902;0.171902;0.171902;0.171902;0.171902;0.171664;0.171013;0.171013;0.171013;0.170490;0.170063;0.170063;0.169609;0.169609;0.169609;0.169609;0.169609;0.169609;0.169609;0.169609;0.166852;0.166852;0.166852;0.166852;0.166852;0.166852;0.166852;0.166747;0.166747;0.166747;0.166747;0.166747;0.166747;0.166747;0.166747;0.166747;0.166747;0.166747;0.166747;0.166129,16.49,95.45,39,1.252091,85.4678,-3.4613,36.0,540,13.8091,2.3571,65.15,0.0,True,33.5,4840,4.9035,4.5
google,1500,20,linear,False,False,0.0,0.4,0.3,0.3,0,0,GA,random,5,0.3333333333333333,CONV,0.241351;0.239548;0.235425;0.232741;0.231614;0.229372;0.227305;0.223507;0.223226;0.220901;0.216938;0.216288;0.215794;0.215794;0.213829;0.211738;0.211148;0.211148;0.209335;0.206442;0.204685;0.204660;0.204336;0.202896;0.202518;0.200062;0.200062;0.199553;0.198168;0.196861;0.195229;0.195229;0.195229;0.193895;0.193052;0.190942;0.190201;0.190201;0.189461;0.189285;0.189172;0.188199;0.187848;0.187531;0.185083;0.185083;0.182420;0.182420;0.181579;0.181579;0.181285;0.180685;0.179857;0.179857;0.179857;0.179857;0.179382;0.176990;0.176829;0.176829;0.176829;0.176829;0.176829;0.176558;0.175624;0.175526;0.175526;0.175526;0.175526;0.175526;0.175526;0.175168;0.175168;0.174812;0.173762;0.173762;0.173762;0.173682;0.173682;0.173682;0.172784;0.172784;0.172784;0.172784;0.172784;0.172784;0.172784;0.172784;0.172784;0.172784;0.172468;0.171958;0.169305;0.169305;0.169305;0.169305;0.169305;0.169305;0.169305;0.169305;0.169305;0.169305;0.169305;0.169274;0.169274;0.169274;0.169274;0.168737;0.168737;0.168737;0.168737;0.167246;0.166545;0.166444;0.166197;0.165316;0.162904;0.162904;0.162904;0.162904,16.49,95.45,39,1.238635,85.624,-2.3494,35.1333,527,13.7591,2.3207,66.666,0.0,True,35.0,4840,5.9301,4.34
google,1500,20,linear,False,False,0.0,0.4,0.3,0.3,0,0,GA,random,6,0.3333333333333333,CONV,0.241571;0.238277;0.236570;0.235152;0.229528;0.229528;0.227718;0.226556;0.224265;0.222020;0.221372;0.220203;0.218163;0.216563;0.214683;0.212730;0.211849;0.209277;0.207657;0.207657;0.205852;0.205430;0.201725;0.201725;0.201725;0.201418;0.200744;0.199175;0.198207;0.198193;0.196426;0.196426;0.195912;0.194216;0.194216;0.190039;0.190039;0.190039;0.190039;0.190039;0.189627;0.188583;0.188165;0.186278;0.185300;0.184973;0.184973;0.184973;0.184973;0.184733;0.181726;0.181726;0.181726;0.180798;0.180414;0.179530;0.179530;0.179060;0.178130;0.177387;0.176492;0.174096;0.174096;0.173367;0.173367;0.173367;0.173367;0.173367;0.171968;0.171914;0.171914;0.171914;0.171914;0.171317;0.170691;0.170691;0.170551;0.170551;0.170551;0.169687;0.169687;0.169687;0.169687;0.169687;0.169687;0.168987;0.168987;0.168987;0.168797;0.168797;0.168797;0.168673;0.168673;0.168673;0.168673;0.168673;0.168076;0.168076;0.167426;0.167426;0.167426;0.167426;0.167426;0.166869;0.166418;0.161774;0.161774;0.161774;0.161774;0.161774;0.161774;0.161774;0.161774;0.161774;0.161774;0.161774;0.161774;0.161774;0.161774;0.161774,16.49,95.45,39,1.218605,85.8565,-0.6943,35.0667,526,13.5591,2.2739,68.401,0.0,True,33.0,4840,410.3837,4.34
google,1500,20,linear,False,False,0.0,0.4,0.3,0.3,0,0,GA,random,7,0.3333333333333333,CONV,0.241123;0.237253;0.235374;0.235353;0.233611;0.229636;0.228212;0.225701;0.223408;0.221553;0.219205;0.217485;0.216498;0.214592;0.213958;0.212345;0.209921;0.209921;0.209394;0.207599;0.206011;0.203109;0.203109;0.201141;0.201141;0.200357;0.199508;0.198004;0.198004;0.197720;0.196292;0.195425;0.193255;0.193255;0.193255;0.193255;0.192628;0.191960;0.191960;0.191598;0.190262;0.190262;0.189458;0.188267;0.187470;0.187379;0.187379;0.185957;0.185957;0.184794;0.184794;0.184060;0.184060;0.184060;0.183348;0.181896;0.181896;0.181896;0.181199;0.180588;0.179121;0.178043;0.177545;0.176912;0.176912;0.176912;0.176378;0.176317;0.174609;0.174609;0.174609;0.174609;0.174609;0.174518;0.174271;0.174242;0.174242;0.174242;0.173775;0.173775;0.173775;0.173009;0.173009;0.173009;0.173009;0.173009;0.173009;0.170509;0.170509;0.170308;0.170308;0.170308;0.170308;0.170238;0.170238;0.169946;0.169946;0.169485;0.169422;0.169320;0.169320;0.169320;0.169120;0.168199;0.168199;0.168199;0.168199;0.168199;0.168199;0.168199;0.168199;0.168199;0.168199;0.168199;0.168199;0.168199;0.168199;0.168199;0.168199;0.168199,16.49,95.45,39,1.23207,85.7002,-1.8069,37.0,555,13.7091,2.3221,66.975,0.0,True,33.5,4840,4.8685,4.33
google,1500,20,linear,False,False,0.0,0.4,0.3,0.3,0,0,GA,random,8,0.3333333333333333,CONV,0.241846;0.238906;0.235881;0.234956;0.229840;0.227701;0.226664;0.224630;0.222222;0.220224;0.219544;0.215724;0.214582;0.212930;0.212930;0.212208;0.210435;0.208848;0.208848;0.207550;0.205653;0.205347;0.204162;0.203544;0.201271;0.198674;0.198674;0.198674;0.197360;0.196478;0.195001;0.193658;0.192475;0.190950;0.190881;0.190640;0.189657;0.188538;0.188189;0.186485;0.186485;0.186485;0.186485;0.186323;0.185968;0.184473;0.184473;0.182682;0.182682;0.182682;0.182609;0.182432;0.182342;0.181472;0.181233;0.180986;0.178928;0.178928;0.178928;0.178928;0.178928;0.178928;0.177590;0.177590;0.177590;0.177240;0.176035;0.176035;0.176035;0.176035;0.176035;0.174307;0.174307;0.174307;0.172198;0.172198;0.172198;0.172198;0.172198;0.172198;0.172198;0.172198;0.172198;0.172198;0.172198;0.172198;0.172198;0.172198;0.172198;0.172198;0.172198;0.171241;0.171241;0.171241;0.171241;0.171241;0.169711;0.168225;0.168225;0.168225;0.167641;0.167641;0.167641;0.167641;0.167641;0.167641;0.167641;0.167641;0.167385;0.167385;0.167385;0.167385;0.167385;0.167385;0.167385;0.167385;0.167385;0.167385;0.167385;0.166860,16.49,95.45,39,1.220453,85.835,-0.847,36.7333,551,13.5591,2.2941,68.726,0.0,True,34.5,4840,5.1004,4.28
google,1500,20,linear,False,False,0.0,0.4,0.3,0.3,0,0,GA,random,9,0.3333333333333333,CONV,0.240233;0.237472;0.235234;0.231459;0.229114;0.227289;0.226466;0.223811;0.221741;0.220231;0.219216;0.216363;0.216225;0.211487;0.211487;0.211487;0.209329;0.208264;0.206807;0.205832;0.204809;0.203000;0.201651;0.201651;0.199938;0.199839;0.197754;0.195968;0.194481;0.194481;0.193809;0.191622;0.191622;0.191513;0.188802;0.187855;0.187624;0.187050;0.186268;0.186268;0.184556;0.184556;0.184111;0.183570;0.183570;0.183570;0.183570;0.182818;0.182818;0.182584;0.182584;0.181613;0.181613;0.181613;0.181613;0.181613;0.181310;0.181116;0.181116;0.181116;0.181116;0.180969;0.177686;0.177686;0.177122;0.176662;0.175775;0.175775;0.173583;0.173583;0.173583;0.173583;0.173323;0.173323;0.173323;0.173323;0.173323;0.173323;0.173323;0.173323;0.173323;0.173323;0.173323;0.173323;0.173323;0.173323;0.173323;0.172669;0.172669;0.172669;0.172669;0.172261;0.170248;0.170248;0.170248;0.170248;0.170248;0.169359;0.169359;0.169359;0.169359;0.169359;0.169028;0.169028;0.168171;0.168171;0.167966;0.167966;0.167966;0.167669;0.167669;0.165067;0.165067;0.165067;0.165067;0.165067;0.165067;0.164989;0.164989;0.164989,16.49,95.45,39,1.227542,85.7528,-1.4328,36.0,540,13.5591,2.2979,68.109,0.0,True,36.0,4840,5.2523,4.49
google,1500,20,linear,False,False,0.0,0.4,0.3,0.3,0,0,GA,random,10,0.3333333333333333,CONV,0.240460;0.239649;0.234324;0.230696;0.229262;0.228182;0.226652;0.223404;0.222135;0.219407;0.219138;0.216349;0.215007;0.212401;0.210634;0.210084;0.209974;0.209555;0.207780;0.207584;0.206623;0.205958;0.205808;0.204510;0.202941;0.202921;0.202591;0.200732;0.200177;0.198987;0.198170;0.196581;0.196077;0.193225;0.193225;0.193144;0.193144;0.192640;0.191379;0.191379;0.190092;0.190092;0.188867;0.188867;0.188009;0.187964;0.187746;0.186487;0.185709;0.185709;0.185709;0.185630;0.185630;0.184688;0.184376;0.183544;0.181963;0.180546;0.180546;0.180546;0.180399;0.178816;0.178816;0.175723;0.175491;0.174687;0.172823;0.172823;0.172811;0.172443;0.172442;0.171695;0.171695;0.171243;0.171243;0.171243;0.171243;0.170191;0.170191;0.170191;0.170191;0.170191;0.170191;0.170191;0.170191;0.170191;0.170191;0.170191;0.170191;0.169485;0.169485;0.169485;0.169144;0.169144;0.169144;0.169144;0.169144;0.169144;0.169144;0.169119;0.169119;0.168940;0.168937;0.168937;0.168937;0.168937;0.168937;0.168937;0.168937;0.168937;0.168937;0.168786;0.168786;0.168786;0.168470;0.166883;0.166883;0.166883;0.166697;0.166409,16.49,95.45,39,1.240894,85.5978,-2.5361,36.2667,544,13.8091,2.3401,65.173,0.0,True,33.5,4840,5.1312,4.42
google,1500,20,linear,False,False,0.0,0.4,0.3,0.3,0,0,WOA,carbon,1,0.3333333333333333,CONV,0.045429;0.045381;0.045381;0.045381;0.045381;0.044731;0.044717;0.044714;0.044602;0.044602;0.044602;0.044602;0.044601;0.044601;0.044601;0.044601;0.044601;0.044601;0.044601;0.044601;0.044601;0.044601;0.044601;0.044601;0.044601;0.044601;0.044601;0.044601;0.044601;0.044601;0.044601;0.044601;0.044601;0.044601;0.044601;0.044601;0.044601;0.044601;0.044601;0.044601;0.044601;0.044601;0.044601;0.044601;0.044601;0.044601;0.044601;0.044601;0.044601;0.044601;0.044601;0.044601;0.044601;0.044601;0.044601;0.044601;0.044601;0.044601;0.044601;0.044601;0.044601;0.044601;0.044601;0.044601;0.044601;0.044601;0.044601;0.044601;0.044601;0.044601;0.044601;0.044601;0.044601;0.044601;0.044601;0.044601;0.044601;0.044601;0.044601;0.044601;0.044601;0.044601;0.044601;0.044601;0.044601;0.044601;0.044601;0.044601;0.044601;0.044601;0.044601;0.044601;0.044601;0.044601;0.044601;0.044601;0.044601;0.044601;0.044601;0.044601;0.044601;0.044601;0.044601;0.044601;0.044601;0.044601;0.044601;0.044601;0.044601;0.044601;0.044601;0.044601;0.044601;0.044601;0.044601;0.044601;0.044601;0.044601;0.044601;0.044601,16.49,95.45,39,0.960713,88.8497,20.6155,0.0,0,12.6091,2.0172,70.799,0.0,True,26.0,4840,3.0067,2.38
google,1500,20,linear,False,False,0.0,0.4,0.3,0.3,0,0,WOA,carbon,2,0.3333333333333333,CONV,0.046105;0.045244;0.045244;0.045244;0.045244;0.045239;0.045239;0.045224;0.045224;0.045143;0.045131;0.045129;0.045129;0.045129;0.045129;0.045129;0.045127;0.045127;0.045127;0.045127;0.045127;0.045127;0.045127;0.045127;0.045127;0.045127;0.045127;0.045127;0.045127;0.045127;0.045127;0.045127;0.045127;0.045127;0.045127;0.045127;0.045127;0.045127;0.045127;0.045127;0.045127;0.045127;0.045127;0.045127;0.045127;0.045127;0.045127;0.045127;0.045127;0.045127;0.045127;0.045127;0.045127;0.045127;0.045127;0.045127;0.045127;0.045127;0.045127;0.045127;0.045127;0.045127;0.045127;0.045127;0.045126;0.045126;0.045126;0.045126;0.045126;0.045126;0.045126;0.045126;0.045126;0.045126;0.045126;0.045126;0.045126;0.045126;0.045126;0.045126;0.045126;0.045126;0.045126;0.045126;0.045126;0.045126;0.045126;0.045126;0.045126;0.045126;0.045126;0.045126;0.045126;0.045126;0.045126;0.045126;0.045126;0.045126;0.045126;0.045126;0.045126;0.045126;0.045126;0.045126;0.045126;0.045126;0.045126;0.045126;0.045126;0.045126;0.045126;0.045126;0.045126;0.045126;0.045126;0.045126;0.045126;0.045126;0.045126;0.045126,16.49,95.45,39,0.972017,88.7185,19.6815,0.0,0,12.7091,2.0322,70.157,0.0,True,26.0,4840,3.2179,2.5
google,3000,10,linear,False,False,0.0,0.4,0.3,0.3,0,0,WOA,random,1,0.3333333333333333,CONV,0.115820;0.090463;0.078287;0.075496;0.066745;0.063148;0.060739;0.059669;0.058750;0.057593;0.056639;0.055965;0.054914;0.054914;0.054913;0.053823;0.053823;0.053823;0.053822;0.053822;0.053822;0.053822;0.053821;0.053821;0.053820;0.053744;0.053744;0.053744;0.053744;0.053744;0.053744;0.053744;0.053744;0.053744;0.053744;0.053744;0.053744;0.053744;0.053744;0.053744;0.053744;0.053744;0.053744;0.053744;0.053744;0.053744;0.053744;0.053744;0.053744;0.053744;0.053744;0.053744;0.053744;0.053744;0.053744;0.053744;0.053744;0.053744;0.053744;0.053744;0.053744;0.053744;0.053744;0.053744;0.053744;0.053744;0.053744;0.053744;0.053744;0.053744;0.053744;0.053744;0.053744;0.053744;0.053744;0.053744;0.053744;0.053744;0.053744;0.053744;0.053744;0.053744;0.053744;0.053744;0.053744;0.053744;0.053744;0.053744;0.053744;0.053744;0.053744;0.053744;0.053744;0.053744;0.053744;0.053744;0.053744;0.053744;0.053744;0.053744;0.053744;0.053744;0.053744;0.053744;0.053744;0.053744;0.053744;0.053744;0.053744;0.053744;0.053744;0.053744;0.053744;0.053744;0.053744;0.053744;0.053744;0.053744;0.053744;0.053744,32.21,189.31,41,2.20814,87.1462,2.1582,0.2333,7,24.9479,4.1094,83.319,0.5431,False,26.0,4840,410.1195,4.94
google,3000,10,linear,False,False,0.0,0.4,0.3,0.3,0,0,WOA,random,2,0.3333333333333333,CONV,0.111871;0.079092;0.075231;0.070960;0.068154;0.058811;0.058040;0.057602;0.056552;0.055890;0.054653;0.054011;0.053128;0.052124;0.051616;0.051616;0.051612;0.051609;0.051425;0.051425;0.051425;0.051425;0.051425;0.051425;0.051425;0.051425;0.051425;0.051425;0.051424;0.051424;0.051424;0.051424;0.051424;0.051424;0.051424;0.051418;0.051417;0.051413;0.051413;0.051413;0.051413;0.051413;0.051413;0.051413;0.051413;0.051413;0.051413;0.051412;0.051412;0.051412;0.051412;0.051412;0.051412;0.051412;0.051412;0.051412;0.051412;0.051412;0.051412;0.051412;0.051412;0.051412;0.051412;0.051412;0.051412;0.051412;0.051412;0.051412;0.051412;0.051412;0.051412;0.051412;0.051412;0.051412;0.051412;0.051412;0.051412;0.051412;0.051412;0.051412;0.051412;0.051412;0.051412;0.051412;0.051412;0.051412;0.051412;0.051412;0.051412;0.051412;0.051412;0.051412;0.051412;0.051412;0.051412;0.051412;0.051412;0.051412;0.051412;0.051412;0.051412;0.051412;0.051412;0.051412;0.051412;0.051412;0.051412;0.051412;0.051412;0.051412;0.051412;0.051412;0.051412;0.051412;0.051412;0.051412;0.051412;0.051412;0.051412;0.051412,32.21,189.31,41,2.190826,87.247,2.9253,0.1333,4,24.6979,4.0826,84.402,0.0,True,26.0,4840,4.7212,5.21
google,3000,10,linear,False,False,0.0,0.4,0.3,0.3,0,0,WOA,random,3,0.3333333333333333,CONV,0.109968;0.094248;0.083858;0.067506;0.065483;0.065308;0.063589;0.063288;0.063025;0.061150;0.060607;0.059846;0.058863;0.058850;0.057890;0.057819;0.057818;0.057818;0.057818;0.057818;0.057818;0.057818;0.057818;0.057818;0.057818;0.057818;0.057818;0.057818;0.057818;0.057818;0.057818;0.057818;0.057817;0.057817;0.057817;0.057817;0.057817;0.057817;0.057817;0.057817;0.057817;0.057817;0.057817;0.057817;0.057817;0.057817;0.057817;0.057817;0.057817;0.057817;0.057817;0.057817;0.057817;0.057817;0.057817;0.057817;0.057817;0.057817;0.057817;0.057817;0.057817;0.057817;0.057817;0.057817;0.057817;0.057817;0.057817;0.057817;0.057817;0.057817;0.057817;0.057817;0.057817;0.057817;0.057817;0.057817;0.057817;0.057817;0.057817;0.057817;0.057817;0.057817;0.057817;0.057817;0.057817;0.057817;0.057817;0.057817;0.057817;0.057817;0.057817;0.057817;0.057817;0.057817;0.057817;0.057817;0.057817;0.057817;0.057817;0.057817;0.057817;0.057817;0.057817;0.057817;0.057817;0.057817;0.057817;0.057817;0.057817;0.057817;0.057817;0.057817;0.057817;0.057817;0.057817;0.057817;0.057817;0.057817;0.057817;0.057817,32.21,189.31,41,2.202334,87.18,2.4154,1.2667,38,24.7479,4.088,82.35,0.9123,False,26.5,4840,4.9065,5.03
google,3000,10,linear,False,False,0.0,0.4,0.3,0.3,0,0,WOA,random,4,0.3333333333333333,CONV,0.110604;0.085991;0.063027;0.062694;0.061621;0.060597;0.059726;0.057472;0.053427;0.051736;0.051736;0.051657;0.051652;0.051650;0.051650;0.051650;0.051650;0.051650;0.051650;0.051650;0.051650;0.051650;0.051650;0.051650;0.051650;0.051650;0.051650;0.051650;0.051650;0.051650;0.051650;0.051650;0.051650;0.051650;0.051650;0.051650;0.051650;0.051650;0.051650;0.051650;0.051650;0.051650;0.051650;0.051650;0.051650;0.051650;0.051650;0.051650;0.051650;0.051650;0.051650;0.051650;0.051650;0.051650;0.051650;0.051650;0.051650;0.051650;0.051650;0.051650;0.051650;0.051650;0.051650;0.051650;0.051650;0.051650;0.051650;0.051650;0.051650;0.051650;0.051650;0.051650;0.051650;0.051650;0.051650;0.051650;0.051650;0.051650;0.051650;0.051650;0.051650;0.051650;0.051650;0.051650;0.051650;0.051650;0.051650;0.051650;0.051650;0.051650;0.051650;0.051650;0.051650;0.051650;0.051650;0.051650;0.051650;0.051650;0.051650;0.051650;0.051650;0.051650;0.051650;0.051650;0.051650;0.051650;0.051650;0.051650;0.051650;0.051650;0.051650;0.051650;0.051650;0.051650;0.051650;0.051650;0.051650;0.051650;0.051650;0.051650,32.21,189.31,41,2.20105,87.1875,2.4723,0.1333,4,24.7979,4.0906,83.093,0.0,True,26.0,4840,4.9794,4.92
google,3000,10,linear,False,False,0.0,0.4,0.3,0.3,0,0,WOA,random,5,0.3333333333333333,CONV,0.109249;0.077531;0.070052;0.067172;0.065246;0.060084;0.057488;0.056927;0.056865;0.056511;0.056511;0.056500;0.056500;0.056500;0.056350;0.056077;0.055840;0.055840;0.055398;0.054468;0.054453;0.054453;0.054452;0.054451;0.054451;0.054451;0.054451;0.054451;0.054451;0.054451;0.054451;0.054451;0.054451;0.054451;0.054451;0.054451;0.054451;0.054451;0.054451;0.054451;0.054451;0.054451;0.054451;0.054451;0.054451;0.054451;0.054451;0.054451;0.054451;0.054321;0.054321;0.054321;0.054320;0.054320;0.054320;0.054320;0.054320;0.054320;0.054320;0.054320;0.054320;0.054320;0.054320;0.054320;0.054320;0.054320;0.054320;0.054320;0.054320;0.054320;0.054320;0.054320;0.054320;0.054320;0.054320;0.054320;0.054320;0.054320;0.054320;0.054320;0.054320;0.054320;0.054320;0.054320;0.054320;0.054320;0.054320;0.054320;0.054320;0.054320;0.054320;0.054320;0.054320;0.054320;0.054320;0.054320;0.054320;0.054320;0.054320;0.054320;0.054320;0.054320;0.054320;0.054320;0.054320;0.054320;0.054320;0.054320;0.054320;0.054320;0.054320;0.054320;0.054320;0.054320;0.054320;0.054320;0.054320;0.054320;0.054320;0.054320,32.21,189.31,41,2.18687,87.2701,3.1006,1.1333,34,24.7479,4.0801,82.531,0.0,True,28.0,4840,4.9598,5.28
google,3000,10,linear,False,False,0.0,0.4,0.3,0.3,0,0,WOA,random,6,0.3333333333333333,CONV,0.111993;0.085382;0.058152;0.057281;0.055660;0.055339;0.054514;0.053783;0.053754;0.053574;0.053573;0.053573;0.053572;0.053572;0.053572;0.053572;0.053572;0.053572;0.053572;0.053572;0.053572;0.053572;0.053572;0.053572;0.053404;0.053404;0.053403;0.053403;0.053403;0.053403;0.053403;0.053402;0.053402;0.053402;0.053402;0.053402;0.053402;0.053402;0.053402;0.053402;0.053402;0.053402;0.053402;0.053402;0.053402;0.053402;0.053402;0.053402;0.053402;0.053402;0.053402;0.053402;0.053402;0.053402;0.053402;0.053402;0.053402;0.053402;0.053402;0.053402;0.053402;0.053402;0.053402;0.053402;0.053402;0.053402;0.053402;0.053402;0.053402;0.053402;0.053402;0.053402;0.053402;0.053402;0.053402;0.053402;0.053402;0.053402;0.053402;0.053402;0.053402;0.053402;0.053402;0.053402;0.053402;0.053402;0.053402;0.053402;0.053402;0.053402;0.053402;0.053402;0.053402;0.053402;0.053402;0.053402;0.053402;0.053402;0.053402;0.053402;0.053402;0.053402;0.053402;0.053402;0.053402;0.053402;0.053402;0.053402;0.053402;0.053402;0.053402;0.053402;0.053402;0.053402;0.053402;0.053402;0.053402;0.053402;0.053402;0.053402,32.21,189.31,41,2.196414,87.2145,2.6778,0.6333,19,24.8479,4.1161,83.012,0.1201,False,28.5,4840,5.097,5.12
google,3000,10,linear,False,False,0.0,0.4,0.3,0.3,0,0,WOA,random,7,0.3333333333333333,CONV,0.118437;0.077089;0.059422;0.056667;0.056647;0.053572;0.052988;0.052723;0.052723;0.052723;0.052722;0.052722;0.052654;0.052541;0.052539;0.052538;0.052538;0.052538;0.052538;0.052538;0.052538;0.052538;0.052538;0.052538;0.052538;0.052538;0.052538;0.052538;0.052538;0.052538;0.052538;0.052538;0.052538;0.052538;0.052538;0.052538;0.052538;0.052538;0.052538;0.052538;0.052538;0.052538;0.052538;0.052538;0.052538;0.052538;0.052538;0.052538;0.052538;0.052538;0.052538;0.052538;0.052538;0.052538;0.052538;0.052538;0.052538;0.052538;0.052538;0.052538;0.052538;0.052538;0.052538;0.052538;0.052538;0.052538;0.052538;0.052538;0.052538;0.052538;0.052538;0.052538;0.052538;0.052538;0.052538;0.052538;0.052538;0.052538;0.052538;0.052538;0.052538;0.052538;0.052538;0.052538;0.052538;0.052538;0.052538;0.052538;0.052538;0.052538;0.052538;0.052538;0.052538;0.052538;0.052538;0.052538;0.052538;0.052538;0.052538;0.052538;0.052538;0.052538;0.052538;0.052538;0.052538;0.052538;0.052538;0.052538;0.052538;0.052538;0.052538;0.052538;0.052538;0.052538;0.052538;0.052538;0.052538;0.052538;0.052538;0.052538,32.21,189.31,41,2.200524,87.1906,2.4957,0.4333,13,24.6979,4.0928,83.197,0.0,True,27.5,4840,5.2588,4.92
google,3000,10,linear,False,False,0.0,0.4,0.3,0.3,0,0,WOA,random,8,0.3333333333333333,CONV,0.110530;0.093950;0.078612;0.066088;0.065427;0.060272;0.059226;0.057698;0.056703;0.055988;0.054907;0.054770;0.054181;0.054010;0.053996;0.053899;0.053806;0.053806;0.053738;0.053733;0.053733;0.053732;0.053732;0.053732;0.053732;0.053732;0.053732;0.053732;0.053732;0.053732;0.053732;0.053732;0.053732;0.053732;0.053732;0.053732;0.053732;0.053732;0.053732;0.053732;0.053732;0.053732;0.053732;0.053732;0.053732;0.053732;0.053732;0.053732;0.053732;0.053732;0.053732;0.053732;0.053732;0.053732;0.053732;0.053732;0.053732;0.053732;0.053732;0.053732;0.053732;0.053732;0.053732;0.053732;0.053732;0.053732;0.053732;0.053732;0.053732;0.053732;0.053732;0.053732;0.053732;0.053732;0.053732;0.053732;0.053732;0.053732;0.053732;0.053732;0.053732;0.053732;0.053732;0.053732;0.053732;0.053732;0.053732;0.053732;0.053732;0.053732;0.053732;0.053732;0.053732;0.053732;0.053732;0.053732;0.053732;0.053732;0.053732;0.053732;0.053732;0.053732;0.053732;0.053732;0.053732;0.053732;0.053732;0.053732;0.053732;0.053732;0.053732;0.053732;0.053732;0.053732;0.053732;0.053732;0.053732;0.053732;0.053732;0.053732,32.21,189.31,41,2.181189,87.3031,3.3523,0.6,18,24.6979,4.0658,84.707,0.3815,False,26.5,4840,5.2655,4.85
google,3000,10,linear,False,False,0.0,0.4,0.3,0.3,0,0,WOA,random,9,0.3333333333333333,CONV,0.109031;0.091828;0.083762;0.070814;0.069840;0.069591;0.069453;0.069004;0.068776;0.068527;0.067804;0.066449;0.066339;0.066315;0.066315;0.066315;0.066290;0.066289;0.066289;0.066289;0.066289;0.066288;0.066112;0.066112;0.066111;0.066111;0.066111;0.066111;0.066111;0.066111;0.066052;0.065722;0.065522;0.065333;0.065135;0.065098;0.064757;0.064735;0.064674;0.064636;0.064622;0.064426;0.064426;0.064426;0.064426;0.064425;0.064425;0.064425;0.064425;0.064425;0.064425;0.064350;0.064349;0.064349;0.064349;0.064349;0.064349;0.064349;0.064349;0.064349;0.064349;0.064349;0.064349;0.064349;0.064349;0.064349;0.064349;0.064349;0.064349;0.064349;0.064349;0.064349;0.064349;0.064349;0.064349;0.064349;0.064349;0.064349;0.064349;0.064349;0.064349;0.064349;0.064349;0.064349;0.064349;0.064349;0.064349;0.064349;0.064349;0.064349;0.064349;0.064349;0.064349;0.064349;0.064349;0.064349;0.064349;0.064349;0.064349;0.064349;0.064349;0.064349;0.064349;0.064349;0.064349;0.064349;0.064349;0.064349;0.064349;0.064349;0.064349;0.064349;0.064349;0.064349;0.064349;0.064349;0.064349;0.064349;0.064349;0.064349,32.21,189.31,41,2.229593,87.0214,1.2076,0.5,15,24.8979,4.0961,79.658,3.6448,False,28.0,4840,410.0892,5.69
google,3000,10,linear,False,False,0.0,0.4,0.3,0.3,0,0,WOA,random,10,0.3333333333333333,CONV,0.110245;0.089052;0.055859;0.055221;0.054694;0.054694;0.053989;0.053883;0.053871;0.053670;0.052134;0.052007;0.051637;0.051607;0.051607;0.051607;0.051607;0.051483;0.051415;0.051413;0.051413;0.051355;0.051355;0.051355;0.051355;0.051355;0.051355;0.051355;0.051355;0.051355;0.051355;0.051355;0.051355;0.051355;0.051355;0.051355;0.051355;0.051355;0.051355;0.051355;0.051355;0.051355;0.051355;0.051355;0.051355;0.051355;0.051355;0.051355;0.051355;0.051355;0.051355;0.051355;0.051355;0.051355;0.051355;0.051355;0.051355;0.051355;0.051355;0.051355;0.051355;0.051355;0.051355;0.051355;0.051355;0.051355;0.051355;0.051355;0.051355;0.051355;0.051355;0.051355;0.051355;0.051355;0.051355;0.051355;0.051355;0.051355;0.051355;0.051355;0.051355;0.051355;0.051355;0.051355;0.051355;0.051355;0.051355;0.051355;0.051355;0.051355;0.051355;0.051355;0.051355;0.051355;0.051355;0.051355;0.051355;0.051355;0.051355;0.051355;0.051355;0.051355;0.051355;0.051355;0.051355;0.051355;0.051355;0.051355;0.051355;0.051355;0.051355;0.051355;0.051355;0.051355;0.051355;0.051355;0.051355;0.051355;0.051355;0.051355,32.21,189.31,41,2.205548,87.1613,2.273,0.0,0,24.8479,4.0917,82.244,0.0,True,27.0,4840,4.789,4.89
google,3000,10,linear,False,False,0.0,0.4,0.3,0.3,0,0,GWO,random,1,0.3333333333333333,CONV,0.241136;0.231398;0.223794;0.214022;0.208492;0.200807;0.193411;0.187443;0.179991;0.175695;0.169073;0.165399;0.160310;0.155706;0.150903;0.146925;0.143036;0.141771;0.137495;0.134198;0.130887;0.127511;0.124588;0.123216;0.120189;0.116898;0.115152;0.113177;0.110978;0.108336;0.107367;0.106290;0.103930;0.100824;0.100824;0.100824;0.099962;0.098002;0.096888;0.095323;0.095323;0.094932;0.093031;0.093031;0.093031;0.091546;0.091546;0.090547;0.090547;0.089510;0.089098;0.088160;0.088160;0.088160;0.088160;0.087679;0.086702;0.086702;0.086702;0.086702;0.086629;0.085604;0.085315;0.084998;0.084623;0.083717;0.083717;0.083155;0.083155;0.083155;0.083155;0.083155;0.082868;0.082793;0.082174;0.082174;0.082174;0.080861;0.080681;0.080568;0.079932;0.079753;0.078863;0.078863;0.077627;0.077627;0.077627;0.077627;0.077627;0.077627;0.077627;0.077627;0.077627;0.077627;0.077621;0.077308;0.077085;0.076568;0.076568;0.076568;0.076381;0.075917;0.075917;0.075917;0.075482;0.075482;0.075184;0.075184;0.075184;0.075184;0.074887;0.074803;0.074795;0.074633;0.074507;0.074182;0.074182;0.074105;0.074006;0.073929,32.21,189.31,41,2.22828,87.029,1.2658,7.3,219,24.9479,4.1171,78.227,0.0483,False,30.5,4840,5.5358,8.32
google,3000,10,linear,False,False,0.0,0.4,0.3,0.3,0,0,GWO,random,2,0.3333333333333333,CONV,0.240230;0.228974;0.221817;0.212362;0.206399;0.198251;0.191683;0.185837;0.180472;0.176237;0.168286;0.166313;0.161760;0.157917;0.154525;0.148970;0.145615;0.141284;0.139826;0.136982;0.134292;0.131238;0.128148;0.125344;0.123369;0.119811;0.118937;0.116681;0.113487;0.110127;0.108425;0.106915;0.105770;0.104982;0.102324;0.101285;0.098059;0.097708;0.097500;0.095642;0.095459;0.094139;0.093219;0.092134;0.091851;0.090169;0.089881;0.088601;0.087637;0.087637;0.087637;0.087637;0.086438;0.086438;0.086438;0.086385;0.086309;0.085890;0.085281;0.084497;0.084497;0.084483;0.084483;0.084350;0.082639;0.082511;0.082511;0.082492;0.082336;0.080349;0.080182;0.080182;0.079294;0.079294;0.078916;0.078875;0.078875;0.078875;0.078875;0.078875;0.078875;0.078728;0.078249;0.078002;0.077952;0.077952;0.077350;0.077350;0.077350;0.077350;0.077350;0.077206;0.077206;0.076648;0.076364;0.076089;0.076089;0.075671;0.075671;0.075671;0.074941;0.074941;0.074941;0.074941;0.074816;0.074816;0.074816;0.074816;0.074674;0.074674;0.074274;0.074039;0.073848;0.073715;0.073715;0.073612;0.073365;0.073365;0.073363;0.073363,32.21,189.31,41,2.210208,87.1342,2.0666,7.3,219,24.8479,4.1027,79.815,0.0,True,29.0,4840,5.6791,8.23
google,3000,10,linear,False,False,0.0,0.4,0.3,0.3,0,0,GWO,random,3,0.3333333333333333,CONV,0.238794;0.230392;0.219676;0.212365;0.202210;0.195566;0.187835;0.183904;0.178579;0.171767;0.166319;0.162756;0.157565;0.153893;0.147027;0.144556;0.140642;0.138383;0.135032;0.132026;0.129562;0.127675;0.123820;0.121672;0.118708;0.117655;0.116678;0.114752;0.112972;0.110927;0.109222;0.105930;0.105930;0.105144;0.103839;0.101114;0.099534;0.097528;0.096209;0.095128;0.093588;0.093367;0.092873;0.091477;0.091340;0.090432;0.089860;0.089319;0.088660;0.087871;0.087229;0.087128;0.085941;0.085132;0.084655;0.084451;0.084418;0.083202;0.083202;0.082469;0.082469;0.082469;0.082469;0.081956;0.081848;0.081699;0.080277;0.080080;0.079963;0.079576;0.079576;0.079183;0.079183;0.079183;0.079183;0.079065;0.079065;0.079065;0.078800;0.078468;0.078468;0.078013;0.077521;0.077352;0.077246;0.077175;0.077175;0.077175;0.077175;0.076996;0.076996;0.076604;0.076604;0.076604;0.076604;0.076604;0.076536;0.076333;0.076093;0.076093;0.075470;0.075470;0.075225;0.075225;0.075225;0.075225;0.075027;0.075027;0.074941;0.074656;0.074505;0.074129;0.074077;0.074009;0.073710;0.073710;0.073594;0.073571;0.073571;0.073571,32.21,189.31,41,2.21053,87.1323,2.0523,7.3667,221,24.9479,4.1113,78.586,0.0,True,32.5,4840,5.4958,8.45
google,3000,10,linear,False,False,0.0,0.4,0.3,0.3,0,0,GWO,random,4,0.3333333333333333,CONV,0.234973;0.229240;0.219286;0.210688;0.203730;0.197078;0.191870;0.185084;0.178920;0.170866;0.168421;0.164136;0.159974;0.155869;0.151777;0.149175;0.145708;0.142213;0.139736;0.136011;0.133058;0.129364;0.127154;0.123230;0.122379;0.119915;0.116662;0.115833;0.113796;0.112426;0.111297;0.108800;0.107150;0.106689;0.105359;0.103376;0.102062;0.100590;0.100126;0.099258;0.097115;0.096584;0.093966;0.093564;0.092944;0.092030;0.091431;0.090897;0.090047;0.089491;0.089109;0.089109;0.088868;0.087749;0.087749;0.086914;0.085698;0.085698;0.085312;0.085312;0.085286;0.084199;0.084199;0.084199;0.083208;0.083105;0.081846;0.081846;0.081831;0.080512;0.080512;0.080453;0.079915;0.079915;0.079915;0.079915;0.079294;0.079294;0.078968;0.078968;0.078440;0.078440;0.078046;0.077878;0.077816;0.077816;0.077103;0.076877;0.076877;0.076877;0.076877;0.076877;0.076877;0.076877;0.076836;0.076467;0.076467;0.076467;0.076467;0.076467;0.076467;0.076467;0.076467;0.076467;0.076467;0.076282;0.075917;0.075917;0.075917;0.075917;0.075917;0.075917;0.075917;0.075759;0.075759;0.075540;0.075540;0.075483;0.075472;0.075472,32.21,189.31,41,2.22776,87.032,1.2888,7.8667,236,25.0479,4.1255,74.859,0.0,True,33.5,4840,5.8582,8.18
google,3000,10,linear,False,False,0.0,0.4,0.3,0.3,0,0,GWO,random,5,0.3333333333333333,CONV,0.240812;0.230132;0.222086;0.214170;0.206951;0.196921;0.192016;0.184811;0.180792;0.174165;0.167971;0.164593;0.159131;0.156364;0.152118;0.149680;0.146390;0.142213;0.138419;0.135736;0.134678;0.129216;0.128315;0.125067;0.121314;0.120968;0.118862;0.115628;0.113451;0.111654;0.109983;0.106903;0.106686;0.105759;0.102194;0.101841;0.101081;0.099780;0.097995;0.097139;0.096005;0.094699;0.093185;0.092628;0.091747;0.090926;0.089506;0.089113;0.088303;0.086799;0.086124;0.086124;0.085037;0.085037;0.083989;0.083989;0.083354;0.082250;0.081305;0.081305;0.081305;0.081213;0.080585;0.079916;0.079209;0.079209;0.079035;0.079035;0.078471;0.078058;0.077486;0.077486;0.077486;0.077486;0.077255;0.076984;0.076491;0.076491;0.076491;0.076491;0.076491;0.076480;0.076341;0.076341;0.076308;0.076110;0.076110;0.075651;0.075651;0.075651;0.075471;0.074747;0.074747;0.074747;0.074747;0.074747;0.074747;0.074747;0.074606;0.074478;0.074478;0.074317;0.074040;0.073413;0.073413;0.073222;0.073062;0.072544;0.072544;0.072544;0.072485;0.072485;0.072402;0.072402;0.072282;0.072239;0.072237;0.072236;0.072018;0.072018,32.21,189.31,41,2.194003,87.2285,2.7846,6.9,207,24.6979,4.0806,83.461,0.0774,False,28.5,4840,5.7885,8.41
google,3000,10,linear,False,False,0.0,0.4,0.3,0.3,0,0,GWO,random,6,0.3333333333333333,CONV,0.239908;0.229456;0.222581;0.214717;0.203125;0.195950;0.190763;0.182294;0.177032;0.171275;0.165410;0.160743;0.158861;0.154186;0.148589;0.145040;0.141159;0.137239;0.132871;0.131548;0.128954;0.125824;0.123769;0.121834;0.118427;0.116890;0.115819;0.114548;0.113478;0.110292;0.109182;0.107697;0.106085;0.105563;0.102582;0.102443;0.100782;0.100096;0.099317;0.098266;0.096662;0.096075;0.095395;0.094958;0.093486;0.093072;0.091782;0.091586;0.090076;0.089101;0.087817;0.087817;0.087324;0.087324;0.086668;0.085811;0.085811;0.084694;0.084650;0.084018;0.083367;0.083367;0.083042;0.082416;0.082300;0.082300;0.082300;0.082290;0.081572;0.081509;0.081509;0.081509;0.081509;0.081509;0.081487;0.081487;0.081089;0.081089;0.080319;0.080319;0.080319;0.080319;0.080319;0.079953;0.079953;0.079953;0.079953;0.079821;0.079821;0.079266;0.078398;0.078398;0.078398;0.078339;0.077995;0.077541;0.077541;0.077388;0.077388;0.076962;0.076962;0.076962;0.076715;0.076715;0.076543;0.076497;0.076205;0.075770;0.075770;0.075715;0.075497;0.075497;0.075452;0.075266;0.074895;0.074700;0.074544;0.074485;0.074485;0.074485,32.21,189.31,41,2.241214,86.9537,0.6927,7.4333,223,24.9979,4.1157,78.452,0.0,True,32.0,4840,5.9313,8.52
google,3000,10,linear,False,False,0.0,0.4,0.3,0.3,0,0,PSO,random,5,0.3333333333333333,CONV,0.243399;0.243399;0.241427;0.241427;0.241427;0.241427;0.241427;0.241427;0.241427;0.241427;0.241427;0.241365;0.241365;0.241365;0.241365;0.241365;0.241365;0.241365;0.241365;0.241221;0.241221;0.241221;0.241221;0.241221;0.241221;0.241157;0.241157;0.241157;0.241151;0.241151;0.241151;0.241151;0.241151;0.241018;0.241018;0.241018;0.241018;0.240956;0.240567;0.240567;0.240567;0.240567;0.240567;0.240567;0.240567;0.240061;0.239964;0.239964;0.239964;0.239964;0.239964;0.239964;0.239964;0.239964;0.239964;0.239964;0.239964;0.239964;0.239964;0.239964;0.239964;0.239964;0.239964;0.239912;0.239912;0.239912;0.239834;0.238582;0.238582;0.238582;0.238036;0.238036;0.238036;0.238036;0.237804;0.237804;0.237804;0.237576;0.237576;0.237576;0.237576;0.237576;0.237576;0.237471;0.237471;0.237471;0.237471;0.237470;0.237470;0.237470;0.237470;0.237470;0.237470;0.237470;0.237470;0.237470;0.237439;0.237439;0.237439;0.237439;0.237430;0.237430;0.237235;0.237235;0.237235;0.237214;0.237214;0.237214;0.237214;0.237214;0.237214;0.237214;0.237214;0.237214;0.237214;0.237214;0.237214;0.237214;0.237214;0.237214,32.21,189.31,41,2.302594,86.5964,-2.027,61.2,1836,25.2979,4.3456,79.562,0.0,True,35.0,4840,4.7872,9.21
google,3000,10,linear,False,False,0.0,0.4,0.3,0.3,0,0,PSO,random,6,0.3333333333333333,CONV,0.240642;0.240642;0.240642;0.240642;0.240642;0.240642;0.240532;0.240532;0.240532;0.240532;0.240532;0.240532;0.240532;0.240532;0.240532;0.240532;0.240532;0.240532;0.240532;0.240532;0.240532;0.240532;0.240532;0.240532;0.240532;0.240532;0.240532;0.240532;0.240532;0.240532;0.240532;0.240532;0.240532;0.239077;0.239077;0.239077;0.239077;0.239077;0.239053;0.238913;0.238237;0.238237;0.238237;0.238237;0.238217;0.238217;0.238217;0.238214;0.238214;0.238214;0.238214;0.238214;0.238214;0.238214;0.238214;0.238214;0.238214;0.238214;0.238214;0.238214;0.238214;0.238214;0.238214;0.238214;0.238214;0.238214;0.238214;0.238214;0.238214;0.238214;0.238214;0.238214;0.238214;0.238214;0.238214;0.238214;0.238214;0.238214;0.238214;0.238214;0.238214;0.237581;0.237581;0.237581;0.237581;0.237581;0.237581;0.237581;0.237581;0.237581;0.237581;0.237581;0.237581;0.237581;0.237547;0.237345;0.237345;0.237345;0.237345;0.237345;0.237345;0.237158;0.237158;0.237158;0.237158;0.236581;0.236581;0.236581;0.236581;0.236581;0.236581;0.236581;0.236581;0.236581;0.236581;0.236581;0.236581;0.236581;0.236581;0.236581,32.21,189.31,41,2.266799,86.8048,-0.441,61.2667,1838,25.3479,4.3481,77.259,0.0,True,35.5,4840,5.0693,8.57
google,3000,10,linear,False,False,0.0,0.4,0.3,0.3,0,0,PSO,random,7,0.3333333333333333,CONV,0.239659;0.239659;0.239659;0.239659;0.239659;0.239659;0.239511;0.239459;0.239459;0.239459;0.239459;0.239459;0.239459;0.239459;0.239459;0.239459;0.239459;0.239459;0.239459;0.239459;0.239459;0.239459;0.239459;0.239459;0.239459;0.239459;0.239459;0.239459;0.239459;0.239459;0.239459;0.239459;0.239459;0.239459;0.239459;0.239459;0.239459;0.239459;0.239459;0.239459;0.239459;0.239459;0.239459;0.239459;0.239459;0.239459;0.239459;0.239459;0.239459;0.239459;0.239459;0.239459;0.239459;0.239459;0.239459;0.239459;0.239459;0.239459;0.239459;0.239459;0.239459;0.239459;0.239459;0.239459;0.239459;0.239459;0.239459;0.239459;0.239459;0.239459;0.239459;0.239459;0.239459;0.239459;0.239459;0.239459;0.239459;0.239459;0.239459;0.239459;0.239459;0.239459;0.239459;0.239459;0.239459;0.239459;0.239459;0.239459;0.239459;0.239459;0.239459;0.239459;0.239459;0.239459;0.239459;0.239459;0.239459;0.239459;0.239459;0.239459;0.239459;0.239459;0.239459;0.239459;0.239459;0.239459;0.239459;0.239459;0.239459;0.239459;0.239459;0.239459;0.239459;0.239459;0.239459;0.239459;0.239459;0.239459;0.239459;0.239459,32.21,189.31,41,2.308827,86.5601,-2.3032,61.9,1857,25.2979,4.3555,80.794,0.0,True,33.5,4840,5.203,7.79
google,3000,10,linear,False,False,0.0,0.4,0.3,0.3,0,0,PSO,random,8,0.3333333333333333,CONV,0.240805;0.240805;0.240805;0.240234;0.240234;0.239893;0.239893;0.239893;0.239891;0.239891;0.239891;0.239891;0.239891;0.239891;0.239891;0.239891;0.239891;0.239891;0.239891;0.239891;0.239891;0.239891;0.239891;0.239891;0.239891;0.239891;0.239891;0.239891;0.239891;0.239891;0.239891;0.239891;0.239891;0.239891;0.239891;0.239891;0.239891;0.239891;0.239891;0.239891;0.239891;0.239891;0.239891;0.239891;0.239891;0.239891;0.239891;0.239891;0.239891;0.239891;0.239891;0.239891;0.239891;0.239891;0.239891;0.239891;0.239891;0.239891;0.239033;0.239033;0.239033;0.239033;0.239033;0.239033;0.239033;0.239033;0.239031;0.239031;0.239031;0.239031;0.239031;0.239031;0.239031;0.239031;0.238631;0.238631;0.238631;0.238403;0.238403;0.238403;0.238290;0.238290;0.238290;0.238290;0.238290;0.238290;0.238290;0.238290;0.238290;0.238290;0.238290;0.238290;0.238290;0.238290;0.238290;0.238290;0.238290;0.238290;0.238290;0.238290;0.238290;0.238290;0.238290;0.238290;0.238290;0.238290;0.238290;0.238290;0.238290;0.238290;0.238290;0.238142;0.238142;0.238142;0.238010;0.238010;0.238010;0.238010;0.238010;0.238010,32.21,189.31,41,2.319572,86.4976,-2.7793,61.3333,1840,25.3979,4.3591,76.74,0.0,True,35.0,4840,5.0555,8.71
google,3000,10,linear,False,False,0.0,0.4,0.3,0.3,0,0,PSO,random,9,0.3333333333333333,CONV,0.241707;0.241707;0.240017;0.240017;0.240017;0.240017;0.240017;0.239986;0.239986;0.239982;0.239982;0.239982;0.239982;0.239982;0.239982;0.239982;0.239982;0.239982;0.239982;0.239982;0.239982;0.239982;0.239982;0.239982;0.239982;0.239982;0.239982;0.239982;0.239982;0.239982;0.239982;0.239982;0.239982;0.239982;0.239982;0.239982;0.239982;0.239982;0.239982;0.239982;0.239982;0.239982;0.239982;0.239982;0.239982;0.239982;0.239982;0.239982;0.239982;0.239982;0.239982;0.239982;0.239982;0.239982;0.239982;0.239982;0.239982;0.239982;0.239982;0.239982;0.239982;0.239982;0.239982;0.239982;0.239982;0.239982;0.239982;0.239982;0.239982;0.239982;0.239982;0.239982;0.239982;0.239982;0.239982;0.239982;0.239982;0.239982;0.239982;0.239982;0.239982;0.239982;0.239982;0.239982;0.239982;0.239982;0.239982;0.239982;0.239982;0.239982;0.239982;0.239982;0.239982;0.239982;0.239982;0.239982;0.239982;0.239982;0.239982;0.239982;0.239982;0.239982;0.239982;0.239982;0.239982;0.239982;0.239982;0.239982;0.239982;0.239982;0.239982;0.239982;0.239982;0.239982;0.239982;0.239982;0.239982;0.239982;0.239982;0.239982,32.21,189.31,41,2.314077,86.5296,-2.5359,62.0333,1861,25.2979,4.3378,79.957,0.0,True,36.0,4840,5.3603,7.88
google,3000,10,linear,False,False,0.0,0.4,0.3,0.3,0,0,PSO,random,10,0.3333333333333333,CONV,0.243007;0.242602;0.242602;0.240615;0.238696;0.238696;0.238696;0.238696;0.238696;0.237480;0.237480;0.237480;0.237480;0.237410;0.237410;0.237410;0.237410;0.237410;0.237410;0.237410;0.237410;0.237410;0.237410;0.237410;0.237410;0.237410;0.237410;0.237410;0.237410;0.237410;0.237410;0.237410;0.237410;0.237410;0.237410;0.237410;0.237410;0.237410;0.237410;0.237410;0.237410;0.237410;0.237410;0.237410;0.237410;0.237410;0.237410;0.237410;0.237410;0.237410;0.237410;0.237410;0.237410;0.237410;0.237410;0.237410;0.237410;0.237410;0.237410;0.237410;0.237410;0.237410;0.237410;0.237410;0.237410;0.237410;0.237410;0.237410;0.237410;0.237410;0.237410;0.237410;0.237410;0.237410;0.237410;0.237410;0.237410;0.237410;0.237410;0.237410;0.237410;0.237410;0.237410;0.237410;0.237410;0.237410;0.237410;0.237410;0.237410;0.237410;0.237410;0.237247;0.237247;0.237247;0.237125;0.237125;0.237125;0.237125;0.237125;0.237125;0.237125;0.237125;0.237125;0.237125;0.237125;0.237125;0.237125;0.237125;0.237125;0.237125;0.237125;0.237125;0.237125;0.237116;0.237116;0.237116;0.237116;0.237058;0.237058;0.237058,32.21,189.31,41,2.278698,86.7355,-0.9682,61.3333,1840,25.3979,4.3318,78.696,0.0,True,33.5,4840,5.3033,8.2
google,3000,10,linear,False,False,0.0,0.4,0.3,0.3,0,0,DE,random,1,0.3333333333333333,CONV,0.241595;0.241535;0.240272;0.240035;0.237834;0.237792;0.234601;0.231922;0.231098;0.231098;0.229389;0.228882;0.228564;0.227762;0.226410;0.226410;0.226135;0.225742;0.225532;0.224874;0.224108;0.222734;0.222734;0.222734;0.222734;0.222719;0.222397;0.221977;0.221977;0.221977;0.221977;0.221713;0.221361;0.220058;0.220058;0.220058;0.219390;0.219325;0.219067;0.219067;0.219053;0.218775;0.218775;0.218775;0.218775;0.218461;0.218461;0.218447;0.218447;0.218434;0.218292;0.218037;0.218037;0.217856;0.217856;0.217856;0.217830;0.217830;0.217795;0.217763;0.217565;0.217513;0.217513;0.217314;0.217314;0.217314;0.217314;0.217290;0.217290;0.217290;0.217249;0.217210;0.217210;0.217210;0.217175;0.217175;0.217148;0.217148;0.217148;0.217147;0.217126;0.217126;0.217126;0.217126;0.217034;0.217034;0.217034;0.217031;0.217031;0.217031;0.217031;0.217028;0.217028;0.217028;0.217026;0.217026;0.217026;0.217025;0.217025;0.217025;0.217024;0.217024;0.217024;0.217023;0.217023;0.217023;0.217023;0.217022;0.217022;0.217022;0.217022;0.217022;0.217022;0.217022;0.217022;0.217022;0.217022;0.217022;0.217022;0.217022,32.21,189.31,41,2.285732,86.6946,-1.2799,54.6,1638,24.8979,4.279,82.23,0.0,True,36.0,4840,5.2142,7.92
google,3000,10,linear,False,False,0.0,0.4,0.3,0.3,0,0,DE,random,2,0.3333333333333333,CONV,0.242077;0.242077;0.237537;0.237537;0.236939;0.236230;0.234526;0.234526;0.231991;0.230708;0.228692;0.228664;0.228437;0.228397;0.226516;0.224830;0.223387;0.223387;0.223387;0.223259;0.222041;0.222041;0.222041;0.221058;0.220446;0.220446;0.220446;0.219651;0.219651;0.219272;0.219272;0.218364;0.217696;0.217696;0.217696;0.217506;0.217506;0.217414;0.216595;0.216150;0.215718;0.215562;0.215562;0.215477;0.215477;0.215188;0.214518;0.214518;0.214518;0.214518;0.214518;0.214450;0.214127;0.213598;0.213598;0.213125;0.213026;0.213026;0.213026;0.212632;0.212632;0.212531;0.212515;0.212440;0.212227;0.212227;0.212227;0.212209;0.212059;0.212059;0.211937;0.211880;0.211861;0.211572;0.211572;0.211403;0.211403;0.211328;0.211209;0.211147;0.211039;0.211039;0.211039;0.210972;0.210930;0.210930;0.210930;0.210882;0.210882;0.210867;0.210867;0.210866;0.210866;0.210866;0.210864;0.210864;0.210864;0.210864;0.210863;0.210861;0.210861;0.210861;0.210861;0.210861;0.210860;0.210860;0.210859;0.210859;0.210859;0.210859;0.210859;0.210858;0.210858;0.210858;0.210858;0.210858;0.210858;0.210858;0.210858;0.210858,32.21,189.31,41,2.291569,86.6606,-1.5385,52.5,1575,25.0479,4.2793,80.452,0.0,True,36.0,4840,5.2918,7.94
google,3000,10,linear,False,False,0.0,0.4,0.3,0.3,0,0,DE,random,3,0.3333333333333333,CONV,0.239985;0.239985;0.236953;0.236043;0.235487;0.235321;0.233257;0.233257;0.233257;0.232667;0.232028;0.231801;0.231106;0.231106;0.230347;0.229547;0.229547;0.229268;0.228354;0.228354;0.228319;0.227648;0.227000;0.227000;0.226728;0.226728;0.226111;0.226089;0.226009;0.225575;0.225575;0.225133;0.224930;0.224532;0.224532;0.224442;0.224104;0.223220;0.223220;0.222924;0.222924;0.222924;0.222924;0.222924;0.222129;0.222129;0.222129;0.222129;0.222129;0.222115;0.222115;0.222115;0.222110;0.221816;0.221722;0.221375;0.221375;0.221375;0.221215;0.221052;0.221052;0.220844;0.220815;0.220700;0.220700;0.220700;0.220633;0.220553;0.220553;0.220479;0.220454;0.220454;0.220454;0.220425;0.220417;0.220328;0.220294;0.220294;0.220254;0.220191;0.220191;0.220191;0.220191;0.220173;0.220150;0.220150;0.219943;0.219943;0.219943;0.219943;0.219943;0.219919;0.219919;0.219910;0.219909;0.219907;0.219906;0.219904;0.219903;0.219903;0.219902;0.219900;0.219900;0.219900;0.219900;0.219900;0.219899;0.219898;0.219898;0.219897;0.219897;0.219897;0.219897;0.219897;0.219896;0.219896;0.219896;0.219896;0.219896;0.219896,32.21,189.31,41,2.28891,86.6761,-1.4207,55.5333,1666,24.8979,4.2576,83.771,0.0,True,35.5,4840,4.6347,7.67
google,3000,10,linear,False,False,0.0,0.4,0.3,0.3,0,0,DE,random,4,0.3333333333333333,CONV,0.242570;0.242200;0.237479;0.236468;0.234939;0.234939;0.232674;0.232674;0.232602;0.231282;0.231282;0.231282;0.230534;0.229896;0.229896;0.229548;0.229476;0.228872;0.228614;0.228132;0.227589;0.226976;0.226865;0.225952;0.225952;0.225952;0.225682;0.225682;0.224216;0.224216;0.224216;0.224216;0.224142;0.224142;0.224138;0.224026;0.223758;0.223758;0.223473;0.223322;0.222987;0.222944;0.222909;0.221874;0.221835;0.221780;0.221552;0.221534;0.221534;0.221366;0.220955;0.220955;0.220953;0.220846;0.220846;0.220846;0.220846;0.220789;0.220566;0.220566;0.220566;0.220438;0.220428;0.220389;0.219961;0.219961;0.219792;0.219792;0.219792;0.219792;0.219682;0.219624;0.219551;0.219488;0.219488;0.219458;0.219430;0.219349;0.219348;0.219348;0.219348;0.219267;0.219267;0.219198;0.219198;0.219195;0.219188;0.219188;0.219188;0.219188;0.219187;0.219187;0.219185;0.219185;0.219181;0.219181;0.219180;0.219180;0.219179;0.219179;0.219178;0.219178;0.219177;0.219177;0.219177;0.219177;0.219176;0.219175;0.219174;0.219174;0.219174;0.219174;0.219174;0.219174;0.219173;0.219173;0.219173;0.219173;0.219173;0.219173,32.21,189.31,41,2.296529,86.6317,-1.7583,55.2333,1657,25.0479,4.2696,82.186,0.0,True,35.5,4840,4.9599,8.1
google,3000,10,linear,False,False,0.0,0.4,0.3,0.3,0,0,DE,random,5,0.3333333333333333,CONV,0.243399;0.243399;0.240135;0.238103;0.238103;0.236365;0.233181;0.233181;0.232442;0.232442;0.231737;0.230962;0.230566;0.228959;0.228959;0.228126;0.227983;0.226880;0.226880;0.226767;0.226064;0.224303;0.224303;0.224022;0.223681;0.222854;0.222469;0.222358;0.222268;0.222268;0.221673;0.221673;0.221215;0.220927;0.220593;0.220593;0.220593;0.220383;0.220383;0.220013;0.219966;0.219966;0.219259;0.219259;0.219259;0.219019;0.218871;0.218784;0.218618;0.218337;0.218317;0.218162;0.218134;0.218134;0.218134;0.218108;0.217948;0.217808;0.217797;0.217797;0.217558;0.217558;0.217459;0.217459;0.217459;0.217452;0.217186;0.217186;0.217086;0.217086;0.217086;0.217086;0.217086;0.217086;0.216964;0.216964;0.216957;0.216836;0.216836;0.216836;0.216818;0.216761;0.216761;0.216756;0.216756;0.216756;0.216756;0.216756;0.216756;0.216754;0.216754;0.216754;0.216754;0.216752;0.216655;0.216654;0.216653;0.216651;0.216651;0.216651;0.216650;0.216650;0.216650;0.216650;0.216650;0.216649;0.216649;0.216649;0.216649;0.216648;0.216648;0.216648;0.216648;0.216648;0.216648;0.216648;0.216648;0.216648;0.216648;0.216648,32.21,189.31,41,2.30404,86.588,-2.0911,54.3333,1630,24.9979,4.2841,82.013,0.0,True,36.0,4840,5.0728,8.06
google,3000,10,linear,False,False,0.0,0.4,0.3,0.3,0,0,DE,random,6,0.3333333333333333,CONV,0.241081;0.240499;0.239409;0.238058;0.234083;0.230758;0.230758;0.230758;0.230013;0.230013;0.229647;0.229025;0.227251;0.226058;0.226058;0.224550;0.224550;0.224550;0.224550;0.224281;0.223753;0.223343;0.223343;0.223343;0.222895;0.222151;0.222151;0.221698;0.221698;0.221698;0.221185;0.220974;0.220854;0.220854;0.220314;0.220314;0.219952;0.219621;0.219454;0.219209;0.219209;0.219209;0.219037;0.219014;0.218815;0.218670;0.218574;0.218574;0.218554;0.218145;0.218145;0.218145;0.218145;0.218145;0.217865;0.217834;0.217808;0.217372;0.217372;0.217372;0.217372;0.217372;0.217372;0.217372;0.217372;0.217256;0.217178;0.216948;0.216890;0.216890;0.216615;0.216524;0.216407;0.216407;0.216407;0.216407;0.216372;0.216342;0.216245;0.216243;0.216243;0.216243;0.216240;0.216240;0.216240;0.216240;0.216064;0.216064;0.216023;0.216023;0.216023;0.216023;0.216023;0.216023;0.215942;0.215942;0.215942;0.215942;0.215942;0.215942;0.215939;0.215938;0.215938;0.215937;0.215937;0.215937;0.215936;0.215935;0.215935;0.215935;0.215935;0.215935;0.215934;0.215934;0.215934;0.215934;0.215933;0.215933;0.215933;0.215933,32.21,189.31,41,2.26902,86.7919,-0.5394,54.3667,1631,24.8979,4.2633,83.61,0.0,True,36.0,4840,4.9253,7.87
google,3000,10,linear,False,False,0.0,0.4,0.3,0.3,0,0,DE,random,7,0.3333333333333333,CONV,0.239486;0.237943;0.236134;0.236134;0.232859;0.231669;0.231669;0.231538;0.229966;0.228564;0.227926;0.226154;0.226154;0.226154;0.226154;0.226154;0.226154;0.226154;0.225796;0.225796;0.224658;0.224658;0.224496;0.224496;0.224480;0.224034;0.223565;0.223565;0.223361;0.223361;0.223361;0.223357;0.222238;0.222238;0.222238;0.221930;0.221930;0.221930;0.221730;0.221498;0.221235;0.221071;0.220874;0.220381;0.220257;0.220257;0.220257;0.220257;0.220066;0.219907;0.219907;0.219854;0.219808;0.219633;0.219563;0.219366;0.219366;0.219366;0.219186;0.219186;0.218918;0.218918;0.218918;0.218788;0.218719;0.218719;0.218596;0.218523;0.218477;0.218382;0.218380;0.218375;0.218277;0.218246;0.218088;0.218088;0.218088;0.218020;0.218020;0.218020;0.218020;0.218018;0.217958;0.217958;0.217913;0.217913;0.217913;0.217913;0.217913;0.217911;0.217911;0.217869;0.217869;0.217868;0.217868;0.217830;0.217827;0.217827;0.217771;0.217769;0.217766;0.217766;0.217766;0.217766;0.217765;0.217765;0.217761;0.217760;0.217760;0.217760;0.217759;0.217759;0.217759;0.217759;0.217759;0.217758;0.217757;0.217757;0.217757;0.217757,32.21,189.31,41,2.282949,86.7108,-1.1566,54.8667,1646,24.9479,4.2399,82.464,0.0,True,34.0,4840,5.2472,7.65
google,3000,10,linear,False,False,0.0,0.4,0.3,0.3,0,0,DE,random,8,0.3333333333333333,CONV,0.240805;0.240360;0.237146;0.235084;0.234876;0.232381;0.232381;0.232381;0.232300;0.230399;0.230184;0.227745;0.227500;0.227042;0.225768;0.225731;0.224872;0.224492;0.224346;0.224292;0.223544;0.222292;0.222132;0.221513;0.221513;0.221366;0.220837;0.219905;0.219268;0.219268;0.219032;0.219032;0.218482;0.218341;0.217959;0.217959;0.217526;0.217526;0.217209;0.217159;0.217150;0.216825;0.216671;0.216195;0.216195;0.216195;0.216195;0.215858;0.215858;0.215667;0.215051;0.215051;0.215051;0.215051;0.214923;0.214923;0.214923;0.214843;0.214718;0.214618;0.214576;0.214343;0.214148;0.213697;0.213697;0.213635;0.213539;0.213460;0.213321;0.213321;0.213239;0.213038;0.213038;0.212950;0.212854;0.212854;0.212832;0.212734;0.212442;0.212442;0.212442;0.212442;0.212437;0.212218;0.212218;0.212218;0.212054;0.212054;0.212054;0.212035;0.212035;0.211966;0.211966;0.211966;0.211966;0.211966;0.211859;0.211859;0.211859;0.211843;0.211843;0.211715;0.211715;0.211715;0.211644;0.211644;0.211644;0.211644;0.211644;0.211641;0.211638;0.211638;0.211638;0.211638;0.211638;0.211637;0.211635;0.211631;0.211630;0.211630,32.21,189.31,41,2.31617,86.5174,-2.6286,52.5667,1577,25.1979,4.2725,79.902,0.0,True,36.0,4840,5.167,7.99
google,3000,10,linear,False,False,0.0,0.4,0.3,0.3,0,0,DE,random,9,0.3333333333333333,CONV,0.239815;0.237384;0.237384;0.236254;0.234637;0.233445;0.232320;0.230871;0.228729;0.227540;0.227540;0.227540;0.226713;0.226617;0.225068;0.223977;0.223943;0.223375;0.222972;0.222969;0.222584;0.221229;0.220355;0.220355;0.220355;0.219697;0.219176;0.218831;0.218831;0.218042;0.218042;0.218042;0.218042;0.217883;0.217111;0.217111;0.216912;0.216912;0.216883;0.216582;0.216582;0.216394;0.216394;0.216345;0.216345;0.216277;0.215898;0.215898;0.215898;0.215898;0.215730;0.215730;0.215730;0.215420;0.215420;0.215307;0.215307;0.215307;0.215307;0.215255;0.215255;0.215255;0.215255;0.215250;0.215117;0.215053;0.215053;0.215053;0.215026;0.214991;0.214991;0.214877;0.214877;0.214877;0.214854;0.214852;0.214852;0.214852;0.214806;0.214742;0.214742;0.214738;0.214738;0.214733;0.214733;0.214733;0.214732;0.214732;0.214732;0.214731;0.214731;0.214731;0.214731;0.214731;0.214729;0.214729;0.214729;0.214729;0.214728;0.214728;0.214728;0.214727;0.214727;0.214727;0.214727;0.214727;0.214727;0.214726;0.214726;0.214726;0.214726;0.214726;0.214725;0.214725;0.214725;0.214725;0.214725;0.214725;0.214725;0.214725,32.21,189.31,41,2.307365,86.5686,-2.2384,53.6667,1610,24.9979,4.3278,82.926,0.0,True,35.5,4840,5.2944,7.69
google,3000,10,linear,False,False,0.0,0.4,0.3,0.3,0,0,DE,random,10,0.3333333333333333,CONV,0.241785;0.240439;0.237781;0.235770;0.234321;0.232883;0.232883;0.232297;0.231657;0.230663;0.230663;0.229411;0.229411;0.229411;0.228269;0.228269;0.227363;0.227363;0.227273;0.227273;0.227154;0.226591;0.226591;0.226453;0.226297;0.226164;0.226164;0.225888;0.225279;0.225279;0.225078;0.225078;0.225078;0.225078;0.225078;0.224965;0.224935;0.224300;0.224300;0.224074;0.223907;0.223674;0.223600;0.223596;0.223596;0.223567;0.223285;0.223159;0.223159;0.222818;0.222818;0.222818;0.222704;0.222496;0.222496;0.222496;0.222446;0.222446;0.222446;0.222389;0.222274;0.222274;0.222182;0.222182;0.222076;0.222057;0.221958;0.221958;0.221958;0.221958;0.221958;0.221890;0.221890;0.221847;0.221847;0.221810;0.221779;0.221731;0.221731;0.221574;0.221540;0.221540;0.221539;0.221534;0.221534;0.221534;0.221497;0.221396;0.221367;0.221306;0.221306;0.221306;0.221306;0.221306;0.221299;0.221286;0.221215;0.221215;0.221215;0.221212;0.221212;0.221212;0.221210;0.221210;0.221209;0.221208;0.221208;0.221139;0.221139;0.221139;0.221139;0.221139;0.221139;0.221137;0.221137;0.221136;0.221136;0.221136;0.221135;0.221135,32.21,189.31,41,2.277703,86.7413,-0.9241,56.0333,1681,24.9479,4.2337,82.754,0.0,True,35.0,4840,5.3513,7.75
google,3000,10,linear,False,False,0.0,0.4,0.3,0.3,0,0,GWO,random,7,0.3333333333333333,CONV,0.239136;0.231007;0.222413;0.212631;0.203714;0.196925;0.190785;0.185331;0.177992;0.173047;0.168733;0.164418;0.161084;0.156233;0.154289;0.149618;0.144495;0.140646;0.138480;0.135710;0.132566;0.129179;0.125324;0.123843;0.120481;0.119354;0.117302;0.114610;0.111997;0.109961;0.107948;0.106279;0.104606;0.103170;0.102885;0.100686;0.098980;0.096590;0.095653;0.094636;0.092830;0.091938;0.090279;0.089797;0.089797;0.089797;0.089506;0.088381;0.087648;0.087648;0.087303;0.086675;0.085389;0.084243;0.084243;0.083894;0.082701;0.082556;0.082298;0.081133;0.081133;0.081133;0.080913;0.080592;0.080515;0.080037;0.080037;0.079531;0.079117;0.078792;0.078669;0.078379;0.078366;0.077363;0.077363;0.077363;0.077363;0.077363;0.077363;0.077363;0.077363;0.077363;0.077363;0.077363;0.077363;0.077363;0.077363;0.077363;0.077350;0.077350;0.077350;0.077241;0.077021;0.077021;0.076328;0.076146;0.076146;0.076146;0.076146;0.076146;0.076146;0.076037;0.076037;0.076027;0.076006;0.075889;0.075533;0.074952;0.074952;0.074952;0.074622;0.074622;0.074622;0.074609;0.074480;0.074423;0.074246;0.074138;0.074102;0.074034,32.21,189.31,41,2.208945,87.1416,2.1225,7.5333,226,24.7479,4.0929,81.216,0.0,True,29.0,4840,5.2799,8.36
google,3000,10,linear,False,False,0.0,0.4,0.3,0.3,0,0,GWO,random,8,0.3333333333333333,CONV,0.236473;0.225949;0.220655;0.211266;0.203597;0.197246;0.191755;0.186950;0.179652;0.174554;0.170385;0.164865;0.160286;0.156776;0.154290;0.150265;0.144682;0.142225;0.138568;0.136002;0.133260;0.130694;0.125828;0.124316;0.121820;0.120296;0.117746;0.114982;0.114982;0.111872;0.111279;0.109389;0.107894;0.106133;0.104666;0.103676;0.102923;0.100802;0.100802;0.100421;0.099556;0.099556;0.099253;0.098172;0.096414;0.095369;0.095369;0.095067;0.094734;0.093893;0.093058;0.091510;0.091510;0.090939;0.090939;0.090939;0.089882;0.089509;0.088693;0.088303;0.086867;0.085880;0.085880;0.084697;0.084517;0.083152;0.083152;0.083068;0.082866;0.082490;0.082490;0.082441;0.082159;0.081449;0.081387;0.080523;0.080523;0.080322;0.080117;0.080003;0.079373;0.078621;0.078621;0.078540;0.078527;0.077785;0.077351;0.076885;0.076885;0.076885;0.076885;0.076594;0.076594;0.076039;0.076039;0.075601;0.075601;0.075601;0.075231;0.075164;0.075111;0.074963;0.074896;0.074617;0.074617;0.074617;0.073929;0.073911;0.073809;0.073809;0.073452;0.073019;0.073013;0.072942;0.072761;0.072739;0.072653;0.072496;0.072482;0.072482,32.21,189.31,41,2.19384,87.2295,2.7918,7.1333,214,24.7479,4.1053,80.09,0.0,True,30.5,4840,5.558,8.76
google,3000,10,linear,False,False,0.0,0.4,0.3,0.3,0,0,GWO,random,9,0.3333333333333333,CONV,0.239434;0.231721;0.221993;0.212637;0.202576;0.197545;0.190978;0.186016;0.180401;0.176672;0.168702;0.162383;0.159127;0.154793;0.150328;0.146364;0.144716;0.141056;0.137461;0.134318;0.131123;0.129157;0.127067;0.124407;0.121247;0.120256;0.116820;0.116053;0.114487;0.112342;0.109912;0.109579;0.108396;0.107145;0.105442;0.104169;0.102023;0.100882;0.100640;0.098371;0.096883;0.095393;0.095128;0.093465;0.093127;0.091667;0.091667;0.091108;0.090002;0.089675;0.087567;0.087567;0.087388;0.087168;0.086504;0.085747;0.084063;0.083270;0.082807;0.082245;0.081852;0.080726;0.080272;0.080272;0.079784;0.079784;0.079281;0.078783;0.078517;0.078464;0.077903;0.077422;0.077067;0.076734;0.076252;0.076252;0.076252;0.076252;0.075634;0.075165;0.074999;0.074999;0.073582;0.073582;0.073582;0.072743;0.072743;0.072743;0.072743;0.072743;0.072743;0.072743;0.072743;0.072743;0.072743;0.072743;0.072743;0.072743;0.072743;0.072743;0.072743;0.072743;0.072743;0.072743;0.072366;0.072366;0.072366;0.072366;0.072293;0.072092;0.071669;0.071669;0.071525;0.071183;0.071183;0.071051;0.071048;0.070974;0.070892;0.070892,32.21,189.31,41,2.224312,87.0521,1.4416,6.3667,191,25.0479,4.1268,76.046,0.0,True,30.0,4840,5.7135,8.42
google,3000,10,linear,False,False,0.0,0.4,0.3,0.3,0,0,GWO,random,10,0.3333333333333333,CONV,0.235345;0.225252;0.219431;0.211134;0.202732;0.197056;0.190020;0.184634;0.177099;0.173127;0.168624;0.162924;0.157676;0.152025;0.147083;0.145278;0.140516;0.138011;0.136084;0.133238;0.129497;0.127456;0.125406;0.123139;0.120173;0.118989;0.117343;0.114995;0.112474;0.110188;0.108454;0.106543;0.104718;0.102396;0.101177;0.100497;0.098595;0.097096;0.095018;0.093461;0.093069;0.091810;0.091810;0.090007;0.090007;0.089558;0.088593;0.088155;0.087539;0.087340;0.086545;0.086513;0.086326;0.086050;0.085359;0.084625;0.084583;0.084029;0.083962;0.083947;0.082751;0.082751;0.082751;0.082724;0.082580;0.081427;0.080535;0.079324;0.078853;0.077940;0.077250;0.077250;0.076799;0.076483;0.075440;0.075440;0.075405;0.075004;0.074042;0.074042;0.074042;0.074042;0.074042;0.074042;0.073686;0.073686;0.073509;0.073509;0.073138;0.073138;0.073138;0.072427;0.072427;0.072279;0.072279;0.072210;0.071214;0.071049;0.070735;0.070735;0.070735;0.070571;0.070571;0.070568;0.070475;0.070475;0.070085;0.069821;0.069821;0.069522;0.069522;0.069522;0.069522;0.069471;0.069443;0.069324;0.069199;0.068970;0.068970;0.068970,32.21,189.31,41,2.214815,87.1074,1.8624,5.8,174,24.8979,4.079,78.607,0.0,True,32.5,4840,5.5505,8.65
google,3000,10,linear,False,False,0.0,0.4,0.3,0.3,0,0,PSO,random,1,0.3333333333333333,CONV,0.241595;0.239745;0.239745;0.237386;0.237129;0.237129;0.237129;0.237129;0.237129;0.237129;0.237129;0.237129;0.237129;0.237129;0.237129;0.237129;0.237129;0.237129;0.237129;0.237129;0.237129;0.237129;0.237129;0.237129;0.237129;0.237129;0.237129;0.237129;0.237129;0.237129;0.237129;0.237129;0.237129;0.237129;0.237129;0.237129;0.237129;0.237129;0.237129;0.237129;0.237129;0.237129;0.237129;0.237129;0.237129;0.237129;0.237129;0.237129;0.237129;0.237129;0.237129;0.237129;0.237129;0.237129;0.237129;0.237129;0.237129;0.237129;0.237129;0.237129;0.237129;0.237129;0.237129;0.237129;0.237129;0.237129;0.237129;0.237129;0.237113;0.237113;0.237113;0.237113;0.237034;0.236932;0.236932;0.236932;0.236761;0.236760;0.236760;0.236760;0.236760;0.236760;0.236617;0.236617;0.236617;0.236617;0.236617;0.236617;0.236617;0.236617;0.236617;0.236617;0.236617;0.236617;0.236617;0.236617;0.236342;0.236342;0.236342;0.235813;0.235813;0.235813;0.235813;0.235813;0.235813;0.235811;0.235811;0.235811;0.235811;0.235811;0.235811;0.235811;0.235811;0.235811;0.235811;0.235811;0.235811;0.235811;0.235811;0.235811,32.21,189.31,41,2.280975,86.7223,-1.0691,60.9,1827,25.2979,4.3581,78.945,0.0,True,35.0,4840,5.4592,8.54
google,3000,10,linear,False,False,0.0,0.4,0.3,0.3,0,0,PSO,random,2,0.3333333333333333,CONV,0.238627;0.238627;0.238627;0.238032;0.238032;0.238032;0.238032;0.238032;0.238031;0.238031;0.238031;0.238031;0.238031;0.238031;0.238031;0.238031;0.238031;0.238031;0.238031;0.238031;0.238031;0.238031;0.238031;0.238031;0.238031;0.238031;0.238031;0.238031;0.238031;0.238031;0.238031;0.238031;0.238031;0.238031;0.238031;0.238031;0.238031;0.238031;0.238031;0.238031;0.238031;0.238031;0.238031;0.238031;0.238031;0.238031;0.238031;0.238031;0.238031;0.238031;0.238031;0.238031;0.238031;0.238031;0.238031;0.238031;0.238031;0.238031;0.238031;0.238031;0.238031;0.238031;0.238031;0.238031;0.238031;0.238031;0.238031;0.238031;0.238031;0.238031;0.238031;0.238031;0.238031;0.238031;0.238031;0.238031;0.238031;0.237855;0.237855;0.237855;0.237855;0.237855;0.237689;0.237592;0.237592;0.237592;0.237592;0.237592;0.237592;0.237592;0.237592;0.237592;0.237592;0.237592;0.237592;0.237592;0.237592;0.237592;0.237592;0.237592;0.237592;0.237592;0.237592;0.237592;0.237592;0.237592;0.237592;0.237592;0.237592;0.237592;0.237592;0.237581;0.237581;0.237581;0.237581;0.237581;0.237581;0.237581;0.237147;0.237147,32.21,189.31,41,2.278245,86.7382,-0.9482,61.3667,1841,25.2479,4.3295,79.603,0.0,True,34.5,4840,5.3821,8.27
google,3000,10,linear,False,False,0.0,0.4,0.3,0.3,0,0,PSO,random,3,0.3333333333333333,CONV,0.242154;0.242154;0.242154;0.242154;0.242154;0.242154;0.242154;0.242040;0.242040;0.242040;0.242040;0.242040;0.242040;0.242040;0.242040;0.242040;0.242040;0.242040;0.242040;0.242040;0.242040;0.242040;0.242040;0.242040;0.242040;0.242040;0.242040;0.242040;0.242040;0.242040;0.242040;0.241144;0.241144;0.241144;0.239089;0.238839;0.238839;0.238839;0.238839;0.238839;0.238839;0.238764;0.238764;0.238764;0.238764;0.238764;0.238764;0.238764;0.238764;0.238764;0.238764;0.238764;0.238764;0.238764;0.238764;0.238764;0.238764;0.238764;0.238764;0.238764;0.238764;0.238764;0.238764;0.237277;0.237277;0.237277;0.237277;0.237201;0.236885;0.236885;0.236885;0.236885;0.236885;0.236885;0.236885;0.236885;0.236885;0.236885;0.236885;0.236885;0.236885;0.236885;0.236885;0.236885;0.236885;0.236885;0.236885;0.236885;0.236885;0.236885;0.236885;0.236854;0.236854;0.236854;0.236854;0.236854;0.236854;0.236854;0.236854;0.236854;0.236854;0.236854;0.236854;0.236854;0.236854;0.236854;0.236854;0.236854;0.236854;0.236854;0.236854;0.236854;0.236854;0.236854;0.236854;0.236854;0.236854;0.236635;0.236635;0.236635,32.21,189.31,41,2.282016,86.7162,-1.1152,61.1667,1835,25.1979,4.3611,79.701,0.0,True,35.0,4840,5.4603,8.34
google,3000,10,linear,False,False,0.0,0.4,0.3,0.3,0,0,PSO,random,4,0.3333333333333333,CONV,0.242570;0.242570;0.242478;0.242478;0.240541;0.240541;0.240541;0.240541;0.240541;0.240541;0.240541;0.240541;0.240423;0.240423;0.240423;0.240423;0.240423;0.240423;0.240423;0.240423;0.240423;0.240423;0.240423;0.240423;0.240423;0.240423;0.240423;0.240423;0.240423;0.240423;0.240423;0.240423;0.240423;0.240423;0.240423;0.240423;0.240423;0.240423;0.240423;0.240423;0.240423;0.240423;0.240423;0.240423;0.240423;0.240423;0.240423;0.240423;0.240423;0.240423;0.240423;0.240423;0.240423;0.240423;0.240423;0.240423;0.240423;0.240423;0.240423;0.240423;0.240423;0.240423;0.240423;0.240423;0.240423;0.240423;0.240313;0.240313;0.240313;0.240313;0.240313;0.240313;0.240313;0.240313;0.240313;0.240313;0.240313;0.240313;0.240313;0.240313;0.240313;0.240313;0.240313;0.240313;0.240313;0.240313;0.240313;0.240313;0.240313;0.240313;0.240313;0.240313;0.240313;0.240313;0.240313;0.240313;0.240313;0.240313;0.240313;0.240313;0.240313;0.240313;0.240313;0.240313;0.240313;0.240313;0.240313;0.240313;0.240313;0.240313;0.240313;0.240313;0.240313;0.240313;0.240313;0.240313;0.240313;0.240313;0.240313;0.240313,32.21,189.31,41,2.276775,86.7467,-0.883,62.4333,1873,25.2479,4.3269,79.587,0.0,True,34.5,4840,5.5508,7.99
google,3000,20,linear,False,False,0.0,0.4,0.3,0.3,0,0,WOA,random,3,0.3333333333333333,CONV,0.069336;0.059630;0.053612;0.052168;0.051990;0.051855;0.051793;0.051793;0.051793;0.051793;0.051793;0.051793;0.051792;0.051792;0.051792;0.051792;0.051792;0.051792;0.051792;0.051792;0.051792;0.051792;0.051792;0.051792;0.051792;0.051792;0.051792;0.051792;0.051792;0.051792;0.051792;0.051792;0.051792;0.051792;0.051792;0.051792;0.051792;0.051792;0.051792;0.051792;0.051792;0.051792;0.051792;0.051792;0.051792;0.051792;0.051787;0.051787;0.051782;0.051780;0.051780;0.051780;0.051780;0.051780;0.051780;0.051780;0.051780;0.051780;0.051780;0.051780;0.051780;0.051780;0.051780;0.051780;0.051780;0.051780;0.051780;0.051780;0.051780;0.051780;0.051780;0.051780;0.051780;0.051780;0.051780;0.051780;0.051780;0.051780;0.051780;0.051780;0.051780;0.051780;0.051780;0.051780;0.051780;0.051780;0.051780;0.051780;0.051780;0.051780;0.051780;0.051780;0.051780;0.051780;0.051780;0.051780;0.051780;0.051780;0.051780;0.051780;0.051780;0.051780;0.051780;0.051780;0.051780;0.051780;0.051780;0.051780;0.051780;0.051780;0.051780;0.051780;0.051780;0.051780;0.051780;0.051780;0.051780;0.051780;0.051780;0.051780,32.21,189.31,41,2.223824,87.0549,1.4632,0.0,0,24.8479,4.0645,78.354,0.0,True,25.5,4840,4.9568,4.9
google,3000,20,linear,False,False,0.0,0.4,0.3,0.3,0,0,WOA,random,4,0.3333333333333333,CONV,0.069698;0.061091;0.054776;0.053413;0.052382;0.052382;0.052365;0.052260;0.052059;0.052059;0.052059;0.052010;0.051935;0.051935;0.051935;0.051935;0.051935;0.051935;0.051935;0.051935;0.051935;0.051935;0.051935;0.051935;0.051935;0.051935;0.051934;0.051934;0.051934;0.051934;0.051934;0.051934;0.051934;0.051934;0.051934;0.051934;0.051934;0.051934;0.051934;0.051934;0.051934;0.051934;0.051934;0.051934;0.051934;0.051934;0.051934;0.051934;0.051934;0.051934;0.051934;0.051934;0.051934;0.051934;0.051934;0.051934;0.051934;0.051934;0.051934;0.051934;0.051934;0.051934;0.051934;0.051934;0.051934;0.051934;0.051934;0.051934;0.051934;0.051934;0.051934;0.051934;0.051934;0.051934;0.051934;0.051934;0.051934;0.051934;0.051934;0.051934;0.051934;0.051934;0.051934;0.051934;0.051934;0.051934;0.051934;0.051934;0.051934;0.051934;0.051934;0.051934;0.051934;0.051934;0.051934;0.051934;0.051934;0.051934;0.051934;0.051934;0.051934;0.051934;0.051934;0.051934;0.051934;0.051934;0.051934;0.051934;0.051934;0.051934;0.051934;0.051934;0.051934;0.051934;0.051934;0.051934;0.051934;0.051934;0.051934;0.051934,32.21,189.31,41,2.213263,87.1164,1.9312,0.1333,4,24.6979,4.028,80.376,0.0,True,26.5,4840,5.303,4.94
google,3000,20,linear,False,False,0.0,0.4,0.3,0.3,0,0,WOA,random,5,0.3333333333333333,CONV,0.070017;0.063630;0.054219;0.053728;0.052702;0.052502;0.052471;0.052471;0.052468;0.052370;0.052370;0.052370;0.052370;0.052370;0.052181;0.051848;0.051848;0.051793;0.051780;0.051734;0.051662;0.051662;0.051660;0.051659;0.051659;0.051659;0.051659;0.051659;0.051659;0.051659;0.051659;0.051659;0.051659;0.051659;0.051659;0.051659;0.051659;0.051659;0.051659;0.051659;0.051659;0.051659;0.051659;0.051659;0.051659;0.051659;0.051659;0.051659;0.051659;0.051659;0.051659;0.051659;0.051659;0.051659;0.051658;0.051658;0.051658;0.051658;0.051658;0.051658;0.051658;0.051658;0.051658;0.051658;0.051658;0.051658;0.051658;0.051658;0.051658;0.051658;0.051658;0.051658;0.051658;0.051658;0.051658;0.051658;0.051658;0.051658;0.051658;0.051658;0.051658;0.051658;0.051658;0.051658;0.051658;0.051658;0.051658;0.051658;0.051658;0.051658;0.051658;0.051658;0.051658;0.051658;0.051658;0.051658;0.051658;0.051658;0.051658;0.051658;0.051658;0.051658;0.051658;0.051658;0.051658;0.051658;0.051658;0.051658;0.051658;0.051658;0.051658;0.051658;0.051658;0.051658;0.051658;0.051658;0.051658;0.051658;0.051658;0.051658,32.21,189.31,41,2.218594,87.0854,1.695,0.0,0,24.6479,4.0459,80.649,0.0,True,27.0,4840,5.275,5.24
google,3000,20,linear,False,False,0.0,0.4,0.3,0.3,0,0,WOA,random,6,0.3333333333333333,CONV,0.069315;0.062234;0.053333;0.052366;0.051769;0.051425;0.051364;0.051362;0.051331;0.051331;0.051331;0.051330;0.051222;0.051222;0.051124;0.051122;0.051121;0.051006;0.051006;0.051003;0.051003;0.051003;0.051003;0.051003;0.051003;0.051003;0.051003;0.051003;0.051003;0.051003;0.051003;0.051003;0.051003;0.051003;0.051003;0.051003;0.051003;0.051003;0.051003;0.051003;0.051003;0.051003;0.051003;0.051003;0.051003;0.051003;0.051003;0.051003;0.051003;0.051003;0.051003;0.051003;0.051003;0.051003;0.051003;0.051003;0.051003;0.051003;0.051003;0.051003;0.051003;0.051003;0.051003;0.051003;0.051003;0.051003;0.051003;0.051003;0.051003;0.051003;0.051003;0.051003;0.051003;0.051003;0.051003;0.051003;0.051003;0.051003;0.051003;0.051003;0.051003;0.051003;0.051003;0.051003;0.051003;0.051003;0.051003;0.051003;0.051003;0.051003;0.051003;0.051003;0.051003;0.051003;0.051003;0.051003;0.051003;0.051003;0.051003;0.051003;0.051003;0.051003;0.051003;0.051003;0.051003;0.051003;0.051003;0.051003;0.051003;0.051003;0.051003;0.051003;0.051003;0.051003;0.051003;0.051003;0.051003;0.051003;0.051003;0.051003,32.21,189.31,41,2.190429,87.2493,2.9429,0.0,0,24.6479,4.0535,83.624,0.0,True,25.0,4840,5.291,4.94
google,3000,20,linear,False,False,0.0,0.4,0.3,0.3,0,0,WOA,random,7,0.3333333333333333,CONV,0.070521;0.063486;0.052144;0.051559;0.051345;0.051345;0.051296;0.051293;0.051293;0.051289;0.051289;0.051170;0.051170;0.051170;0.051170;0.051170;0.051170;0.051170;0.051169;0.051169;0.051169;0.051169;0.051169;0.051169;0.051169;0.051169;0.051169;0.051169;0.051169;0.051169;0.051169;0.051169;0.051169;0.051169;0.051169;0.051169;0.051169;0.051169;0.051169;0.051169;0.051169;0.051169;0.051169;0.051169;0.051169;0.051169;0.051169;0.051169;0.051169;0.051169;0.051169;0.051169;0.051169;0.051169;0.051169;0.051169;0.051169;0.051169;0.051169;0.051169;0.051169;0.051169;0.051169;0.051169;0.051169;0.051169;0.051169;0.051169;0.051169;0.051169;0.051169;0.051169;0.051169;0.051169;0.051169;0.051169;0.051169;0.051169;0.051169;0.051169;0.051169;0.051169;0.051169;0.051169;0.051169;0.051169;0.051169;0.051169;0.051169;0.051169;0.051169;0.051169;0.051169;0.051169;0.051169;0.051169;0.051169;0.051169;0.051169;0.051169;0.051169;0.051169;0.051169;0.051169;0.051169;0.051169;0.051169;0.051169;0.051169;0.051169;0.051169;0.051169;0.051169;0.051169;0.051169;0.051169;0.051169;0.051169;0.051169;0.051169,32.21,189.31,41,2.193291,87.2327,2.8161,0.0333,1,24.6979,4.07,82.902,0.0,True,25.5,4840,5.3934,4.8
google,3000,20,linear,False,False,0.0,0.4,0.3,0.3,0,0,WOA,random,8,0.3333333333333333,CONV,0.069357;0.064530;0.054057;0.052423;0.052376;0.051942;0.051776;0.051776;0.051651;0.051651;0.051640;0.051562;0.051504;0.051503;0.051503;0.051503;0.051503;0.051503;0.051503;0.051503;0.051502;0.051502;0.051502;0.051502;0.051502;0.051502;0.051502;0.051502;0.051502;0.051502;0.051502;0.051502;0.051502;0.051502;0.051502;0.051502;0.051502;0.051502;0.051502;0.051502;0.051502;0.051502;0.051502;0.051502;0.051502;0.051502;0.051502;0.051502;0.051502;0.051502;0.051502;0.051502;0.051502;0.051502;0.051502;0.051502;0.051502;0.051502;0.051502;0.051502;0.051502;0.051502;0.051502;0.051502;0.051502;0.051502;0.051502;0.051502;0.051502;0.051502;0.051502;0.051502;0.051502;0.051502;0.051502;0.051502;0.051502;0.051502;0.051502;0.051502;0.051502;0.051502;0.051502;0.051502;0.051502;0.051502;0.051502;0.051502;0.051502;0.051502;0.051502;0.051502;0.051502;0.051502;0.051502;0.051502;0.051502;0.051502;0.051502;0.051502;0.051502;0.051502;0.051502;0.051502;0.051502;0.051502;0.051502;0.051502;0.051502;0.051502;0.051502;0.051502;0.051502;0.051502;0.051502;0.051502;0.051502;0.051502;0.051502;0.051502,32.21,189.31,41,2.211886,87.1244,1.9922,0.0,0,24.6479,4.0231,80.368,0.0,True,26.0,4840,5.4518,4.85
google,3000,20,linear,False,False,0.0,0.4,0.3,0.3,0,0,WOA,random,9,0.3333333333333333,CONV,0.070517;0.062389;0.054247;0.052665;0.052431;0.052060;0.051823;0.051702;0.051512;0.051512;0.051512;0.051512;0.051512;0.051512;0.051512;0.051512;0.051512;0.051512;0.051512;0.051511;0.051511;0.051511;0.051511;0.051511;0.051511;0.051511;0.051511;0.051511;0.051511;0.051511;0.051511;0.051497;0.051497;0.051497;0.051464;0.051464;0.051464;0.051464;0.051464;0.051464;0.051464;0.051464;0.051464;0.051464;0.051290;0.051290;0.051289;0.051289;0.051289;0.051289;0.051289;0.051289;0.051289;0.051289;0.051289;0.051289;0.051289;0.051289;0.051289;0.051289;0.051289;0.051289;0.051289;0.051289;0.051289;0.051289;0.051289;0.051289;0.051289;0.051264;0.051264;0.051264;0.051264;0.051264;0.051264;0.051264;0.051264;0.051264;0.051264;0.051264;0.051264;0.051264;0.051264;0.051264;0.051263;0.051263;0.051263;0.051263;0.051262;0.051262;0.051262;0.051262;0.051262;0.051261;0.051261;0.051261;0.051261;0.051261;0.051261;0.051261;0.051261;0.051261;0.051261;0.051261;0.051261;0.051261;0.051261;0.051261;0.051261;0.051261;0.051261;0.051261;0.051261;0.051261;0.051261;0.051261;0.051261;0.051261;0.051261;0.051261,32.21,189.31,41,2.197226,87.2098,2.6418,0.0333,1,24.6979,4.0832,82.321,0.0,True,27.0,4840,5.5521,5.38
google,3000,20,linear,False,False,0.0,0.4,0.3,0.3,0,0,WOA,random,10,0.3333333333333333,CONV,0.069334;0.059520;0.055155;0.052857;0.052474;0.052474;0.052474;0.052474;0.052393;0.051989;0.051972;0.051972;0.051972;0.051874;0.051874;0.051874;0.051874;0.051873;0.051872;0.051872;0.051872;0.051872;0.051872;0.051872;0.051872;0.051872;0.051872;0.051872;0.051872;0.051872;0.051872;0.051872;0.051872;0.051872;0.051872;0.051872;0.051872;0.051872;0.051872;0.051872;0.051872;0.051872;0.051872;0.051872;0.051872;0.051872;0.051872;0.051872;0.051872;0.051872;0.051872;0.051872;0.051872;0.051872;0.051872;0.051872;0.051872;0.051872;0.051872;0.051872;0.051872;0.051872;0.051872;0.051872;0.051872;0.051872;0.051872;0.051872;0.051872;0.051872;0.051872;0.051872;0.051872;0.051872;0.051872;0.051872;0.051872;0.051872;0.051872;0.051872;0.051872;0.051872;0.051872;0.051872;0.051872;0.051872;0.051872;0.051872;0.051872;0.051872;0.051872;0.051872;0.051872;0.051872;0.051872;0.051872;0.051872;0.051872;0.051872;0.051872;0.051872;0.051872;0.051872;0.051872;0.051872;0.051872;0.051872;0.051872;0.051872;0.051872;0.051872;0.051872;0.051872;0.051872;0.051872;0.051872;0.051872;0.051872;0.051872;0.051872,32.21,189.31,41,2.223463,87.057,1.4792,0.0333,1,24.7979,4.0666,77.52,0.0,True,26.5,4840,5.5288,4.71
google,3000,10,linear,False,False,0.0,0.4,0.3,0.3,0,0,WOA,carbon,5,0.3333333333333333,CONV,0.065132;0.063398;0.059904;0.056247;0.053708;0.052324;0.052324;0.052009;0.052009;0.051589;0.051496;0.051427;0.051427;0.051426;0.051426;0.051426;0.051426;0.051426;0.051426;0.051426;0.051401;0.051400;0.051337;0.051337;0.051337;0.051337;0.051337;0.051337;0.051337;0.051337;0.051337;0.051337;0.051337;0.051337;0.051337;0.051337;0.051337;0.051337;0.051337;0.051337;0.051337;0.051337;0.051337;0.051337;0.051337;0.051337;0.051337;0.051337;0.051337;0.051337;0.051337;0.051337;0.051337;0.051337;0.051337;0.051337;0.051337;0.051337;0.051337;0.051337;0.051337;0.051337;0.051337;0.051337;0.051337;0.051337;0.051337;0.051337;0.051337;0.051337;0.051337;0.051337;0.051337;0.051337;0.051337;0.051337;0.051337;0.051337;0.051337;0.051337;0.051337;0.051337;0.051337;0.051337;0.051337;0.051337;0.051337;0.051337;0.051337;0.051337;0.051337;0.051337;0.051337;0.051337;0.051337;0.051337;0.051337;0.051337;0.051337;0.051337;0.051337;0.051337;0.051337;0.051337;0.051337;0.051337;0.051337;0.051337;0.051337;0.051337;0.051337;0.051337;0.051337;0.051337;0.051337;0.051337;0.051337;0.051337;0.051337;0.051337,32.21,189.31,41,2.144913,87.5143,4.9597,0.3667,11,24.8979,4.0191,77.022,0.098,False,27.5,4840,5.0121,4.74
google,3000,10,linear,False,False,0.0,0.4,0.3,0.3,0,0,WOA,carbon,6,0.3333333333333333,CONV,0.065698;0.058003;0.053115;0.051528;0.051111;0.051022;0.050385;0.050122;0.050122;0.050122;0.050122;0.050122;0.050122;0.050122;0.050122;0.050122;0.050122;0.050122;0.050122;0.050122;0.050122;0.050122;0.050114;0.050114;0.050053;0.050053;0.050053;0.050053;0.050053;0.050053;0.050053;0.050053;0.050053;0.050053;0.050053;0.050053;0.050053;0.050053;0.050053;0.050053;0.050053;0.050053;0.050053;0.050053;0.050053;0.050053;0.050053;0.050053;0.050053;0.050053;0.050053;0.050053;0.050053;0.050053;0.050053;0.050053;0.050053;0.050053;0.050053;0.050053;0.050053;0.050053;0.050053;0.050053;0.050053;0.050053;0.050053;0.050053;0.050053;0.050053;0.050053;0.050053;0.050053;0.050053;0.050053;0.050053;0.050053;0.050053;0.050053;0.050053;0.050053;0.050053;0.050053;0.050053;0.050053;0.050053;0.050053;0.050053;0.050053;0.050053;0.050053;0.050053;0.050053;0.050053;0.050053;0.050053;0.050053;0.050053;0.050053;0.050053;0.050053;0.050053;0.050053;0.050053;0.050053;0.050053;0.050053;0.050053;0.050053;0.050053;0.050053;0.050053;0.050053;0.050053;0.050053;0.050053;0.050053;0.050053;0.050053;0.050053,32.21,189.31,41,2.14536,87.5117,4.9399,0.0333,1,24.6979,3.9966,82.065,0.0,True,25.5,4840,5.2698,4.78
google,3000,10,linear,False,False,0.0,0.4,0.3,0.3,0,0,WOA,carbon,7,0.3333333333333333,CONV,0.063962;0.055800;0.050576;0.050275;0.050209;0.050178;0.050101;0.050101;0.050101;0.050101;0.050101;0.050101;0.050101;0.050101;0.050101;0.050094;0.050094;0.050094;0.050094;0.050093;0.050093;0.050093;0.050093;0.050093;0.050093;0.050093;0.050093;0.050093;0.050092;0.050092;0.050092;0.050092;0.050092;0.050092;0.050092;0.050092;0.050092;0.050092;0.050092;0.050092;0.050092;0.050092;0.050092;0.050092;0.050092;0.050092;0.050092;0.050092;0.050092;0.050092;0.050092;0.050092;0.050092;0.050092;0.050092;0.050092;0.050092;0.050092;0.050092;0.050092;0.050092;0.050092;0.050092;0.050092;0.050092;0.050092;0.050092;0.050092;0.050092;0.050092;0.050092;0.050092;0.050092;0.050092;0.050092;0.050092;0.050092;0.050092;0.050092;0.050092;0.050092;0.050092;0.050092;0.050092;0.050092;0.050092;0.050092;0.050092;0.050092;0.050092;0.050092;0.050092;0.050092;0.050092;0.050092;0.050092;0.050092;0.050092;0.050092;0.050092;0.050092;0.050092;0.050092;0.050092;0.050092;0.050092;0.050092;0.050092;0.050092;0.050092;0.050092;0.050092;0.050092;0.050092;0.050092;0.050092;0.050092;0.050092;0.050092;0.050092,32.21,189.31,41,2.151314,87.477,4.6761,0.0,0,24.8979,4.0317,76.538,0.0,True,25.5,4840,5.221,4.98
google,3000,10,linear,False,False,0.0,0.4,0.3,0.3,0,0,WOA,carbon,8,0.3333333333333333,CONV,0.063557;0.061482;0.055506;0.052709;0.051492;0.051196;0.051196;0.051117;0.050883;0.050883;0.050883;0.050883;0.050857;0.050844;0.050712;0.050489;0.050489;0.050489;0.050438;0.050438;0.050431;0.050431;0.050418;0.050325;0.050325;0.050325;0.050324;0.050324;0.050324;0.050324;0.050324;0.050324;0.050324;0.050324;0.050324;0.050324;0.050324;0.050324;0.050324;0.050324;0.050324;0.050324;0.050324;0.050324;0.050324;0.050324;0.050324;0.050324;0.050324;0.050324;0.050324;0.050324;0.050324;0.050324;0.050324;0.050324;0.050324;0.050324;0.050324;0.050324;0.050324;0.050324;0.050324;0.050324;0.050324;0.050324;0.050324;0.050324;0.050324;0.050324;0.050324;0.050324;0.050324;0.050324;0.050324;0.050324;0.050324;0.050324;0.050324;0.050324;0.050324;0.050324;0.050324;0.050324;0.050324;0.050324;0.050324;0.050324;0.050324;0.050324;0.050324;0.050324;0.050324;0.050324;0.050324;0.050324;0.050324;0.050324;0.050324;0.050324;0.050324;0.050324;0.050324;0.050324;0.050324;0.050324;0.050324;0.050324;0.050324;0.050324;0.050324;0.050324;0.050324;0.050324;0.050324;0.050324;0.050324;0.050324;0.050324;0.050324,32.21,189.31,41,2.135516,87.569,5.3761,0.2,6,24.6979,3.9901,79.938,0.0,True,25.5,4840,5.2535,4.94
google,3000,10,linear,False,False,0.0,0.4,0.3,0.3,0,0,WOA,carbon,9,0.3333333333333333,CONV,0.061168;0.052019;0.051063;0.049968;0.049690;0.049625;0.049573;0.049573;0.049573;0.049511;0.049511;0.049504;0.049504;0.049503;0.049503;0.049503;0.049503;0.049503;0.049503;0.049503;0.049503;0.049503;0.049503;0.049503;0.049503;0.049503;0.049503;0.049503;0.049503;0.049503;0.049503;0.049503;0.049503;0.049503;0.049503;0.049503;0.049503;0.049503;0.049503;0.049503;0.049503;0.049503;0.049503;0.049503;0.049503;0.049503;0.049503;0.049503;0.049503;0.049503;0.049503;0.049503;0.049503;0.049503;0.049503;0.049503;0.049503;0.049503;0.049503;0.049503;0.049503;0.049503;0.049503;0.049503;0.049503;0.049503;0.049503;0.049503;0.049503;0.049503;0.049503;0.049503;0.049503;0.049503;0.049503;0.049503;0.049503;0.049503;0.049503;0.049503;0.049503;0.049503;0.049503;0.049503;0.049503;0.049503;0.049503;0.049503;0.049503;0.049503;0.049503;0.049503;0.049503;0.049503;0.049503;0.049503;0.049503;0.049503;0.049503;0.049503;0.049503;0.049503;0.049503;0.049503;0.049503;0.049503;0.049503;0.049503;0.049503;0.049503;0.049503;0.049503;0.049503;0.049503;0.049503;0.049503;0.049503;0.049503;0.049503;0.049503,32.21,189.31,41,2.121736,87.6492,5.9867,0.0333,1,24.6979,3.974,78.509,0.0,True,26.0,4840,5.3729,4.71
google,3000,10,linear,False,False,0.0,0.4,0.3,0.3,0,0,WOA,carbon,10,0.3333333333333333,CONV,0.058038;0.054089;0.051264;0.050846;0.050834;0.050745;0.050740;0.050740;0.050609;0.050609;0.050609;0.050609;0.050609;0.050609;0.050609;0.050609;0.050608;0.050608;0.050608;0.050608;0.050608;0.050608;0.050608;0.050608;0.050608;0.050608;0.050608;0.050608;0.050566;0.050566;0.050566;0.050566;0.050566;0.050566;0.050566;0.050566;0.050565;0.050565;0.050564;0.050564;0.050564;0.050564;0.050564;0.050564;0.050564;0.050564;0.050564;0.050564;0.050564;0.050564;0.050564;0.050564;0.050564;0.050564;0.050564;0.050564;0.050564;0.050564;0.050564;0.050564;0.050564;0.050564;0.050564;0.050564;0.050564;0.050564;0.050564;0.050564;0.050564;0.050564;0.050564;0.050564;0.050564;0.050564;0.050564;0.050564;0.050564;0.050564;0.050564;0.050564;0.050564;0.050564;0.050564;0.050564;0.050564;0.050564;0.050564;0.050564;0.050564;0.050564;0.050564;0.050564;0.050564;0.050564;0.050564;0.050564;0.050564;0.050564;0.050564;0.050564;0.050564;0.050564;0.050564;0.050564;0.050564;0.050564;0.050564;0.050564;0.050564;0.050564;0.050564;0.050564;0.050564;0.050564;0.050564;0.050564;0.050564;0.050564;0.050564;0.050564,32.21,189.31,41,2.141515,87.5341,5.1103,0.2333,7,24.7979,4.007,77.926,0.0,True,26.0,4840,5.5141,4.87
google,3000,20,linear,False,False,0.0,0.4,0.3,0.3,0,0,WOA,random,1,0.3333333333333333,CONV,0.069302;0.059246;0.055448;0.055275;0.053115;0.052008;0.051886;0.051886;0.051673;0.051665;0.051665;0.051550;0.051548;0.051548;0.051548;0.051548;0.051548;0.051548;0.051548;0.051548;0.051548;0.051548;0.051548;0.051548;0.051548;0.051548;0.051548;0.051548;0.051548;0.051548;0.051548;0.051548;0.051494;0.051494;0.051494;0.051494;0.051494;0.051494;0.051494;0.051494;0.051494;0.051494;0.051494;0.051494;0.051494;0.051494;0.051494;0.051494;0.051493;0.051493;0.051493;0.051493;0.051493;0.051493;0.051493;0.051493;0.051493;0.051493;0.051493;0.051493;0.051493;0.051493;0.051493;0.051493;0.051493;0.051493;0.051493;0.051493;0.051493;0.051493;0.051493;0.051493;0.051493;0.051493;0.051493;0.051493;0.051493;0.051493;0.051493;0.051493;0.051493;0.051493;0.051493;0.051493;0.051493;0.051493;0.051493;0.051493;0.051493;0.051493;0.051493;0.051493;0.051493;0.051493;0.051493;0.051493;0.051493;0.051493;0.051493;0.051493;0.051493;0.051493;0.051493;0.051493;0.051493;0.051493;0.051493;0.051493;0.051493;0.051493;0.051493;0.051493;0.051493;0.051493;0.051493;0.051493;0.051493;0.051493;0.051493;0.051493,32.21,189.31,41,2.211499,87.1267,2.0093,0.0,0,24.6979,4.0207,78.946,0.0,True,26.5,4840,5.6081,5.03
google,3000,20,linear,False,False,0.0,0.4,0.3,0.3,0,0,WOA,random,2,0.3333333333333333,CONV,0.069757;0.060408;0.054503;0.054503;0.053727;0.053727;0.053632;0.053632;0.053299;0.052056;0.051943;0.051937;0.051937;0.051902;0.051839;0.051838;0.051838;0.051838;0.051838;0.051838;0.051838;0.051838;0.051838;0.051838;0.051838;0.051838;0.051838;0.051838;0.051838;0.051838;0.051838;0.051838;0.051838;0.051838;0.051838;0.051838;0.051838;0.051838;0.051838;0.051838;0.051838;0.051838;0.051838;0.051838;0.051838;0.051838;0.051838;0.051838;0.051838;0.051838;0.051838;0.051838;0.051838;0.051838;0.051838;0.051838;0.051838;0.051838;0.051838;0.051838;0.051838;0.051838;0.051838;0.051838;0.051838;0.051838;0.051838;0.051838;0.051838;0.051838;0.051838;0.051838;0.051838;0.051838;0.051838;0.051838;0.051838;0.051838;0.051838;0.051838;0.051838;0.051838;0.051838;0.051838;0.051838;0.051838;0.051838;0.051838;0.051838;0.051838;0.051838;0.051838;0.051838;0.051838;0.051838;0.051838;0.051838;0.051838;0.051838;0.051838;0.051838;0.051838;0.051838;0.051838;0.051838;0.051838;0.051838;0.051838;0.051838;0.051838;0.051838;0.051838;0.051838;0.051838;0.051838;0.051838;0.051838;0.051838;0.051838;0.051838,32.21,189.31,41,2.221994,87.0656,1.5443,0.0333,1,24.8479,4.0743,76.545,0.0,True,25.5,4840,5.5692,4.71
google,3000,10,linear,False,False,0.0,0.4,0.3,0.3,0,0,HHO,random,1,0.3333333333333333,CONV,0.055192;0.052160;0.051519;0.051473;0.051288;0.051288;0.051288;0.051288;0.051288;0.051288;0.051288;0.051288;0.051126;0.050975;0.050975;0.050975;0.050975;0.050975;0.050972;0.050972;0.050972;0.050870;0.050870;0.050870;0.050866;0.050866;0.050866;0.050866;0.050866;0.050866;0.050866;0.050866;0.050866;0.050866;0.050866;0.050866;0.050866;0.050865;0.050865;0.050865;0.050865;0.050865;0.050865;0.050865;0.050865;0.050865;0.050865;0.050865;0.050865;0.050865;0.050865;0.050865;0.050865;0.050865;0.050865;0.050865;0.050865;0.050865;0.050865;0.050865;0.050865;0.050865;0.050865;0.050865;0.050865;0.050865;0.050865;0.050865;0.050865;0.050865;0.050865;0.050865;0.050865;0.050865;0.050865;0.050865;0.050865;0.050865;0.050865;0.050865;0.050865;0.050865;0.050865;0.050865;0.050865;0.050865;0.050865;0.050865;0.050865;0.050865;0.050865;0.050865;0.050865;0.050865;0.050865;0.050865;0.050865;0.050865;0.050865;0.050865;0.050865;0.050865;0.050865;0.050865;0.050865;0.050865;0.050865;0.050865;0.050865;0.050865;0.050865;0.050865;0.050865;0.050865;0.050865;0.050865;0.050865;0.050865;0.050865;0.050865,32.21,189.31,41,2.184516,87.2838,3.2049,0.0,0,24.6979,4.0707,83.822,0.0,True,27.0,8922,7.1031,4.85
google,3000,10,linear,False,False,0.0,0.4,0.3,0.3,0,0,HHO,random,2,0.3333333333333333,CONV,0.053565;0.051503;0.051155;0.051155;0.051155;0.050843;0.050843;0.050843;0.050819;0.050725;0.050725;0.050661;0.050633;0.050633;0.050633;0.050456;0.050455;0.050455;0.050455;0.050455;0.050455;0.050455;0.050455;0.050453;0.050453;0.050453;0.050453;0.050453;0.050284;0.050284;0.050284;0.050284;0.050284;0.050282;0.050282;0.050282;0.050282;0.050282;0.050282;0.050282;0.050282;0.050282;0.050282;0.050282;0.050282;0.050282;0.050282;0.050282;0.050282;0.050282;0.050282;0.050282;0.050282;0.050282;0.050282;0.050282;0.050282;0.050282;0.050282;0.050282;0.050282;0.050282;0.050282;0.050282;0.050282;0.050282;0.050282;0.050282;0.050282;0.050282;0.050282;0.050282;0.050282;0.050282;0.050282;0.050282;0.050282;0.050282;0.050282;0.050282;0.050282;0.050282;0.050282;0.050282;0.050282;0.050282;0.050282;0.050282;0.050282;0.050282;0.050282;0.050282;0.050282;0.050282;0.050282;0.050282;0.050282;0.050282;0.050282;0.050282;0.050282;0.050282;0.050282;0.050282;0.050282;0.050282;0.050282;0.050282;0.050282;0.050282;0.050282;0.050282;0.050282;0.050282;0.050282;0.050282;0.050282;0.050282;0.050282;0.050282,32.21,189.31,41,2.15949,87.4294,4.3138,0.0,0,24.6979,4.0798,84.064,0.0,True,27.0,8888,7.248,4.84
google,3000,10,linear,False,False,0.0,0.4,0.3,0.3,0,0,HHO,random,3,0.3333333333333333,CONV,0.086840;0.058395;0.053747;0.053747;0.052703;0.052701;0.052593;0.052508;0.051738;0.051575;0.051575;0.051459;0.051459;0.051292;0.051292;0.051292;0.051292;0.051288;0.051288;0.051221;0.051221;0.051221;0.051221;0.051220;0.051220;0.051220;0.051220;0.051218;0.051218;0.051217;0.051217;0.051217;0.051217;0.051217;0.051217;0.051217;0.051217;0.051217;0.051217;0.051217;0.051153;0.051152;0.051152;0.051151;0.051151;0.051151;0.051151;0.051151;0.051151;0.051151;0.051151;0.051151;0.051151;0.051151;0.051151;0.051151;0.051151;0.051151;0.051151;0.051151;0.051151;0.051151;0.051151;0.051151;0.051151;0.051151;0.051151;0.051151;0.051114;0.051114;0.051043;0.051043;0.051043;0.051043;0.051042;0.051042;0.051042;0.051042;0.051042;0.051042;0.051042;0.051042;0.051042;0.051042;0.051042;0.051042;0.051042;0.051042;0.051042;0.051042;0.051042;0.051042;0.050978;0.050977;0.050977;0.050958;0.050958;0.050958;0.050957;0.050956;0.050956;0.050956;0.050956;0.050956;0.050956;0.050956;0.050956;0.050956;0.050956;0.050956;0.050956;0.050956;0.050956;0.050956;0.050956;0.050956;0.050956;0.050956;0.050919;0.050919,32.21,189.31,41,2.186855,87.2701,3.1013,0.0,0,24.6479,4.0652,84.417,0.0,True,26.5,8928,7.3279,5.69
google,3000,10,linear,False,False,0.0,0.4,0.3,0.3,0,0,HHO,random,4,0.3333333333333333,CONV,0.100303;0.085287;0.067653;0.063595;0.060183;0.057892;0.056585;0.056383;0.052350;0.051450;0.050952;0.050952;0.050952;0.050952;0.050952;0.050952;0.050952;0.050952;0.050951;0.050951;0.050951;0.050951;0.050951;0.050951;0.050951;0.050901;0.050897;0.050897;0.050897;0.050897;0.050897;0.050897;0.050897;0.050897;0.050897;0.050897;0.050897;0.050897;0.050897;0.050897;0.050897;0.050897;0.050897;0.050897;0.050897;0.050897;0.050897;0.050897;0.050897;0.050897;0.050897;0.050897;0.050897;0.050897;0.050897;0.050897;0.050897;0.050897;0.050897;0.050897;0.050820;0.050726;0.050699;0.050679;0.050679;0.050599;0.050599;0.050599;0.050599;0.050436;0.050405;0.050405;0.050405;0.050269;0.050269;0.050198;0.050198;0.050198;0.050198;0.050198;0.050197;0.050197;0.050197;0.050197;0.050197;0.050197;0.050197;0.050197;0.050197;0.050197;0.050197;0.050197;0.050197;0.050197;0.050197;0.050197;0.050197;0.050197;0.050197;0.050197;0.050197;0.050197;0.050197;0.050197;0.050197;0.050197;0.050197;0.050197;0.050197;0.050197;0.050197;0.050197;0.050197;0.050197;0.050197;0.050197;0.050197;0.050197;0.050197;0.050197,32.21,189.31,41,2.151532,87.4758,4.6665,0.0333,1,24.6979,4.0665,83.712,0.0,True,27.0,8840,7.571,5.31
google,3000,10,linear,False,False,0.0,0.4,0.3,0.3,0,0,HHO,random,5,0.3333333333333333,CONV,0.061740;0.051843;0.051466;0.051308;0.051308;0.051186;0.050993;0.050993;0.050993;0.050922;0.050922;0.050922;0.050842;0.050842;0.050842;0.050842;0.050842;0.050842;0.050842;0.050715;0.050715;0.050715;0.050715;0.050715;0.050715;0.050715;0.050715;0.050712;0.050712;0.050712;0.050701;0.050600;0.050599;0.050599;0.050599;0.050599;0.050599;0.050599;0.050599;0.050599;0.050599;0.050599;0.050599;0.050599;0.050599;0.050599;0.050599;0.050599;0.050599;0.050599;0.050599;0.050599;0.050599;0.050599;0.050599;0.050599;0.050599;0.050599;0.050599;0.050599;0.050599;0.050599;0.050599;0.050599;0.050599;0.050599;0.050599;0.050599;0.050599;0.050599;0.050599;0.050599;0.050599;0.050599;0.050599;0.050599;0.050599;0.050599;0.050599;0.050599;0.050599;0.050599;0.050599;0.050599;0.050599;0.050599;0.050599;0.050599;0.050599;0.050599;0.050599;0.050599;0.050599;0.050599;0.050599;0.050599;0.050599;0.050599;0.050599;0.050599;0.050599;0.050599;0.050599;0.050599;0.050599;0.050599;0.050599;0.050599;0.050599;0.050599;0.050599;0.050599;0.050599;0.050599;0.050599;0.050599;0.050599;0.050599;0.050599;0.050599,32.21,189.31,41,2.173097,87.3502,3.7109,0.0,0,24.8479,4.1122,82.924,0.0,True,27.0,8790,7.5666,4.8
google,3000,10,linear,False,False,0.0,0.4,0.3,0.3,0,0,HHO,random,6,0.3333333333333333,CONV,0.055930;0.050904;0.050904;0.050813;0.050813;0.050813;0.050813;0.050813;0.050813;0.050813;0.050813;0.050813;0.050813;0.050813;0.050813;0.050813;0.050813;0.050813;0.050813;0.050813;0.050813;0.050813;0.050812;0.050812;0.050812;0.050812;0.050812;0.050812;0.050812;0.050812;0.050812;0.050812;0.050812;0.050812;0.050812;0.050812;0.050812;0.050812;0.050812;0.050689;0.050689;0.050689;0.050689;0.050645;0.050645;0.050645;0.050535;0.050535;0.050535;0.050535;0.050535;0.050534;0.050534;0.050534;0.050534;0.050534;0.050494;0.050494;0.050494;0.050494;0.050494;0.050494;0.050494;0.050494;0.050494;0.050494;0.050493;0.050493;0.050493;0.050493;0.050493;0.050493;0.050493;0.050493;0.050493;0.050493;0.050493;0.050493;0.050493;0.050493;0.050493;0.050493;0.050493;0.050493;0.050493;0.050493;0.050493;0.050493;0.050493;0.050493;0.050493;0.050493;0.050493;0.050493;0.050493;0.050493;0.050493;0.050493;0.050493;0.050493;0.050493;0.050493;0.050493;0.050493;0.050493;0.050493;0.050493;0.050493;0.050493;0.050493;0.050493;0.050493;0.050493;0.050493;0.050493;0.050493;0.050493;0.050493;0.050493;0.050493,32.21,189.31,41,2.168539,87.3768,3.9129,0.0,0,24.8979,4.0929,79.844,0.0,True,28.0,8974,7.9362,5.08
google,3000,10,linear,False,False,0.0,0.4,0.3,0.3,0,0,HHO,random,7,0.3333333333333333,CONV,0.080037;0.054647;0.054038;0.052928;0.051906;0.051906;0.051469;0.051469;0.051446;0.051375;0.051277;0.051254;0.051252;0.051252;0.050923;0.050923;0.050923;0.050923;0.050923;0.050923;0.050923;0.050923;0.050923;0.050923;0.050923;0.050923;0.050923;0.050923;0.050923;0.050923;0.050923;0.050923;0.050923;0.050923;0.050923;0.050923;0.050923;0.050923;0.050923;0.050922;0.050922;0.050922;0.050922;0.050922;0.050922;0.050922;0.050922;0.050922;0.050922;0.050922;0.050922;0.050922;0.050922;0.050922;0.050922;0.050922;0.050922;0.050922;0.050922;0.050922;0.050922;0.050922;0.050922;0.050922;0.050922;0.050922;0.050922;0.050922;0.050922;0.050922;0.050922;0.050922;0.050922;0.050922;0.050922;0.050922;0.050922;0.050922;0.050922;0.050922;0.050922;0.050922;0.050922;0.050922;0.050922;0.050922;0.050922;0.050922;0.050922;0.050922;0.050922;0.050922;0.050922;0.050922;0.050922;0.050922;0.050922;0.050922;0.050922;0.050922;0.050922;0.050922;0.050922;0.050922;0.050922;0.050922;0.050922;0.050922;0.050922;0.050922;0.050922;0.050922;0.050922;0.050922;0.050922;0.050922;0.050922;0.050866;0.050866;0.050866,32.21,189.31,41,2.18458,87.2834,3.2021,0.0,0,24.7479,4.0952,83.075,0.0,True,26.5,8856,8.0179,5.05
google,3000,10,linear,False,False,0.0,0.4,0.3,0.3,0,0,HHO,random,8,0.3333333333333333,CONV,0.084913;0.052395;0.051418;0.051417;0.051417;0.050993;0.050993;0.050993;0.050982;0.050982;0.050982;0.050982;0.050982;0.050982;0.050982;0.050906;0.050902;0.050902;0.050902;0.050686;0.050583;0.050515;0.050498;0.050496;0.050466;0.050466;0.050466;0.050350;0.050350;0.050349;0.050258;0.050258;0.050258;0.050258;0.050258;0.050258;0.050258;0.050258;0.050258;0.050258;0.050258;0.050258;0.050258;0.050258;0.050258;0.050258;0.050258;0.050258;0.050258;0.050258;0.050258;0.050258;0.050258;0.050258;0.050258;0.050258;0.050258;0.050258;0.050258;0.050257;0.050255;0.050254;0.050254;0.050254;0.050254;0.050254;0.050254;0.050254;0.050254;0.050254;0.050254;0.050254;0.050233;0.050232;0.050120;0.050120;0.050119;0.050119;0.050088;0.049968;0.049967;0.049967;0.049967;0.049967;0.049967;0.049918;0.049918;0.049918;0.049918;0.049918;0.049917;0.049917;0.049917;0.049917;0.049916;0.049916;0.049916;0.049916;0.049916;0.049916;0.049916;0.049916;0.049916;0.049916;0.049916;0.049916;0.049916;0.049916;0.049916;0.049916;0.049916;0.049916;0.049916;0.049916;0.049916;0.049913;0.049912;0.049912;0.049906;0.049906,32.21,189.31,41,2.143337,87.5235,5.0296,0.0,0,24.6479,4.0637,84.014,0.0,True,27.5,8942,8.061,5.85
google,3000,10,linear,False,False,0.0,0.4,0.3,0.3,0,0,GA,random,7,0.3333333333333333,CONV,0.238251;0.235154;0.233347;0.233347;0.231462;0.231345;0.228047;0.227671;0.227058;0.222711;0.221196;0.220602;0.219159;0.217892;0.217892;0.217507;0.216604;0.215753;0.215056;0.214544;0.214189;0.213922;0.213419;0.212287;0.211350;0.210207;0.209009;0.209009;0.208458;0.207874;0.207266;0.206640;0.206070;0.205212;0.205212;0.204365;0.204307;0.204218;0.204218;0.203185;0.202129;0.201467;0.201314;0.200814;0.200775;0.199633;0.199339;0.198315;0.198315;0.198315;0.198315;0.198303;0.198303;0.197880;0.197349;0.196821;0.196821;0.196821;0.196821;0.195609;0.195609;0.193989;0.193989;0.193989;0.193989;0.193989;0.193989;0.193878;0.193476;0.192552;0.192552;0.192552;0.192552;0.191714;0.191412;0.190654;0.190654;0.190654;0.190654;0.190654;0.190654;0.190654;0.190654;0.190654;0.190603;0.190603;0.190100;0.189788;0.189788;0.189788;0.189788;0.189662;0.188603;0.187618;0.187618;0.187618;0.187618;0.187618;0.187618;0.187618;0.187618;0.187618;0.187618;0.187618;0.187618;0.187618;0.187618;0.187618;0.187324;0.186771;0.186771;0.186771;0.186771;0.186771;0.186771;0.186012;0.186012;0.186012;0.186012;0.186012,32.21,189.31,41,2.233762,86.9971,1.0229,44.6667,1340,25.1479,4.2484,80.005,0.0,True,34.5,4840,8.717,8.56
google,3000,10,linear,False,False,0.0,0.4,0.3,0.3,0,0,GA,random,8,0.3333333333333333,CONV,0.239849;0.236922;0.235901;0.235901;0.233700;0.231046;0.231046;0.228356;0.228042;0.225405;0.224668;0.223773;0.222394;0.220095;0.219116;0.218449;0.217082;0.216618;0.216201;0.214165;0.213885;0.213885;0.212960;0.211702;0.209553;0.209553;0.209553;0.209553;0.209214;0.209214;0.208002;0.206264;0.205898;0.205898;0.205482;0.203446;0.203446;0.203446;0.203353;0.203010;0.203010;0.203010;0.202046;0.202046;0.202046;0.202046;0.201778;0.201778;0.201512;0.200667;0.198152;0.198029;0.197674;0.197674;0.195722;0.195722;0.195722;0.195722;0.195722;0.195722;0.195722;0.195558;0.195497;0.195497;0.195497;0.194429;0.194429;0.194429;0.194371;0.194022;0.194022;0.194022;0.194022;0.194022;0.193817;0.193508;0.192679;0.192679;0.191611;0.191611;0.191611;0.191256;0.191256;0.191256;0.191256;0.190872;0.190872;0.190872;0.190872;0.190638;0.190638;0.190615;0.190615;0.190615;0.189450;0.189073;0.189073;0.189073;0.189073;0.189073;0.189073;0.189073;0.189073;0.189073;0.189073;0.189073;0.189073;0.188444;0.188444;0.188444;0.188444;0.188412;0.188036;0.188024;0.188024;0.188024;0.187614;0.187614;0.187614;0.187614,32.21,189.31,41,2.255323,86.8716,0.0675,45.0333,1351,25.2979,4.2805,78.216,0.0,True,35.0,4840,9.0006,8.59
google,3000,10,linear,False,False,0.0,0.4,0.3,0.3,0,0,GA,random,9,0.3333333333333333,CONV,0.240868;0.238320;0.235385;0.232747;0.230176;0.228504;0.226177;0.225572;0.224143;0.222498;0.221349;0.220411;0.217800;0.217344;0.217047;0.215965;0.214879;0.213366;0.213366;0.213366;0.213272;0.212329;0.212067;0.210758;0.209711;0.208536;0.208216;0.208035;0.207810;0.207299;0.206497;0.206403;0.205723;0.203783;0.203541;0.203541;0.203090;0.203090;0.202662;0.202146;0.202146;0.201061;0.200643;0.199981;0.199956;0.199603;0.199405;0.196523;0.196523;0.196523;0.196523;0.196523;0.196523;0.196523;0.196311;0.196202;0.196202;0.195949;0.195949;0.195949;0.195949;0.194788;0.194047;0.194047;0.194047;0.194047;0.192408;0.192408;0.192408;0.192296;0.192296;0.191433;0.191433;0.189795;0.189795;0.189795;0.189795;0.189795;0.189795;0.189795;0.189795;0.189795;0.189507;0.189507;0.189507;0.189507;0.189353;0.189353;0.189353;0.188935;0.187133;0.187133;0.187133;0.186588;0.186588;0.186588;0.186588;0.186588;0.186588;0.186588;0.186588;0.186588;0.186588;0.186588;0.186588;0.186588;0.186588;0.186588;0.186588;0.186588;0.186588;0.186551;0.186551;0.185726;0.185726;0.185726;0.185726;0.185726;0.184936;0.184936,32.21,189.31,41,2.260565,86.8411,-0.1648,44.1,1323,25.1979,4.2598,79.281,0.0,True,34.5,4840,9.1627,8.52
google,3000,10,linear,False,False,0.0,0.4,0.3,0.3,0,0,GA,random,10,0.3333333333333333,CONV,0.239266;0.237460;0.236576;0.233757;0.230578;0.228003;0.227071;0.225865;0.223893;0.223561;0.221559;0.220043;0.220043;0.220043;0.218726;0.218558;0.217514;0.216278;0.214707;0.213427;0.212709;0.212232;0.210681;0.210144;0.210054;0.208901;0.207689;0.206791;0.206632;0.206025;0.206025;0.204356;0.204356;0.204356;0.204073;0.203633;0.202631;0.201837;0.201350;0.201308;0.199270;0.199270;0.199270;0.199270;0.199270;0.197603;0.197603;0.197603;0.197603;0.197603;0.196862;0.196633;0.196633;0.196633;0.196633;0.196037;0.195410;0.193651;0.193651;0.193651;0.193651;0.193651;0.193651;0.193514;0.193514;0.193514;0.191512;0.191512;0.191512;0.191512;0.191512;0.191512;0.191512;0.191512;0.191512;0.191512;0.191429;0.191429;0.191429;0.189777;0.189777;0.189777;0.189777;0.189777;0.189777;0.189777;0.189777;0.189777;0.189325;0.189325;0.189325;0.189325;0.189325;0.189325;0.189325;0.189325;0.187932;0.187932;0.187932;0.187607;0.187607;0.187607;0.187607;0.187607;0.187607;0.187607;0.187607;0.187607;0.187607;0.187607;0.187607;0.187516;0.187516;0.187516;0.186535;0.186111;0.186111;0.185520;0.185520;0.185520,32.21,189.31,41,2.24272,86.945,0.626,44.4333,1333,25.3979,4.2824,79.385,0.0,True,34.0,4840,9.4245,8.4
google,3000,10,linear,False,False,0.0,0.4,0.3,0.3,0,0,WOA,carbon,1,0.3333333333333333,CONV,0.062775;0.058502;0.055563;0.052786;0.051827;0.051073;0.050295;0.050213;0.050213;0.050213;0.050213;0.050094;0.050091;0.050018;0.050018;0.050017;0.050017;0.050011;0.050009;0.050009;0.050009;0.050008;0.050008;0.050008;0.050008;0.050008;0.050008;0.050008;0.050008;0.050008;0.050008;0.050008;0.050008;0.050008;0.050008;0.050008;0.050008;0.050008;0.050008;0.050008;0.050008;0.050008;0.050008;0.050008;0.050008;0.050008;0.050008;0.050008;0.050008;0.050008;0.050008;0.050008;0.050008;0.050008;0.050008;0.050008;0.050008;0.050008;0.050008;0.050008;0.050008;0.050008;0.050008;0.050008;0.050008;0.050008;0.050008;0.050008;0.050008;0.050008;0.050008;0.050008;0.050008;0.050008;0.050008;0.050008;0.050008;0.050008;0.050008;0.050008;0.050008;0.050008;0.050008;0.050008;0.050008;0.050008;0.050008;0.050008;0.050008;0.050008;0.050008;0.050008;0.050008;0.050008;0.050008;0.050008;0.050008;0.050008;0.050008;0.050008;0.050008;0.050008;0.050008;0.050008;0.050008;0.050008;0.050008;0.050008;0.050008;0.050008;0.050008;0.050008;0.050008;0.050008;0.050008;0.050008;0.050008;0.050008;0.050008;0.050008,32.21,189.31,41,2.134821,87.573,5.4069,0.1,3,24.8979,4.0197,79.017,0.0,True,25.5,4840,5.5042,4.87
google,3000,10,linear,False,False,0.0,0.4,0.3,0.3,0,0,WOA,carbon,2,0.3333333333333333,CONV,0.061994;0.052745;0.051506;0.050684;0.050597;0.049963;0.049800;0.049800;0.049754;0.049754;0.049647;0.049636;0.049636;0.049636;0.049636;0.049636;0.049636;0.049636;0.049636;0.049636;0.049636;0.049636;0.049636;0.049636;0.049636;0.049636;0.049636;0.049636;0.049636;0.049636;0.049636;0.049636;0.049636;0.049636;0.049636;0.049636;0.049636;0.049636;0.049636;0.049636;0.049636;0.049636;0.049636;0.049636;0.049636;0.049636;0.049636;0.049636;0.049636;0.049636;0.049636;0.049636;0.049636;0.049636;0.049636;0.049636;0.049636;0.049636;0.049636;0.049636;0.049636;0.049636;0.049636;0.049636;0.049636;0.049636;0.049636;0.049636;0.049636;0.049636;0.049636;0.049636;0.049636;0.049636;0.049636;0.049636;0.049636;0.049636;0.049636;0.049636;0.049636;0.049636;0.049636;0.049636;0.049636;0.049636;0.049636;0.049636;0.049636;0.049636;0.049636;0.049636;0.049636;0.049636;0.049636;0.049636;0.049636;0.049636;0.049636;0.049636;0.049636;0.049636;0.049636;0.049636;0.049636;0.049636;0.049636;0.049636;0.049636;0.049636;0.049636;0.049636;0.049636;0.049636;0.049636;0.049636;0.049636;0.049636;0.049636;0.049636,32.21,189.31,41,2.123125,87.6411,5.9252,0.0667,2,24.7479,3.989,81.753,0.0,True,25.5,4840,5.4931,4.62
google,3000,10,linear,False,False,0.0,0.4,0.3,0.3,0,0,WOA,carbon,3,0.3333333333333333,CONV,0.061874;0.052939;0.052939;0.052346;0.052104;0.051600;0.050605;0.050231;0.049877;0.049844;0.049844;0.049841;0.049841;0.049841;0.049747;0.049745;0.049745;0.049745;0.049744;0.049744;0.049744;0.049744;0.049744;0.049744;0.049744;0.049744;0.049744;0.049744;0.049744;0.049744;0.049744;0.049744;0.049744;0.049744;0.049744;0.049744;0.049744;0.049744;0.049744;0.049744;0.049744;0.049744;0.049744;0.049744;0.049744;0.049744;0.049744;0.049744;0.049744;0.049744;0.049744;0.049744;0.049744;0.049744;0.049744;0.049744;0.049744;0.049744;0.049744;0.049744;0.049744;0.049744;0.049744;0.049744;0.049744;0.049744;0.049744;0.049744;0.049744;0.049744;0.049744;0.049744;0.049744;0.049744;0.049744;0.049744;0.049744;0.049744;0.049744;0.049744;0.049744;0.049744;0.049744;0.049744;0.049744;0.049744;0.049744;0.049744;0.049744;0.049744;0.049744;0.049744;0.049744;0.049744;0.049744;0.049744;0.049744;0.049744;0.049744;0.049744;0.049744;0.049744;0.049744;0.049744;0.049744;0.049744;0.049744;0.049744;0.049744;0.049744;0.049744;0.049744;0.049744;0.049744;0.049744;0.049744;0.049744;0.049744;0.049744;0.049744,32.21,189.31,41,2.132059,87.5891,5.5293,0.0333,1,24.8479,4.0179,79.763,0.0,True,25.5,4840,5.4677,4.82
google,3000,10,linear,False,False,0.0,0.4,0.3,0.3,0,0,WOA,carbon,4,0.3333333333333333,CONV,0.061664;0.060590;0.054009;0.053165;0.053165;0.052526;0.052094;0.051214;0.051046;0.050738;0.050536;0.050536;0.050535;0.050535;0.050535;0.050535;0.050523;0.050484;0.050356;0.050356;0.050356;0.050356;0.050355;0.050355;0.050355;0.050355;0.050355;0.050355;0.050355;0.050355;0.050355;0.050355;0.050355;0.050355;0.050355;0.050355;0.050355;0.050355;0.050355;0.050355;0.050355;0.050355;0.050355;0.050355;0.050355;0.050355;0.050355;0.050355;0.050355;0.050355;0.050355;0.050355;0.050355;0.050355;0.050355;0.050355;0.050355;0.050355;0.050355;0.050355;0.050355;0.050355;0.050355;0.050355;0.050355;0.050355;0.050355;0.050355;0.050355;0.050355;0.050355;0.050355;0.050355;0.050355;0.050355;0.050355;0.050355;0.050355;0.050355;0.050355;0.050355;0.050355;0.050355;0.050355;0.050355;0.050355;0.050355;0.050355;0.050355;0.050355;0.050355;0.050355;0.050355;0.050355;0.050355;0.050355;0.050355;0.050355;0.050355;0.050355;0.050355;0.050355;0.050355;0.050355;0.050355;0.050355;0.050355;0.050355;0.050355;0.050355;0.050355;0.050355;0.050355;0.050355;0.050355;0.050355;0.050355;0.050355;0.050355;0.050355,32.21,189.31,41,2.141144,87.5362,5.1267,0.1667,5,24.7979,4.0064,79.726,0.0,True,25.5,4840,5.4393,4.69
google,3000,20,linear,False,False,0.0,0.4,0.3,0.3,0,0,GWO,random,1,0.3333333333333333,CONV,0.241136;0.231398;0.223794;0.214022;0.208492;0.200807;0.193411;0.187443;0.179991;0.175695;0.169073;0.165399;0.160310;0.155706;0.150903;0.146925;0.143036;0.141771;0.137495;0.134198;0.130887;0.127511;0.124588;0.123216;0.120189;0.116771;0.115142;0.113177;0.110978;0.108336;0.107367;0.106290;0.104446;0.103597;0.101201;0.100228;0.098773;0.098114;0.096989;0.095780;0.094051;0.092905;0.091115;0.090546;0.090493;0.088784;0.088759;0.087929;0.086465;0.085100;0.084532;0.083414;0.083149;0.082375;0.081686;0.081127;0.080249;0.080249;0.078613;0.078613;0.078409;0.078409;0.078409;0.078040;0.077324;0.077324;0.077324;0.077176;0.077176;0.077176;0.076882;0.076882;0.076861;0.076861;0.076667;0.076667;0.075892;0.075772;0.074899;0.074680;0.074500;0.074500;0.074442;0.074093;0.073184;0.073184;0.072782;0.072741;0.072733;0.072733;0.072733;0.072733;0.072733;0.072515;0.072383;0.072204;0.072204;0.072190;0.071870;0.071497;0.071497;0.071497;0.071497;0.071383;0.071085;0.070998;0.070998;0.070985;0.070115;0.070115;0.070115;0.070115;0.070115;0.070115;0.069921;0.069816;0.069675;0.069508;0.069507;0.069507,32.21,189.31,41,2.203493,87.1733,2.3641,6.0667,182,24.8479,4.11,79.99,0.0,True,29.5,4840,5.9134,8.55
google,3000,20,linear,False,False,0.0,0.4,0.3,0.3,0,0,GWO,random,2,0.3333333333333333,CONV,0.240230;0.228974;0.221817;0.212362;0.206399;0.198251;0.191683;0.185837;0.180472;0.176237;0.168286;0.166313;0.161760;0.157917;0.154525;0.148970;0.145615;0.141284;0.139826;0.136982;0.134292;0.131238;0.128148;0.125344;0.123369;0.119811;0.118937;0.116681;0.113487;0.110127;0.108425;0.106915;0.105770;0.104982;0.102324;0.101285;0.098059;0.097708;0.097461;0.096664;0.095669;0.094100;0.092674;0.091203;0.091203;0.089849;0.088793;0.088793;0.087315;0.087208;0.086354;0.085435;0.084693;0.083151;0.082091;0.081726;0.081569;0.080997;0.080711;0.080168;0.079976;0.078953;0.078953;0.078606;0.078567;0.078567;0.078446;0.078387;0.077803;0.077215;0.076907;0.076907;0.076345;0.076329;0.076148;0.075595;0.074703;0.074703;0.074570;0.074570;0.074567;0.074179;0.073733;0.073733;0.073733;0.073733;0.073733;0.073702;0.073702;0.073427;0.073126;0.072790;0.072790;0.072790;0.072790;0.072790;0.072790;0.072790;0.072150;0.072150;0.072150;0.071983;0.071786;0.071338;0.071264;0.071227;0.071175;0.070896;0.070896;0.070896;0.070892;0.070658;0.070527;0.070074;0.070038;0.070038;0.069954;0.069883;0.069724;0.069724,32.21,189.31,41,2.217134,87.0939,1.7596,6.0333,181,24.9479,4.1267,79.739,0.0,True,29.5,4840,5.8702,8.78
google,3000,20,linear,False,False,0.0,0.4,0.3,0.3,0,0,GWO,random,3,0.3333333333333333,CONV,0.238794;0.230392;0.219676;0.212365;0.202210;0.195566;0.187835;0.183904;0.178579;0.171767;0.166319;0.162756;0.157565;0.153893;0.147027;0.144556;0.140642;0.138383;0.135032;0.132026;0.129562;0.127675;0.123820;0.121672;0.118708;0.117655;0.116678;0.114752;0.112691;0.110799;0.108331;0.107044;0.105107;0.104133;0.102754;0.101144;0.099407;0.098265;0.097146;0.095685;0.094100;0.093646;0.092717;0.091160;0.089943;0.089489;0.089489;0.089148;0.088968;0.088091;0.087690;0.087690;0.086208;0.086193;0.085316;0.084585;0.084074;0.083990;0.083649;0.082074;0.081018;0.080060;0.080060;0.079190;0.078912;0.078237;0.077703;0.077703;0.077362;0.077245;0.077161;0.076688;0.076578;0.076578;0.076578;0.076086;0.075532;0.074527;0.074349;0.074349;0.074238;0.074238;0.074135;0.074135;0.073924;0.073680;0.073222;0.072546;0.072546;0.072546;0.072546;0.072506;0.072506;0.072504;0.072504;0.072192;0.071941;0.071850;0.071850;0.071786;0.071786;0.071706;0.071557;0.071557;0.071557;0.071557;0.071557;0.071282;0.071282;0.071282;0.071097;0.071004;0.070874;0.070655;0.070655;0.070440;0.070440;0.070440;0.070440;0.070440,32.21,189.31,41,2.209209,87.14,2.1108,6.3333,190,24.7979,4.0879,79.476,0.0,True,35.0,4840,5.9496,8.62
google,3000,20,linear,False,False,0.0,0.4,0.3,0.3,0,0,GWO,random,4,0.3333333333333333,CONV,0.234973;0.229240;0.219286;0.210688;0.203730;0.197078;0.191870;0.185084;0.178920;0.170866;0.168421;0.164136;0.159974;0.155869;0.151777;0.149175;0.145708;0.142213;0.139736;0.136011;0.133058;0.129364;0.127154;0.123230;0.122379;0.119915;0.116662;0.115833;0.113796;0.112426;0.110993;0.107763;0.106438;0.104636;0.103228;0.101867;0.100642;0.098737;0.097460;0.096865;0.095856;0.094813;0.093343;0.091498;0.091300;0.090478;0.090478;0.089251;0.087940;0.086943;0.086077;0.084191;0.083634;0.083400;0.081947;0.081148;0.080558;0.079576;0.079576;0.079576;0.078789;0.078245;0.078245;0.078245;0.078245;0.078027;0.077167;0.077167;0.077167;0.077167;0.077167;0.076916;0.076682;0.076567;0.076354;0.076194;0.075845;0.075579;0.074863;0.074690;0.073881;0.073881;0.073448;0.072900;0.072530;0.072219;0.072164;0.071549;0.071549;0.071116;0.070973;0.070493;0.070224;0.070224;0.070044;0.069829;0.069829;0.069282;0.069282;0.069282;0.069282;0.069220;0.068945;0.068770;0.068534;0.068140;0.068140;0.067945;0.067945;0.067945;0.067868;0.067868;0.067868;0.067664;0.067593;0.067593;0.067453;0.067419;0.067326;0.067258,32.21,189.31,41,2.214263,87.1106,1.8869,5.2333,157,25.0479,4.1276,77.341,0.0,True,32.5,4840,6.0331,8.71
google,3000,20,linear,False,False,0.0,0.4,0.3,0.3,0,0,GWO,random,5,0.3333333333333333,CONV,0.240812;0.230132;0.222086;0.214170;0.206951;0.196921;0.192016;0.184811;0.180792;0.174165;0.167971;0.164593;0.159131;0.156364;0.152118;0.149680;0.146390;0.142213;0.138419;0.135736;0.134678;0.129216;0.128315;0.125067;0.121314;0.120968;0.118862;0.115628;0.113451;0.111654;0.109983;0.106903;0.106522;0.105062;0.103650;0.101405;0.100500;0.098502;0.097676;0.096529;0.096529;0.095433;0.094844;0.093172;0.092241;0.090528;0.090142;0.089281;0.087823;0.087227;0.086147;0.085709;0.084599;0.084455;0.083163;0.082325;0.082071;0.081788;0.081163;0.080603;0.080594;0.080594;0.080479;0.079718;0.078260;0.078260;0.078215;0.078133;0.078007;0.077595;0.077432;0.077432;0.077258;0.077170;0.076962;0.076652;0.076652;0.076652;0.076485;0.075666;0.075289;0.075289;0.074920;0.074574;0.074440;0.074132;0.074132;0.073862;0.073439;0.072895;0.072840;0.072557;0.072557;0.072151;0.072151;0.072151;0.072065;0.072065;0.072065;0.072065;0.072054;0.072054;0.072054;0.072022;0.071928;0.071874;0.071874;0.071498;0.071340;0.071111;0.070730;0.070556;0.070556;0.070536;0.070377;0.070267;0.070098;0.070003;0.069856;0.069856,32.21,189.31,41,2.214213,87.1109,1.8891,6.1,183,24.8979,4.1078,80.715,0.0,True,28.5,4840,6.1908,8.84
google,3000,20,linear,False,False,0.0,0.4,0.3,0.3,0,0,GWO,random,6,0.3333333333333333,CONV,0.239908;0.229456;0.222581;0.214717;0.203125;0.195950;0.190763;0.182294;0.177032;0.171275;0.165410;0.160743;0.158861;0.154186;0.148589;0.145040;0.141159;0.137239;0.132871;0.131548;0.128954;0.125824;0.123769;0.121834;0.118427;0.116890;0.115819;0.114548;0.113478;0.110292;0.109182;0.107706;0.105502;0.104619;0.102769;0.101302;0.100352;0.098854;0.098078;0.095606;0.094589;0.093824;0.093742;0.093366;0.090636;0.090636;0.089893;0.087711;0.087541;0.087068;0.086268;0.085753;0.085753;0.085302;0.084852;0.083395;0.083286;0.082725;0.082316;0.081006;0.080235;0.079596;0.078867;0.078733;0.078112;0.078112;0.078112;0.078112;0.078003;0.077519;0.077519;0.076887;0.076473;0.076170;0.076170;0.076102;0.075923;0.075567;0.075495;0.074601;0.074601;0.074601;0.073961;0.073961;0.073961;0.073815;0.073815;0.073815;0.073815;0.073815;0.073815;0.073535;0.073535;0.073535;0.073535;0.073197;0.073197;0.073197;0.073140;0.073140;0.073060;0.072866;0.072728;0.072728;0.072728;0.072483;0.072383;0.072383;0.072383;0.072383;0.072383;0.072383;0.072383;0.072383;0.072383;0.072383;0.072383;0.072383;0.072383;0.072383,32.21,189.31,41,2.241115,86.9543,0.6971,6.7333,202,25.0479,4.1183,77.293,0.0,True,33.0,4840,6.1599,8.25
google,3000,20,linear,False,False,0.0,0.4,0.3,0.3,0,0,GWO,random,7,0.3333333333333333,CONV,0.239136;0.231007;0.222413;0.212631;0.203714;0.196925;0.190785;0.185331;0.177992;0.173047;0.168733;0.164418;0.161084;0.156233;0.154289;0.149618;0.144495;0.140646;0.138480;0.135710;0.132566;0.129179;0.125324;0.123843;0.120481;0.119354;0.117302;0.114610;0.111997;0.109961;0.107826;0.106279;0.104606;0.103170;0.102885;0.100686;0.098785;0.095558;0.095373;0.094351;0.093371;0.091487;0.090858;0.088996;0.088516;0.087641;0.087641;0.086649;0.086036;0.084960;0.083959;0.083728;0.082956;0.081211;0.081211;0.079085;0.078748;0.078235;0.078235;0.077485;0.077341;0.076559;0.076559;0.076318;0.076168;0.075702;0.074604;0.074438;0.074205;0.074205;0.074070;0.073966;0.073855;0.073072;0.073072;0.072672;0.072595;0.072244;0.071745;0.071745;0.071489;0.070729;0.070670;0.070259;0.070259;0.070259;0.070259;0.070259;0.070232;0.069819;0.069604;0.069332;0.069332;0.069332;0.069320;0.068563;0.068326;0.068160;0.068007;0.067915;0.067696;0.067521;0.067521;0.067521;0.067521;0.067521;0.067521;0.067317;0.067307;0.067307;0.067307;0.066845;0.066773;0.066773;0.066773;0.066535;0.066535;0.066451;0.066387;0.066383,32.21,189.31,41,2.20245,87.1794,2.4103,5.0333,151,24.7479,4.0894,81.716,0.0,True,28.5,4840,6.1639,8.78
google,3000,20,linear,False,False,0.0,0.4,0.3,0.3,0,0,GWO,random,8,0.3333333333333333,CONV,0.236473;0.225949;0.220655;0.211266;0.203597;0.197246;0.191755;0.186950;0.179652;0.174554;0.170385;0.164865;0.160286;0.156776;0.154290;0.150265;0.144682;0.142225;0.138568;0.136002;0.133260;0.130694;0.125828;0.124316;0.121820;0.120296;0.117746;0.114982;0.114982;0.111872;0.110677;0.108134;0.106710;0.105965;0.103883;0.102085;0.100629;0.098111;0.098111;0.096751;0.096347;0.094955;0.094250;0.093720;0.093466;0.092325;0.090561;0.089012;0.087741;0.087520;0.085969;0.085969;0.084809;0.084679;0.082717;0.082717;0.082717;0.081744;0.081744;0.081250;0.081250;0.081244;0.081007;0.080535;0.080535;0.079231;0.079154;0.079154;0.078516;0.078516;0.077977;0.077772;0.077384;0.077384;0.077335;0.077335;0.076948;0.076286;0.076286;0.076286;0.076129;0.075771;0.075691;0.075276;0.074985;0.074985;0.074630;0.074438;0.074273;0.074273;0.074162;0.074162;0.073869;0.073241;0.073241;0.073181;0.073122;0.073122;0.073122;0.072946;0.072946;0.072878;0.072745;0.072522;0.072504;0.072442;0.072253;0.072221;0.072071;0.071853;0.071781;0.071703;0.071687;0.071523;0.071523;0.071192;0.071163;0.071096;0.071034;0.071034,32.21,189.31,41,2.217545,87.0915,1.7414,6.4667,194,24.8479,4.1065,79.373,0.0,True,29.5,4840,6.0206,8.78
google,3000,20,linear,False,False,0.0,0.4,0.3,0.3,0,0,GWO,random,9,0.3333333333333333,CONV,0.239434;0.231721;0.221993;0.212637;0.202576;0.197545;0.190978;0.186016;0.180401;0.176672;0.168702;0.162383;0.159127;0.154793;0.150328;0.146364;0.144716;0.141056;0.137461;0.134318;0.131123;0.129157;0.127067;0.124407;0.121247;0.120256;0.116820;0.116053;0.114487;0.111222;0.110143;0.109381;0.107054;0.105198;0.104220;0.102185;0.100088;0.098361;0.098361;0.096391;0.095226;0.094772;0.094083;0.092350;0.090496;0.089958;0.089141;0.088702;0.087324;0.086136;0.085230;0.085087;0.083320;0.083320;0.083299;0.083049;0.082076;0.080580;0.080242;0.079842;0.079236;0.078753;0.078753;0.078611;0.078611;0.078054;0.077876;0.077590;0.076823;0.075812;0.075413;0.075251;0.075251;0.075251;0.075251;0.075251;0.075170;0.074617;0.074617;0.074617;0.074617;0.074277;0.074277;0.073668;0.073668;0.073668;0.073636;0.073636;0.073636;0.073636;0.073480;0.073480;0.073397;0.073055;0.072922;0.072684;0.072627;0.072627;0.072484;0.072484;0.072033;0.072033;0.072033;0.072033;0.071745;0.071054;0.071054;0.071054;0.071054;0.070888;0.070835;0.070835;0.070612;0.070612;0.070612;0.070421;0.070266;0.070014;0.070014;0.070014,32.21,189.31,41,2.16945,87.3715,3.8725,6.5,195,24.5479,4.0341,83.751,0.0,True,28.0,4840,6.0745,8.41
google,3000,20,linear,False,False,0.0,0.4,0.3,0.3,0,0,GWO,random,10,0.3333333333333333,CONV,0.235345;0.225252;0.219431;0.211134;0.202732;0.197056;0.190020;0.184634;0.177099;0.173127;0.168624;0.162924;0.157676;0.152025;0.147083;0.145278;0.140516;0.138011;0.136084;0.133238;0.129497;0.127456;0.125406;0.123139;0.120173;0.118989;0.117343;0.114995;0.112474;0.110188;0.108454;0.106543;0.104718;0.102396;0.101177;0.100497;0.098574;0.097129;0.094859;0.093480;0.091852;0.090489;0.090330;0.089365;0.087922;0.087408;0.087228;0.086562;0.085666;0.084484;0.084214;0.082695;0.082218;0.082067;0.081635;0.081043;0.079529;0.079529;0.079386;0.079130;0.078569;0.078336;0.078012;0.077291;0.076551;0.076210;0.075797;0.075712;0.074813;0.074318;0.074318;0.074318;0.073584;0.073584;0.073280;0.073280;0.073280;0.073280;0.073280;0.072988;0.072988;0.072988;0.072923;0.072681;0.071920;0.071920;0.071787;0.071763;0.071687;0.071376;0.070886;0.070886;0.070886;0.069994;0.069994;0.069822;0.069600;0.069600;0.069511;0.069308;0.069193;0.068855;0.068855;0.068414;0.068414;0.068414;0.068363;0.067972;0.067943;0.067903;0.067748;0.067575;0.067407;0.067403;0.067123;0.066959;0.066959;0.066946;0.066946;0.066946,32.21,189.31,41,2.209484,87.1384,2.0986,5.1667,155,24.8979,4.0881,79.73,0.0,True,28.0,4840,6.1838,8.78
google,3000,20,linear,False,False,0.0,0.4,0.3,0.3,0,0,PSO,random,1,0.3333333333333333,CONV,0.241595;0.239745;0.239745;0.237386;0.237129;0.237129;0.237129;0.237129;0.237129;0.237129;0.237129;0.237129;0.237129;0.237129;0.237129;0.237129;0.237129;0.237129;0.237129;0.237129;0.237129;0.237129;0.237129;0.237129;0.237129;0.237129;0.237129;0.237129;0.237129;0.237129;0.237129;0.237129;0.237129;0.237129;0.237129;0.237129;0.237129;0.237129;0.237129;0.237129;0.237129;0.237129;0.237129;0.237129;0.237129;0.237129;0.237129;0.237129;0.237129;0.237129;0.237129;0.237129;0.237129;0.237129;0.237129;0.237129;0.237129;0.237129;0.237129;0.237129;0.237129;0.237129;0.237129;0.237129;0.237129;0.237129;0.237129;0.237129;0.237113;0.237113;0.237113;0.237113;0.237034;0.236932;0.236932;0.236932;0.236761;0.236760;0.236760;0.236760;0.236760;0.236760;0.236617;0.236617;0.236617;0.236617;0.236617;0.236617;0.236617;0.236617;0.236617;0.236617;0.236617;0.236617;0.236617;0.236617;0.236342;0.236342;0.236342;0.235813;0.235813;0.235813;0.235813;0.235813;0.235813;0.235811;0.235811;0.235811;0.235811;0.235811;0.235811;0.235811;0.235811;0.235811;0.235811;0.235811;0.235811;0.235811;0.235811;0.235811,32.21,189.31,41,2.280975,86.7223,-1.0691,60.9,1827,25.2979,4.3581,78.945,0.0,True,35.0,4840,5.7817,8.48
google,3000,20,linear,False,False,0.0,0.4,0.3,0.3,0,0,PSO,random,2,0.3333333333333333,CONV,0.238627;0.238627;0.238627;0.238032;0.238032;0.238032;0.238032;0.238032;0.238031;0.238031;0.238031;0.238031;0.238031;0.238031;0.238031;0.238031;0.238031;0.238031;0.238031;0.238031;0.238031;0.238031;0.238031;0.238031;0.238031;0.238031;0.238031;0.238031;0.238031;0.238031;0.238031;0.238031;0.238031;0.238031;0.238031;0.238031;0.238031;0.238031;0.238031;0.238031;0.238031;0.238031;0.238031;0.238031;0.238031;0.238031;0.238031;0.238031;0.238031;0.238031;0.238031;0.238031;0.238031;0.238031;0.238031;0.238031;0.238031;0.238031;0.238031;0.238031;0.238031;0.238031;0.238031;0.238031;0.238031;0.238031;0.238031;0.238031;0.238031;0.238031;0.238031;0.238031;0.238031;0.238031;0.238031;0.238031;0.238031;0.237855;0.237855;0.237855;0.237855;0.237855;0.237689;0.237592;0.237592;0.237592;0.237592;0.237592;0.237592;0.237592;0.237592;0.237592;0.237592;0.237592;0.237592;0.237592;0.237592;0.237592;0.237592;0.237592;0.237592;0.237592;0.237592;0.237592;0.237592;0.237592;0.237592;0.237592;0.237592;0.237592;0.237592;0.237581;0.237581;0.237581;0.237581;0.237581;0.237581;0.237581;0.237147;0.237147,32.21,189.31,41,2.278245,86.7382,-0.9482,61.3667,1841,25.2479,4.3295,79.603,0.0,True,34.5,4840,5.8727,8.27
google,3000,20,linear,False,False,0.0,0.4,0.3,0.3,0,0,PSO,random,3,0.3333333333333333,CONV,0.242154;0.242154;0.242154;0.242154;0.242154;0.242154;0.242154;0.242040;0.242040;0.242040;0.242040;0.242040;0.242040;0.242040;0.242040;0.242040;0.242040;0.242040;0.242040;0.242040;0.242040;0.242040;0.242040;0.242040;0.242040;0.242040;0.242040;0.242040;0.242040;0.242040;0.242040;0.241144;0.241144;0.241144;0.239089;0.238839;0.238839;0.238839;0.238839;0.238839;0.238839;0.238764;0.238764;0.238764;0.238764;0.238764;0.238764;0.238764;0.238764;0.238764;0.238764;0.238764;0.238764;0.238764;0.238764;0.238764;0.238764;0.238764;0.238764;0.238764;0.238764;0.238764;0.238764;0.237277;0.237277;0.237277;0.237277;0.237201;0.236885;0.236885;0.236885;0.236885;0.236885;0.236885;0.236885;0.236885;0.236885;0.236885;0.236885;0.236885;0.236885;0.236885;0.236885;0.236885;0.236885;0.236885;0.236885;0.236885;0.236885;0.236885;0.236885;0.236854;0.236854;0.236854;0.236854;0.236854;0.236854;0.236854;0.236854;0.236854;0.236854;0.236854;0.236854;0.236854;0.236854;0.236854;0.236854;0.236854;0.236854;0.236854;0.236854;0.236854;0.236854;0.236854;0.236854;0.236854;0.236854;0.236635;0.236635;0.236635,32.21,189.31,41,2.282016,86.7162,-1.1152,61.1667,1835,25.1979,4.3611,79.701,0.0,True,35.0,4840,5.9138,8.34
google,3000,20,linear,False,False,0.0,0.4,0.3,0.3,0,0,PSO,random,4,0.3333333333333333,CONV,0.242570;0.242570;0.242478;0.242478;0.240541;0.240541;0.240541;0.240541;0.240541;0.240541;0.240541;0.240541;0.240423;0.240423;0.240423;0.240423;0.240423;0.240423;0.240423;0.240423;0.240423;0.240423;0.240423;0.240423;0.240423;0.240423;0.240423;0.240423;0.240423;0.240423;0.240423;0.240423;0.240423;0.240423;0.240423;0.240423;0.240423;0.240423;0.240423;0.240423;0.240423;0.240423;0.240423;0.240423;0.240423;0.240423;0.240423;0.240423;0.240423;0.240423;0.240423;0.240423;0.240423;0.240423;0.240423;0.240423;0.240423;0.240423;0.240423;0.240423;0.240423;0.240423;0.240423;0.240423;0.240423;0.240423;0.240313;0.240313;0.240313;0.240313;0.240313;0.240313;0.240313;0.240313;0.240313;0.240313;0.240313;0.240313;0.240313;0.240313;0.240313;0.240313;0.240313;0.240313;0.240313;0.240313;0.240313;0.240313;0.240313;0.240313;0.240313;0.240313;0.240313;0.240313;0.240313;0.240313;0.240313;0.240313;0.240313;0.240313;0.240313;0.240313;0.240313;0.240313;0.240313;0.240313;0.240313;0.240313;0.240313;0.240313;0.240313;0.240313;0.240313;0.240313;0.240313;0.240313;0.240313;0.240313;0.240313;0.240313,32.21,189.31,41,2.276775,86.7467,-0.883,62.4333,1873,25.2479,4.3269,79.587,0.0,True,34.5,4840,5.8972,7.99
google,3000,20,linear,False,False,0.0,0.4,0.3,0.3,0,0,PSO,random,5,0.3333333333333333,CONV,0.243399;0.243399;0.241427;0.241427;0.241427;0.241427;0.241427;0.241427;0.241427;0.241427;0.241427;0.241365;0.241365;0.241365;0.241365;0.241365;0.241365;0.241365;0.241365;0.241221;0.241221;0.241221;0.241221;0.241221;0.241221;0.241157;0.241157;0.241157;0.241151;0.241151;0.241151;0.241151;0.241151;0.241018;0.241018;0.241018;0.241018;0.240956;0.240567;0.240567;0.240567;0.240567;0.240567;0.240567;0.240567;0.240061;0.239964;0.239964;0.239964;0.239964;0.239964;0.239964;0.239964;0.239964;0.239964;0.239964;0.239964;0.239964;0.239964;0.239964;0.239964;0.239964;0.239964;0.239912;0.239912;0.239912;0.239834;0.238582;0.238582;0.238582;0.238036;0.238036;0.238036;0.238036;0.237804;0.237804;0.237804;0.237576;0.237576;0.237576;0.237576;0.237576;0.237576;0.237471;0.237471;0.237471;0.237471;0.237470;0.237470;0.237470;0.237470;0.237470;0.237470;0.237470;0.237470;0.237470;0.237439;0.237439;0.237439;0.237439;0.237430;0.237430;0.237235;0.237235;0.237235;0.237214;0.237214;0.237214;0.237214;0.237214;0.237214;0.237214;0.237214;0.237214;0.237214;0.237214;0.237214;0.237214;0.237214;0.237214,32.21,189.31,41,2.302594,86.5964,-2.027,61.2,1836,25.2979,4.3456,79.562,0.0,True,35.0,4840,5.8752,9.12
google,3000,20,linear,False,False,0.0,0.4,0.3,0.3,0,0,PSO,random,6,0.3333333333333333,CONV,0.240642;0.240642;0.240642;0.240642;0.240642;0.240642;0.240532;0.240532;0.240532;0.240532;0.240532;0.240532;0.240532;0.240532;0.240532;0.240532;0.240532;0.240532;0.240532;0.240532;0.240532;0.240532;0.240532;0.240532;0.240532;0.240532;0.240532;0.240532;0.240532;0.240532;0.240532;0.240532;0.240532;0.239077;0.239077;0.239077;0.239077;0.239077;0.239053;0.238913;0.238237;0.238237;0.238237;0.238237;0.238217;0.238217;0.238217;0.238214;0.238214;0.238214;0.238214;0.238214;0.238214;0.238214;0.238214;0.238214;0.238214;0.238214;0.238214;0.238214;0.238214;0.238214;0.238214;0.238214;0.238214;0.238214;0.238214;0.238214;0.238214;0.238214;0.238214;0.238214;0.238214;0.238214;0.238214;0.238214;0.238214;0.238214;0.238214;0.238214;0.238214;0.237581;0.237581;0.237581;0.237581;0.237581;0.237581;0.237581;0.237581;0.237581;0.237581;0.237581;0.237581;0.237581;0.237547;0.237345;0.237345;0.237345;0.237345;0.237345;0.237345;0.237158;0.237158;0.237158;0.237158;0.236581;0.236581;0.236581;0.236581;0.236581;0.236581;0.236581;0.236581;0.236581;0.236581;0.236581;0.236581;0.236581;0.236581;0.236581,32.21,189.31,41,2.266799,86.8048,-0.441,61.2667,1838,25.3479,4.3481,77.259,0.0,True,35.5,4840,5.5944,8.57
google,3000,20,linear,False,False,0.0,0.4,0.3,0.3,0,0,PSO,random,7,0.3333333333333333,CONV,0.239659;0.239659;0.239659;0.239659;0.239659;0.239659;0.239511;0.239459;0.239459;0.239459;0.239459;0.239459;0.239459;0.239459;0.239459;0.239459;0.239459;0.239459;0.239459;0.239459;0.239459;0.239459;0.239459;0.239459;0.239459;0.239459;0.239459;0.239459;0.239459;0.239459;0.239459;0.239459;0.239459;0.239459;0.239459;0.239459;0.239459;0.239459;0.239459;0.239459;0.239459;0.239459;0.239459;0.239459;0.239459;0.239459;0.239459;0.239459;0.239459;0.239459;0.239459;0.239459;0.239459;0.239459;0.239459;0.239459;0.239459;0.239459;0.239459;0.239459;0.239459;0.239459;0.239459;0.239459;0.239459;0.239459;0.239459;0.239459;0.239459;0.239459;0.239459;0.239459;0.239459;0.239459;0.239459;0.239459;0.239459;0.239459;0.239459;0.239459;0.239459;0.239459;0.239459;0.239459;0.239459;0.239459;0.239459;0.239459;0.239459;0.239459;0.239459;0.239459;0.239459;0.239459;0.239459;0.239459;0.239459;0.239459;0.239459;0.239459;0.239459;0.239459;0.239459;0.239459;0.239459;0.239459;0.239459;0.239459;0.239459;0.239459;0.239459;0.239459;0.239459;0.239459;0.239459;0.239459;0.239459;0.239459;0.239459;0.239459,32.21,189.31,41,2.308827,86.5601,-2.3032,61.9,1857,25.2979,4.3555,80.794,0.0,True,33.5,4840,5.4749,7.79
google,3000,20,linear,False,False,0.0,0.4,0.3,0.3,0,0,PSO,random,8,0.3333333333333333,CONV,0.240805;0.240805;0.240805;0.240234;0.240234;0.239893;0.239893;0.239893;0.239891;0.239891;0.239891;0.239891;0.239891;0.239891;0.239891;0.239891;0.239891;0.239891;0.239891;0.239891;0.239891;0.239891;0.239891;0.239891;0.239891;0.239891;0.239891;0.239891;0.239891;0.239891;0.239891;0.239891;0.239891;0.239891;0.239891;0.239891;0.239891;0.239891;0.239891;0.239891;0.239891;0.239891;0.239891;0.239891;0.239891;0.239891;0.239891;0.239891;0.239891;0.239891;0.239891;0.239891;0.239891;0.239891;0.239891;0.239891;0.239891;0.239891;0.239033;0.239033;0.239033;0.239033;0.239033;0.239033;0.239033;0.239033;0.239031;0.239031;0.239031;0.239031;0.239031;0.239031;0.239031;0.239031;0.238631;0.238631;0.238631;0.238403;0.238403;0.238403;0.238290;0.238290;0.238290;0.238290;0.238290;0.238290;0.238290;0.238290;0.238290;0.238290;0.238290;0.238290;0.238290;0.238290;0.238290;0.238290;0.238290;0.238290;0.238290;0.238290;0.238290;0.238290;0.238290;0.238290;0.238290;0.238290;0.238290;0.238290;0.238290;0.238290;0.238290;0.238142;0.238142;0.238142;0.238010;0.238010;0.238010;0.238010;0.238010;0.238010,32.21,189.31,41,2.319572,86.4976,-2.7793,61.3333,1840,25.3979,4.3591,76.74,0.0,True,35.0,4840,5.5517,8.71
google,3000,20,linear,False,False,0.0,0.4,0.3,0.3,0,0,PSO,random,9,0.3333333333333333,CONV,0.241707;0.241707;0.240017;0.240017;0.240017;0.240017;0.240017;0.239986;0.239986;0.239982;0.239982;0.239982;0.239982;0.239982;0.239982;0.239982;0.239982;0.239982;0.239982;0.239982;0.239982;0.239982;0.239982;0.239982;0.239982;0.239982;0.239982;0.239982;0.239982;0.239982;0.239982;0.239982;0.239982;0.239982;0.239982;0.239982;0.239982;0.239982;0.239982;0.239982;0.239982;0.239982;0.239982;0.239982;0.239982;0.239982;0.239982;0.239982;0.239982;0.239982;0.239982;0.239982;0.239982;0.239982;0.239982;0.239982;0.239982;0.239982;0.239982;0.239982;0.239982;0.239982;0.239982;0.239982;0.239982;0.239982;0.239982;0.239982;0.239982;0.239982;0.239982;0.239982;0.239982;0.239982;0.239982;0.239982;0.239982;0.239982;0.239982;0.239982;0.239982;0.239982;0.239982;0.239982;0.239982;0.239982;0.239982;0.239982;0.239982;0.239982;0.239982;0.239982;0.239982;0.239982;0.239982;0.239982;0.239982;0.239982;0.239982;0.239982;0.239982;0.239982;0.239982;0.239982;0.239982;0.239982;0.239982;0.239982;0.239982;0.239982;0.239982;0.239982;0.239982;0.239982;0.239982;0.239982;0.239982;0.239982;0.239982;0.239982,32.21,189.31,41,2.314077,86.5296,-2.5359,62.0333,1861,25.2979,4.3378,79.957,0.0,True,36.0,4840,5.6726,7.88
google,3000,20,linear,False,False,0.0,0.4,0.3,0.3,0,0,PSO,random,10,0.3333333333333333,CONV,0.243007;0.242602;0.242602;0.240615;0.238696;0.238696;0.238696;0.238696;0.238696;0.237480;0.237480;0.237480;0.237480;0.237410;0.237410;0.237410;0.237410;0.237410;0.237410;0.237410;0.237410;0.237410;0.237410;0.237410;0.237410;0.237410;0.237410;0.237410;0.237410;0.237410;0.237410;0.237410;0.237410;0.237410;0.237410;0.237410;0.237410;0.237410;0.237410;0.237410;0.237410;0.237410;0.237410;0.237410;0.237410;0.237410;0.237410;0.237410;0.237410;0.237410;0.237410;0.237410;0.237410;0.237410;0.237410;0.237410;0.237410;0.237410;0.237410;0.237410;0.237410;0.237410;0.237410;0.237410;0.237410;0.237410;0.237410;0.237410;0.237410;0.237410;0.237410;0.237410;0.237410;0.237410;0.237410;0.237410;0.237410;0.237410;0.237410;0.237410;0.237410;0.237410;0.237410;0.237410;0.237410;0.237410;0.237410;0.237410;0.237410;0.237410;0.237410;0.237247;0.237247;0.237247;0.237125;0.237125;0.237125;0.237125;0.237125;0.237125;0.237125;0.237125;0.237125;0.237125;0.237125;0.237125;0.237125;0.237125;0.237125;0.237125;0.237125;0.237125;0.237125;0.237116;0.237116;0.237116;0.237116;0.237058;0.237058;0.237058,32.21,189.31,41,2.278698,86.7355,-0.9682,61.3333,1840,25.3979,4.3318,78.696,0.0,True,33.5,4840,5.6882,8.2
google,3000,20,linear,False,False,0.0,0.4,0.3,0.3,0,0,DE,random,1,0.3333333333333333,CONV,0.241595;0.241535;0.240272;0.240035;0.237834;0.237792;0.234601;0.231922;0.231098;0.231098;0.229389;0.228882;0.228564;0.227762;0.226410;0.226410;0.226135;0.225742;0.225532;0.224874;0.224108;0.222734;0.222734;0.222734;0.222734;0.222719;0.222397;0.221977;0.221977;0.221977;0.221977;0.221713;0.221361;0.220058;0.220058;0.220058;0.219390;0.219325;0.219067;0.219067;0.219053;0.218775;0.218775;0.218775;0.218775;0.218461;0.218461;0.218447;0.218447;0.218434;0.218292;0.218037;0.218037;0.217856;0.217856;0.217856;0.217830;0.217830;0.217795;0.217763;0.217565;0.217513;0.217513;0.217314;0.217314;0.217314;0.217314;0.217290;0.217290;0.217290;0.217249;0.217210;0.217210;0.217210;0.217175;0.217175;0.217148;0.217148;0.217148;0.217147;0.217126;0.217126;0.217126;0.217126;0.217034;0.217034;0.217034;0.217031;0.217031;0.217031;0.217031;0.217028;0.217028;0.217028;0.217026;0.217026;0.217026;0.217025;0.217025;0.217025;0.217024;0.217024;0.217024;0.217023;0.217023;0.217023;0.217023;0.217022;0.217022;0.217022;0.217022;0.217022;0.217022;0.217022;0.217022;0.217022;0.217022;0.217022;0.217022;0.217022,32.21,189.31,41,2.285732,86.6946,-1.2799,54.6,1638,24.8979,4.279,82.23,0.0,True,36.0,4840,5.5132,7.94
google,3000,20,linear,False,False,0.0,0.4,0.3,0.3,0,0,DE,random,2,0.3333333333333333,CONV,0.242077;0.242077;0.237537;0.237537;0.236939;0.236230;0.234526;0.234526;0.231991;0.230708;0.228692;0.228664;0.228437;0.228397;0.226516;0.224830;0.223385;0.222430;0.222430;0.222430;0.222296;0.221216;0.221049;0.219151;0.219151;0.219151;0.219151;0.218513;0.218513;0.218274;0.218274;0.217739;0.217397;0.217274;0.217171;0.216761;0.216360;0.216360;0.215960;0.215960;0.215769;0.215450;0.215450;0.215263;0.215131;0.215131;0.214838;0.214611;0.214362;0.214362;0.214132;0.214132;0.213933;0.213933;0.213933;0.213933;0.213933;0.213933;0.213912;0.213912;0.213856;0.213741;0.213741;0.213660;0.213330;0.213330;0.213330;0.213330;0.213263;0.213263;0.213263;0.213090;0.213090;0.213090;0.213090;0.213090;0.213086;0.213086;0.212998;0.212971;0.212922;0.212922;0.212922;0.212701;0.212701;0.212701;0.212701;0.212701;0.212699;0.212699;0.212699;0.212699;0.212698;0.212696;0.212696;0.212696;0.212696;0.212696;0.212694;0.212694;0.212694;0.212694;0.212693;0.212693;0.212692;0.212692;0.212691;0.212691;0.212691;0.212689;0.212689;0.212689;0.212689;0.212689;0.212688;0.212688;0.212688;0.212688;0.212688;0.212688,32.21,189.31,41,2.279991,86.728,-1.0255,53.2,1596,24.8979,4.2656,82.478,0.0,True,35.0,4840,5.3971,7.79
google,3000,20,linear,False,False,0.0,0.4,0.3,0.3,0,0,DE,random,3,0.3333333333333333,CONV,0.239985;0.239985;0.236953;0.236043;0.235487;0.235321;0.233257;0.233257;0.233257;0.232667;0.232028;0.231801;0.231106;0.231106;0.230347;0.229547;0.229547;0.229268;0.228354;0.228354;0.228319;0.227648;0.227000;0.227000;0.226728;0.226728;0.226111;0.226089;0.226009;0.225575;0.225575;0.225133;0.224930;0.224532;0.224532;0.224442;0.224104;0.223220;0.223220;0.222924;0.222924;0.222924;0.222924;0.222924;0.222129;0.222129;0.222129;0.222129;0.222129;0.222115;0.222115;0.222115;0.222110;0.221816;0.221722;0.221375;0.221375;0.221375;0.221215;0.221052;0.221052;0.220844;0.220815;0.220700;0.220700;0.220700;0.220633;0.220553;0.220553;0.220479;0.220454;0.220454;0.220454;0.220425;0.220417;0.220328;0.220294;0.220294;0.220254;0.220191;0.220191;0.220191;0.220191;0.220173;0.220150;0.220150;0.219943;0.219943;0.219943;0.219943;0.219943;0.219919;0.219919;0.219910;0.219909;0.219907;0.219906;0.219904;0.219903;0.219903;0.219902;0.219900;0.219900;0.219900;0.219900;0.219900;0.219899;0.219898;0.219898;0.219897;0.219897;0.219897;0.219897;0.219897;0.219896;0.219896;0.219896;0.219896;0.219896;0.219896,32.21,189.31,41,2.28891,86.6761,-1.4207,55.5333,1666,24.8979,4.2576,83.771,0.0,True,35.5,4840,5.1327,7.68
google,3000,20,linear,False,False,0.0,0.4,0.3,0.3,0,0,DE,random,4,0.3333333333333333,CONV,0.242570;0.242200;0.237479;0.236468;0.234939;0.234939;0.232674;0.232674;0.232602;0.231282;0.231282;0.231282;0.230534;0.229896;0.229896;0.229548;0.229476;0.228872;0.228614;0.228132;0.227589;0.226976;0.226865;0.225952;0.225952;0.225952;0.225682;0.225682;0.224216;0.224216;0.224216;0.224216;0.224142;0.224142;0.224138;0.224026;0.223758;0.223758;0.223473;0.223322;0.222987;0.222944;0.222909;0.221874;0.221835;0.221780;0.221552;0.221534;0.221534;0.221366;0.220955;0.220955;0.220953;0.220846;0.220846;0.220846;0.220846;0.220789;0.220566;0.220566;0.220566;0.220438;0.220428;0.220389;0.219961;0.219961;0.219792;0.219792;0.219792;0.219792;0.219682;0.219624;0.219551;0.219488;0.219488;0.219458;0.219430;0.219349;0.219348;0.219348;0.219348;0.219267;0.219267;0.219198;0.219198;0.219195;0.219188;0.219188;0.219188;0.219188;0.219187;0.219187;0.219185;0.219185;0.219181;0.219181;0.219180;0.219180;0.219179;0.219179;0.219178;0.219178;0.219177;0.219177;0.219177;0.219177;0.219176;0.219175;0.219174;0.219174;0.219174;0.219174;0.219174;0.219174;0.219173;0.219173;0.219173;0.219173;0.219173;0.219173,32.21,189.31,41,2.296529,86.6317,-1.7583,55.2333,1657,25.0479,4.2696,82.186,0.0,True,35.5,4840,5.002,8.11
google,3000,10,linear,False,False,0.0,0.4,0.3,0.3,0,0,HHO,random,9,0.3333333333333333,CONV,0.052122;0.051880;0.051360;0.051360;0.051331;0.051296;0.051296;0.051296;0.051291;0.051291;0.051204;0.051204;0.051204;0.051204;0.051204;0.051204;0.051143;0.051143;0.051143;0.051143;0.051143;0.051143;0.051143;0.051143;0.051143;0.051143;0.051143;0.051143;0.051143;0.051143;0.051143;0.051142;0.051142;0.051142;0.051142;0.051142;0.051142;0.051142;0.051142;0.051142;0.051142;0.051142;0.051142;0.051142;0.051142;0.051142;0.051142;0.051142;0.051142;0.051142;0.051142;0.051142;0.051142;0.051142;0.051142;0.051142;0.051142;0.051142;0.051142;0.051142;0.051142;0.051142;0.051142;0.051142;0.051142;0.051142;0.051142;0.051142;0.051142;0.051142;0.051142;0.051142;0.051142;0.051142;0.051142;0.051142;0.051142;0.051142;0.051142;0.051142;0.051142;0.051142;0.051142;0.051142;0.051142;0.051142;0.051142;0.051142;0.051142;0.051142;0.051142;0.051142;0.051142;0.051142;0.051142;0.051142;0.051142;0.051142;0.051142;0.051142;0.051142;0.051142;0.051142;0.051142;0.051142;0.051142;0.051142;0.051142;0.051142;0.051142;0.051142;0.051142;0.051142;0.051142;0.051142;0.051142;0.051142;0.051142;0.051142;0.051142,32.21,189.31,41,2.196409,87.2145,2.678,0.0,0,24.7979,4.1071,81.259,0.0,True,27.5,8856,7.5103,4.95
google,3000,10,linear,False,False,0.0,0.4,0.3,0.3,0,0,HHO,random,10,0.3333333333333333,CONV,0.051633;0.051261;0.051136;0.051033;0.051033;0.051033;0.051016;0.050862;0.050862;0.050862;0.050862;0.050862;0.050862;0.050672;0.050672;0.050672;0.050672;0.050669;0.050669;0.050669;0.050625;0.050625;0.050625;0.050625;0.050625;0.050625;0.050625;0.050625;0.050625;0.050625;0.050625;0.050625;0.050625;0.050625;0.050625;0.050625;0.050625;0.050625;0.050621;0.050621;0.050588;0.050588;0.050588;0.050587;0.050587;0.050587;0.050587;0.050539;0.050424;0.050424;0.050424;0.050424;0.050424;0.050423;0.050423;0.050423;0.050423;0.050422;0.050422;0.050422;0.050422;0.050422;0.050422;0.050422;0.050422;0.050422;0.050422;0.050422;0.050422;0.050422;0.050422;0.050422;0.050422;0.050422;0.050422;0.050422;0.050422;0.050422;0.050422;0.050422;0.050422;0.050422;0.050422;0.050422;0.050422;0.050422;0.050422;0.050422;0.050422;0.050422;0.050422;0.050422;0.050422;0.050422;0.050422;0.050422;0.050397;0.050382;0.050345;0.050345;0.050345;0.050345;0.050345;0.050345;0.050345;0.050345;0.050345;0.050345;0.050345;0.050345;0.050345;0.050345;0.050345;0.050345;0.050345;0.050345;0.050345;0.050345;0.050320;0.050320,32.21,189.31,41,2.161125,87.4199,4.2414,0.0,0,24.7979,4.0986,83.448,0.0,True,27.5,8842,7.1378,5.27
google,3000,10,linear,False,False,0.0,0.4,0.3,0.3,0,0,GA,random,1,0.3333333333333333,CONV,0.241070;0.238953;0.236988;0.235083;0.233615;0.231980;0.230830;0.227888;0.225108;0.224369;0.223685;0.222822;0.219971;0.219971;0.219953;0.217907;0.217663;0.216779;0.216779;0.214035;0.214035;0.213748;0.213055;0.213055;0.211172;0.210505;0.210083;0.209044;0.208793;0.207715;0.206634;0.205252;0.205008;0.203635;0.203613;0.203539;0.202482;0.202217;0.201579;0.200633;0.200479;0.200146;0.199571;0.199338;0.199044;0.198231;0.197959;0.197959;0.197930;0.197930;0.197930;0.197632;0.196404;0.194973;0.194973;0.194973;0.194973;0.194973;0.194973;0.194973;0.194973;0.194487;0.194487;0.194487;0.194430;0.194430;0.193640;0.193640;0.193640;0.193640;0.193640;0.193295;0.193295;0.192926;0.192652;0.191981;0.191981;0.190539;0.190539;0.190539;0.190539;0.190539;0.190539;0.189012;0.188654;0.188177;0.188177;0.188177;0.188177;0.188177;0.187916;0.187916;0.187772;0.187772;0.187772;0.187772;0.187772;0.187772;0.187772;0.187772;0.187772;0.187285;0.186064;0.186064;0.185560;0.185560;0.185560;0.184978;0.184978;0.184978;0.184978;0.184978;0.184978;0.184978;0.184978;0.184093;0.184093;0.184093;0.184093;0.184093,32.21,189.31,41,2.267316,86.8018,-0.4639,43.7667,1313,25.2479,4.2679,80.507,0.0,True,33.5,4840,9.2383,8.4
google,3000,10,linear,False,False,0.0,0.4,0.3,0.3,0,0,GA,random,2,0.3333333333333333,CONV,0.239328;0.234515;0.234515;0.234515;0.233002;0.229642;0.228110;0.226297;0.224276;0.223772;0.222981;0.220883;0.219824;0.218428;0.216340;0.215969;0.215969;0.215381;0.213124;0.213124;0.212393;0.211744;0.209185;0.209185;0.209185;0.208692;0.206984;0.206855;0.206855;0.206722;0.206435;0.206086;0.205246;0.205053;0.204304;0.204304;0.203564;0.203564;0.203497;0.203296;0.201614;0.200432;0.200432;0.200067;0.200067;0.200067;0.200067;0.198955;0.197983;0.197983;0.197961;0.197187;0.196037;0.196037;0.196037;0.196037;0.196037;0.196037;0.196037;0.196037;0.193983;0.193983;0.193983;0.193919;0.193919;0.193696;0.193696;0.192631;0.191332;0.191332;0.191075;0.190256;0.190256;0.190256;0.190256;0.190256;0.190256;0.190031;0.189858;0.189858;0.189858;0.189858;0.189858;0.189858;0.189858;0.189575;0.189575;0.189575;0.189575;0.189575;0.189575;0.189575;0.189575;0.189575;0.189575;0.189507;0.189507;0.189501;0.189027;0.189027;0.188526;0.188426;0.188426;0.188426;0.188426;0.187875;0.187875;0.187875;0.187875;0.187875;0.187875;0.186931;0.186931;0.186493;0.186493;0.186493;0.186493;0.186493;0.186493;0.186493,32.21,189.31,41,2.267332,86.8017,-0.4646,44.5667,1337,25.3479,4.2957,78.662,0.0,True,36.0,4840,9.4049,8.63
google,3000,10,linear,False,False,0.0,0.4,0.3,0.3,0,0,GA,random,3,0.3333333333333333,CONV,0.238958;0.237227;0.236273;0.234316;0.231217;0.229573;0.227553;0.227553;0.226872;0.225633;0.224137;0.223309;0.222638;0.221409;0.220188;0.219679;0.219173;0.218770;0.217418;0.215366;0.214934;0.214934;0.213956;0.213421;0.213421;0.211140;0.209901;0.209399;0.208901;0.208260;0.208004;0.206172;0.206172;0.205446;0.205446;0.205042;0.204625;0.203280;0.203280;0.203119;0.203119;0.203119;0.202391;0.202019;0.202019;0.201780;0.200846;0.200233;0.199274;0.198597;0.198597;0.198597;0.198597;0.198597;0.198597;0.198597;0.198597;0.198441;0.196920;0.195362;0.194911;0.194341;0.194341;0.194341;0.194341;0.194341;0.194341;0.194341;0.192991;0.192991;0.192197;0.191886;0.191886;0.191886;0.191886;0.191886;0.191886;0.191886;0.191886;0.191886;0.191294;0.191294;0.191294;0.191294;0.191294;0.191294;0.191294;0.191123;0.190594;0.189825;0.189426;0.189426;0.189426;0.189426;0.189426;0.189426;0.189426;0.189426;0.189426;0.189426;0.189426;0.189426;0.189426;0.189426;0.189426;0.189426;0.188923;0.188598;0.188598;0.187248;0.187248;0.187248;0.187248;0.187248;0.187248;0.187248;0.187248;0.187248;0.187248;0.187248,32.21,189.31,41,2.265391,86.813,-0.3786,44.8333,1345,25.1979,4.2929,79.473,0.0,True,34.5,4840,9.6783,8.39
google,3000,10,linear,False,False,0.0,0.4,0.3,0.3,0,0,GA,random,4,0.3333333333333333,CONV,0.238106;0.235717;0.235158;0.233641;0.231453;0.229366;0.228395;0.227071;0.225944;0.225163;0.224079;0.222498;0.222126;0.221304;0.218506;0.217028;0.215867;0.215175;0.214443;0.213686;0.212919;0.212165;0.211626;0.209846;0.209641;0.208483;0.207972;0.207549;0.207549;0.206675;0.205489;0.205033;0.205033;0.205011;0.204967;0.204497;0.204497;0.202366;0.201377;0.201377;0.201377;0.201377;0.199659;0.199659;0.199659;0.199573;0.199573;0.199082;0.199082;0.198645;0.196841;0.196841;0.196841;0.196841;0.196601;0.196601;0.196601;0.196601;0.195756;0.195447;0.195447;0.195334;0.195334;0.194941;0.194941;0.194941;0.194941;0.194455;0.193140;0.192860;0.192860;0.192860;0.191508;0.190475;0.190475;0.190466;0.190466;0.190466;0.190466;0.190081;0.190081;0.190081;0.190081;0.190081;0.190081;0.190081;0.190081;0.189389;0.189389;0.188839;0.188486;0.188486;0.188486;0.188117;0.186152;0.186152;0.186152;0.186152;0.186152;0.186152;0.186152;0.186152;0.186152;0.186152;0.186152;0.186152;0.186152;0.185679;0.185679;0.185679;0.185173;0.185173;0.185173;0.185173;0.185173;0.185173;0.185173;0.185173;0.185173;0.185173,32.21,189.31,41,2.279326,86.7319,-0.996,44.0333,1321,25.2479,4.2573,78.443,0.0,True,35.0,4840,9.7164,8.46
google,3000,10,linear,False,False,0.0,0.4,0.3,0.3,0,0,GA,random,5,0.3333333333333333,CONV,0.239226;0.238720;0.236574;0.234306;0.232494;0.231069;0.228510;0.228510;0.226481;0.224400;0.224400;0.222309;0.221190;0.219703;0.219332;0.219332;0.218815;0.218717;0.218089;0.216884;0.215117;0.215117;0.214992;0.213867;0.211986;0.211816;0.210715;0.210715;0.209168;0.209168;0.207645;0.207645;0.207465;0.206946;0.205357;0.205357;0.204351;0.204351;0.203633;0.203631;0.202913;0.202567;0.202160;0.201135;0.201016;0.200649;0.200014;0.200014;0.199881;0.199149;0.197930;0.197296;0.196952;0.196952;0.196845;0.196845;0.196418;0.196418;0.195553;0.195553;0.194117;0.193509;0.193233;0.193233;0.193233;0.193233;0.193233;0.193233;0.193233;0.193233;0.192953;0.192066;0.192066;0.192066;0.191354;0.191354;0.189790;0.189790;0.189790;0.189790;0.189790;0.189790;0.189790;0.189790;0.189376;0.189363;0.188940;0.188940;0.188940;0.188940;0.188940;0.187015;0.187015;0.187015;0.187015;0.187015;0.187015;0.187015;0.187015;0.187015;0.187015;0.186065;0.186065;0.186065;0.186065;0.186065;0.186065;0.185412;0.185412;0.185059;0.185059;0.185059;0.185059;0.185059;0.185059;0.185059;0.185059;0.185059;0.185059;0.185059,32.21,189.31,41,2.270142,86.7853,-0.5891,44.0667,1322,25.4479,4.2997,77.99,0.0,True,33.5,4840,9.5838,8.38
google,3000,10,linear,False,False,0.0,0.4,0.3,0.3,0,0,GA,random,6,0.3333333333333333,CONV,0.238697;0.235779;0.235313;0.234394;0.230764;0.230183;0.228020;0.226556;0.225102;0.224610;0.223877;0.223180;0.221919;0.221183;0.221183;0.220350;0.219649;0.219435;0.219307;0.216759;0.215149;0.214877;0.214222;0.214222;0.213706;0.212402;0.211718;0.211718;0.210588;0.210009;0.208528;0.208528;0.208528;0.208528;0.207916;0.206835;0.206161;0.206161;0.205928;0.205018;0.205018;0.204208;0.203507;0.203507;0.202793;0.202793;0.202732;0.202635;0.202350;0.200946;0.200946;0.199856;0.199856;0.198966;0.198966;0.198966;0.197989;0.197989;0.197989;0.197799;0.197154;0.197154;0.195761;0.195761;0.195761;0.195190;0.194524;0.194328;0.194328;0.193524;0.192485;0.192485;0.192485;0.192485;0.192485;0.191827;0.191827;0.190733;0.189995;0.189995;0.189507;0.189507;0.189267;0.189096;0.189096;0.188342;0.188216;0.187758;0.187758;0.186930;0.186930;0.186930;0.186930;0.186930;0.186930;0.186930;0.186892;0.186892;0.186892;0.185284;0.185284;0.185284;0.185284;0.185284;0.185284;0.185284;0.185198;0.185198;0.185198;0.185198;0.185198;0.185198;0.185198;0.185198;0.185141;0.183931;0.183931;0.183931;0.183931;0.183931,32.21,189.31,41,2.277522,86.7424,-0.9161,43.6333,1309,25.3479,4.3039,80.104,0.0,True,33.5,4840,8.9847,8.63
google,3000,20,linear,False,False,0.0,0.4,0.3,0.3,0,0,WOA,carbon,7,0.3333333333333333,CONV,0.057347;0.055579;0.051604;0.050890;0.050587;0.050271;0.050107;0.049837;0.049837;0.049837;0.049762;0.049654;0.049654;0.049654;0.049654;0.049651;0.049651;0.049651;0.049650;0.049650;0.049650;0.049644;0.049644;0.049644;0.049644;0.049644;0.049644;0.049644;0.049644;0.049644;0.049621;0.049621;0.049621;0.049614;0.049614;0.049613;0.049613;0.049613;0.049613;0.049613;0.049613;0.049450;0.049450;0.049447;0.049447;0.049447;0.049447;0.049446;0.049446;0.049446;0.049446;0.049446;0.049446;0.049446;0.049446;0.049446;0.049446;0.049446;0.049446;0.049446;0.049446;0.049446;0.049446;0.049446;0.049446;0.049446;0.049446;0.049446;0.049446;0.049446;0.049446;0.049446;0.049446;0.049446;0.049446;0.049446;0.049446;0.049446;0.049446;0.049446;0.049446;0.049446;0.049446;0.049446;0.049446;0.049446;0.049446;0.049446;0.049446;0.049446;0.049446;0.049446;0.049446;0.049446;0.049446;0.049446;0.049446;0.049446;0.049446;0.049446;0.049446;0.049446;0.049446;0.049446;0.049446;0.049446;0.049446;0.049446;0.049446;0.049446;0.049446;0.049446;0.049446;0.049446;0.049446;0.049446;0.049446;0.049446;0.049446;0.049446,32.21,189.31,41,2.106412,87.7384,6.6657,0.1333,4,24.6479,3.9753,81.763,0.0,True,25.5,4840,5.4332,5.19
google,3000,20,linear,False,False,0.0,0.4,0.3,0.3,0,0,WOA,carbon,8,0.3333333333333333,CONV,0.055450;0.049408;0.049310;0.049163;0.049163;0.049163;0.049148;0.049145;0.049009;0.049009;0.048982;0.048982;0.048967;0.048899;0.048898;0.048897;0.048897;0.048897;0.048897;0.048897;0.048897;0.048897;0.048897;0.048897;0.048897;0.048896;0.048896;0.048896;0.048896;0.048896;0.048896;0.048896;0.048896;0.048896;0.048896;0.048896;0.048896;0.048896;0.048896;0.048896;0.048896;0.048896;0.048896;0.048896;0.048896;0.048896;0.048896;0.048896;0.048896;0.048896;0.048896;0.048896;0.048896;0.048896;0.048896;0.048896;0.048896;0.048896;0.048896;0.048896;0.048896;0.048896;0.048896;0.048896;0.048896;0.048896;0.048896;0.048896;0.048896;0.048896;0.048896;0.048896;0.048896;0.048896;0.048896;0.048896;0.048896;0.048896;0.048896;0.048896;0.048896;0.048896;0.048896;0.048896;0.048896;0.048896;0.048896;0.048896;0.048896;0.048896;0.048896;0.048896;0.048896;0.048896;0.048896;0.048896;0.048896;0.048896;0.048896;0.048896;0.048896;0.048896;0.048896;0.048896;0.048896;0.048896;0.048896;0.048896;0.048896;0.048896;0.048896;0.048896;0.048896;0.048896;0.048896;0.048896;0.048896;0.048896;0.048896;0.048896,32.21,189.31,41,2.095639,87.8011,7.1431,0.0333,1,24.6479,3.966,80.784,0.0,True,26.0,4840,5.3041,5.05
google,3000,20,linear,False,False,0.0,0.4,0.3,0.3,0,0,WOA,carbon,9,0.3333333333333333,CONV,0.056959;0.051896;0.051215;0.049937;0.049937;0.049937;0.049909;0.049712;0.049711;0.049542;0.049266;0.049239;0.049092;0.049092;0.049049;0.048926;0.048926;0.048926;0.048869;0.048868;0.048868;0.048868;0.048868;0.048868;0.048868;0.048868;0.048868;0.048868;0.048868;0.048868;0.048868;0.048868;0.048868;0.048868;0.048868;0.048868;0.048868;0.048868;0.048868;0.048868;0.048868;0.048868;0.048868;0.048868;0.048868;0.048868;0.048868;0.048868;0.048868;0.048868;0.048868;0.048868;0.048868;0.048868;0.048868;0.048868;0.048868;0.048868;0.048868;0.048868;0.048868;0.048868;0.048868;0.048868;0.048868;0.048868;0.048868;0.048868;0.048868;0.048868;0.048868;0.048868;0.048868;0.048868;0.048868;0.048868;0.048868;0.048868;0.048868;0.048868;0.048868;0.048868;0.048868;0.048868;0.048868;0.048868;0.048868;0.048868;0.048868;0.048868;0.048868;0.048868;0.048868;0.048868;0.048868;0.048868;0.048868;0.048868;0.048868;0.048868;0.048868;0.048868;0.048868;0.048868;0.048868;0.048868;0.048868;0.048868;0.048868;0.048868;0.048868;0.048868;0.048868;0.048868;0.048868;0.048868;0.048868;0.048868;0.048868;0.048868,32.21,189.31,41,2.09444,87.8081,7.1962,0.0333,1,24.8979,4.002,76.457,0.0,True,26.0,4840,5.065,5.08
google,3000,20,linear,False,False,0.0,0.4,0.3,0.3,0,0,WOA,carbon,10,0.3333333333333333,CONV,0.050777;0.048986;0.048629;0.048629;0.048629;0.048620;0.048620;0.048548;0.048548;0.048548;0.048548;0.048514;0.048514;0.048514;0.048447;0.048446;0.048442;0.048389;0.048389;0.048389;0.048389;0.048389;0.048389;0.048389;0.048389;0.048389;0.048389;0.048389;0.048319;0.048318;0.048318;0.048318;0.048318;0.048318;0.048318;0.048318;0.048318;0.048318;0.048318;0.048318;0.048318;0.048318;0.048318;0.048318;0.048318;0.048318;0.048318;0.048318;0.048318;0.048318;0.048318;0.048318;0.048318;0.048318;0.048318;0.048318;0.048318;0.048318;0.048318;0.048318;0.048318;0.048318;0.048318;0.048318;0.048318;0.048318;0.048318;0.048318;0.048318;0.048318;0.048318;0.048318;0.048318;0.048318;0.048318;0.048318;0.048318;0.048318;0.048318;0.048318;0.048318;0.048318;0.048318;0.048318;0.048318;0.048318;0.048318;0.048318;0.048318;0.048318;0.048318;0.048318;0.048318;0.048318;0.048318;0.048318;0.048318;0.048318;0.048318;0.048318;0.048318;0.048318;0.048318;0.048318;0.048318;0.048318;0.048318;0.048318;0.048318;0.048318;0.048318;0.048318;0.048318;0.048318;0.048318;0.048318;0.048318;0.048318;0.048318;0.048318,32.21,189.31,41,2.066521,87.9706,8.4333,0.0667,2,24.7979,3.9853,76.87,0.0,True,26.5,4840,4.9806,4.8
google,3000,20,linear,False,False,0.0,0.4,0.3,0.3,0,0,DE,random,5,0.3333333333333333,CONV,0.243399;0.243399;0.240135;0.238103;0.238103;0.236365;0.233181;0.233181;0.232442;0.232442;0.231737;0.230962;0.230566;0.228959;0.228959;0.228126;0.227983;0.226880;0.226824;0.226096;0.225773;0.225187;0.224503;0.224503;0.224503;0.224503;0.224243;0.223383;0.223383;0.223383;0.223067;0.222622;0.222488;0.221944;0.221944;0.221237;0.221237;0.220525;0.220525;0.219996;0.219001;0.218583;0.218583;0.218583;0.218303;0.218303;0.218210;0.217786;0.217663;0.217430;0.217430;0.217430;0.217430;0.217176;0.217176;0.217176;0.217082;0.216917;0.216876;0.216783;0.216727;0.216642;0.216555;0.216312;0.216078;0.216078;0.215804;0.215772;0.215769;0.215343;0.215246;0.215246;0.215208;0.215208;0.215098;0.215043;0.215043;0.214843;0.214843;0.214843;0.214843;0.214843;0.214791;0.214778;0.214731;0.214718;0.214718;0.214718;0.214718;0.214666;0.214666;0.214661;0.214602;0.214601;0.214601;0.214601;0.214599;0.214599;0.214599;0.214599;0.214599;0.214599;0.214599;0.214598;0.214598;0.214598;0.214598;0.214598;0.214597;0.214597;0.214597;0.214597;0.214597;0.214597;0.214597;0.214597;0.214597;0.214597;0.214597;0.214597,32.21,189.31,41,2.297574,86.6256,-1.8046,53.7,1611,24.9479,4.2408,81.397,0.0,True,36.0,4840,5.3532,7.88
google,3000,20,linear,False,False,0.0,0.4,0.3,0.3,0,0,DE,random,6,0.3333333333333333,CONV,0.241081;0.240499;0.239409;0.238058;0.234083;0.230758;0.230758;0.230758;0.230013;0.230013;0.229647;0.229025;0.227251;0.226058;0.226058;0.224550;0.224550;0.224550;0.224550;0.224281;0.223753;0.223343;0.223343;0.223343;0.222895;0.222151;0.222151;0.221698;0.221698;0.221698;0.221185;0.220974;0.220854;0.220854;0.220314;0.220314;0.219952;0.219621;0.219454;0.219209;0.219209;0.219209;0.219037;0.219014;0.218815;0.218670;0.218574;0.218574;0.218554;0.218145;0.218145;0.218145;0.218145;0.218145;0.217865;0.217834;0.217808;0.217372;0.217372;0.217372;0.217372;0.217372;0.217372;0.217372;0.217372;0.217256;0.217178;0.216948;0.216890;0.216890;0.216615;0.216524;0.216407;0.216407;0.216407;0.216407;0.216372;0.216342;0.216245;0.216243;0.216243;0.216243;0.216240;0.216240;0.216240;0.216240;0.216064;0.216064;0.216023;0.216023;0.216023;0.216023;0.216023;0.216023;0.215942;0.215942;0.215942;0.215942;0.215942;0.215942;0.215939;0.215938;0.215938;0.215937;0.215937;0.215937;0.215936;0.215935;0.215935;0.215935;0.215935;0.215935;0.215934;0.215934;0.215934;0.215934;0.215933;0.215933;0.215933;0.215933,32.21,189.31,41,2.26902,86.7919,-0.5394,54.3667,1631,24.8979,4.2633,83.61,0.0,True,36.0,4840,5.4549,7.9
google,3000,20,linear,False,False,0.0,0.4,0.3,0.3,0,0,DE,random,7,0.3333333333333333,CONV,0.239486;0.237943;0.236134;0.236134;0.232859;0.231669;0.231669;0.231538;0.229966;0.228564;0.227926;0.226154;0.226154;0.226154;0.226154;0.226154;0.226154;0.226154;0.225796;0.225796;0.224658;0.224658;0.224496;0.224496;0.224480;0.224034;0.223565;0.223565;0.223361;0.223361;0.223361;0.223357;0.222238;0.222238;0.222238;0.221930;0.221930;0.221930;0.221730;0.221498;0.221235;0.221071;0.220874;0.220381;0.220257;0.220257;0.220257;0.220257;0.220066;0.219907;0.219907;0.219854;0.219808;0.219633;0.219563;0.219366;0.219366;0.219366;0.219186;0.219186;0.218918;0.218918;0.218918;0.218788;0.218719;0.218719;0.218596;0.218523;0.218477;0.218382;0.218380;0.218375;0.218277;0.218246;0.218088;0.218088;0.218088;0.218020;0.218020;0.218020;0.218020;0.218018;0.217958;0.217958;0.217913;0.217913;0.217913;0.217913;0.217913;0.217911;0.217911;0.217869;0.217869;0.217868;0.217868;0.217830;0.217827;0.217827;0.217771;0.217769;0.217766;0.217766;0.217766;0.217766;0.217765;0.217765;0.217761;0.217760;0.217760;0.217760;0.217759;0.217759;0.217759;0.217759;0.217759;0.217758;0.217757;0.217757;0.217757;0.217757,32.21,189.31,41,2.282949,86.7108,-1.1566,54.8667,1646,24.9479,4.2399,82.464,0.0,True,34.0,4840,5.4537,7.67
google,3000,20,linear,False,False,0.0,0.4,0.3,0.3,0,0,DE,random,8,0.3333333333333333,CONV,0.240805;0.240360;0.237146;0.235084;0.234876;0.232381;0.232381;0.232381;0.232300;0.230399;0.230184;0.227745;0.227500;0.227042;0.225768;0.225731;0.224872;0.224492;0.224346;0.224292;0.223544;0.222292;0.222132;0.221513;0.221513;0.221366;0.220837;0.219905;0.219268;0.219268;0.219032;0.219032;0.218482;0.218341;0.217959;0.217959;0.217526;0.217526;0.217209;0.217159;0.217150;0.216825;0.216671;0.216195;0.216195;0.216195;0.216195;0.215858;0.215858;0.215667;0.215051;0.215051;0.215051;0.215051;0.214923;0.214923;0.214923;0.214843;0.214718;0.214618;0.214576;0.214343;0.214148;0.213697;0.213697;0.213635;0.213539;0.213460;0.213321;0.213321;0.213239;0.213038;0.213038;0.212950;0.212854;0.212854;0.212832;0.212734;0.212442;0.212442;0.212442;0.212442;0.212437;0.212218;0.212218;0.212218;0.212054;0.212054;0.212054;0.212035;0.212035;0.211966;0.211966;0.211966;0.211966;0.211966;0.211859;0.211859;0.211859;0.211843;0.211843;0.211715;0.211715;0.211715;0.211644;0.211644;0.211644;0.211644;0.211644;0.211641;0.211638;0.211638;0.211638;0.211638;0.211638;0.211637;0.211635;0.211631;0.211630;0.211630,32.21,189.31,41,2.31617,86.5174,-2.6286,52.5667,1577,25.1979,4.2725,79.902,0.0,True,36.0,4840,5.4596,8.01
google,3000,20,linear,False,False,0.0,0.4,0.3,0.3,0,0,DE,random,9,0.3333333333333333,CONV,0.239815;0.237384;0.237384;0.236254;0.234637;0.233445;0.232320;0.230871;0.228729;0.227540;0.227540;0.227540;0.226713;0.226617;0.225068;0.223977;0.223943;0.223375;0.222972;0.222969;0.222584;0.221229;0.220355;0.220355;0.220355;0.219697;0.219176;0.218831;0.218831;0.218042;0.218042;0.218042;0.218042;0.217883;0.217111;0.217111;0.216912;0.216912;0.216883;0.216582;0.216582;0.216394;0.216394;0.216345;0.216345;0.216277;0.215898;0.215898;0.215898;0.215898;0.215730;0.215730;0.215730;0.215420;0.215420;0.215307;0.215307;0.215307;0.215307;0.215255;0.215255;0.215255;0.215255;0.215250;0.215117;0.215053;0.215053;0.215053;0.215026;0.214991;0.214991;0.214877;0.214877;0.214877;0.214854;0.214852;0.214852;0.214852;0.214806;0.214742;0.214742;0.214738;0.214738;0.214733;0.214733;0.214733;0.214732;0.214732;0.214732;0.214731;0.214731;0.214731;0.214731;0.214731;0.214729;0.214729;0.214729;0.214729;0.214728;0.214728;0.214728;0.214727;0.214727;0.214727;0.214727;0.214727;0.214727;0.214726;0.214726;0.214726;0.214726;0.214726;0.214725;0.214725;0.214725;0.214725;0.214725;0.214725;0.214725;0.214725,32.21,189.31,41,2.307365,86.5686,-2.2384,53.6667,1610,24.9979,4.3278,82.926,0.0,True,35.5,4840,5.4102,7.71
google,3000,20,linear,False,False,0.0,0.4,0.3,0.3,0,0,DE,random,10,0.3333333333333333,CONV,0.241785;0.240439;0.237781;0.235770;0.234321;0.232883;0.232883;0.232297;0.231657;0.230663;0.230663;0.229411;0.229411;0.229411;0.228269;0.228269;0.227363;0.227363;0.227273;0.227273;0.227154;0.226591;0.226591;0.226453;0.226297;0.226164;0.226164;0.225888;0.225279;0.225279;0.225078;0.225078;0.225078;0.225078;0.225078;0.224965;0.224935;0.224300;0.224300;0.224074;0.223907;0.223674;0.223600;0.223596;0.223596;0.223567;0.223285;0.223159;0.223159;0.222818;0.222818;0.222818;0.222704;0.222496;0.222496;0.222496;0.222446;0.222446;0.222446;0.222389;0.222274;0.222274;0.222182;0.222182;0.222076;0.222057;0.221958;0.221958;0.221958;0.221958;0.221958;0.221890;0.221890;0.221847;0.221847;0.221810;0.221779;0.221731;0.221731;0.221574;0.221540;0.221540;0.221539;0.221534;0.221534;0.221534;0.221497;0.221396;0.221367;0.221306;0.221306;0.221306;0.221306;0.221306;0.221299;0.221286;0.221215;0.221215;0.221215;0.221212;0.221212;0.221212;0.221210;0.221210;0.221209;0.221208;0.221208;0.221139;0.221139;0.221139;0.221139;0.221139;0.221139;0.221137;0.221137;0.221136;0.221136;0.221136;0.221135;0.221135,32.21,189.31,41,2.277703,86.7413,-0.9241,56.0333,1681,24.9479,4.2337,82.754,0.0,True,35.0,4840,5.2316,7.75
google,3000,20,linear,False,False,0.0,0.4,0.3,0.3,0,0,HHO,random,1,0.3333333333333333,CONV,0.055192;0.051472;0.051220;0.051220;0.051027;0.051027;0.050964;0.050956;0.050956;0.050870;0.050870;0.050870;0.050870;0.050853;0.050853;0.050853;0.050853;0.050729;0.050729;0.050729;0.050729;0.050729;0.050729;0.050729;0.050729;0.050729;0.050729;0.050729;0.050729;0.050729;0.050729;0.050729;0.050729;0.050729;0.050729;0.050729;0.050729;0.050729;0.050729;0.050729;0.050729;0.050729;0.050729;0.050540;0.050538;0.049982;0.049982;0.049897;0.049844;0.049748;0.049623;0.049620;0.049529;0.049470;0.049468;0.049468;0.049459;0.049459;0.049457;0.049457;0.049457;0.049457;0.049457;0.049457;0.049457;0.049457;0.049457;0.049457;0.049457;0.049457;0.049457;0.049457;0.049457;0.049457;0.049457;0.049457;0.049457;0.049457;0.049457;0.049457;0.049457;0.049457;0.049457;0.049457;0.049457;0.049457;0.049457;0.049457;0.049457;0.049457;0.049457;0.049457;0.049457;0.049457;0.049457;0.049457;0.049457;0.049457;0.049457;0.049457;0.049457;0.049457;0.049457;0.049457;0.049457;0.049457;0.049457;0.049457;0.049457;0.049457;0.049457;0.049457;0.049457;0.049457;0.049457;0.049457;0.049457;0.049457;0.049457;0.049457,32.21,189.31,41,2.124058,87.6357,5.8838,0.0,0,24.6979,4.0519,80.734,0.0,True,28.0,8922,7.2966,5.23
google,3000,20,linear,False,False,0.0,0.4,0.3,0.3,0,0,HHO,random,2,0.3333333333333333,CONV,0.051204;0.050583;0.050218;0.050000;0.050000;0.050000;0.050000;0.050000;0.049831;0.049663;0.049663;0.049663;0.049643;0.049643;0.049643;0.049307;0.049307;0.049307;0.049307;0.049307;0.049307;0.049292;0.049292;0.049291;0.049291;0.049291;0.049207;0.049207;0.049207;0.049207;0.049207;0.049107;0.049107;0.049107;0.049107;0.049107;0.049107;0.049107;0.049107;0.049107;0.049107;0.049107;0.049107;0.049107;0.049107;0.049107;0.049107;0.049107;0.049107;0.049107;0.049107;0.049107;0.049107;0.049107;0.049107;0.049107;0.049107;0.049107;0.049107;0.049107;0.049107;0.049107;0.049107;0.049107;0.049107;0.049107;0.049107;0.049107;0.049107;0.049107;0.049107;0.049107;0.049107;0.049107;0.049107;0.049107;0.049107;0.049107;0.049107;0.049107;0.049107;0.049107;0.049107;0.049107;0.049107;0.049107;0.049107;0.049107;0.049107;0.049107;0.049107;0.049107;0.049107;0.049107;0.049107;0.049107;0.049107;0.049107;0.049107;0.049107;0.049107;0.049107;0.049107;0.049107;0.049107;0.049107;0.049107;0.049107;0.049107;0.049107;0.049107;0.049107;0.049107;0.049107;0.049107;0.049107;0.049107;0.049107;0.049107;0.049107,32.21,189.31,41,2.108995,87.7234,6.5513,0.0,0,24.5479,4.0226,83.914,0.0,True,27.5,8888,6.496,4.95
google,3000,20,linear,False,False,0.0,0.4,0.3,0.3,0,0,GA,random,9,0.3333333333333333,CONV,0.240868;0.238320;0.235385;0.232747;0.230176;0.228504;0.226177;0.225572;0.224143;0.222498;0.221349;0.220411;0.217800;0.217344;0.217047;0.215965;0.214879;0.213366;0.213366;0.213366;0.213272;0.212329;0.212067;0.210758;0.209711;0.208536;0.208216;0.208035;0.207810;0.207299;0.206497;0.206403;0.205723;0.203783;0.203541;0.203541;0.203090;0.203090;0.202662;0.202146;0.202146;0.201061;0.200643;0.199981;0.199956;0.199603;0.199405;0.196523;0.196523;0.196523;0.196523;0.196523;0.196523;0.196523;0.196311;0.196202;0.196202;0.195949;0.195949;0.195949;0.195949;0.194788;0.194047;0.194047;0.194047;0.194047;0.192408;0.192408;0.192408;0.192296;0.192296;0.191433;0.191433;0.189795;0.189795;0.189795;0.189795;0.189795;0.189795;0.189795;0.189795;0.189795;0.189507;0.189507;0.189507;0.189507;0.189353;0.189353;0.189353;0.188935;0.187133;0.187133;0.187133;0.186588;0.186588;0.186588;0.186588;0.186588;0.186588;0.186588;0.186588;0.186588;0.186588;0.186588;0.186588;0.186588;0.186588;0.186588;0.186588;0.186588;0.186588;0.186551;0.186551;0.185726;0.185726;0.185726;0.185726;0.185726;0.184936;0.184936,32.21,189.31,41,2.260565,86.8411,-0.1648,44.1,1323,25.1979,4.2598,79.281,0.0,True,34.5,4840,9.6999,8.52
google,3000,20,linear,False,False,0.0,0.4,0.3,0.3,0,0,GA,random,10,0.3333333333333333,CONV,0.239266;0.237460;0.236576;0.233757;0.230578;0.228003;0.227071;0.225865;0.223893;0.223561;0.221559;0.220043;0.220043;0.220043;0.218726;0.218558;0.217514;0.216278;0.214707;0.213427;0.212709;0.212232;0.210681;0.210144;0.210054;0.208901;0.207689;0.206791;0.206632;0.206025;0.206025;0.204356;0.204356;0.204356;0.204073;0.203633;0.202631;0.201837;0.201350;0.201308;0.199270;0.199270;0.199270;0.199270;0.199270;0.197603;0.197603;0.197603;0.197603;0.197603;0.196862;0.196633;0.196633;0.196633;0.196633;0.196037;0.195410;0.193651;0.193651;0.193651;0.193651;0.193651;0.193651;0.193514;0.193514;0.193514;0.191512;0.191512;0.191512;0.191512;0.191512;0.191512;0.191512;0.191512;0.191512;0.191512;0.191429;0.191429;0.191429;0.189777;0.189777;0.189777;0.189777;0.189777;0.189777;0.189777;0.189777;0.189777;0.189325;0.189325;0.189325;0.189325;0.189325;0.189325;0.189325;0.189325;0.187932;0.187932;0.187932;0.187607;0.187607;0.187607;0.187607;0.187607;0.187607;0.187607;0.187607;0.187607;0.187607;0.187607;0.187607;0.187516;0.187516;0.187516;0.186535;0.186111;0.186111;0.185520;0.185520;0.185520,32.21,189.31,41,2.24272,86.945,0.626,44.4333,1333,25.3979,4.2824,79.385,0.0,True,34.0,4840,9.6436,8.4
google,3000,20,linear,False,False,0.0,0.4,0.3,0.3,0,0,WOA,carbon,1,0.3333333333333333,CONV,0.057445;0.052440;0.050807;0.050514;0.050509;0.050359;0.050355;0.050355;0.050097;0.050096;0.050095;0.050093;0.050092;0.050092;0.050092;0.050092;0.050092;0.050092;0.050092;0.050091;0.050091;0.050091;0.050091;0.050091;0.050091;0.050091;0.050091;0.050090;0.050090;0.050090;0.050090;0.050089;0.050089;0.050089;0.050089;0.050089;0.050089;0.050089;0.050089;0.050089;0.050089;0.050089;0.050089;0.050089;0.050089;0.050089;0.050089;0.050089;0.050089;0.050089;0.050089;0.050089;0.050089;0.050089;0.050089;0.050089;0.050089;0.050089;0.050089;0.050089;0.050089;0.050089;0.050089;0.050089;0.050089;0.050089;0.050089;0.050089;0.050089;0.050089;0.050089;0.050089;0.050089;0.050089;0.050089;0.050089;0.050089;0.050089;0.050089;0.050089;0.050089;0.050089;0.050089;0.050089;0.050089;0.050089;0.050089;0.050089;0.050089;0.050089;0.050089;0.050089;0.050089;0.050089;0.050089;0.050089;0.050089;0.050089;0.050089;0.050089;0.050089;0.050089;0.050089;0.050089;0.050089;0.050089;0.050089;0.050089;0.050089;0.050089;0.050089;0.050089;0.050089;0.050089;0.050089;0.050089;0.050089;0.050089;0.050089;0.050089,32.21,189.31,41,2.13403,87.5776,5.442,0.1333,4,24.6479,3.9907,80.063,0.0,True,25.5,4840,5.3852,4.94
google,3000,20,linear,False,False,0.0,0.4,0.3,0.3,0,0,WOA,carbon,2,0.3333333333333333,CONV,0.050882;0.049289;0.048491;0.048174;0.048174;0.048167;0.048067;0.047969;0.047969;0.047968;0.047968;0.047965;0.047965;0.047964;0.047964;0.047964;0.047964;0.047964;0.047964;0.047964;0.047964;0.047964;0.047964;0.047964;0.047963;0.047963;0.047963;0.047963;0.047963;0.047963;0.047963;0.047963;0.047963;0.047963;0.047963;0.047963;0.047963;0.047963;0.047963;0.047963;0.047963;0.047963;0.047963;0.047963;0.047963;0.047963;0.047963;0.047963;0.047963;0.047963;0.047963;0.047963;0.047963;0.047963;0.047963;0.047963;0.047963;0.047963;0.047963;0.047963;0.047963;0.047963;0.047963;0.047963;0.047963;0.047963;0.047963;0.047963;0.047963;0.047963;0.047963;0.047963;0.047963;0.047963;0.047963;0.047963;0.047963;0.047963;0.047963;0.047963;0.047963;0.047963;0.047963;0.047963;0.047963;0.047963;0.047963;0.047963;0.047963;0.047963;0.047963;0.047963;0.047963;0.047963;0.047963;0.047963;0.047963;0.047963;0.047963;0.047963;0.047963;0.047963;0.047963;0.047963;0.047963;0.047963;0.047963;0.047963;0.047963;0.047963;0.047963;0.047963;0.047963;0.047963;0.047963;0.047963;0.047963;0.047963;0.047963;0.047963,32.21,189.31,41,2.047009,88.0842,9.2978,0.1,3,24.7979,3.9795,79.394,0.0,True,26.0,4840,5.1131,5.01
google,3000,20,linear,False,False,0.0,0.4,0.3,0.3,0,0,WOA,carbon,3,0.3333333333333333,CONV,0.050500;0.049391;0.048873;0.048685;0.048645;0.048639;0.048639;0.048534;0.048534;0.048531;0.048531;0.048530;0.048530;0.048530;0.048527;0.048526;0.048526;0.048526;0.048526;0.048526;0.048526;0.048526;0.048525;0.048524;0.048524;0.048524;0.048524;0.048524;0.048524;0.048524;0.048524;0.048524;0.048524;0.048524;0.048524;0.048524;0.048524;0.048524;0.048524;0.048524;0.048524;0.048524;0.048524;0.048524;0.048524;0.048524;0.048524;0.048524;0.048524;0.048524;0.048524;0.048524;0.048524;0.048524;0.048524;0.048524;0.048524;0.048524;0.048524;0.048524;0.048524;0.048524;0.048524;0.048524;0.048524;0.048524;0.048524;0.048524;0.048524;0.048524;0.048524;0.048524;0.048524;0.048524;0.048524;0.048524;0.048524;0.048524;0.048524;0.048524;0.048524;0.048524;0.048524;0.048524;0.048524;0.048524;0.048524;0.048524;0.048524;0.048524;0.048524;0.048524;0.048524;0.048524;0.048524;0.048524;0.048524;0.048524;0.048524;0.048524;0.048524;0.048524;0.048524;0.048524;0.048524;0.048524;0.048524;0.048524;0.048524;0.048524;0.048524;0.048524;0.048524;0.048524;0.048524;0.048524;0.048524;0.048524;0.048524;0.048524,32.21,189.31,41,2.075382,87.919,8.0406,0.0667,2,24.7979,3.9823,78.35,0.0,True,26.0,4840,4.9735,4.8
google,3000,20,linear,False,False,0.0,0.4,0.3,0.3,0,0,WOA,carbon,4,0.3333333333333333,CONV,0.059699;0.050618;0.050116;0.049340;0.049340;0.049305;0.049265;0.049265;0.049258;0.049258;0.049258;0.049144;0.049143;0.049142;0.049142;0.049142;0.049142;0.049142;0.048959;0.048959;0.048959;0.048959;0.048959;0.048959;0.048959;0.048959;0.048959;0.048959;0.048957;0.048957;0.048957;0.048957;0.048957;0.048957;0.048957;0.048957;0.048957;0.048957;0.048957;0.048957;0.048957;0.048957;0.048957;0.048957;0.048957;0.048956;0.048956;0.048956;0.048956;0.048956;0.048956;0.048956;0.048956;0.048956;0.048956;0.048956;0.048956;0.048956;0.048956;0.048956;0.048956;0.048956;0.048956;0.048956;0.048956;0.048956;0.048956;0.048956;0.048956;0.048956;0.048956;0.048956;0.048956;0.048956;0.048956;0.048956;0.048956;0.048956;0.048956;0.048956;0.048956;0.048956;0.048956;0.048956;0.048956;0.048956;0.048956;0.048956;0.048956;0.048956;0.048956;0.048956;0.048956;0.048956;0.048956;0.048956;0.048956;0.048956;0.048956;0.048956;0.048956;0.048956;0.048956;0.048956;0.048956;0.048956;0.048956;0.048956;0.048956;0.048956;0.048956;0.048956;0.048956;0.048956;0.048956;0.048956;0.048956;0.048956;0.048956;0.048956,32.21,189.31,41,2.098239,87.786,7.0278,0.0333,1,24.7479,3.9787,79.755,0.0,True,26.5,4840,4.4525,4.8
google,3000,20,linear,False,False,0.0,0.4,0.3,0.3,0,0,WOA,carbon,5,0.3333333333333333,CONV,0.047019;0.046824;0.046578;0.046578;0.046577;0.046364;0.046300;0.046299;0.046299;0.046298;0.046298;0.046297;0.046185;0.046103;0.046103;0.046103;0.046103;0.046103;0.046103;0.046102;0.046102;0.046102;0.046102;0.046101;0.046101;0.046101;0.046101;0.046101;0.046101;0.046101;0.046101;0.046101;0.046101;0.046101;0.046101;0.046101;0.046101;0.046101;0.046101;0.046101;0.046101;0.046101;0.046101;0.046101;0.046101;0.046101;0.046101;0.046101;0.046101;0.046101;0.046101;0.046101;0.046101;0.046101;0.046101;0.046101;0.046101;0.046101;0.046101;0.046101;0.046101;0.046101;0.046101;0.046101;0.046101;0.046101;0.046101;0.046101;0.046101;0.046101;0.046101;0.046101;0.046101;0.046101;0.046101;0.046101;0.046101;0.046101;0.046101;0.046101;0.046101;0.046101;0.046101;0.046101;0.046101;0.046101;0.046101;0.046101;0.046101;0.046101;0.046101;0.046101;0.046101;0.046101;0.046101;0.046101;0.046101;0.046101;0.046101;0.046101;0.046101;0.046101;0.046101;0.046101;0.046101;0.046101;0.046101;0.046101;0.046101;0.046101;0.046101;0.046101;0.046101;0.046101;0.046101;0.046101;0.046101;0.046101;0.046101;0.046101,32.21,189.31,41,1.979934,88.4746,12.2699,0.0,0,24.6479,3.96,79.708,0.0,True,26.0,4840,4.0812,4.73
google,3000,20,linear,False,False,0.0,0.4,0.3,0.3,0,0,WOA,carbon,6,0.3333333333333333,CONV,0.051732;0.050898;0.050197;0.049648;0.049233;0.049233;0.049050;0.048930;0.048647;0.048458;0.048458;0.048457;0.048456;0.048446;0.048446;0.048446;0.048446;0.048445;0.048384;0.048384;0.048384;0.048384;0.048384;0.048384;0.048384;0.048384;0.048384;0.048384;0.048384;0.048384;0.048384;0.048384;0.048384;0.048384;0.048384;0.048384;0.048384;0.048384;0.048384;0.048384;0.048384;0.048384;0.048384;0.048384;0.048384;0.048384;0.048384;0.048384;0.048384;0.048384;0.048384;0.048384;0.048384;0.048384;0.048384;0.048384;0.048384;0.048384;0.048384;0.048384;0.048384;0.048384;0.048384;0.048384;0.048384;0.048384;0.048384;0.048384;0.048384;0.048384;0.048384;0.048384;0.048384;0.048384;0.048384;0.048384;0.048384;0.048384;0.048384;0.048384;0.048384;0.048384;0.048384;0.048384;0.048384;0.048384;0.048384;0.048384;0.048384;0.048384;0.048384;0.048384;0.048384;0.048384;0.048384;0.048384;0.048384;0.048384;0.048384;0.048384;0.048384;0.048384;0.048384;0.048384;0.048384;0.048384;0.048384;0.048384;0.048384;0.048384;0.048384;0.048384;0.048384;0.048384;0.048384;0.048384;0.048384;0.048384;0.048384;0.048384,32.21,189.31,41,2.069355,87.9541,8.3077,0.0667,2,24.7479,3.9778,75.683,0.0,True,26.0,4840,3.9453,4.69
google,3000,20,linear,False,False,0.0,0.4,0.3,0.3,0,0,HHO,random,3,0.3333333333333333,CONV,0.052113;0.051534;0.051000;0.050959;0.050521;0.050521;0.050520;0.050520;0.050389;0.050389;0.050375;0.050375;0.050375;0.050375;0.050375;0.050375;0.050375;0.050375;0.050375;0.050291;0.050286;0.050241;0.050241;0.050168;0.050167;0.050167;0.050167;0.050167;0.050167;0.050166;0.050166;0.050166;0.050166;0.050166;0.050166;0.050166;0.050166;0.050166;0.050166;0.050166;0.050166;0.050166;0.050166;0.050166;0.050166;0.050166;0.050166;0.050166;0.050166;0.050166;0.050166;0.050166;0.050166;0.050166;0.050166;0.050166;0.050166;0.050166;0.050166;0.050166;0.050166;0.050166;0.050166;0.050166;0.050166;0.050166;0.050166;0.050166;0.050166;0.050166;0.050166;0.050166;0.050166;0.050166;0.050166;0.050166;0.050166;0.050166;0.050166;0.050166;0.050166;0.050166;0.050166;0.050166;0.050166;0.050166;0.050166;0.050166;0.050166;0.050166;0.050166;0.050147;0.050145;0.050145;0.050145;0.050145;0.050145;0.050145;0.050145;0.050145;0.050145;0.050145;0.050145;0.050145;0.050145;0.050145;0.050145;0.050145;0.050145;0.050145;0.050145;0.050145;0.050145;0.050145;0.050145;0.050145;0.050145;0.050145;0.050145;0.050145,32.21,189.31,41,2.153608,87.4637,4.5745,0.0,0,24.6479,4.068,83.596,0.0,True,27.0,8928,8.0048,5.06
google,3000,20,linear,False,False,0.0,0.4,0.3,0.3,0,0,HHO,random,4,0.3333333333333333,CONV,0.057905;0.055360;0.051766;0.051458;0.051458;0.051283;0.051283;0.051283;0.051040;0.050848;0.050848;0.050848;0.050839;0.050839;0.050762;0.050762;0.050762;0.050762;0.050762;0.050584;0.050584;0.050584;0.050580;0.050580;0.050580;0.050580;0.050531;0.050531;0.050443;0.050422;0.050322;0.050322;0.050156;0.050156;0.050156;0.050156;0.050156;0.050156;0.050156;0.050060;0.050060;0.050060;0.050060;0.050060;0.050060;0.050060;0.050060;0.050060;0.050060;0.050059;0.050059;0.050059;0.050059;0.050059;0.050059;0.050059;0.050059;0.050059;0.050059;0.050059;0.050059;0.050059;0.050059;0.050059;0.050059;0.050059;0.050059;0.050059;0.050059;0.050059;0.050059;0.050059;0.050059;0.050059;0.050059;0.050059;0.050059;0.050059;0.050059;0.050059;0.050059;0.050059;0.050059;0.050059;0.050059;0.050059;0.050059;0.050059;0.050059;0.050059;0.050059;0.050059;0.050059;0.050059;0.050059;0.050059;0.050059;0.050059;0.050059;0.050059;0.050059;0.050059;0.050059;0.050059;0.050059;0.050059;0.050059;0.050059;0.050059;0.050059;0.050059;0.050059;0.050059;0.050059;0.050059;0.050059;0.050059;0.050059;0.050028;0.050028,32.21,189.31,41,2.148554,87.4931,4.7984,0.0,0,24.6479,4.0751,81.94,0.0,True,27.0,8840,7.9333,5.2
google,3000,20,linear,False,False,0.0,0.4,0.3,0.3,0,0,HHO,random,5,0.3333333333333333,CONV,0.059087;0.051893;0.051342;0.051342;0.051342;0.051281;0.051278;0.051278;0.051278;0.051278;0.051278;0.051275;0.051275;0.051275;0.051275;0.051274;0.051274;0.051273;0.051273;0.051273;0.051262;0.051251;0.051093;0.051093;0.051084;0.051084;0.051084;0.050997;0.050669;0.050623;0.050623;0.050623;0.050623;0.050623;0.050550;0.050550;0.050550;0.050550;0.050550;0.050550;0.050550;0.050550;0.050550;0.050550;0.050550;0.050550;0.050550;0.050550;0.050547;0.050547;0.050547;0.050547;0.050547;0.050547;0.050547;0.050547;0.050547;0.050547;0.050547;0.050547;0.050547;0.050547;0.050547;0.050547;0.050547;0.050547;0.050547;0.050547;0.050547;0.050547;0.050547;0.050547;0.050547;0.050547;0.050547;0.050547;0.050547;0.050547;0.050547;0.050547;0.050547;0.050547;0.050547;0.050547;0.050547;0.050547;0.050547;0.050547;0.050547;0.050547;0.050547;0.050547;0.050547;0.050547;0.050547;0.050547;0.050547;0.050547;0.050547;0.050547;0.050547;0.050547;0.050547;0.050547;0.050538;0.050538;0.050538;0.050538;0.050538;0.050537;0.050537;0.050537;0.050537;0.050537;0.050537;0.050537;0.050537;0.050537;0.050537;0.050537,32.21,189.31,41,2.170419,87.3658,3.8296,0.0,0,24.7479,4.098,80.306,0.0,True,26.5,8790,7.8759,5.29
google,3000,20,linear,False,False,0.0,0.4,0.3,0.3,0,0,HHO,random,6,0.3333333333333333,CONV,0.053548;0.050904;0.050904;0.050904;0.050904;0.050904;0.050904;0.050904;0.050904;0.050904;0.050904;0.050858;0.050852;0.050852;0.050852;0.050852;0.050852;0.050852;0.050852;0.050852;0.050852;0.050852;0.050852;0.050852;0.050852;0.050852;0.050852;0.050852;0.050852;0.050852;0.050852;0.050852;0.050852;0.050852;0.050852;0.050702;0.050702;0.050589;0.050473;0.050473;0.050473;0.050473;0.050473;0.050473;0.050473;0.050473;0.050440;0.050440;0.050440;0.050440;0.050440;0.050440;0.050438;0.050438;0.050380;0.050380;0.050380;0.050379;0.050379;0.050379;0.050379;0.050379;0.050379;0.050379;0.050379;0.050379;0.050379;0.050379;0.050379;0.050379;0.050379;0.050379;0.050379;0.050379;0.050379;0.050379;0.050379;0.050379;0.050379;0.050376;0.050376;0.050376;0.050376;0.050376;0.050376;0.050376;0.050376;0.050376;0.050376;0.050376;0.050376;0.050376;0.050376;0.050376;0.050376;0.050340;0.050144;0.049901;0.049900;0.049884;0.049592;0.049591;0.049591;0.049591;0.049591;0.049591;0.049591;0.049591;0.049591;0.049591;0.049591;0.049591;0.049591;0.049591;0.049591;0.049591;0.049591;0.049591;0.049591;0.049591,32.21,189.31,41,2.129789,87.6023,5.6299,0.0,0,24.7479,4.0691,81.739,0.0,True,28.0,8974,7.5475,5.24
google,3000,20,linear,False,False,0.0,0.4,0.3,0.3,0,0,HHO,random,7,0.3333333333333333,CONV,0.052111;0.051480;0.051480;0.051480;0.051480;0.051480;0.051480;0.051480;0.051480;0.051480;0.051480;0.051480;0.051480;0.051480;0.051461;0.051461;0.051406;0.051406;0.051406;0.051406;0.051406;0.051406;0.051406;0.051406;0.051406;0.051406;0.051406;0.051405;0.051405;0.051404;0.051404;0.051404;0.051404;0.051404;0.051404;0.051404;0.051404;0.051404;0.051404;0.051404;0.051404;0.051404;0.051404;0.051404;0.051404;0.051404;0.051404;0.051404;0.051404;0.051404;0.051346;0.051346;0.051039;0.051039;0.050889;0.050889;0.050887;0.050862;0.050652;0.050527;0.050482;0.050482;0.050480;0.050406;0.050406;0.050356;0.050272;0.050272;0.050268;0.050268;0.050181;0.050181;0.050181;0.050180;0.050179;0.050179;0.050179;0.050179;0.050179;0.050160;0.049951;0.049951;0.049951;0.049947;0.049947;0.049922;0.049920;0.049920;0.049911;0.049903;0.049900;0.049835;0.049831;0.049831;0.049830;0.049830;0.049830;0.049830;0.049830;0.049830;0.049830;0.049830;0.049830;0.049830;0.049830;0.049830;0.049830;0.049830;0.049772;0.049771;0.049771;0.049771;0.049771;0.049771;0.049771;0.049771;0.049771;0.049771;0.049771;0.049771,32.21,189.31,41,2.13752,87.5573,5.2873,0.0,0,24.6479,4.0427,81.16,0.0,True,28.0,8856,7.0892,6.27
google,3000,20,linear,False,False,0.0,0.4,0.3,0.3,0,0,HHO,random,8,0.3333333333333333,CONV,0.055817;0.051831;0.051619;0.051570;0.051483;0.051483;0.051483;0.051483;0.051480;0.051359;0.051272;0.050781;0.050781;0.050781;0.050781;0.050781;0.050781;0.050781;0.050781;0.050781;0.050781;0.050781;0.050781;0.050781;0.050781;0.050781;0.050781;0.050781;0.050781;0.050781;0.050587;0.050542;0.050397;0.050295;0.050295;0.050295;0.050286;0.050286;0.050286;0.050286;0.050285;0.050285;0.050285;0.050283;0.050283;0.050283;0.050257;0.050255;0.050131;0.050131;0.050131;0.050131;0.050131;0.050131;0.050131;0.050131;0.050131;0.050131;0.050131;0.050131;0.050131;0.050131;0.050131;0.050131;0.050131;0.050131;0.050131;0.050131;0.050131;0.050131;0.050131;0.050131;0.050131;0.050131;0.050131;0.050131;0.050131;0.050131;0.050131;0.050131;0.050131;0.050131;0.050131;0.050131;0.050131;0.050131;0.050131;0.050131;0.050131;0.050131;0.050131;0.050131;0.050131;0.050131;0.050131;0.050131;0.050131;0.050131;0.050131;0.050131;0.050131;0.050131;0.050131;0.050131;0.050131;0.050131;0.050131;0.050131;0.050131;0.050131;0.050131;0.050131;0.050131;0.050131;0.050131;0.050131;0.050131;0.050131;0.050131;0.050131,32.21,189.31,41,2.152982,87.4673,4.6022,0.0,0,24.6479,4.0819,85.391,0.0,True,26.5,8942,6.1406,5.22
google,3000,20,linear,False,False,0.0,0.4,0.3,0.3,0,0,HHO,random,9,0.3333333333333333,CONV,0.051931;0.051713;0.051360;0.051360;0.051360;0.051360;0.051304;0.051304;0.051304;0.051304;0.051304;0.051304;0.051304;0.051304;0.051244;0.051244;0.051244;0.051244;0.051244;0.051244;0.051244;0.051244;0.051244;0.051244;0.051244;0.051244;0.051244;0.051243;0.051243;0.051243;0.051243;0.051243;0.051243;0.051243;0.051243;0.051243;0.051243;0.051243;0.051243;0.051243;0.051243;0.051243;0.051243;0.051243;0.051243;0.051243;0.051243;0.051243;0.051243;0.051243;0.051243;0.051243;0.051229;0.051229;0.051113;0.050668;0.050188;0.049847;0.049824;0.049680;0.049680;0.049680;0.049680;0.049624;0.049505;0.049500;0.049500;0.049366;0.049366;0.049366;0.049365;0.049364;0.049364;0.049364;0.049364;0.049364;0.049364;0.049364;0.049364;0.049364;0.049364;0.049364;0.049364;0.049364;0.049364;0.049364;0.049364;0.049364;0.049364;0.049364;0.049364;0.049364;0.049364;0.049364;0.049364;0.049364;0.049364;0.049364;0.049364;0.049364;0.049364;0.049340;0.049340;0.049340;0.049340;0.049340;0.049340;0.049338;0.049180;0.049031;0.049029;0.049029;0.049029;0.049029;0.049029;0.049029;0.049029;0.049029;0.049029;0.049029,32.21,189.31,41,2.105664,87.7428,6.6988,0.0,0,24.5979,4.0337,82.348,0.0,True,27.5,8856,5.6575,5.55
google,3000,20,linear,False,False,0.0,0.4,0.3,0.3,0,0,HHO,random,10,0.3333333333333333,CONV,0.051633;0.051209;0.051209;0.051209;0.051209;0.051013;0.050898;0.050627;0.050493;0.050343;0.050290;0.050290;0.050220;0.050157;0.050043;0.050043;0.050043;0.050043;0.050043;0.050043;0.050043;0.050043;0.050043;0.050019;0.050019;0.050019;0.050019;0.050019;0.050018;0.050018;0.050018;0.050018;0.050018;0.050017;0.050017;0.050017;0.050017;0.050017;0.050017;0.050017;0.050017;0.050017;0.050017;0.050017;0.050017;0.050017;0.050017;0.050017;0.050017;0.050017;0.050017;0.050017;0.050017;0.050017;0.050017;0.050017;0.050017;0.050017;0.050017;0.050017;0.050017;0.050017;0.050017;0.050017;0.050017;0.050017;0.050017;0.050017;0.050017;0.050017;0.050017;0.050017;0.050017;0.050017;0.050017;0.050017;0.050017;0.050017;0.050017;0.050017;0.050017;0.050017;0.050017;0.050017;0.050017;0.050017;0.050017;0.050017;0.050017;0.050017;0.050017;0.050017;0.050017;0.050017;0.050017;0.050017;0.050017;0.050017;0.050017;0.049981;0.049979;0.049919;0.049919;0.049884;0.049884;0.049883;0.049883;0.049883;0.049883;0.049883;0.049883;0.049883;0.049753;0.049752;0.049752;0.049752;0.049751;0.049751;0.049751;0.049751,32.21,189.31,41,2.136688,87.5622,5.3242,0.0,0,24.6479,4.0596,82.852,0.0,True,28.0,8842,5.3314,5.17
google,3000,20,linear,False,False,0.0,0.4,0.3,0.3,0,0,GA,random,1,0.3333333333333333,CONV,0.241070;0.238953;0.236988;0.235083;0.233615;0.231980;0.230830;0.227888;0.225108;0.224369;0.223685;0.222822;0.219971;0.219971;0.219953;0.217907;0.217663;0.216779;0.216779;0.214035;0.214035;0.213748;0.213055;0.213055;0.211172;0.210505;0.210083;0.209044;0.208793;0.207715;0.206634;0.205252;0.205008;0.203635;0.203613;0.203539;0.202482;0.202217;0.201579;0.200633;0.200479;0.200146;0.199571;0.199338;0.199044;0.198231;0.197959;0.197959;0.197930;0.197930;0.197930;0.197632;0.196404;0.194973;0.194973;0.194973;0.194973;0.194973;0.194973;0.194973;0.194973;0.194487;0.194487;0.194487;0.194430;0.194430;0.193640;0.193640;0.193640;0.193640;0.193640;0.193295;0.193295;0.192926;0.192652;0.191981;0.191981;0.190539;0.190539;0.190539;0.190539;0.190539;0.190539;0.189012;0.188654;0.188177;0.188177;0.188177;0.188177;0.188177;0.187916;0.187916;0.187772;0.187772;0.187772;0.187772;0.187772;0.187772;0.187772;0.187772;0.187772;0.187285;0.186064;0.186064;0.185560;0.185560;0.185560;0.184978;0.184978;0.184978;0.184978;0.184978;0.184978;0.184978;0.184978;0.184093;0.184093;0.184093;0.184093;0.184093,32.21,189.31,41,2.267316,86.8018,-0.4639,43.7667,1313,25.2479,4.2679,80.507,0.0,True,33.5,4840,9.6699,8.49
google,3000,20,linear,False,False,0.0,0.4,0.3,0.3,0,0,GA,random,2,0.3333333333333333,CONV,0.239328;0.234515;0.234515;0.234515;0.233002;0.229642;0.228110;0.226297;0.224276;0.223772;0.222981;0.220883;0.219824;0.218428;0.216340;0.215969;0.215969;0.215381;0.213124;0.213124;0.212393;0.211744;0.209185;0.209185;0.209185;0.208692;0.206984;0.206855;0.206855;0.206722;0.206435;0.206086;0.205246;0.205053;0.204304;0.204304;0.203564;0.203564;0.203497;0.203296;0.201614;0.200432;0.200432;0.200067;0.200067;0.200067;0.200067;0.198955;0.197983;0.197983;0.197961;0.197187;0.196037;0.196037;0.196037;0.196037;0.196037;0.196037;0.196037;0.196037;0.193983;0.193983;0.193983;0.193919;0.193919;0.193696;0.193696;0.192631;0.191332;0.191332;0.191075;0.190256;0.190256;0.190256;0.190256;0.190256;0.190256;0.190031;0.189858;0.189858;0.189858;0.189858;0.189858;0.189858;0.189858;0.189575;0.189575;0.189575;0.189575;0.189575;0.189575;0.189575;0.189575;0.189575;0.189575;0.189507;0.189507;0.189501;0.189027;0.189027;0.188526;0.188426;0.188426;0.188426;0.188426;0.187875;0.187875;0.187875;0.187875;0.187875;0.187875;0.186931;0.186931;0.186493;0.186493;0.186493;0.186493;0.186493;0.186493;0.186493,32.21,189.31,41,2.267332,86.8017,-0.4646,44.5667,1337,25.3479,4.2957,78.662,0.0,True,36.0,4840,9.6333,8.63
google,3000,20,linear,False,False,0.0,0.4,0.3,0.3,0,0,GA,random,3,0.3333333333333333,CONV,0.238958;0.237227;0.236273;0.234316;0.231217;0.229573;0.227553;0.227553;0.226872;0.225633;0.224137;0.223309;0.222638;0.221409;0.220188;0.219679;0.219173;0.218770;0.217418;0.215366;0.214934;0.214934;0.213956;0.213421;0.213421;0.211140;0.209901;0.209399;0.208901;0.208260;0.208004;0.206172;0.206172;0.205446;0.205446;0.205042;0.204625;0.203280;0.203280;0.203119;0.203119;0.203119;0.202391;0.202019;0.202019;0.201780;0.200846;0.200233;0.199274;0.198597;0.198597;0.198597;0.198597;0.198597;0.198597;0.198597;0.198597;0.198441;0.196920;0.195362;0.194911;0.194341;0.194341;0.194341;0.194341;0.194341;0.194341;0.194341;0.192991;0.192991;0.192197;0.191886;0.191886;0.191886;0.191886;0.191886;0.191886;0.191886;0.191886;0.191886;0.191294;0.191294;0.191294;0.191294;0.191294;0.191294;0.191294;0.191123;0.190594;0.189825;0.189426;0.189426;0.189426;0.189426;0.189426;0.189426;0.189426;0.189426;0.189426;0.189426;0.189426;0.189426;0.189426;0.189426;0.189426;0.189426;0.188923;0.188598;0.188598;0.187248;0.187248;0.187248;0.187248;0.187248;0.187248;0.187248;0.187248;0.187248;0.187248;0.187248,32.21,189.31,41,2.265391,86.813,-0.3786,44.8333,1345,25.1979,4.2929,79.473,0.0,True,34.5,4840,9.3964,8.39
google,3000,20,linear,False,False,0.0,0.4,0.3,0.3,0,0,GA,random,4,0.3333333333333333,CONV,0.238106;0.235717;0.235158;0.233641;0.231453;0.229366;0.228395;0.227071;0.225944;0.225163;0.224079;0.222498;0.222126;0.221304;0.218506;0.217028;0.215867;0.215175;0.214443;0.213686;0.212919;0.212165;0.211626;0.209846;0.209641;0.208483;0.207972;0.207549;0.207549;0.206675;0.205489;0.205033;0.205033;0.205011;0.204967;0.204497;0.204497;0.202366;0.201377;0.201377;0.201377;0.201377;0.199659;0.199659;0.199659;0.199573;0.199573;0.199082;0.199082;0.198645;0.196841;0.196841;0.196841;0.196841;0.196601;0.196601;0.196601;0.196601;0.195756;0.195447;0.195447;0.195334;0.195334;0.194941;0.194941;0.194941;0.194941;0.194455;0.193140;0.192860;0.192860;0.192860;0.191508;0.190475;0.190475;0.190466;0.190466;0.190466;0.190466;0.190081;0.190081;0.190081;0.190081;0.190081;0.190081;0.190081;0.190081;0.189389;0.189389;0.188839;0.188486;0.188486;0.188486;0.188117;0.186152;0.186152;0.186152;0.186152;0.186152;0.186152;0.186152;0.186152;0.186152;0.186152;0.186152;0.186152;0.186152;0.185679;0.185679;0.185679;0.185173;0.185173;0.185173;0.185173;0.185173;0.185173;0.185173;0.185173;0.185173;0.185173,32.21,189.31,41,2.279326,86.7319,-0.996,44.0333,1321,25.2479,4.2573,78.443,0.0,True,35.0,4840,8.7974,8.46
google,3000,20,linear,False,False,0.0,0.4,0.3,0.3,0,0,GA,random,5,0.3333333333333333,CONV,0.239226;0.238720;0.236574;0.234306;0.232494;0.231069;0.228510;0.228510;0.226481;0.224400;0.224400;0.222309;0.221190;0.219703;0.219332;0.219332;0.218815;0.218717;0.218089;0.216884;0.215117;0.215117;0.214992;0.213867;0.211986;0.211816;0.210715;0.210715;0.209168;0.209168;0.207645;0.207645;0.207465;0.206946;0.205357;0.205357;0.204351;0.204351;0.203633;0.203631;0.202913;0.202567;0.202160;0.201135;0.201016;0.200649;0.200014;0.200014;0.199881;0.199149;0.197930;0.197296;0.196952;0.196952;0.196845;0.196845;0.196418;0.196418;0.195553;0.195553;0.194117;0.193509;0.193233;0.193233;0.193233;0.193233;0.193233;0.193233;0.193233;0.193233;0.192953;0.192066;0.192066;0.192066;0.191354;0.191354;0.189790;0.189790;0.189790;0.189790;0.189790;0.189790;0.189790;0.189790;0.189376;0.189363;0.188940;0.188940;0.188940;0.188940;0.188940;0.187015;0.187015;0.187015;0.187015;0.187015;0.187015;0.187015;0.187015;0.187015;0.187015;0.186065;0.186065;0.186065;0.186065;0.186065;0.186065;0.185412;0.185412;0.185059;0.185059;0.185059;0.185059;0.185059;0.185059;0.185059;0.185059;0.185059;0.185059;0.185059,32.21,189.31,41,2.270142,86.7853,-0.5891,44.0667,1322,25.4479,4.2997,77.99,0.0,True,33.5,4840,7.4516,8.38
google,3000,20,linear,False,False,0.0,0.4,0.3,0.3,0,0,GA,random,6,0.3333333333333333,CONV,0.238697;0.235779;0.235313;0.234394;0.230764;0.230183;0.228020;0.226556;0.225102;0.224610;0.223877;0.223180;0.221919;0.221183;0.221183;0.220350;0.219649;0.219435;0.219307;0.216759;0.215149;0.214877;0.214222;0.214222;0.213706;0.212402;0.211718;0.211718;0.210588;0.210009;0.208528;0.208528;0.208528;0.208528;0.207916;0.206835;0.206161;0.206161;0.205928;0.205018;0.205018;0.204208;0.203507;0.203507;0.202793;0.202793;0.202732;0.202635;0.202350;0.200946;0.200946;0.199856;0.199856;0.198966;0.198966;0.198966;0.197989;0.197989;0.197989;0.197799;0.197154;0.197154;0.195761;0.195761;0.195761;0.195190;0.194524;0.194328;0.194328;0.193524;0.192485;0.192485;0.192485;0.192485;0.192485;0.191827;0.191827;0.190733;0.189995;0.189995;0.189507;0.189507;0.189267;0.189096;0.189096;0.188342;0.188216;0.187758;0.187758;0.186930;0.186930;0.186930;0.186930;0.186930;0.186930;0.186930;0.186892;0.186892;0.186892;0.185284;0.185284;0.185284;0.185284;0.185284;0.185284;0.185284;0.185198;0.185198;0.185198;0.185198;0.185198;0.185198;0.185198;0.185198;0.185141;0.183931;0.183931;0.183931;0.183931;0.183931,32.21,189.31,41,2.277522,86.7424,-0.9161,43.6333,1309,25.3479,4.3039,80.104,0.0,True,33.5,4840,6.8053,8.63
google,3000,20,linear,False,False,0.0,0.4,0.3,0.3,0,0,GA,random,7,0.3333333333333333,CONV,0.238251;0.235154;0.233347;0.233347;0.231462;0.231345;0.228047;0.227671;0.227058;0.222711;0.221196;0.220602;0.219159;0.217892;0.217892;0.217507;0.216604;0.215753;0.215056;0.214544;0.214189;0.213922;0.213419;0.212287;0.211350;0.210207;0.209009;0.209009;0.208458;0.207874;0.207266;0.206640;0.206070;0.205212;0.205212;0.204365;0.204307;0.204218;0.204218;0.203185;0.202129;0.201467;0.201314;0.200814;0.200775;0.199633;0.199339;0.198315;0.198315;0.198315;0.198315;0.198303;0.198303;0.197880;0.197349;0.196821;0.196821;0.196821;0.196821;0.195609;0.195609;0.193989;0.193989;0.193989;0.193989;0.193989;0.193989;0.193878;0.193476;0.192552;0.192552;0.192552;0.192552;0.191714;0.191412;0.190654;0.190654;0.190654;0.190654;0.190654;0.190654;0.190654;0.190654;0.190654;0.190603;0.190603;0.190100;0.189788;0.189788;0.189788;0.189788;0.189662;0.188603;0.187618;0.187618;0.187618;0.187618;0.187618;0.187618;0.187618;0.187618;0.187618;0.187618;0.187618;0.187618;0.187618;0.187618;0.187618;0.187324;0.186771;0.186771;0.186771;0.186771;0.186771;0.186771;0.186012;0.186012;0.186012;0.186012;0.186012,32.21,189.31,41,2.233762,86.9971,1.0229,44.6667,1340,25.1479,4.2484,80.005,0.0,True,34.5,4840,6.4299,8.56
google,3000,20,linear,False,False,0.0,0.4,0.3,0.3,0,0,GA,random,8,0.3333333333333333,CONV,0.239849;0.236922;0.235901;0.235901;0.233700;0.231046;0.231046;0.228356;0.228042;0.225405;0.224668;0.223773;0.222394;0.220095;0.219116;0.218449;0.217082;0.216618;0.216201;0.214165;0.213885;0.213885;0.212960;0.211702;0.209553;0.209553;0.209553;0.209553;0.209214;0.209214;0.208002;0.206264;0.205898;0.205898;0.205482;0.203446;0.203446;0.203446;0.203353;0.203010;0.203010;0.203010;0.202046;0.202046;0.202046;0.202046;0.201778;0.201778;0.201512;0.200667;0.198152;0.198029;0.197674;0.197674;0.195722;0.195722;0.195722;0.195722;0.195722;0.195722;0.195722;0.195558;0.195497;0.195497;0.195497;0.194429;0.194429;0.194429;0.194371;0.194022;0.194022;0.194022;0.194022;0.194022;0.193817;0.193508;0.192679;0.192679;0.191611;0.191611;0.191611;0.191256;0.191256;0.191256;0.191256;0.190872;0.190872;0.190872;0.190872;0.190638;0.190638;0.190615;0.190615;0.190615;0.189450;0.189073;0.189073;0.189073;0.189073;0.189073;0.189073;0.189073;0.189073;0.189073;0.189073;0.189073;0.189073;0.188444;0.188444;0.188444;0.188444;0.188412;0.188036;0.188024;0.188024;0.188024;0.187614;0.187614;0.187614;0.187614,32.21,189.31,41,2.255323,86.8716,0.0675,45.0333,1351,25.2979,4.2805,78.216,0.0,True,35.0,4840,6.3616,8.59
