wl,N,M,power,hard,cap,pen,alpha,beta,gamma,subset,method,init,seed,seed_frac,exp,peak_demand,total_load,arrival_slots,carbon_kg,carbon_red_vs_naive_%,carbon_red_vs_consol_%,sla_%,viol_n,energy_kwh,cost_gbp,util_%,overload_%,feasible,makespan_h,nfe,runtime_s,peak_mem_mb
google,500,10,linear,True,False,10.0,0.4,0.3,0.3,0,FIFO,-,0,0.3333333333333333,E20,5.26,31.19,35,2.825576,0.0,-499.1141,0.0,0,31.5391,5.1517,5.275,0.0,True,24.5,0,0.0,0.0
google,500,10,linear,True,False,10.0,0.4,0.3,0.3,0,Consolidation,-,0,0.3333333333333333,E20,5.26,31.19,35,0.471626,83.3087,0.0,0.0,0,5.1891,0.8542,43.373,0.0,True,24.5,0,0.0,0.0
google,500,10,linear,True,False,10.0,0.4,0.3,0.3,0,Greedy(EDF+greenest),-,0,0.3333333333333333,E20,5.26,31.19,35,0.353564,87.487,25.033,0.0,0,4.6891,0.7568,49.264,0.0,True,26.0,0,0.0001,0.0
google,500,10,linear,True,False,10.0,0.4,0.3,0.3,0,WOA,random,1,0.3333333333333333,E20,5.26,31.19,35,0.451271,84.0291,4.3159,0.0,0,5.0391,0.8477,56.288,0.0,True,24.5,4840,1.273,1.09
google,500,10,linear,True,False,10.0,0.4,0.3,0.3,0,WOA,random,2,0.3333333333333333,E20,5.26,31.19,35,0.437537,84.5151,7.2278,0.0,0,5.1391,0.8539,44.11,0.0,True,28.5,4840,1.2085,1.06
google,500,10,linear,True,False,10.0,0.4,0.3,0.3,0,WOA,random,3,0.3333333333333333,E20,5.26,31.19,35,0.451881,84.0075,4.1866,0.0,0,5.0391,0.8235,47.209,0.0,True,24.5,4840,1.2262,1.01
google,500,10,linear,True,False,10.0,0.4,0.3,0.3,0,WOA,random,4,0.3333333333333333,E20,5.26,31.19,35,0.437226,84.5261,7.2938,0.0,0,5.1391,0.8533,44.302,0.0,True,28.5,4840,1.218,1.05
google,500,10,linear,True,False,10.0,0.4,0.3,0.3,0,WOA,random,5,0.3333333333333333,E20,5.26,31.19,35,0.428123,84.8483,9.2239,0.0,0,5.0891,0.8378,46.933,0.0,True,27.5,4840,1.2187,1.09
google,500,10,linear,True,False,10.0,0.4,0.3,0.3,0,WOA,random,22,0.3333333333333333,E20,5.26,31.19,35,0.437774,84.5067,7.1777,0.0,0,5.1391,0.8545,44.11,0.0,True,28.5,4840,1.2768,1.03
google,500,10,linear,True,False,10.0,0.4,0.3,0.3,0,WOA,random,23,0.3333333333333333,E20,5.26,31.19,35,0.437522,84.5156,7.231,0.0,0,5.1391,0.8533,44.719,0.0,True,28.5,4840,1.1998,1.07
google,500,10,linear,True,False,10.0,0.4,0.3,0.3,0,WOA,random,24,0.3333333333333333,E20,5.26,31.19,35,0.437792,84.5061,7.1737,0.0,0,5.1391,0.8545,44.11,0.0,True,28.5,4840,1.2142,1.0
google,500,10,linear,True,False,10.0,0.4,0.3,0.3,0,WOA,random,25,0.3333333333333333,E20,5.26,31.19,35,0.437512,84.516,7.2331,0.0,0,5.0891,0.8383,46.093,0.0,True,28.5,4840,1.2419,1.04
google,500,10,linear,True,False,10.0,0.4,0.3,0.3,0,WOA,random,26,0.3333333333333333,E20,5.26,31.19,35,0.431567,84.7264,8.4936,0.0,0,5.0891,0.847,45.303,0.0,True,28.5,4840,1.2226,0.96
google,500,10,linear,True,False,10.0,0.4,0.3,0.3,0,WOA,random,27,0.3333333333333333,E20,5.26,31.19,35,0.437594,84.5131,7.2159,0.0,0,5.1391,0.8539,44.27,0.0,True,28.5,4840,1.2457,0.99
google,500,10,linear,True,False,10.0,0.4,0.3,0.3,0,WOA,random,28,0.3333333333333333,E20,5.26,31.19,35,0.434846,84.6104,7.7984,0.0,0,5.0891,0.847,45.392,0.0,True,28.5,4840,1.2203,0.99
google,500,10,linear,True,False,10.0,0.4,0.3,0.3,0,WOA,random,29,0.3333333333333333,E20,5.26,31.19,35,0.44072,84.4025,6.553,0.0,0,5.1891,0.862,43.373,0.0,True,28.5,4840,1.2349,0.94
google,500,10,linear,True,False,10.0,0.4,0.3,0.3,0,WOA,random,14,0.3333333333333333,E20,5.26,31.19,35,0.437672,84.5103,7.1992,0.0,0,5.1391,0.8545,44.558,0.0,True,28.5,4840,1.281,1.02
google,500,10,linear,True,False,10.0,0.4,0.3,0.3,0,WOA,random,15,0.3333333333333333,E20,5.26,31.19,35,0.437792,84.5061,7.1737,0.0,0,5.1391,0.8545,44.014,0.0,True,28.5,4840,1.2062,1.0
google,500,10,linear,True,False,10.0,0.4,0.3,0.3,0,WOA,random,16,0.3333333333333333,E20,5.26,31.19,35,0.431755,84.7197,8.4538,0.0,0,4.9891,0.8235,48.913,0.0,True,28.0,4840,1.2116,1.02
google,500,10,linear,True,False,10.0,0.4,0.3,0.3,0,WOA,random,17,0.3333333333333333,E20,5.26,31.19,35,0.437774,84.5067,7.1777,0.0,0,5.1391,0.8545,44.11,0.0,True,28.5,4840,1.2508,0.97
google,500,10,linear,True,False,10.0,0.4,0.3,0.3,0,WOA,random,18,0.3333333333333333,E20,5.26,31.19,35,0.434461,84.624,7.8801,0.0,0,5.0891,0.847,45.392,0.0,True,28.5,4840,1.2155,0.98
google,500,10,linear,True,False,10.0,0.4,0.3,0.3,0,WOA,random,19,0.3333333333333333,E20,5.26,31.19,35,0.433979,84.6411,7.9824,0.0,0,5.1391,0.8545,44.514,0.0,True,27.5,4840,1.2644,1.0
google,500,10,linear,True,False,10.0,0.4,0.3,0.3,0,WOA,random,20,0.3333333333333333,E20,5.26,31.19,35,0.433857,84.6453,8.0081,0.0,0,5.0891,0.8383,46.097,0.0,True,28.5,4840,1.2353,1.0
google,500,10,linear,True,False,10.0,0.4,0.3,0.3,0,WOA,random,21,0.3333333333333333,E20,5.26,31.19,35,0.453045,83.9663,3.9396,0.0,0,5.0391,0.8317,46.939,0.0,True,24.5,4840,1.2301,1.03
google,500,10,linear,True,False,10.0,0.4,0.3,0.3,0,PSO,random,26,0.3333333333333333,E20,5.26,31.19,35,0.452308,83.9924,4.096,0.0,0,5.0391,0.8517,56.232,0.0,True,24.5,4840,1.2946,1.65
google,500,10,linear,True,False,10.0,0.4,0.3,0.3,0,PSO,random,27,0.3333333333333333,E20,5.26,31.19,35,0.451069,84.0362,4.3586,0.0,0,5.0391,0.8492,56.156,0.0,True,26.0,4840,1.2461,1.61
google,500,10,linear,True,False,10.0,0.4,0.3,0.3,0,PSO,random,28,0.3333333333333333,E20,5.26,31.19,35,0.450839,84.0443,4.4074,0.0,0,5.0391,0.8533,56.722,0.0,True,25.5,4840,1.2536,1.55
google,500,10,linear,True,False,10.0,0.4,0.3,0.3,0,PSO,random,29,0.3333333333333333,E20,5.26,31.19,35,0.448896,84.1131,4.8194,0.0,0,5.0391,0.8543,55.882,0.0,True,26.0,4840,1.2661,1.53
google,500,10,linear,True,False,10.0,0.4,0.3,0.3,0,PSO,random,30,0.3333333333333333,E20,5.26,31.19,35,0.447886,84.1488,5.0335,0.0,0,4.9891,0.8455,57.38,0.0,True,25.0,4840,1.255,1.57
google,500,10,linear,True,False,10.0,0.4,0.3,0.3,0,DE,random,1,0.3333333333333333,E20,5.26,31.19,35,0.450024,84.0732,4.5803,0.0,0,5.0391,0.8466,56.994,0.0,True,25.0,4840,1.248,1.27
google,500,10,linear,True,False,10.0,0.4,0.3,0.3,0,DE,random,2,0.3333333333333333,E20,5.26,31.19,35,0.441882,84.3613,6.3066,0.0,0,4.9391,0.8353,58.686,0.0,True,25.0,4840,1.2475,1.15
google,500,10,linear,True,False,10.0,0.4,0.3,0.3,0,DE,random,3,0.3333333333333333,E20,5.26,31.19,35,0.440911,84.3957,6.5124,0.0,0,4.9391,0.8333,58.83,0.0,True,25.5,4840,1.2499,1.28
google,500,10,linear,True,False,10.0,0.4,0.3,0.3,0,PSO,random,18,0.3333333333333333,E20,5.26,31.19,35,0.451129,84.0341,4.346,0.0,0,4.9891,0.8451,57.464,0.0,True,27.0,4840,1.3047,1.76
google,500,10,linear,True,False,10.0,0.4,0.3,0.3,0,PSO,random,19,0.3333333333333333,E20,5.26,31.19,35,0.444129,84.2818,5.8301,0.0,0,4.9891,0.8398,57.327,0.0,True,25.0,4840,1.2458,1.62
google,500,10,linear,True,False,10.0,0.4,0.3,0.3,0,PSO,random,20,0.3333333333333333,E20,5.26,31.19,35,0.452594,83.9822,4.0354,0.0,0,5.0391,0.85,55.863,0.0,True,25.5,4840,1.2514,1.67
google,500,10,linear,True,False,10.0,0.4,0.3,0.3,0,PSO,random,21,0.3333333333333333,E20,5.26,31.19,35,0.457918,83.7938,2.9066,0.0,0,5.0891,0.8586,54.666,0.0,True,27.5,4840,1.2637,1.58
google,500,10,linear,True,False,10.0,0.4,0.3,0.3,0,PSO,random,22,0.3333333333333333,E20,5.26,31.19,35,0.452263,83.9939,4.1054,0.0,0,5.0891,0.858,54.963,0.0,True,25.5,4840,1.2584,1.57
google,500,10,linear,True,False,10.0,0.4,0.3,0.3,0,PSO,random,23,0.3333333333333333,E20,5.26,31.19,35,0.459971,83.7212,2.4712,0.0,0,5.0891,0.8634,55.821,0.0,True,26.0,4840,1.2787,1.49
google,500,10,linear,True,False,10.0,0.4,0.3,0.3,0,PSO,random,24,0.3333333333333333,E20,5.26,31.19,35,0.451741,84.0124,4.2162,0.0,0,5.0391,0.8526,56.617,0.0,True,25.0,4840,1.2617,1.55
google,500,10,linear,True,False,10.0,0.4,0.3,0.3,0,PSO,random,25,0.3333333333333333,E20,5.26,31.19,35,0.450969,84.0397,4.3799,0.0,0,5.0391,0.8488,56.471,0.0,True,25.0,4840,1.2887,1.59
google,500,10,linear,True,False,10.0,0.4,0.3,0.3,0,PSO,random,10,0.3333333333333333,E20,5.26,31.19,35,0.453497,83.9503,3.8439,0.0,0,5.0891,0.8592,55.754,0.0,True,26.0,4840,1.3102,1.65
google,500,10,linear,True,False,10.0,0.4,0.3,0.3,0,PSO,random,11,0.3333333333333333,E20,5.26,31.19,35,0.445808,84.2224,5.4742,0.0,0,4.9891,0.8355,57.706,0.0,True,25.0,4840,1.253,1.6
google,500,10,linear,True,False,10.0,0.4,0.3,0.3,0,PSO,random,12,0.3333333333333333,E20,5.26,31.19,35,0.448643,84.1221,4.873,0.0,0,5.0391,0.8531,56.072,0.0,True,25.0,4840,1.2403,1.68
google,500,10,linear,True,False,10.0,0.4,0.3,0.3,0,PSO,random,13,0.3333333333333333,E20,5.26,31.19,35,0.451461,84.0223,4.2755,0.0,0,5.0391,0.8494,55.609,0.0,True,25.0,4840,1.2869,1.57
google,500,10,linear,True,False,10.0,0.4,0.3,0.3,0,PSO,random,14,0.3333333333333333,E20,5.26,31.19,35,0.455773,83.8697,3.3612,0.0,0,5.0891,0.8612,55.207,0.0,True,25.0,4840,1.2567,1.52
google,500,10,linear,True,False,10.0,0.4,0.3,0.3,0,PSO,random,15,0.3333333333333333,E20,5.26,31.19,35,0.449147,84.1042,4.7661,0.0,0,4.9891,0.8462,57.809,0.0,True,26.0,4840,1.2934,1.54
google,500,10,linear,True,False,10.0,0.4,0.3,0.3,0,PSO,random,16,0.3333333333333333,E20,5.26,31.19,35,0.44797,84.1459,5.0158,0.0,0,4.9891,0.8468,57.727,0.0,True,25.0,4840,1.2609,1.51
google,500,10,linear,True,False,10.0,0.4,0.3,0.3,0,PSO,random,17,0.3333333333333333,E20,5.26,31.19,35,0.449497,84.0918,4.692,0.0,0,5.0391,0.8533,55.624,0.0,True,25.0,4840,1.2835,1.6
google,500,10,linear,True,False,10.0,0.4,0.3,0.3,0,PSO,random,2,0.3333333333333333,E20,5.26,31.19,35,0.452883,83.972,3.9741,0.0,0,5.0391,0.8543,56.662,0.0,True,24.5,4840,1.3196,1.68
google,500,10,linear,True,False,10.0,0.4,0.3,0.3,0,PSO,random,3,0.3333333333333333,E20,5.26,31.19,35,0.442933,84.3241,6.0838,0.0,0,4.9891,0.847,57.253,0.0,True,25.0,4840,1.2396,1.6
google,500,10,linear,True,False,10.0,0.4,0.3,0.3,0,PSO,random,4,0.3333333333333333,E20,5.26,31.19,35,0.452578,83.9828,4.0388,0.0,0,5.0391,0.8514,56.575,0.0,True,25.0,4840,1.26,1.56
google,500,10,linear,True,False,10.0,0.4,0.3,0.3,0,PSO,random,5,0.3333333333333333,E20,5.26,31.19,35,0.448151,84.1395,4.9774,0.0,0,4.9891,0.8484,56.93,0.0,True,24.5,4840,1.2697,1.72
google,500,10,linear,True,False,10.0,0.4,0.3,0.3,0,PSO,random,6,0.3333333333333333,E20,5.26,31.19,35,0.450229,84.0659,4.5367,0.0,0,5.0391,0.8526,55.92,0.0,True,25.0,4840,1.2696,1.56
google,500,10,linear,True,False,10.0,0.4,0.3,0.3,0,PSO,random,7,0.3333333333333333,E20,5.26,31.19,35,0.455233,83.8888,3.4757,0.0,0,5.0891,0.8606,55.111,0.0,True,25.5,4840,1.2863,1.58
google,500,10,linear,True,False,10.0,0.4,0.3,0.3,0,PSO,random,8,0.3333333333333333,E20,5.26,31.19,35,0.451616,84.0168,4.2426,0.0,0,5.0391,0.8509,55.806,0.0,True,25.0,4840,1.2918,1.56
google,500,10,linear,True,False,10.0,0.4,0.3,0.3,0,PSO,random,9,0.3333333333333333,E20,5.26,31.19,35,0.452782,83.9756,3.9954,0.0,0,5.0391,0.8554,56.747,0.0,True,27.0,4840,1.2735,1.5
google,500,10,linear,True,False,10.0,0.4,0.3,0.3,0,WOA,random,6,0.3333333333333333,E20,5.26,31.19,35,0.437691,84.5097,7.1952,0.0,0,5.1391,0.8545,44.046,0.0,True,28.5,4840,1.3268,1.02
google,500,10,linear,True,False,10.0,0.4,0.3,0.3,0,WOA,random,7,0.3333333333333333,E20,5.26,31.19,35,0.437837,84.5045,7.1642,0.0,0,5.1391,0.8545,44.11,0.0,True,28.5,4840,1.2688,0.98
google,500,10,linear,True,False,10.0,0.4,0.3,0.3,0,WOA,random,8,0.3333333333333333,E20,5.26,31.19,35,0.44072,84.4025,6.553,0.0,0,5.1891,0.862,43.373,0.0,True,28.5,4840,1.2599,0.97
google,500,10,linear,True,False,10.0,0.4,0.3,0.3,0,WOA,random,9,0.3333333333333333,E20,5.26,31.19,35,0.456683,83.8375,3.1682,0.0,0,5.0891,0.8589,55.254,0.0,True,27.0,4840,1.2914,1.04
google,500,10,linear,True,False,10.0,0.4,0.3,0.3,0,WOA,random,10,0.3333333333333333,E20,5.26,31.19,35,0.440697,84.4033,6.5578,0.0,0,5.1891,0.862,43.373,0.0,True,28.5,4840,1.2791,0.97
google,500,10,linear,True,False,10.0,0.4,0.3,0.3,0,WOA,random,11,0.3333333333333333,E20,5.26,31.19,35,0.437774,84.5067,7.1777,0.0,0,5.1391,0.8545,44.11,0.0,True,28.5,4840,1.3047,0.95
google,500,10,linear,True,False,10.0,0.4,0.3,0.3,0,WOA,random,12,0.3333333333333333,E20,5.26,31.19,35,0.44072,84.4025,6.553,0.0,0,5.1891,0.862,43.373,0.0,True,28.5,4840,1.2875,0.94
google,500,10,linear,True,False,10.0,0.4,0.3,0.3,0,WOA,random,13,0.3333333333333333,E20,5.26,31.19,35,0.437624,84.5121,7.2095,0.0,0,5.1391,0.8539,44.291,0.0,True,28.5,4840,1.2982,0.98
google,500,10,linear,True,False,10.0,0.4,0.3,0.3,0,GWO,random,24,0.3333333333333333,E20,5.26,31.19,35,0.437114,84.5301,7.3177,0.0,0,4.8891,0.8188,60.622,0.0,True,24.5,4840,1.5965,1.08
google,500,10,linear,True,False,10.0,0.4,0.3,0.3,0,GWO,random,25,0.3333333333333333,E20,5.26,31.19,35,0.449608,84.0879,4.6685,0.0,0,5.0391,0.8477,56.525,0.0,True,25.0,4840,1.5583,1.0
google,500,10,linear,True,False,10.0,0.4,0.3,0.3,0,GWO,random,26,0.3333333333333333,E20,5.26,31.19,35,0.434682,84.6162,7.8333,0.0,0,4.8391,0.8172,61.907,0.0,True,24.5,4840,1.544,1.13
google,500,10,linear,True,False,10.0,0.4,0.3,0.3,0,GWO,random,27,0.3333333333333333,E20,5.26,31.19,35,0.450796,84.0459,4.4167,0.0,0,5.0891,0.8614,55.971,0.0,True,26.5,4840,1.5684,0.97
google,500,10,linear,True,False,10.0,0.4,0.3,0.3,0,GWO,random,28,0.3333333333333333,E20,5.26,31.19,35,0.449008,84.1091,4.7957,0.0,0,4.9891,0.8327,58.388,0.0,True,25.5,4840,1.6099,0.98
google,500,10,linear,True,False,10.0,0.4,0.3,0.3,0,GWO,random,29,0.3333333333333333,E20,5.26,31.19,35,0.440739,84.4018,6.5489,0.0,0,4.9891,0.8451,57.523,0.0,True,25.0,4840,1.5685,1.07
google,500,10,linear,True,False,10.0,0.4,0.3,0.3,0,GWO,random,30,0.3333333333333333,E20,5.26,31.19,35,0.448026,84.1439,5.0039,0.0,0,4.9891,0.8445,57.855,0.0,True,25.0,4840,1.6137,0.96
google,500,10,linear,True,False,10.0,0.4,0.3,0.3,0,PSO,random,1,0.3333333333333333,E20,5.26,31.19,35,0.451764,84.0116,4.2114,0.0,0,5.0391,0.8543,55.94,0.0,True,25.0,4840,1.3137,1.68
google,500,10,linear,True,False,10.0,0.4,0.3,0.3,0,GWO,random,8,0.3333333333333333,E20,5.26,31.19,35,0.437094,84.5308,7.3219,0.0,0,4.9391,0.8381,59.258,0.0,True,25.0,4840,1.5896,1.13
google,500,10,linear,True,False,10.0,0.4,0.3,0.3,0,GWO,random,9,0.3333333333333333,E20,5.26,31.19,35,0.435961,84.5709,7.562,0.0,0,4.9391,0.8342,58.662,0.0,True,25.0,4840,1.548,1.08
google,500,10,linear,True,False,10.0,0.4,0.3,0.3,0,GWO,random,10,0.3333333333333333,E20,5.26,31.19,35,0.44193,84.3597,6.2965,0.0,0,4.9391,0.8305,58.791,0.0,True,24.5,4840,1.5551,1.16
google,500,10,linear,True,False,10.0,0.4,0.3,0.3,0,GWO,random,11,0.3333333333333333,E20,5.26,31.19,35,0.443358,84.3091,5.9936,0.0,0,4.9891,0.8458,58.207,0.0,True,24.5,4840,1.5713,1.04
google,500,10,linear,True,False,10.0,0.4,0.3,0.3,0,GWO,random,12,0.3333333333333333,E20,5.26,31.19,35,0.44976,84.0825,4.6363,0.0,0,5.0391,0.852,57.062,0.0,True,25.5,4840,1.5957,0.98
google,500,10,linear,True,False,10.0,0.4,0.3,0.3,0,GWO,random,13,0.3333333333333333,E20,5.26,31.19,35,0.447628,84.158,5.0883,0.0,0,4.9891,0.8413,57.711,0.0,True,24.5,4840,1.5868,1.02
google,500,10,linear,True,False,10.0,0.4,0.3,0.3,0,GWO,random,14,0.3333333333333333,E20,5.26,31.19,35,0.435733,84.579,7.6105,0.0,0,4.8891,0.8292,59.803,0.0,True,24.5,4840,1.6011,1.14
google,500,10,linear,True,False,10.0,0.4,0.3,0.3,0,GWO,random,15,0.3333333333333333,E20,5.26,31.19,35,0.448385,84.1312,4.9279,0.0,0,4.9891,0.8387,57.603,0.0,True,25.0,4840,1.6069,0.99
google,500,10,linear,True,False,10.0,0.4,0.3,0.3,0,WOA,random,30,0.3333333333333333,E20,5.26,31.19,35,0.431076,84.7438,8.5978,0.0,0,5.0391,0.8303,46.817,0.0,True,28.5,4840,1.3376,1.02
google,500,10,linear,True,False,10.0,0.4,0.3,0.3,0,GWO,random,1,0.3333333333333333,E20,5.26,31.19,35,0.437854,84.5039,7.1608,0.0,0,4.9391,0.8378,58.932,0.0,True,25.0,4840,1.6113,1.09
google,500,10,linear,True,False,10.0,0.4,0.3,0.3,0,GWO,random,2,0.3333333333333333,E20,5.26,31.19,35,0.445719,84.2255,5.493,0.0,0,4.9391,0.8357,58.94,0.0,True,25.0,4840,1.632,1.03
google,500,10,linear,True,False,10.0,0.4,0.3,0.3,0,GWO,random,3,0.3333333333333333,E20,5.26,31.19,35,0.433135,84.6709,8.1614,0.0,0,4.8391,0.8125,61.169,0.0,True,25.0,4840,1.6446,1.1
google,500,10,linear,True,False,10.0,0.4,0.3,0.3,0,GWO,random,4,0.3333333333333333,E20,5.26,31.19,35,0.422071,85.0625,10.5071,0.0,0,4.7891,0.8036,62.891,0.0,True,24.5,4840,1.6535,1.13
google,500,10,linear,True,False,10.0,0.4,0.3,0.3,0,GWO,random,5,0.3333333333333333,E20,5.26,31.19,35,0.446017,84.215,5.43,0.0,0,4.9891,0.8436,57.674,0.0,True,25.0,4840,1.6441,1.0
google,500,10,linear,True,False,10.0,0.4,0.3,0.3,0,GWO,random,6,0.3333333333333333,E20,5.26,31.19,35,0.439278,84.4535,6.8587,0.0,0,4.8891,0.8297,60.026,0.0,True,24.5,4840,1.6809,1.1
google,500,10,linear,True,False,10.0,0.4,0.3,0.3,0,GWO,random,7,0.3333333333333333,E20,5.26,31.19,35,0.457699,83.8016,2.9528,0.0,0,5.0391,0.8522,57.02,0.0,True,25.5,4840,1.708,0.96
google,500,10,linear,True,False,10.0,0.4,0.3,0.3,0,GWO,random,16,0.3333333333333333,E20,5.26,31.19,35,0.446011,84.2152,5.4312,0.0,0,5.0391,0.8434,56.831,0.0,True,25.5,4840,1.6645,0.99
google,500,10,linear,True,False,10.0,0.4,0.3,0.3,0,GWO,random,17,0.3333333333333333,E20,5.26,31.19,35,0.441637,84.37,6.3585,0.0,0,4.9391,0.8269,58.381,0.0,True,25.0,4840,1.6143,1.07
google,500,10,linear,True,False,10.0,0.4,0.3,0.3,0,GWO,random,18,0.3333333333333333,E20,5.26,31.19,35,0.444202,84.2792,5.8146,0.0,0,4.9391,0.8372,59.364,0.0,True,24.5,4840,1.6361,1.03
google,500,10,linear,True,False,10.0,0.4,0.3,0.3,0,GWO,random,19,0.3333333333333333,E20,5.26,31.19,35,0.447065,84.1779,5.2077,0.0,0,4.9891,0.8413,58.623,0.0,True,25.0,4840,1.6224,1.0
google,500,10,linear,True,False,10.0,0.4,0.3,0.3,0,GWO,random,20,0.3333333333333333,E20,5.26,31.19,35,0.429278,84.8074,8.9791,0.0,0,4.8391,0.8183,60.471,0.0,True,25.0,4840,1.6466,1.21
google,500,10,linear,True,False,10.0,0.4,0.3,0.3,0,GWO,random,21,0.3333333333333333,E20,5.26,31.19,35,0.447353,84.1677,5.1466,0.0,0,5.0391,0.85,57.042,0.0,True,25.0,4840,1.6424,0.98
google,500,10,linear,True,False,10.0,0.4,0.3,0.3,0,GWO,random,22,0.3333333333333333,E20,5.26,31.19,35,0.429894,84.7856,8.8486,0.0,0,4.8391,0.8153,61.438,0.0,True,24.5,4840,1.6957,1.11
google,500,10,linear,True,False,10.0,0.4,0.3,0.3,0,GWO,random,23,0.3333333333333333,E20,5.26,31.19,35,0.448045,84.1432,4.9999,0.0,0,5.0391,0.8511,57.213,0.0,True,25.5,4840,1.674,1.0
google,500,10,linear,True,False,10.0,0.4,0.3,0.3,0,DE,random,4,0.3333333333333333,E20,5.26,31.19,35,0.439338,84.4514,6.846,0.0,0,4.9391,0.8275,58.929,0.0,True,25.5,4840,1.2759,1.16
google,500,10,linear,True,False,10.0,0.4,0.3,0.3,0,DE,random,5,0.3333333333333333,E20,5.26,31.19,35,0.443555,84.3022,5.952,0.0,0,4.9891,0.8425,57.449,0.0,True,25.0,4840,1.2525,1.21
google,500,10,linear,True,False,10.0,0.4,0.3,0.3,0,DE,random,6,0.3333333333333333,E20,5.26,31.19,35,0.440966,84.3938,6.5009,0.0,0,4.9391,0.8344,58.818,0.0,True,25.0,4840,1.2644,1.35
google,500,10,linear,True,False,10.0,0.4,0.3,0.3,0,DE,random,7,0.3333333333333333,E20,5.26,31.19,35,0.429275,84.8075,8.9796,0.0,0,4.8391,0.8196,61.644,0.0,True,25.5,4840,1.2827,1.23
google,500,10,linear,True,False,10.0,0.4,0.3,0.3,0,DE,random,8,0.3333333333333333,E20,5.26,31.19,35,0.437137,84.5293,7.3127,0.0,0,4.8891,0.825,60.301,0.0,True,25.5,4840,1.2869,1.24
google,500,10,linear,True,False,10.0,0.4,0.3,0.3,0,DE,random,9,0.3333333333333333,E20,5.26,31.19,35,0.443886,84.2904,5.8816,0.0,0,4.9891,0.843,57.473,0.0,True,26.5,4840,1.302,1.21
google,500,10,linear,True,False,10.0,0.4,0.3,0.3,0,DE,random,10,0.3333333333333333,E20,5.26,31.19,35,0.438299,84.4882,7.0664,0.0,0,4.9391,0.823,59.127,0.0,True,25.0,4840,1.2726,1.21
google,500,10,linear,True,False,10.0,0.4,0.3,0.3,0,DE,random,11,0.3333333333333333,E20,5.26,31.19,35,0.441869,84.3618,6.3093,0.0,0,4.9391,0.837,58.769,0.0,True,25.0,4840,1.3042,1.36
google,500,10,linear,True,False,10.0,0.4,0.3,0.3,0,DE,random,12,0.3333333333333333,E20,5.26,31.19,35,0.43721,84.5267,7.2972,0.0,0,4.8891,0.8284,60.451,0.0,True,25.0,4840,1.2796,1.23
google,500,10,linear,True,False,10.0,0.4,0.3,0.3,0,DE,random,13,0.3333333333333333,E20,5.26,31.19,35,0.439295,84.4529,6.8551,0.0,0,4.9391,0.8338,58.309,0.0,True,25.5,4840,1.2744,1.06
google,500,10,linear,True,False,10.0,0.4,0.3,0.3,0,DE,random,14,0.3333333333333333,E20,5.26,31.19,35,0.438161,84.493,7.0957,0.0,0,4.9391,0.8241,58.98,0.0,True,25.0,4840,1.2936,1.31
google,500,10,linear,True,False,10.0,0.4,0.3,0.3,0,DE,random,15,0.3333333333333333,E20,5.26,31.19,35,0.445926,84.2182,5.4491,0.0,0,4.9891,0.8462,57.477,0.0,True,25.5,4840,1.2846,1.18
google,500,10,linear,True,False,10.0,0.4,0.3,0.3,0,DE,random,16,0.3333333333333333,E20,5.26,31.19,35,0.433044,84.6741,8.1806,0.0,0,4.8891,0.8177,60.004,0.0,True,24.5,4840,1.2837,1.28
google,500,10,linear,True,False,10.0,0.4,0.3,0.3,0,DE,random,17,0.3333333333333333,E20,5.26,31.19,35,0.449733,84.0835,4.6419,0.0,0,4.9891,0.8416,57.548,0.0,True,25.0,4840,1.3239,1.35
google,500,10,linear,True,False,10.0,0.4,0.3,0.3,0,DE,random,18,0.3333333333333333,E20,5.26,31.19,35,0.437868,84.5034,7.1576,0.0,0,4.9391,0.8263,58.955,0.0,True,25.0,4840,1.3267,1.35
google,500,10,linear,True,False,10.0,0.4,0.3,0.3,0,DE,random,19,0.3333333333333333,E20,5.26,31.19,35,0.43395,84.6421,7.9885,0.0,0,4.8891,0.8214,59.929,0.0,True,24.5,4840,1.348,1.4
google,500,10,linear,True,False,10.0,0.4,0.3,0.3,0,DE,random,20,0.3333333333333333,E20,5.26,31.19,35,0.433023,84.6749,8.185,0.0,0,4.8891,0.8263,60.331,0.0,True,25.0,4840,1.2964,1.36
google,500,10,linear,True,False,10.0,0.4,0.3,0.3,0,DE,random,21,0.3333333333333333,E20,5.26,31.19,35,0.449674,84.0856,4.6544,0.0,0,5.0391,0.8469,55.913,0.0,True,25.0,4840,1.2774,1.33
google,500,10,linear,True,False,10.0,0.4,0.3,0.3,0,DE,random,22,0.3333333333333333,E20,5.26,31.19,35,0.436787,84.5417,7.3869,0.0,0,4.8891,0.821,60.456,0.0,True,25.0,4840,1.2787,1.07
google,500,10,linear,True,False,10.0,0.4,0.3,0.3,0,DE,random,23,0.3333333333333333,E20,5.26,31.19,35,0.428883,84.8214,9.0629,0.0,0,4.8891,0.8226,59.881,0.0,True,25.0,4840,1.2773,1.35
google,500,10,linear,True,False,10.0,0.4,0.3,0.3,0,DE,random,24,0.3333333333333333,E20,5.26,31.19,35,0.438867,84.4681,6.9459,0.0,0,4.8891,0.8227,60.084,0.0,True,24.5,4840,1.2878,1.09
google,500,10,linear,True,False,10.0,0.4,0.3,0.3,0,DE,random,25,0.3333333333333333,E20,5.26,31.19,35,0.431868,84.7157,8.4299,0.0,0,4.8891,0.8139,59.657,0.0,True,25.0,4840,1.3202,1.38
google,500,10,linear,True,False,10.0,0.4,0.3,0.3,0,DE,random,26,0.3333333333333333,E20,5.26,31.19,35,0.430969,84.7476,8.6204,0.0,0,4.8391,0.813,61.012,0.0,True,25.5,4840,1.3225,1.29
google,500,10,linear,True,False,10.0,0.4,0.3,0.3,0,DE,random,27,0.3333333333333333,E20,5.26,31.19,35,0.430411,84.7673,8.7388,0.0,0,4.8391,0.8087,61.826,0.0,True,25.5,4840,1.3409,1.39
google,500,10,linear,True,False,10.0,0.4,0.3,0.3,0,WOA,carbon,2,0.3333333333333333,E20,5.26,31.19,35,0.342044,87.8947,27.4756,0.0,0,4.5391,0.7343,54.958,0.0,True,26.0,4840,1.3347,0.98
google,500,10,linear,True,False,10.0,0.4,0.3,0.3,0,WOA,carbon,3,0.3333333333333333,E20,5.26,31.19,35,0.341864,87.9011,27.5138,0.0,0,4.5391,0.7343,54.455,0.0,True,26.0,4840,1.3294,1.0
google,500,10,linear,True,False,10.0,0.4,0.3,0.3,0,WOA,carbon,4,0.3333333333333333,E20,5.26,31.19,35,0.34556,87.7703,26.73,0.0,0,4.5891,0.7418,53.95,0.0,True,26.0,4840,1.362,0.98
google,500,10,linear,True,False,10.0,0.4,0.3,0.3,0,WOA,carbon,5,0.3333333333333333,E20,5.26,31.19,35,0.345459,87.7739,26.7515,0.0,0,4.5891,0.7418,53.777,0.0,True,26.0,4840,1.3853,1.01
google,500,10,linear,True,False,10.0,0.4,0.3,0.3,0,WOA,carbon,6,0.3333333333333333,E20,5.26,31.19,35,0.345212,87.7826,26.8037,0.0,0,4.5891,0.7418,52.769,0.0,True,26.0,4840,1.3692,0.96
google,500,10,linear,True,False,10.0,0.4,0.3,0.3,0,WOA,carbon,7,0.3333333333333333,E20,5.26,31.19,35,0.344802,87.7971,26.8907,0.0,0,4.5891,0.7418,53.535,0.0,True,26.0,4840,1.4065,1.0
google,500,10,linear,True,False,10.0,0.4,0.3,0.3,0,WOA,carbon,8,0.3333333333333333,E20,5.26,31.19,35,0.345186,87.7835,26.8093,0.0,0,4.5891,0.7418,52.254,0.0,True,26.0,4840,1.4017,0.93
google,500,10,linear,True,False,10.0,0.4,0.3,0.3,0,WOA,carbon,9,0.3333333333333333,E20,5.26,31.19,35,0.348129,87.6794,26.1854,0.0,0,4.6391,0.7493,51.187,0.0,True,26.0,4840,1.4321,0.94
google,500,10,linear,True,False,10.0,0.4,0.3,0.3,0,DE,random,28,0.3333333333333333,E20,5.26,31.19,35,0.439942,84.43,6.7181,0.0,0,4.9391,0.8338,58.902,0.0,True,25.5,4840,1.2931,1.14
google,500,10,linear,True,False,10.0,0.4,0.3,0.3,0,DE,random,29,0.3333333333333333,E20,5.26,31.19,35,0.443179,84.3154,6.0316,0.0,0,4.9391,0.8333,59.362,0.0,True,25.0,4840,1.2511,1.31
google,500,10,linear,True,False,10.0,0.4,0.3,0.3,0,DE,random,30,0.3333333333333333,E20,5.26,31.19,35,0.43303,84.6746,8.1835,0.0,0,4.8891,0.8329,59.182,0.0,True,25.0,4840,1.2803,1.25
google,500,10,linear,True,False,10.0,0.4,0.3,0.3,0,HHO,random,1,0.3333333333333333,E20,5.26,31.19,35,0.44945,84.0935,4.7021,0.0,0,4.9891,0.816,47.713,0.0,True,24.5,8844,2.0605,0.88
google,500,10,linear,True,False,10.0,0.4,0.3,0.3,0,HHO,random,2,0.3333333333333333,E20,5.26,31.19,35,0.457757,83.7995,2.9406,0.0,0,5.0891,0.8392,47.089,0.0,True,24.5,8886,2.1346,0.93
google,500,10,linear,True,False,10.0,0.4,0.3,0.3,0,HHO,random,3,0.3333333333333333,E20,5.26,31.19,35,0.445994,84.2158,5.4348,0.0,0,4.9391,0.8242,50.649,0.0,True,24.5,8808,2.1493,1.13
google,500,10,linear,True,False,10.0,0.4,0.3,0.3,0,HHO,random,4,0.3333333333333333,E20,5.26,31.19,35,0.455712,83.8719,3.3743,0.0,0,5.1891,0.8798,50.608,0.0,True,26.5,8868,2.1699,1.03
google,500,10,linear,True,False,10.0,0.4,0.3,0.3,0,HHO,random,5,0.3333333333333333,E20,5.26,31.19,35,0.432167,84.7052,8.3666,0.0,0,5.0391,0.835,48.79,0.0,True,28.5,8824,2.1959,0.9
google,500,10,linear,True,False,10.0,0.4,0.3,0.3,0,WOA,carbon,26,0.3333333333333333,E20,5.26,31.19,35,0.345242,87.7815,26.7974,0.0,0,4.5891,0.7418,52.921,0.0,True,26.0,4840,1.3211,1.03
google,500,10,linear,True,False,10.0,0.4,0.3,0.3,0,WOA,carbon,27,0.3333333333333333,E20,5.26,31.19,35,0.34585,87.76,26.6685,0.0,0,4.5891,0.7418,54.105,0.0,True,26.0,4840,1.3351,0.99
google,500,10,linear,True,False,10.0,0.4,0.3,0.3,0,WOA,carbon,28,0.3333333333333333,E20,5.26,31.19,35,0.345182,87.7836,26.8101,0.0,0,4.5891,0.7418,52.11,0.0,True,26.0,4840,1.3582,0.94
google,500,10,linear,True,False,10.0,0.4,0.3,0.3,0,WOA,carbon,29,0.3333333333333333,E20,5.26,31.19,35,0.345257,87.781,26.7942,0.0,0,4.5891,0.7418,53.759,0.0,True,26.0,4840,1.3666,1.0
google,500,10,linear,True,False,10.0,0.4,0.3,0.3,0,WOA,carbon,30,0.3333333333333333,E20,5.26,31.19,35,0.347077,87.7166,26.4084,0.0,0,4.5891,0.7418,52.962,0.0,True,26.0,4840,1.3782,1.01
google,500,20,linear,True,False,10.0,0.4,0.3,0.3,0,FIFO,-,0,0.3333333333333333,E20,5.26,31.19,35,2.825576,0.0,-499.1141,0.0,0,31.5391,5.1517,5.275,0.0,True,24.5,0,0.0,0.0
google,500,20,linear,True,False,10.0,0.4,0.3,0.3,0,Consolidation,-,0,0.3333333333333333,E20,5.26,31.19,35,0.471626,83.3087,0.0,0.0,0,5.1891,0.8542,43.373,0.0,True,24.5,0,0.0,0.0
google,500,20,linear,True,False,10.0,0.4,0.3,0.3,0,Greedy(EDF+greenest),-,0,0.3333333333333333,E20,5.26,31.19,35,0.353564,87.487,25.033,0.0,0,4.6891,0.7568,49.264,0.0,True,26.0,0,0.0001,0.0
google,500,10,linear,True,False,10.0,0.4,0.3,0.3,0,WOA,carbon,10,0.3333333333333333,E20,5.26,31.19,35,0.344917,87.793,26.8663,0.0,0,4.5891,0.7418,54.434,0.0,True,26.0,4840,1.3157,0.98
google,500,10,linear,True,False,10.0,0.4,0.3,0.3,0,WOA,carbon,11,0.3333333333333333,E20,5.26,31.19,35,0.342245,87.8876,27.4329,0.0,0,4.5391,0.7343,55.875,0.0,True,26.0,4840,1.3082,0.97
google,500,10,linear,True,False,10.0,0.4,0.3,0.3,0,WOA,carbon,12,0.3333333333333333,E20,5.26,31.19,35,0.345333,87.7783,26.7781,0.0,0,4.5891,0.7418,52.858,0.0,True,26.0,4840,1.3294,1.02
google,500,10,linear,True,False,10.0,0.4,0.3,0.3,0,WOA,carbon,13,0.3333333333333333,E20,5.26,31.19,35,0.345786,87.7623,26.6821,0.0,0,4.5891,0.7418,54.402,0.0,True,26.0,4840,1.3423,1.01
google,500,10,linear,True,False,10.0,0.4,0.3,0.3,0,WOA,carbon,14,0.3333333333333333,E20,5.26,31.19,35,0.342076,87.8936,27.4688,0.0,0,4.5391,0.7343,56.267,0.0,True,26.0,4840,1.3589,1.01
google,500,10,linear,True,False,10.0,0.4,0.3,0.3,0,WOA,carbon,15,0.3333333333333333,E20,5.26,31.19,35,0.342235,87.888,27.435,0.0,0,4.5391,0.7343,56.263,0.0,True,26.0,4840,1.3667,0.96
google,500,10,linear,True,False,10.0,0.4,0.3,0.3,0,WOA,carbon,16,0.3333333333333333,E20,5.26,31.19,35,0.345212,87.7826,26.8037,0.0,0,4.5891,0.7418,52.769,0.0,True,26.0,4840,1.3838,0.96
google,500,10,linear,True,False,10.0,0.4,0.3,0.3,0,WOA,carbon,17,0.3333333333333333,E20,5.26,31.19,35,0.34522,87.7823,26.8021,0.0,0,4.5891,0.7418,52.77,0.0,True,26.0,4840,1.3989,1.03
google,500,10,linear,True,False,10.0,0.4,0.3,0.3,0,HHO,random,6,0.3333333333333333,E20,5.26,31.19,35,0.444649,84.2634,5.72,0.0,0,4.9391,0.8242,50.484,0.0,True,25.0,8858,2.0752,0.98
google,500,10,linear,True,False,10.0,0.4,0.3,0.3,0,HHO,random,7,0.3333333333333333,E20,5.26,31.19,35,0.444773,84.259,5.6935,0.0,0,4.9391,0.8242,49.776,0.0,True,24.5,8830,2.0772,1.09
google,500,10,linear,True,False,10.0,0.4,0.3,0.3,0,HHO,random,8,0.3333333333333333,E20,5.26,31.19,35,0.447088,84.1771,5.2028,0.0,0,4.9391,0.8242,51.46,0.0,True,25.0,8938,2.0892,1.18
google,500,10,linear,True,False,10.0,0.4,0.3,0.3,0,HHO,random,9,0.3333333333333333,E20,5.26,31.19,35,0.45457,83.9123,3.6164,0.0,0,5.0391,0.8531,54.244,0.0,True,25.5,8948,2.1478,1.01
google,500,10,linear,True,False,10.0,0.4,0.3,0.3,0,HHO,random,10,0.3333333333333333,E20,5.26,31.19,35,0.44653,84.1969,5.3212,0.0,0,4.9391,0.8167,49.803,0.0,True,24.5,8908,2.1593,1.06
google,500,10,linear,True,False,10.0,0.4,0.3,0.3,0,HHO,random,11,0.3333333333333333,E20,5.26,31.19,35,0.452369,83.9902,4.0831,0.0,0,5.1891,0.8747,50.111,0.0,True,27.5,8908,2.1926,1.0
google,500,10,linear,True,False,10.0,0.4,0.3,0.3,0,HHO,random,12,0.3333333333333333,E20,5.26,31.19,35,0.444324,84.2749,5.7887,0.0,0,4.9891,0.816,48.594,0.0,True,25.0,8868,2.2256,1.05
google,500,10,linear,True,False,10.0,0.4,0.3,0.3,0,HHO,random,13,0.3333333333333333,E20,5.26,31.19,35,0.447485,84.163,5.1186,0.0,0,5.0891,0.8533,52.72,0.0,True,26.0,8954,2.2092,1.03
google,500,10,linear,True,False,10.0,0.4,0.3,0.3,0,HHO,random,14,0.3333333333333333,E20,5.26,31.19,35,0.449908,84.0773,4.6048,0.0,0,4.9891,0.8235,49.021,0.0,True,24.5,8930,2.0861,1.07
google,500,10,linear,True,False,10.0,0.4,0.3,0.3,0,HHO,random,15,0.3333333333333333,E20,5.26,31.19,35,0.449873,84.0785,4.6123,0.0,0,5.0391,0.8543,55.844,0.0,True,25.0,8854,2.059,1.07
google,500,10,linear,True,False,10.0,0.4,0.3,0.3,0,HHO,random,16,0.3333333333333333,E20,5.26,31.19,35,0.445596,84.2299,5.5192,0.0,0,4.9391,0.816,49.727,0.0,True,24.5,8830,2.0758,1.1
google,500,10,linear,True,False,10.0,0.4,0.3,0.3,0,HHO,random,17,0.3333333333333333,E20,5.26,31.19,35,0.440554,84.4083,6.5881,0.0,0,4.9391,0.8167,50.174,0.0,True,24.5,9010,2.1756,1.03
google,500,10,linear,True,False,10.0,0.4,0.3,0.3,0,HHO,random,18,0.3333333333333333,E20,5.26,31.19,35,0.449278,84.0996,4.7384,0.0,0,4.9891,0.8317,49.168,0.0,True,25.0,8976,2.1903,1.04
google,500,10,linear,True,False,10.0,0.4,0.3,0.3,0,HHO,random,19,0.3333333333333333,E20,5.26,31.19,35,0.449755,84.0827,4.6374,0.0,0,4.9891,0.8235,48.865,0.0,True,25.0,8846,2.1741,1.12
google,500,10,linear,True,False,10.0,0.4,0.3,0.3,0,HHO,random,20,0.3333333333333333,E20,5.26,31.19,35,0.441508,84.3746,6.3859,0.0,0,4.9391,0.8167,50.235,0.0,True,24.5,8854,2.229,1.08
google,500,10,linear,True,False,10.0,0.4,0.3,0.3,0,HHO,random,21,0.3333333333333333,E20,5.26,31.19,35,0.437744,84.5078,7.1841,0.0,0,5.1391,0.8545,44.462,0.0,True,28.5,8876,2.2152,1.0
google,500,10,linear,True,False,10.0,0.4,0.3,0.3,0,HHO,random,22,0.3333333333333333,E20,5.26,31.19,35,0.451577,84.0182,4.251,0.0,0,5.1391,0.8629,51.919,0.0,True,25.5,8934,2.0894,0.97
google,500,10,linear,True,False,10.0,0.4,0.3,0.3,0,HHO,random,23,0.3333333333333333,E20,5.26,31.19,35,0.431215,84.7389,8.5683,0.0,0,5.0391,0.8372,47.959,0.0,True,28.0,9002,2.116,0.97
google,500,10,linear,True,False,10.0,0.4,0.3,0.3,0,HHO,random,24,0.3333333333333333,E20,5.26,31.19,35,0.456578,83.8412,3.1905,0.0,0,5.0391,0.8317,46.054,0.0,True,24.5,9024,2.1421,1.01
google,500,10,linear,True,False,10.0,0.4,0.3,0.3,0,HHO,random,25,0.3333333333333333,E20,5.26,31.19,35,0.44072,84.4025,6.553,0.0,0,5.1891,0.862,43.373,0.0,True,28.5,8908,2.151,0.9
google,500,10,linear,True,False,10.0,0.4,0.3,0.3,0,HHO,random,26,0.3333333333333333,E20,5.26,31.19,35,0.450272,84.0644,4.5276,0.0,0,5.0891,0.8657,46.347,0.0,True,26.0,8874,2.1762,1.03
google,500,10,linear,True,False,10.0,0.4,0.3,0.3,0,HHO,random,27,0.3333333333333333,E20,5.26,31.19,35,0.442922,84.3245,6.086,0.0,0,5.0391,0.8573,54.267,0.0,True,26.5,8970,2.2146,1.21
google,500,10,linear,True,False,10.0,0.4,0.3,0.3,0,HHO,random,28,0.3333333333333333,E20,5.26,31.19,35,0.44163,84.3703,6.3601,0.0,0,5.0391,0.855,55.002,0.0,True,26.5,8882,2.2377,1.09
google,500,10,linear,True,False,10.0,0.4,0.3,0.3,0,HHO,random,29,0.3333333333333333,E20,5.26,31.19,35,0.431495,84.729,8.5091,0.0,0,4.9891,0.8316,48.93,0.0,True,28.0,8986,2.2546,0.88
google,500,10,linear,True,False,10.0,0.4,0.3,0.3,0,HHO,random,30,0.3333333333333333,E20,5.26,31.19,35,0.434496,84.6227,7.8727,0.0,0,5.0891,0.8458,46.101,0.0,True,28.0,8976,2.1988,1.04
google,500,10,linear,True,False,10.0,0.4,0.3,0.3,0,GA,random,1,0.3333333333333333,E20,5.26,31.19,35,0.430267,84.7724,8.7694,0.0,0,4.8891,0.8172,60.436,0.0,True,25.0,4840,2.2562,1.36
google,500,10,linear,True,False,10.0,0.4,0.3,0.3,0,GA,random,2,0.3333333333333333,E20,5.26,31.19,35,0.428078,84.8499,9.2336,0.0,0,4.8391,0.813,61.853,0.0,True,25.0,4840,2.3102,1.45
google,500,10,linear,True,False,10.0,0.4,0.3,0.3,0,GA,random,3,0.3333333333333333,E20,5.26,31.19,35,0.425699,84.9341,9.7379,0.0,0,4.7891,0.8033,62.788,0.0,True,24.5,4840,2.3308,1.45
google,500,10,linear,True,False,10.0,0.4,0.3,0.3,0,GA,random,4,0.3333333333333333,E20,5.26,31.19,35,0.425769,84.9316,9.723,0.0,0,4.8891,0.8198,59.401,0.0,True,25.5,4840,2.3778,1.46
google,500,10,linear,True,False,10.0,0.4,0.3,0.3,0,GA,random,5,0.3333333333333333,E20,5.26,31.19,35,0.428897,84.8209,9.0598,0.0,0,4.8391,0.8192,61.516,0.0,True,24.5,4840,2.406,1.46
google,500,10,linear,True,False,10.0,0.4,0.3,0.3,0,GA,random,6,0.3333333333333333,E20,5.26,31.19,35,0.43095,84.7482,8.6245,0.0,0,4.8891,0.8292,60.116,0.0,True,25.0,4840,2.4192,1.42
google,500,10,linear,True,False,10.0,0.4,0.3,0.3,0,GA,random,7,0.3333333333333333,E20,5.26,31.19,35,0.416276,85.2676,11.736,0.0,0,4.7891,0.7918,62.358,0.0,True,25.0,4840,2.4323,1.46
google,500,10,linear,True,False,10.0,0.4,0.3,0.3,0,GA,random,8,0.3333333333333333,E20,5.26,31.19,35,0.425128,84.9543,9.8591,0.0,0,4.7891,0.793,62.348,0.0,True,25.0,4840,2.1641,1.5
google,500,10,linear,True,False,10.0,0.4,0.3,0.3,0,GA,random,9,0.3333333333333333,E20,5.26,31.19,35,0.416151,85.272,11.7624,0.0,0,4.7391,0.8079,64.147,0.0,True,25.0,4840,2.184,1.45
google,500,10,linear,True,False,10.0,0.4,0.3,0.3,0,GA,random,10,0.3333333333333333,E20,5.26,31.19,35,0.424867,84.9635,9.9144,0.0,0,4.8391,0.8194,61.777,0.0,True,25.0,4840,2.211,1.45
google,500,10,linear,True,False,10.0,0.4,0.3,0.3,0,GA,random,11,0.3333333333333333,E20,5.26,31.19,35,0.417212,85.2344,11.5374,0.0,0,4.8391,0.8136,60.401,0.0,True,25.0,4840,2.2329,1.47
google,500,10,linear,True,False,10.0,0.4,0.3,0.3,0,GA,random,12,0.3333333333333333,E20,5.26,31.19,35,0.427071,84.8855,9.4469,0.0,0,4.8391,0.8022,61.917,0.0,True,24.5,4840,2.2661,1.46
google,500,10,linear,True,False,10.0,0.4,0.3,0.3,0,GA,random,13,0.3333333333333333,E20,5.26,31.19,35,0.423416,85.0149,10.222,0.0,0,4.7891,0.8166,62.721,0.0,True,25.0,4840,2.3135,1.47
google,500,10,linear,True,False,10.0,0.4,0.3,0.3,0,GA,random,14,0.3333333333333333,E20,5.26,31.19,35,0.426078,84.9207,9.6576,0.0,0,4.8391,0.7988,61.224,0.0,True,25.0,4840,2.3026,1.48
google,500,10,linear,True,False,10.0,0.4,0.3,0.3,0,GA,random,15,0.3333333333333333,E20,5.26,31.19,35,0.424228,84.9861,10.0499,0.0,0,4.7891,0.8067,62.669,0.0,True,25.0,4840,2.3289,1.44
google,500,10,linear,True,False,10.0,0.4,0.3,0.3,0,GA,random,16,0.3333333333333333,E20,5.26,31.19,35,0.428092,84.8494,9.2306,0.0,0,4.8891,0.8286,59.667,0.0,True,25.0,4840,2.1439,1.49
google,500,10,linear,True,False,10.0,0.4,0.3,0.3,0,GA,random,17,0.3333333333333333,E20,5.26,31.19,35,0.431523,84.728,8.5032,0.0,0,4.9391,0.8378,58.105,0.0,True,25.0,4840,2.1769,1.46
google,500,10,linear,True,False,10.0,0.4,0.3,0.3,0,GA,random,18,0.3333333333333333,E20,5.26,31.19,35,0.427721,84.8625,9.3092,0.0,0,4.8891,0.8303,60.131,0.0,True,25.5,4840,2.2065,1.48
google,500,10,linear,True,False,10.0,0.4,0.3,0.3,0,GA,random,19,0.3333333333333333,E20,5.26,31.19,35,0.427617,84.8662,9.3313,0.0,0,4.8391,0.8085,61.841,0.0,True,25.0,4840,2.2286,1.42
google,500,10,linear,True,False,10.0,0.4,0.3,0.3,0,GA,random,20,0.3333333333333333,E20,5.26,31.19,35,0.420709,85.1107,10.7961,0.0,0,4.7891,0.8038,62.585,0.0,True,24.5,4840,2.2498,1.47
google,500,10,linear,True,False,10.0,0.4,0.3,0.3,0,GA,random,21,0.3333333333333333,E20,5.26,31.19,35,0.425603,84.9375,9.7582,0.0,0,4.8391,0.8082,61.32,0.0,True,25.0,4840,2.3131,1.46
google,500,10,linear,True,False,10.0,0.4,0.3,0.3,0,GA,random,22,0.3333333333333333,E20,5.26,31.19,35,0.425985,84.924,9.6773,0.0,0,4.8391,0.8147,61.497,0.0,True,25.0,4840,2.288,1.5
google,500,10,linear,True,False,10.0,0.4,0.3,0.3,0,GA,random,23,0.3333333333333333,E20,5.26,31.19,35,0.425798,84.9306,9.717,0.0,0,4.8391,0.8108,60.958,0.0,True,25.0,4840,2.316,1.48
google,500,10,linear,True,False,10.0,0.4,0.3,0.3,0,GA,random,24,0.3333333333333333,E20,5.26,31.19,35,0.422538,85.0459,10.4082,0.0,0,4.7891,0.8038,62.635,0.0,True,25.0,4840,2.2809,1.5
google,500,10,linear,True,False,10.0,0.4,0.3,0.3,0,GA,random,25,0.3333333333333333,E20,5.26,31.19,35,0.426693,84.8989,9.5271,0.0,0,4.8391,0.8097,61.575,0.0,True,25.0,4840,2.3104,1.46
google,500,10,linear,True,False,10.0,0.4,0.3,0.3,0,GA,random,26,0.3333333333333333,E20,5.26,31.19,35,0.423104,85.0259,10.2881,0.0,0,4.7891,0.8136,62.412,0.0,True,24.5,4840,2.3282,1.42
google,500,10,linear,True,False,10.0,0.4,0.3,0.3,0,GA,random,27,0.3333333333333333,E20,5.26,31.19,35,0.427671,84.8643,9.3198,0.0,0,4.8891,0.816,59.986,0.0,True,25.0,4840,2.3903,1.46
google,500,10,linear,True,False,10.0,0.4,0.3,0.3,0,GA,random,28,0.3333333333333333,E20,5.26,31.19,35,0.427125,84.8836,9.4356,0.0,0,4.8391,0.8172,61.281,0.0,True,24.5,4840,2.4228,1.47
google,500,10,linear,True,False,10.0,0.4,0.3,0.3,0,GA,random,29,0.3333333333333333,E20,5.26,31.19,35,0.422817,85.0361,10.349,0.0,0,4.8391,0.8245,60.8,0.0,True,25.0,4840,2.4351,1.42
google,500,10,linear,True,False,10.0,0.4,0.3,0.3,0,GA,random,30,0.3333333333333333,E20,5.26,31.19,35,0.425464,84.9424,9.7878,0.0,0,4.7891,0.8016,62.782,0.0,True,25.0,4840,2.4311,1.45
google,500,10,linear,True,False,10.0,0.4,0.3,0.3,0,WOA,carbon,1,0.3333333333333333,E20,5.26,31.19,35,0.349545,87.6292,25.8851,0.0,0,4.6391,0.7493,51.592,0.0,True,26.0,4840,1.4425,1.02
google,500,10,linear,True,False,10.0,0.4,0.3,0.3,0,WOA,carbon,18,0.3333333333333333,E20,5.26,31.19,35,0.340296,87.9566,27.8462,0.0,0,4.4891,0.7268,58.888,0.0,True,26.0,4840,1.3226,0.96
google,500,10,linear,True,False,10.0,0.4,0.3,0.3,0,WOA,carbon,19,0.3333333333333333,E20,5.26,31.19,35,0.34812,87.6797,26.1872,0.0,0,4.6391,0.7493,50.524,0.0,True,26.0,4840,1.3341,0.97
google,500,10,linear,True,False,10.0,0.4,0.3,0.3,0,WOA,carbon,20,0.3333333333333333,E20,5.26,31.19,35,0.345261,87.7809,26.7934,0.0,0,4.5891,0.7418,53.099,0.0,True,26.0,4840,1.3518,0.97
google,500,10,linear,True,False,10.0,0.4,0.3,0.3,0,WOA,carbon,21,0.3333333333333333,E20,5.26,31.19,35,0.345186,87.7835,26.8093,0.0,0,4.5891,0.7418,52.11,0.0,True,26.0,4840,1.3698,0.93
google,500,10,linear,True,False,10.0,0.4,0.3,0.3,0,WOA,carbon,22,0.3333333333333333,E20,5.26,31.19,35,0.34693,87.7218,26.4394,0.0,0,4.5891,0.7418,53.789,0.0,True,26.0,4840,1.3873,0.95
google,500,10,linear,True,False,10.0,0.4,0.3,0.3,0,WOA,carbon,23,0.3333333333333333,E20,5.26,31.19,35,0.344373,87.8123,26.9816,0.0,0,4.5391,0.7343,58.969,0.0,True,26.0,4840,1.3572,1.01
google,500,10,linear,True,False,10.0,0.4,0.3,0.3,0,WOA,carbon,24,0.3333333333333333,E20,5.26,31.19,35,0.342435,87.8809,27.3927,0.0,0,4.5391,0.7343,56.248,0.0,True,26.0,4840,1.3779,0.98
google,500,10,linear,True,False,10.0,0.4,0.3,0.3,0,WOA,carbon,25,0.3333333333333333,E20,5.26,31.19,35,0.345547,87.7707,26.7327,0.0,0,4.5891,0.7418,55.104,0.0,True,26.0,4840,1.3733,0.99
google,500,20,linear,True,False,10.0,0.4,0.3,0.3,0,WOA,random,9,0.3333333333333333,E20,5.26,31.19,35,0.456683,83.8375,3.1682,0.0,0,5.0891,0.8589,55.254,0.0,True,27.0,4840,1.3796,1.04
google,500,20,linear,True,False,10.0,0.4,0.3,0.3,0,WOA,random,10,0.3333333333333333,E20,5.26,31.19,35,0.440697,84.4033,6.5578,0.0,0,5.1891,0.862,43.373,0.0,True,28.5,4840,1.3555,0.99
google,500,20,linear,True,False,10.0,0.4,0.3,0.3,0,WOA,random,11,0.3333333333333333,E20,5.26,31.19,35,0.437774,84.5067,7.1777,0.0,0,5.1391,0.8545,44.11,0.0,True,28.5,4840,1.3627,0.97
google,500,20,linear,True,False,10.0,0.4,0.3,0.3,0,WOA,random,12,0.3333333333333333,E20,5.26,31.19,35,0.44072,84.4025,6.553,0.0,0,5.1891,0.862,43.373,0.0,True,28.5,4840,1.3598,0.95
google,500,20,linear,True,False,10.0,0.4,0.3,0.3,0,WOA,random,13,0.3333333333333333,E20,5.26,31.19,35,0.437624,84.5121,7.2095,0.0,0,5.1391,0.8539,44.291,0.0,True,28.5,4840,1.3649,1.0
google,500,20,linear,True,False,10.0,0.4,0.3,0.3,0,WOA,random,14,0.3333333333333333,E20,5.26,31.19,35,0.437672,84.5103,7.1992,0.0,0,5.1391,0.8545,44.558,0.0,True,28.5,4840,1.3706,1.0
google,500,20,linear,True,False,10.0,0.4,0.3,0.3,0,WOA,random,15,0.3333333333333333,E20,5.26,31.19,35,0.437792,84.5061,7.1737,0.0,0,5.1391,0.8545,44.014,0.0,True,28.5,4840,1.37,0.99
google,500,20,linear,True,False,10.0,0.4,0.3,0.3,0,WOA,random,16,0.3333333333333333,E20,5.26,31.19,35,0.431755,84.7197,8.4538,0.0,0,4.9891,0.8235,48.913,0.0,True,28.0,4840,1.3841,1.01
google,500,20,linear,True,False,10.0,0.4,0.3,0.3,0,WOA,random,1,0.3333333333333333,E20,5.26,31.19,35,0.451271,84.0291,4.3159,0.0,0,5.0391,0.8477,56.288,0.0,True,24.5,4840,1.4602,1.05
google,500,20,linear,True,False,10.0,0.4,0.3,0.3,0,WOA,random,2,0.3333333333333333,E20,5.26,31.19,35,0.437537,84.5151,7.2278,0.0,0,5.1391,0.8539,44.11,0.0,True,28.5,4840,1.4313,1.03
google,500,20,linear,True,False,10.0,0.4,0.3,0.3,0,WOA,random,3,0.3333333333333333,E20,5.26,31.19,35,0.451881,84.0075,4.1866,0.0,0,5.0391,0.8235,47.209,0.0,True,24.5,4840,1.4629,1.0
google,500,20,linear,True,False,10.0,0.4,0.3,0.3,0,WOA,random,4,0.3333333333333333,E20,5.26,31.19,35,0.437226,84.5261,7.2938,0.0,0,5.1391,0.8533,44.302,0.0,True,28.5,4840,1.4604,1.05
google,500,20,linear,True,False,10.0,0.4,0.3,0.3,0,WOA,random,5,0.3333333333333333,E20,5.26,31.19,35,0.428123,84.8483,9.2239,0.0,0,5.0891,0.8378,46.933,0.0,True,27.5,4840,1.4523,1.11
google,500,20,linear,True,False,10.0,0.4,0.3,0.3,0,WOA,random,6,0.3333333333333333,E20,5.26,31.19,35,0.437691,84.5097,7.1952,0.0,0,5.1391,0.8545,44.046,0.0,True,28.5,4840,1.4356,1.01
google,500,20,linear,True,False,10.0,0.4,0.3,0.3,0,WOA,random,7,0.3333333333333333,E20,5.26,31.19,35,0.437837,84.5045,7.1642,0.0,0,5.1391,0.8545,44.11,0.0,True,28.5,4840,1.4632,0.97
google,500,20,linear,True,False,10.0,0.4,0.3,0.3,0,WOA,random,8,0.3333333333333333,E20,5.26,31.19,35,0.44072,84.4025,6.553,0.0,0,5.1891,0.862,43.373,0.0,True,28.5,4840,1.4721,0.95
google,500,20,linear,True,False,10.0,0.4,0.3,0.3,0,WOA,random,17,0.3333333333333333,E20,5.26,31.19,35,0.437774,84.5067,7.1777,0.0,0,5.1391,0.8545,44.11,0.0,True,28.5,4840,1.3776,0.98
google,500,20,linear,True,False,10.0,0.4,0.3,0.3,0,WOA,random,18,0.3333333333333333,E20,5.26,31.19,35,0.434461,84.624,7.8801,0.0,0,5.0891,0.847,45.392,0.0,True,28.5,4840,1.3715,1.0
google,500,20,linear,True,False,10.0,0.4,0.3,0.3,0,WOA,random,19,0.3333333333333333,E20,5.26,31.19,35,0.433979,84.6411,7.9824,0.0,0,5.1391,0.8545,44.514,0.0,True,27.5,4840,1.3732,1.02
google,500,20,linear,True,False,10.0,0.4,0.3,0.3,0,WOA,random,20,0.3333333333333333,E20,5.26,31.19,35,0.433857,84.6453,8.0081,0.0,0,5.0891,0.8383,46.097,0.0,True,28.5,4840,1.3745,1.01
google,500,20,linear,True,False,10.0,0.4,0.3,0.3,0,WOA,random,21,0.3333333333333333,E20,5.26,31.19,35,0.453045,83.9663,3.9396,0.0,0,5.0391,0.8317,46.939,0.0,True,24.5,4840,1.3726,1.03
google,500,20,linear,True,False,10.0,0.4,0.3,0.3,0,WOA,random,22,0.3333333333333333,E20,5.26,31.19,35,0.437774,84.5067,7.1777,0.0,0,5.1391,0.8545,44.11,0.0,True,28.5,4840,1.3863,0.99
google,500,20,linear,True,False,10.0,0.4,0.3,0.3,0,WOA,random,23,0.3333333333333333,E20,5.26,31.19,35,0.437522,84.5156,7.231,0.0,0,5.1391,0.8533,44.719,0.0,True,28.5,4840,1.3779,1.05
google,500,20,linear,True,False,10.0,0.4,0.3,0.3,0,WOA,random,24,0.3333333333333333,E20,5.26,31.19,35,0.437792,84.5061,7.1737,0.0,0,5.1391,0.8545,44.11,0.0,True,28.5,4840,1.3852,0.97
google,500,20,linear,True,False,10.0,0.4,0.3,0.3,0,WOA,random,25,0.3333333333333333,E20,5.26,31.19,35,0.437512,84.516,7.2331,0.0,0,5.0891,0.8383,46.093,0.0,True,28.5,4840,1.381,1.04
google,500,20,linear,True,False,10.0,0.4,0.3,0.3,0,WOA,random,26,0.3333333333333333,E20,5.26,31.19,35,0.431567,84.7264,8.4936,0.0,0,5.0891,0.847,45.303,0.0,True,28.5,4840,1.3817,0.99
google,500,20,linear,True,False,10.0,0.4,0.3,0.3,0,WOA,random,27,0.3333333333333333,E20,5.26,31.19,35,0.437594,84.5131,7.2159,0.0,0,5.1391,0.8539,44.27,0.0,True,28.5,4840,1.3819,1.01
google,500,20,linear,True,False,10.0,0.4,0.3,0.3,0,WOA,random,28,0.3333333333333333,E20,5.26,31.19,35,0.434846,84.6104,7.7984,0.0,0,5.0891,0.847,45.392,0.0,True,28.5,4840,1.3761,1.0
google,500,20,linear,True,False,10.0,0.4,0.3,0.3,0,WOA,random,29,0.3333333333333333,E20,5.26,31.19,35,0.44072,84.4025,6.553,0.0,0,5.1891,0.862,43.373,0.0,True,28.5,4840,1.3892,0.94
google,500,20,linear,True,False,10.0,0.4,0.3,0.3,0,WOA,random,30,0.3333333333333333,E20,5.26,31.19,35,0.431076,84.7438,8.5978,0.0,0,5.0391,0.8303,46.817,0.0,True,28.5,4840,1.3865,0.99
google,500,20,linear,True,False,10.0,0.4,0.3,0.3,0,GWO,random,1,0.3333333333333333,E20,5.26,31.19,35,0.437854,84.5039,7.1608,0.0,0,4.9391,0.8378,58.932,0.0,True,25.0,4840,1.7659,1.08
google,500,20,linear,True,False,10.0,0.4,0.3,0.3,0,GWO,random,2,0.3333333333333333,E20,5.26,31.19,35,0.445719,84.2255,5.493,0.0,0,4.9391,0.8357,58.94,0.0,True,25.0,4840,1.7764,1.02
google,500,20,linear,True,False,10.0,0.4,0.3,0.3,0,GWO,random,3,0.3333333333333333,E20,5.26,31.19,35,0.433135,84.6709,8.1614,0.0,0,4.8391,0.8125,61.169,0.0,True,25.0,4840,1.7526,1.11
google,500,20,linear,True,False,10.0,0.4,0.3,0.3,0,GWO,random,4,0.3333333333333333,E20,5.26,31.19,35,0.422071,85.0625,10.5071,0.0,0,4.7891,0.8036,62.891,0.0,True,24.5,4840,1.7369,1.13
google,500,20,linear,True,False,10.0,0.4,0.3,0.3,0,GWO,random,5,0.3333333333333333,E20,5.26,31.19,35,0.446017,84.215,5.43,0.0,0,4.9891,0.8436,57.674,0.0,True,25.0,4840,1.7343,1.01
google,500,20,linear,True,False,10.0,0.4,0.3,0.3,0,GWO,random,6,0.3333333333333333,E20,5.26,31.19,35,0.439278,84.4535,6.8587,0.0,0,4.8891,0.8297,60.026,0.0,True,24.5,4840,1.7499,1.11
google,500,20,linear,True,False,10.0,0.4,0.3,0.3,0,GWO,random,7,0.3333333333333333,E20,5.26,31.19,35,0.457699,83.8016,2.9528,0.0,0,5.0391,0.8522,57.02,0.0,True,25.5,4840,1.7537,0.96
google,500,20,linear,True,False,10.0,0.4,0.3,0.3,0,GWO,random,8,0.3333333333333333,E20,5.26,31.19,35,0.437094,84.5308,7.3219,0.0,0,4.9391,0.8381,59.258,0.0,True,25.0,4840,1.7611,1.12
google,500,20,linear,True,False,10.0,0.4,0.3,0.3,0,GWO,random,9,0.3333333333333333,E20,5.26,31.19,35,0.435961,84.5709,7.562,0.0,0,4.9391,0.8342,58.662,0.0,True,25.0,4840,1.7739,1.09
google,500,20,linear,True,False,10.0,0.4,0.3,0.3,0,GWO,random,10,0.3333333333333333,E20,5.26,31.19,35,0.44193,84.3597,6.2965,0.0,0,4.9391,0.8305,58.791,0.0,True,24.5,4840,1.7711,1.17
google,500,20,linear,True,False,10.0,0.4,0.3,0.3,0,GWO,random,11,0.3333333333333333,E20,5.26,31.19,35,0.443358,84.3091,5.9936,0.0,0,4.9891,0.8458,58.207,0.0,True,24.5,4840,1.7537,1.05
google,500,20,linear,True,False,10.0,0.4,0.3,0.3,0,GWO,random,12,0.3333333333333333,E20,5.26,31.19,35,0.44976,84.0825,4.6363,0.0,0,5.0391,0.852,57.062,0.0,True,25.5,4840,1.7412,0.99
google,500,20,linear,True,False,10.0,0.4,0.3,0.3,0,GWO,random,13,0.3333333333333333,E20,5.26,31.19,35,0.447628,84.158,5.0883,0.0,0,4.9891,0.8413,57.711,0.0,True,24.5,4840,1.7377,1.03
google,500,20,linear,True,False,10.0,0.4,0.3,0.3,0,GWO,random,14,0.3333333333333333,E20,5.26,31.19,35,0.435733,84.579,7.6105,0.0,0,4.8891,0.8292,59.803,0.0,True,24.5,4840,1.7534,1.14
google,500,20,linear,True,False,10.0,0.4,0.3,0.3,0,GWO,random,15,0.3333333333333333,E20,5.26,31.19,35,0.448385,84.1312,4.9279,0.0,0,4.9891,0.8387,57.603,0.0,True,25.0,4840,1.7635,1.0
google,500,20,linear,True,False,10.0,0.4,0.3,0.3,0,GWO,random,16,0.3333333333333333,E20,5.26,31.19,35,0.446011,84.2152,5.4312,0.0,0,5.0391,0.8434,56.831,0.0,True,25.5,4840,1.7597,0.99
google,500,20,linear,True,False,10.0,0.4,0.3,0.3,0,GWO,random,17,0.3333333333333333,E20,5.26,31.19,35,0.441637,84.37,6.3585,0.0,0,4.9391,0.8269,58.381,0.0,True,25.0,4840,1.7869,1.07
google,500,20,linear,True,False,10.0,0.4,0.3,0.3,0,GWO,random,18,0.3333333333333333,E20,5.26,31.19,35,0.444202,84.2792,5.8146,0.0,0,4.9391,0.8372,59.364,0.0,True,24.5,4840,1.7785,1.04
google,500,20,linear,True,False,10.0,0.4,0.3,0.3,0,GWO,random,19,0.3333333333333333,E20,5.26,31.19,35,0.447065,84.1779,5.2077,0.0,0,4.9891,0.8413,58.623,0.0,True,25.0,4840,1.7658,1.01
google,500,20,linear,True,False,10.0,0.4,0.3,0.3,0,GWO,random,20,0.3333333333333333,E20,5.26,31.19,35,0.429278,84.8074,8.9791,0.0,0,4.8391,0.8183,60.471,0.0,True,25.0,4840,1.7498,1.21
google,500,20,linear,True,False,10.0,0.4,0.3,0.3,0,GWO,random,21,0.3333333333333333,E20,5.26,31.19,35,0.447353,84.1677,5.1466,0.0,0,5.0391,0.85,57.042,0.0,True,25.0,4840,1.743,0.99
google,500,20,linear,True,False,10.0,0.4,0.3,0.3,0,GWO,random,22,0.3333333333333333,E20,5.26,31.19,35,0.429894,84.7856,8.8486,0.0,0,4.8391,0.8153,61.438,0.0,True,24.5,4840,1.7635,1.12
google,500,20,linear,True,False,10.0,0.4,0.3,0.3,0,GWO,random,23,0.3333333333333333,E20,5.26,31.19,35,0.448045,84.1432,4.9999,0.0,0,5.0391,0.8511,57.213,0.0,True,25.5,4840,1.772,1.01
google,500,20,linear,True,False,10.0,0.4,0.3,0.3,0,GWO,random,24,0.3333333333333333,E20,5.26,31.19,35,0.437114,84.5301,7.3177,0.0,0,4.8891,0.8188,60.622,0.0,True,24.5,4840,1.768,1.07
google,500,20,linear,True,False,10.0,0.4,0.3,0.3,0,GWO,random,25,0.3333333333333333,E20,5.26,31.19,35,0.449608,84.0879,4.6685,0.0,0,5.0391,0.8477,56.525,0.0,True,25.0,4840,1.7739,1.01
google,500,20,linear,True,False,10.0,0.4,0.3,0.3,0,GWO,random,26,0.3333333333333333,E20,5.26,31.19,35,0.434682,84.6162,7.8333,0.0,0,4.8391,0.8172,61.907,0.0,True,24.5,4840,1.7865,1.14
google,500,20,linear,True,False,10.0,0.4,0.3,0.3,0,PSO,random,5,0.3333333333333333,E20,5.26,31.19,35,0.448151,84.1395,4.9774,0.0,0,4.9891,0.8484,56.93,0.0,True,24.5,4840,1.438,1.76
google,500,20,linear,True,False,10.0,0.4,0.3,0.3,0,PSO,random,6,0.3333333333333333,E20,5.26,31.19,35,0.450229,84.0659,4.5367,0.0,0,5.0391,0.8526,55.92,0.0,True,25.0,4840,1.4361,1.6
google,500,20,linear,True,False,10.0,0.4,0.3,0.3,0,PSO,random,7,0.3333333333333333,E20,5.26,31.19,35,0.455233,83.8888,3.4757,0.0,0,5.0891,0.8606,55.111,0.0,True,25.5,4840,1.4517,1.62
google,500,20,linear,True,False,10.0,0.4,0.3,0.3,0,PSO,random,8,0.3333333333333333,E20,5.26,31.19,35,0.451616,84.0168,4.2426,0.0,0,5.0391,0.8509,55.806,0.0,True,25.0,4840,1.4576,1.6
google,500,20,linear,True,False,10.0,0.4,0.3,0.3,0,PSO,random,9,0.3333333333333333,E20,5.26,31.19,35,0.452782,83.9756,3.9954,0.0,0,5.0391,0.8554,56.747,0.0,True,27.0,4840,1.4482,1.53
google,500,20,linear,True,False,10.0,0.4,0.3,0.3,0,PSO,random,10,0.3333333333333333,E20,5.26,31.19,35,0.453497,83.9503,3.8439,0.0,0,5.0891,0.8592,55.754,0.0,True,26.0,4840,1.4535,1.58
google,500,20,linear,True,False,10.0,0.4,0.3,0.3,0,PSO,random,11,0.3333333333333333,E20,5.26,31.19,35,0.445808,84.2224,5.4742,0.0,0,4.9891,0.8355,57.706,0.0,True,25.0,4840,1.4684,1.64
google,500,20,linear,True,False,10.0,0.4,0.3,0.3,0,PSO,random,12,0.3333333333333333,E20,5.26,31.19,35,0.448643,84.1221,4.873,0.0,0,5.0391,0.8531,56.072,0.0,True,25.0,4840,1.4749,1.72
google,500,20,linear,True,False,10.0,0.4,0.3,0.3,0,PSO,random,13,0.3333333333333333,E20,5.26,31.19,35,0.451461,84.0223,4.2755,0.0,0,5.0391,0.8494,55.609,0.0,True,25.0,4840,1.4232,1.61
google,500,20,linear,True,False,10.0,0.4,0.3,0.3,0,PSO,random,14,0.3333333333333333,E20,5.26,31.19,35,0.455773,83.8697,3.3612,0.0,0,5.0891,0.8612,55.207,0.0,True,25.0,4840,1.4215,1.56
google,500,20,linear,True,False,10.0,0.4,0.3,0.3,0,PSO,random,15,0.3333333333333333,E20,5.26,31.19,35,0.449147,84.1042,4.7661,0.0,0,4.9891,0.8462,57.809,0.0,True,26.0,4840,1.4384,1.58
google,500,20,linear,True,False,10.0,0.4,0.3,0.3,0,PSO,random,16,0.3333333333333333,E20,5.26,31.19,35,0.44797,84.1459,5.0158,0.0,0,4.9891,0.8468,57.727,0.0,True,25.0,4840,1.4404,1.55
google,500,20,linear,True,False,10.0,0.4,0.3,0.3,0,PSO,random,17,0.3333333333333333,E20,5.26,31.19,35,0.449497,84.0918,4.692,0.0,0,5.0391,0.8533,55.624,0.0,True,25.0,4840,1.4393,1.64
google,500,20,linear,True,False,10.0,0.4,0.3,0.3,0,PSO,random,18,0.3333333333333333,E20,5.26,31.19,35,0.451129,84.0341,4.346,0.0,0,4.9891,0.8451,57.464,0.0,True,27.0,4840,1.4468,1.7
google,500,20,linear,True,False,10.0,0.4,0.3,0.3,0,PSO,random,19,0.3333333333333333,E20,5.26,31.19,35,0.444129,84.2818,5.8301,0.0,0,4.9891,0.8398,57.327,0.0,True,25.0,4840,1.4458,1.65
google,500,20,linear,True,False,10.0,0.4,0.3,0.3,0,PSO,random,20,0.3333333333333333,E20,5.26,31.19,35,0.452594,83.9822,4.0354,0.0,0,5.0391,0.85,55.863,0.0,True,25.5,4840,1.4547,1.71
google,500,20,linear,True,False,10.0,0.4,0.3,0.3,0,PSO,random,29,0.3333333333333333,E20,5.26,31.19,35,0.448896,84.1131,4.8194,0.0,0,5.0391,0.8543,55.882,0.0,True,26.0,4840,1.4273,1.59
google,500,20,linear,True,False,10.0,0.4,0.3,0.3,0,PSO,random,30,0.3333333333333333,E20,5.26,31.19,35,0.447886,84.1488,5.0335,0.0,0,4.9891,0.8455,57.38,0.0,True,25.0,4840,1.4361,1.61
google,500,20,linear,True,False,10.0,0.4,0.3,0.3,0,DE,random,1,0.3333333333333333,E20,5.26,31.19,35,0.450024,84.0732,4.5803,0.0,0,5.0391,0.8466,56.994,0.0,True,25.0,4840,1.4024,1.25
google,500,20,linear,True,False,10.0,0.4,0.3,0.3,0,DE,random,2,0.3333333333333333,E20,5.26,31.19,35,0.441882,84.3613,6.3066,0.0,0,4.9391,0.8353,58.686,0.0,True,25.0,4840,1.3989,1.13
google,500,20,linear,True,False,10.0,0.4,0.3,0.3,0,DE,random,3,0.3333333333333333,E20,5.26,31.19,35,0.440911,84.3957,6.5124,0.0,0,4.9391,0.8333,58.83,0.0,True,25.5,4840,1.4058,1.27
google,500,20,linear,True,False,10.0,0.4,0.3,0.3,0,DE,random,4,0.3333333333333333,E20,5.26,31.19,35,0.439338,84.4514,6.846,0.0,0,4.9391,0.8275,58.929,0.0,True,25.5,4840,1.4099,1.16
google,500,20,linear,True,False,10.0,0.4,0.3,0.3,0,DE,random,5,0.3333333333333333,E20,5.26,31.19,35,0.443555,84.3022,5.952,0.0,0,4.9891,0.8425,57.449,0.0,True,25.0,4840,1.4073,1.21
google,500,20,linear,True,False,10.0,0.4,0.3,0.3,0,DE,random,6,0.3333333333333333,E20,5.26,31.19,35,0.440966,84.3938,6.5009,0.0,0,4.9391,0.8344,58.818,0.0,True,25.0,4840,1.4182,1.35
google,500,20,linear,True,False,10.0,0.4,0.3,0.3,0,GWO,random,27,0.3333333333333333,E20,5.26,31.19,35,0.450796,84.0459,4.4167,0.0,0,5.0891,0.8614,55.971,0.0,True,26.5,4840,1.8401,0.96
google,500,20,linear,True,False,10.0,0.4,0.3,0.3,0,GWO,random,28,0.3333333333333333,E20,5.26,31.19,35,0.449008,84.1091,4.7957,0.0,0,4.9891,0.8327,58.388,0.0,True,25.5,4840,1.8181,0.98
google,500,20,linear,True,False,10.0,0.4,0.3,0.3,0,GWO,random,29,0.3333333333333333,E20,5.26,31.19,35,0.440739,84.4018,6.5489,0.0,0,4.9891,0.8451,57.523,0.0,True,25.0,4840,1.8328,1.06
google,500,20,linear,True,False,10.0,0.4,0.3,0.3,0,GWO,random,30,0.3333333333333333,E20,5.26,31.19,35,0.448026,84.1439,5.0039,0.0,0,4.9891,0.8445,57.855,0.0,True,25.0,4840,1.864,0.97
google,500,20,linear,True,False,10.0,0.4,0.3,0.3,0,PSO,random,1,0.3333333333333333,E20,5.26,31.19,35,0.451764,84.0116,4.2114,0.0,0,5.0391,0.8543,55.94,0.0,True,25.0,4840,1.5085,1.73
google,500,20,linear,True,False,10.0,0.4,0.3,0.3,0,PSO,random,2,0.3333333333333333,E20,5.26,31.19,35,0.452883,83.972,3.9741,0.0,0,5.0391,0.8543,56.662,0.0,True,24.5,4840,1.5316,1.62
google,500,20,linear,True,False,10.0,0.4,0.3,0.3,0,PSO,random,3,0.3333333333333333,E20,5.26,31.19,35,0.442933,84.3241,6.0838,0.0,0,4.9891,0.847,57.253,0.0,True,25.0,4840,1.5179,1.64
google,500,20,linear,True,False,10.0,0.4,0.3,0.3,0,PSO,random,4,0.3333333333333333,E20,5.26,31.19,35,0.452578,83.9828,4.0388,0.0,0,5.0391,0.8514,56.575,0.0,True,25.0,4840,1.5237,1.59
google,500,20,linear,True,False,10.0,0.4,0.3,0.3,0,PSO,random,21,0.3333333333333333,E20,5.26,31.19,35,0.457918,83.7938,2.9066,0.0,0,5.0891,0.8586,54.666,0.0,True,27.5,4840,1.4919,1.62
google,500,20,linear,True,False,10.0,0.4,0.3,0.3,0,PSO,random,22,0.3333333333333333,E20,5.26,31.19,35,0.452263,83.9939,4.1054,0.0,0,5.0891,0.858,54.963,0.0,True,25.5,4840,1.5099,1.61
google,500,20,linear,True,False,10.0,0.4,0.3,0.3,0,PSO,random,23,0.3333333333333333,E20,5.26,31.19,35,0.459971,83.7212,2.4712,0.0,0,5.0891,0.8634,55.821,0.0,True,26.0,4840,1.506,1.52
google,500,20,linear,True,False,10.0,0.4,0.3,0.3,0,PSO,random,24,0.3333333333333333,E20,5.26,31.19,35,0.451741,84.0124,4.2162,0.0,0,5.0391,0.8526,56.617,0.0,True,25.0,4840,1.5054,1.59
google,500,20,linear,True,False,10.0,0.4,0.3,0.3,0,PSO,random,25,0.3333333333333333,E20,5.26,31.19,35,0.450969,84.0397,4.3799,0.0,0,5.0391,0.8488,56.471,0.0,True,25.0,4840,1.5181,1.63
google,500,20,linear,True,False,10.0,0.4,0.3,0.3,0,PSO,random,26,0.3333333333333333,E20,5.26,31.19,35,0.452308,83.9924,4.096,0.0,0,5.0391,0.8517,56.232,0.0,True,24.5,4840,1.5252,1.58
google,500,20,linear,True,False,10.0,0.4,0.3,0.3,0,PSO,random,27,0.3333333333333333,E20,5.26,31.19,35,0.451069,84.0362,4.3586,0.0,0,5.0391,0.8492,56.156,0.0,True,26.0,4840,1.5188,1.65
google,500,20,linear,True,False,10.0,0.4,0.3,0.3,0,PSO,random,28,0.3333333333333333,E20,5.26,31.19,35,0.450839,84.0443,4.4074,0.0,0,5.0391,0.8533,56.722,0.0,True,25.5,4840,1.5102,1.59
google,500,20,linear,True,False,10.0,0.4,0.3,0.3,0,DE,random,7,0.3333333333333333,E20,5.26,31.19,35,0.429275,84.8075,8.9796,0.0,0,4.8391,0.8196,61.644,0.0,True,25.5,4840,1.4103,1.25
google,500,20,linear,True,False,10.0,0.4,0.3,0.3,0,DE,random,8,0.3333333333333333,E20,5.26,31.19,35,0.437137,84.5293,7.3127,0.0,0,4.8891,0.825,60.301,0.0,True,25.5,4840,1.4083,1.26
google,500,20,linear,True,False,10.0,0.4,0.3,0.3,0,DE,random,9,0.3333333333333333,E20,5.26,31.19,35,0.443886,84.2904,5.8816,0.0,0,4.9891,0.843,57.473,0.0,True,26.5,4840,1.46,1.25
google,500,20,linear,True,False,10.0,0.4,0.3,0.3,0,DE,random,10,0.3333333333333333,E20,5.26,31.19,35,0.438299,84.4882,7.0664,0.0,0,4.9391,0.823,59.127,0.0,True,25.0,4840,1.4209,1.23
google,500,20,linear,True,False,10.0,0.4,0.3,0.3,0,DE,random,11,0.3333333333333333,E20,5.26,31.19,35,0.441869,84.3618,6.3093,0.0,0,4.9391,0.837,58.769,0.0,True,25.0,4840,1.4231,1.38
google,500,20,linear,True,False,10.0,0.4,0.3,0.3,0,DE,random,12,0.3333333333333333,E20,5.26,31.19,35,0.43721,84.5267,7.2972,0.0,0,4.8891,0.8284,60.451,0.0,True,25.0,4840,1.4339,1.25
google,500,20,linear,True,False,10.0,0.4,0.3,0.3,0,DE,random,13,0.3333333333333333,E20,5.26,31.19,35,0.439295,84.4529,6.8551,0.0,0,4.9391,0.8338,58.309,0.0,True,25.5,4840,1.4896,1.09
google,500,20,linear,True,False,10.0,0.4,0.3,0.3,0,DE,random,14,0.3333333333333333,E20,5.26,31.19,35,0.438161,84.493,7.0957,0.0,0,4.9391,0.8241,58.98,0.0,True,25.0,4840,1.4534,1.33
google,500,20,linear,True,False,10.0,0.4,0.3,0.3,0,DE,random,15,0.3333333333333333,E20,5.26,31.19,35,0.445926,84.2182,5.4491,0.0,0,4.9891,0.8462,57.477,0.0,True,25.5,4840,1.4922,1.18
google,500,20,linear,True,False,10.0,0.4,0.3,0.3,0,DE,random,16,0.3333333333333333,E20,5.26,31.19,35,0.433044,84.6741,8.1806,0.0,0,4.8891,0.8177,60.004,0.0,True,24.5,4840,1.4913,1.28
google,500,20,linear,True,False,10.0,0.4,0.3,0.3,0,DE,random,17,0.3333333333333333,E20,5.26,31.19,35,0.449733,84.0835,4.6419,0.0,0,4.9891,0.8416,57.548,0.0,True,25.0,4840,1.5132,1.35
google,500,20,linear,True,False,10.0,0.4,0.3,0.3,0,DE,random,18,0.3333333333333333,E20,5.26,31.19,35,0.437868,84.5034,7.1576,0.0,0,4.9391,0.8263,58.955,0.0,True,25.0,4840,1.5003,1.35
google,500,20,linear,True,False,10.0,0.4,0.3,0.3,0,DE,random,19,0.3333333333333333,E20,5.26,31.19,35,0.43395,84.6421,7.9885,0.0,0,4.8891,0.8214,59.929,0.0,True,24.5,4840,1.4961,1.4
google,500,20,linear,True,False,10.0,0.4,0.3,0.3,0,DE,random,20,0.3333333333333333,E20,5.26,31.19,35,0.433023,84.6749,8.185,0.0,0,4.8891,0.8263,60.331,0.0,True,25.0,4840,1.5247,1.36
google,500,20,linear,True,False,10.0,0.4,0.3,0.3,0,DE,random,21,0.3333333333333333,E20,5.26,31.19,35,0.449674,84.0856,4.6544,0.0,0,5.0391,0.8469,55.913,0.0,True,25.0,4840,1.5782,1.33
google,500,20,linear,True,False,10.0,0.4,0.3,0.3,0,DE,random,22,0.3333333333333333,E20,5.26,31.19,35,0.436787,84.5417,7.3869,0.0,0,4.8891,0.821,60.456,0.0,True,25.0,4840,1.5361,1.07
google,500,20,linear,True,False,10.0,0.4,0.3,0.3,0,DE,random,23,0.3333333333333333,E20,5.26,31.19,35,0.428883,84.8214,9.0629,0.0,0,4.8891,0.8226,59.881,0.0,True,25.0,4840,1.4175,1.35
google,500,20,linear,True,False,10.0,0.4,0.3,0.3,0,DE,random,24,0.3333333333333333,E20,5.26,31.19,35,0.438867,84.4681,6.9459,0.0,0,4.8891,0.8227,60.084,0.0,True,24.5,4840,1.4148,1.09
google,500,20,linear,True,False,10.0,0.4,0.3,0.3,0,DE,random,25,0.3333333333333333,E20,5.26,31.19,35,0.431868,84.7157,8.4299,0.0,0,4.8891,0.8139,59.657,0.0,True,25.0,4840,1.4196,1.38
google,500,20,linear,True,False,10.0,0.4,0.3,0.3,0,DE,random,26,0.3333333333333333,E20,5.26,31.19,35,0.430969,84.7476,8.6204,0.0,0,4.8391,0.813,61.012,0.0,True,25.5,4840,1.4196,1.29
google,500,20,linear,True,False,10.0,0.4,0.3,0.3,0,DE,random,27,0.3333333333333333,E20,5.26,31.19,35,0.430411,84.7673,8.7388,0.0,0,4.8391,0.8087,61.826,0.0,True,25.5,4840,1.4688,1.39
google,500,20,linear,True,False,10.0,0.4,0.3,0.3,0,DE,random,28,0.3333333333333333,E20,5.26,31.19,35,0.439942,84.43,6.7181,0.0,0,4.9391,0.8338,58.902,0.0,True,25.5,4840,1.4615,1.12
google,500,20,linear,True,False,10.0,0.4,0.3,0.3,0,DE,random,29,0.3333333333333333,E20,5.26,31.19,35,0.443179,84.3154,6.0316,0.0,0,4.9391,0.8333,59.362,0.0,True,25.0,4840,1.4569,1.29
google,500,20,linear,True,False,10.0,0.4,0.3,0.3,0,DE,random,30,0.3333333333333333,E20,5.26,31.19,35,0.43303,84.6746,8.1835,0.0,0,4.8891,0.8329,59.182,0.0,True,25.0,4840,1.4339,1.23
google,500,20,linear,True,False,10.0,0.4,0.3,0.3,0,WOA,carbon,5,0.3333333333333333,E20,5.26,31.19,35,0.345459,87.7739,26.7515,0.0,0,4.5891,0.7418,53.777,0.0,True,26.0,4840,1.5278,1.04
google,500,20,linear,True,False,10.0,0.4,0.3,0.3,0,WOA,carbon,6,0.3333333333333333,E20,5.26,31.19,35,0.345212,87.7826,26.8037,0.0,0,4.5891,0.7418,52.769,0.0,True,26.0,4840,1.5535,0.98
google,500,20,linear,True,False,10.0,0.4,0.3,0.3,0,WOA,carbon,7,0.3333333333333333,E20,5.26,31.19,35,0.344802,87.7971,26.8907,0.0,0,4.5891,0.7418,53.535,0.0,True,26.0,4840,1.5333,1.02
google,500,20,linear,True,False,10.0,0.4,0.3,0.3,0,WOA,carbon,8,0.3333333333333333,E20,5.26,31.19,35,0.345186,87.7835,26.8093,0.0,0,4.5891,0.7418,52.254,0.0,True,26.0,4840,1.5014,0.95
google,500,20,linear,True,False,10.0,0.4,0.3,0.3,0,WOA,carbon,9,0.3333333333333333,E20,5.26,31.19,35,0.348129,87.6794,26.1854,0.0,0,4.6391,0.7493,51.187,0.0,True,26.0,4840,1.5193,0.96
google,500,20,linear,True,False,10.0,0.4,0.3,0.3,0,WOA,carbon,10,0.3333333333333333,E20,5.26,31.19,35,0.344917,87.793,26.8663,0.0,0,4.5891,0.7418,54.434,0.0,True,26.0,4840,1.53,0.98
google,500,20,linear,True,False,10.0,0.4,0.3,0.3,0,WOA,carbon,11,0.3333333333333333,E20,5.26,31.19,35,0.342245,87.8876,27.4329,0.0,0,4.5391,0.7343,55.875,0.0,True,26.0,4840,1.5252,0.97
google,500,20,linear,True,False,10.0,0.4,0.3,0.3,0,WOA,carbon,12,0.3333333333333333,E20,5.26,31.19,35,0.345333,87.7783,26.7781,0.0,0,4.5891,0.7418,52.858,0.0,True,26.0,4840,1.5155,1.02
google,500,20,linear,True,False,10.0,0.4,0.3,0.3,0,HHO,random,1,0.3333333333333333,E20,5.26,31.19,35,0.44945,84.0935,4.7021,0.0,0,4.9891,0.816,47.713,0.0,True,24.5,8844,2.3103,0.87
google,500,20,linear,True,False,10.0,0.4,0.3,0.3,0,HHO,random,2,0.3333333333333333,E20,5.26,31.19,35,0.457757,83.7995,2.9406,0.0,0,5.0891,0.8392,47.089,0.0,True,24.5,8886,2.3188,0.92
google,500,20,linear,True,False,10.0,0.4,0.3,0.3,0,HHO,random,3,0.3333333333333333,E20,5.26,31.19,35,0.445994,84.2158,5.4348,0.0,0,4.9391,0.8242,50.649,0.0,True,24.5,8808,2.3838,1.12
google,500,20,linear,True,False,10.0,0.4,0.3,0.3,0,HHO,random,4,0.3333333333333333,E20,5.26,31.19,35,0.455712,83.8719,3.3743,0.0,0,5.1891,0.8798,50.608,0.0,True,26.5,8868,2.3494,1.02
google,500,20,linear,True,False,10.0,0.4,0.3,0.3,0,HHO,random,5,0.3333333333333333,E20,5.26,31.19,35,0.432167,84.7052,8.3666,0.0,0,5.0391,0.835,48.79,0.0,True,28.5,8824,2.3228,0.89
google,500,20,linear,True,False,10.0,0.4,0.3,0.3,0,HHO,random,6,0.3333333333333333,E20,5.26,31.19,35,0.444649,84.2634,5.72,0.0,0,4.9391,0.8242,50.484,0.0,True,25.0,8858,2.3647,0.97
google,500,20,linear,True,False,10.0,0.4,0.3,0.3,0,HHO,random,7,0.3333333333333333,E20,5.26,31.19,35,0.444773,84.259,5.6935,0.0,0,4.9391,0.8242,49.776,0.0,True,24.5,8830,2.3509,1.08
google,500,20,linear,True,False,10.0,0.4,0.3,0.3,0,HHO,random,8,0.3333333333333333,E20,5.26,31.19,35,0.447088,84.1771,5.2028,0.0,0,4.9391,0.8242,51.46,0.0,True,25.0,8938,2.3878,1.17
google,500,20,linear,True,False,10.0,0.4,0.3,0.3,0,WOA,carbon,13,0.3333333333333333,E20,5.26,31.19,35,0.345786,87.7623,26.6821,0.0,0,4.5891,0.7418,54.402,0.0,True,26.0,4840,1.4323,1.05
google,500,20,linear,True,False,10.0,0.4,0.3,0.3,0,WOA,carbon,14,0.3333333333333333,E20,5.26,31.19,35,0.342076,87.8936,27.4688,0.0,0,4.5391,0.7343,56.267,0.0,True,26.0,4840,1.4107,1.04
google,500,20,linear,True,False,10.0,0.4,0.3,0.3,0,WOA,carbon,15,0.3333333333333333,E20,5.26,31.19,35,0.342235,87.888,27.435,0.0,0,4.5391,0.7343,56.263,0.0,True,26.0,4840,1.4494,0.98
google,500,20,linear,True,False,10.0,0.4,0.3,0.3,0,WOA,carbon,16,0.3333333333333333,E20,5.26,31.19,35,0.345212,87.7826,26.8037,0.0,0,4.5891,0.7418,52.769,0.0,True,26.0,4840,1.4489,0.97
google,500,20,linear,True,False,10.0,0.4,0.3,0.3,0,WOA,carbon,17,0.3333333333333333,E20,5.26,31.19,35,0.34522,87.7823,26.8021,0.0,0,4.5891,0.7418,52.77,0.0,True,26.0,4840,1.4432,1.03
google,500,20,linear,True,False,10.0,0.4,0.3,0.3,0,WOA,carbon,18,0.3333333333333333,E20,5.26,31.19,35,0.340296,87.9566,27.8462,0.0,0,4.4891,0.7268,58.888,0.0,True,26.0,4840,1.4277,0.98
google,500,20,linear,True,False,10.0,0.4,0.3,0.3,0,WOA,carbon,19,0.3333333333333333,E20,5.26,31.19,35,0.34812,87.6797,26.1872,0.0,0,4.6391,0.7493,50.524,0.0,True,26.0,4840,1.4571,0.99
google,500,20,linear,True,False,10.0,0.4,0.3,0.3,0,WOA,carbon,20,0.3333333333333333,E20,5.26,31.19,35,0.345261,87.7809,26.7934,0.0,0,4.5891,0.7418,53.099,0.0,True,26.0,4840,1.416,0.99
google,500,20,linear,True,False,10.0,0.4,0.3,0.3,0,GA,random,27,0.3333333333333333,E20,5.26,31.19,35,0.427671,84.8643,9.3198,0.0,0,4.8891,0.816,59.986,0.0,True,25.0,4840,2.5325,1.46
google,500,20,linear,True,False,10.0,0.4,0.3,0.3,0,GA,random,28,0.3333333333333333,E20,5.26,31.19,35,0.427125,84.8836,9.4356,0.0,0,4.8391,0.8172,61.281,0.0,True,24.5,4840,2.61,1.47
google,500,20,linear,True,False,10.0,0.4,0.3,0.3,0,GA,random,29,0.3333333333333333,E20,5.26,31.19,35,0.422817,85.0361,10.349,0.0,0,4.8391,0.8245,60.8,0.0,True,25.0,4840,2.5398,1.42
google,500,20,linear,True,False,10.0,0.4,0.3,0.3,0,GA,random,30,0.3333333333333333,E20,5.26,31.19,35,0.425464,84.9424,9.7878,0.0,0,4.7891,0.8016,62.782,0.0,True,25.0,4840,2.6073,1.45
google,500,20,linear,True,False,10.0,0.4,0.3,0.3,0,WOA,carbon,1,0.3333333333333333,E20,5.26,31.19,35,0.349545,87.6292,25.8851,0.0,0,4.6391,0.7493,51.592,0.0,True,26.0,4840,1.5125,1.02
google,500,20,linear,True,False,10.0,0.4,0.3,0.3,0,WOA,carbon,2,0.3333333333333333,E20,5.26,31.19,35,0.342044,87.8947,27.4756,0.0,0,4.5391,0.7343,54.958,0.0,True,26.0,4840,1.5064,0.95
google,500,20,linear,True,False,10.0,0.4,0.3,0.3,0,WOA,carbon,3,0.3333333333333333,E20,5.26,31.19,35,0.341864,87.9011,27.5138,0.0,0,4.5391,0.7343,54.455,0.0,True,26.0,4840,1.5308,0.99
google,500,20,linear,True,False,10.0,0.4,0.3,0.3,0,WOA,carbon,4,0.3333333333333333,E20,5.26,31.19,35,0.34556,87.7703,26.73,0.0,0,4.5891,0.7418,53.95,0.0,True,26.0,4840,1.51,0.98
google,500,20,linear,True,False,10.0,0.4,0.3,0.3,0,WOA,carbon,29,0.3333333333333333,E20,5.26,31.19,35,0.345257,87.781,26.7942,0.0,0,4.5891,0.7418,53.759,0.0,True,26.0,4840,1.4407,1.0
google,500,20,linear,True,False,10.0,0.4,0.3,0.3,0,WOA,carbon,30,0.3333333333333333,E20,5.26,31.19,35,0.347077,87.7166,26.4084,0.0,0,4.5891,0.7418,52.962,0.0,True,26.0,4840,1.428,0.99
google,1000,10,linear,True,False,10.0,0.4,0.3,0.3,0,FIFO,-,0,0.3333333333333333,E20,10.62,62.6,36,5.695252,0.0,-571.0542,0.0,0,63.4948,10.3629,5.328,0.9909,False,24.5,0,0.0,0.0
google,1000,10,linear,True,False,10.0,0.4,0.3,0.3,0,Consolidation,-,0,0.3333333333333333,E20,10.62,62.6,36,0.848702,85.0981,0.0,0.0,0,9.3448,1.5354,47.572,0.9909,False,24.5,0,0.0,0.0
google,1000,10,linear,True,False,10.0,0.4,0.3,0.3,0,Greedy(EDF+greenest),-,0,0.3333333333333333,E20,10.62,62.6,36,0.65416,88.5139,22.9223,0.0,0,8.6948,1.4,57.308,7.1411,False,26.0,0,0.0001,0.0
google,1000,10,linear,True,False,10.0,0.4,0.3,0.3,0,WOA,random,1,0.3333333333333333,E20,10.62,62.6,36,0.772131,86.4426,9.0222,0.0,0,8.7948,1.449,72.84,0.0,True,27.0,4840,2.2596,1.71
google,1000,10,linear,True,False,10.0,0.4,0.3,0.3,0,WOA,random,2,0.3333333333333333,E20,10.62,62.6,36,0.752534,86.7866,11.3312,0.0,0,8.6948,1.4326,72.933,0.0,True,27.0,4840,2.2462,1.73
google,1000,10,linear,True,False,10.0,0.4,0.3,0.3,0,WOA,random,3,0.3333333333333333,E20,10.62,62.6,36,0.773165,86.4244,8.9003,0.0,0,8.7448,1.4399,73.507,0.0,True,27.5,4840,2.2119,1.84
google,500,20,linear,True,False,10.0,0.4,0.3,0.3,0,WOA,carbon,21,0.3333333333333333,E20,5.26,31.19,35,0.345186,87.7835,26.8093,0.0,0,4.5891,0.7418,52.11,0.0,True,26.0,4840,1.509,0.93
google,500,20,linear,True,False,10.0,0.4,0.3,0.3,0,WOA,carbon,22,0.3333333333333333,E20,5.26,31.19,35,0.34693,87.7218,26.4394,0.0,0,4.5891,0.7418,53.789,0.0,True,26.0,4840,1.5204,0.94
google,500,20,linear,True,False,10.0,0.4,0.3,0.3,0,WOA,carbon,23,0.3333333333333333,E20,5.26,31.19,35,0.344373,87.8123,26.9816,0.0,0,4.5391,0.7343,58.969,0.0,True,26.0,4840,1.5183,0.99
google,500,20,linear,True,False,10.0,0.4,0.3,0.3,0,WOA,carbon,24,0.3333333333333333,E20,5.26,31.19,35,0.342435,87.8809,27.3927,0.0,0,4.5391,0.7343,56.248,0.0,True,26.0,4840,1.5514,0.96
google,500,20,linear,True,False,10.0,0.4,0.3,0.3,0,WOA,carbon,25,0.3333333333333333,E20,5.26,31.19,35,0.345547,87.7707,26.7327,0.0,0,4.5891,0.7418,55.104,0.0,True,26.0,4840,1.5145,0.96
google,500,20,linear,True,False,10.0,0.4,0.3,0.3,0,WOA,carbon,26,0.3333333333333333,E20,5.26,31.19,35,0.345242,87.7815,26.7974,0.0,0,4.5891,0.7418,52.921,0.0,True,26.0,4840,1.5495,1.03
google,500,20,linear,True,False,10.0,0.4,0.3,0.3,0,WOA,carbon,27,0.3333333333333333,E20,5.26,31.19,35,0.34585,87.76,26.6685,0.0,0,4.5891,0.7418,54.105,0.0,True,26.0,4840,1.4982,0.99
google,500,20,linear,True,False,10.0,0.4,0.3,0.3,0,WOA,carbon,28,0.3333333333333333,E20,5.26,31.19,35,0.345182,87.7836,26.8101,0.0,0,4.5891,0.7418,52.11,0.0,True,26.0,4840,1.5043,0.95
google,500,20,linear,True,False,10.0,0.4,0.3,0.3,0,HHO,random,9,0.3333333333333333,E20,5.26,31.19,35,0.45457,83.9123,3.6164,0.0,0,5.0391,0.8531,54.244,0.0,True,25.5,8948,2.3077,1.01
google,500,20,linear,True,False,10.0,0.4,0.3,0.3,0,HHO,random,10,0.3333333333333333,E20,5.26,31.19,35,0.44653,84.1969,5.3212,0.0,0,4.9391,0.8167,49.803,0.0,True,24.5,8908,2.3847,1.06
google,500,20,linear,True,False,10.0,0.4,0.3,0.3,0,HHO,random,11,0.3333333333333333,E20,5.26,31.19,35,0.452369,83.9902,4.0831,0.0,0,5.1891,0.8747,50.111,0.0,True,27.5,8908,2.336,1.0
google,500,20,linear,True,False,10.0,0.4,0.3,0.3,0,HHO,random,12,0.3333333333333333,E20,5.26,31.19,35,0.444324,84.2749,5.7887,0.0,0,4.9891,0.816,48.594,0.0,True,25.0,8868,2.3375,1.08
google,500,20,linear,True,False,10.0,0.4,0.3,0.3,0,HHO,random,13,0.3333333333333333,E20,5.26,31.19,35,0.447485,84.163,5.1186,0.0,0,5.0891,0.8533,52.72,0.0,True,26.0,8954,2.3672,1.11
google,500,20,linear,True,False,10.0,0.4,0.3,0.3,0,HHO,random,14,0.3333333333333333,E20,5.26,31.19,35,0.449908,84.0773,4.6048,0.0,0,4.9891,0.8235,49.021,0.0,True,24.5,8930,2.3742,1.07
google,500,20,linear,True,False,10.0,0.4,0.3,0.3,0,HHO,random,15,0.3333333333333333,E20,5.26,31.19,35,0.449873,84.0785,4.6123,0.0,0,5.0391,0.8543,55.844,0.0,True,25.0,8854,2.3541,1.07
google,500,20,linear,True,False,10.0,0.4,0.3,0.3,0,HHO,random,16,0.3333333333333333,E20,5.26,31.19,35,0.445596,84.2299,5.5192,0.0,0,4.9391,0.816,49.727,0.0,True,24.5,8830,2.3297,1.1
google,500,20,linear,True,False,10.0,0.4,0.3,0.3,0,HHO,random,17,0.3333333333333333,E20,5.26,31.19,35,0.440554,84.4083,6.5881,0.0,0,4.9391,0.8167,50.174,0.0,True,24.5,9010,2.3471,1.03
google,500,20,linear,True,False,10.0,0.4,0.3,0.3,0,HHO,random,18,0.3333333333333333,E20,5.26,31.19,35,0.449278,84.0996,4.7384,0.0,0,4.9891,0.8317,49.168,0.0,True,25.0,8976,2.3906,1.04
google,500,20,linear,True,False,10.0,0.4,0.3,0.3,0,HHO,random,19,0.3333333333333333,E20,5.26,31.19,35,0.449755,84.0827,4.6374,0.0,0,4.9891,0.8235,48.865,0.0,True,25.0,8846,2.3309,1.12
google,500,20,linear,True,False,10.0,0.4,0.3,0.3,0,HHO,random,20,0.3333333333333333,E20,5.26,31.19,35,0.441508,84.3746,6.3859,0.0,0,4.9391,0.8167,50.235,0.0,True,24.5,8854,2.3399,1.1
google,500,20,linear,True,False,10.0,0.4,0.3,0.3,0,HHO,random,21,0.3333333333333333,E20,5.26,31.19,35,0.437744,84.5078,7.1841,0.0,0,5.1391,0.8545,44.462,0.0,True,28.5,8876,2.3657,1.08
google,500,20,linear,True,False,10.0,0.4,0.3,0.3,0,HHO,random,22,0.3333333333333333,E20,5.26,31.19,35,0.451577,84.0182,4.251,0.0,0,5.1391,0.8629,51.919,0.0,True,25.5,8934,2.3515,0.96
google,500,20,linear,True,False,10.0,0.4,0.3,0.3,0,HHO,random,23,0.3333333333333333,E20,5.26,31.19,35,0.431215,84.7389,8.5683,0.0,0,5.0391,0.8372,47.959,0.0,True,28.0,9002,2.4054,0.97
google,500,20,linear,True,False,10.0,0.4,0.3,0.3,0,HHO,random,24,0.3333333333333333,E20,5.26,31.19,35,0.456578,83.8412,3.1905,0.0,0,5.0391,0.8317,46.054,0.0,True,24.5,9024,2.3697,1.01
google,500,20,linear,True,False,10.0,0.4,0.3,0.3,0,HHO,random,25,0.3333333333333333,E20,5.26,31.19,35,0.44072,84.4025,6.553,0.0,0,5.1891,0.862,43.373,0.0,True,28.5,8908,2.3131,0.9
google,500,20,linear,True,False,10.0,0.4,0.3,0.3,0,HHO,random,26,0.3333333333333333,E20,5.26,31.19,35,0.450272,84.0644,4.5276,0.0,0,5.0891,0.8657,46.347,0.0,True,26.0,8874,2.3666,1.03
google,500,20,linear,True,False,10.0,0.4,0.3,0.3,0,HHO,random,27,0.3333333333333333,E20,5.26,31.19,35,0.442922,84.3245,6.086,0.0,0,5.0391,0.8573,54.267,0.0,True,26.5,8970,2.3709,1.21
google,500,20,linear,True,False,10.0,0.4,0.3,0.3,0,HHO,random,28,0.3333333333333333,E20,5.26,31.19,35,0.44163,84.3703,6.3601,0.0,0,5.0391,0.855,55.002,0.0,True,26.5,8882,2.349,1.09
google,500,20,linear,True,False,10.0,0.4,0.3,0.3,0,HHO,random,29,0.3333333333333333,E20,5.26,31.19,35,0.431495,84.729,8.5091,0.0,0,4.9891,0.8316,48.93,0.0,True,28.0,8986,2.3907,0.88
google,500,20,linear,True,False,10.0,0.4,0.3,0.3,0,HHO,random,30,0.3333333333333333,E20,5.26,31.19,35,0.434496,84.6227,7.8727,0.0,0,5.0891,0.8458,46.101,0.0,True,28.0,8976,2.3964,1.07
google,500,20,linear,True,False,10.0,0.4,0.3,0.3,0,GA,random,1,0.3333333333333333,E20,5.26,31.19,35,0.430267,84.7724,8.7694,0.0,0,4.8891,0.8172,60.436,0.0,True,25.0,4840,2.4553,1.46
google,500,20,linear,True,False,10.0,0.4,0.3,0.3,0,GA,random,2,0.3333333333333333,E20,5.26,31.19,35,0.428078,84.8499,9.2336,0.0,0,4.8391,0.813,61.853,0.0,True,25.0,4840,2.4064,1.47
google,500,20,linear,True,False,10.0,0.4,0.3,0.3,0,GA,random,3,0.3333333333333333,E20,5.26,31.19,35,0.425699,84.9341,9.7379,0.0,0,4.7891,0.8033,62.788,0.0,True,24.5,4840,2.3925,1.45
google,500,20,linear,True,False,10.0,0.4,0.3,0.3,0,GA,random,4,0.3333333333333333,E20,5.26,31.19,35,0.425769,84.9316,9.723,0.0,0,4.8891,0.8198,59.401,0.0,True,25.5,4840,2.5048,1.57
google,500,20,linear,True,False,10.0,0.4,0.3,0.3,0,GA,random,5,0.3333333333333333,E20,5.26,31.19,35,0.428897,84.8209,9.0598,0.0,0,4.8391,0.8192,61.516,0.0,True,24.5,4840,2.4186,1.46
google,500,20,linear,True,False,10.0,0.4,0.3,0.3,0,GA,random,6,0.3333333333333333,E20,5.26,31.19,35,0.43095,84.7482,8.6245,0.0,0,4.8891,0.8292,60.116,0.0,True,25.0,4840,2.4481,1.42
google,500,20,linear,True,False,10.0,0.4,0.3,0.3,0,GA,random,7,0.3333333333333333,E20,5.26,31.19,35,0.416276,85.2676,11.736,0.0,0,4.7891,0.7918,62.358,0.0,True,25.0,4840,2.4524,1.46
google,500,20,linear,True,False,10.0,0.4,0.3,0.3,0,GA,random,8,0.3333333333333333,E20,5.26,31.19,35,0.425128,84.9543,9.8591,0.0,0,4.7891,0.793,62.348,0.0,True,25.0,4840,2.4637,1.5
google,500,20,linear,True,False,10.0,0.4,0.3,0.3,0,GA,random,9,0.3333333333333333,E20,5.26,31.19,35,0.416151,85.272,11.7624,0.0,0,4.7391,0.8079,64.147,0.0,True,25.0,4840,2.405,1.45
google,500,20,linear,True,False,10.0,0.4,0.3,0.3,0,GA,random,10,0.3333333333333333,E20,5.26,31.19,35,0.424867,84.9635,9.9144,0.0,0,4.8391,0.8194,61.777,0.0,True,25.0,4840,2.4149,1.45
google,500,20,linear,True,False,10.0,0.4,0.3,0.3,0,GA,random,11,0.3333333333333333,E20,5.26,31.19,35,0.417212,85.2344,11.5374,0.0,0,4.8391,0.8136,60.401,0.0,True,25.0,4840,2.4173,1.57
google,500,20,linear,True,False,10.0,0.4,0.3,0.3,0,GA,random,12,0.3333333333333333,E20,5.26,31.19,35,0.427071,84.8855,9.4469,0.0,0,4.8391,0.8022,61.917,0.0,True,24.5,4840,2.4653,1.46
google,500,20,linear,True,False,10.0,0.4,0.3,0.3,0,GA,random,13,0.3333333333333333,E20,5.26,31.19,35,0.423416,85.0149,10.222,0.0,0,4.7891,0.8166,62.721,0.0,True,25.0,4840,2.4003,1.47
google,500,20,linear,True,False,10.0,0.4,0.3,0.3,0,GA,random,14,0.3333333333333333,E20,5.26,31.19,35,0.426078,84.9207,9.6576,0.0,0,4.8391,0.7988,61.224,0.0,True,25.0,4840,2.4476,1.48
google,500,20,linear,True,False,10.0,0.4,0.3,0.3,0,GA,random,15,0.3333333333333333,E20,5.26,31.19,35,0.424228,84.9861,10.0499,0.0,0,4.7891,0.8067,62.669,0.0,True,25.0,4840,2.4528,1.44
google,500,20,linear,True,False,10.0,0.4,0.3,0.3,0,GA,random,16,0.3333333333333333,E20,5.26,31.19,35,0.428092,84.8494,9.2306,0.0,0,4.8891,0.8286,59.667,0.0,True,25.0,4840,2.4508,1.46
google,500,20,linear,True,False,10.0,0.4,0.3,0.3,0,GA,random,17,0.3333333333333333,E20,5.26,31.19,35,0.431523,84.728,8.5032,0.0,0,4.9391,0.8378,58.105,0.0,True,25.0,4840,2.4201,1.46
google,500,20,linear,True,False,10.0,0.4,0.3,0.3,0,GA,random,18,0.3333333333333333,E20,5.26,31.19,35,0.427721,84.8625,9.3092,0.0,0,4.8891,0.8303,60.131,0.0,True,25.5,4840,2.4109,1.48
google,500,20,linear,True,False,10.0,0.4,0.3,0.3,0,GA,random,19,0.3333333333333333,E20,5.26,31.19,35,0.427617,84.8662,9.3313,0.0,0,4.8391,0.8085,61.841,0.0,True,25.0,4840,2.3903,1.42
google,500,20,linear,True,False,10.0,0.4,0.3,0.3,0,GA,random,20,0.3333333333333333,E20,5.26,31.19,35,0.420709,85.1107,10.7961,0.0,0,4.7891,0.8038,62.585,0.0,True,24.5,4840,2.4576,1.47
google,500,20,linear,True,False,10.0,0.4,0.3,0.3,0,GA,random,21,0.3333333333333333,E20,5.26,31.19,35,0.425603,84.9375,9.7582,0.0,0,4.8391,0.8082,61.32,0.0,True,25.0,4840,2.3798,1.46
google,500,20,linear,True,False,10.0,0.4,0.3,0.3,0,GA,random,22,0.3333333333333333,E20,5.26,31.19,35,0.425985,84.924,9.6773,0.0,0,4.8391,0.8147,61.497,0.0,True,25.0,4840,2.4392,1.5
google,500,20,linear,True,False,10.0,0.4,0.3,0.3,0,GA,random,23,0.3333333333333333,E20,5.26,31.19,35,0.425798,84.9306,9.717,0.0,0,4.8391,0.8108,60.958,0.0,True,25.0,4840,2.4524,1.48
google,500,20,linear,True,False,10.0,0.4,0.3,0.3,0,GA,random,24,0.3333333333333333,E20,5.26,31.19,35,0.422538,85.0459,10.4082,0.0,0,4.7891,0.8038,62.635,0.0,True,25.0,4840,2.4311,1.48
google,500,20,linear,True,False,10.0,0.4,0.3,0.3,0,GA,random,25,0.3333333333333333,E20,5.26,31.19,35,0.426693,84.8989,9.5271,0.0,0,4.8391,0.8097,61.575,0.0,True,25.0,4840,2.3969,1.46
google,500,20,linear,True,False,10.0,0.4,0.3,0.3,0,GA,random,26,0.3333333333333333,E20,5.26,31.19,35,0.423104,85.0259,10.2881,0.0,0,4.7891,0.8136,62.412,0.0,True,24.5,4840,2.3806,1.42
google,1000,10,linear,True,False,10.0,0.4,0.3,0.3,0,WOA,random,4,0.3333333333333333,E20,10.62,62.6,36,0.764453,86.5774,9.9268,0.0,0,8.8448,1.4591,71.296,0.0,True,27.0,4840,2.3823,1.96
google,1000,10,linear,True,False,10.0,0.4,0.3,0.3,0,WOA,random,5,0.3333333333333333,E20,10.62,62.6,36,0.749533,86.8393,11.6848,0.0,0,8.6948,1.4341,75.015,0.0,True,26.5,4840,2.3451,1.85
google,1000,10,linear,True,False,10.0,0.4,0.3,0.3,0,WOA,random,6,0.3333333333333333,E20,10.62,62.6,36,0.757738,86.6953,10.7181,0.0,0,8.6448,1.4234,74.763,0.0,True,26.5,4840,2.3319,1.83
google,1000,10,linear,True,False,10.0,0.4,0.3,0.3,0,WOA,random,7,0.3333333333333333,E20,10.62,62.6,36,0.774837,86.395,8.7034,0.0,0,8.8448,1.4669,71.096,0.0,True,28.0,4840,2.3213,1.85
google,1000,10,linear,True,False,10.0,0.4,0.3,0.3,0,WOA,random,8,0.3333333333333333,E20,10.62,62.6,36,0.769849,86.4826,9.2911,0.0,0,8.8948,1.4734,70.868,0.0,True,28.0,4840,2.337,1.89
google,1000,10,linear,True,False,10.0,0.4,0.3,0.3,0,WOA,random,9,0.3333333333333333,E20,10.62,62.6,36,0.772501,86.436,8.9785,0.0,0,8.7948,1.456,73.259,0.0,True,26.0,4840,2.39,1.84
google,1000,10,linear,True,False,10.0,0.4,0.3,0.3,0,WOA,random,10,0.3333333333333333,E20,10.62,62.6,36,0.775661,86.3806,8.6062,0.0,0,8.8448,1.4537,71.716,0.0,True,28.0,4840,2.462,1.66
google,1000,10,linear,True,False,10.0,0.4,0.3,0.3,0,WOA,random,11,0.3333333333333333,E20,10.62,62.6,36,0.769033,86.4969,9.3872,0.0,0,8.9448,1.4694,67.82,0.0,True,27.0,4840,2.4765,1.96
google,1000,10,linear,True,False,10.0,0.4,0.3,0.3,0,WOA,random,12,0.3333333333333333,E20,10.62,62.6,36,0.763971,86.5858,9.9836,0.0,0,8.7448,1.4399,72.246,0.0,True,26.5,4840,2.2346,1.83
google,1000,10,linear,True,False,10.0,0.4,0.3,0.3,0,WOA,random,13,0.3333333333333333,E20,10.62,62.6,36,0.761845,86.6232,10.2342,0.0,0,8.7448,1.4382,74.643,0.0,True,27.0,4840,2.2279,1.8
google,1000,10,linear,True,False,10.0,0.4,0.3,0.3,0,WOA,random,14,0.3333333333333333,E20,10.62,62.6,36,0.767114,86.5306,9.6134,0.0,0,8.6948,1.4343,75.159,0.0,True,27.5,4840,2.2065,1.67
google,1000,10,linear,True,False,10.0,0.4,0.3,0.3,0,WOA,random,15,0.3333333333333333,E20,10.62,62.6,36,0.768133,86.5128,9.4932,0.0,0,8.8448,1.4532,70.664,0.0,True,27.5,4840,2.2174,1.75
google,1000,10,linear,True,False,10.0,0.4,0.3,0.3,0,WOA,random,16,0.3333333333333333,E20,10.62,62.6,36,0.758105,86.6888,10.6748,0.0,0,8.7448,1.4384,73.392,0.0,True,28.0,4840,2.2589,1.91
google,1000,10,linear,True,False,10.0,0.4,0.3,0.3,0,WOA,random,17,0.3333333333333333,E20,10.62,62.6,36,0.756283,86.7208,10.8895,0.0,0,8.7448,1.4371,74.205,0.0,True,27.5,4840,2.3181,1.88
google,1000,10,linear,True,False,10.0,0.4,0.3,0.3,0,WOA,random,18,0.3333333333333333,E20,10.62,62.6,36,0.764748,86.5722,9.8921,0.0,0,8.7948,1.4509,71.376,0.0,True,26.5,4840,2.3256,1.77
google,1000,10,linear,True,False,10.0,0.4,0.3,0.3,0,WOA,random,19,0.3333333333333333,E20,10.62,62.6,36,0.75084,86.8164,11.5308,0.0,0,8.7448,1.4418,72.541,0.0,True,26.5,4840,2.3439,1.81
google,1000,10,linear,True,False,10.0,0.4,0.3,0.3,0,WOA,random,20,0.3333333333333333,E20,10.62,62.6,36,0.763167,86.6,10.0784,0.0,0,8.7448,1.4504,74.0,0.0,True,27.0,4840,2.2087,1.74
google,1000,10,linear,True,False,10.0,0.4,0.3,0.3,0,WOA,random,21,0.3333333333333333,E20,10.62,62.6,36,0.769541,86.488,9.3273,0.0,0,8.8448,1.4636,71.482,0.0,True,28.5,4840,2.1956,1.74
google,1000,10,linear,True,False,10.0,0.4,0.3,0.3,0,WOA,random,22,0.3333333333333333,E20,10.62,62.6,36,0.772503,86.436,8.9783,0.0,0,8.7448,1.4405,73.795,0.0,True,27.0,4840,2.2132,1.74
google,1000,10,linear,True,False,10.0,0.4,0.3,0.3,0,WOA,random,23,0.3333333333333333,E20,10.62,62.6,36,0.760655,86.644,10.3743,0.0,0,8.7448,1.4498,73.272,0.0,True,27.0,4840,2.214,1.77
google,1000,10,linear,True,False,10.0,0.4,0.3,0.3,0,WOA,random,24,0.3333333333333333,E20,10.62,62.6,36,0.762312,86.615,10.1792,0.0,0,8.7948,1.4594,72.095,0.0,True,27.0,4840,2.2774,1.73
google,1000,10,linear,True,False,10.0,0.4,0.3,0.3,0,WOA,random,25,0.3333333333333333,E20,10.62,62.6,36,0.763961,86.586,9.9848,0.0,0,8.7448,1.4452,72.871,0.0,True,27.0,4840,2.3221,1.69
google,1000,10,linear,True,False,10.0,0.4,0.3,0.3,0,WOA,random,26,0.3333333333333333,E20,10.62,62.6,36,0.761408,86.6308,10.2856,0.0,0,8.8948,1.4592,69.438,0.0,True,28.0,4840,2.3204,1.87
google,1000,10,linear,True,False,10.0,0.4,0.3,0.3,0,WOA,random,27,0.3333333333333333,E20,10.62,62.6,36,0.768475,86.5067,9.453,0.0,0,8.8448,1.4647,72.018,0.0,True,28.0,4840,2.3219,1.78
google,1000,10,linear,True,False,10.0,0.4,0.3,0.3,0,PSO,random,8,0.3333333333333333,E20,10.62,62.6,36,0.75432,86.7553,11.1208,0.0,0,8.5948,1.4153,76.706,0.0,True,25.0,4840,2.2792,3.03
google,1000,10,linear,True,False,10.0,0.4,0.3,0.3,0,PSO,random,9,0.3333333333333333,E20,10.62,62.6,36,0.760036,86.6549,10.4473,0.0,0,8.6448,1.4249,75.91,0.0,True,25.5,4840,2.2714,2.98
google,1000,10,linear,True,False,10.0,0.4,0.3,0.3,0,PSO,random,10,0.3333333333333333,E20,10.62,62.6,36,0.754298,86.7557,11.1233,0.0,0,8.6448,1.4266,75.634,0.0,True,25.5,4840,2.2694,2.93
google,1000,10,linear,True,False,10.0,0.4,0.3,0.3,0,PSO,random,11,0.3333333333333333,E20,10.62,62.6,36,0.757448,86.7004,10.7522,0.0,0,8.6448,1.4248,76.338,0.0,True,25.0,4840,2.3665,2.98
google,1000,10,linear,True,False,10.0,0.4,0.3,0.3,0,PSO,random,12,0.3333333333333333,E20,10.62,62.6,36,0.767219,86.5288,9.601,0.0,0,8.7448,1.4388,74.237,0.0,True,26.5,4840,2.3795,2.94
google,1000,10,linear,True,False,10.0,0.4,0.3,0.3,0,PSO,random,13,0.3333333333333333,E20,10.62,62.6,36,0.760959,86.6387,10.3385,0.0,0,8.6948,1.4296,74.105,0.0,True,26.5,4840,2.3891,2.82
google,1000,10,linear,True,False,10.0,0.4,0.3,0.3,0,PSO,random,14,0.3333333333333333,E20,10.62,62.6,36,0.766135,86.5478,9.7287,0.0,0,8.6948,1.4303,73.906,0.0,True,27.0,4840,2.402,2.76
google,1000,10,linear,True,False,10.0,0.4,0.3,0.3,0,PSO,random,15,0.3333333333333333,E20,10.62,62.6,36,0.761823,86.6235,10.2368,0.0,0,8.6448,1.4214,75.294,0.0,True,27.0,4840,2.4059,2.79
google,1000,10,linear,True,False,10.0,0.4,0.3,0.3,0,GWO,random,30,0.3333333333333333,E20,10.62,62.6,36,0.756642,86.7145,10.8472,0.0,0,8.6948,1.4313,74.57,0.0,True,25.5,4840,2.6371,1.78
google,1000,10,linear,True,False,10.0,0.4,0.3,0.3,0,PSO,random,1,0.3333333333333333,E20,10.62,62.6,36,0.755694,86.7312,10.9588,0.0,0,8.6448,1.4266,75.676,0.0,True,25.0,4840,2.2673,2.88
google,1000,10,linear,True,False,10.0,0.4,0.3,0.3,0,PSO,random,2,0.3333333333333333,E20,10.62,62.6,36,0.752872,86.7807,11.2914,0.0,0,8.5948,1.4197,76.064,0.0,True,25.5,4840,2.2908,3.06
google,1000,10,linear,True,False,10.0,0.4,0.3,0.3,0,PSO,random,3,0.3333333333333333,E20,10.62,62.6,36,0.770069,86.4788,9.2651,0.0,0,8.7448,1.4382,72.563,0.0,True,26.5,4840,2.3661,2.91
google,1000,10,linear,True,False,10.0,0.4,0.3,0.3,0,PSO,random,4,0.3333333333333333,E20,10.62,62.6,36,0.751093,86.8119,11.501,0.0,0,8.6448,1.4231,76.21,0.0,True,25.0,4840,2.3877,3.0
google,1000,10,linear,True,False,10.0,0.4,0.3,0.3,0,PSO,random,5,0.3333333333333333,E20,10.62,62.6,36,0.760647,86.6442,10.3753,0.0,0,8.6948,1.4352,74.531,0.0,True,26.0,4840,2.4076,2.88
google,1000,10,linear,True,False,10.0,0.4,0.3,0.3,0,PSO,random,6,0.3333333333333333,E20,10.62,62.6,36,0.764956,86.5685,9.8675,0.0,0,8.6948,1.4336,74.568,0.0,True,25.5,4840,2.408,2.92
google,1000,10,linear,True,False,10.0,0.4,0.3,0.3,0,PSO,random,7,0.3333333333333333,E20,10.62,62.6,36,0.766897,86.5344,9.6388,0.0,0,8.6948,1.4302,74.507,0.0,True,26.5,4840,2.4144,2.88
google,1000,10,linear,True,False,10.0,0.4,0.3,0.3,0,DE,random,2,0.3333333333333333,E20,10.62,62.6,36,0.748148,86.8637,11.848,0.0,0,8.5448,1.4089,77.363,0.0,True,25.5,4840,2.2215,1.99
google,1000,10,linear,True,False,10.0,0.4,0.3,0.3,0,DE,random,3,0.3333333333333333,E20,10.62,62.6,36,0.743015,86.9538,12.4529,0.0,0,8.4948,1.4051,77.462,0.0,True,25.5,4840,2.201,1.96
google,1000,10,linear,True,False,10.0,0.4,0.3,0.3,0,DE,random,4,0.3333333333333333,E20,10.62,62.6,36,0.746763,86.888,12.0113,0.0,0,8.5948,1.4169,76.386,0.0,True,25.5,4840,2.245,1.86
google,1000,10,linear,True,False,10.0,0.4,0.3,0.3,0,DE,random,5,0.3333333333333333,E20,10.62,62.6,36,0.746679,86.8894,12.0211,0.0,0,8.5448,1.406,76.886,0.0,True,25.5,4840,2.3015,2.21
google,1000,10,linear,True,False,10.0,0.4,0.3,0.3,0,DE,random,6,0.3333333333333333,E20,10.62,62.6,36,0.749472,86.8404,11.692,0.0,0,8.5948,1.4157,76.359,0.0,True,25.5,4840,2.3249,1.89
google,1000,10,linear,True,False,10.0,0.4,0.3,0.3,0,DE,random,7,0.3333333333333333,E20,10.62,62.6,36,0.74772,86.8712,11.8984,0.0,0,8.5948,1.4141,76.976,0.0,True,25.5,4840,2.3344,1.96
google,1000,10,linear,True,False,10.0,0.4,0.3,0.3,0,DE,random,8,0.3333333333333333,E20,10.62,62.6,36,0.745433,86.9113,12.1679,0.0,0,8.5448,1.4088,77.765,0.0,True,25.5,4840,2.3404,1.93
google,1000,10,linear,True,False,10.0,0.4,0.3,0.3,0,DE,random,9,0.3333333333333333,E20,10.62,62.6,36,0.747426,86.8763,11.9331,0.0,0,8.5448,1.4127,77.553,0.0,True,25.5,4840,2.3412,2.09
google,1000,10,linear,True,False,10.0,0.4,0.3,0.3,0,WOA,random,28,0.3333333333333333,E20,10.62,62.6,36,0.764325,86.5796,9.942,0.0,0,8.7448,1.4349,72.733,0.0,True,27.5,4840,2.3355,1.79
google,1000,10,linear,True,False,10.0,0.4,0.3,0.3,0,WOA,random,29,0.3333333333333333,E20,10.62,62.6,36,0.767448,86.5248,9.5739,0.0,0,8.7448,1.4411,72.526,0.0,True,26.5,4840,2.3274,1.73
google,1000,10,linear,True,False,10.0,0.4,0.3,0.3,0,WOA,random,30,0.3333333333333333,E20,10.62,62.6,36,0.756659,86.7142,10.8452,0.0,0,8.7448,1.448,72.741,0.0,True,27.0,4840,2.3313,1.79
google,1000,10,linear,True,False,10.0,0.4,0.3,0.3,0,GWO,random,1,0.3333333333333333,E20,10.62,62.6,36,0.763703,86.5905,10.0152,0.0,0,8.6948,1.4302,74.238,0.0,True,25.5,4840,2.8089,1.69
google,1000,10,linear,True,False,10.0,0.4,0.3,0.3,0,GWO,random,2,0.3333333333333333,E20,10.62,62.6,36,0.768156,86.5123,9.4905,0.0,0,8.7448,1.4371,74.437,0.0,True,25.0,4840,2.8795,1.71
google,1000,10,linear,True,False,10.0,0.4,0.3,0.3,0,GWO,random,3,0.3333333333333333,E20,10.62,62.6,36,0.764174,86.5823,9.9597,0.0,0,8.7448,1.4463,74.909,0.0,True,25.5,4840,2.9347,1.67
google,1000,10,linear,True,False,10.0,0.4,0.3,0.3,0,GWO,random,4,0.3333333333333333,E20,10.62,62.6,36,0.763547,86.5933,10.0336,0.0,0,8.6948,1.4313,75.673,0.0,True,25.5,4840,2.9125,1.74
google,1000,10,linear,True,False,10.0,0.4,0.3,0.3,0,GWO,random,5,0.3333333333333333,E20,10.62,62.6,36,0.755315,86.7378,11.0036,0.0,0,8.6948,1.4302,75.232,0.0,True,25.0,4840,2.9331,1.91
google,1000,10,linear,True,False,10.0,0.4,0.3,0.3,0,PSO,random,24,0.3333333333333333,E20,10.62,62.6,36,0.744621,86.9256,12.2635,0.0,0,8.5448,1.4094,77.209,0.0,True,25.0,4840,2.2995,3.26
google,1000,10,linear,True,False,10.0,0.4,0.3,0.3,0,PSO,random,25,0.3333333333333333,E20,10.62,62.6,36,0.75868,86.6787,10.6071,0.0,0,8.6448,1.4284,75.742,0.0,True,25.5,4840,2.2726,2.99
google,1000,10,linear,True,False,10.0,0.4,0.3,0.3,0,PSO,random,26,0.3333333333333333,E20,10.62,62.6,36,0.763487,86.5943,10.0406,0.0,0,8.7448,1.4381,72.474,0.0,True,26.5,4840,2.3247,2.99
google,1000,10,linear,True,False,10.0,0.4,0.3,0.3,0,PSO,random,27,0.3333333333333333,E20,10.62,62.6,36,0.760678,86.6436,10.3716,0.0,0,8.6948,1.4366,73.908,0.0,True,26.5,4840,2.3736,2.85
google,1000,10,linear,True,False,10.0,0.4,0.3,0.3,0,PSO,random,28,0.3333333333333333,E20,10.62,62.6,36,0.757402,86.7012,10.7576,0.0,0,8.6448,1.4211,75.573,0.0,True,26.0,4840,2.407,2.9
google,1000,10,linear,True,False,10.0,0.4,0.3,0.3,0,PSO,random,29,0.3333333333333333,E20,10.62,62.6,36,0.760122,86.6534,10.4371,0.0,0,8.6448,1.4272,75.171,0.0,True,27.5,4840,2.4211,3.02
google,1000,10,linear,True,False,10.0,0.4,0.3,0.3,0,PSO,random,30,0.3333333333333333,E20,10.62,62.6,36,0.758751,86.6775,10.5986,0.0,0,8.6448,1.421,75.025,0.0,True,25.5,4840,2.4169,2.96
google,1000,10,linear,True,False,10.0,0.4,0.3,0.3,0,DE,random,1,0.3333333333333333,E20,10.62,62.6,36,0.744459,86.9284,12.2827,0.0,0,8.4948,1.4024,78.752,0.0,True,25.5,4840,2.3416,2.11
google,1000,10,linear,True,False,10.0,0.4,0.3,0.3,0,PSO,random,16,0.3333333333333333,E20,10.62,62.6,36,0.751863,86.7984,11.4103,0.0,0,8.5948,1.4118,75.954,0.0,True,27.0,4840,2.2919,3.2
google,1000,10,linear,True,False,10.0,0.4,0.3,0.3,0,PSO,random,17,0.3333333333333333,E20,10.62,62.6,36,0.766273,86.5454,9.7124,0.0,0,8.7448,1.4392,73.585,0.0,True,27.0,4840,2.2723,2.88
google,1000,10,linear,True,False,10.0,0.4,0.3,0.3,0,PSO,random,18,0.3333333333333333,E20,10.62,62.6,36,0.753095,86.7768,11.2652,0.0,0,8.6448,1.4239,75.719,0.0,True,25.5,4840,2.3154,2.87
google,1000,10,linear,True,False,10.0,0.4,0.3,0.3,0,PSO,random,19,0.3333333333333333,E20,10.62,62.6,36,0.762096,86.6187,10.2046,0.0,0,8.6448,1.4245,74.93,0.0,True,26.5,4840,2.3775,2.82
google,1000,10,linear,True,False,10.0,0.4,0.3,0.3,0,PSO,random,20,0.3333333333333333,E20,10.62,62.6,36,0.755267,86.7387,11.0092,0.0,0,8.6448,1.4261,75.705,0.0,True,26.5,4840,2.4044,2.92
google,1000,10,linear,True,False,10.0,0.4,0.3,0.3,0,PSO,random,21,0.3333333333333333,E20,10.62,62.6,36,0.759007,86.673,10.5685,0.0,0,8.6948,1.4324,75.103,0.0,True,25.5,4840,2.416,2.86
google,1000,10,linear,True,False,10.0,0.4,0.3,0.3,0,PSO,random,22,0.3333333333333333,E20,10.62,62.6,36,0.752367,86.7896,11.3509,0.0,0,8.5948,1.4152,76.649,0.0,True,25.5,4840,2.4271,2.97
google,1000,10,linear,True,False,10.0,0.4,0.3,0.3,0,PSO,random,23,0.3333333333333333,E20,10.62,62.6,36,0.754898,86.7451,11.0527,0.0,0,8.5948,1.4141,75.35,0.0,True,25.5,4840,2.434,2.93
google,1000,10,linear,True,False,10.0,0.4,0.3,0.3,0,GWO,random,6,0.3333333333333333,E20,10.62,62.6,36,0.763594,86.5924,10.0281,0.0,0,8.6948,1.4313,75.124,0.0,True,25.0,4840,2.6307,1.88
google,1000,10,linear,True,False,10.0,0.4,0.3,0.3,0,GWO,random,7,0.3333333333333333,E20,10.62,62.6,36,0.764311,86.5799,9.9436,0.0,0,8.6948,1.4369,76.436,0.0,True,25.5,4840,2.6136,1.67
google,1000,10,linear,True,False,10.0,0.4,0.3,0.3,0,GWO,random,8,0.3333333333333333,E20,10.62,62.6,36,0.75166,86.802,11.4342,0.0,0,8.5448,1.4143,77.507,0.0,True,25.5,4840,2.6316,1.83
google,1000,10,linear,True,False,10.0,0.4,0.3,0.3,0,GWO,random,9,0.3333333333333333,E20,10.62,62.6,36,0.75464,86.7497,11.0831,0.0,0,8.5948,1.4126,75.666,0.0,True,25.5,4840,2.7143,1.97
google,1000,10,linear,True,False,10.0,0.4,0.3,0.3,0,GWO,random,10,0.3333333333333333,E20,10.62,62.6,36,0.765661,86.5562,9.7846,0.0,0,8.6448,1.4192,74.545,0.0,True,25.5,4840,2.7475,1.72
google,1000,10,linear,True,False,10.0,0.4,0.3,0.3,0,GWO,random,11,0.3333333333333333,E20,10.62,62.6,36,0.754285,86.7559,11.1249,0.0,0,8.6448,1.4238,76.463,0.0,True,25.0,4840,2.7818,1.71
google,1000,10,linear,True,False,10.0,0.4,0.3,0.3,0,GWO,random,12,0.3333333333333333,E20,10.62,62.6,36,0.757319,86.7026,10.7674,0.0,0,8.6948,1.4244,75.208,0.0,True,25.0,4840,2.7875,1.71
google,1000,10,linear,True,False,10.0,0.4,0.3,0.3,0,GWO,random,13,0.3333333333333333,E20,10.62,62.6,36,0.767791,86.5188,9.5336,0.0,0,8.7448,1.4452,73.021,0.0,True,27.5,4840,2.7938,1.67
google,1000,10,linear,True,False,10.0,0.4,0.3,0.3,0,GWO,random,22,0.3333333333333333,E20,10.62,62.6,36,0.75363,86.7674,11.2021,0.0,0,8.6448,1.4204,75.166,0.0,True,25.5,4840,2.6341,1.88
google,1000,10,linear,True,False,10.0,0.4,0.3,0.3,0,GWO,random,23,0.3333333333333333,E20,10.62,62.6,36,0.758986,86.6734,10.571,0.0,0,8.6948,1.4291,74.937,0.0,True,25.5,4840,2.6261,1.68
google,1000,10,linear,True,False,10.0,0.4,0.3,0.3,0,GWO,random,24,0.3333333333333333,E20,10.62,62.6,36,0.764394,86.5784,9.9338,0.0,0,8.7448,1.4406,74.324,0.0,True,25.5,4840,2.6409,1.76
google,1000,10,linear,True,False,10.0,0.4,0.3,0.3,0,GWO,random,25,0.3333333333333333,E20,10.62,62.6,36,0.763468,86.5947,10.0429,0.0,0,8.7448,1.4358,73.379,0.0,True,25.5,4840,2.7288,1.67
google,1000,10,linear,True,False,10.0,0.4,0.3,0.3,0,GWO,random,26,0.3333333333333333,E20,10.62,62.6,36,0.761883,86.6225,10.2297,0.0,0,8.6948,1.4351,74.97,0.0,True,25.5,4840,2.7591,1.71
google,1000,10,linear,True,False,10.0,0.4,0.3,0.3,0,GWO,random,27,0.3333333333333333,E20,10.62,62.6,36,0.756258,86.7212,10.8924,0.0,0,8.5948,1.4167,76.007,0.0,True,25.5,4840,2.7805,1.79
google,1000,10,linear,True,False,10.0,0.4,0.3,0.3,0,GWO,random,28,0.3333333333333333,E20,10.62,62.6,36,0.758649,86.6793,10.6108,0.0,0,8.6448,1.4221,75.5,0.0,True,26.5,4840,2.7885,1.92
google,1000,10,linear,True,False,10.0,0.4,0.3,0.3,0,GWO,random,29,0.3333333333333333,E20,10.62,62.6,36,0.761587,86.6277,10.2646,0.0,0,8.6948,1.4341,75.921,0.0,True,25.0,4840,2.7832,1.79
google,1000,10,linear,True,False,10.0,0.4,0.3,0.3,0,GWO,random,14,0.3333333333333333,E20,10.62,62.6,36,0.754653,86.7494,11.0816,0.0,0,8.6448,1.4223,75.622,0.0,True,25.0,4840,2.7633,1.83
google,1000,10,linear,True,False,10.0,0.4,0.3,0.3,0,GWO,random,15,0.3333333333333333,E20,10.62,62.6,36,0.757225,86.7043,10.7785,0.0,0,8.6448,1.4216,75.667,0.0,True,25.5,4840,2.7382,1.79
google,1000,10,linear,True,False,10.0,0.4,0.3,0.3,0,GWO,random,16,0.3333333333333333,E20,10.62,62.6,36,0.745698,86.9067,12.1367,0.0,0,8.5448,1.4081,77.798,0.0,True,25.0,4840,2.7902,1.91
google,1000,10,linear,True,False,10.0,0.4,0.3,0.3,0,GWO,random,17,0.3333333333333333,E20,10.62,62.6,36,0.761377,86.6314,10.2892,0.0,0,8.7448,1.4371,75.559,0.0,True,25.5,4840,2.8672,1.63
google,1000,10,linear,True,False,10.0,0.4,0.3,0.3,0,GWO,random,18,0.3333333333333333,E20,10.62,62.6,36,0.760412,86.6483,10.403,0.0,0,8.6948,1.4298,75.458,0.0,True,25.5,4840,2.8912,1.67
google,1000,10,linear,True,False,10.0,0.4,0.3,0.3,0,GWO,random,19,0.3333333333333333,E20,10.62,62.6,36,0.741253,86.9847,12.6605,0.0,0,8.4948,1.3955,79.124,0.0,True,24.5,4840,2.9057,1.92
google,1000,10,linear,True,False,10.0,0.4,0.3,0.3,0,GWO,random,20,0.3333333333333333,E20,10.62,62.6,36,0.765708,86.5553,9.779,0.0,0,8.7448,1.4463,74.227,0.0,True,25.5,4840,2.9108,1.67
google,1000,10,linear,True,False,10.0,0.4,0.3,0.3,0,GWO,random,21,0.3333333333333333,E20,10.62,62.6,36,0.757569,86.6982,10.738,0.0,0,8.6948,1.4312,76.493,0.0,True,25.0,4840,2.9217,1.71
google,1000,10,linear,True,False,10.0,0.4,0.3,0.3,0,DE,random,10,0.3333333333333333,E20,10.62,62.6,36,0.742656,86.9601,12.4951,0.0,0,8.4948,1.3979,78.307,0.0,True,25.5,4840,2.4856,2.1
google,1000,10,linear,True,False,10.0,0.4,0.3,0.3,0,DE,random,11,0.3333333333333333,E20,10.62,62.6,36,0.740699,86.9945,12.7257,0.0,0,8.4448,1.3887,79.635,0.0,True,26.0,4840,2.4872,2.28
google,1000,10,linear,True,False,10.0,0.4,0.3,0.3,0,DE,random,12,0.3333333333333333,E20,10.62,62.6,36,0.743544,86.9445,12.3905,0.0,0,8.5448,1.4087,78.063,0.0,True,25.5,4840,2.48,2.02
google,1000,10,linear,True,False,10.0,0.4,0.3,0.3,0,DE,random,13,0.3333333333333333,E20,10.62,62.6,36,0.743973,86.937,12.3399,0.0,0,8.5448,1.4026,77.175,0.0,True,25.5,4840,2.4965,2.04
google,1000,10,linear,True,False,10.0,0.4,0.3,0.3,0,DE,random,14,0.3333333333333333,E20,10.62,62.6,36,0.739783,87.0105,12.8336,0.0,0,8.4948,1.3999,78.675,0.0,True,25.5,4840,2.5031,1.95
google,1000,10,linear,True,False,10.0,0.4,0.3,0.3,0,DE,random,15,0.3333333333333333,E20,10.62,62.6,36,0.751366,86.8072,11.4689,0.0,0,8.5448,1.4095,77.469,0.0,True,26.0,4840,2.4954,1.91
google,1000,10,linear,True,False,10.0,0.4,0.3,0.3,0,DE,random,16,0.3333333333333333,E20,10.62,62.6,36,0.738701,87.0295,12.9611,0.0,0,8.4948,1.4019,79.339,0.0,True,25.0,4840,2.5171,2.15
google,1000,10,linear,True,False,10.0,0.4,0.3,0.3,0,DE,random,17,0.3333333333333333,E20,10.62,62.6,36,0.745519,86.9098,12.1578,0.0,0,8.4948,1.4019,78.605,0.0,True,25.0,4840,2.4961,1.96
google,1000,10,linear,True,False,10.0,0.4,0.3,0.3,0,DE,random,18,0.3333333333333333,E20,10.62,62.6,36,0.752804,86.7819,11.2994,0.0,0,8.6448,1.4249,75.953,0.0,True,26.0,4840,2.3606,1.93
google,1000,10,linear,True,False,10.0,0.4,0.3,0.3,0,DE,random,19,0.3333333333333333,E20,10.62,62.6,36,0.747383,86.8771,11.9382,0.0,0,8.5448,1.4077,77.135,0.0,True,25.5,4840,2.3492,1.99
google,1000,10,linear,True,False,10.0,0.4,0.3,0.3,0,DE,random,20,0.3333333333333333,E20,10.62,62.6,36,0.743037,86.9534,12.4502,0.0,0,8.5448,1.4081,78.026,0.0,True,25.5,4840,2.3394,1.89
google,1000,10,linear,True,False,10.0,0.4,0.3,0.3,0,DE,random,21,0.3333333333333333,E20,10.62,62.6,36,0.744263,86.9319,12.3057,0.0,0,8.5448,1.4054,77.946,0.0,True,25.0,4840,2.3509,2.36
google,1000,10,linear,True,False,10.0,0.4,0.3,0.3,0,DE,random,22,0.3333333333333333,E20,10.62,62.6,36,0.748579,86.8561,11.7973,0.0,0,8.5948,1.4135,77.066,0.0,True,25.0,4840,2.351,1.92
google,1000,10,linear,True,False,10.0,0.4,0.3,0.3,0,DE,random,23,0.3333333333333333,E20,10.62,62.6,36,0.746099,86.8996,12.0895,0.0,0,8.5948,1.4104,76.934,0.0,True,25.5,4840,2.3476,1.83
google,1000,10,linear,True,False,10.0,0.4,0.3,0.3,0,DE,random,24,0.3333333333333333,E20,10.62,62.6,36,0.746977,86.8842,11.986,0.0,0,8.5448,1.4082,77.18,0.0,True,26.0,4840,2.3503,2.32
google,1000,10,linear,True,False,10.0,0.4,0.3,0.3,0,DE,random,25,0.3333333333333333,E20,10.62,62.6,36,0.740092,87.0051,12.7973,0.0,0,8.4448,1.3923,79.425,0.0,True,25.5,4840,2.3473,2.0
google,1000,10,linear,True,False,10.0,0.4,0.3,0.3,0,DE,random,26,0.3333333333333333,E20,10.62,62.6,36,0.736199,87.0735,13.2559,0.0,0,8.3948,1.3874,81.284,0.0,True,25.0,4840,2.3496,2.06
google,1000,10,linear,True,False,10.0,0.4,0.3,0.3,0,DE,random,27,0.3333333333333333,E20,10.62,62.6,36,0.744711,86.924,12.253,0.0,0,8.5448,1.4077,77.845,0.0,True,25.5,4840,2.33,2.17
google,1000,10,linear,True,False,10.0,0.4,0.3,0.3,0,DE,random,28,0.3333333333333333,E20,10.62,62.6,36,0.738855,87.0268,12.943,0.0,0,8.4448,1.3972,80.009,0.0,True,25.0,4840,2.3341,2.1
google,1000,10,linear,True,False,10.0,0.4,0.3,0.3,0,DE,random,29,0.3333333333333333,E20,10.62,62.6,36,0.74384,86.9393,12.3556,0.0,0,8.5448,1.407,77.772,0.0,True,25.5,4840,2.3431,1.94
google,1000,10,linear,True,False,10.0,0.4,0.3,0.3,0,DE,random,30,0.3333333333333333,E20,10.62,62.6,36,0.747843,86.869,11.8839,0.0,0,8.5948,1.4117,77.212,0.0,True,25.5,4840,2.3317,2.09
google,1000,10,linear,True,False,10.0,0.4,0.3,0.3,0,HHO,random,1,0.3333333333333333,E20,10.62,62.6,36,0.767769,86.5191,9.5361,0.0,0,8.8448,1.4568,71.779,0.0,True,27.5,8858,3.6057,1.71
google,1000,10,linear,True,False,10.0,0.4,0.3,0.3,0,HHO,random,2,0.3333333333333333,E20,10.62,62.6,36,0.745728,86.9061,12.1331,0.0,0,8.6448,1.4223,72.719,0.0,True,27.0,8868,3.6041,1.96
google,1000,10,linear,True,False,10.0,0.4,0.3,0.3,0,HHO,random,3,0.3333333333333333,E20,10.62,62.6,36,0.771029,86.4619,9.152,0.0,0,8.7448,1.4394,73.083,0.0,True,27.5,8832,3.681,2.0
google,1000,10,linear,True,False,10.0,0.4,0.3,0.3,0,GA,random,30,0.3333333333333333,E20,10.62,62.6,36,0.741748,86.976,12.6021,0.0,0,8.4948,1.3991,78.095,0.0,True,25.5,4840,4.0387,2.6
google,1000,10,linear,True,False,10.0,0.4,0.3,0.3,0,WOA,carbon,1,0.3333333333333333,E20,10.62,62.6,36,0.677603,88.1023,20.1601,0.0,0,8.7948,1.4075,61.04,0.0,True,26.5,4840,2.3346,1.74
google,1000,10,linear,True,False,10.0,0.4,0.3,0.3,0,WOA,carbon,2,0.3333333333333333,E20,10.62,62.6,36,0.674456,88.1576,20.531,0.0,0,8.7448,1.4,61.799,0.0,True,26.0,4840,2.3362,1.77
google,1000,10,linear,True,False,10.0,0.4,0.3,0.3,0,WOA,carbon,3,0.3333333333333333,E20,10.62,62.6,36,0.683309,88.0021,19.4878,0.0,0,8.7948,1.4225,58.25,0.0,True,26.5,4840,2.3318,1.71
google,1000,10,linear,True,False,10.0,0.4,0.3,0.3,0,WOA,carbon,4,0.3333333333333333,E20,10.62,62.6,36,0.674127,88.1634,20.5697,0.0,0,8.7448,1.4075,60.517,0.0,True,26.5,4840,2.327,1.74
google,1000,10,linear,True,False,10.0,0.4,0.3,0.3,0,WOA,carbon,5,0.3333333333333333,E20,10.62,62.6,36,0.677312,88.1074,20.1944,0.0,0,8.7448,1.4075,62.419,0.0,True,26.0,4840,2.4241,1.69
google,1000,10,linear,True,False,10.0,0.4,0.3,0.3,0,WOA,carbon,6,0.3333333333333333,E20,10.62,62.6,36,0.672686,88.1887,20.7395,0.0,0,8.7448,1.4075,62.03,0.0,True,26.5,4840,2.3516,1.71
google,1000,10,linear,True,False,10.0,0.4,0.3,0.3,0,WOA,carbon,7,0.3333333333333333,E20,10.62,62.6,36,0.681759,88.0293,19.6704,0.0,0,8.7948,1.415,60.146,0.0,True,26.5,4840,2.3585,1.71
google,1000,10,linear,True,False,10.0,0.4,0.3,0.3,0,WOA,carbon,8,0.3333333333333333,E20,10.62,62.6,36,0.670332,88.23,21.0169,0.0,0,8.6948,1.3931,63.424,0.0,True,26.5,4840,2.4613,1.86
google,1000,10,linear,True,False,10.0,0.4,0.3,0.3,0,WOA,carbon,9,0.3333333333333333,E20,10.62,62.6,36,0.675103,88.1462,20.4547,0.0,0,8.7448,1.4,61.248,0.0,True,26.5,4840,2.4793,1.82
google,1000,10,linear,True,False,10.0,0.4,0.3,0.3,0,WOA,carbon,10,0.3333333333333333,E20,10.62,62.6,36,0.673314,88.1776,20.6655,0.0,0,8.5948,1.385,68.748,0.0,True,26.0,4840,2.463,1.75
google,1000,10,linear,True,False,10.0,0.4,0.3,0.3,0,WOA,carbon,11,0.3333333333333333,E20,10.62,62.6,36,0.67167,88.2065,20.8592,0.0,0,8.6948,1.3925,62.891,0.0,True,26.5,4840,2.4731,1.74
google,1000,10,linear,True,False,10.0,0.4,0.3,0.3,0,WOA,carbon,12,0.3333333333333333,E20,10.62,62.6,36,0.670679,88.2239,20.976,0.0,0,8.6948,1.3925,63.841,0.0,True,26.5,4840,2.4533,1.7
google,1000,10,linear,True,False,10.0,0.4,0.3,0.3,0,WOA,carbon,13,0.3333333333333333,E20,10.62,62.6,36,0.668665,88.2593,21.2133,0.0,0,8.6948,1.3925,63.191,0.0,True,26.0,4840,2.556,1.66
google,1000,10,linear,True,False,10.0,0.4,0.3,0.3,0,WOA,carbon,14,0.3333333333333333,E20,10.62,62.6,36,0.672473,88.1924,20.7646,0.0,0,8.6948,1.4,64.415,0.0,True,26.5,4840,2.4819,1.71
google,1000,10,linear,True,False,10.0,0.4,0.3,0.3,0,WOA,carbon,15,0.3333333333333333,E20,10.62,62.6,36,0.680188,88.0569,19.8556,0.0,0,8.7948,1.415,60.029,0.0,True,26.5,4840,2.4811,1.87
google,1000,10,linear,True,False,10.0,0.4,0.3,0.3,0,HHO,random,4,0.3333333333333333,E20,10.62,62.6,36,0.75209,86.7944,11.3835,0.0,0,8.7448,1.4429,73.066,0.0,True,27.5,8906,3.6213,1.88
google,1000,10,linear,True,False,10.0,0.4,0.3,0.3,0,HHO,random,5,0.3333333333333333,E20,10.62,62.6,36,0.761653,86.6265,10.2567,0.0,0,8.7948,1.4589,70.693,0.0,True,26.5,8820,3.5861,1.75
google,1000,10,linear,True,False,10.0,0.4,0.3,0.3,0,HHO,random,6,0.3333333333333333,E20,10.62,62.6,36,0.76396,86.586,9.9849,0.0,0,8.6948,1.4371,73.826,0.0,True,26.0,8874,3.592,1.87
google,1000,10,linear,True,False,10.0,0.4,0.3,0.3,0,HHO,random,7,0.3333333333333333,E20,10.62,62.6,36,0.770008,86.4798,9.2724,0.0,0,8.6948,1.446,74.121,0.0,True,27.0,8938,3.6152,1.76
google,1000,10,linear,True,False,10.0,0.4,0.3,0.3,0,HHO,random,8,0.3333333333333333,E20,10.62,62.6,36,0.76558,86.5576,9.7941,0.0,0,8.8448,1.4568,70.067,0.0,True,28.0,8902,3.6834,1.76
google,1000,10,linear,True,False,10.0,0.4,0.3,0.3,0,HHO,random,9,0.3333333333333333,E20,10.62,62.6,36,0.766868,86.535,9.6423,0.0,0,8.6948,1.441,74.723,0.0,True,26.0,8852,3.6131,1.89
google,1000,10,linear,True,False,10.0,0.4,0.3,0.3,0,HHO,random,10,0.3333333333333333,E20,10.62,62.6,36,0.754427,86.7534,11.1082,0.0,0,8.6448,1.4251,74.319,0.0,True,28.5,8918,3.6333,1.97
google,1000,10,linear,True,False,10.0,0.4,0.3,0.3,0,HHO,random,11,0.3333333333333333,E20,10.62,62.6,36,0.767948,86.516,9.515,0.0,0,8.7948,1.4495,71.132,0.0,True,27.0,8868,3.6473,1.79
google,1000,10,linear,True,False,10.0,0.4,0.3,0.3,0,HHO,random,12,0.3333333333333333,E20,10.62,62.6,36,0.767649,86.5212,9.5502,0.0,0,8.8448,1.4532,69.711,0.0,True,28.0,8920,3.6198,2.02
google,1000,10,linear,True,False,10.0,0.4,0.3,0.3,0,HHO,random,13,0.3333333333333333,E20,10.62,62.6,36,0.763503,86.594,10.0387,0.0,0,8.8948,1.4748,70.459,0.0,True,27.5,8898,3.6247,1.89
google,1000,10,linear,True,False,10.0,0.4,0.3,0.3,0,HHO,random,14,0.3333333333333333,E20,10.62,62.6,36,0.767176,86.5296,9.606,0.0,0,8.6948,1.4343,75.195,0.0,True,27.5,8978,3.622,1.67
google,1000,10,linear,True,False,10.0,0.4,0.3,0.3,0,HHO,random,15,0.3333333333333333,E20,10.62,62.6,36,0.748995,86.8488,11.7482,0.0,0,8.6948,1.4285,73.736,0.0,True,27.0,9022,3.6486,1.98
google,1000,10,linear,True,False,10.0,0.4,0.3,0.3,0,HHO,random,16,0.3333333333333333,E20,10.62,62.6,36,0.767573,86.5226,9.5593,0.0,0,8.8448,1.4687,71.562,0.0,True,27.0,8898,3.6799,1.86
google,1000,10,linear,True,False,10.0,0.4,0.3,0.3,0,HHO,random,17,0.3333333333333333,E20,10.62,62.6,36,0.760142,86.6531,10.4348,0.0,0,8.6948,1.4296,74.164,0.0,True,27.0,8858,3.6233,1.65
google,1000,10,linear,True,False,10.0,0.4,0.3,0.3,0,HHO,random,18,0.3333333333333333,E20,10.62,62.6,36,0.765586,86.5575,9.7933,0.0,0,8.7948,1.4526,71.43,0.0,True,26.5,8864,3.6215,1.82
google,1000,10,linear,True,False,10.0,0.4,0.3,0.3,0,HHO,random,19,0.3333333333333333,E20,10.62,62.6,36,0.757029,86.7077,10.8016,0.0,0,8.6948,1.433,73.816,0.0,True,26.0,8934,3.6478,1.85
google,1000,10,linear,True,False,10.0,0.4,0.3,0.3,0,HHO,random,20,0.3333333333333333,E20,10.62,62.6,36,0.757955,86.6915,10.6925,0.0,0,8.6448,1.4268,75.983,0.0,True,26.5,8930,3.6405,1.91
google,1000,10,linear,True,False,10.0,0.4,0.3,0.3,0,HHO,random,21,0.3333333333333333,E20,10.62,62.6,36,0.760412,86.6483,10.403,0.0,0,8.7948,1.4624,71.057,0.0,True,28.5,8954,3.6381,1.73
google,1000,10,linear,True,False,10.0,0.4,0.3,0.3,0,HHO,random,22,0.3333333333333333,E20,10.62,62.6,36,0.75895,86.674,10.5752,0.0,0,8.7448,1.4382,72.228,0.0,True,28.0,8892,3.6148,1.63
google,1000,10,linear,True,False,10.0,0.4,0.3,0.3,0,HHO,random,23,0.3333333333333333,E20,10.62,62.6,36,0.757156,86.7055,10.7866,0.0,0,8.7448,1.4389,73.01,0.0,True,27.0,8964,3.6442,1.91
google,1000,10,linear,True,False,10.0,0.4,0.3,0.3,0,HHO,random,24,0.3333333333333333,E20,10.62,62.6,36,0.752937,86.7796,11.2837,0.0,0,8.6448,1.4266,74.505,0.0,True,26.5,8800,3.6745,1.82
google,1000,10,linear,True,False,10.0,0.4,0.3,0.3,0,HHO,random,25,0.3333333333333333,E20,10.62,62.6,36,0.762809,86.6062,10.1205,0.0,0,8.7448,1.4406,72.126,0.0,True,27.0,8852,3.628,1.72
google,1000,10,linear,True,False,10.0,0.4,0.3,0.3,0,HHO,random,26,0.3333333333333333,E20,10.62,62.6,36,0.760505,86.6467,10.392,0.0,0,8.6948,1.4312,73.601,0.0,True,27.5,8876,3.6662,1.86
google,1000,10,linear,True,False,10.0,0.4,0.3,0.3,0,HHO,random,27,0.3333333333333333,E20,10.62,62.6,36,0.763251,86.5985,10.0684,0.0,0,8.6948,1.4307,75.763,0.0,True,27.5,8942,3.6793,1.62
google,1000,10,linear,True,False,10.0,0.4,0.3,0.3,0,WOA,carbon,24,0.3333333333333333,E20,10.62,62.6,36,0.690283,87.8797,18.6661,0.0,0,8.8948,1.4381,56.843,0.0,True,26.5,4840,2.4345,1.79
google,1000,10,linear,True,False,10.0,0.4,0.3,0.3,0,WOA,carbon,25,0.3333333333333333,E20,10.62,62.6,36,0.677291,88.1078,20.1969,0.0,0,8.7448,1.4075,61.226,0.0,True,26.0,4840,2.4015,1.67
google,1000,10,linear,True,False,10.0,0.4,0.3,0.3,0,WOA,carbon,26,0.3333333333333333,E20,10.62,62.6,36,0.67376,88.1698,20.613,0.0,0,8.7448,1.4081,62.032,0.0,True,26.0,4840,2.3708,1.68
google,1000,10,linear,True,False,10.0,0.4,0.3,0.3,0,WOA,carbon,27,0.3333333333333333,E20,10.62,62.6,36,0.680866,88.045,19.7757,0.0,0,8.8448,1.4225,58.524,0.0,True,26.5,4840,2.3704,1.67
google,1000,10,linear,True,False,10.0,0.4,0.3,0.3,0,WOA,carbon,28,0.3333333333333333,E20,10.62,62.6,36,0.679176,88.0747,19.9748,0.0,0,8.7948,1.415,60.468,0.0,True,26.0,4840,2.3657,1.7
google,1000,10,linear,True,False,10.0,0.4,0.3,0.3,0,WOA,carbon,29,0.3333333333333333,E20,10.62,62.6,36,0.667895,88.2728,21.3039,0.0,0,8.7448,1.4162,61.276,0.0,True,26.5,4840,2.3828,1.73
google,1000,10,linear,True,False,10.0,0.4,0.3,0.3,0,WOA,carbon,30,0.3333333333333333,E20,10.62,62.6,36,0.667954,88.2717,21.2971,0.0,0,8.6948,1.4006,64.166,0.0,True,26.5,4840,2.3613,1.89
google,1000,20,linear,True,False,10.0,0.4,0.3,0.3,0,FIFO,-,0,0.3333333333333333,E20,10.62,62.6,36,5.695252,0.0,-571.0542,0.0,0,63.4948,10.3629,5.328,0.0,True,24.5,0,0.0,0.0
google,1000,10,linear,True,False,10.0,0.4,0.3,0.3,0,GA,random,6,0.3333333333333333,E20,10.62,62.6,36,0.74357,86.944,12.3874,0.0,0,8.5448,1.4071,77.131,0.0,True,25.5,4840,4.0436,2.66
google,1000,10,linear,True,False,10.0,0.4,0.3,0.3,0,GA,random,7,0.3333333333333333,E20,10.62,62.6,36,0.744339,86.9305,12.2968,0.0,0,8.5448,1.4111,77.732,0.0,True,25.0,4840,4.0379,2.55
google,1000,10,linear,True,False,10.0,0.4,0.3,0.3,0,GA,random,8,0.3333333333333333,E20,10.62,62.6,36,0.746091,86.8998,12.0904,0.0,0,8.5448,1.4092,76.854,0.0,True,25.5,4840,4.0469,2.61
google,1000,10,linear,True,False,10.0,0.4,0.3,0.3,0,GA,random,9,0.3333333333333333,E20,10.62,62.6,36,0.74732,86.8782,11.9456,0.0,0,8.5448,1.4071,77.96,0.0,True,25.5,4840,4.093,2.55
google,1000,10,linear,True,False,10.0,0.4,0.3,0.3,0,GA,random,10,0.3333333333333333,E20,10.62,62.6,36,0.745589,86.9086,12.1495,0.0,0,8.5448,1.4061,77.551,0.0,True,25.5,4840,4.0856,2.53
google,1000,10,linear,True,False,10.0,0.4,0.3,0.3,0,GA,random,11,0.3333333333333333,E20,10.62,62.6,36,0.747682,86.8718,11.9029,0.0,0,8.5948,1.4107,77.566,0.0,True,25.5,4840,4.0773,2.54
google,1000,10,linear,True,False,10.0,0.4,0.3,0.3,0,GA,random,12,0.3333333333333333,E20,10.62,62.6,36,0.740726,86.994,12.7225,0.0,0,8.4948,1.4031,78.645,0.0,True,25.5,4840,4.1,2.62
google,1000,10,linear,True,False,10.0,0.4,0.3,0.3,0,GA,random,13,0.3333333333333333,E20,10.62,62.6,36,0.742078,86.9702,12.5633,0.0,0,8.5448,1.4058,77.131,0.0,True,25.5,4840,4.0913,2.51
google,1000,10,linear,True,False,10.0,0.4,0.3,0.3,0,GA,random,14,0.3333333333333333,E20,10.62,62.6,36,0.742154,86.9689,12.5543,0.0,0,8.4948,1.4041,78.662,0.0,True,25.5,4840,4.0552,2.53
google,1000,10,linear,True,False,10.0,0.4,0.3,0.3,0,GA,random,15,0.3333333333333333,E20,10.62,62.6,36,0.740629,86.9957,12.7339,0.0,0,8.4948,1.3991,79.044,0.0,True,25.0,4840,4.0501,2.63
google,1000,10,linear,True,False,10.0,0.4,0.3,0.3,0,GA,random,16,0.3333333333333333,E20,10.62,62.6,36,0.737774,87.0458,13.0704,0.0,0,8.4948,1.4006,78.44,0.0,True,25.0,4840,4.0661,2.56
google,1000,10,linear,True,False,10.0,0.4,0.3,0.3,0,GA,random,17,0.3333333333333333,E20,10.62,62.6,36,0.744675,86.9246,12.2573,0.0,0,8.5448,1.4054,77.089,0.0,True,25.5,4840,4.127,2.59
google,1000,10,linear,True,False,10.0,0.4,0.3,0.3,0,GA,random,18,0.3333333333333333,E20,10.62,62.6,36,0.735434,87.0869,13.3461,0.0,0,8.4948,1.4017,78.873,0.0,True,25.5,4840,4.0998,2.65
google,1000,10,linear,True,False,10.0,0.4,0.3,0.3,0,GA,random,19,0.3333333333333333,E20,10.62,62.6,36,0.751234,86.8095,11.4844,0.0,0,8.5948,1.4186,76.232,0.0,True,25.5,4840,4.0891,2.57
google,1000,10,linear,True,False,10.0,0.4,0.3,0.3,0,GA,random,20,0.3333333333333333,E20,10.62,62.6,36,0.743128,86.9518,12.4395,0.0,0,8.4948,1.403,78.191,0.0,True,25.5,4840,4.125,2.61
google,1000,10,linear,True,False,10.0,0.4,0.3,0.3,0,GA,random,21,0.3333333333333333,E20,10.62,62.6,36,0.745514,86.9099,12.1584,0.0,0,8.5448,1.4094,77.547,0.0,True,25.5,4840,4.131,2.56
google,1000,10,linear,True,False,10.0,0.4,0.3,0.3,0,GA,random,22,0.3333333333333333,E20,10.62,62.6,36,0.747874,86.8685,11.8803,0.0,0,8.5448,1.406,76.939,0.0,True,25.5,4840,4.0433,2.52
google,1000,10,linear,True,False,10.0,0.4,0.3,0.3,0,GA,random,23,0.3333333333333333,E20,10.62,62.6,36,0.740062,87.0056,12.8007,0.0,0,8.4948,1.3961,79.886,0.0,True,25.0,4840,4.0324,2.5
google,1000,10,linear,True,False,10.0,0.4,0.3,0.3,0,GA,random,24,0.3333333333333333,E20,10.62,62.6,36,0.747265,86.8792,11.9521,0.0,0,8.5948,1.4119,77.154,0.0,True,25.5,4840,4.0414,2.5
google,1000,10,linear,True,False,10.0,0.4,0.3,0.3,0,GA,random,25,0.3333333333333333,E20,10.62,62.6,36,0.744141,86.934,12.3202,0.0,0,8.5448,1.4036,76.724,0.0,True,25.5,4840,4.1064,2.61
google,1000,10,linear,True,False,10.0,0.4,0.3,0.3,0,GA,random,26,0.3333333333333333,E20,10.62,62.6,36,0.74348,86.9456,12.398,0.0,0,8.5448,1.4058,77.427,0.0,True,25.5,4840,4.0586,2.66
google,1000,10,linear,True,False,10.0,0.4,0.3,0.3,0,GA,random,27,0.3333333333333333,E20,10.62,62.6,36,0.745258,86.9144,12.1885,0.0,0,8.5948,1.4157,77.81,0.0,True,25.5,4840,4.0644,2.51
google,1000,10,linear,True,False,10.0,0.4,0.3,0.3,0,GA,random,28,0.3333333333333333,E20,10.62,62.6,36,0.738279,87.0369,13.0109,0.0,0,8.4948,1.403,78.951,0.0,True,25.0,4840,4.0799,2.6
google,1000,10,linear,True,False,10.0,0.4,0.3,0.3,0,GA,random,29,0.3333333333333333,E20,10.62,62.6,36,0.736002,87.0769,13.2792,0.0,0,8.4448,1.3923,79.683,0.0,True,25.0,4840,4.0666,2.42
google,1000,20,linear,True,False,10.0,0.4,0.3,0.3,0,Consolidation,-,0,0.3333333333333333,E20,10.62,62.6,36,0.848702,85.0981,0.0,0.0,0,9.3448,1.5354,47.572,0.0,True,24.5,0,0.0,0.0
google,1000,20,linear,True,False,10.0,0.4,0.3,0.3,0,Greedy(EDF+greenest),-,0,0.3333333333333333,E20,10.62,62.6,36,0.65416,88.5139,22.9223,0.0,0,8.6948,1.4,57.308,0.0,True,26.0,0,0.0001,0.0
google,1000,20,linear,True,False,10.0,0.4,0.3,0.3,0,WOA,random,1,0.3333333333333333,E20,10.62,62.6,36,0.772131,86.4426,9.0222,0.0,0,8.7948,1.449,72.84,0.0,True,27.0,4840,2.3667,1.73
google,1000,20,linear,True,False,10.0,0.4,0.3,0.3,0,WOA,random,2,0.3333333333333333,E20,10.62,62.6,36,0.752534,86.7866,11.3312,0.0,0,8.6948,1.4326,72.933,0.0,True,27.0,4840,2.3489,1.75
google,1000,20,linear,True,False,10.0,0.4,0.3,0.3,0,WOA,random,3,0.3333333333333333,E20,10.62,62.6,36,0.773207,86.4237,8.8954,0.0,0,8.7448,1.4399,73.507,0.0,True,27.5,4840,2.3733,1.84
google,1000,20,linear,True,False,10.0,0.4,0.3,0.3,0,WOA,random,4,0.3333333333333333,E20,10.62,62.6,36,0.764453,86.5774,9.9268,0.0,0,8.8448,1.4591,71.296,0.0,True,27.0,4840,2.3647,1.97
google,1000,20,linear,True,False,10.0,0.4,0.3,0.3,0,WOA,random,5,0.3333333333333333,E20,10.62,62.6,36,0.749533,86.8393,11.6848,0.0,0,8.6948,1.4341,75.015,0.0,True,26.5,4840,2.3732,1.87
google,1000,20,linear,True,False,10.0,0.4,0.3,0.3,0,WOA,random,6,0.3333333333333333,E20,10.62,62.6,36,0.757738,86.6953,10.7181,0.0,0,8.6448,1.4234,74.763,0.0,True,26.5,4840,2.367,1.84
google,1000,10,linear,True,False,10.0,0.4,0.3,0.3,0,HHO,random,28,0.3333333333333333,E20,10.62,62.6,36,0.765044,86.567,9.8572,0.0,0,8.7948,1.4414,72.073,0.0,True,28.0,8962,3.8224,1.69
google,1000,10,linear,True,False,10.0,0.4,0.3,0.3,0,HHO,random,29,0.3333333333333333,E20,10.62,62.6,36,0.753064,86.7773,11.2688,0.0,0,8.6948,1.4461,73.217,0.0,True,27.0,8826,3.7622,1.77
google,1000,10,linear,True,False,10.0,0.4,0.3,0.3,0,HHO,random,30,0.3333333333333333,E20,10.62,62.6,36,0.749634,86.8376,11.6729,0.0,0,8.7448,1.4425,68.984,0.0,True,28.0,9080,3.8394,1.86
google,1000,10,linear,True,False,10.0,0.4,0.3,0.3,0,GA,random,1,0.3333333333333333,E20,10.62,62.6,36,0.745615,86.9081,12.1465,0.0,0,8.5948,1.4169,76.973,0.0,True,25.5,4840,4.3162,2.62
google,1000,10,linear,True,False,10.0,0.4,0.3,0.3,0,GA,random,2,0.3333333333333333,E20,10.62,62.6,36,0.738752,87.0286,12.9551,0.0,0,8.5448,1.4116,77.82,0.0,True,25.5,4840,4.3749,2.64
google,1000,10,linear,True,False,10.0,0.4,0.3,0.3,0,GA,random,3,0.3333333333333333,E20,10.62,62.6,36,0.745664,86.9073,12.1407,0.0,0,8.5448,1.4092,77.325,0.0,True,26.5,4840,4.3257,2.58
google,1000,10,linear,True,False,10.0,0.4,0.3,0.3,0,GA,random,4,0.3333333333333333,E20,10.62,62.6,36,0.739214,87.0205,12.9007,0.0,0,8.4948,1.4036,78.601,0.0,True,25.5,4840,4.3514,2.51
google,1000,10,linear,True,False,10.0,0.4,0.3,0.3,0,GA,random,5,0.3333333333333333,E20,10.62,62.6,36,0.735212,87.0908,13.3723,0.0,0,8.4948,1.3953,78.786,0.0,True,25.0,4840,4.3211,2.55
google,1000,10,linear,True,False,10.0,0.4,0.3,0.3,0,WOA,carbon,16,0.3333333333333333,E20,10.62,62.6,36,0.669291,88.2483,21.1395,0.0,0,8.6948,1.3925,64.492,0.0,True,26.5,4840,2.567,1.71
google,1000,10,linear,True,False,10.0,0.4,0.3,0.3,0,WOA,carbon,17,0.3333333333333333,E20,10.62,62.6,36,0.67311,88.1812,20.6895,0.0,0,8.7948,1.4156,62.065,0.0,True,26.5,4840,2.5279,1.66
google,1000,10,linear,True,False,10.0,0.4,0.3,0.3,0,WOA,carbon,18,0.3333333333333333,E20,10.62,62.6,36,0.681914,88.0266,19.6521,0.0,0,8.7948,1.4156,60.748,0.0,True,26.0,4840,2.5134,1.74
google,1000,10,linear,True,False,10.0,0.4,0.3,0.3,0,WOA,carbon,19,0.3333333333333333,E20,10.62,62.6,36,0.66887,88.2557,21.1891,0.0,0,8.6948,1.3925,63.157,0.0,True,26.5,4840,2.4899,1.68
google,1000,10,linear,True,False,10.0,0.4,0.3,0.3,0,WOA,carbon,20,0.3333333333333333,E20,10.62,62.6,36,0.675281,88.1431,20.4337,0.0,0,8.7448,1.4156,61.207,0.0,True,26.5,4840,2.5152,1.76
google,1000,10,linear,True,False,10.0,0.4,0.3,0.3,0,WOA,carbon,21,0.3333333333333333,E20,10.62,62.6,36,0.678238,88.0912,20.0853,0.0,0,8.7448,1.4075,62.036,0.0,True,26.5,4840,2.5226,1.79
google,1000,10,linear,True,False,10.0,0.4,0.3,0.3,0,WOA,carbon,22,0.3333333333333333,E20,10.62,62.6,36,0.678172,88.0923,20.0931,0.0,0,8.7948,1.415,60.599,0.0,True,26.0,4840,2.5279,1.89
google,1000,10,linear,True,False,10.0,0.4,0.3,0.3,0,WOA,carbon,23,0.3333333333333333,E20,10.62,62.6,36,0.675635,88.1369,20.392,0.0,0,8.7448,1.4075,61.077,0.0,True,26.0,4840,2.5182,1.67
google,1000,20,linear,True,False,10.0,0.4,0.3,0.3,0,WOA,random,7,0.3333333333333333,E20,10.62,62.6,36,0.774837,86.395,8.7034,0.0,0,8.8448,1.4669,71.096,0.0,True,28.0,4840,2.3666,1.87
google,1000,20,linear,True,False,10.0,0.4,0.3,0.3,0,WOA,random,8,0.3333333333333333,E20,10.62,62.6,36,0.769849,86.4826,9.2911,0.0,0,8.8948,1.4734,70.868,0.0,True,28.0,4840,2.3574,1.9
google,1000,20,linear,True,False,10.0,0.4,0.3,0.3,0,WOA,random,9,0.3333333333333333,E20,10.62,62.6,36,0.772501,86.436,8.9785,0.0,0,8.7948,1.456,73.259,0.0,True,26.0,4840,2.3632,1.86
google,1000,20,linear,True,False,10.0,0.4,0.3,0.3,0,WOA,random,10,0.3333333333333333,E20,10.62,62.6,36,0.775661,86.3806,8.6062,0.0,0,8.8448,1.4537,71.716,0.0,True,28.0,4840,2.3715,1.68
google,1000,20,linear,True,False,10.0,0.4,0.3,0.3,0,WOA,random,11,0.3333333333333333,E20,10.62,62.6,36,0.769033,86.4969,9.3872,0.0,0,8.9448,1.4694,67.82,0.0,True,27.0,4840,2.369,1.97
google,1000,20,linear,True,False,10.0,0.4,0.3,0.3,0,WOA,random,12,0.3333333333333333,E20,10.62,62.6,36,0.763971,86.5858,9.9836,0.0,0,8.7448,1.4399,72.246,0.0,True,26.5,4840,2.4237,1.84
google,1000,20,linear,True,False,10.0,0.4,0.3,0.3,0,WOA,random,13,0.3333333333333333,E20,10.62,62.6,36,0.761845,86.6232,10.2342,0.0,0,8.7448,1.4382,74.643,0.0,True,27.0,4840,2.381,1.82
google,1000,20,linear,True,False,10.0,0.4,0.3,0.3,0,WOA,random,14,0.3333333333333333,E20,10.62,62.6,36,0.767114,86.5306,9.6134,0.0,0,8.6948,1.4343,75.159,0.0,True,27.5,4840,2.3755,1.69
google,1000,20,linear,True,False,10.0,0.4,0.3,0.3,0,WOA,random,15,0.3333333333333333,E20,10.62,62.6,36,0.768133,86.5128,9.4932,0.0,0,8.8448,1.4532,70.664,0.0,True,27.5,4840,2.4908,1.75
google,1000,20,linear,True,False,10.0,0.4,0.3,0.3,0,WOA,random,16,0.3333333333333333,E20,10.62,62.6,36,0.758105,86.6888,10.6748,0.0,0,8.7448,1.4384,73.392,0.0,True,28.0,4840,2.4875,1.91
google,1000,20,linear,True,False,10.0,0.4,0.3,0.3,0,WOA,random,17,0.3333333333333333,E20,10.62,62.6,36,0.756283,86.7208,10.8895,0.0,0,8.7448,1.4371,74.205,0.0,True,27.5,4840,2.5101,1.88
google,1000,20,linear,True,False,10.0,0.4,0.3,0.3,0,WOA,random,18,0.3333333333333333,E20,10.62,62.6,36,0.764748,86.5722,9.8921,0.0,0,8.7948,1.4509,71.376,0.0,True,26.5,4840,2.4965,1.77
google,1000,20,linear,True,False,10.0,0.4,0.3,0.3,0,WOA,random,19,0.3333333333333333,E20,10.62,62.6,36,0.75084,86.8164,11.5308,0.0,0,8.7448,1.4418,72.541,0.0,True,26.5,4840,2.5271,1.81
google,1000,20,linear,True,False,10.0,0.4,0.3,0.3,0,WOA,random,20,0.3333333333333333,E20,10.62,62.6,36,0.763167,86.6,10.0784,0.0,0,8.7448,1.4504,74.0,0.0,True,27.0,4840,2.5686,1.72
google,1000,20,linear,True,False,10.0,0.4,0.3,0.3,0,WOA,random,21,0.3333333333333333,E20,10.62,62.6,36,0.769541,86.488,9.3273,0.0,0,8.8448,1.4636,71.482,0.0,True,28.5,4840,2.4956,1.73
google,1000,20,linear,True,False,10.0,0.4,0.3,0.3,0,WOA,random,22,0.3333333333333333,E20,10.62,62.6,36,0.772503,86.436,8.9783,0.0,0,8.7448,1.4405,73.795,0.0,True,27.0,4840,2.5131,1.73
google,1000,20,linear,True,False,10.0,0.4,0.3,0.3,0,WOA,random,23,0.3333333333333333,E20,10.62,62.6,36,0.760655,86.644,10.3743,0.0,0,8.7448,1.4498,73.272,0.0,True,27.0,4840,2.3819,1.77
google,1000,20,linear,True,False,10.0,0.4,0.3,0.3,0,WOA,random,24,0.3333333333333333,E20,10.62,62.6,36,0.762312,86.615,10.1792,0.0,0,8.7948,1.4594,72.095,0.0,True,27.0,4840,2.3732,1.73
google,1000,20,linear,True,False,10.0,0.4,0.3,0.3,0,WOA,random,25,0.3333333333333333,E20,10.62,62.6,36,0.763961,86.586,9.9848,0.0,0,8.7448,1.4452,72.871,0.0,True,27.0,4840,2.4065,1.69
google,1000,20,linear,True,False,10.0,0.4,0.3,0.3,0,WOA,random,26,0.3333333333333333,E20,10.62,62.6,36,0.761408,86.6308,10.2856,0.0,0,8.8948,1.4592,69.438,0.0,True,28.0,4840,2.4204,1.87
google,1000,20,linear,True,False,10.0,0.4,0.3,0.3,0,WOA,random,27,0.3333333333333333,E20,10.62,62.6,36,0.768475,86.5067,9.453,0.0,0,8.8448,1.4647,72.018,0.0,True,28.0,4840,2.3758,1.78
google,1000,20,linear,True,False,10.0,0.4,0.3,0.3,0,WOA,random,28,0.3333333333333333,E20,10.62,62.6,36,0.764325,86.5796,9.942,0.0,0,8.7448,1.4349,72.733,0.0,True,27.5,4840,2.3521,1.8
google,1000,20,linear,True,False,10.0,0.4,0.3,0.3,0,WOA,random,29,0.3333333333333333,E20,10.62,62.6,36,0.767448,86.5248,9.5739,0.0,0,8.7448,1.4411,72.526,0.0,True,26.5,4840,2.3474,1.75
google,1000,20,linear,True,False,10.0,0.4,0.3,0.3,0,WOA,random,30,0.3333333333333333,E20,10.62,62.6,36,0.756659,86.7142,10.8452,0.0,0,8.7448,1.448,72.741,0.0,True,27.0,4840,2.3603,1.8
google,1000,20,linear,True,False,10.0,0.4,0.3,0.3,0,GWO,random,1,0.3333333333333333,E20,10.62,62.6,36,0.763703,86.5905,10.0152,0.0,0,8.6948,1.4302,74.238,0.0,True,25.5,4840,2.8367,1.71
google,1000,20,linear,True,False,10.0,0.4,0.3,0.3,0,GWO,random,2,0.3333333333333333,E20,10.62,62.6,36,0.768156,86.5123,9.4905,0.0,0,8.7448,1.4371,74.437,0.0,True,25.0,4840,2.8207,1.73
google,1000,20,linear,True,False,10.0,0.4,0.3,0.3,0,GWO,random,3,0.3333333333333333,E20,10.62,62.6,36,0.764174,86.5823,9.9597,0.0,0,8.7448,1.4463,74.909,0.0,True,25.5,4840,2.9111,1.69
google,1000,20,linear,True,False,10.0,0.4,0.3,0.3,0,GWO,random,4,0.3333333333333333,E20,10.62,62.6,36,0.763547,86.5933,10.0336,0.0,0,8.6948,1.4313,75.673,0.0,True,25.5,4840,2.8386,1.75
google,1000,20,linear,True,False,10.0,0.4,0.3,0.3,0,GWO,random,5,0.3333333333333333,E20,10.62,62.6,36,0.755315,86.7378,11.0036,0.0,0,8.6948,1.4302,75.232,0.0,True,25.0,4840,2.8085,1.93
google,1000,20,linear,True,False,10.0,0.4,0.3,0.3,0,GWO,random,6,0.3333333333333333,E20,10.62,62.6,36,0.763594,86.5924,10.0281,0.0,0,8.6948,1.4313,75.124,0.0,True,25.0,4840,2.8197,1.89
google,1000,20,linear,True,False,10.0,0.4,0.3,0.3,0,GWO,random,7,0.3333333333333333,E20,10.62,62.6,36,0.764311,86.5799,9.9436,0.0,0,8.6948,1.4369,76.436,0.0,True,25.5,4840,2.8199,1.69
google,1000,20,linear,True,False,10.0,0.4,0.3,0.3,0,GWO,random,8,0.3333333333333333,E20,10.62,62.6,36,0.75166,86.802,11.4342,0.0,0,8.5448,1.4143,77.507,0.0,True,25.5,4840,2.8271,1.84
google,1000,20,linear,True,False,10.0,0.4,0.3,0.3,0,GWO,random,9,0.3333333333333333,E20,10.62,62.6,36,0.75464,86.7497,11.0831,0.0,0,8.5948,1.4126,75.666,0.0,True,25.5,4840,2.838,1.98
google,1000,20,linear,True,False,10.0,0.4,0.3,0.3,0,GWO,random,10,0.3333333333333333,E20,10.62,62.6,36,0.765661,86.5562,9.7846,0.0,0,8.6448,1.4192,74.545,0.0,True,25.5,4840,2.8171,1.72
google,1000,20,linear,True,False,10.0,0.4,0.3,0.3,0,GWO,random,11,0.3333333333333333,E20,10.62,62.6,36,0.754285,86.7559,11.1249,0.0,0,8.6448,1.4238,76.463,0.0,True,25.0,4840,2.9079,1.71
google,1000,20,linear,True,False,10.0,0.4,0.3,0.3,0,GWO,random,12,0.3333333333333333,E20,10.62,62.6,36,0.757319,86.7026,10.7674,0.0,0,8.6948,1.4244,75.208,0.0,True,25.0,4840,2.8376,1.71
google,1000,20,linear,True,False,10.0,0.4,0.3,0.3,0,GWO,random,13,0.3333333333333333,E20,10.62,62.6,36,0.767791,86.5188,9.5336,0.0,0,8.7448,1.4452,73.021,0.0,True,27.5,4840,2.8132,1.67
google,1000,20,linear,True,False,10.0,0.4,0.3,0.3,0,GWO,random,14,0.3333333333333333,E20,10.62,62.6,36,0.754653,86.7494,11.0816,0.0,0,8.6448,1.4223,75.622,0.0,True,25.0,4840,2.8292,1.83
google,1000,20,linear,True,False,10.0,0.4,0.3,0.3,0,GWO,random,15,0.3333333333333333,E20,10.62,62.6,36,0.757225,86.7043,10.7785,0.0,0,8.6448,1.4216,75.667,0.0,True,25.5,4840,2.8254,1.79
google,1000,20,linear,True,False,10.0,0.4,0.3,0.3,0,GWO,random,16,0.3333333333333333,E20,10.62,62.6,36,0.745698,86.9067,12.1367,0.0,0,8.5448,1.4081,77.798,0.0,True,25.0,4840,2.8295,1.91
google,1000,20,linear,True,False,10.0,0.4,0.3,0.3,0,PSO,random,3,0.3333333333333333,E20,10.62,62.6,36,0.770069,86.4788,9.2651,0.0,0,8.7448,1.4382,72.563,0.0,True,26.5,4840,2.4886,2.95
google,1000,20,linear,True,False,10.0,0.4,0.3,0.3,0,PSO,random,4,0.3333333333333333,E20,10.62,62.6,36,0.751093,86.8119,11.501,0.0,0,8.6448,1.4231,76.21,0.0,True,25.0,4840,2.5038,3.04
google,1000,20,linear,True,False,10.0,0.4,0.3,0.3,0,PSO,random,5,0.3333333333333333,E20,10.62,62.6,36,0.760647,86.6442,10.3753,0.0,0,8.6948,1.4352,74.531,0.0,True,26.0,4840,2.4602,2.92
google,1000,20,linear,True,False,10.0,0.4,0.3,0.3,0,PSO,random,6,0.3333333333333333,E20,10.62,62.6,36,0.764956,86.5685,9.8675,0.0,0,8.6948,1.4336,74.568,0.0,True,25.5,4840,2.4436,2.95
google,1000,20,linear,True,False,10.0,0.4,0.3,0.3,0,PSO,random,7,0.3333333333333333,E20,10.62,62.6,36,0.766897,86.5344,9.6388,0.0,0,8.6948,1.4302,74.507,0.0,True,26.5,4840,2.4527,2.92
google,1000,20,linear,True,False,10.0,0.4,0.3,0.3,0,PSO,random,8,0.3333333333333333,E20,10.62,62.6,36,0.75432,86.7553,11.1208,0.0,0,8.5948,1.4153,76.706,0.0,True,25.0,4840,2.458,3.06
google,1000,20,linear,True,False,10.0,0.4,0.3,0.3,0,PSO,random,9,0.3333333333333333,E20,10.62,62.6,36,0.760036,86.6549,10.4473,0.0,0,8.6448,1.4249,75.91,0.0,True,25.5,4840,2.463,3.02
google,1000,20,linear,True,False,10.0,0.4,0.3,0.3,0,PSO,random,10,0.3333333333333333,E20,10.62,62.6,36,0.754298,86.7557,11.1233,0.0,0,8.6448,1.4266,75.634,0.0,True,25.5,4840,2.4441,2.97
google,1000,20,linear,True,False,10.0,0.4,0.3,0.3,0,PSO,random,19,0.3333333333333333,E20,10.62,62.6,36,0.762096,86.6187,10.2046,0.0,0,8.6448,1.4245,74.93,0.0,True,26.5,4840,2.4755,2.78
google,1000,20,linear,True,False,10.0,0.4,0.3,0.3,0,PSO,random,20,0.3333333333333333,E20,10.62,62.6,36,0.755267,86.7387,11.0092,0.0,0,8.6448,1.4261,75.705,0.0,True,26.5,4840,2.4901,2.88
google,1000,20,linear,True,False,10.0,0.4,0.3,0.3,0,PSO,random,21,0.3333333333333333,E20,10.62,62.6,36,0.759007,86.673,10.5685,0.0,0,8.6948,1.4324,75.103,0.0,True,25.5,4840,2.4511,2.82
google,1000,20,linear,True,False,10.0,0.4,0.3,0.3,0,PSO,random,22,0.3333333333333333,E20,10.62,62.6,36,0.752367,86.7896,11.3509,0.0,0,8.5948,1.4152,76.649,0.0,True,25.5,4840,2.4364,2.93
google,1000,20,linear,True,False,10.0,0.4,0.3,0.3,0,PSO,random,23,0.3333333333333333,E20,10.62,62.6,36,0.754898,86.7451,11.0527,0.0,0,8.5948,1.4141,75.35,0.0,True,25.5,4840,2.4355,2.89
google,1000,20,linear,True,False,10.0,0.4,0.3,0.3,0,PSO,random,24,0.3333333333333333,E20,10.62,62.6,36,0.744621,86.9256,12.2635,0.0,0,8.5448,1.4094,77.209,0.0,True,25.0,4840,2.4389,3.22
google,1000,20,linear,True,False,10.0,0.4,0.3,0.3,0,PSO,random,25,0.3333333333333333,E20,10.62,62.6,36,0.75868,86.6787,10.6071,0.0,0,8.6448,1.4284,75.742,0.0,True,25.5,4840,2.4379,2.96
google,1000,20,linear,True,False,10.0,0.4,0.3,0.3,0,PSO,random,26,0.3333333333333333,E20,10.62,62.6,36,0.763487,86.5943,10.0406,0.0,0,8.7448,1.4381,72.474,0.0,True,26.5,4840,2.4283,2.95
google,1000,20,linear,True,False,10.0,0.4,0.3,0.3,0,PSO,random,11,0.3333333333333333,E20,10.62,62.6,36,0.757448,86.7004,10.7522,0.0,0,8.6448,1.4248,76.338,0.0,True,25.0,4840,2.4852,3.02
google,1000,20,linear,True,False,10.0,0.4,0.3,0.3,0,PSO,random,12,0.3333333333333333,E20,10.62,62.6,36,0.767219,86.5288,9.601,0.0,0,8.7448,1.4388,74.237,0.0,True,26.5,4840,2.5115,2.98
google,1000,20,linear,True,False,10.0,0.4,0.3,0.3,0,PSO,random,13,0.3333333333333333,E20,10.62,62.6,36,0.760959,86.6387,10.3385,0.0,0,8.6948,1.4296,74.105,0.0,True,26.5,4840,2.458,2.86
google,1000,20,linear,True,False,10.0,0.4,0.3,0.3,0,PSO,random,14,0.3333333333333333,E20,10.62,62.6,36,0.766135,86.5478,9.7287,0.0,0,8.6948,1.4303,73.906,0.0,True,27.0,4840,2.433,2.8
google,1000,20,linear,True,False,10.0,0.4,0.3,0.3,0,PSO,random,15,0.3333333333333333,E20,10.62,62.6,36,0.761823,86.6235,10.2368,0.0,0,8.6448,1.4214,75.294,0.0,True,27.0,4840,2.45,2.83
google,1000,20,linear,True,False,10.0,0.4,0.3,0.3,0,PSO,random,16,0.3333333333333333,E20,10.62,62.6,36,0.751863,86.7984,11.4103,0.0,0,8.5948,1.4118,75.954,0.0,True,27.0,4840,2.4491,3.2
google,1000,20,linear,True,False,10.0,0.4,0.3,0.3,0,PSO,random,17,0.3333333333333333,E20,10.62,62.6,36,0.766273,86.5454,9.7124,0.0,0,8.7448,1.4392,73.585,0.0,True,27.0,4840,2.4538,2.88
google,1000,20,linear,True,False,10.0,0.4,0.3,0.3,0,PSO,random,18,0.3333333333333333,E20,10.62,62.6,36,0.753095,86.7768,11.2652,0.0,0,8.6448,1.4239,75.719,0.0,True,25.5,4840,2.4503,2.87
google,1000,20,linear,True,False,10.0,0.4,0.3,0.3,0,PSO,random,27,0.3333333333333333,E20,10.62,62.6,36,0.760678,86.6436,10.3716,0.0,0,8.6948,1.4366,73.908,0.0,True,26.5,4840,2.6351,2.85
google,1000,20,linear,True,False,10.0,0.4,0.3,0.3,0,PSO,random,28,0.3333333333333333,E20,10.62,62.6,36,0.757402,86.7012,10.7576,0.0,0,8.6448,1.4211,75.573,0.0,True,26.0,4840,2.6279,2.9
google,1000,20,linear,True,False,10.0,0.4,0.3,0.3,0,PSO,random,29,0.3333333333333333,E20,10.62,62.6,36,0.760122,86.6534,10.4371,0.0,0,8.6448,1.4272,75.171,0.0,True,27.5,4840,2.5883,3.02
google,1000,20,linear,True,False,10.0,0.4,0.3,0.3,0,PSO,random,30,0.3333333333333333,E20,10.62,62.6,36,0.758751,86.6775,10.5986,0.0,0,8.6448,1.421,75.025,0.0,True,25.5,4840,2.5809,2.96
google,1000,20,linear,True,False,10.0,0.4,0.3,0.3,0,DE,random,1,0.3333333333333333,E20,10.62,62.6,36,0.744459,86.9284,12.2827,0.0,0,8.4948,1.4024,78.752,0.0,True,25.5,4840,2.5157,2.11
google,1000,20,linear,True,False,10.0,0.4,0.3,0.3,0,DE,random,2,0.3333333333333333,E20,10.62,62.6,36,0.748148,86.8637,11.848,0.0,0,8.5448,1.4089,77.363,0.0,True,25.5,4840,2.501,1.99
google,1000,20,linear,True,False,10.0,0.4,0.3,0.3,0,DE,random,3,0.3333333333333333,E20,10.62,62.6,36,0.743015,86.9538,12.4529,0.0,0,8.4948,1.4051,77.462,0.0,True,25.5,4840,2.5078,1.96
google,1000,20,linear,True,False,10.0,0.4,0.3,0.3,0,DE,random,4,0.3333333333333333,E20,10.62,62.6,36,0.746763,86.888,12.0113,0.0,0,8.5948,1.4169,76.386,0.0,True,25.5,4840,2.5173,1.86
google,1000,20,linear,True,False,10.0,0.4,0.3,0.3,0,GWO,random,17,0.3333333333333333,E20,10.62,62.6,36,0.761377,86.6314,10.2892,0.0,0,8.7448,1.4371,75.559,0.0,True,25.5,4840,2.8471,1.63
google,1000,20,linear,True,False,10.0,0.4,0.3,0.3,0,GWO,random,18,0.3333333333333333,E20,10.62,62.6,36,0.760412,86.6483,10.403,0.0,0,8.6948,1.4298,75.458,0.0,True,25.5,4840,2.8903,1.67
google,1000,20,linear,True,False,10.0,0.4,0.3,0.3,0,GWO,random,19,0.3333333333333333,E20,10.62,62.6,36,0.741253,86.9847,12.6605,0.0,0,8.4948,1.3955,79.124,0.0,True,24.5,4840,2.8478,1.92
google,1000,20,linear,True,False,10.0,0.4,0.3,0.3,0,GWO,random,20,0.3333333333333333,E20,10.62,62.6,36,0.765708,86.5553,9.779,0.0,0,8.7448,1.4463,74.227,0.0,True,25.5,4840,2.823,1.67
google,1000,20,linear,True,False,10.0,0.4,0.3,0.3,0,GWO,random,21,0.3333333333333333,E20,10.62,62.6,36,0.757569,86.6982,10.738,0.0,0,8.6948,1.4312,76.493,0.0,True,25.0,4840,2.8258,1.71
google,1000,20,linear,True,False,10.0,0.4,0.3,0.3,0,GWO,random,22,0.3333333333333333,E20,10.62,62.6,36,0.75363,86.7674,11.2021,0.0,0,8.6448,1.4204,75.166,0.0,True,25.5,4840,2.8223,1.86
google,1000,20,linear,True,False,10.0,0.4,0.3,0.3,0,GWO,random,23,0.3333333333333333,E20,10.62,62.6,36,0.758986,86.6734,10.571,0.0,0,8.6948,1.4291,74.937,0.0,True,25.5,4840,2.8359,1.67
google,1000,20,linear,True,False,10.0,0.4,0.3,0.3,0,GWO,random,24,0.3333333333333333,E20,10.62,62.6,36,0.764394,86.5784,9.9338,0.0,0,8.7448,1.4406,74.324,0.0,True,25.5,4840,2.8207,1.74
google,1000,20,linear,True,False,10.0,0.4,0.3,0.3,0,DE,random,5,0.3333333333333333,E20,10.62,62.6,36,0.746679,86.8894,12.0211,0.0,0,8.5448,1.406,76.886,0.0,True,25.5,4840,2.6072,2.21
google,1000,20,linear,True,False,10.0,0.4,0.3,0.3,0,DE,random,6,0.3333333333333333,E20,10.62,62.6,36,0.749472,86.8404,11.692,0.0,0,8.5948,1.4157,76.359,0.0,True,25.5,4840,2.5389,1.89
google,1000,20,linear,True,False,10.0,0.4,0.3,0.3,0,DE,random,7,0.3333333333333333,E20,10.62,62.6,36,0.74772,86.8712,11.8984,0.0,0,8.5948,1.4141,76.976,0.0,True,25.5,4840,2.512,1.96
google,1000,20,linear,True,False,10.0,0.4,0.3,0.3,0,DE,random,8,0.3333333333333333,E20,10.62,62.6,36,0.745433,86.9113,12.1679,0.0,0,8.5448,1.4088,77.765,0.0,True,25.5,4840,2.5035,1.93
google,1000,20,linear,True,False,10.0,0.4,0.3,0.3,0,DE,random,9,0.3333333333333333,E20,10.62,62.6,36,0.747426,86.8763,11.9331,0.0,0,8.5448,1.4127,77.553,0.0,True,25.5,4840,2.5208,2.09
google,1000,20,linear,True,False,10.0,0.4,0.3,0.3,0,DE,random,10,0.3333333333333333,E20,10.62,62.6,36,0.742656,86.9601,12.4951,0.0,0,8.4948,1.3979,78.307,0.0,True,25.5,4840,2.531,2.09
google,1000,20,linear,True,False,10.0,0.4,0.3,0.3,0,DE,random,11,0.3333333333333333,E20,10.62,62.6,36,0.740699,86.9945,12.7257,0.0,0,8.4448,1.3887,79.635,0.0,True,26.0,4840,2.5297,2.28
google,1000,20,linear,True,False,10.0,0.4,0.3,0.3,0,DE,random,12,0.3333333333333333,E20,10.62,62.6,36,0.743544,86.9445,12.3905,0.0,0,8.5448,1.4087,78.063,0.0,True,25.5,4840,2.5137,2.02
google,1000,20,linear,True,False,10.0,0.4,0.3,0.3,0,GWO,random,25,0.3333333333333333,E20,10.62,62.6,36,0.763468,86.5947,10.0429,0.0,0,8.7448,1.4358,73.379,0.0,True,25.5,4840,2.8784,1.65
google,1000,20,linear,True,False,10.0,0.4,0.3,0.3,0,GWO,random,26,0.3333333333333333,E20,10.62,62.6,36,0.761883,86.6225,10.2297,0.0,0,8.6948,1.4351,74.97,0.0,True,25.5,4840,2.8795,1.7
google,1000,20,linear,True,False,10.0,0.4,0.3,0.3,0,GWO,random,27,0.3333333333333333,E20,10.62,62.6,36,0.756258,86.7212,10.8924,0.0,0,8.5948,1.4167,76.007,0.0,True,25.5,4840,2.8398,1.77
google,1000,20,linear,True,False,10.0,0.4,0.3,0.3,0,GWO,random,28,0.3333333333333333,E20,10.62,62.6,36,0.758649,86.6793,10.6108,0.0,0,8.6448,1.4221,75.5,0.0,True,26.5,4840,2.8227,1.91
google,1000,20,linear,True,False,10.0,0.4,0.3,0.3,0,GWO,random,29,0.3333333333333333,E20,10.62,62.6,36,0.761587,86.6277,10.2646,0.0,0,8.6948,1.4341,75.921,0.0,True,25.0,4840,2.8359,1.77
google,1000,20,linear,True,False,10.0,0.4,0.3,0.3,0,GWO,random,30,0.3333333333333333,E20,10.62,62.6,36,0.756642,86.7145,10.8472,0.0,0,8.6948,1.4313,74.57,0.0,True,25.5,4840,2.837,1.77
google,1000,20,linear,True,False,10.0,0.4,0.3,0.3,0,PSO,random,1,0.3333333333333333,E20,10.62,62.6,36,0.755694,86.7312,10.9588,0.0,0,8.6448,1.4266,75.676,0.0,True,25.0,4840,2.4453,2.91
google,1000,20,linear,True,False,10.0,0.4,0.3,0.3,0,PSO,random,2,0.3333333333333333,E20,10.62,62.6,36,0.752872,86.7807,11.2914,0.0,0,8.5948,1.4197,76.064,0.0,True,25.5,4840,2.4512,3.09
google,1000,20,linear,True,False,10.0,0.4,0.3,0.3,0,DE,random,13,0.3333333333333333,E20,10.62,62.6,36,0.743973,86.937,12.3399,0.0,0,8.5448,1.4026,77.175,0.0,True,25.5,4840,2.3522,2.06
google,1000,20,linear,True,False,10.0,0.4,0.3,0.3,0,DE,random,14,0.3333333333333333,E20,10.62,62.6,36,0.739783,87.0105,12.8336,0.0,0,8.4948,1.3999,78.675,0.0,True,25.5,4840,2.3572,1.97
google,1000,20,linear,True,False,10.0,0.4,0.3,0.3,0,DE,random,15,0.3333333333333333,E20,10.62,62.6,36,0.751366,86.8072,11.4689,0.0,0,8.5448,1.4095,77.469,0.0,True,26.0,4840,2.3487,1.93
google,1000,20,linear,True,False,10.0,0.4,0.3,0.3,0,DE,random,16,0.3333333333333333,E20,10.62,62.6,36,0.738701,87.0295,12.9611,0.0,0,8.4948,1.4019,79.339,0.0,True,25.0,4840,2.3632,2.16
google,1000,20,linear,True,False,10.0,0.4,0.3,0.3,0,DE,random,17,0.3333333333333333,E20,10.62,62.6,36,0.745519,86.9098,12.1578,0.0,0,8.4948,1.4019,78.605,0.0,True,25.0,4840,2.348,1.97
google,1000,20,linear,True,False,10.0,0.4,0.3,0.3,0,DE,random,18,0.3333333333333333,E20,10.62,62.6,36,0.752804,86.7819,11.2994,0.0,0,8.6448,1.4249,75.953,0.0,True,26.0,4840,2.3623,1.95
google,1000,20,linear,True,False,10.0,0.4,0.3,0.3,0,DE,random,19,0.3333333333333333,E20,10.62,62.6,36,0.747383,86.8771,11.9382,0.0,0,8.5448,1.4077,77.135,0.0,True,25.5,4840,2.3765,2.01
google,1000,20,linear,True,False,10.0,0.4,0.3,0.3,0,DE,random,20,0.3333333333333333,E20,10.62,62.6,36,0.743037,86.9534,12.4502,0.0,0,8.5448,1.4081,78.026,0.0,True,25.5,4840,2.395,1.9
google,1000,20,linear,True,False,10.0,0.4,0.3,0.3,0,DE,random,21,0.3333333333333333,E20,10.62,62.6,36,0.744263,86.9319,12.3057,0.0,0,8.5448,1.4054,77.946,0.0,True,25.0,4840,2.5084,2.36
google,1000,20,linear,True,False,10.0,0.4,0.3,0.3,0,DE,random,22,0.3333333333333333,E20,10.62,62.6,36,0.748579,86.8561,11.7973,0.0,0,8.5948,1.4135,77.066,0.0,True,25.0,4840,2.4939,1.92
google,1000,20,linear,True,False,10.0,0.4,0.3,0.3,0,DE,random,23,0.3333333333333333,E20,10.62,62.6,36,0.746099,86.8996,12.0895,0.0,0,8.5948,1.4104,76.934,0.0,True,25.5,4840,2.5117,1.83
google,1000,20,linear,True,False,10.0,0.4,0.3,0.3,0,DE,random,24,0.3333333333333333,E20,10.62,62.6,36,0.746977,86.8842,11.986,0.0,0,8.5448,1.4082,77.18,0.0,True,26.0,4840,2.4932,2.32
google,1000,20,linear,True,False,10.0,0.4,0.3,0.3,0,DE,random,25,0.3333333333333333,E20,10.62,62.6,36,0.740092,87.0051,12.7973,0.0,0,8.4448,1.3923,79.425,0.0,True,25.5,4840,2.5073,1.99
google,1000,20,linear,True,False,10.0,0.4,0.3,0.3,0,DE,random,26,0.3333333333333333,E20,10.62,62.6,36,0.736199,87.0735,13.2559,0.0,0,8.3948,1.3874,81.284,0.0,True,25.0,4840,2.5237,2.04
google,1000,20,linear,True,False,10.0,0.4,0.3,0.3,0,DE,random,27,0.3333333333333333,E20,10.62,62.6,36,0.744711,86.924,12.253,0.0,0,8.5448,1.4077,77.845,0.0,True,25.5,4840,2.5236,2.16
google,1000,20,linear,True,False,10.0,0.4,0.3,0.3,0,DE,random,28,0.3333333333333333,E20,10.62,62.6,36,0.738855,87.0268,12.943,0.0,0,8.4448,1.3972,80.009,0.0,True,25.0,4840,2.5475,2.09
google,1000,20,linear,True,False,10.0,0.4,0.3,0.3,0,WOA,carbon,11,0.3333333333333333,E20,10.62,62.6,36,0.64068,88.7506,24.5106,0.0,0,8.4948,1.37,64.276,0.0,True,25.5,4840,2.3783,1.74
google,1000,20,linear,True,False,10.0,0.4,0.3,0.3,0,WOA,carbon,12,0.3333333333333333,E20,10.62,62.6,36,0.641262,88.7404,24.442,0.0,0,8.4948,1.37,64.769,0.0,True,26.0,4840,2.3764,1.73
google,1000,20,linear,True,False,10.0,0.4,0.3,0.3,0,WOA,carbon,13,0.3333333333333333,E20,10.62,62.6,36,0.642404,88.7204,24.3075,0.0,0,8.5448,1.3775,61.765,0.0,True,26.0,4840,2.4013,1.75
google,1000,20,linear,True,False,10.0,0.4,0.3,0.3,0,WOA,carbon,14,0.3333333333333333,E20,10.62,62.6,36,0.641897,88.7293,24.3673,0.0,0,8.4948,1.37,66.946,0.0,True,25.5,4840,2.4084,1.71
google,1000,20,linear,True,False,10.0,0.4,0.3,0.3,0,WOA,carbon,15,0.3333333333333333,E20,10.62,62.6,36,0.647074,88.6384,23.7572,0.0,0,8.5448,1.3775,62.76,0.0,True,26.0,4840,2.4049,1.67
google,1000,20,linear,True,False,10.0,0.4,0.3,0.3,0,WOA,carbon,16,0.3333333333333333,E20,10.62,62.6,36,0.64725,88.6353,23.7365,0.0,0,8.5948,1.385,61.217,0.0,True,26.0,4840,2.4112,1.67
google,1000,20,linear,True,False,10.0,0.4,0.3,0.3,0,WOA,carbon,17,0.3333333333333333,E20,10.62,62.6,36,0.647373,88.6331,23.7221,0.0,0,8.5448,1.3775,63.37,0.0,True,26.0,4840,2.4081,1.74
google,1000,20,linear,True,False,10.0,0.4,0.3,0.3,0,WOA,carbon,18,0.3333333333333333,E20,10.62,62.6,36,0.641114,88.743,24.4595,0.0,0,8.4948,1.37,64.382,0.0,True,26.0,4840,2.4188,1.66
google,1000,20,linear,True,False,10.0,0.4,0.3,0.3,0,DE,random,29,0.3333333333333333,E20,10.62,62.6,36,0.74384,86.9393,12.3556,0.0,0,8.5448,1.407,77.772,0.0,True,25.5,4840,2.3762,1.94
google,1000,20,linear,True,False,10.0,0.4,0.3,0.3,0,DE,random,30,0.3333333333333333,E20,10.62,62.6,36,0.747843,86.869,11.8839,0.0,0,8.5948,1.4117,77.212,0.0,True,25.5,4840,2.3664,2.09
google,1000,20,linear,True,False,10.0,0.4,0.3,0.3,0,HHO,random,1,0.3333333333333333,E20,10.62,62.6,36,0.767769,86.5191,9.5361,0.0,0,8.8448,1.4568,71.779,0.0,True,27.5,8858,3.6416,1.71
google,1000,20,linear,True,False,10.0,0.4,0.3,0.3,0,HHO,random,2,0.3333333333333333,E20,10.62,62.6,36,0.745728,86.9061,12.1331,0.0,0,8.6448,1.4223,72.719,0.0,True,27.0,8868,3.6849,1.96
google,1000,20,linear,True,False,10.0,0.4,0.3,0.3,0,HHO,random,3,0.3333333333333333,E20,10.62,62.6,36,0.771029,86.4619,9.152,0.0,0,8.7448,1.4394,73.083,0.0,True,27.5,8832,3.6984,2.0
google,1000,20,linear,True,False,10.0,0.4,0.3,0.3,0,HHO,random,4,0.3333333333333333,E20,10.62,62.6,36,0.75209,86.7944,11.3835,0.0,0,8.7448,1.4429,73.066,0.0,True,27.5,8906,3.7339,1.88
google,1000,20,linear,True,False,10.0,0.4,0.3,0.3,0,HHO,random,5,0.3333333333333333,E20,10.62,62.6,36,0.761653,86.6265,10.2567,0.0,0,8.7948,1.4589,70.693,0.0,True,26.5,8820,3.6975,1.75
google,1000,20,linear,True,False,10.0,0.4,0.3,0.3,0,HHO,random,6,0.3333333333333333,E20,10.62,62.6,36,0.76396,86.586,9.9849,0.0,0,8.6948,1.4371,73.826,0.0,True,26.0,8874,3.7212,1.87
google,1000,20,linear,True,False,10.0,0.4,0.3,0.3,0,WOA,carbon,3,0.3333333333333333,E20,10.62,62.6,36,0.640552,88.7529,24.5257,0.0,0,8.4948,1.37,63.326,0.0,True,26.0,4840,2.5118,1.73
google,1000,20,linear,True,False,10.0,0.4,0.3,0.3,0,WOA,carbon,4,0.3333333333333333,E20,10.62,62.6,36,0.647199,88.6362,23.7425,0.0,0,8.5948,1.385,60.869,0.0,True,26.0,4840,2.5288,1.65
google,1000,20,linear,True,False,10.0,0.4,0.3,0.3,0,WOA,carbon,5,0.3333333333333333,E20,10.62,62.6,36,0.642464,88.7193,24.3005,0.0,0,8.5448,1.3775,61.986,0.0,True,26.0,4840,2.5457,1.77
google,1000,20,linear,True,False,10.0,0.4,0.3,0.3,0,WOA,carbon,6,0.3333333333333333,E20,10.62,62.6,36,0.641699,88.7327,24.3905,0.0,0,8.4948,1.37,66.601,0.0,True,25.5,4840,2.5384,1.63
google,1000,20,linear,True,False,10.0,0.4,0.3,0.3,0,WOA,carbon,7,0.3333333333333333,E20,10.62,62.6,36,0.647509,88.6307,23.706,0.0,0,8.6448,1.3925,59.386,0.0,True,26.0,4840,2.5657,1.67
google,1000,20,linear,True,False,10.0,0.4,0.3,0.3,0,WOA,carbon,8,0.3333333333333333,E20,10.62,62.6,36,0.644726,88.6796,24.034,0.0,0,8.5448,1.3775,61.637,0.0,True,26.0,4840,2.5645,1.67
google,1000,20,linear,True,False,10.0,0.4,0.3,0.3,0,WOA,carbon,9,0.3333333333333333,E20,10.62,62.6,36,0.641929,88.7287,24.3634,0.0,0,8.4948,1.37,66.431,0.0,True,26.0,4840,2.5727,1.73
google,1000,20,linear,True,False,10.0,0.4,0.3,0.3,0,WOA,carbon,10,0.3333333333333333,E20,10.62,62.6,36,0.646185,88.654,23.862,0.0,0,8.5948,1.385,60.377,0.0,True,26.0,4840,2.5674,1.65
google,1000,20,linear,True,False,10.0,0.4,0.3,0.3,0,WOA,carbon,27,0.3333333333333333,E20,10.62,62.6,36,0.640068,88.7614,24.5827,0.0,0,8.4448,1.3625,67.329,0.0,True,25.5,4840,2.5254,1.77
google,1000,20,linear,True,False,10.0,0.4,0.3,0.3,0,WOA,carbon,28,0.3333333333333333,E20,10.62,62.6,36,0.646908,88.6413,23.7768,0.0,0,8.5448,1.3775,61.697,0.0,True,26.0,4840,2.5396,1.73
google,1000,20,linear,True,False,10.0,0.4,0.3,0.3,0,WOA,carbon,29,0.3333333333333333,E20,10.62,62.6,36,0.646849,88.6423,23.7837,0.0,0,8.5448,1.3775,62.262,0.0,True,26.0,4840,2.5463,1.63
google,1000,20,linear,True,False,10.0,0.4,0.3,0.3,0,WOA,carbon,30,0.3333333333333333,E20,10.62,62.6,36,0.642236,88.7233,24.3273,0.0,0,8.5448,1.3775,61.928,0.0,True,26.0,4840,2.5634,1.71
google,1500,10,linear,True,False,10.0,0.4,0.3,0.3,0,FIFO,-,0,0.3333333333333333,E20,16.49,95.45,39,8.616002,0.0,-611.9473,0.0,0,95.9591,15.66,5.308,8.9738,False,24.5,0,0.0,0.0
google,1500,10,linear,True,False,10.0,0.4,0.3,0.3,0,Consolidation,-,0,0.3333333333333333,E20,16.49,95.45,39,1.210202,85.954,0.0,0.0,0,13.3091,2.1675,55.842,8.9738,False,24.5,0,0.0,0.0
google,1500,10,linear,True,False,10.0,0.4,0.3,0.3,0,Greedy(EDF+greenest),-,0,0.3333333333333333,E20,16.49,95.45,39,0.953278,88.936,21.2299,0.0,0,12.7091,2.0322,64.21,24.6881,False,26.0,0,0.0002,0.0
google,1500,10,linear,True,False,10.0,0.4,0.3,0.3,0,WOA,random,1,0.3333333333333333,E20,16.49,95.45,39,1.13496,86.8273,6.2174,0.0,0,13.1591,2.1646,71.595,0.0,True,28.0,4840,3.4816,2.36
google,1000,20,linear,True,False,10.0,0.4,0.3,0.3,0,WOA,carbon,19,0.3333333333333333,E20,10.62,62.6,36,0.642479,88.719,24.2987,0.0,0,8.5448,1.3775,61.946,0.0,True,26.0,4840,2.3885,1.77
google,1000,20,linear,True,False,10.0,0.4,0.3,0.3,0,WOA,carbon,20,0.3333333333333333,E20,10.62,62.6,36,0.644378,88.6857,24.0749,0.0,0,8.4948,1.37,66.112,0.0,True,26.0,4840,2.408,1.67
google,1000,20,linear,True,False,10.0,0.4,0.3,0.3,0,WOA,carbon,21,0.3333333333333333,E20,10.62,62.6,36,0.64585,88.6599,23.9015,0.0,0,8.5948,1.385,60.383,0.0,True,26.0,4840,2.4052,1.77
google,1000,20,linear,True,False,10.0,0.4,0.3,0.3,0,WOA,carbon,22,0.3333333333333333,E20,10.62,62.6,36,0.652685,88.5398,23.0961,0.0,0,8.6448,1.3925,57.633,0.0,True,26.0,4840,2.4283,1.64
google,1000,20,linear,True,False,10.0,0.4,0.3,0.3,0,WOA,carbon,23,0.3333333333333333,E20,10.62,62.6,36,0.647871,88.6244,23.6634,0.0,0,8.5948,1.385,61.092,0.0,True,26.0,4840,2.3954,1.75
google,1000,20,linear,True,False,10.0,0.4,0.3,0.3,0,WOA,carbon,24,0.3333333333333333,E20,10.62,62.6,36,0.643055,88.7089,24.2308,0.0,0,8.5448,1.3775,61.251,0.0,True,26.0,4840,2.4056,1.78
google,1000,20,linear,True,False,10.0,0.4,0.3,0.3,0,WOA,carbon,25,0.3333333333333333,E20,10.62,62.6,36,0.642089,88.7259,24.3446,0.0,0,8.4948,1.37,66.095,0.0,True,26.0,4840,2.4318,1.68
google,1000,20,linear,True,False,10.0,0.4,0.3,0.3,0,WOA,carbon,26,0.3333333333333333,E20,10.62,62.6,36,0.641856,88.73,24.372,0.0,0,8.5448,1.3775,61.809,0.0,True,26.0,4840,2.4123,1.8
google,1000,20,linear,True,False,10.0,0.4,0.3,0.3,0,HHO,random,7,0.3333333333333333,E20,10.62,62.6,36,0.770008,86.4798,9.2724,0.0,0,8.6948,1.446,74.121,0.0,True,27.0,8938,3.6753,1.76
google,1000,20,linear,True,False,10.0,0.4,0.3,0.3,0,HHO,random,8,0.3333333333333333,E20,10.62,62.6,36,0.76558,86.5576,9.7941,0.0,0,8.8448,1.4568,70.067,0.0,True,28.0,8902,3.6731,1.76
google,1000,20,linear,True,False,10.0,0.4,0.3,0.3,0,HHO,random,9,0.3333333333333333,E20,10.62,62.6,36,0.766868,86.535,9.6423,0.0,0,8.6948,1.441,74.723,0.0,True,26.0,8852,3.679,1.89
google,1000,20,linear,True,False,10.0,0.4,0.3,0.3,0,HHO,random,10,0.3333333333333333,E20,10.62,62.6,36,0.754427,86.7534,11.1082,0.0,0,8.6448,1.4251,74.319,0.0,True,28.5,8918,3.7155,1.97
google,1000,20,linear,True,False,10.0,0.4,0.3,0.3,0,HHO,random,11,0.3333333333333333,E20,10.62,62.6,36,0.767948,86.516,9.515,0.0,0,8.7948,1.4495,71.132,0.0,True,27.0,8868,3.6995,1.79
google,1000,20,linear,True,False,10.0,0.4,0.3,0.3,0,HHO,random,12,0.3333333333333333,E20,10.62,62.6,36,0.767649,86.5212,9.5502,0.0,0,8.8448,1.4532,69.711,0.0,True,28.0,8920,3.7243,2.02
google,1000,20,linear,True,False,10.0,0.4,0.3,0.3,0,HHO,random,13,0.3333333333333333,E20,10.62,62.6,36,0.763503,86.594,10.0387,0.0,0,8.8948,1.4748,70.459,0.0,True,27.5,8898,3.7275,1.89
google,1000,20,linear,True,False,10.0,0.4,0.3,0.3,0,HHO,random,14,0.3333333333333333,E20,10.62,62.6,36,0.767176,86.5296,9.606,0.0,0,8.6948,1.4343,75.195,0.0,True,27.5,8978,3.7505,1.67
google,1000,20,linear,True,False,10.0,0.4,0.3,0.3,0,HHO,random,15,0.3333333333333333,E20,10.62,62.6,36,0.748995,86.8488,11.7482,0.0,0,8.6948,1.4285,73.736,0.0,True,27.0,9022,3.7168,1.97
google,1000,20,linear,True,False,10.0,0.4,0.3,0.3,0,HHO,random,16,0.3333333333333333,E20,10.62,62.6,36,0.767573,86.5226,9.5593,0.0,0,8.8448,1.4687,71.562,0.0,True,27.0,8898,3.6895,1.85
google,1000,20,linear,True,False,10.0,0.4,0.3,0.3,0,HHO,random,17,0.3333333333333333,E20,10.62,62.6,36,0.760142,86.6531,10.4348,0.0,0,8.6948,1.4296,74.164,0.0,True,27.0,8858,3.7048,1.64
google,1000,20,linear,True,False,10.0,0.4,0.3,0.3,0,HHO,random,18,0.3333333333333333,E20,10.62,62.6,36,0.765586,86.5575,9.7933,0.0,0,8.7948,1.4526,71.43,0.0,True,26.5,8864,3.7095,1.81
google,1000,20,linear,True,False,10.0,0.4,0.3,0.3,0,HHO,random,19,0.3333333333333333,E20,10.62,62.6,36,0.757029,86.7077,10.8016,0.0,0,8.6948,1.433,73.816,0.0,True,26.0,8934,3.7307,1.84
google,1000,20,linear,True,False,10.0,0.4,0.3,0.3,0,HHO,random,20,0.3333333333333333,E20,10.62,62.6,36,0.757955,86.6915,10.6925,0.0,0,8.6448,1.4268,75.983,0.0,True,26.5,8930,3.7414,1.9
google,1000,20,linear,True,False,10.0,0.4,0.3,0.3,0,HHO,random,21,0.3333333333333333,E20,10.62,62.6,36,0.760412,86.6483,10.403,0.0,0,8.7948,1.4624,71.057,0.0,True,28.5,8954,3.755,1.73
google,1000,20,linear,True,False,10.0,0.4,0.3,0.3,0,HHO,random,22,0.3333333333333333,E20,10.62,62.6,36,0.75895,86.674,10.5752,0.0,0,8.7448,1.4382,72.228,0.0,True,28.0,8892,3.7219,1.63
google,1000,20,linear,True,False,10.0,0.4,0.3,0.3,0,HHO,random,23,0.3333333333333333,E20,10.62,62.6,36,0.757156,86.7055,10.7866,0.0,0,8.7448,1.4389,73.01,0.0,True,27.0,8964,3.7206,1.91
google,1000,20,linear,True,False,10.0,0.4,0.3,0.3,0,HHO,random,24,0.3333333333333333,E20,10.62,62.6,36,0.752937,86.7796,11.2837,0.0,0,8.6448,1.4266,74.505,0.0,True,26.5,8800,3.6836,1.82
google,1000,20,linear,True,False,10.0,0.4,0.3,0.3,0,HHO,random,25,0.3333333333333333,E20,10.62,62.6,36,0.762809,86.6062,10.1205,0.0,0,8.7448,1.4406,72.126,0.0,True,27.0,8852,3.7323,1.72
google,1000,20,linear,True,False,10.0,0.4,0.3,0.3,0,HHO,random,26,0.3333333333333333,E20,10.62,62.6,36,0.760505,86.6467,10.392,0.0,0,8.6948,1.4312,73.601,0.0,True,27.5,8876,3.7242,1.86
google,1000,20,linear,True,False,10.0,0.4,0.3,0.3,0,HHO,random,27,0.3333333333333333,E20,10.62,62.6,36,0.763251,86.5985,10.0684,0.0,0,8.6948,1.4307,75.763,0.0,True,27.5,8942,3.7651,1.62
google,1000,20,linear,True,False,10.0,0.4,0.3,0.3,0,HHO,random,28,0.3333333333333333,E20,10.62,62.6,36,0.765044,86.567,9.8572,0.0,0,8.7948,1.4414,72.073,0.0,True,28.0,8962,3.7629,1.69
google,1000,20,linear,True,False,10.0,0.4,0.3,0.3,0,HHO,random,29,0.3333333333333333,E20,10.62,62.6,36,0.753064,86.7773,11.2688,0.0,0,8.6948,1.4461,73.217,0.0,True,27.0,8826,3.7238,1.76
google,1000,20,linear,True,False,10.0,0.4,0.3,0.3,0,HHO,random,30,0.3333333333333333,E20,10.62,62.6,36,0.749634,86.8376,11.6729,0.0,0,8.7448,1.4425,68.984,0.0,True,28.0,9080,3.8123,1.86
google,1000,20,linear,True,False,10.0,0.4,0.3,0.3,0,GA,random,25,0.3333333333333333,E20,10.62,62.6,36,0.744141,86.934,12.3202,0.0,0,8.5448,1.4036,76.724,0.0,True,25.5,4840,4.1351,2.61
google,1000,20,linear,True,False,10.0,0.4,0.3,0.3,0,GA,random,26,0.3333333333333333,E20,10.62,62.6,36,0.74348,86.9456,12.398,0.0,0,8.5448,1.4058,77.427,0.0,True,25.5,4840,4.1401,2.66
google,1000,20,linear,True,False,10.0,0.4,0.3,0.3,0,GA,random,27,0.3333333333333333,E20,10.62,62.6,36,0.745258,86.9144,12.1885,0.0,0,8.5948,1.4157,77.81,0.0,True,25.5,4840,4.1614,2.51
google,1000,20,linear,True,False,10.0,0.4,0.3,0.3,0,GA,random,28,0.3333333333333333,E20,10.62,62.6,36,0.738279,87.0369,13.0109,0.0,0,8.4948,1.403,78.951,0.0,True,25.0,4840,4.1751,2.6
google,1000,20,linear,True,False,10.0,0.4,0.3,0.3,0,GA,random,29,0.3333333333333333,E20,10.62,62.6,36,0.736002,87.0769,13.2792,0.0,0,8.4448,1.3923,79.683,0.0,True,25.0,4840,4.1662,2.42
google,1000,20,linear,True,False,10.0,0.4,0.3,0.3,0,GA,random,30,0.3333333333333333,E20,10.62,62.6,36,0.741748,86.976,12.6021,0.0,0,8.4948,1.3991,78.095,0.0,True,25.5,4840,4.1718,2.58
google,1000,20,linear,True,False,10.0,0.4,0.3,0.3,0,WOA,carbon,1,0.3333333333333333,E20,10.62,62.6,36,0.646247,88.6529,23.8546,0.0,0,8.5448,1.3775,62.666,0.0,True,26.0,4840,2.417,1.73
google,1000,20,linear,True,False,10.0,0.4,0.3,0.3,0,WOA,carbon,2,0.3333333333333333,E20,10.62,62.6,36,0.646942,88.6407,23.7727,0.0,0,8.5448,1.3775,62.931,0.0,True,26.0,4840,2.4102,1.75
google,1000,20,linear,True,False,10.0,0.4,0.3,0.3,0,GA,random,1,0.3333333333333333,E20,10.62,62.6,36,0.745615,86.9081,12.1465,0.0,0,8.5948,1.4169,76.973,0.0,True,25.5,4840,4.0925,2.63
google,1000,20,linear,True,False,10.0,0.4,0.3,0.3,0,GA,random,2,0.3333333333333333,E20,10.62,62.6,36,0.738752,87.0286,12.9551,0.0,0,8.5448,1.4116,77.82,0.0,True,25.5,4840,4.1296,2.66
google,1000,20,linear,True,False,10.0,0.4,0.3,0.3,0,GA,random,3,0.3333333333333333,E20,10.62,62.6,36,0.745664,86.9073,12.1407,0.0,0,8.5448,1.4092,77.325,0.0,True,26.5,4840,4.1489,2.59
google,1000,20,linear,True,False,10.0,0.4,0.3,0.3,0,GA,random,4,0.3333333333333333,E20,10.62,62.6,36,0.739214,87.0205,12.9007,0.0,0,8.4948,1.4036,78.601,0.0,True,25.5,4840,4.1629,2.53
google,1000,20,linear,True,False,10.0,0.4,0.3,0.3,0,GA,random,5,0.3333333333333333,E20,10.62,62.6,36,0.735212,87.0908,13.3723,0.0,0,8.4948,1.3953,78.786,0.0,True,25.0,4840,4.1608,2.56
google,1000,20,linear,True,False,10.0,0.4,0.3,0.3,0,GA,random,6,0.3333333333333333,E20,10.62,62.6,36,0.74357,86.944,12.3874,0.0,0,8.5448,1.4071,77.131,0.0,True,25.5,4840,4.1537,2.68
google,1000,20,linear,True,False,10.0,0.4,0.3,0.3,0,GA,random,7,0.3333333333333333,E20,10.62,62.6,36,0.744339,86.9305,12.2968,0.0,0,8.5448,1.4111,77.732,0.0,True,25.0,4840,4.1627,2.57
google,1000,20,linear,True,False,10.0,0.4,0.3,0.3,0,GA,random,8,0.3333333333333333,E20,10.62,62.6,36,0.746091,86.8998,12.0904,0.0,0,8.5448,1.4092,76.854,0.0,True,25.5,4840,4.1599,2.62
google,1000,20,linear,True,False,10.0,0.4,0.3,0.3,0,GA,random,9,0.3333333333333333,E20,10.62,62.6,36,0.74732,86.8782,11.9456,0.0,0,8.5448,1.4071,77.96,0.0,True,25.5,4840,4.0967,2.55
google,1000,20,linear,True,False,10.0,0.4,0.3,0.3,0,GA,random,10,0.3333333333333333,E20,10.62,62.6,36,0.745589,86.9086,12.1495,0.0,0,8.5448,1.4061,77.551,0.0,True,25.5,4840,4.125,2.53
google,1000,20,linear,True,False,10.0,0.4,0.3,0.3,0,GA,random,11,0.3333333333333333,E20,10.62,62.6,36,0.747682,86.8718,11.9029,0.0,0,8.5948,1.4107,77.566,0.0,True,25.5,4840,4.1365,2.54
google,1000,20,linear,True,False,10.0,0.4,0.3,0.3,0,GA,random,12,0.3333333333333333,E20,10.62,62.6,36,0.740726,86.994,12.7225,0.0,0,8.4948,1.4031,78.645,0.0,True,25.5,4840,4.1536,2.62
google,1000,20,linear,True,False,10.0,0.4,0.3,0.3,0,GA,random,13,0.3333333333333333,E20,10.62,62.6,36,0.742078,86.9702,12.5633,0.0,0,8.5448,1.4058,77.131,0.0,True,25.5,4840,4.1641,2.51
google,1000,20,linear,True,False,10.0,0.4,0.3,0.3,0,GA,random,14,0.3333333333333333,E20,10.62,62.6,36,0.742154,86.9689,12.5543,0.0,0,8.4948,1.4041,78.662,0.0,True,25.5,4840,4.1583,2.53
google,1000,20,linear,True,False,10.0,0.4,0.3,0.3,0,GA,random,15,0.3333333333333333,E20,10.62,62.6,36,0.740629,86.9957,12.7339,0.0,0,8.4948,1.3991,79.044,0.0,True,25.0,4840,4.1555,2.63
google,1000,20,linear,True,False,10.0,0.4,0.3,0.3,0,GA,random,16,0.3333333333333333,E20,10.62,62.6,36,0.737774,87.0458,13.0704,0.0,0,8.4948,1.4006,78.44,0.0,True,25.0,4840,4.1683,2.56
google,1000,20,linear,True,False,10.0,0.4,0.3,0.3,0,GA,random,17,0.3333333333333333,E20,10.62,62.6,36,0.744675,86.9246,12.2573,0.0,0,8.5448,1.4054,77.089,0.0,True,25.5,4840,4.3901,2.59
google,1000,20,linear,True,False,10.0,0.4,0.3,0.3,0,GA,random,18,0.3333333333333333,E20,10.62,62.6,36,0.735434,87.0869,13.3461,0.0,0,8.4948,1.4017,78.873,0.0,True,25.5,4840,4.4114,2.65
google,1000,20,linear,True,False,10.0,0.4,0.3,0.3,0,GA,random,19,0.3333333333333333,E20,10.62,62.6,36,0.751234,86.8095,11.4844,0.0,0,8.5948,1.4186,76.232,0.0,True,25.5,4840,4.4228,2.57
google,1000,20,linear,True,False,10.0,0.4,0.3,0.3,0,GA,random,20,0.3333333333333333,E20,10.62,62.6,36,0.743128,86.9518,12.4395,0.0,0,8.4948,1.403,78.191,0.0,True,25.5,4840,4.4289,2.61
google,1000,20,linear,True,False,10.0,0.4,0.3,0.3,0,GA,random,21,0.3333333333333333,E20,10.62,62.6,36,0.745514,86.9099,12.1584,0.0,0,8.5448,1.4094,77.547,0.0,True,25.5,4840,4.4637,2.56
google,1000,20,linear,True,False,10.0,0.4,0.3,0.3,0,GA,random,22,0.3333333333333333,E20,10.62,62.6,36,0.747874,86.8685,11.8803,0.0,0,8.5448,1.406,76.939,0.0,True,25.5,4840,4.4385,2.52
google,1000,20,linear,True,False,10.0,0.4,0.3,0.3,0,GA,random,23,0.3333333333333333,E20,10.62,62.6,36,0.740062,87.0056,12.8007,0.0,0,8.4948,1.3961,79.886,0.0,True,25.0,4840,4.4206,2.5
google,1000,20,linear,True,False,10.0,0.4,0.3,0.3,0,GA,random,24,0.3333333333333333,E20,10.62,62.6,36,0.747265,86.8792,11.9521,0.0,0,8.5948,1.4119,77.154,0.0,True,25.5,4840,4.4181,2.5
google,1500,10,linear,True,False,10.0,0.4,0.3,0.3,0,WOA,random,2,0.3333333333333333,E20,16.49,95.45,39,1.140915,86.7582,5.7252,0.0,0,13.1591,2.169,73.055,0.0,True,28.0,4840,3.2783,2.42
google,1500,10,linear,True,False,10.0,0.4,0.3,0.3,0,WOA,random,3,0.3333333333333333,E20,16.49,95.45,39,1.12628,86.928,6.9346,0.0,0,13.0591,2.1632,74.727,0.0,True,27.5,4840,3.2389,2.72
google,1500,10,linear,True,False,10.0,0.4,0.3,0.3,0,WOA,random,4,0.3333333333333333,E20,16.49,95.45,39,1.137428,86.7987,6.0134,0.0,0,13.1091,2.1713,72.019,0.0,True,28.0,4840,3.2531,2.69
google,1500,10,linear,True,False,10.0,0.4,0.3,0.3,0,WOA,random,5,0.3333333333333333,E20,16.49,95.45,39,1.135791,86.8177,6.1487,0.0,0,13.1091,2.1691,73.261,0.0,True,27.5,4840,3.2614,2.57
google,1500,10,linear,True,False,10.0,0.4,0.3,0.3,0,WOA,random,6,0.3333333333333333,E20,16.49,95.45,39,1.110244,87.1142,8.2597,0.0,0,12.9091,2.1424,76.322,0.0,True,27.5,4840,3.2489,2.81
google,1500,10,linear,True,False,10.0,0.4,0.3,0.3,0,WOA,random,7,0.3333333333333333,E20,16.49,95.45,39,1.121794,86.9801,7.3052,0.0,0,13.0091,2.1647,75.459,0.0,True,27.5,4840,3.2669,2.57
google,1500,10,linear,True,False,10.0,0.4,0.3,0.3,0,WOA,random,8,0.3333333333333333,E20,16.49,95.45,39,1.134119,86.8371,6.2869,0.0,0,13.0591,2.1616,74.219,0.0,True,27.5,4840,3.3067,2.59
google,1500,10,linear,True,False,10.0,0.4,0.3,0.3,0,WOA,random,9,0.3333333333333333,E20,16.49,95.45,39,1.125423,86.938,7.0054,0.0,0,13.0091,2.1569,75.182,0.0,True,27.5,4840,3.291,2.48
google,1500,10,linear,True,False,10.0,0.4,0.3,0.3,0,WOA,random,10,0.3333333333333333,E20,16.49,95.45,39,1.127755,86.9109,6.8127,0.0,0,13.0591,2.1645,74.097,0.0,True,27.5,4840,3.2897,2.63
google,1500,10,linear,True,False,10.0,0.4,0.3,0.3,0,WOA,random,11,0.3333333333333333,E20,16.49,95.45,39,1.129474,86.891,6.6707,0.0,0,13.1091,2.1632,71.72,0.0,True,28.0,4840,3.2878,2.4
google,1500,10,linear,True,False,10.0,0.4,0.3,0.3,0,WOA,random,12,0.3333333333333333,E20,16.49,95.45,39,1.133837,86.8403,6.3101,0.0,0,13.2091,2.1743,70.266,0.0,True,27.5,4840,3.2454,2.49
google,1500,10,linear,True,False,10.0,0.4,0.3,0.3,0,WOA,random,13,0.3333333333333333,E20,16.49,95.45,39,1.12655,86.9249,6.9123,0.0,0,13.0591,2.1569,71.863,0.0,True,28.0,4840,3.276,2.58
google,1500,10,linear,True,False,10.0,0.4,0.3,0.3,0,WOA,random,14,0.3333333333333333,E20,16.49,95.45,39,1.127594,86.9128,6.826,0.0,0,13.1091,2.1679,73.393,0.0,True,28.0,4840,3.2586,2.52
google,1500,10,linear,True,False,10.0,0.4,0.3,0.3,0,WOA,random,15,0.3333333333333333,E20,16.49,95.45,39,1.127515,86.9137,6.8326,0.0,0,13.1591,2.1702,73.064,0.0,True,27.5,4840,3.2774,2.62
google,1500,10,linear,True,False,10.0,0.4,0.3,0.3,0,WOA,random,16,0.3333333333333333,E20,16.49,95.45,39,1.114422,87.0657,7.9144,0.0,0,12.9091,2.1293,77.773,0.0,True,26.5,4840,3.3093,2.81
google,1500,10,linear,True,False,10.0,0.4,0.3,0.3,0,WOA,random,17,0.3333333333333333,E20,16.49,95.45,39,1.137541,86.7973,6.0041,0.0,0,13.2091,2.1794,71.214,0.0,True,28.0,4840,3.3152,2.54
google,1500,10,linear,True,False,10.0,0.4,0.3,0.3,0,WOA,random,18,0.3333333333333333,E20,16.49,95.45,39,1.123014,86.966,7.2045,0.0,0,13.0591,2.1535,73.141,0.0,True,27.5,4840,3.4929,2.5
google,1500,10,linear,True,False,10.0,0.4,0.3,0.3,0,WOA,random,19,0.3333333333333333,E20,16.49,95.45,39,1.12987,86.8864,6.6379,0.0,0,13.1091,2.173,72.829,0.0,True,28.0,4840,3.4832,2.65
google,1500,10,linear,True,False,10.0,0.4,0.3,0.3,0,WOA,random,20,0.3333333333333333,E20,16.49,95.45,39,1.12325,86.9632,7.1849,0.0,0,13.0591,2.1443,73.743,0.0,True,27.5,4840,3.5163,2.47
google,1500,10,linear,True,False,10.0,0.4,0.3,0.3,0,WOA,random,21,0.3333333333333333,E20,16.49,95.45,39,1.124892,86.9441,7.0492,0.0,0,13.0591,2.1587,72.933,0.0,True,28.0,4840,3.493,2.52
google,1500,10,linear,True,False,10.0,0.4,0.3,0.3,0,WOA,random,22,0.3333333333333333,E20,16.49,95.45,39,1.123533,86.9599,7.1616,0.0,0,13.0591,2.1524,73.255,0.0,True,28.5,4840,3.5043,2.58
google,1500,10,linear,True,False,10.0,0.4,0.3,0.3,0,WOA,random,23,0.3333333333333333,E20,16.49,95.45,39,1.114394,87.066,7.9167,0.0,0,12.9591,2.1419,74.828,0.0,True,28.0,4840,3.5602,2.54
google,1500,10,linear,True,False,10.0,0.4,0.3,0.3,0,WOA,random,24,0.3333333333333333,E20,16.49,95.45,39,1.126184,86.9292,6.9425,0.0,0,13.0591,2.146,76.449,0.0,True,27.5,4840,3.5376,2.42
google,1500,10,linear,True,False,10.0,0.4,0.3,0.3,0,WOA,random,25,0.3333333333333333,E20,16.49,95.45,39,1.134646,86.8309,6.2433,0.0,0,13.0591,2.1559,74.803,0.0,True,27.5,4840,3.5209,2.62
google,1500,10,linear,True,False,10.0,0.4,0.3,0.3,0,WOA,random,26,0.3333333333333333,E20,16.49,95.45,39,1.134816,86.829,6.2292,0.0,0,13.1591,2.1668,71.143,0.0,True,27.5,4840,3.481,2.63
google,1500,10,linear,True,False,10.0,0.4,0.3,0.3,0,WOA,random,27,0.3333333333333333,E20,16.49,95.45,39,1.104166,87.1847,8.7619,0.0,0,12.8591,2.1224,79.094,0.0,True,27.0,4840,3.4431,2.58
google,1500,10,linear,True,False,10.0,0.4,0.3,0.3,0,WOA,random,28,0.3333333333333333,E20,16.49,95.45,39,1.124576,86.9478,7.0754,0.0,0,13.0591,2.1661,73.141,0.0,True,28.0,4840,3.466,2.42
google,1500,10,linear,True,False,10.0,0.4,0.3,0.3,0,WOA,random,29,0.3333333333333333,E20,16.49,95.45,39,1.129581,86.8897,6.6618,0.0,0,13.1091,2.1526,71.94,0.0,True,28.0,4840,3.4657,2.43
google,1500,10,linear,True,False,10.0,0.4,0.3,0.3,0,WOA,random,30,0.3333333333333333,E20,16.49,95.45,39,1.126884,86.921,6.8847,0.0,0,13.1091,2.1576,72.266,0.0,True,28.5,4840,3.4619,2.66
google,1500,10,linear,True,False,10.0,0.4,0.3,0.3,0,GWO,random,1,0.3333333333333333,E20,16.49,95.45,39,1.127241,86.9169,6.8552,0.0,0,12.9091,2.1287,79.773,0.0,True,25.5,4840,4.0394,2.53
google,1500,10,linear,True,False,10.0,0.4,0.3,0.3,0,GWO,random,2,0.3333333333333333,E20,16.49,95.45,39,1.132035,86.8613,6.4591,0.0,0,12.8591,2.1339,81.5,0.0,True,25.5,4840,3.9712,2.46
google,1500,10,linear,True,False,10.0,0.4,0.3,0.3,0,GWO,random,3,0.3333333333333333,E20,16.49,95.45,39,1.118088,87.0231,7.6115,0.0,0,12.8091,2.1105,82.679,0.0,True,25.5,4840,3.9945,2.45
google,1500,10,linear,True,False,10.0,0.4,0.3,0.3,0,GWO,random,4,0.3333333333333333,E20,16.49,95.45,39,1.112481,87.0882,8.0748,0.0,0,12.7091,2.1061,82.5,0.0,True,25.5,4840,3.7688,2.68
google,1500,10,linear,True,False,10.0,0.4,0.3,0.3,0,GWO,random,5,0.3333333333333333,E20,16.49,95.45,39,1.132148,86.8599,6.4497,0.0,0,12.9591,2.1347,80.002,0.0,True,25.5,4840,3.7389,2.38
google,1500,10,linear,True,False,10.0,0.4,0.3,0.3,0,GWO,random,6,0.3333333333333333,E20,16.49,95.45,39,1.11063,87.1097,8.2277,0.0,0,12.7591,2.0976,83.271,0.0,True,25.5,4840,3.7526,2.7
google,1500,10,linear,True,False,10.0,0.4,0.3,0.3,0,GWO,random,7,0.3333333333333333,E20,16.49,95.45,39,1.127383,86.9152,6.8434,0.0,0,12.9591,2.1477,79.516,0.0,True,25.5,4840,3.7582,2.46
google,1500,10,linear,True,False,10.0,0.4,0.3,0.3,0,GWO,random,8,0.3333333333333333,E20,16.49,95.45,39,1.116669,87.0396,7.7288,0.0,0,12.7091,2.0994,82.168,0.0,True,25.5,4840,3.8023,2.84
google,1500,10,linear,True,False,10.0,0.4,0.3,0.3,0,GWO,random,9,0.3333333333333333,E20,16.49,95.45,39,1.135972,86.8156,6.1337,0.0,0,12.9591,2.1317,79.42,0.0,True,25.5,4840,3.7629,2.46
google,1500,10,linear,True,False,10.0,0.4,0.3,0.3,0,GWO,random,10,0.3333333333333333,E20,16.49,95.45,39,1.129116,86.8951,6.7002,0.0,0,12.9091,2.1171,79.898,0.0,True,25.5,4840,3.7702,2.37
google,1500,10,linear,True,False,10.0,0.4,0.3,0.3,0,GWO,random,11,0.3333333333333333,E20,16.49,95.45,39,1.122844,86.9679,7.2185,0.0,0,12.8091,2.102,81.674,0.0,True,25.5,4840,3.7835,2.47
google,1500,10,linear,True,False,10.0,0.4,0.3,0.3,0,PSO,random,6,0.3333333333333333,E20,16.49,95.45,39,1.142477,86.7401,5.5962,0.0,0,13.0091,2.1317,77.815,0.0,True,27.5,4840,3.3623,4.15
google,1500,10,linear,True,False,10.0,0.4,0.3,0.3,0,PSO,random,7,0.3333333333333333,E20,16.49,95.45,39,1.134871,86.8283,6.2247,0.0,0,12.9591,2.1471,77.595,0.0,True,26.5,4840,3.3557,4.23
google,1500,10,linear,True,False,10.0,0.4,0.3,0.3,0,PSO,random,8,0.3333333333333333,E20,16.49,95.45,39,1.14505,86.7102,5.3836,0.0,0,13.0091,2.1546,77.602,0.0,True,26.5,4840,3.3615,4.23
google,1500,10,linear,True,False,10.0,0.4,0.3,0.3,0,PSO,random,9,0.3333333333333333,E20,16.49,95.45,39,1.129414,86.8917,6.6756,0.0,0,12.9591,2.1511,79.652,0.0,True,26.5,4840,3.4227,4.16
google,1500,10,linear,True,False,10.0,0.4,0.3,0.3,0,PSO,random,10,0.3333333333333333,E20,16.49,95.45,39,1.127973,86.9084,6.7947,0.0,0,12.9091,2.1334,79.439,0.0,True,26.0,4840,3.3724,4.21
google,1500,10,linear,True,False,10.0,0.4,0.3,0.3,0,PSO,random,11,0.3333333333333333,E20,16.49,95.45,39,1.127512,86.9137,6.8328,0.0,0,12.8591,2.1246,80.385,0.0,True,26.0,4840,3.3816,4.28
google,1500,10,linear,True,False,10.0,0.4,0.3,0.3,0,PSO,random,12,0.3333333333333333,E20,16.49,95.45,39,1.126304,86.9278,6.9326,0.0,0,12.9091,2.1379,78.672,0.0,True,26.5,4840,3.3887,4.11
google,1500,10,linear,True,False,10.0,0.4,0.3,0.3,0,PSO,random,13,0.3333333333333333,E20,16.49,95.45,39,1.14048,86.7632,5.7612,0.0,0,13.0091,2.1535,77.092,0.0,True,27.5,4840,3.4044,4.21
google,1500,10,linear,True,False,10.0,0.4,0.3,0.3,0,GWO,random,28,0.3333333333333333,E20,16.49,95.45,39,1.138593,86.7851,5.9171,0.0,0,13.0591,2.149,77.53,0.0,True,27.0,4840,3.803,2.41
google,1500,10,linear,True,False,10.0,0.4,0.3,0.3,0,GWO,random,29,0.3333333333333333,E20,16.49,95.45,39,1.131513,86.8673,6.5022,0.0,0,12.9591,2.1471,80.025,0.0,True,25.5,4840,3.7782,2.41
google,1500,10,linear,True,False,10.0,0.4,0.3,0.3,0,GWO,random,30,0.3333333333333333,E20,16.49,95.45,39,1.10692,87.1527,8.5343,0.0,0,12.6591,2.0701,83.23,0.0,True,25.5,4840,3.7927,2.7
google,1500,10,linear,True,False,10.0,0.4,0.3,0.3,0,PSO,random,1,0.3333333333333333,E20,16.49,95.45,39,1.142371,86.7413,5.605,0.0,0,13.0591,2.161,76.979,0.0,True,27.0,4840,3.4258,4.22
google,1500,10,linear,True,False,10.0,0.4,0.3,0.3,0,PSO,random,2,0.3333333333333333,E20,16.49,95.45,39,1.124546,86.9482,7.0779,0.0,0,12.9091,2.1134,79.131,0.0,True,26.5,4840,3.367,4.37
google,1500,10,linear,True,False,10.0,0.4,0.3,0.3,0,PSO,random,3,0.3333333333333333,E20,16.49,95.45,39,1.127547,86.9133,6.8299,0.0,0,12.9091,2.1413,80.016,0.0,True,26.0,4840,3.3675,4.29
google,1500,10,linear,True,False,10.0,0.4,0.3,0.3,0,PSO,random,4,0.3333333333333333,E20,16.49,95.45,39,1.122096,86.9766,7.2803,0.0,0,12.8591,2.1316,80.249,0.0,True,26.0,4840,3.3969,4.24
google,1500,10,linear,True,False,10.0,0.4,0.3,0.3,0,PSO,random,5,0.3333333333333333,E20,16.49,95.45,39,1.128638,86.9007,6.7397,0.0,0,12.9091,2.1351,79.538,0.0,True,26.5,4840,3.386,4.25
google,1500,10,linear,True,False,10.0,0.4,0.3,0.3,0,GWO,random,12,0.3333333333333333,E20,16.49,95.45,39,1.115537,87.0527,7.8222,0.0,0,12.7591,2.1079,82.69,0.0,True,25.5,4840,3.7836,2.6
google,1500,10,linear,True,False,10.0,0.4,0.3,0.3,0,GWO,random,13,0.3333333333333333,E20,16.49,95.45,39,1.128856,86.8981,6.7217,0.0,0,12.9091,2.1419,80.164,0.0,True,25.5,4840,3.7655,2.44
google,1500,10,linear,True,False,10.0,0.4,0.3,0.3,0,GWO,random,14,0.3333333333333333,E20,16.49,95.45,39,1.100164,87.2312,9.0925,0.0,0,12.6591,2.0684,83.894,0.0,True,25.5,4840,3.7622,2.81
google,1500,10,linear,True,False,10.0,0.4,0.3,0.3,0,GWO,random,15,0.3333333333333333,E20,16.49,95.45,39,1.120445,86.9958,7.4167,0.0,0,12.8091,2.1115,81.595,0.0,True,26.0,4840,3.8074,2.62
google,1500,10,linear,True,False,10.0,0.4,0.3,0.3,0,GWO,random,16,0.3333333333333333,E20,16.49,95.45,39,1.102698,87.2017,8.8832,0.0,0,12.6091,2.1004,85.756,0.0,True,25.0,4840,3.7949,2.63
google,1500,10,linear,True,False,10.0,0.4,0.3,0.3,0,GWO,random,17,0.3333333333333333,E20,16.49,95.45,39,1.116932,87.0365,7.707,0.0,0,12.7591,2.1091,80.992,0.0,True,25.5,4840,3.7787,2.74
google,1500,10,linear,True,False,10.0,0.4,0.3,0.3,0,GWO,random,18,0.3333333333333333,E20,16.49,95.45,39,1.123943,86.9552,7.1277,0.0,0,12.8091,2.1212,80.38,0.0,True,25.5,4840,3.8004,2.38
google,1500,10,linear,True,False,10.0,0.4,0.3,0.3,0,GWO,random,19,0.3333333333333333,E20,16.49,95.45,39,1.125188,86.9407,7.0248,0.0,0,12.8591,2.0687,81.159,0.0,True,25.5,4840,3.822,2.52
google,1500,10,linear,True,False,10.0,0.4,0.3,0.3,0,GWO,random,20,0.3333333333333333,E20,16.49,95.45,39,1.124774,86.9455,7.059,0.0,0,12.9091,2.1145,80.668,0.0,True,25.5,4840,3.7825,2.53
google,1500,10,linear,True,False,10.0,0.4,0.3,0.3,0,GWO,random,21,0.3333333333333333,E20,16.49,95.45,39,1.13762,86.7964,5.9975,0.0,0,13.0091,2.1381,77.669,0.0,True,26.5,4840,3.7724,2.3
google,1500,10,linear,True,False,10.0,0.4,0.3,0.3,0,GWO,random,22,0.3333333333333333,E20,16.49,95.45,39,1.12885,86.8982,6.7222,0.0,0,12.9591,2.1399,79.326,0.0,True,26.5,4840,3.7532,2.33
google,1500,10,linear,True,False,10.0,0.4,0.3,0.3,0,GWO,random,23,0.3333333333333333,E20,16.49,95.45,39,1.123728,86.9577,7.1454,0.0,0,12.8591,2.1293,81.862,0.0,True,25.5,4840,3.8362,2.43
google,1500,10,linear,True,False,10.0,0.4,0.3,0.3,0,GWO,random,24,0.3333333333333333,E20,16.49,95.45,39,1.13479,86.8293,6.2314,0.0,0,12.9591,2.1321,79.585,0.0,True,26.0,4840,3.7952,2.36
google,1500,10,linear,True,False,10.0,0.4,0.3,0.3,0,GWO,random,25,0.3333333333333333,E20,16.49,95.45,39,1.119208,87.0101,7.519,0.0,0,12.8591,2.1269,80.373,0.0,True,25.5,4840,3.7817,2.41
google,1500,10,linear,True,False,10.0,0.4,0.3,0.3,0,GWO,random,26,0.3333333333333333,E20,16.49,95.45,39,1.137689,86.7956,5.9918,0.0,0,13.0091,2.1175,77.815,0.0,True,27.5,4840,3.8077,2.36
google,1500,10,linear,True,False,10.0,0.4,0.3,0.3,0,GWO,random,27,0.3333333333333333,E20,16.49,95.45,39,1.125231,86.9402,7.0213,0.0,0,12.9091,2.1053,81.197,0.0,True,25.5,4840,3.82,2.41
google,1500,10,linear,True,False,10.0,0.4,0.3,0.3,0,PSO,random,14,0.3333333333333333,E20,16.49,95.45,39,1.137852,86.7937,5.9783,0.0,0,13.0091,2.1449,77.764,0.0,True,26.5,4840,3.347,4.17
google,1500,10,linear,True,False,10.0,0.4,0.3,0.3,0,PSO,random,15,0.3333333333333333,E20,16.49,95.45,39,1.127701,86.9116,6.8172,0.0,0,12.9091,2.1402,78.656,0.0,True,26.5,4840,3.3237,4.37
google,1500,10,linear,True,False,10.0,0.4,0.3,0.3,0,PSO,random,16,0.3333333333333333,E20,16.49,95.45,39,1.120659,86.9933,7.3991,0.0,0,12.8591,2.1098,81.87,0.0,True,25.5,4840,3.3624,4.09
google,1500,10,linear,True,False,10.0,0.4,0.3,0.3,0,PSO,random,17,0.3333333333333333,E20,16.49,95.45,39,1.131031,86.8729,6.542,0.0,0,12.9591,2.1323,80.231,0.0,True,25.5,4840,3.3746,4.42
google,1500,10,linear,True,False,10.0,0.4,0.3,0.3,0,PSO,random,18,0.3333333333333333,E20,16.49,95.45,39,1.146704,86.691,5.2469,0.0,0,13.0091,2.1546,78.157,0.0,True,27.0,4840,3.343,3.96
google,1500,10,linear,True,False,10.0,0.4,0.3,0.3,0,PSO,random,19,0.3333333333333333,E20,16.49,95.45,39,1.119456,87.0072,7.4984,0.0,0,12.8591,2.1104,80.601,0.0,True,25.5,4840,3.3554,4.18
google,1500,10,linear,True,False,10.0,0.4,0.3,0.3,0,PSO,random,20,0.3333333333333333,E20,16.49,95.45,39,1.134678,86.8306,6.2407,0.0,0,13.0091,2.1362,77.439,0.0,True,26.5,4840,3.3602,4.13
google,1500,10,linear,True,False,10.0,0.4,0.3,0.3,0,PSO,random,21,0.3333333333333333,E20,16.49,95.45,39,1.138419,86.7872,5.9315,0.0,0,13.0091,2.1261,77.26,0.0,True,27.0,4840,3.3637,3.98
google,1500,10,linear,True,False,10.0,0.4,0.3,0.3,0,PSO,random,22,0.3333333333333333,E20,16.49,95.45,39,1.136858,86.8053,6.0605,0.0,0,12.9591,2.1391,79.311,0.0,True,26.5,4840,3.3512,4.25
google,1500,10,linear,True,False,10.0,0.4,0.3,0.3,0,PSO,random,23,0.3333333333333333,E20,16.49,95.45,39,1.126214,86.9288,6.94,0.0,0,12.8591,2.1252,78.112,0.0,True,26.5,4840,3.3272,4.37
google,1500,10,linear,True,False,10.0,0.4,0.3,0.3,0,PSO,random,24,0.3333333333333333,E20,16.49,95.45,39,1.132669,86.8539,6.4066,0.0,0,12.9091,2.1139,79.724,0.0,True,26.0,4840,3.3948,4.21
google,1500,10,linear,True,False,10.0,0.4,0.3,0.3,0,PSO,random,25,0.3333333333333333,E20,16.49,95.45,39,1.134708,86.8302,6.2382,0.0,0,12.9091,2.1329,78.832,0.0,True,26.5,4840,3.3741,4.14
google,1500,10,linear,True,False,10.0,0.4,0.3,0.3,0,PSO,random,26,0.3333333333333333,E20,16.49,95.45,39,1.145459,86.7054,5.3498,0.0,0,13.0091,2.1432,77.569,0.0,True,26.0,4840,3.3577,4.09
google,1500,10,linear,True,False,10.0,0.4,0.3,0.3,0,PSO,random,27,0.3333333333333333,E20,16.49,95.45,39,1.120904,86.9904,7.3788,0.0,0,12.8591,2.1214,80.566,0.0,True,26.0,4840,3.3685,4.15
google,1500,10,linear,True,False,10.0,0.4,0.3,0.3,0,PSO,random,28,0.3333333333333333,E20,16.49,95.45,39,1.136133,86.8137,6.1204,0.0,0,13.0091,2.1329,77.659,0.0,True,26.0,4840,3.3962,4.49
google,1500,10,linear,True,False,10.0,0.4,0.3,0.3,0,PSO,random,29,0.3333333333333333,E20,16.49,95.45,39,1.134341,86.8345,6.2685,0.0,0,12.9091,2.1379,79.175,0.0,True,26.5,4840,3.3784,4.38
google,1500,10,linear,True,False,10.0,0.4,0.3,0.3,0,PSO,random,30,0.3333333333333333,E20,16.49,95.45,39,1.126091,86.9302,6.9502,0.0,0,12.8591,2.136,81.359,0.0,True,26.5,4840,3.5358,4.17
google,1500,10,linear,True,False,10.0,0.4,0.3,0.3,0,DE,random,1,0.3333333333333333,E20,16.49,95.45,39,1.110095,87.1159,8.272,0.0,0,12.7091,2.0858,82.032,0.0,True,26.5,4840,3.4987,2.75
google,1500,10,linear,True,False,10.0,0.4,0.3,0.3,0,DE,random,2,0.3333333333333333,E20,16.49,95.45,39,1.109839,87.1189,8.2931,0.0,0,12.7591,2.1107,83.348,0.0,True,25.5,4840,3.4979,2.59
google,1500,10,linear,True,False,10.0,0.4,0.3,0.3,0,DE,random,3,0.3333333333333333,E20,16.49,95.45,39,1.106283,87.1601,8.5869,0.0,0,12.7591,2.092,81.279,0.0,True,27.0,4840,3.4818,2.94
google,1500,10,linear,True,False,10.0,0.4,0.3,0.3,0,DE,random,4,0.3333333333333333,E20,16.49,95.45,39,1.094853,87.2928,9.5314,0.0,0,12.5591,2.0682,85.1,0.0,True,27.0,4840,3.445,2.89
google,1500,10,linear,True,False,10.0,0.4,0.3,0.3,0,DE,random,5,0.3333333333333333,E20,16.49,95.45,39,1.107059,87.1511,8.5229,0.0,0,12.8091,2.0886,81.761,0.0,True,26.5,4840,3.4675,2.58
google,1500,10,linear,True,False,10.0,0.4,0.3,0.3,0,DE,random,6,0.3333333333333333,E20,16.49,95.45,39,1.082479,87.4364,10.5539,0.0,0,12.5091,2.0481,86.461,0.0,True,25.5,4840,3.5014,3.08
google,1500,10,linear,True,False,10.0,0.4,0.3,0.3,0,DE,random,7,0.3333333333333333,E20,16.49,95.45,39,1.093075,87.3134,9.6783,0.0,0,12.6591,2.065,85.14,0.0,True,25.5,4840,3.5088,2.96
google,1500,10,linear,True,False,10.0,0.4,0.3,0.3,0,DE,random,8,0.3333333333333333,E20,16.49,95.45,39,1.113484,87.0766,7.9919,0.0,0,12.8091,2.1006,81.563,0.0,True,26.5,4840,3.2544,2.56
google,1500,10,linear,True,False,10.0,0.4,0.3,0.3,0,DE,random,9,0.3333333333333333,E20,16.49,95.45,39,1.115073,87.0581,7.8606,0.0,0,12.8591,2.1053,82.21,0.0,True,26.0,4840,3.2654,2.65
google,1500,10,linear,True,False,10.0,0.4,0.3,0.3,0,DE,random,10,0.3333333333333333,E20,16.49,95.45,39,1.095853,87.2812,9.4488,0.0,0,12.6591,2.0804,84.211,0.0,True,25.5,4840,3.2591,2.75
google,1500,10,linear,True,False,10.0,0.4,0.3,0.3,0,DE,random,11,0.3333333333333333,E20,16.49,95.45,39,1.103778,87.1892,8.7939,0.0,0,12.7091,2.1038,81.5,0.0,True,26.0,4840,3.2624,2.96
google,1500,10,linear,True,False,10.0,0.4,0.3,0.3,0,DE,random,12,0.3333333333333333,E20,16.49,95.45,39,1.114138,87.069,7.9379,0.0,0,12.8091,2.1023,81.946,0.0,True,27.0,4840,3.3005,2.54
google,1500,10,linear,True,False,10.0,0.4,0.3,0.3,0,DE,random,13,0.3333333333333333,E20,16.49,95.45,39,1.095648,87.2836,9.4658,0.0,0,12.6091,2.0603,85.093,0.0,True,25.5,4840,3.3014,2.89
google,1500,10,linear,True,False,10.0,0.4,0.3,0.3,0,DE,random,14,0.3333333333333333,E20,16.49,95.45,39,1.105273,87.1719,8.6704,0.0,0,12.7091,2.0798,84.383,0.0,True,25.5,4840,3.2964,2.74
google,1500,10,linear,True,False,10.0,0.4,0.3,0.3,0,DE,random,15,0.3333333333333333,E20,16.49,95.45,39,1.106867,87.1534,8.5387,0.0,0,12.7091,2.0999,83.33,0.0,True,25.5,4840,3.3147,2.73
google,1500,10,linear,True,False,10.0,0.4,0.3,0.3,0,DE,random,16,0.3333333333333333,E20,16.49,95.45,39,1.094094,87.3016,9.5941,0.0,0,12.6091,2.0631,84.41,0.0,True,25.5,4840,3.2813,3.1
google,1500,10,linear,True,False,10.0,0.4,0.3,0.3,0,DE,random,17,0.3333333333333333,E20,16.49,95.45,39,1.101279,87.2182,9.0004,0.0,0,12.7591,2.1085,83.871,0.0,True,25.5,4840,3.2638,2.74
google,1500,10,linear,True,False,10.0,0.4,0.3,0.3,0,DE,random,18,0.3333333333333333,E20,16.49,95.45,39,1.097621,87.2607,9.3027,0.0,0,12.5591,2.0642,85.48,0.0,True,25.5,4840,3.2737,2.8
google,1500,10,linear,True,False,10.0,0.4,0.3,0.3,0,DE,random,19,0.3333333333333333,E20,16.49,95.45,39,1.111023,87.1051,8.1952,0.0,0,12.8091,2.1184,82.391,0.0,True,25.5,4840,3.2848,2.75
google,1500,10,linear,True,False,10.0,0.4,0.3,0.3,0,DE,random,20,0.3333333333333333,E20,16.49,95.45,39,1.100047,87.2325,9.1022,0.0,0,12.6591,2.0809,83.837,0.0,True,26.5,4840,3.3135,2.83
google,1500,10,linear,True,False,10.0,0.4,0.3,0.3,0,DE,random,21,0.3333333333333333,E20,16.49,95.45,39,1.098762,87.2474,9.2084,0.0,0,12.6591,2.0792,83.391,0.0,True,26.0,4840,3.3062,2.93
google,1500,10,linear,True,False,10.0,0.4,0.3,0.3,0,DE,random,22,0.3333333333333333,E20,16.49,95.45,39,1.083804,87.421,10.4444,0.0,0,12.4591,2.0275,88.238,0.0,True,25.5,4840,3.3217,2.98
google,1500,10,linear,True,False,10.0,0.4,0.3,0.3,0,DE,random,23,0.3333333333333333,E20,16.49,95.45,39,1.093762,87.3055,9.6216,0.0,0,12.6091,2.0695,84.786,0.0,True,25.5,4840,3.3217,2.92
google,1500,10,linear,True,False,10.0,0.4,0.3,0.3,0,DE,random,24,0.3333333333333333,E20,16.49,95.45,39,1.101575,87.2148,8.976,0.0,0,12.7091,2.0941,84.211,0.0,True,25.5,4840,3.4876,2.7
google,1500,10,linear,True,False,10.0,0.4,0.3,0.3,0,DE,random,25,0.3333333333333333,E20,16.49,95.45,39,1.100074,87.2322,9.1,0.0,0,12.6591,2.0725,84.947,0.0,True,25.5,4840,3.5156,2.84
google,1500,10,linear,True,False,10.0,0.4,0.3,0.3,0,DE,random,26,0.3333333333333333,E20,16.49,95.45,39,1.107258,87.1488,8.5064,0.0,0,12.7591,2.1074,82.674,0.0,True,26.5,4840,3.52,2.57
google,1500,10,linear,True,False,10.0,0.4,0.3,0.3,0,DE,random,27,0.3333333333333333,E20,16.49,95.45,39,1.106357,87.1593,8.5808,0.0,0,12.7091,2.1038,83.357,0.0,True,26.0,4840,3.5462,2.62
google,1500,10,linear,True,False,10.0,0.4,0.3,0.3,0,DE,random,28,0.3333333333333333,E20,16.49,95.45,39,1.105903,87.1645,8.6183,0.0,0,12.7091,2.0753,83.776,0.0,True,25.5,4840,3.5438,2.67
google,1500,10,linear,True,False,10.0,0.4,0.3,0.3,0,DE,random,29,0.3333333333333333,E20,16.49,95.45,39,1.104941,87.1757,8.6978,0.0,0,12.7091,2.1017,83.963,0.0,True,25.5,4840,3.5482,2.6
google,1500,10,linear,True,False,10.0,0.4,0.3,0.3,0,DE,random,30,0.3333333333333333,E20,16.49,95.45,39,1.099807,87.2353,9.1221,0.0,0,12.6591,2.0912,84.571,0.0,True,25.5,4840,3.5663,2.97
google,1500,10,linear,True,False,10.0,0.4,0.3,0.3,0,HHO,random,1,0.3333333333333333,E20,16.49,95.45,39,1.113772,87.0732,7.9681,0.0,0,13.0091,2.137,72.536,0.0,True,28.0,8910,5.3171,2.88
google,1500,10,linear,True,False,10.0,0.4,0.3,0.3,0,WOA,carbon,6,0.3333333333333333,E20,16.49,95.45,39,1.11126,87.1024,8.1757,0.0,0,13.0591,2.1518,69.863,0.0,True,27.5,4840,3.5014,2.46
google,1500,10,linear,True,False,10.0,0.4,0.3,0.3,0,WOA,carbon,7,0.3333333333333333,E20,16.49,95.45,39,1.109151,87.1268,8.3499,0.0,0,13.0591,2.1632,68.545,0.0,True,28.0,4840,3.5136,2.41
google,1500,10,linear,True,False,10.0,0.4,0.3,0.3,0,WOA,carbon,8,0.3333333333333333,E20,16.49,95.45,39,1.119029,87.0122,7.5337,0.0,0,12.9591,2.1175,76.532,0.0,True,27.0,4840,3.4881,2.71
google,1500,10,linear,True,False,10.0,0.4,0.3,0.3,0,WOA,carbon,9,0.3333333333333333,E20,16.49,95.45,39,1.126646,86.9238,6.9043,0.0,0,13.1591,2.1816,73.949,0.0,True,28.0,4840,3.5218,2.65
google,1500,10,linear,True,False,10.0,0.4,0.3,0.3,0,WOA,carbon,10,0.3333333333333333,E20,16.49,95.45,39,1.091209,87.3351,9.8326,0.0,0,12.8591,2.1218,77.08,0.0,True,27.5,4840,3.5448,2.5
google,1500,10,linear,True,False,10.0,0.4,0.3,0.3,0,WOA,carbon,11,0.3333333333333333,E20,16.49,95.45,39,1.073955,87.5353,11.2582,0.0,0,12.9591,2.1214,74.8,0.0,True,26.5,4840,3.5428,2.46
google,1500,10,linear,True,False,10.0,0.4,0.3,0.3,0,WOA,carbon,12,0.3333333333333333,E20,16.49,95.45,39,1.098521,87.2502,9.2283,0.0,0,13.0091,2.1445,72.744,0.0,True,27.5,4840,3.5476,2.42
google,1500,10,linear,True,False,10.0,0.4,0.3,0.3,0,WOA,carbon,13,0.3333333333333333,E20,16.49,95.45,39,1.095903,87.2806,9.4446,0.0,0,12.9591,2.1317,73.239,0.0,True,28.0,4840,3.574,2.41
google,1500,10,linear,True,False,10.0,0.4,0.3,0.3,0,GA,random,28,0.3333333333333333,E20,16.49,95.45,39,1.089605,87.3537,9.965,0.0,0,12.6091,2.062,84.861,0.0,True,25.5,4840,5.813,3.66
google,1500,10,linear,True,False,10.0,0.4,0.3,0.3,0,GA,random,29,0.3333333333333333,E20,16.49,95.45,39,1.097448,87.2627,9.3169,0.0,0,12.6591,2.0832,84.587,0.0,True,25.5,4840,5.7846,3.72
google,1500,10,linear,True,False,10.0,0.4,0.3,0.3,0,GA,random,30,0.3333333333333333,E20,16.49,95.45,39,1.084991,87.4073,10.3463,0.0,0,12.6591,2.0656,83.651,0.0,True,25.5,4840,5.8114,3.77
google,1500,10,linear,True,False,10.0,0.4,0.3,0.3,0,WOA,carbon,1,0.3333333333333333,E20,16.49,95.45,39,1.105366,87.1708,8.6627,0.0,0,13.0591,2.1484,72.241,0.0,True,27.5,4840,3.3334,2.67
google,1500,10,linear,True,False,10.0,0.4,0.3,0.3,0,WOA,carbon,2,0.3333333333333333,E20,16.49,95.45,39,1.117114,87.0344,7.692,0.0,0,13.2091,2.1739,68.112,0.0,True,27.5,4840,3.3569,2.61
google,1500,10,linear,True,False,10.0,0.4,0.3,0.3,0,WOA,carbon,3,0.3333333333333333,E20,16.49,95.45,39,1.107582,87.1451,8.4796,0.0,0,13.0591,2.1496,71.435,0.0,True,27.5,4840,3.3179,2.48
google,1500,10,linear,True,False,10.0,0.4,0.3,0.3,0,WOA,carbon,4,0.3333333333333333,E20,16.49,95.45,39,1.068213,87.602,11.7327,0.0,0,13.1091,2.1197,70.988,0.0,True,27.5,4840,3.3338,2.82
google,1500,10,linear,True,False,10.0,0.4,0.3,0.3,0,WOA,carbon,5,0.3333333333333333,E20,16.49,95.45,39,1.079182,87.4747,10.8264,0.0,0,12.8591,2.1081,77.173,0.0,True,26.5,4840,3.3565,2.5
google,1500,10,linear,True,False,10.0,0.4,0.3,0.3,0,HHO,random,2,0.3333333333333333,E20,16.49,95.45,39,1.108244,87.1374,8.4249,0.0,0,12.9091,2.119,77.646,0.0,True,27.5,8780,5.1939,2.69
google,1500,10,linear,True,False,10.0,0.4,0.3,0.3,0,HHO,random,3,0.3333333333333333,E20,16.49,95.45,39,1.123056,86.9655,7.201,0.0,0,13.0091,2.1516,75.308,0.0,True,27.5,8894,5.2542,2.43
google,1500,10,linear,True,False,10.0,0.4,0.3,0.3,0,HHO,random,4,0.3333333333333333,E20,16.49,95.45,39,1.113942,87.0712,7.954,0.0,0,13.0091,2.1505,74.149,0.0,True,28.0,9094,5.3357,2.57
google,1500,10,linear,True,False,10.0,0.4,0.3,0.3,0,HHO,random,5,0.3333333333333333,E20,16.49,95.45,39,1.117053,87.0351,7.697,0.0,0,12.9591,2.1362,74.356,0.0,True,28.0,8986,5.3103,2.73
google,1500,10,linear,True,False,10.0,0.4,0.3,0.3,0,HHO,random,6,0.3333333333333333,E20,16.49,95.45,39,1.122947,86.9667,7.21,0.0,0,13.0091,2.1413,75.201,0.0,True,27.5,8968,5.3214,2.77
google,1500,10,linear,True,False,10.0,0.4,0.3,0.3,0,HHO,random,7,0.3333333333333333,E20,16.49,95.45,39,1.117725,87.0273,7.6415,0.0,0,13.0591,2.1512,73.069,0.0,True,28.0,8946,5.3508,2.81
google,1500,10,linear,True,False,10.0,0.4,0.3,0.3,0,HHO,random,8,0.3333333333333333,E20,16.49,95.45,39,1.116019,87.0471,7.7824,0.0,0,12.9591,2.1396,75.401,0.0,True,28.0,8872,5.3021,2.89
google,1500,10,linear,True,False,10.0,0.4,0.3,0.3,0,HHO,random,9,0.3333333333333333,E20,16.49,95.45,39,1.126429,86.9263,6.9223,0.0,0,13.0591,2.1685,69.563,0.0,True,28.0,8790,5.2622,3.0
google,1500,10,linear,True,False,10.0,0.4,0.3,0.3,0,HHO,random,10,0.3333333333333333,E20,16.49,95.45,39,1.120815,86.9915,7.3862,0.0,0,12.8591,2.1464,79.183,0.0,True,27.0,8942,4.9784,2.44
google,1500,10,linear,True,False,10.0,0.4,0.3,0.3,0,HHO,random,11,0.3333333333333333,E20,16.49,95.45,39,1.116881,87.0371,7.7112,0.0,0,13.0091,2.1409,75.76,0.0,True,28.0,8876,4.9834,2.53
google,1500,10,linear,True,False,10.0,0.4,0.3,0.3,0,HHO,random,12,0.3333333333333333,E20,16.49,95.45,39,1.119167,87.0106,7.5224,0.0,0,12.9591,2.1265,77.698,0.0,True,27.5,8864,4.9728,2.69
google,1500,10,linear,True,False,10.0,0.4,0.3,0.3,0,HHO,random,13,0.3333333333333333,E20,16.49,95.45,39,1.125071,86.9421,7.0345,0.0,0,13.0091,2.1533,74.183,0.0,True,28.0,8872,4.9875,2.71
google,1500,10,linear,True,False,10.0,0.4,0.3,0.3,0,HHO,random,14,0.3333333333333333,E20,16.49,95.45,39,1.122508,86.9718,7.2463,0.0,0,13.0591,2.1638,72.766,0.0,True,28.0,8810,5.0073,2.65
google,1500,10,linear,True,False,10.0,0.4,0.3,0.3,0,HHO,random,15,0.3333333333333333,E20,16.49,95.45,39,1.119601,87.0056,7.4864,0.0,0,13.0091,2.1586,74.737,0.0,True,27.5,9030,5.0859,2.51
google,1500,10,linear,True,False,10.0,0.4,0.3,0.3,0,HHO,random,16,0.3333333333333333,E20,16.49,95.45,39,1.101915,87.2108,8.9479,0.0,0,12.8091,2.1194,79.481,0.0,True,26.5,8820,4.9862,2.54
google,1500,10,linear,True,False,10.0,0.4,0.3,0.3,0,HHO,random,17,0.3333333333333333,E20,16.49,95.45,39,1.121881,86.9791,7.2981,0.0,0,13.0091,2.1557,72.889,0.0,True,28.0,8884,5.0412,2.77
google,1500,10,linear,True,False,10.0,0.4,0.3,0.3,0,WOA,carbon,30,0.3333333333333333,E20,16.49,95.45,39,1.122399,86.9731,7.2552,0.0,0,13.0091,2.1465,74.427,0.0,True,27.5,4840,3.5543,2.56
google,1500,20,linear,True,False,10.0,0.4,0.3,0.3,0,FIFO,-,0,0.3333333333333333,E20,16.49,95.45,39,8.616002,0.0,-611.9473,0.0,0,95.9591,15.66,5.308,0.0,True,24.5,0,0.0,0.0
google,1500,20,linear,True,False,10.0,0.4,0.3,0.3,0,Consolidation,-,0,0.3333333333333333,E20,16.49,95.45,39,1.210202,85.954,0.0,0.0,0,13.3091,2.1675,55.842,0.0,True,24.5,0,0.0,0.0
google,1500,20,linear,True,False,10.0,0.4,0.3,0.3,0,Greedy(EDF+greenest),-,0,0.3333333333333333,E20,16.49,95.45,39,0.953278,88.936,21.2299,0.0,0,12.7091,2.0322,64.21,0.8379,False,26.0,0,0.0002,0.0
google,1500,20,linear,True,False,10.0,0.4,0.3,0.3,0,WOA,random,1,0.3333333333333333,E20,16.49,95.45,39,1.106417,87.1586,8.5759,0.0,0,13.1091,2.1585,60.585,0.0,True,28.5,4840,3.5951,2.48
google,1500,20,linear,True,False,10.0,0.4,0.3,0.3,0,WOA,random,2,0.3333333333333333,E20,16.49,95.45,39,1.119205,87.0102,7.5192,0.0,0,13.2591,2.1885,57.178,0.0,True,28.0,4840,3.6023,2.43
google,1500,20,linear,True,False,10.0,0.4,0.3,0.3,0,WOA,random,3,0.3333333333333333,E20,16.49,95.45,39,1.11314,87.0806,8.0204,0.0,0,13.1091,2.1542,64.735,0.0,True,28.0,4840,3.591,2.72
google,1500,20,linear,True,False,10.0,0.4,0.3,0.3,0,WOA,random,4,0.3333333333333333,E20,16.49,95.45,39,1.106574,87.1568,8.5629,0.0,0,13.0591,2.1473,67.448,0.0,True,28.0,4840,3.6123,2.48
google,1500,10,linear,True,False,10.0,0.4,0.3,0.3,0,HHO,random,18,0.3333333333333333,E20,16.49,95.45,39,1.129766,86.8876,6.6465,0.0,0,13.1591,2.1732,71.017,0.0,True,28.0,8872,5.0262,2.62
google,1500,10,linear,True,False,10.0,0.4,0.3,0.3,0,HHO,random,19,0.3333333333333333,E20,16.49,95.45,39,1.118814,87.0147,7.5515,0.0,0,12.8591,2.1349,77.141,0.0,True,28.0,8900,4.996,2.58
google,1500,10,linear,True,False,10.0,0.4,0.3,0.3,0,HHO,random,20,0.3333333333333333,E20,16.49,95.45,39,1.112708,87.0856,8.056,0.0,0,12.9591,2.1344,76.173,0.0,True,27.5,9016,5.0934,2.49
google,1500,10,linear,True,False,10.0,0.4,0.3,0.3,0,HHO,random,21,0.3333333333333333,E20,16.49,95.45,39,1.112789,87.0846,8.0493,0.0,0,12.9091,2.1419,75.989,0.0,True,27.5,8900,5.0562,2.77
google,1500,10,linear,True,False,10.0,0.4,0.3,0.3,0,HHO,random,22,0.3333333333333333,E20,16.49,95.45,39,1.106938,87.1525,8.5328,0.0,0,12.9091,2.1402,75.66,0.0,True,28.5,8992,5.113,2.65
google,1500,10,linear,True,False,10.0,0.4,0.3,0.3,0,HHO,random,23,0.3333333333333333,E20,16.49,95.45,39,1.124122,86.9531,7.1129,0.0,0,13.0091,2.1471,74.061,0.0,True,28.0,8934,5.1069,2.74
google,1500,10,linear,True,False,10.0,0.4,0.3,0.3,0,HHO,random,24,0.3333333333333333,E20,16.49,95.45,39,1.125002,86.9429,7.0402,0.0,0,13.0091,2.1449,76.624,0.0,True,27.5,8960,5.1051,2.49
google,1500,10,linear,True,False,10.0,0.4,0.3,0.3,0,HHO,random,25,0.3333333333333333,E20,16.49,95.45,39,1.110148,87.1153,8.2676,0.0,0,12.9091,2.1327,75.991,0.0,True,27.5,8698,5.003,2.5
google,1500,10,linear,True,False,10.0,0.4,0.3,0.3,0,WOA,carbon,14,0.3333333333333333,E20,16.49,95.45,39,1.123214,86.9636,7.1879,0.0,0,13.0091,2.1301,76.011,0.0,True,27.0,4840,3.3558,2.42
google,1500,10,linear,True,False,10.0,0.4,0.3,0.3,0,WOA,carbon,15,0.3333333333333333,E20,16.49,95.45,39,1.079797,87.4675,10.7755,0.0,0,12.7591,2.0834,78.769,0.0,True,28.0,4840,3.3411,2.48
google,1500,10,linear,True,False,10.0,0.4,0.3,0.3,0,WOA,carbon,16,0.3333333333333333,E20,16.49,95.45,39,1.082722,87.4336,10.5338,0.0,0,12.9591,2.1216,73.126,0.0,True,27.0,4840,3.3382,2.56
google,1500,10,linear,True,False,10.0,0.4,0.3,0.3,0,WOA,carbon,17,0.3333333333333333,E20,16.49,95.45,39,1.089095,87.3596,10.0072,0.0,0,13.0091,2.1085,74.077,0.0,True,27.5,4840,3.3611,2.48
google,1500,10,linear,True,False,10.0,0.4,0.3,0.3,0,WOA,carbon,18,0.3333333333333333,E20,16.49,95.45,39,1.103676,87.1904,8.8023,0.0,0,13.0091,2.146,72.478,0.0,True,27.5,4840,3.3245,2.46
google,1500,10,linear,True,False,10.0,0.4,0.3,0.3,0,WOA,carbon,19,0.3333333333333333,E20,16.49,95.45,39,1.121295,86.9859,7.3465,0.0,0,13.0091,2.1284,75.903,0.0,True,28.5,4840,3.3288,2.35
google,1500,10,linear,True,False,10.0,0.4,0.3,0.3,0,WOA,carbon,20,0.3333333333333333,E20,16.49,95.45,39,1.087975,87.3726,10.0998,0.0,0,12.9091,2.1271,78.342,0.0,True,27.0,4840,3.3295,2.62
google,1500,10,linear,True,False,10.0,0.4,0.3,0.3,0,WOA,carbon,21,0.3333333333333333,E20,16.49,95.45,39,1.092501,87.3201,9.7258,0.0,0,13.0591,2.1179,71.184,0.0,True,27.0,4840,3.3417,2.48
google,1500,10,linear,True,False,10.0,0.4,0.3,0.3,0,WOA,carbon,22,0.3333333333333333,E20,16.49,95.45,39,1.093505,87.3084,9.6428,0.0,0,12.9091,2.1225,78.033,0.0,True,27.5,4840,3.3535,2.46
google,1500,10,linear,True,False,10.0,0.4,0.3,0.3,0,WOA,carbon,23,0.3333333333333333,E20,16.49,95.45,39,1.113711,87.0739,7.9731,0.0,0,12.9091,2.1156,77.375,0.0,True,27.5,4840,3.3538,2.52
google,1500,10,linear,True,False,10.0,0.4,0.3,0.3,0,WOA,carbon,24,0.3333333333333333,E20,16.49,95.45,39,1.086716,87.3872,10.2038,0.0,0,12.9591,2.1368,72.509,0.0,True,28.0,4840,3.3433,2.54
google,1500,10,linear,True,False,10.0,0.4,0.3,0.3,0,WOA,carbon,25,0.3333333333333333,E20,16.49,95.45,39,1.088258,87.3693,10.0763,0.0,0,12.9591,2.1169,72.659,0.0,True,26.5,4840,3.3534,2.46
google,1500,10,linear,True,False,10.0,0.4,0.3,0.3,0,WOA,carbon,26,0.3333333333333333,E20,16.49,95.45,39,1.133071,86.8492,6.3734,0.0,0,13.0591,2.1552,72.575,0.0,True,28.5,4840,3.347,2.61
google,1500,10,linear,True,False,10.0,0.4,0.3,0.3,0,WOA,carbon,27,0.3333333333333333,E20,16.49,95.45,39,1.068106,87.6032,11.7416,0.0,0,13.1091,2.119,71.61,0.0,True,27.0,4840,3.3427,2.38
google,1500,10,linear,True,False,10.0,0.4,0.3,0.3,0,WOA,carbon,28,0.3333333333333333,E20,16.49,95.45,39,1.08717,87.382,10.1663,0.0,0,12.8591,2.1023,75.178,0.0,True,27.0,4840,3.3659,2.55
google,1500,10,linear,True,False,10.0,0.4,0.3,0.3,0,WOA,carbon,29,0.3333333333333333,E20,16.49,95.45,39,1.106375,87.1591,8.5794,0.0,0,13.0091,2.1216,71.712,0.0,True,28.0,4840,3.3803,2.47
google,1500,10,linear,True,False,10.0,0.4,0.3,0.3,0,HHO,random,26,0.3333333333333333,E20,16.49,95.45,39,1.130506,86.879,6.5854,0.0,0,13.0591,2.1535,75.297,0.0,True,27.5,9004,5.0747,2.61
google,1500,10,linear,True,False,10.0,0.4,0.3,0.3,0,HHO,random,27,0.3333333333333333,E20,16.49,95.45,39,1.112733,87.0853,8.0539,0.0,0,12.9591,2.1329,74.461,0.0,True,27.5,8882,5.0277,2.85
google,1500,10,linear,True,False,10.0,0.4,0.3,0.3,0,HHO,random,28,0.3333333333333333,E20,16.49,95.45,39,1.118008,87.024,7.6181,0.0,0,12.9591,2.1396,74.639,0.0,True,28.0,8860,5.0385,2.74
google,1500,10,linear,True,False,10.0,0.4,0.3,0.3,0,HHO,random,29,0.3333333333333333,E20,16.49,95.45,39,1.106783,87.1543,8.5457,0.0,0,12.7591,2.1119,80.242,0.0,True,27.5,8938,5.0465,2.57
google,1500,10,linear,True,False,10.0,0.4,0.3,0.3,0,HHO,random,30,0.3333333333333333,E20,16.49,95.45,39,1.123403,86.9614,7.1723,0.0,0,13.0591,2.1608,73.348,0.0,True,28.0,9032,5.1282,2.65
google,1500,10,linear,True,False,10.0,0.4,0.3,0.3,0,GA,random,1,0.3333333333333333,E20,16.49,95.45,39,1.090828,87.3395,9.864,0.0,0,12.6591,2.0832,84.417,0.0,True,25.5,4840,5.8574,3.66
google,1500,10,linear,True,False,10.0,0.4,0.3,0.3,0,GA,random,2,0.3333333333333333,E20,16.49,95.45,39,1.101088,87.2204,9.0162,0.0,0,12.6591,2.077,83.295,0.0,True,26.0,4840,5.8951,3.79
google,1500,10,linear,True,False,10.0,0.4,0.3,0.3,0,GA,random,3,0.3333333333333333,E20,16.49,95.45,39,1.086714,87.3873,10.2039,0.0,0,12.6091,2.0564,85.67,0.0,True,25.5,4840,5.8937,3.82
google,1500,10,linear,True,False,10.0,0.4,0.3,0.3,0,GA,random,4,0.3333333333333333,E20,16.49,95.45,39,1.092601,87.3189,9.7175,0.0,0,12.6591,2.0787,84.323,0.0,True,25.5,4840,5.7818,3.82
google,1500,10,linear,True,False,10.0,0.4,0.3,0.3,0,GA,random,5,0.3333333333333333,E20,16.49,95.45,39,1.092591,87.319,9.7183,0.0,0,12.6591,2.0644,83.717,0.0,True,25.5,4840,5.787,3.78
google,1500,10,linear,True,False,10.0,0.4,0.3,0.3,0,GA,random,6,0.3333333333333333,E20,16.49,95.45,39,1.093201,87.312,9.6679,0.0,0,12.6591,2.0657,83.059,0.0,True,26.5,4840,5.8053,3.71
google,1500,10,linear,True,False,10.0,0.4,0.3,0.3,0,GA,random,7,0.3333333333333333,E20,16.49,95.45,39,1.093417,87.3095,9.6501,0.0,0,12.6591,2.0809,83.846,0.0,True,26.5,4840,5.8209,3.83
google,1500,10,linear,True,False,10.0,0.4,0.3,0.3,0,GA,random,8,0.3333333333333333,E20,16.49,95.45,39,1.087573,87.3773,10.133,0.0,0,12.6091,2.0592,85.424,0.0,True,25.5,4840,5.8475,3.84
google,1500,10,linear,True,False,10.0,0.4,0.3,0.3,0,GA,random,9,0.3333333333333333,E20,16.49,95.45,39,1.093013,87.3142,9.6835,0.0,0,12.6091,2.0717,84.157,0.0,True,25.5,4840,5.8358,3.85
google,1500,10,linear,True,False,10.0,0.4,0.3,0.3,0,GA,random,10,0.3333333333333333,E20,16.49,95.45,39,1.087151,87.3822,10.1678,0.0,0,12.6591,2.0826,85.037,0.0,True,25.5,4840,5.8388,3.8
google,1500,10,linear,True,False,10.0,0.4,0.3,0.3,0,GA,random,11,0.3333333333333333,E20,16.49,95.45,39,1.091167,87.3356,9.836,0.0,0,12.6091,2.0603,83.899,0.0,True,26.0,4840,5.8548,3.88
google,1500,10,linear,True,False,10.0,0.4,0.3,0.3,0,GA,random,12,0.3333333333333333,E20,16.49,95.45,39,1.099325,87.2409,9.1619,0.0,0,12.6591,2.0776,83.574,0.0,True,26.0,4840,5.7677,3.66
google,1500,10,linear,True,False,10.0,0.4,0.3,0.3,0,GA,random,13,0.3333333333333333,E20,16.49,95.45,39,1.092285,87.3226,9.7436,0.0,0,12.5591,2.0614,86.275,0.0,True,25.5,4840,5.7928,3.76
google,1500,10,linear,True,False,10.0,0.4,0.3,0.3,0,GA,random,14,0.3333333333333333,E20,16.49,95.45,39,1.09109,87.3365,9.8423,0.0,0,12.6591,2.0667,82.613,0.0,True,25.5,4840,5.8194,3.68
google,1500,10,linear,True,False,10.0,0.4,0.3,0.3,0,GA,random,15,0.3333333333333333,E20,16.49,95.45,39,1.097734,87.2594,9.2933,0.0,0,12.6591,2.065,83.652,0.0,True,26.5,4840,5.8409,3.61
google,1500,10,linear,True,False,10.0,0.4,0.3,0.3,0,GA,random,16,0.3333333333333333,E20,16.49,95.45,39,1.092765,87.317,9.704,0.0,0,12.6591,2.0661,83.95,0.0,True,25.5,4840,5.8448,3.7
google,1500,10,linear,True,False,10.0,0.4,0.3,0.3,0,GA,random,17,0.3333333333333333,E20,16.49,95.45,39,1.086335,87.3917,10.2353,0.0,0,12.6091,2.0774,84.692,0.0,True,25.5,4840,5.8549,3.74
google,1500,10,linear,True,False,10.0,0.4,0.3,0.3,0,GA,random,18,0.3333333333333333,E20,16.49,95.45,39,1.096145,87.2778,9.4246,0.0,0,12.6591,2.0843,83.446,0.0,True,26.5,4840,5.8644,3.8
google,1500,10,linear,True,False,10.0,0.4,0.3,0.3,0,GA,random,19,0.3333333333333333,E20,16.49,95.45,39,1.104632,87.1793,8.7233,0.0,0,12.6591,2.0644,82.966,0.0,True,26.5,4840,5.863,3.67
google,1500,10,linear,True,False,10.0,0.4,0.3,0.3,0,GA,random,20,0.3333333333333333,E20,16.49,95.45,39,1.1011,87.2203,9.0152,0.0,0,12.7091,2.1055,82.579,0.0,True,26.0,4840,5.7872,3.71
google,1500,10,linear,True,False,10.0,0.4,0.3,0.3,0,GA,random,21,0.3333333333333333,E20,16.49,95.45,39,1.094093,87.3016,9.5942,0.0,0,12.6591,2.0601,84.099,0.0,True,25.5,4840,5.7877,3.72
google,1500,10,linear,True,False,10.0,0.4,0.3,0.3,0,GA,random,22,0.3333333333333333,E20,16.49,95.45,39,1.090528,87.343,9.8888,0.0,0,12.6091,2.074,85.076,0.0,True,25.5,4840,5.8022,3.69
google,1500,10,linear,True,False,10.0,0.4,0.3,0.3,0,GA,random,23,0.3333333333333333,E20,16.49,95.45,39,1.089167,87.3588,10.0012,0.0,0,12.5591,2.0483,85.943,0.0,True,25.5,4840,5.8372,3.78
google,1500,10,linear,True,False,10.0,0.4,0.3,0.3,0,GA,random,24,0.3333333333333333,E20,16.49,95.45,39,1.091459,87.3322,9.8119,0.0,0,12.6591,2.0798,84.147,0.0,True,25.5,4840,5.834,3.91
google,1500,10,linear,True,False,10.0,0.4,0.3,0.3,0,GA,random,25,0.3333333333333333,E20,16.49,95.45,39,1.094876,87.2925,9.5295,0.0,0,12.6591,2.0798,83.875,0.0,True,25.5,4840,5.8478,3.86
google,1500,10,linear,True,False,10.0,0.4,0.3,0.3,0,GA,random,26,0.3333333333333333,E20,16.49,95.45,39,1.093077,87.3134,9.6781,0.0,0,12.6091,2.0696,85.111,0.0,True,25.5,4840,5.8613,3.79
google,1500,10,linear,True,False,10.0,0.4,0.3,0.3,0,GA,random,27,0.3333333333333333,E20,16.49,95.45,39,1.090296,87.3457,9.908,0.0,0,12.6091,2.0723,85.33,0.0,True,25.5,4840,5.8448,3.63
google,1500,20,linear,True,False,10.0,0.4,0.3,0.3,0,WOA,random,5,0.3333333333333333,E20,16.49,95.45,39,1.11339,87.0777,7.9997,0.0,0,13.1591,2.1732,64.16,0.0,True,28.0,4840,3.5905,2.53
google,1500,20,linear,True,False,10.0,0.4,0.3,0.3,0,WOA,random,6,0.3333333333333333,E20,16.49,95.45,39,1.112142,87.0921,8.1028,0.0,0,13.0591,2.161,68.577,0.0,True,28.0,4840,3.5713,2.58
google,1500,20,linear,True,False,10.0,0.4,0.3,0.3,0,WOA,random,7,0.3333333333333333,E20,16.49,95.45,39,1.119338,87.0086,7.5082,0.0,0,13.1091,2.1811,65.225,0.0,True,28.0,4840,3.5735,2.55
google,1500,20,linear,True,False,10.0,0.4,0.3,0.3,0,WOA,random,8,0.3333333333333333,E20,16.49,95.45,39,1.125054,86.9423,7.0359,0.0,0,13.3091,2.2052,55.842,0.0,True,28.5,4840,3.5356,2.25
google,1500,20,linear,True,False,10.0,0.4,0.3,0.3,0,WOA,random,9,0.3333333333333333,E20,16.49,95.45,39,1.121511,86.9834,7.3286,0.0,0,13.0091,2.1569,75.176,0.0,True,27.5,4840,3.5852,2.47
google,1500,20,linear,True,False,10.0,0.4,0.3,0.3,0,WOA,random,10,0.3333333333333333,E20,16.49,95.45,39,1.121111,86.988,7.3617,0.0,0,13.2591,2.1885,56.807,0.0,True,28.5,4840,3.5964,2.41
google,1500,20,linear,True,False,10.0,0.4,0.3,0.3,0,WOA,random,11,0.3333333333333333,E20,16.49,95.45,39,1.111743,87.0968,8.1357,0.0,0,13.1091,2.1713,61.216,0.0,True,28.0,4840,3.5864,2.59
google,1500,20,linear,True,False,10.0,0.4,0.3,0.3,0,WOA,random,12,0.3333333333333333,E20,16.49,95.45,39,1.114336,87.0667,7.9215,0.0,0,13.1591,2.181,61.829,0.0,True,28.0,4840,3.5756,2.57
google,1500,20,linear,True,False,10.0,0.4,0.3,0.3,0,WOA,random,13,0.3333333333333333,E20,16.49,95.45,39,1.106125,87.162,8.6,0.0,0,13.1091,2.1591,60.756,0.0,True,28.5,4840,3.3899,2.49
google,1500,20,linear,True,False,10.0,0.4,0.3,0.3,0,WOA,random,14,0.3333333333333333,E20,16.49,95.45,39,1.115723,87.0506,7.8069,0.0,0,13.1591,2.1852,61.272,0.0,True,28.5,4840,3.3776,2.47
google,1500,20,linear,True,False,10.0,0.4,0.3,0.3,0,WOA,random,15,0.3333333333333333,E20,16.49,95.45,39,1.107885,87.1415,8.4546,0.0,0,12.9591,2.1362,72.106,0.0,True,28.0,4840,3.3805,2.5
google,1500,20,linear,True,False,10.0,0.4,0.3,0.3,0,WOA,random,16,0.3333333333333333,E20,16.49,95.45,39,1.109599,87.1216,8.3129,0.0,0,13.0591,2.1439,65.355,0.0,True,28.0,4840,3.3795,2.5
google,1500,20,linear,True,False,10.0,0.4,0.3,0.3,0,WOA,random,17,0.3333333333333333,E20,16.49,95.45,39,1.117733,87.0272,7.6408,0.0,0,13.1591,2.1835,60.752,0.0,True,28.5,4840,3.4025,2.58
google,1500,20,linear,True,False,10.0,0.4,0.3,0.3,0,WOA,random,18,0.3333333333333333,E20,16.49,95.45,39,1.103555,87.1918,8.8124,0.0,0,13.0591,2.154,65.169,0.0,True,28.0,4840,3.3909,2.52
google,1500,20,linear,True,False,10.0,0.4,0.3,0.3,0,WOA,random,19,0.3333333333333333,E20,16.49,95.45,39,1.124874,86.9444,7.0508,0.0,0,13.3091,2.2047,56.22,0.0,True,28.5,4840,3.3919,2.44
google,1500,20,linear,True,False,10.0,0.4,0.3,0.3,0,WOA,random,20,0.3333333333333333,E20,16.49,95.45,39,1.11455,87.0642,7.9039,0.0,0,13.1091,2.1777,64.186,0.0,True,28.0,4840,3.3937,2.61
google,1500,20,linear,True,False,10.0,0.4,0.3,0.3,0,WOA,random,21,0.3333333333333333,E20,16.49,95.45,39,1.12072,86.9926,7.394,0.0,0,13.2591,2.1885,57.894,0.0,True,28.5,4840,3.5819,2.53
google,1500,20,linear,True,False,10.0,0.4,0.3,0.3,0,WOA,random,22,0.3333333333333333,E20,16.49,95.45,39,1.117315,87.0321,7.6754,0.0,0,13.1591,2.184,60.924,0.0,True,28.5,4840,3.6085,2.73
google,1500,20,linear,True,False,10.0,0.4,0.3,0.3,0,WOA,random,23,0.3333333333333333,E20,16.49,95.45,39,1.112297,87.0903,8.09,0.0,0,13.0591,2.1702,64.685,0.0,True,28.5,4840,3.5739,2.79
google,1500,20,linear,True,False,10.0,0.4,0.3,0.3,0,WOA,random,24,0.3333333333333333,E20,16.49,95.45,39,1.121329,86.9855,7.3437,0.0,0,13.2591,2.1891,56.619,0.0,True,28.5,4840,3.576,2.43
google,1500,20,linear,True,False,10.0,0.4,0.3,0.3,0,WOA,random,25,0.3333333333333333,E20,16.49,95.45,39,1.111485,87.0998,8.1571,0.0,0,13.0091,2.149,72.531,0.0,True,28.0,4840,3.6004,2.52
google,1500,20,linear,True,False,10.0,0.4,0.3,0.3,0,WOA,random,26,0.3333333333333333,E20,16.49,95.45,39,1.117983,87.0243,7.6201,0.0,0,13.1591,2.181,60.72,0.0,True,28.0,4840,3.6008,2.48
google,1500,20,linear,True,False,10.0,0.4,0.3,0.3,0,WOA,random,27,0.3333333333333333,E20,16.49,95.45,39,1.119279,87.0093,7.513,0.0,0,13.2591,2.1869,58.809,0.0,True,28.5,4840,3.5956,2.54
google,1500,20,linear,True,False,10.0,0.4,0.3,0.3,0,WOA,random,28,0.3333333333333333,E20,16.49,95.45,39,1.113106,87.081,8.0232,0.0,0,13.1091,2.1839,60.796,0.0,True,28.0,4840,3.5998,2.44
google,1500,20,linear,True,False,10.0,0.4,0.3,0.3,0,WOA,random,29,0.3333333333333333,E20,16.49,95.45,39,1.116037,87.0469,7.781,0.0,0,13.2091,2.1822,57.851,0.0,True,28.5,4840,3.3636,2.5
google,1500,20,linear,True,False,10.0,0.4,0.3,0.3,0,WOA,random,30,0.3333333333333333,E20,16.49,95.45,39,1.113574,87.0755,7.9845,0.0,0,13.1091,2.1685,66.356,0.0,True,28.0,4840,3.3409,2.63
google,1500,20,linear,True,False,10.0,0.4,0.3,0.3,0,GWO,random,1,0.3333333333333333,E20,16.49,95.45,39,1.127241,86.9169,6.8552,0.0,0,12.9091,2.1287,79.773,0.0,True,25.5,4840,3.8725,2.54
google,1500,20,linear,True,False,10.0,0.4,0.3,0.3,0,GWO,random,2,0.3333333333333333,E20,16.49,95.45,39,1.132035,86.8613,6.4591,0.0,0,12.8591,2.1339,81.5,0.0,True,25.5,4840,3.8869,2.47
google,1500,20,linear,True,False,10.0,0.4,0.3,0.3,0,GWO,random,3,0.3333333333333333,E20,16.49,95.45,39,1.118088,87.0231,7.6115,0.0,0,12.8091,2.1105,82.679,0.0,True,25.5,4840,3.8933,2.46
google,1500,20,linear,True,False,10.0,0.4,0.3,0.3,0,GWO,random,4,0.3333333333333333,E20,16.49,95.45,39,1.112481,87.0882,8.0748,0.0,0,12.7091,2.1061,82.5,0.0,True,25.5,4840,3.8958,2.68
google,1500,20,linear,True,False,10.0,0.4,0.3,0.3,0,GWO,random,5,0.3333333333333333,E20,16.49,95.45,39,1.132148,86.8599,6.4497,0.0,0,12.9591,2.1347,80.002,0.0,True,25.5,4840,3.8925,2.38
google,1500,20,linear,True,False,10.0,0.4,0.3,0.3,0,GWO,random,6,0.3333333333333333,E20,16.49,95.45,39,1.11063,87.1097,8.2277,0.0,0,12.7591,2.0976,83.271,0.0,True,25.5,4840,3.8867,2.7
google,1500,20,linear,True,False,10.0,0.4,0.3,0.3,0,PSO,random,1,0.3333333333333333,E20,16.49,95.45,39,1.142371,86.7413,5.605,0.0,0,13.0591,2.161,76.979,0.0,True,27.0,4840,3.4755,4.18
google,1500,20,linear,True,False,10.0,0.4,0.3,0.3,0,PSO,random,2,0.3333333333333333,E20,16.49,95.45,39,1.124546,86.9482,7.0779,0.0,0,12.9091,2.1134,79.131,0.0,True,26.5,4840,3.4647,4.33
google,1500,20,linear,True,False,10.0,0.4,0.3,0.3,0,PSO,random,3,0.3333333333333333,E20,16.49,95.45,39,1.127547,86.9133,6.8299,0.0,0,12.9091,2.1413,80.016,0.0,True,26.0,4840,3.4614,4.25
google,1500,20,linear,True,False,10.0,0.4,0.3,0.3,0,PSO,random,4,0.3333333333333333,E20,16.49,95.45,39,1.122096,86.9766,7.2803,0.0,0,12.8591,2.1316,80.249,0.0,True,26.0,4840,3.4657,4.2
google,1500,20,linear,True,False,10.0,0.4,0.3,0.3,0,PSO,random,5,0.3333333333333333,E20,16.49,95.45,39,1.128638,86.9007,6.7397,0.0,0,12.9091,2.1351,79.538,0.0,True,26.5,4840,3.461,4.22
google,1500,20,linear,True,False,10.0,0.4,0.3,0.3,0,PSO,random,6,0.3333333333333333,E20,16.49,95.45,39,1.142477,86.7401,5.5962,0.0,0,13.0091,2.1317,77.815,0.0,True,27.5,4840,3.4632,4.11
google,1500,20,linear,True,False,10.0,0.4,0.3,0.3,0,PSO,random,7,0.3333333333333333,E20,16.49,95.45,39,1.134871,86.8283,6.2247,0.0,0,12.9591,2.1471,77.595,0.0,True,26.5,4840,3.4551,4.19
google,1500,20,linear,True,False,10.0,0.4,0.3,0.3,0,PSO,random,8,0.3333333333333333,E20,16.49,95.45,39,1.14505,86.7102,5.3836,0.0,0,13.0091,2.1546,77.602,0.0,True,26.5,4840,3.4656,4.19
google,1500,20,linear,True,False,10.0,0.4,0.3,0.3,0,PSO,random,9,0.3333333333333333,E20,16.49,95.45,39,1.129414,86.8917,6.6756,0.0,0,12.9591,2.1511,79.652,0.0,True,26.5,4840,3.475,4.16
google,1500,20,linear,True,False,10.0,0.4,0.3,0.3,0,PSO,random,10,0.3333333333333333,E20,16.49,95.45,39,1.127973,86.9084,6.7947,0.0,0,12.9091,2.1334,79.439,0.0,True,26.0,4840,3.4645,4.21
google,1500,20,linear,True,False,10.0,0.4,0.3,0.3,0,PSO,random,11,0.3333333333333333,E20,16.49,95.45,39,1.127512,86.9137,6.8328,0.0,0,12.8591,2.1246,80.385,0.0,True,26.0,4840,3.4748,4.28
google,1500,20,linear,True,False,10.0,0.4,0.3,0.3,0,PSO,random,12,0.3333333333333333,E20,16.49,95.45,39,1.126304,86.9278,6.9326,0.0,0,12.9091,2.1379,78.672,0.0,True,26.5,4840,3.4728,4.11
google,1500,20,linear,True,False,10.0,0.4,0.3,0.3,0,PSO,random,13,0.3333333333333333,E20,16.49,95.45,39,1.14048,86.7632,5.7612,0.0,0,13.0091,2.1535,77.092,0.0,True,27.5,4840,3.4789,4.21
google,1500,20,linear,True,False,10.0,0.4,0.3,0.3,0,PSO,random,14,0.3333333333333333,E20,16.49,95.45,39,1.137852,86.7937,5.9783,0.0,0,13.0091,2.1449,77.764,0.0,True,26.5,4840,3.4812,4.21
google,1500,20,linear,True,False,10.0,0.4,0.3,0.3,0,PSO,random,15,0.3333333333333333,E20,16.49,95.45,39,1.127701,86.9116,6.8172,0.0,0,12.9091,2.1402,78.656,0.0,True,26.5,4840,3.4767,4.4
google,1500,20,linear,True,False,10.0,0.4,0.3,0.3,0,PSO,random,16,0.3333333333333333,E20,16.49,95.45,39,1.120659,86.9933,7.3991,0.0,0,12.8591,2.1098,81.87,0.0,True,25.5,4840,3.4754,4.12
google,1500,20,linear,True,False,10.0,0.4,0.3,0.3,0,GWO,random,15,0.3333333333333333,E20,16.49,95.45,39,1.120445,86.9958,7.4167,0.0,0,12.8091,2.1115,81.595,0.0,True,26.0,4840,3.9207,2.61
google,1500,20,linear,True,False,10.0,0.4,0.3,0.3,0,GWO,random,16,0.3333333333333333,E20,16.49,95.45,39,1.102698,87.2017,8.8832,0.0,0,12.6091,2.1004,85.756,0.0,True,25.0,4840,3.8975,2.62
google,1500,20,linear,True,False,10.0,0.4,0.3,0.3,0,GWO,random,17,0.3333333333333333,E20,16.49,95.45,39,1.116932,87.0365,7.707,0.0,0,12.7591,2.1091,80.992,0.0,True,25.5,4840,3.9062,2.72
google,1500,20,linear,True,False,10.0,0.4,0.3,0.3,0,GWO,random,18,0.3333333333333333,E20,16.49,95.45,39,1.123943,86.9552,7.1277,0.0,0,12.8091,2.1212,80.38,0.0,True,25.5,4840,3.9053,2.36
google,1500,20,linear,True,False,10.0,0.4,0.3,0.3,0,GWO,random,19,0.3333333333333333,E20,16.49,95.45,39,1.125188,86.9407,7.0248,0.0,0,12.8591,2.0687,81.159,0.0,True,25.5,4840,3.9094,2.5
google,1500,20,linear,True,False,10.0,0.4,0.3,0.3,0,GWO,random,20,0.3333333333333333,E20,16.49,95.45,39,1.124774,86.9455,7.059,0.0,0,12.9091,2.1145,80.668,0.0,True,25.5,4840,3.9221,2.53
google,1500,20,linear,True,False,10.0,0.4,0.3,0.3,0,GWO,random,21,0.3333333333333333,E20,16.49,95.45,39,1.13762,86.7964,5.9975,0.0,0,13.0091,2.1381,77.669,0.0,True,26.5,4840,3.9201,2.3
google,1500,20,linear,True,False,10.0,0.4,0.3,0.3,0,GWO,random,22,0.3333333333333333,E20,16.49,95.45,39,1.12885,86.8982,6.7222,0.0,0,12.9591,2.1399,79.326,0.0,True,26.5,4840,3.9131,2.33
google,1500,20,linear,True,False,10.0,0.4,0.3,0.3,0,GWO,random,7,0.3333333333333333,E20,16.49,95.45,39,1.127383,86.9152,6.8434,0.0,0,12.9591,2.1477,79.516,0.0,True,25.5,4840,4.1178,2.45
google,1500,20,linear,True,False,10.0,0.4,0.3,0.3,0,GWO,random,8,0.3333333333333333,E20,16.49,95.45,39,1.116669,87.0396,7.7288,0.0,0,12.7091,2.0994,82.168,0.0,True,25.5,4840,4.118,2.83
google,1500,20,linear,True,False,10.0,0.4,0.3,0.3,0,GWO,random,9,0.3333333333333333,E20,16.49,95.45,39,1.135972,86.8156,6.1337,0.0,0,12.9591,2.1317,79.42,0.0,True,25.5,4840,4.1202,2.44
google,1500,20,linear,True,False,10.0,0.4,0.3,0.3,0,GWO,random,10,0.3333333333333333,E20,16.49,95.45,39,1.129116,86.8951,6.7002,0.0,0,12.9091,2.1171,79.898,0.0,True,25.5,4840,4.1347,2.35
google,1500,20,linear,True,False,10.0,0.4,0.3,0.3,0,GWO,random,11,0.3333333333333333,E20,16.49,95.45,39,1.122844,86.9679,7.2185,0.0,0,12.8091,2.102,81.674,0.0,True,25.5,4840,4.1466,2.46
google,1500,20,linear,True,False,10.0,0.4,0.3,0.3,0,GWO,random,12,0.3333333333333333,E20,16.49,95.45,39,1.115537,87.0527,7.8222,0.0,0,12.7591,2.1079,82.69,0.0,True,25.5,4840,4.1416,2.58
google,1500,20,linear,True,False,10.0,0.4,0.3,0.3,0,GWO,random,13,0.3333333333333333,E20,16.49,95.45,39,1.128856,86.8981,6.7217,0.0,0,12.9091,2.1419,80.164,0.0,True,25.5,4840,4.1473,2.42
google,1500,20,linear,True,False,10.0,0.4,0.3,0.3,0,GWO,random,14,0.3333333333333333,E20,16.49,95.45,39,1.100164,87.2312,9.0925,0.0,0,12.6591,2.0684,83.894,0.0,True,25.5,4840,4.1457,2.79
google,1500,20,linear,True,False,10.0,0.4,0.3,0.3,0,GWO,random,23,0.3333333333333333,E20,16.49,95.45,39,1.123728,86.9577,7.1454,0.0,0,12.8591,2.1293,81.862,0.0,True,25.5,4840,3.9,2.43
google,1500,20,linear,True,False,10.0,0.4,0.3,0.3,0,GWO,random,24,0.3333333333333333,E20,16.49,95.45,39,1.13479,86.8293,6.2314,0.0,0,12.9591,2.1321,79.585,0.0,True,26.0,4840,3.8829,2.36
google,1500,20,linear,True,False,10.0,0.4,0.3,0.3,0,GWO,random,25,0.3333333333333333,E20,16.49,95.45,39,1.119208,87.0101,7.519,0.0,0,12.8591,2.1269,80.373,0.0,True,25.5,4840,3.8891,2.41
google,1500,20,linear,True,False,10.0,0.4,0.3,0.3,0,GWO,random,26,0.3333333333333333,E20,16.49,95.45,39,1.137689,86.7956,5.9918,0.0,0,13.0091,2.1175,77.815,0.0,True,27.5,4840,3.8907,2.36
google,1500,20,linear,True,False,10.0,0.4,0.3,0.3,0,GWO,random,27,0.3333333333333333,E20,16.49,95.45,39,1.125231,86.9402,7.0213,0.0,0,12.9091,2.1053,81.197,0.0,True,25.5,4840,3.8958,2.41
google,1500,20,linear,True,False,10.0,0.4,0.3,0.3,0,GWO,random,28,0.3333333333333333,E20,16.49,95.45,39,1.138593,86.7851,5.9171,0.0,0,13.0591,2.149,77.53,0.0,True,27.0,4840,3.8924,2.41
google,1500,20,linear,True,False,10.0,0.4,0.3,0.3,0,GWO,random,29,0.3333333333333333,E20,16.49,95.45,39,1.131513,86.8673,6.5022,0.0,0,12.9591,2.1471,80.025,0.0,True,25.5,4840,3.8977,2.41
google,1500,20,linear,True,False,10.0,0.4,0.3,0.3,0,GWO,random,30,0.3333333333333333,E20,16.49,95.45,39,1.10692,87.1527,8.5343,0.0,0,12.6591,2.0701,83.23,0.0,True,25.5,4840,3.9037,2.7
google,1500,20,linear,True,False,10.0,0.4,0.3,0.3,0,PSO,random,17,0.3333333333333333,E20,16.49,95.45,39,1.131031,86.8729,6.542,0.0,0,12.9591,2.1323,80.231,0.0,True,25.5,4840,3.4568,4.43
google,1500,20,linear,True,False,10.0,0.4,0.3,0.3,0,PSO,random,18,0.3333333333333333,E20,16.49,95.45,39,1.146704,86.691,5.2469,0.0,0,13.0091,2.1546,78.157,0.0,True,27.0,4840,3.4438,3.96
google,1500,20,linear,True,False,10.0,0.4,0.3,0.3,0,PSO,random,19,0.3333333333333333,E20,16.49,95.45,39,1.119456,87.0072,7.4984,0.0,0,12.8591,2.1104,80.601,0.0,True,25.5,4840,3.4607,4.18
google,1500,20,linear,True,False,10.0,0.4,0.3,0.3,0,PSO,random,20,0.3333333333333333,E20,16.49,95.45,39,1.134678,86.8306,6.2407,0.0,0,13.0091,2.1362,77.439,0.0,True,26.5,4840,3.4592,4.13
google,1500,20,linear,True,False,10.0,0.4,0.3,0.3,0,PSO,random,21,0.3333333333333333,E20,16.49,95.45,39,1.138419,86.7872,5.9315,0.0,0,13.0091,2.1261,77.26,0.0,True,27.0,4840,3.4573,3.98
google,1500,20,linear,True,False,10.0,0.4,0.3,0.3,0,PSO,random,22,0.3333333333333333,E20,16.49,95.45,39,1.136858,86.8053,6.0605,0.0,0,12.9591,2.1391,79.311,0.0,True,26.5,4840,3.4425,4.22
google,1500,20,linear,True,False,10.0,0.4,0.3,0.3,0,PSO,random,23,0.3333333333333333,E20,16.49,95.45,39,1.126214,86.9288,6.94,0.0,0,12.8591,2.1252,78.112,0.0,True,26.5,4840,3.4554,4.33
google,1500,20,linear,True,False,10.0,0.4,0.3,0.3,0,PSO,random,24,0.3333333333333333,E20,16.49,95.45,39,1.132669,86.8539,6.4066,0.0,0,12.9091,2.1139,79.724,0.0,True,26.0,4840,3.4531,4.17
google,1500,20,linear,True,False,10.0,0.4,0.3,0.3,0,PSO,random,25,0.3333333333333333,E20,16.49,95.45,39,1.134708,86.8302,6.2382,0.0,0,12.9091,2.1329,78.832,0.0,True,26.5,4840,3.4648,4.14
google,1500,20,linear,True,False,10.0,0.4,0.3,0.3,0,PSO,random,26,0.3333333333333333,E20,16.49,95.45,39,1.145459,86.7054,5.3498,0.0,0,13.0091,2.1432,77.569,0.0,True,26.0,4840,3.4575,4.09
google,1500,20,linear,True,False,10.0,0.4,0.3,0.3,0,PSO,random,27,0.3333333333333333,E20,16.49,95.45,39,1.120904,86.9904,7.3788,0.0,0,12.8591,2.1214,80.566,0.0,True,26.0,4840,3.4696,4.15
google,1500,20,linear,True,False,10.0,0.4,0.3,0.3,0,PSO,random,28,0.3333333333333333,E20,16.49,95.45,39,1.136133,86.8137,6.1204,0.0,0,13.0091,2.1329,77.659,0.0,True,26.0,4840,3.4734,4.49
google,1500,20,linear,True,False,10.0,0.4,0.3,0.3,0,PSO,random,29,0.3333333333333333,E20,16.49,95.45,39,1.134341,86.8345,6.2685,0.0,0,12.9091,2.1379,79.175,0.0,True,26.5,4840,3.4606,4.38
google,1500,20,linear,True,False,10.0,0.4,0.3,0.3,0,PSO,random,30,0.3333333333333333,E20,16.49,95.45,39,1.126091,86.9302,6.9502,0.0,0,12.8591,2.136,81.359,0.0,True,26.5,4840,3.4667,4.17
google,1500,20,linear,True,False,10.0,0.4,0.3,0.3,0,DE,random,1,0.3333333333333333,E20,16.49,95.45,39,1.110095,87.1159,8.272,0.0,0,12.7091,2.0858,82.032,0.0,True,26.5,4840,3.3703,2.75
google,1500,20,linear,True,False,10.0,0.4,0.3,0.3,0,DE,random,2,0.3333333333333333,E20,16.49,95.45,39,1.109839,87.1189,8.2931,0.0,0,12.7591,2.1107,83.348,0.0,True,25.5,4840,3.3785,2.59
google,1500,20,linear,True,False,10.0,0.4,0.3,0.3,0,DE,random,3,0.3333333333333333,E20,16.49,95.45,39,1.106283,87.1601,8.5869,0.0,0,12.7591,2.092,81.279,0.0,True,27.0,4840,3.3677,2.95
google,1500,20,linear,True,False,10.0,0.4,0.3,0.3,0,DE,random,4,0.3333333333333333,E20,16.49,95.45,39,1.094853,87.2928,9.5314,0.0,0,12.5591,2.0682,85.1,0.0,True,27.0,4840,3.3554,2.91
google,1500,20,linear,True,False,10.0,0.4,0.3,0.3,0,DE,random,5,0.3333333333333333,E20,16.49,95.45,39,1.107059,87.1511,8.5229,0.0,0,12.8091,2.0886,81.761,0.0,True,26.5,4840,3.3716,2.6
google,1500,20,linear,True,False,10.0,0.4,0.3,0.3,0,DE,random,6,0.3333333333333333,E20,16.49,95.45,39,1.082479,87.4364,10.5539,0.0,0,12.5091,2.0481,86.461,0.0,True,25.5,4840,3.3708,3.09
google,1500,20,linear,True,False,10.0,0.4,0.3,0.3,0,DE,random,7,0.3333333333333333,E20,16.49,95.45,39,1.093075,87.3134,9.6783,0.0,0,12.6591,2.065,85.14,0.0,True,25.5,4840,3.3699,2.98
google,1500,20,linear,True,False,10.0,0.4,0.3,0.3,0,DE,random,8,0.3333333333333333,E20,16.49,95.45,39,1.113484,87.0766,7.9919,0.0,0,12.8091,2.1006,81.563,0.0,True,26.5,4840,3.3602,2.57
google,1500,20,linear,True,False,10.0,0.4,0.3,0.3,0,DE,random,9,0.3333333333333333,E20,16.49,95.45,39,1.115073,87.0581,7.8606,0.0,0,12.8591,2.1053,82.21,0.0,True,26.0,4840,3.3532,2.67
google,1500,20,linear,True,False,10.0,0.4,0.3,0.3,0,DE,random,10,0.3333333333333333,E20,16.49,95.45,39,1.095853,87.2812,9.4488,0.0,0,12.6591,2.0804,84.211,0.0,True,25.5,4840,3.3633,2.77
google,1500,20,linear,True,False,10.0,0.4,0.3,0.3,0,DE,random,19,0.3333333333333333,E20,16.49,95.45,39,1.111023,87.1051,8.1952,0.0,0,12.8091,2.1184,82.391,0.0,True,25.5,4840,3.3794,2.73
google,1500,20,linear,True,False,10.0,0.4,0.3,0.3,0,DE,random,20,0.3333333333333333,E20,16.49,95.45,39,1.100047,87.2325,9.1022,0.0,0,12.6591,2.0809,83.837,0.0,True,26.5,4840,3.37,2.81
google,1500,20,linear,True,False,10.0,0.4,0.3,0.3,0,DE,random,21,0.3333333333333333,E20,16.49,95.45,39,1.098762,87.2474,9.2084,0.0,0,12.6591,2.0792,83.391,0.0,True,26.0,4840,3.3658,2.91
google,1500,20,linear,True,False,10.0,0.4,0.3,0.3,0,DE,random,22,0.3333333333333333,E20,16.49,95.45,39,1.083804,87.421,10.4444,0.0,0,12.4591,2.0275,88.238,0.0,True,25.5,4840,3.3747,2.96
google,1500,20,linear,True,False,10.0,0.4,0.3,0.3,0,DE,random,23,0.3333333333333333,E20,16.49,95.45,39,1.093762,87.3055,9.6216,0.0,0,12.6091,2.0695,84.786,0.0,True,25.5,4840,3.3759,2.9
google,1500,20,linear,True,False,10.0,0.4,0.3,0.3,0,DE,random,24,0.3333333333333333,E20,16.49,95.45,39,1.101575,87.2148,8.976,0.0,0,12.7091,2.0941,84.211,0.0,True,25.5,4840,3.3822,2.7
google,1500,20,linear,True,False,10.0,0.4,0.3,0.3,0,DE,random,25,0.3333333333333333,E20,16.49,95.45,39,1.100074,87.2322,9.1,0.0,0,12.6591,2.0725,84.947,0.0,True,25.5,4840,3.3756,2.83
google,1500,20,linear,True,False,10.0,0.4,0.3,0.3,0,DE,random,26,0.3333333333333333,E20,16.49,95.45,39,1.107258,87.1488,8.5064,0.0,0,12.7591,2.1074,82.674,0.0,True,26.5,4840,3.3821,2.57
google,1500,20,linear,True,False,10.0,0.4,0.3,0.3,0,DE,random,11,0.3333333333333333,E20,16.49,95.45,39,1.103778,87.1892,8.7939,0.0,0,12.7091,2.1038,81.5,0.0,True,26.0,4840,3.5982,2.96
google,1500,20,linear,True,False,10.0,0.4,0.3,0.3,0,DE,random,12,0.3333333333333333,E20,16.49,95.45,39,1.114138,87.069,7.9379,0.0,0,12.8091,2.1023,81.946,0.0,True,27.0,4840,3.5762,2.54
google,1500,20,linear,True,False,10.0,0.4,0.3,0.3,0,DE,random,13,0.3333333333333333,E20,16.49,95.45,39,1.095648,87.2836,9.4658,0.0,0,12.6091,2.0603,85.093,0.0,True,25.5,4840,3.5795,2.89
google,1500,20,linear,True,False,10.0,0.4,0.3,0.3,0,DE,random,14,0.3333333333333333,E20,16.49,95.45,39,1.105273,87.1719,8.6704,0.0,0,12.7091,2.0798,84.383,0.0,True,25.5,4840,3.5645,2.74
google,1500,20,linear,True,False,10.0,0.4,0.3,0.3,0,DE,random,15,0.3333333333333333,E20,16.49,95.45,39,1.106867,87.1534,8.5387,0.0,0,12.7091,2.0999,83.33,0.0,True,25.5,4840,3.5649,2.73
google,1500,20,linear,True,False,10.0,0.4,0.3,0.3,0,DE,random,16,0.3333333333333333,E20,16.49,95.45,39,1.094094,87.3016,9.5941,0.0,0,12.6091,2.0631,84.41,0.0,True,25.5,4840,3.5968,3.09
google,1500,20,linear,True,False,10.0,0.4,0.3,0.3,0,DE,random,17,0.3333333333333333,E20,16.49,95.45,39,1.101279,87.2182,9.0004,0.0,0,12.7591,2.1085,83.871,0.0,True,25.5,4840,3.5665,2.72
google,1500,20,linear,True,False,10.0,0.4,0.3,0.3,0,DE,random,18,0.3333333333333333,E20,16.49,95.45,39,1.097621,87.2607,9.3027,0.0,0,12.5591,2.0642,85.48,0.0,True,25.5,4840,3.5862,2.79
google,1500,20,linear,True,False,10.0,0.4,0.3,0.3,0,DE,random,27,0.3333333333333333,E20,16.49,95.45,39,1.106357,87.1593,8.5808,0.0,0,12.7091,2.1038,83.357,0.0,True,26.0,4840,3.5667,2.62
google,1500,20,linear,True,False,10.0,0.4,0.3,0.3,0,DE,random,28,0.3333333333333333,E20,16.49,95.45,39,1.105903,87.1645,8.6183,0.0,0,12.7091,2.0753,83.776,0.0,True,25.5,4840,3.5774,2.67
google,1500,20,linear,True,False,10.0,0.4,0.3,0.3,0,DE,random,29,0.3333333333333333,E20,16.49,95.45,39,1.104941,87.1757,8.6978,0.0,0,12.7091,2.1017,83.963,0.0,True,25.5,4840,3.5883,2.6
google,1500,20,linear,True,False,10.0,0.4,0.3,0.3,0,DE,random,30,0.3333333333333333,E20,16.49,95.45,39,1.099807,87.2353,9.1221,0.0,0,12.6591,2.0912,84.571,0.0,True,25.5,4840,3.5834,2.97
google,1500,20,linear,True,False,10.0,0.4,0.3,0.3,0,HHO,random,1,0.3333333333333333,E20,16.49,95.45,39,1.108198,87.1379,8.4287,0.0,0,12.9091,2.1317,72.034,0.0,True,28.0,8910,5.3889,2.76
google,1500,20,linear,True,False,10.0,0.4,0.3,0.3,0,HHO,random,2,0.3333333333333333,E20,16.49,95.45,39,1.112313,87.0901,8.0887,0.0,0,13.0091,2.142,75.809,0.0,True,27.0,8780,5.3002,2.43
google,1500,20,linear,True,False,10.0,0.4,0.3,0.3,0,HHO,random,3,0.3333333333333333,E20,16.49,95.45,39,1.122305,86.9742,7.263,0.0,0,13.1091,2.1719,66.408,0.0,True,28.5,8894,5.3678,2.57
google,1500,20,linear,True,False,10.0,0.4,0.3,0.3,0,HHO,random,4,0.3333333333333333,E20,16.49,95.45,39,1.109175,87.1266,8.3479,0.0,0,12.9591,2.1533,74.858,0.0,True,28.0,9094,5.4631,2.58
google,1500,20,linear,True,False,10.0,0.4,0.3,0.3,0,WOA,carbon,1,0.3333333333333333,E20,16.49,95.45,39,0.958958,88.87,20.7605,0.0,0,12.6591,2.0327,69.77,0.0,True,26.5,4840,3.3811,2.54
google,1500,20,linear,True,False,10.0,0.4,0.3,0.3,0,WOA,carbon,2,0.3333333333333333,E20,16.49,95.45,39,0.978825,88.6395,19.1189,0.0,0,12.8591,2.0644,63.619,0.0,True,27.0,4840,3.3879,2.63
google,1500,20,linear,True,False,10.0,0.4,0.3,0.3,0,WOA,carbon,3,0.3333333333333333,E20,16.49,95.45,39,0.970307,88.7383,19.8227,0.0,0,12.7591,2.0581,66.905,0.0,True,26.5,4840,3.3816,2.43
google,1500,20,linear,True,False,10.0,0.4,0.3,0.3,0,WOA,carbon,4,0.3333333333333333,E20,16.49,95.45,39,0.977081,88.6597,19.263,0.0,0,12.8091,2.0667,65.515,0.0,True,26.5,4840,3.3853,2.48
google,1500,20,linear,True,False,10.0,0.4,0.3,0.3,0,WOA,carbon,5,0.3333333333333333,E20,16.49,95.45,39,0.984356,88.5753,18.6619,0.0,0,12.9091,2.0783,65.097,0.0,True,26.5,4840,3.4058,2.57
google,1500,20,linear,True,False,10.0,0.4,0.3,0.3,0,WOA,carbon,6,0.3333333333333333,E20,16.49,95.45,39,0.972425,88.7137,19.6477,0.0,0,12.8091,2.0644,65.91,0.0,True,26.5,4840,3.3878,2.66
google,1500,20,linear,True,False,10.0,0.4,0.3,0.3,0,WOA,carbon,7,0.3333333333333333,E20,16.49,95.45,39,0.981325,88.6104,18.9123,0.0,0,12.8591,2.0627,66.427,0.0,True,27.0,4840,3.3956,2.62
google,1500,20,linear,True,False,10.0,0.4,0.3,0.3,0,WOA,carbon,8,0.3333333333333333,E20,16.49,95.45,39,0.976223,88.6697,19.3339,0.0,0,12.8091,2.0547,67.792,0.0,True,26.5,4840,3.3871,2.54
google,1500,20,linear,True,False,10.0,0.4,0.3,0.3,0,WOA,carbon,9,0.3333333333333333,E20,16.49,95.45,39,0.970407,88.7372,19.8145,0.0,0,12.7591,2.0564,67.262,0.0,True,26.5,4840,3.3925,2.5
google,1500,20,linear,True,False,10.0,0.4,0.3,0.3,0,WOA,carbon,10,0.3333333333333333,E20,16.49,95.45,39,0.97515,88.6821,19.4226,0.0,0,12.7591,2.0569,68.449,0.0,True,27.0,4840,3.3734,2.75
google,1500,20,linear,True,False,10.0,0.4,0.3,0.3,0,WOA,carbon,11,0.3333333333333333,E20,16.49,95.45,39,0.963414,88.8183,20.3923,0.0,0,12.6591,2.0264,69.906,0.0,True,27.0,4840,3.3734,2.56
google,1500,20,linear,True,False,10.0,0.4,0.3,0.3,0,WOA,carbon,12,0.3333333333333333,E20,16.49,95.45,39,0.963131,88.8216,20.4157,0.0,0,12.6591,2.0247,70.774,0.0,True,27.0,4840,3.3858,2.47
google,1500,20,linear,True,False,10.0,0.4,0.3,0.3,0,WOA,carbon,13,0.3333333333333333,E20,16.49,95.45,39,0.979006,88.6373,19.1039,0.0,0,12.8091,2.0684,69.147,0.0,True,26.5,4840,3.4266,2.44
google,1500,20,linear,True,False,10.0,0.4,0.3,0.3,0,WOA,carbon,14,0.3333333333333333,E20,16.49,95.45,39,0.979411,88.6326,19.0705,0.0,0,12.8091,2.0558,66.774,0.0,True,27.0,4840,3.3803,2.49
google,1500,20,linear,True,False,10.0,0.4,0.3,0.3,0,WOA,carbon,15,0.3333333333333333,E20,16.49,95.45,39,0.962906,88.8242,20.4343,0.0,0,12.6591,2.0247,69.454,0.0,True,27.0,4840,3.3728,2.43
google,1500,20,linear,True,False,10.0,0.4,0.3,0.3,0,WOA,carbon,16,0.3333333333333333,E20,16.49,95.45,39,0.967026,88.7764,20.0938,0.0,0,12.7091,2.0344,68.723,0.0,True,27.0,4840,3.4125,2.47
google,1500,20,linear,True,False,10.0,0.4,0.3,0.3,0,HHO,random,5,0.3333333333333333,E20,16.49,95.45,39,1.10758,87.1451,8.4797,0.0,0,13.0091,2.1443,67.335,0.0,True,28.0,8986,5.1559,2.75
google,1500,20,linear,True,False,10.0,0.4,0.3,0.3,0,HHO,random,6,0.3333333333333333,E20,16.49,95.45,39,1.113444,87.077,7.9953,0.0,0,12.9591,2.1385,74.638,0.0,True,27.5,8968,5.1226,2.58
google,1500,20,linear,True,False,10.0,0.4,0.3,0.3,0,HHO,random,7,0.3333333333333333,E20,16.49,95.45,39,1.111992,87.0939,8.1152,0.0,0,13.1091,2.164,64.52,0.0,True,28.0,8946,5.1174,2.69
google,1500,20,linear,True,False,10.0,0.4,0.3,0.3,0,HHO,random,8,0.3333333333333333,E20,16.49,95.45,39,1.115593,87.0521,7.8176,0.0,0,13.1591,2.173,60.116,0.0,True,28.5,8872,5.1093,2.62
google,1500,20,linear,True,False,10.0,0.4,0.3,0.3,0,HHO,random,9,0.3333333333333333,E20,16.49,95.45,39,1.110733,87.1085,8.2192,0.0,0,13.1091,2.1548,65.378,0.0,True,28.5,8790,5.0684,2.75
google,1500,20,linear,True,False,10.0,0.4,0.3,0.3,0,HHO,random,10,0.3333333333333333,E20,16.49,95.45,39,1.108996,87.1286,8.3627,0.0,0,13.0091,2.1417,66.197,0.0,True,28.5,8942,5.1317,2.53
google,1500,20,linear,True,False,10.0,0.4,0.3,0.3,0,HHO,random,11,0.3333333333333333,E20,16.49,95.45,39,1.111841,87.0956,8.1276,0.0,0,13.1091,2.1788,61.045,0.0,True,28.5,8876,5.0997,2.57
google,1500,20,linear,True,False,10.0,0.4,0.3,0.3,0,HHO,random,12,0.3333333333333333,E20,16.49,95.45,39,1.127006,86.9196,6.8746,0.0,0,12.8591,2.1424,79.974,0.0,True,26.5,8864,5.063,2.75
google,1500,20,linear,True,False,10.0,0.4,0.3,0.3,0,HHO,random,13,0.3333333333333333,E20,16.49,95.45,39,1.127345,86.9157,6.8466,0.0,0,13.0091,2.1505,72.747,0.0,True,28.5,8872,5.0832,2.57
google,1500,20,linear,True,False,10.0,0.4,0.3,0.3,0,HHO,random,14,0.3333333333333333,E20,16.49,95.45,39,1.113044,87.0817,8.0283,0.0,0,13.0091,2.1432,73.615,0.0,True,28.0,8810,5.0623,2.58
google,1500,20,linear,True,False,10.0,0.4,0.3,0.3,0,HHO,random,15,0.3333333333333333,E20,16.49,95.45,39,1.107372,87.1475,8.497,0.0,0,13.1091,2.1649,62.841,0.0,True,28.5,9030,5.1917,2.65
google,1500,20,linear,True,False,10.0,0.4,0.3,0.3,0,HHO,random,16,0.3333333333333333,E20,16.49,95.45,39,1.102497,87.2041,8.8998,0.0,0,12.8091,2.1182,79.347,0.0,True,26.5,8820,5.0575,2.65
google,1500,20,linear,True,False,10.0,0.4,0.3,0.3,0,HHO,random,17,0.3333333333333333,E20,16.49,95.45,39,1.123927,86.9554,7.129,0.0,0,13.0091,2.1552,72.647,0.0,True,28.0,8884,5.1114,2.52
google,1500,20,linear,True,False,10.0,0.4,0.3,0.3,0,HHO,random,18,0.3333333333333333,E20,16.49,95.45,39,1.115174,87.0569,7.8523,0.0,0,13.1091,2.1674,63.334,0.0,True,28.5,8872,5.1241,3.06
google,1500,20,linear,True,False,10.0,0.4,0.3,0.3,0,HHO,random,19,0.3333333333333333,E20,16.49,95.45,39,1.116635,87.04,7.7315,0.0,0,12.8591,2.136,77.711,0.0,True,28.0,8900,5.0855,2.57
google,1500,20,linear,True,False,10.0,0.4,0.3,0.3,0,HHO,random,20,0.3333333333333333,E20,16.49,95.45,39,1.11525,87.0561,7.846,0.0,0,13.0091,2.1419,75.626,0.0,True,27.5,9016,5.1654,2.39
google,1500,20,linear,True,False,10.0,0.4,0.3,0.3,0,HHO,random,21,0.3333333333333333,E20,16.49,95.45,39,1.110931,87.1062,8.2029,0.0,0,12.8591,2.1338,76.42,0.0,True,27.5,8900,5.1358,2.78
google,1500,20,linear,True,False,10.0,0.4,0.3,0.3,0,HHO,random,22,0.3333333333333333,E20,16.49,95.45,39,1.117104,87.0345,7.6928,0.0,0,13.0091,2.1557,73.279,0.0,True,28.5,8992,5.1697,2.5
google,1500,20,linear,True,False,10.0,0.4,0.3,0.3,0,HHO,random,23,0.3333333333333333,E20,16.49,95.45,39,1.119794,87.0033,7.4705,0.0,0,12.9591,2.1402,74.261,0.0,True,28.0,8934,5.1381,2.76
google,1500,20,linear,True,False,10.0,0.4,0.3,0.3,0,HHO,random,24,0.3333333333333333,E20,16.49,95.45,39,1.125006,86.9428,7.0399,0.0,0,13.0091,2.1449,76.64,0.0,True,27.5,8960,5.1434,2.44
google,1500,20,linear,True,False,10.0,0.4,0.3,0.3,0,HHO,random,25,0.3333333333333333,E20,16.49,95.45,39,1.10804,87.1397,8.4418,0.0,0,13.1091,2.176,63.348,0.0,True,28.0,8698,5.034,2.8
google,1500,20,linear,True,False,10.0,0.4,0.3,0.3,0,HHO,random,26,0.3333333333333333,E20,16.49,95.45,39,1.132461,86.8563,6.4238,0.0,0,13.1591,2.1994,65.312,0.0,True,28.5,9004,5.1682,2.5
google,1500,20,linear,True,False,10.0,0.4,0.3,0.3,0,HHO,random,27,0.3333333333333333,E20,16.49,95.45,39,1.114089,87.0695,7.942,0.0,0,13.1091,2.1777,60.673,0.0,True,28.0,8882,5.1294,2.59
google,1500,20,linear,True,False,10.0,0.4,0.3,0.3,0,HHO,random,28,0.3333333333333333,E20,16.49,95.45,39,1.118383,87.0197,7.5871,0.0,0,13.1591,2.1771,60.729,0.0,True,28.5,8860,5.1163,2.34
google,1500,20,linear,True,False,10.0,0.4,0.3,0.3,0,WOA,carbon,25,0.3333333333333333,E20,16.49,95.45,39,0.974481,88.6899,19.4778,0.0,0,12.7591,2.0472,66.006,0.0,True,27.0,4840,3.6141,2.51
google,1500,20,linear,True,False,10.0,0.4,0.3,0.3,0,WOA,carbon,26,0.3333333333333333,E20,16.49,95.45,39,0.96834,88.7611,19.9853,0.0,0,12.7591,2.0397,66.866,0.0,True,27.0,4840,3.5932,2.49
google,1500,20,linear,True,False,10.0,0.4,0.3,0.3,0,WOA,carbon,27,0.3333333333333333,E20,16.49,95.45,39,0.967363,88.7725,20.066,0.0,0,12.7091,2.0414,68.12,0.0,True,26.5,4840,3.6188,2.48
google,1500,20,linear,True,False,10.0,0.4,0.3,0.3,0,WOA,carbon,28,0.3333333333333333,E20,16.49,95.45,39,0.983477,88.5855,18.7345,0.0,0,12.8591,2.0633,68.105,0.0,True,26.5,4840,3.6203,2.41
google,1500,20,linear,True,False,10.0,0.4,0.3,0.3,0,WOA,carbon,29,0.3333333333333333,E20,16.49,95.45,39,0.968965,88.7539,19.9336,0.0,0,12.7091,2.0408,69.159,0.0,True,27.0,4840,3.6106,2.41
google,1500,20,linear,True,False,10.0,0.4,0.3,0.3,0,WOA,carbon,30,0.3333333333333333,E20,16.49,95.45,39,0.96879,88.7559,19.9481,0.0,0,12.7591,2.0558,67.692,0.0,True,26.5,4840,3.6102,2.48
google,2000,10,linear,True,False,10.0,0.4,0.3,0.3,0,FIFO,-,0,0.3333333333333333,E20,21.23,126.13,38,11.472999,0.0,-641.4377,0.0,0,127.7597,20.8575,5.341,18.2202,False,24.5,0,0.0,0.0
google,2000,10,linear,True,False,10.0,0.4,0.3,0.3,0,Consolidation,-,0,0.3333333333333333,E20,21.23,126.13,38,1.547399,86.5127,0.0,0.0,0,17.1097,2.7975,61.064,18.2202,False,24.5,0,0.0,0.0
google,1500,20,linear,True,False,10.0,0.4,0.3,0.3,0,WOA,carbon,17,0.3333333333333333,E20,16.49,95.45,39,0.974494,88.6897,19.4768,0.0,0,12.7591,2.0472,70.672,0.0,True,26.5,4840,3.3973,2.57
google,1500,20,linear,True,False,10.0,0.4,0.3,0.3,0,WOA,carbon,18,0.3333333333333333,E20,16.49,95.45,39,0.956679,88.8965,20.9488,0.0,0,12.6591,2.0247,70.5,0.0,True,26.5,4840,3.4022,2.42
google,1500,20,linear,True,False,10.0,0.4,0.3,0.3,0,WOA,carbon,19,0.3333333333333333,E20,16.49,95.45,39,0.968549,88.7587,19.968,0.0,0,12.7591,2.0534,67.49,0.0,True,26.5,4840,3.4096,2.39
google,1500,20,linear,True,False,10.0,0.4,0.3,0.3,0,WOA,carbon,20,0.3333333333333333,E20,16.49,95.45,39,0.965169,88.7979,20.2473,0.0,0,12.7091,2.0419,69.862,0.0,True,26.5,4840,3.3881,2.65
google,1500,20,linear,True,False,10.0,0.4,0.3,0.3,0,WOA,carbon,21,0.3333333333333333,E20,16.49,95.45,39,0.966949,88.7773,20.1002,0.0,0,12.7091,2.0327,68.379,0.0,True,27.0,4840,3.4021,2.48
google,1500,20,linear,True,False,10.0,0.4,0.3,0.3,0,WOA,carbon,22,0.3333333333333333,E20,16.49,95.45,39,0.963702,88.815,20.3685,0.0,0,12.7091,2.0402,68.23,0.0,True,26.5,4840,3.3998,2.58
google,1500,20,linear,True,False,10.0,0.4,0.3,0.3,0,WOA,carbon,23,0.3333333333333333,E20,16.49,95.45,39,0.982594,88.5957,18.8075,0.0,0,12.8091,2.0552,68.158,0.0,True,26.5,4840,3.3902,2.4
google,1500,20,linear,True,False,10.0,0.4,0.3,0.3,0,WOA,carbon,24,0.3333333333333333,E20,16.49,95.45,39,0.973447,88.7019,19.5633,0.0,0,12.7591,2.0419,70.068,0.0,True,26.5,4840,3.4227,2.48
google,1500,20,linear,True,False,10.0,0.4,0.3,0.3,0,HHO,random,29,0.3333333333333333,E20,16.49,95.45,39,1.118761,87.0153,7.5559,0.0,0,12.9591,2.1413,78.145,0.0,True,27.5,8938,5.1546,2.64
google,1500,20,linear,True,False,10.0,0.4,0.3,0.3,0,HHO,random,30,0.3333333333333333,E20,16.49,95.45,39,1.11737,87.0315,7.6708,0.0,0,13.1591,2.1747,60.284,0.0,True,28.5,9032,5.2163,2.77
google,1500,20,linear,True,False,10.0,0.4,0.3,0.3,0,GA,random,1,0.3333333333333333,E20,16.49,95.45,39,1.090828,87.3395,9.864,0.0,0,12.6591,2.0832,84.417,0.0,True,25.5,4840,5.9156,3.66
google,1500,20,linear,True,False,10.0,0.4,0.3,0.3,0,GA,random,2,0.3333333333333333,E20,16.49,95.45,39,1.101088,87.2204,9.0162,0.0,0,12.6591,2.077,83.295,0.0,True,26.0,4840,5.9217,3.79
google,1500,20,linear,True,False,10.0,0.4,0.3,0.3,0,GA,random,3,0.3333333333333333,E20,16.49,95.45,39,1.086714,87.3873,10.2039,0.0,0,12.6091,2.0564,85.67,0.0,True,25.5,4840,5.9064,3.82
google,1500,20,linear,True,False,10.0,0.4,0.3,0.3,0,GA,random,4,0.3333333333333333,E20,16.49,95.45,39,1.092601,87.3189,9.7175,0.0,0,12.6591,2.0787,84.323,0.0,True,25.5,4840,5.9312,3.8
google,1500,20,linear,True,False,10.0,0.4,0.3,0.3,0,GA,random,5,0.3333333333333333,E20,16.49,95.45,39,1.092591,87.319,9.7183,0.0,0,12.6591,2.0644,83.717,0.0,True,25.5,4840,5.9285,3.76
google,1500,20,linear,True,False,10.0,0.4,0.3,0.3,0,GA,random,6,0.3333333333333333,E20,16.49,95.45,39,1.093201,87.312,9.6679,0.0,0,12.6591,2.0657,83.059,0.0,True,26.5,4840,5.9515,3.69
google,1500,20,linear,True,False,10.0,0.4,0.3,0.3,0,GA,random,15,0.3333333333333333,E20,16.49,95.45,39,1.097734,87.2594,9.2933,0.0,0,12.6591,2.065,83.652,0.0,True,26.5,4840,5.8923,3.61
google,1500,20,linear,True,False,10.0,0.4,0.3,0.3,0,GA,random,16,0.3333333333333333,E20,16.49,95.45,39,1.092765,87.317,9.704,0.0,0,12.6591,2.0661,83.95,0.0,True,25.5,4840,5.8842,3.7
google,1500,20,linear,True,False,10.0,0.4,0.3,0.3,0,GA,random,17,0.3333333333333333,E20,16.49,95.45,39,1.086335,87.3917,10.2353,0.0,0,12.6091,2.0774,84.692,0.0,True,25.5,4840,5.903,3.74
google,1500,20,linear,True,False,10.0,0.4,0.3,0.3,0,GA,random,18,0.3333333333333333,E20,16.49,95.45,39,1.096145,87.2778,9.4246,0.0,0,12.6591,2.0843,83.446,0.0,True,26.5,4840,5.9088,3.8
google,1500,20,linear,True,False,10.0,0.4,0.3,0.3,0,GA,random,19,0.3333333333333333,E20,16.49,95.45,39,1.104632,87.1793,8.7233,0.0,0,12.6591,2.0644,82.966,0.0,True,26.5,4840,5.8957,3.67
google,1500,20,linear,True,False,10.0,0.4,0.3,0.3,0,GA,random,20,0.3333333333333333,E20,16.49,95.45,39,1.1011,87.2203,9.0152,0.0,0,12.7091,2.1055,82.579,0.0,True,26.0,4840,5.8929,3.69
google,1500,20,linear,True,False,10.0,0.4,0.3,0.3,0,GA,random,21,0.3333333333333333,E20,16.49,95.45,39,1.094093,87.3016,9.5942,0.0,0,12.6591,2.0601,84.099,0.0,True,25.5,4840,5.8944,3.71
google,1500,20,linear,True,False,10.0,0.4,0.3,0.3,0,GA,random,22,0.3333333333333333,E20,16.49,95.45,39,1.090528,87.343,9.8888,0.0,0,12.6091,2.074,85.076,0.0,True,25.5,4840,5.9216,3.67
google,1500,20,linear,True,False,10.0,0.4,0.3,0.3,0,GA,random,23,0.3333333333333333,E20,16.49,95.45,39,1.089167,87.3588,10.0012,0.0,0,12.5591,2.0483,85.943,0.0,True,25.5,4840,5.9146,3.78
google,1500,20,linear,True,False,10.0,0.4,0.3,0.3,0,GA,random,24,0.3333333333333333,E20,16.49,95.45,39,1.091459,87.3322,9.8119,0.0,0,12.6591,2.0798,84.147,0.0,True,25.5,4840,5.8806,3.91
google,1500,20,linear,True,False,10.0,0.4,0.3,0.3,0,GA,random,25,0.3333333333333333,E20,16.49,95.45,39,1.094876,87.2925,9.5295,0.0,0,12.6591,2.0798,83.875,0.0,True,25.5,4840,5.9003,3.86
google,1500,20,linear,True,False,10.0,0.4,0.3,0.3,0,GA,random,26,0.3333333333333333,E20,16.49,95.45,39,1.093077,87.3134,9.6781,0.0,0,12.6091,2.0696,85.111,0.0,True,25.5,4840,5.8916,3.79
google,1500,20,linear,True,False,10.0,0.4,0.3,0.3,0,GA,random,27,0.3333333333333333,E20,16.49,95.45,39,1.090296,87.3457,9.908,0.0,0,12.6091,2.0723,85.33,0.0,True,25.5,4840,5.8892,3.63
google,1500,20,linear,True,False,10.0,0.4,0.3,0.3,0,GA,random,28,0.3333333333333333,E20,16.49,95.45,39,1.089605,87.3537,9.965,0.0,0,12.6091,2.062,84.861,0.0,True,25.5,4840,5.8832,3.68
google,1500,20,linear,True,False,10.0,0.4,0.3,0.3,0,GA,random,29,0.3333333333333333,E20,16.49,95.45,39,1.097448,87.2627,9.3169,0.0,0,12.6591,2.0832,84.587,0.0,True,25.5,4840,5.8902,3.73
google,1500,20,linear,True,False,10.0,0.4,0.3,0.3,0,GA,random,30,0.3333333333333333,E20,16.49,95.45,39,1.084991,87.4073,10.3463,0.0,0,12.6591,2.0656,83.651,0.0,True,25.5,4840,5.9137,3.79
google,1500,20,linear,True,False,10.0,0.4,0.3,0.3,0,GA,random,7,0.3333333333333333,E20,16.49,95.45,39,1.093417,87.3095,9.6501,0.0,0,12.6591,2.0809,83.846,0.0,True,26.5,4840,6.3751,3.82
google,1500,20,linear,True,False,10.0,0.4,0.3,0.3,0,GA,random,8,0.3333333333333333,E20,16.49,95.45,39,1.087573,87.3773,10.133,0.0,0,12.6091,2.0592,85.424,0.0,True,25.5,4840,6.3438,3.82
google,1500,20,linear,True,False,10.0,0.4,0.3,0.3,0,GA,random,9,0.3333333333333333,E20,16.49,95.45,39,1.093013,87.3142,9.6835,0.0,0,12.6091,2.0717,84.157,0.0,True,25.5,4840,6.3557,3.83
google,1500,20,linear,True,False,10.0,0.4,0.3,0.3,0,GA,random,10,0.3333333333333333,E20,16.49,95.45,39,1.087151,87.3822,10.1678,0.0,0,12.6591,2.0826,85.037,0.0,True,25.5,4840,6.3655,3.78
google,1500,20,linear,True,False,10.0,0.4,0.3,0.3,0,GA,random,11,0.3333333333333333,E20,16.49,95.45,39,1.091167,87.3356,9.836,0.0,0,12.6091,2.0603,83.899,0.0,True,26.0,4840,6.3474,3.87
google,1500,20,linear,True,False,10.0,0.4,0.3,0.3,0,GA,random,12,0.3333333333333333,E20,16.49,95.45,39,1.099325,87.2409,9.1619,0.0,0,12.6591,2.0776,83.574,0.0,True,26.0,4840,6.3774,3.66
google,1500,20,linear,True,False,10.0,0.4,0.3,0.3,0,GA,random,13,0.3333333333333333,E20,16.49,95.45,39,1.092285,87.3226,9.7436,0.0,0,12.5591,2.0614,86.275,0.0,True,25.5,4840,6.367,3.76
google,1500,20,linear,True,False,10.0,0.4,0.3,0.3,0,GA,random,14,0.3333333333333333,E20,16.49,95.45,39,1.09109,87.3365,9.8423,0.0,0,12.6591,2.0667,82.613,0.0,True,25.5,4840,6.367,3.68
google,2000,10,linear,True,False,10.0,0.4,0.3,0.3,0,Greedy(EDF+greenest),-,0,0.3333333333333333,E20,21.23,126.13,38,1.234601,89.2391,20.2145,0.0,0,16.5097,2.6467,72.234,34.7013,False,26.0,0,0.0002,0.0
google,2000,10,linear,True,False,10.0,0.4,0.3,0.3,0,WOA,random,1,0.3333333333333333,E20,21.23,126.13,38,1.446504,87.3921,6.5203,0.0,0,16.8597,2.755,79.16,0.0,True,27.5,4840,4.5391,3.32
google,2000,10,linear,True,False,10.0,0.4,0.3,0.3,0,WOA,random,2,0.3333333333333333,E20,21.23,126.13,38,1.444667,87.4081,6.639,0.0,0,16.8097,2.7617,81.077,0.0,True,28.0,4840,4.5515,3.11
google,2000,10,linear,True,False,10.0,0.4,0.3,0.3,0,WOA,random,3,0.3333333333333333,E20,21.23,126.13,38,1.456643,87.3037,5.8651,0.0,0,16.9097,2.7947,77.921,0.0,True,27.5,4840,4.5419,3.17
google,2000,10,linear,True,False,10.0,0.4,0.3,0.3,0,WOA,random,4,0.3333333333333333,E20,21.23,126.13,38,1.471457,87.1746,4.9077,0.0,0,16.9597,2.8058,76.83,0.0,True,28.5,4840,4.5557,3.4
google,2000,10,linear,True,False,10.0,0.4,0.3,0.3,0,WOA,random,5,0.3333333333333333,E20,21.23,126.13,38,1.461735,87.2593,5.536,0.0,0,16.8597,2.7847,78.561,0.0,True,27.5,4840,4.591,3.09
google,2000,10,linear,True,False,10.0,0.4,0.3,0.3,0,WOA,random,6,0.3333333333333333,E20,21.23,126.13,38,1.459143,87.2819,5.7035,0.0,0,16.9097,2.7795,78.515,0.0,True,28.0,4840,4.557,3.32
google,2000,10,linear,True,False,10.0,0.4,0.3,0.3,0,WOA,random,7,0.3333333333333333,E20,21.23,126.13,38,1.463378,87.245,5.4298,0.0,0,16.8097,2.773,80.058,0.0,True,27.0,4840,4.587,3.29
google,2000,10,linear,True,False,10.0,0.4,0.3,0.3,0,WOA,random,8,0.3333333333333333,E20,21.23,126.13,38,1.461318,87.263,5.563,0.0,0,17.0097,2.8053,75.749,0.0,True,28.0,4840,4.2954,3.54
google,2000,10,linear,True,False,10.0,0.4,0.3,0.3,0,WOA,random,9,0.3333333333333333,E20,21.23,126.13,38,1.446473,87.3924,6.5223,0.0,0,16.8097,2.7519,80.716,0.0,True,27.0,4840,4.3218,3.31
google,2000,10,linear,True,False,10.0,0.4,0.3,0.3,0,WOA,random,10,0.3333333333333333,E20,21.23,126.13,38,1.462705,87.2509,5.4733,0.0,0,16.8097,2.7641,80.437,0.0,True,28.0,4840,4.3007,3.31
google,2000,10,linear,True,False,10.0,0.4,0.3,0.3,0,WOA,random,11,0.3333333333333333,E20,21.23,126.13,38,1.463188,87.2467,5.4421,0.0,0,16.9097,2.7927,77.972,0.0,True,28.0,4840,4.3072,3.28
google,2000,10,linear,True,False,10.0,0.4,0.3,0.3,0,WOA,random,12,0.3333333333333333,E20,21.23,126.13,38,1.465926,87.2228,5.2651,0.0,0,16.8597,2.7854,78.641,0.0,True,27.5,4840,4.3134,3.34
google,2000,10,linear,True,False,10.0,0.4,0.3,0.3,0,WOA,random,13,0.3333333333333333,E20,21.23,126.13,38,1.454669,87.3209,5.9927,0.0,0,16.8097,2.7794,80.578,0.0,True,27.0,4840,4.3567,3.38
google,2000,10,linear,True,False,10.0,0.4,0.3,0.3,0,WOA,random,14,0.3333333333333333,E20,21.23,126.13,38,1.467112,87.2125,5.1885,0.0,0,16.8597,2.791,78.838,0.0,True,28.5,4840,4.3692,3.25
google,2000,10,linear,True,False,10.0,0.4,0.3,0.3,0,WOA,random,15,0.3333333333333333,E20,21.23,126.13,38,1.472085,87.1691,4.8672,0.0,0,16.8097,2.7783,80.723,0.0,True,27.0,4840,4.3448,3.23
google,2000,10,linear,True,False,10.0,0.4,0.3,0.3,0,WOA,random,16,0.3333333333333333,E20,21.23,126.13,38,1.474716,87.1462,4.6971,0.0,0,16.8097,2.7908,79.798,0.0,True,27.5,4840,4.3142,3.29
google,2000,10,linear,True,False,10.0,0.4,0.3,0.3,0,WOA,random,17,0.3333333333333333,E20,21.23,126.13,38,1.467547,87.2087,5.1604,0.0,0,16.8097,2.7595,79.593,0.0,True,28.0,4840,4.3219,3.14
google,2000,10,linear,True,False,10.0,0.4,0.3,0.3,0,WOA,random,18,0.3333333333333333,E20,21.23,126.13,38,1.449475,87.3662,6.3283,0.0,0,16.8597,2.7863,79.036,0.0,True,28.0,4840,4.3045,3.28
google,2000,10,linear,True,False,10.0,0.4,0.3,0.3,0,WOA,random,19,0.3333333333333333,E20,21.23,126.13,38,1.454542,87.322,6.0009,0.0,0,16.8597,2.7724,77.595,0.0,True,27.5,4840,4.3027,3.45
google,2000,10,linear,True,False,10.0,0.4,0.3,0.3,0,WOA,random,20,0.3333333333333333,E20,21.23,126.13,38,1.462805,87.25,5.4668,0.0,0,17.0097,2.8135,75.912,0.0,True,28.0,4840,4.3198,3.41
google,2000,10,linear,True,False,10.0,0.4,0.3,0.3,0,WOA,random,21,0.3333333333333333,E20,21.23,126.13,38,1.469184,87.1944,5.0546,0.0,0,16.8597,2.7772,80.142,0.0,True,27.5,4840,4.3071,3.31
google,2000,10,linear,True,False,10.0,0.4,0.3,0.3,0,WOA,random,22,0.3333333333333333,E20,21.23,126.13,38,1.45933,87.2803,5.6915,0.0,0,16.9097,2.817,77.827,0.0,True,27.5,4840,4.3858,3.17
google,2000,10,linear,True,False,10.0,0.4,0.3,0.3,0,WOA,random,23,0.3333333333333333,E20,21.23,126.13,38,1.461317,87.263,5.563,0.0,0,17.0097,2.8075,78.073,0.0,True,28.0,4840,4.3112,3.18
google,2000,10,linear,True,False,10.0,0.4,0.3,0.3,0,WOA,random,24,0.3333333333333333,E20,21.23,126.13,38,1.454984,87.3182,5.9723,0.0,0,16.9597,2.8026,77.301,0.0,True,28.0,4840,4.3045,3.12
google,2000,10,linear,True,False,10.0,0.4,0.3,0.3,0,WOA,random,25,0.3333333333333333,E20,21.23,126.13,38,1.455617,87.3127,5.9314,0.0,0,16.8097,2.7908,80.243,0.0,True,28.0,4840,4.3358,3.18
google,2000,10,linear,True,False,10.0,0.4,0.3,0.3,0,WOA,random,26,0.3333333333333333,E20,21.23,126.13,38,1.464348,87.2366,5.3672,0.0,0,16.9597,2.7978,76.544,0.0,True,28.0,4840,4.3097,3.31
google,2000,10,linear,True,False,10.0,0.4,0.3,0.3,0,WOA,random,27,0.3333333333333333,E20,21.23,126.13,38,1.458801,87.2849,5.7256,0.0,0,16.8097,2.7832,80.503,0.0,True,27.5,4840,4.3351,3.29
google,2000,10,linear,True,False,10.0,0.4,0.3,0.3,0,WOA,random,28,0.3333333333333333,E20,21.23,126.13,38,1.453631,87.33,6.0597,0.0,0,16.9097,2.794,79.001,0.0,True,28.0,4840,4.3184,3.29
google,2000,10,linear,True,False,10.0,0.4,0.3,0.3,0,WOA,random,29,0.3333333333333333,E20,21.23,126.13,38,1.460491,87.2702,5.6164,0.0,0,16.9597,2.7917,76.522,0.0,True,28.0,4840,4.296,3.17
google,2000,10,linear,True,False,10.0,0.4,0.3,0.3,0,WOA,random,30,0.3333333333333333,E20,21.23,126.13,38,1.446819,87.3894,6.5,0.0,0,16.8597,2.7678,80.504,0.0,True,27.5,4840,4.2742,3.14
google,2000,10,linear,True,False,10.0,0.4,0.3,0.3,0,GWO,random,1,0.3333333333333333,E20,21.23,126.13,38,1.464631,87.2341,5.3488,0.0,0,16.8597,2.7893,82.132,0.0,True,26.0,4840,4.8687,3.09
google,2000,10,linear,True,False,10.0,0.4,0.3,0.3,0,GWO,random,2,0.3333333333333333,E20,21.23,126.13,38,1.464119,87.2386,5.3819,0.0,0,16.7097,2.7525,82.577,0.0,True,26.0,4840,4.8899,3.26
google,2000,10,linear,True,False,10.0,0.4,0.3,0.3,0,GWO,random,3,0.3333333333333333,E20,21.23,126.13,38,1.467574,87.2085,5.1587,0.0,0,16.8097,2.7668,82.921,0.0,True,25.5,4840,4.8729,3.19
google,2000,10,linear,True,False,10.0,0.4,0.3,0.3,0,GWO,random,4,0.3333333333333333,E20,21.23,126.13,38,1.466368,87.219,5.2366,0.0,0,16.8097,2.7547,81.927,0.0,True,26.5,4840,4.917,3.11
google,2000,10,linear,True,False,10.0,0.4,0.3,0.3,0,GWO,random,5,0.3333333333333333,E20,21.23,126.13,38,1.46454,87.2349,5.3548,0.0,0,16.8097,2.7628,83.217,0.0,True,27.0,4840,4.905,3.11
google,2000,10,linear,True,False,10.0,0.4,0.3,0.3,0,GWO,random,6,0.3333333333333333,E20,21.23,126.13,38,1.446535,87.3918,6.5183,0.0,0,16.6097,2.735,84.188,0.0,True,26.0,4840,4.8932,3.37
google,2000,10,linear,True,False,10.0,0.4,0.3,0.3,0,GWO,random,7,0.3333333333333333,E20,21.23,126.13,38,1.464079,87.2389,5.3845,0.0,0,16.7097,2.7654,83.716,0.0,True,25.5,4840,4.8886,3.05
google,2000,10,linear,True,False,10.0,0.4,0.3,0.3,0,GWO,random,8,0.3333333333333333,E20,21.23,126.13,38,1.462223,87.2551,5.5045,0.0,0,16.7597,2.7627,84.007,0.0,True,25.5,4840,4.8957,3.05
google,2000,10,linear,True,False,10.0,0.4,0.3,0.3,0,GWO,random,9,0.3333333333333333,E20,21.23,126.13,38,1.465342,87.2279,5.3029,0.0,0,16.8597,2.7759,83.418,0.0,True,25.5,4840,4.8851,3.06
google,2000,10,linear,True,False,10.0,0.4,0.3,0.3,0,GWO,random,10,0.3333333333333333,E20,21.23,126.13,38,1.477394,87.1229,4.524,0.0,0,16.8597,2.7608,80.242,0.0,True,27.5,4840,4.9161,2.96
google,2000,10,linear,True,False,10.0,0.4,0.3,0.3,0,GWO,random,11,0.3333333333333333,E20,21.23,126.13,38,1.455054,87.3176,5.9678,0.0,0,16.7097,2.7517,83.81,0.0,True,25.5,4840,4.8761,3.31
google,2000,10,linear,True,False,10.0,0.4,0.3,0.3,0,GWO,random,12,0.3333333333333333,E20,21.23,126.13,38,1.472107,87.1689,4.8657,0.0,0,16.8597,2.7815,80.936,0.0,True,26.5,4840,4.9525,3.03
google,2000,10,linear,True,False,10.0,0.4,0.3,0.3,0,GWO,random,13,0.3333333333333333,E20,21.23,126.13,38,1.464797,87.2327,5.3381,0.0,0,16.7597,2.7685,82.687,0.0,True,26.0,4840,4.9357,3.11
google,2000,10,linear,True,False,10.0,0.4,0.3,0.3,0,GWO,random,14,0.3333333333333333,E20,21.23,126.13,38,1.459832,87.2759,5.6589,0.0,0,16.7597,2.7541,82.915,0.0,True,26.5,4840,4.8882,3.06
google,2000,10,linear,True,False,10.0,0.4,0.3,0.3,0,GWO,random,15,0.3333333333333333,E20,21.23,126.13,38,1.459228,87.2812,5.698,0.0,0,16.7597,2.765,82.929,0.0,True,26.5,4840,4.8676,3.26
google,2000,10,linear,True,False,10.0,0.4,0.3,0.3,0,GWO,random,16,0.3333333333333333,E20,21.23,126.13,38,1.460159,87.2731,5.6379,0.0,0,16.7097,2.7551,84.589,0.0,True,25.5,4840,4.9269,3.17
google,2000,10,linear,True,False,10.0,0.4,0.3,0.3,0,GWO,random,17,0.3333333333333333,E20,21.23,126.13,38,1.470407,87.1838,4.9756,0.0,0,16.7597,2.7593,83.773,0.0,True,25.5,4840,4.9081,3.0
google,2000,10,linear,True,False,10.0,0.4,0.3,0.3,0,PSO,random,4,0.3333333333333333,E20,21.23,126.13,38,1.46655,87.2174,5.2248,0.0,0,16.8097,2.7824,81.602,0.0,True,26.0,4840,4.4384,5.79
google,2000,10,linear,True,False,10.0,0.4,0.3,0.3,0,PSO,random,5,0.3333333333333333,E20,21.23,126.13,38,1.480658,87.0944,4.3131,0.0,0,16.9097,2.7807,78.445,0.0,True,27.0,4840,4.4817,5.38
google,2000,10,linear,True,False,10.0,0.4,0.3,0.3,0,PSO,random,6,0.3333333333333333,E20,21.23,126.13,38,1.471015,87.1785,4.9363,0.0,0,16.9097,2.7906,79.658,0.0,True,27.0,4840,4.4762,5.61
google,2000,10,linear,True,False,10.0,0.4,0.3,0.3,0,PSO,random,7,0.3333333333333333,E20,21.23,126.13,38,1.472235,87.1678,4.8574,0.0,0,16.8097,2.7811,81.806,0.0,True,26.5,4840,4.4516,5.52
google,2000,10,linear,True,False,10.0,0.4,0.3,0.3,0,PSO,random,8,0.3333333333333333,E20,21.23,126.13,38,1.468878,87.1971,5.0744,0.0,0,16.7597,2.7697,81.522,0.0,True,27.0,4840,4.4265,5.57
google,2000,10,linear,True,False,10.0,0.4,0.3,0.3,0,PSO,random,9,0.3333333333333333,E20,21.23,126.13,38,1.46686,87.2147,5.2048,0.0,0,16.8097,2.7742,80.406,0.0,True,26.5,4840,4.456,5.52
google,2000,10,linear,True,False,10.0,0.4,0.3,0.3,0,PSO,random,10,0.3333333333333333,E20,21.23,126.13,38,1.467171,87.212,5.1847,0.0,0,16.7597,2.7586,80.699,0.0,True,27.5,4840,4.4482,5.58
google,2000,10,linear,True,False,10.0,0.4,0.3,0.3,0,PSO,random,11,0.3333333333333333,E20,21.23,126.13,38,1.475483,87.1395,4.6475,0.0,0,16.9097,2.7988,79.008,0.0,True,27.0,4840,4.4407,5.66
google,2000,10,linear,True,False,10.0,0.4,0.3,0.3,0,GWO,random,18,0.3333333333333333,E20,21.23,126.13,38,1.457153,87.2993,5.8321,0.0,0,16.7097,2.7707,83.638,0.0,True,25.5,4840,5.2164,3.39
google,2000,10,linear,True,False,10.0,0.4,0.3,0.3,0,GWO,random,19,0.3333333333333333,E20,21.23,126.13,38,1.468744,87.1983,5.0831,0.0,0,16.7597,2.765,82.414,0.0,True,26.0,4840,5.1016,3.06
google,2000,10,linear,True,False,10.0,0.4,0.3,0.3,0,GWO,random,20,0.3333333333333333,E20,21.23,126.13,38,1.467547,87.2087,5.1604,0.0,0,16.8597,2.7727,81.68,0.0,True,26.5,4840,5.1636,3.05
google,2000,10,linear,True,False,10.0,0.4,0.3,0.3,0,GWO,random,21,0.3333333333333333,E20,21.23,126.13,38,1.462022,87.2568,5.5174,0.0,0,16.6597,2.7341,83.664,0.0,True,26.5,4840,5.1927,3.05
google,2000,10,linear,True,False,10.0,0.4,0.3,0.3,0,GWO,random,22,0.3333333333333333,E20,21.23,126.13,38,1.463622,87.2429,5.414,0.0,0,16.7097,2.7537,83.318,0.0,True,25.5,4840,5.1795,3.17
google,2000,10,linear,True,False,10.0,0.4,0.3,0.3,0,GWO,random,23,0.3333333333333333,E20,21.23,126.13,38,1.45829,87.2894,5.7586,0.0,0,16.7597,2.7769,83.696,0.0,True,26.0,4840,5.1263,3.06
google,2000,10,linear,True,False,10.0,0.4,0.3,0.3,0,GWO,random,24,0.3333333333333333,E20,21.23,126.13,38,1.465236,87.2288,5.3098,0.0,0,16.8097,2.7692,84.155,0.0,True,25.5,4840,5.1517,3.11
google,2000,10,linear,True,False,10.0,0.4,0.3,0.3,0,GWO,random,25,0.3333333333333333,E20,21.23,126.13,38,1.461282,87.2633,5.5653,0.0,0,16.7097,2.7502,83.881,0.0,True,25.5,4840,5.1145,3.15
google,2000,10,linear,True,False,10.0,0.4,0.3,0.3,0,GWO,random,26,0.3333333333333333,E20,21.23,126.13,38,1.466654,87.2165,5.2181,0.0,0,16.8097,2.7671,82.647,0.0,True,26.0,4840,4.8941,3.03
google,2000,10,linear,True,False,10.0,0.4,0.3,0.3,0,GWO,random,27,0.3333333333333333,E20,21.23,126.13,38,1.465825,87.2237,5.2717,0.0,0,16.7597,2.7558,82.476,0.0,True,27.0,4840,4.929,3.09
google,2000,10,linear,True,False,10.0,0.4,0.3,0.3,0,GWO,random,28,0.3333333333333333,E20,21.23,126.13,38,1.461065,87.2652,5.5793,0.0,0,16.7097,2.7483,83.861,0.0,True,25.5,4840,4.9262,3.11
google,2000,10,linear,True,False,10.0,0.4,0.3,0.3,0,GWO,random,29,0.3333333333333333,E20,21.23,126.13,38,1.450432,87.3579,6.2664,0.0,0,16.6597,2.7243,84.602,0.0,True,25.5,4840,4.9058,3.35
google,2000,10,linear,True,False,10.0,0.4,0.3,0.3,0,GWO,random,30,0.3333333333333333,E20,21.23,126.13,38,1.463278,87.2459,5.4363,0.0,0,16.7597,2.7684,82.06,0.0,True,26.0,4840,4.8948,3.15
google,2000,10,linear,True,False,10.0,0.4,0.3,0.3,0,PSO,random,1,0.3333333333333333,E20,21.23,126.13,38,1.463666,87.2425,5.4112,0.0,0,16.8097,2.7747,81.177,0.0,True,26.5,4840,4.4813,5.88
google,2000,10,linear,True,False,10.0,0.4,0.3,0.3,0,PSO,random,2,0.3333333333333333,E20,21.23,126.13,38,1.474469,87.1484,4.713,0.0,0,16.8097,2.7783,80.141,0.0,True,27.0,4840,4.4271,5.41
google,2000,10,linear,True,False,10.0,0.4,0.3,0.3,0,PSO,random,3,0.3333333333333333,E20,21.23,126.13,38,1.469255,87.1938,5.05,0.0,0,16.8097,2.7792,81.613,0.0,True,26.5,4840,4.6384,5.63
google,2000,10,linear,True,False,10.0,0.4,0.3,0.3,0,PSO,random,12,0.3333333333333333,E20,21.23,126.13,38,1.478937,87.1094,4.4243,0.0,0,16.9097,2.7858,78.914,0.0,True,27.5,4840,4.4573,5.57
google,2000,10,linear,True,False,10.0,0.4,0.3,0.3,0,PSO,random,13,0.3333333333333333,E20,21.23,126.13,38,1.47034,87.1843,4.9799,0.0,0,16.8097,2.7828,81.773,0.0,True,26.0,4840,4.4458,5.46
google,2000,10,linear,True,False,10.0,0.4,0.3,0.3,0,PSO,random,14,0.3333333333333333,E20,21.23,126.13,38,1.470188,87.1857,4.9897,0.0,0,16.8097,2.7498,81.673,0.0,True,26.0,4840,4.4733,5.34
google,2000,10,linear,True,False,10.0,0.4,0.3,0.3,0,PSO,random,15,0.3333333333333333,E20,21.23,126.13,38,1.470958,87.179,4.9399,0.0,0,16.8097,2.7831,80.42,0.0,True,27.0,4840,4.4257,5.48
google,2000,10,linear,True,False,10.0,0.4,0.3,0.3,0,PSO,random,16,0.3333333333333333,E20,21.23,126.13,38,1.478342,87.1146,4.4628,0.0,0,16.9097,2.7955,78.811,0.0,True,27.5,4840,4.4248,5.35
google,2000,10,linear,True,False,10.0,0.4,0.3,0.3,0,PSO,random,17,0.3333333333333333,E20,21.23,126.13,38,1.467783,87.2066,5.1452,0.0,0,16.8597,2.7806,80.935,0.0,True,27.0,4840,4.4657,5.71
google,2000,10,linear,True,False,10.0,0.4,0.3,0.3,0,PSO,random,18,0.3333333333333333,E20,21.23,126.13,38,1.474923,87.1444,4.6837,0.0,0,16.8597,2.7824,80.862,0.0,True,27.0,4840,4.4112,5.54
google,2000,10,linear,True,False,10.0,0.4,0.3,0.3,0,PSO,random,19,0.3333333333333333,E20,21.23,126.13,38,1.481485,87.0872,4.2597,0.0,0,16.8597,2.7824,79.68,0.0,True,27.5,4840,4.6215,5.24
google,2000,10,linear,True,False,10.0,0.4,0.3,0.3,0,PSO,random,20,0.3333333333333333,E20,21.23,126.13,38,1.473812,87.1541,4.7555,0.0,0,16.9097,2.7976,78.273,0.0,True,27.0,4840,4.4854,5.56
google,2000,10,linear,True,False,10.0,0.4,0.3,0.3,0,PSO,random,21,0.3333333333333333,E20,21.23,126.13,38,1.47367,87.1553,4.7647,0.0,0,16.8097,2.7805,80.572,0.0,True,26.5,4840,4.4521,5.41
google,2000,10,linear,True,False,10.0,0.4,0.3,0.3,0,PSO,random,22,0.3333333333333333,E20,21.23,126.13,38,1.462074,87.2564,5.5141,0.0,0,16.7097,2.7422,82.031,0.0,True,27.5,4840,4.4451,5.72
google,2000,10,linear,True,False,10.0,0.4,0.3,0.3,0,PSO,random,23,0.3333333333333333,E20,21.23,126.13,38,1.479291,87.1063,4.4015,0.0,0,16.8597,2.787,79.333,0.0,True,27.0,4840,4.439,5.28
google,2000,10,linear,True,False,10.0,0.4,0.3,0.3,0,PSO,random,24,0.3333333333333333,E20,21.23,126.13,38,1.467355,87.2104,5.1728,0.0,0,16.7597,2.7478,81.474,0.0,True,26.5,4840,4.4173,5.33
google,2000,10,linear,True,False,10.0,0.4,0.3,0.3,0,PSO,random,25,0.3333333333333333,E20,21.23,126.13,38,1.470402,87.1838,4.9759,0.0,0,16.7597,2.7768,81.381,0.0,True,26.0,4840,4.4267,5.62
google,2000,10,linear,True,False,10.0,0.4,0.3,0.3,0,PSO,random,26,0.3333333333333333,E20,21.23,126.13,38,1.467026,87.2132,5.1941,0.0,0,16.8597,2.7938,81.443,0.0,True,26.0,4840,4.3979,5.55
google,2000,10,linear,True,False,10.0,0.4,0.3,0.3,0,PSO,random,27,0.3333333333333333,E20,21.23,126.13,38,1.473688,87.1552,4.7636,0.0,0,16.8597,2.7917,80.475,0.0,True,26.5,4840,4.601,5.41
google,2000,10,linear,True,False,10.0,0.4,0.3,0.3,0,PSO,random,28,0.3333333333333333,E20,21.23,126.13,38,1.461606,87.2605,5.5444,0.0,0,16.6597,2.762,83.57,0.0,True,26.0,4840,4.7287,5.54
google,2000,10,linear,True,False,10.0,0.4,0.3,0.3,0,PSO,random,29,0.3333333333333333,E20,21.23,126.13,38,1.473199,87.1594,4.7952,0.0,0,16.8097,2.785,79.553,0.0,True,27.0,4840,4.7248,5.46
google,2000,10,linear,True,False,10.0,0.4,0.3,0.3,0,PSO,random,30,0.3333333333333333,E20,21.23,126.13,38,1.474843,87.1451,4.6889,0.0,0,16.9097,2.7933,80.459,0.0,True,27.0,4840,4.6969,5.57
google,2000,10,linear,True,False,10.0,0.4,0.3,0.3,0,DE,random,1,0.3333333333333333,E20,21.23,126.13,38,1.43635,87.4806,7.1765,0.0,0,16.5097,2.7248,86.535,0.0,True,26.0,4840,4.5546,3.58
google,2000,10,linear,True,False,10.0,0.4,0.3,0.3,0,DE,random,2,0.3333333333333333,E20,21.23,126.13,38,1.423474,87.5928,8.0086,0.0,0,16.4597,2.7083,86.927,0.0,True,26.0,4840,4.5705,3.73
google,2000,10,linear,True,False,10.0,0.4,0.3,0.3,0,DE,random,3,0.3333333333333333,E20,21.23,126.13,38,1.4278,87.5551,7.729,0.0,0,16.5097,2.7159,86.968,0.0,True,26.5,4840,4.5262,3.75
google,2000,10,linear,True,False,10.0,0.4,0.3,0.3,0,DE,random,4,0.3333333333333333,E20,21.23,126.13,38,1.446362,87.3933,6.5295,0.0,0,16.5597,2.7141,85.487,0.0,True,26.5,4840,4.7928,3.31
google,2000,10,linear,True,False,10.0,0.4,0.3,0.3,0,DE,random,5,0.3333333333333333,E20,21.23,126.13,38,1.463671,87.2425,5.4109,0.0,0,16.8097,2.7547,81.661,0.0,True,27.5,4840,4.565,3.21
google,2000,10,linear,True,False,10.0,0.4,0.3,0.3,0,DE,random,6,0.3333333333333333,E20,21.23,126.13,38,1.444606,87.4086,6.643,0.0,0,16.6097,2.7413,84.417,0.0,True,27.5,4840,4.5178,3.46
google,2000,10,linear,True,False,10.0,0.4,0.3,0.3,0,DE,random,7,0.3333333333333333,E20,21.23,126.13,38,1.43238,87.5152,7.4331,0.0,0,16.5097,2.7258,86.525,0.0,True,26.0,4840,4.5871,3.69
google,2000,10,linear,True,False,10.0,0.4,0.3,0.3,0,DE,random,8,0.3333333333333333,E20,21.23,126.13,38,1.447396,87.3843,6.4626,0.0,0,16.7097,2.7438,84.905,0.0,True,25.5,4840,4.5565,3.43
google,2000,10,linear,True,False,10.0,0.4,0.3,0.3,0,DE,random,9,0.3333333333333333,E20,21.23,126.13,38,1.435043,87.492,7.261,0.0,0,16.5097,2.7183,86.481,0.0,True,26.0,4840,4.5165,4.03
google,2000,10,linear,True,False,10.0,0.4,0.3,0.3,0,DE,random,10,0.3333333333333333,E20,21.23,126.13,38,1.434676,87.4952,7.2847,0.0,0,16.5097,2.7173,85.791,0.0,True,26.0,4840,4.7502,3.52
google,2000,10,linear,True,False,10.0,0.4,0.3,0.3,0,DE,random,11,0.3333333333333333,E20,21.23,126.13,38,1.435295,87.4898,7.2446,0.0,0,16.4597,2.716,86.584,0.0,True,26.0,4840,4.5394,3.7
google,2000,10,linear,True,False,10.0,0.4,0.3,0.3,0,DE,random,12,0.3333333333333333,E20,21.23,126.13,38,1.443893,87.4149,6.689,0.0,0,16.6097,2.7352,84.647,0.0,True,26.0,4840,4.5221,3.51
google,2000,10,linear,True,False,10.0,0.4,0.3,0.3,0,DE,random,13,0.3333333333333333,E20,21.23,126.13,38,1.444034,87.4136,6.6799,0.0,0,16.5597,2.7213,86.175,0.0,True,25.5,4840,4.5422,3.69
google,2000,10,linear,True,False,10.0,0.4,0.3,0.3,0,DE,random,14,0.3333333333333333,E20,21.23,126.13,38,1.456777,87.3026,5.8564,0.0,0,16.7097,2.7692,82.763,0.0,True,27.0,4840,4.2772,3.23
google,2000,10,linear,True,False,10.0,0.4,0.3,0.3,0,DE,random,15,0.3333333333333333,E20,21.23,126.13,38,1.448618,87.3737,6.3837,0.0,0,16.6597,2.7592,83.988,0.0,True,26.0,4840,4.2924,3.41
google,2000,10,linear,True,False,10.0,0.4,0.3,0.3,0,DE,random,16,0.3333333333333333,E20,21.23,126.13,38,1.457277,87.2982,5.8241,0.0,0,16.7097,2.7565,83.711,0.0,True,27.0,4840,4.2469,3.15
google,2000,10,linear,True,False,10.0,0.4,0.3,0.3,0,DE,random,17,0.3333333333333333,E20,21.23,126.13,38,1.433769,87.5031,7.3433,0.0,0,16.5097,2.7247,85.373,0.0,True,27.5,4840,4.2582,3.63
google,2000,10,linear,True,False,10.0,0.4,0.3,0.3,0,DE,random,18,0.3333333333333333,E20,21.23,126.13,38,1.448496,87.3747,6.3916,0.0,0,16.6097,2.7295,85.221,0.0,True,26.0,4840,4.4655,3.31
google,2000,10,linear,True,False,10.0,0.4,0.3,0.3,0,DE,random,19,0.3333333333333333,E20,21.23,126.13,38,1.438857,87.4588,7.0145,0.0,0,16.5597,2.7344,85.866,0.0,True,27.0,4840,4.2974,3.58
google,2000,10,linear,True,False,10.0,0.4,0.3,0.3,0,DE,random,20,0.3333333333333333,E20,21.23,126.13,38,1.456855,87.3019,5.8514,0.0,0,16.7097,2.7398,83.427,0.0,True,26.0,4840,4.2946,3.32
google,2000,10,linear,True,False,10.0,0.4,0.3,0.3,0,DE,random,21,0.3333333333333333,E20,21.23,126.13,38,1.445044,87.4048,6.6147,0.0,0,16.5597,2.731,86.012,0.0,True,26.5,4840,4.2746,3.4
google,2000,10,linear,True,False,10.0,0.4,0.3,0.3,0,DE,random,22,0.3333333333333333,E20,21.23,126.13,38,1.449444,87.3665,6.3303,0.0,0,16.6597,2.7556,85.179,0.0,True,26.5,4840,4.2536,3.34
google,2000,10,linear,True,False,10.0,0.4,0.3,0.3,0,DE,random,23,0.3333333333333333,E20,21.23,126.13,38,1.437104,87.474,7.1278,0.0,0,16.5097,2.7103,85.918,0.0,True,26.0,4840,4.2808,3.63
google,2000,10,linear,True,False,10.0,0.4,0.3,0.3,0,DE,random,24,0.3333333333333333,E20,21.23,126.13,38,1.426751,87.5643,7.7968,0.0,0,16.4097,2.7,87.726,0.0,True,26.0,4840,4.2428,3.74
google,2000,10,linear,True,False,10.0,0.4,0.3,0.3,0,DE,random,25,0.3333333333333333,E20,21.23,126.13,38,1.427591,87.557,7.7425,0.0,0,16.4097,2.6996,87.129,0.0,True,27.5,4840,4.2513,3.87
google,2000,10,linear,True,False,10.0,0.4,0.3,0.3,0,DE,random,26,0.3333333333333333,E20,21.23,126.13,38,1.435406,87.4888,7.2375,0.0,0,16.4597,2.6874,87.351,0.0,True,26.0,4840,4.4611,3.74
google,2000,10,linear,True,False,10.0,0.4,0.3,0.3,0,DE,random,27,0.3333333333333333,E20,21.23,126.13,38,1.430163,87.5345,7.5763,0.0,0,16.5097,2.708,86.555,0.0,True,26.5,4840,4.2838,3.61
google,2000,10,linear,True,False,10.0,0.4,0.3,0.3,0,DE,random,28,0.3333333333333333,E20,21.23,126.13,38,1.436619,87.4783,7.1591,0.0,0,16.5097,2.7167,87.205,0.0,True,25.5,4840,4.2721,3.63
google,2000,10,linear,True,False,10.0,0.4,0.3,0.3,0,DE,random,29,0.3333333333333333,E20,21.23,126.13,38,1.428464,87.5493,7.6861,0.0,0,16.5097,2.7008,86.886,0.0,True,26.0,4840,4.2728,3.72
google,2000,10,linear,True,False,10.0,0.4,0.3,0.3,0,WOA,carbon,28,0.3333333333333333,E20,21.23,126.13,38,1.443777,87.4159,6.6965,0.0,0,16.8097,2.7732,79.18,0.0,True,27.0,4840,4.2644,3.15
google,2000,10,linear,True,False,10.0,0.4,0.3,0.3,0,WOA,carbon,29,0.3333333333333333,E20,21.23,126.13,38,1.434952,87.4928,7.2669,0.0,0,16.8597,2.7738,77.59,0.0,True,27.5,4840,4.2949,3.15
google,2000,10,linear,True,False,10.0,0.4,0.3,0.3,0,WOA,carbon,30,0.3333333333333333,E20,21.23,126.13,38,1.426646,87.5652,7.8036,0.0,0,16.9097,2.7899,77.529,0.0,True,26.5,4840,4.2899,3.17
google,2000,20,linear,True,False,10.0,0.4,0.3,0.3,0,FIFO,-,0,0.3333333333333333,E20,21.23,126.13,38,11.472999,0.0,-641.4377,0.0,0,127.7597,20.8575,5.341,0.9774,False,24.5,0,0.0,0.0
google,2000,20,linear,True,False,10.0,0.4,0.3,0.3,0,Consolidation,-,0,0.3333333333333333,E20,21.23,126.13,38,1.547399,86.5127,0.0,0.0,0,17.1097,2.7975,61.064,0.9774,False,24.5,0,0.0,0.0
google,2000,20,linear,True,False,10.0,0.4,0.3,0.3,0,Greedy(EDF+greenest),-,0,0.3333333333333333,E20,21.23,126.13,38,1.234601,89.2391,20.2145,0.0,0,16.5097,2.6467,72.234,7.0722,False,26.0,0,0.0002,0.0
google,2000,20,linear,True,False,10.0,0.4,0.3,0.3,0,WOA,random,1,0.3333333333333333,E20,21.23,126.13,38,1.447827,87.3806,6.4348,0.0,0,17.0097,2.8183,71.754,0.0,True,28.5,4840,4.2898,3.09
google,2000,20,linear,True,False,10.0,0.4,0.3,0.3,0,WOA,random,2,0.3333333333333333,E20,21.23,126.13,38,1.43144,87.5234,7.4938,0.0,0,16.9097,2.8088,71.583,0.0,True,28.0,4840,4.2758,3.19
google,2000,10,linear,True,False,10.0,0.4,0.3,0.3,0,DE,random,30,0.3333333333333333,E20,21.23,126.13,38,1.444823,87.4068,6.6289,0.0,0,16.6097,2.7361,83.597,0.0,True,26.5,4840,4.2484,3.66
google,2000,10,linear,True,False,10.0,0.4,0.3,0.3,0,HHO,random,1,0.3333333333333333,E20,21.23,126.13,38,1.445724,87.3989,6.5707,0.0,0,16.8097,2.7709,78.811,0.0,True,28.0,8796,6.3959,3.65
google,2000,10,linear,True,False,10.0,0.4,0.3,0.3,0,HHO,random,2,0.3333333333333333,E20,21.23,126.13,38,1.468763,87.1981,5.0818,0.0,0,17.0097,2.7884,75.497,0.0,True,28.0,8878,6.3645,3.22
google,2000,10,linear,True,False,10.0,0.4,0.3,0.3,0,HHO,random,3,0.3333333333333333,E20,21.23,126.13,38,1.440376,87.4455,6.9163,0.0,0,16.7097,2.7839,80.579,0.0,True,27.0,8954,6.3701,3.32
google,2000,10,linear,True,False,10.0,0.4,0.3,0.3,0,HHO,random,4,0.3333333333333333,E20,21.23,126.13,38,1.460343,87.2715,5.626,0.0,0,16.9097,2.7962,78.135,0.0,True,28.5,8918,6.3123,3.41
google,2000,10,linear,True,False,10.0,0.4,0.3,0.3,0,HHO,random,5,0.3333333333333333,E20,21.23,126.13,38,1.441573,87.4351,6.839,0.0,0,16.8097,2.7554,78.702,0.0,True,27.5,8908,6.3286,3.46
google,2000,10,linear,True,False,10.0,0.4,0.3,0.3,0,HHO,random,6,0.3333333333333333,E20,21.23,126.13,38,1.472215,87.168,4.8588,0.0,0,16.9097,2.7932,78.245,0.0,True,28.0,8990,6.3376,3.24
google,2000,10,linear,True,False,10.0,0.4,0.3,0.3,0,HHO,random,7,0.3333333333333333,E20,21.23,126.13,38,1.439923,87.4495,6.9456,0.0,0,16.7597,2.7723,80.167,0.0,True,27.5,8884,6.3243,3.68
google,2000,10,linear,True,False,10.0,0.4,0.3,0.3,0,WOA,carbon,4,0.3333333333333333,E20,21.23,126.13,38,1.37997,87.972,10.82,0.0,0,16.9097,2.742,74.52,0.0,True,27.5,4840,4.5894,3.46
google,2000,10,linear,True,False,10.0,0.4,0.3,0.3,0,WOA,carbon,5,0.3333333333333333,E20,21.23,126.13,38,1.413695,87.6781,8.6406,0.0,0,16.6597,2.6898,79.404,0.0,True,26.0,4840,4.5946,3.46
google,2000,10,linear,True,False,10.0,0.4,0.3,0.3,0,WOA,carbon,6,0.3333333333333333,E20,21.23,126.13,38,1.437285,87.4725,7.1161,0.0,0,16.8097,2.7753,78.429,0.0,True,28.0,4840,4.5405,3.29
google,2000,10,linear,True,False,10.0,0.4,0.3,0.3,0,WOA,carbon,7,0.3333333333333333,E20,21.23,126.13,38,1.394934,87.8416,9.853,0.0,0,16.8597,2.7708,76.159,0.0,True,27.0,4840,4.5905,3.21
google,2000,10,linear,True,False,10.0,0.4,0.3,0.3,0,WOA,carbon,8,0.3333333333333333,E20,21.23,126.13,38,1.443001,87.4226,6.7467,0.0,0,17.0097,2.7991,75.58,0.0,True,28.0,4840,4.5499,3.37
google,2000,10,linear,True,False,10.0,0.4,0.3,0.3,0,WOA,carbon,9,0.3333333333333333,E20,21.23,126.13,38,1.427154,87.5608,7.7708,0.0,0,16.8597,2.776,78.153,0.0,True,27.0,4840,4.5877,3.03
google,2000,10,linear,True,False,10.0,0.4,0.3,0.3,0,WOA,carbon,10,0.3333333333333333,E20,21.23,126.13,38,1.371373,88.047,11.3756,0.0,0,16.8597,2.7249,74.793,0.0,True,26.0,4840,4.5886,3.52
google,2000,10,linear,True,False,10.0,0.4,0.3,0.3,0,WOA,carbon,11,0.3333333333333333,E20,21.23,126.13,38,1.394026,87.8495,9.9117,0.0,0,16.8597,2.7333,76.717,0.0,True,26.5,4840,4.5744,3.44
google,2000,10,linear,True,False,10.0,0.4,0.3,0.3,0,HHO,random,8,0.3333333333333333,E20,21.23,126.13,38,1.470345,87.1843,4.9796,0.0,0,17.0097,2.8012,76.536,0.0,True,28.0,8972,6.6062,3.3
google,2000,10,linear,True,False,10.0,0.4,0.3,0.3,0,HHO,random,9,0.3333333333333333,E20,21.23,126.13,38,1.453982,87.3269,6.0371,0.0,0,16.8597,2.7657,79.862,0.0,True,27.5,8912,6.3584,3.16
google,2000,10,linear,True,False,10.0,0.4,0.3,0.3,0,HHO,random,10,0.3333333333333333,E20,21.23,126.13,38,1.461334,87.2628,5.5619,0.0,0,16.7597,2.7764,80.646,0.0,True,28.0,9026,6.4354,3.2
google,2000,10,linear,True,False,10.0,0.4,0.3,0.3,0,HHO,random,11,0.3333333333333333,E20,21.23,126.13,38,1.454634,87.3212,5.9949,0.0,0,16.8597,2.8007,77.463,0.0,True,28.0,9136,6.4579,3.6
google,2000,10,linear,True,False,10.0,0.4,0.3,0.3,0,HHO,random,12,0.3333333333333333,E20,21.23,126.13,38,1.457095,87.2998,5.8359,0.0,0,16.8597,2.7904,77.944,0.0,True,28.0,8832,6.3426,3.66
google,2000,10,linear,True,False,10.0,0.4,0.3,0.3,0,HHO,random,13,0.3333333333333333,E20,21.23,126.13,38,1.447845,87.3804,6.4336,0.0,0,16.8097,2.8062,78.062,0.0,True,28.0,8996,6.3438,3.52
google,2000,10,linear,True,False,10.0,0.4,0.3,0.3,0,HHO,random,14,0.3333333333333333,E20,21.23,126.13,38,1.456402,87.3058,5.8806,0.0,0,16.9097,2.7921,75.234,0.0,True,28.5,8902,6.4012,3.46
google,2000,10,linear,True,False,10.0,0.4,0.3,0.3,0,HHO,random,15,0.3333333333333333,E20,21.23,126.13,38,1.446005,87.3965,6.5526,0.0,0,16.7097,2.7518,80.711,0.0,True,27.5,9022,6.4377,3.36
google,2000,10,linear,True,False,10.0,0.4,0.3,0.3,0,HHO,random,16,0.3333333333333333,E20,21.23,126.13,38,1.455751,87.3115,5.9227,0.0,0,16.8097,2.8093,79.502,0.0,True,28.0,8854,6.6131,3.54
google,2000,10,linear,True,False,10.0,0.4,0.3,0.3,0,HHO,random,17,0.3333333333333333,E20,21.23,126.13,38,1.453562,87.3306,6.0642,0.0,0,16.8597,2.7629,77.682,0.0,True,28.0,9078,6.495,3.75
google,2000,10,linear,True,False,10.0,0.4,0.3,0.3,0,HHO,random,18,0.3333333333333333,E20,21.23,126.13,38,1.450169,87.3602,6.2834,0.0,0,16.8097,2.7782,79.517,0.0,True,28.0,8972,6.4508,3.83
google,2000,10,linear,True,False,10.0,0.4,0.3,0.3,0,HHO,random,19,0.3333333333333333,E20,21.23,126.13,38,1.463404,87.2448,5.4281,0.0,0,16.8597,2.7784,76.369,0.0,True,28.0,8892,6.3815,3.53
google,2000,10,linear,True,False,10.0,0.4,0.3,0.3,0,HHO,random,20,0.3333333333333333,E20,21.23,126.13,38,1.448692,87.373,6.3789,0.0,0,16.8597,2.7989,76.974,0.0,True,28.0,8926,6.4526,3.07
google,2000,10,linear,True,False,10.0,0.4,0.3,0.3,0,HHO,random,21,0.3333333333333333,E20,21.23,126.13,38,1.463277,87.2459,5.4363,0.0,0,16.9097,2.7903,77.243,0.0,True,28.0,8874,6.3313,3.37
google,2000,10,linear,True,False,10.0,0.4,0.3,0.3,0,HHO,random,22,0.3333333333333333,E20,21.23,126.13,38,1.452936,87.336,6.1046,0.0,0,16.8097,2.8001,79.953,0.0,True,27.5,8882,6.398,3.24
google,2000,10,linear,True,False,10.0,0.4,0.3,0.3,0,HHO,random,23,0.3333333333333333,E20,21.23,126.13,38,1.463096,87.2475,5.448,0.0,0,16.8597,2.7817,79.983,0.0,True,28.5,8802,6.3249,3.49
google,2000,10,linear,True,False,10.0,0.4,0.3,0.3,0,WOA,carbon,20,0.3333333333333333,E20,21.23,126.13,38,1.414093,87.6746,8.6149,0.0,0,16.8597,2.7858,77.456,0.0,True,27.0,4840,4.2477,3.38
google,2000,10,linear,True,False,10.0,0.4,0.3,0.3,0,WOA,carbon,21,0.3333333333333333,E20,21.23,126.13,38,1.41483,87.6682,8.5672,0.0,0,16.7597,2.7144,79.118,0.0,True,26.0,4840,4.3165,3.26
google,2000,10,linear,True,False,10.0,0.4,0.3,0.3,0,WOA,carbon,22,0.3333333333333333,E20,21.23,126.13,38,1.431099,87.5264,7.5158,0.0,0,16.8597,2.7777,77.276,0.0,True,27.0,4840,4.3334,3.21
google,2000,10,linear,True,False,10.0,0.4,0.3,0.3,0,WOA,carbon,23,0.3333333333333333,E20,21.23,126.13,38,1.451603,87.3477,6.1907,0.0,0,16.8597,2.7509,79.209,0.0,True,27.0,4840,4.2492,3.44
google,2000,10,linear,True,False,10.0,0.4,0.3,0.3,0,WOA,carbon,24,0.3333333333333333,E20,21.23,126.13,38,1.436402,87.4802,7.1732,0.0,0,16.8097,2.7616,79.062,0.0,True,28.0,4840,4.232,3.37
google,2000,10,linear,True,False,10.0,0.4,0.3,0.3,0,WOA,carbon,25,0.3333333333333333,E20,21.23,126.13,38,1.41815,87.6392,8.3527,0.0,0,16.7097,2.7246,79.725,0.0,True,27.5,4840,4.3378,3.57
google,2000,10,linear,True,False,10.0,0.4,0.3,0.3,0,WOA,carbon,26,0.3333333333333333,E20,21.23,126.13,38,1.471329,87.1757,4.916,0.0,0,16.9597,2.7961,75.948,0.0,True,28.0,4840,4.3144,3.45
google,2000,10,linear,True,False,10.0,0.4,0.3,0.3,0,WOA,carbon,27,0.3333333333333333,E20,21.23,126.13,38,1.425499,87.5752,7.8777,0.0,0,16.8097,2.7727,78.582,0.0,True,28.0,4840,4.2202,3.12
google,2000,10,linear,True,False,10.0,0.4,0.3,0.3,0,HHO,random,24,0.3333333333333333,E20,21.23,126.13,38,1.445065,87.4046,6.6133,0.0,0,16.8097,2.7807,78.2,0.0,True,27.5,8870,6.6012,3.54
google,2000,10,linear,True,False,10.0,0.4,0.3,0.3,0,HHO,random,25,0.3333333333333333,E20,21.23,126.13,38,1.450677,87.3557,6.2506,0.0,0,16.7597,2.7737,81.433,0.0,True,28.0,9022,6.4208,3.38
google,2000,10,linear,True,False,10.0,0.4,0.3,0.3,0,HHO,random,26,0.3333333333333333,E20,21.23,126.13,38,1.450358,87.3585,6.2712,0.0,0,16.7597,2.7683,81.314,0.0,True,27.5,8948,6.4112,3.12
google,2000,10,linear,True,False,10.0,0.4,0.3,0.3,0,HHO,random,27,0.3333333333333333,E20,21.23,126.13,38,1.448187,87.3774,6.4115,0.0,0,16.8597,2.796,77.07,0.0,True,28.0,8912,6.3783,3.62
google,2000,10,linear,True,False,10.0,0.4,0.3,0.3,0,HHO,random,28,0.3333333333333333,E20,21.23,126.13,38,1.457625,87.2952,5.8016,0.0,0,16.8597,2.7966,79.694,0.0,True,27.5,8966,6.3827,3.34
google,2000,10,linear,True,False,10.0,0.4,0.3,0.3,0,HHO,random,29,0.3333333333333333,E20,21.23,126.13,38,1.449005,87.3703,6.3587,0.0,0,16.8097,2.7938,77.602,0.0,True,28.5,8936,6.3248,3.16
google,2000,10,linear,True,False,10.0,0.4,0.3,0.3,0,HHO,random,30,0.3333333333333333,E20,21.23,126.13,38,1.452977,87.3357,6.102,0.0,0,16.9097,2.8143,77.766,0.0,True,28.0,8884,6.39,3.76
google,2000,10,linear,True,False,10.0,0.4,0.3,0.3,0,GA,random,1,0.3333333333333333,E20,21.23,126.13,38,1.433165,87.5084,7.3823,0.0,0,16.6097,2.734,85.233,0.0,True,26.0,4840,7.5031,4.97
google,2000,10,linear,True,False,10.0,0.4,0.3,0.3,0,WOA,carbon,12,0.3333333333333333,E20,21.23,126.13,38,1.407356,87.7333,9.0502,0.0,0,16.9097,2.7349,73.523,0.0,True,27.5,4840,4.5141,3.37
google,2000,10,linear,True,False,10.0,0.4,0.3,0.3,0,WOA,carbon,13,0.3333333333333333,E20,21.23,126.13,38,1.420906,87.6152,8.1745,0.0,0,16.7597,2.7485,82.418,0.0,True,26.5,4840,4.5719,3.37
google,2000,10,linear,True,False,10.0,0.4,0.3,0.3,0,WOA,carbon,14,0.3333333333333333,E20,21.23,126.13,38,1.421041,87.614,8.1658,0.0,0,16.9097,2.7558,77.625,0.0,True,27.0,4840,4.5698,3.11
google,2000,10,linear,True,False,10.0,0.4,0.3,0.3,0,WOA,carbon,15,0.3333333333333333,E20,21.23,126.13,38,1.391829,87.8687,10.0536,0.0,0,17.0597,2.743,73.215,0.0,True,27.0,4840,4.5287,3.2
google,2000,10,linear,True,False,10.0,0.4,0.3,0.3,0,WOA,carbon,16,0.3333333333333333,E20,21.23,126.13,38,1.448756,87.3725,6.3747,0.0,0,16.9097,2.7683,77.949,0.0,True,26.5,4840,4.5429,3.14
google,2000,10,linear,True,False,10.0,0.4,0.3,0.3,0,WOA,carbon,17,0.3333333333333333,E20,21.23,126.13,38,1.404526,87.758,9.2331,0.0,0,16.8597,2.7663,77.79,0.0,True,26.5,4840,4.5938,3.08
google,2000,10,linear,True,False,10.0,0.4,0.3,0.3,0,WOA,carbon,18,0.3333333333333333,E20,21.23,126.13,38,1.42251,87.6012,8.0709,0.0,0,16.7597,2.7736,80.417,0.0,True,26.5,4840,4.6123,3.18
google,2000,10,linear,True,False,10.0,0.4,0.3,0.3,0,WOA,carbon,19,0.3333333333333333,E20,21.23,126.13,38,1.455921,87.31,5.9117,0.0,0,16.8597,2.8047,80.733,0.0,True,27.5,4840,4.4612,3.25
google,2000,10,linear,True,False,10.0,0.4,0.3,0.3,0,GA,random,26,0.3333333333333333,E20,21.23,126.13,38,1.431296,87.5247,7.5031,0.0,0,16.5597,2.7044,86.089,0.0,True,26.0,4840,7.5506,4.91
google,2000,10,linear,True,False,10.0,0.4,0.3,0.3,0,GA,random,27,0.3333333333333333,E20,21.23,126.13,38,1.429046,87.5443,7.6485,0.0,0,16.5097,2.7184,87.326,0.0,True,25.5,4840,7.5381,4.96
google,2000,10,linear,True,False,10.0,0.4,0.3,0.3,0,GA,random,28,0.3333333333333333,E20,21.23,126.13,38,1.429022,87.5445,7.6501,0.0,0,16.5097,2.6977,85.541,0.0,True,26.0,4840,7.5343,5.05
google,2000,10,linear,True,False,10.0,0.4,0.3,0.3,0,GA,random,29,0.3333333333333333,E20,21.23,126.13,38,1.4293,87.5421,7.6321,0.0,0,16.4597,2.7224,86.84,0.0,True,25.5,4840,7.5311,4.95
google,2000,10,linear,True,False,10.0,0.4,0.3,0.3,0,GA,random,30,0.3333333333333333,E20,21.23,126.13,38,1.433129,87.5087,7.3847,0.0,0,16.6097,2.7219,84.672,0.0,True,26.0,4840,7.5543,4.96
google,2000,10,linear,True,False,10.0,0.4,0.3,0.3,0,WOA,carbon,1,0.3333333333333333,E20,21.23,126.13,38,1.455072,87.3174,5.9666,0.0,0,17.0597,2.8133,74.154,0.0,True,28.0,4840,4.2638,3.08
google,2000,10,linear,True,False,10.0,0.4,0.3,0.3,0,WOA,carbon,2,0.3333333333333333,E20,21.23,126.13,38,1.440245,87.4467,6.9248,0.0,0,16.8597,2.7813,77.126,0.0,True,27.5,4840,4.3023,3.17
google,2000,10,linear,True,False,10.0,0.4,0.3,0.3,0,WOA,carbon,3,0.3333333333333333,E20,21.23,126.13,38,1.405756,87.7473,9.1536,0.0,0,16.8097,2.7462,79.128,0.0,True,27.5,4840,4.1925,3.22
google,2000,10,linear,True,False,10.0,0.4,0.3,0.3,0,GA,random,10,0.3333333333333333,E20,21.23,126.13,38,1.435513,87.4879,7.2306,0.0,0,16.6097,2.7563,84.581,0.0,True,26.0,4840,7.5753,4.94
google,2000,10,linear,True,False,10.0,0.4,0.3,0.3,0,GA,random,11,0.3333333333333333,E20,21.23,126.13,38,1.43041,87.5324,7.5604,0.0,0,16.5097,2.6911,86.34,0.0,True,26.0,4840,7.5577,4.81
google,2000,10,linear,True,False,10.0,0.4,0.3,0.3,0,GA,random,12,0.3333333333333333,E20,21.23,126.13,38,1.441232,87.4381,6.861,0.0,0,16.6097,2.7384,85.969,0.0,True,25.5,4840,7.528,4.74
google,2000,10,linear,True,False,10.0,0.4,0.3,0.3,0,GA,random,13,0.3333333333333333,E20,21.23,126.13,38,1.432353,87.5154,7.4348,0.0,0,16.5097,2.7108,85.726,0.0,True,26.5,4840,7.5323,4.93
google,2000,10,linear,True,False,10.0,0.4,0.3,0.3,0,GA,random,14,0.3333333333333333,E20,21.23,126.13,38,1.4307,87.5298,7.5416,0.0,0,16.5097,2.7211,87.106,0.0,True,25.5,4840,7.5477,5.03
google,2000,10,linear,True,False,10.0,0.4,0.3,0.3,0,GA,random,15,0.3333333333333333,E20,21.23,126.13,38,1.43135,87.5242,7.4996,0.0,0,16.6097,2.7413,85.031,0.0,True,27.0,4840,7.5653,4.93
google,2000,10,linear,True,False,10.0,0.4,0.3,0.3,0,GA,random,16,0.3333333333333333,E20,21.23,126.13,38,1.426884,87.5631,7.7882,0.0,0,16.5097,2.7086,86.897,0.0,True,25.5,4840,7.444,4.97
google,2000,10,linear,True,False,10.0,0.4,0.3,0.3,0,GA,random,17,0.3333333333333333,E20,21.23,126.13,38,1.428806,87.5464,7.664,0.0,0,16.5097,2.7155,87.577,0.0,True,25.5,4840,7.4353,5.14
google,2000,10,linear,True,False,10.0,0.4,0.3,0.3,0,GA,random,18,0.3333333333333333,E20,21.23,126.13,38,1.432394,87.5151,7.4321,0.0,0,16.4597,2.7113,86.462,0.0,True,26.0,4840,7.5593,4.96
google,2000,10,linear,True,False,10.0,0.4,0.3,0.3,0,GA,random,19,0.3333333333333333,E20,21.23,126.13,38,1.432103,87.5176,7.451,0.0,0,16.5097,2.7169,85.873,0.0,True,27.0,4840,7.5551,4.99
google,2000,10,linear,True,False,10.0,0.4,0.3,0.3,0,GA,random,20,0.3333333333333333,E20,21.23,126.13,38,1.434108,87.5002,7.3214,0.0,0,16.5097,2.7172,86.47,0.0,True,26.0,4840,7.5241,4.72
google,2000,10,linear,True,False,10.0,0.4,0.3,0.3,0,GA,random,21,0.3333333333333333,E20,21.23,126.13,38,1.422192,87.604,8.0915,0.0,0,16.5097,2.7069,87.564,0.0,True,25.5,4840,7.5272,4.88
google,2000,10,linear,True,False,10.0,0.4,0.3,0.3,0,GA,random,22,0.3333333333333333,E20,21.23,126.13,38,1.432772,87.5118,7.4077,0.0,0,16.6597,2.7332,83.904,0.0,True,26.0,4840,7.5652,5.11
google,2000,10,linear,True,False,10.0,0.4,0.3,0.3,0,GA,random,23,0.3333333333333333,E20,21.23,126.13,38,1.429512,87.5402,7.6184,0.0,0,16.4597,2.7205,86.939,0.0,True,25.5,4840,7.5305,4.86
google,2000,10,linear,True,False,10.0,0.4,0.3,0.3,0,GA,random,24,0.3333333333333333,E20,21.23,126.13,38,1.432308,87.5158,7.4377,0.0,0,16.6097,2.7391,84.56,0.0,True,26.0,4840,7.4272,4.91
google,2000,10,linear,True,False,10.0,0.4,0.3,0.3,0,GA,random,25,0.3333333333333333,E20,21.23,126.13,38,1.435741,87.4859,7.2158,0.0,0,16.5597,2.7173,85.333,0.0,True,26.0,4840,7.4317,4.91
google,2000,10,linear,True,False,10.0,0.4,0.3,0.3,0,GA,random,2,0.3333333333333333,E20,21.23,126.13,38,1.432227,87.5165,7.4429,0.0,0,16.5097,2.7049,85.676,0.0,True,26.0,4840,8.2976,4.97
google,2000,10,linear,True,False,10.0,0.4,0.3,0.3,0,GA,random,3,0.3333333333333333,E20,21.23,126.13,38,1.431398,87.5238,7.4965,0.0,0,16.5597,2.7152,85.001,0.0,True,26.0,4840,8.065,4.93
google,2000,10,linear,True,False,10.0,0.4,0.3,0.3,0,GA,random,4,0.3333333333333333,E20,21.23,126.13,38,1.426599,87.5656,7.8066,0.0,0,16.5097,2.7115,86.344,0.0,True,26.0,4840,8.0308,4.9
google,2000,10,linear,True,False,10.0,0.4,0.3,0.3,0,GA,random,5,0.3333333333333333,E20,21.23,126.13,38,1.431893,87.5195,7.4645,0.0,0,16.5597,2.7295,85.932,0.0,True,25.5,4840,7.9685,4.95
google,2000,10,linear,True,False,10.0,0.4,0.3,0.3,0,GA,random,6,0.3333333333333333,E20,21.23,126.13,38,1.428602,87.5481,7.6772,0.0,0,16.5097,2.7166,86.156,0.0,True,26.0,4840,8.0788,4.97
google,2000,10,linear,True,False,10.0,0.4,0.3,0.3,0,GA,random,7,0.3333333333333333,E20,21.23,126.13,38,1.434893,87.4933,7.2707,0.0,0,16.5597,2.7144,85.869,0.0,True,26.0,4840,8.0404,4.93
google,2000,10,linear,True,False,10.0,0.4,0.3,0.3,0,GA,random,8,0.3333333333333333,E20,21.23,126.13,38,1.43654,87.4789,7.1642,0.0,0,16.5097,2.7007,84.812,0.0,True,26.5,4840,7.8926,4.89
google,2000,10,linear,True,False,10.0,0.4,0.3,0.3,0,GA,random,9,0.3333333333333333,E20,21.23,126.13,38,1.432435,87.5147,7.4295,0.0,0,16.5597,2.7128,86.91,0.0,True,25.5,4840,7.875,4.94
google,2000,20,linear,True,False,10.0,0.4,0.3,0.3,0,WOA,random,3,0.3333333333333333,E20,21.23,126.13,38,1.43464,87.4955,7.287,0.0,0,16.9097,2.8026,74.395,0.0,True,28.0,4840,4.3404,3.43
google,2000,20,linear,True,False,10.0,0.4,0.3,0.3,0,WOA,random,4,0.3333333333333333,E20,21.23,126.13,38,1.436152,87.4823,7.1893,0.0,0,16.9097,2.8054,72.421,0.0,True,28.0,4840,4.3293,3.4
google,2000,20,linear,True,False,10.0,0.4,0.3,0.3,0,WOA,random,5,0.3333333333333333,E20,21.23,126.13,38,1.423905,87.5891,7.9808,0.0,0,16.8597,2.7917,72.17,0.0,True,28.0,4840,4.2578,3.64
google,2000,20,linear,True,False,10.0,0.4,0.3,0.3,0,WOA,random,6,0.3333333333333333,E20,21.23,126.13,38,1.425533,87.5749,7.8755,0.0,0,16.8097,2.7893,74.871,0.0,True,28.0,4840,4.2389,3.29
google,2000,20,linear,True,False,10.0,0.4,0.3,0.3,0,WOA,random,7,0.3333333333333333,E20,21.23,126.13,38,1.427105,87.5612,7.7739,0.0,0,16.8097,2.7822,72.185,0.0,True,28.5,4840,4.2483,3.52
google,2000,20,linear,True,False,10.0,0.4,0.3,0.3,0,WOA,random,8,0.3333333333333333,E20,21.23,126.13,38,1.443817,87.4155,6.694,0.0,0,16.9597,2.7957,73.945,0.0,True,28.5,4840,4.247,3.26
google,2000,20,linear,True,False,10.0,0.4,0.3,0.3,0,WOA,random,9,0.3333333333333333,E20,21.23,126.13,38,1.441672,87.4342,6.8326,0.0,0,16.9597,2.8307,66.977,0.0,True,28.0,4840,4.3563,3.37
google,2000,20,linear,True,False,10.0,0.4,0.3,0.3,0,WOA,random,10,0.3333333333333333,E20,21.23,126.13,38,1.419374,87.6286,8.2736,0.0,0,16.8097,2.7876,71.478,0.0,True,28.0,4840,4.4349,3.25
google,2000,20,linear,True,False,10.0,0.4,0.3,0.3,0,WOA,random,11,0.3333333333333333,E20,21.23,126.13,38,1.439149,87.4562,6.9956,0.0,0,16.9597,2.8056,69.393,0.0,True,28.5,4840,4.2942,3.31
google,2000,20,linear,True,False,10.0,0.4,0.3,0.3,0,WOA,random,12,0.3333333333333333,E20,21.23,126.13,38,1.424582,87.5832,7.937,0.0,0,16.8097,2.791,72.277,0.0,True,28.0,4840,4.3252,3.32
google,2000,20,linear,True,False,10.0,0.4,0.3,0.3,0,WOA,random,13,0.3333333333333333,E20,21.23,126.13,38,1.430507,87.5315,7.5541,0.0,0,16.8097,2.7806,76.317,0.0,True,28.5,4840,4.2669,3.17
google,2000,20,linear,True,False,10.0,0.4,0.3,0.3,0,WOA,random,14,0.3333333333333333,E20,21.23,126.13,38,1.436898,87.4758,7.1411,0.0,0,16.9097,2.7904,74.133,0.0,True,28.0,4840,4.2537,3.14
google,2000,20,linear,True,False,10.0,0.4,0.3,0.3,0,WOA,random,15,0.3333333333333333,E20,21.23,126.13,38,1.43294,87.5103,7.3969,0.0,0,16.8597,2.7883,72.209,0.0,True,28.0,4840,4.2623,3.23
google,2000,20,linear,True,False,10.0,0.4,0.3,0.3,0,WOA,random,16,0.3333333333333333,E20,21.23,126.13,38,1.437644,87.4693,7.0929,0.0,0,16.9097,2.8225,74.837,0.0,True,28.0,4840,4.2616,3.26
google,2000,20,linear,True,False,10.0,0.4,0.3,0.3,0,WOA,random,17,0.3333333333333333,E20,21.23,126.13,38,1.443688,87.4166,6.7023,0.0,0,16.8597,2.7786,76.838,0.0,True,28.5,4840,4.4036,3.23
google,2000,20,linear,True,False,10.0,0.4,0.3,0.3,0,WOA,random,18,0.3333333333333333,E20,21.23,126.13,38,1.431303,87.5246,7.5027,0.0,0,16.8097,2.761,76.747,0.0,True,28.0,4840,4.3954,3.45
google,2000,20,linear,True,False,10.0,0.4,0.3,0.3,0,WOA,random,19,0.3333333333333333,E20,21.23,126.13,38,1.429654,87.539,7.6092,0.0,0,16.8097,2.763,76.457,0.0,True,28.0,4840,4.6268,3.25
google,2000,20,linear,True,False,10.0,0.4,0.3,0.3,0,WOA,random,20,0.3333333333333333,E20,21.23,126.13,38,1.43609,87.4829,7.1933,0.0,0,16.8597,2.8093,77.035,0.0,True,28.0,4840,4.5581,3.38
google,2000,20,linear,True,False,10.0,0.4,0.3,0.3,0,WOA,random,21,0.3333333333333333,E20,21.23,126.13,38,1.43621,87.4818,7.1855,0.0,0,17.0097,2.8228,67.324,0.0,True,28.5,4840,4.5652,3.31
google,2000,20,linear,True,False,10.0,0.4,0.3,0.3,0,WOA,random,22,0.3333333333333333,E20,21.23,126.13,38,1.42602,87.5706,7.8441,0.0,0,16.7597,2.7784,77.52,0.0,True,27.5,4840,4.5924,3.49
google,2000,20,linear,True,False,10.0,0.4,0.3,0.3,0,WOA,random,23,0.3333333333333333,E20,21.23,126.13,38,1.435096,87.4915,7.2575,0.0,0,16.9097,2.8026,70.484,0.0,True,28.5,4840,4.6279,3.37
google,2000,20,linear,True,False,10.0,0.4,0.3,0.3,0,WOA,random,24,0.3333333333333333,E20,21.23,126.13,38,1.436467,87.4796,7.1689,0.0,0,16.9097,2.8014,72.851,0.0,True,28.5,4840,4.7084,3.22
google,2000,20,linear,True,False,10.0,0.4,0.3,0.3,0,WOA,random,25,0.3333333333333333,E20,21.23,126.13,38,1.435808,87.4853,7.2115,0.0,0,16.8597,2.7845,75.769,0.0,True,28.5,4840,4.6818,3.28
google,2000,20,linear,True,False,10.0,0.4,0.3,0.3,0,WOA,random,26,0.3333333333333333,E20,21.23,126.13,38,1.439469,87.4534,6.9749,0.0,0,16.9597,2.8215,67.065,0.0,True,28.0,4840,4.6206,3.18
google,2000,20,linear,True,False,10.0,0.4,0.3,0.3,0,WOA,random,27,0.3333333333333333,E20,21.23,126.13,38,1.440269,87.4464,6.9232,0.0,0,16.9097,2.7968,70.597,0.0,True,28.5,4840,4.2507,3.23
google,2000,20,linear,True,False,10.0,0.4,0.3,0.3,0,WOA,random,28,0.3333333333333333,E20,21.23,126.13,38,1.432813,87.5114,7.4051,0.0,0,16.9097,2.7861,77.389,0.0,True,28.0,4840,4.2481,3.45
google,2000,20,linear,True,False,10.0,0.4,0.3,0.3,0,WOA,random,29,0.3333333333333333,E20,21.23,126.13,38,1.430977,87.5274,7.5237,0.0,0,16.8097,2.7923,73.355,0.0,True,28.5,4840,4.2408,3.32
google,2000,20,linear,True,False,10.0,0.4,0.3,0.3,0,WOA,random,30,0.3333333333333333,E20,21.23,126.13,38,1.427381,87.5588,7.7561,0.0,0,16.7597,2.76,77.936,0.0,True,28.0,4840,4.2348,3.22
google,2000,20,linear,True,False,10.0,0.4,0.3,0.3,0,GWO,random,1,0.3333333333333333,E20,21.23,126.13,38,1.464631,87.2341,5.3488,0.0,0,16.8597,2.7893,82.132,0.0,True,26.0,4840,4.9611,3.09
google,2000,20,linear,True,False,10.0,0.4,0.3,0.3,0,GWO,random,2,0.3333333333333333,E20,21.23,126.13,38,1.464119,87.2386,5.3819,0.0,0,16.7097,2.7525,82.577,0.0,True,26.0,4840,4.9993,3.26
google,2000,20,linear,True,False,10.0,0.4,0.3,0.3,0,GWO,random,3,0.3333333333333333,E20,21.23,126.13,38,1.467574,87.2085,5.1587,0.0,0,16.8097,2.7668,82.921,0.0,True,25.5,4840,4.8825,3.19
google,2000,20,linear,True,False,10.0,0.4,0.3,0.3,0,GWO,random,4,0.3333333333333333,E20,21.23,126.13,38,1.466368,87.219,5.2366,0.0,0,16.8097,2.7547,81.927,0.0,True,26.5,4840,5.0025,3.11
google,2000,20,linear,True,False,10.0,0.4,0.3,0.3,0,GWO,random,5,0.3333333333333333,E20,21.23,126.13,38,1.46454,87.2349,5.3548,0.0,0,16.8097,2.7628,83.217,0.0,True,27.0,4840,4.8327,3.09
google,2000,20,linear,True,False,10.0,0.4,0.3,0.3,0,GWO,random,6,0.3333333333333333,E20,21.23,126.13,38,1.446535,87.3918,6.5183,0.0,0,16.6097,2.735,84.188,0.0,True,26.0,4840,4.8189,3.35
google,2000,20,linear,True,False,10.0,0.4,0.3,0.3,0,GWO,random,7,0.3333333333333333,E20,21.23,126.13,38,1.464079,87.2389,5.3845,0.0,0,16.7097,2.7654,83.716,0.0,True,25.5,4840,4.8489,3.03
google,2000,20,linear,True,False,10.0,0.4,0.3,0.3,0,GWO,random,8,0.3333333333333333,E20,21.23,126.13,38,1.462223,87.2551,5.5045,0.0,0,16.7597,2.7627,84.007,0.0,True,25.5,4840,4.9423,3.03
google,2000,20,linear,True,False,10.0,0.4,0.3,0.3,0,GWO,random,9,0.3333333333333333,E20,21.23,126.13,38,1.465342,87.2279,5.3029,0.0,0,16.8597,2.7759,83.418,0.0,True,25.5,4840,4.9886,3.05
google,2000,20,linear,True,False,10.0,0.4,0.3,0.3,0,GWO,random,10,0.3333333333333333,E20,21.23,126.13,38,1.477394,87.1229,4.524,0.0,0,16.8597,2.7608,80.242,0.0,True,27.5,4840,4.8981,2.95
google,2000,20,linear,True,False,10.0,0.4,0.3,0.3,0,GWO,random,11,0.3333333333333333,E20,21.23,126.13,38,1.455054,87.3176,5.9678,0.0,0,16.7097,2.7517,83.81,0.0,True,25.5,4840,5.0106,3.31
google,2000,20,linear,True,False,10.0,0.4,0.3,0.3,0,GWO,random,12,0.3333333333333333,E20,21.23,126.13,38,1.472107,87.1689,4.8657,0.0,0,16.8597,2.7815,80.936,0.0,True,26.5,4840,4.9746,3.03
google,2000,20,linear,True,False,10.0,0.4,0.3,0.3,0,PSO,random,7,0.3333333333333333,E20,21.23,126.13,38,1.472235,87.1678,4.8574,0.0,0,16.8097,2.7811,81.806,0.0,True,26.5,4840,4.3804,5.49
google,2000,20,linear,True,False,10.0,0.4,0.3,0.3,0,PSO,random,8,0.3333333333333333,E20,21.23,126.13,38,1.468878,87.1971,5.0744,0.0,0,16.7597,2.7697,81.522,0.0,True,27.0,4840,4.3733,5.53
google,2000,20,linear,True,False,10.0,0.4,0.3,0.3,0,PSO,random,9,0.3333333333333333,E20,21.23,126.13,38,1.46686,87.2147,5.2048,0.0,0,16.8097,2.7742,80.406,0.0,True,26.5,4840,4.4292,5.48
google,2000,20,linear,True,False,10.0,0.4,0.3,0.3,0,PSO,random,10,0.3333333333333333,E20,21.23,126.13,38,1.467171,87.212,5.1847,0.0,0,16.7597,2.7586,80.699,0.0,True,27.5,4840,4.5024,5.55
google,2000,20,linear,True,False,10.0,0.4,0.3,0.3,0,PSO,random,11,0.3333333333333333,E20,21.23,126.13,38,1.475483,87.1395,4.6475,0.0,0,16.9097,2.7988,79.008,0.0,True,27.0,4840,4.5029,5.62
google,2000,20,linear,True,False,10.0,0.4,0.3,0.3,0,PSO,random,12,0.3333333333333333,E20,21.23,126.13,38,1.478937,87.1094,4.4243,0.0,0,16.9097,2.7858,78.914,0.0,True,27.5,4840,4.4087,5.53
google,2000,20,linear,True,False,10.0,0.4,0.3,0.3,0,PSO,random,13,0.3333333333333333,E20,21.23,126.13,38,1.47034,87.1843,4.9799,0.0,0,16.8097,2.7828,81.773,0.0,True,26.0,4840,4.5277,5.42
google,2000,20,linear,True,False,10.0,0.4,0.3,0.3,0,PSO,random,14,0.3333333333333333,E20,21.23,126.13,38,1.470188,87.1857,4.9897,0.0,0,16.8097,2.7498,81.673,0.0,True,26.0,4840,4.587,5.3
google,2000,20,linear,True,False,10.0,0.4,0.3,0.3,0,GWO,random,13,0.3333333333333333,E20,21.23,126.13,38,1.464797,87.2327,5.3381,0.0,0,16.7597,2.7685,82.687,0.0,True,26.0,4840,4.8107,3.11
google,2000,20,linear,True,False,10.0,0.4,0.3,0.3,0,GWO,random,14,0.3333333333333333,E20,21.23,126.13,38,1.459832,87.2759,5.6589,0.0,0,16.7597,2.7541,82.915,0.0,True,26.5,4840,4.8254,3.06
google,2000,20,linear,True,False,10.0,0.4,0.3,0.3,0,GWO,random,15,0.3333333333333333,E20,21.23,126.13,38,1.459228,87.2812,5.698,0.0,0,16.7597,2.765,82.929,0.0,True,26.5,4840,4.8626,3.26
google,2000,20,linear,True,False,10.0,0.4,0.3,0.3,0,GWO,random,16,0.3333333333333333,E20,21.23,126.13,38,1.460159,87.2731,5.6379,0.0,0,16.7097,2.7551,84.589,0.0,True,25.5,4840,4.9484,3.17
google,2000,20,linear,True,False,10.0,0.4,0.3,0.3,0,GWO,random,17,0.3333333333333333,E20,21.23,126.13,38,1.470407,87.1838,4.9756,0.0,0,16.7597,2.7593,83.773,0.0,True,25.5,4840,4.9702,3.0
google,2000,20,linear,True,False,10.0,0.4,0.3,0.3,0,GWO,random,18,0.3333333333333333,E20,21.23,126.13,38,1.457153,87.2993,5.8321,0.0,0,16.7097,2.7707,83.638,0.0,True,25.5,4840,4.8808,3.38
google,2000,20,linear,True,False,10.0,0.4,0.3,0.3,0,GWO,random,19,0.3333333333333333,E20,21.23,126.13,38,1.468744,87.1983,5.0831,0.0,0,16.7597,2.765,82.414,0.0,True,26.0,4840,4.9864,3.06
google,2000,20,linear,True,False,10.0,0.4,0.3,0.3,0,GWO,random,20,0.3333333333333333,E20,21.23,126.13,38,1.467547,87.2087,5.1604,0.0,0,16.8597,2.7727,81.68,0.0,True,26.5,4840,4.999,3.05
google,2000,20,linear,True,False,10.0,0.4,0.3,0.3,0,GWO,random,21,0.3333333333333333,E20,21.23,126.13,38,1.462022,87.2568,5.5174,0.0,0,16.6597,2.7341,83.664,0.0,True,26.5,4840,4.82,3.05
google,2000,20,linear,True,False,10.0,0.4,0.3,0.3,0,GWO,random,22,0.3333333333333333,E20,21.23,126.13,38,1.463622,87.2429,5.414,0.0,0,16.7097,2.7537,83.318,0.0,True,25.5,4840,4.8312,3.17
google,2000,20,linear,True,False,10.0,0.4,0.3,0.3,0,GWO,random,23,0.3333333333333333,E20,21.23,126.13,38,1.45829,87.2894,5.7586,0.0,0,16.7597,2.7769,83.696,0.0,True,26.0,4840,4.859,3.06
google,2000,20,linear,True,False,10.0,0.4,0.3,0.3,0,GWO,random,24,0.3333333333333333,E20,21.23,126.13,38,1.465236,87.2288,5.3098,0.0,0,16.8097,2.7692,84.155,0.0,True,25.5,4840,4.9416,3.11
google,2000,20,linear,True,False,10.0,0.4,0.3,0.3,0,GWO,random,25,0.3333333333333333,E20,21.23,126.13,38,1.461282,87.2633,5.5653,0.0,0,16.7097,2.7502,83.881,0.0,True,25.5,4840,4.982,3.15
google,2000,20,linear,True,False,10.0,0.4,0.3,0.3,0,GWO,random,26,0.3333333333333333,E20,21.23,126.13,38,1.466654,87.2165,5.2181,0.0,0,16.8097,2.7671,82.647,0.0,True,26.0,4840,4.8995,3.03
google,2000,20,linear,True,False,10.0,0.4,0.3,0.3,0,GWO,random,27,0.3333333333333333,E20,21.23,126.13,38,1.465825,87.2237,5.2717,0.0,0,16.7597,2.7558,82.476,0.0,True,27.0,4840,4.9921,3.09
google,2000,20,linear,True,False,10.0,0.4,0.3,0.3,0,GWO,random,28,0.3333333333333333,E20,21.23,126.13,38,1.461065,87.2652,5.5793,0.0,0,16.7097,2.7483,83.861,0.0,True,25.5,4840,5.0148,3.11
google,2000,20,linear,True,False,10.0,0.4,0.3,0.3,0,GWO,random,29,0.3333333333333333,E20,21.23,126.13,38,1.450432,87.3579,6.2664,0.0,0,16.6597,2.7243,84.602,0.0,True,25.5,4840,5.0822,3.36
google,2000,20,linear,True,False,10.0,0.4,0.3,0.3,0,GWO,random,30,0.3333333333333333,E20,21.23,126.13,38,1.463278,87.2459,5.4363,0.0,0,16.7597,2.7684,82.06,0.0,True,26.0,4840,5.0806,3.15
google,2000,20,linear,True,False,10.0,0.4,0.3,0.3,0,PSO,random,1,0.3333333333333333,E20,21.23,126.13,38,1.463666,87.2425,5.4112,0.0,0,16.8097,2.7747,81.177,0.0,True,26.5,4840,4.7039,5.88
google,2000,20,linear,True,False,10.0,0.4,0.3,0.3,0,PSO,random,2,0.3333333333333333,E20,21.23,126.13,38,1.474469,87.1484,4.713,0.0,0,16.8097,2.7783,80.141,0.0,True,27.0,4840,4.7864,5.41
google,2000,20,linear,True,False,10.0,0.4,0.3,0.3,0,PSO,random,3,0.3333333333333333,E20,21.23,126.13,38,1.469255,87.1938,5.05,0.0,0,16.8097,2.7792,81.613,0.0,True,26.5,4840,4.7194,5.63
google,2000,20,linear,True,False,10.0,0.4,0.3,0.3,0,PSO,random,4,0.3333333333333333,E20,21.23,126.13,38,1.46655,87.2174,5.2248,0.0,0,16.8097,2.7824,81.602,0.0,True,26.0,4840,4.7994,5.79
google,2000,20,linear,True,False,10.0,0.4,0.3,0.3,0,PSO,random,5,0.3333333333333333,E20,21.23,126.13,38,1.480658,87.0944,4.3131,0.0,0,16.9097,2.7807,78.445,0.0,True,27.0,4840,4.7298,5.38
google,2000,20,linear,True,False,10.0,0.4,0.3,0.3,0,PSO,random,6,0.3333333333333333,E20,21.23,126.13,38,1.471015,87.1785,4.9363,0.0,0,16.9097,2.7906,79.658,0.0,True,27.0,4840,4.8373,5.61
google,2000,20,linear,True,False,10.0,0.4,0.3,0.3,0,PSO,random,15,0.3333333333333333,E20,21.23,126.13,38,1.470958,87.179,4.9399,0.0,0,16.8097,2.7831,80.42,0.0,True,27.0,4840,4.4319,5.48
google,2000,20,linear,True,False,10.0,0.4,0.3,0.3,0,PSO,random,16,0.3333333333333333,E20,21.23,126.13,38,1.478342,87.1146,4.4628,0.0,0,16.9097,2.7955,78.811,0.0,True,27.5,4840,4.4848,5.35
google,2000,20,linear,True,False,10.0,0.4,0.3,0.3,0,PSO,random,17,0.3333333333333333,E20,21.23,126.13,38,1.467783,87.2066,5.1452,0.0,0,16.8597,2.7806,80.935,0.0,True,27.0,4840,4.5568,5.71
google,2000,20,linear,True,False,10.0,0.4,0.3,0.3,0,PSO,random,18,0.3333333333333333,E20,21.23,126.13,38,1.474923,87.1444,4.6837,0.0,0,16.8597,2.7824,80.862,0.0,True,27.0,4840,4.4376,5.54
google,2000,20,linear,True,False,10.0,0.4,0.3,0.3,0,PSO,random,19,0.3333333333333333,E20,21.23,126.13,38,1.481485,87.0872,4.2597,0.0,0,16.8597,2.7824,79.68,0.0,True,27.5,4840,4.5636,5.24
google,2000,20,linear,True,False,10.0,0.4,0.3,0.3,0,PSO,random,20,0.3333333333333333,E20,21.23,126.13,38,1.473812,87.1541,4.7555,0.0,0,16.9097,2.7976,78.273,0.0,True,27.0,4840,4.5846,5.6
google,2000,20,linear,True,False,10.0,0.4,0.3,0.3,0,PSO,random,21,0.3333333333333333,E20,21.23,126.13,38,1.47367,87.1553,4.7647,0.0,0,16.8097,2.7805,80.572,0.0,True,26.5,4840,4.5164,5.45
google,2000,20,linear,True,False,10.0,0.4,0.3,0.3,0,PSO,random,22,0.3333333333333333,E20,21.23,126.13,38,1.462074,87.2564,5.5141,0.0,0,16.7097,2.7422,82.031,0.0,True,27.5,4840,4.5396,5.76
google,2000,20,linear,True,False,10.0,0.4,0.3,0.3,0,PSO,random,23,0.3333333333333333,E20,21.23,126.13,38,1.479291,87.1063,4.4015,0.0,0,16.8597,2.787,79.333,0.0,True,27.0,4840,4.4503,5.32
google,2000,20,linear,True,False,10.0,0.4,0.3,0.3,0,PSO,random,24,0.3333333333333333,E20,21.23,126.13,38,1.467355,87.2104,5.1728,0.0,0,16.7597,2.7478,81.474,0.0,True,26.5,4840,4.5004,5.37
google,2000,20,linear,True,False,10.0,0.4,0.3,0.3,0,PSO,random,25,0.3333333333333333,E20,21.23,126.13,38,1.470402,87.1838,4.9759,0.0,0,16.7597,2.7768,81.381,0.0,True,26.0,4840,4.5296,5.66
google,2000,20,linear,True,False,10.0,0.4,0.3,0.3,0,PSO,random,26,0.3333333333333333,E20,21.23,126.13,38,1.467026,87.2132,5.1941,0.0,0,16.8597,2.7938,81.443,0.0,True,26.0,4840,4.4134,5.58
google,2000,20,linear,True,False,10.0,0.4,0.3,0.3,0,PSO,random,27,0.3333333333333333,E20,21.23,126.13,38,1.473688,87.1552,4.7636,0.0,0,16.8597,2.7917,80.475,0.0,True,26.5,4840,4.5324,5.45
google,2000,20,linear,True,False,10.0,0.4,0.3,0.3,0,PSO,random,28,0.3333333333333333,E20,21.23,126.13,38,1.461606,87.2605,5.5444,0.0,0,16.6597,2.762,83.57,0.0,True,26.0,4840,4.5725,5.54
google,2000,20,linear,True,False,10.0,0.4,0.3,0.3,0,PSO,random,29,0.3333333333333333,E20,21.23,126.13,38,1.473199,87.1594,4.7952,0.0,0,16.8097,2.785,79.553,0.0,True,27.0,4840,4.4913,5.46
google,2000,20,linear,True,False,10.0,0.4,0.3,0.3,0,PSO,random,30,0.3333333333333333,E20,21.23,126.13,38,1.474843,87.1451,4.6889,0.0,0,16.9097,2.7933,80.459,0.0,True,27.0,4840,4.5119,5.57
google,2000,20,linear,True,False,10.0,0.4,0.3,0.3,0,DE,random,1,0.3333333333333333,E20,21.23,126.13,38,1.43635,87.4806,7.1765,0.0,0,16.5097,2.7248,86.535,0.0,True,26.0,4840,4.6188,3.58
google,2000,20,linear,True,False,10.0,0.4,0.3,0.3,0,DE,random,2,0.3333333333333333,E20,21.23,126.13,38,1.423474,87.5928,8.0086,0.0,0,16.4597,2.7083,86.927,0.0,True,26.0,4840,4.6188,3.73
google,2000,20,linear,True,False,10.0,0.4,0.3,0.3,0,DE,random,3,0.3333333333333333,E20,21.23,126.13,38,1.4278,87.5551,7.729,0.0,0,16.5097,2.7159,86.968,0.0,True,26.5,4840,4.5184,3.75
google,2000,20,linear,True,False,10.0,0.4,0.3,0.3,0,DE,random,4,0.3333333333333333,E20,21.23,126.13,38,1.446362,87.3933,6.5295,0.0,0,16.5597,2.7141,85.487,0.0,True,26.5,4840,4.6252,3.31
google,2000,20,linear,True,False,10.0,0.4,0.3,0.3,0,DE,random,5,0.3333333333333333,E20,21.23,126.13,38,1.463671,87.2425,5.4109,0.0,0,16.8097,2.7547,81.661,0.0,True,27.5,4840,4.6205,3.22
google,2000,20,linear,True,False,10.0,0.4,0.3,0.3,0,DE,random,6,0.3333333333333333,E20,21.23,126.13,38,1.444606,87.4086,6.643,0.0,0,16.6097,2.7413,84.417,0.0,True,27.5,4840,4.606,3.46
google,2000,20,linear,True,False,10.0,0.4,0.3,0.3,0,DE,random,7,0.3333333333333333,E20,21.23,126.13,38,1.43238,87.5152,7.4331,0.0,0,16.5097,2.7258,86.525,0.0,True,26.0,4840,4.6098,3.69
google,2000,20,linear,True,False,10.0,0.4,0.3,0.3,0,DE,random,8,0.3333333333333333,E20,21.23,126.13,38,1.447396,87.3843,6.4626,0.0,0,16.7097,2.7438,84.905,0.0,True,25.5,4840,4.5561,3.43
google,2000,20,linear,True,False,10.0,0.4,0.3,0.3,0,DE,random,9,0.3333333333333333,E20,21.23,126.13,38,1.435043,87.492,7.261,0.0,0,16.5097,2.7183,86.481,0.0,True,26.0,4840,4.2826,4.04
google,2000,20,linear,True,False,10.0,0.4,0.3,0.3,0,DE,random,10,0.3333333333333333,E20,21.23,126.13,38,1.434676,87.4952,7.2847,0.0,0,16.5097,2.7173,85.791,0.0,True,26.0,4840,4.3314,3.54
google,2000,20,linear,True,False,10.0,0.4,0.3,0.3,0,DE,random,11,0.3333333333333333,E20,21.23,126.13,38,1.435295,87.4898,7.2446,0.0,0,16.4597,2.716,86.584,0.0,True,26.0,4840,4.32,3.72
google,2000,20,linear,True,False,10.0,0.4,0.3,0.3,0,DE,random,12,0.3333333333333333,E20,21.23,126.13,38,1.443893,87.4149,6.689,0.0,0,16.6097,2.7352,84.647,0.0,True,26.0,4840,4.4024,3.52
google,2000,20,linear,True,False,10.0,0.4,0.3,0.3,0,DE,random,13,0.3333333333333333,E20,21.23,126.13,38,1.444034,87.4136,6.6799,0.0,0,16.5597,2.7213,86.175,0.0,True,25.5,4840,4.3214,3.7
google,2000,20,linear,True,False,10.0,0.4,0.3,0.3,0,DE,random,14,0.3333333333333333,E20,21.23,126.13,38,1.456777,87.3026,5.8564,0.0,0,16.7097,2.7692,82.763,0.0,True,27.0,4840,4.3344,3.25
google,2000,20,linear,True,False,10.0,0.4,0.3,0.3,0,DE,random,15,0.3333333333333333,E20,21.23,126.13,38,1.448618,87.3737,6.3837,0.0,0,16.6597,2.7592,83.988,0.0,True,26.0,4840,4.2871,3.43
google,2000,20,linear,True,False,10.0,0.4,0.3,0.3,0,DE,random,16,0.3333333333333333,E20,21.23,126.13,38,1.457277,87.2982,5.8241,0.0,0,16.7097,2.7565,83.711,0.0,True,27.0,4840,4.2712,3.17
google,2000,20,linear,True,False,10.0,0.4,0.3,0.3,0,DE,random,17,0.3333333333333333,E20,21.23,126.13,38,1.433769,87.5031,7.3433,0.0,0,16.5097,2.7247,85.373,0.0,True,27.5,4840,4.2653,3.64
google,2000,20,linear,True,False,10.0,0.4,0.3,0.3,0,DE,random,18,0.3333333333333333,E20,21.23,126.13,38,1.448496,87.3747,6.3916,0.0,0,16.6097,2.7295,85.221,0.0,True,26.0,4840,4.3315,3.32
google,2000,20,linear,True,False,10.0,0.4,0.3,0.3,0,DE,random,19,0.3333333333333333,E20,21.23,126.13,38,1.438857,87.4588,7.0145,0.0,0,16.5597,2.7344,85.866,0.0,True,27.0,4840,4.2992,3.6
google,2000,20,linear,True,False,10.0,0.4,0.3,0.3,0,DE,random,20,0.3333333333333333,E20,21.23,126.13,38,1.456855,87.3019,5.8514,0.0,0,16.7097,2.7398,83.427,0.0,True,26.0,4840,4.357,3.34
google,2000,20,linear,True,False,10.0,0.4,0.3,0.3,0,DE,random,21,0.3333333333333333,E20,21.23,126.13,38,1.445044,87.4048,6.6147,0.0,0,16.5597,2.731,86.012,0.0,True,26.5,4840,4.3377,3.41
google,2000,20,linear,True,False,10.0,0.4,0.3,0.3,0,DE,random,22,0.3333333333333333,E20,21.23,126.13,38,1.449444,87.3665,6.3303,0.0,0,16.6597,2.7556,85.179,0.0,True,26.5,4840,4.3115,3.34
google,2000,20,linear,True,False,10.0,0.4,0.3,0.3,0,DE,random,23,0.3333333333333333,E20,21.23,126.13,38,1.437104,87.474,7.1278,0.0,0,16.5097,2.7103,85.918,0.0,True,26.0,4840,4.2716,3.63
google,2000,20,linear,True,False,10.0,0.4,0.3,0.3,0,DE,random,24,0.3333333333333333,E20,21.23,126.13,38,1.426751,87.5643,7.7968,0.0,0,16.4097,2.7,87.726,0.0,True,26.0,4840,4.2756,3.74
google,2000,20,linear,True,False,10.0,0.4,0.3,0.3,0,DE,random,25,0.3333333333333333,E20,21.23,126.13,38,1.427591,87.557,7.7425,0.0,0,16.4097,2.6996,87.129,0.0,True,27.5,4840,4.7253,3.86
google,2000,20,linear,True,False,10.0,0.4,0.3,0.3,0,DE,random,26,0.3333333333333333,E20,21.23,126.13,38,1.435406,87.4888,7.2375,0.0,0,16.4597,2.6874,87.351,0.0,True,26.0,4840,4.73,3.72
google,2000,20,linear,True,False,10.0,0.4,0.3,0.3,0,DE,random,27,0.3333333333333333,E20,21.23,126.13,38,1.430163,87.5345,7.5763,0.0,0,16.5097,2.708,86.555,0.0,True,26.5,4840,4.6317,3.6
google,2000,20,linear,True,False,10.0,0.4,0.3,0.3,0,DE,random,28,0.3333333333333333,E20,21.23,126.13,38,1.436619,87.4783,7.1591,0.0,0,16.5097,2.7167,87.205,0.0,True,25.5,4840,4.6321,3.61
google,2000,20,linear,True,False,10.0,0.4,0.3,0.3,0,DE,random,29,0.3333333333333333,E20,21.23,126.13,38,1.428464,87.5493,7.6861,0.0,0,16.5097,2.7008,86.886,0.0,True,26.0,4840,4.5938,3.7
google,2000,20,linear,True,False,10.0,0.4,0.3,0.3,0,DE,random,30,0.3333333333333333,E20,21.23,126.13,38,1.444823,87.4068,6.6289,0.0,0,16.6097,2.7361,83.597,0.0,True,26.5,4840,4.6081,3.64
google,2000,20,linear,True,False,10.0,0.4,0.3,0.3,0,HHO,random,1,0.3333333333333333,E20,21.23,126.13,38,1.432594,87.5133,7.4192,0.0,0,16.8597,2.7986,72.377,0.0,True,28.0,8796,6.7123,3.4
google,2000,20,linear,True,False,10.0,0.4,0.3,0.3,0,HHO,random,2,0.3333333333333333,E20,21.23,126.13,38,1.435808,87.4853,7.2115,0.0,0,16.8597,2.7932,75.463,0.0,True,28.5,8878,6.7515,3.23
google,2000,20,linear,True,False,10.0,0.4,0.3,0.3,0,HHO,random,3,0.3333333333333333,E20,21.23,126.13,38,1.426615,87.5655,7.8056,0.0,0,16.7597,2.7773,74.812,0.0,True,28.0,8954,6.5752,3.55
google,2000,20,linear,True,False,10.0,0.4,0.3,0.3,0,HHO,random,4,0.3333333333333333,E20,21.23,126.13,38,1.439623,87.4521,6.965,0.0,0,16.9097,2.8077,67.868,0.0,True,28.5,8918,6.485,3.3
google,2000,20,linear,True,False,10.0,0.4,0.3,0.3,0,HHO,random,5,0.3333333333333333,E20,21.23,126.13,38,1.420662,87.6173,8.1903,0.0,0,16.7097,2.7593,78.282,0.0,True,28.0,8908,6.3745,3.27
google,2000,20,linear,True,False,10.0,0.4,0.3,0.3,0,HHO,random,6,0.3333333333333333,E20,21.23,126.13,38,1.435604,87.4871,7.2247,0.0,0,16.9597,2.7947,70.321,0.0,True,28.5,8990,6.457,3.71
google,2000,20,linear,True,False,10.0,0.4,0.3,0.3,0,HHO,random,7,0.3333333333333333,E20,21.23,126.13,38,1.417462,87.6452,8.3971,0.0,0,16.6597,2.7511,77.692,0.0,True,28.0,8884,6.3974,3.68
google,2000,20,linear,True,False,10.0,0.4,0.3,0.3,0,HHO,random,8,0.3333333333333333,E20,21.23,126.13,38,1.44683,87.3893,6.4992,0.0,0,16.9597,2.7979,73.504,0.0,True,28.5,8972,6.4543,3.38
google,2000,20,linear,True,False,10.0,0.4,0.3,0.3,0,HHO,random,9,0.3333333333333333,E20,21.23,126.13,38,1.421396,87.6109,8.1429,0.0,0,16.8597,2.7889,72.407,0.0,True,28.0,8912,6.4663,3.25
google,2000,20,linear,True,False,10.0,0.4,0.3,0.3,0,HHO,random,10,0.3333333333333333,E20,21.23,126.13,38,1.423257,87.5947,8.0226,0.0,0,16.8097,2.7956,68.648,0.0,True,28.5,9026,6.4965,3.27
google,2000,20,linear,True,False,10.0,0.4,0.3,0.3,0,WOA,carbon,7,0.3333333333333333,E20,21.23,126.13,38,1.282184,88.8243,17.1394,0.0,0,16.7097,2.6767,68.972,0.0,True,26.5,4840,4.572,3.15
google,2000,20,linear,True,False,10.0,0.4,0.3,0.3,0,WOA,carbon,8,0.3333333333333333,E20,21.23,126.13,38,1.262502,88.9959,18.4113,0.0,0,16.6097,2.6628,73.309,0.0,True,26.5,4840,4.5961,3.12
google,2000,20,linear,True,False,10.0,0.4,0.3,0.3,0,WOA,carbon,9,0.3333333333333333,E20,21.23,126.13,38,1.267385,88.9533,18.0958,0.0,0,16.6097,2.6617,73.933,0.0,True,26.5,4840,4.5962,3.18
google,2000,20,linear,True,False,10.0,0.4,0.3,0.3,0,WOA,carbon,10,0.3333333333333333,E20,21.23,126.13,38,1.28087,88.8358,17.2243,0.0,0,16.6597,2.6703,71.813,0.0,True,26.5,4840,4.5779,3.38
google,2000,20,linear,True,False,10.0,0.4,0.3,0.3,0,WOA,carbon,11,0.3333333333333333,E20,21.23,126.13,38,1.270381,88.9272,17.9022,0.0,0,16.6597,2.6731,70.779,0.0,True,26.5,4840,4.6231,3.18
google,2000,20,linear,True,False,10.0,0.4,0.3,0.3,0,WOA,carbon,12,0.3333333333333333,E20,21.23,126.13,38,1.274646,88.89,17.6266,0.0,0,16.6597,2.6617,68.506,0.0,True,26.5,4840,4.5996,3.31
google,2000,20,linear,True,False,10.0,0.4,0.3,0.3,0,WOA,carbon,13,0.3333333333333333,E20,21.23,126.13,38,1.264374,88.9796,18.2903,0.0,0,16.6097,2.6645,74.321,0.0,True,26.5,4840,4.6194,3.4
google,2000,20,linear,True,False,10.0,0.4,0.3,0.3,0,WOA,carbon,14,0.3333333333333333,E20,21.23,126.13,38,1.28282,88.8188,17.0983,0.0,0,16.7597,2.6923,69.131,0.0,True,26.5,4840,4.6151,3.37
google,2000,20,linear,True,False,10.0,0.4,0.3,0.3,0,GA,random,29,0.3333333333333333,E20,21.23,126.13,38,1.4293,87.5421,7.6321,0.0,0,16.4597,2.7224,86.84,0.0,True,25.5,4840,7.5622,4.94
google,2000,20,linear,True,False,10.0,0.4,0.3,0.3,0,GA,random,30,0.3333333333333333,E20,21.23,126.13,38,1.433129,87.5087,7.3847,0.0,0,16.6097,2.7219,84.672,0.0,True,26.0,4840,7.5832,4.94
google,2000,20,linear,True,False,10.0,0.4,0.3,0.3,0,WOA,carbon,1,0.3333333333333333,E20,21.23,126.13,38,1.271967,88.9134,17.7997,0.0,0,16.7097,2.6865,71.464,0.0,True,26.5,4840,4.3392,3.17
google,2000,20,linear,True,False,10.0,0.4,0.3,0.3,0,WOA,carbon,2,0.3333333333333333,E20,21.23,126.13,38,1.264269,88.9805,18.2972,0.0,0,16.5597,2.6467,73.884,0.0,True,26.5,4840,4.3237,3.48
google,2000,20,linear,True,False,10.0,0.4,0.3,0.3,0,WOA,carbon,3,0.3333333333333333,E20,21.23,126.13,38,1.266483,88.9612,18.1541,0.0,0,16.5097,2.6398,75.613,0.0,True,26.0,4840,4.313,3.11
google,2000,20,linear,True,False,10.0,0.4,0.3,0.3,0,WOA,carbon,4,0.3333333333333333,E20,21.23,126.13,38,1.260641,89.0121,18.5316,0.0,0,16.5597,2.6593,73.535,0.0,True,26.5,4840,4.3324,3.43
google,2000,20,linear,True,False,10.0,0.4,0.3,0.3,0,WOA,carbon,5,0.3333333333333333,E20,21.23,126.13,38,1.270409,88.927,17.9004,0.0,0,16.6597,2.6698,70.358,0.0,True,26.5,4840,4.352,3.4
google,2000,20,linear,True,False,10.0,0.4,0.3,0.3,0,WOA,carbon,6,0.3333333333333333,E20,21.23,126.13,38,1.273695,88.8983,17.688,0.0,0,16.6597,2.6698,71.712,0.0,True,26.0,4840,4.3025,3.37
google,2000,20,linear,True,False,10.0,0.4,0.3,0.3,0,HHO,random,11,0.3333333333333333,E20,21.23,126.13,38,1.429316,87.5419,7.631,0.0,0,16.8097,2.7904,74.904,0.0,True,28.0,9136,6.6328,3.61
google,2000,20,linear,True,False,10.0,0.4,0.3,0.3,0,HHO,random,12,0.3333333333333333,E20,21.23,126.13,38,1.438294,87.4637,7.0509,0.0,0,16.9097,2.7837,73.374,0.0,True,28.0,8832,6.4169,3.22
google,2000,20,linear,True,False,10.0,0.4,0.3,0.3,0,HHO,random,13,0.3333333333333333,E20,21.23,126.13,38,1.442985,87.4228,6.7477,0.0,0,16.9097,2.8101,70.364,0.0,True,28.5,8996,6.4702,3.56
google,2000,20,linear,True,False,10.0,0.4,0.3,0.3,0,HHO,random,14,0.3333333333333333,E20,21.23,126.13,38,1.425682,87.5736,7.8659,0.0,0,16.9097,2.7975,66.596,0.0,True,28.5,8902,6.4385,3.26
google,2000,20,linear,True,False,10.0,0.4,0.3,0.3,0,HHO,random,15,0.3333333333333333,E20,21.23,126.13,38,1.418954,87.6322,8.3007,0.0,0,16.8097,2.7624,70.836,0.0,True,28.0,9022,6.5212,3.79
google,2000,20,linear,True,False,10.0,0.4,0.3,0.3,0,HHO,random,16,0.3333333333333333,E20,21.23,126.13,38,1.425571,87.5746,7.8731,0.0,0,16.8597,2.7975,69.801,0.0,True,28.5,8854,6.452,3.53
google,2000,20,linear,True,False,10.0,0.4,0.3,0.3,0,HHO,random,17,0.3333333333333333,E20,21.23,126.13,38,1.438593,87.4611,7.0315,0.0,0,16.9597,2.8153,68.44,0.0,True,28.5,9078,6.5571,3.29
google,2000,20,linear,True,False,10.0,0.4,0.3,0.3,0,HHO,random,18,0.3333333333333333,E20,21.23,126.13,38,1.43037,87.5327,7.5629,0.0,0,16.8597,2.7911,73.189,0.0,True,28.0,8972,6.4772,3.57
google,2000,20,linear,True,False,10.0,0.4,0.3,0.3,0,HHO,random,19,0.3333333333333333,E20,21.23,126.13,38,1.438296,87.4636,7.0507,0.0,0,16.9097,2.8095,74.563,0.0,True,28.0,8892,6.4433,3.31
google,2000,20,linear,True,False,10.0,0.4,0.3,0.3,0,HHO,random,20,0.3333333333333333,E20,21.23,126.13,38,1.435199,87.4906,7.2509,0.0,0,16.8597,2.8093,77.156,0.0,True,28.0,8926,6.3992,3.33
google,2000,20,linear,True,False,10.0,0.4,0.3,0.3,0,HHO,random,21,0.3333333333333333,E20,21.23,126.13,38,1.441345,87.4371,6.8537,0.0,0,16.9097,2.782,74.654,0.0,True,28.5,8874,6.3357,3.61
google,2000,20,linear,True,False,10.0,0.4,0.3,0.3,0,HHO,random,22,0.3333333333333333,E20,21.23,126.13,38,1.436278,87.4812,7.1811,0.0,0,16.8097,2.7829,77.215,0.0,True,28.0,8882,6.3443,3.31
google,2000,20,linear,True,False,10.0,0.4,0.3,0.3,0,HHO,random,23,0.3333333333333333,E20,21.23,126.13,38,1.423303,87.5943,8.0197,0.0,0,16.8097,2.7951,71.578,0.0,True,28.5,8802,6.3402,3.65
google,2000,20,linear,True,False,10.0,0.4,0.3,0.3,0,HHO,random,24,0.3333333333333333,E20,21.23,126.13,38,1.437681,87.469,7.0905,0.0,0,16.8597,2.8097,73.244,0.0,True,28.5,8870,6.3665,3.28
google,2000,20,linear,True,False,10.0,0.4,0.3,0.3,0,HHO,random,25,0.3333333333333333,E20,21.23,126.13,38,1.424671,87.5824,7.9312,0.0,0,16.8597,2.7998,70.221,0.0,True,28.5,9022,6.4801,3.49
google,2000,20,linear,True,False,10.0,0.4,0.3,0.3,0,HHO,random,26,0.3333333333333333,E20,21.23,126.13,38,1.4217,87.6083,8.1232,0.0,0,16.8097,2.7846,71.121,0.0,True,28.0,8948,6.4354,3.76
google,2000,20,linear,True,False,10.0,0.4,0.3,0.3,0,WOA,carbon,15,0.3333333333333333,E20,21.23,126.13,38,1.265667,88.9683,18.2068,0.0,0,16.6097,2.6553,71.937,0.0,True,26.5,4840,4.3465,3.28
google,2000,20,linear,True,False,10.0,0.4,0.3,0.3,0,WOA,carbon,16,0.3333333333333333,E20,21.23,126.13,38,1.268436,88.9442,18.0278,0.0,0,16.6597,2.6709,70.878,0.0,True,26.5,4840,4.3423,3.35
google,2000,20,linear,True,False,10.0,0.4,0.3,0.3,0,WOA,carbon,17,0.3333333333333333,E20,21.23,126.13,38,1.279328,88.8492,17.324,0.0,0,16.6597,2.6617,73.847,0.0,True,26.0,4840,4.3805,3.28
google,2000,20,linear,True,False,10.0,0.4,0.3,0.3,0,WOA,carbon,18,0.3333333333333333,E20,21.23,126.13,38,1.269814,88.9322,17.9388,0.0,0,16.6097,2.6651,72.291,0.0,True,26.5,4840,4.3621,3.31
google,2000,20,linear,True,False,10.0,0.4,0.3,0.3,0,WOA,carbon,19,0.3333333333333333,E20,21.23,126.13,38,1.27225,88.9109,17.7814,0.0,0,16.6097,2.6542,72.225,0.0,True,26.5,4840,4.3472,3.05
google,2000,20,linear,True,False,10.0,0.4,0.3,0.3,0,WOA,carbon,20,0.3333333333333333,E20,21.23,126.13,38,1.274605,88.8904,17.6292,0.0,0,16.6597,2.6617,70.428,0.0,True,26.5,4840,4.3484,3.34
google,2000,20,linear,True,False,10.0,0.4,0.3,0.3,0,WOA,carbon,21,0.3333333333333333,E20,21.23,126.13,38,1.268628,88.9425,18.0155,0.0,0,16.6597,2.6784,71.815,0.0,True,26.5,4840,4.3394,3.32
google,2000,20,linear,True,False,10.0,0.4,0.3,0.3,0,WOA,carbon,22,0.3333333333333333,E20,21.23,126.13,38,1.271579,88.9168,17.8247,0.0,0,16.6097,2.6651,72.789,0.0,True,26.5,4840,4.3584,3.18
google,2000,20,linear,True,False,10.0,0.4,0.3,0.3,0,WOA,carbon,23,0.3333333333333333,E20,21.23,126.13,38,1.282296,88.8234,17.1322,0.0,0,16.6097,2.6542,73.904,0.0,True,26.5,4840,4.3411,3.14
google,2000,20,linear,True,False,10.0,0.4,0.3,0.3,0,WOA,carbon,24,0.3333333333333333,E20,21.23,126.13,38,1.270245,88.9284,17.911,0.0,0,16.6097,2.6673,72.074,0.0,True,27.0,4840,4.3507,3.28
google,2000,20,linear,True,False,10.0,0.4,0.3,0.3,0,WOA,carbon,25,0.3333333333333333,E20,21.23,126.13,38,1.274133,88.8945,17.6597,0.0,0,16.7097,2.6692,70.279,0.0,True,26.5,4840,4.3689,3.08
google,2000,20,linear,True,False,10.0,0.4,0.3,0.3,0,WOA,carbon,26,0.3333333333333333,E20,21.23,126.13,38,1.275504,88.8826,17.5711,0.0,0,16.7097,2.6859,70.929,0.0,True,26.5,4840,4.3556,3.22
google,2000,20,linear,True,False,10.0,0.4,0.3,0.3,0,WOA,carbon,27,0.3333333333333333,E20,21.23,126.13,38,1.273441,88.9005,17.7044,0.0,0,16.7097,2.6853,69.998,0.0,True,26.5,4840,4.3404,3.18
google,2000,20,linear,True,False,10.0,0.4,0.3,0.3,0,WOA,carbon,28,0.3333333333333333,E20,21.23,126.13,38,1.279328,88.8492,17.324,0.0,0,16.7097,2.6767,70.059,0.0,True,27.0,4840,4.3406,3.14
google,2000,20,linear,True,False,10.0,0.4,0.3,0.3,0,WOA,carbon,29,0.3333333333333333,E20,21.23,126.13,38,1.269841,88.9319,17.9371,0.0,0,16.6097,2.6467,72.51,0.0,True,26.5,4840,4.3413,3.49
google,2000,20,linear,True,False,10.0,0.4,0.3,0.3,0,WOA,carbon,30,0.3333333333333333,E20,21.23,126.13,38,1.261679,89.0031,18.4645,0.0,0,16.5597,2.6565,73.79,0.0,True,26.5,4840,4.3391,3.11
google,2000,20,linear,True,False,10.0,0.4,0.3,0.3,0,HHO,random,27,0.3333333333333333,E20,21.23,126.13,38,1.425721,87.5732,7.8634,0.0,0,16.8097,2.7864,74.917,0.0,True,28.0,8912,6.5054,3.43
google,2000,20,linear,True,False,10.0,0.4,0.3,0.3,0,HHO,random,28,0.3333333333333333,E20,21.23,126.13,38,1.443632,87.4171,6.7059,0.0,0,17.0597,2.8427,63.939,0.0,True,28.5,8966,6.4559,3.29
google,2000,20,linear,True,False,10.0,0.4,0.3,0.3,0,HHO,random,29,0.3333333333333333,E20,21.23,126.13,38,1.424351,87.5852,7.952,0.0,0,16.7097,2.7603,76.695,0.0,True,28.0,8936,6.4171,3.51
google,2000,20,linear,True,False,10.0,0.4,0.3,0.3,0,HHO,random,30,0.3333333333333333,E20,21.23,126.13,38,1.431047,87.5268,7.5192,0.0,0,16.8597,2.7845,76.405,0.0,True,28.0,8884,6.3769,3.42
google,2000,20,linear,True,False,10.0,0.4,0.3,0.3,0,GA,random,1,0.3333333333333333,E20,21.23,126.13,38,1.433165,87.5084,7.3823,0.0,0,16.6097,2.734,85.233,0.0,True,26.0,4840,7.5937,4.97
google,2000,20,linear,True,False,10.0,0.4,0.3,0.3,0,GA,random,2,0.3333333333333333,E20,21.23,126.13,38,1.432227,87.5165,7.4429,0.0,0,16.5097,2.7049,85.676,0.0,True,26.0,4840,7.604,4.97
google,2000,20,linear,True,False,10.0,0.4,0.3,0.3,0,GA,random,3,0.3333333333333333,E20,21.23,126.13,38,1.431398,87.5238,7.4965,0.0,0,16.5597,2.7152,85.001,0.0,True,26.0,4840,7.6096,4.93
google,2000,20,linear,True,False,10.0,0.4,0.3,0.3,0,GA,random,4,0.3333333333333333,E20,21.23,126.13,38,1.426599,87.5656,7.8066,0.0,0,16.5097,2.7115,86.344,0.0,True,26.0,4840,7.5857,4.9
google,2500,10,linear,True,False,10.0,0.4,0.3,0.3,0,FIFO,-,0,0.3333333333333333,E20,26.96,157.72,39,14.293111,0.0,-656.5451,0.0,0,159.2788,25.9888,5.373,24.7992,False,24.5,0,0.0,0.0
google,2500,10,linear,True,False,10.0,0.4,0.3,0.3,0,Consolidation,-,0,0.3333333333333333,E20,26.96,157.72,39,1.889261,86.782,0.0,0.0,0,20.8788,3.3988,66.243,24.7992,False,24.5,0,0.0,0.0
google,2500,10,linear,True,False,10.0,0.4,0.3,0.3,0,Greedy(EDF+greenest),-,0,0.3333333333333333,E20,26.96,157.72,39,1.518432,89.3765,19.6282,0.0,0,20.3288,3.2405,74.25,41.3637,False,26.0,0,0.0003,0.0
google,2500,10,linear,True,False,10.0,0.4,0.3,0.3,0,WOA,random,1,0.3333333333333333,E20,26.96,157.72,39,1.791183,87.4682,5.1913,0.0,0,20.6788,3.4001,83.663,0.0,True,27.0,4840,5.617,3.97
google,2500,10,linear,True,False,10.0,0.4,0.3,0.3,0,WOA,random,2,0.3333333333333333,E20,26.96,157.72,39,1.814969,87.3018,3.9323,0.0,0,20.9788,3.4628,78.311,0.0,True,28.5,4840,5.5815,4.07
google,2500,10,linear,True,False,10.0,0.4,0.3,0.3,0,WOA,random,3,0.3333333333333333,E20,26.96,157.72,39,1.80833,87.3482,4.2837,0.0,0,20.8288,3.4431,79.56,0.0,True,27.5,4840,5.5725,3.91
google,2500,10,linear,True,False,10.0,0.4,0.3,0.3,0,WOA,random,4,0.3333333333333333,E20,26.96,157.72,39,1.803215,87.384,4.5545,0.0,0,20.7788,3.4356,82.182,0.0,True,27.5,4840,5.5817,4.35
google,2500,10,linear,True,False,10.0,0.4,0.3,0.3,0,WOA,random,5,0.3333333333333333,E20,26.96,157.72,39,1.797028,87.4273,4.8819,0.0,0,20.8288,3.4304,82.913,0.0,True,27.5,4840,5.5817,4.14
google,2000,20,linear,True,False,10.0,0.4,0.3,0.3,0,GA,random,5,0.3333333333333333,E20,21.23,126.13,38,1.431893,87.5195,7.4645,0.0,0,16.5597,2.7295,85.932,0.0,True,25.5,4840,7.6718,4.95
google,2000,20,linear,True,False,10.0,0.4,0.3,0.3,0,GA,random,6,0.3333333333333333,E20,21.23,126.13,38,1.428602,87.5481,7.6772,0.0,0,16.5097,2.7166,86.156,0.0,True,26.0,4840,7.5629,4.97
google,2000,20,linear,True,False,10.0,0.4,0.3,0.3,0,GA,random,7,0.3333333333333333,E20,21.23,126.13,38,1.434893,87.4933,7.2707,0.0,0,16.5597,2.7144,85.869,0.0,True,26.0,4840,7.5837,4.93
google,2000,20,linear,True,False,10.0,0.4,0.3,0.3,0,GA,random,8,0.3333333333333333,E20,21.23,126.13,38,1.43654,87.4789,7.1642,0.0,0,16.5097,2.7007,84.812,0.0,True,26.5,4840,7.6069,4.89
google,2000,20,linear,True,False,10.0,0.4,0.3,0.3,0,GA,random,9,0.3333333333333333,E20,21.23,126.13,38,1.432435,87.5147,7.4295,0.0,0,16.5597,2.7128,86.91,0.0,True,25.5,4840,7.6318,4.94
google,2000,20,linear,True,False,10.0,0.4,0.3,0.3,0,GA,random,10,0.3333333333333333,E20,21.23,126.13,38,1.435513,87.4879,7.2306,0.0,0,16.6097,2.7563,84.581,0.0,True,26.0,4840,7.5824,4.94
google,2000,20,linear,True,False,10.0,0.4,0.3,0.3,0,GA,random,11,0.3333333333333333,E20,21.23,126.13,38,1.43041,87.5324,7.5604,0.0,0,16.5097,2.6911,86.34,0.0,True,26.0,4840,7.5918,4.81
google,2000,20,linear,True,False,10.0,0.4,0.3,0.3,0,GA,random,12,0.3333333333333333,E20,21.23,126.13,38,1.441232,87.4381,6.861,0.0,0,16.6097,2.7384,85.969,0.0,True,25.5,4840,7.5893,4.74
google,2000,20,linear,True,False,10.0,0.4,0.3,0.3,0,GA,random,13,0.3333333333333333,E20,21.23,126.13,38,1.432353,87.5154,7.4348,0.0,0,16.5097,2.7108,85.726,0.0,True,26.5,4840,8.1775,4.93
google,2000,20,linear,True,False,10.0,0.4,0.3,0.3,0,GA,random,14,0.3333333333333333,E20,21.23,126.13,38,1.4307,87.5298,7.5416,0.0,0,16.5097,2.7211,87.106,0.0,True,25.5,4840,8.117,5.03
google,2000,20,linear,True,False,10.0,0.4,0.3,0.3,0,GA,random,15,0.3333333333333333,E20,21.23,126.13,38,1.43135,87.5242,7.4996,0.0,0,16.6097,2.7413,85.031,0.0,True,27.0,4840,8.0759,4.93
google,2000,20,linear,True,False,10.0,0.4,0.3,0.3,0,GA,random,16,0.3333333333333333,E20,21.23,126.13,38,1.426884,87.5631,7.7882,0.0,0,16.5097,2.7086,86.897,0.0,True,25.5,4840,8.0724,4.97
google,2000,20,linear,True,False,10.0,0.4,0.3,0.3,0,GA,random,17,0.3333333333333333,E20,21.23,126.13,38,1.428806,87.5464,7.664,0.0,0,16.5097,2.7155,87.577,0.0,True,25.5,4840,8.2134,5.14
google,2000,20,linear,True,False,10.0,0.4,0.3,0.3,0,GA,random,18,0.3333333333333333,E20,21.23,126.13,38,1.432394,87.5151,7.4321,0.0,0,16.4597,2.7113,86.462,0.0,True,26.0,4840,8.1241,4.96
google,2000,20,linear,True,False,10.0,0.4,0.3,0.3,0,GA,random,19,0.3333333333333333,E20,21.23,126.13,38,1.432103,87.5176,7.451,0.0,0,16.5097,2.7169,85.873,0.0,True,27.0,4840,8.1402,4.99
google,2000,20,linear,True,False,10.0,0.4,0.3,0.3,0,GA,random,20,0.3333333333333333,E20,21.23,126.13,38,1.434108,87.5002,7.3214,0.0,0,16.5097,2.7172,86.47,0.0,True,26.0,4840,8.089,4.72
google,2000,20,linear,True,False,10.0,0.4,0.3,0.3,0,GA,random,21,0.3333333333333333,E20,21.23,126.13,38,1.422192,87.604,8.0915,0.0,0,16.5097,2.7069,87.564,0.0,True,25.5,4840,7.563,4.88
google,2000,20,linear,True,False,10.0,0.4,0.3,0.3,0,GA,random,22,0.3333333333333333,E20,21.23,126.13,38,1.432772,87.5118,7.4077,0.0,0,16.6597,2.7332,83.904,0.0,True,26.0,4840,7.5833,5.11
google,2000,20,linear,True,False,10.0,0.4,0.3,0.3,0,GA,random,23,0.3333333333333333,E20,21.23,126.13,38,1.429512,87.5402,7.6184,0.0,0,16.4597,2.7205,86.939,0.0,True,25.5,4840,7.5842,4.86
google,2000,20,linear,True,False,10.0,0.4,0.3,0.3,0,GA,random,24,0.3333333333333333,E20,21.23,126.13,38,1.432308,87.5158,7.4377,0.0,0,16.6097,2.7391,84.56,0.0,True,26.0,4840,7.6139,4.91
google,2000,20,linear,True,False,10.0,0.4,0.3,0.3,0,GA,random,25,0.3333333333333333,E20,21.23,126.13,38,1.435741,87.4859,7.2158,0.0,0,16.5597,2.7173,85.333,0.0,True,26.0,4840,7.621,4.91
google,2000,20,linear,True,False,10.0,0.4,0.3,0.3,0,GA,random,26,0.3333333333333333,E20,21.23,126.13,38,1.431296,87.5247,7.5031,0.0,0,16.5597,2.7044,86.089,0.0,True,26.0,4840,7.611,4.9
google,2000,20,linear,True,False,10.0,0.4,0.3,0.3,0,GA,random,27,0.3333333333333333,E20,21.23,126.13,38,1.429046,87.5443,7.6485,0.0,0,16.5097,2.7184,87.326,0.0,True,25.5,4840,7.5976,4.94
google,2000,20,linear,True,False,10.0,0.4,0.3,0.3,0,GA,random,28,0.3333333333333333,E20,21.23,126.13,38,1.429022,87.5445,7.6501,0.0,0,16.5097,2.6977,85.541,0.0,True,26.0,4840,7.5928,5.03
google,2500,10,linear,True,False,10.0,0.4,0.3,0.3,0,WOA,random,6,0.3333333333333333,E20,26.96,157.72,39,1.805499,87.368,4.4336,0.0,0,20.7788,3.4041,80.908,0.0,True,27.5,4840,5.2346,4.12
google,2500,10,linear,True,False,10.0,0.4,0.3,0.3,0,WOA,random,7,0.3333333333333333,E20,26.96,157.72,39,1.804779,87.3731,4.4717,0.0,0,20.8788,3.4513,80.578,0.0,True,27.5,4840,5.2544,3.93
google,2500,10,linear,True,False,10.0,0.4,0.3,0.3,0,WOA,random,8,0.3333333333333333,E20,26.96,157.72,39,1.795952,87.4348,4.9389,0.0,0,20.7788,3.4213,80.716,0.0,True,28.0,4840,5.2023,4.1
google,2500,10,linear,True,False,10.0,0.4,0.3,0.3,0,WOA,random,9,0.3333333333333333,E20,26.96,157.72,39,1.810054,87.3362,4.1925,0.0,0,20.8288,3.4488,83.198,0.0,True,27.5,4840,5.2688,4.04
google,2500,10,linear,True,False,10.0,0.4,0.3,0.3,0,WOA,random,10,0.3333333333333333,E20,26.96,157.72,39,1.802606,87.3883,4.5867,0.0,0,20.7288,3.4122,81.87,0.0,True,27.5,4840,5.2337,3.99
google,2500,10,linear,True,False,10.0,0.4,0.3,0.3,0,WOA,random,11,0.3333333333333333,E20,26.96,157.72,39,1.794115,87.4477,5.0362,0.0,0,20.7788,3.4401,81.675,0.0,True,27.5,4840,5.2398,3.93
google,2500,10,linear,True,False,10.0,0.4,0.3,0.3,0,WOA,random,12,0.3333333333333333,E20,26.96,157.72,39,1.794302,87.4464,5.0262,0.0,0,20.7788,3.4214,82.537,0.0,True,27.5,4840,5.2535,4.29
google,2500,10,linear,True,False,10.0,0.4,0.3,0.3,0,WOA,random,13,0.3333333333333333,E20,26.96,157.72,39,1.817517,87.284,3.7974,0.0,0,20.8788,3.4302,78.36,0.0,True,28.5,4840,5.2859,4.12
google,2500,10,linear,True,False,10.0,0.4,0.3,0.3,0,WOA,random,22,0.3333333333333333,E20,26.96,157.72,39,1.801189,87.3982,4.6617,0.0,0,20.7788,3.4367,81.108,0.0,True,27.5,4840,5.2623,4.01
google,2500,10,linear,True,False,10.0,0.4,0.3,0.3,0,WOA,random,23,0.3333333333333333,E20,26.96,157.72,39,1.816299,87.2925,3.8619,0.0,0,20.8288,3.4369,80.732,0.0,True,27.0,4840,5.1997,3.99
google,2500,10,linear,True,False,10.0,0.4,0.3,0.3,0,WOA,random,24,0.3333333333333333,E20,26.96,157.72,39,1.804484,87.3751,4.4873,0.0,0,20.9288,3.4415,80.282,0.0,True,28.0,4840,5.2176,4.05
google,2500,10,linear,True,False,10.0,0.4,0.3,0.3,0,WOA,random,25,0.3333333333333333,E20,26.96,157.72,39,1.805127,87.3706,4.4532,0.0,0,20.7788,3.4254,82.039,0.0,True,27.5,4840,5.255,3.85
google,2500,10,linear,True,False,10.0,0.4,0.3,0.3,0,WOA,random,26,0.3333333333333333,E20,26.96,157.72,39,1.806442,87.3615,4.3837,0.0,0,20.8788,3.4506,80.684,0.0,True,28.0,4840,5.2481,3.97
google,2500,10,linear,True,False,10.0,0.4,0.3,0.3,0,WOA,random,27,0.3333333333333333,E20,26.96,157.72,39,1.798599,87.4163,4.7988,0.0,0,20.7788,3.4456,82.438,0.0,True,27.0,4840,5.2071,4.35
google,2500,10,linear,True,False,10.0,0.4,0.3,0.3,0,WOA,random,28,0.3333333333333333,E20,26.96,157.72,39,1.801855,87.3935,4.6265,0.0,0,20.7788,3.428,80.799,0.0,True,28.0,4840,5.2324,4.16
google,2500,10,linear,True,False,10.0,0.4,0.3,0.3,0,WOA,random,29,0.3333333333333333,E20,26.96,157.72,39,1.81368,87.3108,4.0005,0.0,0,20.8288,3.4566,79.494,0.0,True,28.0,4840,5.1794,4.1
google,2500,10,linear,True,False,10.0,0.4,0.3,0.3,0,WOA,random,14,0.3333333333333333,E20,26.96,157.72,39,1.803724,87.3805,4.5275,0.0,0,20.8288,3.4542,81.408,0.0,True,28.0,4840,5.6099,4.12
google,2500,10,linear,True,False,10.0,0.4,0.3,0.3,0,WOA,random,15,0.3333333333333333,E20,26.96,157.72,39,1.802309,87.3904,4.6024,0.0,0,20.8288,3.4493,79.997,0.0,True,27.5,4840,5.6032,4.1
google,2500,10,linear,True,False,10.0,0.4,0.3,0.3,0,WOA,random,16,0.3333333333333333,E20,26.96,157.72,39,1.801682,87.3948,4.6356,0.0,0,20.7788,3.4503,83.327,0.0,True,28.0,4840,5.5146,3.95
google,2500,10,linear,True,False,10.0,0.4,0.3,0.3,0,WOA,random,17,0.3333333333333333,E20,26.96,157.72,39,1.79974,87.4083,4.7384,0.0,0,20.7788,3.4384,81.646,0.0,True,28.0,4840,5.5857,4.31
google,2500,10,linear,True,False,10.0,0.4,0.3,0.3,0,WOA,random,18,0.3333333333333333,E20,26.96,157.72,39,1.803439,87.3825,4.5426,0.0,0,20.7288,3.4266,82.274,0.0,True,27.5,4840,5.5549,4.07
google,2500,10,linear,True,False,10.0,0.4,0.3,0.3,0,WOA,random,19,0.3333333333333333,E20,26.96,157.72,39,1.807807,87.3519,4.3114,0.0,0,20.7788,3.4401,83.307,0.0,True,26.5,4840,5.5622,3.91
google,2500,10,linear,True,False,10.0,0.4,0.3,0.3,0,WOA,random,20,0.3333333333333333,E20,26.96,157.72,39,1.801167,87.3984,4.6629,0.0,0,20.7788,3.4116,82.516,0.0,True,27.5,4840,5.54,4.09
google,2500,10,linear,True,False,10.0,0.4,0.3,0.3,0,WOA,random,21,0.3333333333333333,E20,26.96,157.72,39,1.801617,87.3952,4.639,0.0,0,20.8288,3.4307,82.007,0.0,True,28.0,4840,5.5127,3.93
google,2500,10,linear,True,False,10.0,0.4,0.3,0.3,0,WOA,random,30,0.3333333333333333,E20,26.96,157.72,39,1.786739,87.4993,5.4265,0.0,0,20.6288,3.4048,84.227,0.0,True,27.0,4840,5.2384,4.3
google,2500,10,linear,True,False,10.0,0.4,0.3,0.3,0,GWO,random,1,0.3333333333333333,E20,26.96,157.72,39,1.798083,87.4199,4.8261,0.0,0,20.6288,3.3909,87.471,0.0,True,25.5,4840,5.8466,3.99
google,2500,10,linear,True,False,10.0,0.4,0.3,0.3,0,GWO,random,2,0.3333333333333333,E20,26.96,157.72,39,1.809081,87.343,4.244,0.0,0,20.6788,3.4076,84.836,0.0,True,26.5,4840,5.8476,3.76
google,2500,10,linear,True,False,10.0,0.4,0.3,0.3,0,GWO,random,3,0.3333333333333333,E20,26.96,157.72,39,1.820839,87.2607,3.6216,0.0,0,20.7788,3.4203,83.445,0.0,True,27.0,4840,5.8559,3.66
google,2500,10,linear,True,False,10.0,0.4,0.3,0.3,0,GWO,random,4,0.3333333333333333,E20,26.96,157.72,39,1.812175,87.3213,4.0802,0.0,0,20.7288,3.4143,84.122,0.0,True,28.0,4840,5.8368,3.88
google,2500,10,linear,True,False,10.0,0.4,0.3,0.3,0,GWO,random,5,0.3333333333333333,E20,26.96,157.72,39,1.813336,87.3132,4.0187,0.0,0,20.7288,3.404,83.741,0.0,True,27.0,4840,5.8904,3.8
google,2500,10,linear,True,False,10.0,0.4,0.3,0.3,0,GWO,random,6,0.3333333333333333,E20,26.96,157.72,39,1.793463,87.4523,5.0706,0.0,0,20.6288,3.4092,87.148,0.0,True,25.5,4840,5.8709,4.07
google,2500,10,linear,True,False,10.0,0.4,0.3,0.3,0,GWO,random,7,0.3333333333333333,E20,26.96,157.72,39,1.805675,87.3668,4.4243,0.0,0,20.6288,3.3974,85.334,0.0,True,26.0,4840,5.847,3.86
google,2500,10,linear,True,False,10.0,0.4,0.3,0.3,0,GWO,random,8,0.3333333333333333,E20,26.96,157.72,39,1.80098,87.3997,4.6728,0.0,0,20.6788,3.3981,85.148,0.0,True,27.0,4840,5.819,3.78
google,2500,10,linear,True,False,10.0,0.4,0.3,0.3,0,GWO,random,9,0.3333333333333333,E20,26.96,157.72,39,1.805155,87.3705,4.4518,0.0,0,20.6288,3.4015,85.23,0.0,True,26.5,4840,5.8155,3.91
google,2500,10,linear,True,False,10.0,0.4,0.3,0.3,0,GWO,random,10,0.3333333333333333,E20,26.96,157.72,39,1.813863,87.3095,3.9909,0.0,0,20.6788,3.4144,85.257,0.0,True,26.5,4840,5.8172,3.81
google,2500,10,linear,True,False,10.0,0.4,0.3,0.3,0,GWO,random,11,0.3333333333333333,E20,26.96,157.72,39,1.791732,87.4644,5.1623,0.0,0,20.5288,3.3731,87.051,0.0,True,26.0,4840,5.8317,4.16
google,2500,10,linear,True,False,10.0,0.4,0.3,0.3,0,GWO,random,12,0.3333333333333333,E20,26.96,157.72,39,1.809192,87.3422,4.2381,0.0,0,20.7288,3.4245,86.105,0.0,True,26.0,4840,5.8104,3.83
google,2500,10,linear,True,False,10.0,0.4,0.3,0.3,0,GWO,random,13,0.3333333333333333,E20,26.96,157.72,39,1.793011,87.4554,5.0946,0.0,0,20.5788,3.3674,86.15,0.0,True,26.5,4840,5.8672,4.14
google,2500,10,linear,True,False,10.0,0.4,0.3,0.3,0,GWO,random,14,0.3333333333333333,E20,26.96,157.72,39,1.799089,87.4129,4.7729,0.0,0,20.6788,3.3993,86.136,0.0,True,26.5,4840,5.8276,3.76
google,2500,10,linear,True,False,10.0,0.4,0.3,0.3,0,GWO,random,15,0.3333333333333333,E20,26.96,157.72,39,1.808498,87.3471,4.2749,0.0,0,20.7288,3.4156,84.852,0.0,True,27.0,4840,5.7802,3.81
google,2500,10,linear,True,False,10.0,0.4,0.3,0.3,0,GWO,random,24,0.3333333333333333,E20,26.96,157.72,39,1.81511,87.3008,3.9249,0.0,0,20.7788,3.4181,84.686,0.0,True,27.0,4840,5.8107,3.7
google,2500,10,linear,True,False,10.0,0.4,0.3,0.3,0,GWO,random,25,0.3333333333333333,E20,26.96,157.72,39,1.813742,87.3104,3.9973,0.0,0,20.7788,3.4127,83.87,0.0,True,27.0,4840,5.7929,3.81
google,2500,10,linear,True,False,10.0,0.4,0.3,0.3,0,GWO,random,26,0.3333333333333333,E20,26.96,157.72,39,1.807188,87.3562,4.3442,0.0,0,20.7288,3.4087,84.296,0.0,True,27.5,4840,5.8103,3.93
google,2500,10,linear,True,False,10.0,0.4,0.3,0.3,0,GWO,random,27,0.3333333333333333,E20,26.96,157.72,39,1.802845,87.3866,4.5741,0.0,0,20.6288,3.3906,84.972,0.0,True,26.5,4840,5.8027,3.78
google,2500,10,linear,True,False,10.0,0.4,0.3,0.3,0,GWO,random,28,0.3333333333333333,E20,26.96,157.72,39,1.785295,87.5094,5.503,0.0,0,20.4788,3.3837,88.847,0.0,True,25.5,4840,5.8236,4.43
google,2500,10,linear,True,False,10.0,0.4,0.3,0.3,0,GWO,random,29,0.3333333333333333,E20,26.96,157.72,39,1.812691,87.3177,4.0529,0.0,0,20.6788,3.4149,85.367,0.0,True,26.0,4840,5.8383,3.85
google,2500,10,linear,True,False,10.0,0.4,0.3,0.3,0,GWO,random,30,0.3333333333333333,E20,26.96,157.72,39,1.812104,87.3218,4.084,0.0,0,20.6788,3.3983,85.324,0.0,True,26.0,4840,5.8142,4.0
google,2500,10,linear,True,False,10.0,0.4,0.3,0.3,0,PSO,random,1,0.3333333333333333,E20,26.96,157.72,39,1.802848,87.3866,4.5739,0.0,0,20.6788,3.382,82.989,0.0,True,27.5,4840,5.3112,7.2
google,2500,10,linear,True,False,10.0,0.4,0.3,0.3,0,GWO,random,16,0.3333333333333333,E20,26.96,157.72,39,1.810311,87.3344,4.1789,0.0,0,20.7288,3.4187,84.113,0.0,True,26.5,4840,5.8205,3.78
google,2500,10,linear,True,False,10.0,0.4,0.3,0.3,0,GWO,random,17,0.3333333333333333,E20,26.96,157.72,39,1.805643,87.367,4.4259,0.0,0,20.7288,3.3994,85.191,0.0,True,26.0,4840,5.8073,3.99
google,2500,10,linear,True,False,10.0,0.4,0.3,0.3,0,GWO,random,18,0.3333333333333333,E20,26.96,157.72,39,1.792449,87.4593,5.1243,0.0,0,20.5288,3.3828,87.452,0.0,True,25.5,4840,5.8255,4.33
google,2500,10,linear,True,False,10.0,0.4,0.3,0.3,0,GWO,random,19,0.3333333333333333,E20,26.96,157.72,39,1.815887,87.2954,3.8837,0.0,0,20.7788,3.4371,84.232,0.0,True,26.5,4840,5.8016,3.76
google,2500,10,linear,True,False,10.0,0.4,0.3,0.3,0,GWO,random,20,0.3333333333333333,E20,26.96,157.72,39,1.797382,87.4248,4.8632,0.0,0,20.5788,3.3795,87.277,0.0,True,25.5,4840,5.8386,4.12
google,2500,10,linear,True,False,10.0,0.4,0.3,0.3,0,GWO,random,21,0.3333333333333333,E20,26.96,157.72,39,1.802339,87.3902,4.6008,0.0,0,20.6788,3.3817,85.537,0.0,True,26.5,4840,5.8623,3.95
google,2500,10,linear,True,False,10.0,0.4,0.3,0.3,0,GWO,random,22,0.3333333333333333,E20,26.96,157.72,39,1.810572,87.3326,4.1651,0.0,0,20.6788,3.4153,85.612,0.0,True,26.0,4840,5.8322,3.93
google,2500,10,linear,True,False,10.0,0.4,0.3,0.3,0,GWO,random,23,0.3333333333333333,E20,26.96,157.72,39,1.811328,87.3273,4.125,0.0,0,20.7788,3.4173,84.802,0.0,True,27.5,4840,5.8104,3.82
google,2500,10,linear,True,False,10.0,0.4,0.3,0.3,0,PSO,random,2,0.3333333333333333,E20,26.96,157.72,39,1.81298,87.3157,4.0376,0.0,0,20.7288,3.4167,83.135,0.0,True,27.0,4840,5.3373,6.7
google,2500,10,linear,True,False,10.0,0.4,0.3,0.3,0,PSO,random,3,0.3333333333333333,E20,26.96,157.72,39,1.796415,87.4316,4.9144,0.0,0,20.5788,3.3984,85.57,0.0,True,26.5,4840,5.3309,6.86
google,2500,10,linear,True,False,10.0,0.4,0.3,0.3,0,PSO,random,4,0.3333333333333333,E20,26.96,157.72,39,1.800198,87.4051,4.7142,0.0,0,20.6788,3.3973,84.295,0.0,True,26.5,4840,5.319,6.88
google,2500,10,linear,True,False,10.0,0.4,0.3,0.3,0,PSO,random,5,0.3333333333333333,E20,26.96,157.72,39,1.810629,87.3322,4.1621,0.0,0,20.7288,3.4103,83.283,0.0,True,26.5,4840,5.3014,7.11
google,2500,10,linear,True,False,10.0,0.4,0.3,0.3,0,PSO,random,6,0.3333333333333333,E20,26.96,157.72,39,1.807944,87.3509,4.3041,0.0,0,20.7288,3.4257,85.155,0.0,True,26.5,4840,5.3659,6.7
google,2500,10,linear,True,False,10.0,0.4,0.3,0.3,0,PSO,random,7,0.3333333333333333,E20,26.96,157.72,39,1.808347,87.3481,4.2828,0.0,0,20.7788,3.423,82.439,0.0,True,27.5,4840,5.3273,6.97
google,2500,10,linear,True,False,10.0,0.4,0.3,0.3,0,PSO,random,8,0.3333333333333333,E20,26.96,157.72,39,1.804296,87.3765,4.4972,0.0,0,20.7288,3.4047,83.699,0.0,True,26.5,4840,5.3031,6.88
google,2500,10,linear,True,False,10.0,0.4,0.3,0.3,0,PSO,random,9,0.3333333333333333,E20,26.96,157.72,39,1.799895,87.4073,4.7302,0.0,0,20.6288,3.3999,85.688,0.0,True,26.5,4840,5.3361,7.32
google,2500,10,linear,True,False,10.0,0.4,0.3,0.3,0,PSO,random,18,0.3333333333333333,E20,26.96,157.72,39,1.808959,87.3438,4.2505,0.0,0,20.7288,3.4079,84.036,0.0,True,27.0,4840,5.3502,6.72
google,2500,10,linear,True,False,10.0,0.4,0.3,0.3,0,PSO,random,19,0.3333333333333333,E20,26.96,157.72,39,1.793327,87.4532,5.0779,0.0,0,20.6288,3.3811,86.543,0.0,True,26.5,4840,5.3291,7.15
google,2500,10,linear,True,False,10.0,0.4,0.3,0.3,0,PSO,random,20,0.3333333333333333,E20,26.96,157.72,39,1.805868,87.3655,4.4141,0.0,0,20.6788,3.3967,85.349,0.0,True,26.0,4840,5.3251,6.97
google,2500,10,linear,True,False,10.0,0.4,0.3,0.3,0,PSO,random,21,0.3333333333333333,E20,26.96,157.72,39,1.805749,87.3663,4.4203,0.0,0,20.7288,3.3955,84.58,0.0,True,26.5,4840,5.3694,6.78
google,2500,10,linear,True,False,10.0,0.4,0.3,0.3,0,PSO,random,22,0.3333333333333333,E20,26.96,157.72,39,1.806198,87.3632,4.3966,0.0,0,20.6788,3.3984,84.707,0.0,True,26.5,4840,5.3367,6.99
google,2500,10,linear,True,False,10.0,0.4,0.3,0.3,0,PSO,random,23,0.3333333333333333,E20,26.96,157.72,39,1.795299,87.4394,4.9735,0.0,0,20.6788,3.3932,83.768,0.0,True,26.5,4840,5.3219,6.94
google,2500,10,linear,True,False,10.0,0.4,0.3,0.3,0,PSO,random,24,0.3333333333333333,E20,26.96,157.72,39,1.806938,87.358,4.3574,0.0,0,20.7288,3.3997,85.304,0.0,True,26.5,4840,5.3462,7.01
google,2500,10,linear,True,False,10.0,0.4,0.3,0.3,0,PSO,random,25,0.3333333333333333,E20,26.96,157.72,39,1.800066,87.4061,4.7212,0.0,0,20.6788,3.3974,86.919,0.0,True,25.5,4840,5.5515,7.11
google,2500,10,linear,True,False,10.0,0.4,0.3,0.3,0,PSO,random,10,0.3333333333333333,E20,26.96,157.72,39,1.799666,87.4089,4.7423,0.0,0,20.6788,3.3965,84.209,0.0,True,26.5,4840,5.6003,6.86
google,2500,10,linear,True,False,10.0,0.4,0.3,0.3,0,PSO,random,11,0.3333333333333333,E20,26.96,157.72,39,1.809045,87.3432,4.2459,0.0,0,20.6288,3.4158,84.505,0.0,True,27.0,4840,5.6119,6.99
google,2500,10,linear,True,False,10.0,0.4,0.3,0.3,0,PSO,random,12,0.3333333333333333,E20,26.96,157.72,39,1.808868,87.3445,4.2553,0.0,0,20.7788,3.4167,82.283,0.0,True,27.0,4840,5.5698,6.61
google,2500,10,linear,True,False,10.0,0.4,0.3,0.3,0,PSO,random,13,0.3333333333333333,E20,26.96,157.72,39,1.788678,87.4857,5.3239,0.0,0,20.5288,3.3776,85.809,0.0,True,26.0,4840,5.6481,7.07
google,2500,10,linear,True,False,10.0,0.4,0.3,0.3,0,PSO,random,14,0.3333333333333333,E20,26.96,157.72,39,1.801064,87.3991,4.6684,0.0,0,20.6788,3.4131,84.112,0.0,True,26.5,4840,5.6047,7.09
google,2500,10,linear,True,False,10.0,0.4,0.3,0.3,0,PSO,random,15,0.3333333333333333,E20,26.96,157.72,39,1.809808,87.3379,4.2055,0.0,0,20.7288,3.4073,83.324,0.0,True,27.5,4840,5.5758,6.76
google,2500,10,linear,True,False,10.0,0.4,0.3,0.3,0,PSO,random,16,0.3333333333333333,E20,26.96,157.72,39,1.810227,87.335,4.1833,0.0,0,20.7788,3.4259,82.574,0.0,True,27.0,4840,5.5966,6.84
google,2500,10,linear,True,False,10.0,0.4,0.3,0.3,0,PSO,random,17,0.3333333333333333,E20,26.96,157.72,39,1.80141,87.3967,4.65,0.0,0,20.6788,3.4103,83.417,0.0,True,26.5,4840,5.825,7.01
google,2500,10,linear,True,False,10.0,0.4,0.3,0.3,0,DE,random,4,0.3333333333333333,E20,26.96,157.72,39,1.78475,87.5132,5.5318,0.0,0,20.4788,3.3673,86.89,0.0,True,26.5,4840,5.171,4.09
google,2500,10,linear,True,False,10.0,0.4,0.3,0.3,0,DE,random,5,0.3333333333333333,E20,26.96,157.72,39,1.778301,87.5583,5.8732,0.0,0,20.4288,3.3611,88.181,0.0,True,26.0,4840,5.1621,4.3
google,2500,10,linear,True,False,10.0,0.4,0.3,0.3,0,DE,random,6,0.3333333333333333,E20,26.96,157.72,39,1.786619,87.5001,5.4329,0.0,0,20.5788,3.3638,87.616,0.0,True,26.5,4840,5.2186,4.05
google,2500,10,linear,True,False,10.0,0.4,0.3,0.3,0,DE,random,7,0.3333333333333333,E20,26.96,157.72,39,1.775101,87.5807,6.0426,0.0,0,20.3788,3.3555,89.268,0.0,True,26.0,4840,5.1678,4.43
google,2500,10,linear,True,False,10.0,0.4,0.3,0.3,0,DE,random,8,0.3333333333333333,E20,26.96,157.72,39,1.791532,87.4658,5.1729,0.0,0,20.5788,3.3918,86.929,0.0,True,27.5,4840,5.1437,3.89
google,2500,10,linear,True,False,10.0,0.4,0.3,0.3,0,DE,random,9,0.3333333333333333,E20,26.96,157.72,39,1.790421,87.4735,5.2317,0.0,0,20.5788,3.3858,86.306,0.0,True,27.0,4840,5.1921,4.22
google,2500,10,linear,True,False,10.0,0.4,0.3,0.3,0,DE,random,10,0.3333333333333333,E20,26.96,157.72,39,1.775956,87.5747,5.9973,0.0,0,20.4288,3.3481,90.479,0.0,True,25.5,4840,5.3534,4.37
google,2500,10,linear,True,False,10.0,0.4,0.3,0.3,0,DE,random,11,0.3333333333333333,E20,26.96,157.72,39,1.773966,87.5887,6.1026,0.0,0,20.4288,3.3725,88.138,0.0,True,26.0,4840,5.2114,4.72
google,2500,10,linear,True,False,10.0,0.4,0.3,0.3,0,PSO,random,26,0.3333333333333333,E20,26.96,157.72,39,1.805164,87.3704,4.4513,0.0,0,20.6788,3.3924,84.268,0.0,True,27.0,4840,5.6115,6.92
google,2500,10,linear,True,False,10.0,0.4,0.3,0.3,0,PSO,random,27,0.3333333333333333,E20,26.96,157.72,39,1.784185,87.5172,5.5617,0.0,0,20.4288,3.3533,89.033,0.0,True,25.5,4840,5.613,7.26
google,2500,10,linear,True,False,10.0,0.4,0.3,0.3,0,PSO,random,28,0.3333333333333333,E20,26.96,157.72,39,1.80817,87.3494,4.2922,0.0,0,20.6788,3.3987,84.064,0.0,True,27.0,4840,5.6321,6.53
google,2500,10,linear,True,False,10.0,0.4,0.3,0.3,0,PSO,random,29,0.3333333333333333,E20,26.96,157.72,39,1.797325,87.4252,4.8663,0.0,0,20.5288,3.3852,85.669,0.0,True,27.5,4840,5.6473,7.09
google,2500,10,linear,True,False,10.0,0.4,0.3,0.3,0,PSO,random,30,0.3333333333333333,E20,26.96,157.72,39,1.815587,87.2975,3.8996,0.0,0,20.8288,3.422,81.927,0.0,True,28.0,4840,5.593,6.8
google,2500,10,linear,True,False,10.0,0.4,0.3,0.3,0,DE,random,1,0.3333333333333333,E20,26.96,157.72,39,1.785028,87.5113,5.5171,0.0,0,20.6288,3.3876,85.492,0.0,True,26.5,4840,5.4679,4.18
google,2500,10,linear,True,False,10.0,0.4,0.3,0.3,0,DE,random,2,0.3333333333333333,E20,26.96,157.72,39,1.782846,87.5265,5.6326,0.0,0,20.5288,3.3532,86.578,0.0,True,26.5,4840,5.784,4.33
google,2500,10,linear,True,False,10.0,0.4,0.3,0.3,0,DE,random,3,0.3333333333333333,E20,26.96,157.72,39,1.778434,87.5574,5.8661,0.0,0,20.4288,3.3513,88.062,0.0,True,26.0,4840,5.5245,4.43
google,2500,10,linear,True,False,10.0,0.4,0.3,0.3,0,DE,random,12,0.3333333333333333,E20,26.96,157.72,39,1.792256,87.4607,5.1345,0.0,0,20.6788,3.3959,85.623,0.0,True,27.0,4840,5.1342,4.16
google,2500,10,linear,True,False,10.0,0.4,0.3,0.3,0,DE,random,13,0.3333333333333333,E20,26.96,157.72,39,1.771389,87.6067,6.239,0.0,0,20.4788,3.3537,88.71,0.0,True,26.5,4840,5.1417,4.27
google,2500,10,linear,True,False,10.0,0.4,0.3,0.3,0,DE,random,14,0.3333333333333333,E20,26.96,157.72,39,1.791995,87.4625,5.1484,0.0,0,20.5788,3.3878,86.453,0.0,True,26.5,4840,5.3492,4.18
google,2500,10,linear,True,False,10.0,0.4,0.3,0.3,0,DE,random,15,0.3333333333333333,E20,26.96,157.72,39,1.786661,87.4998,5.4307,0.0,0,20.5788,3.3736,86.873,0.0,True,26.5,4840,5.219,4.02
google,2500,10,linear,True,False,10.0,0.4,0.3,0.3,0,DE,random,16,0.3333333333333333,E20,26.96,157.72,39,1.773534,87.5917,6.1255,0.0,0,20.4788,3.3482,88.065,0.0,True,26.0,4840,5.1624,4.52
google,2500,10,linear,True,False,10.0,0.4,0.3,0.3,0,DE,random,17,0.3333333333333333,E20,26.96,157.72,39,1.772145,87.6014,6.199,0.0,0,20.3788,3.3589,88.645,0.0,True,26.0,4840,5.1559,4.48
google,2500,10,linear,True,False,10.0,0.4,0.3,0.3,0,DE,random,18,0.3333333333333333,E20,26.96,157.72,39,1.774693,87.5836,6.0642,0.0,0,20.4288,3.3474,87.671,0.0,True,26.0,4840,5.1261,4.41
google,2500,10,linear,True,False,10.0,0.4,0.3,0.3,0,DE,random,19,0.3333333333333333,E20,26.96,157.72,39,1.78662,87.5001,5.4329,0.0,0,20.5288,3.3747,86.187,0.0,True,26.5,4840,5.11,4.43
google,2500,10,linear,True,False,10.0,0.4,0.3,0.3,0,DE,random,20,0.3333333333333333,E20,26.96,157.72,39,1.770926,87.6099,6.2636,0.0,0,20.4288,3.3443,89.386,0.0,True,27.5,4840,5.1235,4.64
google,2500,10,linear,True,False,10.0,0.4,0.3,0.3,0,DE,random,21,0.3333333333333333,E20,26.96,157.72,39,1.780787,87.5409,5.7416,0.0,0,20.4788,3.367,88.012,0.0,True,26.0,4840,5.1515,4.37
google,2500,10,linear,True,False,10.0,0.4,0.3,0.3,0,DE,random,22,0.3333333333333333,E20,26.96,157.72,39,1.782652,87.5279,5.6429,0.0,0,20.4788,3.3763,89.004,0.0,True,25.5,4840,5.3787,4.22
google,2500,10,linear,True,False,10.0,0.4,0.3,0.3,0,DE,random,23,0.3333333333333333,E20,26.96,157.72,39,1.778156,87.5593,5.8809,0.0,0,20.4288,3.3484,87.989,0.0,True,26.5,4840,5.1651,4.28
google,2500,10,linear,True,False,10.0,0.4,0.3,0.3,0,DE,random,24,0.3333333333333333,E20,26.96,157.72,39,1.776842,87.5685,5.9504,0.0,0,20.4788,3.365,88.747,0.0,True,25.5,4840,5.1637,4.62
google,2500,10,linear,True,False,10.0,0.4,0.3,0.3,0,DE,random,25,0.3333333333333333,E20,26.96,157.72,39,1.783529,87.5218,5.5965,0.0,0,20.5288,3.3724,87.731,0.0,True,26.0,4840,5.1153,4.29
google,2500,10,linear,True,False,10.0,0.4,0.3,0.3,0,DE,random,26,0.3333333333333333,E20,26.96,157.72,39,1.767238,87.6357,6.4587,0.0,0,20.3788,3.3389,89.262,0.0,True,26.0,4840,5.0827,4.7
google,2500,10,linear,True,False,10.0,0.4,0.3,0.3,0,DE,random,27,0.3333333333333333,E20,26.96,157.72,39,1.784248,87.5167,5.5584,0.0,0,20.5288,3.3772,87.102,0.0,True,26.0,4840,5.094,4.2
google,2500,10,linear,True,False,10.0,0.4,0.3,0.3,0,DE,random,28,0.3333333333333333,E20,26.96,157.72,39,1.780517,87.5428,5.7559,0.0,0,20.5288,3.369,87.034,0.0,True,26.5,4840,5.5135,4.39
google,2500,10,linear,True,False,10.0,0.4,0.3,0.3,0,DE,random,29,0.3333333333333333,E20,26.96,157.72,39,1.788999,87.4835,5.3069,0.0,0,20.5288,3.3692,86.982,0.0,True,27.5,4840,5.6413,4.22
google,2500,10,linear,True,False,10.0,0.4,0.3,0.3,0,DE,random,30,0.3333333333333333,E20,26.96,157.72,39,1.767367,87.6348,6.452,0.0,0,20.3788,3.3383,87.497,0.0,True,26.5,4840,5.5571,5.04
google,2500,10,linear,True,False,10.0,0.4,0.3,0.3,0,HHO,random,1,0.3333333333333333,E20,26.96,157.72,39,1.782338,87.5301,5.6595,0.0,0,20.6788,3.4046,82.04,0.0,True,28.0,8886,8.0126,4.3
google,2500,10,linear,True,False,10.0,0.4,0.3,0.3,0,HHO,random,2,0.3333333333333333,E20,26.96,157.72,39,1.792691,87.4577,5.1115,0.0,0,20.7288,3.4155,82.775,0.0,True,28.0,8888,7.9697,4.18
google,2500,10,linear,True,False,10.0,0.4,0.3,0.3,0,HHO,random,3,0.3333333333333333,E20,26.96,157.72,39,1.797525,87.4238,4.8556,0.0,0,20.7788,3.4364,82.516,0.0,True,27.5,8886,7.9648,4.46
google,2500,10,linear,True,False,10.0,0.4,0.3,0.3,0,HHO,random,4,0.3333333333333333,E20,26.96,157.72,39,1.812531,87.3188,4.0613,0.0,0,20.8288,3.4528,81.587,0.0,True,27.5,8906,8.0852,4.13
google,2500,10,linear,True,False,10.0,0.4,0.3,0.3,0,HHO,random,5,0.3333333333333333,E20,26.96,157.72,39,1.804274,87.3766,4.4984,0.0,0,20.8288,3.451,78.653,0.0,True,28.0,8926,8.1396,4.13
google,2500,10,linear,True,False,10.0,0.4,0.3,0.3,0,WOA,carbon,2,0.3333333333333333,E20,26.96,157.72,39,1.793474,87.4522,5.0701,0.0,0,20.9288,3.4484,79.986,0.0,True,27.5,4840,5.2364,3.95
google,2500,10,linear,True,False,10.0,0.4,0.3,0.3,0,WOA,carbon,3,0.3333333333333333,E20,26.96,157.72,39,1.771691,87.6046,6.223,0.0,0,20.8288,3.4527,80.672,0.0,True,27.0,4840,5.1591,4.14
google,2500,10,linear,True,False,10.0,0.4,0.3,0.3,0,WOA,carbon,4,0.3333333333333333,E20,26.96,157.72,39,1.81675,87.2893,3.838,0.0,0,20.8788,3.4511,81.726,0.0,True,27.5,4840,5.1553,4.05
google,2500,10,linear,True,False,10.0,0.4,0.3,0.3,0,WOA,carbon,5,0.3333333333333333,E20,26.96,157.72,39,1.77545,87.5783,6.0241,0.0,0,20.6788,3.4073,83.363,0.0,True,27.5,4840,5.1935,4.18
google,2500,10,linear,True,False,10.0,0.4,0.3,0.3,0,WOA,carbon,6,0.3333333333333333,E20,26.96,157.72,39,1.768618,87.6261,6.3857,0.0,0,20.8788,3.4186,78.753,0.0,True,27.5,4840,5.1971,3.93
google,2500,10,linear,True,False,10.0,0.4,0.3,0.3,0,WOA,carbon,7,0.3333333333333333,E20,26.96,157.72,39,1.814298,87.3065,3.9678,0.0,0,20.9288,3.4692,78.705,0.0,True,28.0,4840,5.3087,3.93
google,2500,10,linear,True,False,10.0,0.4,0.3,0.3,0,WOA,carbon,8,0.3333333333333333,E20,26.96,157.72,39,1.771203,87.608,6.2489,0.0,0,20.7788,3.4044,81.112,0.0,True,28.0,4840,5.25,3.87
google,2500,10,linear,True,False,10.0,0.4,0.3,0.3,0,WOA,carbon,9,0.3333333333333333,E20,26.96,157.72,39,1.779636,87.549,5.8025,0.0,0,20.7788,3.4064,81.133,0.0,True,28.0,4840,5.3836,4.3
google,2500,10,linear,True,False,10.0,0.4,0.3,0.3,0,WOA,carbon,10,0.3333333333333333,E20,26.96,157.72,39,1.802449,87.3894,4.595,0.0,0,20.8788,3.4499,80.151,0.0,True,28.0,4840,5.5776,4.05
google,2500,10,linear,True,False,10.0,0.4,0.3,0.3,0,WOA,carbon,11,0.3333333333333333,E20,26.96,157.72,39,1.787688,87.4927,5.3763,0.0,0,20.7288,3.4345,84.544,0.0,True,27.0,4840,5.464,4.12
google,2500,10,linear,True,False,10.0,0.4,0.3,0.3,0,WOA,carbon,12,0.3333333333333333,E20,26.96,157.72,39,1.806232,87.3629,4.3948,0.0,0,20.8288,3.4341,81.405,0.0,True,27.0,4840,5.4528,4.49
google,2500,10,linear,True,False,10.0,0.4,0.3,0.3,0,WOA,carbon,13,0.3333333333333333,E20,26.96,157.72,39,1.761676,87.6746,6.7532,0.0,0,20.8288,3.3977,79.748,0.0,True,28.0,4840,5.4891,4.18
google,2500,10,linear,True,False,10.0,0.4,0.3,0.3,0,WOA,carbon,14,0.3333333333333333,E20,26.96,157.72,39,1.797119,87.4267,4.8772,0.0,0,20.7288,3.415,82.249,0.0,True,27.5,4840,5.6326,3.95
google,2500,10,linear,True,False,10.0,0.4,0.3,0.3,0,WOA,carbon,15,0.3333333333333333,E20,26.96,157.72,39,1.797705,87.4226,4.8461,0.0,0,20.8788,3.4479,80.133,0.0,True,28.0,4840,5.6239,4.6
google,2500,10,linear,True,False,10.0,0.4,0.3,0.3,0,WOA,carbon,16,0.3333333333333333,E20,26.96,157.72,39,1.809436,87.3405,4.2252,0.0,0,20.7288,3.426,84.029,0.0,True,27.0,4840,5.6858,3.8
google,2500,10,linear,True,False,10.0,0.4,0.3,0.3,0,WOA,carbon,17,0.3333333333333333,E20,26.96,157.72,39,1.815717,87.2966,3.8927,0.0,0,20.8788,3.4616,79.964,0.0,True,28.0,4840,5.7452,3.88
google,2500,10,linear,True,False,10.0,0.4,0.3,0.3,0,HHO,random,6,0.3333333333333333,E20,26.96,157.72,39,1.804907,87.3722,4.4649,0.0,0,20.8788,3.4356,81.39,0.0,True,27.5,8916,7.7656,4.32
google,2500,10,linear,True,False,10.0,0.4,0.3,0.3,0,HHO,random,7,0.3333333333333333,E20,26.96,157.72,39,1.792829,87.4567,5.1042,0.0,0,20.7788,3.4339,81.446,0.0,True,27.5,8914,7.6859,4.19
google,2500,10,linear,True,False,10.0,0.4,0.3,0.3,0,HHO,random,8,0.3333333333333333,E20,26.96,157.72,39,1.795992,87.4346,4.9368,0.0,0,20.8288,3.4284,82.211,0.0,True,27.5,8940,7.6344,3.81
google,2500,10,linear,True,False,10.0,0.4,0.3,0.3,0,HHO,random,9,0.3333333333333333,E20,26.96,157.72,39,1.790689,87.4717,5.2175,0.0,0,20.6788,3.4238,82.576,0.0,True,27.5,8964,7.6003,4.48
google,2500,10,linear,True,False,10.0,0.4,0.3,0.3,0,HHO,random,10,0.3333333333333333,E20,26.96,157.72,39,1.798577,87.4165,4.8,0.0,0,20.7288,3.4174,82.786,0.0,True,27.5,8920,7.5699,4.05
google,2500,10,linear,True,False,10.0,0.4,0.3,0.3,0,HHO,random,11,0.3333333333333333,E20,26.96,157.72,39,1.809296,87.3415,4.2326,0.0,0,20.8788,3.4545,80.361,0.0,True,28.0,8966,7.7526,3.91
google,2500,10,linear,True,False,10.0,0.4,0.3,0.3,0,HHO,random,12,0.3333333333333333,E20,26.96,157.72,39,1.796331,87.4322,4.9188,0.0,0,20.8288,3.4329,81.259,0.0,True,27.5,8878,7.711,3.83
google,2500,10,linear,True,False,10.0,0.4,0.3,0.3,0,HHO,random,13,0.3333333333333333,E20,26.96,157.72,39,1.800143,87.4055,4.7171,0.0,0,20.7788,3.4339,81.154,0.0,True,28.0,8964,7.8482,4.07
google,2500,10,linear,True,False,10.0,0.4,0.3,0.3,0,HHO,random,14,0.3333333333333333,E20,26.96,157.72,39,1.799983,87.4066,4.7255,0.0,0,20.8788,3.4688,80.806,0.0,True,28.0,8940,7.8198,4.55
google,2500,10,linear,True,False,10.0,0.4,0.3,0.3,0,HHO,random,15,0.3333333333333333,E20,26.96,157.72,39,1.809631,87.3391,4.2149,0.0,0,20.7788,3.4387,82.664,0.0,True,27.0,8814,7.528,4.06
google,2500,10,linear,True,False,10.0,0.4,0.3,0.3,0,HHO,random,16,0.3333333333333333,E20,26.96,157.72,39,1.796014,87.4344,4.9356,0.0,0,20.6788,3.4266,80.775,0.0,True,28.0,9010,7.621,4.59
google,2500,10,linear,True,False,10.0,0.4,0.3,0.3,0,HHO,random,17,0.3333333333333333,E20,26.96,157.72,39,1.801389,87.3968,4.6511,0.0,0,20.8288,3.4545,81.558,0.0,True,28.0,8870,7.5064,4.06
google,2500,10,linear,True,False,10.0,0.4,0.3,0.3,0,HHO,random,18,0.3333333333333333,E20,26.96,157.72,39,1.791217,87.468,5.1895,0.0,0,20.6788,3.4178,82.746,0.0,True,27.5,8946,7.5452,4.39
google,2500,10,linear,True,False,10.0,0.4,0.3,0.3,0,HHO,random,19,0.3333333333333333,E20,26.96,157.72,39,1.805461,87.3683,4.4356,0.0,0,20.7788,3.4423,81.855,0.0,True,27.0,8950,7.7107,4.04
google,2500,10,linear,True,False,10.0,0.4,0.3,0.3,0,HHO,random,20,0.3333333333333333,E20,26.96,157.72,39,1.798346,87.4181,4.8122,0.0,0,20.8288,3.4362,81.123,0.0,True,28.0,8796,7.6498,3.92
google,2500,10,linear,True,False,10.0,0.4,0.3,0.3,0,HHO,random,21,0.3333333333333333,E20,26.96,157.72,39,1.786224,87.5029,5.4538,0.0,0,20.7288,3.4254,83.372,0.0,True,28.0,8802,7.7011,4.23
google,2500,10,linear,True,False,10.0,0.4,0.3,0.3,0,WOA,carbon,26,0.3333333333333333,E20,26.96,157.72,39,1.809615,87.3392,4.2157,0.0,0,20.8788,3.4643,79.78,0.0,True,28.0,4840,5.2449,4.2
google,2500,10,linear,True,False,10.0,0.4,0.3,0.3,0,WOA,carbon,27,0.3333333333333333,E20,26.96,157.72,39,1.79441,87.4456,5.0205,0.0,0,20.8288,3.43,80.249,0.0,True,27.5,4840,5.3013,3.93
google,2500,10,linear,True,False,10.0,0.4,0.3,0.3,0,WOA,carbon,28,0.3333333333333333,E20,26.96,157.72,39,1.751998,87.7424,7.2654,0.0,0,20.6788,3.4227,83.451,0.0,True,26.5,4840,5.3083,4.16
google,2500,10,linear,True,False,10.0,0.4,0.3,0.3,0,WOA,carbon,29,0.3333333333333333,E20,26.96,157.72,39,1.731973,87.8825,8.3254,0.0,0,20.7288,3.3843,81.959,0.0,True,27.0,4840,5.3438,4.16
google,2500,10,linear,True,False,10.0,0.4,0.3,0.3,0,WOA,carbon,30,0.3333333333333333,E20,26.96,157.72,39,1.803453,87.3824,4.5419,0.0,0,20.8288,3.4456,81.988,0.0,True,27.5,4840,5.2035,3.78
google,2500,20,linear,True,False,10.0,0.4,0.3,0.3,0,FIFO,-,0,0.3333333333333333,E20,26.96,157.72,39,14.293111,0.0,-656.5451,0.0,0,159.2788,25.9888,5.373,4.4109,False,24.5,0,0.0,0.0
google,2500,20,linear,True,False,10.0,0.4,0.3,0.3,0,Consolidation,-,0,0.3333333333333333,E20,26.96,157.72,39,1.889261,86.782,0.0,0.0,0,20.8788,3.3988,66.243,4.4109,False,24.5,0,0.0,0.0
google,2500,20,linear,True,False,10.0,0.4,0.3,0.3,0,Greedy(EDF+greenest),-,0,0.3333333333333333,E20,26.96,157.72,39,1.518432,89.3765,19.6282,0.0,0,20.3288,3.2405,74.25,16.0018,False,26.0,0,0.0005,0.0
google,2500,10,linear,True,False,10.0,0.4,0.3,0.3,0,HHO,random,22,0.3333333333333333,E20,26.96,157.72,39,1.792163,87.4613,5.1394,0.0,0,20.7288,3.4281,83.023,0.0,True,27.0,8894,7.838,4.14
google,2500,10,linear,True,False,10.0,0.4,0.3,0.3,0,HHO,random,23,0.3333333333333333,E20,26.96,157.72,39,1.801278,87.3976,4.657,0.0,0,20.8288,3.4561,80.821,0.0,True,28.0,8974,7.6435,3.88
google,2500,10,linear,True,False,10.0,0.4,0.3,0.3,0,HHO,random,24,0.3333333333333333,E20,26.96,157.72,39,1.794061,87.4481,5.039,0.0,0,20.7288,3.4371,81.716,0.0,True,28.0,8898,7.5018,4.2
google,2500,10,linear,True,False,10.0,0.4,0.3,0.3,0,HHO,random,25,0.3333333333333333,E20,26.96,157.72,39,1.789283,87.4815,5.2919,0.0,0,20.6788,3.4155,83.533,0.0,True,27.5,8840,7.4622,4.06
google,2500,10,linear,True,False,10.0,0.4,0.3,0.3,0,HHO,random,26,0.3333333333333333,E20,26.96,157.72,39,1.789401,87.4807,5.2857,0.0,0,20.6788,3.4148,83.351,0.0,True,28.0,8950,7.6056,4.29
google,2500,10,linear,True,False,10.0,0.4,0.3,0.3,0,HHO,random,27,0.3333333333333333,E20,26.96,157.72,39,1.792055,87.4621,5.1452,0.0,0,20.7288,3.4291,83.315,0.0,True,27.0,8822,7.6162,4.18
google,2500,10,linear,True,False,10.0,0.4,0.3,0.3,0,HHO,random,28,0.3333333333333333,E20,26.96,157.72,39,1.803286,87.3835,4.5507,0.0,0,20.9288,3.4557,79.122,0.0,True,28.0,9014,7.8455,4.25
google,2500,10,linear,True,False,10.0,0.4,0.3,0.3,0,HHO,random,29,0.3333333333333333,E20,26.96,157.72,39,1.798466,87.4173,4.8058,0.0,0,20.7288,3.4325,80.977,0.0,True,28.0,8872,7.7322,4.53
google,2500,10,linear,True,False,10.0,0.4,0.3,0.3,0,HHO,random,30,0.3333333333333333,E20,26.96,157.72,39,1.795264,87.4397,4.9753,0.0,0,20.6788,3.4118,82.669,0.0,True,27.5,8906,7.842,3.8
google,2500,10,linear,True,False,10.0,0.4,0.3,0.3,0,GA,random,1,0.3333333333333333,E20,26.96,157.72,39,1.769424,87.6204,6.3431,0.0,0,20.4288,3.3473,88.631,0.0,True,26.0,4840,9.1729,6.15
google,2500,10,linear,True,False,10.0,0.4,0.3,0.3,0,GA,random,2,0.3333333333333333,E20,26.96,157.72,39,1.778537,87.5567,5.8607,0.0,0,20.5788,3.3581,85.699,0.0,True,26.5,4840,9.081,6.12
google,2500,10,linear,True,False,10.0,0.4,0.3,0.3,0,GA,random,3,0.3333333333333333,E20,26.96,157.72,39,1.777385,87.5647,5.9217,0.0,0,20.5788,3.3683,87.484,0.0,True,26.0,4840,9.0873,6.01
google,2500,10,linear,True,False,10.0,0.4,0.3,0.3,0,GA,random,4,0.3333333333333333,E20,26.96,157.72,39,1.766884,87.6382,6.4775,0.0,0,20.4788,3.3503,88.205,0.0,True,26.0,4840,9.3044,6.26
google,2500,10,linear,True,False,10.0,0.4,0.3,0.3,0,GA,random,5,0.3333333333333333,E20,26.96,157.72,39,1.779128,87.5525,5.8294,0.0,0,20.5288,3.3629,87.076,0.0,True,26.0,4840,9.4413,6.09
google,2500,10,linear,True,False,10.0,0.4,0.3,0.3,0,GA,random,6,0.3333333333333333,E20,26.96,157.72,39,1.770117,87.6156,6.3064,0.0,0,20.4788,3.3521,88.481,0.0,True,26.5,4840,9.3642,6.16
google,2500,10,linear,True,False,10.0,0.4,0.3,0.3,0,GA,random,7,0.3333333333333333,E20,26.96,157.72,39,1.769238,87.6217,6.3529,0.0,0,20.4788,3.3474,89.421,0.0,True,25.5,4840,9.2783,6.1
google,2500,10,linear,True,False,10.0,0.4,0.3,0.3,0,WOA,carbon,18,0.3333333333333333,E20,26.96,157.72,39,1.752171,87.7412,7.2563,0.0,0,20.6788,3.3823,80.948,0.0,True,26.0,4840,5.167,4.12
google,2500,10,linear,True,False,10.0,0.4,0.3,0.3,0,WOA,carbon,19,0.3333333333333333,E20,26.96,157.72,39,1.806822,87.3588,4.3635,0.0,0,20.7788,3.4429,81.301,0.0,True,27.5,4840,5.2865,4.08
google,2500,10,linear,True,False,10.0,0.4,0.3,0.3,0,WOA,carbon,20,0.3333333333333333,E20,26.96,157.72,39,1.766039,87.6441,6.5222,0.0,0,20.7788,3.4542,81.235,0.0,True,26.5,4840,5.3103,3.91
google,2500,10,linear,True,False,10.0,0.4,0.3,0.3,0,WOA,carbon,21,0.3333333333333333,E20,26.96,157.72,39,1.782384,87.5298,5.6571,0.0,0,20.8288,3.4057,81.705,0.0,True,26.5,4840,5.3109,3.99
google,2500,10,linear,True,False,10.0,0.4,0.3,0.3,0,WOA,carbon,22,0.3333333333333333,E20,26.96,157.72,39,1.786666,87.4998,5.4304,0.0,0,20.8788,3.4427,79.803,0.0,True,27.0,4840,5.3763,3.72
google,2500,10,linear,True,False,10.0,0.4,0.3,0.3,0,WOA,carbon,23,0.3333333333333333,E20,26.96,157.72,39,1.77177,87.604,6.2189,0.0,0,20.6788,3.43,82.777,0.0,True,27.5,4840,5.3367,4.04
google,2500,10,linear,True,False,10.0,0.4,0.3,0.3,0,WOA,carbon,24,0.3333333333333333,E20,26.96,157.72,39,1.785384,87.5088,5.4983,0.0,0,20.7288,3.4077,82.951,0.0,True,27.5,4840,5.2427,3.99
google,2500,10,linear,True,False,10.0,0.4,0.3,0.3,0,WOA,carbon,25,0.3333333333333333,E20,26.96,157.72,39,1.788866,87.4844,5.314,0.0,0,20.7288,3.4041,81.405,0.0,True,27.0,4840,5.2712,4.45
google,2500,10,linear,True,False,10.0,0.4,0.3,0.3,0,GA,random,8,0.3333333333333333,E20,26.96,157.72,39,1.765222,87.6498,6.5655,0.0,0,20.5288,3.3532,86.854,0.0,True,26.0,4840,9.3925,6.2
google,2500,10,linear,True,False,10.0,0.4,0.3,0.3,0,GA,random,9,0.3333333333333333,E20,26.96,157.72,39,1.767418,87.6345,6.4492,0.0,0,20.5288,3.3595,88.332,0.0,True,25.5,4840,9.1495,6.32
google,2500,10,linear,True,False,10.0,0.4,0.3,0.3,0,GA,random,10,0.3333333333333333,E20,26.96,157.72,39,1.769234,87.6218,6.3531,0.0,0,20.5788,3.3646,86.941,0.0,True,27.0,4840,9.0603,6.21
google,2500,10,linear,True,False,10.0,0.4,0.3,0.3,0,GA,random,11,0.3333333333333333,E20,26.96,157.72,39,1.7798,87.5478,5.7939,0.0,0,20.5288,3.3695,87.541,0.0,True,26.0,4840,9.1141,6.25
google,2500,10,linear,True,False,10.0,0.4,0.3,0.3,0,GA,random,12,0.3333333333333333,E20,26.96,157.72,39,1.776893,87.5682,5.9477,0.0,0,20.5788,3.3697,85.934,0.0,True,26.0,4840,9.3224,5.99
google,2500,10,linear,True,False,10.0,0.4,0.3,0.3,0,GA,random,13,0.3333333333333333,E20,26.96,157.72,39,1.773851,87.5895,6.1087,0.0,0,20.5288,3.369,87.096,0.0,True,27.0,4840,9.3797,5.97
google,2500,10,linear,True,False,10.0,0.4,0.3,0.3,0,GA,random,14,0.3333333333333333,E20,26.96,157.72,39,1.770413,87.6135,6.2907,0.0,0,20.5288,3.3646,88.355,0.0,True,26.5,4840,9.2554,6.17
google,2500,10,linear,True,False,10.0,0.4,0.3,0.3,0,GA,random,15,0.3333333333333333,E20,26.96,157.72,39,1.776603,87.5702,5.9631,0.0,0,20.5288,3.3699,88.204,0.0,True,26.5,4840,9.2245,6.16
google,2500,10,linear,True,False,10.0,0.4,0.3,0.3,0,GA,random,16,0.3333333333333333,E20,26.96,157.72,39,1.779189,87.5521,5.8262,0.0,0,20.6288,3.3856,86.281,0.0,True,26.5,4840,9.1844,6.09
google,2500,10,linear,True,False,10.0,0.4,0.3,0.3,0,GA,random,17,0.3333333333333333,E20,26.96,157.72,39,1.775289,87.5794,6.0326,0.0,0,20.4788,3.3704,88.616,0.0,True,26.5,4840,9.0902,6.03
google,2500,10,linear,True,False,10.0,0.4,0.3,0.3,0,GA,random,18,0.3333333333333333,E20,26.96,157.72,39,1.772302,87.6003,6.1907,0.0,0,20.4788,3.3604,88.056,0.0,True,26.0,4840,9.0482,6.24
google,2500,10,linear,True,False,10.0,0.4,0.3,0.3,0,GA,random,19,0.3333333333333333,E20,26.96,157.72,39,1.770112,87.6156,6.3066,0.0,0,20.4788,3.3626,87.532,0.0,True,26.0,4840,9.192,5.78
google,2500,10,linear,True,False,10.0,0.4,0.3,0.3,0,GA,random,20,0.3333333333333333,E20,26.96,157.72,39,1.775907,87.5751,5.9999,0.0,0,20.5288,3.3522,89.036,0.0,True,25.5,4840,9.3359,6.13
google,2500,10,linear,True,False,10.0,0.4,0.3,0.3,0,GA,random,21,0.3333333333333333,E20,26.96,157.72,39,1.772209,87.601,6.1957,0.0,0,20.4788,3.3572,87.988,0.0,True,26.0,4840,9.3869,6.19
google,2500,10,linear,True,False,10.0,0.4,0.3,0.3,0,GA,random,22,0.3333333333333333,E20,26.96,157.72,39,1.777451,87.5643,5.9182,0.0,0,20.5288,3.3678,87.958,0.0,True,26.0,4840,9.2343,6.13
google,2500,10,linear,True,False,10.0,0.4,0.3,0.3,0,GA,random,23,0.3333333333333333,E20,26.96,157.72,39,1.76998,87.6166,6.3136,0.0,0,20.5288,3.3526,87.345,0.0,True,26.0,4840,9.239,6.15
google,2500,10,linear,True,False,10.0,0.4,0.3,0.3,0,GA,random,24,0.3333333333333333,E20,26.96,157.72,39,1.780454,87.5433,5.7593,0.0,0,20.6288,3.3727,86.197,0.0,True,26.5,4840,9.7578,6.07
google,2500,10,linear,True,False,10.0,0.4,0.3,0.3,0,GA,random,25,0.3333333333333333,E20,26.96,157.72,39,1.774706,87.5835,6.0635,0.0,0,20.5788,3.3636,87.792,0.0,True,26.0,4840,9.8504,6.08
google,2500,10,linear,True,False,10.0,0.4,0.3,0.3,0,GA,random,26,0.3333333333333333,E20,26.96,157.72,39,1.772914,87.596,6.1583,0.0,0,20.5288,3.3577,88.009,0.0,True,26.0,4840,9.6859,6.0
google,2500,10,linear,True,False,10.0,0.4,0.3,0.3,0,GA,random,27,0.3333333333333333,E20,26.96,157.72,39,1.767492,87.634,6.4453,0.0,0,20.4788,3.3443,87.846,0.0,True,26.5,4840,9.9729,6.24
google,2500,10,linear,True,False,10.0,0.4,0.3,0.3,0,GA,random,28,0.3333333333333333,E20,26.96,157.72,39,1.780398,87.5437,5.7622,0.0,0,20.5788,3.3588,87.061,0.0,True,26.0,4840,10.1129,6.05
google,2500,10,linear,True,False,10.0,0.4,0.3,0.3,0,GA,random,29,0.3333333333333333,E20,26.96,157.72,39,1.776045,87.5741,5.9926,0.0,0,20.5288,3.3652,87.087,0.0,True,27.0,4840,9.9249,6.19
google,2500,10,linear,True,False,10.0,0.4,0.3,0.3,0,GA,random,30,0.3333333333333333,E20,26.96,157.72,39,1.773219,87.5939,6.1422,0.0,0,20.5788,3.3748,87.447,0.0,True,26.0,4840,9.8817,6.15
google,2500,10,linear,True,False,10.0,0.4,0.3,0.3,0,WOA,carbon,1,0.3333333333333333,E20,26.96,157.72,39,1.781183,87.5382,5.7207,0.0,0,20.8288,3.412,80.924,0.0,True,28.5,4840,5.6669,3.59
google,2500,20,linear,True,False,10.0,0.4,0.3,0.3,0,WOA,random,1,0.3333333333333333,E20,26.96,157.72,39,1.771283,87.6074,6.2447,0.0,0,20.8288,3.4294,78.5,0.0,True,28.0,4840,5.77,4.09
google,2500,20,linear,True,False,10.0,0.4,0.3,0.3,0,WOA,random,2,0.3333333333333333,E20,26.96,157.72,39,1.772803,87.5968,6.1642,0.0,0,20.8788,3.4386,76.461,0.0,True,28.5,4840,5.6168,4.3
google,2500,20,linear,True,False,10.0,0.4,0.3,0.3,0,WOA,random,3,0.3333333333333333,E20,26.96,157.72,39,1.778592,87.5563,5.8578,0.0,0,20.9288,3.4637,75.917,0.0,True,28.5,4840,5.5222,3.91
google,2500,20,linear,True,False,10.0,0.4,0.3,0.3,0,WOA,random,4,0.3333333333333333,E20,26.96,157.72,39,1.781162,87.5383,5.7218,0.0,0,20.8788,3.4557,77.656,0.0,True,28.0,4840,5.5722,4.2
google,2500,20,linear,True,False,10.0,0.4,0.3,0.3,0,WOA,random,5,0.3333333333333333,E20,26.96,157.72,39,1.785773,87.5061,5.4777,0.0,0,20.9788,3.4749,75.525,0.0,True,28.0,4840,5.6157,4.16
google,2500,20,linear,True,False,10.0,0.4,0.3,0.3,0,WOA,random,6,0.3333333333333333,E20,26.96,157.72,39,1.789562,87.4795,5.2771,0.0,0,20.9788,3.4671,75.092,0.0,True,28.5,4840,5.6263,4.47
google,2500,20,linear,True,False,10.0,0.4,0.3,0.3,0,WOA,random,7,0.3333333333333333,E20,26.96,157.72,39,1.773205,87.594,6.1429,0.0,0,20.7788,3.4058,81.714,0.0,True,27.5,4840,5.6559,4.14
google,2500,20,linear,True,False,10.0,0.4,0.3,0.3,0,WOA,random,8,0.3333333333333333,E20,26.96,157.72,39,1.754264,87.7265,7.1455,0.0,0,20.6788,3.4193,80.07,0.0,True,28.0,4840,5.6064,4.03
google,2500,20,linear,True,False,10.0,0.4,0.3,0.3,0,WOA,random,9,0.3333333333333333,E20,26.96,157.72,39,1.781031,87.5392,5.7287,0.0,0,20.8288,3.4521,76.061,0.0,True,28.5,4840,5.3381,4.11
google,2500,20,linear,True,False,10.0,0.4,0.3,0.3,0,WOA,random,10,0.3333333333333333,E20,26.96,157.72,39,1.77829,87.5584,5.8738,0.0,0,20.9288,3.4598,76.581,0.0,True,28.0,4840,5.3353,3.89
google,2500,20,linear,True,False,10.0,0.4,0.3,0.3,0,WOA,random,11,0.3333333333333333,E20,26.96,157.72,39,1.775561,87.5775,6.0182,0.0,0,20.7788,3.4414,77.786,0.0,True,28.5,4840,5.295,4.12
google,2500,20,linear,True,False,10.0,0.4,0.3,0.3,0,WOA,random,12,0.3333333333333333,E20,26.96,157.72,39,1.762678,87.6676,6.7001,0.0,0,20.7288,3.4043,79.352,0.0,True,28.0,4840,5.2883,4.31
google,2500,20,linear,True,False,10.0,0.4,0.3,0.3,0,WOA,random,13,0.3333333333333333,E20,26.96,157.72,39,1.774631,87.584,6.0675,0.0,0,20.8788,3.4438,76.928,0.0,True,28.0,4840,5.3828,3.84
google,2500,20,linear,True,False,10.0,0.4,0.3,0.3,0,WOA,random,14,0.3333333333333333,E20,26.96,157.72,39,1.782126,87.5316,5.6708,0.0,0,20.8788,3.4562,76.364,0.0,True,28.0,4840,5.3195,4.07
google,2500,20,linear,True,False,10.0,0.4,0.3,0.3,0,WOA,random,15,0.3333333333333333,E20,26.96,157.72,39,1.763469,87.6621,6.6583,0.0,0,20.7788,3.4525,78.721,0.0,True,28.0,4840,5.429,4.03
google,2500,20,linear,True,False,10.0,0.4,0.3,0.3,0,WOA,random,16,0.3333333333333333,E20,26.96,157.72,39,1.78299,87.5255,5.625,0.0,0,20.9288,3.4746,76.393,0.0,True,28.5,4840,5.4042,4.07
google,2500,20,linear,True,False,10.0,0.4,0.3,0.3,0,WOA,random,17,0.3333333333333333,E20,26.96,157.72,39,1.775129,87.5805,6.0411,0.0,0,20.7288,3.3938,80.452,0.0,True,28.0,4840,5.7431,4.1
google,2500,20,linear,True,False,10.0,0.4,0.3,0.3,0,WOA,random,18,0.3333333333333333,E20,26.96,157.72,39,1.78072,87.5414,5.7451,0.0,0,20.8788,3.459,76.66,0.0,True,28.5,4840,5.6077,4.24
google,2500,20,linear,True,False,10.0,0.4,0.3,0.3,0,WOA,random,19,0.3333333333333333,E20,26.96,157.72,39,1.782757,87.5272,5.6373,0.0,0,20.9288,3.4661,75.64,0.0,True,27.5,4840,5.5796,4.2
google,2500,20,linear,True,False,10.0,0.4,0.3,0.3,0,WOA,random,20,0.3333333333333333,E20,26.96,157.72,39,1.777675,87.5627,5.9063,0.0,0,20.9288,3.4615,75.328,0.0,True,28.5,4840,5.6021,3.78
google,2500,20,linear,True,False,10.0,0.4,0.3,0.3,0,WOA,random,21,0.3333333333333333,E20,26.96,157.72,39,1.778176,87.5592,5.8798,0.0,0,20.9288,3.4622,76.464,0.0,True,28.0,4840,5.6136,4.07
google,2500,20,linear,True,False,10.0,0.4,0.3,0.3,0,WOA,random,22,0.3333333333333333,E20,26.96,157.72,39,1.780673,87.5417,5.7476,0.0,0,20.9288,3.4757,76.721,0.0,True,28.0,4840,5.7388,4.08
google,2500,20,linear,True,False,10.0,0.4,0.3,0.3,0,WOA,random,23,0.3333333333333333,E20,26.96,157.72,39,1.770203,87.615,6.3018,0.0,0,20.8288,3.4498,78.669,0.0,True,28.0,4840,5.661,4.03
google,2500,20,linear,True,False,10.0,0.4,0.3,0.3,0,WOA,random,24,0.3333333333333333,E20,26.96,157.72,39,1.780161,87.5453,5.7747,0.0,0,20.9288,3.4774,77.881,0.0,True,28.0,4840,5.7496,4.22
google,2500,20,linear,True,False,10.0,0.4,0.3,0.3,0,WOA,random,25,0.3333333333333333,E20,26.96,157.72,39,1.779465,87.5502,5.8116,0.0,0,20.8788,3.451,75.293,0.0,True,28.5,4840,5.3969,4.05
google,2500,20,linear,True,False,10.0,0.4,0.3,0.3,0,WOA,random,26,0.3333333333333333,E20,26.96,157.72,39,1.781352,87.537,5.7117,0.0,0,20.9288,3.4483,76.214,0.0,True,28.5,4840,5.351,4.18
google,2500,20,linear,True,False,10.0,0.4,0.3,0.3,0,WOA,random,27,0.3333333333333333,E20,26.96,157.72,39,1.776306,87.5723,5.9788,0.0,0,20.9288,3.454,76.137,0.0,True,28.0,4840,5.3069,3.93
google,2500,20,linear,True,False,10.0,0.4,0.3,0.3,0,WOA,random,28,0.3333333333333333,E20,26.96,157.72,39,1.775379,87.5788,6.0279,0.0,0,20.7788,3.4235,79.524,0.0,True,28.0,4840,5.3147,4.32
google,2500,20,linear,True,False,10.0,0.4,0.3,0.3,0,WOA,random,29,0.3333333333333333,E20,26.96,157.72,39,1.778144,87.5594,5.8815,0.0,0,20.8788,3.4521,75.091,0.0,True,28.0,4840,5.3251,4.07
google,2500,20,linear,True,False,10.0,0.4,0.3,0.3,0,WOA,random,30,0.3333333333333333,E20,26.96,157.72,39,1.778923,87.554,5.8403,0.0,0,20.9288,3.4768,75.893,0.0,True,28.0,4840,5.3972,3.99
google,2500,20,linear,True,False,10.0,0.4,0.3,0.3,0,GWO,random,1,0.3333333333333333,E20,26.96,157.72,39,1.798083,87.4199,4.8261,0.0,0,20.6288,3.3909,87.471,0.0,True,25.5,4840,6.01,3.99
google,2500,20,linear,True,False,10.0,0.4,0.3,0.3,0,GWO,random,2,0.3333333333333333,E20,26.96,157.72,39,1.809081,87.343,4.244,0.0,0,20.6788,3.4076,84.836,0.0,True,26.5,4840,6.02,3.76
google,2500,20,linear,True,False,10.0,0.4,0.3,0.3,0,GWO,random,3,0.3333333333333333,E20,26.96,157.72,39,1.820839,87.2607,3.6216,0.0,0,20.7788,3.4203,83.445,0.0,True,27.0,4840,5.9491,3.68
google,2500,20,linear,True,False,10.0,0.4,0.3,0.3,0,GWO,random,4,0.3333333333333333,E20,26.96,157.72,39,1.812175,87.3213,4.0802,0.0,0,20.7288,3.4143,84.122,0.0,True,28.0,4840,5.8921,3.89
google,2500,20,linear,True,False,10.0,0.4,0.3,0.3,0,GWO,random,5,0.3333333333333333,E20,26.96,157.72,39,1.813336,87.3132,4.0187,0.0,0,20.7288,3.404,83.741,0.0,True,27.0,4840,5.8724,3.81
google,2500,20,linear,True,False,10.0,0.4,0.3,0.3,0,GWO,random,6,0.3333333333333333,E20,26.96,157.72,39,1.793463,87.4523,5.0706,0.0,0,20.6288,3.4092,87.148,0.0,True,25.5,4840,5.9205,4.08
google,2500,20,linear,True,False,10.0,0.4,0.3,0.3,0,GWO,random,7,0.3333333333333333,E20,26.96,157.72,39,1.805675,87.3668,4.4243,0.0,0,20.6288,3.3974,85.334,0.0,True,26.0,4840,5.9616,3.87
google,2500,20,linear,True,False,10.0,0.4,0.3,0.3,0,GWO,random,8,0.3333333333333333,E20,26.96,157.72,39,1.80098,87.3997,4.6728,0.0,0,20.6788,3.3981,85.148,0.0,True,27.0,4840,5.9598,3.78
google,2500,20,linear,True,False,10.0,0.4,0.3,0.3,0,GWO,random,9,0.3333333333333333,E20,26.96,157.72,39,1.805155,87.3705,4.4518,0.0,0,20.6288,3.4015,85.23,0.0,True,26.5,4840,6.0277,3.91
google,2500,20,linear,True,False,10.0,0.4,0.3,0.3,0,GWO,random,10,0.3333333333333333,E20,26.96,157.72,39,1.813863,87.3095,3.9909,0.0,0,20.6788,3.4144,85.257,0.0,True,26.5,4840,5.9109,3.82
google,2500,20,linear,True,False,10.0,0.4,0.3,0.3,0,GWO,random,11,0.3333333333333333,E20,26.96,157.72,39,1.791732,87.4644,5.1623,0.0,0,20.5288,3.3731,87.051,0.0,True,26.0,4840,5.9013,4.14
google,2500,20,linear,True,False,10.0,0.4,0.3,0.3,0,GWO,random,12,0.3333333333333333,E20,26.96,157.72,39,1.809192,87.3422,4.2381,0.0,0,20.7288,3.4245,86.105,0.0,True,26.0,4840,5.8913,3.82
google,2500,20,linear,True,False,10.0,0.4,0.3,0.3,0,GWO,random,13,0.3333333333333333,E20,26.96,157.72,39,1.793011,87.4554,5.0946,0.0,0,20.5788,3.3674,86.15,0.0,True,26.5,4840,5.868,4.12
google,2500,20,linear,True,False,10.0,0.4,0.3,0.3,0,GWO,random,14,0.3333333333333333,E20,26.96,157.72,39,1.799089,87.4129,4.7729,0.0,0,20.6788,3.3993,86.136,0.0,True,26.5,4840,5.907,3.74
google,2500,20,linear,True,False,10.0,0.4,0.3,0.3,0,GWO,random,15,0.3333333333333333,E20,26.96,157.72,39,1.808498,87.3471,4.2749,0.0,0,20.7288,3.4156,84.852,0.0,True,27.0,4840,5.9446,3.8
google,2500,20,linear,True,False,10.0,0.4,0.3,0.3,0,GWO,random,16,0.3333333333333333,E20,26.96,157.72,39,1.810311,87.3344,4.1789,0.0,0,20.7288,3.4187,84.113,0.0,True,26.5,4840,5.933,3.76
google,2500,20,linear,True,False,10.0,0.4,0.3,0.3,0,GWO,random,17,0.3333333333333333,E20,26.96,157.72,39,1.805643,87.367,4.4259,0.0,0,20.7288,3.3994,85.191,0.0,True,26.0,4840,6.0411,3.97
google,2500,20,linear,True,False,10.0,0.4,0.3,0.3,0,GWO,random,18,0.3333333333333333,E20,26.96,157.72,39,1.792449,87.4593,5.1243,0.0,0,20.5288,3.3828,87.452,0.0,True,25.5,4840,5.9436,4.33
google,2500,20,linear,True,False,10.0,0.4,0.3,0.3,0,GWO,random,19,0.3333333333333333,E20,26.96,157.72,39,1.815887,87.2954,3.8837,0.0,0,20.7788,3.4371,84.232,0.0,True,26.5,4840,5.8812,3.76
google,2500,20,linear,True,False,10.0,0.4,0.3,0.3,0,GWO,random,20,0.3333333333333333,E20,26.96,157.72,39,1.797382,87.4248,4.8632,0.0,0,20.5788,3.3795,87.277,0.0,True,25.5,4840,5.8787,4.12
google,2500,20,linear,True,False,10.0,0.4,0.3,0.3,0,GWO,random,21,0.3333333333333333,E20,26.96,157.72,39,1.802339,87.3902,4.6008,0.0,0,20.6788,3.3817,85.537,0.0,True,26.5,4840,5.8724,3.95
google,2500,20,linear,True,False,10.0,0.4,0.3,0.3,0,GWO,random,22,0.3333333333333333,E20,26.96,157.72,39,1.810572,87.3326,4.1651,0.0,0,20.6788,3.4153,85.612,0.0,True,26.0,4840,5.9081,3.91
google,2500,20,linear,True,False,10.0,0.4,0.3,0.3,0,GWO,random,23,0.3333333333333333,E20,26.96,157.72,39,1.811328,87.3273,4.125,0.0,0,20.7788,3.4173,84.802,0.0,True,27.5,4840,5.958,3.81
google,2500,20,linear,True,False,10.0,0.4,0.3,0.3,0,GWO,random,24,0.3333333333333333,E20,26.96,157.72,39,1.81511,87.3008,3.9249,0.0,0,20.7788,3.4181,84.686,0.0,True,27.0,4840,5.946,3.7
google,2500,20,linear,True,False,10.0,0.4,0.3,0.3,0,GWO,random,25,0.3333333333333333,E20,26.96,157.72,39,1.813742,87.3104,3.9973,0.0,0,20.7788,3.4127,83.87,0.0,True,27.0,4840,5.9835,3.81
google,2500,20,linear,True,False,10.0,0.4,0.3,0.3,0,GWO,random,26,0.3333333333333333,E20,26.96,157.72,39,1.807188,87.3562,4.3442,0.0,0,20.7288,3.4087,84.296,0.0,True,27.5,4840,5.919,3.93
google,2500,20,linear,True,False,10.0,0.4,0.3,0.3,0,PSO,random,5,0.3333333333333333,E20,26.96,157.72,39,1.810629,87.3322,4.1621,0.0,0,20.7288,3.4103,83.283,0.0,True,26.5,4840,5.3947,7.07
google,2500,20,linear,True,False,10.0,0.4,0.3,0.3,0,PSO,random,6,0.3333333333333333,E20,26.96,157.72,39,1.807944,87.3509,4.3041,0.0,0,20.7288,3.4257,85.155,0.0,True,26.5,4840,5.4047,6.67
google,2500,20,linear,True,False,10.0,0.4,0.3,0.3,0,PSO,random,7,0.3333333333333333,E20,26.96,157.72,39,1.808347,87.3481,4.2828,0.0,0,20.7788,3.423,82.439,0.0,True,27.5,4840,5.4311,6.94
google,2500,20,linear,True,False,10.0,0.4,0.3,0.3,0,PSO,random,8,0.3333333333333333,E20,26.96,157.72,39,1.804296,87.3765,4.4972,0.0,0,20.7288,3.4047,83.699,0.0,True,26.5,4840,5.4525,6.84
google,2500,20,linear,True,False,10.0,0.4,0.3,0.3,0,PSO,random,9,0.3333333333333333,E20,26.96,157.72,39,1.799895,87.4073,4.7302,0.0,0,20.6288,3.3999,85.688,0.0,True,26.5,4840,5.5367,7.28
google,2500,20,linear,True,False,10.0,0.4,0.3,0.3,0,PSO,random,10,0.3333333333333333,E20,26.96,157.72,39,1.799666,87.4089,4.7423,0.0,0,20.6788,3.3965,84.209,0.0,True,26.5,4840,5.4094,6.82
google,2500,20,linear,True,False,10.0,0.4,0.3,0.3,0,PSO,random,11,0.3333333333333333,E20,26.96,157.72,39,1.809045,87.3432,4.2459,0.0,0,20.6288,3.4158,84.505,0.0,True,27.0,4840,5.4153,6.96
google,2500,20,linear,True,False,10.0,0.4,0.3,0.3,0,PSO,random,12,0.3333333333333333,E20,26.96,157.72,39,1.808868,87.3445,4.2553,0.0,0,20.7788,3.4167,82.283,0.0,True,27.0,4840,5.4385,6.57
google,2500,20,linear,True,False,10.0,0.4,0.3,0.3,0,PSO,random,13,0.3333333333333333,E20,26.96,157.72,39,1.788678,87.4857,5.3239,0.0,0,20.5288,3.3776,85.809,0.0,True,26.0,4840,5.4316,7.07
google,2500,20,linear,True,False,10.0,0.4,0.3,0.3,0,PSO,random,14,0.3333333333333333,E20,26.96,157.72,39,1.801064,87.3991,4.6684,0.0,0,20.6788,3.4131,84.112,0.0,True,26.5,4840,5.4518,7.09
google,2500,20,linear,True,False,10.0,0.4,0.3,0.3,0,PSO,random,15,0.3333333333333333,E20,26.96,157.72,39,1.809808,87.3379,4.2055,0.0,0,20.7288,3.4073,83.324,0.0,True,27.5,4840,5.4525,6.76
google,2500,20,linear,True,False,10.0,0.4,0.3,0.3,0,PSO,random,16,0.3333333333333333,E20,26.96,157.72,39,1.810227,87.335,4.1833,0.0,0,20.7788,3.4259,82.574,0.0,True,27.0,4840,5.4642,6.84
google,2500,20,linear,True,False,10.0,0.4,0.3,0.3,0,PSO,random,17,0.3333333333333333,E20,26.96,157.72,39,1.80141,87.3967,4.65,0.0,0,20.6788,3.4103,83.417,0.0,True,26.5,4840,5.559,7.01
google,2500,20,linear,True,False,10.0,0.4,0.3,0.3,0,PSO,random,18,0.3333333333333333,E20,26.96,157.72,39,1.808959,87.3438,4.2505,0.0,0,20.7288,3.4079,84.036,0.0,True,27.0,4840,5.4123,6.72
google,2500,20,linear,True,False,10.0,0.4,0.3,0.3,0,PSO,random,19,0.3333333333333333,E20,26.96,157.72,39,1.793327,87.4532,5.0779,0.0,0,20.6288,3.3811,86.543,0.0,True,26.5,4840,5.4591,7.15
google,2500,20,linear,True,False,10.0,0.4,0.3,0.3,0,PSO,random,20,0.3333333333333333,E20,26.96,157.72,39,1.805868,87.3655,4.4141,0.0,0,20.6788,3.3967,85.349,0.0,True,26.0,4840,5.4641,6.97
google,2500,20,linear,True,False,10.0,0.4,0.3,0.3,0,GWO,random,27,0.3333333333333333,E20,26.96,157.72,39,1.802845,87.3866,4.5741,0.0,0,20.6288,3.3906,84.972,0.0,True,26.5,4840,5.9078,3.78
google,2500,20,linear,True,False,10.0,0.4,0.3,0.3,0,GWO,random,28,0.3333333333333333,E20,26.96,157.72,39,1.785295,87.5094,5.503,0.0,0,20.4788,3.3837,88.847,0.0,True,25.5,4840,5.9046,4.43
google,2500,20,linear,True,False,10.0,0.4,0.3,0.3,0,GWO,random,29,0.3333333333333333,E20,26.96,157.72,39,1.812691,87.3177,4.0529,0.0,0,20.6788,3.4149,85.367,0.0,True,26.0,4840,5.9908,3.85
google,2500,20,linear,True,False,10.0,0.4,0.3,0.3,0,GWO,random,30,0.3333333333333333,E20,26.96,157.72,39,1.812104,87.3218,4.084,0.0,0,20.6788,3.3983,85.324,0.0,True,26.0,4840,5.9662,3.99
google,2500,20,linear,True,False,10.0,0.4,0.3,0.3,0,PSO,random,1,0.3333333333333333,E20,26.96,157.72,39,1.802848,87.3866,4.5739,0.0,0,20.6788,3.382,82.989,0.0,True,27.5,4840,5.5076,7.11
google,2500,20,linear,True,False,10.0,0.4,0.3,0.3,0,PSO,random,2,0.3333333333333333,E20,26.96,157.72,39,1.81298,87.3157,4.0376,0.0,0,20.7288,3.4167,83.135,0.0,True,27.0,4840,5.4072,6.67
google,2500,20,linear,True,False,10.0,0.4,0.3,0.3,0,PSO,random,3,0.3333333333333333,E20,26.96,157.72,39,1.796415,87.4316,4.9144,0.0,0,20.5788,3.3984,85.57,0.0,True,26.5,4840,5.4537,6.82
google,2500,20,linear,True,False,10.0,0.4,0.3,0.3,0,PSO,random,4,0.3333333333333333,E20,26.96,157.72,39,1.800198,87.4051,4.7142,0.0,0,20.6788,3.3973,84.295,0.0,True,26.5,4840,5.4391,6.84
google,2500,20,linear,True,False,10.0,0.4,0.3,0.3,0,PSO,random,21,0.3333333333333333,E20,26.96,157.72,39,1.805749,87.3663,4.4203,0.0,0,20.7288,3.3955,84.58,0.0,True,26.5,4840,5.4286,6.78
google,2500,20,linear,True,False,10.0,0.4,0.3,0.3,0,PSO,random,22,0.3333333333333333,E20,26.96,157.72,39,1.806198,87.3632,4.3966,0.0,0,20.6788,3.3984,84.707,0.0,True,26.5,4840,5.4495,6.99
google,2500,20,linear,True,False,10.0,0.4,0.3,0.3,0,PSO,random,23,0.3333333333333333,E20,26.96,157.72,39,1.795299,87.4394,4.9735,0.0,0,20.6788,3.3932,83.768,0.0,True,26.5,4840,5.4516,6.93
google,2500,20,linear,True,False,10.0,0.4,0.3,0.3,0,PSO,random,24,0.3333333333333333,E20,26.96,157.72,39,1.806938,87.358,4.3574,0.0,0,20.7288,3.3997,85.304,0.0,True,26.5,4840,5.5213,7.01
google,2500,20,linear,True,False,10.0,0.4,0.3,0.3,0,PSO,random,25,0.3333333333333333,E20,26.96,157.72,39,1.800066,87.4061,4.7212,0.0,0,20.6788,3.3974,86.919,0.0,True,25.5,4840,5.4092,7.11
google,2500,20,linear,True,False,10.0,0.4,0.3,0.3,0,PSO,random,26,0.3333333333333333,E20,26.96,157.72,39,1.805164,87.3704,4.4513,0.0,0,20.6788,3.3924,84.268,0.0,True,27.0,4840,5.4361,6.92
google,2500,20,linear,True,False,10.0,0.4,0.3,0.3,0,PSO,random,27,0.3333333333333333,E20,26.96,157.72,39,1.784185,87.5172,5.5617,0.0,0,20.4288,3.3533,89.033,0.0,True,25.5,4840,5.4423,7.26
google,2500,20,linear,True,False,10.0,0.4,0.3,0.3,0,PSO,random,28,0.3333333333333333,E20,26.96,157.72,39,1.80817,87.3494,4.2922,0.0,0,20.6788,3.3987,84.064,0.0,True,27.0,4840,5.4398,6.53
google,2500,20,linear,True,False,10.0,0.4,0.3,0.3,0,PSO,random,29,0.3333333333333333,E20,26.96,157.72,39,1.797325,87.4252,4.8663,0.0,0,20.5288,3.3852,85.669,0.0,True,27.5,4840,5.7635,7.09
google,2500,20,linear,True,False,10.0,0.4,0.3,0.3,0,PSO,random,30,0.3333333333333333,E20,26.96,157.72,39,1.815587,87.2975,3.8996,0.0,0,20.8288,3.422,81.927,0.0,True,28.0,4840,5.7832,6.8
google,2500,20,linear,True,False,10.0,0.4,0.3,0.3,0,DE,random,1,0.3333333333333333,E20,26.96,157.72,39,1.785028,87.5113,5.5171,0.0,0,20.6288,3.3876,85.492,0.0,True,26.5,4840,5.6509,4.18
google,2500,20,linear,True,False,10.0,0.4,0.3,0.3,0,DE,random,2,0.3333333333333333,E20,26.96,157.72,39,1.782846,87.5265,5.6326,0.0,0,20.5288,3.3532,86.578,0.0,True,26.5,4840,5.659,4.33
google,2500,20,linear,True,False,10.0,0.4,0.3,0.3,0,DE,random,3,0.3333333333333333,E20,26.96,157.72,39,1.778434,87.5574,5.8661,0.0,0,20.4288,3.3513,88.062,0.0,True,26.0,4840,5.5743,4.43
google,2500,20,linear,True,False,10.0,0.4,0.3,0.3,0,DE,random,4,0.3333333333333333,E20,26.96,157.72,39,1.78475,87.5132,5.5318,0.0,0,20.4788,3.3673,86.89,0.0,True,26.5,4840,5.6081,4.08
google,2500,20,linear,True,False,10.0,0.4,0.3,0.3,0,DE,random,5,0.3333333333333333,E20,26.96,157.72,39,1.778301,87.5583,5.8732,0.0,0,20.4288,3.3611,88.181,0.0,True,26.0,4840,5.6344,4.3
google,2500,20,linear,True,False,10.0,0.4,0.3,0.3,0,DE,random,6,0.3333333333333333,E20,26.96,157.72,39,1.786619,87.5001,5.4329,0.0,0,20.5788,3.3638,87.616,0.0,True,26.5,4840,5.6276,4.05
google,2500,20,linear,True,False,10.0,0.4,0.3,0.3,0,DE,random,15,0.3333333333333333,E20,26.96,157.72,39,1.786661,87.4998,5.4307,0.0,0,20.5788,3.3736,86.873,0.0,True,26.5,4840,5.3824,4.01
google,2500,20,linear,True,False,10.0,0.4,0.3,0.3,0,DE,random,16,0.3333333333333333,E20,26.96,157.72,39,1.773534,87.5917,6.1255,0.0,0,20.4788,3.3482,88.065,0.0,True,26.0,4840,5.2214,4.5
google,2500,20,linear,True,False,10.0,0.4,0.3,0.3,0,DE,random,17,0.3333333333333333,E20,26.96,157.72,39,1.772145,87.6014,6.199,0.0,0,20.3788,3.3589,88.645,0.0,True,26.0,4840,5.278,4.47
google,2500,20,linear,True,False,10.0,0.4,0.3,0.3,0,DE,random,18,0.3333333333333333,E20,26.96,157.72,39,1.774693,87.5836,6.0642,0.0,0,20.4288,3.3474,87.671,0.0,True,26.0,4840,5.2884,4.39
google,2500,20,linear,True,False,10.0,0.4,0.3,0.3,0,DE,random,19,0.3333333333333333,E20,26.96,157.72,39,1.78662,87.5001,5.4329,0.0,0,20.5288,3.3747,86.187,0.0,True,26.5,4840,5.2791,4.41
google,2500,20,linear,True,False,10.0,0.4,0.3,0.3,0,DE,random,20,0.3333333333333333,E20,26.96,157.72,39,1.770926,87.6099,6.2636,0.0,0,20.4288,3.3443,89.386,0.0,True,27.5,4840,5.3306,4.64
google,2500,20,linear,True,False,10.0,0.4,0.3,0.3,0,DE,random,21,0.3333333333333333,E20,26.96,157.72,39,1.780787,87.5409,5.7416,0.0,0,20.4788,3.367,88.012,0.0,True,26.0,4840,5.2655,4.37
google,2500,20,linear,True,False,10.0,0.4,0.3,0.3,0,DE,random,22,0.3333333333333333,E20,26.96,157.72,39,1.782652,87.5279,5.6429,0.0,0,20.4788,3.3763,89.004,0.0,True,25.5,4840,5.3131,4.22
google,2500,20,linear,True,False,10.0,0.4,0.3,0.3,0,DE,random,7,0.3333333333333333,E20,26.96,157.72,39,1.775101,87.5807,6.0426,0.0,0,20.3788,3.3555,89.268,0.0,True,26.0,4840,5.6332,4.43
google,2500,20,linear,True,False,10.0,0.4,0.3,0.3,0,DE,random,8,0.3333333333333333,E20,26.96,157.72,39,1.791532,87.4658,5.1729,0.0,0,20.5788,3.3918,86.929,0.0,True,27.5,4840,5.5393,3.89
google,2500,20,linear,True,False,10.0,0.4,0.3,0.3,0,DE,random,9,0.3333333333333333,E20,26.96,157.72,39,1.790421,87.4735,5.2317,0.0,0,20.5788,3.3858,86.306,0.0,True,27.0,4840,5.5707,4.22
google,2500,20,linear,True,False,10.0,0.4,0.3,0.3,0,DE,random,10,0.3333333333333333,E20,26.96,157.72,39,1.775956,87.5747,5.9973,0.0,0,20.4288,3.3481,90.479,0.0,True,25.5,4840,5.568,4.37
google,2500,20,linear,True,False,10.0,0.4,0.3,0.3,0,DE,random,11,0.3333333333333333,E20,26.96,157.72,39,1.773966,87.5887,6.1026,0.0,0,20.4288,3.3725,88.138,0.0,True,26.0,4840,5.591,4.72
google,2500,20,linear,True,False,10.0,0.4,0.3,0.3,0,DE,random,12,0.3333333333333333,E20,26.96,157.72,39,1.792256,87.4607,5.1345,0.0,0,20.6788,3.3959,85.623,0.0,True,27.0,4840,5.6325,4.14
google,2500,20,linear,True,False,10.0,0.4,0.3,0.3,0,DE,random,13,0.3333333333333333,E20,26.96,157.72,39,1.771389,87.6067,6.239,0.0,0,20.4788,3.3537,88.71,0.0,True,26.5,4840,5.5502,4.26
google,2500,20,linear,True,False,10.0,0.4,0.3,0.3,0,DE,random,14,0.3333333333333333,E20,26.96,157.72,39,1.791995,87.4625,5.1484,0.0,0,20.5788,3.3878,86.453,0.0,True,26.5,4840,5.6046,4.16
google,2500,20,linear,True,False,10.0,0.4,0.3,0.3,0,DE,random,23,0.3333333333333333,E20,26.96,157.72,39,1.778156,87.5593,5.8809,0.0,0,20.4288,3.3484,87.989,0.0,True,26.5,4840,5.576,4.28
google,2500,20,linear,True,False,10.0,0.4,0.3,0.3,0,DE,random,24,0.3333333333333333,E20,26.96,157.72,39,1.776842,87.5685,5.9504,0.0,0,20.4788,3.365,88.747,0.0,True,25.5,4840,5.5921,4.62
google,2500,20,linear,True,False,10.0,0.4,0.3,0.3,0,DE,random,25,0.3333333333333333,E20,26.96,157.72,39,1.783529,87.5218,5.5965,0.0,0,20.5288,3.3724,87.731,0.0,True,26.0,4840,5.5855,4.29
google,2500,20,linear,True,False,10.0,0.4,0.3,0.3,0,DE,random,26,0.3333333333333333,E20,26.96,157.72,39,1.767238,87.6357,6.4587,0.0,0,20.3788,3.3389,89.262,0.0,True,26.0,4840,5.6581,4.7
google,2500,20,linear,True,False,10.0,0.4,0.3,0.3,0,DE,random,27,0.3333333333333333,E20,26.96,157.72,39,1.784248,87.5167,5.5584,0.0,0,20.5288,3.3772,87.102,0.0,True,26.0,4840,5.6423,4.22
google,2500,20,linear,True,False,10.0,0.4,0.3,0.3,0,DE,random,28,0.3333333333333333,E20,26.96,157.72,39,1.780517,87.5428,5.7559,0.0,0,20.5288,3.369,87.034,0.0,True,26.5,4840,5.5816,4.4
google,2500,20,linear,True,False,10.0,0.4,0.3,0.3,0,DE,random,29,0.3333333333333333,E20,26.96,157.72,39,1.788999,87.4835,5.3069,0.0,0,20.5288,3.3692,86.982,0.0,True,27.5,4840,5.5652,4.23
google,2500,20,linear,True,False,10.0,0.4,0.3,0.3,0,DE,random,30,0.3333333333333333,E20,26.96,157.72,39,1.767367,87.6348,6.452,0.0,0,20.3788,3.3383,87.497,0.0,True,26.5,4840,5.5175,5.05
google,2500,20,linear,True,False,10.0,0.4,0.3,0.3,0,HHO,random,1,0.3333333333333333,E20,26.96,157.72,39,1.770129,87.6155,6.3057,0.0,0,20.7788,3.4414,78.807,0.0,True,28.0,8886,7.7787,4.38
google,2500,20,linear,True,False,10.0,0.4,0.3,0.3,0,HHO,random,2,0.3333333333333333,E20,26.96,157.72,39,1.773182,87.5941,6.1441,0.0,0,20.8288,3.4437,78.164,0.0,True,28.5,8888,7.7926,4.48
google,2500,20,linear,True,False,10.0,0.4,0.3,0.3,0,HHO,random,3,0.3333333333333333,E20,26.96,157.72,39,1.765257,87.6496,6.5636,0.0,0,20.7788,3.4371,77.599,0.0,True,28.5,8886,7.8143,4.81
google,2500,20,linear,True,False,10.0,0.4,0.3,0.3,0,HHO,random,4,0.3333333333333333,E20,26.96,157.72,39,1.791023,87.4693,5.1998,0.0,0,20.9788,3.4755,75.466,0.0,True,28.5,8906,7.7656,4.05
google,2500,20,linear,True,False,10.0,0.4,0.3,0.3,0,HHO,random,5,0.3333333333333333,E20,26.96,157.72,39,1.777895,87.5612,5.8947,0.0,0,20.8788,3.4585,76.231,0.0,True,28.5,8926,7.7798,4.44
google,2500,20,linear,True,False,10.0,0.4,0.3,0.3,0,HHO,random,6,0.3333333333333333,E20,26.96,157.72,39,1.761,87.6794,6.789,0.0,0,20.7288,3.4344,80.517,0.0,True,28.0,8916,7.6948,4.65
google,2500,20,linear,True,False,10.0,0.4,0.3,0.3,0,HHO,random,7,0.3333333333333333,E20,26.96,157.72,39,1.760564,87.6824,6.812,0.0,0,20.7288,3.4509,78.577,0.0,True,28.0,8914,7.7494,4.05
google,2500,20,linear,True,False,10.0,0.4,0.3,0.3,0,HHO,random,8,0.3333333333333333,E20,26.96,157.72,39,1.776903,87.5681,5.9472,0.0,0,20.8788,3.4517,77.705,0.0,True,28.0,8940,7.7192,3.85
google,2500,20,linear,True,False,10.0,0.4,0.3,0.3,0,HHO,random,9,0.3333333333333333,E20,26.96,157.72,39,1.762417,87.6695,6.7139,0.0,0,20.7788,3.4429,77.55,0.0,True,28.0,8964,7.805,4.22
google,2500,20,linear,True,False,10.0,0.4,0.3,0.3,0,HHO,random,10,0.3333333333333333,E20,26.96,157.72,39,1.763675,87.6607,6.6474,0.0,0,20.7788,3.4106,77.131,0.0,True,28.5,8920,7.7747,4.16
google,2500,20,linear,True,False,10.0,0.4,0.3,0.3,0,HHO,random,11,0.3333333333333333,E20,26.96,157.72,39,1.771737,87.6043,6.2206,0.0,0,20.8288,3.4647,75.189,0.0,True,28.0,8966,7.8455,4.37
google,2500,20,linear,True,False,10.0,0.4,0.3,0.3,0,HHO,random,12,0.3333333333333333,E20,26.96,157.72,39,1.761274,87.6775,6.7745,0.0,0,20.6788,3.4388,79.884,0.0,True,28.0,8878,7.7769,4.19
google,2500,20,linear,True,False,10.0,0.4,0.3,0.3,0,HHO,random,13,0.3333333333333333,E20,26.96,157.72,39,1.783465,87.5222,5.5998,0.0,0,20.9788,3.4729,74.463,0.0,True,28.5,8964,7.7344,4.14
google,2500,20,linear,True,False,10.0,0.4,0.3,0.3,0,HHO,random,14,0.3333333333333333,E20,26.96,157.72,39,1.787032,87.4973,5.4111,0.0,0,20.9788,3.4975,75.918,0.0,True,28.0,8940,7.7609,4.17
google,2500,20,linear,True,False,10.0,0.4,0.3,0.3,0,HHO,random,15,0.3333333333333333,E20,26.96,157.72,39,1.77105,87.6091,6.257,0.0,0,20.8288,3.4498,77.06,0.0,True,28.5,8814,7.6409,4.33
google,2500,20,linear,True,False,10.0,0.4,0.3,0.3,0,HHO,random,16,0.3333333333333333,E20,26.96,157.72,39,1.76433,87.6561,6.6127,0.0,0,20.7288,3.4325,78.6,0.0,True,28.5,9010,7.7397,4.2
google,2500,20,linear,True,False,10.0,0.4,0.3,0.3,0,HHO,random,17,0.3333333333333333,E20,26.96,157.72,39,1.759275,87.6914,6.8803,0.0,0,20.7788,3.4463,79.895,0.0,True,28.0,8870,7.7203,4.67
google,2500,20,linear,True,False,10.0,0.4,0.3,0.3,0,HHO,random,18,0.3333333333333333,E20,26.96,157.72,39,1.756572,87.7104,7.0233,0.0,0,20.6788,3.4223,78.589,0.0,True,28.0,8946,7.7864,4.48
google,2500,20,linear,True,False,10.0,0.4,0.3,0.3,0,HHO,random,19,0.3333333333333333,E20,26.96,157.72,39,1.75945,87.6902,6.871,0.0,0,20.6788,3.4131,80.067,0.0,True,27.5,8950,7.8078,4.42
google,2500,20,linear,True,False,10.0,0.4,0.3,0.3,0,HHO,random,20,0.3333333333333333,E20,26.96,157.72,39,1.774597,87.5842,6.0692,0.0,0,20.8788,3.4528,76.382,0.0,True,28.5,8796,7.6924,5.01
google,2500,20,linear,True,False,10.0,0.4,0.3,0.3,0,HHO,random,21,0.3333333333333333,E20,26.96,157.72,39,1.762552,87.6685,6.7068,0.0,0,20.7788,3.4568,78.813,0.0,True,28.0,8802,7.574,3.97
google,2500,20,linear,True,False,10.0,0.4,0.3,0.3,0,HHO,random,22,0.3333333333333333,E20,26.96,157.72,39,1.787574,87.4935,5.3824,0.0,0,20.9288,3.4712,74.536,0.0,True,28.5,8894,7.7028,4.48
google,2500,20,linear,True,False,10.0,0.4,0.3,0.3,0,HHO,random,23,0.3333333333333333,E20,26.96,157.72,39,1.771437,87.6064,6.2365,0.0,0,20.9288,3.4688,76.333,0.0,True,28.0,8974,7.7405,4.34
google,2500,20,linear,True,False,10.0,0.4,0.3,0.3,0,HHO,random,24,0.3333333333333333,E20,26.96,157.72,39,1.763451,87.6622,6.6592,0.0,0,20.7288,3.4303,79.961,0.0,True,28.0,8898,7.6349,4.24
google,2500,20,linear,True,False,10.0,0.4,0.3,0.3,0,WOA,carbon,5,0.3333333333333333,E20,26.96,157.72,39,1.637721,88.5419,13.3142,0.0,0,20.8288,3.3357,71.84,0.0,True,27.5,4840,5.6564,4.43
google,2500,20,linear,True,False,10.0,0.4,0.3,0.3,0,WOA,carbon,6,0.3333333333333333,E20,26.96,157.72,39,1.647972,88.4702,12.7716,0.0,0,20.9788,3.3633,70.655,0.0,True,28.0,4840,5.6435,4.3
google,2500,20,linear,True,False,10.0,0.4,0.3,0.3,0,WOA,carbon,7,0.3333333333333333,E20,26.96,157.72,39,1.742369,87.8097,7.7751,0.0,0,20.9288,3.4671,72.386,0.0,True,28.0,4840,5.6132,4.01
google,2500,20,linear,True,False,10.0,0.4,0.3,0.3,0,WOA,carbon,8,0.3333333333333333,E20,26.96,157.72,39,1.646071,88.4835,12.8722,0.0,0,20.8788,3.3386,70.778,0.0,True,27.0,4840,5.5232,4.07
google,2500,20,linear,True,False,10.0,0.4,0.3,0.3,0,WOA,carbon,9,0.3333333333333333,E20,26.96,157.72,39,1.641028,88.5187,13.1392,0.0,0,20.8788,3.3556,73.028,0.0,True,27.0,4840,5.63,4.41
google,2500,20,linear,True,False,10.0,0.4,0.3,0.3,0,WOA,carbon,10,0.3333333333333333,E20,26.96,157.72,39,1.771705,87.6045,6.2223,0.0,0,20.9288,3.46,77.24,0.0,True,28.0,4840,5.6222,4.05
google,2500,20,linear,True,False,10.0,0.4,0.3,0.3,0,WOA,carbon,11,0.3333333333333333,E20,26.96,157.72,39,1.706112,88.0634,9.6942,0.0,0,20.6288,3.4017,81.687,0.0,True,27.0,4840,5.5853,4.3
google,2500,20,linear,True,False,10.0,0.4,0.3,0.3,0,WOA,carbon,12,0.3333333333333333,E20,26.96,157.72,39,1.638552,88.5361,13.2702,0.0,0,20.8288,3.323,71.667,0.0,True,26.5,4840,5.5577,4.08
google,2500,20,linear,True,False,10.0,0.4,0.3,0.3,0,HHO,random,25,0.3333333333333333,E20,26.96,157.72,39,1.760564,87.6824,6.812,0.0,0,20.6788,3.4361,79.106,0.0,True,27.5,8840,7.7027,4.43
google,2500,20,linear,True,False,10.0,0.4,0.3,0.3,0,HHO,random,26,0.3333333333333333,E20,26.96,157.72,39,1.765304,87.6493,6.5611,0.0,0,20.7288,3.4353,77.248,0.0,True,28.5,8950,7.7911,4.1
google,2500,20,linear,True,False,10.0,0.4,0.3,0.3,0,HHO,random,27,0.3333333333333333,E20,26.96,157.72,39,1.769476,87.6201,6.3403,0.0,0,20.7788,3.4412,76.852,0.0,True,28.0,8822,7.7477,4.47
google,2500,20,linear,True,False,10.0,0.4,0.3,0.3,0,HHO,random,28,0.3333333333333333,E20,26.96,157.72,39,1.762179,87.6711,6.7266,0.0,0,20.7788,3.4467,77.038,0.0,True,28.5,9014,7.8484,4.37
google,2500,20,linear,True,False,10.0,0.4,0.3,0.3,0,HHO,random,29,0.3333333333333333,E20,26.96,157.72,39,1.772009,87.6024,6.2062,0.0,0,20.7788,3.444,77.983,0.0,True,28.5,8872,7.6776,4.43
google,2500,20,linear,True,False,10.0,0.4,0.3,0.3,0,HHO,random,30,0.3333333333333333,E20,26.96,157.72,39,1.755988,87.7144,7.0542,0.0,0,20.7288,3.4337,79.375,0.0,True,28.5,8906,7.7332,4.92
google,2500,20,linear,True,False,10.0,0.4,0.3,0.3,0,GA,random,1,0.3333333333333333,E20,26.96,157.72,39,1.769424,87.6204,6.3431,0.0,0,20.4288,3.3473,88.631,0.0,True,26.0,4840,9.2697,6.14
google,2500,20,linear,True,False,10.0,0.4,0.3,0.3,0,GA,random,2,0.3333333333333333,E20,26.96,157.72,39,1.778537,87.5567,5.8607,0.0,0,20.5788,3.3581,85.699,0.0,True,26.5,4840,9.2356,6.12
google,2500,20,linear,True,False,10.0,0.4,0.3,0.3,0,WOA,carbon,29,0.3333333333333333,E20,26.96,157.72,39,1.637041,88.5466,13.3502,0.0,0,20.8288,3.347,73.573,0.0,True,27.0,4840,5.6078,4.05
google,2500,20,linear,True,False,10.0,0.4,0.3,0.3,0,WOA,carbon,30,0.3333333333333333,E20,26.96,157.72,39,1.640631,88.5215,13.1602,0.0,0,20.8288,3.323,71.883,0.0,True,27.0,4840,5.525,4.09
google,3000,10,linear,True,False,10.0,0.4,0.3,0.3,0,FIFO,-,0,0.3333333333333333,E20,32.21,189.31,41,17.178947,0.0,-661.1925,0.0,0,191.5479,31.2652,5.333,28.5433,False,24.5,0,0.0,0.0
google,3000,10,linear,True,False,10.0,0.4,0.3,0.3,0,Consolidation,-,0,0.3333333333333333,E20,32.21,189.31,41,2.256847,86.8627,0.0,0.0,0,24.9479,4.0702,66.586,28.5433,False,24.5,0,0.0,0.0
google,3000,10,linear,True,False,10.0,0.4,0.3,0.3,0,Greedy(EDF+greenest),-,0,0.3333333333333333,E20,32.21,189.31,41,1.821021,89.3997,19.3113,0.0,0,24.3979,3.9041,74.278,45.2292,False,26.0,0,0.0004,0.0
google,3000,10,linear,True,False,10.0,0.4,0.3,0.3,0,WOA,random,1,0.3333333333333333,E20,32.21,189.31,41,2.153878,87.4621,4.5625,0.0,0,24.7479,4.0712,84.379,0.0,True,27.0,4840,6.5647,5.03
google,3000,10,linear,True,False,10.0,0.4,0.3,0.3,0,WOA,random,2,0.3333333333333333,E20,32.21,189.31,41,2.15886,87.4331,4.3418,0.0,0,24.8979,4.1064,81.962,0.0,True,27.5,4840,6.5656,5.15
google,3000,10,linear,True,False,10.0,0.4,0.3,0.3,0,WOA,random,3,0.3333333333333333,E20,32.21,189.31,41,2.15636,87.4477,4.4525,0.0,0,24.8979,4.1077,79.374,0.0,True,28.5,4840,6.6341,4.64
google,2500,20,linear,True,False,10.0,0.4,0.3,0.3,0,WOA,carbon,13,0.3333333333333333,E20,26.96,157.72,39,1.750421,87.7534,7.3489,0.0,0,20.9288,3.465,71.342,0.0,True,28.0,4840,5.3497,3.72
google,2500,20,linear,True,False,10.0,0.4,0.3,0.3,0,WOA,carbon,14,0.3333333333333333,E20,26.96,157.72,39,1.685672,88.2064,10.7761,0.0,0,20.9288,3.3781,72.89,0.0,True,28.0,4840,5.2871,4.31
google,2500,20,linear,True,False,10.0,0.4,0.3,0.3,0,WOA,carbon,15,0.3333333333333333,E20,26.96,157.72,39,1.726605,87.92,8.6095,0.0,0,20.7788,3.4247,76.269,0.0,True,28.0,4840,5.3199,4.16
google,2500,20,linear,True,False,10.0,0.4,0.3,0.3,0,WOA,carbon,16,0.3333333333333333,E20,26.96,157.72,39,1.742256,87.8105,7.7811,0.0,0,20.8788,3.4352,72.873,0.0,True,28.5,4840,5.2702,4.1
google,2500,20,linear,True,False,10.0,0.4,0.3,0.3,0,WOA,carbon,17,0.3333333333333333,E20,26.96,157.72,39,1.736711,87.8493,8.0746,0.0,0,20.8288,3.4329,77.867,0.0,True,28.0,4840,5.2673,4.16
google,2500,20,linear,True,False,10.0,0.4,0.3,0.3,0,WOA,carbon,18,0.3333333333333333,E20,26.96,157.72,39,1.645521,88.4873,12.9014,0.0,0,20.9288,3.3558,69.302,0.0,True,26.5,4840,5.2433,4.26
google,2500,20,linear,True,False,10.0,0.4,0.3,0.3,0,WOA,carbon,19,0.3333333333333333,E20,26.96,157.72,39,1.721728,87.9541,8.8676,0.0,0,20.8788,3.4175,79.888,0.0,True,28.5,4840,5.2413,4.05
google,2500,20,linear,True,False,10.0,0.4,0.3,0.3,0,WOA,carbon,20,0.3333333333333333,E20,26.96,157.72,39,1.638999,88.5329,13.2465,0.0,0,20.9288,3.3513,70.569,0.0,True,27.0,4840,5.3839,4.66
google,2500,20,linear,True,False,10.0,0.4,0.3,0.3,0,GA,random,27,0.3333333333333333,E20,26.96,157.72,39,1.767492,87.634,6.4453,0.0,0,20.4788,3.3443,87.846,0.0,True,26.5,4840,9.36,6.24
google,2500,20,linear,True,False,10.0,0.4,0.3,0.3,0,GA,random,28,0.3333333333333333,E20,26.96,157.72,39,1.780398,87.5437,5.7622,0.0,0,20.5788,3.3588,87.061,0.0,True,26.0,4840,9.3711,6.05
google,2500,20,linear,True,False,10.0,0.4,0.3,0.3,0,GA,random,29,0.3333333333333333,E20,26.96,157.72,39,1.776045,87.5741,5.9926,0.0,0,20.5288,3.3652,87.087,0.0,True,27.0,4840,9.3355,6.19
google,2500,20,linear,True,False,10.0,0.4,0.3,0.3,0,GA,random,30,0.3333333333333333,E20,26.96,157.72,39,1.773219,87.5939,6.1422,0.0,0,20.5788,3.3748,87.447,0.0,True,26.0,4840,9.2831,6.15
google,2500,20,linear,True,False,10.0,0.4,0.3,0.3,0,WOA,carbon,1,0.3333333333333333,E20,26.96,157.72,39,1.727852,87.9113,8.5435,0.0,0,20.8788,3.4127,75.878,0.0,True,28.5,4840,5.2482,4.32
google,2500,20,linear,True,False,10.0,0.4,0.3,0.3,0,WOA,carbon,2,0.3333333333333333,E20,26.96,157.72,39,1.687063,88.1967,10.7025,0.0,0,20.6788,3.3931,79.97,0.0,True,27.0,4840,5.265,3.87
google,2500,20,linear,True,False,10.0,0.4,0.3,0.3,0,WOA,carbon,3,0.3333333333333333,E20,26.96,157.72,39,1.732788,87.8768,8.2822,0.0,0,20.7788,3.4225,76.137,0.0,True,27.5,4840,5.2266,4.07
google,2500,20,linear,True,False,10.0,0.4,0.3,0.3,0,WOA,carbon,4,0.3333333333333333,E20,26.96,157.72,39,1.651136,88.448,12.6041,0.0,0,20.7788,3.331,76.598,0.0,True,26.5,4840,5.4437,4.01
google,2500,20,linear,True,False,10.0,0.4,0.3,0.3,0,WOA,carbon,21,0.3333333333333333,E20,26.96,157.72,39,1.746712,87.7793,7.5452,0.0,0,20.9288,3.4589,77.344,0.0,True,28.0,4840,5.5551,4.12
google,2500,20,linear,True,False,10.0,0.4,0.3,0.3,0,WOA,carbon,22,0.3333333333333333,E20,26.96,157.72,39,1.720924,87.9598,8.9102,0.0,0,20.6788,3.3852,77.843,0.0,True,27.5,4840,5.6086,3.87
google,2500,20,linear,True,False,10.0,0.4,0.3,0.3,0,WOA,carbon,23,0.3333333333333333,E20,26.96,157.72,39,1.61316,88.7137,14.6142,0.0,0,20.6288,3.305,76.564,0.0,True,26.5,4840,5.5013,3.99
google,2500,20,linear,True,False,10.0,0.4,0.3,0.3,0,WOA,carbon,24,0.3333333333333333,E20,26.96,157.72,39,1.733374,87.8727,8.2512,0.0,0,20.8288,3.4111,75.481,0.0,True,28.0,4840,5.6173,3.88
google,2500,20,linear,True,False,10.0,0.4,0.3,0.3,0,WOA,carbon,25,0.3333333333333333,E20,26.96,157.72,39,1.643546,88.5011,13.0059,0.0,0,20.8788,3.3472,70.663,0.0,True,26.5,4840,5.5957,4.24
google,2500,20,linear,True,False,10.0,0.4,0.3,0.3,0,WOA,carbon,26,0.3333333333333333,E20,26.96,157.72,39,1.729065,87.9028,8.4793,0.0,0,20.8788,3.4249,76.771,0.0,True,28.0,4840,5.6017,3.9
google,2500,20,linear,True,False,10.0,0.4,0.3,0.3,0,WOA,carbon,27,0.3333333333333333,E20,26.96,157.72,39,1.651529,88.4453,12.5833,0.0,0,20.9788,3.3622,70.221,0.0,True,27.5,4840,5.6324,4.07
google,2500,20,linear,True,False,10.0,0.4,0.3,0.3,0,WOA,carbon,28,0.3333333333333333,E20,26.96,157.72,39,1.717147,87.9862,9.1101,0.0,0,20.6788,3.4067,80.652,0.0,True,27.0,4840,5.7869,3.97
google,2500,20,linear,True,False,10.0,0.4,0.3,0.3,0,GA,random,3,0.3333333333333333,E20,26.96,157.72,39,1.777385,87.5647,5.9217,0.0,0,20.5788,3.3683,87.484,0.0,True,26.0,4840,9.3466,6.01
google,2500,20,linear,True,False,10.0,0.4,0.3,0.3,0,GA,random,4,0.3333333333333333,E20,26.96,157.72,39,1.766884,87.6382,6.4775,0.0,0,20.4788,3.3503,88.205,0.0,True,26.0,4840,9.3502,6.26
google,2500,20,linear,True,False,10.0,0.4,0.3,0.3,0,GA,random,5,0.3333333333333333,E20,26.96,157.72,39,1.779128,87.5525,5.8294,0.0,0,20.5288,3.3629,87.076,0.0,True,26.0,4840,9.2847,6.09
google,2500,20,linear,True,False,10.0,0.4,0.3,0.3,0,GA,random,6,0.3333333333333333,E20,26.96,157.72,39,1.770117,87.6156,6.3064,0.0,0,20.4788,3.3521,88.481,0.0,True,26.5,4840,9.3221,6.16
google,2500,20,linear,True,False,10.0,0.4,0.3,0.3,0,GA,random,7,0.3333333333333333,E20,26.96,157.72,39,1.769238,87.6217,6.3529,0.0,0,20.4788,3.3474,89.421,0.0,True,25.5,4840,9.2683,6.1
google,2500,20,linear,True,False,10.0,0.4,0.3,0.3,0,GA,random,8,0.3333333333333333,E20,26.96,157.72,39,1.765222,87.6498,6.5655,0.0,0,20.5288,3.3532,86.854,0.0,True,26.0,4840,9.2657,6.22
google,2500,20,linear,True,False,10.0,0.4,0.3,0.3,0,GA,random,9,0.3333333333333333,E20,26.96,157.72,39,1.767418,87.6345,6.4492,0.0,0,20.5288,3.3595,88.332,0.0,True,25.5,4840,9.5476,6.34
google,2500,20,linear,True,False,10.0,0.4,0.3,0.3,0,GA,random,10,0.3333333333333333,E20,26.96,157.72,39,1.769234,87.6218,6.3531,0.0,0,20.5788,3.3646,86.941,0.0,True,27.0,4840,9.7057,6.22
google,2500,20,linear,True,False,10.0,0.4,0.3,0.3,0,GA,random,11,0.3333333333333333,E20,26.96,157.72,39,1.7798,87.5478,5.7939,0.0,0,20.5288,3.3695,87.541,0.0,True,26.0,4840,9.3903,6.25
google,2500,20,linear,True,False,10.0,0.4,0.3,0.3,0,GA,random,12,0.3333333333333333,E20,26.96,157.72,39,1.776893,87.5682,5.9477,0.0,0,20.5788,3.3697,85.934,0.0,True,26.0,4840,9.3593,5.99
google,2500,20,linear,True,False,10.0,0.4,0.3,0.3,0,GA,random,13,0.3333333333333333,E20,26.96,157.72,39,1.773851,87.5895,6.1087,0.0,0,20.5288,3.369,87.096,0.0,True,27.0,4840,9.2742,5.97
google,2500,20,linear,True,False,10.0,0.4,0.3,0.3,0,GA,random,14,0.3333333333333333,E20,26.96,157.72,39,1.770413,87.6135,6.2907,0.0,0,20.5288,3.3646,88.355,0.0,True,26.5,4840,9.3153,6.17
google,2500,20,linear,True,False,10.0,0.4,0.3,0.3,0,GA,random,15,0.3333333333333333,E20,26.96,157.72,39,1.776603,87.5702,5.9631,0.0,0,20.5288,3.3699,88.204,0.0,True,26.5,4840,9.3035,6.16
google,2500,20,linear,True,False,10.0,0.4,0.3,0.3,0,GA,random,16,0.3333333333333333,E20,26.96,157.72,39,1.779189,87.5521,5.8262,0.0,0,20.6288,3.3856,86.281,0.0,True,26.5,4840,9.2357,6.09
google,2500,20,linear,True,False,10.0,0.4,0.3,0.3,0,GA,random,17,0.3333333333333333,E20,26.96,157.72,39,1.775289,87.5794,6.0326,0.0,0,20.4788,3.3704,88.616,0.0,True,26.5,4840,9.5372,6.03
google,2500,20,linear,True,False,10.0,0.4,0.3,0.3,0,GA,random,18,0.3333333333333333,E20,26.96,157.72,39,1.772302,87.6003,6.1907,0.0,0,20.4788,3.3604,88.056,0.0,True,26.0,4840,9.6636,6.24
google,2500,20,linear,True,False,10.0,0.4,0.3,0.3,0,GA,random,19,0.3333333333333333,E20,26.96,157.72,39,1.770112,87.6156,6.3066,0.0,0,20.4788,3.3626,87.532,0.0,True,26.0,4840,9.426,5.8
google,2500,20,linear,True,False,10.0,0.4,0.3,0.3,0,GA,random,20,0.3333333333333333,E20,26.96,157.72,39,1.775907,87.5751,5.9999,0.0,0,20.5288,3.3522,89.036,0.0,True,25.5,4840,9.3843,6.14
google,2500,20,linear,True,False,10.0,0.4,0.3,0.3,0,GA,random,21,0.3333333333333333,E20,26.96,157.72,39,1.772209,87.601,6.1957,0.0,0,20.4788,3.3572,87.988,0.0,True,26.0,4840,9.2699,6.2
google,2500,20,linear,True,False,10.0,0.4,0.3,0.3,0,GA,random,22,0.3333333333333333,E20,26.96,157.72,39,1.777451,87.5643,5.9182,0.0,0,20.5288,3.3678,87.958,0.0,True,26.0,4840,9.2892,6.14
google,2500,20,linear,True,False,10.0,0.4,0.3,0.3,0,GA,random,23,0.3333333333333333,E20,26.96,157.72,39,1.76998,87.6166,6.3136,0.0,0,20.5288,3.3526,87.345,0.0,True,26.0,4840,9.2695,6.16
google,2500,20,linear,True,False,10.0,0.4,0.3,0.3,0,GA,random,24,0.3333333333333333,E20,26.96,157.72,39,1.780454,87.5433,5.7593,0.0,0,20.6288,3.3727,86.197,0.0,True,26.5,4840,9.2348,6.09
google,2500,20,linear,True,False,10.0,0.4,0.3,0.3,0,GA,random,25,0.3333333333333333,E20,26.96,157.72,39,1.774706,87.5835,6.0635,0.0,0,20.5788,3.3636,87.792,0.0,True,26.0,4840,9.4834,6.1
google,2500,20,linear,True,False,10.0,0.4,0.3,0.3,0,GA,random,26,0.3333333333333333,E20,26.96,157.72,39,1.772914,87.596,6.1583,0.0,0,20.5288,3.3577,88.009,0.0,True,26.0,4840,9.6452,6.01
google,3000,10,linear,True,False,10.0,0.4,0.3,0.3,0,WOA,random,4,0.3333333333333333,E20,32.21,189.31,41,2.163633,87.4053,4.1302,0.0,0,24.7979,4.0917,81.688,0.0,True,28.0,4840,6.1968,5.1
google,3000,10,linear,True,False,10.0,0.4,0.3,0.3,0,WOA,random,5,0.3333333333333333,E20,32.21,189.31,41,2.148222,87.495,4.8131,0.0,0,24.7979,4.0805,82.911,0.0,True,28.0,4840,6.2327,4.76
google,3000,10,linear,True,False,10.0,0.4,0.3,0.3,0,WOA,random,6,0.3333333333333333,E20,32.21,189.31,41,2.145578,87.5104,4.9303,0.0,0,24.6979,4.0631,85.285,0.0,True,27.5,4840,6.4373,5.12
google,3000,10,linear,True,False,10.0,0.4,0.3,0.3,0,WOA,random,7,0.3333333333333333,E20,32.21,189.31,41,2.145763,87.5093,4.9221,0.0,0,24.6479,4.0666,84.0,0.0,True,27.5,4840,6.6025,5.03
google,3000,10,linear,True,False,10.0,0.4,0.3,0.3,0,WOA,random,8,0.3333333333333333,E20,32.21,189.31,41,2.149773,87.486,4.7444,0.0,0,24.7979,4.0792,82.239,0.0,True,28.0,4840,6.2376,5.15
google,3000,10,linear,True,False,10.0,0.4,0.3,0.3,0,WOA,random,9,0.3333333333333333,E20,32.21,189.31,41,2.158041,87.4379,4.378,0.0,0,24.8479,4.116,80.239,0.0,True,28.0,4840,6.2494,4.66
google,3000,10,linear,True,False,10.0,0.4,0.3,0.3,0,WOA,random,10,0.3333333333333333,E20,32.21,189.31,41,2.151323,87.477,4.6757,0.0,0,24.7479,4.0938,83.515,0.0,True,27.5,4840,6.2832,4.71
google,3000,10,linear,True,False,10.0,0.4,0.3,0.3,0,WOA,random,11,0.3333333333333333,E20,32.21,189.31,41,2.153232,87.4659,4.5911,0.0,0,24.7479,4.0668,84.172,0.0,True,27.5,4840,6.2804,4.99
google,3000,10,linear,True,False,10.0,0.4,0.3,0.3,0,WOA,random,12,0.3333333333333333,E20,32.21,189.31,41,2.155256,87.4541,4.5015,0.0,0,24.7479,4.0982,83.41,0.0,True,27.5,4840,6.2071,4.8
google,3000,10,linear,True,False,10.0,0.4,0.3,0.3,0,WOA,random,13,0.3333333333333333,E20,32.21,189.31,41,2.146474,87.5052,4.8906,0.0,0,24.8479,4.0859,83.674,0.0,True,27.5,4840,6.4476,5.14
google,3000,10,linear,True,False,10.0,0.4,0.3,0.3,0,WOA,random,14,0.3333333333333333,E20,32.21,189.31,41,2.158358,87.436,4.364,0.0,0,24.7479,4.0639,84.598,0.0,True,27.0,4840,6.5066,4.91
google,3000,10,linear,True,False,10.0,0.4,0.3,0.3,0,WOA,random,15,0.3333333333333333,E20,32.21,189.31,41,2.158916,87.4328,4.3393,0.0,0,24.8479,4.1098,81.168,0.0,True,28.0,4840,6.4208,4.82
google,3000,10,linear,True,False,10.0,0.4,0.3,0.3,0,WOA,random,16,0.3333333333333333,E20,32.21,189.31,41,2.146493,87.5051,4.8897,0.0,0,24.6979,4.0624,83.294,0.0,True,28.0,4840,6.2116,4.89
google,3000,10,linear,True,False,10.0,0.4,0.3,0.3,0,WOA,random,17,0.3333333333333333,E20,32.21,189.31,41,2.15688,87.4446,4.4295,0.0,0,24.8479,4.1078,83.338,0.0,True,27.5,4840,6.2429,4.73
google,3000,10,linear,True,False,10.0,0.4,0.3,0.3,0,WOA,random,18,0.3333333333333333,E20,32.21,189.31,41,2.152349,87.471,4.6302,0.0,0,24.7479,4.0998,83.006,0.0,True,28.0,4840,6.2647,4.96
google,3000,10,linear,True,False,10.0,0.4,0.3,0.3,0,WOA,random,19,0.3333333333333333,E20,32.21,189.31,41,2.138396,87.5522,5.2485,0.0,0,24.7479,4.0919,83.537,0.0,True,28.0,4840,6.2396,4.8
google,3000,10,linear,True,False,10.0,0.4,0.3,0.3,0,WOA,random,20,0.3333333333333333,E20,32.21,189.31,41,2.153722,87.463,4.5694,0.0,0,24.6479,4.0547,84.843,0.0,True,27.0,4840,6.2264,4.62
google,3000,10,linear,True,False,10.0,0.4,0.3,0.3,0,WOA,random,21,0.3333333333333333,E20,32.21,189.31,41,2.139822,87.5439,5.1853,0.0,0,24.6479,4.0658,84.595,0.0,True,27.5,4840,6.4465,4.71
google,3000,10,linear,True,False,10.0,0.4,0.3,0.3,0,WOA,random,22,0.3333333333333333,E20,32.21,189.31,41,2.141104,87.5365,5.1285,0.0,0,24.7979,4.1055,82.857,0.0,True,27.5,4840,6.5263,4.66
google,3000,10,linear,True,False,10.0,0.4,0.3,0.3,0,WOA,random,23,0.3333333333333333,E20,32.21,189.31,41,2.152016,87.4729,4.645,0.0,0,24.6979,4.0839,82.725,0.0,True,28.0,4840,6.316,4.69
google,3000,10,linear,True,False,10.0,0.4,0.3,0.3,0,WOA,random,24,0.3333333333333333,E20,32.21,189.31,41,2.151483,87.476,4.6686,0.0,0,24.7479,4.0798,82.119,0.0,True,28.0,4840,6.1822,4.5
google,3000,10,linear,True,False,10.0,0.4,0.3,0.3,0,WOA,random,25,0.3333333333333333,E20,32.21,189.31,41,2.157129,87.4432,4.4185,0.0,0,24.6979,4.0658,86.019,0.0,True,27.5,4840,6.2419,4.8
google,3000,10,linear,True,False,10.0,0.4,0.3,0.3,0,WOA,random,26,0.3333333333333333,E20,32.21,189.31,41,2.142139,87.5304,5.0827,0.0,0,24.6979,4.0439,85.784,0.0,True,27.5,4840,6.2821,4.89
google,3000,10,linear,True,False,10.0,0.4,0.3,0.3,0,WOA,random,27,0.3333333333333333,E20,32.21,189.31,41,2.159742,87.428,4.3027,0.0,0,24.6979,4.0691,83.521,0.0,True,28.0,4840,6.2306,4.99
google,3000,10,linear,True,False,10.0,0.4,0.3,0.3,0,WOA,random,28,0.3333333333333333,E20,32.21,189.31,41,2.132866,87.5844,5.4935,0.0,0,24.6979,4.1002,83.204,0.0,True,27.5,4840,6.6318,4.64
google,3000,10,linear,True,False,10.0,0.4,0.3,0.3,0,WOA,random,29,0.3333333333333333,E20,32.21,189.31,41,2.152687,87.469,4.6153,0.0,0,24.8479,4.0727,80.93,0.0,True,28.0,4840,6.9499,4.69
google,3000,10,linear,True,False,10.0,0.4,0.3,0.3,0,WOA,random,30,0.3333333333333333,E20,32.21,189.31,41,2.153976,87.4615,4.5581,0.0,0,24.7979,4.0879,82.167,0.0,True,28.5,4840,6.9893,4.89
google,3000,10,linear,True,False,10.0,0.4,0.3,0.3,0,GWO,random,1,0.3333333333333333,E20,32.21,189.31,41,2.152719,87.4689,4.6138,0.0,0,24.6479,4.0713,87.105,0.0,True,26.0,4840,7.2642,4.39
google,3000,10,linear,True,False,10.0,0.4,0.3,0.3,0,GWO,random,2,0.3333333333333333,E20,32.21,189.31,41,2.15751,87.441,4.4016,0.0,0,24.6979,4.0798,86.197,0.0,True,26.5,4840,7.2701,4.39
google,3000,10,linear,True,False,10.0,0.4,0.3,0.3,0,GWO,random,3,0.3333333333333333,E20,32.21,189.31,41,2.162094,87.4143,4.1984,0.0,0,24.6979,4.0588,84.36,0.0,True,27.5,4840,7.3218,4.53
google,3000,10,linear,True,False,10.0,0.4,0.3,0.3,0,GWO,random,4,0.3333333333333333,E20,32.21,189.31,41,2.156015,87.4497,4.4678,0.0,0,24.6479,4.0531,86.947,0.0,True,26.0,4840,7.3904,4.62
google,3000,10,linear,True,False,10.0,0.4,0.3,0.3,0,GWO,random,5,0.3333333333333333,E20,32.21,189.31,41,2.156461,87.4471,4.4481,0.0,0,24.6479,4.0518,85.932,0.0,True,27.0,4840,7.5359,4.46
google,3000,10,linear,True,False,10.0,0.4,0.3,0.3,0,GWO,random,6,0.3333333333333333,E20,32.21,189.31,41,2.162827,87.41,4.166,0.0,0,24.7479,4.0681,85.31,0.0,True,27.5,4840,7.0149,4.25
google,3000,10,linear,True,False,10.0,0.4,0.3,0.3,0,GWO,random,7,0.3333333333333333,E20,32.21,189.31,41,2.159471,87.4296,4.3147,0.0,0,24.6979,4.0894,86.661,0.0,True,26.5,4840,7.1524,4.57
google,3000,10,linear,True,False,10.0,0.4,0.3,0.3,0,GWO,random,8,0.3333333333333333,E20,32.21,189.31,41,2.148601,87.4928,4.7963,0.0,0,24.5979,4.0483,87.488,0.0,True,26.0,4840,7.0272,4.75
google,3000,10,linear,True,False,10.0,0.4,0.3,0.3,0,GWO,random,9,0.3333333333333333,E20,32.21,189.31,41,2.133752,87.5793,5.4543,0.0,0,24.4979,4.0337,89.734,0.0,True,26.0,4840,6.8546,5.03
google,3000,10,linear,True,False,10.0,0.4,0.3,0.3,0,GWO,random,10,0.3333333333333333,E20,32.21,189.31,41,2.15787,87.4389,4.3856,0.0,0,24.6979,4.073,85.976,0.0,True,26.5,4840,6.8439,4.54
google,3000,10,linear,True,False,10.0,0.4,0.3,0.3,0,GWO,random,11,0.3333333333333333,E20,32.21,189.31,41,2.151212,87.4776,4.6806,0.0,0,24.6479,4.0511,87.148,0.0,True,26.5,4840,6.919,4.7
google,3000,10,linear,True,False,10.0,0.4,0.3,0.3,0,GWO,random,12,0.3333333333333333,E20,32.21,189.31,41,2.148899,87.4911,4.7831,0.0,0,24.6979,4.0764,88.789,0.0,True,25.5,4840,6.9751,4.73
google,3000,10,linear,True,False,10.0,0.4,0.3,0.3,0,GWO,random,13,0.3333333333333333,E20,32.21,189.31,41,2.166526,87.3885,4.0021,0.0,0,24.7479,4.0921,82.858,0.0,True,27.5,4840,7.1069,4.36
google,3000,10,linear,True,False,10.0,0.4,0.3,0.3,0,GWO,random,30,0.3333333333333333,E20,32.21,189.31,41,2.159272,87.4307,4.3235,0.0,0,24.6979,4.0582,84.704,0.0,True,27.5,4840,7.2237,4.39
google,3000,10,linear,True,False,10.0,0.4,0.3,0.3,0,PSO,random,1,0.3333333333333333,E20,32.21,189.31,41,2.149898,87.4853,4.7389,0.0,0,24.6979,4.0686,85.732,0.0,True,26.5,4840,6.4826,8.52
google,3000,10,linear,True,False,10.0,0.4,0.3,0.3,0,PSO,random,2,0.3333333333333333,E20,32.21,189.31,41,2.156504,87.4468,4.4462,0.0,0,24.7479,4.0907,84.075,0.0,True,27.0,4840,6.3625,7.95
google,3000,10,linear,True,False,10.0,0.4,0.3,0.3,0,PSO,random,3,0.3333333333333333,E20,32.21,189.31,41,2.151723,87.4746,4.658,0.0,0,24.6479,4.0634,86.069,0.0,True,26.5,4840,6.3813,7.88
google,3000,10,linear,True,False,10.0,0.4,0.3,0.3,0,PSO,random,4,0.3333333333333333,E20,32.21,189.31,41,2.14439,87.5173,4.9829,0.0,0,24.6979,4.0575,85.84,0.0,True,27.0,4840,6.5098,8.11
google,3000,10,linear,True,False,10.0,0.4,0.3,0.3,0,PSO,random,5,0.3333333333333333,E20,32.21,189.31,41,2.151809,87.4741,4.6542,0.0,0,24.7979,4.0927,83.468,0.0,True,27.5,4840,6.4593,8.22
google,3000,10,linear,True,False,10.0,0.4,0.3,0.3,0,PSO,random,6,0.3333333333333333,E20,32.21,189.31,41,2.160669,87.4226,4.2616,0.0,0,24.7479,4.0723,84.437,0.0,True,27.0,4840,6.5712,8.02
google,3000,10,linear,True,False,10.0,0.4,0.3,0.3,0,PSO,random,7,0.3333333333333333,E20,32.21,189.31,41,2.160834,87.4216,4.2543,0.0,0,24.6979,4.0912,84.582,0.0,True,27.0,4840,6.5874,8.32
google,3000,10,linear,True,False,10.0,0.4,0.3,0.3,0,GWO,random,22,0.3333333333333333,E20,32.21,189.31,41,2.147914,87.4968,4.8268,0.0,0,24.6479,4.0695,85.991,0.0,True,26.5,4840,7.2569,4.64
google,3000,10,linear,True,False,10.0,0.4,0.3,0.3,0,GWO,random,23,0.3333333333333333,E20,32.21,189.31,41,2.142246,87.5298,5.0779,0.0,0,24.5979,4.0398,89.168,0.0,True,25.5,4840,7.0595,4.92
google,3000,10,linear,True,False,10.0,0.4,0.3,0.3,0,GWO,random,24,0.3333333333333333,E20,32.21,189.31,41,2.157943,87.4384,4.3824,0.0,0,24.7479,4.0661,85.066,0.0,True,27.5,4840,6.8898,4.37
google,3000,10,linear,True,False,10.0,0.4,0.3,0.3,0,GWO,random,25,0.3333333333333333,E20,32.21,189.31,41,2.156348,87.4477,4.4531,0.0,0,24.6479,4.0709,85.769,0.0,True,27.5,4840,6.8972,4.41
google,3000,10,linear,True,False,10.0,0.4,0.3,0.3,0,GWO,random,26,0.3333333333333333,E20,32.21,189.31,41,2.151557,87.4756,4.6654,0.0,0,24.6479,4.0528,86.871,0.0,True,26.5,4840,6.937,4.48
google,3000,10,linear,True,False,10.0,0.4,0.3,0.3,0,GWO,random,27,0.3333333333333333,E20,32.21,189.31,41,2.156418,87.4473,4.45,0.0,0,24.6979,4.0672,86.223,0.0,True,27.0,4840,7.0284,4.46
google,3000,10,linear,True,False,10.0,0.4,0.3,0.3,0,GWO,random,28,0.3333333333333333,E20,32.21,189.31,41,2.155033,87.4554,4.5113,0.0,0,24.6479,4.0668,87.111,0.0,True,26.5,4840,7.2055,4.39
google,3000,10,linear,True,False,10.0,0.4,0.3,0.3,0,GWO,random,29,0.3333333333333333,E20,32.21,189.31,41,2.158171,87.4371,4.3723,0.0,0,24.6979,4.0904,86.286,0.0,True,26.5,4840,6.9231,4.36
google,3000,10,linear,True,False,10.0,0.4,0.3,0.3,0,GWO,random,14,0.3333333333333333,E20,32.21,189.31,41,2.162663,87.411,4.1732,0.0,0,24.7979,4.0714,84.238,0.0,True,27.0,4840,7.6297,4.39
google,3000,10,linear,True,False,10.0,0.4,0.3,0.3,0,GWO,random,15,0.3333333333333333,E20,32.21,189.31,41,2.160252,87.425,4.2801,0.0,0,24.7479,4.0801,84.654,0.0,True,27.0,4840,7.5388,4.32
google,3000,10,linear,True,False,10.0,0.4,0.3,0.3,0,GWO,random,16,0.3333333333333333,E20,32.21,189.31,41,2.164321,87.4013,4.0998,0.0,0,24.6979,4.0665,86.423,0.0,True,26.5,4840,7.2217,4.39
google,3000,10,linear,True,False,10.0,0.4,0.3,0.3,0,GWO,random,17,0.3333333333333333,E20,32.21,189.31,41,2.154251,87.4599,4.546,0.0,0,24.6479,4.0786,87.37,0.0,True,26.0,4840,7.2208,4.44
google,3000,10,linear,True,False,10.0,0.4,0.3,0.3,0,GWO,random,18,0.3333333333333333,E20,32.21,189.31,41,2.158736,87.4338,4.3473,0.0,0,24.7479,4.0692,86.233,0.0,True,26.5,4840,7.3803,4.46
google,3000,10,linear,True,False,10.0,0.4,0.3,0.3,0,GWO,random,19,0.3333333333333333,E20,32.21,189.31,41,2.14525,87.5123,4.9448,0.0,0,24.6479,4.0531,86.866,0.0,True,26.5,4840,7.4156,4.5
google,3000,10,linear,True,False,10.0,0.4,0.3,0.3,0,GWO,random,20,0.3333333333333333,E20,32.21,189.31,41,2.152919,87.4677,4.605,0.0,0,24.6979,4.0554,85.09,0.0,True,26.5,4840,7.6304,4.46
google,3000,10,linear,True,False,10.0,0.4,0.3,0.3,0,GWO,random,21,0.3333333333333333,E20,32.21,189.31,41,2.154915,87.4561,4.5166,0.0,0,24.6979,4.0569,87.138,0.0,True,26.0,4840,7.2902,4.5
google,3000,10,linear,True,False,10.0,0.4,0.3,0.3,0,PSO,random,8,0.3333333333333333,E20,32.21,189.31,41,2.156318,87.4479,4.4544,0.0,0,24.6979,4.0643,84.219,0.0,True,27.5,4840,6.9589,8.08
google,3000,10,linear,True,False,10.0,0.4,0.3,0.3,0,PSO,random,9,0.3333333333333333,E20,32.21,189.31,41,2.153832,87.4624,4.5646,0.0,0,24.7479,4.0908,84.669,0.0,True,27.5,4840,6.697,8.22
google,3000,10,linear,True,False,10.0,0.4,0.3,0.3,0,PSO,random,10,0.3333333333333333,E20,32.21,189.31,41,2.152186,87.472,4.6375,0.0,0,24.5979,4.0562,85.989,0.0,True,26.5,4840,6.6896,8.18
google,3000,10,linear,True,False,10.0,0.4,0.3,0.3,0,PSO,random,11,0.3333333333333333,E20,32.21,189.31,41,2.148295,87.4946,4.8099,0.0,0,24.5979,4.0749,86.21,0.0,True,27.0,4840,6.7502,8.25
google,3000,10,linear,True,False,10.0,0.4,0.3,0.3,0,PSO,random,12,0.3333333333333333,E20,32.21,189.31,41,2.152933,87.4676,4.6044,0.0,0,24.6979,4.065,84.944,0.0,True,27.5,4840,6.7146,8.06
google,3000,10,linear,True,False,10.0,0.4,0.3,0.3,0,PSO,random,13,0.3333333333333333,E20,32.21,189.31,41,2.148742,87.492,4.7901,0.0,0,24.6979,4.0593,86.145,0.0,True,26.5,4840,6.8942,8.15
google,3000,10,linear,True,False,10.0,0.4,0.3,0.3,0,PSO,random,14,0.3333333333333333,E20,32.21,189.31,41,2.153385,87.465,4.5843,0.0,0,24.6479,4.054,85.5,0.0,True,26.5,4840,7.0484,7.9
google,3000,10,linear,True,False,10.0,0.4,0.3,0.3,0,PSO,random,15,0.3333333333333333,E20,32.21,189.31,41,2.155388,87.4533,4.4956,0.0,0,24.6979,4.0839,85.479,0.0,True,26.5,4840,6.6904,7.95
google,3000,10,linear,True,False,10.0,0.4,0.3,0.3,0,DE,random,2,0.3333333333333333,E20,32.21,189.31,41,2.132449,87.5868,5.512,0.0,0,24.5479,4.0475,88.934,0.0,True,26.0,4840,6.171,4.66
google,3000,10,linear,True,False,10.0,0.4,0.3,0.3,0,DE,random,3,0.3333333333333333,E20,32.21,189.31,41,2.114843,87.6893,6.2921,0.0,0,24.4979,4.0295,87.995,0.0,True,27.5,4840,6.122,5.37
google,3000,10,linear,True,False,10.0,0.4,0.3,0.3,0,DE,random,4,0.3333333333333333,E20,32.21,189.31,41,2.111404,87.7093,6.4445,0.0,0,24.2979,3.9823,89.662,0.0,True,26.5,4840,6.2057,5.76
google,3000,10,linear,True,False,10.0,0.4,0.3,0.3,0,DE,random,5,0.3333333333333333,E20,32.21,189.31,41,2.127289,87.6169,5.7406,0.0,0,24.5479,4.0303,87.576,0.0,True,26.5,4840,6.12,5.21
google,3000,10,linear,True,False,10.0,0.4,0.3,0.3,0,DE,random,6,0.3333333333333333,E20,32.21,189.31,41,2.112006,87.7058,6.4178,0.0,0,24.3479,4.0043,89.238,0.0,True,26.5,4840,6.2573,5.6
google,3000,10,linear,True,False,10.0,0.4,0.3,0.3,0,DE,random,7,0.3333333333333333,E20,32.21,189.31,41,2.127499,87.6157,5.7313,0.0,0,24.5979,4.0511,87.013,0.0,True,26.5,4840,6.4779,5.0
google,3000,10,linear,True,False,10.0,0.4,0.3,0.3,0,DE,random,8,0.3333333333333333,E20,32.21,189.31,41,2.124728,87.6318,5.8541,0.0,0,24.4479,4.0138,87.143,0.0,True,27.0,4840,6.1359,5.32
google,3000,10,linear,True,False,10.0,0.4,0.3,0.3,0,DE,random,9,0.3333333333333333,E20,32.21,189.31,41,2.132141,87.5886,5.5256,0.0,0,24.5979,4.0539,87.274,0.0,True,26.5,4840,6.1814,4.93
google,3000,10,linear,True,False,10.0,0.4,0.3,0.3,0,PSO,random,16,0.3333333333333333,E20,32.21,189.31,41,2.14907,87.4901,4.7755,0.0,0,24.6479,4.0448,85.818,0.0,True,26.5,4840,6.4422,8.19
google,3000,10,linear,True,False,10.0,0.4,0.3,0.3,0,PSO,random,17,0.3333333333333333,E20,32.21,189.31,41,2.148729,87.4921,4.7907,0.0,0,24.6979,4.0668,87.118,0.0,True,26.5,4840,6.3753,8.3
google,3000,10,linear,True,False,10.0,0.4,0.3,0.3,0,PSO,random,18,0.3333333333333333,E20,32.21,189.31,41,2.149084,87.49,4.7749,0.0,0,24.6479,4.0642,85.182,0.0,True,27.0,4840,6.419,8.05
google,3000,10,linear,True,False,10.0,0.4,0.3,0.3,0,PSO,random,19,0.3333333333333333,E20,32.21,189.31,41,2.15019,87.4836,4.7259,0.0,0,24.6979,4.082,85.3,0.0,True,27.0,4840,6.398,8.09
google,3000,10,linear,True,False,10.0,0.4,0.3,0.3,0,PSO,random,20,0.3333333333333333,E20,32.21,189.31,41,2.159704,87.4282,4.3044,0.0,0,24.7479,4.0729,84.315,0.0,True,27.0,4840,6.518,8.12
google,3000,10,linear,True,False,10.0,0.4,0.3,0.3,0,PSO,random,21,0.3333333333333333,E20,32.21,189.31,41,2.155579,87.4522,4.4871,0.0,0,24.6479,4.0621,84.939,0.0,True,27.0,4840,6.7471,8.23
google,3000,10,linear,True,False,10.0,0.4,0.3,0.3,0,PSO,random,22,0.3333333333333333,E20,32.21,189.31,41,2.156697,87.4457,4.4376,0.0,0,24.6979,4.0753,85.609,0.0,True,26.5,4840,6.3939,8.37
google,3000,10,linear,True,False,10.0,0.4,0.3,0.3,0,PSO,random,23,0.3333333333333333,E20,32.21,189.31,41,2.169377,87.3719,3.8758,0.0,0,24.7479,4.0791,83.343,0.0,True,27.5,4840,6.4152,7.77
google,3000,10,linear,True,False,10.0,0.4,0.3,0.3,0,PSO,random,24,0.3333333333333333,E20,32.21,189.31,41,2.162436,87.4123,4.1833,0.0,0,24.6979,4.0743,83.719,0.0,True,27.0,4840,6.3831,7.99
google,3000,10,linear,True,False,10.0,0.4,0.3,0.3,0,PSO,random,25,0.3333333333333333,E20,32.21,189.31,41,2.151505,87.4759,4.6676,0.0,0,24.6479,4.0654,85.936,0.0,True,27.0,4840,6.3776,8.16
google,3000,10,linear,True,False,10.0,0.4,0.3,0.3,0,PSO,random,26,0.3333333333333333,E20,32.21,189.31,41,2.14167,87.5332,5.1034,0.0,0,24.5979,4.0438,87.247,0.0,True,26.5,4840,6.4355,8.32
google,3000,10,linear,True,False,10.0,0.4,0.3,0.3,0,PSO,random,27,0.3333333333333333,E20,32.21,189.31,41,2.157061,87.4436,4.4215,0.0,0,24.7479,4.0584,84.77,0.0,True,26.5,4840,6.3536,8.11
google,3000,10,linear,True,False,10.0,0.4,0.3,0.3,0,PSO,random,28,0.3333333333333333,E20,32.21,189.31,41,2.158519,87.4351,4.3568,0.0,0,24.6979,4.0906,85.375,0.0,True,27.0,4840,6.5685,8.52
google,3000,10,linear,True,False,10.0,0.4,0.3,0.3,0,PSO,random,29,0.3333333333333333,E20,32.21,189.31,41,2.150109,87.484,4.7295,0.0,0,24.6479,4.0541,86.175,0.0,True,26.5,4840,6.7533,8.27
google,3000,10,linear,True,False,10.0,0.4,0.3,0.3,0,PSO,random,30,0.3333333333333333,E20,32.21,189.31,41,2.15784,87.439,4.3869,0.0,0,24.6979,4.0592,84.92,0.0,True,27.0,4840,6.3791,7.97
google,3000,10,linear,True,False,10.0,0.4,0.3,0.3,0,DE,random,1,0.3333333333333333,E20,32.21,189.31,41,2.129451,87.6043,5.6448,0.0,0,24.6479,4.0523,86.611,0.0,True,26.5,4840,6.2289,5.15
google,3000,10,linear,True,False,10.0,0.4,0.3,0.3,0,DE,random,10,0.3333333333333333,E20,32.21,189.31,41,2.140259,87.5414,5.1659,0.0,0,24.5979,4.0685,86.943,0.0,True,27.0,4840,6.2989,4.73
google,3000,10,linear,True,False,10.0,0.4,0.3,0.3,0,DE,random,11,0.3333333333333333,E20,32.21,189.31,41,2.119965,87.6595,6.0652,0.0,0,24.3979,3.9922,88.881,0.0,True,26.5,4840,6.3652,5.21
google,3000,10,linear,True,False,10.0,0.4,0.3,0.3,0,DE,random,12,0.3333333333333333,E20,32.21,189.31,41,2.139607,87.5452,5.1948,0.0,0,24.6479,4.0607,87.486,0.0,True,26.5,4840,6.2916,4.69
google,3000,10,linear,True,False,10.0,0.4,0.3,0.3,0,DE,random,13,0.3333333333333333,E20,32.21,189.31,41,2.133479,87.5809,5.4664,0.0,0,24.5479,4.0282,87.62,0.0,True,26.5,4840,6.131,4.8
google,3000,10,linear,True,False,10.0,0.4,0.3,0.3,0,DE,random,14,0.3333333333333333,E20,32.21,189.31,41,2.128726,87.6085,5.677,0.0,0,24.4979,4.023,88.471,0.0,True,26.5,4840,6.1767,4.98
google,3000,10,linear,True,False,10.0,0.4,0.3,0.3,0,DE,random,15,0.3333333333333333,E20,32.21,189.31,41,2.129555,87.6037,5.6402,0.0,0,24.4479,4.0139,87.992,0.0,True,27.0,4840,6.2707,4.69
google,3000,10,linear,True,False,10.0,0.4,0.3,0.3,0,DE,random,16,0.3333333333333333,E20,32.21,189.31,41,2.118222,87.6697,6.1424,0.0,0,24.4479,4.0042,89.477,0.0,True,26.0,4840,6.1958,5.28
google,3000,10,linear,True,False,10.0,0.4,0.3,0.3,0,DE,random,17,0.3333333333333333,E20,32.21,189.31,41,2.136657,87.5624,5.3256,0.0,0,24.5979,4.043,88.127,0.0,True,26.5,4840,6.0993,4.71
google,3000,10,linear,True,False,10.0,0.4,0.3,0.3,0,DE,random,18,0.3333333333333333,E20,32.21,189.31,41,2.13413,87.5771,5.4375,0.0,0,24.5979,4.0609,87.79,0.0,True,26.0,4840,6.2659,4.89
google,3000,10,linear,True,False,10.0,0.4,0.3,0.3,0,DE,random,19,0.3333333333333333,E20,32.21,189.31,41,2.104481,87.7497,6.7513,0.0,0,24.2979,3.9765,91.515,0.0,True,25.5,4840,6.4592,5.62
google,3000,10,linear,True,False,10.0,0.4,0.3,0.3,0,DE,random,20,0.3333333333333333,E20,32.21,189.31,41,2.127905,87.6133,5.7133,0.0,0,24.4979,4.0479,88.533,0.0,True,26.5,4840,6.1188,5.18
google,3000,10,linear,True,False,10.0,0.4,0.3,0.3,0,DE,random,21,0.3333333333333333,E20,32.21,189.31,41,2.130402,87.5988,5.6027,0.0,0,24.4979,4.0108,87.645,0.0,True,26.5,4840,6.1479,5.12
google,3000,10,linear,True,False,10.0,0.4,0.3,0.3,0,DE,random,22,0.3333333333333333,E20,32.21,189.31,41,2.128162,87.6118,5.702,0.0,0,24.5479,4.0329,88.068,0.0,True,26.5,4840,6.2217,5.09
google,3000,10,linear,True,False,10.0,0.4,0.3,0.3,0,DE,random,23,0.3333333333333333,E20,32.21,189.31,41,2.135472,87.5692,5.3781,0.0,0,24.6479,4.0651,86.621,0.0,True,26.5,4840,6.2511,4.95
google,3000,10,linear,True,False,10.0,0.4,0.3,0.3,0,DE,random,24,0.3333333333333333,E20,32.21,189.31,41,2.140474,87.5401,5.1564,0.0,0,24.6479,4.0552,85.201,0.0,True,27.0,4840,6.06,4.84
google,3000,10,linear,True,False,10.0,0.4,0.3,0.3,0,DE,random,25,0.3333333333333333,E20,32.21,189.31,41,2.11791,87.6715,6.1562,0.0,0,24.4979,4.0179,88.764,0.0,True,26.0,4840,6.0655,5.3
google,3000,10,linear,True,False,10.0,0.4,0.3,0.3,0,DE,random,26,0.3333333333333333,E20,32.21,189.31,41,2.124775,87.6315,5.8521,0.0,0,24.4979,4.0259,89.316,0.0,True,26.0,4840,6.2955,5.08
google,3000,10,linear,True,False,10.0,0.4,0.3,0.3,0,DE,random,27,0.3333333333333333,E20,32.21,189.31,41,2.127425,87.6161,5.7346,0.0,0,24.4479,4.0349,88.56,0.0,True,26.0,4840,6.4617,5.19
google,3000,10,linear,True,False,10.0,0.4,0.3,0.3,0,DE,random,28,0.3333333333333333,E20,32.21,189.31,41,2.118757,87.6665,6.1187,0.0,0,24.4479,4.0124,90.009,0.0,True,25.5,4840,6.1039,5.37
google,3000,10,linear,True,False,10.0,0.4,0.3,0.3,0,DE,random,29,0.3333333333333333,E20,32.21,189.31,41,2.129781,87.6024,5.6302,0.0,0,24.5479,4.0567,87.779,0.0,True,26.5,4840,6.1851,5.01
google,3000,10,linear,True,False,10.0,0.4,0.3,0.3,0,DE,random,30,0.3333333333333333,E20,32.21,189.31,41,2.123043,87.6416,5.9288,0.0,0,24.4979,4.0257,87.408,0.0,True,26.5,4840,6.2182,4.98
google,3000,10,linear,True,False,10.0,0.4,0.3,0.3,0,HHO,random,1,0.3333333333333333,E20,32.21,189.31,41,2.146896,87.5027,4.8719,0.0,0,24.6979,4.0841,83.56,0.0,True,27.5,8922,9.0813,4.56
google,3000,10,linear,True,False,10.0,0.4,0.3,0.3,0,HHO,random,2,0.3333333333333333,E20,32.21,189.31,41,2.143031,87.5253,5.0431,0.0,0,24.6979,4.089,83.252,0.0,True,27.5,8888,8.8527,4.66
google,3000,10,linear,True,False,10.0,0.4,0.3,0.3,0,HHO,random,3,0.3333333333333333,E20,32.21,189.31,41,2.148656,87.4925,4.7939,0.0,0,24.8479,4.0876,80.544,0.0,True,28.5,8928,9.1932,4.78
google,3000,10,linear,True,False,10.0,0.4,0.3,0.3,0,WOA,carbon,8,0.3333333333333333,E20,32.21,189.31,41,2.155379,87.4534,4.496,0.0,0,24.7979,4.0782,81.674,0.0,True,27.5,4840,6.2663,4.92
google,3000,10,linear,True,False,10.0,0.4,0.3,0.3,0,WOA,carbon,9,0.3333333333333333,E20,32.21,189.31,41,2.135847,87.5671,5.3615,0.0,0,24.7479,4.0663,82.855,0.0,True,28.0,4840,6.3509,4.6
google,3000,10,linear,True,False,10.0,0.4,0.3,0.3,0,WOA,carbon,10,0.3333333333333333,E20,32.21,189.31,41,2.138769,87.5501,5.232,0.0,0,24.6979,4.1043,84.297,0.0,True,26.5,4840,6.1505,5.4
google,3000,10,linear,True,False,10.0,0.4,0.3,0.3,0,WOA,carbon,11,0.3333333333333333,E20,32.21,189.31,41,2.151319,87.477,4.6759,0.0,0,24.6479,4.0564,83.829,0.0,True,27.5,4840,6.2004,4.62
google,3000,10,linear,True,False,10.0,0.4,0.3,0.3,0,WOA,carbon,12,0.3333333333333333,E20,32.21,189.31,41,2.0795,87.8951,7.8582,0.0,0,24.5979,4.0256,86.299,0.0,True,26.5,4840,6.335,4.78
google,3000,10,linear,True,False,10.0,0.4,0.3,0.3,0,WOA,carbon,13,0.3333333333333333,E20,32.21,189.31,41,2.15424,87.46,4.5465,0.0,0,24.8479,4.1205,82.009,0.0,True,28.0,4840,6.2706,4.43
google,3000,10,linear,True,False,10.0,0.4,0.3,0.3,0,WOA,carbon,14,0.3333333333333333,E20,32.21,189.31,41,2.130622,87.5975,5.593,0.0,0,24.5979,4.0603,84.837,0.0,True,28.0,4840,6.2015,4.85
google,3000,10,linear,True,False,10.0,0.4,0.3,0.3,0,WOA,carbon,15,0.3333333333333333,E20,32.21,189.31,41,2.160909,87.4212,4.251,0.0,0,24.7979,4.0931,82.097,0.0,True,27.5,4840,6.1964,5.01
google,3000,10,linear,True,False,10.0,0.4,0.3,0.3,0,GA,random,30,0.3333333333333333,E20,32.21,189.31,41,2.112954,87.7003,6.3758,0.0,0,24.4979,4.0325,88.734,0.0,True,26.5,4840,11.1459,7.22
google,3000,10,linear,True,False,10.0,0.4,0.3,0.3,0,WOA,carbon,1,0.3333333333333333,E20,32.21,189.31,41,2.148322,87.4945,4.8087,0.0,0,24.7979,4.1135,81.602,0.0,True,28.0,4840,6.1931,4.75
google,3000,10,linear,True,False,10.0,0.4,0.3,0.3,0,WOA,carbon,2,0.3333333333333333,E20,32.21,189.31,41,2.131457,87.5926,5.556,0.0,0,24.6979,4.0644,84.956,0.0,True,26.5,4840,6.1489,4.68
google,3000,10,linear,True,False,10.0,0.4,0.3,0.3,0,WOA,carbon,3,0.3333333333333333,E20,32.21,189.31,41,2.142468,87.5285,5.0681,0.0,0,24.6979,4.0952,82.647,0.0,True,28.0,4840,6.3422,4.52
google,3000,10,linear,True,False,10.0,0.4,0.3,0.3,0,WOA,carbon,4,0.3333333333333333,E20,32.21,189.31,41,2.132483,87.5866,5.5105,0.0,0,24.6979,4.0672,83.381,0.0,True,27.5,4840,6.2649,4.7
google,3000,10,linear,True,False,10.0,0.4,0.3,0.3,0,WOA,carbon,5,0.3333333333333333,E20,32.21,189.31,41,2.097538,87.7901,7.0589,0.0,0,24.6979,4.0588,83.157,0.0,True,27.0,4840,6.2029,5.09
google,3000,10,linear,True,False,10.0,0.4,0.3,0.3,0,WOA,carbon,6,0.3333333333333333,E20,32.21,189.31,41,2.154318,87.4595,4.543,0.0,0,24.6979,4.0597,83.803,0.0,True,27.5,4840,6.1517,4.86
google,3000,10,linear,True,False,10.0,0.4,0.3,0.3,0,WOA,carbon,7,0.3333333333333333,E20,32.21,189.31,41,2.149717,87.4863,4.7469,0.0,0,24.6479,4.0723,84.75,0.0,True,27.0,4840,6.1558,4.89
google,3000,10,linear,True,False,10.0,0.4,0.3,0.3,0,HHO,random,12,0.3333333333333333,E20,32.21,189.31,41,2.155491,87.4527,4.491,0.0,0,24.5979,4.058,85.721,0.0,True,27.5,9024,9.089,4.51
google,3000,10,linear,True,False,10.0,0.4,0.3,0.3,0,HHO,random,13,0.3333333333333333,E20,32.21,189.31,41,2.132728,87.5852,5.4996,0.0,0,24.6979,4.0856,84.189,0.0,True,27.5,9036,9.0604,5.07
google,3000,10,linear,True,False,10.0,0.4,0.3,0.3,0,HHO,random,14,0.3333333333333333,E20,32.21,189.31,41,2.145371,87.5116,4.9394,0.0,0,24.6979,4.0785,83.849,0.0,True,27.5,8782,9.0582,5.04
google,3000,10,linear,True,False,10.0,0.4,0.3,0.3,0,HHO,random,15,0.3333333333333333,E20,32.21,189.31,41,2.153146,87.4664,4.5949,0.0,0,24.7479,4.0925,82.743,0.0,True,27.5,8838,8.7844,4.81
google,3000,10,linear,True,False,10.0,0.4,0.3,0.3,0,HHO,random,16,0.3333333333333333,E20,32.21,189.31,41,2.144142,87.5188,4.9939,0.0,0,24.6479,4.056,82.444,0.0,True,28.0,8782,9.0212,4.9
google,3000,10,linear,True,False,10.0,0.4,0.3,0.3,0,HHO,random,17,0.3333333333333333,E20,32.21,189.31,41,2.153403,87.4649,4.5836,0.0,0,24.7979,4.0969,83.591,0.0,True,27.5,8838,8.9451,5.09
google,3000,10,linear,True,False,10.0,0.4,0.3,0.3,0,HHO,random,18,0.3333333333333333,E20,32.21,189.31,41,2.152616,87.4695,4.6184,0.0,0,24.7979,4.1349,81.889,0.0,True,28.0,8950,8.9521,4.93
google,3000,10,linear,True,False,10.0,0.4,0.3,0.3,0,HHO,random,19,0.3333333333333333,E20,32.21,189.31,41,2.138375,87.5523,5.2494,0.0,0,24.6979,4.0981,82.518,0.0,True,28.0,8912,8.9496,4.95
google,3000,10,linear,True,False,10.0,0.4,0.3,0.3,0,HHO,random,4,0.3333333333333333,E20,32.21,189.31,41,2.150515,87.4817,4.7115,0.0,0,24.7479,4.0873,81.958,0.0,True,28.0,8840,9.5746,4.75
google,3000,10,linear,True,False,10.0,0.4,0.3,0.3,0,HHO,random,5,0.3333333333333333,E20,32.21,189.31,41,2.139847,87.5438,5.1842,0.0,0,24.6979,4.0695,84.529,0.0,True,28.0,8790,9.3792,4.87
google,3000,10,linear,True,False,10.0,0.4,0.3,0.3,0,HHO,random,6,0.3333333333333333,E20,32.21,189.31,41,2.139192,87.5476,5.2132,0.0,0,24.6979,4.0613,84.649,0.0,True,27.5,8974,9.7545,4.94
google,3000,10,linear,True,False,10.0,0.4,0.3,0.3,0,HHO,random,7,0.3333333333333333,E20,32.21,189.31,41,2.148595,87.4929,4.7966,0.0,0,24.6979,4.0828,84.103,0.0,True,27.5,8856,9.3497,4.98
google,3000,10,linear,True,False,10.0,0.4,0.3,0.3,0,HHO,random,8,0.3333333333333333,E20,32.21,189.31,41,2.141828,87.5323,5.0964,0.0,0,24.7479,4.0867,83.863,0.0,True,27.5,8942,9.7253,5.27
google,3000,10,linear,True,False,10.0,0.4,0.3,0.3,0,HHO,random,9,0.3333333333333333,E20,32.21,189.31,41,2.141567,87.5338,5.108,0.0,0,24.6979,4.0769,84.799,0.0,True,27.5,8856,9.4257,4.98
google,3000,10,linear,True,False,10.0,0.4,0.3,0.3,0,HHO,random,10,0.3333333333333333,E20,32.21,189.31,41,2.14411,87.519,4.9953,0.0,0,24.6479,4.081,85.917,0.0,True,27.0,8842,9.4282,4.92
google,3000,10,linear,True,False,10.0,0.4,0.3,0.3,0,HHO,random,11,0.3333333333333333,E20,32.21,189.31,41,2.159794,87.4277,4.3003,0.0,0,24.7979,4.0805,83.064,0.0,True,27.5,8922,9.5318,4.35
google,3000,10,linear,True,False,10.0,0.4,0.3,0.3,0,HHO,random,20,0.3333333333333333,E20,32.21,189.31,41,2.14613,87.5072,4.9058,0.0,0,24.7979,4.0867,84.259,0.0,True,27.5,8922,9.0562,4.64
google,3000,10,linear,True,False,10.0,0.4,0.3,0.3,0,HHO,random,21,0.3333333333333333,E20,32.21,189.31,41,2.147396,87.4998,4.8497,0.0,0,24.7979,4.0905,81.292,0.0,True,28.0,8854,9.0876,4.8
google,3000,10,linear,True,False,10.0,0.4,0.3,0.3,0,HHO,random,22,0.3333333333333333,E20,32.21,189.31,41,2.142835,87.5264,5.0518,0.0,0,24.7979,4.1117,82.73,0.0,True,28.0,8944,9.0732,4.89
google,3000,10,linear,True,False,10.0,0.4,0.3,0.3,0,HHO,random,23,0.3333333333333333,E20,32.21,189.31,41,2.157462,87.4412,4.4037,0.0,0,24.7479,4.1137,83.509,0.0,True,27.5,8858,8.9143,4.68
google,3000,10,linear,True,False,10.0,0.4,0.3,0.3,0,HHO,random,24,0.3333333333333333,E20,32.21,189.31,41,2.145514,87.5108,4.9331,0.0,0,24.8979,4.1173,82.222,0.0,True,27.5,9002,9.2145,4.71
google,3000,10,linear,True,False,10.0,0.4,0.3,0.3,0,HHO,random,25,0.3333333333333333,E20,32.21,189.31,41,2.15092,87.4793,4.6936,0.0,0,24.7979,4.0966,83.278,0.0,True,28.0,8876,8.9317,5.24
google,3000,10,linear,True,False,10.0,0.4,0.3,0.3,0,HHO,random,26,0.3333333333333333,E20,32.21,189.31,41,2.146449,87.5054,4.8917,0.0,0,24.6979,4.052,85.421,0.0,True,27.5,8918,8.9718,5.2
google,3000,10,linear,True,False,10.0,0.4,0.3,0.3,0,HHO,random,27,0.3333333333333333,E20,32.21,189.31,41,2.143933,87.52,5.0031,0.0,0,24.6979,4.0826,82.848,0.0,True,28.5,8852,8.9065,5.29
google,3000,10,linear,True,False,10.0,0.4,0.3,0.3,0,WOA,carbon,24,0.3333333333333333,E20,32.21,189.31,41,2.140145,87.542,5.171,0.0,0,24.6979,4.0736,84.083,0.0,True,27.5,4840,6.4021,4.86
google,3000,10,linear,True,False,10.0,0.4,0.3,0.3,0,WOA,carbon,25,0.3333333333333333,E20,32.21,189.31,41,2.13542,87.5696,5.3804,0.0,0,24.6979,4.0818,83.147,0.0,True,28.0,4840,6.2357,4.93
google,3000,10,linear,True,False,10.0,0.4,0.3,0.3,0,WOA,carbon,26,0.3333333333333333,E20,32.21,189.31,41,2.128804,87.6081,5.6735,0.0,0,24.5979,4.0511,84.976,0.0,True,27.5,4840,6.1594,5.16
google,3000,10,linear,True,False,10.0,0.4,0.3,0.3,0,WOA,carbon,27,0.3333333333333333,E20,32.21,189.31,41,2.157129,87.4432,4.4185,0.0,0,24.7979,4.1087,82.067,0.0,True,28.0,4840,6.1471,4.75
google,3000,10,linear,True,False,10.0,0.4,0.3,0.3,0,WOA,carbon,28,0.3333333333333333,E20,32.21,189.31,41,2.127187,87.6175,5.7452,0.0,0,24.7979,4.1296,84.129,0.0,True,27.0,4840,6.1465,4.79
google,3000,10,linear,True,False,10.0,0.4,0.3,0.3,0,WOA,carbon,29,0.3333333333333333,E20,32.21,189.31,41,2.168467,87.3772,3.9161,0.0,0,24.7979,4.104,83.304,0.0,True,27.0,4840,6.132,4.79
google,3000,10,linear,True,False,10.0,0.4,0.3,0.3,0,WOA,carbon,30,0.3333333333333333,E20,32.21,189.31,41,2.13323,87.5823,5.4774,0.0,0,24.6479,4.0517,86.551,0.0,True,27.0,4840,6.1556,4.7
google,3000,20,linear,True,False,10.0,0.4,0.3,0.3,0,FIFO,-,0,0.3333333333333333,E20,32.21,189.31,41,17.178947,0.0,-661.1925,0.0,0,191.5479,31.2652,5.333,8.1908,False,24.5,0,0.0,0.0
google,3000,10,linear,True,False,10.0,0.4,0.3,0.3,0,WOA,carbon,16,0.3333333333333333,E20,32.21,189.31,41,2.157295,87.4422,4.4111,0.0,0,24.7979,4.0827,83.781,0.0,True,27.5,4840,6.2637,4.8
google,3000,10,linear,True,False,10.0,0.4,0.3,0.3,0,WOA,carbon,17,0.3333333333333333,E20,32.21,189.31,41,2.141969,87.5314,5.0902,0.0,0,24.7979,4.0697,82.838,0.0,True,27.5,4840,6.3403,4.6
google,3000,10,linear,True,False,10.0,0.4,0.3,0.3,0,WOA,carbon,18,0.3333333333333333,E20,32.21,189.31,41,2.118028,87.6708,6.151,0.0,0,24.7479,4.0936,84.424,0.0,True,27.0,4840,6.2343,4.6
google,3000,10,linear,True,False,10.0,0.4,0.3,0.3,0,WOA,carbon,19,0.3333333333333333,E20,32.21,189.31,41,2.16568,87.3934,4.0395,0.0,0,24.8979,4.1332,81.141,0.0,True,27.5,4840,6.1805,4.85
google,3000,10,linear,True,False,10.0,0.4,0.3,0.3,0,WOA,carbon,20,0.3333333333333333,E20,32.21,189.31,41,2.148016,87.4962,4.8223,0.0,0,24.7979,4.1107,81.687,0.0,True,27.5,4840,6.2006,4.85
google,3000,10,linear,True,False,10.0,0.4,0.3,0.3,0,WOA,carbon,21,0.3333333333333333,E20,32.21,189.31,41,2.151057,87.4785,4.6875,0.0,0,24.7479,4.1049,83.459,0.0,True,27.5,4840,6.1855,4.85
google,3000,10,linear,True,False,10.0,0.4,0.3,0.3,0,WOA,carbon,22,0.3333333333333333,E20,32.21,189.31,41,2.13183,87.5905,5.5395,0.0,0,24.7979,4.0807,82.405,0.0,True,28.0,4840,6.2193,4.99
google,3000,10,linear,True,False,10.0,0.4,0.3,0.3,0,WOA,carbon,23,0.3333333333333333,E20,32.21,189.31,41,2.131619,87.5917,5.5488,0.0,0,24.6979,4.0637,83.475,0.0,True,27.5,4840,6.2094,4.83
google,3000,20,linear,True,False,10.0,0.4,0.3,0.3,0,Consolidation,-,0,0.3333333333333333,E20,32.21,189.31,41,2.256847,86.8627,0.0,0.0,0,24.9479,4.0702,66.586,8.1908,False,24.5,0,0.0,0.0
google,3000,20,linear,True,False,10.0,0.4,0.3,0.3,0,Greedy(EDF+greenest),-,0,0.3333333333333333,E20,32.21,189.31,41,1.821021,89.3997,19.3113,0.0,0,24.3979,3.9041,74.278,24.0994,False,26.0,0,0.0003,0.0
google,3000,20,linear,True,False,10.0,0.4,0.3,0.3,0,WOA,random,1,0.3333333333333333,E20,32.21,189.31,41,2.127457,87.6159,5.7332,0.0,0,24.8479,4.0918,78.164,0.0,True,28.5,4840,6.2155,4.94
google,3000,20,linear,True,False,10.0,0.4,0.3,0.3,0,WOA,random,2,0.3333333333333333,E20,32.21,189.31,41,2.119972,87.6595,6.0649,0.0,0,24.8479,4.1074,79.017,0.0,True,28.5,4840,6.2263,4.6
google,3000,20,linear,True,False,10.0,0.4,0.3,0.3,0,WOA,random,3,0.3333333333333333,E20,32.21,189.31,41,2.135951,87.5665,5.3569,0.0,0,24.8979,4.1212,80.157,0.0,True,28.5,4840,6.2117,4.69
google,3000,20,linear,True,False,10.0,0.4,0.3,0.3,0,WOA,random,4,0.3333333333333333,E20,32.21,189.31,41,2.117139,87.676,6.1904,0.0,0,24.6979,4.07,83.226,0.0,True,28.0,4840,6.1946,4.85
google,3000,20,linear,True,False,10.0,0.4,0.3,0.3,0,WOA,random,5,0.3333333333333333,E20,32.21,189.31,41,2.119686,87.6611,6.0776,0.0,0,24.7479,4.056,81.851,0.0,True,28.0,4840,6.2115,4.73
google,3000,20,linear,True,False,10.0,0.4,0.3,0.3,0,WOA,random,6,0.3333333333333333,E20,32.21,189.31,41,2.135425,87.5695,5.3802,0.0,0,24.9979,4.1345,78.656,0.0,True,28.0,4840,6.2454,4.92
google,3000,10,linear,True,False,10.0,0.4,0.3,0.3,0,HHO,random,28,0.3333333333333333,E20,32.21,189.31,41,2.155994,87.4498,4.4688,0.0,0,24.7979,4.1072,83.043,0.0,True,27.5,8900,9.0312,4.75
google,3000,10,linear,True,False,10.0,0.4,0.3,0.3,0,HHO,random,29,0.3333333333333333,E20,32.21,189.31,41,2.156851,87.4448,4.4308,0.0,0,24.8979,4.1126,81.378,0.0,True,28.0,8998,9.2179,4.75
google,3000,10,linear,True,False,10.0,0.4,0.3,0.3,0,HHO,random,30,0.3333333333333333,E20,32.21,189.31,41,2.144843,87.5147,4.9628,0.0,0,24.7479,4.0917,83.32,0.0,True,28.5,8996,8.9894,4.92
google,3000,10,linear,True,False,10.0,0.4,0.3,0.3,0,GA,random,1,0.3333333333333333,E20,32.21,189.31,41,2.119769,87.6607,6.0739,0.0,0,24.5479,4.0327,87.396,0.0,True,27.0,4840,11.1096,7.23
google,3000,10,linear,True,False,10.0,0.4,0.3,0.3,0,GA,random,2,0.3333333333333333,E20,32.21,189.31,41,2.108788,87.7246,6.5604,0.0,0,24.4979,4.0174,89.11,0.0,True,26.0,4840,10.9042,6.97
google,3000,10,linear,True,False,10.0,0.4,0.3,0.3,0,GA,random,3,0.3333333333333333,E20,32.21,189.31,41,2.11213,87.7051,6.4123,0.0,0,24.4979,4.0172,88.676,0.0,True,27.0,4840,10.8916,7.3
google,3000,10,linear,True,False,10.0,0.4,0.3,0.3,0,GA,random,4,0.3333333333333333,E20,32.21,189.31,41,2.10999,87.7176,6.5072,0.0,0,24.4479,4.0064,89.119,0.0,True,26.0,4840,10.8496,7.3
google,3000,10,linear,True,False,10.0,0.4,0.3,0.3,0,GA,random,5,0.3333333333333333,E20,32.21,189.31,41,2.113898,87.6948,6.334,0.0,0,24.5479,4.0344,87.576,0.0,True,27.0,4840,10.9942,6.99
google,3000,10,linear,True,False,10.0,0.4,0.3,0.3,0,GA,random,22,0.3333333333333333,E20,32.21,189.31,41,2.104392,87.7502,6.7552,0.0,0,24.4479,4.0335,89.416,0.0,True,26.5,4840,11.1263,7.34
google,3000,10,linear,True,False,10.0,0.4,0.3,0.3,0,GA,random,23,0.3333333333333333,E20,32.21,189.31,41,2.118121,87.6702,6.1469,0.0,0,24.4979,4.0145,88.103,0.0,True,26.5,4840,10.8326,7.25
google,3000,10,linear,True,False,10.0,0.4,0.3,0.3,0,GA,random,24,0.3333333333333333,E20,32.21,189.31,41,2.118843,87.666,6.1149,0.0,0,24.4979,4.0037,87.656,0.0,True,26.5,4840,11.1133,7.13
google,3000,10,linear,True,False,10.0,0.4,0.3,0.3,0,GA,random,25,0.3333333333333333,E20,32.21,189.31,41,2.115191,87.6873,6.2767,0.0,0,24.5979,4.0264,88.078,0.0,True,26.0,4840,10.9454,7.29
google,3000,10,linear,True,False,10.0,0.4,0.3,0.3,0,GA,random,26,0.3333333333333333,E20,32.21,189.31,41,2.113469,87.6973,6.353,0.0,0,24.4979,4.0316,88.45,0.0,True,26.0,4840,10.9211,7.36
google,3000,10,linear,True,False,10.0,0.4,0.3,0.3,0,GA,random,27,0.3333333333333333,E20,32.21,189.31,41,2.115149,87.6875,6.2786,0.0,0,24.5479,4.0189,88.591,0.0,True,27.0,4840,10.8995,7.06
google,3000,10,linear,True,False,10.0,0.4,0.3,0.3,0,GA,random,28,0.3333333333333333,E20,32.21,189.31,41,2.118468,87.6682,6.1315,0.0,0,24.4479,4.0118,88.102,0.0,True,27.0,4840,10.9673,6.81
google,3000,10,linear,True,False,10.0,0.4,0.3,0.3,0,GA,random,29,0.3333333333333333,E20,32.21,189.31,41,2.101195,87.7688,6.8969,0.0,0,24.3979,3.9887,90.326,0.0,True,26.0,4840,10.8024,7.22
google,3000,10,linear,True,False,10.0,0.4,0.3,0.3,0,GA,random,6,0.3333333333333333,E20,32.21,189.31,41,2.107152,87.7341,6.6329,0.0,0,24.4479,4.0149,89.488,0.0,True,26.5,4840,11.7881,7.0
google,3000,10,linear,True,False,10.0,0.4,0.3,0.3,0,GA,random,7,0.3333333333333333,E20,32.21,189.31,41,2.118613,87.6674,6.1251,0.0,0,24.5979,4.0397,86.723,0.0,True,26.5,4840,11.8917,7.23
google,3000,10,linear,True,False,10.0,0.4,0.3,0.3,0,GA,random,8,0.3333333333333333,E20,32.21,189.31,41,2.115902,87.6832,6.2452,0.0,0,24.4479,4.001,90.01,0.0,True,27.0,4840,11.7646,7.02
google,3000,10,linear,True,False,10.0,0.4,0.3,0.3,0,GA,random,9,0.3333333333333333,E20,32.21,189.31,41,2.119807,87.6604,6.0722,0.0,0,24.4979,4.0278,88.197,0.0,True,27.0,4840,11.7087,6.97
google,3000,10,linear,True,False,10.0,0.4,0.3,0.3,0,GA,random,10,0.3333333333333333,E20,32.21,189.31,41,2.117916,87.6714,6.156,0.0,0,24.5479,4.0471,87.366,0.0,True,27.0,4840,11.6278,7.21
google,3000,10,linear,True,False,10.0,0.4,0.3,0.3,0,GA,random,11,0.3333333333333333,E20,32.21,189.31,41,2.107011,87.7349,6.6391,0.0,0,24.4479,4.0228,90.241,0.0,True,26.0,4840,11.6778,7.37
google,3000,10,linear,True,False,10.0,0.4,0.3,0.3,0,GA,random,12,0.3333333333333333,E20,32.21,189.31,41,2.111289,87.71,6.4496,0.0,0,24.4979,4.0285,89.333,0.0,True,26.0,4840,11.7535,7.21
google,3000,10,linear,True,False,10.0,0.4,0.3,0.3,0,GA,random,13,0.3333333333333333,E20,32.21,189.31,41,2.109096,87.7228,6.5468,0.0,0,24.3979,4.0069,89.915,0.0,True,26.0,4840,11.4944,7.18
google,3000,10,linear,True,False,10.0,0.4,0.3,0.3,0,GA,random,14,0.3333333333333333,E20,32.21,189.31,41,2.116659,87.6788,6.2117,0.0,0,24.4479,4.02,89.666,0.0,True,27.0,4840,11.838,7.14
google,3000,10,linear,True,False,10.0,0.4,0.3,0.3,0,GA,random,15,0.3333333333333333,E20,32.21,189.31,41,2.114144,87.6934,6.3231,0.0,0,24.5479,4.007,87.458,0.0,True,27.0,4840,11.6238,6.99
google,3000,10,linear,True,False,10.0,0.4,0.3,0.3,0,GA,random,16,0.3333333333333333,E20,32.21,189.31,41,2.120251,87.6579,6.0525,0.0,0,24.5979,4.0518,87.051,0.0,True,26.5,4840,11.7563,7.13
google,3000,10,linear,True,False,10.0,0.4,0.3,0.3,0,GA,random,17,0.3333333333333333,E20,32.21,189.31,41,2.115244,87.687,6.2743,0.0,0,24.5479,4.0072,89.032,0.0,True,26.5,4840,11.7207,7.48
google,3000,10,linear,True,False,10.0,0.4,0.3,0.3,0,GA,random,18,0.3333333333333333,E20,32.21,189.31,41,2.110978,87.7118,6.4634,0.0,0,24.4479,4.0246,90.133,0.0,True,26.0,4840,11.6241,7.13
google,3000,10,linear,True,False,10.0,0.4,0.3,0.3,0,GA,random,19,0.3333333333333333,E20,32.21,189.31,41,2.112719,87.7017,6.3863,0.0,0,24.4979,4.0393,87.893,0.0,True,27.0,4840,11.658,7.06
google,3000,10,linear,True,False,10.0,0.4,0.3,0.3,0,GA,random,20,0.3333333333333333,E20,32.21,189.31,41,2.114117,87.6936,6.3243,0.0,0,24.4979,4.0481,88.97,0.0,True,26.0,4840,11.6675,7.32
google,3000,10,linear,True,False,10.0,0.4,0.3,0.3,0,GA,random,21,0.3333333333333333,E20,32.21,189.31,41,2.126448,87.6218,5.7779,0.0,0,24.5979,4.0228,86.212,0.0,True,27.0,4840,11.4408,7.28
google,3000,20,linear,True,False,10.0,0.4,0.3,0.3,0,WOA,random,7,0.3333333333333333,E20,32.21,189.31,41,2.1182,87.6698,6.1434,0.0,0,24.7479,4.0615,81.928,0.0,True,28.0,4840,6.246,4.53
google,3000,20,linear,True,False,10.0,0.4,0.3,0.3,0,WOA,random,8,0.3333333333333333,E20,32.21,189.31,41,2.124506,87.6331,5.864,0.0,0,24.7479,4.0888,81.34,0.0,True,28.0,4840,6.174,5.26
google,3000,20,linear,True,False,10.0,0.4,0.3,0.3,0,WOA,random,9,0.3333333333333333,E20,32.21,189.31,41,2.128688,87.6087,5.6787,0.0,0,24.8979,4.1108,78.223,0.0,True,28.5,4840,6.2878,4.8
google,3000,20,linear,True,False,10.0,0.4,0.3,0.3,0,WOA,random,10,0.3333333333333333,E20,32.21,189.31,41,2.125828,87.6254,5.8054,0.0,0,24.8479,4.0892,81.39,0.0,True,28.0,4840,6.3253,4.92
google,3000,20,linear,True,False,10.0,0.4,0.3,0.3,0,WOA,random,11,0.3333333333333333,E20,32.21,189.31,41,2.113376,87.6979,6.3571,0.0,0,24.7979,4.0742,80.971,0.0,True,28.0,4840,6.2016,4.78
google,3000,20,linear,True,False,10.0,0.4,0.3,0.3,0,WOA,random,12,0.3333333333333333,E20,32.21,189.31,41,2.121141,87.6527,6.0131,0.0,0,24.7479,4.0753,81.364,0.0,True,28.5,4840,6.1355,4.78
google,3000,20,linear,True,False,10.0,0.4,0.3,0.3,0,WOA,random,13,0.3333333333333333,E20,32.21,189.31,41,2.130515,87.5981,5.5977,0.0,0,24.8479,4.1104,80.524,0.0,True,28.0,4840,6.1761,4.73
google,3000,20,linear,True,False,10.0,0.4,0.3,0.3,0,WOA,random,14,0.3333333333333333,E20,32.21,189.31,41,2.110498,87.7146,6.4847,0.0,0,24.7479,4.0709,82.577,0.0,True,27.5,4840,6.1724,4.92
google,3000,20,linear,True,False,10.0,0.4,0.3,0.3,0,WOA,random,15,0.3333333333333333,E20,32.21,189.31,41,2.128302,87.611,5.6958,0.0,0,24.7979,4.1032,79.027,0.0,True,28.0,4840,6.24,5.09
google,3000,20,linear,True,False,10.0,0.4,0.3,0.3,0,WOA,random,16,0.3333333333333333,E20,32.21,189.31,41,2.123111,87.6412,5.9258,0.0,0,24.8979,4.1108,80.03,0.0,True,28.0,4840,6.2274,4.93
google,3000,20,linear,True,False,10.0,0.4,0.3,0.3,0,WOA,random,17,0.3333333333333333,E20,32.21,189.31,41,2.132474,87.5867,5.5109,0.0,0,24.8979,4.0984,79.389,0.0,True,28.5,4840,6.3172,4.7
google,3000,20,linear,True,False,10.0,0.4,0.3,0.3,0,WOA,random,18,0.3333333333333333,E20,32.21,189.31,41,2.122755,87.6433,5.9415,0.0,0,24.7979,4.1113,81.305,0.0,True,28.0,4840,6.2412,5.15
google,3000,20,linear,True,False,10.0,0.4,0.3,0.3,0,WOA,random,19,0.3333333333333333,E20,32.21,189.31,41,2.130532,87.598,5.597,0.0,0,24.8979,4.1071,79.586,0.0,True,28.0,4840,6.1672,4.89
google,3000,20,linear,True,False,10.0,0.4,0.3,0.3,0,WOA,random,20,0.3333333333333333,E20,32.21,189.31,41,2.115841,87.6835,6.2479,0.0,0,24.7479,4.0746,80.798,0.0,True,28.5,4840,6.2044,4.82
google,3000,20,linear,True,False,10.0,0.4,0.3,0.3,0,WOA,random,21,0.3333333333333333,E20,32.21,189.31,41,2.126533,87.6213,5.7741,0.0,0,24.8979,4.104,80.476,0.0,True,28.0,4840,6.1934,4.61
google,3000,20,linear,True,False,10.0,0.4,0.3,0.3,0,WOA,random,22,0.3333333333333333,E20,32.21,189.31,41,2.116986,87.6769,6.1972,0.0,0,24.7979,4.1066,81.423,0.0,True,28.0,4840,6.1981,4.63
google,3000,20,linear,True,False,10.0,0.4,0.3,0.3,0,WOA,random,23,0.3333333333333333,E20,32.21,189.31,41,2.128989,87.607,5.6653,0.0,0,24.8979,4.1101,80.469,0.0,True,28.0,4840,6.2082,4.8
google,3000,20,linear,True,False,10.0,0.4,0.3,0.3,0,WOA,random,24,0.3333333333333333,E20,32.21,189.31,41,2.127937,87.6131,5.7119,0.0,0,24.8979,4.113,78.843,0.0,True,28.5,4840,6.2381,4.86
google,3000,20,linear,True,False,10.0,0.4,0.3,0.3,0,WOA,random,25,0.3333333333333333,E20,32.21,189.31,41,2.121415,87.6511,6.0009,0.0,0,24.7979,4.0934,81.248,0.0,True,28.0,4840,6.3009,4.73
google,3000,20,linear,True,False,10.0,0.4,0.3,0.3,0,WOA,random,26,0.3333333333333333,E20,32.21,189.31,41,2.125665,87.6263,5.8126,0.0,0,24.8979,4.1113,79.404,0.0,True,28.0,4840,6.1633,4.73
google,3000,20,linear,True,False,10.0,0.4,0.3,0.3,0,WOA,random,27,0.3333333333333333,E20,32.21,189.31,41,2.111933,87.7063,6.4211,0.0,0,24.7479,4.0801,80.965,0.0,True,28.0,4840,6.1754,4.7
google,3000,20,linear,True,False,10.0,0.4,0.3,0.3,0,WOA,random,28,0.3333333333333333,E20,32.21,189.31,41,2.126548,87.6212,5.7735,0.0,0,24.8979,4.0961,79.999,0.0,True,28.5,4840,6.1291,5.09
google,3000,20,linear,True,False,10.0,0.4,0.3,0.3,0,WOA,random,29,0.3333333333333333,E20,32.21,189.31,41,2.12662,87.6208,5.7703,0.0,0,24.8479,4.1182,79.494,0.0,True,28.0,4840,6.1369,4.68
google,3000,20,linear,True,False,10.0,0.4,0.3,0.3,0,WOA,random,30,0.3333333333333333,E20,32.21,189.31,41,2.111154,87.7108,6.4556,0.0,0,24.7479,4.0747,80.221,0.0,True,28.5,4840,6.1196,4.89
google,3000,20,linear,True,False,10.0,0.4,0.3,0.3,0,GWO,random,9,0.3333333333333333,E20,32.21,189.31,41,2.133752,87.5793,5.4543,0.0,0,24.4979,4.0337,89.734,0.0,True,26.0,4840,6.8961,5.01
google,3000,20,linear,True,False,10.0,0.4,0.3,0.3,0,GWO,random,10,0.3333333333333333,E20,32.21,189.31,41,2.15787,87.4389,4.3856,0.0,0,24.6979,4.073,85.976,0.0,True,26.5,4840,6.9263,4.53
google,3000,20,linear,True,False,10.0,0.4,0.3,0.3,0,GWO,random,11,0.3333333333333333,E20,32.21,189.31,41,2.151212,87.4776,4.6806,0.0,0,24.6479,4.0511,87.148,0.0,True,26.5,4840,6.8338,4.7
google,3000,20,linear,True,False,10.0,0.4,0.3,0.3,0,GWO,random,12,0.3333333333333333,E20,32.21,189.31,41,2.148899,87.4911,4.7831,0.0,0,24.6979,4.0764,88.789,0.0,True,25.5,4840,6.7929,4.72
google,3000,20,linear,True,False,10.0,0.4,0.3,0.3,0,GWO,random,13,0.3333333333333333,E20,32.21,189.31,41,2.166526,87.3885,4.0021,0.0,0,24.7479,4.0921,82.858,0.0,True,27.5,4840,6.8078,4.35
google,3000,20,linear,True,False,10.0,0.4,0.3,0.3,0,GWO,random,14,0.3333333333333333,E20,32.21,189.31,41,2.135392,87.5697,5.3816,0.0,0,24.4479,4.0125,87.96,0.0,True,26.5,4840,6.8412,4.95
google,3000,20,linear,True,False,10.0,0.4,0.3,0.3,0,GWO,random,15,0.3333333333333333,E20,32.21,189.31,41,2.160252,87.425,4.2801,0.0,0,24.7479,4.0801,84.654,0.0,True,27.0,4840,6.7895,4.33
google,3000,20,linear,True,False,10.0,0.4,0.3,0.3,0,GWO,random,16,0.3333333333333333,E20,32.21,189.31,41,2.164321,87.4013,4.0998,0.0,0,24.6979,4.0665,86.423,0.0,True,26.5,4840,7.3476,4.4
google,3000,20,linear,True,False,10.0,0.4,0.3,0.3,0,GWO,random,1,0.3333333333333333,E20,32.21,189.31,41,2.152719,87.4689,4.6138,0.0,0,24.6479,4.0713,87.105,0.0,True,26.0,4840,7.2771,4.4
google,3000,20,linear,True,False,10.0,0.4,0.3,0.3,0,GWO,random,2,0.3333333333333333,E20,32.21,189.31,41,2.15751,87.441,4.4016,0.0,0,24.6979,4.0798,86.197,0.0,True,26.5,4840,7.2501,4.4
google,3000,20,linear,True,False,10.0,0.4,0.3,0.3,0,GWO,random,3,0.3333333333333333,E20,32.21,189.31,41,2.162094,87.4143,4.1984,0.0,0,24.6979,4.0588,84.36,0.0,True,27.5,4840,7.1697,4.53
google,3000,20,linear,True,False,10.0,0.4,0.3,0.3,0,GWO,random,4,0.3333333333333333,E20,32.21,189.31,41,2.156015,87.4497,4.4678,0.0,0,24.6479,4.0531,86.947,0.0,True,26.0,4840,7.0995,4.63
google,3000,20,linear,True,False,10.0,0.4,0.3,0.3,0,GWO,random,5,0.3333333333333333,E20,32.21,189.31,41,2.156461,87.4471,4.4481,0.0,0,24.6479,4.0518,85.932,0.0,True,27.0,4840,7.1283,4.47
google,3000,20,linear,True,False,10.0,0.4,0.3,0.3,0,GWO,random,6,0.3333333333333333,E20,32.21,189.31,41,2.162827,87.41,4.166,0.0,0,24.7479,4.0681,85.31,0.0,True,27.5,4840,7.1379,4.24
google,3000,20,linear,True,False,10.0,0.4,0.3,0.3,0,GWO,random,7,0.3333333333333333,E20,32.21,189.31,41,2.159471,87.4296,4.3147,0.0,0,24.6979,4.0894,86.661,0.0,True,26.5,4840,7.1362,4.56
google,3000,20,linear,True,False,10.0,0.4,0.3,0.3,0,GWO,random,8,0.3333333333333333,E20,32.21,189.31,41,2.148601,87.4928,4.7963,0.0,0,24.5979,4.0483,87.488,0.0,True,26.0,4840,7.7516,4.74
google,3000,20,linear,True,False,10.0,0.4,0.3,0.3,0,PSO,random,3,0.3333333333333333,E20,32.21,189.31,41,2.151723,87.4746,4.658,0.0,0,24.6479,4.0634,86.069,0.0,True,26.5,4840,6.3806,7.88
google,3000,20,linear,True,False,10.0,0.4,0.3,0.3,0,PSO,random,4,0.3333333333333333,E20,32.21,189.31,41,2.14439,87.5173,4.9829,0.0,0,24.6979,4.0575,85.84,0.0,True,27.0,4840,6.2817,8.11
google,3000,20,linear,True,False,10.0,0.4,0.3,0.3,0,PSO,random,5,0.3333333333333333,E20,32.21,189.31,41,2.151809,87.4741,4.6542,0.0,0,24.7979,4.0927,83.468,0.0,True,27.5,4840,6.249,8.22
google,3000,20,linear,True,False,10.0,0.4,0.3,0.3,0,PSO,random,6,0.3333333333333333,E20,32.21,189.31,41,2.160669,87.4226,4.2616,0.0,0,24.7479,4.0723,84.437,0.0,True,27.0,4840,6.2504,8.02
google,3000,20,linear,True,False,10.0,0.4,0.3,0.3,0,PSO,random,7,0.3333333333333333,E20,32.21,189.31,41,2.160834,87.4216,4.2543,0.0,0,24.6979,4.0912,84.582,0.0,True,27.0,4840,6.265,8.32
google,3000,20,linear,True,False,10.0,0.4,0.3,0.3,0,PSO,random,8,0.3333333333333333,E20,32.21,189.31,41,2.156318,87.4479,4.4544,0.0,0,24.6979,4.0643,84.219,0.0,True,27.5,4840,6.2441,8.04
google,3000,20,linear,True,False,10.0,0.4,0.3,0.3,0,PSO,random,9,0.3333333333333333,E20,32.21,189.31,41,2.153832,87.4624,4.5646,0.0,0,24.7479,4.0908,84.669,0.0,True,27.5,4840,6.5614,8.22
google,3000,20,linear,True,False,10.0,0.4,0.3,0.3,0,PSO,random,10,0.3333333333333333,E20,32.21,189.31,41,2.159856,87.4273,4.2976,0.0,0,24.6979,4.0811,84.374,0.0,True,27.5,4840,6.7704,7.92
google,3000,20,linear,True,False,10.0,0.4,0.3,0.3,0,GWO,random,17,0.3333333333333333,E20,32.21,189.31,41,2.154454,87.4588,4.537,0.0,0,24.6979,4.0832,86.012,0.0,True,26.5,4840,6.9003,4.5
google,3000,20,linear,True,False,10.0,0.4,0.3,0.3,0,GWO,random,18,0.3333333333333333,E20,32.21,189.31,41,2.158736,87.4338,4.3473,0.0,0,24.7479,4.0692,86.233,0.0,True,26.5,4840,6.824,4.47
google,3000,20,linear,True,False,10.0,0.4,0.3,0.3,0,GWO,random,19,0.3333333333333333,E20,32.21,189.31,41,2.14525,87.5123,4.9448,0.0,0,24.6479,4.0531,86.866,0.0,True,26.5,4840,6.7785,4.52
google,3000,20,linear,True,False,10.0,0.4,0.3,0.3,0,GWO,random,20,0.3333333333333333,E20,32.21,189.31,41,2.152919,87.4677,4.605,0.0,0,24.6979,4.0554,85.09,0.0,True,26.5,4840,6.7917,4.47
google,3000,20,linear,True,False,10.0,0.4,0.3,0.3,0,GWO,random,21,0.3333333333333333,E20,32.21,189.31,41,2.154915,87.4561,4.5166,0.0,0,24.6979,4.0569,87.138,0.0,True,26.0,4840,6.793,4.52
google,3000,20,linear,True,False,10.0,0.4,0.3,0.3,0,GWO,random,22,0.3333333333333333,E20,32.21,189.31,41,2.147914,87.4968,4.8268,0.0,0,24.6479,4.0695,85.991,0.0,True,26.5,4840,6.7855,4.66
google,3000,20,linear,True,False,10.0,0.4,0.3,0.3,0,GWO,random,23,0.3333333333333333,E20,32.21,189.31,41,2.142246,87.5298,5.0779,0.0,0,24.5979,4.0398,89.168,0.0,True,25.5,4840,7.1807,4.93
google,3000,20,linear,True,False,10.0,0.4,0.3,0.3,0,GWO,random,24,0.3333333333333333,E20,32.21,189.31,41,2.157943,87.4384,4.3824,0.0,0,24.7479,4.0661,85.066,0.0,True,27.5,4840,7.2125,4.38
google,3000,20,linear,True,False,10.0,0.4,0.3,0.3,0,GWO,random,25,0.3333333333333333,E20,32.21,189.31,41,2.156348,87.4477,4.4531,0.0,0,24.6479,4.0709,85.769,0.0,True,27.5,4840,6.9288,4.41
google,3000,20,linear,True,False,10.0,0.4,0.3,0.3,0,GWO,random,26,0.3333333333333333,E20,32.21,189.31,41,2.151557,87.4756,4.6654,0.0,0,24.6479,4.0528,86.871,0.0,True,26.5,4840,6.7962,4.48
google,3000,20,linear,True,False,10.0,0.4,0.3,0.3,0,GWO,random,27,0.3333333333333333,E20,32.21,189.31,41,2.139214,87.5475,5.2123,0.0,0,24.5479,4.0419,86.451,0.0,True,27.0,4840,6.7928,4.71
google,3000,20,linear,True,False,10.0,0.4,0.3,0.3,0,GWO,random,28,0.3333333333333333,E20,32.21,189.31,41,2.155033,87.4554,4.5113,0.0,0,24.6479,4.0668,87.111,0.0,True,26.5,4840,6.8064,4.39
google,3000,20,linear,True,False,10.0,0.4,0.3,0.3,0,GWO,random,29,0.3333333333333333,E20,32.21,189.31,41,2.158171,87.4371,4.3723,0.0,0,24.6979,4.0904,86.286,0.0,True,26.5,4840,6.8021,4.34
google,3000,20,linear,True,False,10.0,0.4,0.3,0.3,0,GWO,random,30,0.3333333333333333,E20,32.21,189.31,41,2.159272,87.4307,4.3235,0.0,0,24.6979,4.0582,84.704,0.0,True,27.5,4840,6.8545,4.39
google,3000,20,linear,True,False,10.0,0.4,0.3,0.3,0,PSO,random,1,0.3333333333333333,E20,32.21,189.31,41,2.149898,87.4853,4.7389,0.0,0,24.6979,4.0686,85.732,0.0,True,26.5,4840,6.7454,8.52
google,3000,20,linear,True,False,10.0,0.4,0.3,0.3,0,PSO,random,2,0.3333333333333333,E20,32.21,189.31,41,2.146425,87.5055,4.8928,0.0,0,24.6479,4.0747,85.876,0.0,True,27.0,4840,6.6207,8.11
google,3000,20,linear,True,False,10.0,0.4,0.3,0.3,0,PSO,random,11,0.3333333333333333,E20,32.21,189.31,41,2.148295,87.4946,4.8099,0.0,0,24.5979,4.0749,86.21,0.0,True,27.0,4840,6.3473,8.25
google,3000,20,linear,True,False,10.0,0.4,0.3,0.3,0,PSO,random,12,0.3333333333333333,E20,32.21,189.31,41,2.152933,87.4676,4.6044,0.0,0,24.6979,4.065,84.944,0.0,True,27.5,4840,6.265,8.06
google,3000,20,linear,True,False,10.0,0.4,0.3,0.3,0,PSO,random,13,0.3333333333333333,E20,32.21,189.31,41,2.150887,87.4795,4.695,0.0,0,24.6979,4.0644,85.324,0.0,True,26.5,4840,6.3101,8.25
google,3000,20,linear,True,False,10.0,0.4,0.3,0.3,0,PSO,random,14,0.3333333333333333,E20,32.21,189.31,41,2.153385,87.465,4.5843,0.0,0,24.6479,4.054,85.5,0.0,True,26.5,4840,6.2849,7.9
google,3000,20,linear,True,False,10.0,0.4,0.3,0.3,0,PSO,random,15,0.3333333333333333,E20,32.21,189.31,41,2.155388,87.4533,4.4956,0.0,0,24.6979,4.0839,85.479,0.0,True,26.5,4840,6.294,7.95
google,3000,20,linear,True,False,10.0,0.4,0.3,0.3,0,PSO,random,16,0.3333333333333333,E20,32.21,189.31,41,2.147582,87.4988,4.8415,0.0,0,24.6479,4.0652,85.614,0.0,True,26.5,4840,6.4995,8.25
google,3000,20,linear,True,False,10.0,0.4,0.3,0.3,0,PSO,random,17,0.3333333333333333,E20,32.21,189.31,41,2.148729,87.4921,4.7907,0.0,0,24.6979,4.0668,87.118,0.0,True,26.5,4840,6.729,8.34
google,3000,20,linear,True,False,10.0,0.4,0.3,0.3,0,PSO,random,18,0.3333333333333333,E20,32.21,189.31,41,2.151898,87.4736,4.6502,0.0,0,24.6479,4.0891,86.193,0.0,True,27.0,4840,6.5966,8.2
google,3000,20,linear,True,False,10.0,0.4,0.3,0.3,0,PSO,random,19,0.3333333333333333,E20,32.21,189.31,41,2.149519,87.4875,4.7557,0.0,0,24.6979,4.0639,85.757,0.0,True,27.5,4840,6.288,8.12
google,3000,20,linear,True,False,10.0,0.4,0.3,0.3,0,PSO,random,20,0.3333333333333333,E20,32.21,189.31,41,2.155469,87.4528,4.492,0.0,0,24.6479,4.0459,85.419,0.0,True,27.0,4840,6.275,8.14
google,3000,20,linear,True,False,10.0,0.4,0.3,0.3,0,PSO,random,21,0.3333333333333333,E20,32.21,189.31,41,2.155579,87.4522,4.4871,0.0,0,24.6479,4.0621,84.939,0.0,True,27.0,4840,6.2831,8.23
google,3000,20,linear,True,False,10.0,0.4,0.3,0.3,0,PSO,random,22,0.3333333333333333,E20,32.21,189.31,41,2.156697,87.4457,4.4376,0.0,0,24.6979,4.0753,85.609,0.0,True,26.5,4840,6.3849,8.37
google,3000,20,linear,True,False,10.0,0.4,0.3,0.3,0,PSO,random,23,0.3333333333333333,E20,32.21,189.31,41,2.169377,87.3719,3.8758,0.0,0,24.7479,4.0791,83.343,0.0,True,27.5,4840,6.7549,7.77
google,3000,20,linear,True,False,10.0,0.4,0.3,0.3,0,PSO,random,24,0.3333333333333333,E20,32.21,189.31,41,2.162436,87.4123,4.1833,0.0,0,24.6979,4.0743,83.719,0.0,True,27.0,4840,6.6565,7.96
google,3000,20,linear,True,False,10.0,0.4,0.3,0.3,0,PSO,random,25,0.3333333333333333,E20,32.21,189.31,41,2.151505,87.4759,4.6676,0.0,0,24.6479,4.0654,85.936,0.0,True,27.0,4840,6.4706,8.12
google,3000,20,linear,True,False,10.0,0.4,0.3,0.3,0,PSO,random,26,0.3333333333333333,E20,32.21,189.31,41,2.147474,87.4994,4.8463,0.0,0,24.6979,4.073,86.065,0.0,True,26.5,4840,6.4519,8.21
google,3000,20,linear,True,False,10.0,0.4,0.3,0.3,0,PSO,random,27,0.3333333333333333,E20,32.21,189.31,41,2.157061,87.4436,4.4215,0.0,0,24.7479,4.0584,84.77,0.0,True,26.5,4840,6.6114,8.11
google,3000,20,linear,True,False,10.0,0.4,0.3,0.3,0,PSO,random,28,0.3333333333333333,E20,32.21,189.31,41,2.155477,87.4528,4.4917,0.0,0,24.7979,4.112,85.43,0.0,True,27.0,4840,6.5989,8.73
google,3000,20,linear,True,False,10.0,0.4,0.3,0.3,0,PSO,random,29,0.3333333333333333,E20,32.21,189.31,41,2.156172,87.4488,4.4608,0.0,0,24.5979,4.0395,86.249,0.0,True,26.5,4840,6.6094,8.04
google,3000,20,linear,True,False,10.0,0.4,0.3,0.3,0,PSO,random,30,0.3333333333333333,E20,32.21,189.31,41,2.15784,87.439,4.3869,0.0,0,24.6979,4.0592,84.92,0.0,True,27.0,4840,6.9089,7.97
google,3000,20,linear,True,False,10.0,0.4,0.3,0.3,0,DE,random,1,0.3333333333333333,E20,32.21,189.31,41,2.127764,87.6141,5.7196,0.0,0,24.4479,4.0166,90.478,0.0,True,26.0,4840,6.7918,5.1
google,3000,20,linear,True,False,10.0,0.4,0.3,0.3,0,DE,random,2,0.3333333333333333,E20,32.21,189.31,41,2.132449,87.5868,5.512,0.0,0,24.5479,4.0475,88.934,0.0,True,26.0,4840,6.733,4.64
google,3000,20,linear,True,False,10.0,0.4,0.3,0.3,0,DE,random,3,0.3333333333333333,E20,32.21,189.31,41,2.119343,87.6631,6.0927,0.0,0,24.4479,4.0297,87.808,0.0,True,27.0,4840,6.5391,5.28
google,3000,20,linear,True,False,10.0,0.4,0.3,0.3,0,DE,random,4,0.3333333333333333,E20,32.21,189.31,41,2.124256,87.6345,5.875,0.0,0,24.3979,3.9984,88.656,0.0,True,26.5,4840,6.64,5.14
google,3000,20,linear,True,False,10.0,0.4,0.3,0.3,0,DE,random,5,0.3333333333333333,E20,32.21,189.31,41,2.1315,87.5924,5.554,0.0,0,24.5979,4.05,86.295,0.0,True,27.0,4840,6.4023,4.96
google,3000,20,linear,True,False,10.0,0.4,0.3,0.3,0,DE,random,6,0.3333333333333333,E20,32.21,189.31,41,2.129081,87.6064,5.6612,0.0,0,24.5979,4.0301,87.316,0.0,True,26.5,4840,6.4125,5.1
google,3000,20,linear,True,False,10.0,0.4,0.3,0.3,0,DE,random,7,0.3333333333333333,E20,32.21,189.31,41,2.133206,87.5824,5.4785,0.0,0,24.5979,4.0735,86.797,0.0,True,26.5,4840,6.3672,4.92
google,3000,20,linear,True,False,10.0,0.4,0.3,0.3,0,DE,random,8,0.3333333333333333,E20,32.21,189.31,41,2.124905,87.6308,5.8463,0.0,0,24.4979,4.0144,87.238,0.0,True,27.0,4840,6.753,4.8
google,3000,20,linear,True,False,10.0,0.4,0.3,0.3,0,DE,random,9,0.3333333333333333,E20,32.21,189.31,41,2.128118,87.6121,5.7039,0.0,0,24.4979,4.0487,89.19,0.0,True,26.5,4840,6.9214,4.8
google,3000,20,linear,True,False,10.0,0.4,0.3,0.3,0,DE,random,10,0.3333333333333333,E20,32.21,189.31,41,2.135602,87.5685,5.3723,0.0,0,24.5479,4.0477,86.967,0.0,True,27.0,4840,6.6495,5.35
google,3000,20,linear,True,False,10.0,0.4,0.3,0.3,0,DE,random,11,0.3333333333333333,E20,32.21,189.31,41,2.117242,87.6754,6.1858,0.0,0,24.3979,3.9922,88.928,0.0,True,27.0,4840,6.5705,5.53
google,3000,20,linear,True,False,10.0,0.4,0.3,0.3,0,DE,random,12,0.3333333333333333,E20,32.21,189.31,41,2.139607,87.5452,5.1948,0.0,0,24.6479,4.0607,87.486,0.0,True,26.5,4840,6.678,4.69
google,3000,20,linear,True,False,10.0,0.4,0.3,0.3,0,DE,random,13,0.3333333333333333,E20,32.21,189.31,41,2.133479,87.5809,5.4664,0.0,0,24.5479,4.0282,87.62,0.0,True,26.5,4840,6.0676,4.8
google,3000,20,linear,True,False,10.0,0.4,0.3,0.3,0,DE,random,14,0.3333333333333333,E20,32.21,189.31,41,2.128726,87.6085,5.677,0.0,0,24.4979,4.023,88.471,0.0,True,26.5,4840,6.2061,4.98
google,3000,20,linear,True,False,10.0,0.4,0.3,0.3,0,DE,random,15,0.3333333333333333,E20,32.21,189.31,41,2.115918,87.6831,6.2445,0.0,0,24.2979,3.9856,90.865,0.0,True,26.5,4840,6.4818,5.17
google,3000,20,linear,True,False,10.0,0.4,0.3,0.3,0,DE,random,16,0.3333333333333333,E20,32.21,189.31,41,2.118222,87.6697,6.1424,0.0,0,24.4479,4.0042,89.477,0.0,True,26.0,4840,6.3914,5.28
google,3000,20,linear,True,False,10.0,0.4,0.3,0.3,0,DE,random,17,0.3333333333333333,E20,32.21,189.31,41,2.139398,87.5464,5.2041,0.0,0,24.5979,4.0436,86.702,0.0,True,26.5,4840,6.2219,4.78
google,3000,20,linear,True,False,10.0,0.4,0.3,0.3,0,DE,random,18,0.3333333333333333,E20,32.21,189.31,41,2.119985,87.6594,6.0643,0.0,0,24.3479,4.001,90.361,0.0,True,26.0,4840,6.2111,5.26
google,3000,20,linear,True,False,10.0,0.4,0.3,0.3,0,DE,random,19,0.3333333333333333,E20,32.21,189.31,41,2.104481,87.7497,6.7513,0.0,0,24.2979,3.9765,91.515,0.0,True,25.5,4840,6.292,5.6
google,3000,20,linear,True,False,10.0,0.4,0.3,0.3,0,DE,random,20,0.3333333333333333,E20,32.21,189.31,41,2.127905,87.6133,5.7133,0.0,0,24.4979,4.0479,88.533,0.0,True,26.5,4840,6.3487,5.18
google,3000,20,linear,True,False,10.0,0.4,0.3,0.3,0,DE,random,21,0.3333333333333333,E20,32.21,189.31,41,2.130402,87.5988,5.6027,0.0,0,24.4979,4.0108,87.645,0.0,True,26.5,4840,6.038,5.12
google,3000,20,linear,True,False,10.0,0.4,0.3,0.3,0,DE,random,22,0.3333333333333333,E20,32.21,189.31,41,2.137027,87.5602,5.3092,0.0,0,24.5479,4.034,87.053,0.0,True,26.5,4840,6.4377,4.7
google,3000,20,linear,True,False,10.0,0.4,0.3,0.3,0,DE,random,23,0.3333333333333333,E20,32.21,189.31,41,2.106112,87.7402,6.679,0.0,0,24.2979,3.9943,89.72,0.0,True,26.5,4840,6.4642,5.6
google,3000,20,linear,True,False,10.0,0.4,0.3,0.3,0,DE,random,24,0.3333333333333333,E20,32.21,189.31,41,2.140474,87.5401,5.1564,0.0,0,24.6479,4.0552,85.201,0.0,True,27.0,4840,6.1591,4.84
google,3000,20,linear,True,False,10.0,0.4,0.3,0.3,0,DE,random,25,0.3333333333333333,E20,32.21,189.31,41,2.13091,87.5958,5.5802,0.0,0,24.5479,4.0157,87.31,0.0,True,27.0,4840,6.1969,4.82
google,3000,20,linear,True,False,10.0,0.4,0.3,0.3,0,DE,random,26,0.3333333333333333,E20,32.21,189.31,41,2.124775,87.6315,5.8521,0.0,0,24.4979,4.0259,89.316,0.0,True,26.0,4840,6.2614,5.09
google,3000,20,linear,True,False,10.0,0.4,0.3,0.3,0,DE,random,27,0.3333333333333333,E20,32.21,189.31,41,2.131775,87.5908,5.5419,0.0,0,24.4979,4.0544,88.36,0.0,True,26.5,4840,6.2015,4.86
google,3000,20,linear,True,False,10.0,0.4,0.3,0.3,0,DE,random,28,0.3333333333333333,E20,32.21,189.31,41,2.107638,87.7313,6.6114,0.0,0,24.3979,3.9947,90.695,0.0,True,25.5,4840,6.4687,5.3
google,3000,20,linear,True,False,10.0,0.4,0.3,0.3,0,DE,random,29,0.3333333333333333,E20,32.21,189.31,41,2.107316,87.7331,6.6256,0.0,0,24.2479,3.9883,91.274,0.0,True,26.0,4840,6.2644,5.48
google,3000,20,linear,True,False,10.0,0.4,0.3,0.3,0,DE,random,30,0.3333333333333333,E20,32.21,189.31,41,2.134387,87.5756,5.4261,0.0,0,24.5479,4.0346,88.559,0.0,True,26.0,4840,6.4384,4.91
google,3000,20,linear,True,False,10.0,0.4,0.3,0.3,0,HHO,random,1,0.3333333333333333,E20,32.21,189.31,41,2.124109,87.6354,5.8816,0.0,0,24.7979,4.0945,81.229,0.0,True,28.0,8922,9.1447,4.69
google,3000,20,linear,True,False,10.0,0.4,0.3,0.3,0,HHO,random,2,0.3333333333333333,E20,32.21,189.31,41,2.110053,87.7172,6.5044,0.0,0,24.7979,4.0691,80.643,0.0,True,28.0,8888,9.0587,5.09
google,3000,20,linear,True,False,10.0,0.4,0.3,0.3,0,HHO,random,3,0.3333333333333333,E20,32.21,189.31,41,2.098533,87.7843,7.0148,0.0,0,24.6979,4.0856,80.924,0.0,True,28.5,8928,9.1276,5.09
google,3000,20,linear,True,False,10.0,0.4,0.3,0.3,0,HHO,random,4,0.3333333333333333,E20,32.21,189.31,41,2.127273,87.617,5.7414,0.0,0,24.7479,4.0647,82.548,0.0,True,28.0,8840,9.6948,4.92
google,3000,20,linear,True,False,10.0,0.4,0.3,0.3,0,HHO,random,5,0.3333333333333333,E20,32.21,189.31,41,2.117008,87.6767,6.1962,0.0,0,24.7479,4.0942,81.959,0.0,True,28.0,8790,9.2773,5.02
google,3000,20,linear,True,False,10.0,0.4,0.3,0.3,0,HHO,random,6,0.3333333333333333,E20,32.21,189.31,41,2.103693,87.7542,6.7862,0.0,0,24.6979,4.0847,81.85,0.0,True,28.0,8974,9.9711,4.74
google,3000,20,linear,True,False,10.0,0.4,0.3,0.3,0,WOA,carbon,27,0.3333333333333333,E20,32.21,189.31,41,1.992798,88.3998,11.6999,0.0,0,24.5979,3.9549,83.828,0.0,True,26.5,4840,6.9227,4.93
google,3000,20,linear,True,False,10.0,0.4,0.3,0.3,0,WOA,carbon,28,0.3333333333333333,E20,32.21,189.31,41,2.118176,87.6699,6.1445,0.0,0,24.8479,4.0903,80.144,0.0,True,28.5,4840,6.552,4.68
google,3000,20,linear,True,False,10.0,0.4,0.3,0.3,0,WOA,carbon,29,0.3333333333333333,E20,32.21,189.31,41,2.06416,87.9844,8.5379,0.0,0,24.7479,4.0723,80.316,0.0,True,28.0,4840,6.914,4.86
google,3000,20,linear,True,False,10.0,0.4,0.3,0.3,0,WOA,carbon,30,0.3333333333333333,E20,32.21,189.31,41,2.09717,87.7922,7.0752,0.0,0,24.6479,4.0634,86.769,0.0,True,27.0,4840,6.2171,4.54
google,3000,20,linear,True,False,10.0,0.4,0.3,0.3,0,HHO,random,7,0.3333333333333333,E20,32.21,189.31,41,2.099968,87.7759,6.9513,0.0,0,24.6479,4.0453,82.551,0.0,True,27.5,8856,9.3018,5.28
google,3000,20,linear,True,False,10.0,0.4,0.3,0.3,0,HHO,random,8,0.3333333333333333,E20,32.21,189.31,41,2.105338,87.7447,6.7133,0.0,0,24.6979,4.0657,81.369,0.0,True,28.0,8942,9.1599,5.06
google,3000,20,linear,True,False,10.0,0.4,0.3,0.3,0,HHO,random,9,0.3333333333333333,E20,32.21,189.31,41,2.114728,87.69,6.2972,0.0,0,24.6979,4.0882,81.659,0.0,True,28.0,8856,9.1252,4.99
google,3000,20,linear,True,False,10.0,0.4,0.3,0.3,0,HHO,random,10,0.3333333333333333,E20,32.21,189.31,41,2.115803,87.6837,6.2496,0.0,0,24.7479,4.0561,79.678,0.0,True,28.5,8842,9.4429,5.13
google,3000,20,linear,True,False,10.0,0.4,0.3,0.3,0,HHO,random,11,0.3333333333333333,E20,32.21,189.31,41,2.123197,87.6407,5.922,0.0,0,24.7979,4.0948,80.12,0.0,True,28.5,8922,9.7781,5.01
google,3000,20,linear,True,False,10.0,0.4,0.3,0.3,0,HHO,random,12,0.3333333333333333,E20,32.21,189.31,41,2.101924,87.7645,6.8646,0.0,0,24.5979,4.0625,82.7,0.0,True,28.0,9024,10.0105,5.03
google,3000,20,linear,True,False,10.0,0.4,0.3,0.3,0,HHO,random,13,0.3333333333333333,E20,32.21,189.31,41,2.110424,87.7151,6.4879,0.0,0,24.7479,4.0999,80.032,0.0,True,28.0,9036,9.0572,5.41
google,3000,20,linear,True,False,10.0,0.4,0.3,0.3,0,HHO,random,14,0.3333333333333333,E20,32.21,189.31,41,2.115388,87.6862,6.268,0.0,0,24.7979,4.0913,80.897,0.0,True,28.0,8782,8.2617,4.99
google,3000,20,linear,True,False,10.0,0.4,0.3,0.3,0,WOA,carbon,3,0.3333333333333333,E20,32.21,189.31,41,2.093143,87.8157,7.2537,0.0,0,24.7479,4.1017,80.745,0.0,True,28.0,4840,6.6188,4.78
google,3000,20,linear,True,False,10.0,0.4,0.3,0.3,0,WOA,carbon,4,0.3333333333333333,E20,32.21,189.31,41,2.017917,88.2535,10.5869,0.0,0,24.7979,4.064,77.498,0.0,True,26.5,4840,6.8342,4.98
google,3000,20,linear,True,False,10.0,0.4,0.3,0.3,0,WOA,carbon,5,0.3333333333333333,E20,32.21,189.31,41,2.039432,88.1283,9.6336,0.0,0,24.6979,4.0025,83.029,0.0,True,27.0,4840,7.3584,5.28
google,3000,20,linear,True,False,10.0,0.4,0.3,0.3,0,WOA,carbon,6,0.3333333333333333,E20,32.21,189.31,41,2.014701,88.2723,10.7294,0.0,0,24.9479,4.0197,75.821,0.0,True,28.0,4840,7.185,5.01
google,3000,20,linear,True,False,10.0,0.4,0.3,0.3,0,WOA,carbon,7,0.3333333333333333,E20,32.21,189.31,41,2.070038,87.9501,8.2774,0.0,0,24.6479,4.0541,81.193,0.0,True,27.5,4840,7.0895,4.99
google,3000,20,linear,True,False,10.0,0.4,0.3,0.3,0,WOA,carbon,8,0.3333333333333333,E20,32.21,189.31,41,2.051767,88.0565,9.087,0.0,0,24.5979,4.047,82.546,0.0,True,27.5,4840,6.495,4.87
google,3000,20,linear,True,False,10.0,0.4,0.3,0.3,0,WOA,carbon,9,0.3333333333333333,E20,32.21,189.31,41,2.076653,87.9116,7.9843,0.0,0,24.8979,4.0704,77.633,0.0,True,28.0,4840,6.0566,4.94
google,3000,20,linear,True,False,10.0,0.4,0.3,0.3,0,WOA,carbon,10,0.3333333333333333,E20,32.21,189.31,41,1.926062,88.7882,14.6569,0.0,0,24.5479,3.9345,78.543,0.0,True,26.5,4840,6.0427,4.69
google,3000,20,linear,True,False,10.0,0.4,0.3,0.3,0,WOA,carbon,11,0.3333333333333333,E20,32.21,189.31,41,1.972363,88.5187,12.6053,0.0,0,24.7479,3.9673,77.951,0.0,True,26.5,4840,6.5986,4.92
google,3000,20,linear,True,False,10.0,0.4,0.3,0.3,0,WOA,carbon,12,0.3333333333333333,E20,32.21,189.31,41,1.992836,88.3995,11.6982,0.0,0,24.7979,3.9971,80.012,0.0,True,27.0,4840,7.2797,4.73
google,3000,20,linear,True,False,10.0,0.4,0.3,0.3,0,WOA,carbon,13,0.3333333333333333,E20,32.21,189.31,41,2.07027,87.9488,8.2672,0.0,0,24.6479,4.0665,81.388,0.0,True,28.0,4840,7.0542,4.48
google,3000,20,linear,True,False,10.0,0.4,0.3,0.3,0,WOA,carbon,14,0.3333333333333333,E20,32.21,189.31,41,2.067443,87.9653,8.3924,0.0,0,24.7979,4.0089,80.391,0.0,True,27.0,4840,7.276,5.24
google,3000,20,linear,True,False,10.0,0.4,0.3,0.3,0,WOA,carbon,15,0.3333333333333333,E20,32.21,189.31,41,2.057277,88.0244,8.8429,0.0,0,24.7479,4.0893,80.323,0.0,True,28.0,4840,7.0678,4.99
google,3000,20,linear,True,False,10.0,0.4,0.3,0.3,0,WOA,carbon,16,0.3333333333333333,E20,32.21,189.31,41,2.067224,87.9665,8.4021,0.0,0,24.7979,4.0773,81.68,0.0,True,27.5,4840,6.3356,4.78
google,3000,20,linear,True,False,10.0,0.4,0.3,0.3,0,WOA,carbon,17,0.3333333333333333,E20,32.21,189.31,41,2.072296,87.937,8.1774,0.0,0,24.7479,4.0532,81.905,0.0,True,27.5,4840,6.1112,4.64
google,3000,20,linear,True,False,10.0,0.4,0.3,0.3,0,WOA,carbon,18,0.3333333333333333,E20,32.21,189.31,41,1.983772,88.4523,12.0998,0.0,0,24.7479,4.035,77.382,0.0,True,26.5,4840,5.8659,4.83
google,3000,20,linear,True,False,10.0,0.4,0.3,0.3,0,HHO,random,23,0.3333333333333333,E20,32.21,189.31,41,2.103602,87.7548,6.7902,0.0,0,24.6479,4.0708,82.771,0.0,True,28.0,8858,9.0419,5.6
google,3000,20,linear,True,False,10.0,0.4,0.3,0.3,0,HHO,random,24,0.3333333333333333,E20,32.21,189.31,41,2.11545,87.6858,6.2652,0.0,0,24.7979,4.0963,80.455,0.0,True,28.0,9002,9.2242,4.73
google,3000,20,linear,True,False,10.0,0.4,0.3,0.3,0,HHO,random,25,0.3333333333333333,E20,32.21,189.31,41,2.104601,87.7489,6.7459,0.0,0,24.6479,4.0617,82.165,0.0,True,28.0,8876,9.1044,5.29
google,3000,20,linear,True,False,10.0,0.4,0.3,0.3,0,HHO,random,26,0.3333333333333333,E20,32.21,189.31,41,2.108686,87.7252,6.5649,0.0,0,24.6979,4.0668,82.748,0.0,True,28.0,8918,9.9691,5.2
google,3000,20,linear,True,False,10.0,0.4,0.3,0.3,0,HHO,random,27,0.3333333333333333,E20,32.21,189.31,41,2.105415,87.7442,6.7099,0.0,0,24.6479,4.0736,81.462,0.0,True,28.0,8852,9.7579,4.71
google,3000,20,linear,True,False,10.0,0.4,0.3,0.3,0,HHO,random,28,0.3333333333333333,E20,32.21,189.31,41,2.115051,87.6881,6.2829,0.0,0,24.7479,4.1023,81.538,0.0,True,28.0,8900,9.4008,5.27
google,3000,20,linear,True,False,10.0,0.4,0.3,0.3,0,HHO,random,29,0.3333333333333333,E20,32.21,189.31,41,2.120625,87.6557,6.0359,0.0,0,24.8479,4.0937,79.267,0.0,True,28.5,8998,8.5205,4.85
google,3000,20,linear,True,False,10.0,0.4,0.3,0.3,0,HHO,random,30,0.3333333333333333,E20,32.21,189.31,41,2.11091,87.7122,6.4664,0.0,0,24.7979,4.08,80.509,0.0,True,28.0,8996,8.1875,5.34
google,3000,20,linear,True,False,10.0,0.4,0.3,0.3,0,HHO,random,15,0.3333333333333333,E20,32.21,189.31,41,2.122042,87.6474,5.9731,0.0,0,24.8479,4.0971,79.5,0.0,True,28.0,8838,9.7072,4.93
google,3000,20,linear,True,False,10.0,0.4,0.3,0.3,0,HHO,random,16,0.3333333333333333,E20,32.21,189.31,41,2.118584,87.6676,6.1263,0.0,0,24.8479,4.1106,81.415,0.0,True,28.0,8782,9.5367,5.2
google,3000,20,linear,True,False,10.0,0.4,0.3,0.3,0,HHO,random,17,0.3333333333333333,E20,32.21,189.31,41,2.106443,87.7382,6.6643,0.0,0,24.7479,4.1152,81.421,0.0,True,28.0,8838,9.5573,5.34
google,3000,20,linear,True,False,10.0,0.4,0.3,0.3,0,HHO,random,18,0.3333333333333333,E20,32.21,189.31,41,2.114096,87.6937,6.3252,0.0,0,24.6979,4.1046,82.343,0.0,True,28.0,8950,10.4336,5.38
google,3000,20,linear,True,False,10.0,0.4,0.3,0.3,0,HHO,random,19,0.3333333333333333,E20,32.21,189.31,41,2.10536,87.7445,6.7123,0.0,0,24.7479,4.0759,81.465,0.0,True,28.0,8912,10.4426,4.78
google,3000,20,linear,True,False,10.0,0.4,0.3,0.3,0,HHO,random,20,0.3333333333333333,E20,32.21,189.31,41,2.112648,87.7021,6.3894,0.0,0,24.7979,4.0997,79.899,0.0,True,28.5,8922,10.096,5.29
google,3000,20,linear,True,False,10.0,0.4,0.3,0.3,0,HHO,random,21,0.3333333333333333,E20,32.21,189.31,41,2.108678,87.7252,6.5653,0.0,0,24.7479,4.0756,81.153,0.0,True,28.0,8854,8.8302,5.06
google,3000,20,linear,True,False,10.0,0.4,0.3,0.3,0,HHO,random,22,0.3333333333333333,E20,32.21,189.31,41,2.12536,87.6281,5.8261,0.0,0,24.8479,4.1187,77.716,0.0,True,28.5,8944,8.5226,4.89
google,3000,20,linear,True,False,10.0,0.4,0.3,0.3,0,WOA,carbon,19,0.3333333333333333,E20,32.21,189.31,41,2.109134,87.7226,6.5451,0.0,0,24.6979,4.0545,82.634,0.0,True,28.0,4840,6.8892,5.05
google,3000,20,linear,True,False,10.0,0.4,0.3,0.3,0,WOA,carbon,20,0.3333333333333333,E20,32.21,189.31,41,2.065575,87.9761,8.4752,0.0,0,24.6979,4.0545,82.946,0.0,True,28.0,4840,6.5029,5.1
google,3000,20,linear,True,False,10.0,0.4,0.3,0.3,0,WOA,carbon,21,0.3333333333333333,E20,32.21,189.31,41,2.061898,87.9975,8.6381,0.0,0,24.8979,4.0368,75.627,0.0,True,28.5,4840,6.8611,4.78
google,3000,20,linear,True,False,10.0,0.4,0.3,0.3,0,WOA,carbon,22,0.3333333333333333,E20,32.21,189.31,41,2.063428,87.9886,8.5703,0.0,0,24.6479,4.0537,81.896,0.0,True,28.0,4840,6.5903,5.19
google,3000,20,linear,True,False,10.0,0.4,0.3,0.3,0,WOA,carbon,23,0.3333333333333333,E20,32.21,189.31,41,1.919891,88.8242,14.9304,0.0,0,24.5479,3.9197,77.413,0.0,True,27.0,4840,5.963,4.76
google,3000,20,linear,True,False,10.0,0.4,0.3,0.3,0,WOA,carbon,24,0.3333333333333333,E20,32.21,189.31,41,2.112109,87.7052,6.4133,0.0,0,24.7479,4.098,81.717,0.0,True,28.0,4840,5.7068,5.26
google,3000,20,linear,True,False,10.0,0.4,0.3,0.3,0,WOA,carbon,25,0.3333333333333333,E20,32.21,189.31,41,2.071446,87.9419,8.215,0.0,0,24.7479,4.0804,81.662,0.0,True,27.5,4840,5.6106,4.87
google,3000,20,linear,True,False,10.0,0.4,0.3,0.3,0,WOA,carbon,26,0.3333333333333333,E20,32.21,189.31,41,1.962094,88.5785,13.0604,0.0,0,24.5979,3.9465,78.319,0.0,True,27.0,4840,4.5339,5.24
google,3000,20,linear,True,False,10.0,0.4,0.3,0.3,0,GA,random,1,0.3333333333333333,E20,32.21,189.31,41,2.119769,87.6607,6.0739,0.0,0,24.5479,4.0327,87.396,0.0,True,27.0,4840,11.0128,7.24
google,3000,20,linear,True,False,10.0,0.4,0.3,0.3,0,GA,random,2,0.3333333333333333,E20,32.21,189.31,41,2.112852,87.7009,6.3804,0.0,0,24.4479,4.0117,89.39,0.0,True,26.0,4840,11.1433,7.38
google,3000,20,linear,True,False,10.0,0.4,0.3,0.3,0,GA,random,3,0.3333333333333333,E20,32.21,189.31,41,2.102379,87.7619,6.8444,0.0,0,24.4479,4.0151,90.843,0.0,True,25.5,4840,11.815,7.52
google,3000,20,linear,True,False,10.0,0.4,0.3,0.3,0,GA,random,4,0.3333333333333333,E20,32.21,189.31,41,2.114009,87.6942,6.3291,0.0,0,24.4979,4.0076,89.129,0.0,True,26.0,4840,11.8904,7.38
google,3000,20,linear,True,False,10.0,0.4,0.3,0.3,0,GA,random,5,0.3333333333333333,E20,32.21,189.31,41,2.117261,87.6753,6.185,0.0,0,24.5479,4.0322,87.622,0.0,True,27.0,4840,11.3643,7.15
google,3000,20,linear,True,False,10.0,0.4,0.3,0.3,0,GA,random,6,0.3333333333333333,E20,32.21,189.31,41,2.107787,87.7304,6.6048,0.0,0,24.4479,4.0018,89.961,0.0,True,26.5,4840,10.1037,7.36
google,3000,20,linear,True,False,10.0,0.4,0.3,0.3,0,GA,random,7,0.3333333333333333,E20,32.21,189.31,41,2.113357,87.698,6.358,0.0,0,24.4979,4.0217,87.489,0.0,True,27.0,4840,8.6764,6.99
google,3000,20,linear,True,False,10.0,0.4,0.3,0.3,0,GA,random,8,0.3333333333333333,E20,32.21,189.31,41,2.115902,87.6832,6.2452,0.0,0,24.4479,4.001,90.01,0.0,True,27.0,4840,7.2436,6.91
google,3000,20,linear,True,False,10.0,0.4,0.3,0.3,0,GA,random,9,0.3333333333333333,E20,32.21,189.31,41,2.121797,87.6489,5.984,0.0,0,24.5979,4.037,87.152,0.0,True,27.0,4840,11.1388,7.45
google,3000,20,linear,True,False,10.0,0.4,0.3,0.3,0,GA,random,10,0.3333333333333333,E20,32.21,189.31,41,2.111057,87.7114,6.4599,0.0,0,24.4979,4.0292,88.531,0.0,True,26.5,4840,11.1548,7.32
google,3000,20,linear,True,False,10.0,0.4,0.3,0.3,0,GA,random,11,0.3333333333333333,E20,32.21,189.31,41,2.107011,87.7349,6.6391,0.0,0,24.4479,4.0228,90.241,0.0,True,26.0,4840,11.962,7.37
google,3000,20,linear,True,False,10.0,0.4,0.3,0.3,0,GA,random,12,0.3333333333333333,E20,32.21,189.31,41,2.115583,87.685,6.2593,0.0,0,24.5479,4.0281,89.269,0.0,True,26.0,4840,11.829,7.23
google,3000,20,linear,True,False,10.0,0.4,0.3,0.3,0,GA,random,13,0.3333333333333333,E20,32.21,189.31,41,2.109096,87.7228,6.5468,0.0,0,24.3979,4.0069,89.915,0.0,True,26.0,4840,11.1569,7.18
google,3000,20,linear,True,False,10.0,0.4,0.3,0.3,0,GA,random,14,0.3333333333333333,E20,32.21,189.31,41,2.11231,87.7041,6.4044,0.0,0,24.5479,4.02,87.99,0.0,True,26.5,4840,10.0468,7.19
google,3000,20,linear,True,False,10.0,0.4,0.3,0.3,0,GA,random,15,0.3333333333333333,E20,32.21,189.31,41,2.114144,87.6934,6.3231,0.0,0,24.5479,4.007,87.458,0.0,True,27.0,4840,8.1781,6.99
google,3000,20,linear,True,False,10.0,0.4,0.3,0.3,0,GA,random,16,0.3333333333333333,E20,32.21,189.31,41,2.118039,87.6707,6.1505,0.0,0,24.4979,4.0383,88.395,0.0,True,26.5,4840,7.1966,7.3
google,3000,20,linear,True,False,10.0,0.4,0.3,0.3,0,GA,random,17,0.3333333333333333,E20,32.21,189.31,41,2.115244,87.687,6.2743,0.0,0,24.5479,4.0072,89.032,0.0,True,26.5,4840,11.0973,7.48
google,3000,20,linear,True,False,10.0,0.4,0.3,0.3,0,GA,random,18,0.3333333333333333,E20,32.21,189.31,41,2.119108,87.6645,6.1032,0.0,0,24.4479,3.9991,88.409,0.0,True,26.5,4840,11.1649,6.98
google,3000,20,linear,True,False,10.0,0.4,0.3,0.3,0,GA,random,19,0.3333333333333333,E20,32.21,189.31,41,2.111718,87.7075,6.4306,0.0,0,24.4979,4.0292,89.226,0.0,True,26.5,4840,11.9715,7.09
google,3000,20,linear,True,False,10.0,0.4,0.3,0.3,0,GA,random,20,0.3333333333333333,E20,32.21,189.31,41,2.115173,87.6874,6.2775,0.0,0,24.4979,4.0487,89.475,0.0,True,26.0,4840,11.8338,7.12
google,3000,20,linear,True,False,10.0,0.4,0.3,0.3,0,GA,random,21,0.3333333333333333,E20,32.21,189.31,41,2.111329,87.7098,6.4478,0.0,0,24.5479,4.006,88.291,0.0,True,26.5,4840,11.111,7.5
google,3000,20,linear,True,False,10.0,0.4,0.3,0.3,0,GA,random,22,0.3333333333333333,E20,32.21,189.31,41,2.113044,87.6998,6.3718,0.0,0,24.4979,4.01,89.644,0.0,True,26.5,4840,10.0567,7.34
google,3000,20,linear,True,False,10.0,0.4,0.3,0.3,0,GA,random,23,0.3333333333333333,E20,32.21,189.31,41,2.11787,87.6717,6.158,0.0,0,24.5479,4.0309,86.973,0.0,True,26.5,4840,7.9964,7.24
google,3000,20,linear,True,False,10.0,0.4,0.3,0.3,0,GA,random,24,0.3333333333333333,E20,32.21,189.31,41,2.117974,87.6711,6.1534,0.0,0,24.5479,4.0124,88.009,0.0,True,27.0,4840,7.1711,6.91
google,3000,20,linear,True,False,10.0,0.4,0.3,0.3,0,GA,random,25,0.3333333333333333,E20,32.21,189.31,41,2.115191,87.6873,6.2767,0.0,0,24.5979,4.0264,88.078,0.0,True,26.0,4840,11.153,7.29
google,3000,20,linear,True,False,10.0,0.4,0.3,0.3,0,GA,random,26,0.3333333333333333,E20,32.21,189.31,41,2.113469,87.6973,6.353,0.0,0,24.4979,4.0316,88.45,0.0,True,26.0,4840,12.0051,7.36
google,3000,20,linear,True,False,10.0,0.4,0.3,0.3,0,GA,random,27,0.3333333333333333,E20,32.21,189.31,41,2.105133,87.7459,6.7224,0.0,0,24.4479,4.0139,89.815,0.0,True,26.0,4840,11.9603,7.38
google,3000,20,linear,True,False,10.0,0.4,0.3,0.3,0,GA,random,28,0.3333333333333333,E20,32.21,189.31,41,2.118718,87.6668,6.1204,0.0,0,24.4979,4.0061,89.655,0.0,True,26.0,4840,10.8925,7.06
google,3000,20,linear,True,False,10.0,0.4,0.3,0.3,0,GA,random,29,0.3333333333333333,E20,32.21,189.31,41,2.105433,87.7441,6.7091,0.0,0,24.4479,4.0079,89.523,0.0,True,26.0,4840,10.0346,7.41
google,3000,20,linear,True,False,10.0,0.4,0.3,0.3,0,GA,random,30,0.3333333333333333,E20,32.21,189.31,41,2.109482,87.7205,6.5297,0.0,0,24.4979,4.0264,89.093,0.0,True,26.0,4840,7.7316,7.15
google,3000,20,linear,True,False,10.0,0.4,0.3,0.3,0,WOA,carbon,1,0.3333333333333333,E20,32.21,189.31,41,2.117318,87.6749,6.1825,0.0,0,24.7479,4.0976,80.127,0.0,True,28.0,4840,4.1307,4.59
google,3000,20,linear,True,False,10.0,0.4,0.3,0.3,0,WOA,carbon,2,0.3333333333333333,E20,32.21,189.31,41,2.097129,87.7924,7.077,0.0,0,24.7979,4.056,79.553,0.0,True,28.0,4840,3.8747,4.86
