wl,N,M,power,hard,cap,pen,alpha,beta,gamma,subset,mmin,region,window,method,init,seed,seed_frac,exp,peak_demand,total_load,arrival_slots,carbon_kg,carbon_red_vs_naive_%,carbon_red_vs_consol_%,sla_%,viol_n,energy_kwh,cost_gbp,util_%,overload_%,feasible,makespan_h,nfe,runtime_s,peak_mem_mb
google,1500,10,linear,True,False,10.0,0.4,0.3,0.3,0,0,UK,0,FIFO,-,0,0.3333333333333333,E26,16.49,95.45,39,5.850587,0.0,-615.6355,0.0,0,95.9591,15.66,5.308,8.9738,False,24.5,0,0.0,0.0
google,1500,10,linear,True,False,10.0,0.4,0.3,0.3,0,0,UK,0,Consolidation,-,0,0.3333333333333333,E26,16.49,95.45,39,0.817537,86.0264,0.0,0.0,0,13.3091,2.1675,55.842,8.9738,False,24.5,0,0.0,0.0
google,1500,10,linear,True,False,10.0,0.4,0.3,0.3,0,0,UK,0,Greedy(EDF+greenest),-,0,0.3333333333333333,E26,16.49,95.45,39,0.588143,89.9473,28.0591,0.0,0,12.6091,1.9249,65.886,20.2071,False,28.5,0,0.0016,0.0
google,1500,10,linear,True,False,10.0,0.4,0.3,0.3,0,0,UK,0,VCC(Google),-,0,0.3333333333333333,E26,16.49,95.45,39,0.794838,86.4144,2.7766,0.0,0,13.3091,2.1675,58.749,0.0,True,24.5,0,0.0044,0.0
google,1500,10,linear,True,False,10.0,0.4,0.3,0.3,0,0,UK,0,Threshold(WaitAwhile),-,0,0.3333333333333333,E26,16.49,95.45,39,0.713384,87.8066,12.7399,0.0,0,13.1091,2.1225,57.162,9.0262,False,24.5,0,0.0223,0.0
google,1500,10,linear,True,False,10.0,0.4,0.3,0.3,0,0,UK,0,WOA,random,1,0.3333333333333333,E26,16.49,95.45,39,0.673966,88.4804,17.5614,0.0,0,13.0591,2.149,72.069,0.0,True,28.0,4840,2.7296,2.51
google,1500,10,linear,True,False,10.0,0.4,0.3,0.3,0,0,UK,0,WOA,random,2,0.3333333333333333,E26,16.49,95.45,39,0.673961,88.4804,17.562,0.0,0,13.1091,2.1593,73.421,0.0,True,28.0,4840,2.7634,2.66
google,1500,10,linear,True,False,10.0,0.4,0.3,0.3,0,0,UK,0,WOA,random,3,0.3333333333333333,E26,16.49,95.45,39,0.67822,88.4077,17.0411,0.0,0,13.2091,2.1852,70.564,0.0,True,28.5,4840,2.7437,2.78
google,1500,10,linear,True,False,10.0,0.4,0.3,0.3,0,0,UK,0,WOA,carbon,8,0.3333333333333333,E26,16.49,95.45,39,0.668383,88.5758,18.2443,0.0,0,13.0591,2.1445,73.513,0.0,True,27.5,4840,2.7921,2.42
google,1500,10,linear,True,False,10.0,0.4,0.3,0.3,0,0,UK,0,WOA,carbon,9,0.3333333333333333,E26,16.49,95.45,39,0.660359,88.713,19.2259,0.0,0,13.1591,2.1351,70.034,0.0,True,28.5,4840,2.8052,2.56
google,1500,10,linear,True,False,10.0,0.4,0.3,0.3,0,0,UK,0,WOA,carbon,10,0.3333333333333333,E26,16.49,95.45,39,0.677089,88.427,17.1794,0.0,0,13.2591,2.1807,70.041,0.0,True,28.5,4840,2.7643,2.36
google,1500,20,linear,True,False,10.0,0.4,0.3,0.3,0,0,UK,0,FIFO,-,0,0.3333333333333333,E26,16.49,95.45,39,5.850587,0.0,-615.6355,0.0,0,95.9591,15.66,5.308,0.0,True,24.5,0,0.0,0.0
google,1500,20,linear,True,False,10.0,0.4,0.3,0.3,0,0,UK,0,Consolidation,-,0,0.3333333333333333,E26,16.49,95.45,39,0.817537,86.0264,0.0,0.0,0,13.3091,2.1675,55.842,0.0,True,24.5,0,0.0,0.0
google,1500,20,linear,True,False,10.0,0.4,0.3,0.3,0,0,UK,0,Greedy(EDF+greenest),-,0,0.3333333333333333,E26,16.49,95.45,39,0.588143,89.9473,28.0591,0.0,0,12.6091,1.9249,65.886,0.0,True,28.5,0,0.0001,0.0
google,1500,20,linear,True,False,10.0,0.4,0.3,0.3,0,0,UK,0,VCC(Google),-,0,0.3333333333333333,E26,16.49,95.45,39,0.817537,86.0264,0.0,0.0,0,13.3091,2.1675,55.842,0.0,True,24.5,0,0.003,0.0
google,1500,20,linear,True,False,10.0,0.4,0.3,0.3,0,0,UK,0,Threshold(WaitAwhile),-,0,0.3333333333333333,E26,16.49,95.45,39,0.713384,87.8066,12.7399,0.0,0,13.1091,2.1225,57.162,0.0,True,24.5,0,0.015,0.0
google,1500,20,linear,True,False,10.0,0.4,0.3,0.3,0,0,UK,0,WOA,random,1,0.3333333333333333,E26,16.49,95.45,39,0.661349,88.696,19.1047,0.0,0,13.3091,2.2052,55.929,0.0,True,28.5,4840,2.5865,2.33
google,1500,20,linear,True,False,10.0,0.4,0.3,0.3,0,0,UK,0,WOA,random,2,0.3333333333333333,E26,16.49,95.45,39,0.66047,88.7111,19.2123,0.0,0,13.2091,2.1921,58.899,0.0,True,28.5,4840,2.638,2.54
google,1500,20,linear,True,False,10.0,0.4,0.3,0.3,0,0,UK,0,WOA,random,3,0.3333333333333333,E26,16.49,95.45,39,0.6613,88.6969,19.1107,0.0,0,13.3091,2.2047,56.443,0.0,True,28.5,4840,2.6093,2.48
google,1500,20,linear,True,False,10.0,0.4,0.3,0.3,0,0,UK,0,WOA,random,4,0.3333333333333333,E26,16.49,95.45,39,0.65745,88.7627,19.5817,0.0,0,13.2091,2.181,58.156,0.0,True,28.5,4840,2.5902,2.52
google,1500,20,linear,True,False,10.0,0.4,0.3,0.3,0,0,UK,0,WOA,random,5,0.3333333333333333,E26,16.49,95.45,39,0.661357,88.6959,19.1038,0.0,0,13.3091,2.2052,55.949,0.0,True,28.5,4840,2.6271,2.27
google,1500,20,linear,True,False,10.0,0.4,0.3,0.3,0,0,UK,0,WOA,random,6,0.3333333333333333,E26,16.49,95.45,39,0.661323,88.6965,19.1079,0.0,0,13.3091,2.2052,55.993,0.0,True,28.5,4840,2.6294,2.4
google,1500,20,linear,True,False,10.0,0.4,0.3,0.3,0,0,UK,0,WOA,random,7,0.3333333333333333,E26,16.49,95.45,39,0.659338,88.7304,19.3508,0.0,0,13.2091,2.1869,59.923,0.0,True,28.5,4840,2.6775,2.54
google,1500,20,linear,True,False,10.0,0.4,0.3,0.3,0,0,UK,0,WOA,random,8,0.3333333333333333,E26,16.49,95.45,39,0.659127,88.734,19.3766,0.0,0,13.2591,2.1972,57.321,0.0,True,28.0,4840,2.6666,2.26
google,1500,10,linear,True,False,10.0,0.4,0.3,0.3,0,0,UK,0,PSO,random,8,0.3333333333333333,E26,16.49,95.45,39,0.699631,88.0417,14.4222,0.0,0,12.9591,2.1499,78.416,0.0,True,26.0,4840,2.6842,4.47
google,1500,10,linear,True,False,10.0,0.4,0.3,0.3,0,0,UK,0,PSO,random,9,0.3333333333333333,E26,16.49,95.45,39,0.705687,87.9382,13.6813,0.0,0,12.9591,2.1362,77.837,0.0,True,26.5,4840,2.6756,4.17
google,1500,10,linear,True,False,10.0,0.4,0.3,0.3,0,0,UK,0,PSO,random,10,0.3333333333333333,E26,16.49,95.45,39,0.698092,88.068,14.6103,0.0,0,12.9591,2.143,78.376,0.0,True,26.5,4840,2.6455,4.3
google,1500,10,linear,True,False,10.0,0.4,0.3,0.3,0,0,UK,0,DE,random,1,0.3333333333333333,E26,16.49,95.45,39,0.683873,88.311,16.3496,0.0,0,12.6091,2.0625,84.891,0.0,True,25.5,4840,2.5661,3.16
google,1500,10,linear,True,False,10.0,0.4,0.3,0.3,0,0,UK,0,DE,random,2,0.3333333333333333,E26,16.49,95.45,39,0.675744,88.45,17.344,0.0,0,12.5591,2.0671,84.931,0.0,True,26.5,4840,2.6076,2.82
google,1500,10,linear,True,False,10.0,0.4,0.3,0.3,0,0,UK,0,DE,random,3,0.3333333333333333,E26,16.49,95.45,39,0.674566,88.4701,17.488,0.0,0,12.5591,2.0402,86.831,0.0,True,25.5,4840,2.6193,2.9
google,1500,10,linear,True,False,10.0,0.4,0.3,0.3,0,0,UK,0,DE,random,4,0.3333333333333333,E26,16.49,95.45,39,0.686516,88.2659,16.0263,0.0,0,12.7591,2.0961,83.546,0.0,True,25.5,4840,2.6432,2.69
google,1500,10,linear,True,False,10.0,0.4,0.3,0.3,0,0,UK,0,DE,random,5,0.3333333333333333,E26,16.49,95.45,39,0.682075,88.3418,16.5695,0.0,0,12.7091,2.0708,81.647,0.0,True,26.5,4840,2.6732,2.93
google,1500,10,linear,True,False,10.0,0.4,0.3,0.3,0,0,UK,0,WOA,random,4,0.3333333333333333,E26,16.49,95.45,39,0.673622,88.4863,17.6036,0.0,0,13.0591,2.1632,74.142,0.0,True,28.5,4840,2.6274,2.5
google,1500,10,linear,True,False,10.0,0.4,0.3,0.3,0,0,UK,0,WOA,random,5,0.3333333333333333,E26,16.49,95.45,39,0.676238,88.4415,17.2835,0.0,0,13.1091,2.1604,74.637,0.0,True,27.5,4840,2.6567,2.45
google,1500,10,linear,True,False,10.0,0.4,0.3,0.3,0,0,UK,0,WOA,random,6,0.3333333333333333,E26,16.49,95.45,39,0.66886,88.5676,18.1859,0.0,0,13.0591,2.1467,73.37,0.0,True,28.0,4840,2.5924,2.43
google,1500,10,linear,True,False,10.0,0.4,0.3,0.3,0,0,UK,0,WOA,random,7,0.3333333333333333,E26,16.49,95.45,39,0.67203,88.5135,17.7982,0.0,0,13.0591,2.1524,74.156,0.0,True,28.0,4840,2.5964,2.51
google,1500,10,linear,True,False,10.0,0.4,0.3,0.3,0,0,UK,0,WOA,random,8,0.3333333333333333,E26,16.49,95.45,39,0.673658,88.4856,17.5992,0.0,0,13.1091,2.1604,72.49,0.0,True,28.0,4840,2.6168,2.52
google,1500,10,linear,True,False,10.0,0.4,0.3,0.3,0,0,UK,0,WOA,random,9,0.3333333333333333,E26,16.49,95.45,39,0.671625,88.5204,17.8478,0.0,0,13.0091,2.146,74.969,0.0,True,28.5,4840,2.6632,2.57
google,1500,10,linear,True,False,10.0,0.4,0.3,0.3,0,0,UK,0,WOA,random,10,0.3333333333333333,E26,16.49,95.45,39,0.674739,88.4672,17.4669,0.0,0,13.1091,2.1679,72.961,0.0,True,28.0,4840,2.6548,2.51
google,1500,10,linear,True,False,10.0,0.4,0.3,0.3,0,0,UK,0,GWO,random,1,0.3333333333333333,E26,16.49,95.45,39,0.697631,88.0759,14.6668,0.0,0,12.7591,2.0978,81.927,0.0,True,25.5,4840,3.0783,2.67
google,1500,10,linear,True,False,10.0,0.4,0.3,0.3,0,0,UK,0,GWO,random,10,0.3333333333333333,E26,16.49,95.45,39,0.698342,88.0637,14.5798,0.0,0,12.8591,2.1218,81.291,0.0,True,25.5,4840,2.9992,2.46
google,1500,10,linear,True,False,10.0,0.4,0.3,0.3,0,0,UK,0,PSO,random,1,0.3333333333333333,E26,16.49,95.45,39,0.702434,87.9938,14.0793,0.0,0,12.9591,2.1312,76.932,0.0,True,26.5,4840,2.6822,4.58
google,1500,10,linear,True,False,10.0,0.4,0.3,0.3,0,0,UK,0,PSO,random,2,0.3333333333333333,E26,16.49,95.45,39,0.702398,87.9944,14.0837,0.0,0,13.0091,2.1278,75.933,0.0,True,27.0,4840,2.6814,4.17
google,1500,10,linear,True,False,10.0,0.4,0.3,0.3,0,0,UK,0,PSO,random,3,0.3333333333333333,E26,16.49,95.45,39,0.700752,88.0225,14.2851,0.0,0,13.0091,2.1421,76.483,0.0,True,26.5,4840,2.6743,4.25
google,1500,10,linear,True,False,10.0,0.4,0.3,0.3,0,0,UK,0,PSO,random,4,0.3333333333333333,E26,16.49,95.45,39,0.700829,88.0212,14.2756,0.0,0,12.9591,2.1282,78.433,0.0,True,26.5,4840,2.7103,4.35
google,1500,10,linear,True,False,10.0,0.4,0.3,0.3,0,0,UK,0,PSO,random,5,0.3333333333333333,E26,16.49,95.45,39,0.696532,88.0947,14.8012,0.0,0,12.8591,2.1248,82.048,0.0,True,25.5,4840,2.7183,4.24
google,1500,10,linear,True,False,10.0,0.4,0.3,0.3,0,0,UK,0,PSO,random,6,0.3333333333333333,E26,16.49,95.45,39,0.707491,87.9074,13.4608,0.0,0,13.0091,2.1597,77.362,0.0,True,27.5,4840,2.7462,4.03
google,1500,10,linear,True,False,10.0,0.4,0.3,0.3,0,0,UK,0,PSO,random,7,0.3333333333333333,E26,16.49,95.45,39,0.6935,88.1465,15.1721,0.0,0,12.8591,2.1092,79.948,0.0,True,26.0,4840,2.7683,4.33
google,1500,10,linear,True,False,10.0,0.4,0.3,0.3,0,0,UK,0,GA,random,10,0.3333333333333333,E26,16.49,95.45,39,0.672401,88.5071,17.7529,0.0,0,12.6591,2.0678,82.842,0.0,True,26.5,4840,4.4881,3.93
google,1500,10,linear,True,False,10.0,0.4,0.3,0.3,0,0,UK,0,WOA,carbon,1,0.3333333333333333,E26,16.49,95.45,39,0.675961,88.4463,17.3174,0.0,0,13.1591,2.1674,71.272,0.0,True,28.5,4840,2.6201,2.41
google,1500,10,linear,True,False,10.0,0.4,0.3,0.3,0,0,UK,0,WOA,carbon,2,0.3333333333333333,E26,16.49,95.45,39,0.662487,88.6766,18.9655,0.0,0,12.9591,2.1329,75.501,0.0,True,28.0,4840,2.5967,2.62
google,1500,10,linear,True,False,10.0,0.4,0.3,0.3,0,0,UK,0,WOA,carbon,3,0.3333333333333333,E26,16.49,95.45,39,0.665589,88.6236,18.5861,0.0,0,13.0591,2.124,71.155,0.0,True,28.5,4840,2.6014,2.43
google,1500,10,linear,True,False,10.0,0.4,0.3,0.3,0,0,UK,0,WOA,carbon,4,0.3333333333333333,E26,16.49,95.45,39,0.675589,88.4526,17.3629,0.0,0,13.1591,2.1668,71.337,0.0,True,28.0,4840,2.6314,2.44
google,1500,10,linear,True,False,10.0,0.4,0.3,0.3,0,0,UK,0,WOA,carbon,5,0.3333333333333333,E26,16.49,95.45,39,0.656931,88.7715,19.6451,0.0,0,12.9091,2.1164,78.212,0.0,True,27.5,4840,2.6573,2.42
google,1500,10,linear,True,False,10.0,0.4,0.3,0.3,0,0,UK,0,WOA,carbon,6,0.3333333333333333,E26,16.49,95.45,39,0.661188,88.6988,19.1244,0.0,0,13.1591,2.1516,70.348,0.0,True,28.5,4840,2.6745,2.43
google,1500,10,linear,True,False,10.0,0.4,0.3,0.3,0,0,UK,0,WOA,carbon,7,0.3333333333333333,E26,16.49,95.45,39,0.654563,88.812,19.9348,0.0,0,12.9591,2.1278,74.733,0.0,True,28.0,4840,2.7445,2.5
google,1500,20,linear,True,False,10.0,0.4,0.3,0.3,0,0,UK,0,WOA,random,9,0.3333333333333333,E26,16.49,95.45,39,0.661357,88.6959,19.1038,0.0,0,13.3091,2.2052,55.842,0.0,True,28.5,4840,2.6224,2.3
google,1500,20,linear,True,False,10.0,0.4,0.3,0.3,0,0,UK,0,WOA,random,10,0.3333333333333333,E26,16.49,95.45,39,0.658637,88.7424,19.4365,0.0,0,13.2591,2.188,56.726,0.0,True,28.5,4840,2.6071,2.57
google,1500,20,linear,True,False,10.0,0.4,0.3,0.3,0,0,UK,0,GWO,random,1,0.3333333333333333,E26,16.49,95.45,39,0.697631,88.0759,14.6668,0.0,0,12.7591,2.0978,81.927,0.0,True,25.5,4840,3.0032,2.67
google,1500,20,linear,True,False,10.0,0.4,0.3,0.3,0,0,UK,0,GWO,random,2,0.3333333333333333,E26,16.49,95.45,39,0.693115,88.1531,15.2192,0.0,0,12.7591,2.0886,81.468,0.0,True,25.5,4840,2.9776,2.82
google,1500,20,linear,True,False,10.0,0.4,0.3,0.3,0,0,UK,0,GWO,random,3,0.3333333333333333,E26,16.49,95.45,39,0.697275,88.082,14.7103,0.0,0,12.8591,2.0974,81.343,0.0,True,25.5,4840,3.0169,2.56
google,1500,20,linear,True,False,10.0,0.4,0.3,0.3,0,0,UK,0,GWO,random,4,0.3333333333333333,E26,16.49,95.45,39,0.694622,88.1273,15.0349,0.0,0,12.8591,2.1121,80.906,0.0,True,27.5,4840,3.0434,2.53
google,1500,20,linear,True,False,10.0,0.4,0.3,0.3,0,0,UK,0,GWO,random,5,0.3333333333333333,E26,16.49,95.45,39,0.691881,88.1742,15.3701,0.0,0,12.7091,2.0856,82.11,0.0,True,26.0,4840,3.0636,2.66
google,1500,20,linear,True,False,10.0,0.4,0.3,0.3,0,0,UK,0,GWO,random,6,0.3333333333333333,E26,16.49,95.45,39,0.689932,88.2075,15.6085,0.0,0,12.6591,2.086,83.181,0.0,True,25.5,4840,3.1593,2.82
google,1500,10,linear,True,False,10.0,0.4,0.3,0.3,0,0,UK,0,GWO,random,2,0.3333333333333333,E26,16.49,95.45,39,0.693115,88.1531,15.2192,0.0,0,12.7591,2.0886,81.468,0.0,True,25.5,4840,3.01,2.84
google,1500,10,linear,True,False,10.0,0.4,0.3,0.3,0,0,UK,0,GWO,random,3,0.3333333333333333,E26,16.49,95.45,39,0.697275,88.082,14.7103,0.0,0,12.8591,2.0974,81.343,0.0,True,25.5,4840,2.9736,2.56
google,1500,10,linear,True,False,10.0,0.4,0.3,0.3,0,0,UK,0,GWO,random,4,0.3333333333333333,E26,16.49,95.45,39,0.694622,88.1273,15.0349,0.0,0,12.8591,2.1121,80.906,0.0,True,27.5,4840,2.9898,2.53
google,1500,10,linear,True,False,10.0,0.4,0.3,0.3,0,0,UK,0,GWO,random,5,0.3333333333333333,E26,16.49,95.45,39,0.691881,88.1742,15.3701,0.0,0,12.7091,2.0856,82.11,0.0,True,26.0,4840,2.9845,2.66
google,1500,10,linear,True,False,10.0,0.4,0.3,0.3,0,0,UK,0,GWO,random,6,0.3333333333333333,E26,16.49,95.45,39,0.689932,88.2075,15.6085,0.0,0,12.6591,2.086,83.181,0.0,True,25.5,4840,3.0213,2.82
google,1500,10,linear,True,False,10.0,0.4,0.3,0.3,0,0,UK,0,GWO,random,7,0.3333333333333333,E26,16.49,95.45,39,0.706117,87.9308,13.6288,0.0,0,12.9591,2.1284,78.963,0.0,True,27.0,4840,3.0487,2.3
google,1500,10,linear,True,False,10.0,0.4,0.3,0.3,0,0,UK,0,GWO,random,8,0.3333333333333333,E26,16.49,95.45,39,0.70457,87.9573,13.818,0.0,0,12.8591,2.1008,80.238,0.0,True,26.5,4840,3.0851,2.44
google,1500,10,linear,True,False,10.0,0.4,0.3,0.3,0,0,UK,0,GWO,random,9,0.3333333333333333,E26,16.49,95.45,39,0.694955,88.1216,14.9941,0.0,0,12.7091,2.1119,82.314,0.0,True,26.0,4840,3.1557,2.64
google,1500,10,linear,True,False,10.0,0.4,0.3,0.3,0,0,UK,0,DE,random,6,0.3333333333333333,E26,16.49,95.45,39,0.689953,88.2071,15.6059,0.0,0,12.8091,2.116,79.168,0.0,True,27.5,4840,2.5675,2.71
google,1500,10,linear,True,False,10.0,0.4,0.3,0.3,0,0,UK,0,DE,random,7,0.3333333333333333,E26,16.49,95.45,39,0.689604,88.2131,15.6486,0.0,0,12.8591,2.0922,80.926,0.0,True,26.5,4840,2.582,2.62
google,1500,10,linear,True,False,10.0,0.4,0.3,0.3,0,0,UK,0,DE,random,8,0.3333333333333333,E26,16.49,95.45,39,0.68901,88.2232,15.7213,0.0,0,12.8591,2.0989,80.753,0.0,True,26.0,4840,2.6004,2.62
google,1500,10,linear,True,False,10.0,0.4,0.3,0.3,0,0,UK,0,DE,random,9,0.3333333333333333,E26,16.49,95.45,39,0.675954,88.4464,17.3183,0.0,0,12.5591,2.0539,85.888,0.0,True,25.5,4840,2.57,2.92
google,1500,10,linear,True,False,10.0,0.4,0.3,0.3,0,0,UK,0,DE,random,10,0.3333333333333333,E26,16.49,95.45,39,0.67219,88.5107,17.7787,0.0,0,12.5091,2.0453,87.769,0.0,True,25.0,4840,2.6084,2.96
google,1500,10,linear,True,False,10.0,0.4,0.3,0.3,0,0,UK,0,HHO,random,1,0.3333333333333333,E26,16.49,95.45,39,0.667203,88.596,18.3887,0.0,0,13.0091,2.1482,74.001,0.0,True,27.5,8910,4.0126,2.51
google,1500,10,linear,True,False,10.0,0.4,0.3,0.3,0,0,UK,0,HHO,random,2,0.3333333333333333,E26,16.49,95.45,39,0.660311,88.7138,19.2317,0.0,0,12.8591,2.119,78.365,0.0,True,27.5,8780,3.9805,2.62
google,1500,10,linear,True,False,10.0,0.4,0.3,0.3,0,0,UK,0,HHO,random,3,0.3333333333333333,E26,16.49,95.45,39,0.663163,88.665,18.8828,0.0,0,12.9591,2.1443,74.018,0.0,True,28.0,8894,4.1606,2.81
google,1500,20,linear,True,False,10.0,0.4,0.3,0.3,0,0,UK,0,PSO,random,5,0.3333333333333333,E26,16.49,95.45,39,0.696532,88.0947,14.8012,0.0,0,12.8591,2.1248,82.048,0.0,True,25.5,4840,2.8677,4.27
google,1500,20,linear,True,False,10.0,0.4,0.3,0.3,0,0,UK,0,PSO,random,6,0.3333333333333333,E26,16.49,95.45,39,0.707491,87.9074,13.4608,0.0,0,13.0091,2.1597,77.362,0.0,True,27.5,4840,2.8807,4.03
google,1500,20,linear,True,False,10.0,0.4,0.3,0.3,0,0,UK,0,PSO,random,7,0.3333333333333333,E26,16.49,95.45,39,0.6935,88.1465,15.1721,0.0,0,12.8591,2.1092,79.948,0.0,True,26.0,4840,2.9061,4.34
google,1500,20,linear,True,False,10.0,0.4,0.3,0.3,0,0,UK,0,PSO,random,8,0.3333333333333333,E26,16.49,95.45,39,0.699631,88.0417,14.4222,0.0,0,12.9591,2.1499,78.416,0.0,True,26.0,4840,2.9236,4.4
google,1500,20,linear,True,False,10.0,0.4,0.3,0.3,0,0,UK,0,PSO,random,9,0.3333333333333333,E26,16.49,95.45,39,0.705687,87.9382,13.6813,0.0,0,12.9591,2.1362,77.837,0.0,True,26.5,4840,2.9707,4.21
google,1500,20,linear,True,False,10.0,0.4,0.3,0.3,0,0,UK,0,PSO,random,10,0.3333333333333333,E26,16.49,95.45,39,0.698092,88.068,14.6103,0.0,0,12.9591,2.143,78.376,0.0,True,26.5,4840,3.0728,4.33
google,1500,20,linear,True,False,10.0,0.4,0.3,0.3,0,0,UK,0,DE,random,1,0.3333333333333333,E26,16.49,95.45,39,0.683873,88.311,16.3496,0.0,0,12.6091,2.0625,84.891,0.0,True,25.5,4840,2.9818,3.15
google,1500,20,linear,True,False,10.0,0.4,0.3,0.3,0,0,UK,0,DE,random,2,0.3333333333333333,E26,16.49,95.45,39,0.675744,88.45,17.344,0.0,0,12.5591,2.0671,84.931,0.0,True,26.5,4840,3.0412,2.8
google,1500,20,linear,True,False,10.0,0.4,0.3,0.3,0,0,UK,0,GWO,random,7,0.3333333333333333,E26,16.49,95.45,39,0.706117,87.9308,13.6288,0.0,0,12.9591,2.1284,78.963,0.0,True,27.0,4840,3.1376,2.31
google,1500,20,linear,True,False,10.0,0.4,0.3,0.3,0,0,UK,0,GWO,random,8,0.3333333333333333,E26,16.49,95.45,39,0.70457,87.9573,13.818,0.0,0,12.8591,2.1008,80.238,0.0,True,26.5,4840,3.1829,2.44
google,1500,20,linear,True,False,10.0,0.4,0.3,0.3,0,0,UK,0,GWO,random,9,0.3333333333333333,E26,16.49,95.45,39,0.694955,88.1216,14.9941,0.0,0,12.7091,2.1119,82.314,0.0,True,26.0,4840,3.2072,2.64
google,1500,20,linear,True,False,10.0,0.4,0.3,0.3,0,0,UK,0,GWO,random,10,0.3333333333333333,E26,16.49,95.45,39,0.698342,88.0637,14.5798,0.0,0,12.8591,2.1218,81.291,0.0,True,25.5,4840,3.2485,2.43
google,1500,20,linear,True,False,10.0,0.4,0.3,0.3,0,0,UK,0,PSO,random,1,0.3333333333333333,E26,16.49,95.45,39,0.702434,87.9938,14.0793,0.0,0,12.9591,2.1312,76.932,0.0,True,26.5,4840,2.9448,4.5
google,1500,20,linear,True,False,10.0,0.4,0.3,0.3,0,0,UK,0,PSO,random,2,0.3333333333333333,E26,16.49,95.45,39,0.702398,87.9944,14.0837,0.0,0,13.0091,2.1278,75.933,0.0,True,27.0,4840,3.0026,4.17
google,1500,20,linear,True,False,10.0,0.4,0.3,0.3,0,0,UK,0,PSO,random,3,0.3333333333333333,E26,16.49,95.45,39,0.700752,88.0225,14.2851,0.0,0,13.0091,2.1421,76.483,0.0,True,26.5,4840,3.0377,4.25
google,1500,20,linear,True,False,10.0,0.4,0.3,0.3,0,0,UK,0,PSO,random,4,0.3333333333333333,E26,16.49,95.45,39,0.700829,88.0212,14.2756,0.0,0,12.9591,2.1282,78.433,0.0,True,26.5,4840,3.074,4.35
google,1500,10,linear,True,False,10.0,0.4,0.3,0.3,0,0,UK,0,HHO,random,4,0.3333333333333333,E26,16.49,95.45,39,0.670311,88.5428,18.0085,0.0,0,13.0091,2.1499,75.051,0.0,True,28.5,9094,4.0246,2.8
google,1500,10,linear,True,False,10.0,0.4,0.3,0.3,0,0,UK,0,HHO,random,5,0.3333333333333333,E26,16.49,95.45,39,0.666528,88.6075,18.4713,0.0,0,12.9091,2.1407,75.661,0.0,True,27.5,8986,3.9312,2.3
google,1500,10,linear,True,False,10.0,0.4,0.3,0.3,0,0,UK,0,HHO,random,6,0.3333333333333333,E26,16.49,95.45,39,0.658862,88.7385,19.4089,0.0,0,12.9591,2.1374,73.132,0.0,True,28.0,8968,3.9433,2.83
google,1500,10,linear,True,False,10.0,0.4,0.3,0.3,0,0,UK,0,HHO,random,7,0.3333333333333333,E26,16.49,95.45,39,0.661665,88.6906,19.066,0.0,0,13.0091,2.1495,75.028,0.0,True,27.5,8946,3.9616,2.56
google,1500,10,linear,True,False,10.0,0.4,0.3,0.3,0,0,UK,0,HHO,random,8,0.3333333333333333,E26,16.49,95.45,39,0.66079,88.7056,19.1731,0.0,0,12.9591,2.1351,76.213,0.0,True,28.0,8872,4.0134,2.67
google,1500,10,linear,True,False,10.0,0.4,0.3,0.3,0,0,UK,0,HHO,random,9,0.3333333333333333,E26,16.49,95.45,39,0.668765,88.5693,18.1977,0.0,0,13.1091,2.1559,71.903,0.0,True,28.5,8790,4.0694,2.67
google,1500,10,linear,True,False,10.0,0.4,0.3,0.3,0,0,UK,0,HHO,random,10,0.3333333333333333,E26,16.49,95.45,39,0.664015,88.6505,18.7787,0.0,0,13.0091,2.1499,73.999,0.0,True,28.5,8942,4.2092,2.64
google,1500,10,linear,True,False,10.0,0.4,0.3,0.3,0,0,UK,0,GA,random,1,0.3333333333333333,E26,16.49,95.45,39,0.68337,88.3196,16.4111,0.0,0,12.6591,2.0684,82.72,0.0,True,26.0,4840,4.9152,3.59
google,1500,10,linear,True,False,10.0,0.4,0.3,0.3,0,0,UK,1,Greedy(EDF+greenest),-,0,0.3333333333333333,E26,16.49,95.45,39,1.650826,88.6708,17.616,0.0,0,12.8091,1.9214,65.19,18.4548,False,26.0,0,0.0001,0.0
google,1500,10,linear,True,False,10.0,0.4,0.3,0.3,0,0,UK,1,VCC(Google),-,0,0.3333333333333333,E26,16.49,95.45,39,2.000865,86.2686,0.1474,0.0,0,13.3091,2.1675,60.296,0.0,True,24.5,0,0.0043,0.0
google,1500,10,linear,True,False,10.0,0.4,0.3,0.3,0,0,UK,1,Threshold(WaitAwhile),-,0,0.3333333333333333,E26,16.49,95.45,39,1.799677,87.6493,10.1876,0.0,0,12.9091,1.9364,53.88,21.5321,False,24.5,0,0.02,0.0
google,1500,10,linear,True,False,10.0,0.4,0.3,0.3,0,0,UK,1,WOA,random,1,0.3333333333333333,E26,16.49,95.45,39,1.841899,87.3595,8.0806,0.0,0,13.1591,2.1743,70.299,0.0,True,28.0,4840,2.8303,2.55
google,1500,10,linear,True,False,10.0,0.4,0.3,0.3,0,0,UK,1,WOA,random,2,0.3333333333333333,E26,16.49,95.45,39,1.822906,87.4899,9.0284,0.0,0,13.0091,2.1477,74.177,0.0,True,28.0,4840,2.8229,2.36
google,1500,10,linear,True,False,10.0,0.4,0.3,0.3,0,0,UK,1,WOA,random,3,0.3333333333333333,E26,16.49,95.45,39,1.836034,87.3998,8.3733,0.0,0,13.1091,2.1668,71.886,0.0,True,28.0,4840,2.8595,2.64
google,1500,10,linear,True,False,10.0,0.4,0.3,0.3,0,0,UK,1,WOA,random,4,0.3333333333333333,E26,16.49,95.45,39,1.849613,87.3066,7.6956,0.0,0,13.2091,2.1925,69.806,0.0,True,28.5,4840,2.9248,2.35
google,1500,10,linear,True,False,10.0,0.4,0.3,0.3,0,0,UK,1,WOA,random,5,0.3333333333333333,E26,16.49,95.45,39,1.825452,87.4724,8.9014,0.0,0,13.0091,2.1437,75.519,0.0,True,27.5,4840,2.9019,2.47
google,1500,10,linear,True,False,10.0,0.4,0.3,0.3,0,0,UK,0,GA,random,2,0.3333333333333333,E26,16.49,95.45,39,0.676886,88.4305,17.2043,0.0,0,12.6091,2.041,84.344,0.0,True,26.0,4840,4.7207,3.82
google,1500,10,linear,True,False,10.0,0.4,0.3,0.3,0,0,UK,0,GA,random,3,0.3333333333333333,E26,16.49,95.45,39,0.676998,88.4285,17.1906,0.0,0,12.6591,2.0678,82.938,0.0,True,26.0,4840,4.7377,3.82
google,1500,10,linear,True,False,10.0,0.4,0.3,0.3,0,0,UK,0,GA,random,4,0.3333333333333333,E26,16.49,95.45,39,0.672955,88.4976,17.6851,0.0,0,12.6091,2.0552,86.067,0.0,True,25.5,4840,4.7681,3.78
google,1500,10,linear,True,False,10.0,0.4,0.3,0.3,0,0,UK,0,GA,random,5,0.3333333333333333,E26,16.49,95.45,39,0.674978,88.4631,17.4376,0.0,0,12.6091,2.0548,84.02,0.0,True,26.5,4840,4.7978,3.68
google,1500,10,linear,True,False,10.0,0.4,0.3,0.3,0,0,UK,0,GA,random,6,0.3333333333333333,E26,16.49,95.45,39,0.676486,88.4373,17.2532,0.0,0,12.7091,2.0879,82.538,0.0,True,25.5,4840,4.9359,3.89
google,1500,10,linear,True,False,10.0,0.4,0.3,0.3,0,0,UK,0,GA,random,7,0.3333333333333333,E26,16.49,95.45,39,0.675596,88.4525,17.3621,0.0,0,12.6591,2.065,83.196,0.0,True,27.0,4840,5.1187,3.71
google,1500,10,linear,True,False,10.0,0.4,0.3,0.3,0,0,UK,0,GA,random,8,0.3333333333333333,E26,16.49,95.45,39,0.673696,88.485,17.5945,0.0,0,12.6591,2.0787,83.001,0.0,True,26.0,4840,5.2088,3.82
google,1500,10,linear,True,False,10.0,0.4,0.3,0.3,0,0,UK,0,GA,random,9,0.3333333333333333,E26,16.49,95.45,39,0.67642,88.4384,17.2612,0.0,0,12.6091,2.062,83.873,0.0,True,25.5,4840,5.2808,3.92
google,1500,20,linear,True,False,10.0,0.4,0.3,0.3,0,0,UK,0,WOA,carbon,5,0.3333333333333333,E26,16.49,95.45,39,0.58516,89.9983,28.424,0.0,0,12.5091,1.9099,75.326,0.0,True,28.5,4840,2.8278,2.36
google,1500,20,linear,True,False,10.0,0.4,0.3,0.3,0,0,UK,0,WOA,carbon,6,0.3333333333333333,E26,16.49,95.45,39,0.583896,90.0199,28.5787,0.0,0,12.5091,1.9099,73.005,0.0,True,28.5,4840,2.8039,2.33
google,1500,20,linear,True,False,10.0,0.4,0.3,0.3,0,0,UK,0,WOA,carbon,7,0.3333333333333333,E26,16.49,95.45,39,0.583698,90.0233,28.6028,0.0,0,12.5091,1.9099,70.105,0.0,True,28.5,4840,2.8758,2.41
google,1500,20,linear,True,False,10.0,0.4,0.3,0.3,0,0,UK,0,WOA,carbon,8,0.3333333333333333,E26,16.49,95.45,39,0.585332,89.9953,28.403,0.0,0,12.5091,1.9099,70.236,0.0,True,28.5,4840,2.8585,2.44
google,1500,20,linear,True,False,10.0,0.4,0.3,0.3,0,0,UK,0,WOA,carbon,9,0.3333333333333333,E26,16.49,95.45,39,0.58384,90.0208,28.5856,0.0,0,12.5091,1.9099,72.001,0.0,True,28.5,4840,2.9139,2.58
google,1500,20,linear,True,False,10.0,0.4,0.3,0.3,0,0,UK,0,WOA,carbon,10,0.3333333333333333,E26,16.49,95.45,39,0.583631,90.0244,28.6111,0.0,0,12.5091,1.9099,68.765,0.0,True,28.5,4840,2.9285,2.39
google,1500,10,linear,True,False,10.0,0.4,0.3,0.3,0,0,UK,1,FIFO,-,0,0.3333333333333333,E26,16.49,95.45,39,14.571419,0.0,-627.1823,0.0,0,95.9591,15.66,5.308,8.9738,False,24.5,0,0.0,0.0
google,1500,10,linear,True,False,10.0,0.4,0.3,0.3,0,0,UK,1,Consolidation,-,0,0.3333333333333333,E26,16.49,95.45,39,2.003819,86.2483,0.0,0.0,0,13.3091,2.1675,55.842,8.9738,False,24.5,0,0.0,0.0
google,1500,20,linear,True,False,10.0,0.4,0.3,0.3,0,0,UK,0,DE,random,3,0.3333333333333333,E26,16.49,95.45,39,0.674566,88.4701,17.488,0.0,0,12.5591,2.0402,86.831,0.0,True,25.5,4840,2.7152,2.88
google,1500,20,linear,True,False,10.0,0.4,0.3,0.3,0,0,UK,0,DE,random,4,0.3333333333333333,E26,16.49,95.45,39,0.686516,88.2659,16.0263,0.0,0,12.7591,2.0961,83.546,0.0,True,25.5,4840,2.7776,2.67
google,1500,20,linear,True,False,10.0,0.4,0.3,0.3,0,0,UK,0,DE,random,5,0.3333333333333333,E26,16.49,95.45,39,0.682075,88.3418,16.5695,0.0,0,12.7091,2.0708,81.647,0.0,True,26.5,4840,2.7899,2.92
google,1500,20,linear,True,False,10.0,0.4,0.3,0.3,0,0,UK,0,DE,random,6,0.3333333333333333,E26,16.49,95.45,39,0.689953,88.2071,15.6059,0.0,0,12.8091,2.116,79.168,0.0,True,27.5,4840,2.8306,2.68
google,1500,20,linear,True,False,10.0,0.4,0.3,0.3,0,0,UK,0,DE,random,7,0.3333333333333333,E26,16.49,95.45,39,0.689604,88.2131,15.6486,0.0,0,12.8591,2.0922,80.926,0.0,True,26.5,4840,2.8451,2.62
google,1500,20,linear,True,False,10.0,0.4,0.3,0.3,0,0,UK,0,DE,random,8,0.3333333333333333,E26,16.49,95.45,39,0.68901,88.2232,15.7213,0.0,0,12.8591,2.0989,80.753,0.0,True,26.0,4840,2.8699,2.62
google,1500,20,linear,True,False,10.0,0.4,0.3,0.3,0,0,UK,0,DE,random,9,0.3333333333333333,E26,16.49,95.45,39,0.675954,88.4464,17.3183,0.0,0,12.5591,2.0539,85.888,0.0,True,25.5,4840,2.884,2.91
google,1500,20,linear,True,False,10.0,0.4,0.3,0.3,0,0,UK,0,DE,random,10,0.3333333333333333,E26,16.49,95.45,39,0.67219,88.5107,17.7787,0.0,0,12.5091,2.0453,87.769,0.0,True,25.0,4840,2.8932,2.95
google,1500,10,linear,True,False,10.0,0.4,0.3,0.3,0,0,UK,1,WOA,random,6,0.3333333333333333,E26,16.49,95.45,39,1.839181,87.3782,8.2162,0.0,0,13.1091,2.1696,71.629,0.0,True,28.0,4840,2.7804,2.56
google,1500,10,linear,True,False,10.0,0.4,0.3,0.3,0,0,UK,1,WOA,random,7,0.3333333333333333,E26,16.49,95.45,39,1.840051,87.3722,8.1728,0.0,0,13.1591,2.1765,69.176,0.0,True,28.5,4840,2.8345,2.52
google,1500,10,linear,True,False,10.0,0.4,0.3,0.3,0,0,UK,1,WOA,random,8,0.3333333333333333,E26,16.49,95.45,39,1.830261,87.4394,8.6614,0.0,0,13.0591,2.154,73.156,0.0,True,28.0,4840,2.8241,2.58
google,1500,10,linear,True,False,10.0,0.4,0.3,0.3,0,0,UK,1,WOA,random,9,0.3333333333333333,E26,16.49,95.45,39,1.826258,87.4668,8.8611,0.0,0,13.0591,2.1518,73.203,0.0,True,28.0,4840,2.8816,2.49
google,1500,10,linear,True,False,10.0,0.4,0.3,0.3,0,0,UK,1,WOA,random,10,0.3333333333333333,E26,16.49,95.45,39,1.845954,87.3317,7.8782,0.0,0,13.1591,2.1771,70.262,0.0,True,28.5,4840,2.8872,2.54
google,1500,10,linear,True,False,10.0,0.4,0.3,0.3,0,0,UK,1,GWO,random,1,0.3333333333333333,E26,16.49,95.45,39,1.876073,87.125,6.3751,0.0,0,12.9591,2.1421,78.694,0.0,True,26.0,4840,3.3374,2.32
google,1500,10,linear,True,False,10.0,0.4,0.3,0.3,0,0,UK,1,GWO,random,2,0.3333333333333333,E26,16.49,95.45,39,1.878015,87.1117,6.2783,0.0,0,12.9591,2.1106,80.028,0.0,True,28.0,4840,3.3192,2.35
google,1500,10,linear,True,False,10.0,0.4,0.3,0.3,0,0,UK,1,GWO,random,3,0.3333333333333333,E26,16.49,95.45,39,1.849079,87.3102,7.7223,0.0,0,12.8091,2.0922,80.044,0.0,True,26.5,4840,3.3738,2.56
google,1500,10,linear,True,False,10.0,0.4,0.3,0.3,0,0,UK,1,GWO,random,4,0.3333333333333333,E26,16.49,95.45,39,1.878107,87.111,6.2736,0.0,0,13.0091,2.1209,78.18,0.0,True,26.0,4840,3.2223,2.3
google,1500,10,linear,True,False,10.0,0.4,0.3,0.3,0,0,UK,1,GWO,random,5,0.3333333333333333,E26,16.49,95.45,39,1.878792,87.1063,6.2395,0.0,0,13.0091,2.1439,77.52,0.0,True,27.0,4840,3.2818,2.26
google,1500,10,linear,True,False,10.0,0.4,0.3,0.3,0,0,UK,1,GWO,random,6,0.3333333333333333,E26,16.49,95.45,39,1.879024,87.1047,6.2279,0.0,0,12.9591,2.1413,78.592,0.0,True,27.5,4840,3.2885,2.31
google,1500,10,linear,True,False,10.0,0.4,0.3,0.3,0,0,UK,1,GWO,random,7,0.3333333333333333,E26,16.49,95.45,39,1.863145,87.2137,7.0203,0.0,0,12.9091,2.1221,79.444,0.0,True,26.5,4840,3.3144,2.43
google,1500,10,linear,True,False,10.0,0.4,0.3,0.3,0,0,UK,1,GWO,random,8,0.3333333333333333,E26,16.49,95.45,39,1.869457,87.1704,6.7053,0.0,0,12.9091,2.1248,79.733,0.0,True,26.5,4840,3.3444,2.36
google,1500,10,linear,True,False,10.0,0.4,0.3,0.3,0,0,UK,1,GWO,random,9,0.3333333333333333,E26,16.49,95.45,39,1.876963,87.1189,6.3307,0.0,0,13.1091,2.1456,74.778,0.0,True,27.5,4840,3.348,2.38
google,1500,10,linear,True,False,10.0,0.4,0.3,0.3,0,0,UK,1,GWO,random,10,0.3333333333333333,E26,16.49,95.45,39,1.887331,87.0477,5.8133,0.0,0,13.0091,2.1507,77.019,0.0,True,27.0,4840,3.3864,2.32
google,1500,10,linear,True,False,10.0,0.4,0.3,0.3,0,0,UK,1,PSO,random,1,0.3333333333333333,E26,16.49,95.45,39,1.865008,87.2009,6.9273,0.0,0,12.9591,2.1379,79.094,0.0,True,27.0,4840,2.9996,4.2
google,1500,10,linear,True,False,10.0,0.4,0.3,0.3,0,0,UK,1,WOA,carbon,10,0.3333333333333333,E26,16.49,95.45,39,1.816486,87.5339,9.3488,0.0,0,13.0591,2.1467,73.24,0.0,True,27.5,4840,2.9077,2.42
google,1500,20,linear,True,False,10.0,0.4,0.3,0.3,0,0,UK,1,FIFO,-,0,0.3333333333333333,E26,16.49,95.45,39,14.571419,0.0,-627.1823,0.0,0,95.9591,15.66,5.308,0.0,True,24.5,0,0.0,0.0
google,1500,20,linear,True,False,10.0,0.4,0.3,0.3,0,0,UK,1,Consolidation,-,0,0.3333333333333333,E26,16.49,95.45,39,2.003819,86.2483,0.0,0.0,0,13.3091,2.1675,55.842,0.0,True,24.5,0,0.0,0.0
google,1500,20,linear,True,False,10.0,0.4,0.3,0.3,0,0,UK,1,Greedy(EDF+greenest),-,0,0.3333333333333333,E26,16.49,95.45,39,1.650826,88.6708,17.616,0.0,0,12.8091,1.9214,65.19,0.7331,False,26.0,0,0.0001,0.0
google,1500,20,linear,True,False,10.0,0.4,0.3,0.3,0,0,UK,1,VCC(Google),-,0,0.3333333333333333,E26,16.49,95.45,39,2.005425,86.2373,-0.0802,0.0,0,13.3091,2.1675,56.567,0.0,True,24.5,0,0.0037,0.0
google,1500,20,linear,True,False,10.0,0.4,0.3,0.3,0,0,UK,1,Threshold(WaitAwhile),-,0,0.3333333333333333,E26,16.49,95.45,39,1.799677,87.6493,10.1876,0.0,0,12.9091,1.9364,53.88,0.0,True,24.5,0,0.0183,0.0
google,1500,20,linear,True,False,10.0,0.4,0.3,0.3,0,0,UK,1,WOA,random,1,0.3333333333333333,E26,16.49,95.45,39,1.806588,87.6018,9.8428,0.0,0,13.1091,2.1632,61.042,0.0,True,28.5,4840,2.9665,2.63
google,1500,20,linear,True,False,10.0,0.4,0.3,0.3,0,0,UK,1,WOA,random,2,0.3333333333333333,E26,16.49,95.45,39,1.816231,87.5357,9.3615,0.0,0,13.1091,2.1707,65.201,0.0,True,28.5,4840,2.9334,2.5
google,1500,20,linear,True,False,10.0,0.4,0.3,0.3,0,0,UK,0,GA,random,7,0.3333333333333333,E26,16.49,95.45,39,0.675596,88.4525,17.3621,0.0,0,12.6591,2.065,83.196,0.0,True,27.0,4840,4.8697,3.71
google,1500,20,linear,True,False,10.0,0.4,0.3,0.3,0,0,UK,0,GA,random,8,0.3333333333333333,E26,16.49,95.45,39,0.673696,88.485,17.5945,0.0,0,12.6591,2.0787,83.001,0.0,True,26.0,4840,4.9337,3.82
google,1500,20,linear,True,False,10.0,0.4,0.3,0.3,0,0,UK,0,GA,random,9,0.3333333333333333,E26,16.49,95.45,39,0.67642,88.4384,17.2612,0.0,0,12.6091,2.062,83.873,0.0,True,25.5,4840,5.0083,3.92
google,1500,20,linear,True,False,10.0,0.4,0.3,0.3,0,0,UK,0,GA,random,10,0.3333333333333333,E26,16.49,95.45,39,0.672401,88.5071,17.7529,0.0,0,12.6591,2.0678,82.842,0.0,True,26.5,4840,5.0511,3.82
google,1500,20,linear,True,False,10.0,0.4,0.3,0.3,0,0,UK,0,WOA,carbon,1,0.3333333333333333,E26,16.49,95.45,39,0.585448,89.9933,28.3889,0.0,0,12.5091,1.9099,68.563,0.0,True,28.5,4840,2.9115,2.51
google,1500,20,linear,True,False,10.0,0.4,0.3,0.3,0,0,UK,0,WOA,carbon,2,0.3333333333333333,E26,16.49,95.45,39,0.582873,90.0374,28.7037,0.0,0,12.4591,1.9024,73.719,0.0,True,28.5,4840,2.9303,2.47
google,1500,20,linear,True,False,10.0,0.4,0.3,0.3,0,0,UK,0,WOA,carbon,3,0.3333333333333333,E26,16.49,95.45,39,0.582265,90.0477,28.7781,0.0,0,12.4591,1.9024,76.514,0.0,True,28.5,4840,2.9385,2.48
google,1500,20,linear,True,False,10.0,0.4,0.3,0.3,0,0,UK,0,WOA,carbon,4,0.3333333333333333,E26,16.49,95.45,39,0.585222,89.9972,28.4165,0.0,0,12.5091,1.9099,73.055,0.0,True,28.5,4840,2.9434,2.51
google,1500,20,linear,True,False,10.0,0.4,0.3,0.3,0,0,UK,0,HHO,random,1,0.3333333333333333,E26,16.49,95.45,39,0.656711,88.7753,19.672,0.0,0,13.2091,2.1822,58.502,0.0,True,28.5,8910,4.2243,2.67
google,1500,20,linear,True,False,10.0,0.4,0.3,0.3,0,0,UK,0,HHO,random,2,0.3333333333333333,E26,16.49,95.45,39,0.661357,88.6959,19.1038,0.0,0,13.3091,2.2052,55.842,0.0,True,28.5,8780,4.2191,2.24
google,1500,20,linear,True,False,10.0,0.4,0.3,0.3,0,0,UK,0,HHO,random,3,0.3333333333333333,E26,16.49,95.45,39,0.654449,88.814,19.9487,0.0,0,13.1091,2.169,61.511,0.0,True,28.5,8894,4.3334,2.65
google,1500,20,linear,True,False,10.0,0.4,0.3,0.3,0,0,UK,0,HHO,random,4,0.3333333333333333,E26,16.49,95.45,39,0.653707,88.8266,20.0395,0.0,0,13.1091,2.1719,60.52,0.0,True,28.5,9094,4.4582,2.68
google,1500,20,linear,True,False,10.0,0.4,0.3,0.3,0,0,UK,0,HHO,random,5,0.3333333333333333,E26,16.49,95.45,39,0.655839,88.7902,19.7786,0.0,0,13.1591,2.1719,59.329,0.0,True,28.5,8986,4.444,2.59
google,1500,20,linear,True,False,10.0,0.4,0.3,0.3,0,0,UK,0,HHO,random,6,0.3333333333333333,E26,16.49,95.45,39,0.658573,88.7435,19.4442,0.0,0,13.1091,2.181,64.043,0.0,True,28.5,8968,4.4728,2.68
google,1500,20,linear,True,False,10.0,0.4,0.3,0.3,0,0,UK,0,HHO,random,7,0.3333333333333333,E26,16.49,95.45,39,0.654892,88.8064,19.8946,0.0,0,12.9091,2.1407,74.95,0.0,True,27.5,8946,4.4581,2.8
google,1500,20,linear,True,False,10.0,0.4,0.3,0.3,0,0,UK,0,HHO,random,8,0.3333333333333333,E26,16.49,95.45,39,0.661349,88.696,19.1047,0.0,0,13.3091,2.2052,55.945,0.0,True,28.5,8872,4.4722,2.29
google,1500,10,linear,True,False,10.0,0.4,0.3,0.3,0,0,UK,1,PSO,random,10,0.3333333333333333,E26,16.49,95.45,39,1.862167,87.2204,7.0691,0.0,0,13.0091,2.1289,75.984,0.0,True,27.0,4840,3.1222,4.12
google,1500,10,linear,True,False,10.0,0.4,0.3,0.3,0,0,UK,1,DE,random,1,0.3333333333333333,E26,16.49,95.45,39,1.811575,87.5676,9.5939,0.0,0,12.6091,2.0717,84.295,0.0,True,27.0,4840,3.0238,3.18
google,1500,10,linear,True,False,10.0,0.4,0.3,0.3,0,0,UK,1,DE,random,2,0.3333333333333333,E26,16.49,95.45,39,1.827285,87.4598,8.8099,0.0,0,12.7091,2.0918,82.857,0.0,True,26.5,4840,3.0474,2.72
google,1500,10,linear,True,False,10.0,0.4,0.3,0.3,0,0,UK,1,DE,random,3,0.3333333333333333,E26,16.49,95.45,39,1.822661,87.4915,9.0407,0.0,0,12.7591,2.0641,81.687,0.0,True,26.5,4840,3.0506,2.73
google,1500,10,linear,True,False,10.0,0.4,0.3,0.3,0,0,UK,1,DE,random,4,0.3333333333333333,E26,16.49,95.45,39,1.840049,87.3722,8.1729,0.0,0,12.7591,2.0783,82.614,0.0,True,26.0,4840,3.0539,2.65
google,1500,10,linear,True,False,10.0,0.4,0.3,0.3,0,0,UK,1,DE,random,5,0.3333333333333333,E26,16.49,95.45,39,1.828733,87.4499,8.7376,0.0,0,12.7591,2.0761,81.049,0.0,True,26.5,4840,3.0737,3.17
google,1500,10,linear,True,False,10.0,0.4,0.3,0.3,0,0,UK,1,DE,random,6,0.3333333333333333,E26,16.49,95.45,39,1.816053,87.5369,9.3704,0.0,0,12.6591,2.0701,83.089,0.0,True,27.5,4840,3.0832,2.75
google,1500,10,linear,True,False,10.0,0.4,0.3,0.3,0,0,UK,1,DE,random,7,0.3333333333333333,E26,16.49,95.45,39,1.810711,87.5735,9.637,0.0,0,12.6091,2.0637,82.312,0.0,True,28.0,4840,3.0866,2.71
google,1500,10,linear,True,False,10.0,0.4,0.3,0.3,0,0,UK,1,PSO,random,2,0.3333333333333333,E26,16.49,95.45,39,1.865738,87.1959,6.8909,0.0,0,13.0091,2.1357,76.444,0.0,True,27.5,4840,3.1548,4.42
google,1500,10,linear,True,False,10.0,0.4,0.3,0.3,0,0,UK,1,PSO,random,3,0.3333333333333333,E26,16.49,95.45,39,1.867775,87.1819,6.7893,0.0,0,12.9591,2.1329,78.142,0.0,True,26.5,4840,3.166,4.24
google,1500,10,linear,True,False,10.0,0.4,0.3,0.3,0,0,UK,1,PSO,random,4,0.3333333333333333,E26,16.49,95.45,39,1.864182,87.2066,6.9686,0.0,0,12.9091,2.146,79.817,0.0,True,26.0,4840,3.1685,4.25
google,1500,10,linear,True,False,10.0,0.4,0.3,0.3,0,0,UK,1,PSO,random,5,0.3333333333333333,E26,16.49,95.45,39,1.872068,87.1525,6.575,0.0,0,13.0091,2.1317,78.15,0.0,True,26.0,4840,3.1977,4.19
google,1500,10,linear,True,False,10.0,0.4,0.3,0.3,0,0,UK,1,PSO,random,6,0.3333333333333333,E26,16.49,95.45,39,1.88153,87.0875,6.1028,0.0,0,13.1091,2.169,74.085,0.0,True,28.0,4840,3.2024,4.15
google,1500,10,linear,True,False,10.0,0.4,0.3,0.3,0,0,UK,1,PSO,random,7,0.3333333333333333,E26,16.49,95.45,39,1.838994,87.3794,8.2255,0.0,0,12.7591,2.097,82.055,0.0,True,25.5,4840,3.2325,4.26
google,1500,10,linear,True,False,10.0,0.4,0.3,0.3,0,0,UK,1,PSO,random,8,0.3333333333333333,E26,16.49,95.45,39,1.867582,87.1833,6.7989,0.0,0,13.0091,2.1306,76.704,0.0,True,27.5,4840,3.2306,4.21
google,1500,10,linear,True,False,10.0,0.4,0.3,0.3,0,0,UK,1,PSO,random,9,0.3333333333333333,E26,16.49,95.45,39,1.872761,87.1477,6.5404,0.0,0,13.0591,2.1347,76.883,0.0,True,27.0,4840,3.2126,4.14
google,1500,20,linear,True,False,10.0,0.4,0.3,0.3,0,0,UK,0,HHO,random,9,0.3333333333333333,E26,16.49,95.45,39,0.659134,88.7339,19.3757,0.0,0,13.2591,2.1891,57.059,0.0,True,28.5,8790,4.1786,2.66
google,1500,20,linear,True,False,10.0,0.4,0.3,0.3,0,0,UK,0,HHO,random,10,0.3333333333333333,E26,16.49,95.45,39,0.658568,88.7436,19.4449,0.0,0,13.2091,2.1885,59.694,0.0,True,28.5,8942,4.2757,2.26
google,1500,20,linear,True,False,10.0,0.4,0.3,0.3,0,0,UK,0,GA,random,1,0.3333333333333333,E26,16.49,95.45,39,0.68337,88.3196,16.4111,0.0,0,12.6591,2.0684,82.72,0.0,True,26.0,4840,4.9237,3.59
google,1500,20,linear,True,False,10.0,0.4,0.3,0.3,0,0,UK,0,GA,random,2,0.3333333333333333,E26,16.49,95.45,39,0.676886,88.4305,17.2043,0.0,0,12.6091,2.041,84.344,0.0,True,26.0,4840,4.9624,3.72
google,1500,20,linear,True,False,10.0,0.4,0.3,0.3,0,0,UK,0,GA,random,3,0.3333333333333333,E26,16.49,95.45,39,0.676998,88.4285,17.1906,0.0,0,12.6591,2.0678,82.938,0.0,True,26.0,4840,5.0322,3.82
google,1500,20,linear,True,False,10.0,0.4,0.3,0.3,0,0,UK,0,GA,random,4,0.3333333333333333,E26,16.49,95.45,39,0.672955,88.4976,17.6851,0.0,0,12.6091,2.0552,86.067,0.0,True,25.5,4840,5.0567,3.78
google,1500,20,linear,True,False,10.0,0.4,0.3,0.3,0,0,UK,0,GA,random,5,0.3333333333333333,E26,16.49,95.45,39,0.674978,88.4631,17.4376,0.0,0,12.6091,2.0548,84.02,0.0,True,26.5,4840,5.0773,3.68
google,1500,20,linear,True,False,10.0,0.4,0.3,0.3,0,0,UK,0,GA,random,6,0.3333333333333333,E26,16.49,95.45,39,0.676486,88.4373,17.2532,0.0,0,12.7091,2.0879,82.538,0.0,True,25.5,4840,5.078,3.89
google,1500,10,linear,True,False,10.0,0.4,0.3,0.3,0,0,UK,1,WOA,carbon,2,0.3333333333333333,E26,16.49,95.45,39,1.807213,87.5976,9.8116,0.0,0,13.2091,2.1454,66.463,0.0,True,28.5,4840,2.9111,2.57
google,1500,10,linear,True,False,10.0,0.4,0.3,0.3,0,0,UK,1,WOA,carbon,3,0.3333333333333333,E26,16.49,95.45,39,1.841872,87.3597,8.0819,0.0,0,13.1591,2.1674,72.545,0.0,True,28.5,4840,2.9195,2.5
google,1500,10,linear,True,False,10.0,0.4,0.3,0.3,0,0,UK,1,WOA,carbon,4,0.3333333333333333,E26,16.49,95.45,39,1.745387,88.0218,12.897,0.0,0,13.0091,2.0455,68.897,0.0,True,27.0,4840,2.951,2.81
google,1500,10,linear,True,False,10.0,0.4,0.3,0.3,0,0,UK,1,WOA,carbon,5,0.3333333333333333,E26,16.49,95.45,39,1.750259,87.9884,12.6538,0.0,0,13.1091,2.0445,66.766,0.0,True,27.0,4840,2.942,2.88
google,1500,10,linear,True,False,10.0,0.4,0.3,0.3,0,0,UK,1,WOA,carbon,6,0.3333333333333333,E26,16.49,95.45,39,1.847685,87.3198,7.7918,0.0,0,13.2091,2.1709,71.062,0.0,True,28.5,4840,2.9631,2.4
google,1500,10,linear,True,False,10.0,0.4,0.3,0.3,0,0,UK,1,WOA,carbon,7,0.3333333333333333,E26,16.49,95.45,39,1.821247,87.5012,9.1112,0.0,0,13.3091,2.1788,65.886,0.0,True,28.0,4840,2.9549,2.52
google,1500,10,linear,True,False,10.0,0.4,0.3,0.3,0,0,UK,1,WOA,carbon,8,0.3333333333333333,E26,16.49,95.45,39,1.784521,87.7533,10.944,0.0,0,13.0591,2.0933,71.804,0.0,True,27.0,4840,2.9695,2.64
google,1500,10,linear,True,False,10.0,0.4,0.3,0.3,0,0,UK,1,WOA,carbon,9,0.3333333333333333,E26,16.49,95.45,39,1.711329,88.2556,14.5966,0.0,0,12.9091,1.9763,71.792,0.0,True,26.5,4840,2.9788,2.83
google,1500,10,linear,True,False,10.0,0.4,0.3,0.3,0,0,UK,1,DE,random,8,0.3333333333333333,E26,16.49,95.45,39,1.816935,87.5308,9.3264,0.0,0,12.6591,2.0644,83.785,0.0,True,27.0,4840,2.8646,2.76
google,1500,10,linear,True,False,10.0,0.4,0.3,0.3,0,0,UK,1,DE,random,9,0.3333333333333333,E26,16.49,95.45,39,1.841894,87.3595,8.0808,0.0,0,12.8091,2.1046,80.911,0.0,True,26.5,4840,2.8826,2.55
google,1500,10,linear,True,False,10.0,0.4,0.3,0.3,0,0,UK,1,DE,random,10,0.3333333333333333,E26,16.49,95.45,39,1.82894,87.4484,8.7273,0.0,0,12.6591,2.0833,83.558,0.0,True,26.5,4840,2.9043,2.73
google,1500,10,linear,True,False,10.0,0.4,0.3,0.3,0,0,UK,1,HHO,random,1,0.3333333333333333,E26,16.49,95.45,39,1.818884,87.5175,9.2292,0.0,0,12.9091,2.1025,77.328,0.0,True,27.0,8910,4.4022,2.56
google,1500,10,linear,True,False,10.0,0.4,0.3,0.3,0,0,UK,1,HHO,random,2,0.3333333333333333,E26,16.49,95.45,39,1.818681,87.5188,9.2393,0.0,0,13.0091,2.1443,73.419,0.0,True,28.0,8780,4.4025,2.47
google,1500,10,linear,True,False,10.0,0.4,0.3,0.3,0,0,UK,1,HHO,random,3,0.3333333333333333,E26,16.49,95.45,39,1.822219,87.4946,9.0627,0.0,0,13.0091,2.1524,73.807,0.0,True,28.0,8894,4.4326,2.61
google,1500,10,linear,True,False,10.0,0.4,0.3,0.3,0,0,UK,1,HHO,random,4,0.3333333333333333,E26,16.49,95.45,39,1.822956,87.4895,9.0259,0.0,0,12.9591,2.1419,74.374,0.0,True,28.0,9094,4.5389,2.59
google,1500,10,linear,True,False,10.0,0.4,0.3,0.3,0,0,UK,1,HHO,random,5,0.3333333333333333,E26,16.49,95.45,39,1.815893,87.538,9.3784,0.0,0,12.9091,2.1361,77.119,0.0,True,28.0,8986,4.5095,2.68
google,1500,20,linear,True,False,10.0,0.4,0.3,0.3,0,0,UK,1,WOA,random,3,0.3333333333333333,E26,16.49,95.45,39,1.794837,87.6825,10.4292,0.0,0,13.0091,2.1465,65.942,0.0,True,28.0,4840,2.9317,2.69
google,1500,20,linear,True,False,10.0,0.4,0.3,0.3,0,0,UK,1,WOA,random,4,0.3333333333333333,E26,16.49,95.45,39,1.816338,87.5349,9.3562,0.0,0,13.2091,2.1902,58.478,0.0,True,28.5,4840,2.9674,2.56
google,1500,20,linear,True,False,10.0,0.4,0.3,0.3,0,0,UK,1,WOA,random,5,0.3333333333333333,E26,16.49,95.45,39,1.823917,87.4829,8.978,0.0,0,13.2091,2.1885,58.868,0.0,True,28.5,4840,2.9382,2.56
google,1500,20,linear,True,False,10.0,0.4,0.3,0.3,0,0,UK,1,WOA,random,6,0.3333333333333333,E26,16.49,95.45,39,1.822137,87.4951,9.0668,0.0,0,13.2091,2.1822,58.229,0.0,True,28.0,4840,2.9416,2.55
google,1500,20,linear,True,False,10.0,0.4,0.3,0.3,0,0,UK,1,WOA,random,7,0.3333333333333333,E26,16.49,95.45,39,1.820528,87.5062,9.1471,0.0,0,13.1591,2.1799,61.066,0.0,True,28.5,4840,2.9719,2.62
google,1500,20,linear,True,False,10.0,0.4,0.3,0.3,0,0,UK,1,WOA,random,8,0.3333333333333333,E26,16.49,95.45,39,1.807507,87.5955,9.7969,0.0,0,13.0091,2.1546,69.264,0.0,True,28.0,4840,2.9251,2.57
google,1500,20,linear,True,False,10.0,0.4,0.3,0.3,0,0,UK,1,WOA,random,9,0.3333333333333333,E26,16.49,95.45,39,1.824464,87.4792,8.9507,0.0,0,13.2591,2.1891,57.108,0.0,True,28.5,4840,2.9615,2.5
google,1500,20,linear,True,False,10.0,0.4,0.3,0.3,0,0,UK,1,WOA,random,10,0.3333333333333333,E26,16.49,95.45,39,1.825849,87.4697,8.8815,0.0,0,13.2591,2.1891,56.819,0.0,True,28.5,4840,3.0473,2.4
google,1500,10,linear,True,False,10.0,0.4,0.3,0.3,0,0,UK,1,HHO,random,6,0.3333333333333333,E26,16.49,95.45,39,1.837741,87.388,8.2881,0.0,0,13.1091,2.1747,71.916,0.0,True,28.0,8968,4.4364,2.31
google,1500,10,linear,True,False,10.0,0.4,0.3,0.3,0,0,UK,1,HHO,random,7,0.3333333333333333,E26,16.49,95.45,39,1.809493,87.5819,9.6978,0.0,0,12.8591,2.1218,78.465,0.0,True,27.5,8946,4.4312,2.5
google,1500,10,linear,True,False,10.0,0.4,0.3,0.3,0,0,UK,1,HHO,random,8,0.3333333333333333,E26,16.49,95.45,39,1.84014,87.3716,8.1684,0.0,0,13.1591,2.1674,71.74,0.0,True,28.5,8872,4.4298,2.63
google,1500,10,linear,True,False,10.0,0.4,0.3,0.3,0,0,UK,1,HHO,random,9,0.3333333333333333,E26,16.49,95.45,39,1.838614,87.3821,8.2445,0.0,0,13.1591,2.1794,71.995,0.0,True,28.0,8790,4.417,2.67
google,1500,10,linear,True,False,10.0,0.4,0.3,0.3,0,0,UK,1,HHO,random,10,0.3333333333333333,E26,16.49,95.45,39,1.824724,87.4774,8.9377,0.0,0,13.1091,2.1644,70.365,0.0,True,28.5,8942,4.4622,2.69
google,1500,10,linear,True,False,10.0,0.4,0.3,0.3,0,0,UK,1,GA,random,1,0.3333333333333333,E26,16.49,95.45,39,1.815489,87.5408,9.3986,0.0,0,12.6591,2.0678,83.69,0.0,True,26.5,4840,5.1298,3.77
google,1500,10,linear,True,False,10.0,0.4,0.3,0.3,0,0,UK,1,GA,random,2,0.3333333333333333,E26,16.49,95.45,39,1.815499,87.5407,9.3981,0.0,0,12.6591,2.0656,83.192,0.0,True,27.0,4840,5.1558,3.73
google,1500,10,linear,True,False,10.0,0.4,0.3,0.3,0,0,UK,1,GA,random,3,0.3333333333333333,E26,16.49,95.45,39,1.818744,87.5184,9.2361,0.0,0,12.6591,2.0633,82.967,0.0,True,26.0,4840,5.3149,3.81
google,1500,20,linear,True,False,10.0,0.4,0.3,0.3,0,0,UK,1,WOA,carbon,7,0.3333333333333333,E26,16.49,95.45,39,1.66678,88.5613,16.8199,0.0,0,12.9591,1.953,64.782,0.0,True,27.5,4840,2.9786,2.55
google,1500,20,linear,True,False,10.0,0.4,0.3,0.3,0,0,UK,1,WOA,carbon,8,0.3333333333333333,E26,16.49,95.45,39,1.66037,88.6053,17.1397,0.0,0,12.8591,1.9289,68.477,0.0,True,27.0,4840,2.9684,2.48
google,1500,20,linear,True,False,10.0,0.4,0.3,0.3,0,0,UK,1,WOA,carbon,9,0.3333333333333333,E26,16.49,95.45,39,1.669755,88.5409,16.6714,0.0,0,12.8591,1.938,69.719,0.0,True,27.0,4840,3.0703,2.47
google,1500,20,linear,True,False,10.0,0.4,0.3,0.3,0,0,UK,1,WOA,carbon,10,0.3333333333333333,E26,16.49,95.45,39,1.662425,88.5912,17.0372,0.0,0,12.7591,1.9236,70.49,0.0,True,27.0,4840,3.0162,2.46
google,1500,10,linear,True,False,10.0,0.4,0.3,0.3,0,0,UK,2,FIFO,-,0,0.3333333333333333,E26,16.49,95.45,39,16.811124,0.0,-620.7423,0.0,0,95.9591,15.66,5.308,8.9738,False,24.5,0,0.0,0.0
google,1500,10,linear,True,False,10.0,0.4,0.3,0.3,0,0,UK,2,Consolidation,-,0,0.3333333333333333,E26,16.49,95.45,39,2.332474,86.1254,0.0,0.0,0,13.3091,2.1675,55.842,8.9738,False,24.5,0,0.0,0.0
google,1500,10,linear,True,False,10.0,0.4,0.3,0.3,0,0,UK,2,Greedy(EDF+greenest),-,0,0.3333333333333333,E26,16.49,95.45,39,2.142842,87.2534,8.13,0.0,0,12.8591,1.9624,64.537,13.3138,False,26.5,0,0.0002,0.0
google,1500,10,linear,True,False,10.0,0.4,0.3,0.3,0,0,UK,2,VCC(Google),-,0,0.3333333333333333,E26,16.49,95.45,39,2.320588,86.1961,0.5096,0.0,0,13.2591,2.16,59.779,0.0,True,24.5,0,0.0048,0.0
google,1500,20,linear,True,False,10.0,0.4,0.3,0.3,0,0,UK,1,PSO,random,7,0.3333333333333333,E26,16.49,95.45,39,1.838994,87.3794,8.2255,0.0,0,12.7591,2.097,82.055,0.0,True,25.5,4840,3.0427,4.27
google,1500,20,linear,True,False,10.0,0.4,0.3,0.3,0,0,UK,1,PSO,random,8,0.3333333333333333,E26,16.49,95.45,39,1.867582,87.1833,6.7989,0.0,0,13.0091,2.1306,76.704,0.0,True,27.5,4840,3.0449,4.21
google,1500,20,linear,True,False,10.0,0.4,0.3,0.3,0,0,UK,1,PSO,random,9,0.3333333333333333,E26,16.49,95.45,39,1.872761,87.1477,6.5404,0.0,0,13.0591,2.1347,76.883,0.0,True,27.0,4840,3.0418,4.14
google,1500,20,linear,True,False,10.0,0.4,0.3,0.3,0,0,UK,1,PSO,random,10,0.3333333333333333,E26,16.49,95.45,39,1.862167,87.2204,7.0691,0.0,0,13.0091,2.1289,75.984,0.0,True,27.0,4840,3.0475,4.11
google,1500,20,linear,True,False,10.0,0.4,0.3,0.3,0,0,UK,1,DE,random,1,0.3333333333333333,E26,16.49,95.45,39,1.811575,87.5676,9.5939,0.0,0,12.6091,2.0717,84.295,0.0,True,27.0,4840,2.9464,3.18
google,1500,20,linear,True,False,10.0,0.4,0.3,0.3,0,0,UK,1,DE,random,2,0.3333333333333333,E26,16.49,95.45,39,1.827285,87.4598,8.8099,0.0,0,12.7091,2.0918,82.857,0.0,True,26.5,4840,3.0111,2.72
google,1500,20,linear,True,False,10.0,0.4,0.3,0.3,0,0,UK,1,DE,random,3,0.3333333333333333,E26,16.49,95.45,39,1.822661,87.4915,9.0407,0.0,0,12.7591,2.0641,81.687,0.0,True,26.5,4840,3.0234,2.73
google,1500,20,linear,True,False,10.0,0.4,0.3,0.3,0,0,UK,1,DE,random,4,0.3333333333333333,E26,16.49,95.45,39,1.840049,87.3722,8.1729,0.0,0,12.7591,2.0783,82.614,0.0,True,26.0,4840,2.994,2.65
google,1500,20,linear,True,False,10.0,0.4,0.3,0.3,0,0,UK,1,GWO,random,9,0.3333333333333333,E26,16.49,95.45,39,1.876963,87.1189,6.3307,0.0,0,13.1091,2.1456,74.778,0.0,True,27.5,4840,3.4154,2.38
google,1500,20,linear,True,False,10.0,0.4,0.3,0.3,0,0,UK,1,GWO,random,10,0.3333333333333333,E26,16.49,95.45,39,1.887331,87.0477,5.8133,0.0,0,13.0091,2.1507,77.019,0.0,True,27.0,4840,3.4485,2.34
google,1500,20,linear,True,False,10.0,0.4,0.3,0.3,0,0,UK,1,PSO,random,1,0.3333333333333333,E26,16.49,95.45,39,1.865008,87.2009,6.9273,0.0,0,12.9591,2.1379,79.094,0.0,True,27.0,4840,3.0338,4.28
google,1500,20,linear,True,False,10.0,0.4,0.3,0.3,0,0,UK,1,PSO,random,2,0.3333333333333333,E26,16.49,95.45,39,1.865738,87.1959,6.8909,0.0,0,13.0091,2.1357,76.444,0.0,True,27.5,4840,3.0415,4.42
google,1500,20,linear,True,False,10.0,0.4,0.3,0.3,0,0,UK,1,PSO,random,3,0.3333333333333333,E26,16.49,95.45,39,1.867775,87.1819,6.7893,0.0,0,12.9591,2.1329,78.142,0.0,True,26.5,4840,3.0456,4.24
google,1500,20,linear,True,False,10.0,0.4,0.3,0.3,0,0,UK,1,PSO,random,4,0.3333333333333333,E26,16.49,95.45,39,1.864182,87.2066,6.9686,0.0,0,12.9091,2.146,79.817,0.0,True,26.0,4840,3.1035,4.25
google,1500,20,linear,True,False,10.0,0.4,0.3,0.3,0,0,UK,1,PSO,random,5,0.3333333333333333,E26,16.49,95.45,39,1.872068,87.1525,6.575,0.0,0,13.0091,2.1317,78.15,0.0,True,26.0,4840,3.1174,4.19
google,1500,20,linear,True,False,10.0,0.4,0.3,0.3,0,0,UK,1,PSO,random,6,0.3333333333333333,E26,16.49,95.45,39,1.88153,87.0875,6.1028,0.0,0,13.1091,2.169,74.085,0.0,True,28.0,4840,3.079,4.15
google,1500,20,linear,True,False,10.0,0.4,0.3,0.3,0,0,UK,1,GWO,random,1,0.3333333333333333,E26,16.49,95.45,39,1.876073,87.125,6.3751,0.0,0,12.9591,2.1421,78.694,0.0,True,26.0,4840,3.4155,2.32
google,1500,20,linear,True,False,10.0,0.4,0.3,0.3,0,0,UK,1,GWO,random,2,0.3333333333333333,E26,16.49,95.45,39,1.878015,87.1117,6.2783,0.0,0,12.9591,2.1106,80.028,0.0,True,28.0,4840,3.3817,2.35
google,1500,20,linear,True,False,10.0,0.4,0.3,0.3,0,0,UK,1,GWO,random,3,0.3333333333333333,E26,16.49,95.45,39,1.849079,87.3102,7.7223,0.0,0,12.8091,2.0922,80.044,0.0,True,26.5,4840,3.4178,2.58
google,1500,20,linear,True,False,10.0,0.4,0.3,0.3,0,0,UK,1,GWO,random,4,0.3333333333333333,E26,16.49,95.45,39,1.878107,87.111,6.2736,0.0,0,13.0091,2.1209,78.18,0.0,True,26.0,4840,3.4003,2.3
google,1500,20,linear,True,False,10.0,0.4,0.3,0.3,0,0,UK,1,GWO,random,5,0.3333333333333333,E26,16.49,95.45,39,1.878792,87.1063,6.2395,0.0,0,13.0091,2.1439,77.52,0.0,True,27.0,4840,3.4044,2.27
google,1500,20,linear,True,False,10.0,0.4,0.3,0.3,0,0,UK,1,GWO,random,6,0.3333333333333333,E26,16.49,95.45,39,1.879024,87.1047,6.2279,0.0,0,12.9591,2.1413,78.592,0.0,True,27.5,4840,3.4513,2.31
google,1500,20,linear,True,False,10.0,0.4,0.3,0.3,0,0,UK,1,GWO,random,7,0.3333333333333333,E26,16.49,95.45,39,1.863145,87.2137,7.0203,0.0,0,12.9091,2.1221,79.444,0.0,True,26.5,4840,3.4661,2.44
google,1500,20,linear,True,False,10.0,0.4,0.3,0.3,0,0,UK,1,GWO,random,8,0.3333333333333333,E26,16.49,95.45,39,1.869457,87.1704,6.7053,0.0,0,12.9091,2.1248,79.733,0.0,True,26.5,4840,3.4564,2.37
google,1500,10,linear,True,False,10.0,0.4,0.3,0.3,0,0,UK,1,GA,random,4,0.3333333333333333,E26,16.49,95.45,39,1.834666,87.4092,8.4416,0.0,0,12.7091,2.0867,82.112,0.0,True,26.0,4840,5.3518,3.81
google,1500,10,linear,True,False,10.0,0.4,0.3,0.3,0,0,UK,1,GA,random,5,0.3333333333333333,E26,16.49,95.45,39,1.818252,87.5218,9.2607,0.0,0,12.6591,2.0684,83.644,0.0,True,26.0,4840,5.3941,3.78
google,1500,10,linear,True,False,10.0,0.4,0.3,0.3,0,0,UK,1,GA,random,6,0.3333333333333333,E26,16.49,95.45,39,1.823348,87.4868,9.0064,0.0,0,12.6591,2.0691,83.63,0.0,True,26.0,4840,5.3729,3.79
google,1500,10,linear,True,False,10.0,0.4,0.3,0.3,0,0,UK,1,GA,random,7,0.3333333333333333,E26,16.49,95.45,39,1.818848,87.5177,9.231,0.0,0,12.7091,2.0582,81.98,0.0,True,27.5,4840,5.3977,3.71
google,1500,10,linear,True,False,10.0,0.4,0.3,0.3,0,0,UK,1,GA,random,8,0.3333333333333333,E26,16.49,95.45,39,1.820027,87.5096,9.1721,0.0,0,12.6591,2.0702,83.516,0.0,True,25.5,4840,5.4135,3.75
google,1500,10,linear,True,False,10.0,0.4,0.3,0.3,0,0,UK,1,GA,random,9,0.3333333333333333,E26,16.49,95.45,39,1.815731,87.5391,9.3865,0.0,0,12.6591,2.0764,83.819,0.0,True,26.5,4840,5.4944,3.75
google,1500,10,linear,True,False,10.0,0.4,0.3,0.3,0,0,UK,1,GA,random,10,0.3333333333333333,E26,16.49,95.45,39,1.825831,87.4698,8.8824,0.0,0,12.6591,2.0804,83.193,0.0,True,26.5,4840,5.4816,3.64
google,1500,10,linear,True,False,10.0,0.4,0.3,0.3,0,0,UK,1,WOA,carbon,1,0.3333333333333333,E26,16.49,95.45,39,1.802995,87.6265,10.0221,0.0,0,13.2591,2.1404,66.447,0.0,True,28.5,4840,3.1518,2.47
google,1500,20,linear,True,False,10.0,0.4,0.3,0.3,0,0,UK,1,DE,random,5,0.3333333333333333,E26,16.49,95.45,39,1.828733,87.4499,8.7376,0.0,0,12.7591,2.0761,81.049,0.0,True,26.5,4840,2.9593,3.18
google,1500,20,linear,True,False,10.0,0.4,0.3,0.3,0,0,UK,1,DE,random,6,0.3333333333333333,E26,16.49,95.45,39,1.816053,87.5369,9.3704,0.0,0,12.6591,2.0701,83.089,0.0,True,27.5,4840,2.9734,2.77
google,1500,20,linear,True,False,10.0,0.4,0.3,0.3,0,0,UK,1,DE,random,7,0.3333333333333333,E26,16.49,95.45,39,1.810711,87.5735,9.637,0.0,0,12.6091,2.0637,82.312,0.0,True,28.0,4840,2.9538,2.72
google,1500,20,linear,True,False,10.0,0.4,0.3,0.3,0,0,UK,1,DE,random,8,0.3333333333333333,E26,16.49,95.45,39,1.816935,87.5308,9.3264,0.0,0,12.6591,2.0644,83.785,0.0,True,27.0,4840,2.9453,2.77
google,1500,20,linear,True,False,10.0,0.4,0.3,0.3,0,0,UK,1,DE,random,9,0.3333333333333333,E26,16.49,95.45,39,1.841894,87.3595,8.0808,0.0,0,12.8091,2.1046,80.911,0.0,True,26.5,4840,3.0032,2.56
google,1500,20,linear,True,False,10.0,0.4,0.3,0.3,0,0,UK,1,DE,random,10,0.3333333333333333,E26,16.49,95.45,39,1.82894,87.4484,8.7273,0.0,0,12.6591,2.0833,83.558,0.0,True,26.5,4840,3.0322,2.75
google,1500,20,linear,True,False,10.0,0.4,0.3,0.3,0,0,UK,1,HHO,random,1,0.3333333333333333,E26,16.49,95.45,39,1.805374,87.6102,9.9034,0.0,0,13.1091,2.1666,60.826,0.0,True,28.5,8910,4.5522,2.64
google,1500,20,linear,True,False,10.0,0.4,0.3,0.3,0,0,UK,1,HHO,random,2,0.3333333333333333,E26,16.49,95.45,39,1.811362,87.5691,9.6045,0.0,0,13.0091,2.1432,73.071,0.0,True,28.0,8780,4.5461,2.6
google,1500,10,linear,True,False,10.0,0.4,0.3,0.3,0,0,UK,2,Threshold(WaitAwhile),-,0,0.3333333333333333,E26,16.49,95.45,39,2.23421,86.7099,4.2128,0.0,0,13.0591,1.9924,60.869,8.9738,False,24.5,0,0.0181,0.0
google,1500,10,linear,True,False,10.0,0.4,0.3,0.3,0,0,UK,2,WOA,random,1,0.3333333333333333,E26,16.49,95.45,39,2.248837,86.6229,3.5858,0.0,0,12.8591,2.1276,79.361,0.0,True,25.0,4840,2.951,2.7
google,1500,10,linear,True,False,10.0,0.4,0.3,0.3,0,0,UK,2,WOA,random,2,0.3333333333333333,E26,16.49,95.45,39,2.260606,86.5529,3.0812,0.0,0,12.8591,2.1179,76.23,0.0,True,26.0,4840,2.9886,2.52
google,1500,10,linear,True,False,10.0,0.4,0.3,0.3,0,0,UK,2,WOA,random,3,0.3333333333333333,E26,16.49,95.45,39,2.251608,86.6064,3.467,0.0,0,12.8591,2.1169,77.585,0.0,True,25.5,4840,3.0569,2.52
google,1500,10,linear,True,False,10.0,0.4,0.3,0.3,0,0,UK,2,WOA,random,4,0.3333333333333333,E26,16.49,95.45,39,2.271348,86.489,2.6206,0.0,0,12.9591,2.1315,73.888,0.0,True,26.0,4840,2.9912,2.61
google,1500,10,linear,True,False,10.0,0.4,0.3,0.3,0,0,UK,2,WOA,random,5,0.3333333333333333,E26,16.49,95.45,39,2.258067,86.568,3.19,0.0,0,12.9091,2.1139,79.087,0.0,True,25.5,4840,3.0241,2.58
google,1500,10,linear,True,False,10.0,0.4,0.3,0.3,0,0,UK,2,WOA,random,6,0.3333333333333333,E26,16.49,95.45,39,2.260716,86.5523,3.0765,0.0,0,12.9091,2.133,74.739,0.0,True,26.5,4840,3.0007,2.52
google,1500,10,linear,True,False,10.0,0.4,0.3,0.3,0,0,UK,2,WOA,random,7,0.3333333333333333,E26,16.49,95.45,39,2.239507,86.6784,3.9858,0.0,0,12.8091,2.0992,76.447,0.0,True,24.5,4840,3.1231,2.63
google,1500,20,linear,True,False,10.0,0.4,0.3,0.3,0,0,UK,1,GA,random,9,0.3333333333333333,E26,16.49,95.45,39,1.815731,87.5391,9.3865,0.0,0,12.6591,2.0764,83.819,0.0,True,26.5,4840,5.1408,3.75
google,1500,20,linear,True,False,10.0,0.4,0.3,0.3,0,0,UK,1,GA,random,10,0.3333333333333333,E26,16.49,95.45,39,1.825831,87.4698,8.8824,0.0,0,12.6591,2.0804,83.193,0.0,True,26.5,4840,5.1395,3.64
google,1500,20,linear,True,False,10.0,0.4,0.3,0.3,0,0,UK,1,WOA,carbon,1,0.3333333333333333,E26,16.49,95.45,39,1.661192,88.5997,17.0987,0.0,0,12.7591,1.9225,70.435,0.0,True,26.5,4840,3.0431,2.44
google,1500,20,linear,True,False,10.0,0.4,0.3,0.3,0,0,UK,1,WOA,carbon,2,0.3333333333333333,E26,16.49,95.45,39,1.668047,88.5526,16.7566,0.0,0,12.9591,1.9439,64.636,0.0,True,27.5,4840,2.9798,2.49
google,1500,20,linear,True,False,10.0,0.4,0.3,0.3,0,0,UK,1,WOA,carbon,3,0.3333333333333333,E26,16.49,95.45,39,1.664459,88.5772,16.9357,0.0,0,12.8091,1.9317,70.273,0.0,True,27.0,4840,2.9878,2.43
google,1500,20,linear,True,False,10.0,0.4,0.3,0.3,0,0,UK,1,WOA,carbon,4,0.3333333333333333,E26,16.49,95.45,39,1.652938,88.6563,17.5106,0.0,0,12.7091,1.9155,73.676,0.0,True,26.5,4840,3.081,2.5
google,1500,20,linear,True,False,10.0,0.4,0.3,0.3,0,0,UK,1,WOA,carbon,5,0.3333333333333333,E26,16.49,95.45,39,1.66748,88.5565,16.7849,0.0,0,12.9091,1.9542,66.137,0.0,True,27.5,4840,3.1186,2.7
google,1500,20,linear,True,False,10.0,0.4,0.3,0.3,0,0,UK,1,WOA,carbon,6,0.3333333333333333,E26,16.49,95.45,39,1.664967,88.5737,16.9103,0.0,0,12.9091,1.945,66.893,0.0,True,27.0,4840,3.1218,2.57
google,1500,20,linear,True,False,10.0,0.4,0.3,0.3,0,0,UK,1,HHO,random,3,0.3333333333333333,E26,16.49,95.45,39,1.788733,87.7244,10.7338,0.0,0,12.9091,2.115,68.977,0.0,True,28.5,8894,4.7706,2.79
google,1500,20,linear,True,False,10.0,0.4,0.3,0.3,0,0,UK,1,HHO,random,4,0.3333333333333333,E26,16.49,95.45,39,1.802172,87.6321,10.0631,0.0,0,13.0091,2.1426,70.853,0.0,True,28.0,9094,4.7674,2.64
google,1500,20,linear,True,False,10.0,0.4,0.3,0.3,0,0,UK,1,HHO,random,5,0.3333333333333333,E26,16.49,95.45,39,1.811615,87.5673,9.5919,0.0,0,13.0591,2.1644,64.198,0.0,True,28.0,8986,4.8156,2.79
google,1500,20,linear,True,False,10.0,0.4,0.3,0.3,0,0,UK,1,HHO,random,6,0.3333333333333333,E26,16.49,95.45,39,1.830346,87.4388,8.6571,0.0,0,13.0591,2.1683,72.511,0.0,True,28.0,8968,4.8059,2.73
google,1500,20,linear,True,False,10.0,0.4,0.3,0.3,0,0,UK,1,HHO,random,7,0.3333333333333333,E26,16.49,95.45,39,1.791873,87.7028,10.5771,0.0,0,12.9591,2.1374,69.337,0.0,True,28.5,8946,4.8139,2.98
google,1500,20,linear,True,False,10.0,0.4,0.3,0.3,0,0,UK,1,HHO,random,8,0.3333333333333333,E26,16.49,95.45,39,1.8169,87.5311,9.3282,0.0,0,13.1091,2.1735,63.884,0.0,True,28.5,8872,4.9934,2.85
google,1500,20,linear,True,False,10.0,0.4,0.3,0.3,0,0,UK,1,HHO,random,9,0.3333333333333333,E26,16.49,95.45,39,1.814762,87.5457,9.4349,0.0,0,13.2091,2.173,58.105,0.0,True,28.5,8790,5.0219,2.59
google,1500,20,linear,True,False,10.0,0.4,0.3,0.3,0,0,UK,1,HHO,random,10,0.3333333333333333,E26,16.49,95.45,39,1.813042,87.5575,9.5207,0.0,0,13.0591,2.161,65.997,0.0,True,28.5,8942,4.9709,2.56
google,1500,20,linear,True,False,10.0,0.4,0.3,0.3,0,0,UK,2,Consolidation,-,0,0.3333333333333333,E26,16.49,95.45,39,2.332474,86.1254,0.0,0.0,0,13.3091,2.1675,55.842,0.0,True,24.5,0,0.0,0.0
google,1500,20,linear,True,False,10.0,0.4,0.3,0.3,0,0,UK,2,Greedy(EDF+greenest),-,0,0.3333333333333333,E26,16.49,95.45,39,2.142842,87.2534,8.13,0.0,0,12.8591,1.9624,64.537,0.0,True,26.5,0,0.0002,0.0
google,1500,20,linear,True,False,10.0,0.4,0.3,0.3,0,0,UK,2,VCC(Google),-,0,0.3333333333333333,E26,16.49,95.45,39,2.331263,86.1326,0.0519,0.0,0,13.3091,2.1675,56.156,0.0,True,24.5,0,0.0045,0.0
google,1500,20,linear,True,False,10.0,0.4,0.3,0.3,0,0,UK,2,Threshold(WaitAwhile),-,0,0.3333333333333333,E26,16.49,95.45,39,2.23421,86.7099,4.2128,0.0,0,13.0591,1.9924,60.869,0.0,True,24.5,0,0.021,0.0
google,1500,20,linear,True,False,10.0,0.4,0.3,0.3,0,0,UK,2,WOA,random,1,0.3333333333333333,E26,16.49,95.45,39,2.262509,86.5416,2.9996,0.0,0,12.9091,2.1128,74.116,0.0,True,24.5,4840,3.15,2.51
google,1500,20,linear,True,False,10.0,0.4,0.3,0.3,0,0,UK,2,WOA,random,2,0.3333333333333333,E26,16.49,95.45,39,2.268489,86.506,2.7432,0.0,0,12.9091,2.1259,75.977,0.0,True,26.0,4840,3.2252,2.49
google,1500,20,linear,True,False,10.0,0.4,0.3,0.3,0,0,UK,2,WOA,random,3,0.3333333333333333,E26,16.49,95.45,39,2.259055,86.5621,3.1477,0.0,0,12.9091,2.1244,76.398,0.0,True,25.5,4840,3.0975,2.72
google,1500,20,linear,True,False,10.0,0.4,0.3,0.3,0,0,UK,2,WOA,random,4,0.3333333333333333,E26,16.49,95.45,39,2.260488,86.5536,3.0862,0.0,0,12.8591,2.1293,76.908,0.0,True,25.5,4840,3.1206,2.53
google,1500,10,linear,True,False,10.0,0.4,0.3,0.3,0,0,UK,2,WOA,random,8,0.3333333333333333,E26,16.49,95.45,39,2.255181,86.5852,3.3138,0.0,0,12.8591,2.1184,74.753,0.0,True,25.0,4840,2.9899,2.62
google,1500,10,linear,True,False,10.0,0.4,0.3,0.3,0,0,UK,2,WOA,random,9,0.3333333333333333,E26,16.49,95.45,39,2.262426,86.5421,3.0032,0.0,0,12.9091,2.143,76.023,0.0,True,26.0,4840,3.004,2.57
google,1500,10,linear,True,False,10.0,0.4,0.3,0.3,0,0,UK,2,WOA,random,10,0.3333333333333333,E26,16.49,95.45,39,2.265563,86.5234,2.8687,0.0,0,12.9591,2.146,75.609,0.0,True,27.5,4840,2.9917,2.86
google,1500,10,linear,True,False,10.0,0.4,0.3,0.3,0,0,UK,2,GWO,random,1,0.3333333333333333,E26,16.49,95.45,39,2.265728,86.5224,2.8616,0.0,0,12.9091,2.1327,79.861,0.0,True,26.0,4840,3.5655,2.4
google,1500,10,linear,True,False,10.0,0.4,0.3,0.3,0,0,UK,2,GWO,random,2,0.3333333333333333,E26,16.49,95.45,39,2.232314,86.7212,4.2941,0.0,0,12.7591,2.0972,82.375,0.0,True,25.0,4840,3.6001,2.73
google,1500,10,linear,True,False,10.0,0.4,0.3,0.3,0,0,UK,2,GWO,random,3,0.3333333333333333,E26,16.49,95.45,39,2.235289,86.7035,4.1666,0.0,0,12.7591,2.0926,82.661,0.0,True,25.5,4840,3.6529,2.49
google,1500,10,linear,True,False,10.0,0.4,0.3,0.3,0,0,UK,2,GWO,random,4,0.3333333333333333,E26,16.49,95.45,39,2.273022,86.4791,2.5489,0.0,0,12.9591,2.1329,79.373,0.0,True,25.5,4840,3.5652,2.34
google,1500,10,linear,True,False,10.0,0.4,0.3,0.3,0,0,UK,2,GWO,random,5,0.3333333333333333,E26,16.49,95.45,39,2.267526,86.5118,2.7845,0.0,0,12.9591,2.1226,78.867,0.0,True,27.0,4840,3.6106,2.28
google,1500,10,linear,True,False,10.0,0.4,0.3,0.3,0,0,UK,2,PSO,random,4,0.3333333333333333,E26,16.49,95.45,39,2.262818,86.5398,2.9863,0.0,0,12.9091,2.1197,78.737,0.0,True,27.0,4840,3.1079,4.29
google,1500,10,linear,True,False,10.0,0.4,0.3,0.3,0,0,UK,2,PSO,random,5,0.3333333333333333,E26,16.49,95.45,39,2.266756,86.5163,2.8175,0.0,0,12.9591,2.1248,78.935,0.0,True,26.5,4840,3.1278,4.11
google,1500,10,linear,True,False,10.0,0.4,0.3,0.3,0,0,UK,2,PSO,random,6,0.3333333333333333,E26,16.49,95.45,39,2.281069,86.4312,2.2039,0.0,0,13.0091,2.1507,76.927,0.0,True,27.0,4840,3.2201,4.16
google,1500,10,linear,True,False,10.0,0.4,0.3,0.3,0,0,UK,2,PSO,random,7,0.3333333333333333,E26,16.49,95.45,39,2.280486,86.4347,2.2289,0.0,0,13.0091,2.1467,76.336,0.0,True,27.0,4840,3.243,4.12
google,1500,10,linear,True,False,10.0,0.4,0.3,0.3,0,0,UK,2,PSO,random,8,0.3333333333333333,E26,16.49,95.45,39,2.263242,86.5372,2.9682,0.0,0,12.9091,2.1299,80.952,0.0,True,25.5,4840,3.2865,4.3
google,1500,10,linear,True,False,10.0,0.4,0.3,0.3,0,0,UK,2,PSO,random,9,0.3333333333333333,E26,16.49,95.45,39,2.247626,86.6301,3.6377,0.0,0,12.8591,2.1068,80.395,0.0,True,26.0,4840,3.2023,4.23
google,1500,10,linear,True,False,10.0,0.4,0.3,0.3,0,0,UK,2,PSO,random,10,0.3333333333333333,E26,16.49,95.45,39,2.270619,86.4934,2.6519,0.0,0,12.9591,2.1385,78.995,0.0,True,26.5,4840,3.2356,4.23
google,1500,10,linear,True,False,10.0,0.4,0.3,0.3,0,0,UK,2,DE,random,1,0.3333333333333333,E26,16.49,95.45,39,2.215395,86.8218,5.0195,0.0,0,12.6591,2.0751,84.624,0.0,True,25.5,4840,3.1722,2.61
google,1500,10,linear,True,False,10.0,0.4,0.3,0.3,0,0,UK,2,DE,random,2,0.3333333333333333,E26,16.49,95.45,39,2.221157,86.7876,4.7725,0.0,0,12.7091,2.0867,83.662,0.0,True,25.5,4840,2.9999,2.59
google,1500,10,linear,True,False,10.0,0.4,0.3,0.3,0,0,UK,2,DE,random,3,0.3333333333333333,E26,16.49,95.45,39,2.261989,86.5447,3.0219,0.0,0,12.9091,2.1226,79.347,0.0,True,26.0,4840,3.0593,2.5
google,1500,10,linear,True,False,10.0,0.4,0.3,0.3,0,0,UK,2,DE,random,4,0.3333333333333333,E26,16.49,95.45,39,2.255652,86.5824,3.2936,0.0,0,12.8591,2.1162,81.187,0.0,True,26.5,4840,3.1192,2.47
google,1500,10,linear,True,False,10.0,0.4,0.3,0.3,0,0,UK,2,DE,random,5,0.3333333333333333,E26,16.49,95.45,39,2.212873,86.8369,5.1276,0.0,0,12.6591,2.0843,84.124,0.0,True,27.0,4840,3.2021,2.68
google,1500,10,linear,True,False,10.0,0.4,0.3,0.3,0,0,UK,2,DE,random,6,0.3333333333333333,E26,16.49,95.45,39,2.225693,86.7606,4.578,0.0,0,12.7091,2.0839,82.183,0.0,True,26.0,4840,3.1461,2.67
google,1500,10,linear,True,False,10.0,0.4,0.3,0.3,0,0,UK,2,DE,random,7,0.3333333333333333,E26,16.49,95.45,39,2.206322,86.8758,5.4085,0.0,0,12.6091,2.0843,84.026,0.0,True,26.5,4840,3.0728,2.78
google,1500,10,linear,True,False,10.0,0.4,0.3,0.3,0,0,UK,2,DE,random,8,0.3333333333333333,E26,16.49,95.45,39,2.204156,86.8887,5.5013,0.0,0,12.6091,2.0706,85.351,0.0,True,26.5,4840,3.1349,2.89
google,1500,10,linear,True,False,10.0,0.4,0.3,0.3,0,0,UK,2,DE,random,9,0.3333333333333333,E26,16.49,95.45,39,2.199241,86.9179,5.7121,0.0,0,12.5591,2.0865,85.144,0.0,True,26.0,4840,3.1786,2.74
google,1500,10,linear,True,False,10.0,0.4,0.3,0.3,0,0,UK,2,GWO,random,6,0.3333333333333333,E26,16.49,95.45,39,2.255324,86.5843,3.3076,0.0,0,12.8591,2.1379,80.317,0.0,True,27.5,4840,3.4887,2.57
google,1500,10,linear,True,False,10.0,0.4,0.3,0.3,0,0,UK,2,GWO,random,7,0.3333333333333333,E26,16.49,95.45,39,2.259221,86.5612,3.1406,0.0,0,12.9091,2.1403,79.699,0.0,True,27.5,4840,3.4916,2.39
google,1500,10,linear,True,False,10.0,0.4,0.3,0.3,0,0,UK,2,GWO,random,8,0.3333333333333333,E26,16.49,95.45,39,2.268339,86.5069,2.7497,0.0,0,12.9091,2.1338,78.89,0.0,True,26.0,4840,3.6036,2.4
google,1500,10,linear,True,False,10.0,0.4,0.3,0.3,0,0,UK,2,GWO,random,9,0.3333333333333333,E26,16.49,95.45,39,2.228495,86.7439,4.4579,0.0,0,12.7091,2.0867,83.7,0.0,True,25.5,4840,3.6438,2.64
google,1500,10,linear,True,False,10.0,0.4,0.3,0.3,0,0,UK,2,GWO,random,10,0.3333333333333333,E26,16.49,95.45,39,2.241896,86.6642,3.8833,0.0,0,12.8091,2.1012,81.65,0.0,True,25.5,4840,3.6365,2.47
google,1500,10,linear,True,False,10.0,0.4,0.3,0.3,0,0,UK,2,PSO,random,1,0.3333333333333333,E26,16.49,95.45,39,2.272601,86.4816,2.5669,0.0,0,12.9591,2.122,78.311,0.0,True,27.0,4840,3.1785,4.49
google,1500,10,linear,True,False,10.0,0.4,0.3,0.3,0,0,UK,2,PSO,random,2,0.3333333333333333,E26,16.49,95.45,39,2.284618,86.4101,2.0517,0.0,0,13.0091,2.1364,77.268,0.0,True,27.0,4840,3.2309,4.05
google,1500,10,linear,True,False,10.0,0.4,0.3,0.3,0,0,UK,2,PSO,random,3,0.3333333333333333,E26,16.49,95.45,39,2.273394,86.4768,2.5329,0.0,0,12.9591,2.1477,78.049,0.0,True,28.0,4840,3.2901,4.28
google,1500,20,linear,True,False,10.0,0.4,0.3,0.3,0,0,UK,1,GA,random,1,0.3333333333333333,E26,16.49,95.45,39,1.815489,87.5408,9.3986,0.0,0,12.6591,2.0678,83.69,0.0,True,26.5,4840,5.5198,3.77
google,1500,20,linear,True,False,10.0,0.4,0.3,0.3,0,0,UK,1,GA,random,2,0.3333333333333333,E26,16.49,95.45,39,1.815499,87.5407,9.3981,0.0,0,12.6591,2.0656,83.192,0.0,True,27.0,4840,5.4998,3.73
google,1500,20,linear,True,False,10.0,0.4,0.3,0.3,0,0,UK,1,GA,random,3,0.3333333333333333,E26,16.49,95.45,39,1.818744,87.5184,9.2361,0.0,0,12.6591,2.0633,82.967,0.0,True,26.0,4840,5.6481,3.71
google,1500,20,linear,True,False,10.0,0.4,0.3,0.3,0,0,UK,1,GA,random,4,0.3333333333333333,E26,16.49,95.45,39,1.834666,87.4092,8.4416,0.0,0,12.7091,2.0867,82.112,0.0,True,26.0,4840,5.5828,3.81
google,1500,20,linear,True,False,10.0,0.4,0.3,0.3,0,0,UK,1,GA,random,5,0.3333333333333333,E26,16.49,95.45,39,1.818252,87.5218,9.2607,0.0,0,12.6591,2.0684,83.644,0.0,True,26.0,4840,5.7778,3.77
google,1500,20,linear,True,False,10.0,0.4,0.3,0.3,0,0,UK,1,GA,random,6,0.3333333333333333,E26,16.49,95.45,39,1.823348,87.4868,9.0064,0.0,0,12.6591,2.0691,83.63,0.0,True,26.0,4840,5.9256,3.79
google,1500,20,linear,True,False,10.0,0.4,0.3,0.3,0,0,UK,1,GA,random,7,0.3333333333333333,E26,16.49,95.45,39,1.818848,87.5177,9.231,0.0,0,12.7091,2.0582,81.98,0.0,True,27.5,4840,5.785,3.71
google,1500,20,linear,True,False,10.0,0.4,0.3,0.3,0,0,UK,1,GA,random,8,0.3333333333333333,E26,16.49,95.45,39,1.820027,87.5096,9.1721,0.0,0,12.6591,2.0702,83.516,0.0,True,25.5,4840,5.942,3.75
google,1500,10,linear,True,False,10.0,0.4,0.3,0.3,0,0,UK,2,WOA,carbon,4,0.3333333333333333,E26,16.49,95.45,39,2.178297,87.0425,6.61,0.0,0,12.8091,1.9881,75.24,0.0,True,27.5,4840,3.1278,2.64
google,1500,10,linear,True,False,10.0,0.4,0.3,0.3,0,0,UK,2,WOA,carbon,5,0.3333333333333333,E26,16.49,95.45,39,2.166199,87.1145,7.1287,0.0,0,12.8591,1.9791,70.095,0.0,True,27.5,4840,3.1725,2.63
google,1500,10,linear,True,False,10.0,0.4,0.3,0.3,0,0,UK,2,WOA,carbon,6,0.3333333333333333,E26,16.49,95.45,39,2.186463,86.9939,6.2599,0.0,0,12.9591,2.0016,67.178,0.0,True,26.0,4840,3.1991,2.45
google,1500,10,linear,True,False,10.0,0.4,0.3,0.3,0,0,UK,2,WOA,carbon,7,0.3333333333333333,E26,16.49,95.45,39,2.176857,87.0511,6.6718,0.0,0,12.9091,1.9849,69.821,0.0,True,26.5,4840,3.1081,2.81
google,1500,10,linear,True,False,10.0,0.4,0.3,0.3,0,0,UK,2,WOA,carbon,8,0.3333333333333333,E26,16.49,95.45,39,2.151313,87.203,7.7669,0.0,0,12.7591,1.9549,69.211,0.0,True,26.5,4840,3.1094,2.91
google,1500,10,linear,True,False,10.0,0.4,0.3,0.3,0,0,UK,2,WOA,carbon,9,0.3333333333333333,E26,16.49,95.45,39,2.165085,87.1211,7.1764,0.0,0,12.8091,1.9636,72.254,0.0,True,26.5,4840,3.196,2.82
google,1500,10,linear,True,False,10.0,0.4,0.3,0.3,0,0,UK,2,WOA,carbon,10,0.3333333333333333,E26,16.49,95.45,39,2.170127,87.0911,6.9603,0.0,0,12.8591,1.978,68.635,0.0,True,26.5,4840,3.2323,2.55
google,1500,20,linear,True,False,10.0,0.4,0.3,0.3,0,0,UK,2,FIFO,-,0,0.3333333333333333,E26,16.49,95.45,39,16.811124,0.0,-620.7423,0.0,0,95.9591,15.66,5.308,0.0,True,24.5,0,0.0,0.0
google,1500,10,linear,True,False,10.0,0.4,0.3,0.3,0,0,UK,2,DE,random,10,0.3333333333333333,E26,16.49,95.45,39,2.243564,86.6543,3.8118,0.0,0,12.8091,2.1182,81.79,0.0,True,26.0,4840,2.9994,2.55
google,1500,10,linear,True,False,10.0,0.4,0.3,0.3,0,0,UK,2,HHO,random,1,0.3333333333333333,E26,16.49,95.45,39,2.237797,86.6886,4.0591,0.0,0,12.7591,2.1047,78.149,0.0,True,27.0,8910,4.6588,2.62
google,1500,10,linear,True,False,10.0,0.4,0.3,0.3,0,0,UK,2,HHO,random,2,0.3333333333333333,E26,16.49,95.45,39,2.233602,86.7135,4.2389,0.0,0,12.7591,2.0807,79.604,0.0,True,24.5,8780,4.7277,2.76
google,1500,10,linear,True,False,10.0,0.4,0.3,0.3,0,0,UK,2,HHO,random,3,0.3333333333333333,E26,16.49,95.45,39,2.265621,86.5231,2.8662,0.0,0,12.9091,2.1162,74.649,0.0,True,25.0,8894,4.7076,2.64
google,1500,10,linear,True,False,10.0,0.4,0.3,0.3,0,0,UK,2,HHO,random,4,0.3333333333333333,E26,16.49,95.45,39,2.240865,86.6703,3.9275,0.0,0,12.8091,2.1037,76.675,0.0,True,26.0,9094,4.8035,2.62
google,1500,10,linear,True,False,10.0,0.4,0.3,0.3,0,0,UK,2,HHO,random,5,0.3333333333333333,E26,16.49,95.45,39,2.24224,86.6622,3.8686,0.0,0,12.8091,2.1115,76.261,0.0,True,25.5,8986,4.8298,2.59
google,1500,10,linear,True,False,10.0,0.4,0.3,0.3,0,0,UK,2,HHO,random,6,0.3333333333333333,E26,16.49,95.45,39,2.267601,86.5113,2.7813,0.0,0,12.9591,2.1441,74.269,0.0,True,26.0,8968,4.8278,2.59
google,1500,10,linear,True,False,10.0,0.4,0.3,0.3,0,0,UK,2,HHO,random,7,0.3333333333333333,E26,16.49,95.45,39,2.261069,86.5502,3.0613,0.0,0,12.9591,2.1369,75.101,0.0,True,26.5,8946,4.8001,2.65
google,1500,20,linear,True,False,10.0,0.4,0.3,0.3,0,0,UK,2,WOA,random,5,0.3333333333333333,E26,16.49,95.45,39,2.27181,86.4863,2.6008,0.0,0,12.9591,2.1391,77.816,0.0,True,26.5,4840,3.1815,2.61
google,1500,20,linear,True,False,10.0,0.4,0.3,0.3,0,0,UK,2,WOA,random,6,0.3333333333333333,E26,16.49,95.45,39,2.260851,86.5515,3.0707,0.0,0,12.9091,2.133,74.753,0.0,True,26.5,4840,3.0874,2.51
google,1500,20,linear,True,False,10.0,0.4,0.3,0.3,0,0,UK,2,WOA,random,7,0.3333333333333333,E26,16.49,95.45,39,2.266391,86.5185,2.8332,0.0,0,12.9591,2.1291,73.301,0.0,True,25.5,4840,3.1238,2.55
google,1500,20,linear,True,False,10.0,0.4,0.3,0.3,0,0,UK,2,WOA,random,8,0.3333333333333333,E26,16.49,95.45,39,2.267545,86.5116,2.7837,0.0,0,12.9591,2.1357,76.29,0.0,True,26.0,4840,3.1435,2.62
google,1500,20,linear,True,False,10.0,0.4,0.3,0.3,0,0,UK,2,WOA,random,9,0.3333333333333333,E26,16.49,95.45,39,2.277556,86.4521,2.3545,0.0,0,13.0091,2.1499,77.519,0.0,True,27.0,4840,3.1785,2.52
google,1500,20,linear,True,False,10.0,0.4,0.3,0.3,0,0,UK,2,WOA,random,10,0.3333333333333333,E26,16.49,95.45,39,2.274871,86.4681,2.4696,0.0,0,13.0091,2.1505,73.731,0.0,True,26.0,4840,3.2005,2.67
google,1500,20,linear,True,False,10.0,0.4,0.3,0.3,0,0,UK,2,GWO,random,1,0.3333333333333333,E26,16.49,95.45,39,2.265728,86.5224,2.8616,0.0,0,12.9091,2.1327,79.861,0.0,True,26.0,4840,3.6669,2.4
google,1500,20,linear,True,False,10.0,0.4,0.3,0.3,0,0,UK,2,GWO,random,2,0.3333333333333333,E26,16.49,95.45,39,2.232314,86.7212,4.2941,0.0,0,12.7591,2.0972,82.375,0.0,True,25.0,4840,3.6623,2.73
google,1500,20,linear,True,False,10.0,0.4,0.3,0.3,0,0,UK,2,WOA,carbon,9,0.3333333333333333,E26,16.49,95.45,39,2.120333,87.3873,9.0951,0.0,0,12.7091,1.9399,70.28,0.0,True,27.0,4840,3.1995,2.46
google,1500,20,linear,True,False,10.0,0.4,0.3,0.3,0,0,UK,2,WOA,carbon,10,0.3333333333333333,E26,16.49,95.45,39,2.119121,87.3945,9.1471,0.0,0,12.7091,1.9399,70.625,0.0,True,26.5,4840,3.1781,2.37
google,1500,10,linear,True,False,10.0,0.4,0.3,0.3,0,0,UK,3,FIFO,-,0,0.3333333333333333,E26,16.49,95.45,39,11.781379,0.0,-624.7053,0.0,0,95.9591,15.66,5.308,8.9738,False,24.5,0,0.0,0.0
google,1500,10,linear,True,False,10.0,0.4,0.3,0.3,0,0,UK,3,Consolidation,-,0,0.3333333333333333,E26,16.49,95.45,39,1.625679,86.2013,0.0,0.0,0,13.3091,2.1675,55.842,8.9738,False,24.5,0,0.0,0.0
google,1500,10,linear,True,False,10.0,0.4,0.3,0.3,0,0,UK,3,Greedy(EDF+greenest),-,0,0.3333333333333333,E26,16.49,95.45,39,1.206268,89.7612,25.7991,0.0,0,12.5591,1.8919,68.565,23.8107,False,27.5,0,0.0002,0.0
google,1500,10,linear,True,False,10.0,0.4,0.3,0.3,0,0,UK,3,VCC(Google),-,0,0.3333333333333333,E26,16.49,95.45,39,1.55291,86.8189,4.4762,0.0,0,13.2091,2.1525,65.015,0.0,True,24.5,0,0.006,0.0
google,1500,10,linear,True,False,10.0,0.4,0.3,0.3,0,0,UK,3,Threshold(WaitAwhile),-,0,0.3333333333333333,E26,16.49,95.45,39,1.223064,89.6187,24.766,0.0,0,12.6091,1.8994,63.342,23.9155,False,24.5,0,0.0221,0.0
google,1500,10,linear,True,False,10.0,0.4,0.3,0.3,0,0,UK,3,WOA,random,1,0.3333333333333333,E26,16.49,95.45,39,1.36493,88.4145,16.0394,0.0,0,13.1091,2.1571,71.476,0.0,True,28.0,4840,3.2205,2.59
google,1500,10,linear,True,False,10.0,0.4,0.3,0.3,0,0,UK,2,GA,random,6,0.3333333333333333,E26,16.49,95.45,39,2.212931,86.8365,5.1252,0.0,0,12.6591,2.086,83.483,0.0,True,26.0,4840,5.7074,3.66
google,1500,10,linear,True,False,10.0,0.4,0.3,0.3,0,0,UK,2,GA,random,7,0.3333333333333333,E26,16.49,95.45,39,2.192262,86.9595,6.0113,0.0,0,12.5591,2.0626,85.594,0.0,True,25.5,4840,5.8121,3.76
google,1500,10,linear,True,False,10.0,0.4,0.3,0.3,0,0,UK,2,GA,random,8,0.3333333333333333,E26,16.49,95.45,39,2.203056,86.8953,5.5485,0.0,0,12.6091,2.0762,83.616,0.0,True,26.5,4840,5.7071,3.7
google,1500,10,linear,True,False,10.0,0.4,0.3,0.3,0,0,UK,2,GA,random,9,0.3333333333333333,E26,16.49,95.45,39,2.206567,86.8744,5.398,0.0,0,12.6091,2.0751,84.667,0.0,True,25.5,4840,5.8338,3.56
google,1500,10,linear,True,False,10.0,0.4,0.3,0.3,0,0,UK,2,GA,random,10,0.3333333333333333,E26,16.49,95.45,39,2.210544,86.8507,5.2275,0.0,0,12.6091,2.0899,84.186,0.0,True,25.5,4840,5.8756,3.75
google,1500,10,linear,True,False,10.0,0.4,0.3,0.3,0,0,UK,2,WOA,carbon,1,0.3333333333333333,E26,16.49,95.45,39,2.178233,87.0429,6.6127,0.0,0,12.9091,1.9941,67.389,0.0,True,26.0,4840,3.3646,2.7
google,1500,10,linear,True,False,10.0,0.4,0.3,0.3,0,0,UK,2,WOA,carbon,2,0.3333333333333333,E26,16.49,95.45,39,2.189452,86.9762,6.1318,0.0,0,12.9591,2.0022,69.277,0.0,True,26.5,4840,3.4109,2.45
google,1500,10,linear,True,False,10.0,0.4,0.3,0.3,0,0,UK,2,WOA,carbon,3,0.3333333333333333,E26,16.49,95.45,39,2.194057,86.9488,5.9343,0.0,0,13.0091,2.008,66.165,0.0,True,27.0,4840,3.4059,2.62
google,1500,10,linear,True,False,10.0,0.4,0.3,0.3,0,0,UK,2,HHO,random,8,0.3333333333333333,E26,16.49,95.45,39,2.264435,86.5301,2.917,0.0,0,12.9091,2.1231,75.125,0.0,True,25.0,8872,4.596,2.64
google,1500,10,linear,True,False,10.0,0.4,0.3,0.3,0,0,UK,2,HHO,random,9,0.3333333333333333,E26,16.49,95.45,39,2.283333,86.4177,2.1068,0.0,0,13.0091,2.136,70.672,0.0,True,26.5,8790,4.6973,2.59
google,1500,10,linear,True,False,10.0,0.4,0.3,0.3,0,0,UK,2,HHO,random,10,0.3333333333333333,E26,16.49,95.45,39,2.271088,86.4906,2.6318,0.0,0,12.9591,2.1312,72.779,0.0,True,24.5,8942,4.8092,2.62
google,1500,10,linear,True,False,10.0,0.4,0.3,0.3,0,0,UK,2,GA,random,1,0.3333333333333333,E26,16.49,95.45,39,2.204744,86.8852,5.4761,0.0,0,12.6091,2.0592,85.883,0.0,True,25.0,4840,5.3559,3.65
google,1500,10,linear,True,False,10.0,0.4,0.3,0.3,0,0,UK,2,GA,random,2,0.3333333333333333,E26,16.49,95.45,39,2.205131,86.8829,5.4596,0.0,0,12.6091,2.0654,84.674,0.0,True,25.5,4840,5.4994,3.71
google,1500,10,linear,True,False,10.0,0.4,0.3,0.3,0,0,UK,2,GA,random,3,0.3333333333333333,E26,16.49,95.45,39,2.194476,86.9463,5.9164,0.0,0,12.5591,2.0732,86.156,0.0,True,25.5,4840,5.5241,3.68
google,1500,10,linear,True,False,10.0,0.4,0.3,0.3,0,0,UK,2,GA,random,4,0.3333333333333333,E26,16.49,95.45,39,2.205185,86.8826,5.4573,0.0,0,12.6091,2.0779,83.638,0.0,True,27.0,4840,5.4943,3.67
google,1500,10,linear,True,False,10.0,0.4,0.3,0.3,0,0,UK,2,GA,random,5,0.3333333333333333,E26,16.49,95.45,39,2.19581,86.9384,5.8592,0.0,0,12.5591,2.0665,85.272,0.0,True,25.5,4840,5.5355,3.63
google,1500,20,linear,True,False,10.0,0.4,0.3,0.3,0,0,UK,2,PSO,random,1,0.3333333333333333,E26,16.49,95.45,39,2.272601,86.4816,2.5669,0.0,0,12.9591,2.122,78.311,0.0,True,27.0,4840,3.2712,4.53
google,1500,20,linear,True,False,10.0,0.4,0.3,0.3,0,0,UK,2,PSO,random,2,0.3333333333333333,E26,16.49,95.45,39,2.284618,86.4101,2.0517,0.0,0,13.0091,2.1364,77.268,0.0,True,27.0,4840,3.2857,4.05
google,1500,20,linear,True,False,10.0,0.4,0.3,0.3,0,0,UK,2,PSO,random,3,0.3333333333333333,E26,16.49,95.45,39,2.273394,86.4768,2.5329,0.0,0,12.9591,2.1477,78.049,0.0,True,28.0,4840,3.2865,4.28
google,1500,20,linear,True,False,10.0,0.4,0.3,0.3,0,0,UK,2,PSO,random,4,0.3333333333333333,E26,16.49,95.45,39,2.262818,86.5398,2.9863,0.0,0,12.9091,2.1197,78.737,0.0,True,27.0,4840,3.2568,4.29
google,1500,20,linear,True,False,10.0,0.4,0.3,0.3,0,0,UK,2,PSO,random,5,0.3333333333333333,E26,16.49,95.45,39,2.266756,86.5163,2.8175,0.0,0,12.9591,2.1248,78.935,0.0,True,26.5,4840,3.2732,4.11
google,1500,20,linear,True,False,10.0,0.4,0.3,0.3,0,0,UK,2,PSO,random,6,0.3333333333333333,E26,16.49,95.45,39,2.281069,86.4312,2.2039,0.0,0,13.0091,2.1507,76.927,0.0,True,27.0,4840,3.2791,4.16
google,1500,20,linear,True,False,10.0,0.4,0.3,0.3,0,0,UK,2,PSO,random,7,0.3333333333333333,E26,16.49,95.45,39,2.280486,86.4347,2.2289,0.0,0,13.0091,2.1467,76.336,0.0,True,27.0,4840,3.2924,4.12
google,1500,20,linear,True,False,10.0,0.4,0.3,0.3,0,0,UK,2,PSO,random,8,0.3333333333333333,E26,16.49,95.45,39,2.263242,86.5372,2.9682,0.0,0,12.9091,2.1299,80.952,0.0,True,25.5,4840,3.314,4.3
google,1500,20,linear,True,False,10.0,0.4,0.3,0.3,0,0,UK,2,PSO,random,9,0.3333333333333333,E26,16.49,95.45,39,2.247626,86.6301,3.6377,0.0,0,12.8591,2.1068,80.395,0.0,True,26.0,4840,3.2533,4.23
google,1500,20,linear,True,False,10.0,0.4,0.3,0.3,0,0,UK,2,PSO,random,10,0.3333333333333333,E26,16.49,95.45,39,2.270619,86.4934,2.6519,0.0,0,12.9591,2.1385,78.995,0.0,True,26.5,4840,3.2579,4.23
google,1500,20,linear,True,False,10.0,0.4,0.3,0.3,0,0,UK,2,DE,random,1,0.3333333333333333,E26,16.49,95.45,39,2.215395,86.8218,5.0195,0.0,0,12.6591,2.0751,84.624,0.0,True,25.5,4840,3.1468,2.61
google,1500,20,linear,True,False,10.0,0.4,0.3,0.3,0,0,UK,2,DE,random,2,0.3333333333333333,E26,16.49,95.45,39,2.221157,86.7876,4.7725,0.0,0,12.7091,2.0867,83.662,0.0,True,25.5,4840,3.1569,2.59
google,1500,20,linear,True,False,10.0,0.4,0.3,0.3,0,0,UK,2,DE,random,3,0.3333333333333333,E26,16.49,95.45,39,2.261989,86.5447,3.0219,0.0,0,12.9091,2.1226,79.347,0.0,True,26.0,4840,3.1413,2.5
google,1500,20,linear,True,False,10.0,0.4,0.3,0.3,0,0,UK,2,DE,random,4,0.3333333333333333,E26,16.49,95.45,39,2.255652,86.5824,3.2936,0.0,0,12.8591,2.1162,81.187,0.0,True,26.5,4840,3.1649,2.47
google,1500,20,linear,True,False,10.0,0.4,0.3,0.3,0,0,UK,2,DE,random,5,0.3333333333333333,E26,16.49,95.45,39,2.212873,86.8369,5.1276,0.0,0,12.6591,2.0843,84.124,0.0,True,27.0,4840,3.1678,2.66
google,1500,20,linear,True,False,10.0,0.4,0.3,0.3,0,0,UK,2,DE,random,6,0.3333333333333333,E26,16.49,95.45,39,2.225693,86.7606,4.578,0.0,0,12.7091,2.0839,82.183,0.0,True,26.0,4840,3.1717,2.66
google,1500,20,linear,True,False,10.0,0.4,0.3,0.3,0,0,UK,2,GWO,random,3,0.3333333333333333,E26,16.49,95.45,39,2.235289,86.7035,4.1666,0.0,0,12.7591,2.0926,82.661,0.0,True,25.5,4840,3.8125,2.49
google,1500,20,linear,True,False,10.0,0.4,0.3,0.3,0,0,UK,2,GWO,random,4,0.3333333333333333,E26,16.49,95.45,39,2.273022,86.4791,2.5489,0.0,0,12.9591,2.1329,79.373,0.0,True,25.5,4840,3.8503,2.34
google,1500,20,linear,True,False,10.0,0.4,0.3,0.3,0,0,UK,2,GWO,random,5,0.3333333333333333,E26,16.49,95.45,39,2.267526,86.5118,2.7845,0.0,0,12.9591,2.1226,78.867,0.0,True,27.0,4840,3.8675,2.28
google,1500,20,linear,True,False,10.0,0.4,0.3,0.3,0,0,UK,2,GWO,random,6,0.3333333333333333,E26,16.49,95.45,39,2.255324,86.5843,3.3076,0.0,0,12.8591,2.1379,80.317,0.0,True,27.5,4840,3.8269,2.57
google,1500,20,linear,True,False,10.0,0.4,0.3,0.3,0,0,UK,2,GWO,random,7,0.3333333333333333,E26,16.49,95.45,39,2.259221,86.5612,3.1406,0.0,0,12.9091,2.1403,79.699,0.0,True,27.5,4840,3.8189,2.39
google,1500,20,linear,True,False,10.0,0.4,0.3,0.3,0,0,UK,2,GWO,random,8,0.3333333333333333,E26,16.49,95.45,39,2.268339,86.5069,2.7497,0.0,0,12.9091,2.1338,78.89,0.0,True,26.0,4840,3.8501,2.4
google,1500,20,linear,True,False,10.0,0.4,0.3,0.3,0,0,UK,2,GWO,random,9,0.3333333333333333,E26,16.49,95.45,39,2.228495,86.7439,4.4579,0.0,0,12.7091,2.0867,83.7,0.0,True,25.5,4840,3.8574,2.64
google,1500,20,linear,True,False,10.0,0.4,0.3,0.3,0,0,UK,2,GWO,random,10,0.3333333333333333,E26,16.49,95.45,39,2.241896,86.6642,3.8833,0.0,0,12.8091,2.1012,81.65,0.0,True,25.5,4840,3.8457,2.47
google,1500,20,linear,True,False,10.0,0.4,0.3,0.3,0,0,UK,2,WOA,carbon,1,0.3333333333333333,E26,16.49,95.45,39,2.120219,87.388,9.1,0.0,0,12.7091,1.9399,70.054,0.0,True,26.5,4840,3.4354,2.68
google,1500,20,linear,True,False,10.0,0.4,0.3,0.3,0,0,UK,2,WOA,carbon,2,0.3333333333333333,E26,16.49,95.45,39,2.126777,87.349,8.8188,0.0,0,12.7591,1.9474,66.953,0.0,True,26.5,4840,3.4433,2.39
google,1500,20,linear,True,False,10.0,0.4,0.3,0.3,0,0,UK,2,WOA,carbon,3,0.3333333333333333,E26,16.49,95.45,39,2.121233,87.382,9.0565,0.0,0,12.7091,1.9399,70.329,0.0,True,27.0,4840,3.4447,2.44
google,1500,20,linear,True,False,10.0,0.4,0.3,0.3,0,0,UK,2,WOA,carbon,4,0.3333333333333333,E26,16.49,95.45,39,2.118529,87.3981,9.1724,0.0,0,12.6591,1.9324,70.045,0.0,True,27.0,4840,3.4251,2.68
google,1500,20,linear,True,False,10.0,0.4,0.3,0.3,0,0,UK,2,WOA,carbon,5,0.3333333333333333,E26,16.49,95.45,39,2.118297,87.3994,9.1824,0.0,0,12.7091,1.9399,69.492,0.0,True,26.5,4840,3.435,2.54
google,1500,20,linear,True,False,10.0,0.4,0.3,0.3,0,0,UK,2,WOA,carbon,6,0.3333333333333333,E26,16.49,95.45,39,2.119247,87.3938,9.1417,0.0,0,12.7091,1.9399,70.249,0.0,True,26.5,4840,3.4392,2.37
google,1500,20,linear,True,False,10.0,0.4,0.3,0.3,0,0,UK,2,WOA,carbon,7,0.3333333333333333,E26,16.49,95.45,39,2.130857,87.3247,8.6439,0.0,0,12.7591,1.9549,66.406,0.0,True,26.5,4840,3.4467,2.54
google,1500,20,linear,True,False,10.0,0.4,0.3,0.3,0,0,UK,2,WOA,carbon,8,0.3333333333333333,E26,16.49,95.45,39,2.114457,87.4223,9.347,0.0,0,12.6591,1.9324,69.603,0.0,True,27.0,4840,3.4277,2.4
google,1500,20,linear,True,False,10.0,0.4,0.3,0.3,0,0,UK,2,DE,random,7,0.3333333333333333,E26,16.49,95.45,39,2.206322,86.8758,5.4085,0.0,0,12.6091,2.0843,84.026,0.0,True,26.5,4840,3.2068,2.78
google,1500,20,linear,True,False,10.0,0.4,0.3,0.3,0,0,UK,2,DE,random,8,0.3333333333333333,E26,16.49,95.45,39,2.204156,86.8887,5.5013,0.0,0,12.6091,2.0706,85.351,0.0,True,26.5,4840,3.1935,2.88
google,1500,20,linear,True,False,10.0,0.4,0.3,0.3,0,0,UK,2,DE,random,9,0.3333333333333333,E26,16.49,95.45,39,2.199241,86.9179,5.7121,0.0,0,12.5591,2.0865,85.144,0.0,True,26.0,4840,3.1654,2.73
google,1500,20,linear,True,False,10.0,0.4,0.3,0.3,0,0,UK,2,DE,random,10,0.3333333333333333,E26,16.49,95.45,39,2.243564,86.6543,3.8118,0.0,0,12.8091,2.1182,81.79,0.0,True,26.0,4840,3.1813,2.55
google,1500,20,linear,True,False,10.0,0.4,0.3,0.3,0,0,UK,2,HHO,random,1,0.3333333333333333,E26,16.49,95.45,39,2.250964,86.6103,3.4946,0.0,0,12.8591,2.1235,77.066,0.0,True,26.0,8910,4.8457,2.73
google,1500,20,linear,True,False,10.0,0.4,0.3,0.3,0,0,UK,2,HHO,random,2,0.3333333333333333,E26,16.49,95.45,39,2.248639,86.6241,3.5942,0.0,0,12.8591,2.0968,78.756,0.0,True,24.5,8780,4.8053,2.5
google,1500,20,linear,True,False,10.0,0.4,0.3,0.3,0,0,UK,2,HHO,random,3,0.3333333333333333,E26,16.49,95.45,39,2.255848,86.5812,3.2852,0.0,0,12.8591,2.118,73.75,0.0,True,24.5,8894,4.8592,2.47
google,1500,20,linear,True,False,10.0,0.4,0.3,0.3,0,0,UK,2,HHO,random,4,0.3333333333333333,E26,16.49,95.45,39,2.234675,86.7072,4.1929,0.0,0,12.7591,2.0957,77.934,0.0,True,25.5,9094,4.9588,2.93
google,1500,10,linear,True,False,10.0,0.4,0.3,0.3,0,0,UK,3,WOA,random,2,0.3333333333333333,E26,16.49,95.45,39,1.366446,88.4016,15.9461,0.0,0,13.1591,2.1794,70.849,0.0,True,28.0,4840,3.212,2.58
google,1500,10,linear,True,False,10.0,0.4,0.3,0.3,0,0,UK,3,WOA,random,3,0.3333333333333333,E26,16.49,95.45,39,1.356025,88.4901,16.5872,0.0,0,13.0591,2.1473,72.348,0.0,True,28.5,4840,3.1712,2.55
google,1500,10,linear,True,False,10.0,0.4,0.3,0.3,0,0,UK,3,WOA,random,4,0.3333333333333333,E26,16.49,95.45,39,1.376811,88.3137,15.3085,0.0,0,13.2091,2.193,69.921,0.0,True,28.5,4840,3.2046,2.57
google,1500,10,linear,True,False,10.0,0.4,0.3,0.3,0,0,UK,3,WOA,random,5,0.3333333333333333,E26,16.49,95.45,39,1.378698,88.2976,15.1925,0.0,0,13.2591,2.1932,70.267,0.0,True,28.0,4840,3.2104,2.44
google,1500,10,linear,True,False,10.0,0.4,0.3,0.3,0,0,UK,3,WOA,random,6,0.3333333333333333,E26,16.49,95.45,39,1.367315,88.3943,15.8927,0.0,0,13.1091,2.1713,71.669,0.0,True,28.0,4840,3.1878,2.54
google,1500,10,linear,True,False,10.0,0.4,0.3,0.3,0,0,UK,3,WOA,random,7,0.3333333333333333,E26,16.49,95.45,39,1.366537,88.4009,15.9405,0.0,0,13.1091,2.1702,70.809,0.0,True,28.5,4840,3.1874,2.56
google,1500,10,linear,True,False,10.0,0.4,0.3,0.3,0,0,UK,3,WOA,random,8,0.3333333333333333,E26,16.49,95.45,39,1.353761,88.5093,16.7264,0.0,0,13.0091,2.1443,74.3,0.0,True,28.0,4840,3.1884,2.52
google,1500,10,linear,True,False,10.0,0.4,0.3,0.3,0,0,UK,3,WOA,random,9,0.3333333333333333,E26,16.49,95.45,39,1.349781,88.5431,16.9712,0.0,0,13.0591,2.1593,72.052,0.0,True,28.0,4840,3.1827,2.59
google,1500,10,linear,True,False,10.0,0.4,0.3,0.3,0,0,UK,3,GWO,random,8,0.3333333333333333,E26,16.49,95.45,39,1.431034,87.8534,11.9731,0.0,0,13.0091,2.1267,77.139,0.0,True,27.0,4840,3.7391,2.62
google,1500,10,linear,True,False,10.0,0.4,0.3,0.3,0,0,UK,3,GWO,random,9,0.3333333333333333,E26,16.49,95.45,39,1.445269,87.7326,11.0975,0.0,0,12.9091,2.1282,79.833,0.0,True,25.5,4840,3.7064,2.29
google,1500,10,linear,True,False,10.0,0.4,0.3,0.3,0,0,UK,3,GWO,random,10,0.3333333333333333,E26,16.49,95.45,39,1.407005,88.0574,13.4512,0.0,0,12.7591,2.0834,81.63,0.0,True,27.5,4840,3.6947,2.52
google,1500,10,linear,True,False,10.0,0.4,0.3,0.3,0,0,UK,3,PSO,random,1,0.3333333333333333,E26,16.49,95.45,39,1.419545,87.9509,12.6798,0.0,0,12.9091,2.1494,78.836,0.0,True,27.5,4840,3.294,4.19
google,1500,10,linear,True,False,10.0,0.4,0.3,0.3,0,0,UK,3,PSO,random,2,0.3333333333333333,E26,16.49,95.45,39,1.424132,87.912,12.3977,0.0,0,13.0091,2.1312,76.886,0.0,True,28.0,4840,3.2886,4.38
google,1500,10,linear,True,False,10.0,0.4,0.3,0.3,0,0,UK,3,PSO,random,3,0.3333333333333333,E26,16.49,95.45,39,1.432408,87.8418,11.8886,0.0,0,13.1091,2.1769,73.084,0.0,True,28.0,4840,3.2723,4.23
google,1500,10,linear,True,False,10.0,0.4,0.3,0.3,0,0,UK,3,PSO,random,4,0.3333333333333333,E26,16.49,95.45,39,1.430492,87.858,12.0065,0.0,0,13.0091,2.161,77.839,0.0,True,26.0,4840,3.2769,4.17
google,1500,10,linear,True,False,10.0,0.4,0.3,0.3,0,0,UK,3,PSO,random,5,0.3333333333333333,E26,16.49,95.45,39,1.427831,87.8806,12.1701,0.0,0,13.0591,2.1462,75.297,0.0,True,27.0,4840,3.302,4.03
google,1500,20,linear,True,False,10.0,0.4,0.3,0.3,0,0,UK,2,HHO,random,5,0.3333333333333333,E26,16.49,95.45,39,2.258673,86.5644,3.1641,0.0,0,12.9091,2.1254,77.199,0.0,True,25.5,8986,4.8983,2.84
google,1500,20,linear,True,False,10.0,0.4,0.3,0.3,0,0,UK,2,HHO,random,6,0.3333333333333333,E26,16.49,95.45,39,2.2606,86.553,3.0814,0.0,0,12.9091,2.1125,73.75,0.0,True,25.5,8968,4.8295,2.53
google,1500,20,linear,True,False,10.0,0.4,0.3,0.3,0,0,UK,2,HHO,random,7,0.3333333333333333,E26,16.49,95.45,39,2.249816,86.6171,3.5438,0.0,0,12.8591,2.1318,79.212,0.0,True,25.0,8946,4.8064,2.52
google,1500,20,linear,True,False,10.0,0.4,0.3,0.3,0,0,UK,2,HHO,random,8,0.3333333333333333,E26,16.49,95.45,39,2.25442,86.5897,3.3464,0.0,0,12.8591,2.118,75.059,0.0,True,25.0,8872,4.8112,2.58
google,1500,20,linear,True,False,10.0,0.4,0.3,0.3,0,0,UK,2,HHO,random,9,0.3333333333333333,E26,16.49,95.45,39,2.263442,86.536,2.9596,0.0,0,12.9091,2.1141,72.189,0.0,True,24.5,8790,4.791,2.52
google,1500,20,linear,True,False,10.0,0.4,0.3,0.3,0,0,UK,2,HHO,random,10,0.3333333333333333,E26,16.49,95.45,39,2.257803,86.5696,3.2014,0.0,0,12.9091,2.1173,78.773,0.0,True,26.0,8942,4.8318,2.6
google,1500,20,linear,True,False,10.0,0.4,0.3,0.3,0,0,UK,2,GA,random,1,0.3333333333333333,E26,16.49,95.45,39,2.204744,86.8852,5.4761,0.0,0,12.6091,2.0592,85.883,0.0,True,25.0,4840,5.5164,3.65
google,1500,20,linear,True,False,10.0,0.4,0.3,0.3,0,0,UK,2,GA,random,2,0.3333333333333333,E26,16.49,95.45,39,2.205131,86.8829,5.4596,0.0,0,12.6091,2.0654,84.674,0.0,True,25.5,4840,5.5492,3.71
google,1500,10,linear,True,False,10.0,0.4,0.3,0.3,0,0,UK,3,WOA,random,10,0.3333333333333333,E26,16.49,95.45,39,1.368066,88.3879,15.8465,0.0,0,13.1591,2.1715,72.964,0.0,True,27.5,4840,3.2024,2.64
google,1500,10,linear,True,False,10.0,0.4,0.3,0.3,0,0,UK,3,GWO,random,1,0.3333333333333333,E26,16.49,95.45,39,1.439207,87.7841,11.4704,0.0,0,13.0091,2.1443,77.93,0.0,True,27.0,4840,3.6679,2.32
google,1500,10,linear,True,False,10.0,0.4,0.3,0.3,0,0,UK,3,GWO,random,2,0.3333333333333333,E26,16.49,95.45,39,1.444713,87.7373,11.1317,0.0,0,13.1091,2.1428,76.151,0.0,True,27.0,4840,3.6671,2.26
google,1500,10,linear,True,False,10.0,0.4,0.3,0.3,0,0,UK,3,GWO,random,3,0.3333333333333333,E26,16.49,95.45,39,1.430511,87.8579,12.0053,0.0,0,12.9591,2.1426,77.828,0.0,True,26.5,4840,3.6855,2.29
google,1500,10,linear,True,False,10.0,0.4,0.3,0.3,0,0,UK,3,GWO,random,4,0.3333333333333333,E26,16.49,95.45,39,1.440847,87.7701,11.3695,0.0,0,13.0591,2.1799,76.321,0.0,True,26.5,4840,3.667,2.26
google,1500,10,linear,True,False,10.0,0.4,0.3,0.3,0,0,UK,3,GWO,random,5,0.3333333333333333,E26,16.49,95.45,39,1.44196,87.7607,11.3011,0.0,0,13.1091,2.1679,76.199,0.0,True,26.5,4840,3.6497,2.33
google,1500,10,linear,True,False,10.0,0.4,0.3,0.3,0,0,UK,3,GWO,random,6,0.3333333333333333,E26,16.49,95.45,39,1.437454,87.7989,11.5782,0.0,0,13.0591,2.1398,75.462,0.0,True,27.5,4840,3.6619,2.39
google,1500,10,linear,True,False,10.0,0.4,0.3,0.3,0,0,UK,3,GWO,random,7,0.3333333333333333,E26,16.49,95.45,39,1.437906,87.7951,11.5504,0.0,0,13.0091,2.1351,78.129,0.0,True,27.0,4840,3.6748,2.26
google,1500,10,linear,True,False,10.0,0.4,0.3,0.3,0,0,UK,3,PSO,random,6,0.3333333333333333,E26,16.49,95.45,39,1.423308,87.919,12.4484,0.0,0,12.9591,2.1254,77.398,0.0,True,26.5,4840,3.4481,4.17
google,1500,10,linear,True,False,10.0,0.4,0.3,0.3,0,0,UK,3,PSO,random,7,0.3333333333333333,E26,16.49,95.45,39,1.414676,87.9923,12.9794,0.0,0,12.9091,2.1186,78.434,0.0,True,26.5,4840,3.4252,4.17
google,1500,10,linear,True,False,10.0,0.4,0.3,0.3,0,0,UK,3,PSO,random,8,0.3333333333333333,E26,16.49,95.45,39,1.420262,87.9449,12.6358,0.0,0,12.9591,2.1426,78.775,0.0,True,26.0,4840,3.4392,4.23
google,1500,10,linear,True,False,10.0,0.4,0.3,0.3,0,0,UK,3,PSO,random,9,0.3333333333333333,E26,16.49,95.45,39,1.422348,87.9272,12.5074,0.0,0,13.0091,2.1329,76.756,0.0,True,27.0,4840,3.4225,4.24
google,1500,10,linear,True,False,10.0,0.4,0.3,0.3,0,0,UK,3,PSO,random,10,0.3333333333333333,E26,16.49,95.45,39,1.427416,87.8841,12.1957,0.0,0,12.9591,2.1312,78.604,0.0,True,26.5,4840,3.4158,4.14
google,1500,10,linear,True,False,10.0,0.4,0.3,0.3,0,0,UK,3,DE,random,1,0.3333333333333333,E26,16.49,95.45,39,1.410122,88.0309,13.2595,0.0,0,12.8591,2.0927,79.248,0.0,True,27.5,4840,3.3444,2.5
google,1500,10,linear,True,False,10.0,0.4,0.3,0.3,0,0,UK,3,DE,random,2,0.3333333333333333,E26,16.49,95.45,39,1.39537,88.1561,14.1669,0.0,0,12.6591,2.0843,84.063,0.0,True,27.0,4840,3.3627,2.71
google,1500,10,linear,True,False,10.0,0.4,0.3,0.3,0,0,UK,3,DE,random,3,0.3333333333333333,E26,16.49,95.45,39,1.392961,88.1766,14.3151,0.0,0,12.7091,2.0571,81.948,0.0,True,26.5,4840,3.351,2.75
google,1500,10,linear,True,False,10.0,0.4,0.3,0.3,0,0,UK,3,DE,random,4,0.3333333333333333,E26,16.49,95.45,39,1.406169,88.0645,13.5027,0.0,0,12.7591,2.104,80.349,0.0,True,26.5,4840,3.1907,2.59
google,1500,10,linear,True,False,10.0,0.4,0.3,0.3,0,0,UK,3,DE,random,5,0.3333333333333333,E26,16.49,95.45,39,1.393801,88.1695,14.2635,0.0,0,12.8091,2.0989,79.672,0.0,True,27.0,4840,3.1763,2.79
google,1500,10,linear,True,False,10.0,0.4,0.3,0.3,0,0,UK,3,DE,random,6,0.3333333333333333,E26,16.49,95.45,39,1.408306,88.0463,13.3712,0.0,0,12.8091,2.0978,81.307,0.0,True,26.5,4840,3.1864,2.55
google,1500,10,linear,True,False,10.0,0.4,0.3,0.3,0,0,UK,3,DE,random,7,0.3333333333333333,E26,16.49,95.45,39,1.399672,88.1196,13.9023,0.0,0,12.8091,2.1017,80.686,0.0,True,27.5,4840,3.1794,2.75
google,1500,10,linear,True,False,10.0,0.4,0.3,0.3,0,0,UK,3,DE,random,8,0.3333333333333333,E26,16.49,95.45,39,1.386876,88.2282,14.6894,0.0,0,12.7091,2.0764,81.62,0.0,True,28.0,4840,3.1534,2.8
google,1500,10,linear,True,False,10.0,0.4,0.3,0.3,0,0,UK,3,DE,random,9,0.3333333333333333,E26,16.49,95.45,39,1.413145,88.0053,13.0735,0.0,0,12.9091,2.1128,78.86,0.0,True,27.0,4840,3.1536,2.46
google,1500,10,linear,True,False,10.0,0.4,0.3,0.3,0,0,UK,3,DE,random,10,0.3333333333333333,E26,16.49,95.45,39,1.405172,88.0729,13.564,0.0,0,12.8091,2.1246,80.602,0.0,True,26.0,4840,3.1816,2.48
google,1500,10,linear,True,False,10.0,0.4,0.3,0.3,0,0,UK,3,HHO,random,1,0.3333333333333333,E26,16.49,95.45,39,1.359499,88.4606,16.3734,0.0,0,13.0591,2.158,73.821,0.0,True,27.5,8910,4.8155,2.86
google,1500,20,linear,True,False,10.0,0.4,0.3,0.3,0,0,UK,2,GA,random,3,0.3333333333333333,E26,16.49,95.45,39,2.194476,86.9463,5.9164,0.0,0,12.5591,2.0732,86.156,0.0,True,25.5,4840,5.5589,3.68
google,1500,20,linear,True,False,10.0,0.4,0.3,0.3,0,0,UK,2,GA,random,4,0.3333333333333333,E26,16.49,95.45,39,2.205185,86.8826,5.4573,0.0,0,12.6091,2.0779,83.638,0.0,True,27.0,4840,5.5177,3.67
google,1500,20,linear,True,False,10.0,0.4,0.3,0.3,0,0,UK,2,GA,random,5,0.3333333333333333,E26,16.49,95.45,39,2.19581,86.9384,5.8592,0.0,0,12.5591,2.0665,85.272,0.0,True,25.5,4840,5.5403,3.63
google,1500,20,linear,True,False,10.0,0.4,0.3,0.3,0,0,UK,2,GA,random,6,0.3333333333333333,E26,16.49,95.45,39,2.212931,86.8365,5.1252,0.0,0,12.6591,2.086,83.483,0.0,True,26.0,4840,5.5373,3.66
google,1500,20,linear,True,False,10.0,0.4,0.3,0.3,0,0,UK,2,GA,random,7,0.3333333333333333,E26,16.49,95.45,39,2.192262,86.9595,6.0113,0.0,0,12.5591,2.0626,85.594,0.0,True,25.5,4840,5.5594,3.76
google,1500,20,linear,True,False,10.0,0.4,0.3,0.3,0,0,UK,2,GA,random,8,0.3333333333333333,E26,16.49,95.45,39,2.203056,86.8953,5.5485,0.0,0,12.6091,2.0762,83.616,0.0,True,26.5,4840,5.5247,3.7
google,1500,20,linear,True,False,10.0,0.4,0.3,0.3,0,0,UK,2,GA,random,9,0.3333333333333333,E26,16.49,95.45,39,2.206567,86.8744,5.398,0.0,0,12.6091,2.0751,84.667,0.0,True,25.5,4840,5.5282,3.56
google,1500,20,linear,True,False,10.0,0.4,0.3,0.3,0,0,UK,2,GA,random,10,0.3333333333333333,E26,16.49,95.45,39,2.210544,86.8507,5.2275,0.0,0,12.6091,2.0899,84.186,0.0,True,25.5,4840,5.5438,3.71
google,1500,10,linear,True,False,10.0,0.4,0.3,0.3,0,0,UK,3,WOA,carbon,6,0.3333333333333333,E26,16.49,95.45,39,1.315767,88.8318,19.0635,0.0,0,13.1091,2.1522,67.025,0.0,True,28.5,4840,3.4036,2.36
google,1500,10,linear,True,False,10.0,0.4,0.3,0.3,0,0,UK,3,WOA,carbon,7,0.3333333333333333,E26,16.49,95.45,39,1.313783,88.8487,19.1856,0.0,0,13.1091,2.1475,67.437,0.0,True,27.5,4840,3.4223,2.56
google,1500,10,linear,True,False,10.0,0.4,0.3,0.3,0,0,UK,3,WOA,carbon,8,0.3333333333333333,E26,16.49,95.45,39,1.305532,88.9187,19.6931,0.0,0,13.0591,2.088,67.093,0.0,True,28.0,4840,3.4127,2.49
google,1500,10,linear,True,False,10.0,0.4,0.3,0.3,0,0,UK,3,WOA,carbon,9,0.3333333333333333,E26,16.49,95.45,39,1.325062,88.7529,18.4918,0.0,0,13.2091,2.1267,65.531,0.0,True,28.5,4840,3.4582,2.49
google,1500,10,linear,True,False,10.0,0.4,0.3,0.3,0,0,UK,3,WOA,carbon,10,0.3333333333333333,E26,16.49,95.45,39,1.348417,88.5547,17.0551,0.0,0,13.0091,2.1188,72.268,0.0,True,27.5,4840,3.4108,2.5
google,1500,20,linear,True,False,10.0,0.4,0.3,0.3,0,0,UK,3,FIFO,-,0,0.3333333333333333,E26,16.49,95.45,39,11.781379,0.0,-624.7053,0.0,0,95.9591,15.66,5.308,0.0,True,24.5,0,0.0,0.0
google,1500,20,linear,True,False,10.0,0.4,0.3,0.3,0,0,UK,3,Consolidation,-,0,0.3333333333333333,E26,16.49,95.45,39,1.625679,86.2013,0.0,0.0,0,13.3091,2.1675,55.842,0.0,True,24.5,0,0.0,0.0
google,1500,20,linear,True,False,10.0,0.4,0.3,0.3,0,0,UK,3,Greedy(EDF+greenest),-,0,0.3333333333333333,E26,16.49,95.45,39,1.206268,89.7612,25.7991,0.0,0,12.5591,1.8919,68.565,2.409,False,27.5,0,0.0002,0.0
google,1500,20,linear,True,False,10.0,0.4,0.3,0.3,0,0,UK,3,VCC(Google),-,0,0.3333333333333333,E26,16.49,95.45,39,1.610861,86.3271,0.9115,0.0,0,13.3091,2.1675,59.561,0.0,True,24.5,0,0.0049,0.0
google,1500,20,linear,True,False,10.0,0.4,0.3,0.3,0,0,UK,3,Threshold(WaitAwhile),-,0,0.3333333333333333,E26,16.49,95.45,39,1.223064,89.6187,24.766,0.0,0,12.6091,1.8994,63.342,2.409,False,24.5,0,0.0218,0.0
google,1500,20,linear,True,False,10.0,0.4,0.3,0.3,0,0,UK,3,WOA,random,1,0.3333333333333333,E26,16.49,95.45,39,1.330394,88.7077,18.1638,0.0,0,13.1591,2.1788,61.959,0.0,True,28.5,4840,3.1919,2.42
google,1500,20,linear,True,False,10.0,0.4,0.3,0.3,0,0,UK,3,WOA,random,2,0.3333333333333333,E26,16.49,95.45,39,1.337816,88.6447,17.7072,0.0,0,13.2091,2.1874,58.763,0.0,True,28.5,4840,3.1992,2.41
google,1500,20,linear,True,False,10.0,0.4,0.3,0.3,0,0,UK,3,WOA,random,3,0.3333333333333333,E26,16.49,95.45,39,1.348101,88.5574,17.0746,0.0,0,13.3091,2.2052,55.929,0.0,True,28.5,4840,3.1966,2.34
google,1500,20,linear,True,False,10.0,0.4,0.3,0.3,0,0,UK,3,WOA,random,4,0.3333333333333333,E26,16.49,95.45,39,1.331611,88.6973,18.0889,0.0,0,13.0591,2.1576,66.454,0.0,True,28.5,4840,3.223,2.41
google,1500,20,linear,True,False,10.0,0.4,0.3,0.3,0,0,UK,3,WOA,random,5,0.3333333333333333,E26,16.49,95.45,39,1.335084,88.6678,17.8753,0.0,0,13.2091,2.1885,59.372,0.0,True,28.5,4840,3.214,2.69
google,1500,20,linear,True,False,10.0,0.4,0.3,0.3,0,0,UK,3,WOA,random,6,0.3333333333333333,E26,16.49,95.45,39,1.348105,88.5573,17.0743,0.0,0,13.3091,2.2052,56.055,0.0,True,28.5,4840,3.1904,2.34
google,1500,10,linear,True,False,10.0,0.4,0.3,0.3,0,0,UK,3,GA,random,8,0.3333333333333333,E26,16.49,95.45,39,1.394555,88.1631,14.2171,0.0,0,12.7591,2.0721,81.117,0.0,True,26.0,4840,5.9077,3.65
google,1500,10,linear,True,False,10.0,0.4,0.3,0.3,0,0,UK,3,GA,random,9,0.3333333333333333,E26,16.49,95.45,39,1.386296,88.2332,14.7251,0.0,0,12.7591,2.0515,81.459,0.0,True,26.0,4840,5.8955,3.87
google,1500,10,linear,True,False,10.0,0.4,0.3,0.3,0,0,UK,3,GA,random,10,0.3333333333333333,E26,16.49,95.45,39,1.379562,88.2903,15.1393,0.0,0,12.6591,2.0644,83.628,0.0,True,27.5,4840,5.9135,3.78
google,1500,10,linear,True,False,10.0,0.4,0.3,0.3,0,0,UK,3,WOA,carbon,1,0.3333333333333333,E26,16.49,95.45,39,1.338357,88.6401,17.6739,0.0,0,13.3091,2.1548,65.571,0.0,True,28.5,4840,3.357,2.56
google,1500,10,linear,True,False,10.0,0.4,0.3,0.3,0,0,UK,3,WOA,carbon,2,0.3333333333333333,E26,16.49,95.45,39,1.323305,88.7678,18.5998,0.0,0,13.1591,2.127,67.816,0.0,True,28.0,4840,3.3862,2.39
google,1500,10,linear,True,False,10.0,0.4,0.3,0.3,0,0,UK,3,WOA,carbon,3,0.3333333333333333,E26,16.49,95.45,39,1.324972,88.7537,18.4973,0.0,0,13.1091,2.139,68.418,0.0,True,28.5,4840,3.3583,2.5
google,1500,10,linear,True,False,10.0,0.4,0.3,0.3,0,0,UK,3,WOA,carbon,4,0.3333333333333333,E26,16.49,95.45,39,1.323687,88.7646,18.5764,0.0,0,13.1591,2.1435,65.381,0.0,True,28.0,4840,3.3593,2.41
google,1500,10,linear,True,False,10.0,0.4,0.3,0.3,0,0,UK,3,WOA,carbon,5,0.3333333333333333,E26,16.49,95.45,39,1.322361,88.7758,18.6579,0.0,0,13.2591,2.1655,62.814,0.0,True,28.5,4840,3.369,2.43
google,1500,10,linear,True,False,10.0,0.4,0.3,0.3,0,0,UK,4,FIFO,-,0,0.3333333333333333,E26,16.49,95.45,39,6.233244,0.0,-610.9128,0.0,0,95.9591,15.66,5.308,8.9738,False,24.5,0,0.0,0.0
google,1500,10,linear,True,False,10.0,0.4,0.3,0.3,0,0,UK,4,Consolidation,-,0,0.3333333333333333,E26,16.49,95.45,39,0.876794,85.9336,0.0,0.0,0,13.3091,2.1675,55.842,8.9738,False,24.5,0,0.0,0.0
google,1500,10,linear,True,False,10.0,0.4,0.3,0.3,0,0,UK,4,Greedy(EDF+greenest),-,0,0.3333333333333333,E26,16.49,95.45,39,0.721523,88.4246,17.709,0.0,0,12.6091,2.0172,70.708,21.2703,False,24.5,0,0.0002,0.0
google,1500,10,linear,True,False,10.0,0.4,0.3,0.3,0,0,UK,4,VCC(Google),-,0,0.3333333333333333,E26,16.49,95.45,39,0.873164,85.9918,0.414,0.0,0,13.3091,2.1675,58.228,0.0,True,24.5,0,0.0045,0.0
google,1500,10,linear,True,False,10.0,0.4,0.3,0.3,0,0,UK,4,Threshold(WaitAwhile),-,0,0.3333333333333333,E26,16.49,95.45,39,0.806642,87.059,8.001,0.0,0,13.0091,2.0772,62.333,8.9738,False,24.5,0,0.0214,0.0
google,1500,10,linear,True,False,10.0,0.4,0.3,0.3,0,0,UK,4,WOA,random,1,0.3333333333333333,E26,16.49,95.45,39,0.860485,86.1952,1.8602,0.0,0,13.0091,2.1444,74.31,0.0,True,24.5,4840,3.2369,2.63
google,1500,10,linear,True,False,10.0,0.4,0.3,0.3,0,0,UK,4,WOA,random,2,0.3333333333333333,E26,16.49,95.45,39,0.860602,86.1933,1.8467,0.0,0,13.0091,2.1304,70.817,0.0,True,25.5,4840,3.2129,2.54
google,1500,10,linear,True,False,10.0,0.4,0.3,0.3,0,0,UK,4,WOA,random,3,0.3333333333333333,E26,16.49,95.45,39,0.861484,86.1792,1.7462,0.0,0,12.9091,2.1191,76.129,0.0,True,24.5,4840,3.2046,2.47
google,1500,10,linear,True,False,10.0,0.4,0.3,0.3,0,0,UK,3,HHO,random,2,0.3333333333333333,E26,16.49,95.45,39,1.341059,88.6171,17.5077,0.0,0,12.8591,2.1156,77.912,0.0,True,27.5,8780,4.8199,2.57
google,1500,10,linear,True,False,10.0,0.4,0.3,0.3,0,0,UK,3,HHO,random,3,0.3333333333333333,E26,16.49,95.45,39,1.353761,88.5093,16.7264,0.0,0,13.0091,2.146,74.201,0.0,True,28.0,8894,4.8253,2.8
google,1500,10,linear,True,False,10.0,0.4,0.3,0.3,0,0,UK,3,HHO,random,4,0.3333333333333333,E26,16.49,95.45,39,1.337247,88.6495,17.7422,0.0,0,12.9591,2.1357,75.481,0.0,True,28.0,9094,4.8734,2.52
google,1500,10,linear,True,False,10.0,0.4,0.3,0.3,0,0,UK,3,HHO,random,5,0.3333333333333333,E26,16.49,95.45,39,1.352762,88.5178,16.7878,0.0,0,13.0091,2.1535,75.182,0.0,True,27.5,8986,4.8726,2.61
google,1500,10,linear,True,False,10.0,0.4,0.3,0.3,0,0,UK,3,HHO,random,6,0.3333333333333333,E26,16.49,95.45,39,1.36389,88.4233,16.1033,0.0,0,13.1091,2.1752,72.044,0.0,True,28.0,8968,4.86,2.94
google,1500,10,linear,True,False,10.0,0.4,0.3,0.3,0,0,UK,3,HHO,random,7,0.3333333333333333,E26,16.49,95.45,39,1.339056,88.6341,17.631,0.0,0,13.0091,2.1415,75.452,0.0,True,27.5,8946,4.8362,2.62
google,1500,10,linear,True,False,10.0,0.4,0.3,0.3,0,0,UK,3,HHO,random,8,0.3333333333333333,E26,16.49,95.45,39,1.343988,88.5923,17.3276,0.0,0,13.0591,2.1657,72.586,0.0,True,28.5,8872,4.812,2.81
google,1500,10,linear,True,False,10.0,0.4,0.3,0.3,0,0,UK,3,HHO,random,9,0.3333333333333333,E26,16.49,95.45,39,1.360581,88.4514,16.3069,0.0,0,13.1091,2.1735,71.055,0.0,True,28.0,8790,4.7819,2.45
google,1500,20,linear,True,False,10.0,0.4,0.3,0.3,0,0,UK,3,WOA,random,7,0.3333333333333333,E26,16.49,95.45,39,1.336721,88.6539,17.7746,0.0,0,13.1591,2.1799,61.05,0.0,True,28.5,4840,3.2072,2.48
google,1500,20,linear,True,False,10.0,0.4,0.3,0.3,0,0,UK,3,WOA,random,8,0.3333333333333333,E26,16.49,95.45,39,1.336153,88.6588,17.8095,0.0,0,13.1591,2.1741,59.879,0.0,True,28.0,4840,3.171,2.52
google,1500,20,linear,True,False,10.0,0.4,0.3,0.3,0,0,UK,3,WOA,random,9,0.3333333333333333,E26,16.49,95.45,39,1.336476,88.656,17.7896,0.0,0,13.1091,2.1799,65.568,0.0,True,28.0,4840,3.1823,2.54
google,1500,20,linear,True,False,10.0,0.4,0.3,0.3,0,0,UK,3,WOA,random,10,0.3333333333333333,E26,16.49,95.45,39,1.348116,88.5572,17.0737,0.0,0,13.3091,2.2052,55.949,0.0,True,28.5,4840,3.1825,2.29
google,1500,20,linear,True,False,10.0,0.4,0.3,0.3,0,0,UK,3,GWO,random,1,0.3333333333333333,E26,16.49,95.45,39,1.439207,87.7841,11.4704,0.0,0,13.0091,2.1443,77.93,0.0,True,27.0,4840,3.6598,2.32
google,1500,20,linear,True,False,10.0,0.4,0.3,0.3,0,0,UK,3,GWO,random,2,0.3333333333333333,E26,16.49,95.45,39,1.444713,87.7373,11.1317,0.0,0,13.1091,2.1428,76.151,0.0,True,27.0,4840,3.6549,2.26
google,1500,20,linear,True,False,10.0,0.4,0.3,0.3,0,0,UK,3,GWO,random,3,0.3333333333333333,E26,16.49,95.45,39,1.430511,87.8579,12.0053,0.0,0,12.9591,2.1426,77.828,0.0,True,26.5,4840,3.6611,2.29
google,1500,20,linear,True,False,10.0,0.4,0.3,0.3,0,0,UK,3,GWO,random,4,0.3333333333333333,E26,16.49,95.45,39,1.440847,87.7701,11.3695,0.0,0,13.0591,2.1799,76.321,0.0,True,26.5,4840,3.7262,2.26
google,1500,10,linear,True,False,10.0,0.4,0.3,0.3,0,0,UK,3,HHO,random,10,0.3333333333333333,E26,16.49,95.45,39,1.340757,88.6197,17.5263,0.0,0,13.0591,2.1432,72.914,0.0,True,28.5,8942,4.8594,2.79
google,1500,10,linear,True,False,10.0,0.4,0.3,0.3,0,0,UK,3,GA,random,1,0.3333333333333333,E26,16.49,95.45,39,1.373758,88.3396,15.4963,0.0,0,12.6091,2.0376,83.039,0.0,True,26.5,4840,5.4658,3.61
google,1500,10,linear,True,False,10.0,0.4,0.3,0.3,0,0,UK,3,GA,random,2,0.3333333333333333,E26,16.49,95.45,39,1.383249,88.259,14.9125,0.0,0,12.6091,2.0569,85.311,0.0,True,25.5,4840,5.4752,3.81
google,1500,10,linear,True,False,10.0,0.4,0.3,0.3,0,0,UK,3,GA,random,3,0.3333333333333333,E26,16.49,95.45,39,1.394832,88.1607,14.2,0.0,0,12.7091,2.0822,82.753,0.0,True,26.0,4840,5.4927,3.78
google,1500,10,linear,True,False,10.0,0.4,0.3,0.3,0,0,UK,3,GA,random,4,0.3333333333333333,E26,16.49,95.45,39,1.388377,88.2155,14.5971,0.0,0,12.6091,2.0614,84.114,0.0,True,25.5,4840,5.4661,3.71
google,1500,10,linear,True,False,10.0,0.4,0.3,0.3,0,0,UK,3,GA,random,5,0.3333333333333333,E26,16.49,95.45,39,1.387847,88.22,14.6297,0.0,0,12.7091,2.0804,82.286,0.0,True,26.0,4840,5.4817,3.8
google,1500,10,linear,True,False,10.0,0.4,0.3,0.3,0,0,UK,3,GA,random,6,0.3333333333333333,E26,16.49,95.45,39,1.389105,88.2093,14.5523,0.0,0,12.7091,2.0731,82.201,0.0,True,27.5,4840,5.4797,3.6
google,1500,10,linear,True,False,10.0,0.4,0.3,0.3,0,0,UK,3,GA,random,7,0.3333333333333333,E26,16.49,95.45,39,1.389144,88.209,14.5499,0.0,0,12.7591,2.0749,80.764,0.0,True,27.5,4840,5.5878,3.78
google,1500,20,linear,True,False,10.0,0.4,0.3,0.3,0,0,UK,3,PSO,random,3,0.3333333333333333,E26,16.49,95.45,39,1.432408,87.8418,11.8886,0.0,0,13.1091,2.1769,73.084,0.0,True,28.0,4840,3.3067,4.27
google,1500,20,linear,True,False,10.0,0.4,0.3,0.3,0,0,UK,3,PSO,random,4,0.3333333333333333,E26,16.49,95.45,39,1.430492,87.858,12.0065,0.0,0,13.0091,2.161,77.839,0.0,True,26.0,4840,3.288,4.21
google,1500,20,linear,True,False,10.0,0.4,0.3,0.3,0,0,UK,3,PSO,random,5,0.3333333333333333,E26,16.49,95.45,39,1.427831,87.8806,12.1701,0.0,0,13.0591,2.1462,75.297,0.0,True,27.0,4840,3.2852,4.07
google,1500,20,linear,True,False,10.0,0.4,0.3,0.3,0,0,UK,3,PSO,random,6,0.3333333333333333,E26,16.49,95.45,39,1.423308,87.919,12.4484,0.0,0,12.9591,2.1254,77.398,0.0,True,26.5,4840,3.2781,4.17
google,1500,20,linear,True,False,10.0,0.4,0.3,0.3,0,0,UK,3,PSO,random,7,0.3333333333333333,E26,16.49,95.45,39,1.414676,87.9923,12.9794,0.0,0,12.9091,2.1186,78.434,0.0,True,26.5,4840,3.2952,4.17
google,1500,20,linear,True,False,10.0,0.4,0.3,0.3,0,0,UK,3,PSO,random,8,0.3333333333333333,E26,16.49,95.45,39,1.420262,87.9449,12.6358,0.0,0,12.9591,2.1426,78.775,0.0,True,26.0,4840,3.2863,4.23
google,1500,20,linear,True,False,10.0,0.4,0.3,0.3,0,0,UK,3,PSO,random,9,0.3333333333333333,E26,16.49,95.45,39,1.422348,87.9272,12.5074,0.0,0,13.0091,2.1329,76.756,0.0,True,27.0,4840,3.3262,4.24
google,1500,20,linear,True,False,10.0,0.4,0.3,0.3,0,0,UK,3,PSO,random,10,0.3333333333333333,E26,16.49,95.45,39,1.427416,87.8841,12.1957,0.0,0,12.9591,2.1312,78.604,0.0,True,26.5,4840,3.3663,4.14
google,1500,20,linear,True,False,10.0,0.4,0.3,0.3,0,0,UK,3,DE,random,1,0.3333333333333333,E26,16.49,95.45,39,1.410122,88.0309,13.2595,0.0,0,12.8591,2.0927,79.248,0.0,True,27.5,4840,3.1705,2.5
google,1500,20,linear,True,False,10.0,0.4,0.3,0.3,0,0,UK,3,DE,random,2,0.3333333333333333,E26,16.49,95.45,39,1.39537,88.1561,14.1669,0.0,0,12.6591,2.0843,84.063,0.0,True,27.0,4840,3.1515,2.71
google,1500,20,linear,True,False,10.0,0.4,0.3,0.3,0,0,UK,3,DE,random,3,0.3333333333333333,E26,16.49,95.45,39,1.392961,88.1766,14.3151,0.0,0,12.7091,2.0571,81.948,0.0,True,26.5,4840,3.1594,2.75
google,1500,20,linear,True,False,10.0,0.4,0.3,0.3,0,0,UK,3,DE,random,4,0.3333333333333333,E26,16.49,95.45,39,1.406169,88.0645,13.5027,0.0,0,12.7591,2.104,80.349,0.0,True,26.5,4840,3.1578,2.59
google,1500,20,linear,True,False,10.0,0.4,0.3,0.3,0,0,UK,3,DE,random,5,0.3333333333333333,E26,16.49,95.45,39,1.393801,88.1695,14.2635,0.0,0,12.8091,2.0989,79.672,0.0,True,27.0,4840,3.1441,2.79
google,1500,20,linear,True,False,10.0,0.4,0.3,0.3,0,0,UK,3,DE,random,6,0.3333333333333333,E26,16.49,95.45,39,1.408306,88.0463,13.3712,0.0,0,12.8091,2.0978,81.307,0.0,True,26.5,4840,3.1529,2.55
google,1500,20,linear,True,False,10.0,0.4,0.3,0.3,0,0,UK,3,DE,random,7,0.3333333333333333,E26,16.49,95.45,39,1.399672,88.1196,13.9023,0.0,0,12.8091,2.1017,80.686,0.0,True,27.5,4840,3.2017,2.75
google,1500,20,linear,True,False,10.0,0.4,0.3,0.3,0,0,UK,3,DE,random,8,0.3333333333333333,E26,16.49,95.45,39,1.386876,88.2282,14.6894,0.0,0,12.7091,2.0764,81.62,0.0,True,28.0,4840,3.2248,2.8
google,1500,20,linear,True,False,10.0,0.4,0.3,0.3,0,0,UK,3,GWO,random,5,0.3333333333333333,E26,16.49,95.45,39,1.44196,87.7607,11.3011,0.0,0,13.1091,2.1679,76.199,0.0,True,26.5,4840,3.7073,2.35
google,1500,20,linear,True,False,10.0,0.4,0.3,0.3,0,0,UK,3,GWO,random,6,0.3333333333333333,E26,16.49,95.45,39,1.437454,87.7989,11.5782,0.0,0,13.0591,2.1398,75.462,0.0,True,27.5,4840,3.6813,2.4
google,1500,20,linear,True,False,10.0,0.4,0.3,0.3,0,0,UK,3,GWO,random,7,0.3333333333333333,E26,16.49,95.45,39,1.437906,87.7951,11.5504,0.0,0,13.0091,2.1351,78.129,0.0,True,27.0,4840,3.6843,2.28
google,1500,20,linear,True,False,10.0,0.4,0.3,0.3,0,0,UK,3,GWO,random,8,0.3333333333333333,E26,16.49,95.45,39,1.431034,87.8534,11.9731,0.0,0,13.0091,2.1267,77.139,0.0,True,27.0,4840,3.6833,2.62
google,1500,20,linear,True,False,10.0,0.4,0.3,0.3,0,0,UK,3,GWO,random,9,0.3333333333333333,E26,16.49,95.45,39,1.445269,87.7326,11.0975,0.0,0,12.9091,2.1282,79.833,0.0,True,25.5,4840,3.6782,2.29
google,1500,20,linear,True,False,10.0,0.4,0.3,0.3,0,0,UK,3,GWO,random,10,0.3333333333333333,E26,16.49,95.45,39,1.407005,88.0574,13.4512,0.0,0,12.7591,2.0834,81.63,0.0,True,27.5,4840,3.6812,2.52
google,1500,20,linear,True,False,10.0,0.4,0.3,0.3,0,0,UK,3,PSO,random,1,0.3333333333333333,E26,16.49,95.45,39,1.419545,87.9509,12.6798,0.0,0,12.9091,2.1494,78.836,0.0,True,27.5,4840,3.3581,4.19
google,1500,20,linear,True,False,10.0,0.4,0.3,0.3,0,0,UK,3,PSO,random,2,0.3333333333333333,E26,16.49,95.45,39,1.424132,87.912,12.3977,0.0,0,13.0091,2.1312,76.886,0.0,True,28.0,4840,3.3341,4.38
google,1500,20,linear,True,False,10.0,0.4,0.3,0.3,0,0,UK,3,WOA,carbon,3,0.3333333333333333,E26,16.49,95.45,39,1.245395,89.4291,23.3923,0.0,0,12.9091,1.9536,65.546,0.0,True,27.5,4840,3.4003,2.43
google,1500,20,linear,True,False,10.0,0.4,0.3,0.3,0,0,UK,3,WOA,carbon,4,0.3333333333333333,E26,16.49,95.45,39,1.221613,89.631,24.8552,0.0,0,12.7091,1.927,67.443,0.0,True,27.5,4840,3.4136,2.5
google,1500,20,linear,True,False,10.0,0.4,0.3,0.3,0,0,UK,3,WOA,carbon,5,0.3333333333333333,E26,16.49,95.45,39,1.229964,89.5601,24.3415,0.0,0,12.7591,1.9345,64.895,0.0,True,28.0,4840,3.411,2.51
google,1500,20,linear,True,False,10.0,0.4,0.3,0.3,0,0,UK,3,WOA,carbon,6,0.3333333333333333,E26,16.49,95.45,39,1.22846,89.5729,24.434,0.0,0,12.7091,1.923,67.228,0.0,True,28.0,4840,3.4084,2.52
google,1500,20,linear,True,False,10.0,0.4,0.3,0.3,0,0,UK,3,WOA,carbon,7,0.3333333333333333,E26,16.49,95.45,39,1.227708,89.5793,24.4803,0.0,0,12.7591,1.9219,65.906,0.0,True,28.0,4840,3.4438,2.54
google,1500,20,linear,True,False,10.0,0.4,0.3,0.3,0,0,UK,3,WOA,carbon,8,0.3333333333333333,E26,16.49,95.45,39,1.218001,89.6616,25.0774,0.0,0,12.6591,1.9069,67.714,0.0,True,27.5,4840,3.488,2.73
google,1500,20,linear,True,False,10.0,0.4,0.3,0.3,0,0,UK,3,WOA,carbon,9,0.3333333333333333,E26,16.49,95.45,39,1.236287,89.5064,23.9526,0.0,0,12.7591,1.9225,67.953,0.0,True,28.0,4840,3.4656,2.49
google,1500,20,linear,True,False,10.0,0.4,0.3,0.3,0,0,UK,3,WOA,carbon,10,0.3333333333333333,E26,16.49,95.45,39,1.234206,89.5241,24.0806,0.0,0,12.8091,1.9305,67.345,0.0,True,28.0,4840,3.4948,2.46
google,1500,20,linear,True,False,10.0,0.4,0.3,0.3,0,0,UK,3,DE,random,9,0.3333333333333333,E26,16.49,95.45,39,1.413145,88.0053,13.0735,0.0,0,12.9091,2.1128,78.86,0.0,True,27.0,4840,3.3776,2.46
google,1500,20,linear,True,False,10.0,0.4,0.3,0.3,0,0,UK,3,DE,random,10,0.3333333333333333,E26,16.49,95.45,39,1.405172,88.0729,13.564,0.0,0,12.8091,2.1246,80.602,0.0,True,26.0,4840,3.3337,2.48
google,1500,20,linear,True,False,10.0,0.4,0.3,0.3,0,0,UK,3,HHO,random,1,0.3333333333333333,E26,16.49,95.45,39,1.327698,88.7305,18.3296,0.0,0,13.1091,2.173,60.926,0.0,True,28.5,8910,5.0741,2.98
google,1500,20,linear,True,False,10.0,0.4,0.3,0.3,0,0,UK,3,HHO,random,2,0.3333333333333333,E26,16.49,95.45,39,1.337796,88.6448,17.7084,0.0,0,13.1591,2.1799,61.038,0.0,True,28.5,8780,5.0297,2.46
google,1500,20,linear,True,False,10.0,0.4,0.3,0.3,0,0,UK,3,HHO,random,3,0.3333333333333333,E26,16.49,95.45,39,1.325787,88.7468,18.4472,0.0,0,13.0591,2.1615,62.73,0.0,True,28.5,8894,5.1524,2.81
google,1500,20,linear,True,False,10.0,0.4,0.3,0.3,0,0,UK,3,HHO,random,4,0.3333333333333333,E26,16.49,95.45,39,1.321405,88.784,18.7167,0.0,0,12.9591,2.1351,70.726,0.0,True,28.5,9094,5.2195,2.7
google,1500,20,linear,True,False,10.0,0.4,0.3,0.3,0,0,UK,3,HHO,random,5,0.3333333333333333,E26,16.49,95.45,39,1.335619,88.6633,17.8424,0.0,0,12.9591,2.1488,74.625,0.0,True,27.5,8986,5.1827,2.63
google,1500,20,linear,True,False,10.0,0.4,0.3,0.3,0,0,UK,3,HHO,random,6,0.3333333333333333,E26,16.49,95.45,39,1.32862,88.7227,18.2729,0.0,0,13.1591,2.1719,60.917,0.0,True,28.5,8968,5.1491,2.68
google,1500,10,linear,True,False,10.0,0.4,0.3,0.3,0,0,UK,4,WOA,carbon,8,0.3333333333333333,E26,16.49,95.45,39,0.781476,87.4628,10.8712,0.0,0,12.8591,2.0702,68.692,0.0,True,25.0,4840,3.4682,2.66
google,1500,10,linear,True,False,10.0,0.4,0.3,0.3,0,0,UK,4,WOA,carbon,9,0.3333333333333333,E26,16.49,95.45,39,0.78309,87.4369,10.6871,0.0,0,12.9091,2.0783,69.353,0.0,True,25.0,4840,3.435,2.48
google,1500,10,linear,True,False,10.0,0.4,0.3,0.3,0,0,UK,4,WOA,carbon,10,0.3333333333333333,E26,16.49,95.45,39,0.761614,87.7814,13.1366,0.0,0,12.7591,2.0483,73.492,0.0,True,24.5,4840,3.4754,2.59
google,1500,20,linear,True,False,10.0,0.4,0.3,0.3,0,0,UK,4,FIFO,-,0,0.3333333333333333,E26,16.49,95.45,39,6.233244,0.0,-610.9128,0.0,0,95.9591,15.66,5.308,0.0,True,24.5,0,0.0,0.0
google,1500,20,linear,True,False,10.0,0.4,0.3,0.3,0,0,UK,4,Consolidation,-,0,0.3333333333333333,E26,16.49,95.45,39,0.876794,85.9336,0.0,0.0,0,13.3091,2.1675,55.842,0.0,True,24.5,0,0.0,0.0
google,1500,20,linear,True,False,10.0,0.4,0.3,0.3,0,0,UK,4,Greedy(EDF+greenest),-,0,0.3333333333333333,E26,16.49,95.45,39,0.721523,88.4246,17.709,0.0,0,12.6091,2.0172,70.708,0.0,True,24.5,0,0.0002,0.0
google,1500,20,linear,True,False,10.0,0.4,0.3,0.3,0,0,UK,4,VCC(Google),-,0,0.3333333333333333,E26,16.49,95.45,39,0.876794,85.9336,0.0,0.0,0,13.3091,2.1675,55.842,0.0,True,24.5,0,0.0042,0.0
google,1500,20,linear,True,False,10.0,0.4,0.3,0.3,0,0,UK,4,Threshold(WaitAwhile),-,0,0.3333333333333333,E26,16.49,95.45,39,0.806642,87.059,8.001,0.0,0,13.0091,2.0772,62.333,0.0,True,24.5,0,0.0215,0.0
google,1500,20,linear,True,False,10.0,0.4,0.3,0.3,0,0,UK,3,GA,random,5,0.3333333333333333,E26,16.49,95.45,39,1.387847,88.22,14.6297,0.0,0,12.7091,2.0804,82.286,0.0,True,26.0,4840,5.5706,3.8
google,1500,20,linear,True,False,10.0,0.4,0.3,0.3,0,0,UK,3,GA,random,6,0.3333333333333333,E26,16.49,95.45,39,1.389105,88.2093,14.5523,0.0,0,12.7091,2.0731,82.201,0.0,True,27.5,4840,5.5403,3.6
google,1500,20,linear,True,False,10.0,0.4,0.3,0.3,0,0,UK,3,GA,random,7,0.3333333333333333,E26,16.49,95.45,39,1.389144,88.209,14.5499,0.0,0,12.7591,2.0749,80.764,0.0,True,27.5,4840,5.526,3.78
google,1500,20,linear,True,False,10.0,0.4,0.3,0.3,0,0,UK,3,GA,random,8,0.3333333333333333,E26,16.49,95.45,39,1.394555,88.1631,14.2171,0.0,0,12.7591,2.0721,81.117,0.0,True,26.0,4840,5.639,3.65
google,1500,20,linear,True,False,10.0,0.4,0.3,0.3,0,0,UK,3,GA,random,9,0.3333333333333333,E26,16.49,95.45,39,1.386296,88.2332,14.7251,0.0,0,12.7591,2.0515,81.459,0.0,True,26.0,4840,5.6187,3.87
google,1500,20,linear,True,False,10.0,0.4,0.3,0.3,0,0,UK,3,GA,random,10,0.3333333333333333,E26,16.49,95.45,39,1.379562,88.2903,15.1393,0.0,0,12.6591,2.0644,83.628,0.0,True,27.5,4840,5.6203,3.78
google,1500,20,linear,True,False,10.0,0.4,0.3,0.3,0,0,UK,3,WOA,carbon,1,0.3333333333333333,E26,16.49,95.45,39,1.238521,89.4875,23.8151,0.0,0,12.7591,1.9322,67.832,0.0,True,28.0,4840,3.2229,2.58
google,1500,20,linear,True,False,10.0,0.4,0.3,0.3,0,0,UK,3,WOA,carbon,2,0.3333333333333333,E26,16.49,95.45,39,1.220533,89.6401,24.9216,0.0,0,12.6091,1.8994,72.606,0.0,True,27.5,4840,3.2351,2.9
google,1500,20,linear,True,False,10.0,0.4,0.3,0.3,0,0,UK,3,HHO,random,7,0.3333333333333333,E26,16.49,95.45,39,1.321058,88.7869,18.7381,0.0,0,13.0591,2.1621,63.656,0.0,True,28.0,8946,4.8928,2.78
google,1500,20,linear,True,False,10.0,0.4,0.3,0.3,0,0,UK,3,HHO,random,8,0.3333333333333333,E26,16.49,95.45,39,1.332337,88.6912,18.0443,0.0,0,13.1091,2.1788,63.256,0.0,True,28.5,8872,4.8074,2.7
google,1500,20,linear,True,False,10.0,0.4,0.3,0.3,0,0,UK,3,HHO,random,9,0.3333333333333333,E26,16.49,95.45,39,1.332638,88.6886,18.0257,0.0,0,13.1591,2.1735,60.245,0.0,True,28.5,8790,4.7855,2.94
google,1500,20,linear,True,False,10.0,0.4,0.3,0.3,0,0,UK,3,HHO,random,10,0.3333333333333333,E26,16.49,95.45,39,1.333636,88.6801,17.9643,0.0,0,13.1591,2.173,60.058,0.0,True,28.5,8942,4.8925,2.71
google,1500,20,linear,True,False,10.0,0.4,0.3,0.3,0,0,UK,3,GA,random,1,0.3333333333333333,E26,16.49,95.45,39,1.373758,88.3396,15.4963,0.0,0,12.6091,2.0376,83.039,0.0,True,26.5,4840,5.5645,3.61
google,1500,20,linear,True,False,10.0,0.4,0.3,0.3,0,0,UK,3,GA,random,2,0.3333333333333333,E26,16.49,95.45,39,1.383249,88.259,14.9125,0.0,0,12.6091,2.0569,85.311,0.0,True,25.5,4840,5.5881,3.81
google,1500,20,linear,True,False,10.0,0.4,0.3,0.3,0,0,UK,3,GA,random,3,0.3333333333333333,E26,16.49,95.45,39,1.394832,88.1607,14.2,0.0,0,12.7091,2.0822,82.753,0.0,True,26.0,4840,5.5562,3.78
google,1500,20,linear,True,False,10.0,0.4,0.3,0.3,0,0,UK,3,GA,random,4,0.3333333333333333,E26,16.49,95.45,39,1.388377,88.2155,14.5971,0.0,0,12.6091,2.0614,84.114,0.0,True,25.5,4840,5.5569,3.71
google,1500,10,linear,True,False,10.0,0.4,0.3,0.3,0,0,UK,4,GWO,random,10,0.3333333333333333,E26,16.49,95.45,39,0.839897,86.5255,4.2083,0.0,0,12.6591,2.0524,84.67,0.0,True,25.5,4840,3.7455,2.92
google,1500,10,linear,True,False,10.0,0.4,0.3,0.3,0,0,UK,4,PSO,random,1,0.3333333333333333,E26,16.49,95.45,39,0.868779,86.0622,0.9142,0.0,0,13.0091,2.1329,77.991,0.0,True,25.5,4840,3.334,4.42
google,1500,10,linear,True,False,10.0,0.4,0.3,0.3,0,0,UK,4,PSO,random,2,0.3333333333333333,E26,16.49,95.45,39,0.88107,85.865,-0.4876,0.0,0,12.9591,2.1323,79.37,0.0,True,27.0,4840,3.3472,4.19
google,1500,10,linear,True,False,10.0,0.4,0.3,0.3,0,0,UK,4,PSO,random,3,0.3333333333333333,E26,16.49,95.45,39,0.883544,85.8253,-0.7698,0.0,0,13.1091,2.1797,76.631,0.0,True,26.5,4840,3.3075,4.26
google,1500,10,linear,True,False,10.0,0.4,0.3,0.3,0,0,UK,4,PSO,random,4,0.3333333333333333,E26,16.49,95.45,39,0.886503,85.7778,-1.1073,0.0,0,13.1591,2.1617,76.852,0.0,True,26.0,4840,3.3347,4.16
google,1500,10,linear,True,False,10.0,0.4,0.3,0.3,0,0,UK,4,PSO,random,5,0.3333333333333333,E26,16.49,95.45,39,0.878202,85.911,-0.1605,0.0,0,12.8591,2.119,80.663,0.0,True,26.5,4840,3.315,4.15
google,1500,10,linear,True,False,10.0,0.4,0.3,0.3,0,0,UK,4,PSO,random,6,0.3333333333333333,E26,16.49,95.45,39,0.873079,85.9932,0.4237,0.0,0,12.8591,2.1241,81.098,0.0,True,25.5,4840,3.3321,4.35
google,1500,10,linear,True,False,10.0,0.4,0.3,0.3,0,0,UK,4,PSO,random,7,0.3333333333333333,E26,16.49,95.45,39,0.888112,85.752,-1.2908,0.0,0,13.0591,2.1359,77.26,0.0,True,26.5,4840,3.2976,4.4
google,1500,10,linear,True,False,10.0,0.4,0.3,0.3,0,0,UK,4,WOA,random,4,0.3333333333333333,E26,16.49,95.45,39,0.854888,86.285,2.4985,0.0,0,12.9591,2.1233,76.47,0.0,True,24.5,4840,3.4014,2.55
google,1500,10,linear,True,False,10.0,0.4,0.3,0.3,0,0,UK,4,WOA,random,5,0.3333333333333333,E26,16.49,95.45,39,0.857029,86.2507,2.2543,0.0,0,12.9091,2.1237,74.383,0.0,True,25.0,4840,3.5125,2.5
google,1500,10,linear,True,False,10.0,0.4,0.3,0.3,0,0,UK,4,WOA,random,6,0.3333333333333333,E26,16.49,95.45,39,0.850627,86.3534,2.9844,0.0,0,12.9591,2.1188,73.783,0.0,True,24.5,4840,3.4188,2.5
google,1500,10,linear,True,False,10.0,0.4,0.3,0.3,0,0,UK,4,WOA,random,7,0.3333333333333333,E26,16.49,95.45,39,0.860268,86.1987,1.8849,0.0,0,12.9591,2.1263,72.106,0.0,True,25.0,4840,3.4522,2.52
google,1500,10,linear,True,False,10.0,0.4,0.3,0.3,0,0,UK,4,WOA,random,8,0.3333333333333333,E26,16.49,95.45,39,0.862389,86.1647,1.6429,0.0,0,12.9591,2.1216,72.473,0.0,True,26.0,4840,3.4441,2.58
google,1500,10,linear,True,False,10.0,0.4,0.3,0.3,0,0,UK,4,WOA,random,9,0.3333333333333333,E26,16.49,95.45,39,0.849949,86.3643,3.0618,0.0,0,12.8591,2.1118,76.541,0.0,True,26.0,4840,3.4176,2.45
google,1500,10,linear,True,False,10.0,0.4,0.3,0.3,0,0,UK,4,WOA,random,10,0.3333333333333333,E26,16.49,95.45,39,0.861221,86.1834,1.7762,0.0,0,13.0091,2.1317,68.759,0.0,True,26.0,4840,3.4666,2.59
google,1500,10,linear,True,False,10.0,0.4,0.3,0.3,0,0,UK,4,GWO,random,1,0.3333333333333333,E26,16.49,95.45,39,0.858649,86.2247,2.0696,0.0,0,12.9091,2.1201,81.161,0.0,True,25.5,4840,3.9029,2.66
google,1500,10,linear,True,False,10.0,0.4,0.3,0.3,0,0,UK,4,GWO,random,2,0.3333333333333333,E26,16.49,95.45,39,0.851309,86.3424,2.9066,0.0,0,12.9091,2.1049,80.822,0.0,True,25.5,4840,3.7583,2.63
google,1500,10,linear,True,False,10.0,0.4,0.3,0.3,0,0,UK,4,GWO,random,3,0.3333333333333333,E26,16.49,95.45,39,0.839197,86.5368,4.288,0.0,0,12.6591,2.0787,83.019,0.0,True,25.0,4840,3.7776,2.93
google,1500,10,linear,True,False,10.0,0.4,0.3,0.3,0,0,UK,4,GWO,random,4,0.3333333333333333,E26,16.49,95.45,39,0.851022,86.3471,2.9394,0.0,0,12.7591,2.0948,83.145,0.0,True,25.5,4840,3.7469,2.49
google,1500,10,linear,True,False,10.0,0.4,0.3,0.3,0,0,UK,4,GWO,random,5,0.3333333333333333,E26,16.49,95.45,39,0.853074,86.3141,2.7054,0.0,0,12.8591,2.1068,80.886,0.0,True,25.5,4840,3.7547,2.69
google,1500,10,linear,True,False,10.0,0.4,0.3,0.3,0,0,UK,4,GWO,random,6,0.3333333333333333,E26,16.49,95.45,39,0.848539,86.3869,3.2226,0.0,0,12.7591,2.0722,82.214,0.0,True,25.5,4840,3.7547,2.91
google,1500,10,linear,True,False,10.0,0.4,0.3,0.3,0,0,UK,4,GWO,random,7,0.3333333333333333,E26,16.49,95.45,39,0.840162,86.5213,4.178,0.0,0,12.6591,2.0823,84.032,0.0,True,25.0,4840,3.7463,2.96
google,1500,10,linear,True,False,10.0,0.4,0.3,0.3,0,0,UK,4,GWO,random,8,0.3333333333333333,E26,16.49,95.45,39,0.84119,86.5048,4.0608,0.0,0,12.6591,2.0792,83.666,0.0,True,25.0,4840,3.7512,2.78
google,1500,10,linear,True,False,10.0,0.4,0.3,0.3,0,0,UK,4,GWO,random,9,0.3333333333333333,E26,16.49,95.45,39,0.825914,86.7499,5.8031,0.0,0,12.5091,2.0453,87.343,0.0,True,25.0,4840,3.7246,2.96
google,1500,10,linear,True,False,10.0,0.4,0.3,0.3,0,0,UK,4,PSO,random,8,0.3333333333333333,E26,16.49,95.45,39,0.871285,86.022,0.6284,0.0,0,12.8591,2.1059,81.004,0.0,True,26.0,4840,3.3531,4.42
google,1500,10,linear,True,False,10.0,0.4,0.3,0.3,0,0,UK,4,PSO,random,9,0.3333333333333333,E26,16.49,95.45,39,0.877536,85.9217,-0.0846,0.0,0,12.9591,2.1362,79.838,0.0,True,26.0,4840,3.3243,4.35
google,1500,10,linear,True,False,10.0,0.4,0.3,0.3,0,0,UK,4,PSO,random,10,0.3333333333333333,E26,16.49,95.45,39,0.874021,85.9781,0.3164,0.0,0,12.9091,2.1315,80.788,0.0,True,25.5,4840,3.312,4.21
google,1500,10,linear,True,False,10.0,0.4,0.3,0.3,0,0,UK,4,DE,random,1,0.3333333333333333,E26,16.49,95.45,39,0.857086,86.2498,2.2477,0.0,0,12.8091,2.1051,82.881,0.0,True,25.5,4840,3.2299,2.73
google,1500,10,linear,True,False,10.0,0.4,0.3,0.3,0,0,UK,4,DE,random,2,0.3333333333333333,E26,16.49,95.45,39,0.859056,86.2182,2.0231,0.0,0,12.8591,2.1081,81.914,0.0,True,25.5,4840,3.1996,2.55
google,1500,10,linear,True,False,10.0,0.4,0.3,0.3,0,0,UK,4,DE,random,3,0.3333333333333333,E26,16.49,95.45,39,0.845849,86.43,3.5294,0.0,0,12.7591,2.0532,82.407,0.0,True,25.5,4840,3.2276,2.71
google,1500,10,linear,True,False,10.0,0.4,0.3,0.3,0,0,UK,4,DE,random,4,0.3333333333333333,E26,16.49,95.45,39,0.843333,86.4704,3.8163,0.0,0,12.6091,2.0678,84.797,0.0,True,25.5,4840,3.2076,3.01
google,1500,10,linear,True,False,10.0,0.4,0.3,0.3,0,0,UK,4,DE,random,5,0.3333333333333333,E26,16.49,95.45,39,0.848651,86.3851,3.2099,0.0,0,12.6591,2.0633,84.586,0.0,True,25.5,4840,3.2174,3.56
google,1500,10,linear,True,False,10.0,0.4,0.3,0.3,0,0,UK,4,DE,random,6,0.3333333333333333,E26,16.49,95.45,39,0.855904,86.2687,2.3826,0.0,0,12.7091,2.0954,81.803,0.0,True,26.0,4840,3.2274,2.8
google,1500,10,linear,True,False,10.0,0.4,0.3,0.3,0,0,UK,4,DE,random,7,0.3333333333333333,E26,16.49,95.45,39,0.851709,86.336,2.8611,0.0,0,12.6591,2.0821,83.364,0.0,True,26.0,4840,3.1998,2.93
google,1500,10,linear,True,False,10.0,0.4,0.3,0.3,0,0,UK,4,DE,random,8,0.3333333333333333,E26,16.49,95.45,39,0.854392,86.293,2.5551,0.0,0,12.6591,2.0775,83.953,0.0,True,25.5,4840,3.209,2.79
google,1500,10,linear,True,False,10.0,0.4,0.3,0.3,0,0,UK,4,DE,random,9,0.3333333333333333,E26,16.49,95.45,39,0.847971,86.396,3.2874,0.0,0,12.6091,2.0586,84.559,0.0,True,25.5,4840,3.2112,2.93
google,1500,10,linear,True,False,10.0,0.4,0.3,0.3,0,0,UK,4,DE,random,10,0.3333333333333333,E26,16.49,95.45,39,0.849459,86.3721,3.1176,0.0,0,12.7091,2.0794,84.321,0.0,True,26.0,4840,3.1958,2.59
google,1500,10,linear,True,False,10.0,0.4,0.3,0.3,0,0,UK,4,HHO,random,1,0.3333333333333333,E26,16.49,95.45,39,0.847202,86.4083,3.3751,0.0,0,12.8091,2.1012,76.033,0.0,True,24.5,8910,4.8597,2.7
google,1500,10,linear,True,False,10.0,0.4,0.3,0.3,0,0,UK,4,HHO,random,2,0.3333333333333333,E26,16.49,95.45,39,0.855933,86.2683,2.3793,0.0,0,12.9591,2.1159,73.367,0.0,True,24.5,8780,4.7749,2.7
google,1500,10,linear,True,False,10.0,0.4,0.3,0.3,0,0,UK,4,HHO,random,3,0.3333333333333333,E26,16.49,95.45,39,0.85601,86.267,2.3705,0.0,0,12.9591,2.1216,73.308,0.0,True,25.0,8894,4.8327,2.89
google,1500,10,linear,True,False,10.0,0.4,0.3,0.3,0,0,UK,4,GA,random,10,0.3333333333333333,E26,16.49,95.45,39,0.842265,86.4875,3.9381,0.0,0,12.6591,2.0792,84.276,0.0,True,25.5,4840,5.6155,3.87
google,1500,10,linear,True,False,10.0,0.4,0.3,0.3,0,0,UK,4,WOA,carbon,1,0.3333333333333333,E26,16.49,95.45,39,0.827004,86.7324,5.6786,0.0,0,12.9091,2.1032,77.112,0.0,True,24.5,4840,3.2282,2.47
google,1500,10,linear,True,False,10.0,0.4,0.3,0.3,0,0,UK,4,WOA,carbon,2,0.3333333333333333,E26,16.49,95.45,39,0.809234,87.0174,7.7054,0.0,0,13.0091,2.1115,70.83,0.0,True,25.0,4840,3.2217,2.64
google,1500,10,linear,True,False,10.0,0.4,0.3,0.3,0,0,UK,4,WOA,carbon,3,0.3333333333333333,E26,16.49,95.45,39,0.818851,86.8632,6.6086,0.0,0,13.1091,2.1255,68.674,0.0,True,25.5,4840,3.2237,2.67
google,1500,10,linear,True,False,10.0,0.4,0.3,0.3,0,0,UK,4,WOA,carbon,4,0.3333333333333333,E26,16.49,95.45,39,0.824316,86.7755,5.9853,0.0,0,13.0591,2.1116,70.635,0.0,True,25.5,4840,3.1907,2.64
google,1500,10,linear,True,False,10.0,0.4,0.3,0.3,0,0,UK,4,WOA,carbon,5,0.3333333333333333,E26,16.49,95.45,39,0.809201,87.018,7.7091,0.0,0,12.9591,2.0937,74.133,0.0,True,25.5,4840,3.2232,2.52
google,1500,10,linear,True,False,10.0,0.4,0.3,0.3,0,0,UK,4,WOA,carbon,6,0.3333333333333333,E26,16.49,95.45,39,0.776559,87.5417,11.432,0.0,0,12.7591,2.0472,73.765,0.0,True,24.5,4840,3.201,2.53
google,1500,10,linear,True,False,10.0,0.4,0.3,0.3,0,0,UK,4,WOA,carbon,7,0.3333333333333333,E26,16.49,95.45,39,0.776472,87.543,11.4419,0.0,0,12.7591,2.0477,70.658,0.0,True,25.0,4840,3.2315,2.59
google,1500,10,linear,True,False,10.0,0.4,0.3,0.3,0,0,UK,4,HHO,random,4,0.3333333333333333,E26,16.49,95.45,39,0.852528,86.3229,2.7676,0.0,0,12.8091,2.1133,76.243,0.0,True,25.0,9094,5.0152,2.51
google,1500,10,linear,True,False,10.0,0.4,0.3,0.3,0,0,UK,4,HHO,random,5,0.3333333333333333,E26,16.49,95.45,39,0.851825,86.3342,2.8478,0.0,0,12.9091,2.1186,74.212,0.0,True,24.5,8986,4.9374,2.5
google,1500,10,linear,True,False,10.0,0.4,0.3,0.3,0,0,UK,4,HHO,random,6,0.3333333333333333,E26,16.49,95.45,39,0.850366,86.3576,3.0142,0.0,0,12.9091,2.1141,74.662,0.0,True,25.5,8968,4.906,2.7
google,1500,10,linear,True,False,10.0,0.4,0.3,0.3,0,0,UK,4,HHO,random,7,0.3333333333333333,E26,16.49,95.45,39,0.850629,86.3534,2.9843,0.0,0,12.8591,2.1163,74.793,0.0,True,24.5,8946,4.9041,2.68
google,1500,10,linear,True,False,10.0,0.4,0.3,0.3,0,0,UK,4,HHO,random,8,0.3333333333333333,E26,16.49,95.45,39,0.852445,86.3242,2.7771,0.0,0,12.9091,2.1238,73.675,0.0,True,25.0,8872,4.858,2.8
google,1500,10,linear,True,False,10.0,0.4,0.3,0.3,0,0,UK,4,HHO,random,9,0.3333333333333333,E26,16.49,95.45,39,0.849011,86.3793,3.1688,0.0,0,12.8591,2.1017,73.035,0.0,True,25.0,8790,4.8012,2.52
google,1500,10,linear,True,False,10.0,0.4,0.3,0.3,0,0,UK,4,HHO,random,10,0.3333333333333333,E26,16.49,95.45,39,0.85085,86.3498,2.959,0.0,0,12.8591,2.1174,77.659,0.0,True,24.5,8942,4.8548,2.59
google,1500,10,linear,True,False,10.0,0.4,0.3,0.3,0,0,UK,4,GA,random,1,0.3333333333333333,E26,16.49,95.45,39,0.842722,86.4802,3.886,0.0,0,12.7091,2.0663,82.83,0.0,True,26.0,4840,5.582,3.74
google,1500,20,linear,True,False,10.0,0.4,0.3,0.3,0,0,UK,4,WOA,random,1,0.3333333333333333,E26,16.49,95.45,39,0.863541,86.1462,1.5116,0.0,0,13.0591,2.1456,70.39,0.0,True,25.0,4840,3.4208,2.61
google,1500,20,linear,True,False,10.0,0.4,0.3,0.3,0,0,UK,4,WOA,random,2,0.3333333333333333,E26,16.49,95.45,39,0.866165,86.1041,1.2124,0.0,0,13.0591,2.1331,70.859,0.0,True,25.0,4840,3.382,2.51
google,1500,20,linear,True,False,10.0,0.4,0.3,0.3,0,0,UK,4,WOA,random,3,0.3333333333333333,E26,16.49,95.45,39,0.853093,86.3138,2.7031,0.0,0,12.9091,2.1261,75.006,0.0,True,24.5,4840,3.3911,2.61
google,1500,20,linear,True,False,10.0,0.4,0.3,0.3,0,0,UK,4,WOA,random,4,0.3333333333333333,E26,16.49,95.45,39,0.858549,86.2263,2.0809,0.0,0,13.0091,2.136,70.698,0.0,True,24.5,4840,3.4143,2.57
google,1500,20,linear,True,False,10.0,0.4,0.3,0.3,0,0,UK,4,WOA,random,5,0.3333333333333333,E26,16.49,95.45,39,0.859153,86.2166,2.012,0.0,0,13.0591,2.1408,67.317,0.0,True,25.0,4840,3.4268,2.55
google,1500,20,linear,True,False,10.0,0.4,0.3,0.3,0,0,UK,4,WOA,random,6,0.3333333333333333,E26,16.49,95.45,39,0.847941,86.3965,3.2908,0.0,0,12.9091,2.1113,73.676,0.0,True,24.5,4840,3.3812,2.67
google,1500,20,linear,True,False,10.0,0.4,0.3,0.3,0,0,UK,4,WOA,random,7,0.3333333333333333,E26,16.49,95.45,39,0.864354,86.1332,1.4188,0.0,0,13.0091,2.1371,70.397,0.0,True,25.0,4840,3.4027,2.55
google,1500,20,linear,True,False,10.0,0.4,0.3,0.3,0,0,UK,4,WOA,random,8,0.3333333333333333,E26,16.49,95.45,39,0.857433,86.2442,2.2082,0.0,0,12.9591,2.1217,72.353,0.0,True,24.5,4840,3.3689,2.55
google,1500,10,linear,True,False,10.0,0.4,0.3,0.3,0,0,UK,4,GA,random,2,0.3333333333333333,E26,16.49,95.45,39,0.844192,86.4566,3.7184,0.0,0,12.6091,2.0614,84.036,0.0,True,26.0,4840,5.6014,3.76
google,1500,10,linear,True,False,10.0,0.4,0.3,0.3,0,0,UK,4,GA,random,3,0.3333333333333333,E26,16.49,95.45,39,0.836867,86.5741,4.5538,0.0,0,12.6591,2.0507,84.885,0.0,True,25.5,4840,5.5924,3.9
google,1500,10,linear,True,False,10.0,0.4,0.3,0.3,0,0,UK,4,GA,random,4,0.3333333333333333,E26,16.49,95.45,39,0.847057,86.4107,3.3916,0.0,0,12.6591,2.0935,82.762,0.0,True,27.0,4840,5.5711,3.8
google,1500,10,linear,True,False,10.0,0.4,0.3,0.3,0,0,UK,4,GA,random,5,0.3333333333333333,E26,16.49,95.45,39,0.843371,86.4698,3.812,0.0,0,12.7091,2.0698,82.276,0.0,True,26.5,4840,5.5416,3.65
google,1500,10,linear,True,False,10.0,0.4,0.3,0.3,0,0,UK,4,GA,random,6,0.3333333333333333,E26,16.49,95.45,39,0.839582,86.5306,4.2442,0.0,0,12.5591,2.0534,85.387,0.0,True,25.5,4840,5.5496,3.73
google,1500,10,linear,True,False,10.0,0.4,0.3,0.3,0,0,UK,4,GA,random,7,0.3333333333333333,E26,16.49,95.45,39,0.838648,86.5456,4.3507,0.0,0,12.6091,2.0575,85.41,0.0,True,25.5,4840,5.5236,3.75
google,1500,10,linear,True,False,10.0,0.4,0.3,0.3,0,0,UK,4,GA,random,8,0.3333333333333333,E26,16.49,95.45,39,0.845845,86.4301,3.5298,0.0,0,12.6591,2.0627,84.672,0.0,True,25.5,4840,5.5287,3.76
google,1500,10,linear,True,False,10.0,0.4,0.3,0.3,0,0,UK,4,GA,random,9,0.3333333333333333,E26,16.49,95.45,39,0.838095,86.5544,4.4137,0.0,0,12.6591,2.0594,84.447,0.0,True,25.5,4840,5.5568,3.81
google,1500,20,linear,True,False,10.0,0.4,0.3,0.3,0,0,UK,4,PSO,random,5,0.3333333333333333,E26,16.49,95.45,39,0.878202,85.911,-0.1605,0.0,0,12.8591,2.119,80.663,0.0,True,26.5,4840,3.289,4.15
google,1500,20,linear,True,False,10.0,0.4,0.3,0.3,0,0,UK,4,PSO,random,6,0.3333333333333333,E26,16.49,95.45,39,0.873079,85.9932,0.4237,0.0,0,12.8591,2.1241,81.098,0.0,True,25.5,4840,3.2912,4.35
google,1500,20,linear,True,False,10.0,0.4,0.3,0.3,0,0,UK,4,PSO,random,7,0.3333333333333333,E26,16.49,95.45,39,0.888112,85.752,-1.2908,0.0,0,13.0591,2.1359,77.26,0.0,True,26.5,4840,3.284,4.4
google,1500,20,linear,True,False,10.0,0.4,0.3,0.3,0,0,UK,4,PSO,random,8,0.3333333333333333,E26,16.49,95.45,39,0.871285,86.022,0.6284,0.0,0,12.8591,2.1059,81.004,0.0,True,26.0,4840,3.2902,4.42
google,1500,20,linear,True,False,10.0,0.4,0.3,0.3,0,0,UK,4,PSO,random,9,0.3333333333333333,E26,16.49,95.45,39,0.877536,85.9217,-0.0846,0.0,0,12.9591,2.1362,79.838,0.0,True,26.0,4840,3.2843,4.35
google,1500,20,linear,True,False,10.0,0.4,0.3,0.3,0,0,UK,4,PSO,random,10,0.3333333333333333,E26,16.49,95.45,39,0.874021,85.9781,0.3164,0.0,0,12.9091,2.1315,80.788,0.0,True,25.5,4840,3.2845,4.21
google,1500,20,linear,True,False,10.0,0.4,0.3,0.3,0,0,UK,4,DE,random,1,0.3333333333333333,E26,16.49,95.45,39,0.857086,86.2498,2.2477,0.0,0,12.8091,2.1051,82.881,0.0,True,25.5,4840,3.1867,2.73
google,1500,20,linear,True,False,10.0,0.4,0.3,0.3,0,0,UK,4,DE,random,2,0.3333333333333333,E26,16.49,95.45,39,0.859056,86.2182,2.0231,0.0,0,12.8591,2.1081,81.914,0.0,True,25.5,4840,3.1829,2.55
google,1500,20,linear,True,False,10.0,0.4,0.3,0.3,0,0,UK,4,DE,random,3,0.3333333333333333,E26,16.49,95.45,39,0.845849,86.43,3.5294,0.0,0,12.7591,2.0532,82.407,0.0,True,25.5,4840,3.2211,2.71
google,1500,20,linear,True,False,10.0,0.4,0.3,0.3,0,0,UK,4,DE,random,4,0.3333333333333333,E26,16.49,95.45,39,0.843333,86.4704,3.8163,0.0,0,12.6091,2.0678,84.797,0.0,True,25.5,4840,3.2034,3.01
google,1500,20,linear,True,False,10.0,0.4,0.3,0.3,0,0,UK,4,DE,random,5,0.3333333333333333,E26,16.49,95.45,39,0.848651,86.3851,3.2099,0.0,0,12.6591,2.0633,84.586,0.0,True,25.5,4840,3.2117,3.56
google,1500,20,linear,True,False,10.0,0.4,0.3,0.3,0,0,UK,4,DE,random,6,0.3333333333333333,E26,16.49,95.45,39,0.855904,86.2687,2.3826,0.0,0,12.7091,2.0954,81.803,0.0,True,26.0,4840,3.1953,2.8
google,1500,20,linear,True,False,10.0,0.4,0.3,0.3,0,0,UK,4,DE,random,7,0.3333333333333333,E26,16.49,95.45,39,0.851709,86.336,2.8611,0.0,0,12.6591,2.0821,83.364,0.0,True,26.0,4840,3.2015,2.93
google,1500,20,linear,True,False,10.0,0.4,0.3,0.3,0,0,UK,4,DE,random,8,0.3333333333333333,E26,16.49,95.45,39,0.854392,86.293,2.5551,0.0,0,12.6591,2.0775,83.953,0.0,True,25.5,4840,3.1922,2.79
google,1500,20,linear,True,False,10.0,0.4,0.3,0.3,0,0,UK,4,DE,random,9,0.3333333333333333,E26,16.49,95.45,39,0.847971,86.396,3.2874,0.0,0,12.6091,2.0586,84.559,0.0,True,25.5,4840,3.21,2.93
google,1500,20,linear,True,False,10.0,0.4,0.3,0.3,0,0,UK,4,DE,random,10,0.3333333333333333,E26,16.49,95.45,39,0.849459,86.3721,3.1176,0.0,0,12.7091,2.0794,84.321,0.0,True,26.0,4840,3.2057,2.59
google,1500,20,linear,True,False,10.0,0.4,0.3,0.3,0,0,UK,4,GWO,random,7,0.3333333333333333,E26,16.49,95.45,39,0.840162,86.5213,4.178,0.0,0,12.6591,2.0823,84.032,0.0,True,25.0,4840,3.7344,2.97
google,1500,20,linear,True,False,10.0,0.4,0.3,0.3,0,0,UK,4,GWO,random,8,0.3333333333333333,E26,16.49,95.45,39,0.84119,86.5048,4.0608,0.0,0,12.6591,2.0792,83.666,0.0,True,25.0,4840,3.7097,2.78
google,1500,20,linear,True,False,10.0,0.4,0.3,0.3,0,0,UK,4,GWO,random,9,0.3333333333333333,E26,16.49,95.45,39,0.825914,86.7499,5.8031,0.0,0,12.5091,2.0453,87.343,0.0,True,25.0,4840,3.7142,2.96
google,1500,20,linear,True,False,10.0,0.4,0.3,0.3,0,0,UK,4,GWO,random,10,0.3333333333333333,E26,16.49,95.45,39,0.839897,86.5255,4.2083,0.0,0,12.6591,2.0524,84.67,0.0,True,25.5,4840,3.705,2.92
google,1500,20,linear,True,False,10.0,0.4,0.3,0.3,0,0,UK,4,PSO,random,1,0.3333333333333333,E26,16.49,95.45,39,0.868779,86.0622,0.9142,0.0,0,13.0091,2.1329,77.991,0.0,True,25.5,4840,3.3187,4.42
google,1500,20,linear,True,False,10.0,0.4,0.3,0.3,0,0,UK,4,PSO,random,2,0.3333333333333333,E26,16.49,95.45,39,0.88107,85.865,-0.4876,0.0,0,12.9591,2.1323,79.37,0.0,True,27.0,4840,3.2797,4.19
google,1500,20,linear,True,False,10.0,0.4,0.3,0.3,0,0,UK,4,PSO,random,3,0.3333333333333333,E26,16.49,95.45,39,0.883544,85.8253,-0.7698,0.0,0,13.1091,2.1797,76.631,0.0,True,26.5,4840,3.3027,4.26
google,1500,20,linear,True,False,10.0,0.4,0.3,0.3,0,0,UK,4,PSO,random,4,0.3333333333333333,E26,16.49,95.45,39,0.886503,85.7778,-1.1073,0.0,0,13.1591,2.1617,76.852,0.0,True,26.0,4840,3.3229,4.16
google,1500,10,linear,True,False,10.0,0.4,0.3,0.3,0,0,UK,5,Greedy(EDF+greenest),-,0,0.3333333333333333,E26,16.49,95.45,39,0.892087,87.9755,12.4784,0.0,0,12.9091,1.9364,62.865,13.0071,False,28.0,0,0.0002,0.0
google,1500,10,linear,True,False,10.0,0.4,0.3,0.3,0,0,UK,5,VCC(Google),-,0,0.3333333333333333,E26,16.49,95.45,39,1.016838,86.294,0.2393,0.0,0,13.2591,2.16,59.225,0.0,True,24.5,0,0.0047,0.0
google,1500,10,linear,True,False,10.0,0.4,0.3,0.3,0,0,UK,5,Threshold(WaitAwhile),-,0,0.3333333333333333,E26,16.49,95.45,39,0.911865,87.7089,10.5381,0.0,0,12.9591,1.9439,59.574,13.1119,False,24.5,0,0.021,0.0
google,1500,10,linear,True,False,10.0,0.4,0.3,0.3,0,0,UK,5,WOA,random,1,0.3333333333333333,E26,16.49,95.45,39,1.010391,86.3809,0.8718,0.0,0,13.0591,2.148,69.743,0.0,True,26.0,4840,3.2437,2.55
google,1500,10,linear,True,False,10.0,0.4,0.3,0.3,0,0,UK,5,WOA,random,2,0.3333333333333333,E26,16.49,95.45,39,1.004785,86.4565,1.4218,0.0,0,13.0091,2.1152,73.145,0.0,True,24.5,4840,3.2425,2.44
google,1500,10,linear,True,False,10.0,0.4,0.3,0.3,0,0,UK,5,WOA,random,3,0.3333333333333333,E26,16.49,95.45,39,0.995828,86.5772,2.3005,0.0,0,12.8091,2.082,78.538,0.0,True,25.0,4840,3.2188,2.45
google,1500,10,linear,True,False,10.0,0.4,0.3,0.3,0,0,UK,5,WOA,random,4,0.3333333333333333,E26,16.49,95.45,39,1.003734,86.4706,1.525,0.0,0,12.9091,2.1173,76.553,0.0,True,27.0,4840,3.2358,2.52
google,1500,10,linear,True,False,10.0,0.4,0.3,0.3,0,0,UK,5,WOA,random,5,0.3333333333333333,E26,16.49,95.45,39,1.000319,86.5167,1.8599,0.0,0,12.9091,2.12,74.104,0.0,True,26.0,4840,3.2428,2.61
google,1500,20,linear,True,False,10.0,0.4,0.3,0.3,0,0,UK,4,WOA,random,9,0.3333333333333333,E26,16.49,95.45,39,0.851998,86.3314,2.8281,0.0,0,12.8591,2.1129,74.32,0.0,True,25.5,4840,3.4916,2.61
google,1500,20,linear,True,False,10.0,0.4,0.3,0.3,0,0,UK,4,WOA,random,10,0.3333333333333333,E26,16.49,95.45,39,0.86662,86.0968,1.1604,0.0,0,13.1091,2.1489,66.25,0.0,True,24.5,4840,3.465,2.51
google,1500,20,linear,True,False,10.0,0.4,0.3,0.3,0,0,UK,4,GWO,random,1,0.3333333333333333,E26,16.49,95.45,39,0.858649,86.2247,2.0696,0.0,0,12.9091,2.1201,81.161,0.0,True,25.5,4840,3.9412,2.66
google,1500,20,linear,True,False,10.0,0.4,0.3,0.3,0,0,UK,4,GWO,random,2,0.3333333333333333,E26,16.49,95.45,39,0.851309,86.3424,2.9066,0.0,0,12.9091,2.1049,80.822,0.0,True,25.5,4840,3.9434,2.63
google,1500,20,linear,True,False,10.0,0.4,0.3,0.3,0,0,UK,4,GWO,random,3,0.3333333333333333,E26,16.49,95.45,39,0.839197,86.5368,4.288,0.0,0,12.6591,2.0787,83.019,0.0,True,25.0,4840,3.9434,2.93
google,1500,20,linear,True,False,10.0,0.4,0.3,0.3,0,0,UK,4,GWO,random,4,0.3333333333333333,E26,16.49,95.45,39,0.851022,86.3471,2.9394,0.0,0,12.7591,2.0948,83.145,0.0,True,25.5,4840,3.959,2.49
google,1500,20,linear,True,False,10.0,0.4,0.3,0.3,0,0,UK,4,GWO,random,5,0.3333333333333333,E26,16.49,95.45,39,0.853074,86.3141,2.7054,0.0,0,12.8591,2.1068,80.886,0.0,True,25.5,4840,3.9424,2.69
google,1500,20,linear,True,False,10.0,0.4,0.3,0.3,0,0,UK,4,GWO,random,6,0.3333333333333333,E26,16.49,95.45,39,0.848539,86.3869,3.2226,0.0,0,12.7591,2.0722,82.214,0.0,True,25.5,4840,3.9683,2.91
google,1500,20,linear,True,False,10.0,0.4,0.3,0.3,0,0,UK,4,WOA,carbon,5,0.3333333333333333,E26,16.49,95.45,39,0.709888,88.6113,19.0359,0.0,0,12.4091,1.9872,78.119,0.0,True,24.5,4840,3.213,2.39
google,1500,20,linear,True,False,10.0,0.4,0.3,0.3,0,0,UK,4,WOA,carbon,6,0.3333333333333333,E26,16.49,95.45,39,0.712304,88.5725,18.7604,0.0,0,12.4591,1.9947,76.613,0.0,True,24.5,4840,3.1817,2.4
google,1500,20,linear,True,False,10.0,0.4,0.3,0.3,0,0,UK,4,WOA,carbon,7,0.3333333333333333,E26,16.49,95.45,39,0.717599,88.4876,18.1565,0.0,0,12.4591,2.0022,75.014,0.0,True,24.5,4840,3.2048,2.39
google,1500,20,linear,True,False,10.0,0.4,0.3,0.3,0,0,UK,4,WOA,carbon,8,0.3333333333333333,E26,16.49,95.45,39,0.710977,88.5938,18.9117,0.0,0,12.4091,1.9872,78.261,0.0,True,24.5,4840,3.1705,2.48
google,1500,20,linear,True,False,10.0,0.4,0.3,0.3,0,0,UK,4,WOA,carbon,9,0.3333333333333333,E26,16.49,95.45,39,0.709898,88.6111,19.0349,0.0,0,12.4091,1.9872,77.265,0.0,True,24.5,4840,3.2187,2.34
google,1500,20,linear,True,False,10.0,0.4,0.3,0.3,0,0,UK,4,WOA,carbon,10,0.3333333333333333,E26,16.49,95.45,39,0.713069,88.5602,18.6732,0.0,0,12.4591,1.9947,76.554,0.0,True,24.5,4840,3.2176,2.41
google,1500,10,linear,True,False,10.0,0.4,0.3,0.3,0,0,UK,5,FIFO,-,0,0.3333333333333333,E26,16.49,95.45,39,7.418927,0.0,-627.8615,0.0,0,95.9591,15.66,5.308,8.9738,False,24.5,0,0.0,0.0
google,1500,10,linear,True,False,10.0,0.4,0.3,0.3,0,0,UK,5,Consolidation,-,0,0.3333333333333333,E26,16.49,95.45,39,1.019277,86.2611,0.0,0.0,0,13.3091,2.1675,55.842,8.9738,False,24.5,0,0.0,0.0
google,1500,10,linear,True,False,10.0,0.4,0.3,0.3,0,0,UK,5,WOA,carbon,10,0.3333333333333333,E26,16.49,95.45,39,0.964697,86.9968,5.3548,0.0,0,13.0591,2.0389,68.207,0.0,True,28.5,4840,3.2133,2.57
google,1500,20,linear,True,False,10.0,0.4,0.3,0.3,0,0,UK,5,FIFO,-,0,0.3333333333333333,E26,16.49,95.45,39,7.418927,0.0,-627.8615,0.0,0,95.9591,15.66,5.308,0.0,True,24.5,0,0.0,0.0
google,1500,20,linear,True,False,10.0,0.4,0.3,0.3,0,0,UK,5,Consolidation,-,0,0.3333333333333333,E26,16.49,95.45,39,1.019277,86.2611,0.0,0.0,0,13.3091,2.1675,55.842,0.0,True,24.5,0,0.0,0.0
google,1500,20,linear,True,False,10.0,0.4,0.3,0.3,0,0,UK,5,Greedy(EDF+greenest),-,0,0.3333333333333333,E26,16.49,95.45,39,0.892087,87.9755,12.4784,0.0,0,12.9091,1.9364,62.865,0.0,True,28.0,0,0.0002,0.0
google,1500,20,linear,True,False,10.0,0.4,0.3,0.3,0,0,UK,5,VCC(Google),-,0,0.3333333333333333,E26,16.49,95.45,39,1.019277,86.2611,0.0,0.0,0,13.3091,2.1675,55.842,0.0,True,24.5,0,0.0045,0.0
google,1500,20,linear,True,False,10.0,0.4,0.3,0.3,0,0,UK,5,Threshold(WaitAwhile),-,0,0.3333333333333333,E26,16.49,95.45,39,0.911865,87.7089,10.5381,0.0,0,12.9591,1.9439,59.574,0.0,True,24.5,0,0.0215,0.0
google,1500,20,linear,True,False,10.0,0.4,0.3,0.3,0,0,UK,5,WOA,random,1,0.3333333333333333,E26,16.49,95.45,39,0.999496,86.5278,1.9407,0.0,0,12.9091,2.12,71.795,0.0,True,24.5,4840,3.2306,2.5
google,1500,20,linear,True,False,10.0,0.4,0.3,0.3,0,0,UK,5,WOA,random,2,0.3333333333333333,E26,16.49,95.45,39,1.006103,86.4387,1.2925,0.0,0,13.0591,2.1394,65.158,0.0,True,24.5,4840,3.2232,2.5
google,1500,20,linear,True,False,10.0,0.4,0.3,0.3,0,0,UK,4,GA,random,7,0.3333333333333333,E26,16.49,95.45,39,0.838648,86.5456,4.3507,0.0,0,12.6091,2.0575,85.41,0.0,True,25.5,4840,5.5612,3.75
google,1500,20,linear,True,False,10.0,0.4,0.3,0.3,0,0,UK,4,GA,random,8,0.3333333333333333,E26,16.49,95.45,39,0.845845,86.4301,3.5298,0.0,0,12.6591,2.0627,84.672,0.0,True,25.5,4840,5.5566,3.76
google,1500,20,linear,True,False,10.0,0.4,0.3,0.3,0,0,UK,4,GA,random,9,0.3333333333333333,E26,16.49,95.45,39,0.838095,86.5544,4.4137,0.0,0,12.6591,2.0594,84.447,0.0,True,25.5,4840,5.5538,3.81
google,1500,20,linear,True,False,10.0,0.4,0.3,0.3,0,0,UK,4,GA,random,10,0.3333333333333333,E26,16.49,95.45,39,0.842265,86.4875,3.9381,0.0,0,12.6591,2.0792,84.276,0.0,True,25.5,4840,5.6039,3.85
google,1500,20,linear,True,False,10.0,0.4,0.3,0.3,0,0,UK,4,WOA,carbon,1,0.3333333333333333,E26,16.49,95.45,39,0.712412,88.5708,18.7481,0.0,0,12.4591,1.9947,75.354,0.0,True,24.5,4840,3.2178,2.54
google,1500,20,linear,True,False,10.0,0.4,0.3,0.3,0,0,UK,4,WOA,carbon,2,0.3333333333333333,E26,16.49,95.45,39,0.712035,88.5768,18.7911,0.0,0,12.4591,1.9947,77.236,0.0,True,24.5,4840,3.2442,2.39
google,1500,20,linear,True,False,10.0,0.4,0.3,0.3,0,0,UK,4,WOA,carbon,3,0.3333333333333333,E26,16.49,95.45,39,0.709584,88.6161,19.0707,0.0,0,12.3591,1.9797,81.442,0.0,True,24.5,4840,3.2316,2.35
google,1500,20,linear,True,False,10.0,0.4,0.3,0.3,0,0,UK,4,WOA,carbon,4,0.3333333333333333,E26,16.49,95.45,39,0.709814,88.6124,19.0444,0.0,0,12.4091,1.9872,77.021,0.0,True,24.5,4840,3.2509,2.5
google,1500,20,linear,True,False,10.0,0.4,0.3,0.3,0,0,UK,4,HHO,random,1,0.3333333333333333,E26,16.49,95.45,39,0.865302,86.1179,1.3107,0.0,0,13.0091,2.1343,70.382,0.0,True,24.5,8910,5.1038,2.44
google,1500,20,linear,True,False,10.0,0.4,0.3,0.3,0,0,UK,4,HHO,random,2,0.3333333333333333,E26,16.49,95.45,39,0.84932,86.3743,3.1335,0.0,0,12.9091,2.1101,75.737,0.0,True,24.5,8780,5.0312,2.4
google,1500,20,linear,True,False,10.0,0.4,0.3,0.3,0,0,UK,4,HHO,random,3,0.3333333333333333,E26,16.49,95.45,39,0.87037,86.0366,0.7327,0.0,0,13.1591,2.145,59.458,0.0,True,24.5,8894,5.0647,2.32
google,1500,20,linear,True,False,10.0,0.4,0.3,0.3,0,0,UK,4,HHO,random,4,0.3333333333333333,E26,16.49,95.45,39,0.851064,86.3464,2.9346,0.0,0,12.8091,2.1105,75.237,0.0,True,25.0,9094,5.184,2.63
google,1500,20,linear,True,False,10.0,0.4,0.3,0.3,0,0,UK,4,HHO,random,5,0.3333333333333333,E26,16.49,95.45,39,0.861001,86.187,1.8013,0.0,0,13.0091,2.1371,68.181,0.0,True,24.5,8986,5.1611,2.7
google,1500,20,linear,True,False,10.0,0.4,0.3,0.3,0,0,UK,4,HHO,random,6,0.3333333333333333,E26,16.49,95.45,39,0.876794,85.9336,0.0,0.0,0,13.3091,2.1675,55.842,0.0,True,24.5,8968,5.1272,2.07
google,1500,20,linear,True,False,10.0,0.4,0.3,0.3,0,0,UK,4,HHO,random,7,0.3333333333333333,E26,16.49,95.45,39,0.853471,86.3078,2.6601,0.0,0,12.9091,2.1249,72.687,0.0,True,24.5,8946,5.1318,2.65
google,1500,20,linear,True,False,10.0,0.4,0.3,0.3,0,0,UK,4,HHO,random,8,0.3333333333333333,E26,16.49,95.45,39,0.850196,86.3603,3.0336,0.0,0,12.8591,2.118,75.506,0.0,True,25.0,8872,5.0983,2.52
google,1500,20,linear,True,False,10.0,0.4,0.3,0.3,0,0,UK,4,HHO,random,9,0.3333333333333333,E26,16.49,95.45,39,0.851809,86.3344,2.8497,0.0,0,12.9591,2.1254,71.92,0.0,True,25.0,8790,4.8727,3.03
google,1500,20,linear,True,False,10.0,0.4,0.3,0.3,0,0,UK,4,HHO,random,10,0.3333333333333333,E26,16.49,95.45,39,0.850643,86.3531,2.9827,0.0,0,12.9591,2.1221,75.843,0.0,True,24.5,8942,4.895,2.71
google,1500,20,linear,True,False,10.0,0.4,0.3,0.3,0,0,UK,4,GA,random,1,0.3333333333333333,E26,16.49,95.45,39,0.842722,86.4802,3.886,0.0,0,12.7091,2.0663,82.83,0.0,True,26.0,4840,5.612,3.74
google,1500,20,linear,True,False,10.0,0.4,0.3,0.3,0,0,UK,4,GA,random,2,0.3333333333333333,E26,16.49,95.45,39,0.844192,86.4566,3.7184,0.0,0,12.6091,2.0614,84.036,0.0,True,26.0,4840,5.6037,3.76
google,1500,20,linear,True,False,10.0,0.4,0.3,0.3,0,0,UK,4,GA,random,3,0.3333333333333333,E26,16.49,95.45,39,0.836867,86.5741,4.5538,0.0,0,12.6591,2.0507,84.885,0.0,True,25.5,4840,5.635,3.9
google,1500,20,linear,True,False,10.0,0.4,0.3,0.3,0,0,UK,4,GA,random,4,0.3333333333333333,E26,16.49,95.45,39,0.847057,86.4107,3.3916,0.0,0,12.6591,2.0935,82.762,0.0,True,27.0,4840,5.6352,3.8
google,1500,20,linear,True,False,10.0,0.4,0.3,0.3,0,0,UK,4,GA,random,5,0.3333333333333333,E26,16.49,95.45,39,0.843371,86.4698,3.812,0.0,0,12.7091,2.0698,82.276,0.0,True,26.5,4840,5.6495,3.65
google,1500,20,linear,True,False,10.0,0.4,0.3,0.3,0,0,UK,4,GA,random,6,0.3333333333333333,E26,16.49,95.45,39,0.839582,86.5306,4.2442,0.0,0,12.5591,2.0534,85.387,0.0,True,25.5,4840,5.6379,3.73
google,1500,10,linear,True,False,10.0,0.4,0.3,0.3,0,0,UK,5,WOA,random,6,0.3333333333333333,E26,16.49,95.45,39,1.003924,86.4681,1.5063,0.0,0,12.9591,2.1317,72.67,0.0,True,26.0,4840,3.2366,2.47
google,1500,10,linear,True,False,10.0,0.4,0.3,0.3,0,0,UK,5,WOA,random,7,0.3333333333333333,E26,16.49,95.45,39,1.006835,86.4288,1.2207,0.0,0,12.9591,2.1258,72.171,0.0,True,25.0,4840,3.2395,2.59
google,1500,10,linear,True,False,10.0,0.4,0.3,0.3,0,0,UK,5,WOA,random,8,0.3333333333333333,E26,16.49,95.45,39,1.006055,86.4393,1.2972,0.0,0,13.0091,2.1278,72.164,0.0,True,26.0,4840,3.2271,2.56
google,1500,10,linear,True,False,10.0,0.4,0.3,0.3,0,0,UK,5,WOA,random,9,0.3333333333333333,E26,16.49,95.45,39,1.00405,86.4664,1.494,0.0,0,12.9591,2.1336,73.3,0.0,True,25.0,4840,3.2608,2.61
google,1500,10,linear,True,False,10.0,0.4,0.3,0.3,0,0,UK,5,WOA,random,10,0.3333333333333333,E26,16.49,95.45,39,0.993344,86.6107,2.5443,0.0,0,12.8591,2.0997,75.519,0.0,True,26.0,4840,3.2623,2.59
google,1500,10,linear,True,False,10.0,0.4,0.3,0.3,0,0,UK,5,GWO,random,1,0.3333333333333333,E26,16.49,95.45,39,1.005904,86.4414,1.312,0.0,0,12.8591,2.1196,80.588,0.0,True,25.5,4840,3.7419,2.68
google,1500,10,linear,True,False,10.0,0.4,0.3,0.3,0,0,UK,5,GWO,random,2,0.3333333333333333,E26,16.49,95.45,39,1.007354,86.4218,1.1698,0.0,0,12.9091,2.0969,80.611,0.0,True,25.5,4840,3.7409,2.56
google,1500,10,linear,True,False,10.0,0.4,0.3,0.3,0,0,UK,5,GWO,random,3,0.3333333333333333,E26,16.49,95.45,39,1.02004,86.2508,-0.0748,0.0,0,12.9591,2.1352,79.369,0.0,True,26.5,4840,3.7136,2.35
google,1500,10,linear,True,False,10.0,0.4,0.3,0.3,0,0,UK,5,PSO,random,2,0.3333333333333333,E26,16.49,95.45,39,1.019429,86.2591,-0.0149,0.0,0,12.9591,2.1231,77.833,0.0,True,26.5,4840,3.3184,4.27
google,1500,10,linear,True,False,10.0,0.4,0.3,0.3,0,0,UK,5,PSO,random,3,0.3333333333333333,E26,16.49,95.45,39,1.028435,86.1377,-0.8984,0.0,0,12.9591,2.1437,78.731,0.0,True,27.0,4840,3.2963,4.16
google,1500,10,linear,True,False,10.0,0.4,0.3,0.3,0,0,UK,5,PSO,random,4,0.3333333333333333,E26,16.49,95.45,39,1.024739,86.1875,-0.5359,0.0,0,12.9591,2.1117,78.579,0.0,True,26.5,4840,3.3204,4.21
google,1500,10,linear,True,False,10.0,0.4,0.3,0.3,0,0,UK,5,PSO,random,5,0.3333333333333333,E26,16.49,95.45,39,1.017692,86.2825,0.1555,0.0,0,12.9091,2.1241,79.834,0.0,True,26.0,4840,3.3184,4.1
google,1500,10,linear,True,False,10.0,0.4,0.3,0.3,0,0,UK,5,PSO,random,6,0.3333333333333333,E26,16.49,95.45,39,1.023316,86.2067,-0.3962,0.0,0,12.9591,2.1357,77.753,0.0,True,27.5,4840,3.3109,4.37
google,1500,10,linear,True,False,10.0,0.4,0.3,0.3,0,0,UK,5,PSO,random,7,0.3333333333333333,E26,16.49,95.45,39,1.026603,86.1624,-0.7187,0.0,0,13.0091,2.1376,76.627,0.0,True,26.5,4840,3.3223,4.08
google,1500,10,linear,True,False,10.0,0.4,0.3,0.3,0,0,UK,5,PSO,random,8,0.3333333333333333,E26,16.49,95.45,39,1.031246,86.0998,-1.1742,0.0,0,13.0591,2.1496,77.79,0.0,True,27.5,4840,3.2962,4.05
google,1500,10,linear,True,False,10.0,0.4,0.3,0.3,0,0,UK,5,PSO,random,9,0.3333333333333333,E26,16.49,95.45,39,1.022633,86.2159,-0.3292,0.0,0,13.0091,2.1409,78.76,0.0,True,27.0,4840,3.2926,4.08
google,1500,10,linear,True,False,10.0,0.4,0.3,0.3,0,0,UK,5,PSO,random,10,0.3333333333333333,E26,16.49,95.45,39,1.011597,86.3646,0.7535,0.0,0,12.8091,2.1001,79.614,0.0,True,26.5,4840,3.3093,4.44
google,1500,10,linear,True,False,10.0,0.4,0.3,0.3,0,0,UK,5,DE,random,1,0.3333333333333333,E26,16.49,95.45,39,0.994739,86.5919,2.4074,0.0,0,12.6591,2.0798,84.325,0.0,True,25.5,4840,3.2002,2.88
google,1500,10,linear,True,False,10.0,0.4,0.3,0.3,0,0,UK,5,DE,random,2,0.3333333333333333,E26,16.49,95.45,39,1.009609,86.3914,0.9486,0.0,0,12.8591,2.0922,80.266,0.0,True,27.5,4840,3.2025,2.51
google,1500,10,linear,True,False,10.0,0.4,0.3,0.3,0,0,UK,5,DE,random,3,0.3333333333333333,E26,16.49,95.45,39,0.986241,86.7064,3.2411,0.0,0,12.5591,2.0477,85.2,0.0,True,26.5,4840,3.2193,2.81
google,1500,10,linear,True,False,10.0,0.4,0.3,0.3,0,0,UK,5,DE,random,4,0.3333333333333333,E26,16.49,95.45,39,1.003498,86.4738,1.5481,0.0,0,12.8091,2.0858,81.317,0.0,True,26.5,4840,3.1846,2.62
google,1500,10,linear,True,False,10.0,0.4,0.3,0.3,0,0,UK,5,DE,random,5,0.3333333333333333,E26,16.49,95.45,39,0.988776,86.6722,2.9924,0.0,0,12.6591,2.0547,84.086,0.0,True,27.0,4840,3.2144,2.72
google,1500,10,linear,True,False,10.0,0.4,0.3,0.3,0,0,UK,5,DE,random,6,0.3333333333333333,E26,16.49,95.45,39,0.991755,86.6321,2.7002,0.0,0,12.6591,2.0485,82.858,0.0,True,27.0,4840,3.196,2.75
google,1500,10,linear,True,False,10.0,0.4,0.3,0.3,0,0,UK,5,DE,random,7,0.3333333333333333,E26,16.49,95.45,39,1.005322,86.4492,1.3691,0.0,0,12.8091,2.1034,81.78,0.0,True,25.5,4840,3.2035,2.59
google,1500,10,linear,True,False,10.0,0.4,0.3,0.3,0,0,UK,5,GWO,random,4,0.3333333333333333,E26,16.49,95.45,39,1.016127,86.3036,0.309,0.0,0,13.0091,2.1324,78.388,0.0,True,26.5,4840,3.9318,2.39
google,1500,10,linear,True,False,10.0,0.4,0.3,0.3,0,0,UK,5,GWO,random,5,0.3333333333333333,E26,16.49,95.45,39,0.989967,86.6562,2.8756,0.0,0,12.6591,2.0689,83.014,0.0,True,27.5,4840,3.8915,2.58
google,1500,10,linear,True,False,10.0,0.4,0.3,0.3,0,0,UK,5,GWO,random,6,0.3333333333333333,E26,16.49,95.45,39,1.001636,86.4989,1.7308,0.0,0,12.8091,2.1012,80.302,0.0,True,27.5,4840,3.9363,2.77
google,1500,10,linear,True,False,10.0,0.4,0.3,0.3,0,0,UK,5,GWO,random,7,0.3333333333333333,E26,16.49,95.45,39,0.991995,86.6289,2.6766,0.0,0,12.7091,2.0839,83.237,0.0,True,25.5,4840,3.9295,2.91
google,1500,10,linear,True,False,10.0,0.4,0.3,0.3,0,0,UK,5,GWO,random,8,0.3333333333333333,E26,16.49,95.45,39,1.008806,86.4023,1.0273,0.0,0,12.9091,2.1248,78.97,0.0,True,27.0,4840,3.8945,2.54
google,1500,10,linear,True,False,10.0,0.4,0.3,0.3,0,0,UK,5,GWO,random,9,0.3333333333333333,E26,16.49,95.45,39,1.029477,86.1236,-1.0007,0.0,0,13.0591,2.149,77.378,0.0,True,27.0,4840,3.9174,2.34
google,1500,10,linear,True,False,10.0,0.4,0.3,0.3,0,0,UK,5,GWO,random,10,0.3333333333333333,E26,16.49,95.45,39,0.991936,86.6297,2.6824,0.0,0,12.7091,2.0616,82.321,0.0,True,26.0,4840,3.8951,2.81
google,1500,10,linear,True,False,10.0,0.4,0.3,0.3,0,0,UK,5,PSO,random,1,0.3333333333333333,E26,16.49,95.45,39,1.013888,86.3338,0.5288,0.0,0,12.9091,2.1064,78.913,0.0,True,27.5,4840,3.4782,4.31
google,1500,10,linear,True,False,10.0,0.4,0.3,0.3,0,0,UK,5,WOA,carbon,2,0.3333333333333333,E26,16.49,95.45,39,0.965822,86.9817,5.2445,0.0,0,13.2091,2.0564,66.864,0.0,True,28.5,4840,3.4333,2.65
google,1500,10,linear,True,False,10.0,0.4,0.3,0.3,0,0,UK,5,WOA,carbon,3,0.3333333333333333,E26,16.49,95.45,39,0.981308,86.7729,3.7251,0.0,0,13.2091,2.0655,66.205,0.0,True,28.0,4840,3.4342,2.62
google,1500,10,linear,True,False,10.0,0.4,0.3,0.3,0,0,UK,5,WOA,carbon,4,0.3333333333333333,E26,16.49,95.45,39,0.995499,86.5816,2.3329,0.0,0,12.8591,2.1125,74.958,0.0,True,25.0,4840,3.4678,2.5
google,1500,10,linear,True,False,10.0,0.4,0.3,0.3,0,0,UK,5,WOA,carbon,5,0.3333333333333333,E26,16.49,95.45,39,0.996614,86.5666,2.2235,0.0,0,12.9591,2.1063,72.62,0.0,True,25.5,4840,3.4647,2.33
google,1500,10,linear,True,False,10.0,0.4,0.3,0.3,0,0,UK,5,WOA,carbon,6,0.3333333333333333,E26,16.49,95.45,39,0.988604,86.6746,3.0094,0.0,0,12.8091,2.1002,76.101,0.0,True,24.5,4840,3.4569,2.43
google,1500,10,linear,True,False,10.0,0.4,0.3,0.3,0,0,UK,5,WOA,carbon,7,0.3333333333333333,E26,16.49,95.45,39,1.001599,86.4994,1.7344,0.0,0,12.9091,2.1279,74.617,0.0,True,26.0,4840,3.4461,2.48
google,1500,10,linear,True,False,10.0,0.4,0.3,0.3,0,0,UK,5,WOA,carbon,8,0.3333333333333333,E26,16.49,95.45,39,0.99616,86.5727,2.268,0.0,0,12.9591,2.0917,74.76,0.0,True,26.0,4840,3.4156,2.56
google,1500,10,linear,True,False,10.0,0.4,0.3,0.3,0,0,UK,5,WOA,carbon,9,0.3333333333333333,E26,16.49,95.45,39,0.96217,87.0309,5.6027,0.0,0,13.1091,2.0372,68.723,0.0,True,28.5,4840,3.4245,2.62
google,1500,10,linear,True,False,10.0,0.4,0.3,0.3,0,0,UK,5,DE,random,8,0.3333333333333333,E26,16.49,95.45,39,1.004099,86.4657,1.4891,0.0,0,12.7591,2.0976,82.617,0.0,True,26.5,4840,3.2205,2.67
google,1500,10,linear,True,False,10.0,0.4,0.3,0.3,0,0,UK,5,DE,random,9,0.3333333333333333,E26,16.49,95.45,39,1.002878,86.4822,1.6089,0.0,0,12.8091,2.0886,81.335,0.0,True,26.5,4840,3.216,2.63
google,1500,10,linear,True,False,10.0,0.4,0.3,0.3,0,0,UK,5,DE,random,10,0.3333333333333333,E26,16.49,95.45,39,0.999935,86.5218,1.8977,0.0,0,12.7091,2.0873,83.031,0.0,True,25.5,4840,3.2222,2.59
google,1500,10,linear,True,False,10.0,0.4,0.3,0.3,0,0,UK,5,HHO,random,1,0.3333333333333333,E26,16.49,95.45,39,1.001099,86.5061,1.7834,0.0,0,13.0091,2.1274,71.417,0.0,True,25.5,8910,4.9288,2.29
google,1500,10,linear,True,False,10.0,0.4,0.3,0.3,0,0,UK,5,HHO,random,2,0.3333333333333333,E26,16.49,95.45,39,1.002576,86.4862,1.6386,0.0,0,12.9091,2.1176,73.619,0.0,True,24.5,8780,4.8308,2.59
google,1500,10,linear,True,False,10.0,0.4,0.3,0.3,0,0,UK,5,HHO,random,3,0.3333333333333333,E26,16.49,95.45,39,1.000356,86.5162,1.8563,0.0,0,12.9591,2.1238,73.59,0.0,True,25.5,8894,4.8642,2.35
google,1500,10,linear,True,False,10.0,0.4,0.3,0.3,0,0,UK,5,HHO,random,4,0.3333333333333333,E26,16.49,95.45,39,0.994691,86.5925,2.4121,0.0,0,12.9091,2.1118,71.514,0.0,True,25.0,9094,4.9419,2.4
google,1500,10,linear,True,False,10.0,0.4,0.3,0.3,0,0,UK,5,HHO,random,5,0.3333333333333333,E26,16.49,95.45,39,0.994839,86.5905,2.3976,0.0,0,12.8091,2.1121,77.107,0.0,True,25.5,8986,4.8805,2.56
google,1500,20,linear,True,False,10.0,0.4,0.3,0.3,0,0,UK,5,WOA,random,3,0.3333333333333333,E26,16.49,95.45,39,0.998401,86.5425,2.0482,0.0,0,12.8591,2.0895,78.347,0.0,True,25.0,4840,3.217,2.5
google,1500,20,linear,True,False,10.0,0.4,0.3,0.3,0,0,UK,5,WOA,random,4,0.3333333333333333,E26,16.49,95.45,39,1.008537,86.4059,1.0537,0.0,0,13.0591,2.1373,70.152,0.0,True,25.5,4840,3.2208,2.58
google,1500,20,linear,True,False,10.0,0.4,0.3,0.3,0,0,UK,5,WOA,random,5,0.3333333333333333,E26,16.49,95.45,39,1.008114,86.4116,1.0952,0.0,0,13.0591,2.1392,66.96,0.0,True,25.5,4840,3.212,2.46
google,1500,20,linear,True,False,10.0,0.4,0.3,0.3,0,0,UK,5,WOA,random,6,0.3333333333333333,E26,16.49,95.45,39,1.004551,86.4596,1.4448,0.0,0,13.0591,2.138,59.443,0.0,True,24.5,4840,3.2095,2.56
google,1500,20,linear,True,False,10.0,0.4,0.3,0.3,0,0,UK,5,WOA,random,7,0.3333333333333333,E26,16.49,95.45,39,1.007938,86.414,1.1125,0.0,0,13.1091,2.1369,63.083,0.0,True,24.5,4840,3.1985,2.42
google,1500,20,linear,True,False,10.0,0.4,0.3,0.3,0,0,UK,5,WOA,random,8,0.3333333333333333,E26,16.49,95.45,39,1.010854,86.3747,0.8264,0.0,0,13.1591,2.1523,58.036,0.0,True,24.5,4840,3.185,2.37
google,1500,20,linear,True,False,10.0,0.4,0.3,0.3,0,0,UK,5,WOA,random,9,0.3333333333333333,E26,16.49,95.45,39,1.00227,86.4904,1.6686,0.0,0,12.9591,2.1281,71.29,0.0,True,25.5,4840,3.1973,2.6
google,1500,20,linear,True,False,10.0,0.4,0.3,0.3,0,0,UK,5,WOA,random,10,0.3333333333333333,E26,16.49,95.45,39,1.01242,86.3535,0.6727,0.0,0,13.2091,2.1525,57.36,0.0,True,24.5,4840,3.2147,2.47
google,1500,10,linear,True,False,10.0,0.4,0.3,0.3,0,0,UK,5,HHO,random,6,0.3333333333333333,E26,16.49,95.45,39,1.002727,86.4842,1.6237,0.0,0,13.0091,2.132,68.962,0.0,True,24.5,8968,4.9023,2.48
google,1500,10,linear,True,False,10.0,0.4,0.3,0.3,0,0,UK,5,HHO,random,7,0.3333333333333333,E26,16.49,95.45,39,0.989055,86.6685,2.9651,0.0,0,12.9091,2.1045,71.262,0.0,True,25.0,8946,4.905,2.74
google,1500,10,linear,True,False,10.0,0.4,0.3,0.3,0,0,UK,5,HHO,random,8,0.3333333333333333,E26,16.49,95.45,39,1.002142,86.4921,1.6811,0.0,0,12.9091,2.1248,74.535,0.0,True,24.5,8872,4.8653,2.46
google,1500,10,linear,True,False,10.0,0.4,0.3,0.3,0,0,UK,5,HHO,random,9,0.3333333333333333,E26,16.49,95.45,39,1.003241,86.4773,1.5733,0.0,0,12.9591,2.1274,71.489,0.0,True,26.0,8790,4.8342,2.41
google,1500,10,linear,True,False,10.0,0.4,0.3,0.3,0,0,UK,5,HHO,random,10,0.3333333333333333,E26,16.49,95.45,39,0.985291,86.7192,3.3344,0.0,0,12.7591,2.0944,77.66,0.0,True,24.5,8942,4.8631,2.61
google,1500,10,linear,True,False,10.0,0.4,0.3,0.3,0,0,UK,5,GA,random,1,0.3333333333333333,E26,16.49,95.45,39,0.996291,86.571,2.2552,0.0,0,12.6591,2.0764,83.43,0.0,True,26.0,4840,5.5653,3.76
google,1500,10,linear,True,False,10.0,0.4,0.3,0.3,0,0,UK,5,GA,random,2,0.3333333333333333,E26,16.49,95.45,39,0.98712,86.6946,3.1549,0.0,0,12.7091,2.0565,83.333,0.0,True,26.0,4840,5.5859,3.83
google,1500,10,linear,True,False,10.0,0.4,0.3,0.3,0,0,UK,5,GA,random,3,0.3333333333333333,E26,16.49,95.45,39,0.98298,86.7504,3.5611,0.0,0,12.6091,2.0382,83.51,0.0,True,26.0,4840,5.567,3.61
google,1500,20,linear,True,False,10.0,0.4,0.3,0.3,0,0,UK,5,WOA,carbon,7,0.3333333333333333,E26,16.49,95.45,39,0.888726,88.0208,12.8082,0.0,0,12.8591,1.9289,65.27,0.0,True,28.0,4840,3.447,2.3
google,1500,20,linear,True,False,10.0,0.4,0.3,0.3,0,0,UK,5,WOA,carbon,8,0.3333333333333333,E26,16.49,95.45,39,0.891277,87.9864,12.5579,0.0,0,12.9091,1.9364,62.968,0.0,True,28.0,4840,3.4322,2.32
google,1500,20,linear,True,False,10.0,0.4,0.3,0.3,0,0,UK,5,WOA,carbon,9,0.3333333333333333,E26,16.49,95.45,39,0.883968,88.085,13.2751,0.0,0,12.8091,1.9214,65.659,0.0,True,28.0,4840,3.468,2.31
google,1500,20,linear,True,False,10.0,0.4,0.3,0.3,0,0,UK,5,WOA,carbon,10,0.3333333333333333,E26,16.49,95.45,39,0.887766,88.0338,12.9024,0.0,0,12.8591,1.9289,64.648,0.0,True,28.5,4840,3.4772,2.36
google,1500,10,linear,True,False,10.0,0.4,0.3,0.3,0,0,IE,0,FIFO,-,0,0.3333333333333333,E26,16.49,95.45,39,19.293696,0.0,-620.399,0.0,0,95.9591,15.66,5.308,8.9738,False,24.5,0,0.0,0.0
google,1500,10,linear,True,False,10.0,0.4,0.3,0.3,0,0,IE,0,Consolidation,-,0,0.3333333333333333,E26,16.49,95.45,39,2.678196,86.1188,0.0,0.0,0,13.3091,2.1675,55.842,8.9738,False,24.5,0,0.0,0.0
google,1500,10,linear,True,False,10.0,0.4,0.3,0.3,0,0,IE,0,Greedy(EDF+greenest),-,0,0.3333333333333333,E26,16.49,95.45,39,2.273165,88.2181,15.1232,0.0,0,12.8091,1.9214,62.441,7.6959,False,25.0,0,0.0002,0.0
google,1500,10,linear,True,False,10.0,0.4,0.3,0.3,0,0,IE,0,VCC(Google),-,0,0.3333333333333333,E26,16.49,95.45,39,2.678515,86.1171,-0.0119,0.0,0,13.2091,2.1525,64.198,0.0,True,24.5,0,0.0058,0.0
google,1500,20,linear,True,False,10.0,0.4,0.3,0.3,0,0,UK,5,GWO,random,1,0.3333333333333333,E26,16.49,95.45,39,1.005904,86.4414,1.312,0.0,0,12.8591,2.1196,80.588,0.0,True,25.5,4840,3.7377,2.68
google,1500,20,linear,True,False,10.0,0.4,0.3,0.3,0,0,UK,5,GWO,random,2,0.3333333333333333,E26,16.49,95.45,39,1.007354,86.4218,1.1698,0.0,0,12.9091,2.0969,80.611,0.0,True,25.5,4840,3.7295,2.56
google,1500,20,linear,True,False,10.0,0.4,0.3,0.3,0,0,UK,5,GWO,random,3,0.3333333333333333,E26,16.49,95.45,39,1.02004,86.2508,-0.0748,0.0,0,12.9591,2.1352,79.369,0.0,True,26.5,4840,3.6961,2.35
google,1500,20,linear,True,False,10.0,0.4,0.3,0.3,0,0,UK,5,GWO,random,4,0.3333333333333333,E26,16.49,95.45,39,1.016127,86.3036,0.309,0.0,0,13.0091,2.1324,78.388,0.0,True,26.5,4840,3.7068,2.39
google,1500,20,linear,True,False,10.0,0.4,0.3,0.3,0,0,UK,5,GWO,random,5,0.3333333333333333,E26,16.49,95.45,39,0.989967,86.6562,2.8756,0.0,0,12.6591,2.0689,83.014,0.0,True,27.5,4840,3.7051,2.58
google,1500,20,linear,True,False,10.0,0.4,0.3,0.3,0,0,UK,5,GWO,random,6,0.3333333333333333,E26,16.49,95.45,39,1.001636,86.4989,1.7308,0.0,0,12.8091,2.1012,80.302,0.0,True,27.5,4840,3.6913,2.77
google,1500,20,linear,True,False,10.0,0.4,0.3,0.3,0,0,UK,5,GWO,random,7,0.3333333333333333,E26,16.49,95.45,39,0.991995,86.6289,2.6766,0.0,0,12.7091,2.0839,83.237,0.0,True,25.5,4840,3.7107,2.91
google,1500,20,linear,True,False,10.0,0.4,0.3,0.3,0,0,UK,5,GWO,random,8,0.3333333333333333,E26,16.49,95.45,39,1.008806,86.4023,1.0273,0.0,0,12.9091,2.1248,78.97,0.0,True,27.0,4840,3.7164,2.54
google,1500,10,linear,True,False,10.0,0.4,0.3,0.3,0,0,UK,5,GA,random,4,0.3333333333333333,E26,16.49,95.45,39,0.991794,86.6316,2.6964,0.0,0,12.6091,2.0547,84.832,0.0,True,25.5,4840,5.6319,3.92
google,1500,10,linear,True,False,10.0,0.4,0.3,0.3,0,0,UK,5,GA,random,5,0.3333333333333333,E26,16.49,95.45,39,0.990437,86.6499,2.8295,0.0,0,12.7091,2.0588,82.18,0.0,True,26.5,4840,5.6519,3.61
google,1500,10,linear,True,False,10.0,0.4,0.3,0.3,0,0,UK,5,GA,random,6,0.3333333333333333,E26,16.49,95.45,39,0.989246,86.6659,2.9464,0.0,0,12.6091,2.0547,84.333,0.0,True,25.5,4840,5.6149,3.75
google,1500,10,linear,True,False,10.0,0.4,0.3,0.3,0,0,UK,5,GA,random,7,0.3333333333333333,E26,16.49,95.45,39,0.991059,86.6415,2.7684,0.0,0,12.6591,2.0577,83.2,0.0,True,26.0,4840,5.6036,3.88
google,1500,10,linear,True,False,10.0,0.4,0.3,0.3,0,0,UK,5,GA,random,8,0.3333333333333333,E26,16.49,95.45,39,0.990361,86.6509,2.837,0.0,0,12.7591,2.0686,82.376,0.0,True,26.0,4840,5.5864,3.54
google,1500,10,linear,True,False,10.0,0.4,0.3,0.3,0,0,UK,5,GA,random,9,0.3333333333333333,E26,16.49,95.45,39,0.985015,86.7229,3.3614,0.0,0,12.6091,2.0604,83.997,0.0,True,26.0,4840,5.5731,3.71
google,1500,10,linear,True,False,10.0,0.4,0.3,0.3,0,0,UK,5,GA,random,10,0.3333333333333333,E26,16.49,95.45,39,0.990261,86.6522,2.8468,0.0,0,12.6091,2.0684,84.72,0.0,True,25.5,4840,5.5818,3.74
google,1500,10,linear,True,False,10.0,0.4,0.3,0.3,0,0,UK,5,WOA,carbon,1,0.3333333333333333,E26,16.49,95.45,39,0.992417,86.6232,2.6352,0.0,0,12.9591,2.0993,75.707,0.0,True,25.5,4840,3.2027,2.51
google,1500,20,linear,True,False,10.0,0.4,0.3,0.3,0,0,UK,5,GWO,random,9,0.3333333333333333,E26,16.49,95.45,39,1.029477,86.1236,-1.0007,0.0,0,13.0591,2.149,77.378,0.0,True,27.0,4840,3.9473,2.34
google,1500,20,linear,True,False,10.0,0.4,0.3,0.3,0,0,UK,5,GWO,random,10,0.3333333333333333,E26,16.49,95.45,39,0.991936,86.6297,2.6824,0.0,0,12.7091,2.0616,82.321,0.0,True,26.0,4840,3.9048,2.81
google,1500,20,linear,True,False,10.0,0.4,0.3,0.3,0,0,UK,5,PSO,random,1,0.3333333333333333,E26,16.49,95.45,39,1.013888,86.3338,0.5288,0.0,0,12.9091,2.1064,78.913,0.0,True,27.5,4840,3.4848,4.31
google,1500,20,linear,True,False,10.0,0.4,0.3,0.3,0,0,UK,5,PSO,random,2,0.3333333333333333,E26,16.49,95.45,39,1.019429,86.2591,-0.0149,0.0,0,12.9591,2.1231,77.833,0.0,True,26.5,4840,3.4898,4.26
google,1500,20,linear,True,False,10.0,0.4,0.3,0.3,0,0,UK,5,PSO,random,3,0.3333333333333333,E26,16.49,95.45,39,1.028435,86.1377,-0.8984,0.0,0,12.9591,2.1437,78.731,0.0,True,27.0,4840,3.4617,4.16
google,1500,20,linear,True,False,10.0,0.4,0.3,0.3,0,0,UK,5,PSO,random,4,0.3333333333333333,E26,16.49,95.45,39,1.024739,86.1875,-0.5359,0.0,0,12.9591,2.1117,78.579,0.0,True,26.5,4840,3.4987,4.21
google,1500,20,linear,True,False,10.0,0.4,0.3,0.3,0,0,UK,5,PSO,random,5,0.3333333333333333,E26,16.49,95.45,39,1.017692,86.2825,0.1555,0.0,0,12.9091,2.1241,79.834,0.0,True,26.0,4840,3.4938,4.1
google,1500,20,linear,True,False,10.0,0.4,0.3,0.3,0,0,UK,5,PSO,random,6,0.3333333333333333,E26,16.49,95.45,39,1.023316,86.2067,-0.3962,0.0,0,12.9591,2.1357,77.753,0.0,True,27.5,4840,3.482,4.37
google,1500,20,linear,True,False,10.0,0.4,0.3,0.3,0,0,UK,5,PSO,random,7,0.3333333333333333,E26,16.49,95.45,39,1.026603,86.1624,-0.7187,0.0,0,13.0091,2.1376,76.627,0.0,True,26.5,4840,3.3455,4.08
google,1500,20,linear,True,False,10.0,0.4,0.3,0.3,0,0,UK,5,PSO,random,8,0.3333333333333333,E26,16.49,95.45,39,1.031246,86.0998,-1.1742,0.0,0,13.0591,2.1496,77.79,0.0,True,27.5,4840,3.3193,4.05
google,1500,20,linear,True,False,10.0,0.4,0.3,0.3,0,0,UK,5,PSO,random,9,0.3333333333333333,E26,16.49,95.45,39,1.022633,86.2159,-0.3292,0.0,0,13.0091,2.1409,78.76,0.0,True,27.0,4840,3.3354,4.08
google,1500,20,linear,True,False,10.0,0.4,0.3,0.3,0,0,UK,5,PSO,random,10,0.3333333333333333,E26,16.49,95.45,39,1.011597,86.3646,0.7535,0.0,0,12.8091,2.1001,79.614,0.0,True,26.5,4840,3.3136,4.44
google,1500,20,linear,True,False,10.0,0.4,0.3,0.3,0,0,UK,5,DE,random,1,0.3333333333333333,E26,16.49,95.45,39,0.994739,86.5919,2.4074,0.0,0,12.6591,2.0798,84.325,0.0,True,25.5,4840,3.2349,2.88
google,1500,20,linear,True,False,10.0,0.4,0.3,0.3,0,0,UK,5,DE,random,2,0.3333333333333333,E26,16.49,95.45,39,1.009609,86.3914,0.9486,0.0,0,12.8591,2.0922,80.266,0.0,True,27.5,4840,3.2204,2.51
google,1500,20,linear,True,False,10.0,0.4,0.3,0.3,0,0,UK,5,DE,random,3,0.3333333333333333,E26,16.49,95.45,39,0.986241,86.7064,3.2411,0.0,0,12.5591,2.0477,85.2,0.0,True,26.5,4840,3.223,2.81
google,1500,20,linear,True,False,10.0,0.4,0.3,0.3,0,0,UK,5,DE,random,4,0.3333333333333333,E26,16.49,95.45,39,1.003498,86.4738,1.5481,0.0,0,12.8091,2.0858,81.317,0.0,True,26.5,4840,3.2091,2.62
google,1500,20,linear,True,False,10.0,0.4,0.3,0.3,0,0,UK,5,DE,random,5,0.3333333333333333,E26,16.49,95.45,39,0.988776,86.6722,2.9924,0.0,0,12.6591,2.0547,84.086,0.0,True,27.0,4840,3.2274,2.72
google,1500,20,linear,True,False,10.0,0.4,0.3,0.3,0,0,UK,5,DE,random,6,0.3333333333333333,E26,16.49,95.45,39,0.991755,86.6321,2.7002,0.0,0,12.6591,2.0485,82.858,0.0,True,27.0,4840,3.2089,2.75
google,1500,20,linear,True,False,10.0,0.4,0.3,0.3,0,0,UK,5,DE,random,7,0.3333333333333333,E26,16.49,95.45,39,1.005322,86.4492,1.3691,0.0,0,12.8091,2.1034,81.78,0.0,True,25.5,4840,3.2228,2.59
google,1500,20,linear,True,False,10.0,0.4,0.3,0.3,0,0,UK,5,DE,random,8,0.3333333333333333,E26,16.49,95.45,39,1.004099,86.4657,1.4891,0.0,0,12.7591,2.0976,82.617,0.0,True,26.5,4840,3.1933,2.67
google,1500,20,linear,True,False,10.0,0.4,0.3,0.3,0,0,UK,5,DE,random,9,0.3333333333333333,E26,16.49,95.45,39,1.002878,86.4822,1.6089,0.0,0,12.8091,2.0886,81.335,0.0,True,26.5,4840,3.2188,2.63
google,1500,20,linear,True,False,10.0,0.4,0.3,0.3,0,0,UK,5,DE,random,10,0.3333333333333333,E26,16.49,95.45,39,0.999935,86.5218,1.8977,0.0,0,12.7091,2.0873,83.031,0.0,True,25.5,4840,3.2012,2.59
google,1500,20,linear,True,False,10.0,0.4,0.3,0.3,0,0,UK,5,HHO,random,1,0.3333333333333333,E26,16.49,95.45,39,0.993931,86.6028,2.4867,0.0,0,12.9091,2.1135,72.882,0.0,True,25.5,8910,4.8558,2.56
google,1500,20,linear,True,False,10.0,0.4,0.3,0.3,0,0,UK,5,HHO,random,2,0.3333333333333333,E26,16.49,95.45,39,1.004578,86.4593,1.4422,0.0,0,12.9591,2.1017,76.191,0.0,True,26.5,8780,4.7881,2.38
google,1500,10,linear,True,False,10.0,0.4,0.3,0.3,0,0,IE,0,Threshold(WaitAwhile),-,0,0.3333333333333333,E26,16.49,95.45,39,2.270704,88.2309,15.2152,0.0,0,12.7591,1.9139,64.596,7.6959,False,24.5,0,0.0216,0.0
google,1500,10,linear,True,False,10.0,0.4,0.3,0.3,0,0,IE,0,WOA,random,1,0.3333333333333333,E26,16.49,95.45,39,2.466645,87.2153,7.899,0.0,0,13.2091,2.1824,69.562,0.0,True,28.0,4840,3.2316,2.5
google,1500,10,linear,True,False,10.0,0.4,0.3,0.3,0,0,IE,0,WOA,random,2,0.3333333333333333,E26,16.49,95.45,39,2.442882,87.3384,8.7863,0.0,0,13.1091,2.1713,71.18,0.0,True,28.0,4840,3.2247,2.9
google,1500,10,linear,True,False,10.0,0.4,0.3,0.3,0,0,IE,0,WOA,random,3,0.3333333333333333,E26,16.49,95.45,39,2.439839,87.3542,8.8999,0.0,0,13.0091,2.1535,73.75,0.0,True,28.0,4840,3.2233,2.54
google,1500,10,linear,True,False,10.0,0.4,0.3,0.3,0,0,IE,0,WOA,random,4,0.3333333333333333,E26,16.49,95.45,39,2.44926,87.3054,8.5481,0.0,0,13.0091,2.154,74.747,0.0,True,28.0,4840,3.2027,2.57
google,1500,10,linear,True,False,10.0,0.4,0.3,0.3,0,0,IE,0,WOA,random,5,0.3333333333333333,E26,16.49,95.45,39,2.473264,87.181,7.6518,0.0,0,13.2591,2.1932,70.267,0.0,True,28.0,4840,3.256,2.37
google,1500,10,linear,True,False,10.0,0.4,0.3,0.3,0,0,IE,0,WOA,random,6,0.3333333333333333,E26,16.49,95.45,39,2.452452,87.2888,8.429,0.0,0,13.1091,2.169,71.757,0.0,True,28.0,4840,3.2304,2.52
google,1500,10,linear,True,False,10.0,0.4,0.3,0.3,0,0,IE,0,WOA,random,7,0.3333333333333333,E26,16.49,95.45,39,2.444284,87.3312,8.7339,0.0,0,13.1091,2.1685,70.398,0.0,True,28.5,4840,3.2658,2.42
google,1500,20,linear,True,False,10.0,0.4,0.3,0.3,0,0,UK,5,GA,random,9,0.3333333333333333,E26,16.49,95.45,39,0.985015,86.7229,3.3614,0.0,0,12.6091,2.0604,83.997,0.0,True,26.0,4840,5.9883,3.69
google,1500,20,linear,True,False,10.0,0.4,0.3,0.3,0,0,UK,5,GA,random,10,0.3333333333333333,E26,16.49,95.45,39,0.990261,86.6522,2.8468,0.0,0,12.6091,2.0684,84.72,0.0,True,25.5,4840,5.9498,3.73
google,1500,20,linear,True,False,10.0,0.4,0.3,0.3,0,0,UK,5,WOA,carbon,1,0.3333333333333333,E26,16.49,95.45,39,0.889625,88.0087,12.72,0.0,0,12.8591,1.9289,63.524,0.0,True,28.0,4840,3.3973,2.41
google,1500,20,linear,True,False,10.0,0.4,0.3,0.3,0,0,UK,5,WOA,carbon,2,0.3333333333333333,E26,16.49,95.45,39,0.882023,88.1112,13.4658,0.0,0,12.7591,1.9139,64.574,0.0,True,28.0,4840,3.424,2.35
google,1500,20,linear,True,False,10.0,0.4,0.3,0.3,0,0,UK,5,WOA,carbon,3,0.3333333333333333,E26,16.49,95.45,39,0.8841,88.0832,13.2621,0.0,0,12.8091,1.9214,66.217,0.0,True,28.0,4840,3.3949,2.44
google,1500,20,linear,True,False,10.0,0.4,0.3,0.3,0,0,UK,5,WOA,carbon,4,0.3333333333333333,E26,16.49,95.45,39,0.887717,88.0344,12.9072,0.0,0,12.8591,1.9289,64.134,0.0,True,28.0,4840,3.4048,2.35
google,1500,20,linear,True,False,10.0,0.4,0.3,0.3,0,0,UK,5,WOA,carbon,5,0.3333333333333333,E26,16.49,95.45,39,0.886985,88.0443,12.979,0.0,0,12.8591,1.9289,63.422,0.0,True,28.0,4840,3.4658,2.64
google,1500,20,linear,True,False,10.0,0.4,0.3,0.3,0,0,UK,5,WOA,carbon,6,0.3333333333333333,E26,16.49,95.45,39,0.886121,88.0559,13.0638,0.0,0,12.8091,1.9214,65.782,0.0,True,28.0,4840,3.4221,2.34
google,1500,20,linear,True,False,10.0,0.4,0.3,0.3,0,0,UK,5,HHO,random,3,0.3333333333333333,E26,16.49,95.45,39,1.006956,86.4272,1.2088,0.0,0,13.0091,2.1424,66.226,0.0,True,25.0,8894,4.8828,2.9
google,1500,20,linear,True,False,10.0,0.4,0.3,0.3,0,0,UK,5,HHO,random,4,0.3333333333333333,E26,16.49,95.45,39,1.010616,86.3779,0.8498,0.0,0,13.2091,2.1525,56.881,0.0,True,24.5,9094,4.9189,2.73
google,1500,20,linear,True,False,10.0,0.4,0.3,0.3,0,0,UK,5,HHO,random,5,0.3333333333333333,E26,16.49,95.45,39,0.996463,86.5686,2.2383,0.0,0,12.9091,2.1141,72.506,0.0,True,24.5,8986,4.8655,3.12
google,1500,20,linear,True,False,10.0,0.4,0.3,0.3,0,0,UK,5,HHO,random,6,0.3333333333333333,E26,16.49,95.45,39,1.017749,86.2817,0.15,0.0,0,13.2091,2.16,59.241,0.0,True,24.5,8968,4.9029,2.47
google,1500,20,linear,True,False,10.0,0.4,0.3,0.3,0,0,UK,5,HHO,random,7,0.3333333333333333,E26,16.49,95.45,39,1.007441,86.4207,1.1612,0.0,0,13.1591,2.145,56.976,0.0,True,24.5,8946,4.8871,2.74
google,1500,20,linear,True,False,10.0,0.4,0.3,0.3,0,0,UK,5,HHO,random,8,0.3333333333333333,E26,16.49,95.45,39,1.004778,86.4566,1.4225,0.0,0,12.9591,2.1312,73.278,0.0,True,24.5,8872,4.8362,2.39
google,1500,20,linear,True,False,10.0,0.4,0.3,0.3,0,0,UK,5,HHO,random,9,0.3333333333333333,E26,16.49,95.45,39,1.006371,86.4351,1.2662,0.0,0,13.0591,2.1429,64.256,0.0,True,24.5,8790,4.7958,2.56
google,1500,20,linear,True,False,10.0,0.4,0.3,0.3,0,0,UK,5,HHO,random,10,0.3333333333333333,E26,16.49,95.45,39,1.001311,86.5033,1.7626,0.0,0,13.0091,2.1349,68.708,0.0,True,24.5,8942,4.845,2.61
google,1500,10,linear,True,False,10.0,0.4,0.3,0.3,0,0,IE,0,WOA,random,8,0.3333333333333333,E26,16.49,95.45,39,2.464917,87.2242,7.9635,0.0,0,13.1591,2.1777,72.604,0.0,True,27.5,4840,3.1895,2.53
google,1500,10,linear,True,False,10.0,0.4,0.3,0.3,0,0,IE,0,WOA,random,9,0.3333333333333333,E26,16.49,95.45,39,2.451761,87.2924,8.4547,0.0,0,13.1091,2.1747,70.438,0.0,True,28.0,4840,3.2234,2.6
google,1500,10,linear,True,False,10.0,0.4,0.3,0.3,0,0,IE,0,WOA,random,10,0.3333333333333333,E26,16.49,95.45,39,2.448988,87.3068,8.5583,0.0,0,13.1591,2.1771,72.307,0.0,True,28.0,4840,3.2081,2.52
google,1500,10,linear,True,False,10.0,0.4,0.3,0.3,0,0,IE,0,GWO,random,1,0.3333333333333333,E26,16.49,95.45,39,2.49313,87.078,6.9101,0.0,0,12.7091,2.0976,83.529,0.0,True,25.5,4840,3.7024,2.62
google,1500,10,linear,True,False,10.0,0.4,0.3,0.3,0,0,IE,0,GWO,random,2,0.3333333333333333,E26,16.49,95.45,39,2.54087,86.8306,5.1276,0.0,0,13.0591,2.1353,76.169,0.0,True,27.5,4840,3.7088,2.33
google,1500,10,linear,True,False,10.0,0.4,0.3,0.3,0,0,IE,0,GWO,random,3,0.3333333333333333,E26,16.49,95.45,39,2.539984,86.8352,5.1606,0.0,0,13.0591,2.1456,77.118,0.0,True,27.0,4840,3.7078,2.38
google,1500,10,linear,True,False,10.0,0.4,0.3,0.3,0,0,IE,0,GWO,random,4,0.3333333333333333,E26,16.49,95.45,39,2.538878,86.8409,5.2019,0.0,0,13.1091,2.1435,73.963,0.0,True,27.0,4840,3.7094,2.28
google,1500,10,linear,True,False,10.0,0.4,0.3,0.3,0,0,IE,0,GWO,random,5,0.3333333333333333,E26,16.49,95.45,39,2.528372,86.8953,5.5942,0.0,0,12.9591,2.1574,79.933,0.0,True,25.5,4840,3.6736,2.34
google,1500,10,linear,True,False,10.0,0.4,0.3,0.3,0,0,IE,0,DE,random,2,0.3333333333333333,E26,16.49,95.45,39,2.480158,87.1452,7.3944,0.0,0,12.7591,2.1015,82.886,0.0,True,26.5,4840,3.2176,2.62
google,1500,10,linear,True,False,10.0,0.4,0.3,0.3,0,0,IE,0,DE,random,3,0.3333333333333333,E26,16.49,95.45,39,2.465821,87.2195,7.9298,0.0,0,12.7091,2.0948,81.135,0.0,True,27.0,4840,3.2041,2.8
google,1500,10,linear,True,False,10.0,0.4,0.3,0.3,0,0,IE,0,DE,random,4,0.3333333333333333,E26,16.49,95.45,39,2.495871,87.0638,6.8077,0.0,0,12.9091,2.1254,78.836,0.0,True,28.0,4840,3.2092,2.5
google,1500,10,linear,True,False,10.0,0.4,0.3,0.3,0,0,IE,0,DE,random,5,0.3333333333333333,E26,16.49,95.45,39,2.486338,87.1132,7.1637,0.0,0,12.8091,2.1104,80.439,0.0,True,26.0,4840,3.2392,2.56
google,1500,10,linear,True,False,10.0,0.4,0.3,0.3,0,0,IE,0,DE,random,6,0.3333333333333333,E26,16.49,95.45,39,2.466418,87.2165,7.9075,0.0,0,12.7091,2.0994,80.641,0.0,True,27.5,4840,3.2118,2.71
google,1500,10,linear,True,False,10.0,0.4,0.3,0.3,0,0,IE,0,DE,random,7,0.3333333333333333,E26,16.49,95.45,39,2.468557,87.2054,7.8276,0.0,0,12.8091,2.1326,79.266,0.0,True,27.5,4840,3.2178,2.65
google,1500,10,linear,True,False,10.0,0.4,0.3,0.3,0,0,IE,0,DE,random,8,0.3333333333333333,E26,16.49,95.45,39,2.456235,87.2692,8.2877,0.0,0,12.6091,2.0734,85.004,0.0,True,25.5,4840,3.185,2.66
google,1500,10,linear,True,False,10.0,0.4,0.3,0.3,0,0,IE,0,DE,random,9,0.3333333333333333,E26,16.49,95.45,39,2.480099,87.1455,7.3967,0.0,0,12.7591,2.1188,82.653,0.0,True,27.5,4840,3.1835,2.56
google,1500,20,linear,True,False,10.0,0.4,0.3,0.3,0,0,IE,0,Consolidation,-,0,0.3333333333333333,E26,16.49,95.45,39,2.678196,86.1188,0.0,0.0,0,13.3091,2.1675,55.842,0.0,True,24.5,0,0.0,0.0
google,1500,20,linear,True,False,10.0,0.4,0.3,0.3,0,0,IE,0,Greedy(EDF+greenest),-,0,0.3333333333333333,E26,16.49,95.45,39,2.273165,88.2181,15.1232,0.0,0,12.8091,1.9214,62.441,0.0,True,25.0,0,0.0002,0.0
google,1500,20,linear,True,False,10.0,0.4,0.3,0.3,0,0,IE,0,VCC(Google),-,0,0.3333333333333333,E26,16.49,95.45,39,2.685746,86.0797,-0.2819,0.0,0,13.2591,2.16,59.144,0.0,True,24.5,0,0.0045,0.0
google,1500,20,linear,True,False,10.0,0.4,0.3,0.3,0,0,IE,0,Threshold(WaitAwhile),-,0,0.3333333333333333,E26,16.49,95.45,39,2.270704,88.2309,15.2152,0.0,0,12.7591,1.9139,64.596,0.0,True,24.5,0,0.022,0.0
google,1500,20,linear,True,False,10.0,0.4,0.3,0.3,0,0,IE,0,WOA,random,1,0.3333333333333333,E26,16.49,95.45,39,2.390547,87.6097,10.7404,0.0,0,13.1591,2.1794,63.569,0.0,True,28.5,4840,3.2319,2.5
google,1500,20,linear,True,False,10.0,0.4,0.3,0.3,0,0,IE,0,WOA,random,2,0.3333333333333333,E26,16.49,95.45,39,2.39823,87.5699,10.4535,0.0,0,13.2091,2.1885,59.215,0.0,True,28.5,4840,3.2317,2.47
google,1500,20,linear,True,False,10.0,0.4,0.3,0.3,0,0,IE,0,WOA,random,3,0.3333333333333333,E26,16.49,95.45,39,2.413358,87.4915,9.8886,0.0,0,13.3091,2.2052,55.842,0.0,True,28.5,4840,3.181,2.26
google,1500,20,linear,True,False,10.0,0.4,0.3,0.3,0,0,IE,0,WOA,random,4,0.3333333333333333,E26,16.49,95.45,39,2.385521,87.6357,10.9281,0.0,0,13.0591,2.1576,66.187,0.0,True,28.5,4840,3.222,2.5
google,1500,20,linear,True,False,10.0,0.4,0.3,0.3,0,0,UK,5,GA,random,1,0.3333333333333333,E26,16.49,95.45,39,0.996291,86.571,2.2552,0.0,0,12.6591,2.0764,83.43,0.0,True,26.0,4840,5.573,3.76
google,1500,20,linear,True,False,10.0,0.4,0.3,0.3,0,0,UK,5,GA,random,2,0.3333333333333333,E26,16.49,95.45,39,0.98712,86.6946,3.1549,0.0,0,12.7091,2.0565,83.333,0.0,True,26.0,4840,5.5414,3.83
google,1500,20,linear,True,False,10.0,0.4,0.3,0.3,0,0,UK,5,GA,random,3,0.3333333333333333,E26,16.49,95.45,39,0.98298,86.7504,3.5611,0.0,0,12.6091,2.0382,83.51,0.0,True,26.0,4840,5.5588,3.61
google,1500,20,linear,True,False,10.0,0.4,0.3,0.3,0,0,UK,5,GA,random,4,0.3333333333333333,E26,16.49,95.45,39,0.991794,86.6316,2.6964,0.0,0,12.6091,2.0547,84.832,0.0,True,25.5,4840,5.5625,3.9
google,1500,20,linear,True,False,10.0,0.4,0.3,0.3,0,0,UK,5,GA,random,5,0.3333333333333333,E26,16.49,95.45,39,0.990437,86.6499,2.8295,0.0,0,12.7091,2.0588,82.18,0.0,True,26.5,4840,5.5773,3.6
google,1500,20,linear,True,False,10.0,0.4,0.3,0.3,0,0,UK,5,GA,random,6,0.3333333333333333,E26,16.49,95.45,39,0.989246,86.6659,2.9464,0.0,0,12.6091,2.0547,84.333,0.0,True,25.5,4840,5.5891,3.74
google,1500,20,linear,True,False,10.0,0.4,0.3,0.3,0,0,UK,5,GA,random,7,0.3333333333333333,E26,16.49,95.45,39,0.991059,86.6415,2.7684,0.0,0,12.6591,2.0577,83.2,0.0,True,26.0,4840,5.567,3.86
google,1500,20,linear,True,False,10.0,0.4,0.3,0.3,0,0,UK,5,GA,random,8,0.3333333333333333,E26,16.49,95.45,39,0.990361,86.6509,2.837,0.0,0,12.7591,2.0686,82.376,0.0,True,26.0,4840,5.5438,3.52
google,1500,10,linear,True,False,10.0,0.4,0.3,0.3,0,0,IE,0,GWO,random,6,0.3333333333333333,E26,16.49,95.45,39,2.534131,86.8655,5.3792,0.0,0,12.9591,2.1444,78.726,0.0,True,27.5,4840,3.7365,2.3
google,1500,10,linear,True,False,10.0,0.4,0.3,0.3,0,0,IE,0,GWO,random,7,0.3333333333333333,E26,16.49,95.45,39,2.528028,86.8971,5.607,0.0,0,12.9591,2.1403,78.46,0.0,True,27.0,4840,3.7175,2.27
google,1500,10,linear,True,False,10.0,0.4,0.3,0.3,0,0,IE,0,GWO,random,8,0.3333333333333333,E26,16.49,95.45,39,2.532704,86.8729,5.4324,0.0,0,13.0091,2.1454,78.665,0.0,True,26.0,4840,3.7227,2.32
google,1500,10,linear,True,False,10.0,0.4,0.3,0.3,0,0,IE,0,GWO,random,9,0.3333333333333333,E26,16.49,95.45,39,2.529551,86.8892,5.5502,0.0,0,13.0091,2.1461,77.081,0.0,True,28.5,4840,3.7401,2.29
google,1500,10,linear,True,False,10.0,0.4,0.3,0.3,0,0,IE,0,GWO,random,10,0.3333333333333333,E26,16.49,95.45,39,2.530992,86.8818,5.4964,0.0,0,13.0091,2.1535,75.558,0.0,True,27.0,4840,3.7103,2.28
google,1500,10,linear,True,False,10.0,0.4,0.3,0.3,0,0,IE,0,PSO,random,1,0.3333333333333333,E26,16.49,95.45,39,2.525512,86.9102,5.701,0.0,0,12.9091,2.1636,78.693,0.0,True,27.5,4840,3.329,4.26
google,1500,10,linear,True,False,10.0,0.4,0.3,0.3,0,0,IE,0,PSO,random,2,0.3333333333333333,E26,16.49,95.45,39,2.510775,86.9866,6.2512,0.0,0,12.9091,2.1358,79.46,0.0,True,26.5,4840,3.2865,4.11
google,1500,10,linear,True,False,10.0,0.4,0.3,0.3,0,0,IE,0,PSO,random,3,0.3333333333333333,E26,16.49,95.45,39,2.52892,86.8925,5.5737,0.0,0,13.0091,2.1501,77.357,0.0,True,27.0,4840,3.3061,4.14
google,1500,10,linear,True,False,10.0,0.4,0.3,0.3,0,0,IE,0,PSO,random,4,0.3333333333333333,E26,16.49,95.45,39,2.510621,86.9873,6.257,0.0,0,12.8591,2.1293,78.409,0.0,True,26.0,4840,3.5383,4.28
google,1500,10,linear,True,False,10.0,0.4,0.3,0.3,0,0,IE,0,PSO,random,5,0.3333333333333333,E26,16.49,95.45,39,2.504146,87.0209,6.4988,0.0,0,12.8091,2.1023,81.631,0.0,True,26.5,4840,3.5337,4.29
google,1500,10,linear,True,False,10.0,0.4,0.3,0.3,0,0,IE,0,PSO,random,6,0.3333333333333333,E26,16.49,95.45,39,2.536332,86.8541,5.297,0.0,0,13.0091,2.1443,78.202,0.0,True,27.0,4840,3.5431,4.12
google,1500,10,linear,True,False,10.0,0.4,0.3,0.3,0,0,IE,0,PSO,random,7,0.3333333333333333,E26,16.49,95.45,39,2.530393,86.8849,5.5187,0.0,0,13.0091,2.1295,77.03,0.0,True,27.0,4840,3.5529,4.17
google,1500,10,linear,True,False,10.0,0.4,0.3,0.3,0,0,IE,0,PSO,random,8,0.3333333333333333,E26,16.49,95.45,39,2.527409,86.9003,5.6302,0.0,0,13.0091,2.1512,76.819,0.0,True,27.5,4840,3.5418,4.32
google,1500,10,linear,True,False,10.0,0.4,0.3,0.3,0,0,IE,0,PSO,random,9,0.3333333333333333,E26,16.49,95.45,39,2.526064,86.9073,5.6804,0.0,0,12.9591,2.1323,78.195,0.0,True,26.5,4840,3.5402,4.19
google,1500,10,linear,True,False,10.0,0.4,0.3,0.3,0,0,IE,0,PSO,random,10,0.3333333333333333,E26,16.49,95.45,39,2.516221,86.9583,6.0479,0.0,0,13.0091,2.1496,76.971,0.0,True,27.0,4840,3.5073,4.16
google,1500,10,linear,True,False,10.0,0.4,0.3,0.3,0,0,IE,0,DE,random,1,0.3333333333333333,E26,16.49,95.45,39,2.44865,87.3085,8.5709,0.0,0,12.6591,2.0901,83.146,0.0,True,27.0,4840,3.428,2.93
google,1500,10,linear,True,False,10.0,0.4,0.3,0.3,0,0,IE,0,WOA,carbon,4,0.3333333333333333,E26,16.49,95.45,39,2.389316,87.6161,10.7864,0.0,0,13.1591,2.1306,66.165,0.0,True,28.5,4840,3.2589,2.46
google,1500,10,linear,True,False,10.0,0.4,0.3,0.3,0,0,IE,0,WOA,carbon,5,0.3333333333333333,E26,16.49,95.45,39,2.315826,87.997,13.5303,0.0,0,12.9091,1.9673,67.879,0.0,True,25.5,4840,3.2777,2.35
google,1500,10,linear,True,False,10.0,0.4,0.3,0.3,0,0,IE,0,WOA,carbon,6,0.3333333333333333,E26,16.49,95.45,39,2.427758,87.4168,9.351,0.0,0,13.1591,2.1357,68.752,0.0,True,28.5,4840,3.2076,2.42
google,1500,10,linear,True,False,10.0,0.4,0.3,0.3,0,0,IE,0,WOA,carbon,7,0.3333333333333333,E26,16.49,95.45,39,2.413723,87.4896,9.875,0.0,0,13.1591,2.1514,68.639,0.0,True,28.0,4840,3.2381,2.58
google,1500,10,linear,True,False,10.0,0.4,0.3,0.3,0,0,IE,0,WOA,carbon,8,0.3333333333333333,E26,16.49,95.45,39,2.309501,88.0298,13.7665,0.0,0,12.8591,1.954,70.901,0.0,True,26.0,4840,3.1896,2.4
google,1500,10,linear,True,False,10.0,0.4,0.3,0.3,0,0,IE,0,WOA,carbon,9,0.3333333333333333,E26,16.49,95.45,39,2.410326,87.5072,10.0019,0.0,0,13.2091,2.1272,67.237,0.0,True,27.5,4840,3.2323,2.69
google,1500,10,linear,True,False,10.0,0.4,0.3,0.3,0,0,IE,0,WOA,carbon,10,0.3333333333333333,E26,16.49,95.45,39,2.461628,87.2413,8.0863,0.0,0,13.2091,2.1732,70.024,0.0,True,28.0,4840,3.2075,2.49
google,1500,20,linear,True,False,10.0,0.4,0.3,0.3,0,0,IE,0,FIFO,-,0,0.3333333333333333,E26,16.49,95.45,39,19.293696,0.0,-620.399,0.0,0,95.9591,15.66,5.308,0.0,True,24.5,0,0.0,0.0
google,1500,10,linear,True,False,10.0,0.4,0.3,0.3,0,0,IE,0,DE,random,10,0.3333333333333333,E26,16.49,95.45,39,2.491482,87.0865,6.9716,0.0,0,12.8091,2.1023,80.715,0.0,True,27.0,4840,3.2365,2.59
google,1500,10,linear,True,False,10.0,0.4,0.3,0.3,0,0,IE,0,HHO,random,1,0.3333333333333333,E26,16.49,95.45,39,2.413432,87.4911,9.8859,0.0,0,13.0091,2.154,74.325,0.0,True,27.5,8910,4.8901,2.95
google,1500,10,linear,True,False,10.0,0.4,0.3,0.3,0,0,IE,0,HHO,random,2,0.3333333333333333,E26,16.49,95.45,39,2.433691,87.3861,9.1295,0.0,0,12.9091,2.1265,77.885,0.0,True,27.5,8780,4.8691,2.32
google,1500,10,linear,True,False,10.0,0.4,0.3,0.3,0,0,IE,0,HHO,random,3,0.3333333333333333,E26,16.49,95.45,39,2.423978,87.4364,9.4921,0.0,0,13.0591,2.1644,72.694,0.0,True,27.5,8894,4.8872,2.73
google,1500,10,linear,True,False,10.0,0.4,0.3,0.3,0,0,IE,0,HHO,random,4,0.3333333333333333,E26,16.49,95.45,39,2.435997,87.3741,9.0433,0.0,0,12.9591,2.1419,74.308,0.0,True,28.0,9094,4.9621,2.59
google,1500,10,linear,True,False,10.0,0.4,0.3,0.3,0,0,IE,0,HHO,random,5,0.3333333333333333,E26,16.49,95.45,39,2.4156,87.4798,9.8049,0.0,0,13.0591,2.1462,69.714,0.0,True,28.5,8986,4.9283,2.72
google,1500,10,linear,True,False,10.0,0.4,0.3,0.3,0,0,IE,0,HHO,random,6,0.3333333333333333,E26,16.49,95.45,39,2.425759,87.4272,9.4256,0.0,0,13.0091,2.1465,73.181,0.0,True,27.5,8968,4.9023,2.83
google,1500,10,linear,True,False,10.0,0.4,0.3,0.3,0,0,IE,0,HHO,random,7,0.3333333333333333,E26,16.49,95.45,39,2.411547,87.5009,9.9563,0.0,0,13.0591,2.157,73.635,0.0,True,27.5,8946,4.8831,2.56
google,1500,20,linear,True,False,10.0,0.4,0.3,0.3,0,0,IE,0,WOA,carbon,9,0.3333333333333333,E26,16.49,95.45,39,2.262054,88.2757,15.5381,0.0,0,12.7091,1.9064,64.521,0.0,True,25.0,4840,3.2129,2.38
google,1500,20,linear,True,False,10.0,0.4,0.3,0.3,0,0,IE,0,WOA,carbon,10,0.3333333333333333,E26,16.49,95.45,39,2.252111,88.3272,15.9094,0.0,0,12.6591,1.8989,68.958,0.0,True,25.0,4840,3.2064,2.44
google,1500,10,linear,True,False,10.0,0.4,0.3,0.3,0,0,IE,1,FIFO,-,0,0.3333333333333333,E26,16.49,95.45,39,19.344213,0.0,-619.1525,0.0,0,95.9591,15.66,5.308,8.9738,False,24.5,0,0.0,0.0
google,1500,10,linear,True,False,10.0,0.4,0.3,0.3,0,0,IE,1,Consolidation,-,0,0.3333333333333333,E26,16.49,95.45,39,2.689863,86.0947,0.0,0.0,0,13.3091,2.1675,55.842,8.9738,False,24.5,0,0.0,0.0
google,1500,10,linear,True,False,10.0,0.4,0.3,0.3,0,0,IE,1,Greedy(EDF+greenest),-,0,0.3333333333333333,E26,16.49,95.45,39,2.403413,87.5755,10.6492,0.0,0,12.5091,2.1131,69.1,14.1439,False,26.0,0,0.0002,0.0
google,1500,10,linear,True,False,10.0,0.4,0.3,0.3,0,0,IE,1,VCC(Google),-,0,0.3333333333333333,E26,16.49,95.45,39,2.680787,86.1417,0.3374,0.0,0,13.2591,2.16,61.668,0.0,True,24.5,0,0.0057,0.0
google,1500,10,linear,True,False,10.0,0.4,0.3,0.3,0,0,IE,1,Threshold(WaitAwhile),-,0,0.3333333333333333,E26,16.49,95.45,39,2.403413,87.5755,10.6492,0.0,0,12.5091,2.1131,69.1,14.1439,False,26.0,0,0.0215,0.0
google,1500,10,linear,True,False,10.0,0.4,0.3,0.3,0,0,IE,1,WOA,random,1,0.3333333333333333,E26,16.49,95.45,39,2.578691,86.6694,4.133,0.0,0,12.7591,2.1269,82.973,0.0,True,25.5,4840,3.3006,2.54
google,1500,10,linear,True,False,10.0,0.4,0.3,0.3,0,0,IE,0,GA,random,6,0.3333333333333333,E26,16.49,95.45,39,2.4732,87.1813,7.6542,0.0,0,12.6591,2.0742,83.118,0.0,True,27.0,4840,5.6444,3.68
google,1500,10,linear,True,False,10.0,0.4,0.3,0.3,0,0,IE,0,GA,random,7,0.3333333333333333,E26,16.49,95.45,39,2.466373,87.2167,7.9091,0.0,0,12.7091,2.1016,82.781,0.0,True,27.0,4840,5.6661,3.74
google,1500,10,linear,True,False,10.0,0.4,0.3,0.3,0,0,IE,0,GA,random,8,0.3333333333333333,E26,16.49,95.45,39,2.459978,87.2498,8.1479,0.0,0,12.7091,2.0709,82.707,0.0,True,26.0,4840,5.6344,3.79
google,1500,10,linear,True,False,10.0,0.4,0.3,0.3,0,0,IE,0,GA,random,9,0.3333333333333333,E26,16.49,95.45,39,2.442266,87.3416,8.8093,0.0,0,12.5591,2.0489,85.779,0.0,True,25.5,4840,5.6055,3.78
google,1500,10,linear,True,False,10.0,0.4,0.3,0.3,0,0,IE,0,GA,random,10,0.3333333333333333,E26,16.49,95.45,39,2.46011,87.2492,8.143,0.0,0,12.6091,2.0541,84.884,0.0,True,25.5,4840,5.5659,3.65
google,1500,10,linear,True,False,10.0,0.4,0.3,0.3,0,0,IE,0,WOA,carbon,1,0.3333333333333333,E26,16.49,95.45,39,2.313603,88.0085,13.6134,0.0,0,12.9091,1.9752,66.616,0.0,True,26.0,4840,3.2343,2.2
google,1500,10,linear,True,False,10.0,0.4,0.3,0.3,0,0,IE,0,WOA,carbon,2,0.3333333333333333,E26,16.49,95.45,39,2.398888,87.5665,10.429,0.0,0,13.1591,2.1066,68.283,0.0,True,28.5,4840,3.2684,2.72
google,1500,10,linear,True,False,10.0,0.4,0.3,0.3,0,0,IE,0,WOA,carbon,3,0.3333333333333333,E26,16.49,95.45,39,2.3282,87.9328,13.0684,0.0,0,12.9591,1.9793,66.672,0.0,True,25.5,4840,3.354,2.35
google,1500,20,linear,True,False,10.0,0.4,0.3,0.3,0,0,IE,0,WOA,random,5,0.3333333333333333,E26,16.49,95.45,39,2.413357,87.4915,9.8887,0.0,0,13.3091,2.2052,55.889,0.0,True,28.5,4840,3.4491,2.32
google,1500,20,linear,True,False,10.0,0.4,0.3,0.3,0,0,IE,0,WOA,random,6,0.3333333333333333,E26,16.49,95.45,39,2.413358,87.4915,9.8886,0.0,0,13.3091,2.2052,55.842,0.0,True,28.5,4840,3.3689,2.29
google,1500,20,linear,True,False,10.0,0.4,0.3,0.3,0,0,IE,0,WOA,random,7,0.3333333333333333,E26,16.49,95.45,39,2.393816,87.5928,10.6183,0.0,0,13.1591,2.1805,60.926,0.0,True,28.5,4840,3.4238,2.59
google,1500,20,linear,True,False,10.0,0.4,0.3,0.3,0,0,IE,0,WOA,random,8,0.3333333333333333,E26,16.49,95.45,39,2.408326,87.5175,10.0765,0.0,0,13.2591,2.196,58.022,0.0,True,28.0,4840,3.3974,2.35
google,1500,20,linear,True,False,10.0,0.4,0.3,0.3,0,0,IE,0,WOA,random,9,0.3333333333333333,E26,16.49,95.45,39,2.39131,87.6057,10.7119,0.0,0,13.1591,2.1741,59.262,0.0,True,28.5,4840,3.411,2.41
google,1500,20,linear,True,False,10.0,0.4,0.3,0.3,0,0,IE,0,WOA,random,10,0.3333333333333333,E26,16.49,95.45,39,2.413193,87.4923,9.8948,0.0,0,13.3091,2.2047,55.958,0.0,True,28.5,4840,3.4127,2.48
google,1500,20,linear,True,False,10.0,0.4,0.3,0.3,0,0,IE,0,GWO,random,1,0.3333333333333333,E26,16.49,95.45,39,2.49313,87.078,6.9101,0.0,0,12.7091,2.0976,83.529,0.0,True,25.5,4840,4.035,2.62
google,1500,20,linear,True,False,10.0,0.4,0.3,0.3,0,0,IE,0,GWO,random,2,0.3333333333333333,E26,16.49,95.45,39,2.54087,86.8306,5.1276,0.0,0,13.0591,2.1353,76.169,0.0,True,27.5,4840,4.1192,2.33
google,1500,10,linear,True,False,10.0,0.4,0.3,0.3,0,0,IE,0,HHO,random,8,0.3333333333333333,E26,16.49,95.45,39,2.391425,87.6051,10.7076,0.0,0,12.9591,2.134,73.378,0.0,True,28.0,8872,5.101,2.75
google,1500,10,linear,True,False,10.0,0.4,0.3,0.3,0,0,IE,0,HHO,random,9,0.3333333333333333,E26,16.49,95.45,39,2.474903,87.1725,7.5906,0.0,0,13.2591,2.1972,68.157,0.0,True,28.5,8790,5.0747,2.49
google,1500,10,linear,True,False,10.0,0.4,0.3,0.3,0,0,IE,0,HHO,random,10,0.3333333333333333,E26,16.49,95.45,39,2.448299,87.3104,8.584,0.0,0,13.2591,2.1765,68.884,0.0,True,28.5,8942,5.1233,2.62
google,1500,10,linear,True,False,10.0,0.4,0.3,0.3,0,0,IE,0,GA,random,1,0.3333333333333333,E26,16.49,95.45,39,2.470449,87.1956,7.757,0.0,0,12.7091,2.0742,82.448,0.0,True,26.0,4840,5.8795,3.56
google,1500,10,linear,True,False,10.0,0.4,0.3,0.3,0,0,IE,0,GA,random,2,0.3333333333333333,E26,16.49,95.45,39,2.460864,87.2452,8.1148,0.0,0,12.6591,2.0963,83.461,0.0,True,26.5,4840,5.8756,3.83
google,1500,10,linear,True,False,10.0,0.4,0.3,0.3,0,0,IE,0,GA,random,3,0.3333333333333333,E26,16.49,95.45,39,2.460194,87.2487,8.1399,0.0,0,12.6091,2.0654,84.22,0.0,True,27.0,4840,5.8691,3.69
google,1500,10,linear,True,False,10.0,0.4,0.3,0.3,0,0,IE,0,GA,random,4,0.3333333333333333,E26,16.49,95.45,39,2.474485,87.1746,7.6063,0.0,0,12.7091,2.0863,83.651,0.0,True,25.5,4840,6.0052,3.67
google,1500,10,linear,True,False,10.0,0.4,0.3,0.3,0,0,IE,0,GA,random,5,0.3333333333333333,E26,16.49,95.45,39,2.449399,87.3047,8.5429,0.0,0,12.6591,2.0679,82.811,0.0,True,27.0,4840,6.1402,3.67
google,1500,20,linear,True,False,10.0,0.4,0.3,0.3,0,0,IE,0,PSO,random,1,0.3333333333333333,E26,16.49,95.45,39,2.525512,86.9102,5.701,0.0,0,12.9091,2.1636,78.693,0.0,True,27.5,4840,3.3015,4.27
google,1500,20,linear,True,False,10.0,0.4,0.3,0.3,0,0,IE,0,PSO,random,2,0.3333333333333333,E26,16.49,95.45,39,2.510775,86.9866,6.2512,0.0,0,12.9091,2.1358,79.46,0.0,True,26.5,4840,3.2953,4.11
google,1500,20,linear,True,False,10.0,0.4,0.3,0.3,0,0,IE,0,PSO,random,3,0.3333333333333333,E26,16.49,95.45,39,2.52892,86.8925,5.5737,0.0,0,13.0091,2.1501,77.357,0.0,True,27.0,4840,3.2797,4.14
google,1500,20,linear,True,False,10.0,0.4,0.3,0.3,0,0,IE,0,PSO,random,4,0.3333333333333333,E26,16.49,95.45,39,2.510621,86.9873,6.257,0.0,0,12.8591,2.1293,78.409,0.0,True,26.0,4840,3.2731,4.28
google,1500,20,linear,True,False,10.0,0.4,0.3,0.3,0,0,IE,0,PSO,random,5,0.3333333333333333,E26,16.49,95.45,39,2.504146,87.0209,6.4988,0.0,0,12.8091,2.1023,81.631,0.0,True,26.5,4840,3.3681,4.29
google,1500,20,linear,True,False,10.0,0.4,0.3,0.3,0,0,IE,0,PSO,random,6,0.3333333333333333,E26,16.49,95.45,39,2.536332,86.8541,5.297,0.0,0,13.0091,2.1443,78.202,0.0,True,27.0,4840,3.3786,4.13
google,1500,20,linear,True,False,10.0,0.4,0.3,0.3,0,0,IE,0,PSO,random,7,0.3333333333333333,E26,16.49,95.45,39,2.530393,86.8849,5.5187,0.0,0,13.0091,2.1295,77.03,0.0,True,27.0,4840,3.479,4.17
google,1500,20,linear,True,False,10.0,0.4,0.3,0.3,0,0,IE,0,PSO,random,8,0.3333333333333333,E26,16.49,95.45,39,2.527409,86.9003,5.6302,0.0,0,13.0091,2.1512,76.819,0.0,True,27.5,4840,3.5664,4.32
google,1500,20,linear,True,False,10.0,0.4,0.3,0.3,0,0,IE,0,GWO,random,3,0.3333333333333333,E26,16.49,95.45,39,2.539984,86.8352,5.1606,0.0,0,13.0591,2.1456,77.118,0.0,True,27.0,4840,3.6905,2.38
google,1500,20,linear,True,False,10.0,0.4,0.3,0.3,0,0,IE,0,GWO,random,4,0.3333333333333333,E26,16.49,95.45,39,2.538878,86.8409,5.2019,0.0,0,13.1091,2.1435,73.963,0.0,True,27.0,4840,3.6941,2.28
google,1500,20,linear,True,False,10.0,0.4,0.3,0.3,0,0,IE,0,GWO,random,5,0.3333333333333333,E26,16.49,95.45,39,2.528372,86.8953,5.5942,0.0,0,12.9591,2.1574,79.933,0.0,True,25.5,4840,3.6698,2.34
google,1500,20,linear,True,False,10.0,0.4,0.3,0.3,0,0,IE,0,GWO,random,6,0.3333333333333333,E26,16.49,95.45,39,2.534131,86.8655,5.3792,0.0,0,12.9591,2.1444,78.726,0.0,True,27.5,4840,3.671,2.29
google,1500,20,linear,True,False,10.0,0.4,0.3,0.3,0,0,IE,0,GWO,random,7,0.3333333333333333,E26,16.49,95.45,39,2.528028,86.8971,5.607,0.0,0,12.9591,2.1403,78.46,0.0,True,27.0,4840,3.7611,2.27
google,1500,20,linear,True,False,10.0,0.4,0.3,0.3,0,0,IE,0,GWO,random,8,0.3333333333333333,E26,16.49,95.45,39,2.532704,86.8729,5.4324,0.0,0,13.0091,2.1454,78.665,0.0,True,26.0,4840,3.8127,2.32
google,1500,20,linear,True,False,10.0,0.4,0.3,0.3,0,0,IE,0,GWO,random,9,0.3333333333333333,E26,16.49,95.45,39,2.529551,86.8892,5.5502,0.0,0,13.0091,2.1461,77.081,0.0,True,28.5,4840,3.9398,2.3
google,1500,20,linear,True,False,10.0,0.4,0.3,0.3,0,0,IE,0,GWO,random,10,0.3333333333333333,E26,16.49,95.45,39,2.530992,86.8818,5.4964,0.0,0,13.0091,2.1535,75.558,0.0,True,27.0,4840,4.0872,2.28
google,1500,20,linear,True,False,10.0,0.4,0.3,0.3,0,0,IE,0,PSO,random,9,0.3333333333333333,E26,16.49,95.45,39,2.526064,86.9073,5.6804,0.0,0,12.9591,2.1323,78.195,0.0,True,26.5,4840,3.3108,4.2
google,1500,20,linear,True,False,10.0,0.4,0.3,0.3,0,0,IE,0,PSO,random,10,0.3333333333333333,E26,16.49,95.45,39,2.516221,86.9583,6.0479,0.0,0,13.0091,2.1496,76.971,0.0,True,27.0,4840,3.275,4.16
google,1500,20,linear,True,False,10.0,0.4,0.3,0.3,0,0,IE,0,DE,random,1,0.3333333333333333,E26,16.49,95.45,39,2.44865,87.3085,8.5709,0.0,0,12.6591,2.0901,83.146,0.0,True,27.0,4840,3.1609,2.93
google,1500,20,linear,True,False,10.0,0.4,0.3,0.3,0,0,IE,0,DE,random,2,0.3333333333333333,E26,16.49,95.45,39,2.480158,87.1452,7.3944,0.0,0,12.7591,2.1015,82.886,0.0,True,26.5,4840,3.2224,2.62
google,1500,20,linear,True,False,10.0,0.4,0.3,0.3,0,0,IE,0,DE,random,3,0.3333333333333333,E26,16.49,95.45,39,2.465821,87.2195,7.9298,0.0,0,12.7091,2.0948,81.135,0.0,True,27.0,4840,3.3048,2.8
google,1500,20,linear,True,False,10.0,0.4,0.3,0.3,0,0,IE,0,DE,random,4,0.3333333333333333,E26,16.49,95.45,39,2.495871,87.0638,6.8077,0.0,0,12.9091,2.1254,78.836,0.0,True,28.0,4840,3.3395,2.5
google,1500,20,linear,True,False,10.0,0.4,0.3,0.3,0,0,IE,0,DE,random,5,0.3333333333333333,E26,16.49,95.45,39,2.486338,87.1132,7.1637,0.0,0,12.8091,2.1104,80.439,0.0,True,26.0,4840,3.4058,2.56
google,1500,20,linear,True,False,10.0,0.4,0.3,0.3,0,0,IE,0,DE,random,6,0.3333333333333333,E26,16.49,95.45,39,2.466418,87.2165,7.9075,0.0,0,12.7091,2.0994,80.641,0.0,True,27.5,4840,3.7059,2.71
google,1500,20,linear,True,False,10.0,0.4,0.3,0.3,0,0,IE,0,WOA,carbon,1,0.3333333333333333,E26,16.49,95.45,39,2.260341,88.2846,15.6021,0.0,0,12.7091,1.9064,67.718,0.0,True,25.0,4840,3.4271,2.49
google,1500,20,linear,True,False,10.0,0.4,0.3,0.3,0,0,IE,0,WOA,carbon,2,0.3333333333333333,E26,16.49,95.45,39,2.267705,88.2464,15.3271,0.0,0,12.7591,1.9139,63.155,0.0,True,25.0,4840,3.4319,2.24
google,1500,20,linear,True,False,10.0,0.4,0.3,0.3,0,0,IE,0,WOA,carbon,3,0.3333333333333333,E26,16.49,95.45,39,2.25179,88.3289,15.9214,0.0,0,12.6591,1.8989,66.99,0.0,True,25.0,4840,3.4587,2.48
google,1500,20,linear,True,False,10.0,0.4,0.3,0.3,0,0,IE,0,WOA,carbon,4,0.3333333333333333,E26,16.49,95.45,39,2.257965,88.2969,15.6908,0.0,0,12.7091,1.9064,65.392,0.0,True,25.0,4840,3.5518,2.47
google,1500,20,linear,True,False,10.0,0.4,0.3,0.3,0,0,IE,0,WOA,carbon,5,0.3333333333333333,E26,16.49,95.45,39,2.263445,88.2685,15.4862,0.0,0,12.7091,1.9064,68.184,0.0,True,25.0,4840,3.6281,2.41
google,1500,20,linear,True,False,10.0,0.4,0.3,0.3,0,0,IE,0,WOA,carbon,6,0.3333333333333333,E26,16.49,95.45,39,2.25518,88.3113,15.7948,0.0,0,12.6591,1.8989,73.223,0.0,True,25.0,4840,3.6865,2.42
google,1500,20,linear,True,False,10.0,0.4,0.3,0.3,0,0,IE,0,WOA,carbon,7,0.3333333333333333,E26,16.49,95.45,39,2.258961,88.2917,15.6536,0.0,0,12.6591,1.8989,72.367,0.0,True,25.0,4840,3.9631,2.41
google,1500,20,linear,True,False,10.0,0.4,0.3,0.3,0,0,IE,0,WOA,carbon,8,0.3333333333333333,E26,16.49,95.45,39,2.262062,88.2756,15.5378,0.0,0,12.7091,1.9064,64.314,0.0,True,25.0,4840,3.4948,2.31
google,1500,20,linear,True,False,10.0,0.4,0.3,0.3,0,0,IE,0,DE,random,7,0.3333333333333333,E26,16.49,95.45,39,2.468557,87.2054,7.8276,0.0,0,12.8091,2.1326,79.266,0.0,True,27.5,4840,3.2006,2.65
google,1500,20,linear,True,False,10.0,0.4,0.3,0.3,0,0,IE,0,DE,random,8,0.3333333333333333,E26,16.49,95.45,39,2.456235,87.2692,8.2877,0.0,0,12.6091,2.0734,85.004,0.0,True,25.5,4840,3.1694,2.66
google,1500,20,linear,True,False,10.0,0.4,0.3,0.3,0,0,IE,0,DE,random,9,0.3333333333333333,E26,16.49,95.45,39,2.480099,87.1455,7.3967,0.0,0,12.7591,2.1188,82.653,0.0,True,27.5,4840,3.2006,2.56
google,1500,20,linear,True,False,10.0,0.4,0.3,0.3,0,0,IE,0,DE,random,10,0.3333333333333333,E26,16.49,95.45,39,2.491482,87.0865,6.9716,0.0,0,12.8091,2.1023,80.715,0.0,True,27.0,4840,3.2971,2.57
google,1500,20,linear,True,False,10.0,0.4,0.3,0.3,0,0,IE,0,HHO,random,1,0.3333333333333333,E26,16.49,95.45,39,2.387975,87.623,10.8364,0.0,0,13.1091,2.1719,62.952,0.0,True,28.5,8910,5.0889,2.51
google,1500,20,linear,True,False,10.0,0.4,0.3,0.3,0,0,IE,0,HHO,random,2,0.3333333333333333,E26,16.49,95.45,39,2.387503,87.6255,10.854,0.0,0,13.1591,2.1829,60.394,0.0,True,28.5,8780,5.1513,2.85
google,1500,20,linear,True,False,10.0,0.4,0.3,0.3,0,0,IE,0,HHO,random,3,0.3333333333333333,E26,16.49,95.45,39,2.401126,87.5549,10.3454,0.0,0,13.2091,2.188,58.255,0.0,True,28.5,8894,5.3181,2.5
google,1500,20,linear,True,False,10.0,0.4,0.3,0.3,0,0,IE,0,HHO,random,4,0.3333333333333333,E26,16.49,95.45,39,2.375855,87.6858,11.289,0.0,0,13.0591,2.1741,63.129,0.0,True,28.5,9094,5.0709,2.7
google,1500,10,linear,True,False,10.0,0.4,0.3,0.3,0,0,IE,1,WOA,random,2,0.3333333333333333,E26,16.49,95.45,39,2.613682,86.4886,2.8321,0.0,0,12.9091,2.1265,77.035,0.0,True,26.0,4840,3.3636,2.6
google,1500,10,linear,True,False,10.0,0.4,0.3,0.3,0,0,IE,1,WOA,random,3,0.3333333333333333,E26,16.49,95.45,39,2.611559,86.4995,2.9111,0.0,0,12.9591,2.1398,78.463,0.0,True,26.0,4840,3.342,2.6
google,1500,10,linear,True,False,10.0,0.4,0.3,0.3,0,0,IE,1,WOA,random,4,0.3333333333333333,E26,16.49,95.45,39,2.60805,86.5177,3.0415,0.0,0,12.9091,2.1261,77.01,0.0,True,25.0,4840,3.447,2.46
google,1500,10,linear,True,False,10.0,0.4,0.3,0.3,0,0,IE,1,WOA,random,5,0.3333333333333333,E26,16.49,95.45,39,2.608372,86.516,3.0295,0.0,0,12.9091,2.122,76.871,0.0,True,24.5,4840,3.5998,2.67
google,1500,10,linear,True,False,10.0,0.4,0.3,0.3,0,0,IE,1,WOA,random,6,0.3333333333333333,E26,16.49,95.45,39,2.595986,86.58,3.49,0.0,0,12.8591,2.1186,76.005,0.0,True,25.5,4840,3.5053,2.51
google,1500,10,linear,True,False,10.0,0.4,0.3,0.3,0,0,IE,1,WOA,random,7,0.3333333333333333,E26,16.49,95.45,39,2.621074,86.4503,2.5573,0.0,0,12.9591,2.1279,75.94,0.0,True,25.5,4840,3.2987,2.52
google,1500,10,linear,True,False,10.0,0.4,0.3,0.3,0,0,IE,1,WOA,random,8,0.3333333333333333,E26,16.49,95.45,39,2.606869,86.5238,3.0854,0.0,0,12.9091,2.1358,75.22,0.0,True,25.0,4840,3.2863,2.46
google,1500,10,linear,True,False,10.0,0.4,0.3,0.3,0,0,IE,1,WOA,random,9,0.3333333333333333,E26,16.49,95.45,39,2.622997,86.4404,2.4858,0.0,0,12.9591,2.1291,72.628,0.0,True,24.5,4840,3.2346,2.56
google,1500,20,linear,True,False,10.0,0.4,0.3,0.3,0,0,IE,0,HHO,random,5,0.3333333333333333,E26,16.49,95.45,39,2.40356,87.5423,10.2545,0.0,0,13.2091,2.1897,59.346,0.0,True,28.5,8986,4.9047,2.45
google,1500,20,linear,True,False,10.0,0.4,0.3,0.3,0,0,IE,0,HHO,random,6,0.3333333333333333,E26,16.49,95.45,39,2.394132,87.5911,10.6065,0.0,0,13.1091,2.1805,64.33,0.0,True,28.5,8968,4.8673,3.25
google,1500,20,linear,True,False,10.0,0.4,0.3,0.3,0,0,IE,0,HHO,random,7,0.3333333333333333,E26,16.49,95.45,39,2.403799,87.541,10.2456,0.0,0,13.0091,2.1563,73.367,0.0,True,27.5,8946,5.0109,2.81
google,1500,20,linear,True,False,10.0,0.4,0.3,0.3,0,0,IE,0,HHO,random,8,0.3333333333333333,E26,16.49,95.45,39,2.401526,87.5528,10.3305,0.0,0,13.2591,2.2002,59.686,0.0,True,28.5,8872,5.1384,2.5
google,1500,20,linear,True,False,10.0,0.4,0.3,0.3,0,0,IE,0,HHO,random,9,0.3333333333333333,E26,16.49,95.45,39,2.387388,87.6261,10.8583,0.0,0,13.1091,2.1735,62.089,0.0,True,28.5,8790,5.3757,2.89
google,1500,20,linear,True,False,10.0,0.4,0.3,0.3,0,0,IE,0,HHO,random,10,0.3333333333333333,E26,16.49,95.45,39,2.389184,87.6168,10.7913,0.0,0,13.1091,2.1754,63.722,0.0,True,28.5,8942,5.0245,2.61
google,1500,20,linear,True,False,10.0,0.4,0.3,0.3,0,0,IE,0,GA,random,1,0.3333333333333333,E26,16.49,95.45,39,2.470449,87.1956,7.757,0.0,0,12.7091,2.0742,82.448,0.0,True,26.0,4840,5.6581,3.56
google,1500,20,linear,True,False,10.0,0.4,0.3,0.3,0,0,IE,0,GA,random,2,0.3333333333333333,E26,16.49,95.45,39,2.460864,87.2452,8.1148,0.0,0,12.6591,2.0963,83.461,0.0,True,26.5,4840,5.5139,3.83
google,1500,10,linear,True,False,10.0,0.4,0.3,0.3,0,0,IE,1,WOA,random,10,0.3333333333333333,E26,16.49,95.45,39,2.597457,86.5724,3.4353,0.0,0,12.8591,2.1077,78.266,0.0,True,25.0,4840,3.3085,2.79
google,1500,10,linear,True,False,10.0,0.4,0.3,0.3,0,0,IE,1,GWO,random,1,0.3333333333333333,E26,16.49,95.45,39,2.601352,86.5523,3.2905,0.0,0,12.8591,2.1143,82.55,0.0,True,25.5,4840,3.94,2.5
google,1500,10,linear,True,False,10.0,0.4,0.3,0.3,0,0,IE,1,GWO,random,2,0.3333333333333333,E26,16.49,95.45,39,2.598134,86.5689,3.4102,0.0,0,12.8591,2.1349,81.979,0.0,True,25.0,4840,4.0447,2.57
google,1500,10,linear,True,False,10.0,0.4,0.3,0.3,0,0,IE,1,GWO,random,3,0.3333333333333333,E26,16.49,95.45,39,2.58828,86.6199,3.7765,0.0,0,12.8091,2.1121,81.154,0.0,True,25.5,4840,4.0882,2.61
google,1500,10,linear,True,False,10.0,0.4,0.3,0.3,0,0,IE,1,GWO,random,4,0.3333333333333333,E26,16.49,95.45,39,2.632473,86.3914,2.1336,0.0,0,13.0091,2.1456,77.77,0.0,True,27.0,4840,3.7877,2.26
google,1500,10,linear,True,False,10.0,0.4,0.3,0.3,0,0,IE,1,GWO,random,5,0.3333333333333333,E26,16.49,95.45,39,2.586992,86.6265,3.8244,0.0,0,12.8091,2.1246,81.079,0.0,True,25.5,4840,3.7946,2.56
google,1500,10,linear,True,False,10.0,0.4,0.3,0.3,0,0,IE,1,GWO,random,6,0.3333333333333333,E26,16.49,95.45,39,2.577979,86.6731,4.1595,0.0,0,12.7591,2.1057,82.168,0.0,True,25.0,4840,3.675,2.59
google,1500,10,linear,True,False,10.0,0.4,0.3,0.3,0,0,IE,1,GWO,random,7,0.3333333333333333,E26,16.49,95.45,39,2.579321,86.6662,4.1096,0.0,0,12.7591,2.1085,81.975,0.0,True,25.5,4840,3.6975,2.7
google,1500,10,linear,True,False,10.0,0.4,0.3,0.3,0,0,IE,1,GWO,random,8,0.3333333333333333,E26,16.49,95.45,39,2.568091,86.7242,4.5271,0.0,0,12.7091,2.0754,82.778,0.0,True,25.5,4840,3.9237,2.92
google,1500,10,linear,True,False,10.0,0.4,0.3,0.3,0,0,IE,1,GWO,random,9,0.3333333333333333,E26,16.49,95.45,39,2.563375,86.7486,4.7024,0.0,0,12.7091,2.101,83.851,0.0,True,25.0,4840,3.9932,2.61
google,1500,10,linear,True,False,10.0,0.4,0.3,0.3,0,0,IE,1,GWO,random,10,0.3333333333333333,E26,16.49,95.45,39,2.575221,86.6874,4.262,0.0,0,12.7591,2.0995,81.413,0.0,True,25.5,4840,4.1923,2.63
google,1500,10,linear,True,False,10.0,0.4,0.3,0.3,0,0,IE,1,PSO,random,1,0.3333333333333333,E26,16.49,95.45,39,2.601389,86.5521,3.2891,0.0,0,12.8591,2.116,81.537,0.0,True,26.0,4840,3.3881,4.3
google,1500,10,linear,True,False,10.0,0.4,0.3,0.3,0,0,IE,1,PSO,random,2,0.3333333333333333,E26,16.49,95.45,39,2.614738,86.4831,2.7929,0.0,0,12.9591,2.1466,79.382,0.0,True,26.0,4840,3.3936,4.23
google,1500,10,linear,True,False,10.0,0.4,0.3,0.3,0,0,IE,1,PSO,random,3,0.3333333333333333,E26,16.49,95.45,39,2.605598,86.5304,3.1327,0.0,0,12.9091,2.1488,79.528,0.0,True,26.5,4840,3.317,4.31
google,1500,10,linear,True,False,10.0,0.4,0.3,0.3,0,0,IE,1,PSO,random,4,0.3333333333333333,E26,16.49,95.45,39,2.619624,86.4578,2.6112,0.0,0,12.9591,2.1379,77.214,0.0,True,28.5,4840,3.2992,4.19
google,1500,10,linear,True,False,10.0,0.4,0.3,0.3,0,0,IE,1,PSO,random,5,0.3333333333333333,E26,16.49,95.45,39,2.603677,86.5403,3.2041,0.0,0,12.9091,2.1271,80.087,0.0,True,27.0,4840,3.3454,4.3
google,1500,20,linear,True,False,10.0,0.4,0.3,0.3,0,0,IE,0,GA,random,3,0.3333333333333333,E26,16.49,95.45,39,2.460194,87.2487,8.1399,0.0,0,12.6091,2.0654,84.22,0.0,True,27.0,4840,5.5851,3.69
google,1500,20,linear,True,False,10.0,0.4,0.3,0.3,0,0,IE,0,GA,random,4,0.3333333333333333,E26,16.49,95.45,39,2.474485,87.1746,7.6063,0.0,0,12.7091,2.0863,83.651,0.0,True,25.5,4840,5.5741,3.67
google,1500,20,linear,True,False,10.0,0.4,0.3,0.3,0,0,IE,0,GA,random,5,0.3333333333333333,E26,16.49,95.45,39,2.449399,87.3047,8.5429,0.0,0,12.6591,2.0679,82.811,0.0,True,27.0,4840,5.8035,3.67
google,1500,20,linear,True,False,10.0,0.4,0.3,0.3,0,0,IE,0,GA,random,6,0.3333333333333333,E26,16.49,95.45,39,2.4732,87.1813,7.6542,0.0,0,12.6591,2.0742,83.118,0.0,True,27.0,4840,6.0012,3.68
google,1500,20,linear,True,False,10.0,0.4,0.3,0.3,0,0,IE,0,GA,random,7,0.3333333333333333,E26,16.49,95.45,39,2.466373,87.2167,7.9091,0.0,0,12.7091,2.1016,82.781,0.0,True,27.0,4840,6.084,3.74
google,1500,20,linear,True,False,10.0,0.4,0.3,0.3,0,0,IE,0,GA,random,8,0.3333333333333333,E26,16.49,95.45,39,2.459978,87.2498,8.1479,0.0,0,12.7091,2.0709,82.707,0.0,True,26.0,4840,5.7091,3.79
google,1500,20,linear,True,False,10.0,0.4,0.3,0.3,0,0,IE,0,GA,random,9,0.3333333333333333,E26,16.49,95.45,39,2.442266,87.3416,8.8093,0.0,0,12.5591,2.0489,85.779,0.0,True,25.5,4840,5.5473,3.78
google,1500,20,linear,True,False,10.0,0.4,0.3,0.3,0,0,IE,0,GA,random,10,0.3333333333333333,E26,16.49,95.45,39,2.46011,87.2492,8.143,0.0,0,12.6091,2.0541,84.884,0.0,True,25.5,4840,5.7037,3.65
google,1500,10,linear,True,False,10.0,0.4,0.3,0.3,0,0,IE,1,WOA,carbon,6,0.3333333333333333,E26,16.49,95.45,39,2.600442,86.557,3.3243,0.0,0,12.8591,2.1174,75.772,0.0,True,25.0,4840,3.5231,2.5
google,1500,10,linear,True,False,10.0,0.4,0.3,0.3,0,0,IE,1,WOA,carbon,7,0.3333333333333333,E26,16.49,95.45,39,2.513594,87.006,6.5531,0.0,0,12.9091,2.1356,64.985,0.0,True,26.5,4840,3.4684,2.56
google,1500,10,linear,True,False,10.0,0.4,0.3,0.3,0,0,IE,1,WOA,carbon,8,0.3333333333333333,E26,16.49,95.45,39,2.504741,87.0517,6.8822,0.0,0,12.8591,2.1202,66.265,0.0,True,27.0,4840,3.3987,2.48
google,1500,10,linear,True,False,10.0,0.4,0.3,0.3,0,0,IE,1,WOA,carbon,9,0.3333333333333333,E26,16.49,95.45,39,2.606965,86.5233,3.0818,0.0,0,13.0091,2.1644,75.633,0.0,True,27.0,4840,3.4475,2.43
google,1500,10,linear,True,False,10.0,0.4,0.3,0.3,0,0,IE,1,WOA,carbon,10,0.3333333333333333,E26,16.49,95.45,39,2.53511,86.8947,5.7532,0.0,0,13.0091,2.1393,62.718,0.0,True,27.0,4840,3.5916,2.39
google,1500,20,linear,True,False,10.0,0.4,0.3,0.3,0,0,IE,1,FIFO,-,0,0.3333333333333333,E26,16.49,95.45,39,19.344213,0.0,-619.1525,0.0,0,95.9591,15.66,5.308,0.0,True,24.5,0,0.0,0.0
google,1500,20,linear,True,False,10.0,0.4,0.3,0.3,0,0,IE,1,Consolidation,-,0,0.3333333333333333,E26,16.49,95.45,39,2.689863,86.0947,0.0,0.0,0,13.3091,2.1675,55.842,0.0,True,24.5,0,0.0,0.0
google,1500,20,linear,True,False,10.0,0.4,0.3,0.3,0,0,IE,1,Greedy(EDF+greenest),-,0,0.3333333333333333,E26,16.49,95.45,39,2.403413,87.5755,10.6492,0.0,0,12.5091,2.1131,69.1,0.0,True,26.0,0,0.0002,0.0
google,1500,10,linear,True,False,10.0,0.4,0.3,0.3,0,0,IE,1,PSO,random,6,0.3333333333333333,E26,16.49,95.45,39,2.617418,86.4692,2.6932,0.0,0,12.9591,2.1471,79.05,0.0,True,26.5,4840,3.775,4.23
google,1500,10,linear,True,False,10.0,0.4,0.3,0.3,0,0,IE,1,PSO,random,7,0.3333333333333333,E26,16.49,95.45,39,2.626984,86.4198,2.3376,0.0,0,13.0091,2.1387,77.163,0.0,True,27.0,4840,4.0353,4.08
google,1500,10,linear,True,False,10.0,0.4,0.3,0.3,0,0,IE,1,PSO,random,8,0.3333333333333333,E26,16.49,95.45,39,2.605069,86.5331,3.1523,0.0,0,12.9091,2.1304,78.402,0.0,True,27.0,4840,3.5309,4.16
google,1500,10,linear,True,False,10.0,0.4,0.3,0.3,0,0,IE,1,PSO,random,9,0.3333333333333333,E26,16.49,95.45,39,2.585729,86.6331,3.8713,0.0,0,12.8091,2.1263,81.081,0.0,True,26.0,4840,3.5852,4.39
google,1500,10,linear,True,False,10.0,0.4,0.3,0.3,0,0,IE,1,PSO,random,10,0.3333333333333333,E26,16.49,95.45,39,2.611793,86.4983,2.9024,0.0,0,12.9591,2.1717,77.514,0.0,True,26.0,4840,3.4993,4.36
google,1500,10,linear,True,False,10.0,0.4,0.3,0.3,0,0,IE,1,DE,random,1,0.3333333333333333,E26,16.49,95.45,39,2.554241,86.7958,5.0419,0.0,0,12.6591,2.0809,83.958,0.0,True,25.5,4840,3.3775,2.74
google,1500,10,linear,True,False,10.0,0.4,0.3,0.3,0,0,IE,1,DE,random,2,0.3333333333333333,E26,16.49,95.45,39,2.5567,86.7831,4.9505,0.0,0,12.6591,2.0832,83.045,0.0,True,27.5,4840,3.3874,2.7
google,1500,10,linear,True,False,10.0,0.4,0.3,0.3,0,0,IE,1,DE,random,3,0.3333333333333333,E26,16.49,95.45,39,2.56254,86.7529,4.7334,0.0,0,12.7091,2.0856,83.552,0.0,True,25.5,4840,3.5681,2.64
google,1500,10,linear,True,False,10.0,0.4,0.3,0.3,0,0,IE,1,DE,random,4,0.3333333333333333,E26,16.49,95.45,39,2.554397,86.795,5.0362,0.0,0,12.6591,2.0963,83.91,0.0,True,25.5,4840,3.7518,2.64
google,1500,10,linear,True,False,10.0,0.4,0.3,0.3,0,0,IE,1,DE,random,5,0.3333333333333333,E26,16.49,95.45,39,2.591187,86.6048,3.6684,0.0,0,12.8091,2.0989,81.655,0.0,True,27.0,4840,3.8699,2.49
google,1500,10,linear,True,False,10.0,0.4,0.3,0.3,0,0,IE,1,DE,random,6,0.3333333333333333,E26,16.49,95.45,39,2.584256,86.6407,3.9261,0.0,0,12.8091,2.1029,81.389,0.0,True,27.0,4840,3.4468,2.63
google,1500,10,linear,True,False,10.0,0.4,0.3,0.3,0,0,IE,1,DE,random,7,0.3333333333333333,E26,16.49,95.45,39,2.534411,86.8984,5.7792,0.0,0,12.5591,2.0672,84.54,0.0,True,25.5,4840,3.4766,2.88
google,1500,10,linear,True,False,10.0,0.4,0.3,0.3,0,0,IE,1,DE,random,8,0.3333333333333333,E26,16.49,95.45,39,2.564249,86.7441,4.6699,0.0,0,12.7091,2.1074,82.49,0.0,True,25.5,4840,3.3948,2.67
google,1500,10,linear,True,False,10.0,0.4,0.3,0.3,0,0,IE,1,DE,random,9,0.3333333333333333,E26,16.49,95.45,39,2.577032,86.678,4.1947,0.0,0,12.7591,2.1188,81.181,0.0,True,26.0,4840,3.3658,2.52
google,1500,10,linear,True,False,10.0,0.4,0.3,0.3,0,0,IE,1,DE,random,10,0.3333333333333333,E26,16.49,95.45,39,2.532206,86.9097,5.8611,0.0,0,12.5591,2.0747,85.405,0.0,True,25.5,4840,3.4088,2.78
google,1500,10,linear,True,False,10.0,0.4,0.3,0.3,0,0,IE,1,HHO,random,1,0.3333333333333333,E26,16.49,95.45,39,2.594047,86.5901,3.5621,0.0,0,12.8091,2.104,75.366,0.0,True,25.0,8910,5.5288,2.58
google,1500,20,linear,True,False,10.0,0.4,0.3,0.3,0,0,IE,1,VCC(Google),-,0,0.3333333333333333,E26,16.49,95.45,39,2.70242,86.0298,-0.4669,0.0,0,13.3591,2.175,56.948,0.0,True,24.5,0,0.0049,0.0
google,1500,20,linear,True,False,10.0,0.4,0.3,0.3,0,0,IE,1,Threshold(WaitAwhile),-,0,0.3333333333333333,E26,16.49,95.45,39,2.403413,87.5755,10.6492,0.0,0,12.5091,2.1131,69.1,0.0,True,26.0,0,0.0218,0.0
google,1500,20,linear,True,False,10.0,0.4,0.3,0.3,0,0,IE,1,WOA,random,1,0.3333333333333333,E26,16.49,95.45,39,2.578702,86.6694,4.1326,0.0,0,12.7591,2.1269,82.973,0.0,True,25.5,4840,3.2387,2.6
google,1500,20,linear,True,False,10.0,0.4,0.3,0.3,0,0,IE,1,WOA,random,2,0.3333333333333333,E26,16.49,95.45,39,2.610701,86.504,2.943,0.0,0,12.9091,2.1276,76.285,0.0,True,26.0,4840,3.1949,2.44
google,1500,20,linear,True,False,10.0,0.4,0.3,0.3,0,0,IE,1,WOA,random,3,0.3333333333333333,E26,16.49,95.45,39,2.611592,86.4994,2.9098,0.0,0,12.9591,2.1398,78.468,0.0,True,26.0,4840,3.2008,2.5
google,1500,20,linear,True,False,10.0,0.4,0.3,0.3,0,0,IE,1,WOA,random,4,0.3333333333333333,E26,16.49,95.45,39,2.62251,86.4429,2.5039,0.0,0,12.9591,2.1284,72.915,0.0,True,24.5,4840,3.36,2.6
google,1500,20,linear,True,False,10.0,0.4,0.3,0.3,0,0,IE,1,WOA,random,5,0.3333333333333333,E26,16.49,95.45,39,2.627486,86.4172,2.3189,0.0,0,13.0091,2.1366,73.383,0.0,True,24.5,4840,3.5775,2.47
google,1500,20,linear,True,False,10.0,0.4,0.3,0.3,0,0,IE,1,WOA,random,6,0.3333333333333333,E26,16.49,95.45,39,2.597131,86.5741,3.4474,0.0,0,12.8591,2.1203,75.455,0.0,True,25.0,4840,3.1735,2.64
google,1500,10,linear,True,False,10.0,0.4,0.3,0.3,0,0,IE,1,GA,random,8,0.3333333333333333,E26,16.49,95.45,39,2.545561,86.8407,5.3646,0.0,0,12.6091,2.0888,84.861,0.0,True,25.5,4840,5.7371,3.76
google,1500,10,linear,True,False,10.0,0.4,0.3,0.3,0,0,IE,1,GA,random,9,0.3333333333333333,E26,16.49,95.45,39,2.563142,86.7498,4.711,0.0,0,12.7091,2.0982,82.201,0.0,True,27.0,4840,5.6333,3.71
google,1500,10,linear,True,False,10.0,0.4,0.3,0.3,0,0,IE,1,GA,random,10,0.3333333333333333,E26,16.49,95.45,39,2.543076,86.8536,5.457,0.0,0,12.6091,2.0746,84.34,0.0,True,25.5,4840,5.5089,3.7
google,1500,10,linear,True,False,10.0,0.4,0.3,0.3,0,0,IE,1,WOA,carbon,1,0.3333333333333333,E26,16.49,95.45,39,2.5478,86.8291,5.2814,0.0,0,13.0591,2.1512,60.78,0.0,True,27.5,4840,3.3446,2.47
google,1500,10,linear,True,False,10.0,0.4,0.3,0.3,0,0,IE,1,WOA,carbon,2,0.3333333333333333,E26,16.49,95.45,39,2.550077,86.8174,5.1967,0.0,0,13.0591,2.1461,60.643,0.0,True,27.0,4840,3.5573,2.33
google,1500,10,linear,True,False,10.0,0.4,0.3,0.3,0,0,IE,1,WOA,carbon,3,0.3333333333333333,E26,16.49,95.45,39,2.508457,87.0325,6.744,0.0,0,12.8591,2.1229,66.198,0.0,True,26.5,4840,3.2015,2.56
google,1500,10,linear,True,False,10.0,0.4,0.3,0.3,0,0,IE,1,WOA,carbon,4,0.3333333333333333,E26,16.49,95.45,39,2.518106,86.9826,6.3853,0.0,0,12.9091,2.1247,65.001,0.0,True,26.5,4840,3.1732,2.39
google,1500,10,linear,True,False,10.0,0.4,0.3,0.3,0,0,IE,1,WOA,carbon,5,0.3333333333333333,E26,16.49,95.45,39,2.547111,86.8327,5.307,0.0,0,13.0591,2.1679,62.259,0.0,True,26.5,4840,3.2446,2.44
google,1500,10,linear,True,False,10.0,0.4,0.3,0.3,0,0,IE,1,HHO,random,2,0.3333333333333333,E26,16.49,95.45,39,2.590137,86.6103,3.7074,0.0,0,12.8091,2.0904,79.265,0.0,True,24.5,8780,5.297,2.63
google,1500,10,linear,True,False,10.0,0.4,0.3,0.3,0,0,IE,1,HHO,random,3,0.3333333333333333,E26,16.49,95.45,39,2.597904,86.5701,3.4187,0.0,0,12.8591,2.1081,77.048,0.0,True,26.0,8894,4.928,2.63
google,1500,10,linear,True,False,10.0,0.4,0.3,0.3,0,0,IE,1,HHO,random,4,0.3333333333333333,E26,16.49,95.45,39,2.585476,86.6344,3.8808,0.0,0,12.8091,2.1107,75.584,0.0,True,26.0,9094,4.919,2.49
google,1500,10,linear,True,False,10.0,0.4,0.3,0.3,0,0,IE,1,HHO,random,5,0.3333333333333333,E26,16.49,95.45,39,2.598486,86.5671,3.3971,0.0,0,12.8591,2.1212,77.514,0.0,True,25.5,8986,4.849,2.8
google,1500,10,linear,True,False,10.0,0.4,0.3,0.3,0,0,IE,1,HHO,random,6,0.3333333333333333,E26,16.49,95.45,39,2.596611,86.5768,3.4668,0.0,0,12.8591,2.1232,76.797,0.0,True,24.5,8968,5.0689,2.85
google,1500,10,linear,True,False,10.0,0.4,0.3,0.3,0,0,IE,1,HHO,random,7,0.3333333333333333,E26,16.49,95.45,39,2.575419,86.6864,4.2546,0.0,0,12.7591,2.0949,79.267,0.0,True,25.5,8946,5.0995,2.47
google,1500,10,linear,True,False,10.0,0.4,0.3,0.3,0,0,IE,1,HHO,random,8,0.3333333333333333,E26,16.49,95.45,39,2.601385,86.5521,3.2893,0.0,0,12.8591,2.1152,73.542,0.0,True,25.0,8872,4.8431,2.55
google,1500,10,linear,True,False,10.0,0.4,0.3,0.3,0,0,IE,1,HHO,random,9,0.3333333333333333,E26,16.49,95.45,39,2.614272,86.4855,2.8102,0.0,0,12.9591,2.1368,76.741,0.0,True,27.0,8790,4.7729,2.51
google,1500,10,linear,True,False,10.0,0.4,0.3,0.3,0,0,IE,2,FIFO,-,0,0.3333333333333333,E26,16.49,95.45,39,19.792989,0.0,-624.9279,0.0,0,95.9591,15.66,5.308,8.9738,False,24.5,0,0.0,0.0
google,1500,10,linear,True,False,10.0,0.4,0.3,0.3,0,0,IE,2,Consolidation,-,0,0.3333333333333333,E26,16.49,95.45,39,2.730339,86.2055,0.0,0.0,0,13.3091,2.1675,55.842,8.9738,False,24.5,0,0.0,0.0
google,1500,10,linear,True,False,10.0,0.4,0.3,0.3,0,0,IE,2,Greedy(EDF+greenest),-,0,0.3333333333333333,E26,16.49,95.45,39,2.364113,88.0558,13.4132,0.0,0,12.6591,2.1263,68.499,17.8106,False,24.5,0,0.0002,0.0
google,1500,10,linear,True,False,10.0,0.4,0.3,0.3,0,0,IE,2,VCC(Google),-,0,0.3333333333333333,E26,16.49,95.45,39,2.752375,86.0942,-0.8071,0.0,0,13.2591,2.16,62.461,0.0,True,24.5,0,0.0056,0.0
google,1500,10,linear,True,False,10.0,0.4,0.3,0.3,0,0,IE,2,Threshold(WaitAwhile),-,0,0.3333333333333333,E26,16.49,95.45,39,2.382053,87.9652,12.7561,0.0,0,12.7091,2.1338,65.724,17.8106,False,24.5,0,0.0213,0.0
google,1500,10,linear,True,False,10.0,0.4,0.3,0.3,0,0,IE,2,WOA,random,1,0.3333333333333333,E26,16.49,95.45,39,2.63586,86.6829,3.4603,0.0,0,13.0591,2.1724,73.951,0.0,True,28.0,4840,3.2255,2.4
google,1500,10,linear,True,False,10.0,0.4,0.3,0.3,0,0,IE,2,WOA,random,2,0.3333333333333333,E26,16.49,95.45,39,2.620993,86.758,4.0048,0.0,0,12.8091,2.1122,78.288,0.0,True,25.5,4840,3.274,2.59
google,1500,10,linear,True,False,10.0,0.4,0.3,0.3,0,0,IE,2,WOA,random,3,0.3333333333333333,E26,16.49,95.45,39,2.633231,86.6961,3.5566,0.0,0,12.9091,2.1265,79.607,0.0,True,26.0,4840,3.2167,2.55
google,1500,20,linear,True,False,10.0,0.4,0.3,0.3,0,0,IE,1,WOA,random,7,0.3333333333333333,E26,16.49,95.45,39,2.607219,86.522,3.0724,0.0,0,12.9091,2.122,75.051,0.0,True,25.0,4840,3.2235,2.63
google,1500,20,linear,True,False,10.0,0.4,0.3,0.3,0,0,IE,1,WOA,random,8,0.3333333333333333,E26,16.49,95.45,39,2.598026,86.5695,3.4142,0.0,0,12.8591,2.1283,76.991,0.0,True,25.0,4840,3.2297,2.54
google,1500,20,linear,True,False,10.0,0.4,0.3,0.3,0,0,IE,1,WOA,random,9,0.3333333333333333,E26,16.49,95.45,39,2.612041,86.497,2.8931,0.0,0,12.9091,2.1244,72.856,0.0,True,24.5,4840,3.3479,2.61
google,1500,20,linear,True,False,10.0,0.4,0.3,0.3,0,0,IE,1,WOA,random,10,0.3333333333333333,E26,16.49,95.45,39,2.62265,86.4422,2.4988,0.0,0,12.9591,2.1473,74.704,0.0,True,26.0,4840,3.5506,2.7
google,1500,20,linear,True,False,10.0,0.4,0.3,0.3,0,0,IE,1,GWO,random,1,0.3333333333333333,E26,16.49,95.45,39,2.601352,86.5523,3.2905,0.0,0,12.8591,2.1143,82.55,0.0,True,25.5,4840,3.6691,2.52
google,1500,20,linear,True,False,10.0,0.4,0.3,0.3,0,0,IE,1,GWO,random,2,0.3333333333333333,E26,16.49,95.45,39,2.598134,86.5689,3.4102,0.0,0,12.8591,2.1349,81.979,0.0,True,25.0,4840,3.7409,2.59
google,1500,20,linear,True,False,10.0,0.4,0.3,0.3,0,0,IE,1,GWO,random,3,0.3333333333333333,E26,16.49,95.45,39,2.58828,86.6199,3.7765,0.0,0,12.8091,2.1121,81.154,0.0,True,25.5,4840,3.7324,2.62
google,1500,20,linear,True,False,10.0,0.4,0.3,0.3,0,0,IE,1,GWO,random,4,0.3333333333333333,E26,16.49,95.45,39,2.632473,86.3914,2.1336,0.0,0,13.0091,2.1456,77.77,0.0,True,27.0,4840,3.7169,2.28
google,1500,10,linear,True,False,10.0,0.4,0.3,0.3,0,0,IE,1,HHO,random,10,0.3333333333333333,E26,16.49,95.45,39,2.599387,86.5625,3.3636,0.0,0,12.8591,2.1152,72.687,0.0,True,24.5,8942,5.2001,2.49
google,1500,10,linear,True,False,10.0,0.4,0.3,0.3,0,0,IE,1,GA,random,1,0.3333333333333333,E26,16.49,95.45,39,2.536102,86.8896,5.7163,0.0,0,12.5591,2.0761,86.557,0.0,True,25.5,4840,5.6782,3.79
google,1500,10,linear,True,False,10.0,0.4,0.3,0.3,0,0,IE,1,GA,random,2,0.3333333333333333,E26,16.49,95.45,39,2.555718,86.7882,4.9871,0.0,0,12.6591,2.0974,83.178,0.0,True,26.0,4840,5.4926,3.77
google,1500,10,linear,True,False,10.0,0.4,0.3,0.3,0,0,IE,1,GA,random,3,0.3333333333333333,E26,16.49,95.45,39,2.548047,86.8279,5.2722,0.0,0,12.6091,2.0837,84.228,0.0,True,25.5,4840,5.6707,3.9
google,1500,10,linear,True,False,10.0,0.4,0.3,0.3,0,0,IE,1,GA,random,4,0.3333333333333333,E26,16.49,95.45,39,2.542042,86.8589,5.4955,0.0,0,12.6091,2.0774,84.655,0.0,True,25.5,4840,5.8199,3.71
google,1500,10,linear,True,False,10.0,0.4,0.3,0.3,0,0,IE,1,GA,random,5,0.3333333333333333,E26,16.49,95.45,39,2.546873,86.8339,5.3159,0.0,0,12.6091,2.0734,85.541,0.0,True,25.5,4840,5.5305,3.76
google,1500,10,linear,True,False,10.0,0.4,0.3,0.3,0,0,IE,1,GA,random,6,0.3333333333333333,E26,16.49,95.45,39,2.562224,86.7546,4.7452,0.0,0,12.7091,2.0851,81.859,0.0,True,26.0,4840,5.5599,3.58
google,1500,10,linear,True,False,10.0,0.4,0.3,0.3,0,0,IE,1,GA,random,7,0.3333333333333333,E26,16.49,95.45,39,2.545349,86.8418,5.3725,0.0,0,12.6091,2.0826,83.436,0.0,True,25.5,4840,5.5088,3.82
google,1500,20,linear,True,False,10.0,0.4,0.3,0.3,0,0,IE,1,PSO,random,3,0.3333333333333333,E26,16.49,95.45,39,2.605598,86.5304,3.1327,0.0,0,12.9091,2.1488,79.528,0.0,True,26.5,4840,3.4461,4.31
google,1500,20,linear,True,False,10.0,0.4,0.3,0.3,0,0,IE,1,PSO,random,4,0.3333333333333333,E26,16.49,95.45,39,2.619624,86.4578,2.6112,0.0,0,12.9591,2.1379,77.214,0.0,True,28.5,4840,3.6347,4.2
google,1500,20,linear,True,False,10.0,0.4,0.3,0.3,0,0,IE,1,PSO,random,5,0.3333333333333333,E26,16.49,95.45,39,2.603677,86.5403,3.2041,0.0,0,12.9091,2.1271,80.087,0.0,True,27.0,4840,3.2923,4.3
google,1500,20,linear,True,False,10.0,0.4,0.3,0.3,0,0,IE,1,PSO,random,6,0.3333333333333333,E26,16.49,95.45,39,2.617418,86.4692,2.6932,0.0,0,12.9591,2.1471,79.05,0.0,True,26.5,4840,3.2883,4.23
google,1500,20,linear,True,False,10.0,0.4,0.3,0.3,0,0,IE,1,PSO,random,7,0.3333333333333333,E26,16.49,95.45,39,2.626984,86.4198,2.3376,0.0,0,13.0091,2.1387,77.163,0.0,True,27.0,4840,3.3454,4.08
google,1500,20,linear,True,False,10.0,0.4,0.3,0.3,0,0,IE,1,PSO,random,8,0.3333333333333333,E26,16.49,95.45,39,2.605069,86.5331,3.1523,0.0,0,12.9091,2.1304,78.402,0.0,True,27.0,4840,3.3262,4.16
google,1500,20,linear,True,False,10.0,0.4,0.3,0.3,0,0,IE,1,PSO,random,9,0.3333333333333333,E26,16.49,95.45,39,2.585729,86.6331,3.8713,0.0,0,12.8091,2.1263,81.081,0.0,True,26.0,4840,3.2951,4.39
google,1500,20,linear,True,False,10.0,0.4,0.3,0.3,0,0,IE,1,PSO,random,10,0.3333333333333333,E26,16.49,95.45,39,2.611793,86.4983,2.9024,0.0,0,12.9591,2.1717,77.514,0.0,True,26.0,4840,3.3023,4.36
google,1500,20,linear,True,False,10.0,0.4,0.3,0.3,0,0,IE,1,DE,random,1,0.3333333333333333,E26,16.49,95.45,39,2.554241,86.7958,5.0419,0.0,0,12.6591,2.0809,83.958,0.0,True,25.5,4840,3.3438,2.74
google,1500,20,linear,True,False,10.0,0.4,0.3,0.3,0,0,IE,1,DE,random,2,0.3333333333333333,E26,16.49,95.45,39,2.5567,86.7831,4.9505,0.0,0,12.6591,2.0832,83.045,0.0,True,27.5,4840,3.541,2.7
google,1500,20,linear,True,False,10.0,0.4,0.3,0.3,0,0,IE,1,DE,random,3,0.3333333333333333,E26,16.49,95.45,39,2.56254,86.7529,4.7334,0.0,0,12.7091,2.0856,83.552,0.0,True,25.5,4840,3.1945,2.64
google,1500,20,linear,True,False,10.0,0.4,0.3,0.3,0,0,IE,1,DE,random,4,0.3333333333333333,E26,16.49,95.45,39,2.554397,86.795,5.0362,0.0,0,12.6591,2.0963,83.91,0.0,True,25.5,4840,3.2034,2.64
google,1500,20,linear,True,False,10.0,0.4,0.3,0.3,0,0,IE,1,DE,random,5,0.3333333333333333,E26,16.49,95.45,39,2.591187,86.6048,3.6684,0.0,0,12.8091,2.0989,81.655,0.0,True,27.0,4840,3.2524,2.49
google,1500,20,linear,True,False,10.0,0.4,0.3,0.3,0,0,IE,1,DE,random,6,0.3333333333333333,E26,16.49,95.45,39,2.584256,86.6407,3.9261,0.0,0,12.8091,2.1029,81.389,0.0,True,27.0,4840,3.2365,2.63
google,1500,20,linear,True,False,10.0,0.4,0.3,0.3,0,0,IE,1,DE,random,7,0.3333333333333333,E26,16.49,95.45,39,2.534411,86.8984,5.7792,0.0,0,12.5591,2.0672,84.54,0.0,True,25.5,4840,3.198,2.88
google,1500,20,linear,True,False,10.0,0.4,0.3,0.3,0,0,IE,1,DE,random,8,0.3333333333333333,E26,16.49,95.45,39,2.564249,86.7441,4.6699,0.0,0,12.7091,2.1074,82.49,0.0,True,25.5,4840,3.2149,2.67
google,1500,20,linear,True,False,10.0,0.4,0.3,0.3,0,0,IE,1,GWO,random,5,0.3333333333333333,E26,16.49,95.45,39,2.586992,86.6265,3.8244,0.0,0,12.8091,2.1246,81.079,0.0,True,25.5,4840,3.8384,2.56
google,1500,20,linear,True,False,10.0,0.4,0.3,0.3,0,0,IE,1,GWO,random,6,0.3333333333333333,E26,16.49,95.45,39,2.577979,86.6731,4.1595,0.0,0,12.7591,2.1057,82.168,0.0,True,25.0,4840,4.0292,2.59
google,1500,20,linear,True,False,10.0,0.4,0.3,0.3,0,0,IE,1,GWO,random,7,0.3333333333333333,E26,16.49,95.45,39,2.579321,86.6662,4.1096,0.0,0,12.7591,2.1085,81.975,0.0,True,25.5,4840,3.6722,2.7
google,1500,20,linear,True,False,10.0,0.4,0.3,0.3,0,0,IE,1,GWO,random,8,0.3333333333333333,E26,16.49,95.45,39,2.568091,86.7242,4.5271,0.0,0,12.7091,2.0754,82.778,0.0,True,25.5,4840,3.6555,2.92
google,1500,20,linear,True,False,10.0,0.4,0.3,0.3,0,0,IE,1,GWO,random,9,0.3333333333333333,E26,16.49,95.45,39,2.563375,86.7486,4.7024,0.0,0,12.7091,2.101,83.851,0.0,True,25.0,4840,3.7224,2.61
google,1500,20,linear,True,False,10.0,0.4,0.3,0.3,0,0,IE,1,GWO,random,10,0.3333333333333333,E26,16.49,95.45,39,2.575221,86.6874,4.262,0.0,0,12.7591,2.0995,81.413,0.0,True,25.5,4840,3.6956,2.63
google,1500,20,linear,True,False,10.0,0.4,0.3,0.3,0,0,IE,1,PSO,random,1,0.3333333333333333,E26,16.49,95.45,39,2.601389,86.5521,3.2891,0.0,0,12.8591,2.116,81.537,0.0,True,26.0,4840,3.2886,4.3
google,1500,20,linear,True,False,10.0,0.4,0.3,0.3,0,0,IE,1,PSO,random,2,0.3333333333333333,E26,16.49,95.45,39,2.614738,86.4831,2.7929,0.0,0,12.9591,2.1466,79.382,0.0,True,26.0,4840,3.2739,4.23
google,1500,20,linear,True,False,10.0,0.4,0.3,0.3,0,0,IE,1,WOA,carbon,3,0.3333333333333333,E26,16.49,95.45,39,2.389754,87.6462,11.157,0.0,0,12.4091,2.0891,75.236,0.0,True,26.5,4840,3.3632,2.58
google,1500,20,linear,True,False,10.0,0.4,0.3,0.3,0,0,IE,1,WOA,carbon,4,0.3333333333333333,E26,16.49,95.45,39,2.37463,87.7243,11.7193,0.0,0,12.3591,2.0855,79.224,0.0,True,26.0,4840,3.36,2.61
google,1500,20,linear,True,False,10.0,0.4,0.3,0.3,0,0,IE,1,WOA,carbon,5,0.3333333333333333,E26,16.49,95.45,39,2.387672,87.6569,11.2344,0.0,0,12.4091,2.0981,71.222,0.0,True,26.0,4840,3.4722,2.35
google,1500,20,linear,True,False,10.0,0.4,0.3,0.3,0,0,IE,1,WOA,carbon,6,0.3333333333333333,E26,16.49,95.45,39,2.395254,87.6177,10.9526,0.0,0,12.4591,2.1028,72.04,0.0,True,26.0,4840,3.434,2.41
google,1500,20,linear,True,False,10.0,0.4,0.3,0.3,0,0,IE,1,WOA,carbon,7,0.3333333333333333,E26,16.49,95.45,39,2.397642,87.6054,10.8638,0.0,0,12.4591,2.0972,71.857,0.0,True,26.5,4840,3.4225,2.36
google,1500,20,linear,True,False,10.0,0.4,0.3,0.3,0,0,IE,1,WOA,carbon,8,0.3333333333333333,E26,16.49,95.45,39,2.394778,87.6202,10.9703,0.0,0,12.4591,2.1056,71.596,0.0,True,26.0,4840,3.367,2.34
google,1500,20,linear,True,False,10.0,0.4,0.3,0.3,0,0,IE,1,WOA,carbon,9,0.3333333333333333,E26,16.49,95.45,39,2.390455,87.6425,11.131,0.0,0,12.4091,2.0743,76.027,0.0,True,26.5,4840,3.4407,2.46
google,1500,20,linear,True,False,10.0,0.4,0.3,0.3,0,0,IE,1,WOA,carbon,10,0.3333333333333333,E26,16.49,95.45,39,2.393677,87.6259,11.0112,0.0,0,12.4591,2.1056,72.341,0.0,True,26.0,4840,3.4345,2.41
google,1500,20,linear,True,False,10.0,0.4,0.3,0.3,0,0,IE,1,DE,random,9,0.3333333333333333,E26,16.49,95.45,39,2.577032,86.678,4.1947,0.0,0,12.7591,2.1188,81.181,0.0,True,26.0,4840,3.5075,2.53
google,1500,20,linear,True,False,10.0,0.4,0.3,0.3,0,0,IE,1,DE,random,10,0.3333333333333333,E26,16.49,95.45,39,2.532206,86.9097,5.8611,0.0,0,12.5591,2.0747,85.405,0.0,True,25.5,4840,3.1759,2.78
google,1500,20,linear,True,False,10.0,0.4,0.3,0.3,0,0,IE,1,HHO,random,1,0.3333333333333333,E26,16.49,95.45,39,2.584787,86.6379,3.9064,0.0,0,12.7591,2.0948,76.198,0.0,True,25.0,8910,4.8593,2.41
google,1500,20,linear,True,False,10.0,0.4,0.3,0.3,0,0,IE,1,HHO,random,2,0.3333333333333333,E26,16.49,95.45,39,2.588196,86.6203,3.7796,0.0,0,12.8091,2.1042,78.986,0.0,True,25.0,8780,4.7975,2.47
google,1500,20,linear,True,False,10.0,0.4,0.3,0.3,0,0,IE,1,HHO,random,3,0.3333333333333333,E26,16.49,95.45,39,2.598436,86.5674,3.3989,0.0,0,12.8591,2.1169,73.548,0.0,True,24.5,8894,4.825,2.61
google,1500,20,linear,True,False,10.0,0.4,0.3,0.3,0,0,IE,1,HHO,random,4,0.3333333333333333,E26,16.49,95.45,39,2.576072,86.683,4.2303,0.0,0,12.7591,2.0985,78.755,0.0,True,26.0,9094,4.912,2.92
google,1500,20,linear,True,False,10.0,0.4,0.3,0.3,0,0,IE,1,HHO,random,5,0.3333333333333333,E26,16.49,95.45,39,2.589308,86.6146,3.7383,0.0,0,12.8091,2.1132,77.597,0.0,True,25.5,8986,4.8917,2.65
google,1500,20,linear,True,False,10.0,0.4,0.3,0.3,0,0,IE,1,HHO,random,6,0.3333333333333333,E26,16.49,95.45,39,2.5803,86.6611,4.0731,0.0,0,12.7591,2.1069,79.178,0.0,True,25.0,8968,4.8604,2.69
google,1500,10,linear,True,False,10.0,0.4,0.3,0.3,0,0,IE,2,WOA,random,4,0.3333333333333333,E26,16.49,95.45,39,2.625943,86.733,3.8236,0.0,0,12.9091,2.1311,79.024,0.0,True,27.0,4840,3.2089,2.62
google,1500,10,linear,True,False,10.0,0.4,0.3,0.3,0,0,IE,2,WOA,random,5,0.3333333333333333,E26,16.49,95.45,39,2.630731,86.7088,3.6482,0.0,0,12.9591,2.1289,77.007,0.0,True,28.0,4840,3.2236,2.5
google,1500,10,linear,True,False,10.0,0.4,0.3,0.3,0,0,IE,2,WOA,random,6,0.3333333333333333,E26,16.49,95.45,39,2.65507,86.5858,2.7568,0.0,0,13.0591,2.1639,73.238,0.0,True,25.5,4840,3.1837,2.34
google,1500,10,linear,True,False,10.0,0.4,0.3,0.3,0,0,IE,2,WOA,random,7,0.3333333333333333,E26,16.49,95.45,39,2.628563,86.7197,3.7276,0.0,0,12.9591,2.17,77.585,0.0,True,26.5,4840,3.1963,2.63
google,1500,10,linear,True,False,10.0,0.4,0.3,0.3,0,0,IE,2,WOA,random,8,0.3333333333333333,E26,16.49,95.45,39,2.633741,86.6936,3.5379,0.0,0,12.9591,2.1443,77.298,0.0,True,28.0,4840,3.2001,2.46
google,1500,10,linear,True,False,10.0,0.4,0.3,0.3,0,0,IE,2,WOA,random,9,0.3333333333333333,E26,16.49,95.45,39,2.607393,86.8267,4.503,0.0,0,12.7091,2.0926,81.248,0.0,True,26.0,4840,3.2171,2.58
google,1500,10,linear,True,False,10.0,0.4,0.3,0.3,0,0,IE,2,WOA,random,10,0.3333333333333333,E26,16.49,95.45,39,2.630594,86.7095,3.6532,0.0,0,12.9091,2.1227,74.673,0.0,True,26.0,4840,3.2107,2.41
google,1500,10,linear,True,False,10.0,0.4,0.3,0.3,0,0,IE,2,GWO,random,1,0.3333333333333333,E26,16.49,95.45,39,2.603449,86.8466,4.6474,0.0,0,12.8591,2.1212,80.416,0.0,True,28.0,4840,3.678,2.4
google,1500,10,linear,True,False,10.0,0.4,0.3,0.3,0,0,IE,2,WOA,carbon,8,0.3333333333333333,E26,16.49,95.45,39,2.547467,87.1294,6.6978,0.0,0,12.7091,2.0608,80.885,0.0,True,25.5,4840,3.4014,2.64
google,1500,10,linear,True,False,10.0,0.4,0.3,0.3,0,0,IE,2,WOA,carbon,9,0.3333333333333333,E26,16.49,95.45,39,2.61112,86.8079,4.3665,0.0,0,12.9591,2.1341,77.56,0.0,True,25.5,4840,3.394,2.47
google,1500,10,linear,True,False,10.0,0.4,0.3,0.3,0,0,IE,2,WOA,carbon,10,0.3333333333333333,E26,16.49,95.45,39,2.59415,86.8936,4.988,0.0,0,12.9091,2.1321,76.934,0.0,True,25.5,4840,3.3616,2.81
google,1500,20,linear,True,False,10.0,0.4,0.3,0.3,0,0,IE,2,FIFO,-,0,0.3333333333333333,E26,16.49,95.45,39,19.792989,0.0,-624.9279,0.0,0,95.9591,15.66,5.308,0.0,True,24.5,0,0.0,0.0
google,1500,20,linear,True,False,10.0,0.4,0.3,0.3,0,0,IE,2,Consolidation,-,0,0.3333333333333333,E26,16.49,95.45,39,2.730339,86.2055,0.0,0.0,0,13.3091,2.1675,55.842,0.0,True,24.5,0,0.0,0.0
google,1500,20,linear,True,False,10.0,0.4,0.3,0.3,0,0,IE,2,Greedy(EDF+greenest),-,0,0.3333333333333333,E26,16.49,95.45,39,2.364113,88.0558,13.4132,0.0,0,12.6591,2.1263,68.499,0.0,True,24.5,0,0.0002,0.0
google,1500,20,linear,True,False,10.0,0.4,0.3,0.3,0,0,IE,2,VCC(Google),-,0,0.3333333333333333,E26,16.49,95.45,39,2.751121,86.1005,-0.7611,0.0,0,13.3591,2.175,56.717,0.0,True,24.5,0,0.0049,0.0
google,1500,20,linear,True,False,10.0,0.4,0.3,0.3,0,0,IE,2,Threshold(WaitAwhile),-,0,0.3333333333333333,E26,16.49,95.45,39,2.382053,87.9652,12.7561,0.0,0,12.7091,2.1338,65.724,0.0,True,24.5,0,0.0218,0.0
google,1500,10,linear,True,False,10.0,0.4,0.3,0.3,0,0,IE,2,GWO,random,10,0.3333333333333333,E26,16.49,95.45,39,2.640797,86.6579,3.2795,0.0,0,13.0091,2.1524,78.114,0.0,True,26.5,4840,3.72,2.32
google,1500,10,linear,True,False,10.0,0.4,0.3,0.3,0,0,IE,2,PSO,random,1,0.3333333333333333,E26,16.49,95.45,39,2.621923,86.7533,3.9708,0.0,0,12.9591,2.1432,77.629,0.0,True,28.5,4840,3.2947,4.15
google,1500,10,linear,True,False,10.0,0.4,0.3,0.3,0,0,IE,2,PSO,random,2,0.3333333333333333,E26,16.49,95.45,39,2.625426,86.7356,3.8425,0.0,0,12.9591,2.1546,79.373,0.0,True,26.5,4840,3.3064,4.23
google,1500,10,linear,True,False,10.0,0.4,0.3,0.3,0,0,IE,2,PSO,random,3,0.3333333333333333,E26,16.49,95.45,39,2.636087,86.6817,3.452,0.0,0,13.0091,2.1434,76.698,0.0,True,26.5,4840,3.3126,4.23
google,1500,10,linear,True,False,10.0,0.4,0.3,0.3,0,0,IE,2,PSO,random,4,0.3333333333333333,E26,16.49,95.45,39,2.633366,86.6955,3.5517,0.0,0,12.9591,2.143,77.841,0.0,True,27.0,4840,3.3205,4.1
google,1500,10,linear,True,False,10.0,0.4,0.3,0.3,0,0,IE,2,PSO,random,5,0.3333333333333333,E26,16.49,95.45,39,2.644895,86.6372,3.1294,0.0,0,12.9591,2.1392,79.699,0.0,True,26.5,4840,3.3034,4.29
google,1500,10,linear,True,False,10.0,0.4,0.3,0.3,0,0,IE,2,PSO,random,6,0.3333333333333333,E26,16.49,95.45,39,2.625933,86.733,3.8239,0.0,0,12.9591,2.134,78.208,0.0,True,26.5,4840,3.2957,4.04
google,1500,10,linear,True,False,10.0,0.4,0.3,0.3,0,0,IE,2,PSO,random,7,0.3333333333333333,E26,16.49,95.45,39,2.629264,86.7162,3.7019,0.0,0,12.9591,2.1432,78.663,0.0,True,26.5,4840,3.305,4.29
google,1500,20,linear,True,False,10.0,0.4,0.3,0.3,0,0,IE,1,GA,random,5,0.3333333333333333,E26,16.49,95.45,39,2.546873,86.8339,5.3159,0.0,0,12.6091,2.0734,85.541,0.0,True,25.5,4840,6.2475,3.76
google,1500,20,linear,True,False,10.0,0.4,0.3,0.3,0,0,IE,1,GA,random,6,0.3333333333333333,E26,16.49,95.45,39,2.562224,86.7546,4.7452,0.0,0,12.7091,2.0851,81.859,0.0,True,26.0,4840,5.9314,3.58
google,1500,20,linear,True,False,10.0,0.4,0.3,0.3,0,0,IE,1,GA,random,7,0.3333333333333333,E26,16.49,95.45,39,2.545349,86.8418,5.3725,0.0,0,12.6091,2.0826,83.436,0.0,True,25.5,4840,5.9278,3.82
google,1500,20,linear,True,False,10.0,0.4,0.3,0.3,0,0,IE,1,GA,random,8,0.3333333333333333,E26,16.49,95.45,39,2.545561,86.8407,5.3646,0.0,0,12.6091,2.0888,84.861,0.0,True,25.5,4840,5.8993,3.76
google,1500,20,linear,True,False,10.0,0.4,0.3,0.3,0,0,IE,1,GA,random,9,0.3333333333333333,E26,16.49,95.45,39,2.563142,86.7498,4.711,0.0,0,12.7091,2.0982,82.201,0.0,True,27.0,4840,5.9544,3.71
google,1500,20,linear,True,False,10.0,0.4,0.3,0.3,0,0,IE,1,GA,random,10,0.3333333333333333,E26,16.49,95.45,39,2.543076,86.8536,5.457,0.0,0,12.6091,2.0746,84.34,0.0,True,25.5,4840,5.9529,3.7
google,1500,20,linear,True,False,10.0,0.4,0.3,0.3,0,0,IE,1,WOA,carbon,1,0.3333333333333333,E26,16.49,95.45,39,2.394028,87.6241,10.9981,0.0,0,12.4591,2.1056,71.389,0.0,True,26.0,4840,3.4124,2.32
google,1500,20,linear,True,False,10.0,0.4,0.3,0.3,0,0,IE,1,WOA,carbon,2,0.3333333333333333,E26,16.49,95.45,39,2.385625,87.6675,11.3105,0.0,0,12.4091,2.0936,72.318,0.0,True,26.0,4840,3.4597,2.34
google,1500,10,linear,True,False,10.0,0.4,0.3,0.3,0,0,IE,2,PSO,random,8,0.3333333333333333,E26,16.49,95.45,39,2.619646,86.7648,4.0542,0.0,0,12.9091,2.1081,79.946,0.0,True,26.5,4840,3.3131,4.32
google,1500,10,linear,True,False,10.0,0.4,0.3,0.3,0,0,IE,2,PSO,random,9,0.3333333333333333,E26,16.49,95.45,39,2.625635,86.7345,3.8348,0.0,0,12.9591,2.1351,78.407,0.0,True,27.0,4840,3.2937,4.27
google,1500,10,linear,True,False,10.0,0.4,0.3,0.3,0,0,IE,2,PSO,random,10,0.3333333333333333,E26,16.49,95.45,39,2.633715,86.6937,3.5389,0.0,0,13.0091,2.1479,77.759,0.0,True,26.5,4840,3.3101,4.19
google,1500,10,linear,True,False,10.0,0.4,0.3,0.3,0,0,IE,2,DE,random,1,0.3333333333333333,E26,16.49,95.45,39,2.563674,87.0476,6.1042,0.0,0,12.6591,2.0871,84.808,0.0,True,25.5,4840,3.2152,2.72
google,1500,10,linear,True,False,10.0,0.4,0.3,0.3,0,0,IE,2,DE,random,2,0.3333333333333333,E26,16.49,95.45,39,2.593946,86.8946,4.9955,0.0,0,12.8091,2.1075,81.211,0.0,True,27.5,4840,3.193,2.52
google,1500,10,linear,True,False,10.0,0.4,0.3,0.3,0,0,IE,2,DE,random,3,0.3333333333333333,E26,16.49,95.45,39,2.611564,86.8056,4.3502,0.0,0,12.8591,2.1413,78.562,0.0,True,26.5,4840,3.205,2.55
google,1500,10,linear,True,False,10.0,0.4,0.3,0.3,0,0,IE,2,DE,random,4,0.3333333333333333,E26,16.49,95.45,39,2.541708,87.1585,6.9087,0.0,0,12.5591,2.0626,84.36,0.0,True,26.0,4840,3.2139,3.13
google,1500,10,linear,True,False,10.0,0.4,0.3,0.3,0,0,IE,2,DE,random,5,0.3333333333333333,E26,16.49,95.45,39,2.588543,86.9219,5.1933,0.0,0,12.7591,2.1051,80.998,0.0,True,27.0,4840,3.208,2.79
google,1500,10,linear,True,False,10.0,0.4,0.3,0.3,0,0,IE,2,GWO,random,2,0.3333333333333333,E26,16.49,95.45,39,2.614296,86.7918,4.2501,0.0,0,12.8591,2.1162,80.759,0.0,True,26.0,4840,3.697,2.44
google,1500,10,linear,True,False,10.0,0.4,0.3,0.3,0,0,IE,2,GWO,random,3,0.3333333333333333,E26,16.49,95.45,39,2.617145,86.7774,4.1458,0.0,0,12.9091,2.1248,78.741,0.0,True,26.0,4840,3.6765,2.42
google,1500,10,linear,True,False,10.0,0.4,0.3,0.3,0,0,IE,2,GWO,random,4,0.3333333333333333,E26,16.49,95.45,39,2.630165,86.7116,3.6689,0.0,0,12.9091,2.1454,79.145,0.0,True,27.5,4840,3.6947,2.47
google,1500,10,linear,True,False,10.0,0.4,0.3,0.3,0,0,IE,2,GWO,random,5,0.3333333333333333,E26,16.49,95.45,39,2.629916,86.7129,3.678,0.0,0,13.0091,2.1347,77.528,0.0,True,27.5,4840,3.6951,2.38
google,1500,10,linear,True,False,10.0,0.4,0.3,0.3,0,0,IE,2,GWO,random,6,0.3333333333333333,E26,16.49,95.45,39,2.624485,86.7403,3.877,0.0,0,12.9591,2.1454,78.426,0.0,True,27.0,4840,3.6931,2.46
google,1500,10,linear,True,False,10.0,0.4,0.3,0.3,0,0,IE,2,GWO,random,7,0.3333333333333333,E26,16.49,95.45,39,2.636505,86.6796,3.4367,0.0,0,12.9591,2.1334,78.713,0.0,True,27.5,4840,3.6846,2.38
google,1500,10,linear,True,False,10.0,0.4,0.3,0.3,0,0,IE,2,GWO,random,8,0.3333333333333333,E26,16.49,95.45,39,2.643576,86.6439,3.1778,0.0,0,13.0091,2.1507,77.045,0.0,True,27.0,4840,3.6902,2.32
google,1500,10,linear,True,False,10.0,0.4,0.3,0.3,0,0,IE,2,GWO,random,9,0.3333333333333333,E26,16.49,95.45,39,2.581159,86.9592,5.4638,0.0,0,12.7091,2.0994,81.886,0.0,True,25.5,4840,3.7136,2.73
google,1500,20,linear,True,False,10.0,0.4,0.3,0.3,0,0,IE,1,HHO,random,7,0.3333333333333333,E26,16.49,95.45,39,2.607852,86.5187,3.0489,0.0,0,12.9091,2.1238,74.297,0.0,True,25.0,8946,5.5299,2.55
google,1500,20,linear,True,False,10.0,0.4,0.3,0.3,0,0,IE,1,HHO,random,8,0.3333333333333333,E26,16.49,95.45,39,2.606865,86.5238,3.0856,0.0,0,12.9091,2.1272,76.507,0.0,True,26.0,8872,5.1771,2.81
google,1500,20,linear,True,False,10.0,0.4,0.3,0.3,0,0,IE,1,HHO,random,9,0.3333333333333333,E26,16.49,95.45,39,2.637077,86.3676,1.9624,0.0,0,13.0591,2.1512,63.508,0.0,True,24.5,8790,5.1836,2.52
google,1500,20,linear,True,False,10.0,0.4,0.3,0.3,0,0,IE,1,HHO,random,10,0.3333333333333333,E26,16.49,95.45,39,2.606756,86.5244,3.0896,0.0,0,12.9091,2.1197,77.423,0.0,True,25.5,8942,5.1799,2.49
google,1500,20,linear,True,False,10.0,0.4,0.3,0.3,0,0,IE,1,GA,random,1,0.3333333333333333,E26,16.49,95.45,39,2.536102,86.8896,5.7163,0.0,0,12.5591,2.0761,86.557,0.0,True,25.5,4840,6.0305,3.79
google,1500,20,linear,True,False,10.0,0.4,0.3,0.3,0,0,IE,1,GA,random,2,0.3333333333333333,E26,16.49,95.45,39,2.555718,86.7882,4.9871,0.0,0,12.6591,2.0974,83.178,0.0,True,26.0,4840,6.0537,3.77
google,1500,20,linear,True,False,10.0,0.4,0.3,0.3,0,0,IE,1,GA,random,3,0.3333333333333333,E26,16.49,95.45,39,2.548047,86.8279,5.2722,0.0,0,12.6091,2.0837,84.228,0.0,True,25.5,4840,6.0407,3.9
google,1500,20,linear,True,False,10.0,0.4,0.3,0.3,0,0,IE,1,GA,random,4,0.3333333333333333,E26,16.49,95.45,39,2.542042,86.8589,5.4955,0.0,0,12.6091,2.0774,84.655,0.0,True,25.5,4840,6.0832,3.71
google,1500,10,linear,True,False,10.0,0.4,0.3,0.3,0,0,IE,2,GA,random,10,0.3333333333333333,E26,16.49,95.45,39,2.565797,87.0368,6.0264,0.0,0,12.6091,2.0603,84.544,0.0,True,25.5,4840,5.5605,3.83
google,1500,10,linear,True,False,10.0,0.4,0.3,0.3,0,0,IE,2,WOA,carbon,1,0.3333333333333333,E26,16.49,95.45,39,2.545498,87.1394,6.7699,0.0,0,12.9591,2.1357,76.889,0.0,True,26.0,4840,3.1781,2.55
google,1500,10,linear,True,False,10.0,0.4,0.3,0.3,0,0,IE,2,WOA,carbon,2,0.3333333333333333,E26,16.49,95.45,39,2.579405,86.9681,5.528,0.0,0,13.0091,2.142,73.37,0.0,True,26.0,4840,3.1701,2.5
google,1500,10,linear,True,False,10.0,0.4,0.3,0.3,0,0,IE,2,WOA,carbon,3,0.3333333333333333,E26,16.49,95.45,39,2.531256,87.2114,7.2915,0.0,0,13.0591,2.1434,68.207,0.0,True,26.5,4840,3.165,2.56
google,1500,10,linear,True,False,10.0,0.4,0.3,0.3,0,0,IE,2,WOA,carbon,4,0.3333333333333333,E26,16.49,95.45,39,2.596999,86.8792,4.8836,0.0,0,12.9591,2.1422,72.862,0.0,True,25.5,4840,3.1802,2.43
google,1500,10,linear,True,False,10.0,0.4,0.3,0.3,0,0,IE,2,WOA,carbon,5,0.3333333333333333,E26,16.49,95.45,39,2.608813,86.8195,4.451,0.0,0,12.9091,2.1347,77.952,0.0,True,25.5,4840,3.2179,2.62
google,1500,10,linear,True,False,10.0,0.4,0.3,0.3,0,0,IE,2,WOA,carbon,6,0.3333333333333333,E26,16.49,95.45,39,2.597578,86.8763,4.8624,0.0,0,12.9091,2.1311,77.659,0.0,True,26.0,4840,3.1844,2.52
google,1500,10,linear,True,False,10.0,0.4,0.3,0.3,0,0,IE,2,WOA,carbon,7,0.3333333333333333,E26,16.49,95.45,39,2.579137,86.9694,5.5379,0.0,0,12.9091,2.1345,75.232,0.0,True,26.0,4840,3.2118,2.8
google,1500,10,linear,True,False,10.0,0.4,0.3,0.3,0,0,IE,2,DE,random,6,0.3333333333333333,E26,16.49,95.45,39,2.603238,86.8477,4.6551,0.0,0,12.8091,2.1212,81.61,0.0,True,26.5,4840,3.1916,2.58
google,1500,10,linear,True,False,10.0,0.4,0.3,0.3,0,0,IE,2,DE,random,7,0.3333333333333333,E26,16.49,95.45,39,2.590526,86.9119,5.1207,0.0,0,12.7591,2.1113,81.888,0.0,True,26.5,4840,3.2089,2.64
google,1500,10,linear,True,False,10.0,0.4,0.3,0.3,0,0,IE,2,DE,random,8,0.3333333333333333,E26,16.49,95.45,39,2.617994,86.7731,4.1147,0.0,0,12.8591,2.1218,80.876,0.0,True,26.5,4840,3.1991,2.51
google,1500,10,linear,True,False,10.0,0.4,0.3,0.3,0,0,IE,2,DE,random,9,0.3333333333333333,E26,16.49,95.45,39,2.589092,86.9191,5.1732,0.0,0,12.7591,2.0926,80.435,0.0,True,26.5,4840,3.1801,2.68
google,1500,10,linear,True,False,10.0,0.4,0.3,0.3,0,0,IE,2,DE,random,10,0.3333333333333333,E26,16.49,95.45,39,2.579228,86.969,5.5345,0.0,0,12.6591,2.0866,85.117,0.0,True,25.5,4840,3.1783,2.49
google,1500,10,linear,True,False,10.0,0.4,0.3,0.3,0,0,IE,2,HHO,random,1,0.3333333333333333,E26,16.49,95.45,39,2.610132,86.8128,4.4027,0.0,0,12.8591,2.1219,76.9,0.0,True,26.5,8910,4.8287,2.46
google,1500,10,linear,True,False,10.0,0.4,0.3,0.3,0,0,IE,2,HHO,random,2,0.3333333333333333,E26,16.49,95.45,39,2.605613,86.8357,4.5681,0.0,0,12.7591,2.103,80.77,0.0,True,25.0,8780,4.8065,2.63
google,1500,10,linear,True,False,10.0,0.4,0.3,0.3,0,0,IE,2,HHO,random,3,0.3333333333333333,E26,16.49,95.45,39,2.632951,86.6976,3.5669,0.0,0,12.9091,2.1209,76.638,0.0,True,26.0,8894,4.8787,2.62
google,1500,20,linear,True,False,10.0,0.4,0.3,0.3,0,0,IE,2,WOA,random,1,0.3333333333333333,E26,16.49,95.45,39,2.631404,86.7054,3.6236,0.0,0,13.0091,2.1586,74.969,0.0,True,28.0,4840,3.2042,2.57
google,1500,20,linear,True,False,10.0,0.4,0.3,0.3,0,0,IE,2,WOA,random,2,0.3333333333333333,E26,16.49,95.45,39,2.636566,86.6793,3.4345,0.0,0,13.0091,2.1535,75.095,0.0,True,28.0,4840,3.2043,2.57
google,1500,20,linear,True,False,10.0,0.4,0.3,0.3,0,0,IE,2,WOA,random,3,0.3333333333333333,E26,16.49,95.45,39,2.640187,86.661,3.3019,0.0,0,12.9591,2.1398,78.433,0.0,True,26.0,4840,3.2044,2.41
google,1500,20,linear,True,False,10.0,0.4,0.3,0.3,0,0,IE,2,WOA,random,4,0.3333333333333333,E26,16.49,95.45,39,2.640518,86.6593,3.2897,0.0,0,13.0091,2.146,76.125,0.0,True,27.0,4840,3.2616,2.88
google,1500,20,linear,True,False,10.0,0.4,0.3,0.3,0,0,IE,2,WOA,random,5,0.3333333333333333,E26,16.49,95.45,39,2.628311,86.721,3.7368,0.0,0,12.9591,2.1186,75.592,0.0,True,27.5,4840,3.279,2.57
google,1500,20,linear,True,False,10.0,0.4,0.3,0.3,0,0,IE,2,WOA,random,6,0.3333333333333333,E26,16.49,95.45,39,2.604542,86.8411,4.6074,0.0,0,12.8591,2.1225,78.396,0.0,True,27.0,4840,3.2247,2.71
google,1500,20,linear,True,False,10.0,0.4,0.3,0.3,0,0,IE,2,WOA,random,7,0.3333333333333333,E26,16.49,95.45,39,2.639498,86.6645,3.3271,0.0,0,13.0091,2.1781,76.593,0.0,True,26.5,4840,3.2403,2.59
google,1500,20,linear,True,False,10.0,0.4,0.3,0.3,0,0,IE,2,WOA,random,8,0.3333333333333333,E26,16.49,95.45,39,2.608694,86.8201,4.4553,0.0,0,12.8091,2.1366,77.366,0.0,True,25.5,4840,3.2453,2.41
google,1500,10,linear,True,False,10.0,0.4,0.3,0.3,0,0,IE,2,HHO,random,4,0.3333333333333333,E26,16.49,95.45,39,2.616644,86.7799,4.1641,0.0,0,12.9091,2.1349,75.648,0.0,True,27.0,9094,4.9983,2.73
google,1500,10,linear,True,False,10.0,0.4,0.3,0.3,0,0,IE,2,HHO,random,5,0.3333333333333333,E26,16.49,95.45,39,2.623929,86.7431,3.8973,0.0,0,12.8591,2.119,76.034,0.0,True,25.5,8986,4.8844,2.76
google,1500,10,linear,True,False,10.0,0.4,0.3,0.3,0,0,IE,2,HHO,random,6,0.3333333333333333,E26,16.49,95.45,39,2.617867,86.7738,4.1193,0.0,0,12.8091,2.1135,77.685,0.0,True,24.5,8968,4.8709,2.55
google,1500,10,linear,True,False,10.0,0.4,0.3,0.3,0,0,IE,2,HHO,random,7,0.3333333333333333,E26,16.49,95.45,39,2.605334,86.8371,4.5784,0.0,0,12.8591,2.1422,77.084,0.0,True,27.0,8946,4.8809,2.57
google,1500,10,linear,True,False,10.0,0.4,0.3,0.3,0,0,IE,2,HHO,random,8,0.3333333333333333,E26,16.49,95.45,39,2.611274,86.8071,4.3608,0.0,0,12.9091,2.1452,76.05,0.0,True,27.0,8872,4.8745,2.62
google,1500,10,linear,True,False,10.0,0.4,0.3,0.3,0,0,IE,2,HHO,random,9,0.3333333333333333,E26,16.49,95.45,39,2.624848,86.7385,3.8637,0.0,0,12.8591,2.1249,75.558,0.0,True,24.5,8790,4.857,2.68
google,1500,10,linear,True,False,10.0,0.4,0.3,0.3,0,0,IE,2,HHO,random,10,0.3333333333333333,E26,16.49,95.45,39,2.616008,86.7832,4.1874,0.0,0,12.8591,2.1293,80.205,0.0,True,26.5,8942,4.8915,2.59
google,1500,10,linear,True,False,10.0,0.4,0.3,0.3,0,0,IE,2,GA,random,1,0.3333333333333333,E26,16.49,95.45,39,2.564211,87.0449,6.0845,0.0,0,12.5591,2.0517,86.598,0.0,True,25.0,4840,5.6278,3.69
google,1500,20,linear,True,False,10.0,0.4,0.3,0.3,0,0,IE,2,WOA,random,9,0.3333333333333333,E26,16.49,95.45,39,2.625081,86.7373,3.8551,0.0,0,12.8591,2.1229,79.183,0.0,True,26.5,4840,3.2127,2.66
google,1500,20,linear,True,False,10.0,0.4,0.3,0.3,0,0,IE,2,WOA,random,10,0.3333333333333333,E26,16.49,95.45,39,2.62033,86.7613,4.0291,0.0,0,12.8591,2.1077,76.008,0.0,True,27.0,4840,3.197,2.61
google,1500,20,linear,True,False,10.0,0.4,0.3,0.3,0,0,IE,2,GWO,random,1,0.3333333333333333,E26,16.49,95.45,39,2.603449,86.8466,4.6474,0.0,0,12.8591,2.1212,80.416,0.0,True,28.0,4840,3.7193,2.4
google,1500,20,linear,True,False,10.0,0.4,0.3,0.3,0,0,IE,2,GWO,random,2,0.3333333333333333,E26,16.49,95.45,39,2.614296,86.7918,4.2501,0.0,0,12.8591,2.1162,80.759,0.0,True,26.0,4840,3.7225,2.43
google,1500,20,linear,True,False,10.0,0.4,0.3,0.3,0,0,IE,2,GWO,random,3,0.3333333333333333,E26,16.49,95.45,39,2.617145,86.7774,4.1458,0.0,0,12.9091,2.1248,78.741,0.0,True,26.0,4840,3.7146,2.42
google,1500,20,linear,True,False,10.0,0.4,0.3,0.3,0,0,IE,2,GWO,random,4,0.3333333333333333,E26,16.49,95.45,39,2.630165,86.7116,3.6689,0.0,0,12.9091,2.1454,79.145,0.0,True,27.5,4840,3.7217,2.47
google,1500,20,linear,True,False,10.0,0.4,0.3,0.3,0,0,IE,2,GWO,random,5,0.3333333333333333,E26,16.49,95.45,39,2.629916,86.7129,3.678,0.0,0,13.0091,2.1347,77.528,0.0,True,27.5,4840,3.7091,2.38
google,1500,20,linear,True,False,10.0,0.4,0.3,0.3,0,0,IE,2,GWO,random,6,0.3333333333333333,E26,16.49,95.45,39,2.624485,86.7403,3.877,0.0,0,12.9591,2.1454,78.426,0.0,True,27.0,4840,3.7152,2.46
google,1500,10,linear,True,False,10.0,0.4,0.3,0.3,0,0,IE,2,GA,random,2,0.3333333333333333,E26,16.49,95.45,39,2.568873,87.0213,5.9138,0.0,0,12.6091,2.0609,84.927,0.0,True,25.5,4840,5.6243,3.61
google,1500,10,linear,True,False,10.0,0.4,0.3,0.3,0,0,IE,2,GA,random,3,0.3333333333333333,E26,16.49,95.45,39,2.562671,87.0526,6.1409,0.0,0,12.6091,2.0905,84.309,0.0,True,25.5,4840,5.5914,3.77
google,1500,10,linear,True,False,10.0,0.4,0.3,0.3,0,0,IE,2,GA,random,4,0.3333333333333333,E26,16.49,95.45,39,2.569848,87.0164,5.8781,0.0,0,12.6091,2.0871,84.339,0.0,True,25.5,4840,5.5734,3.68
google,1500,10,linear,True,False,10.0,0.4,0.3,0.3,0,0,IE,2,GA,random,5,0.3333333333333333,E26,16.49,95.45,39,2.55567,87.088,6.3974,0.0,0,12.6091,2.0637,83.918,0.0,True,27.0,4840,5.613,3.74
google,1500,10,linear,True,False,10.0,0.4,0.3,0.3,0,0,IE,2,GA,random,6,0.3333333333333333,E26,16.49,95.45,39,2.556366,87.0845,6.3719,0.0,0,12.5591,2.0621,85.654,0.0,True,25.5,4840,5.6274,3.58
google,1500,10,linear,True,False,10.0,0.4,0.3,0.3,0,0,IE,2,GA,random,7,0.3333333333333333,E26,16.49,95.45,39,2.5718,87.0065,5.8066,0.0,0,12.6591,2.0889,83.714,0.0,True,26.0,4840,5.6336,3.62
google,1500,10,linear,True,False,10.0,0.4,0.3,0.3,0,0,IE,2,GA,random,8,0.3333333333333333,E26,16.49,95.45,39,2.568725,87.022,5.9192,0.0,0,12.6591,2.0866,83.973,0.0,True,26.5,4840,5.6199,3.8
google,1500,10,linear,True,False,10.0,0.4,0.3,0.3,0,0,IE,2,GA,random,9,0.3333333333333333,E26,16.49,95.45,39,2.569244,87.0194,5.9002,0.0,0,12.6591,2.086,82.956,0.0,True,26.0,4840,5.6227,3.76
google,1500,10,linear,True,False,10.0,0.4,0.3,0.3,0,0,IE,3,Greedy(EDF+greenest),-,0,0.3333333333333333,E26,16.49,95.45,39,2.592065,88.018,13.4324,0.0,0,12.6591,2.0978,67.965,10.4129,False,25.5,0,0.0002,0.0
google,1500,10,linear,True,False,10.0,0.4,0.3,0.3,0,0,IE,3,VCC(Google),-,0,0.3333333333333333,E26,16.49,95.45,39,3.053359,85.8857,-1.9735,0.0,0,13.3091,2.1675,62.314,0.0,True,24.5,0,0.0059,0.0
google,1500,10,linear,True,False,10.0,0.4,0.3,0.3,0,0,IE,3,Threshold(WaitAwhile),-,0,0.3333333333333333,E26,16.49,95.45,39,2.592065,88.018,13.4324,0.0,0,12.6591,2.0978,67.965,10.4129,False,25.5,0,0.0216,0.0
google,1500,10,linear,True,False,10.0,0.4,0.3,0.3,0,0,IE,3,WOA,random,1,0.3333333333333333,E26,16.49,95.45,39,2.872828,86.7202,4.0557,0.0,0,12.9591,2.1443,77.461,0.0,True,27.0,4840,3.2367,2.57
google,1500,10,linear,True,False,10.0,0.4,0.3,0.3,0,0,IE,3,WOA,random,2,0.3333333333333333,E26,16.49,95.45,39,2.857186,86.7925,4.5781,0.0,0,12.9591,2.1396,75.283,0.0,True,28.0,4840,3.2092,2.46
google,1500,10,linear,True,False,10.0,0.4,0.3,0.3,0,0,IE,3,WOA,random,3,0.3333333333333333,E26,16.49,95.45,39,2.875928,86.7059,3.9522,0.0,0,13.0091,2.1426,73.026,0.0,True,28.5,4840,3.2115,2.5
google,1500,10,linear,True,False,10.0,0.4,0.3,0.3,0,0,IE,3,WOA,random,4,0.3333333333333333,E26,16.49,95.45,39,2.899214,86.5982,3.1745,0.0,0,13.1091,2.1593,72.59,0.0,True,28.0,4840,3.2099,2.56
google,1500,10,linear,True,False,10.0,0.4,0.3,0.3,0,0,IE,3,WOA,random,5,0.3333333333333333,E26,16.49,95.45,39,2.882341,86.6762,3.738,0.0,0,13.0091,2.1261,75.721,0.0,True,28.0,4840,3.2377,2.39
google,1500,20,linear,True,False,10.0,0.4,0.3,0.3,0,0,IE,2,PSO,random,5,0.3333333333333333,E26,16.49,95.45,39,2.644895,86.6372,3.1294,0.0,0,12.9591,2.1392,79.699,0.0,True,26.5,4840,3.3471,4.29
google,1500,20,linear,True,False,10.0,0.4,0.3,0.3,0,0,IE,2,PSO,random,6,0.3333333333333333,E26,16.49,95.45,39,2.625933,86.733,3.8239,0.0,0,12.9591,2.134,78.208,0.0,True,26.5,4840,3.3209,4.04
google,1500,20,linear,True,False,10.0,0.4,0.3,0.3,0,0,IE,2,PSO,random,7,0.3333333333333333,E26,16.49,95.45,39,2.629264,86.7162,3.7019,0.0,0,12.9591,2.1432,78.663,0.0,True,26.5,4840,3.3247,4.29
google,1500,20,linear,True,False,10.0,0.4,0.3,0.3,0,0,IE,2,PSO,random,8,0.3333333333333333,E26,16.49,95.45,39,2.619646,86.7648,4.0542,0.0,0,12.9091,2.1081,79.946,0.0,True,26.5,4840,3.3279,4.36
google,1500,20,linear,True,False,10.0,0.4,0.3,0.3,0,0,IE,2,PSO,random,9,0.3333333333333333,E26,16.49,95.45,39,2.625635,86.7345,3.8348,0.0,0,12.9591,2.1351,78.407,0.0,True,27.0,4840,3.3157,4.31
google,1500,20,linear,True,False,10.0,0.4,0.3,0.3,0,0,IE,2,PSO,random,10,0.3333333333333333,E26,16.49,95.45,39,2.633715,86.6937,3.5389,0.0,0,13.0091,2.1479,77.759,0.0,True,26.5,4840,3.319,4.23
google,1500,20,linear,True,False,10.0,0.4,0.3,0.3,0,0,IE,2,DE,random,1,0.3333333333333333,E26,16.49,95.45,39,2.563674,87.0476,6.1042,0.0,0,12.6591,2.0871,84.808,0.0,True,25.5,4840,3.2075,2.71
google,1500,20,linear,True,False,10.0,0.4,0.3,0.3,0,0,IE,2,DE,random,2,0.3333333333333333,E26,16.49,95.45,39,2.593946,86.8946,4.9955,0.0,0,12.8091,2.1075,81.211,0.0,True,27.5,4840,3.2167,2.5
google,1500,20,linear,True,False,10.0,0.4,0.3,0.3,0,0,IE,2,GWO,random,7,0.3333333333333333,E26,16.49,95.45,39,2.636505,86.6796,3.4367,0.0,0,12.9591,2.1334,78.713,0.0,True,27.5,4840,3.8997,2.38
google,1500,20,linear,True,False,10.0,0.4,0.3,0.3,0,0,IE,2,GWO,random,8,0.3333333333333333,E26,16.49,95.45,39,2.643576,86.6439,3.1778,0.0,0,13.0091,2.1507,77.045,0.0,True,27.0,4840,3.9092,2.32
google,1500,20,linear,True,False,10.0,0.4,0.3,0.3,0,0,IE,2,GWO,random,9,0.3333333333333333,E26,16.49,95.45,39,2.581159,86.9592,5.4638,0.0,0,12.7091,2.0994,81.886,0.0,True,25.5,4840,3.9069,2.73
google,1500,20,linear,True,False,10.0,0.4,0.3,0.3,0,0,IE,2,GWO,random,10,0.3333333333333333,E26,16.49,95.45,39,2.640797,86.6579,3.2795,0.0,0,13.0091,2.1524,78.114,0.0,True,26.5,4840,3.9202,2.32
google,1500,20,linear,True,False,10.0,0.4,0.3,0.3,0,0,IE,2,PSO,random,1,0.3333333333333333,E26,16.49,95.45,39,2.621923,86.7533,3.9708,0.0,0,12.9591,2.1432,77.629,0.0,True,28.5,4840,3.5016,4.15
google,1500,20,linear,True,False,10.0,0.4,0.3,0.3,0,0,IE,2,PSO,random,2,0.3333333333333333,E26,16.49,95.45,39,2.625426,86.7356,3.8425,0.0,0,12.9591,2.1546,79.373,0.0,True,26.5,4840,3.4745,4.23
google,1500,20,linear,True,False,10.0,0.4,0.3,0.3,0,0,IE,2,PSO,random,3,0.3333333333333333,E26,16.49,95.45,39,2.636087,86.6817,3.452,0.0,0,13.0091,2.1434,76.698,0.0,True,26.5,4840,3.4813,4.23
google,1500,20,linear,True,False,10.0,0.4,0.3,0.3,0,0,IE,2,PSO,random,4,0.3333333333333333,E26,16.49,95.45,39,2.633366,86.6955,3.5517,0.0,0,12.9591,2.143,77.841,0.0,True,27.0,4840,3.4774,4.1
google,1500,20,linear,True,False,10.0,0.4,0.3,0.3,0,0,IE,2,DE,random,3,0.3333333333333333,E26,16.49,95.45,39,2.611564,86.8056,4.3502,0.0,0,12.8591,2.1413,78.562,0.0,True,26.5,4840,3.4222,2.54
google,1500,20,linear,True,False,10.0,0.4,0.3,0.3,0,0,IE,2,DE,random,4,0.3333333333333333,E26,16.49,95.45,39,2.541708,87.1585,6.9087,0.0,0,12.5591,2.0626,84.36,0.0,True,26.0,4840,3.4349,3.11
google,1500,20,linear,True,False,10.0,0.4,0.3,0.3,0,0,IE,2,DE,random,5,0.3333333333333333,E26,16.49,95.45,39,2.588543,86.9219,5.1933,0.0,0,12.7591,2.1051,80.998,0.0,True,27.0,4840,3.4234,2.78
google,1500,20,linear,True,False,10.0,0.4,0.3,0.3,0,0,IE,2,DE,random,6,0.3333333333333333,E26,16.49,95.45,39,2.603238,86.8477,4.6551,0.0,0,12.8091,2.1212,81.61,0.0,True,26.5,4840,3.415,2.58
google,1500,20,linear,True,False,10.0,0.4,0.3,0.3,0,0,IE,2,DE,random,7,0.3333333333333333,E26,16.49,95.45,39,2.590526,86.9119,5.1207,0.0,0,12.7591,2.1113,81.888,0.0,True,26.5,4840,3.4212,2.64
google,1500,20,linear,True,False,10.0,0.4,0.3,0.3,0,0,IE,2,DE,random,8,0.3333333333333333,E26,16.49,95.45,39,2.617994,86.7731,4.1147,0.0,0,12.8591,2.1218,80.876,0.0,True,26.5,4840,3.4025,2.51
google,1500,20,linear,True,False,10.0,0.4,0.3,0.3,0,0,IE,2,DE,random,9,0.3333333333333333,E26,16.49,95.45,39,2.589092,86.9191,5.1732,0.0,0,12.7591,2.0926,80.435,0.0,True,26.5,4840,3.4037,2.68
google,1500,20,linear,True,False,10.0,0.4,0.3,0.3,0,0,IE,2,DE,random,10,0.3333333333333333,E26,16.49,95.45,39,2.579228,86.969,5.5345,0.0,0,12.6591,2.0866,85.117,0.0,True,25.5,4840,3.4066,2.49
google,1500,20,linear,True,False,10.0,0.4,0.3,0.3,0,0,IE,2,WOA,carbon,5,0.3333333333333333,E26,16.49,95.45,39,2.348971,88.1323,13.9678,0.0,0,12.5591,2.1113,70.563,0.0,True,24.5,4840,3.2329,2.42
google,1500,20,linear,True,False,10.0,0.4,0.3,0.3,0,0,IE,2,WOA,carbon,6,0.3333333333333333,E26,16.49,95.45,39,2.348951,88.1324,13.9685,0.0,0,12.5591,2.1113,70.323,0.0,True,24.5,4840,3.2202,2.35
google,1500,20,linear,True,False,10.0,0.4,0.3,0.3,0,0,IE,2,WOA,carbon,7,0.3333333333333333,E26,16.49,95.45,39,2.348973,88.1323,13.9677,0.0,0,12.5591,2.1113,70.483,0.0,True,24.5,4840,3.2339,2.32
google,1500,20,linear,True,False,10.0,0.4,0.3,0.3,0,0,IE,2,WOA,carbon,8,0.3333333333333333,E26,16.49,95.45,39,2.354626,88.1037,13.7607,0.0,0,12.6091,2.1188,69.28,0.0,True,24.5,4840,3.2022,2.36
google,1500,20,linear,True,False,10.0,0.4,0.3,0.3,0,0,IE,2,WOA,carbon,9,0.3333333333333333,E26,16.49,95.45,39,2.354622,88.1038,13.7608,0.0,0,12.6091,2.1188,69.28,0.0,True,24.5,4840,3.2333,2.32
google,1500,20,linear,True,False,10.0,0.4,0.3,0.3,0,0,IE,2,WOA,carbon,10,0.3333333333333333,E26,16.49,95.45,39,2.349011,88.1321,13.9663,0.0,0,12.5591,2.1113,71.041,0.0,True,24.5,4840,3.2371,2.32
google,1500,10,linear,True,False,10.0,0.4,0.3,0.3,0,0,IE,3,FIFO,-,0,0.3333333333333333,E26,16.49,95.45,39,21.633042,0.0,-622.4821,0.0,0,95.9591,15.66,5.308,8.9738,False,24.5,0,0.0,0.0
google,1500,10,linear,True,False,10.0,0.4,0.3,0.3,0,0,IE,3,Consolidation,-,0,0.3333333333333333,E26,16.49,95.45,39,2.994267,86.1588,0.0,0.0,0,13.3091,2.1675,55.842,8.9738,False,24.5,0,0.0,0.0
google,1500,10,linear,True,False,10.0,0.4,0.3,0.3,0,0,IE,3,WOA,carbon,10,0.3333333333333333,E26,16.49,95.45,39,2.811526,87.0036,6.103,0.0,0,13.1591,2.1959,67.475,0.0,True,27.5,4840,3.2324,2.56
google,1500,20,linear,True,False,10.0,0.4,0.3,0.3,0,0,IE,3,FIFO,-,0,0.3333333333333333,E26,16.49,95.45,39,21.633042,0.0,-622.4821,0.0,0,95.9591,15.66,5.308,0.0,True,24.5,0,0.0,0.0
google,1500,20,linear,True,False,10.0,0.4,0.3,0.3,0,0,IE,3,Consolidation,-,0,0.3333333333333333,E26,16.49,95.45,39,2.994267,86.1588,0.0,0.0,0,13.3091,2.1675,55.842,0.0,True,24.5,0,0.0,0.0
google,1500,20,linear,True,False,10.0,0.4,0.3,0.3,0,0,IE,3,Greedy(EDF+greenest),-,0,0.3333333333333333,E26,16.49,95.45,39,2.592065,88.018,13.4324,0.0,0,12.6591,2.0978,67.965,0.0,True,25.5,0,0.0002,0.0
google,1500,20,linear,True,False,10.0,0.4,0.3,0.3,0,0,IE,3,VCC(Google),-,0,0.3333333333333333,E26,16.49,95.45,39,2.994002,86.1601,0.0089,0.0,0,13.2091,2.1525,59.269,0.0,True,24.5,0,0.0051,0.0
google,1500,20,linear,True,False,10.0,0.4,0.3,0.3,0,0,IE,3,Threshold(WaitAwhile),-,0,0.3333333333333333,E26,16.49,95.45,39,2.592065,88.018,13.4324,0.0,0,12.6591,2.0978,67.965,0.0,True,25.5,0,0.0224,0.0
google,1500,20,linear,True,False,10.0,0.4,0.3,0.3,0,0,IE,3,WOA,random,1,0.3333333333333333,E26,16.49,95.45,39,2.869928,86.7336,4.1526,0.0,0,13.2591,2.203,58.272,0.0,True,28.5,4840,3.2393,2.48
google,1500,20,linear,True,False,10.0,0.4,0.3,0.3,0,0,IE,3,WOA,random,2,0.3333333333333333,E26,16.49,95.45,39,2.855793,86.7989,4.6246,0.0,0,13.1091,2.1719,65.77,0.0,True,28.5,4840,3.2516,2.42
google,1500,20,linear,True,False,10.0,0.4,0.3,0.3,0,0,IE,2,GA,random,7,0.3333333333333333,E26,16.49,95.45,39,2.5718,87.0065,5.8066,0.0,0,12.6591,2.0889,83.714,0.0,True,26.0,4840,6.0382,3.62
google,1500,20,linear,True,False,10.0,0.4,0.3,0.3,0,0,IE,2,GA,random,8,0.3333333333333333,E26,16.49,95.45,39,2.568725,87.022,5.9192,0.0,0,12.6591,2.0866,83.973,0.0,True,26.5,4840,6.0359,3.8
google,1500,20,linear,True,False,10.0,0.4,0.3,0.3,0,0,IE,2,GA,random,9,0.3333333333333333,E26,16.49,95.45,39,2.569244,87.0194,5.9002,0.0,0,12.6591,2.086,82.956,0.0,True,26.0,4840,6.0238,3.76
google,1500,20,linear,True,False,10.0,0.4,0.3,0.3,0,0,IE,2,GA,random,10,0.3333333333333333,E26,16.49,95.45,39,2.565797,87.0368,6.0264,0.0,0,12.6091,2.0603,84.544,0.0,True,25.5,4840,6.0454,3.83
google,1500,20,linear,True,False,10.0,0.4,0.3,0.3,0,0,IE,2,WOA,carbon,1,0.3333333333333333,E26,16.49,95.45,39,2.348966,88.1323,13.968,0.0,0,12.5591,2.1113,70.503,0.0,True,24.5,4840,3.4763,2.46
google,1500,20,linear,True,False,10.0,0.4,0.3,0.3,0,0,IE,2,WOA,carbon,2,0.3333333333333333,E26,16.49,95.45,39,2.34508,88.152,14.1103,0.0,0,12.5591,2.1113,70.317,0.0,True,24.5,4840,3.4732,2.61
google,1500,20,linear,True,False,10.0,0.4,0.3,0.3,0,0,IE,2,WOA,carbon,3,0.3333333333333333,E26,16.49,95.45,39,2.348951,88.1324,13.9685,0.0,0,12.5591,2.1113,70.323,0.0,True,24.5,4840,3.4767,2.31
google,1500,20,linear,True,False,10.0,0.4,0.3,0.3,0,0,IE,2,WOA,carbon,4,0.3333333333333333,E26,16.49,95.45,39,2.349989,88.1272,13.9305,0.0,0,12.5591,2.1113,71.863,0.0,True,24.5,4840,3.4864,2.47
google,1500,20,linear,True,False,10.0,0.4,0.3,0.3,0,0,IE,2,HHO,random,1,0.3333333333333333,E26,16.49,95.45,39,2.612736,86.7997,4.3073,0.0,0,12.8591,2.1203,76.836,0.0,True,26.0,8910,4.9357,2.71
google,1500,20,linear,True,False,10.0,0.4,0.3,0.3,0,0,IE,2,HHO,random,2,0.3333333333333333,E26,16.49,95.45,39,2.644553,86.6389,3.142,0.0,0,12.9591,2.1394,77.904,0.0,True,25.0,8780,4.8221,2.52
google,1500,20,linear,True,False,10.0,0.4,0.3,0.3,0,0,IE,2,HHO,random,3,0.3333333333333333,E26,16.49,95.45,39,2.623806,86.7438,3.9018,0.0,0,12.8591,2.118,73.959,0.0,True,24.5,8894,4.8786,2.52
google,1500,20,linear,True,False,10.0,0.4,0.3,0.3,0,0,IE,2,HHO,random,4,0.3333333333333333,E26,16.49,95.45,39,2.604939,86.8391,4.5928,0.0,0,12.8591,2.1047,74.104,0.0,True,27.5,9094,4.9529,2.67
google,1500,20,linear,True,False,10.0,0.4,0.3,0.3,0,0,IE,2,HHO,random,5,0.3333333333333333,E26,16.49,95.45,39,2.637595,86.6741,3.3968,0.0,0,12.9591,2.1522,75.434,0.0,True,26.0,8986,4.9236,2.58
google,1500,20,linear,True,False,10.0,0.4,0.3,0.3,0,0,IE,2,HHO,random,6,0.3333333333333333,E26,16.49,95.45,39,2.624639,86.7396,3.8713,0.0,0,12.8591,2.1214,77.023,0.0,True,25.0,8968,4.928,2.34
google,1500,20,linear,True,False,10.0,0.4,0.3,0.3,0,0,IE,2,HHO,random,7,0.3333333333333333,E26,16.49,95.45,39,2.624803,86.7387,3.8653,0.0,0,12.8591,2.1174,76.631,0.0,True,24.5,8946,4.9211,2.63
google,1500,20,linear,True,False,10.0,0.4,0.3,0.3,0,0,IE,2,HHO,random,8,0.3333333333333333,E26,16.49,95.45,39,2.614367,86.7914,4.2475,0.0,0,12.8091,2.1111,76.339,0.0,True,25.0,8872,4.9078,2.59
google,1500,10,linear,True,False,10.0,0.4,0.3,0.3,0,0,IE,3,WOA,random,6,0.3333333333333333,E26,16.49,95.45,39,2.881966,86.6779,3.7505,0.0,0,13.0591,2.1617,74.588,0.0,True,27.5,4840,3.2435,2.36
google,1500,10,linear,True,False,10.0,0.4,0.3,0.3,0,0,IE,3,WOA,random,7,0.3333333333333333,E26,16.49,95.45,39,2.862812,86.7665,4.3902,0.0,0,13.0091,2.1559,74.962,0.0,True,28.0,4840,3.2445,2.66
google,1500,10,linear,True,False,10.0,0.4,0.3,0.3,0,0,IE,3,WOA,random,8,0.3333333333333333,E26,16.49,95.45,39,2.880967,86.6826,3.7839,0.0,0,12.9091,2.1165,76.535,0.0,True,27.0,4840,3.2409,2.8
google,1500,10,linear,True,False,10.0,0.4,0.3,0.3,0,0,IE,3,WOA,random,9,0.3333333333333333,E26,16.49,95.45,39,2.887797,86.651,3.5558,0.0,0,13.1091,2.1666,71.401,0.0,True,28.0,4840,3.27,2.59
google,1500,10,linear,True,False,10.0,0.4,0.3,0.3,0,0,IE,3,WOA,random,10,0.3333333333333333,E26,16.49,95.45,39,2.89433,86.6208,3.3376,0.0,0,12.9091,2.1227,74.689,0.0,True,26.0,4840,3.2715,2.43
google,1500,10,linear,True,False,10.0,0.4,0.3,0.3,0,0,IE,3,GWO,random,1,0.3333333333333333,E26,16.49,95.45,39,2.896195,86.6122,3.2753,0.0,0,13.0091,2.1611,78.323,0.0,True,27.0,4840,3.7296,2.34
google,1500,10,linear,True,False,10.0,0.4,0.3,0.3,0,0,IE,3,GWO,random,2,0.3333333333333333,E26,16.49,95.45,39,2.893814,86.6232,3.3548,0.0,0,12.9091,2.134,79.434,0.0,True,27.0,4840,3.7392,2.35
google,1500,10,linear,True,False,10.0,0.4,0.3,0.3,0,0,IE,3,GWO,random,3,0.3333333333333333,E26,16.49,95.45,39,2.91596,86.5208,2.6152,0.0,0,13.0591,2.1576,76.495,0.0,True,26.5,4840,3.7437,2.27
google,1500,20,linear,True,False,10.0,0.4,0.3,0.3,0,0,IE,2,HHO,random,9,0.3333333333333333,E26,16.49,95.45,39,2.62483,86.7386,3.8643,0.0,0,12.9091,2.1238,74.195,0.0,True,26.0,8790,4.8382,2.62
google,1500,20,linear,True,False,10.0,0.4,0.3,0.3,0,0,IE,2,HHO,random,10,0.3333333333333333,E26,16.49,95.45,39,2.598729,86.8705,4.8203,0.0,0,12.7591,2.1136,78.562,0.0,True,25.5,8942,4.8638,2.8
google,1500,20,linear,True,False,10.0,0.4,0.3,0.3,0,0,IE,2,GA,random,1,0.3333333333333333,E26,16.49,95.45,39,2.564211,87.0449,6.0845,0.0,0,12.5591,2.0517,86.598,0.0,True,25.0,4840,5.5544,3.69
google,1500,20,linear,True,False,10.0,0.4,0.3,0.3,0,0,IE,2,GA,random,2,0.3333333333333333,E26,16.49,95.45,39,2.568873,87.0213,5.9138,0.0,0,12.6091,2.0609,84.927,0.0,True,25.5,4840,5.5643,3.61
google,1500,20,linear,True,False,10.0,0.4,0.3,0.3,0,0,IE,2,GA,random,3,0.3333333333333333,E26,16.49,95.45,39,2.562671,87.0526,6.1409,0.0,0,12.6091,2.0905,84.309,0.0,True,25.5,4840,5.5762,3.77
google,1500,20,linear,True,False,10.0,0.4,0.3,0.3,0,0,IE,2,GA,random,4,0.3333333333333333,E26,16.49,95.45,39,2.569848,87.0164,5.8781,0.0,0,12.6091,2.0871,84.339,0.0,True,25.5,4840,5.5752,3.68
google,1500,20,linear,True,False,10.0,0.4,0.3,0.3,0,0,IE,2,GA,random,5,0.3333333333333333,E26,16.49,95.45,39,2.55567,87.088,6.3974,0.0,0,12.6091,2.0637,83.918,0.0,True,27.0,4840,5.5773,3.74
google,1500,20,linear,True,False,10.0,0.4,0.3,0.3,0,0,IE,2,GA,random,6,0.3333333333333333,E26,16.49,95.45,39,2.556366,87.0845,6.3719,0.0,0,12.5591,2.0621,85.654,0.0,True,25.5,4840,5.5972,3.58
google,1500,10,linear,True,False,10.0,0.4,0.3,0.3,0,0,IE,3,GWO,random,4,0.3333333333333333,E26,16.49,95.45,39,2.892301,86.6302,3.4054,0.0,0,12.9591,2.1533,78.363,0.0,True,26.5,4840,3.7604,2.4
google,1500,10,linear,True,False,10.0,0.4,0.3,0.3,0,0,IE,3,GWO,random,5,0.3333333333333333,E26,16.49,95.45,39,2.852741,86.813,4.7266,0.0,0,12.7591,2.113,80.384,0.0,True,28.0,4840,3.7377,2.68
google,1500,10,linear,True,False,10.0,0.4,0.3,0.3,0,0,IE,3,GWO,random,6,0.3333333333333333,E26,16.49,95.45,39,2.904089,86.5757,3.0117,0.0,0,12.9591,2.1334,77.917,0.0,True,26.0,4840,3.744,2.34
google,1500,10,linear,True,False,10.0,0.4,0.3,0.3,0,0,IE,3,GWO,random,7,0.3333333333333333,E26,16.49,95.45,39,2.895731,86.6143,3.2908,0.0,0,12.9591,2.1432,78.094,0.0,True,26.5,4840,3.7524,2.48
google,1500,10,linear,True,False,10.0,0.4,0.3,0.3,0,0,IE,3,GWO,random,8,0.3333333333333333,E26,16.49,95.45,39,2.867824,86.7433,4.2228,0.0,0,12.9091,2.1293,77.877,0.0,True,28.0,4840,3.7502,2.47
google,1500,10,linear,True,False,10.0,0.4,0.3,0.3,0,0,IE,3,GWO,random,9,0.3333333333333333,E26,16.49,95.45,39,2.890285,86.6395,3.4727,0.0,0,12.9591,2.1494,78.164,0.0,True,25.5,4840,3.7689,2.35
google,1500,10,linear,True,False,10.0,0.4,0.3,0.3,0,0,IE,3,GWO,random,10,0.3333333333333333,E26,16.49,95.45,39,2.923737,86.4849,2.3555,0.0,0,13.0591,2.1685,76.663,0.0,True,26.5,4840,3.7621,2.37
google,1500,10,linear,True,False,10.0,0.4,0.3,0.3,0,0,IE,3,PSO,random,1,0.3333333333333333,E26,16.49,95.45,39,2.908986,86.553,2.8481,0.0,0,13.0091,2.1616,77.569,0.0,True,27.0,4840,3.3696,4.3
google,1500,10,linear,True,False,10.0,0.4,0.3,0.3,0,0,IE,3,PSO,random,2,0.3333333333333333,E26,16.49,95.45,39,2.898743,86.6004,3.1902,0.0,0,12.9591,2.1488,78.262,0.0,True,26.5,4840,3.3243,4.2
google,1500,10,linear,True,False,10.0,0.4,0.3,0.3,0,0,IE,3,PSO,random,3,0.3333333333333333,E26,16.49,95.45,39,2.906949,86.5625,2.9162,0.0,0,12.9591,2.1357,77.84,0.0,True,27.0,4840,3.3145,4.22
google,1500,10,linear,True,False,10.0,0.4,0.3,0.3,0,0,IE,3,PSO,random,4,0.3333333333333333,E26,16.49,95.45,39,2.875321,86.7087,3.9724,0.0,0,12.8091,2.1057,80.886,0.0,True,26.0,4840,3.3338,4.52
google,1500,10,linear,True,False,10.0,0.4,0.3,0.3,0,0,IE,3,PSO,random,5,0.3333333333333333,E26,16.49,95.45,39,2.90712,86.5617,2.9105,0.0,0,12.9591,2.146,77.302,0.0,True,27.0,4840,3.3188,4.26
google,1500,10,linear,True,False,10.0,0.4,0.3,0.3,0,0,IE,3,PSO,random,6,0.3333333333333333,E26,16.49,95.45,39,2.917279,86.5147,2.5712,0.0,0,13.0091,2.1552,77.277,0.0,True,26.5,4840,3.3292,4.16
google,1500,10,linear,True,False,10.0,0.4,0.3,0.3,0,0,IE,3,PSO,random,7,0.3333333333333333,E26,16.49,95.45,39,2.887245,86.6535,3.5742,0.0,0,12.8591,2.1059,79.342,0.0,True,27.0,4840,3.3326,4.07
google,1500,10,linear,True,False,10.0,0.4,0.3,0.3,0,0,IE,3,PSO,random,8,0.3333333333333333,E26,16.49,95.45,39,2.906651,86.5638,2.9261,0.0,0,13.0091,2.1599,76.255,0.0,True,26.5,4840,3.3431,4.19
google,1500,10,linear,True,False,10.0,0.4,0.3,0.3,0,0,IE,3,PSO,random,9,0.3333333333333333,E26,16.49,95.45,39,2.914029,86.5297,2.6797,0.0,0,13.1091,2.176,74.204,0.0,True,27.5,4840,3.3446,4.25
google,1500,10,linear,True,False,10.0,0.4,0.3,0.3,0,0,IE,3,PSO,random,10,0.3333333333333333,E26,16.49,95.45,39,2.896013,86.613,3.2814,0.0,0,13.0091,2.1724,76.569,0.0,True,27.0,4840,3.3531,4.2
google,1500,10,linear,True,False,10.0,0.4,0.3,0.3,0,0,IE,3,DE,random,1,0.3333333333333333,E26,16.49,95.45,39,2.882729,86.6744,3.725,0.0,0,12.9091,2.1226,78.785,0.0,True,27.5,4840,3.2568,2.5
google,1500,10,linear,True,False,10.0,0.4,0.3,0.3,0,0,IE,3,DE,random,2,0.3333333333333333,E26,16.49,95.45,39,2.866404,86.7499,4.2702,0.0,0,12.8591,2.1241,79.29,0.0,True,27.0,4840,3.2444,2.6
google,1500,10,linear,True,False,10.0,0.4,0.3,0.3,0,0,IE,3,DE,random,3,0.3333333333333333,E26,16.49,95.45,39,2.864951,86.7566,4.3188,0.0,0,12.8091,2.1029,80.81,0.0,True,27.0,4840,3.2532,2.55
google,1500,10,linear,True,False,10.0,0.4,0.3,0.3,0,0,IE,3,DE,random,4,0.3333333333333333,E26,16.49,95.45,39,2.823985,86.946,5.6869,0.0,0,12.6591,2.0816,83.844,0.0,True,26.5,4840,3.2409,3.09
google,1500,10,linear,True,False,10.0,0.4,0.3,0.3,0,0,IE,3,DE,random,5,0.3333333333333333,E26,16.49,95.45,39,2.877486,86.6987,3.9002,0.0,0,12.9091,2.1179,79.554,0.0,True,27.5,4840,3.2658,2.55
google,1500,10,linear,True,False,10.0,0.4,0.3,0.3,0,0,IE,3,DE,random,6,0.3333333333333333,E26,16.49,95.45,39,2.88015,86.6863,3.8112,0.0,0,12.9091,2.1242,78.096,0.0,True,28.5,4840,3.269,2.51
google,1500,10,linear,True,False,10.0,0.4,0.3,0.3,0,0,IE,3,DE,random,7,0.3333333333333333,E26,16.49,95.45,39,2.834073,86.8993,5.35,0.0,0,12.7091,2.1251,83.2,0.0,True,27.0,4840,3.2805,2.85
google,1500,10,linear,True,False,10.0,0.4,0.3,0.3,0,0,IE,3,WOA,carbon,2,0.3333333333333333,E26,16.49,95.45,39,2.826575,86.934,5.6004,0.0,0,13.2091,2.1801,67.413,0.0,True,28.0,4840,3.4669,2.41
google,1500,10,linear,True,False,10.0,0.4,0.3,0.3,0,0,IE,3,WOA,carbon,3,0.3333333333333333,E26,16.49,95.45,39,2.80717,87.0237,6.2485,0.0,0,13.1091,2.1696,68.218,0.0,True,28.0,4840,3.4549,2.51
google,1500,10,linear,True,False,10.0,0.4,0.3,0.3,0,0,IE,3,WOA,carbon,4,0.3333333333333333,E26,16.49,95.45,39,2.801286,87.0509,6.445,0.0,0,13.0591,2.1677,72.583,0.0,True,28.5,4840,3.4325,2.49
google,1500,10,linear,True,False,10.0,0.4,0.3,0.3,0,0,IE,3,WOA,carbon,5,0.3333333333333333,E26,16.49,95.45,39,2.824533,86.9434,5.6686,0.0,0,13.0591,2.1906,71.075,0.0,True,26.5,4840,3.4413,2.73
google,1500,10,linear,True,False,10.0,0.4,0.3,0.3,0,0,IE,3,WOA,carbon,6,0.3333333333333333,E26,16.49,95.45,39,2.803608,87.0402,6.3675,0.0,0,13.0591,2.1689,69.974,0.0,True,27.0,4840,3.4351,2.64
google,1500,10,linear,True,False,10.0,0.4,0.3,0.3,0,0,IE,3,WOA,carbon,7,0.3333333333333333,E26,16.49,95.45,39,2.829539,86.9203,5.5014,0.0,0,12.9591,2.1584,73.937,0.0,True,26.5,4840,3.4681,2.55
google,1500,10,linear,True,False,10.0,0.4,0.3,0.3,0,0,IE,3,WOA,carbon,8,0.3333333333333333,E26,16.49,95.45,39,2.804598,87.0356,6.3344,0.0,0,13.1091,2.1747,72.554,0.0,True,28.0,4840,3.4213,2.52
google,1500,10,linear,True,False,10.0,0.4,0.3,0.3,0,0,IE,3,WOA,carbon,9,0.3333333333333333,E26,16.49,95.45,39,2.80622,87.0281,6.2802,0.0,0,12.9591,2.1402,74.573,0.0,True,27.0,4840,3.4993,2.55
google,1500,10,linear,True,False,10.0,0.4,0.3,0.3,0,0,IE,3,DE,random,8,0.3333333333333333,E26,16.49,95.45,39,2.835779,86.8914,5.293,0.0,0,12.6591,2.0854,84.342,0.0,True,26.0,4840,3.2153,2.75
google,1500,10,linear,True,False,10.0,0.4,0.3,0.3,0,0,IE,3,DE,random,9,0.3333333333333333,E26,16.49,95.45,39,2.863298,86.7642,4.374,0.0,0,12.8591,2.1139,79.12,0.0,True,26.5,4840,3.2114,2.55
google,1500,10,linear,True,False,10.0,0.4,0.3,0.3,0,0,IE,3,DE,random,10,0.3333333333333333,E26,16.49,95.45,39,2.814091,86.9917,6.0173,0.0,0,12.6091,2.0746,84.138,0.0,True,27.5,4840,3.2214,2.9
google,1500,10,linear,True,False,10.0,0.4,0.3,0.3,0,0,IE,3,HHO,random,1,0.3333333333333333,E26,16.49,95.45,39,2.855532,86.8001,4.6334,0.0,0,12.9091,2.1299,77.993,0.0,True,27.0,8910,4.8659,2.82
google,1500,10,linear,True,False,10.0,0.4,0.3,0.3,0,0,IE,3,HHO,random,2,0.3333333333333333,E26,16.49,95.45,39,2.852353,86.8148,4.7395,0.0,0,12.9091,2.1304,76.809,0.0,True,28.0,8780,4.8222,2.4
google,1500,10,linear,True,False,10.0,0.4,0.3,0.3,0,0,IE,3,HHO,random,3,0.3333333333333333,E26,16.49,95.45,39,2.878704,86.693,3.8595,0.0,0,13.1091,2.1743,72.743,0.0,True,28.0,8894,4.8819,2.46
google,1500,10,linear,True,False,10.0,0.4,0.3,0.3,0,0,IE,3,HHO,random,4,0.3333333333333333,E26,16.49,95.45,39,2.874124,86.7142,4.0124,0.0,0,13.0091,2.1602,73.532,0.0,True,28.0,9094,4.9899,2.62
google,1500,10,linear,True,False,10.0,0.4,0.3,0.3,0,0,IE,3,HHO,random,5,0.3333333333333333,E26,16.49,95.45,39,2.857117,86.7928,4.5804,0.0,0,12.9591,2.1436,75.326,0.0,True,28.0,8986,4.9679,2.51
google,1500,20,linear,True,False,10.0,0.4,0.3,0.3,0,0,IE,3,WOA,random,3,0.3333333333333333,E26,16.49,95.45,39,2.856634,86.795,4.5966,0.0,0,13.0091,2.1466,70.635,0.0,True,28.5,4840,3.2459,2.51
google,1500,20,linear,True,False,10.0,0.4,0.3,0.3,0,0,IE,3,WOA,random,4,0.3333333333333333,E26,16.49,95.45,39,2.848143,86.8343,4.8801,0.0,0,13.1091,2.1741,59.866,0.0,True,28.5,4840,3.2533,2.48
google,1500,20,linear,True,False,10.0,0.4,0.3,0.3,0,0,IE,3,WOA,random,5,0.3333333333333333,E26,16.49,95.45,39,2.849336,86.8288,4.8403,0.0,0,13.1591,2.1741,59.75,0.0,True,28.5,4840,3.2663,2.52
google,1500,20,linear,True,False,10.0,0.4,0.3,0.3,0,0,IE,3,WOA,random,6,0.3333333333333333,E26,16.49,95.45,39,2.844839,86.8496,4.9904,0.0,0,13.1091,2.1713,64.233,0.0,True,28.0,4840,3.257,2.6
google,1500,20,linear,True,False,10.0,0.4,0.3,0.3,0,0,IE,3,WOA,random,7,0.3333333333333333,E26,16.49,95.45,39,2.864127,86.7604,4.3463,0.0,0,13.1591,2.1822,61.518,0.0,True,28.5,4840,3.2632,2.57
google,1500,20,linear,True,False,10.0,0.4,0.3,0.3,0,0,IE,3,WOA,random,8,0.3333333333333333,E26,16.49,95.45,39,2.853446,86.8098,4.703,0.0,0,13.1591,2.1822,59.093,0.0,True,28.5,4840,3.2667,2.6
google,1500,20,linear,True,False,10.0,0.4,0.3,0.3,0,0,IE,3,WOA,random,9,0.3333333333333333,E26,16.49,95.45,39,2.850857,86.8217,4.7895,0.0,0,13.1591,2.1805,59.896,0.0,True,28.5,4840,3.2772,2.48
google,1500,20,linear,True,False,10.0,0.4,0.3,0.3,0,0,IE,3,WOA,random,10,0.3333333333333333,E26,16.49,95.45,39,2.882914,86.6736,3.7188,0.0,0,13.3091,2.2052,55.862,0.0,True,28.5,4840,3.2824,2.32
google,1500,10,linear,True,False,10.0,0.4,0.3,0.3,0,0,IE,3,HHO,random,6,0.3333333333333333,E26,16.49,95.45,39,2.879542,86.6891,3.8315,0.0,0,13.0591,2.1677,72.925,0.0,True,28.0,8968,4.964,2.58
google,1500,10,linear,True,False,10.0,0.4,0.3,0.3,0,0,IE,3,HHO,random,7,0.3333333333333333,E26,16.49,95.45,39,2.852266,86.8152,4.7424,0.0,0,12.9091,2.1299,76.562,0.0,True,27.5,8946,4.9112,2.81
google,1500,10,linear,True,False,10.0,0.4,0.3,0.3,0,0,IE,3,HHO,random,8,0.3333333333333333,E26,16.49,95.45,39,2.877253,86.6997,3.9079,0.0,0,12.8591,2.1191,76.822,0.0,True,26.5,8872,4.9006,2.81
google,1500,10,linear,True,False,10.0,0.4,0.3,0.3,0,0,IE,3,HHO,random,9,0.3333333333333333,E26,16.49,95.45,39,2.886605,86.6565,3.5956,0.0,0,13.0091,2.1289,76.044,0.0,True,27.0,8790,4.8552,2.49
google,1500,10,linear,True,False,10.0,0.4,0.3,0.3,0,0,IE,3,HHO,random,10,0.3333333333333333,E26,16.49,95.45,39,2.896232,86.612,3.2741,0.0,0,12.8591,2.1122,78.842,0.0,True,25.5,8942,4.934,2.46
google,1500,10,linear,True,False,10.0,0.4,0.3,0.3,0,0,IE,3,GA,random,1,0.3333333333333333,E26,16.49,95.45,39,2.834274,86.8984,5.3433,0.0,0,12.6591,2.0821,83.008,0.0,True,26.0,4840,5.6671,3.71
google,1500,10,linear,True,False,10.0,0.4,0.3,0.3,0,0,IE,3,GA,random,2,0.3333333333333333,E26,16.49,95.45,39,2.847314,86.8381,4.9078,0.0,0,12.7091,2.0742,81.767,0.0,True,26.5,4840,5.6863,3.62
google,1500,10,linear,True,False,10.0,0.4,0.3,0.3,0,0,IE,3,GA,random,3,0.3333333333333333,E26,16.49,95.45,39,2.827277,86.9307,5.577,0.0,0,12.6591,2.098,83.718,0.0,True,26.5,4840,5.661,3.8
google,1500,20,linear,True,False,10.0,0.4,0.3,0.3,0,0,IE,3,GWO,random,9,0.3333333333333333,E26,16.49,95.45,39,2.890285,86.6395,3.4727,0.0,0,12.9591,2.1494,78.164,0.0,True,25.5,4840,3.7737,2.37
google,1500,20,linear,True,False,10.0,0.4,0.3,0.3,0,0,IE,3,GWO,random,10,0.3333333333333333,E26,16.49,95.45,39,2.923737,86.4849,2.3555,0.0,0,13.0591,2.1685,76.663,0.0,True,26.5,4840,3.7729,2.38
google,1500,20,linear,True,False,10.0,0.4,0.3,0.3,0,0,IE,3,PSO,random,1,0.3333333333333333,E26,16.49,95.45,39,2.908986,86.553,2.8481,0.0,0,13.0091,2.1616,77.569,0.0,True,27.0,4840,3.3664,4.26
google,1500,20,linear,True,False,10.0,0.4,0.3,0.3,0,0,IE,3,PSO,random,2,0.3333333333333333,E26,16.49,95.45,39,2.898743,86.6004,3.1902,0.0,0,12.9591,2.1488,78.262,0.0,True,26.5,4840,3.3644,4.16
google,1500,20,linear,True,False,10.0,0.4,0.3,0.3,0,0,IE,3,PSO,random,3,0.3333333333333333,E26,16.49,95.45,39,2.906949,86.5625,2.9162,0.0,0,12.9591,2.1357,77.84,0.0,True,27.0,4840,3.3611,4.18
google,1500,20,linear,True,False,10.0,0.4,0.3,0.3,0,0,IE,3,PSO,random,4,0.3333333333333333,E26,16.49,95.45,39,2.875321,86.7087,3.9724,0.0,0,12.8091,2.1057,80.886,0.0,True,26.0,4840,3.3689,4.48
google,1500,20,linear,True,False,10.0,0.4,0.3,0.3,0,0,IE,3,PSO,random,5,0.3333333333333333,E26,16.49,95.45,39,2.90712,86.5617,2.9105,0.0,0,12.9591,2.146,77.302,0.0,True,27.0,4840,3.3544,4.23
google,1500,20,linear,True,False,10.0,0.4,0.3,0.3,0,0,IE,3,PSO,random,6,0.3333333333333333,E26,16.49,95.45,39,2.917279,86.5147,2.5712,0.0,0,13.0091,2.1552,77.277,0.0,True,26.5,4840,3.3826,4.12
google,1500,20,linear,True,False,10.0,0.4,0.3,0.3,0,0,IE,3,WOA,carbon,7,0.3333333333333333,E26,16.49,95.45,39,2.581144,88.0685,13.7971,0.0,0,12.6091,2.0903,68.502,0.0,True,25.5,4840,3.457,2.4
google,1500,20,linear,True,False,10.0,0.4,0.3,0.3,0,0,IE,3,WOA,carbon,8,0.3333333333333333,E26,16.49,95.45,39,2.581232,88.0681,13.7942,0.0,0,12.6091,2.0903,69.023,0.0,True,25.5,4840,3.4486,2.36
google,1500,20,linear,True,False,10.0,0.4,0.3,0.3,0,0,IE,3,WOA,carbon,9,0.3333333333333333,E26,16.49,95.45,39,2.577528,88.0852,13.9179,0.0,0,12.5591,2.0828,74.217,0.0,True,25.5,4840,3.4655,2.42
google,1500,20,linear,True,False,10.0,0.4,0.3,0.3,0,0,IE,3,WOA,carbon,10,0.3333333333333333,E26,16.49,95.45,39,2.58168,88.066,13.7792,0.0,0,12.6091,2.0903,67.703,0.0,True,25.5,4840,3.5046,2.5
google,1500,10,linear,True,False,10.0,0.4,0.3,0.3,0,0,IE,4,FIFO,-,0,0.3333333333333333,E26,16.49,95.45,39,9.604388,0.0,-618.7766,0.0,0,95.9591,15.66,5.308,8.9738,False,24.5,0,0.0,0.0
google,1500,10,linear,True,False,10.0,0.4,0.3,0.3,0,0,IE,4,Consolidation,-,0,0.3333333333333333,E26,16.49,95.45,39,1.336213,86.0875,0.0,0.0,0,13.3091,2.1675,55.842,8.9738,False,24.5,0,0.0,0.0
google,1500,10,linear,True,False,10.0,0.4,0.3,0.3,0,0,IE,4,Greedy(EDF+greenest),-,0,0.3333333333333333,E26,16.49,95.45,39,1.202437,87.4803,10.0116,0.0,0,12.6091,2.0405,64.897,25.2749,False,24.5,0,0.0002,0.0
google,1500,10,linear,True,False,10.0,0.4,0.3,0.3,0,0,IE,4,VCC(Google),-,0,0.3333333333333333,E26,16.49,95.45,39,1.338493,86.0637,-0.1706,0.0,0,13.2591,2.16,58.884,0.0,True,24.5,0,0.0052,0.0
google,1500,20,linear,True,False,10.0,0.4,0.3,0.3,0,0,IE,3,PSO,random,7,0.3333333333333333,E26,16.49,95.45,39,2.887245,86.6535,3.5742,0.0,0,12.8591,2.1059,79.342,0.0,True,27.0,4840,3.3553,4.07
google,1500,20,linear,True,False,10.0,0.4,0.3,0.3,0,0,IE,3,PSO,random,8,0.3333333333333333,E26,16.49,95.45,39,2.906651,86.5638,2.9261,0.0,0,13.0091,2.1599,76.255,0.0,True,26.5,4840,3.3427,4.19
google,1500,20,linear,True,False,10.0,0.4,0.3,0.3,0,0,IE,3,PSO,random,9,0.3333333333333333,E26,16.49,95.45,39,2.914029,86.5297,2.6797,0.0,0,13.1091,2.176,74.204,0.0,True,27.5,4840,3.3537,4.25
google,1500,20,linear,True,False,10.0,0.4,0.3,0.3,0,0,IE,3,PSO,random,10,0.3333333333333333,E26,16.49,95.45,39,2.896013,86.613,3.2814,0.0,0,13.0091,2.1724,76.569,0.0,True,27.0,4840,3.3515,4.19
google,1500,20,linear,True,False,10.0,0.4,0.3,0.3,0,0,IE,3,DE,random,1,0.3333333333333333,E26,16.49,95.45,39,2.882729,86.6744,3.725,0.0,0,12.9091,2.1226,78.785,0.0,True,27.5,4840,3.2591,2.5
google,1500,20,linear,True,False,10.0,0.4,0.3,0.3,0,0,IE,3,DE,random,2,0.3333333333333333,E26,16.49,95.45,39,2.866404,86.7499,4.2702,0.0,0,12.8591,2.1241,79.29,0.0,True,27.0,4840,3.2524,2.6
google,1500,20,linear,True,False,10.0,0.4,0.3,0.3,0,0,IE,3,DE,random,3,0.3333333333333333,E26,16.49,95.45,39,2.864951,86.7566,4.3188,0.0,0,12.8091,2.1029,80.81,0.0,True,27.0,4840,3.2691,2.55
google,1500,20,linear,True,False,10.0,0.4,0.3,0.3,0,0,IE,3,DE,random,4,0.3333333333333333,E26,16.49,95.45,39,2.823985,86.946,5.6869,0.0,0,12.6591,2.0816,83.844,0.0,True,26.5,4840,3.3951,3.09
google,1500,10,linear,True,False,10.0,0.4,0.3,0.3,0,0,IE,3,GA,random,4,0.3333333333333333,E26,16.49,95.45,39,2.828805,86.9237,5.526,0.0,0,12.6091,2.0821,84.651,0.0,True,25.5,4840,5.988,3.75
google,1500,10,linear,True,False,10.0,0.4,0.3,0.3,0,0,IE,3,GA,random,5,0.3333333333333333,E26,16.49,95.45,39,2.809479,87.013,6.1714,0.0,0,12.5091,2.0669,86.127,0.0,True,25.5,4840,5.9664,3.75
google,1500,10,linear,True,False,10.0,0.4,0.3,0.3,0,0,IE,3,GA,random,6,0.3333333333333333,E26,16.49,95.45,39,2.828277,86.9261,5.5436,0.0,0,12.6091,2.0729,84.186,0.0,True,27.0,4840,5.9948,3.65
google,1500,10,linear,True,False,10.0,0.4,0.3,0.3,0,0,IE,3,GA,random,7,0.3333333333333333,E26,16.49,95.45,39,2.83237,86.9072,5.4069,0.0,0,12.6591,2.0871,82.746,0.0,True,26.5,4840,6.0056,3.71
google,1500,10,linear,True,False,10.0,0.4,0.3,0.3,0,0,IE,3,GA,random,8,0.3333333333333333,E26,16.49,95.45,39,2.822658,86.9521,5.7313,0.0,0,12.6091,2.0762,83.265,0.0,True,28.0,4840,6.0109,3.77
google,1500,10,linear,True,False,10.0,0.4,0.3,0.3,0,0,IE,3,GA,random,9,0.3333333333333333,E26,16.49,95.45,39,2.841719,86.864,5.0946,0.0,0,12.7091,2.0862,81.332,0.0,True,27.0,4840,6.0508,3.76
google,1500,10,linear,True,False,10.0,0.4,0.3,0.3,0,0,IE,3,GA,random,10,0.3333333333333333,E26,16.49,95.45,39,2.835364,86.8934,5.3069,0.0,0,12.6591,2.0809,83.797,0.0,True,26.5,4840,6.0693,3.61
google,1500,10,linear,True,False,10.0,0.4,0.3,0.3,0,0,IE,3,WOA,carbon,1,0.3333333333333333,E26,16.49,95.45,39,2.846709,86.8409,4.928,0.0,0,13.0091,2.1557,73.047,0.0,True,28.0,4840,3.5542,2.54
google,1500,20,linear,True,False,10.0,0.4,0.3,0.3,0,0,IE,3,GWO,random,1,0.3333333333333333,E26,16.49,95.45,39,2.896195,86.6122,3.2753,0.0,0,13.0091,2.1611,78.323,0.0,True,27.0,4840,4.0314,2.34
google,1500,20,linear,True,False,10.0,0.4,0.3,0.3,0,0,IE,3,GWO,random,2,0.3333333333333333,E26,16.49,95.45,39,2.893814,86.6232,3.3548,0.0,0,12.9091,2.134,79.434,0.0,True,27.0,4840,3.9857,2.35
google,1500,20,linear,True,False,10.0,0.4,0.3,0.3,0,0,IE,3,GWO,random,3,0.3333333333333333,E26,16.49,95.45,39,2.91596,86.5208,2.6152,0.0,0,13.0591,2.1576,76.495,0.0,True,26.5,4840,3.9842,2.27
google,1500,20,linear,True,False,10.0,0.4,0.3,0.3,0,0,IE,3,GWO,random,4,0.3333333333333333,E26,16.49,95.45,39,2.892301,86.6302,3.4054,0.0,0,12.9591,2.1533,78.363,0.0,True,26.5,4840,3.975,2.4
google,1500,20,linear,True,False,10.0,0.4,0.3,0.3,0,0,IE,3,GWO,random,5,0.3333333333333333,E26,16.49,95.45,39,2.852741,86.813,4.7266,0.0,0,12.7591,2.113,80.384,0.0,True,28.0,4840,3.9923,2.68
google,1500,20,linear,True,False,10.0,0.4,0.3,0.3,0,0,IE,3,GWO,random,6,0.3333333333333333,E26,16.49,95.45,39,2.904089,86.5757,3.0117,0.0,0,12.9591,2.1334,77.917,0.0,True,26.0,4840,4.0008,2.34
google,1500,20,linear,True,False,10.0,0.4,0.3,0.3,0,0,IE,3,GWO,random,7,0.3333333333333333,E26,16.49,95.45,39,2.895731,86.6143,3.2908,0.0,0,12.9591,2.1432,78.094,0.0,True,26.5,4840,3.9932,2.48
google,1500,20,linear,True,False,10.0,0.4,0.3,0.3,0,0,IE,3,GWO,random,8,0.3333333333333333,E26,16.49,95.45,39,2.867824,86.7433,4.2228,0.0,0,12.9091,2.1293,77.877,0.0,True,28.0,4840,4.129,2.47
google,1500,20,linear,True,False,10.0,0.4,0.3,0.3,0,0,IE,3,DE,random,5,0.3333333333333333,E26,16.49,95.45,39,2.877486,86.6987,3.9002,0.0,0,12.9091,2.1179,79.554,0.0,True,27.5,4840,3.2355,2.55
google,1500,20,linear,True,False,10.0,0.4,0.3,0.3,0,0,IE,3,DE,random,6,0.3333333333333333,E26,16.49,95.45,39,2.88015,86.6863,3.8112,0.0,0,12.9091,2.1242,78.096,0.0,True,28.5,4840,3.2398,2.51
google,1500,20,linear,True,False,10.0,0.4,0.3,0.3,0,0,IE,3,DE,random,7,0.3333333333333333,E26,16.49,95.45,39,2.834073,86.8993,5.35,0.0,0,12.7091,2.1251,83.2,0.0,True,27.0,4840,3.244,2.85
google,1500,20,linear,True,False,10.0,0.4,0.3,0.3,0,0,IE,3,DE,random,8,0.3333333333333333,E26,16.49,95.45,39,2.835779,86.8914,5.293,0.0,0,12.6591,2.0854,84.342,0.0,True,26.0,4840,3.2513,2.75
google,1500,20,linear,True,False,10.0,0.4,0.3,0.3,0,0,IE,3,DE,random,9,0.3333333333333333,E26,16.49,95.45,39,2.863298,86.7642,4.374,0.0,0,12.8591,2.1139,79.12,0.0,True,26.5,4840,3.2564,2.55
google,1500,20,linear,True,False,10.0,0.4,0.3,0.3,0,0,IE,3,DE,random,10,0.3333333333333333,E26,16.49,95.45,39,2.814091,86.9917,6.0173,0.0,0,12.6091,2.0746,84.138,0.0,True,27.5,4840,3.2402,2.9
google,1500,20,linear,True,False,10.0,0.4,0.3,0.3,0,0,IE,3,HHO,random,1,0.3333333333333333,E26,16.49,95.45,39,2.898247,86.6027,3.2068,0.0,0,12.9091,2.1362,77.252,0.0,True,27.5,8910,4.9602,2.57
google,1500,20,linear,True,False,10.0,0.4,0.3,0.3,0,0,IE,3,HHO,random,2,0.3333333333333333,E26,16.49,95.45,39,2.845605,86.846,4.9649,0.0,0,12.8591,2.1241,77.313,0.0,True,28.0,8780,4.9723,2.57
google,1500,10,linear,True,False,10.0,0.4,0.3,0.3,0,0,IE,4,Threshold(WaitAwhile),-,0,0.3333333333333333,E26,16.49,95.45,39,1.289596,86.5728,3.4888,0.0,0,13.0591,2.13,56.092,19.2118,False,24.5,0,0.0221,0.0
google,1500,10,linear,True,False,10.0,0.4,0.3,0.3,0,0,IE,4,WOA,random,1,0.3333333333333333,E26,16.49,95.45,39,1.285207,86.6185,3.8172,0.0,0,12.8091,2.1129,79.137,0.0,True,24.5,4840,3.2717,2.62
google,1500,10,linear,True,False,10.0,0.4,0.3,0.3,0,0,IE,4,WOA,random,2,0.3333333333333333,E26,16.49,95.45,39,1.303111,86.4321,2.4774,0.0,0,12.9091,2.1259,77.044,0.0,True,26.0,4840,3.2737,2.51
google,1500,10,linear,True,False,10.0,0.4,0.3,0.3,0,0,IE,4,WOA,random,3,0.3333333333333333,E26,16.49,95.45,39,1.3047,86.4156,2.3584,0.0,0,12.9591,2.1398,78.264,0.0,True,26.0,4840,3.2696,2.54
google,1500,10,linear,True,False,10.0,0.4,0.3,0.3,0,0,IE,4,WOA,random,4,0.3333333333333333,E26,16.49,95.45,39,1.293498,86.5322,3.1967,0.0,0,12.8591,2.1078,76.747,0.0,True,26.0,4840,3.3764,2.51
google,1500,10,linear,True,False,10.0,0.4,0.3,0.3,0,0,IE,4,WOA,random,5,0.3333333333333333,E26,16.49,95.45,39,1.295615,86.5102,3.0383,0.0,0,12.8591,2.119,77.966,0.0,True,25.5,4840,3.2857,2.82
google,1500,10,linear,True,False,10.0,0.4,0.3,0.3,0,0,IE,4,WOA,random,6,0.3333333333333333,E26,16.49,95.45,39,1.301216,86.4519,2.6192,0.0,0,12.9091,2.1403,78.029,0.0,True,25.5,4840,3.3004,2.72
google,1500,10,linear,True,False,10.0,0.4,0.3,0.3,0,0,IE,4,WOA,random,7,0.3333333333333333,E26,16.49,95.45,39,1.303867,86.4243,2.4207,0.0,0,12.9591,2.1268,71.379,0.0,True,24.5,4840,3.2766,2.69
google,1500,20,linear,True,False,10.0,0.4,0.3,0.3,0,0,IE,3,GA,random,9,0.3333333333333333,E26,16.49,95.45,39,2.841719,86.864,5.0946,0.0,0,12.7091,2.0862,81.332,0.0,True,27.0,4840,5.7016,3.76
google,1500,20,linear,True,False,10.0,0.4,0.3,0.3,0,0,IE,3,GA,random,10,0.3333333333333333,E26,16.49,95.45,39,2.835364,86.8934,5.3069,0.0,0,12.6591,2.0809,83.797,0.0,True,26.5,4840,5.6829,3.61
google,1500,20,linear,True,False,10.0,0.4,0.3,0.3,0,0,IE,3,WOA,carbon,1,0.3333333333333333,E26,16.49,95.45,39,2.581144,88.0685,13.7971,0.0,0,12.6091,2.0903,68.502,0.0,True,25.5,4840,3.2685,2.35
google,1500,20,linear,True,False,10.0,0.4,0.3,0.3,0,0,IE,3,WOA,carbon,2,0.3333333333333333,E26,16.49,95.45,39,2.581648,88.0662,13.7803,0.0,0,12.6091,2.0903,67.662,0.0,True,25.5,4840,3.3352,2.32
google,1500,20,linear,True,False,10.0,0.4,0.3,0.3,0,0,IE,3,WOA,carbon,3,0.3333333333333333,E26,16.49,95.45,39,2.567067,88.1336,14.2673,0.0,0,12.5091,2.0753,76.329,0.0,True,25.5,4840,3.4048,2.36
google,1500,20,linear,True,False,10.0,0.4,0.3,0.3,0,0,IE,3,WOA,carbon,4,0.3333333333333333,E26,16.49,95.45,39,2.581879,88.0651,13.7726,0.0,0,12.6091,2.0903,68.834,0.0,True,25.5,4840,3.3071,2.55
google,1500,20,linear,True,False,10.0,0.4,0.3,0.3,0,0,IE,3,WOA,carbon,5,0.3333333333333333,E26,16.49,95.45,39,2.581144,88.0685,13.7971,0.0,0,12.6091,2.0903,68.502,0.0,True,25.5,4840,3.3454,2.33
google,1500,20,linear,True,False,10.0,0.4,0.3,0.3,0,0,IE,3,WOA,carbon,6,0.3333333333333333,E26,16.49,95.45,39,2.581144,88.0685,13.7971,0.0,0,12.6091,2.0903,68.502,0.0,True,25.5,4840,3.2854,2.23
google,1500,20,linear,True,False,10.0,0.4,0.3,0.3,0,0,IE,3,HHO,random,3,0.3333333333333333,E26,16.49,95.45,39,2.874987,86.7102,3.9836,0.0,0,12.8091,2.1112,74.175,0.0,True,24.5,8894,4.9882,2.91
google,1500,20,linear,True,False,10.0,0.4,0.3,0.3,0,0,IE,3,HHO,random,4,0.3333333333333333,E26,16.49,95.45,39,2.84172,86.864,5.0946,0.0,0,12.9091,2.1304,74.381,0.0,True,28.0,9094,5.0472,2.72
google,1500,20,linear,True,False,10.0,0.4,0.3,0.3,0,0,IE,3,HHO,random,5,0.3333333333333333,E26,16.49,95.45,39,2.865022,86.7563,4.3164,0.0,0,13.0591,2.1524,72.519,0.0,True,28.0,8986,5.0061,2.86
google,1500,20,linear,True,False,10.0,0.4,0.3,0.3,0,0,IE,3,HHO,random,6,0.3333333333333333,E26,16.49,95.45,39,2.859978,86.7796,4.4848,0.0,0,13.1591,2.1919,62.087,0.0,True,28.5,8968,5.037,2.44
google,1500,20,linear,True,False,10.0,0.4,0.3,0.3,0,0,IE,3,HHO,random,7,0.3333333333333333,E26,16.49,95.45,39,2.859399,86.7823,4.5042,0.0,0,13.1591,2.1822,63.097,0.0,True,28.5,8946,5.1377,2.62
google,1500,20,linear,True,False,10.0,0.4,0.3,0.3,0,0,IE,3,HHO,random,8,0.3333333333333333,E26,16.49,95.45,39,2.883089,86.6728,3.713,0.0,0,12.9091,2.1276,76.05,0.0,True,27.5,8872,5.0004,2.64
google,1500,20,linear,True,False,10.0,0.4,0.3,0.3,0,0,IE,3,HHO,random,9,0.3333333333333333,E26,16.49,95.45,39,2.848809,86.8312,4.8579,0.0,0,13.1091,2.1644,63.614,0.0,True,28.5,8790,4.9333,2.68
google,1500,20,linear,True,False,10.0,0.4,0.3,0.3,0,0,IE,3,HHO,random,10,0.3333333333333333,E26,16.49,95.45,39,2.893288,86.6256,3.3724,0.0,0,12.9091,2.1242,78.092,0.0,True,26.5,8942,5.027,2.55
google,1500,10,linear,True,False,10.0,0.4,0.3,0.3,0,0,IE,4,WOA,random,8,0.3333333333333333,E26,16.49,95.45,39,1.294599,86.5208,3.1144,0.0,0,12.8591,2.121,76.317,0.0,True,25.0,4840,3.2619,2.58
google,1500,10,linear,True,False,10.0,0.4,0.3,0.3,0,0,IE,4,WOA,random,9,0.3333333333333333,E26,16.49,95.45,39,1.296233,86.5037,2.9921,0.0,0,12.8591,2.1321,78.917,0.0,True,26.5,4840,3.3436,2.65
google,1500,10,linear,True,False,10.0,0.4,0.3,0.3,0,0,IE,4,WOA,random,10,0.3333333333333333,E26,16.49,95.45,39,1.306441,86.3975,2.2281,0.0,0,12.9591,2.1274,73.556,0.0,True,26.5,4840,3.3721,2.59
google,1500,10,linear,True,False,10.0,0.4,0.3,0.3,0,0,IE,4,GWO,random,1,0.3333333333333333,E26,16.49,95.45,39,1.294423,86.5226,3.1275,0.0,0,12.8591,2.1115,80.863,0.0,True,25.5,4840,3.8023,2.48
google,1500,10,linear,True,False,10.0,0.4,0.3,0.3,0,0,IE,4,GWO,random,2,0.3333333333333333,E26,16.49,95.45,39,1.299289,86.4719,2.7633,0.0,0,12.9091,2.1287,79.429,0.0,True,25.5,4840,3.7693,2.54
google,1500,10,linear,True,False,10.0,0.4,0.3,0.3,0,0,IE,4,GWO,random,3,0.3333333333333333,E26,16.49,95.45,39,1.281812,86.6539,4.0713,0.0,0,12.7591,2.0886,80.978,0.0,True,25.5,4840,3.7711,2.66
google,1500,10,linear,True,False,10.0,0.4,0.3,0.3,0,0,IE,4,GWO,random,4,0.3333333333333333,E26,16.49,95.45,39,1.304056,86.4223,2.4066,0.0,0,12.9591,2.146,79.096,0.0,True,26.5,4840,3.8164,2.43
google,1500,10,linear,True,False,10.0,0.4,0.3,0.3,0,0,IE,4,GWO,random,5,0.3333333333333333,E26,16.49,95.45,39,1.282046,86.6515,4.0538,0.0,0,12.7591,2.1107,81.11,0.0,True,26.0,4840,3.8522,2.64
google,1500,20,linear,True,False,10.0,0.4,0.3,0.3,0,0,IE,4,Consolidation,-,0,0.3333333333333333,E26,16.49,95.45,39,1.336213,86.0875,0.0,0.0,0,13.3091,2.1675,55.842,0.0,True,24.5,0,0.0,0.0
google,1500,20,linear,True,False,10.0,0.4,0.3,0.3,0,0,IE,4,Greedy(EDF+greenest),-,0,0.3333333333333333,E26,16.49,95.45,39,1.202437,87.4803,10.0116,0.0,0,12.6091,2.0405,64.897,7.5533,False,24.5,0,0.0002,0.0
google,1500,20,linear,True,False,10.0,0.4,0.3,0.3,0,0,IE,4,VCC(Google),-,0,0.3333333333333333,E26,16.49,95.45,39,1.336213,86.0875,0.0,0.0,0,13.3091,2.1675,55.842,0.0,True,24.5,0,0.0049,0.0
google,1500,20,linear,True,False,10.0,0.4,0.3,0.3,0,0,IE,4,Threshold(WaitAwhile),-,0,0.3333333333333333,E26,16.49,95.45,39,1.289596,86.5728,3.4888,0.0,0,13.0591,2.13,56.092,0.0,True,24.5,0,0.0211,0.0
google,1500,20,linear,True,False,10.0,0.4,0.3,0.3,0,0,IE,4,WOA,random,1,0.3333333333333333,E26,16.49,95.45,39,1.279601,86.6769,4.2368,0.0,0,12.7591,2.1048,79.8,0.0,True,24.5,4840,3.2699,2.74
google,1500,20,linear,True,False,10.0,0.4,0.3,0.3,0,0,IE,4,WOA,random,2,0.3333333333333333,E26,16.49,95.45,39,1.298852,86.4765,2.7961,0.0,0,12.9091,2.1271,76.633,0.0,True,26.0,4840,3.3312,2.52
google,1500,20,linear,True,False,10.0,0.4,0.3,0.3,0,0,IE,4,WOA,random,3,0.3333333333333333,E26,16.49,95.45,39,1.3047,86.4156,2.3584,0.0,0,12.9591,2.1398,78.264,0.0,True,26.0,4840,3.3354,2.5
google,1500,20,linear,True,False,10.0,0.4,0.3,0.3,0,0,IE,4,WOA,random,4,0.3333333333333333,E26,16.49,95.45,39,1.288487,86.5844,3.5718,0.0,0,12.8091,2.1067,76.248,0.0,True,25.0,4840,3.3301,2.55
google,1500,10,linear,True,False,10.0,0.4,0.3,0.3,0,0,IE,4,PSO,random,4,0.3333333333333333,E26,16.49,95.45,39,1.305004,86.4124,2.3356,0.0,0,12.9591,2.1385,78.845,0.0,True,27.0,4840,3.5068,4.04
google,1500,10,linear,True,False,10.0,0.4,0.3,0.3,0,0,IE,4,PSO,random,5,0.3333333333333333,E26,16.49,95.45,39,1.307403,86.3874,2.1561,0.0,0,12.9591,2.1432,78.608,0.0,True,26.5,4840,3.3793,4.09
google,1500,10,linear,True,False,10.0,0.4,0.3,0.3,0,0,IE,4,PSO,random,6,0.3333333333333333,E26,16.49,95.45,39,1.309465,86.366,2.0018,0.0,0,13.0091,2.1449,77.496,0.0,True,26.5,4840,3.4111,4.05
google,1500,10,linear,True,False,10.0,0.4,0.3,0.3,0,0,IE,4,PSO,random,7,0.3333333333333333,E26,16.49,95.45,39,1.30223,86.4413,2.5433,0.0,0,12.9091,2.1156,78.654,0.0,True,27.0,4840,3.3484,4.17
google,1500,10,linear,True,False,10.0,0.4,0.3,0.3,0,0,IE,4,PSO,random,8,0.3333333333333333,E26,16.49,95.45,39,1.309915,86.3613,1.9681,0.0,0,13.0091,2.1334,77.267,0.0,True,27.0,4840,3.3781,4.18
google,1500,10,linear,True,False,10.0,0.4,0.3,0.3,0,0,IE,4,PSO,random,9,0.3333333333333333,E26,16.49,95.45,39,1.306289,86.399,2.2395,0.0,0,12.9591,2.1482,77.484,0.0,True,27.5,4840,3.4244,4.23
google,1500,10,linear,True,False,10.0,0.4,0.3,0.3,0,0,IE,4,PSO,random,10,0.3333333333333333,E26,16.49,95.45,39,1.300888,86.4553,2.6437,0.0,0,12.9091,2.1299,77.241,0.0,True,27.0,4840,3.4412,4.11
google,1500,10,linear,True,False,10.0,0.4,0.3,0.3,0,0,IE,4,DE,random,1,0.3333333333333333,E26,16.49,95.45,39,1.275795,86.7165,4.5216,0.0,0,12.7091,2.1027,82.977,0.0,True,26.5,4840,3.3278,2.72
google,1500,20,linear,True,False,10.0,0.4,0.3,0.3,0,0,IE,3,GA,random,1,0.3333333333333333,E26,16.49,95.45,39,2.834274,86.8984,5.3433,0.0,0,12.6591,2.0821,83.008,0.0,True,26.0,4840,5.6879,3.72
google,1500,20,linear,True,False,10.0,0.4,0.3,0.3,0,0,IE,3,GA,random,2,0.3333333333333333,E26,16.49,95.45,39,2.847314,86.8381,4.9078,0.0,0,12.7091,2.0742,81.767,0.0,True,26.5,4840,5.6729,3.62
google,1500,20,linear,True,False,10.0,0.4,0.3,0.3,0,0,IE,3,GA,random,3,0.3333333333333333,E26,16.49,95.45,39,2.827277,86.9307,5.577,0.0,0,12.6591,2.098,83.718,0.0,True,26.5,4840,5.687,3.8
google,1500,20,linear,True,False,10.0,0.4,0.3,0.3,0,0,IE,3,GA,random,4,0.3333333333333333,E26,16.49,95.45,39,2.828805,86.9237,5.526,0.0,0,12.6091,2.0821,84.651,0.0,True,25.5,4840,5.8376,3.75
google,1500,20,linear,True,False,10.0,0.4,0.3,0.3,0,0,IE,3,GA,random,5,0.3333333333333333,E26,16.49,95.45,39,2.809479,87.013,6.1714,0.0,0,12.5091,2.0669,86.127,0.0,True,25.5,4840,5.7495,3.75
google,1500,20,linear,True,False,10.0,0.4,0.3,0.3,0,0,IE,3,GA,random,6,0.3333333333333333,E26,16.49,95.45,39,2.828277,86.9261,5.5436,0.0,0,12.6091,2.0729,84.186,0.0,True,27.0,4840,5.7062,3.65
google,1500,20,linear,True,False,10.0,0.4,0.3,0.3,0,0,IE,3,GA,random,7,0.3333333333333333,E26,16.49,95.45,39,2.83237,86.9072,5.4069,0.0,0,12.6591,2.0871,82.746,0.0,True,26.5,4840,5.7629,3.71
google,1500,20,linear,True,False,10.0,0.4,0.3,0.3,0,0,IE,3,GA,random,8,0.3333333333333333,E26,16.49,95.45,39,2.822658,86.9521,5.7313,0.0,0,12.6091,2.0762,83.265,0.0,True,28.0,4840,5.8009,3.77
google,1500,10,linear,True,False,10.0,0.4,0.3,0.3,0,0,IE,4,DE,random,2,0.3333333333333333,E26,16.49,95.45,39,1.285221,86.6184,3.8162,0.0,0,12.7591,2.1102,80.912,0.0,True,26.5,4840,3.6202,2.62
google,1500,10,linear,True,False,10.0,0.4,0.3,0.3,0,0,IE,4,DE,random,3,0.3333333333333333,E26,16.49,95.45,39,1.275005,86.7248,4.5807,0.0,0,12.6591,2.0633,83.792,0.0,True,26.0,4840,3.5038,2.73
google,1500,10,linear,True,False,10.0,0.4,0.3,0.3,0,0,IE,4,DE,random,4,0.3333333333333333,E26,16.49,95.45,39,1.283377,86.6376,3.9542,0.0,0,12.7591,2.1143,82.418,0.0,True,25.5,4840,3.5333,2.65
google,1500,10,linear,True,False,10.0,0.4,0.3,0.3,0,0,IE,4,DE,random,5,0.3333333333333333,E26,16.49,95.45,39,1.263613,86.8434,5.4333,0.0,0,12.5591,2.0693,85.446,0.0,True,26.0,4840,3.4678,2.78
google,1500,10,linear,True,False,10.0,0.4,0.3,0.3,0,0,IE,4,DE,random,6,0.3333333333333333,E26,16.49,95.45,39,1.279894,86.6739,4.2149,0.0,0,12.7091,2.0993,81.672,0.0,True,27.5,4840,3.483,2.72
google,1500,10,linear,True,False,10.0,0.4,0.3,0.3,0,0,IE,4,DE,random,7,0.3333333333333333,E26,16.49,95.45,39,1.282584,86.6459,4.0135,0.0,0,12.7591,2.1113,82.798,0.0,True,25.5,4840,3.5409,2.6
google,1500,10,linear,True,False,10.0,0.4,0.3,0.3,0,0,IE,4,DE,random,8,0.3333333333333333,E26,16.49,95.45,39,1.273861,86.7367,4.6664,0.0,0,12.6591,2.0912,83.392,0.0,True,26.0,4840,3.5552,2.62
google,1500,10,linear,True,False,10.0,0.4,0.3,0.3,0,0,IE,4,DE,random,9,0.3333333333333333,E26,16.49,95.45,39,1.273531,86.7401,4.691,0.0,0,12.6591,2.0907,83.08,0.0,True,26.0,4840,3.5849,2.59
google,1500,10,linear,True,False,10.0,0.4,0.3,0.3,0,0,IE,4,GWO,random,6,0.3333333333333333,E26,16.49,95.45,39,1.297777,86.4877,2.8765,0.0,0,12.9091,2.1279,79.792,0.0,True,26.5,4840,3.9071,2.45
google,1500,10,linear,True,False,10.0,0.4,0.3,0.3,0,0,IE,4,GWO,random,7,0.3333333333333333,E26,16.49,95.45,39,1.297615,86.4894,2.8886,0.0,0,12.9091,2.1128,79.1,0.0,True,26.5,4840,3.8166,2.42
google,1500,10,linear,True,False,10.0,0.4,0.3,0.3,0,0,IE,4,GWO,random,8,0.3333333333333333,E26,16.49,95.45,39,1.282598,86.6457,4.0125,0.0,0,12.7591,2.1012,82.734,0.0,True,25.5,4840,3.8234,2.57
google,1500,10,linear,True,False,10.0,0.4,0.3,0.3,0,0,IE,4,GWO,random,9,0.3333333333333333,E26,16.49,95.45,39,1.278949,86.6837,4.2855,0.0,0,12.7091,2.0776,83.293,0.0,True,25.5,4840,3.7729,2.58
google,1500,10,linear,True,False,10.0,0.4,0.3,0.3,0,0,IE,4,GWO,random,10,0.3333333333333333,E26,16.49,95.45,39,1.279132,86.6818,4.2719,0.0,0,12.7091,2.0884,82.868,0.0,True,25.5,4840,3.7964,2.62
google,1500,10,linear,True,False,10.0,0.4,0.3,0.3,0,0,IE,4,PSO,random,1,0.3333333333333333,E26,16.49,95.45,39,1.295803,86.5082,3.0242,0.0,0,12.8591,2.1224,79.604,0.0,True,27.0,4840,3.45,4.39
google,1500,10,linear,True,False,10.0,0.4,0.3,0.3,0,0,IE,4,PSO,random,2,0.3333333333333333,E26,16.49,95.45,39,1.314344,86.3152,1.6367,0.0,0,13.0591,2.1771,76.768,0.0,True,27.0,4840,3.4619,4.09
google,1500,10,linear,True,False,10.0,0.4,0.3,0.3,0,0,IE,4,PSO,random,3,0.3333333333333333,E26,16.49,95.45,39,1.291236,86.5558,3.366,0.0,0,12.8091,2.1149,80.744,0.0,True,26.0,4840,3.4461,4.43
google,1500,10,linear,True,False,10.0,0.4,0.3,0.3,0,0,IE,4,WOA,carbon,4,0.3333333333333333,E26,16.49,95.45,39,1.280238,86.6703,4.1891,0.0,0,12.9591,2.1098,71.809,0.0,True,25.0,4840,3.2687,2.57
google,1500,10,linear,True,False,10.0,0.4,0.3,0.3,0,0,IE,4,WOA,carbon,5,0.3333333333333333,E26,16.49,95.45,39,1.288181,86.5876,3.5947,0.0,0,12.8091,2.1048,75.419,0.0,True,25.0,4840,3.2545,2.51
google,1500,10,linear,True,False,10.0,0.4,0.3,0.3,0,0,IE,4,WOA,carbon,6,0.3333333333333333,E26,16.49,95.45,39,1.299281,86.472,2.7639,0.0,0,12.9591,2.1176,74.578,0.0,True,25.0,4840,3.2192,2.39
google,1500,10,linear,True,False,10.0,0.4,0.3,0.3,0,0,IE,4,WOA,carbon,7,0.3333333333333333,E26,16.49,95.45,39,1.292177,86.546,3.2956,0.0,0,12.8591,2.121,75.007,0.0,True,26.0,4840,3.2925,2.47
google,1500,10,linear,True,False,10.0,0.4,0.3,0.3,0,0,IE,4,WOA,carbon,8,0.3333333333333333,E26,16.49,95.45,39,1.288966,86.5794,3.5359,0.0,0,12.8591,2.0798,78.147,0.0,True,25.0,4840,3.2647,2.63
google,1500,10,linear,True,False,10.0,0.4,0.3,0.3,0,0,IE,4,WOA,carbon,9,0.3333333333333333,E26,16.49,95.45,39,1.264254,86.8367,5.3853,0.0,0,12.9091,2.1017,70.286,0.0,True,25.5,4840,3.3209,2.65
google,1500,10,linear,True,False,10.0,0.4,0.3,0.3,0,0,IE,4,WOA,carbon,10,0.3333333333333333,E26,16.49,95.45,39,1.288994,86.5791,3.5338,0.0,0,12.8591,2.0985,75.894,0.0,True,25.5,4840,3.3112,2.49
google,1500,20,linear,True,False,10.0,0.4,0.3,0.3,0,0,IE,4,FIFO,-,0,0.3333333333333333,E26,16.49,95.45,39,9.604388,0.0,-618.7766,0.0,0,95.9591,15.66,5.308,0.0,True,24.5,0,0.0,0.0
google,1500,20,linear,True,False,10.0,0.4,0.3,0.3,0,0,IE,4,WOA,carbon,9,0.3333333333333333,E26,16.49,95.45,39,1.233256,87.1595,7.7052,0.0,0,12.8091,2.0149,67.44,0.0,True,24.5,4840,3.3135,2.73
google,1500,20,linear,True,False,10.0,0.4,0.3,0.3,0,0,IE,4,WOA,carbon,10,0.3333333333333333,E26,16.49,95.45,39,1.222993,87.2663,8.4732,0.0,0,12.7091,2.0248,70.215,0.0,True,24.5,4840,3.3373,2.48
google,1500,10,linear,True,False,10.0,0.4,0.3,0.3,0,0,IE,5,FIFO,-,0,0.3333333333333333,E26,16.49,95.45,39,11.187561,0.0,-619.7532,0.0,0,95.9591,15.66,5.308,8.9738,False,24.5,0,0.0,0.0
google,1500,10,linear,True,False,10.0,0.4,0.3,0.3,0,0,IE,5,Consolidation,-,0,0.3333333333333333,E26,16.49,95.45,39,1.554361,86.1063,0.0,0.0,0,13.3091,2.1675,55.842,8.9738,False,24.5,0,0.0,0.0
google,1500,10,linear,True,False,10.0,0.4,0.3,0.3,0,0,IE,5,Greedy(EDF+greenest),-,0,0.3333333333333333,E26,16.49,95.45,39,1.405192,87.4397,9.5968,0.0,0,12.9091,2.229,59.256,14.2149,False,24.5,0,0.0002,0.0
google,1500,10,linear,True,False,10.0,0.4,0.3,0.3,0,0,IE,5,VCC(Google),-,0,0.3333333333333333,E26,16.49,95.45,39,1.554129,86.1084,0.0149,0.0,0,13.2591,2.16,59.35,0.0,True,24.5,0,0.0052,0.0
google,1500,10,linear,True,False,10.0,0.4,0.3,0.3,0,0,IE,5,Threshold(WaitAwhile),-,0,0.3333333333333333,E26,16.49,95.45,39,1.441413,87.1159,7.2665,0.0,0,13.0591,2.2539,56.487,21.9138,False,24.5,0,0.0217,0.0
google,1500,10,linear,True,False,10.0,0.4,0.3,0.3,0,0,IE,5,WOA,random,1,0.3333333333333333,E26,16.49,95.45,39,1.474017,86.8245,5.1689,0.0,0,12.9091,2.146,80.671,0.0,True,25.5,4840,3.347,2.53
google,1500,20,linear,True,False,10.0,0.4,0.3,0.3,0,0,IE,4,WOA,random,5,0.3333333333333333,E26,16.49,95.45,39,1.306068,86.4013,2.256,0.0,0,13.0091,2.1377,72.127,0.0,True,25.0,4840,3.3144,2.47
google,1500,20,linear,True,False,10.0,0.4,0.3,0.3,0,0,IE,4,WOA,random,6,0.3333333333333333,E26,16.49,95.45,39,1.308182,86.3793,2.0978,0.0,0,13.0091,2.1458,71.784,0.0,True,24.5,4840,3.3304,2.47
google,1500,20,linear,True,False,10.0,0.4,0.3,0.3,0,0,IE,4,WOA,random,7,0.3333333333333333,E26,16.49,95.45,39,1.300558,86.4587,2.6684,0.0,0,12.9091,2.1271,74.431,0.0,True,26.5,4840,3.3587,2.52
google,1500,20,linear,True,False,10.0,0.4,0.3,0.3,0,0,IE,4,WOA,random,8,0.3333333333333333,E26,16.49,95.45,39,1.294765,86.519,3.1019,0.0,0,12.8591,2.1221,76.163,0.0,True,25.0,4840,3.3655,2.5
google,1500,20,linear,True,False,10.0,0.4,0.3,0.3,0,0,IE,4,WOA,random,9,0.3333333333333333,E26,16.49,95.45,39,1.295943,86.5068,3.0138,0.0,0,12.8591,2.1299,79.718,0.0,True,27.5,4840,3.3728,2.51
google,1500,20,linear,True,False,10.0,0.4,0.3,0.3,0,0,IE,4,WOA,random,10,0.3333333333333333,E26,16.49,95.45,39,1.305602,86.4062,2.2909,0.0,0,12.9591,2.1383,73.605,0.0,True,25.0,4840,3.3524,2.5
google,1500,20,linear,True,False,10.0,0.4,0.3,0.3,0,0,IE,4,GWO,random,1,0.3333333333333333,E26,16.49,95.45,39,1.294423,86.5226,3.1275,0.0,0,12.8591,2.1115,80.863,0.0,True,25.5,4840,3.9109,2.48
google,1500,20,linear,True,False,10.0,0.4,0.3,0.3,0,0,IE,4,GWO,random,2,0.3333333333333333,E26,16.49,95.45,39,1.299289,86.4719,2.7633,0.0,0,12.9091,2.1287,79.429,0.0,True,25.5,4840,3.9052,2.54
google,1500,10,linear,True,False,10.0,0.4,0.3,0.3,0,0,IE,4,DE,random,10,0.3333333333333333,E26,16.49,95.45,39,1.289289,86.576,3.5117,0.0,0,12.8091,2.1029,81.1,0.0,True,25.5,4840,3.3143,2.46
google,1500,10,linear,True,False,10.0,0.4,0.3,0.3,0,0,IE,4,HHO,random,1,0.3333333333333333,E26,16.49,95.45,39,1.298967,86.4753,2.7875,0.0,0,12.9091,2.1152,73.339,0.0,True,24.5,8910,5.0012,2.7
google,1500,10,linear,True,False,10.0,0.4,0.3,0.3,0,0,IE,4,HHO,random,2,0.3333333333333333,E26,16.49,95.45,39,1.304089,86.4219,2.4041,0.0,0,12.9591,2.1246,72.843,0.0,True,24.5,8780,4.9219,2.58
google,1500,10,linear,True,False,10.0,0.4,0.3,0.3,0,0,IE,4,HHO,random,3,0.3333333333333333,E26,16.49,95.45,39,1.292331,86.5444,3.2841,0.0,0,12.8591,2.1047,77.244,0.0,True,27.0,8894,5.0228,2.75
google,1500,10,linear,True,False,10.0,0.4,0.3,0.3,0,0,IE,4,HHO,random,4,0.3333333333333333,E26,16.49,95.45,39,1.279912,86.6737,4.2135,0.0,0,12.7091,2.0904,77.218,0.0,True,26.0,9094,5.1617,2.76
google,1500,10,linear,True,False,10.0,0.4,0.3,0.3,0,0,IE,4,HHO,random,5,0.3333333333333333,E26,16.49,95.45,39,1.296001,86.5062,3.0094,0.0,0,12.8591,2.1173,76.358,0.0,True,25.5,8986,5.111,2.45
google,1500,10,linear,True,False,10.0,0.4,0.3,0.3,0,0,IE,4,HHO,random,6,0.3333333333333333,E26,16.49,95.45,39,1.293212,86.5352,3.2181,0.0,0,12.8591,2.1193,74.293,0.0,True,24.5,8968,5.0999,2.51
google,1500,10,linear,True,False,10.0,0.4,0.3,0.3,0,0,IE,4,HHO,random,7,0.3333333333333333,E26,16.49,95.45,39,1.296507,86.5009,2.9715,0.0,0,12.8591,2.1187,76.275,0.0,True,25.0,8946,5.099,2.61
google,1500,10,linear,True,False,10.0,0.4,0.3,0.3,0,0,IE,4,GA,random,6,0.3333333333333333,E26,16.49,95.45,39,1.26809,86.7968,5.0982,0.0,0,12.6091,2.0717,84.374,0.0,True,25.5,4840,6.2029,3.83
google,1500,10,linear,True,False,10.0,0.4,0.3,0.3,0,0,IE,4,GA,random,7,0.3333333333333333,E26,16.49,95.45,39,1.2729,86.7467,4.7383,0.0,0,12.6591,2.0905,83.203,0.0,True,26.0,4840,6.1644,3.81
google,1500,10,linear,True,False,10.0,0.4,0.3,0.3,0,0,IE,4,GA,random,8,0.3333333333333333,E26,16.49,95.45,39,1.273215,86.7434,4.7147,0.0,0,12.6591,2.0815,82.209,0.0,True,26.0,4840,6.1962,3.64
google,1500,10,linear,True,False,10.0,0.4,0.3,0.3,0,0,IE,4,GA,random,9,0.3333333333333333,E26,16.49,95.45,39,1.272635,86.7494,4.7581,0.0,0,12.6591,2.0826,84.076,0.0,True,25.5,4840,6.2318,3.71
google,1500,10,linear,True,False,10.0,0.4,0.3,0.3,0,0,IE,4,GA,random,10,0.3333333333333333,E26,16.49,95.45,39,1.273713,86.7382,4.6774,0.0,0,12.6591,2.0787,84.879,0.0,True,25.5,4840,6.2412,3.73
google,1500,10,linear,True,False,10.0,0.4,0.3,0.3,0,0,IE,4,WOA,carbon,1,0.3333333333333333,E26,16.49,95.45,39,1.2948,86.5187,3.0993,0.0,0,12.9591,2.1075,73.745,0.0,True,24.5,4840,3.558,2.44
google,1500,10,linear,True,False,10.0,0.4,0.3,0.3,0,0,IE,4,WOA,carbon,2,0.3333333333333333,E26,16.49,95.45,39,1.293706,86.5301,3.1812,0.0,0,13.0091,2.1375,74.144,0.0,True,28.5,4840,3.5825,2.47
google,1500,10,linear,True,False,10.0,0.4,0.3,0.3,0,0,IE,4,WOA,carbon,3,0.3333333333333333,E26,16.49,95.45,39,1.29953,86.4694,2.7453,0.0,0,12.9591,2.101,74.579,0.0,True,26.5,4840,3.5266,2.57
google,1500,10,linear,True,False,10.0,0.4,0.3,0.3,0,0,IE,4,HHO,random,8,0.3333333333333333,E26,16.49,95.45,39,1.294994,86.5166,3.0848,0.0,0,12.8591,2.1214,77.955,0.0,True,26.0,8872,5.2732,2.76
google,1500,10,linear,True,False,10.0,0.4,0.3,0.3,0,0,IE,4,HHO,random,9,0.3333333333333333,E26,16.49,95.45,39,1.297198,86.4937,2.9199,0.0,0,12.8591,2.1162,75.906,0.0,True,26.0,8790,5.1496,2.65
google,1500,10,linear,True,False,10.0,0.4,0.3,0.3,0,0,IE,4,HHO,random,10,0.3333333333333333,E26,16.49,95.45,39,1.287405,86.5957,3.6528,0.0,0,12.8091,2.1073,76.734,0.0,True,24.5,8942,5.2603,2.43
google,1500,10,linear,True,False,10.0,0.4,0.3,0.3,0,0,IE,4,GA,random,1,0.3333333333333333,E26,16.49,95.45,39,1.264059,86.8387,5.3999,0.0,0,12.5591,2.0796,87.27,0.0,True,25.0,4840,6.1812,3.72
google,1500,10,linear,True,False,10.0,0.4,0.3,0.3,0,0,IE,4,GA,random,2,0.3333333333333333,E26,16.49,95.45,39,1.27048,86.7719,4.9194,0.0,0,12.6091,2.0547,84.241,0.0,True,25.5,4840,6.222,3.72
google,1500,10,linear,True,False,10.0,0.4,0.3,0.3,0,0,IE,4,GA,random,3,0.3333333333333333,E26,16.49,95.45,39,1.266142,86.8171,5.244,0.0,0,12.6091,2.0712,83.974,0.0,True,25.5,4840,6.1934,3.74
google,1500,10,linear,True,False,10.0,0.4,0.3,0.3,0,0,IE,4,GA,random,4,0.3333333333333333,E26,16.49,95.45,39,1.274493,86.7301,4.619,0.0,0,12.6591,2.0781,84.044,0.0,True,25.5,4840,6.1987,3.84
google,1500,10,linear,True,False,10.0,0.4,0.3,0.3,0,0,IE,4,GA,random,5,0.3333333333333333,E26,16.49,95.45,39,1.271036,86.7661,4.8778,0.0,0,12.6591,2.0798,84.257,0.0,True,25.5,4840,6.1607,3.8
google,1500,20,linear,True,False,10.0,0.4,0.3,0.3,0,0,IE,4,PSO,random,1,0.3333333333333333,E26,16.49,95.45,39,1.295803,86.5082,3.0242,0.0,0,12.8591,2.1224,79.604,0.0,True,27.0,4840,3.4161,4.39
google,1500,20,linear,True,False,10.0,0.4,0.3,0.3,0,0,IE,4,PSO,random,2,0.3333333333333333,E26,16.49,95.45,39,1.314344,86.3152,1.6367,0.0,0,13.0591,2.1771,76.768,0.0,True,27.0,4840,3.4415,4.09
google,1500,20,linear,True,False,10.0,0.4,0.3,0.3,0,0,IE,4,PSO,random,3,0.3333333333333333,E26,16.49,95.45,39,1.291236,86.5558,3.366,0.0,0,12.8091,2.1149,80.744,0.0,True,26.0,4840,3.4238,4.43
google,1500,20,linear,True,False,10.0,0.4,0.3,0.3,0,0,IE,4,PSO,random,4,0.3333333333333333,E26,16.49,95.45,39,1.305004,86.4124,2.3356,0.0,0,12.9591,2.1385,78.845,0.0,True,27.0,4840,3.4252,4.08
google,1500,20,linear,True,False,10.0,0.4,0.3,0.3,0,0,IE,4,PSO,random,5,0.3333333333333333,E26,16.49,95.45,39,1.307403,86.3874,2.1561,0.0,0,12.9591,2.1432,78.608,0.0,True,26.5,4840,3.4259,4.12
google,1500,20,linear,True,False,10.0,0.4,0.3,0.3,0,0,IE,4,PSO,random,6,0.3333333333333333,E26,16.49,95.45,39,1.309465,86.366,2.0018,0.0,0,13.0091,2.1449,77.496,0.0,True,26.5,4840,3.4493,4.09
google,1500,20,linear,True,False,10.0,0.4,0.3,0.3,0,0,IE,4,PSO,random,7,0.3333333333333333,E26,16.49,95.45,39,1.30223,86.4413,2.5433,0.0,0,12.9091,2.1156,78.654,0.0,True,27.0,4840,3.4154,4.21
google,1500,20,linear,True,False,10.0,0.4,0.3,0.3,0,0,IE,4,PSO,random,8,0.3333333333333333,E26,16.49,95.45,39,1.309915,86.3613,1.9681,0.0,0,13.0091,2.1334,77.267,0.0,True,27.0,4840,3.4264,4.22
google,1500,20,linear,True,False,10.0,0.4,0.3,0.3,0,0,IE,4,GWO,random,3,0.3333333333333333,E26,16.49,95.45,39,1.281812,86.6539,4.0713,0.0,0,12.7591,2.0886,80.978,0.0,True,25.5,4840,3.8814,2.67
google,1500,20,linear,True,False,10.0,0.4,0.3,0.3,0,0,IE,4,GWO,random,4,0.3333333333333333,E26,16.49,95.45,39,1.304056,86.4223,2.4066,0.0,0,12.9591,2.146,79.096,0.0,True,26.5,4840,3.8557,2.43
google,1500,20,linear,True,False,10.0,0.4,0.3,0.3,0,0,IE,4,GWO,random,5,0.3333333333333333,E26,16.49,95.45,39,1.282046,86.6515,4.0538,0.0,0,12.7591,2.1107,81.11,0.0,True,26.0,4840,3.8483,2.64
google,1500,20,linear,True,False,10.0,0.4,0.3,0.3,0,0,IE,4,GWO,random,6,0.3333333333333333,E26,16.49,95.45,39,1.297777,86.4877,2.8765,0.0,0,12.9091,2.1279,79.792,0.0,True,26.5,4840,3.8742,2.44
google,1500,20,linear,True,False,10.0,0.4,0.3,0.3,0,0,IE,4,GWO,random,7,0.3333333333333333,E26,16.49,95.45,39,1.297615,86.4894,2.8886,0.0,0,12.9091,2.1128,79.1,0.0,True,26.5,4840,3.8759,2.42
google,1500,20,linear,True,False,10.0,0.4,0.3,0.3,0,0,IE,4,GWO,random,8,0.3333333333333333,E26,16.49,95.45,39,1.282598,86.6457,4.0125,0.0,0,12.7591,2.1012,82.734,0.0,True,25.5,4840,3.8728,2.57
google,1500,20,linear,True,False,10.0,0.4,0.3,0.3,0,0,IE,4,GWO,random,9,0.3333333333333333,E26,16.49,95.45,39,1.278949,86.6837,4.2855,0.0,0,12.7091,2.0776,83.293,0.0,True,25.5,4840,3.8493,2.58
google,1500,20,linear,True,False,10.0,0.4,0.3,0.3,0,0,IE,4,GWO,random,10,0.3333333333333333,E26,16.49,95.45,39,1.279132,86.6818,4.2719,0.0,0,12.7091,2.0884,82.868,0.0,True,25.5,4840,3.8633,2.62
google,1500,20,linear,True,False,10.0,0.4,0.3,0.3,0,0,IE,4,PSO,random,9,0.3333333333333333,E26,16.49,95.45,39,1.306289,86.399,2.2395,0.0,0,12.9591,2.1482,77.484,0.0,True,27.5,4840,3.4792,4.27
google,1500,20,linear,True,False,10.0,0.4,0.3,0.3,0,0,IE,4,PSO,random,10,0.3333333333333333,E26,16.49,95.45,39,1.300888,86.4553,2.6437,0.0,0,12.9091,2.1299,77.241,0.0,True,27.0,4840,3.4319,4.15
google,1500,20,linear,True,False,10.0,0.4,0.3,0.3,0,0,IE,4,DE,random,1,0.3333333333333333,E26,16.49,95.45,39,1.275795,86.7165,4.5216,0.0,0,12.7091,2.1027,82.977,0.0,True,26.5,4840,3.3366,2.71
google,1500,20,linear,True,False,10.0,0.4,0.3,0.3,0,0,IE,4,DE,random,2,0.3333333333333333,E26,16.49,95.45,39,1.285221,86.6184,3.8162,0.0,0,12.7591,2.1102,80.912,0.0,True,26.5,4840,3.3284,2.62
google,1500,20,linear,True,False,10.0,0.4,0.3,0.3,0,0,IE,4,DE,random,3,0.3333333333333333,E26,16.49,95.45,39,1.275005,86.7248,4.5807,0.0,0,12.6591,2.0633,83.792,0.0,True,26.0,4840,3.3467,2.73
google,1500,20,linear,True,False,10.0,0.4,0.3,0.3,0,0,IE,4,DE,random,4,0.3333333333333333,E26,16.49,95.45,39,1.283377,86.6376,3.9542,0.0,0,12.7591,2.1143,82.418,0.0,True,25.5,4840,3.3321,2.65
google,1500,20,linear,True,False,10.0,0.4,0.3,0.3,0,0,IE,4,DE,random,5,0.3333333333333333,E26,16.49,95.45,39,1.263613,86.8434,5.4333,0.0,0,12.5591,2.0693,85.446,0.0,True,26.0,4840,3.3295,2.78
google,1500,20,linear,True,False,10.0,0.4,0.3,0.3,0,0,IE,4,DE,random,6,0.3333333333333333,E26,16.49,95.45,39,1.279894,86.6739,4.2149,0.0,0,12.7091,2.0993,81.672,0.0,True,27.5,4840,3.3395,2.72
google,1500,20,linear,True,False,10.0,0.4,0.3,0.3,0,0,IE,4,WOA,carbon,1,0.3333333333333333,E26,16.49,95.45,39,1.22844,87.2096,8.0656,0.0,0,12.7591,2.0256,69.802,0.0,True,24.5,4840,3.3524,2.61
google,1500,20,linear,True,False,10.0,0.4,0.3,0.3,0,0,IE,4,WOA,carbon,2,0.3333333333333333,E26,16.49,95.45,39,1.225532,87.2399,8.2832,0.0,0,12.7091,2.0073,73.077,0.0,True,24.5,4840,3.3516,2.57
google,1500,20,linear,True,False,10.0,0.4,0.3,0.3,0,0,IE,4,WOA,carbon,3,0.3333333333333333,E26,16.49,95.45,39,1.231079,87.1821,7.8681,0.0,0,12.8091,2.0398,67.641,0.0,True,24.5,4840,3.3436,2.8
google,1500,20,linear,True,False,10.0,0.4,0.3,0.3,0,0,IE,4,WOA,carbon,4,0.3333333333333333,E26,16.49,95.45,39,1.230199,87.1913,7.934,0.0,0,12.7591,2.0064,68.555,0.0,True,24.5,4840,3.3476,2.46
google,1500,20,linear,True,False,10.0,0.4,0.3,0.3,0,0,IE,4,WOA,carbon,5,0.3333333333333333,E26,16.49,95.45,39,1.22965,87.197,7.975,0.0,0,12.7591,2.0443,68.718,0.0,True,24.5,4840,3.368,2.5
google,1500,20,linear,True,False,10.0,0.4,0.3,0.3,0,0,IE,4,WOA,carbon,6,0.3333333333333333,E26,16.49,95.45,39,1.232458,87.1678,7.7649,0.0,0,12.8091,2.0633,68.1,0.0,True,24.5,4840,3.3193,2.55
google,1500,20,linear,True,False,10.0,0.4,0.3,0.3,0,0,IE,4,WOA,carbon,7,0.3333333333333333,E26,16.49,95.45,39,1.22274,87.2689,8.4921,0.0,0,12.7091,2.022,70.646,0.0,True,24.5,4840,3.3548,2.55
google,1500,20,linear,True,False,10.0,0.4,0.3,0.3,0,0,IE,4,WOA,carbon,8,0.3333333333333333,E26,16.49,95.45,39,1.233667,87.1552,7.6744,0.0,0,12.8091,2.0422,67.986,0.0,True,25.0,4840,3.3572,2.48
google,1500,20,linear,True,False,10.0,0.4,0.3,0.3,0,0,IE,4,DE,random,7,0.3333333333333333,E26,16.49,95.45,39,1.282584,86.6459,4.0135,0.0,0,12.7591,2.1113,82.798,0.0,True,25.5,4840,3.3773,2.62
google,1500,20,linear,True,False,10.0,0.4,0.3,0.3,0,0,IE,4,DE,random,8,0.3333333333333333,E26,16.49,95.45,39,1.273861,86.7367,4.6664,0.0,0,12.6591,2.0912,83.392,0.0,True,26.0,4840,3.3434,2.63
google,1500,20,linear,True,False,10.0,0.4,0.3,0.3,0,0,IE,4,DE,random,9,0.3333333333333333,E26,16.49,95.45,39,1.273531,86.7401,4.691,0.0,0,12.6591,2.0907,83.08,0.0,True,26.0,4840,3.3604,2.61
google,1500,20,linear,True,False,10.0,0.4,0.3,0.3,0,0,IE,4,DE,random,10,0.3333333333333333,E26,16.49,95.45,39,1.289289,86.576,3.5117,0.0,0,12.8091,2.1029,81.1,0.0,True,25.5,4840,3.3611,2.47
google,1500,20,linear,True,False,10.0,0.4,0.3,0.3,0,0,IE,4,HHO,random,1,0.3333333333333333,E26,16.49,95.45,39,1.290678,86.5616,3.4078,0.0,0,12.8591,2.1108,73.848,0.0,True,24.5,8910,5.1133,2.56
google,1500,20,linear,True,False,10.0,0.4,0.3,0.3,0,0,IE,4,HHO,random,2,0.3333333333333333,E26,16.49,95.45,39,1.302623,86.4372,2.5138,0.0,0,12.9591,2.124,72.741,0.0,True,24.5,8780,5.0196,2.87
google,1500,20,linear,True,False,10.0,0.4,0.3,0.3,0,0,IE,4,HHO,random,3,0.3333333333333333,E26,16.49,95.45,39,1.291034,86.5579,3.3812,0.0,0,12.8591,2.1174,73.808,0.0,True,24.5,8894,5.0594,2.69
google,1500,20,linear,True,False,10.0,0.4,0.3,0.3,0,0,IE,4,HHO,random,4,0.3333333333333333,E26,16.49,95.45,39,1.294307,86.5238,3.1362,0.0,0,12.8591,2.1107,75.599,0.0,True,26.0,9094,5.2179,2.57
google,1500,10,linear,True,False,10.0,0.4,0.3,0.3,0,0,IE,5,WOA,random,2,0.3333333333333333,E26,16.49,95.45,39,1.476605,86.8014,5.0024,0.0,0,13.0591,2.154,72.873,0.0,True,28.5,4840,3.3353,2.74
google,1500,10,linear,True,False,10.0,0.4,0.3,0.3,0,0,IE,5,WOA,random,3,0.3333333333333333,E26,16.49,95.45,39,1.48008,86.7703,4.7789,0.0,0,13.0591,2.1632,75.71,0.0,True,27.5,4840,3.3263,2.54
google,1500,10,linear,True,False,10.0,0.4,0.3,0.3,0,0,IE,5,WOA,random,4,0.3333333333333333,E26,16.49,95.45,39,1.484991,86.7264,4.4629,0.0,0,13.1091,2.1627,73.618,0.0,True,28.0,4840,3.3175,2.53
google,1500,10,linear,True,False,10.0,0.4,0.3,0.3,0,0,IE,5,WOA,random,5,0.3333333333333333,E26,16.49,95.45,39,1.485501,86.7219,4.4301,0.0,0,13.1091,2.1612,73.779,0.0,True,28.0,4840,3.3522,2.74
google,1500,10,linear,True,False,10.0,0.4,0.3,0.3,0,0,IE,5,WOA,random,6,0.3333333333333333,E26,16.49,95.45,39,1.481344,86.759,4.6975,0.0,0,13.1091,2.169,72.124,0.0,True,28.0,4840,3.3383,2.46
google,1500,10,linear,True,False,10.0,0.4,0.3,0.3,0,0,IE,5,WOA,random,7,0.3333333333333333,E26,16.49,95.45,39,1.468039,86.8779,5.5535,0.0,0,13.0091,2.1437,75.908,0.0,True,27.5,4840,3.4232,2.49
google,1500,10,linear,True,False,10.0,0.4,0.3,0.3,0,0,IE,5,WOA,random,8,0.3333333333333333,E26,16.49,95.45,39,1.458623,86.9621,6.1593,0.0,0,12.9091,2.1315,75.421,0.0,True,27.5,4840,3.3492,2.62
google,1500,10,linear,True,False,10.0,0.4,0.3,0.3,0,0,IE,5,WOA,random,9,0.3333333333333333,E26,16.49,95.45,39,1.47151,86.8469,5.3302,0.0,0,12.9091,2.1317,77.263,0.0,True,27.0,4840,3.3786,2.47
google,1500,20,linear,True,False,10.0,0.4,0.3,0.3,0,0,IE,4,HHO,random,5,0.3333333333333333,E26,16.49,95.45,39,1.29368,86.5303,3.1831,0.0,0,12.8591,2.1207,77.778,0.0,True,25.5,8986,5.1021,2.78
google,1500,20,linear,True,False,10.0,0.4,0.3,0.3,0,0,IE,4,HHO,random,6,0.3333333333333333,E26,16.49,95.45,39,1.288334,86.586,3.5832,0.0,0,12.8091,2.1118,75.615,0.0,True,24.5,8968,5.0701,2.56
google,1500,20,linear,True,False,10.0,0.4,0.3,0.3,0,0,IE,4,HHO,random,7,0.3333333333333333,E26,16.49,95.45,39,1.303916,86.4237,2.4171,0.0,0,12.9591,2.1315,73.188,0.0,True,25.5,8946,5.0654,2.57
google,1500,20,linear,True,False,10.0,0.4,0.3,0.3,0,0,IE,4,HHO,random,8,0.3333333333333333,E26,16.49,95.45,39,1.289172,86.5773,3.5205,0.0,0,12.8091,2.1077,73.493,0.0,True,25.0,8872,5.0226,2.63
google,1500,20,linear,True,False,10.0,0.4,0.3,0.3,0,0,IE,4,HHO,random,9,0.3333333333333333,E26,16.49,95.45,39,1.29535,86.5129,3.0581,0.0,0,12.8591,2.1128,76.102,0.0,True,25.0,8790,5.0016,2.83
google,1500,20,linear,True,False,10.0,0.4,0.3,0.3,0,0,IE,4,HHO,random,10,0.3333333333333333,E26,16.49,95.45,39,1.288553,86.5837,3.5668,0.0,0,12.8091,2.109,76.706,0.0,True,24.5,8942,5.1317,2.74
google,1500,20,linear,True,False,10.0,0.4,0.3,0.3,0,0,IE,4,GA,random,1,0.3333333333333333,E26,16.49,95.45,39,1.264059,86.8387,5.3999,0.0,0,12.5591,2.0796,87.27,0.0,True,25.0,4840,5.8357,3.72
google,1500,20,linear,True,False,10.0,0.4,0.3,0.3,0,0,IE,4,GA,random,2,0.3333333333333333,E26,16.49,95.45,39,1.27048,86.7719,4.9194,0.0,0,12.6091,2.0547,84.241,0.0,True,25.5,4840,5.8111,3.72
google,1500,10,linear,True,False,10.0,0.4,0.3,0.3,0,0,IE,5,GWO,random,8,0.3333333333333333,E26,16.49,95.45,39,1.492183,86.6621,4.0002,0.0,0,12.9591,2.1358,80.015,0.0,True,26.5,4840,3.8763,2.35
google,1500,10,linear,True,False,10.0,0.4,0.3,0.3,0,0,IE,5,GWO,random,9,0.3333333333333333,E26,16.49,95.45,39,1.485383,86.7229,4.4377,0.0,0,12.9091,2.1396,78.719,0.0,True,27.0,4840,3.8576,2.33
google,1500,10,linear,True,False,10.0,0.4,0.3,0.3,0,0,IE,5,GWO,random,10,0.3333333333333333,E26,16.49,95.45,39,1.481376,86.7587,4.6955,0.0,0,12.9091,2.1336,80.051,0.0,True,25.5,4840,3.8764,2.46
google,1500,10,linear,True,False,10.0,0.4,0.3,0.3,0,0,IE,5,PSO,random,1,0.3333333333333333,E26,16.49,95.45,39,1.489504,86.6861,4.1725,0.0,0,13.0091,2.1565,77.971,0.0,True,26.0,4840,3.4648,4.3
google,1500,10,linear,True,False,10.0,0.4,0.3,0.3,0,0,IE,5,PSO,random,2,0.3333333333333333,E26,16.49,95.45,39,1.485066,86.7257,4.4581,0.0,0,12.9591,2.134,78.991,0.0,True,27.0,4840,3.4629,4.19
google,1500,10,linear,True,False,10.0,0.4,0.3,0.3,0,0,IE,5,PSO,random,3,0.3333333333333333,E26,16.49,95.45,39,1.481568,86.757,4.6832,0.0,0,12.9091,2.1544,78.835,0.0,True,27.0,4840,3.4659,4.35
google,1500,10,linear,True,False,10.0,0.4,0.3,0.3,0,0,IE,5,PSO,random,4,0.3333333333333333,E26,16.49,95.45,39,1.474651,86.8188,5.1282,0.0,0,12.8591,2.1224,79.934,0.0,True,26.0,4840,3.4553,4.17
google,1500,10,linear,True,False,10.0,0.4,0.3,0.3,0,0,IE,5,PSO,random,5,0.3333333333333333,E26,16.49,95.45,39,1.486538,86.7126,4.3634,0.0,0,12.9591,2.1392,79.507,0.0,True,26.5,4840,3.3884,4.1
google,1500,10,linear,True,False,10.0,0.4,0.3,0.3,0,0,IE,5,WOA,carbon,6,0.3333333333333333,E26,16.49,95.45,39,1.483427,86.7404,4.5635,0.0,0,13.0091,2.1244,75.008,0.0,True,27.5,4840,3.4222,2.4
google,1500,10,linear,True,False,10.0,0.4,0.3,0.3,0,0,IE,5,WOA,carbon,7,0.3333333333333333,E26,16.49,95.45,39,1.485032,86.726,4.4603,0.0,0,13.1091,2.1707,72.019,0.0,True,28.0,4840,3.3393,2.38
google,1500,10,linear,True,False,10.0,0.4,0.3,0.3,0,0,IE,5,WOA,carbon,8,0.3333333333333333,E26,16.49,95.45,39,1.419525,87.3116,8.6747,0.0,0,12.9091,2.2348,65.745,0.0,True,24.5,4840,3.3761,2.54
google,1500,10,linear,True,False,10.0,0.4,0.3,0.3,0,0,IE,5,WOA,carbon,9,0.3333333333333333,E26,16.49,95.45,39,1.424108,87.2706,8.3798,0.0,0,12.9091,2.2243,64.667,0.0,True,25.5,4840,3.3575,2.52
google,1500,10,linear,True,False,10.0,0.4,0.3,0.3,0,0,IE,5,WOA,carbon,10,0.3333333333333333,E26,16.49,95.45,39,1.432612,87.1946,7.8327,0.0,0,13.0091,2.2543,63.549,0.0,True,25.0,4840,3.3108,2.34
google,1500,20,linear,True,False,10.0,0.4,0.3,0.3,0,0,IE,5,FIFO,-,0,0.3333333333333333,E26,16.49,95.45,39,11.187561,0.0,-619.7532,0.0,0,95.9591,15.66,5.308,0.0,True,24.5,0,0.0,0.0
google,1500,20,linear,True,False,10.0,0.4,0.3,0.3,0,0,IE,5,Consolidation,-,0,0.3333333333333333,E26,16.49,95.45,39,1.554361,86.1063,0.0,0.0,0,13.3091,2.1675,55.842,0.0,True,24.5,0,0.0,0.0
google,1500,20,linear,True,False,10.0,0.4,0.3,0.3,0,0,IE,5,Greedy(EDF+greenest),-,0,0.3333333333333333,E26,16.49,95.45,39,1.405192,87.4397,9.5968,0.0,0,12.9091,2.229,59.256,0.0,True,24.5,0,0.0002,0.0
google,1500,10,linear,True,False,10.0,0.4,0.3,0.3,0,0,IE,5,WOA,random,10,0.3333333333333333,E26,16.49,95.45,39,1.477858,86.7902,4.9218,0.0,0,13.0591,2.1512,72.839,0.0,True,27.5,4840,3.4064,2.56
google,1500,10,linear,True,False,10.0,0.4,0.3,0.3,0,0,IE,5,GWO,random,1,0.3333333333333333,E26,16.49,95.45,39,1.486063,86.7168,4.394,0.0,0,12.9091,2.1362,79.626,0.0,True,25.5,4840,3.8745,2.39
google,1500,10,linear,True,False,10.0,0.4,0.3,0.3,0,0,IE,5,GWO,random,2,0.3333333333333333,E26,16.49,95.45,39,1.450633,87.0335,6.6733,0.0,0,12.6091,2.0746,84.598,0.0,True,25.5,4840,3.8854,2.64
google,1500,10,linear,True,False,10.0,0.4,0.3,0.3,0,0,IE,5,GWO,random,3,0.3333333333333333,E26,16.49,95.45,39,1.494749,86.6392,3.8351,0.0,0,13.0091,2.1261,77.092,0.0,True,27.0,4840,3.9203,2.33
google,1500,10,linear,True,False,10.0,0.4,0.3,0.3,0,0,IE,5,GWO,random,4,0.3333333333333333,E26,16.49,95.45,39,1.467994,86.8783,5.5564,0.0,0,12.7591,2.1079,82.464,0.0,True,25.5,4840,3.8987,2.62
google,1500,10,linear,True,False,10.0,0.4,0.3,0.3,0,0,IE,5,GWO,random,5,0.3333333333333333,E26,16.49,95.45,39,1.486564,86.7124,4.3617,0.0,0,12.9591,2.1619,79.422,0.0,True,26.5,4840,3.9326,2.31
google,1500,10,linear,True,False,10.0,0.4,0.3,0.3,0,0,IE,5,GWO,random,6,0.3333333333333333,E26,16.49,95.45,39,1.497366,86.6158,3.6668,0.0,0,13.0591,2.1714,75.579,0.0,True,28.0,4840,3.8928,2.28
google,1500,10,linear,True,False,10.0,0.4,0.3,0.3,0,0,IE,5,GWO,random,7,0.3333333333333333,E26,16.49,95.45,39,1.477001,86.7978,4.977,0.0,0,12.8591,2.1106,80.57,0.0,True,25.5,4840,3.8175,2.34
google,1500,10,linear,True,False,10.0,0.4,0.3,0.3,0,0,IE,5,PSO,random,6,0.3333333333333333,E26,16.49,95.45,39,1.487064,86.7079,4.3296,0.0,0,12.9591,2.1563,78.878,0.0,True,26.0,4840,3.6824,4.11
google,1500,10,linear,True,False,10.0,0.4,0.3,0.3,0,0,IE,5,PSO,random,7,0.3333333333333333,E26,16.49,95.45,39,1.496874,86.6202,3.6984,0.0,0,13.0591,2.1537,76.128,0.0,True,26.5,4840,3.6584,4.1
google,1500,10,linear,True,False,10.0,0.4,0.3,0.3,0,0,IE,5,PSO,random,8,0.3333333333333333,E26,16.49,95.45,39,1.493326,86.6519,3.9267,0.0,0,13.0091,2.1638,77.317,0.0,True,26.5,4840,3.6968,4.16
google,1500,10,linear,True,False,10.0,0.4,0.3,0.3,0,0,IE,5,PSO,random,9,0.3333333333333333,E26,16.49,95.45,39,1.491828,86.6653,4.0231,0.0,0,13.0091,2.1661,77.152,0.0,True,27.0,4840,3.7245,4.26
google,1500,10,linear,True,False,10.0,0.4,0.3,0.3,0,0,IE,5,PSO,random,10,0.3333333333333333,E26,16.49,95.45,39,1.491168,86.6712,4.0655,0.0,0,13.0091,2.1593,76.836,0.0,True,27.0,4840,3.7194,4.12
google,1500,10,linear,True,False,10.0,0.4,0.3,0.3,0,0,IE,5,DE,random,1,0.3333333333333333,E26,16.49,95.45,39,1.467916,86.879,5.5615,0.0,0,12.8091,2.1046,80.889,0.0,True,26.5,4840,3.5811,2.57
google,1500,10,linear,True,False,10.0,0.4,0.3,0.3,0,0,IE,5,DE,random,2,0.3333333333333333,E26,16.49,95.45,39,1.475879,86.8079,5.0491,0.0,0,12.8591,2.1366,80.484,0.0,True,26.5,4840,3.5276,2.48
google,1500,10,linear,True,False,10.0,0.4,0.3,0.3,0,0,IE,5,DE,random,3,0.3333333333333333,E26,16.49,95.45,39,1.471094,86.8506,5.357,0.0,0,12.8091,2.1207,80.586,0.0,True,26.5,4840,3.553,2.52
google,1500,20,linear,True,False,10.0,0.4,0.3,0.3,0,0,IE,4,GA,random,3,0.3333333333333333,E26,16.49,95.45,39,1.266142,86.8171,5.244,0.0,0,12.6091,2.0712,83.974,0.0,True,25.5,4840,6.1799,3.74
google,1500,20,linear,True,False,10.0,0.4,0.3,0.3,0,0,IE,4,GA,random,4,0.3333333333333333,E26,16.49,95.45,39,1.274493,86.7301,4.619,0.0,0,12.6591,2.0781,84.044,0.0,True,25.5,4840,6.211,3.84
google,1500,20,linear,True,False,10.0,0.4,0.3,0.3,0,0,IE,4,GA,random,5,0.3333333333333333,E26,16.49,95.45,39,1.271036,86.7661,4.8778,0.0,0,12.6591,2.0798,84.257,0.0,True,25.5,4840,6.2108,3.8
google,1500,20,linear,True,False,10.0,0.4,0.3,0.3,0,0,IE,4,GA,random,6,0.3333333333333333,E26,16.49,95.45,39,1.26809,86.7968,5.0982,0.0,0,12.6091,2.0717,84.374,0.0,True,25.5,4840,6.2042,3.83
google,1500,20,linear,True,False,10.0,0.4,0.3,0.3,0,0,IE,4,GA,random,7,0.3333333333333333,E26,16.49,95.45,39,1.2729,86.7467,4.7383,0.0,0,12.6591,2.0905,83.203,0.0,True,26.0,4840,6.2488,3.81
google,1500,20,linear,True,False,10.0,0.4,0.3,0.3,0,0,IE,4,GA,random,8,0.3333333333333333,E26,16.49,95.45,39,1.273215,86.7434,4.7147,0.0,0,12.6591,2.0815,82.209,0.0,True,26.0,4840,6.261,3.64
google,1500,20,linear,True,False,10.0,0.4,0.3,0.3,0,0,IE,4,GA,random,9,0.3333333333333333,E26,16.49,95.45,39,1.272635,86.7494,4.7581,0.0,0,12.6591,2.0826,84.076,0.0,True,25.5,4840,6.1819,3.71
google,1500,20,linear,True,False,10.0,0.4,0.3,0.3,0,0,IE,4,GA,random,10,0.3333333333333333,E26,16.49,95.45,39,1.273713,86.7382,4.6774,0.0,0,12.6591,2.0787,84.879,0.0,True,25.5,4840,6.139,3.73
google,1500,10,linear,True,False,10.0,0.4,0.3,0.3,0,0,IE,5,DE,random,4,0.3333333333333333,E26,16.49,95.45,39,1.453191,87.0107,6.5088,0.0,0,12.6591,2.0843,82.963,0.0,True,26.0,4840,3.5421,3.28
google,1500,10,linear,True,False,10.0,0.4,0.3,0.3,0,0,IE,5,DE,random,5,0.3333333333333333,E26,16.49,95.45,39,1.47771,86.7915,4.9314,0.0,0,12.8591,2.1173,79.891,0.0,True,26.5,4840,3.5932,2.48
google,1500,10,linear,True,False,10.0,0.4,0.3,0.3,0,0,IE,5,DE,random,6,0.3333333333333333,E26,16.49,95.45,39,1.452979,87.0126,6.5224,0.0,0,12.6591,2.0798,82.77,0.0,True,26.0,4840,3.5302,2.73
google,1500,10,linear,True,False,10.0,0.4,0.3,0.3,0,0,IE,5,DE,random,7,0.3333333333333333,E26,16.49,95.45,39,1.444674,87.0868,7.0567,0.0,0,12.5591,2.055,84.678,0.0,True,27.0,4840,3.5651,2.83
google,1500,10,linear,True,False,10.0,0.4,0.3,0.3,0,0,IE,5,DE,random,8,0.3333333333333333,E26,16.49,95.45,39,1.448597,87.0517,6.8043,0.0,0,12.6091,2.0695,85.361,0.0,True,25.5,4840,3.5527,2.89
google,1500,10,linear,True,False,10.0,0.4,0.3,0.3,0,0,IE,5,DE,random,9,0.3333333333333333,E26,16.49,95.45,39,1.455358,86.9913,6.3693,0.0,0,12.6591,2.0936,83.442,0.0,True,27.0,4840,3.4885,2.73
google,1500,10,linear,True,False,10.0,0.4,0.3,0.3,0,0,IE,5,DE,random,10,0.3333333333333333,E26,16.49,95.45,39,1.469223,86.8674,5.4774,0.0,0,12.8091,2.1253,80.6,0.0,True,27.5,4840,3.5053,2.44
google,1500,10,linear,True,False,10.0,0.4,0.3,0.3,0,0,IE,5,HHO,random,1,0.3333333333333333,E26,16.49,95.45,39,1.465058,86.9046,5.7453,0.0,0,12.9591,2.1488,73.459,0.0,True,27.5,8910,5.23,2.46
google,1500,20,linear,True,False,10.0,0.4,0.3,0.3,0,0,IE,5,VCC(Google),-,0,0.3333333333333333,E26,16.49,95.45,39,1.560329,86.053,-0.384,0.0,0,13.3591,2.175,55.61,0.0,True,24.5,0,0.0049,0.0
google,1500,20,linear,True,False,10.0,0.4,0.3,0.3,0,0,IE,5,Threshold(WaitAwhile),-,0,0.3333333333333333,E26,16.49,95.45,39,1.441413,87.1159,7.2665,0.0,0,13.0591,2.2539,56.487,10.539,False,24.5,0,0.0221,0.0
google,1500,20,linear,True,False,10.0,0.4,0.3,0.3,0,0,IE,5,WOA,random,1,0.3333333333333333,E26,16.49,95.45,39,1.464881,86.9062,5.7567,0.0,0,12.9591,2.1454,73.854,0.0,True,27.5,4840,3.4036,2.53
google,1500,20,linear,True,False,10.0,0.4,0.3,0.3,0,0,IE,5,WOA,random,2,0.3333333333333333,E26,16.49,95.45,39,1.458019,86.9675,6.1982,0.0,0,13.0091,2.1644,66.529,0.0,True,28.5,4840,3.3788,2.63
google,1500,20,linear,True,False,10.0,0.4,0.3,0.3,0,0,IE,5,WOA,random,3,0.3333333333333333,E26,16.49,95.45,39,1.461959,86.9323,5.9447,0.0,0,13.1091,2.1655,59.911,0.0,True,28.5,4840,3.2957,2.75
google,1500,20,linear,True,False,10.0,0.4,0.3,0.3,0,0,IE,5,WOA,random,4,0.3333333333333333,E26,16.49,95.45,39,1.461705,86.9346,5.961,0.0,0,13.0591,2.1644,64.444,0.0,True,28.5,4840,3.3212,2.41
google,1500,20,linear,True,False,10.0,0.4,0.3,0.3,0,0,IE,5,WOA,random,5,0.3333333333333333,E26,16.49,95.45,39,1.464046,86.9136,5.8104,0.0,0,13.0591,2.1456,65.328,0.0,True,28.0,4840,3.3238,2.37
google,1500,20,linear,True,False,10.0,0.4,0.3,0.3,0,0,IE,5,WOA,random,6,0.3333333333333333,E26,16.49,95.45,39,1.479464,86.7758,4.8185,0.0,0,13.2591,2.2041,58.163,0.0,True,28.0,4840,3.292,2.68
google,1500,10,linear,True,False,10.0,0.4,0.3,0.3,0,0,IE,5,GA,random,8,0.3333333333333333,E26,16.49,95.45,39,1.457827,86.9692,6.2105,0.0,0,12.7091,2.0971,81.485,0.0,True,26.0,4840,5.8861,3.68
google,1500,10,linear,True,False,10.0,0.4,0.3,0.3,0,0,IE,5,GA,random,9,0.3333333333333333,E26,16.49,95.45,39,1.447149,87.0647,6.8975,0.0,0,12.6091,2.0685,84.722,0.0,True,27.0,4840,5.8418,3.6
google,1500,10,linear,True,False,10.0,0.4,0.3,0.3,0,0,IE,5,GA,random,10,0.3333333333333333,E26,16.49,95.45,39,1.446872,87.0671,6.9153,0.0,0,12.6091,2.0747,84.844,0.0,True,25.5,4840,5.7417,3.83
google,1500,10,linear,True,False,10.0,0.4,0.3,0.3,0,0,IE,5,WOA,carbon,1,0.3333333333333333,E26,16.49,95.45,39,1.407727,87.417,9.4337,0.0,0,12.8091,2.2243,71.165,0.0,True,25.5,4840,3.2949,2.57
google,1500,10,linear,True,False,10.0,0.4,0.3,0.3,0,0,IE,5,WOA,carbon,2,0.3333333333333333,E26,16.49,95.45,39,1.416835,87.3356,8.8477,0.0,0,12.8591,2.2271,67.849,0.0,True,25.0,4840,3.2954,2.51
google,1500,10,linear,True,False,10.0,0.4,0.3,0.3,0,0,IE,5,WOA,carbon,3,0.3333333333333333,E26,16.49,95.45,39,1.471995,86.8426,5.299,0.0,0,13.1091,2.1782,69.007,0.0,True,28.0,4840,3.2624,2.53
google,1500,10,linear,True,False,10.0,0.4,0.3,0.3,0,0,IE,5,WOA,carbon,4,0.3333333333333333,E26,16.49,95.45,39,1.42831,87.2331,8.1095,0.0,0,12.9591,2.2337,64.837,0.0,True,25.0,4840,3.2939,2.49
google,1500,10,linear,True,False,10.0,0.4,0.3,0.3,0,0,IE,5,WOA,carbon,5,0.3333333333333333,E26,16.49,95.45,39,1.416411,87.3394,8.875,0.0,0,12.8591,2.2256,69.079,0.0,True,25.0,4840,3.3432,2.48
google,1500,10,linear,True,False,10.0,0.4,0.3,0.3,0,0,NI,0,FIFO,-,0,0.3333333333333333,E26,16.49,95.45,39,19.071908,0.0,-616.7645,0.0,0,95.9591,15.66,5.308,8.9738,False,24.5,0,0.0,0.0
google,1500,10,linear,True,False,10.0,0.4,0.3,0.3,0,0,NI,0,Consolidation,-,0,0.3333333333333333,E26,16.49,95.45,39,2.660833,86.0484,0.0,0.0,0,13.3091,2.1675,55.842,8.9738,False,24.5,0,0.0,0.0
google,1500,10,linear,True,False,10.0,0.4,0.3,0.3,0,0,NI,0,Greedy(EDF+greenest),-,0,0.3333333333333333,E26,16.49,95.45,39,2.359478,87.6285,11.3256,0.0,0,12.8591,2.2215,55.965,27.4499,False,24.5,0,0.0002,0.0
google,1500,10,linear,True,False,10.0,0.4,0.3,0.3,0,0,NI,0,VCC(Google),-,0,0.3333333333333333,E26,16.49,95.45,39,2.645973,86.1263,0.5585,0.0,0,13.2091,2.1525,60.321,0.0,True,24.5,0,0.0053,0.0
google,1500,10,linear,True,False,10.0,0.4,0.3,0.3,0,0,NI,0,Threshold(WaitAwhile),-,0,0.3333333333333333,E26,16.49,95.45,39,2.400421,87.4138,9.7869,0.0,0,12.8591,2.229,60.443,15.0606,False,24.5,0,0.0208,0.0
google,1500,10,linear,True,False,10.0,0.4,0.3,0.3,0,0,NI,0,WOA,random,1,0.3333333333333333,E26,16.49,95.45,39,2.570229,86.5235,3.4051,0.0,0,12.9091,2.1351,76.742,0.0,True,25.0,4840,3.3678,2.46
google,1500,10,linear,True,False,10.0,0.4,0.3,0.3,0,0,NI,0,WOA,random,2,0.3333333333333333,E26,16.49,95.45,39,2.564587,86.5531,3.6171,0.0,0,12.8591,2.1186,76.623,0.0,True,25.0,4840,3.3643,2.46
google,1500,10,linear,True,False,10.0,0.4,0.3,0.3,0,0,NI,0,WOA,random,3,0.3333333333333333,E26,16.49,95.45,39,2.560194,86.5761,3.7822,0.0,0,12.8591,2.118,75.068,0.0,True,24.5,4840,3.3643,2.59
google,1500,10,linear,True,False,10.0,0.4,0.3,0.3,0,0,IE,5,HHO,random,2,0.3333333333333333,E26,16.49,95.45,39,1.468351,86.8751,5.5334,0.0,0,13.0091,2.1537,73.812,0.0,True,28.0,8780,5.0325,2.73
google,1500,10,linear,True,False,10.0,0.4,0.3,0.3,0,0,IE,5,HHO,random,3,0.3333333333333333,E26,16.49,95.45,39,1.478302,86.7862,4.8932,0.0,0,13.0091,2.1608,75.714,0.0,True,27.5,8894,5.0736,2.61
google,1500,10,linear,True,False,10.0,0.4,0.3,0.3,0,0,IE,5,HHO,random,4,0.3333333333333333,E26,16.49,95.45,39,1.464319,86.9112,5.7928,0.0,0,12.9591,2.1334,73.925,0.0,True,27.5,9094,5.158,2.78
google,1500,10,linear,True,False,10.0,0.4,0.3,0.3,0,0,IE,5,HHO,random,5,0.3333333333333333,E26,16.49,95.45,39,1.468363,86.875,5.5327,0.0,0,13.0091,2.1557,74.416,0.0,True,27.5,8986,5.0276,2.55
google,1500,10,linear,True,False,10.0,0.4,0.3,0.3,0,0,IE,5,HHO,random,6,0.3333333333333333,E26,16.49,95.45,39,1.485191,86.7246,4.45,0.0,0,13.1091,2.1752,71.512,0.0,True,28.0,8968,5.032,2.52
google,1500,10,linear,True,False,10.0,0.4,0.3,0.3,0,0,IE,5,HHO,random,7,0.3333333333333333,E26,16.49,95.45,39,1.460807,86.9426,6.0188,0.0,0,12.9091,2.1287,76.866,0.0,True,27.5,8946,4.9679,2.61
google,1500,10,linear,True,False,10.0,0.4,0.3,0.3,0,0,IE,5,HHO,random,8,0.3333333333333333,E26,16.49,95.45,39,1.472827,86.8351,5.2455,0.0,0,13.0091,2.1443,74.662,0.0,True,28.5,8872,4.9901,2.82
google,1500,10,linear,True,False,10.0,0.4,0.3,0.3,0,0,IE,5,HHO,random,9,0.3333333333333333,E26,16.49,95.45,39,1.473351,86.8305,5.2118,0.0,0,13.0091,2.1569,75.859,0.0,True,28.0,8790,4.9868,2.94
google,1500,20,linear,True,False,10.0,0.4,0.3,0.3,0,0,IE,5,WOA,random,7,0.3333333333333333,E26,16.49,95.45,39,1.463612,86.9175,5.8383,0.0,0,13.1091,2.1794,63.983,0.0,True,28.5,4840,3.3508,2.57
google,1500,20,linear,True,False,10.0,0.4,0.3,0.3,0,0,IE,5,WOA,random,8,0.3333333333333333,E26,16.49,95.45,39,1.472283,86.84,5.2805,0.0,0,13.1591,2.1794,63.081,0.0,True,28.0,4840,3.2666,2.42
google,1500,20,linear,True,False,10.0,0.4,0.3,0.3,0,0,IE,5,WOA,random,9,0.3333333333333333,E26,16.49,95.45,39,1.457184,86.975,6.2519,0.0,0,12.8591,2.1366,77.829,0.0,True,27.5,4840,3.304,2.62
google,1500,20,linear,True,False,10.0,0.4,0.3,0.3,0,0,IE,5,WOA,random,10,0.3333333333333333,E26,16.49,95.45,39,1.464758,86.9073,5.7646,0.0,0,13.1091,2.1749,65.025,0.0,True,28.5,4840,3.2911,2.48
google,1500,20,linear,True,False,10.0,0.4,0.3,0.3,0,0,IE,5,GWO,random,1,0.3333333333333333,E26,16.49,95.45,39,1.486063,86.7168,4.394,0.0,0,12.9091,2.1362,79.626,0.0,True,25.5,4840,3.7938,2.39
google,1500,20,linear,True,False,10.0,0.4,0.3,0.3,0,0,IE,5,GWO,random,2,0.3333333333333333,E26,16.49,95.45,39,1.450633,87.0335,6.6733,0.0,0,12.6091,2.0746,84.598,0.0,True,25.5,4840,3.8103,2.64
google,1500,20,linear,True,False,10.0,0.4,0.3,0.3,0,0,IE,5,GWO,random,3,0.3333333333333333,E26,16.49,95.45,39,1.494749,86.6392,3.8351,0.0,0,13.0091,2.1261,77.092,0.0,True,27.0,4840,3.8762,2.35
google,1500,20,linear,True,False,10.0,0.4,0.3,0.3,0,0,IE,5,GWO,random,4,0.3333333333333333,E26,16.49,95.45,39,1.467994,86.8783,5.5564,0.0,0,12.7591,2.1079,82.464,0.0,True,25.5,4840,3.8314,2.62
google,1500,10,linear,True,False,10.0,0.4,0.3,0.3,0,0,IE,5,HHO,random,10,0.3333333333333333,E26,16.49,95.45,39,1.48469,86.7291,4.4823,0.0,0,12.8591,2.1248,79.451,0.0,True,26.0,8942,5.1326,2.69
google,1500,10,linear,True,False,10.0,0.4,0.3,0.3,0,0,IE,5,GA,random,1,0.3333333333333333,E26,16.49,95.45,39,1.444231,87.0907,7.0852,0.0,0,12.6091,2.1042,84.806,0.0,True,25.0,4840,5.8845,3.72
google,1500,10,linear,True,False,10.0,0.4,0.3,0.3,0,0,IE,5,GA,random,2,0.3333333333333333,E26,16.49,95.45,39,1.452215,87.0194,6.5716,0.0,0,12.6591,2.0792,84.258,0.0,True,25.5,4840,5.877,3.61
google,1500,10,linear,True,False,10.0,0.4,0.3,0.3,0,0,IE,5,GA,random,3,0.3333333333333333,E26,16.49,95.45,39,1.455139,86.9932,6.3834,0.0,0,12.6591,2.0764,83.038,0.0,True,26.0,4840,5.7765,3.64
google,1500,10,linear,True,False,10.0,0.4,0.3,0.3,0,0,IE,5,GA,random,4,0.3333333333333333,E26,16.49,95.45,39,1.442211,87.1088,7.2152,0.0,0,12.5591,2.0721,84.983,0.0,True,25.5,4840,5.7523,3.57
google,1500,10,linear,True,False,10.0,0.4,0.3,0.3,0,0,IE,5,GA,random,5,0.3333333333333333,E26,16.49,95.45,39,1.446435,87.071,6.9434,0.0,0,12.6091,2.0832,84.034,0.0,True,25.5,4840,5.7781,3.58
google,1500,10,linear,True,False,10.0,0.4,0.3,0.3,0,0,IE,5,GA,random,6,0.3333333333333333,E26,16.49,95.45,39,1.446169,87.0734,6.9606,0.0,0,12.6091,2.0798,83.957,0.0,True,26.5,4840,5.8135,3.67
google,1500,10,linear,True,False,10.0,0.4,0.3,0.3,0,0,IE,5,GA,random,7,0.3333333333333333,E26,16.49,95.45,39,1.446227,87.0729,6.9568,0.0,0,12.6091,2.0916,84.546,0.0,True,25.5,4840,5.7979,3.75
google,1500,20,linear,True,False,10.0,0.4,0.3,0.3,0,0,IE,5,PSO,random,3,0.3333333333333333,E26,16.49,95.45,39,1.481568,86.757,4.6832,0.0,0,12.9091,2.1544,78.835,0.0,True,27.0,4840,3.4125,4.35
google,1500,20,linear,True,False,10.0,0.4,0.3,0.3,0,0,IE,5,PSO,random,4,0.3333333333333333,E26,16.49,95.45,39,1.474651,86.8188,5.1282,0.0,0,12.8591,2.1224,79.934,0.0,True,26.0,4840,3.3798,4.17
google,1500,20,linear,True,False,10.0,0.4,0.3,0.3,0,0,IE,5,PSO,random,5,0.3333333333333333,E26,16.49,95.45,39,1.486538,86.7126,4.3634,0.0,0,12.9591,2.1392,79.507,0.0,True,26.5,4840,3.383,4.1
google,1500,20,linear,True,False,10.0,0.4,0.3,0.3,0,0,IE,5,PSO,random,6,0.3333333333333333,E26,16.49,95.45,39,1.487064,86.7079,4.3296,0.0,0,12.9591,2.1563,78.878,0.0,True,26.0,4840,3.3932,4.11
google,1500,20,linear,True,False,10.0,0.4,0.3,0.3,0,0,IE,5,PSO,random,7,0.3333333333333333,E26,16.49,95.45,39,1.496874,86.6202,3.6984,0.0,0,13.0591,2.1537,76.128,0.0,True,26.5,4840,3.4058,4.1
google,1500,20,linear,True,False,10.0,0.4,0.3,0.3,0,0,IE,5,PSO,random,8,0.3333333333333333,E26,16.49,95.45,39,1.493326,86.6519,3.9267,0.0,0,13.0091,2.1638,77.317,0.0,True,26.5,4840,3.4479,4.16
google,1500,20,linear,True,False,10.0,0.4,0.3,0.3,0,0,IE,5,PSO,random,9,0.3333333333333333,E26,16.49,95.45,39,1.491828,86.6653,4.0231,0.0,0,13.0091,2.1661,77.152,0.0,True,27.0,4840,3.4393,4.27
google,1500,20,linear,True,False,10.0,0.4,0.3,0.3,0,0,IE,5,PSO,random,10,0.3333333333333333,E26,16.49,95.45,39,1.491168,86.6712,4.0655,0.0,0,13.0091,2.1593,76.836,0.0,True,27.0,4840,3.3996,4.12
google,1500,20,linear,True,False,10.0,0.4,0.3,0.3,0,0,IE,5,DE,random,1,0.3333333333333333,E26,16.49,95.45,39,1.467916,86.879,5.5615,0.0,0,12.8091,2.1046,80.889,0.0,True,26.5,4840,3.3111,2.57
google,1500,20,linear,True,False,10.0,0.4,0.3,0.3,0,0,IE,5,DE,random,2,0.3333333333333333,E26,16.49,95.45,39,1.475879,86.8079,5.0491,0.0,0,12.8591,2.1366,80.484,0.0,True,26.5,4840,3.289,2.48
google,1500,20,linear,True,False,10.0,0.4,0.3,0.3,0,0,IE,5,DE,random,3,0.3333333333333333,E26,16.49,95.45,39,1.471094,86.8506,5.357,0.0,0,12.8091,2.1207,80.586,0.0,True,26.5,4840,3.2813,2.52
google,1500,20,linear,True,False,10.0,0.4,0.3,0.3,0,0,IE,5,DE,random,4,0.3333333333333333,E26,16.49,95.45,39,1.453191,87.0107,6.5088,0.0,0,12.6591,2.0843,82.963,0.0,True,26.0,4840,3.319,3.28
google,1500,20,linear,True,False,10.0,0.4,0.3,0.3,0,0,IE,5,DE,random,5,0.3333333333333333,E26,16.49,95.45,39,1.47771,86.7915,4.9314,0.0,0,12.8591,2.1173,79.891,0.0,True,26.5,4840,3.347,2.48
google,1500,20,linear,True,False,10.0,0.4,0.3,0.3,0,0,IE,5,DE,random,6,0.3333333333333333,E26,16.49,95.45,39,1.452979,87.0126,6.5224,0.0,0,12.6591,2.0798,82.77,0.0,True,26.0,4840,3.3469,2.73
google,1500,20,linear,True,False,10.0,0.4,0.3,0.3,0,0,IE,5,DE,random,7,0.3333333333333333,E26,16.49,95.45,39,1.444674,87.0868,7.0567,0.0,0,12.5591,2.055,84.678,0.0,True,27.0,4840,3.3272,2.83
google,1500,20,linear,True,False,10.0,0.4,0.3,0.3,0,0,IE,5,DE,random,8,0.3333333333333333,E26,16.49,95.45,39,1.448597,87.0517,6.8043,0.0,0,12.6091,2.0695,85.361,0.0,True,25.5,4840,3.2983,2.89
google,1500,20,linear,True,False,10.0,0.4,0.3,0.3,0,0,IE,5,GWO,random,5,0.3333333333333333,E26,16.49,95.45,39,1.486564,86.7124,4.3617,0.0,0,12.9591,2.1619,79.422,0.0,True,26.5,4840,3.8054,2.31
google,1500,20,linear,True,False,10.0,0.4,0.3,0.3,0,0,IE,5,GWO,random,6,0.3333333333333333,E26,16.49,95.45,39,1.497366,86.6158,3.6668,0.0,0,13.0591,2.1714,75.579,0.0,True,28.0,4840,3.794,2.28
google,1500,20,linear,True,False,10.0,0.4,0.3,0.3,0,0,IE,5,GWO,random,7,0.3333333333333333,E26,16.49,95.45,39,1.477001,86.7978,4.977,0.0,0,12.8591,2.1106,80.57,0.0,True,25.5,4840,3.7797,2.34
google,1500,20,linear,True,False,10.0,0.4,0.3,0.3,0,0,IE,5,GWO,random,8,0.3333333333333333,E26,16.49,95.45,39,1.492183,86.6621,4.0002,0.0,0,12.9591,2.1358,80.015,0.0,True,26.5,4840,3.8042,2.35
google,1500,20,linear,True,False,10.0,0.4,0.3,0.3,0,0,IE,5,GWO,random,9,0.3333333333333333,E26,16.49,95.45,39,1.485383,86.7229,4.4377,0.0,0,12.9091,2.1396,78.719,0.0,True,27.0,4840,3.8308,2.33
google,1500,20,linear,True,False,10.0,0.4,0.3,0.3,0,0,IE,5,GWO,random,10,0.3333333333333333,E26,16.49,95.45,39,1.481376,86.7587,4.6955,0.0,0,12.9091,2.1336,80.051,0.0,True,25.5,4840,3.8401,2.46
google,1500,20,linear,True,False,10.0,0.4,0.3,0.3,0,0,IE,5,PSO,random,1,0.3333333333333333,E26,16.49,95.45,39,1.489504,86.6861,4.1725,0.0,0,13.0091,2.1565,77.971,0.0,True,26.0,4840,3.4086,4.3
google,1500,20,linear,True,False,10.0,0.4,0.3,0.3,0,0,IE,5,PSO,random,2,0.3333333333333333,E26,16.49,95.45,39,1.485066,86.7257,4.4581,0.0,0,12.9591,2.134,78.991,0.0,True,27.0,4840,3.3857,4.19
google,1500,20,linear,True,False,10.0,0.4,0.3,0.3,0,0,IE,5,WOA,carbon,3,0.3333333333333333,E26,16.49,95.45,39,1.391322,87.5637,10.4891,0.0,0,12.7591,2.2065,64.787,0.0,True,24.5,4840,3.512,2.42
google,1500,20,linear,True,False,10.0,0.4,0.3,0.3,0,0,IE,5,WOA,carbon,4,0.3333333333333333,E26,16.49,95.45,39,1.395102,87.5299,10.2459,0.0,0,12.8091,2.2134,58.991,0.0,True,24.5,4840,3.5209,2.43
google,1500,20,linear,True,False,10.0,0.4,0.3,0.3,0,0,IE,5,WOA,carbon,5,0.3333333333333333,E26,16.49,95.45,39,1.387477,87.598,10.7365,0.0,0,12.7091,2.1915,64.347,0.0,True,24.5,4840,3.5724,2.64
google,1500,20,linear,True,False,10.0,0.4,0.3,0.3,0,0,IE,5,WOA,carbon,6,0.3333333333333333,E26,16.49,95.45,39,1.39041,87.5718,10.5478,0.0,0,12.7591,2.2058,61.384,0.0,True,24.5,4840,3.513,2.46
google,1500,20,linear,True,False,10.0,0.4,0.3,0.3,0,0,IE,5,WOA,carbon,7,0.3333333333333333,E26,16.49,95.45,39,1.394752,87.533,10.2685,0.0,0,12.8091,2.214,59.906,0.0,True,24.5,4840,3.5262,2.44
google,1500,20,linear,True,False,10.0,0.4,0.3,0.3,0,0,IE,5,WOA,carbon,8,0.3333333333333333,E26,16.49,95.45,39,1.39548,87.5265,10.2216,0.0,0,12.8091,2.214,58.811,0.0,True,24.5,4840,3.459,2.34
google,1500,20,linear,True,False,10.0,0.4,0.3,0.3,0,0,IE,5,WOA,carbon,9,0.3333333333333333,E26,16.49,95.45,39,1.394752,87.533,10.2685,0.0,0,12.8091,2.214,59.906,0.0,True,24.5,4840,3.5037,2.33
google,1500,20,linear,True,False,10.0,0.4,0.3,0.3,0,0,IE,5,WOA,carbon,10,0.3333333333333333,E26,16.49,95.45,39,1.394754,87.533,10.2683,0.0,0,12.8091,2.214,59.906,0.0,True,24.5,4840,3.5156,2.54
google,1500,20,linear,True,False,10.0,0.4,0.3,0.3,0,0,IE,5,DE,random,9,0.3333333333333333,E26,16.49,95.45,39,1.455358,86.9913,6.3693,0.0,0,12.6591,2.0936,83.442,0.0,True,27.0,4840,3.3444,2.73
google,1500,20,linear,True,False,10.0,0.4,0.3,0.3,0,0,IE,5,DE,random,10,0.3333333333333333,E26,16.49,95.45,39,1.469223,86.8674,5.4774,0.0,0,12.8091,2.1253,80.6,0.0,True,27.5,4840,3.3104,2.44
google,1500,20,linear,True,False,10.0,0.4,0.3,0.3,0,0,IE,5,HHO,random,1,0.3333333333333333,E26,16.49,95.45,39,1.466378,86.8928,5.6604,0.0,0,13.1091,2.1685,62.5,0.0,True,28.0,8910,5.0357,2.74
google,1500,20,linear,True,False,10.0,0.4,0.3,0.3,0,0,IE,5,HHO,random,2,0.3333333333333333,E26,16.49,95.45,39,1.466221,86.8942,5.6705,0.0,0,13.0091,2.1586,71.054,0.0,True,28.0,8780,5.0385,2.73
google,1500,20,linear,True,False,10.0,0.4,0.3,0.3,0,0,IE,5,HHO,random,3,0.3333333333333333,E26,16.49,95.45,39,1.470936,86.852,5.3671,0.0,0,13.0591,2.1638,71.625,0.0,True,28.0,8894,5.0589,2.77
google,1500,20,linear,True,False,10.0,0.4,0.3,0.3,0,0,IE,5,HHO,random,4,0.3333333333333333,E26,16.49,95.45,39,1.466399,86.8926,5.659,0.0,0,13.1591,2.1794,60.116,0.0,True,28.5,9094,5.1425,2.93
google,1500,20,linear,True,False,10.0,0.4,0.3,0.3,0,0,IE,5,HHO,random,5,0.3333333333333333,E26,16.49,95.45,39,1.449963,87.0395,6.7164,0.0,0,12.9591,2.1392,69.404,0.0,True,28.0,8986,5.0574,2.85
google,1500,20,linear,True,False,10.0,0.4,0.3,0.3,0,0,IE,5,HHO,random,6,0.3333333333333333,E26,16.49,95.45,39,1.465572,86.9,5.7123,0.0,0,13.0591,2.1724,68.73,0.0,True,28.0,8968,5.05,2.69
google,1500,10,linear,True,False,10.0,0.4,0.3,0.3,0,0,NI,0,WOA,random,4,0.3333333333333333,E26,16.49,95.45,39,2.577446,86.4856,3.1339,0.0,0,12.9091,2.1162,75.455,0.0,True,27.0,4840,3.3544,2.46
google,1500,10,linear,True,False,10.0,0.4,0.3,0.3,0,0,NI,0,WOA,random,5,0.3333333333333333,E26,16.49,95.45,39,2.573903,86.5042,3.267,0.0,0,12.9091,2.1248,75.821,0.0,True,25.0,4840,3.3658,2.58
google,1500,10,linear,True,False,10.0,0.4,0.3,0.3,0,0,NI,0,WOA,random,6,0.3333333333333333,E26,16.49,95.45,39,2.571382,86.5174,3.3618,0.0,0,12.9091,2.1317,76.26,0.0,True,25.0,4840,3.2912,2.6
google,1500,10,linear,True,False,10.0,0.4,0.3,0.3,0,0,NI,0,WOA,random,7,0.3333333333333333,E26,16.49,95.45,39,2.570033,86.5245,3.4125,0.0,0,12.9091,2.1385,76.214,0.0,True,25.0,4840,3.3175,2.49
google,1500,10,linear,True,False,10.0,0.4,0.3,0.3,0,0,NI,0,WOA,random,8,0.3333333333333333,E26,16.49,95.45,39,2.566246,86.5444,3.5548,0.0,0,12.8591,2.1204,75.43,0.0,True,24.5,4840,3.3001,2.43
google,1500,10,linear,True,False,10.0,0.4,0.3,0.3,0,0,NI,0,WOA,random,9,0.3333333333333333,E26,16.49,95.45,39,2.578169,86.4819,3.1067,0.0,0,12.9091,2.1282,78.866,0.0,True,26.0,4840,3.2988,2.6
google,1500,10,linear,True,False,10.0,0.4,0.3,0.3,0,0,NI,0,WOA,random,10,0.3333333333333333,E26,16.49,95.45,39,2.556962,86.593,3.9037,0.0,0,12.8591,2.1369,77.756,0.0,True,25.5,4840,3.3143,2.51
google,1500,10,linear,True,False,10.0,0.4,0.3,0.3,0,0,NI,0,GWO,random,1,0.3333333333333333,E26,16.49,95.45,39,2.572782,86.5101,3.3092,0.0,0,12.9091,2.1413,79.92,0.0,True,25.5,4840,3.8312,2.48
google,1500,10,linear,True,False,10.0,0.4,0.3,0.3,0,0,NI,0,WOA,carbon,8,0.3333333333333333,E26,16.49,95.45,39,2.561533,86.5691,3.7319,0.0,0,13.0091,2.1586,72.12,0.0,True,26.0,4840,3.4762,2.41
google,1500,10,linear,True,False,10.0,0.4,0.3,0.3,0,0,NI,0,WOA,carbon,9,0.3333333333333333,E26,16.49,95.45,39,2.575408,86.4963,3.2105,0.0,0,12.9091,2.1266,73.42,0.0,True,25.0,4840,3.4717,2.42
google,1500,10,linear,True,False,10.0,0.4,0.3,0.3,0,0,NI,0,WOA,carbon,10,0.3333333333333333,E26,16.49,95.45,39,2.51411,86.8177,5.5142,0.0,0,12.8091,2.1469,76.767,0.0,True,25.0,4840,3.5077,2.84
google,1500,20,linear,True,False,10.0,0.4,0.3,0.3,0,0,NI,0,FIFO,-,0,0.3333333333333333,E26,16.49,95.45,39,19.071908,0.0,-616.7645,0.0,0,95.9591,15.66,5.308,0.0,True,24.5,0,0.0,0.0
google,1500,20,linear,True,False,10.0,0.4,0.3,0.3,0,0,NI,0,Consolidation,-,0,0.3333333333333333,E26,16.49,95.45,39,2.660833,86.0484,0.0,0.0,0,13.3091,2.1675,55.842,0.0,True,24.5,0,0.0,0.0
google,1500,20,linear,True,False,10.0,0.4,0.3,0.3,0,0,NI,0,Greedy(EDF+greenest),-,0,0.3333333333333333,E26,16.49,95.45,39,2.359478,87.6285,11.3256,0.0,0,12.8591,2.2215,55.965,7.4223,False,24.5,0,0.0002,0.0
google,1500,20,linear,True,False,10.0,0.4,0.3,0.3,0,0,NI,0,VCC(Google),-,0,0.3333333333333333,E26,16.49,95.45,39,2.674001,85.9794,-0.4949,0.0,0,13.3591,2.175,56.224,0.0,True,24.5,0,0.0049,0.0
google,1500,20,linear,True,False,10.0,0.4,0.3,0.3,0,0,NI,0,Threshold(WaitAwhile),-,0,0.3333333333333333,E26,16.49,95.45,39,2.400421,87.4138,9.7869,0.0,0,12.8591,2.229,60.443,0.0,True,24.5,0,0.0221,0.0
google,1500,10,linear,True,False,10.0,0.4,0.3,0.3,0,0,NI,0,GWO,random,10,0.3333333333333333,E26,16.49,95.45,39,2.502547,86.8784,5.9487,0.0,0,12.6091,2.0912,83.709,0.0,True,25.0,4840,3.8511,2.92
google,1500,10,linear,True,False,10.0,0.4,0.3,0.3,0,0,NI,0,PSO,random,1,0.3333333333333333,E26,16.49,95.45,39,2.596528,86.3856,2.4167,0.0,0,12.9591,2.1449,79.193,0.0,True,27.0,4840,3.3896,4.17
google,1500,10,linear,True,False,10.0,0.4,0.3,0.3,0,0,NI,0,PSO,random,2,0.3333333333333333,E26,16.49,95.45,39,2.589166,86.4242,2.6934,0.0,0,12.9091,2.1407,80.043,0.0,True,26.5,4840,3.3879,4.31
google,1500,10,linear,True,False,10.0,0.4,0.3,0.3,0,0,NI,0,PSO,random,3,0.3333333333333333,E26,16.49,95.45,39,2.614515,86.2913,1.7407,0.0,0,13.0091,2.1381,76.433,0.0,True,26.5,4840,3.394,4.26
google,1500,10,linear,True,False,10.0,0.4,0.3,0.3,0,0,NI,0,PSO,random,4,0.3333333333333333,E26,16.49,95.45,39,2.604924,86.3416,2.1012,0.0,0,12.9591,2.1391,78.897,0.0,True,26.0,4840,3.3855,4.14
google,1500,10,linear,True,False,10.0,0.4,0.3,0.3,0,0,NI,0,PSO,random,5,0.3333333333333333,E26,16.49,95.45,39,2.600591,86.3643,2.264,0.0,0,12.9091,2.1346,79.954,0.0,True,26.5,4840,3.3984,4.17
google,1500,10,linear,True,False,10.0,0.4,0.3,0.3,0,0,NI,0,PSO,random,6,0.3333333333333333,E26,16.49,95.45,39,2.562791,86.5625,3.6846,0.0,0,12.8091,2.1285,81.466,0.0,True,25.5,4840,3.399,4.57
google,1500,10,linear,True,False,10.0,0.4,0.3,0.3,0,0,NI,0,PSO,random,7,0.3333333333333333,E26,16.49,95.45,39,2.595515,86.3909,2.4548,0.0,0,12.9591,2.1391,80.036,0.0,True,27.0,4840,3.3935,4.26
google,1500,20,linear,True,False,10.0,0.4,0.3,0.3,0,0,IE,5,HHO,random,7,0.3333333333333333,E26,16.49,95.45,39,1.447774,87.0591,6.8573,0.0,0,12.9091,2.1276,71.822,0.0,True,28.0,8946,5.4081,3.11
google,1500,20,linear,True,False,10.0,0.4,0.3,0.3,0,0,IE,5,HHO,random,8,0.3333333333333333,E26,16.49,95.45,39,1.450439,87.0352,6.6858,0.0,0,13.0091,2.1529,66.3,0.0,True,28.0,8872,5.3718,2.49
google,1500,20,linear,True,False,10.0,0.4,0.3,0.3,0,0,IE,5,HHO,random,9,0.3333333333333333,E26,16.49,95.45,39,1.460287,86.9472,6.0523,0.0,0,13.0591,2.1683,65.707,0.0,True,28.5,8790,5.368,2.56
google,1500,20,linear,True,False,10.0,0.4,0.3,0.3,0,0,IE,5,HHO,random,10,0.3333333333333333,E26,16.49,95.45,39,1.476042,86.8064,5.0386,0.0,0,12.8591,2.1338,78.071,0.0,True,27.5,8942,5.3748,2.62
google,1500,20,linear,True,False,10.0,0.4,0.3,0.3,0,0,IE,5,GA,random,1,0.3333333333333333,E26,16.49,95.45,39,1.444231,87.0907,7.0852,0.0,0,12.6091,2.1042,84.806,0.0,True,25.0,4840,6.1626,3.72
google,1500,20,linear,True,False,10.0,0.4,0.3,0.3,0,0,IE,5,GA,random,2,0.3333333333333333,E26,16.49,95.45,39,1.452215,87.0194,6.5716,0.0,0,12.6591,2.0792,84.258,0.0,True,25.5,4840,6.1652,3.61
google,1500,20,linear,True,False,10.0,0.4,0.3,0.3,0,0,IE,5,GA,random,3,0.3333333333333333,E26,16.49,95.45,39,1.455139,86.9932,6.3834,0.0,0,12.6591,2.0764,83.038,0.0,True,26.0,4840,6.1922,3.64
google,1500,20,linear,True,False,10.0,0.4,0.3,0.3,0,0,IE,5,GA,random,4,0.3333333333333333,E26,16.49,95.45,39,1.442211,87.1088,7.2152,0.0,0,12.5591,2.0721,84.983,0.0,True,25.5,4840,6.1744,3.57
google,1500,10,linear,True,False,10.0,0.4,0.3,0.3,0,0,NI,0,PSO,random,8,0.3333333333333333,E26,16.49,95.45,39,2.619124,86.2671,1.5675,0.0,0,13.0091,2.1449,76.523,0.0,True,27.0,4840,3.4119,4.2
google,1500,10,linear,True,False,10.0,0.4,0.3,0.3,0,0,NI,0,PSO,random,9,0.3333333333333333,E26,16.49,95.45,39,2.58698,86.4357,2.7756,0.0,0,12.9591,2.1625,79.302,0.0,True,26.5,4840,3.373,4.29
google,1500,10,linear,True,False,10.0,0.4,0.3,0.3,0,0,NI,0,PSO,random,10,0.3333333333333333,E26,16.49,95.45,39,2.596408,86.3862,2.4212,0.0,0,12.9091,2.1259,78.666,0.0,True,26.5,4840,3.3768,4.26
google,1500,10,linear,True,False,10.0,0.4,0.3,0.3,0,0,NI,0,DE,random,1,0.3333333333333333,E26,16.49,95.45,39,2.530929,86.7295,4.8821,0.0,0,12.6591,2.0929,83.682,0.0,True,25.5,4840,3.2719,3.36
google,1500,10,linear,True,False,10.0,0.4,0.3,0.3,0,0,NI,0,DE,random,2,0.3333333333333333,E26,16.49,95.45,39,2.543967,86.6612,4.3921,0.0,0,12.6591,2.0826,83.087,0.0,True,26.0,4840,3.2684,2.71
google,1500,10,linear,True,False,10.0,0.4,0.3,0.3,0,0,NI,0,DE,random,3,0.3333333333333333,E26,16.49,95.45,39,2.54509,86.6553,4.3499,0.0,0,12.7091,2.0839,83.239,0.0,True,25.5,4840,3.3105,2.55
google,1500,10,linear,True,False,10.0,0.4,0.3,0.3,0,0,NI,0,DE,random,4,0.3333333333333333,E26,16.49,95.45,39,2.564572,86.5531,3.6177,0.0,0,12.8591,2.1357,80.777,0.0,True,25.5,4840,3.2799,2.59
google,1500,10,linear,True,False,10.0,0.4,0.3,0.3,0,0,NI,0,DE,random,5,0.3333333333333333,E26,16.49,95.45,39,2.547797,86.6411,4.2482,0.0,0,12.7591,2.1132,82.989,0.0,True,25.5,4840,3.2786,2.63
google,1500,20,linear,True,False,10.0,0.4,0.3,0.3,0,0,IE,5,GA,random,5,0.3333333333333333,E26,16.49,95.45,39,1.446435,87.071,6.9434,0.0,0,12.6091,2.0832,84.034,0.0,True,25.5,4840,6.1307,3.58
google,1500,20,linear,True,False,10.0,0.4,0.3,0.3,0,0,IE,5,GA,random,6,0.3333333333333333,E26,16.49,95.45,39,1.446169,87.0734,6.9606,0.0,0,12.6091,2.0798,83.957,0.0,True,26.5,4840,6.1936,3.67
google,1500,20,linear,True,False,10.0,0.4,0.3,0.3,0,0,IE,5,GA,random,7,0.3333333333333333,E26,16.49,95.45,39,1.446227,87.0729,6.9568,0.0,0,12.6091,2.0916,84.546,0.0,True,25.5,4840,6.1468,3.75
google,1500,20,linear,True,False,10.0,0.4,0.3,0.3,0,0,IE,5,GA,random,8,0.3333333333333333,E26,16.49,95.45,39,1.457827,86.9692,6.2105,0.0,0,12.7091,2.0971,81.485,0.0,True,26.0,4840,6.0864,3.68
google,1500,20,linear,True,False,10.0,0.4,0.3,0.3,0,0,IE,5,GA,random,9,0.3333333333333333,E26,16.49,95.45,39,1.447149,87.0647,6.8975,0.0,0,12.6091,2.0685,84.722,0.0,True,27.0,4840,6.0947,3.6
google,1500,20,linear,True,False,10.0,0.4,0.3,0.3,0,0,IE,5,GA,random,10,0.3333333333333333,E26,16.49,95.45,39,1.446872,87.0671,6.9153,0.0,0,12.6091,2.0747,84.844,0.0,True,25.5,4840,6.1433,3.83
google,1500,20,linear,True,False,10.0,0.4,0.3,0.3,0,0,IE,5,WOA,carbon,1,0.3333333333333333,E26,16.49,95.45,39,1.39178,87.5596,10.4596,0.0,0,12.7591,2.199,64.553,0.0,True,24.5,4840,3.4871,2.64
google,1500,20,linear,True,False,10.0,0.4,0.3,0.3,0,0,IE,5,WOA,carbon,2,0.3333333333333333,E26,16.49,95.45,39,1.394166,87.5382,10.3061,0.0,0,12.7591,2.199,65.355,0.0,True,24.5,4840,3.5188,2.46
google,1500,10,linear,True,False,10.0,0.4,0.3,0.3,0,0,NI,0,GWO,random,2,0.3333333333333333,E26,16.49,95.45,39,2.563151,86.5606,3.6711,0.0,0,12.8591,2.1163,79.183,0.0,True,25.5,4840,3.8743,2.6
google,1500,10,linear,True,False,10.0,0.4,0.3,0.3,0,0,NI,0,GWO,random,3,0.3333333333333333,E26,16.49,95.45,39,2.535868,86.7037,4.6965,0.0,0,12.7091,2.0926,82.504,0.0,True,25.0,4840,3.8225,2.86
google,1500,10,linear,True,False,10.0,0.4,0.3,0.3,0,0,NI,0,GWO,random,4,0.3333333333333333,E26,16.49,95.45,39,2.556707,86.5944,3.9133,0.0,0,12.8091,2.1241,80.411,0.0,True,25.5,4840,3.8233,2.54
google,1500,10,linear,True,False,10.0,0.4,0.3,0.3,0,0,NI,0,GWO,random,5,0.3333333333333333,E26,16.49,95.45,39,2.600417,86.3652,2.2706,0.0,0,12.9091,2.1436,79.347,0.0,True,26.5,4840,3.8208,2.51
google,1500,10,linear,True,False,10.0,0.4,0.3,0.3,0,0,NI,0,GWO,random,6,0.3333333333333333,E26,16.49,95.45,39,2.58128,86.4655,2.9898,0.0,0,12.9091,2.1375,80.012,0.0,True,25.5,4840,3.8141,2.41
google,1500,10,linear,True,False,10.0,0.4,0.3,0.3,0,0,NI,0,GWO,random,7,0.3333333333333333,E26,16.49,95.45,39,2.560488,86.5746,3.7712,0.0,0,12.8091,2.1115,79.695,0.0,True,25.5,4840,3.8495,2.88
google,1500,10,linear,True,False,10.0,0.4,0.3,0.3,0,0,NI,0,GWO,random,8,0.3333333333333333,E26,16.49,95.45,39,2.546264,86.6491,4.3058,0.0,0,12.7591,2.116,79.879,0.0,True,26.0,4840,3.8333,2.76
google,1500,10,linear,True,False,10.0,0.4,0.3,0.3,0,0,NI,0,GWO,random,9,0.3333333333333333,E26,16.49,95.45,39,2.564022,86.556,3.6384,0.0,0,12.8591,2.1368,79.978,0.0,True,25.5,4840,3.8285,2.55
google,1500,10,linear,True,False,10.0,0.4,0.3,0.3,0,0,NI,0,GA,random,10,0.3333333333333333,E26,16.49,95.45,39,2.534466,86.711,4.7491,0.0,0,12.6591,2.0929,83.844,0.0,True,25.5,4840,5.7243,3.68
google,1500,10,linear,True,False,10.0,0.4,0.3,0.3,0,0,NI,0,WOA,carbon,1,0.3333333333333333,E26,16.49,95.45,39,2.527934,86.7452,4.9946,0.0,0,12.8591,2.1383,75.308,0.0,True,25.0,4840,3.2902,2.48
google,1500,10,linear,True,False,10.0,0.4,0.3,0.3,0,0,NI,0,WOA,carbon,2,0.3333333333333333,E26,16.49,95.45,39,2.528756,86.7409,4.9637,0.0,0,12.9091,2.1537,72.756,0.0,True,24.5,4840,3.2823,2.47
google,1500,10,linear,True,False,10.0,0.4,0.3,0.3,0,0,NI,0,WOA,carbon,3,0.3333333333333333,E26,16.49,95.45,39,2.569465,86.5275,3.4338,0.0,0,13.0091,2.1769,74.605,0.0,True,26.0,4840,3.3067,2.57
google,1500,10,linear,True,False,10.0,0.4,0.3,0.3,0,0,NI,0,WOA,carbon,4,0.3333333333333333,E26,16.49,95.45,39,2.542104,86.671,4.4621,0.0,0,13.0091,2.1746,69.343,0.0,True,24.5,4840,3.2936,2.35
google,1500,10,linear,True,False,10.0,0.4,0.3,0.3,0,0,NI,0,WOA,carbon,5,0.3333333333333333,E26,16.49,95.45,39,2.525276,86.7592,5.0946,0.0,0,12.8091,2.1514,78.505,0.0,True,25.5,4840,3.2944,2.64
google,1500,10,linear,True,False,10.0,0.4,0.3,0.3,0,0,NI,0,WOA,carbon,6,0.3333333333333333,E26,16.49,95.45,39,2.557834,86.5885,3.8709,0.0,0,12.9091,2.1499,77.645,0.0,True,25.5,4840,3.287,2.48
google,1500,10,linear,True,False,10.0,0.4,0.3,0.3,0,0,NI,0,WOA,carbon,7,0.3333333333333333,E26,16.49,95.45,39,2.535746,86.7043,4.7011,0.0,0,12.9591,2.1831,71.836,0.0,True,24.5,4840,3.2907,2.59
google,1500,10,linear,True,False,10.0,0.4,0.3,0.3,0,0,NI,0,DE,random,6,0.3333333333333333,E26,16.49,95.45,39,2.510982,86.8341,5.6317,0.0,0,12.5591,2.0843,85.297,0.0,True,26.0,4840,3.298,2.82
google,1500,10,linear,True,False,10.0,0.4,0.3,0.3,0,0,NI,0,DE,random,7,0.3333333333333333,E26,16.49,95.45,39,2.555136,86.6026,3.9723,0.0,0,12.7591,2.1325,82.229,0.0,True,26.5,4840,3.2859,2.6
google,1500,10,linear,True,False,10.0,0.4,0.3,0.3,0,0,NI,0,DE,random,8,0.3333333333333333,E26,16.49,95.45,39,2.519304,86.7905,5.319,0.0,0,12.5591,2.0614,85.44,0.0,True,25.5,4840,3.2987,2.88
google,1500,10,linear,True,False,10.0,0.4,0.3,0.3,0,0,NI,0,DE,random,9,0.3333333333333333,E26,16.49,95.45,39,2.524722,86.7621,5.1154,0.0,0,12.6091,2.0986,84.645,0.0,True,25.5,4840,3.2894,2.79
google,1500,10,linear,True,False,10.0,0.4,0.3,0.3,0,0,NI,0,DE,random,10,0.3333333333333333,E26,16.49,95.45,39,2.531281,86.7277,4.8689,0.0,0,12.6591,2.0896,82.621,0.0,True,25.5,4840,3.3385,2.8
google,1500,10,linear,True,False,10.0,0.4,0.3,0.3,0,0,NI,0,HHO,random,1,0.3333333333333333,E26,16.49,95.45,39,2.571105,86.5189,3.3722,0.0,0,12.8591,2.1332,78.636,0.0,True,26.0,8910,5.0175,2.71
google,1500,10,linear,True,False,10.0,0.4,0.3,0.3,0,0,NI,0,HHO,random,2,0.3333333333333333,E26,16.49,95.45,39,2.554429,86.6063,3.9989,0.0,0,12.8091,2.0951,76.696,0.0,True,25.0,8780,4.9554,2.52
google,1500,10,linear,True,False,10.0,0.4,0.3,0.3,0,0,NI,0,HHO,random,3,0.3333333333333333,E26,16.49,95.45,39,2.544817,86.6567,4.3601,0.0,0,12.7591,2.1036,78.118,0.0,True,24.5,8894,5.0052,2.46
google,1500,20,linear,True,False,10.0,0.4,0.3,0.3,0,0,NI,0,WOA,random,1,0.3333333333333333,E26,16.49,95.45,39,2.570511,86.522,3.3945,0.0,0,12.9091,2.1368,76.866,0.0,True,25.0,4840,3.3394,2.54
google,1500,20,linear,True,False,10.0,0.4,0.3,0.3,0,0,NI,0,WOA,random,2,0.3333333333333333,E26,16.49,95.45,39,2.573117,86.5083,3.2966,0.0,0,12.9091,2.1031,73.394,0.0,True,24.5,4840,3.3006,2.56
google,1500,20,linear,True,False,10.0,0.4,0.3,0.3,0,0,NI,0,WOA,random,3,0.3333333333333333,E26,16.49,95.45,39,2.565336,86.5491,3.589,0.0,0,12.8591,2.1248,75.885,0.0,True,25.0,4840,3.3254,2.47
google,1500,20,linear,True,False,10.0,0.4,0.3,0.3,0,0,NI,0,WOA,random,4,0.3333333333333333,E26,16.49,95.45,39,2.578792,86.4786,3.0833,0.0,0,12.9091,2.1299,75.446,0.0,True,26.0,4840,3.3171,2.61
google,1500,20,linear,True,False,10.0,0.4,0.3,0.3,0,0,NI,0,WOA,random,5,0.3333333333333333,E26,16.49,95.45,39,2.592383,86.4073,2.5725,0.0,0,13.0091,2.1359,71.519,0.0,True,25.0,4840,3.3264,2.36
google,1500,20,linear,True,False,10.0,0.4,0.3,0.3,0,0,NI,0,WOA,random,6,0.3333333333333333,E26,16.49,95.45,39,2.584024,86.4512,2.8867,0.0,0,12.9591,2.1433,72.896,0.0,True,25.0,4840,3.3068,2.51
google,1500,20,linear,True,False,10.0,0.4,0.3,0.3,0,0,NI,0,WOA,random,7,0.3333333333333333,E26,16.49,95.45,39,2.574918,86.4989,3.2289,0.0,0,12.9091,2.1244,74.189,0.0,True,25.5,4840,3.3449,2.72
google,1500,20,linear,True,False,10.0,0.4,0.3,0.3,0,0,NI,0,WOA,random,8,0.3333333333333333,E26,16.49,95.45,39,2.567136,86.5397,3.5214,0.0,0,12.8591,2.1182,73.081,0.0,True,24.5,4840,3.3198,2.5
google,1500,10,linear,True,False,10.0,0.4,0.3,0.3,0,0,NI,0,HHO,random,4,0.3333333333333333,E26,16.49,95.45,39,2.56302,86.5613,3.676,0.0,0,12.8591,2.1231,76.496,0.0,True,25.0,9094,5.0908,2.56
google,1500,10,linear,True,False,10.0,0.4,0.3,0.3,0,0,NI,0,HHO,random,5,0.3333333333333333,E26,16.49,95.45,39,2.562684,86.563,3.6887,0.0,0,12.8591,2.1158,76.094,0.0,True,25.0,8986,5.0227,2.71
google,1500,10,linear,True,False,10.0,0.4,0.3,0.3,0,0,NI,0,HHO,random,6,0.3333333333333333,E26,16.49,95.45,39,2.540975,86.6769,4.5045,0.0,0,12.7591,2.1071,79.545,0.0,True,24.5,8968,5.0455,2.56
google,1500,10,linear,True,False,10.0,0.4,0.3,0.3,0,0,NI,0,HHO,random,7,0.3333333333333333,E26,16.49,95.45,39,2.559818,86.5781,3.7964,0.0,0,12.8591,2.1156,76.618,0.0,True,25.5,8946,5.0034,2.64
google,1500,10,linear,True,False,10.0,0.4,0.3,0.3,0,0,NI,0,HHO,random,8,0.3333333333333333,E26,16.49,95.45,39,2.563957,86.5564,3.6408,0.0,0,12.8591,2.1186,76.422,0.0,True,25.0,8872,4.9901,2.68
google,1500,10,linear,True,False,10.0,0.4,0.3,0.3,0,0,NI,0,HHO,random,9,0.3333333333333333,E26,16.49,95.45,39,2.573935,86.5041,3.2658,0.0,0,12.9091,2.1146,75.549,0.0,True,26.0,8790,4.9603,2.58
google,1500,10,linear,True,False,10.0,0.4,0.3,0.3,0,0,NI,0,HHO,random,10,0.3333333333333333,E26,16.49,95.45,39,2.563328,86.5597,3.6645,0.0,0,12.9091,2.1362,78.221,0.0,True,24.5,8942,5.0043,2.59
google,1500,10,linear,True,False,10.0,0.4,0.3,0.3,0,0,NI,0,GA,random,1,0.3333333333333333,E26,16.49,95.45,39,2.520283,86.7854,5.2822,0.0,0,12.6091,2.0832,84.66,0.0,True,25.5,4840,5.7576,3.76
google,1500,10,linear,True,False,10.0,0.4,0.3,0.3,0,0,NI,0,GA,random,2,0.3333333333333333,E26,16.49,95.45,39,2.529323,86.738,4.9424,0.0,0,12.6091,2.0723,84.527,0.0,True,25.5,4840,5.7216,3.82
google,1500,10,linear,True,False,10.0,0.4,0.3,0.3,0,0,NI,0,GA,random,3,0.3333333333333333,E26,16.49,95.45,39,2.528953,86.7399,4.9563,0.0,0,12.6591,2.0974,83.431,0.0,True,25.5,4840,5.6962,3.62
google,1500,10,linear,True,False,10.0,0.4,0.3,0.3,0,0,NI,0,GA,random,4,0.3333333333333333,E26,16.49,95.45,39,2.525874,86.7561,5.0721,0.0,0,12.6091,2.0877,85.628,0.0,True,25.5,4840,5.7313,3.78
google,1500,10,linear,True,False,10.0,0.4,0.3,0.3,0,0,NI,0,GA,random,5,0.3333333333333333,E26,16.49,95.45,39,2.538878,86.6879,4.5833,0.0,0,12.6591,2.0764,82.666,0.0,True,26.5,4840,5.7206,3.57
google,1500,10,linear,True,False,10.0,0.4,0.3,0.3,0,0,NI,0,GA,random,6,0.3333333333333333,E26,16.49,95.45,39,2.535337,86.7064,4.7164,0.0,0,12.6591,2.0957,83.48,0.0,True,25.5,4840,5.7192,3.81
google,1500,10,linear,True,False,10.0,0.4,0.3,0.3,0,0,NI,0,GA,random,7,0.3333333333333333,E26,16.49,95.45,39,2.528946,86.7399,4.9566,0.0,0,12.6591,2.1059,84.078,0.0,True,27.0,4840,5.7402,3.71
google,1500,10,linear,True,False,10.0,0.4,0.3,0.3,0,0,NI,0,GA,random,8,0.3333333333333333,E26,16.49,95.45,39,2.53283,86.7196,4.8107,0.0,0,12.7091,2.1193,82.697,0.0,True,26.0,4840,5.7217,3.82
google,1500,10,linear,True,False,10.0,0.4,0.3,0.3,0,0,NI,0,GA,random,9,0.3333333333333333,E26,16.49,95.45,39,2.525914,86.7558,5.0706,0.0,0,12.6591,2.0929,83.252,0.0,True,25.5,4840,5.719,3.66
google,1500,20,linear,True,False,10.0,0.4,0.3,0.3,0,0,NI,0,WOA,random,9,0.3333333333333333,E26,16.49,95.45,39,2.5687,86.5315,3.4626,0.0,0,12.8591,2.1173,78.462,0.0,True,26.0,4840,3.3031,2.72
google,1500,20,linear,True,False,10.0,0.4,0.3,0.3,0,0,NI,0,WOA,random,10,0.3333333333333333,E26,16.49,95.45,39,2.592375,86.4074,2.5728,0.0,0,13.0091,2.1662,73.531,0.0,True,26.0,4840,3.3062,2.54
google,1500,20,linear,True,False,10.0,0.4,0.3,0.3,0,0,NI,0,GWO,random,1,0.3333333333333333,E26,16.49,95.45,39,2.572782,86.5101,3.3092,0.0,0,12.9091,2.1413,79.92,0.0,True,25.5,4840,3.8091,2.48
google,1500,20,linear,True,False,10.0,0.4,0.3,0.3,0,0,NI,0,GWO,random,2,0.3333333333333333,E26,16.49,95.45,39,2.563151,86.5606,3.6711,0.0,0,12.8591,2.1163,79.183,0.0,True,25.5,4840,3.8341,2.58
google,1500,20,linear,True,False,10.0,0.4,0.3,0.3,0,0,NI,0,GWO,random,3,0.3333333333333333,E26,16.49,95.45,39,2.535868,86.7037,4.6965,0.0,0,12.7091,2.0926,82.504,0.0,True,25.0,4840,3.8441,2.86
google,1500,20,linear,True,False,10.0,0.4,0.3,0.3,0,0,NI,0,GWO,random,4,0.3333333333333333,E26,16.49,95.45,39,2.556707,86.5944,3.9133,0.0,0,12.8091,2.1241,80.411,0.0,True,25.5,4840,3.8097,2.53
google,1500,20,linear,True,False,10.0,0.4,0.3,0.3,0,0,NI,0,GWO,random,5,0.3333333333333333,E26,16.49,95.45,39,2.600417,86.3652,2.2706,0.0,0,12.9091,2.1436,79.347,0.0,True,26.5,4840,3.803,2.5
google,1500,20,linear,True,False,10.0,0.4,0.3,0.3,0,0,NI,0,GWO,random,6,0.3333333333333333,E26,16.49,95.45,39,2.58128,86.4655,2.9898,0.0,0,12.9091,2.1375,80.012,0.0,True,25.5,4840,3.797,2.41
google,1500,10,linear,True,False,10.0,0.4,0.3,0.3,0,0,NI,1,Greedy(EDF+greenest),-,0,0.3333333333333333,E26,16.49,95.45,39,2.680316,88.357,16.1257,0.0,0,12.6591,2.0228,61.954,19.7512,False,24.5,0,0.0002,0.0
google,1500,10,linear,True,False,10.0,0.4,0.3,0.3,0,0,NI,1,VCC(Google),-,0,0.3333333333333333,E26,16.49,95.45,39,3.203448,86.0846,-0.2445,0.0,0,13.2091,2.1525,60.796,0.0,True,24.5,0,0.0051,0.0
google,1500,10,linear,True,False,10.0,0.4,0.3,0.3,0,0,NI,1,Threshold(WaitAwhile),-,0,0.3333333333333333,E26,16.49,95.45,39,2.789457,87.8829,12.7104,0.0,0,12.9591,2.1075,58.145,28.2606,False,24.5,0,0.0221,0.0
google,1500,10,linear,True,False,10.0,0.4,0.3,0.3,0,0,NI,1,WOA,random,1,0.3333333333333333,E26,16.49,95.45,39,3.099975,86.5341,2.9935,0.0,0,12.9091,2.1204,73.897,0.0,True,25.5,4840,3.3631,2.51
google,1500,10,linear,True,False,10.0,0.4,0.3,0.3,0,0,NI,1,WOA,random,2,0.3333333333333333,E26,16.49,95.45,39,3.099223,86.5373,3.017,0.0,0,13.0091,2.1227,73.042,0.0,True,24.5,4840,3.3222,2.56
google,1500,10,linear,True,False,10.0,0.4,0.3,0.3,0,0,NI,1,WOA,random,3,0.3333333333333333,E26,16.49,95.45,39,3.10146,86.5276,2.947,0.0,0,12.9091,2.1266,76.432,0.0,True,25.0,4840,3.3365,2.48
google,1500,10,linear,True,False,10.0,0.4,0.3,0.3,0,0,NI,1,WOA,random,4,0.3333333333333333,E26,16.49,95.45,39,3.080398,86.6191,3.6061,0.0,0,12.8591,2.1104,74.83,0.0,True,27.0,4840,3.3353,2.58
google,1500,10,linear,True,False,10.0,0.4,0.3,0.3,0,0,NI,1,WOA,random,5,0.3333333333333333,E26,16.49,95.45,39,3.053051,86.7379,4.4619,0.0,0,12.7591,2.1046,79.413,0.0,True,26.0,4840,3.3473,2.62
google,1500,20,linear,True,False,10.0,0.4,0.3,0.3,0,0,NI,0,PSO,random,5,0.3333333333333333,E26,16.49,95.45,39,2.600591,86.3643,2.264,0.0,0,12.9091,2.1346,79.954,0.0,True,26.5,4840,3.3909,4.17
google,1500,20,linear,True,False,10.0,0.4,0.3,0.3,0,0,NI,0,PSO,random,6,0.3333333333333333,E26,16.49,95.45,39,2.562791,86.5625,3.6846,0.0,0,12.8091,2.1285,81.466,0.0,True,25.5,4840,3.3911,4.57
google,1500,20,linear,True,False,10.0,0.4,0.3,0.3,0,0,NI,0,PSO,random,7,0.3333333333333333,E26,16.49,95.45,39,2.595515,86.3909,2.4548,0.0,0,12.9591,2.1391,80.036,0.0,True,27.0,4840,3.4163,4.26
google,1500,20,linear,True,False,10.0,0.4,0.3,0.3,0,0,NI,0,PSO,random,8,0.3333333333333333,E26,16.49,95.45,39,2.619124,86.2671,1.5675,0.0,0,13.0091,2.1449,76.523,0.0,True,27.0,4840,3.3936,4.11
google,1500,20,linear,True,False,10.0,0.4,0.3,0.3,0,0,NI,0,PSO,random,9,0.3333333333333333,E26,16.49,95.45,39,2.58698,86.4357,2.7756,0.0,0,12.9591,2.1625,79.302,0.0,True,26.5,4840,3.3881,4.29
google,1500,20,linear,True,False,10.0,0.4,0.3,0.3,0,0,NI,0,PSO,random,10,0.3333333333333333,E26,16.49,95.45,39,2.596408,86.3862,2.4212,0.0,0,12.9091,2.1259,78.666,0.0,True,26.5,4840,3.3822,4.26
google,1500,20,linear,True,False,10.0,0.4,0.3,0.3,0,0,NI,0,DE,random,1,0.3333333333333333,E26,16.49,95.45,39,2.530929,86.7295,4.8821,0.0,0,12.6591,2.0929,83.682,0.0,True,25.5,4840,3.2851,3.36
google,1500,20,linear,True,False,10.0,0.4,0.3,0.3,0,0,NI,0,DE,random,2,0.3333333333333333,E26,16.49,95.45,39,2.543967,86.6612,4.3921,0.0,0,12.6591,2.0826,83.087,0.0,True,26.0,4840,3.2841,2.71
google,1500,20,linear,True,False,10.0,0.4,0.3,0.3,0,0,NI,0,WOA,carbon,5,0.3333333333333333,E26,16.49,95.45,39,2.365639,87.5962,11.094,0.0,0,12.8091,2.2215,62.607,0.0,True,24.5,4840,3.316,2.41
google,1500,20,linear,True,False,10.0,0.4,0.3,0.3,0,0,NI,0,WOA,carbon,6,0.3333333333333333,E26,16.49,95.45,39,2.375006,87.5471,10.742,0.0,0,12.8591,2.229,60.425,0.0,True,24.5,4840,3.2719,2.73
google,1500,20,linear,True,False,10.0,0.4,0.3,0.3,0,0,NI,0,WOA,carbon,7,0.3333333333333333,E26,16.49,95.45,39,2.373592,87.5545,10.7952,0.0,0,12.8591,2.2283,61.242,0.0,True,24.5,4840,3.2908,2.62
google,1500,20,linear,True,False,10.0,0.4,0.3,0.3,0,0,NI,0,WOA,carbon,8,0.3333333333333333,E26,16.49,95.45,39,2.365593,87.5965,11.0958,0.0,0,12.8091,2.2283,61.891,0.0,True,24.5,4840,3.2771,2.41
google,1500,20,linear,True,False,10.0,0.4,0.3,0.3,0,0,NI,0,WOA,carbon,9,0.3333333333333333,E26,16.49,95.45,39,2.370977,87.5682,10.8934,0.0,0,12.8091,2.2041,65.716,0.0,True,24.5,4840,3.2981,2.46
google,1500,20,linear,True,False,10.0,0.4,0.3,0.3,0,0,NI,0,WOA,carbon,10,0.3333333333333333,E26,16.49,95.45,39,2.352869,87.6632,11.574,0.0,0,12.7591,2.2202,62.821,0.0,True,24.5,4840,3.2741,2.46
google,1500,10,linear,True,False,10.0,0.4,0.3,0.3,0,0,NI,1,FIFO,-,0,0.3333333333333333,E26,16.49,95.45,39,23.020886,0.0,-620.3852,0.0,0,95.9591,15.66,5.308,8.9738,False,24.5,0,0.0,0.0
google,1500,10,linear,True,False,10.0,0.4,0.3,0.3,0,0,NI,1,Consolidation,-,0,0.3333333333333333,E26,16.49,95.45,39,3.195636,86.1185,0.0,0.0,0,13.3091,2.1675,55.842,8.9738,False,24.5,0,0.0,0.0
google,1500,20,linear,True,False,10.0,0.4,0.3,0.3,0,0,NI,0,DE,random,3,0.3333333333333333,E26,16.49,95.45,39,2.54509,86.6553,4.3499,0.0,0,12.7091,2.0839,83.239,0.0,True,25.5,4840,3.5497,2.55
google,1500,20,linear,True,False,10.0,0.4,0.3,0.3,0,0,NI,0,DE,random,4,0.3333333333333333,E26,16.49,95.45,39,2.564572,86.5531,3.6177,0.0,0,12.8591,2.1357,80.777,0.0,True,25.5,4840,3.5495,2.59
google,1500,20,linear,True,False,10.0,0.4,0.3,0.3,0,0,NI,0,DE,random,5,0.3333333333333333,E26,16.49,95.45,39,2.547797,86.6411,4.2482,0.0,0,12.7591,2.1132,82.989,0.0,True,25.5,4840,3.5575,2.63
google,1500,20,linear,True,False,10.0,0.4,0.3,0.3,0,0,NI,0,DE,random,6,0.3333333333333333,E26,16.49,95.45,39,2.510982,86.8341,5.6317,0.0,0,12.5591,2.0843,85.297,0.0,True,26.0,4840,3.5388,2.82
google,1500,20,linear,True,False,10.0,0.4,0.3,0.3,0,0,NI,0,DE,random,7,0.3333333333333333,E26,16.49,95.45,39,2.555136,86.6026,3.9723,0.0,0,12.7591,2.1325,82.229,0.0,True,26.5,4840,3.5453,2.6
google,1500,20,linear,True,False,10.0,0.4,0.3,0.3,0,0,NI,0,DE,random,8,0.3333333333333333,E26,16.49,95.45,39,2.519304,86.7905,5.319,0.0,0,12.5591,2.0614,85.44,0.0,True,25.5,4840,3.5439,2.88
google,1500,20,linear,True,False,10.0,0.4,0.3,0.3,0,0,NI,0,DE,random,9,0.3333333333333333,E26,16.49,95.45,39,2.524722,86.7621,5.1154,0.0,0,12.6091,2.0986,84.645,0.0,True,25.5,4840,3.5439,2.79
google,1500,20,linear,True,False,10.0,0.4,0.3,0.3,0,0,NI,0,DE,random,10,0.3333333333333333,E26,16.49,95.45,39,2.531281,86.7277,4.8689,0.0,0,12.6591,2.0896,82.621,0.0,True,25.5,4840,3.5502,2.8
google,1500,20,linear,True,False,10.0,0.4,0.3,0.3,0,0,NI,0,GWO,random,7,0.3333333333333333,E26,16.49,95.45,39,2.560488,86.5746,3.7712,0.0,0,12.8091,2.1115,79.695,0.0,True,25.5,4840,4.0312,2.86
google,1500,20,linear,True,False,10.0,0.4,0.3,0.3,0,0,NI,0,GWO,random,8,0.3333333333333333,E26,16.49,95.45,39,2.546264,86.6491,4.3058,0.0,0,12.7591,2.116,79.879,0.0,True,26.0,4840,3.9787,2.74
google,1500,20,linear,True,False,10.0,0.4,0.3,0.3,0,0,NI,0,GWO,random,9,0.3333333333333333,E26,16.49,95.45,39,2.564022,86.556,3.6384,0.0,0,12.8591,2.1368,79.978,0.0,True,25.5,4840,4.0187,2.54
google,1500,20,linear,True,False,10.0,0.4,0.3,0.3,0,0,NI,0,GWO,random,10,0.3333333333333333,E26,16.49,95.45,39,2.502547,86.8784,5.9487,0.0,0,12.6091,2.0912,83.709,0.0,True,25.0,4840,4.026,2.92
google,1500,20,linear,True,False,10.0,0.4,0.3,0.3,0,0,NI,0,PSO,random,1,0.3333333333333333,E26,16.49,95.45,39,2.596528,86.3856,2.4167,0.0,0,12.9591,2.1449,79.193,0.0,True,27.0,4840,3.5507,4.17
google,1500,20,linear,True,False,10.0,0.4,0.3,0.3,0,0,NI,0,PSO,random,2,0.3333333333333333,E26,16.49,95.45,39,2.589166,86.4242,2.6934,0.0,0,12.9091,2.1407,80.043,0.0,True,26.5,4840,3.5683,4.31
google,1500,20,linear,True,False,10.0,0.4,0.3,0.3,0,0,NI,0,PSO,random,3,0.3333333333333333,E26,16.49,95.45,39,2.614515,86.2913,1.7407,0.0,0,13.0091,2.1381,76.433,0.0,True,26.5,4840,3.5811,4.26
google,1500,20,linear,True,False,10.0,0.4,0.3,0.3,0,0,NI,0,PSO,random,4,0.3333333333333333,E26,16.49,95.45,39,2.604924,86.3416,2.1012,0.0,0,12.9591,2.1391,78.897,0.0,True,26.0,4840,3.572,4.14
google,1500,20,linear,True,False,10.0,0.4,0.3,0.3,0,0,NI,0,GA,random,7,0.3333333333333333,E26,16.49,95.45,39,2.528946,86.7399,4.9566,0.0,0,12.6591,2.1059,84.078,0.0,True,27.0,4840,5.7626,3.72
google,1500,20,linear,True,False,10.0,0.4,0.3,0.3,0,0,NI,0,GA,random,8,0.3333333333333333,E26,16.49,95.45,39,2.53283,86.7196,4.8107,0.0,0,12.7091,2.1193,82.697,0.0,True,26.0,4840,5.7625,3.84
google,1500,20,linear,True,False,10.0,0.4,0.3,0.3,0,0,NI,0,GA,random,9,0.3333333333333333,E26,16.49,95.45,39,2.525914,86.7558,5.0706,0.0,0,12.6591,2.0929,83.252,0.0,True,25.5,4840,5.7464,3.68
google,1500,20,linear,True,False,10.0,0.4,0.3,0.3,0,0,NI,0,GA,random,10,0.3333333333333333,E26,16.49,95.45,39,2.534466,86.711,4.7491,0.0,0,12.6591,2.0929,83.844,0.0,True,25.5,4840,5.7443,3.7
google,1500,20,linear,True,False,10.0,0.4,0.3,0.3,0,0,NI,0,WOA,carbon,1,0.3333333333333333,E26,16.49,95.45,39,2.366013,87.5942,11.08,0.0,0,12.8591,2.2358,59.138,0.0,True,24.5,4840,3.2988,2.58
google,1500,20,linear,True,False,10.0,0.4,0.3,0.3,0,0,NI,0,WOA,carbon,2,0.3333333333333333,E26,16.49,95.45,39,2.356803,87.6425,11.4261,0.0,0,12.7591,2.2065,63.592,0.0,True,24.5,4840,3.331,2.61
google,1500,20,linear,True,False,10.0,0.4,0.3,0.3,0,0,NI,0,WOA,carbon,3,0.3333333333333333,E26,16.49,95.45,39,2.375939,87.5422,10.707,0.0,0,12.8591,2.2283,60.94,0.0,True,25.0,4840,3.3326,2.53
google,1500,20,linear,True,False,10.0,0.4,0.3,0.3,0,0,NI,0,WOA,carbon,4,0.3333333333333333,E26,16.49,95.45,39,2.360172,87.6249,11.2995,0.0,0,12.7591,2.2059,64.036,0.0,True,24.5,4840,3.3315,2.4
google,1500,10,linear,True,False,10.0,0.4,0.3,0.3,0,0,NI,1,WOA,carbon,10,0.3333333333333333,E26,16.49,95.45,39,3.047596,86.7616,4.6326,0.0,0,12.9091,2.1317,76.782,0.0,True,24.5,4840,3.516,2.62
google,1500,20,linear,True,False,10.0,0.4,0.3,0.3,0,0,NI,1,FIFO,-,0,0.3333333333333333,E26,16.49,95.45,39,23.020886,0.0,-620.3852,0.0,0,95.9591,15.66,5.308,0.0,True,24.5,0,0.0,0.0
google,1500,20,linear,True,False,10.0,0.4,0.3,0.3,0,0,NI,1,Consolidation,-,0,0.3333333333333333,E26,16.49,95.45,39,3.195636,86.1185,0.0,0.0,0,13.3091,2.1675,55.842,0.0,True,24.5,0,0.0,0.0
google,1500,20,linear,True,False,10.0,0.4,0.3,0.3,0,0,NI,1,Greedy(EDF+greenest),-,0,0.3333333333333333,E26,16.49,95.45,39,2.680316,88.357,16.1257,0.0,0,12.6591,2.0228,61.954,0.0,True,24.5,0,0.0002,0.0
google,1500,20,linear,True,False,10.0,0.4,0.3,0.3,0,0,NI,1,VCC(Google),-,0,0.3333333333333333,E26,16.49,95.45,39,3.206498,86.0714,-0.3399,0.0,0,13.3091,2.1675,56.944,0.0,True,24.5,0,0.0049,0.0
google,1500,20,linear,True,False,10.0,0.4,0.3,0.3,0,0,NI,1,Threshold(WaitAwhile),-,0,0.3333333333333333,E26,16.49,95.45,39,2.789457,87.8829,12.7104,0.0,0,12.9591,2.1075,58.145,10.539,False,24.5,0,0.022,0.0
google,1500,20,linear,True,False,10.0,0.4,0.3,0.3,0,0,NI,1,WOA,random,1,0.3333333333333333,E26,16.49,95.45,39,3.093246,86.5633,3.204,0.0,0,12.9091,2.1306,76.17,0.0,True,25.5,4840,3.5169,2.54
google,1500,20,linear,True,False,10.0,0.4,0.3,0.3,0,0,NI,1,WOA,random,2,0.3333333333333333,E26,16.49,95.45,39,3.08538,86.5975,3.4502,0.0,0,12.9091,2.1231,72.009,0.0,True,24.5,4840,3.5242,2.7
google,1500,20,linear,True,False,10.0,0.4,0.3,0.3,0,0,NI,0,HHO,random,1,0.3333333333333333,E26,16.49,95.45,39,2.564009,86.5561,3.6389,0.0,0,12.8591,2.1278,75.965,0.0,True,24.5,8910,5.0047,2.67
google,1500,20,linear,True,False,10.0,0.4,0.3,0.3,0,0,NI,0,HHO,random,2,0.3333333333333333,E26,16.49,95.45,39,2.576744,86.4893,3.1603,0.0,0,12.9091,2.1176,73.812,0.0,True,24.5,8780,4.9226,2.61
google,1500,20,linear,True,False,10.0,0.4,0.3,0.3,0,0,NI,0,HHO,random,3,0.3333333333333333,E26,16.49,95.45,39,2.560057,86.5768,3.7874,0.0,0,12.8591,2.1174,73.794,0.0,True,24.5,8894,4.9658,2.71
google,1500,20,linear,True,False,10.0,0.4,0.3,0.3,0,0,NI,0,HHO,random,4,0.3333333333333333,E26,16.49,95.45,39,2.555435,86.6011,3.9611,0.0,0,12.8091,2.1111,76.083,0.0,True,25.0,9094,5.0614,2.47
google,1500,20,linear,True,False,10.0,0.4,0.3,0.3,0,0,NI,0,HHO,random,5,0.3333333333333333,E26,16.49,95.45,39,2.54727,86.6439,4.2679,0.0,0,12.7591,2.0933,77.298,0.0,True,25.0,8986,5.0229,2.84
google,1500,20,linear,True,False,10.0,0.4,0.3,0.3,0,0,NI,0,HHO,random,6,0.3333333333333333,E26,16.49,95.45,39,2.543034,86.6661,4.4272,0.0,0,12.7591,2.1048,75.844,0.0,True,24.5,8968,5.0198,2.48
google,1500,20,linear,True,False,10.0,0.4,0.3,0.3,0,0,NI,0,HHO,random,7,0.3333333333333333,E26,16.49,95.45,39,2.552555,86.6162,4.0693,0.0,0,12.8091,2.1099,76.089,0.0,True,24.5,8946,5.0594,2.58
google,1500,20,linear,True,False,10.0,0.4,0.3,0.3,0,0,NI,0,HHO,random,8,0.3333333333333333,E26,16.49,95.45,39,2.56819,86.5342,3.4817,0.0,0,12.8591,2.1158,73.924,0.0,True,25.0,8872,4.9979,2.46
google,1500,10,linear,True,False,10.0,0.4,0.3,0.3,0,0,NI,1,WOA,random,6,0.3333333333333333,E26,16.49,95.45,39,3.114076,86.4728,2.5522,0.0,0,12.9591,2.1439,74.266,0.0,True,25.0,4840,3.3451,2.48
google,1500,10,linear,True,False,10.0,0.4,0.3,0.3,0,0,NI,1,WOA,random,7,0.3333333333333333,E26,16.49,95.45,39,3.114089,86.4728,2.5518,0.0,0,12.9591,2.1597,78.151,0.0,True,26.5,4840,3.3365,2.59
google,1500,10,linear,True,False,10.0,0.4,0.3,0.3,0,0,NI,1,WOA,random,8,0.3333333333333333,E26,16.49,95.45,39,3.060746,86.7045,4.2211,0.0,0,12.7091,2.0865,79.167,0.0,True,25.0,4840,3.3265,2.48
google,1500,10,linear,True,False,10.0,0.4,0.3,0.3,0,0,NI,1,WOA,random,9,0.3333333333333333,E26,16.49,95.45,39,3.107475,86.5015,2.7588,0.0,0,12.9591,2.1291,75.371,0.0,True,25.0,4840,3.3577,2.47
google,1500,10,linear,True,False,10.0,0.4,0.3,0.3,0,0,NI,1,WOA,random,10,0.3333333333333333,E26,16.49,95.45,39,3.112641,86.4791,2.5971,0.0,0,12.9591,2.1383,75.974,0.0,True,27.0,4840,3.3686,2.47
google,1500,10,linear,True,False,10.0,0.4,0.3,0.3,0,0,NI,1,GWO,random,1,0.3333333333333333,E26,16.49,95.45,39,3.069573,86.6661,3.9448,0.0,0,12.8091,2.0807,81.025,0.0,True,25.5,4840,3.8905,2.5
google,1500,10,linear,True,False,10.0,0.4,0.3,0.3,0,0,NI,1,GWO,random,2,0.3333333333333333,E26,16.49,95.45,39,3.035414,86.8145,5.0138,0.0,0,12.7091,2.0901,82.451,0.0,True,25.5,4840,3.8819,2.74
google,1500,10,linear,True,False,10.0,0.4,0.3,0.3,0,0,NI,1,GWO,random,3,0.3333333333333333,E26,16.49,95.45,39,3.081419,86.6147,3.5742,0.0,0,12.8591,2.1066,80.055,0.0,True,25.5,4840,3.8755,2.58
google,1500,10,linear,True,False,10.0,0.4,0.3,0.3,0,0,NI,1,GWO,random,4,0.3333333333333333,E26,16.49,95.45,39,3.058656,86.7136,4.2865,0.0,0,12.7591,2.0864,81.398,0.0,True,25.0,4840,3.8368,2.66
google,1500,10,linear,True,False,10.0,0.4,0.3,0.3,0,0,NI,1,GWO,random,5,0.3333333333333333,E26,16.49,95.45,39,3.094776,86.5567,3.1562,0.0,0,12.9591,2.1272,79.034,0.0,True,27.5,4840,3.8156,2.46
google,1500,10,linear,True,False,10.0,0.4,0.3,0.3,0,0,NI,1,GWO,random,6,0.3333333333333333,E26,16.49,95.45,39,3.076144,86.6376,3.7392,0.0,0,12.8091,2.1109,81.52,0.0,True,25.5,4840,3.8273,2.57
google,1500,10,linear,True,False,10.0,0.4,0.3,0.3,0,0,NI,1,GWO,random,7,0.3333333333333333,E26,16.49,95.45,39,3.068951,86.6688,3.9643,0.0,0,12.8091,2.104,81.142,0.0,True,25.5,4840,3.8514,2.63
google,1500,10,linear,True,False,10.0,0.4,0.3,0.3,0,0,NI,1,GWO,random,8,0.3333333333333333,E26,16.49,95.45,39,3.068923,86.669,3.9652,0.0,0,12.9091,2.1287,78.627,0.0,True,25.5,4840,3.8493,2.61
google,1500,10,linear,True,False,10.0,0.4,0.3,0.3,0,0,NI,1,GWO,random,9,0.3333333333333333,E26,16.49,95.45,39,3.057245,86.7197,4.3306,0.0,0,12.7591,2.1023,80.307,0.0,True,25.5,4840,3.831,2.62
google,1500,10,linear,True,False,10.0,0.4,0.3,0.3,0,0,NI,1,GWO,random,10,0.3333333333333333,E26,16.49,95.45,39,3.007009,86.9379,5.9026,0.0,0,12.6591,2.0837,81.776,0.0,True,25.5,4840,3.8668,2.76
google,1500,10,linear,True,False,10.0,0.4,0.3,0.3,0,0,NI,1,PSO,random,1,0.3333333333333333,E26,16.49,95.45,39,3.110957,86.4864,2.6498,0.0,0,12.9591,2.1214,78.613,0.0,True,26.0,4840,3.4383,4.36
google,1500,20,linear,True,False,10.0,0.4,0.3,0.3,0,0,NI,0,HHO,random,9,0.3333333333333333,E26,16.49,95.45,39,2.569884,86.5253,3.4181,0.0,0,12.8591,2.1002,75.248,0.0,True,26.0,8790,5.2625,2.61
google,1500,20,linear,True,False,10.0,0.4,0.3,0.3,0,0,NI,0,HHO,random,10,0.3333333333333333,E26,16.49,95.45,39,2.550751,86.6256,4.1371,0.0,0,12.8091,2.1139,79.031,0.0,True,25.5,8942,5.3028,2.54
google,1500,20,linear,True,False,10.0,0.4,0.3,0.3,0,0,NI,0,GA,random,1,0.3333333333333333,E26,16.49,95.45,39,2.520283,86.7854,5.2822,0.0,0,12.6091,2.0832,84.66,0.0,True,25.5,4840,6.1397,3.76
google,1500,20,linear,True,False,10.0,0.4,0.3,0.3,0,0,NI,0,GA,random,2,0.3333333333333333,E26,16.49,95.45,39,2.529323,86.738,4.9424,0.0,0,12.6091,2.0723,84.527,0.0,True,25.5,4840,6.1034,3.82
google,1500,20,linear,True,False,10.0,0.4,0.3,0.3,0,0,NI,0,GA,random,3,0.3333333333333333,E26,16.49,95.45,39,2.528953,86.7399,4.9563,0.0,0,12.6591,2.0974,83.431,0.0,True,25.5,4840,6.1555,3.62
google,1500,20,linear,True,False,10.0,0.4,0.3,0.3,0,0,NI,0,GA,random,4,0.3333333333333333,E26,16.49,95.45,39,2.525874,86.7561,5.0721,0.0,0,12.6091,2.0877,85.628,0.0,True,25.5,4840,6.1582,3.78
google,1500,20,linear,True,False,10.0,0.4,0.3,0.3,0,0,NI,0,GA,random,5,0.3333333333333333,E26,16.49,95.45,39,2.538878,86.6879,4.5833,0.0,0,12.6591,2.0764,82.666,0.0,True,26.5,4840,6.1355,3.57
google,1500,20,linear,True,False,10.0,0.4,0.3,0.3,0,0,NI,0,GA,random,6,0.3333333333333333,E26,16.49,95.45,39,2.535337,86.7064,4.7164,0.0,0,12.6591,2.0957,83.48,0.0,True,25.5,4840,6.2025,3.81
google,1500,10,linear,True,False,10.0,0.4,0.3,0.3,0,0,NI,1,PSO,random,10,0.3333333333333333,E26,16.49,95.45,39,3.109024,86.4948,2.7103,0.0,0,12.9091,2.1184,79.192,0.0,True,26.0,4840,3.4194,4.39
google,1500,10,linear,True,False,10.0,0.4,0.3,0.3,0,0,NI,1,DE,random,1,0.3333333333333333,E26,16.49,95.45,39,3.069151,86.668,3.9581,0.0,0,12.8091,2.1252,80.635,0.0,True,26.5,4840,3.3135,2.57
google,1500,10,linear,True,False,10.0,0.4,0.3,0.3,0,0,NI,1,DE,random,2,0.3333333333333333,E26,16.49,95.45,39,3.078681,86.6266,3.6598,0.0,0,12.8591,2.1366,80.43,0.0,True,27.5,4840,3.3217,2.52
google,1500,10,linear,True,False,10.0,0.4,0.3,0.3,0,0,NI,1,DE,random,3,0.3333333333333333,E26,16.49,95.45,39,3.023163,86.8677,5.3971,0.0,0,12.7091,2.1061,83.566,0.0,True,25.5,4840,3.3096,2.64
google,1500,10,linear,True,False,10.0,0.4,0.3,0.3,0,0,NI,1,DE,random,4,0.3333333333333333,E26,16.49,95.45,39,3.040978,86.7904,4.8397,0.0,0,12.7091,2.0971,82.094,0.0,True,26.0,4840,3.3076,2.73
google,1500,10,linear,True,False,10.0,0.4,0.3,0.3,0,0,NI,1,DE,random,5,0.3333333333333333,E26,16.49,95.45,39,3.029368,86.8408,5.203,0.0,0,12.7091,2.077,83.462,0.0,True,26.5,4840,3.2906,2.68
google,1500,10,linear,True,False,10.0,0.4,0.3,0.3,0,0,NI,1,DE,random,6,0.3333333333333333,E26,16.49,95.45,39,3.072994,86.6513,3.8378,0.0,0,12.8091,2.1229,81.519,0.0,True,26.0,4840,3.332,2.57
google,1500,10,linear,True,False,10.0,0.4,0.3,0.3,0,0,NI,1,DE,random,7,0.3333333333333333,E26,16.49,95.45,39,3.026174,86.8547,5.3029,0.0,0,12.6091,2.0991,84.455,0.0,True,25.5,4840,3.3241,3.16
google,1500,10,linear,True,False,10.0,0.4,0.3,0.3,0,0,NI,1,PSO,random,2,0.3333333333333333,E26,16.49,95.45,39,3.126314,86.4197,2.1693,0.0,0,13.0591,2.1439,75.609,0.0,True,27.0,4840,3.4265,4.22
google,1500,10,linear,True,False,10.0,0.4,0.3,0.3,0,0,NI,1,PSO,random,3,0.3333333333333333,E26,16.49,95.45,39,3.076361,86.6367,3.7324,0.0,0,12.8091,2.1149,82.577,0.0,True,26.0,4840,3.437,4.52
google,1500,10,linear,True,False,10.0,0.4,0.3,0.3,0,0,NI,1,PSO,random,4,0.3333333333333333,E26,16.49,95.45,39,3.127132,86.4161,2.1437,0.0,0,13.0091,2.1638,76.435,0.0,True,26.5,4840,3.4419,4.36
google,1500,10,linear,True,False,10.0,0.4,0.3,0.3,0,0,NI,1,PSO,random,5,0.3333333333333333,E26,16.49,95.45,39,3.115491,86.4667,2.5079,0.0,0,12.9591,2.1317,78.077,0.0,True,26.5,4840,3.4336,4.16
google,1500,10,linear,True,False,10.0,0.4,0.3,0.3,0,0,NI,1,PSO,random,6,0.3333333333333333,E26,16.49,95.45,39,3.118121,86.4553,2.4256,0.0,0,12.9091,2.1424,79.19,0.0,True,26.0,4840,3.4147,4.16
google,1500,10,linear,True,False,10.0,0.4,0.3,0.3,0,0,NI,1,PSO,random,7,0.3333333333333333,E26,16.49,95.45,39,3.124589,86.4272,2.2232,0.0,0,13.0091,2.1426,78.638,0.0,True,26.5,4840,3.4276,4.16
google,1500,10,linear,True,False,10.0,0.4,0.3,0.3,0,0,NI,1,PSO,random,8,0.3333333333333333,E26,16.49,95.45,39,3.100225,86.533,2.9856,0.0,0,12.8591,2.1017,78.96,0.0,True,26.5,4840,3.4393,4.28
google,1500,10,linear,True,False,10.0,0.4,0.3,0.3,0,0,NI,1,PSO,random,9,0.3333333333333333,E26,16.49,95.45,39,3.110096,86.4901,2.6768,0.0,0,12.9091,2.1447,79.543,0.0,True,26.0,4840,3.4429,4.22
google,1500,10,linear,True,False,10.0,0.4,0.3,0.3,0,0,NI,1,WOA,carbon,2,0.3333333333333333,E26,16.49,95.45,39,3.02673,86.8522,5.2855,0.0,0,13.0591,2.1394,72.174,0.0,True,28.5,4840,3.5793,2.48
google,1500,10,linear,True,False,10.0,0.4,0.3,0.3,0,0,NI,1,WOA,carbon,3,0.3333333333333333,E26,16.49,95.45,39,3.045237,86.7718,4.7064,0.0,0,12.9091,2.1164,74.817,0.0,True,26.0,4840,3.5522,2.56
google,1500,10,linear,True,False,10.0,0.4,0.3,0.3,0,0,NI,1,WOA,carbon,4,0.3333333333333333,E26,16.49,95.45,39,3.019744,86.8826,5.5041,0.0,0,12.8591,2.1036,76.985,0.0,True,26.5,4840,3.5589,2.56
google,1500,10,linear,True,False,10.0,0.4,0.3,0.3,0,0,NI,1,WOA,carbon,5,0.3333333333333333,E26,16.49,95.45,39,2.882573,87.4784,9.7966,0.0,0,13.2091,2.1542,59.499,0.0,True,25.0,4840,3.5668,2.64
google,1500,10,linear,True,False,10.0,0.4,0.3,0.3,0,0,NI,1,WOA,carbon,6,0.3333333333333333,E26,16.49,95.45,39,2.974022,87.0812,6.9349,0.0,0,13.0591,2.116,71.489,0.0,True,27.5,4840,3.571,2.68
google,1500,10,linear,True,False,10.0,0.4,0.3,0.3,0,0,NI,1,WOA,carbon,7,0.3333333333333333,E26,16.49,95.45,39,2.931961,87.2639,8.2511,0.0,0,13.0091,2.1336,72.38,0.0,True,26.0,4840,3.5951,2.56
google,1500,10,linear,True,False,10.0,0.4,0.3,0.3,0,0,NI,1,WOA,carbon,8,0.3333333333333333,E26,16.49,95.45,39,2.998431,86.9752,6.1711,0.0,0,13.0091,2.1216,73.651,0.0,True,26.5,4840,3.5462,2.46
google,1500,10,linear,True,False,10.0,0.4,0.3,0.3,0,0,NI,1,WOA,carbon,9,0.3333333333333333,E26,16.49,95.45,39,3.015133,86.9026,5.6484,0.0,0,12.9591,2.1164,73.321,0.0,True,25.5,4840,3.5513,2.52
google,1500,10,linear,True,False,10.0,0.4,0.3,0.3,0,0,NI,1,DE,random,8,0.3333333333333333,E26,16.49,95.45,39,3.024381,86.8624,5.359,0.0,0,12.6091,2.0558,83.289,0.0,True,26.0,4840,3.3173,2.83
google,1500,10,linear,True,False,10.0,0.4,0.3,0.3,0,0,NI,1,DE,random,9,0.3333333333333333,E26,16.49,95.45,39,3.024049,86.8639,5.3694,0.0,0,12.6591,2.0702,82.675,0.0,True,26.0,4840,3.3294,2.75
google,1500,10,linear,True,False,10.0,0.4,0.3,0.3,0,0,NI,1,DE,random,10,0.3333333333333333,E26,16.49,95.45,39,3.021498,86.875,5.4492,0.0,0,12.6591,2.0776,83.144,0.0,True,26.5,4840,3.3347,2.75
google,1500,10,linear,True,False,10.0,0.4,0.3,0.3,0,0,NI,1,HHO,random,1,0.3333333333333333,E26,16.49,95.45,39,3.057529,86.7185,4.3217,0.0,0,12.8091,2.1109,77.136,0.0,True,26.5,8910,5.0372,2.7
google,1500,10,linear,True,False,10.0,0.4,0.3,0.3,0,0,NI,1,HHO,random,2,0.3333333333333333,E26,16.49,95.45,39,3.052914,86.7385,4.4662,0.0,0,12.7591,2.0807,75.945,0.0,True,24.5,8780,4.9845,2.94
google,1500,10,linear,True,False,10.0,0.4,0.3,0.3,0,0,NI,1,HHO,random,3,0.3333333333333333,E26,16.49,95.45,39,3.078153,86.6289,3.6764,0.0,0,12.9091,2.1179,74.183,0.0,True,27.0,8894,5.063,2.64
google,1500,10,linear,True,False,10.0,0.4,0.3,0.3,0,0,NI,1,HHO,random,4,0.3333333333333333,E26,16.49,95.45,39,3.074473,86.6449,3.7915,0.0,0,12.8091,2.1048,75.909,0.0,True,25.5,9094,5.1255,2.83
google,1500,10,linear,True,False,10.0,0.4,0.3,0.3,0,0,NI,1,HHO,random,5,0.3333333333333333,E26,16.49,95.45,39,3.099216,86.5374,3.0172,0.0,0,13.0091,2.1347,72.673,0.0,True,25.5,8986,5.1021,2.67
google,1500,20,linear,True,False,10.0,0.4,0.3,0.3,0,0,NI,1,WOA,random,3,0.3333333333333333,E26,16.49,95.45,39,3.077912,86.6299,3.6839,0.0,0,12.8591,2.1176,75.921,0.0,True,25.0,4840,3.3552,2.54
google,1500,20,linear,True,False,10.0,0.4,0.3,0.3,0,0,NI,1,WOA,random,4,0.3333333333333333,E26,16.49,95.45,39,3.091362,86.5715,3.263,0.0,0,12.9591,2.1353,74.438,0.0,True,26.0,4840,3.3456,2.59
google,1500,20,linear,True,False,10.0,0.4,0.3,0.3,0,0,NI,1,WOA,random,5,0.3333333333333333,E26,16.49,95.45,39,3.084082,86.6031,3.4908,0.0,0,12.9591,2.1404,75.297,0.0,True,26.0,4840,3.3591,2.64
google,1500,20,linear,True,False,10.0,0.4,0.3,0.3,0,0,NI,1,WOA,random,6,0.3333333333333333,E26,16.49,95.45,39,3.101047,86.5294,2.9599,0.0,0,12.9091,2.1289,77.788,0.0,True,28.0,4840,3.328,2.56
google,1500,20,linear,True,False,10.0,0.4,0.3,0.3,0,0,NI,1,WOA,random,7,0.3333333333333333,E26,16.49,95.45,39,3.082286,86.6109,3.547,0.0,0,12.8091,2.116,77.763,0.0,True,26.0,4840,3.3476,2.54
google,1500,20,linear,True,False,10.0,0.4,0.3,0.3,0,0,NI,1,WOA,random,8,0.3333333333333333,E26,16.49,95.45,39,3.080759,86.6175,3.5948,0.0,0,12.8091,2.1032,77.574,0.0,True,25.0,4840,3.3261,2.57
google,1500,20,linear,True,False,10.0,0.4,0.3,0.3,0,0,NI,1,WOA,random,9,0.3333333333333333,E26,16.49,95.45,39,3.1057,86.5092,2.8143,0.0,0,12.9591,2.1204,71.358,0.0,True,25.0,4840,3.3863,2.54
google,1500,20,linear,True,False,10.0,0.4,0.3,0.3,0,0,NI,1,WOA,random,10,0.3333333333333333,E26,16.49,95.45,39,3.112291,86.4806,2.6081,0.0,0,13.0091,2.1279,70.225,0.0,True,25.5,4840,3.3628,2.48
google,1500,10,linear,True,False,10.0,0.4,0.3,0.3,0,0,NI,1,HHO,random,6,0.3333333333333333,E26,16.49,95.45,39,3.070379,86.6626,3.9196,0.0,0,12.8591,2.1231,75.751,0.0,True,24.5,8968,5.0856,2.43
google,1500,10,linear,True,False,10.0,0.4,0.3,0.3,0,0,NI,1,HHO,random,7,0.3333333333333333,E26,16.49,95.45,39,3.067176,86.6766,4.0199,0.0,0,12.8091,2.1047,75.736,0.0,True,25.5,8946,5.055,2.76
google,1500,10,linear,True,False,10.0,0.4,0.3,0.3,0,0,NI,1,HHO,random,8,0.3333333333333333,E26,16.49,95.45,39,3.087835,86.5868,3.3734,0.0,0,12.9091,2.119,73.697,0.0,True,26.0,8872,5.0279,2.67
google,1500,10,linear,True,False,10.0,0.4,0.3,0.3,0,0,NI,1,HHO,random,9,0.3333333333333333,E26,16.49,95.45,39,3.084559,86.601,3.4759,0.0,0,12.9091,2.1077,72.538,0.0,True,25.5,8790,4.9694,2.89
google,1500,10,linear,True,False,10.0,0.4,0.3,0.3,0,0,NI,1,HHO,random,10,0.3333333333333333,E26,16.49,95.45,39,3.059682,86.7091,4.2544,0.0,0,12.7591,2.0892,76.707,0.0,True,24.5,8942,5.0665,2.93
google,1500,10,linear,True,False,10.0,0.4,0.3,0.3,0,0,NI,1,GA,random,1,0.3333333333333333,E26,16.49,95.45,39,3.02029,86.8802,5.487,0.0,0,12.6091,2.0597,84.85,0.0,True,26.0,4840,5.7645,3.66
google,1500,10,linear,True,False,10.0,0.4,0.3,0.3,0,0,NI,1,GA,random,2,0.3333333333333333,E26,16.49,95.45,39,3.027498,86.8489,5.2615,0.0,0,12.6591,2.0672,82.524,0.0,True,27.0,4840,5.7705,3.78
google,1500,10,linear,True,False,10.0,0.4,0.3,0.3,0,0,NI,1,GA,random,3,0.3333333333333333,E26,16.49,95.45,39,3.003694,86.9523,6.0064,0.0,0,12.6091,2.0701,83.972,0.0,True,25.5,4840,5.7478,3.67
google,1500,20,linear,True,False,10.0,0.4,0.3,0.3,0,0,NI,1,GWO,random,9,0.3333333333333333,E26,16.49,95.45,39,3.057245,86.7197,4.3306,0.0,0,12.7591,2.1023,80.307,0.0,True,25.5,4840,3.844,2.62
google,1500,20,linear,True,False,10.0,0.4,0.3,0.3,0,0,NI,1,GWO,random,10,0.3333333333333333,E26,16.49,95.45,39,3.007009,86.9379,5.9026,0.0,0,12.6591,2.0837,81.776,0.0,True,25.5,4840,3.8516,2.76
google,1500,20,linear,True,False,10.0,0.4,0.3,0.3,0,0,NI,1,PSO,random,1,0.3333333333333333,E26,16.49,95.45,39,3.110957,86.4864,2.6498,0.0,0,12.9591,2.1214,78.613,0.0,True,26.0,4840,3.4337,4.36
google,1500,20,linear,True,False,10.0,0.4,0.3,0.3,0,0,NI,1,PSO,random,2,0.3333333333333333,E26,16.49,95.45,39,3.126314,86.4197,2.1693,0.0,0,13.0591,2.1439,75.609,0.0,True,27.0,4840,3.4078,4.22
google,1500,20,linear,True,False,10.0,0.4,0.3,0.3,0,0,NI,1,PSO,random,3,0.3333333333333333,E26,16.49,95.45,39,3.076361,86.6367,3.7324,0.0,0,12.8091,2.1149,82.577,0.0,True,26.0,4840,3.4158,4.52
google,1500,20,linear,True,False,10.0,0.4,0.3,0.3,0,0,NI,1,PSO,random,4,0.3333333333333333,E26,16.49,95.45,39,3.127132,86.4161,2.1437,0.0,0,13.0091,2.1638,76.435,0.0,True,26.5,4840,3.426,4.36
google,1500,20,linear,True,False,10.0,0.4,0.3,0.3,0,0,NI,1,PSO,random,5,0.3333333333333333,E26,16.49,95.45,39,3.115491,86.4667,2.5079,0.0,0,12.9591,2.1317,78.077,0.0,True,26.5,4840,3.4072,4.16
google,1500,20,linear,True,False,10.0,0.4,0.3,0.3,0,0,NI,1,PSO,random,6,0.3333333333333333,E26,16.49,95.45,39,3.118121,86.4553,2.4256,0.0,0,12.9091,2.1424,79.19,0.0,True,26.0,4840,3.3964,4.16
google,1500,10,linear,True,False,10.0,0.4,0.3,0.3,0,0,NI,1,GA,random,4,0.3333333333333333,E26,16.49,95.45,39,3.011671,86.9177,5.7567,0.0,0,12.6091,2.0672,84.878,0.0,True,25.5,4840,5.7728,3.82
google,1500,10,linear,True,False,10.0,0.4,0.3,0.3,0,0,NI,1,GA,random,5,0.3333333333333333,E26,16.49,95.45,39,3.015652,86.9004,5.6322,0.0,0,12.6591,2.0849,84.435,0.0,True,25.5,4840,5.7459,3.75
google,1500,10,linear,True,False,10.0,0.4,0.3,0.3,0,0,NI,1,GA,random,6,0.3333333333333333,E26,16.49,95.45,39,3.0194,86.8841,5.5149,0.0,0,12.6091,2.0734,83.884,0.0,True,25.5,4840,5.7346,3.77
google,1500,10,linear,True,False,10.0,0.4,0.3,0.3,0,0,NI,1,GA,random,7,0.3333333333333333,E26,16.49,95.45,39,3.027478,86.849,5.2621,0.0,0,12.6591,2.0644,83.063,0.0,True,25.5,4840,5.7777,3.84
google,1500,10,linear,True,False,10.0,0.4,0.3,0.3,0,0,NI,1,GA,random,8,0.3333333333333333,E26,16.49,95.45,39,3.04303,86.7814,4.7754,0.0,0,12.7091,2.1022,82.539,0.0,True,26.0,4840,5.7439,3.74
google,1500,10,linear,True,False,10.0,0.4,0.3,0.3,0,0,NI,1,GA,random,9,0.3333333333333333,E26,16.49,95.45,39,3.005086,86.9463,5.9628,0.0,0,12.6091,2.0541,83.837,0.0,True,25.5,4840,5.7646,3.76
google,1500,10,linear,True,False,10.0,0.4,0.3,0.3,0,0,NI,1,GA,random,10,0.3333333333333333,E26,16.49,95.45,39,3.016156,86.8982,5.6164,0.0,0,12.6591,2.0804,83.962,0.0,True,25.5,4840,5.7586,3.81
google,1500,10,linear,True,False,10.0,0.4,0.3,0.3,0,0,NI,1,WOA,carbon,1,0.3333333333333333,E26,16.49,95.45,39,3.011486,86.9185,5.7625,0.0,0,12.8591,2.1072,76.431,0.0,True,25.0,4840,3.283,2.78
google,1500,20,linear,True,False,10.0,0.4,0.3,0.3,0,0,NI,1,PSO,random,7,0.3333333333333333,E26,16.49,95.45,39,3.124589,86.4272,2.2232,0.0,0,13.0091,2.1426,78.638,0.0,True,26.5,4840,3.51,4.26
google,1500,20,linear,True,False,10.0,0.4,0.3,0.3,0,0,NI,1,PSO,random,8,0.3333333333333333,E26,16.49,95.45,39,3.100225,86.533,2.9856,0.0,0,12.8591,2.1017,78.96,0.0,True,26.5,4840,3.4604,4.28
google,1500,20,linear,True,False,10.0,0.4,0.3,0.3,0,0,NI,1,PSO,random,9,0.3333333333333333,E26,16.49,95.45,39,3.110096,86.4901,2.6768,0.0,0,12.9091,2.1447,79.543,0.0,True,26.0,4840,3.4525,4.22
google,1500,20,linear,True,False,10.0,0.4,0.3,0.3,0,0,NI,1,PSO,random,10,0.3333333333333333,E26,16.49,95.45,39,3.109024,86.4948,2.7103,0.0,0,12.9091,2.1184,79.192,0.0,True,26.0,4840,3.4466,4.32
google,1500,20,linear,True,False,10.0,0.4,0.3,0.3,0,0,NI,1,DE,random,1,0.3333333333333333,E26,16.49,95.45,39,3.069151,86.668,3.9581,0.0,0,12.8091,2.1252,80.635,0.0,True,26.5,4840,3.3457,2.57
google,1500,20,linear,True,False,10.0,0.4,0.3,0.3,0,0,NI,1,DE,random,2,0.3333333333333333,E26,16.49,95.45,39,3.078681,86.6266,3.6598,0.0,0,12.8591,2.1366,80.43,0.0,True,27.5,4840,3.3382,2.52
google,1500,20,linear,True,False,10.0,0.4,0.3,0.3,0,0,NI,1,DE,random,3,0.3333333333333333,E26,16.49,95.45,39,3.023163,86.8677,5.3971,0.0,0,12.7091,2.1061,83.566,0.0,True,25.5,4840,3.3186,2.64
google,1500,20,linear,True,False,10.0,0.4,0.3,0.3,0,0,NI,1,DE,random,4,0.3333333333333333,E26,16.49,95.45,39,3.040978,86.7904,4.8397,0.0,0,12.7091,2.0971,82.094,0.0,True,26.0,4840,3.3139,2.73
google,1500,20,linear,True,False,10.0,0.4,0.3,0.3,0,0,NI,1,WOA,carbon,7,0.3333333333333333,E26,16.49,95.45,39,2.669081,88.4058,16.4773,0.0,0,12.6091,2.0153,61.636,0.0,True,24.5,4840,3.5952,2.28
google,1500,20,linear,True,False,10.0,0.4,0.3,0.3,0,0,NI,1,WOA,carbon,8,0.3333333333333333,E26,16.49,95.45,39,2.671069,88.3972,16.4151,0.0,0,12.6091,2.0153,62.564,0.0,True,24.5,4840,3.5414,2.27
google,1500,20,linear,True,False,10.0,0.4,0.3,0.3,0,0,NI,1,WOA,carbon,9,0.3333333333333333,E26,16.49,95.45,39,2.680316,88.357,16.1257,0.0,0,12.6591,2.0228,61.954,0.0,True,24.5,4840,3.5796,2.18
google,1500,20,linear,True,False,10.0,0.4,0.3,0.3,0,0,NI,1,WOA,carbon,10,0.3333333333333333,E26,16.49,95.45,39,2.680316,88.357,16.1257,0.0,0,12.6591,2.0228,61.954,0.0,True,24.5,4840,3.5675,2.2
google,1500,10,linear,True,False,10.0,0.4,0.3,0.3,0,0,NI,2,FIFO,-,0,0.3333333333333333,E26,16.49,95.45,39,22.803502,0.0,-622.6814,0.0,0,95.9591,15.66,5.308,8.9738,False,24.5,0,0.0,0.0
google,1500,10,linear,True,False,10.0,0.4,0.3,0.3,0,0,NI,2,Consolidation,-,0,0.3333333333333333,E26,16.49,95.45,39,3.155402,86.1626,0.0,0.0,0,13.3091,2.1675,55.842,8.9738,False,24.5,0,0.0,0.0
google,1500,10,linear,True,False,10.0,0.4,0.3,0.3,0,0,NI,2,Greedy(EDF+greenest),-,0,0.3333333333333333,E26,16.49,95.45,39,2.655826,88.3534,15.8324,0.0,0,12.8091,2.214,55.454,18.7153,False,24.5,0,0.0002,0.0
google,1500,10,linear,True,False,10.0,0.4,0.3,0.3,0,0,NI,2,VCC(Google),-,0,0.3333333333333333,E26,16.49,95.45,39,3.07235,86.5269,2.6321,0.0,0,13.2091,2.1525,63.321,0.0,True,24.5,0,0.0059,0.0
google,1500,20,linear,True,False,10.0,0.4,0.3,0.3,0,0,NI,1,GWO,random,1,0.3333333333333333,E26,16.49,95.45,39,3.069573,86.6661,3.9448,0.0,0,12.8091,2.0807,81.025,0.0,True,25.5,4840,4.0133,2.5
google,1500,20,linear,True,False,10.0,0.4,0.3,0.3,0,0,NI,1,GWO,random,2,0.3333333333333333,E26,16.49,95.45,39,3.035414,86.8145,5.0138,0.0,0,12.7091,2.0901,82.451,0.0,True,25.5,4840,4.0501,2.74
google,1500,20,linear,True,False,10.0,0.4,0.3,0.3,0,0,NI,1,GWO,random,3,0.3333333333333333,E26,16.49,95.45,39,3.081419,86.6147,3.5742,0.0,0,12.8591,2.1066,80.055,0.0,True,25.5,4840,4.0507,2.58
google,1500,20,linear,True,False,10.0,0.4,0.3,0.3,0,0,NI,1,GWO,random,4,0.3333333333333333,E26,16.49,95.45,39,3.058656,86.7136,4.2865,0.0,0,12.7591,2.0864,81.398,0.0,True,25.0,4840,4.0156,2.65
google,1500,20,linear,True,False,10.0,0.4,0.3,0.3,0,0,NI,1,GWO,random,5,0.3333333333333333,E26,16.49,95.45,39,3.094776,86.5567,3.1562,0.0,0,12.9591,2.1272,79.034,0.0,True,27.5,4840,4.0336,2.46
google,1500,20,linear,True,False,10.0,0.4,0.3,0.3,0,0,NI,1,GWO,random,6,0.3333333333333333,E26,16.49,95.45,39,3.076144,86.6376,3.7392,0.0,0,12.8091,2.1109,81.52,0.0,True,25.5,4840,4.0432,2.57
google,1500,20,linear,True,False,10.0,0.4,0.3,0.3,0,0,NI,1,GWO,random,7,0.3333333333333333,E26,16.49,95.45,39,3.068951,86.6688,3.9643,0.0,0,12.8091,2.104,81.142,0.0,True,25.5,4840,4.0013,2.63
google,1500,20,linear,True,False,10.0,0.4,0.3,0.3,0,0,NI,1,GWO,random,8,0.3333333333333333,E26,16.49,95.45,39,3.068923,86.669,3.9652,0.0,0,12.9091,2.1287,78.627,0.0,True,25.5,4840,4.01,2.61
google,1500,20,linear,True,False,10.0,0.4,0.3,0.3,0,0,NI,1,DE,random,5,0.3333333333333333,E26,16.49,95.45,39,3.029368,86.8408,5.203,0.0,0,12.7091,2.077,83.462,0.0,True,26.5,4840,3.3484,2.69
google,1500,20,linear,True,False,10.0,0.4,0.3,0.3,0,0,NI,1,DE,random,6,0.3333333333333333,E26,16.49,95.45,39,3.072994,86.6513,3.8378,0.0,0,12.8091,2.1229,81.519,0.0,True,26.0,4840,3.3247,2.57
google,1500,20,linear,True,False,10.0,0.4,0.3,0.3,0,0,NI,1,DE,random,7,0.3333333333333333,E26,16.49,95.45,39,3.026174,86.8547,5.3029,0.0,0,12.6091,2.0991,84.455,0.0,True,25.5,4840,3.3273,3.16
google,1500,20,linear,True,False,10.0,0.4,0.3,0.3,0,0,NI,1,DE,random,8,0.3333333333333333,E26,16.49,95.45,39,3.024381,86.8624,5.359,0.0,0,12.6091,2.0558,83.289,0.0,True,26.0,4840,3.337,2.83
google,1500,20,linear,True,False,10.0,0.4,0.3,0.3,0,0,NI,1,DE,random,9,0.3333333333333333,E26,16.49,95.45,39,3.024049,86.8639,5.3694,0.0,0,12.6591,2.0702,82.675,0.0,True,26.0,4840,3.3312,2.75
google,1500,20,linear,True,False,10.0,0.4,0.3,0.3,0,0,NI,1,DE,random,10,0.3333333333333333,E26,16.49,95.45,39,3.021498,86.875,5.4492,0.0,0,12.6591,2.0776,83.144,0.0,True,26.5,4840,3.3195,2.75
google,1500,20,linear,True,False,10.0,0.4,0.3,0.3,0,0,NI,1,HHO,random,1,0.3333333333333333,E26,16.49,95.45,39,3.072697,86.6526,3.8471,0.0,0,12.8591,2.1092,74.109,0.0,True,25.0,8910,5.0131,2.53
google,1500,20,linear,True,False,10.0,0.4,0.3,0.3,0,0,NI,1,HHO,random,2,0.3333333333333333,E26,16.49,95.45,39,3.08152,86.6142,3.571,0.0,0,12.9591,2.1432,69.897,0.0,True,24.5,8780,4.9843,2.61
google,1500,20,linear,True,False,10.0,0.4,0.3,0.3,0,0,NI,1,GA,random,9,0.3333333333333333,E26,16.49,95.45,39,3.005086,86.9463,5.9628,0.0,0,12.6091,2.0541,83.837,0.0,True,25.5,4840,5.7677,3.76
google,1500,20,linear,True,False,10.0,0.4,0.3,0.3,0,0,NI,1,GA,random,10,0.3333333333333333,E26,16.49,95.45,39,3.016156,86.8982,5.6164,0.0,0,12.6591,2.0804,83.962,0.0,True,25.5,4840,5.778,3.8
google,1500,20,linear,True,False,10.0,0.4,0.3,0.3,0,0,NI,1,WOA,carbon,1,0.3333333333333333,E26,16.49,95.45,39,2.671069,88.3972,16.4151,0.0,0,12.6091,2.0153,62.564,0.0,True,24.5,4840,3.3135,2.26
google,1500,20,linear,True,False,10.0,0.4,0.3,0.3,0,0,NI,1,WOA,carbon,2,0.3333333333333333,E26,16.49,95.45,39,2.668623,88.4078,16.4916,0.0,0,12.6091,2.0153,63.238,0.0,True,24.5,4840,3.3366,2.35
google,1500,20,linear,True,False,10.0,0.4,0.3,0.3,0,0,NI,1,WOA,carbon,3,0.3333333333333333,E26,16.49,95.45,39,2.671069,88.3972,16.4151,0.0,0,12.6091,2.0153,62.564,0.0,True,24.5,4840,3.3094,2.27
google,1500,20,linear,True,False,10.0,0.4,0.3,0.3,0,0,NI,1,WOA,carbon,4,0.3333333333333333,E26,16.49,95.45,39,2.671069,88.3972,16.4151,0.0,0,12.6091,2.0153,62.564,0.0,True,24.5,4840,3.3202,2.41
google,1500,20,linear,True,False,10.0,0.4,0.3,0.3,0,0,NI,1,WOA,carbon,5,0.3333333333333333,E26,16.49,95.45,39,2.669645,88.4034,16.4597,0.0,0,12.6091,2.0153,61.882,0.0,True,25.0,4840,3.3752,2.46
google,1500,20,linear,True,False,10.0,0.4,0.3,0.3,0,0,NI,1,WOA,carbon,6,0.3333333333333333,E26,16.49,95.45,39,2.664318,88.4265,16.6264,0.0,0,12.5591,2.0078,66.432,0.0,True,24.5,4840,3.349,2.47
google,1500,10,linear,True,False,10.0,0.4,0.3,0.3,0,0,NI,2,Threshold(WaitAwhile),-,0,0.3333333333333333,E26,16.49,95.45,39,2.71967,88.0735,13.8091,0.0,0,12.9591,2.244,52.716,16.5153,False,24.5,0,0.0222,0.0
google,1500,10,linear,True,False,10.0,0.4,0.3,0.3,0,0,NI,2,WOA,random,1,0.3333333333333333,E26,16.49,95.45,39,2.916328,87.2111,7.5766,0.0,0,12.8591,2.1368,81.135,0.0,True,25.5,4840,3.3552,2.63
google,1500,10,linear,True,False,10.0,0.4,0.3,0.3,0,0,NI,2,WOA,random,2,0.3333333333333333,E26,16.49,95.45,39,2.941708,87.0998,6.7723,0.0,0,12.9091,2.1231,79.716,0.0,True,25.5,4840,3.3473,2.69
google,1500,10,linear,True,False,10.0,0.4,0.3,0.3,0,0,NI,2,WOA,random,3,0.3333333333333333,E26,16.49,95.45,39,2.968519,86.9822,5.9226,0.0,0,13.0091,2.1404,77.447,0.0,True,26.0,4840,3.3447,2.89
google,1500,10,linear,True,False,10.0,0.4,0.3,0.3,0,0,NI,2,WOA,random,4,0.3333333333333333,E26,16.49,95.45,39,2.922411,87.1844,7.3839,0.0,0,12.9091,2.1349,76.699,0.0,True,27.0,4840,3.3603,2.5
google,1500,10,linear,True,False,10.0,0.4,0.3,0.3,0,0,NI,2,WOA,random,5,0.3333333333333333,E26,16.49,95.45,39,2.97337,86.9609,5.7689,0.0,0,13.0091,2.1512,77.653,0.0,True,27.0,4840,3.3529,2.51
google,1500,10,linear,True,False,10.0,0.4,0.3,0.3,0,0,NI,2,WOA,random,6,0.3333333333333333,E26,16.49,95.45,39,2.952027,87.0545,6.4453,0.0,0,12.9591,2.1495,75.368,0.0,True,25.5,4840,3.3595,2.72
google,1500,10,linear,True,False,10.0,0.4,0.3,0.3,0,0,NI,2,WOA,random,7,0.3333333333333333,E26,16.49,95.45,39,2.934457,87.1316,7.0021,0.0,0,12.9091,2.1544,79.242,0.0,True,26.5,4840,3.399,2.49
google,1500,20,linear,True,False,10.0,0.4,0.3,0.3,0,0,NI,1,HHO,random,3,0.3333333333333333,E26,16.49,95.45,39,3.075964,86.6384,3.7449,0.0,0,12.8591,2.1163,73.753,0.0,True,24.5,8894,5.344,2.57
google,1500,20,linear,True,False,10.0,0.4,0.3,0.3,0,0,NI,1,HHO,random,4,0.3333333333333333,E26,16.49,95.45,39,3.08972,86.5786,3.3144,0.0,0,12.8591,2.1214,75.284,0.0,True,25.0,9094,5.4188,2.61
google,1500,20,linear,True,False,10.0,0.4,0.3,0.3,0,0,NI,1,HHO,random,5,0.3333333333333333,E26,16.49,95.45,39,3.059729,86.7089,4.2529,0.0,0,12.8091,2.1041,76.543,0.0,True,24.5,8986,5.3572,2.78
google,1500,20,linear,True,False,10.0,0.4,0.3,0.3,0,0,NI,1,HHO,random,6,0.3333333333333333,E26,16.49,95.45,39,3.064636,86.6876,4.0993,0.0,0,12.8091,2.1144,77.973,0.0,True,24.5,8968,5.3015,2.38
google,1500,20,linear,True,False,10.0,0.4,0.3,0.3,0,0,NI,1,HHO,random,7,0.3333333333333333,E26,16.49,95.45,39,3.079866,86.6214,3.6227,0.0,0,12.8591,2.1203,76.894,0.0,True,25.0,8946,5.3127,2.5
google,1500,20,linear,True,False,10.0,0.4,0.3,0.3,0,0,NI,1,HHO,random,8,0.3333333333333333,E26,16.49,95.45,39,3.080999,86.6165,3.5873,0.0,0,12.9091,2.1255,73.286,0.0,True,25.0,8872,5.3442,2.8
google,1500,20,linear,True,False,10.0,0.4,0.3,0.3,0,0,NI,1,HHO,random,9,0.3333333333333333,E26,16.49,95.45,39,3.06372,86.6916,4.128,0.0,0,12.8091,2.095,74.045,0.0,True,25.0,8790,5.3263,2.58
google,1500,20,linear,True,False,10.0,0.4,0.3,0.3,0,0,NI,1,HHO,random,10,0.3333333333333333,E26,16.49,95.45,39,3.094569,86.5576,3.1626,0.0,0,12.9591,2.1049,67.776,0.0,True,24.5,8942,5.3258,2.63
google,1500,10,linear,True,False,10.0,0.4,0.3,0.3,0,0,NI,2,WOA,random,8,0.3333333333333333,E26,16.49,95.45,39,2.935095,87.1288,6.9819,0.0,0,12.9591,2.1413,76.463,0.0,True,26.0,4840,3.3303,2.73
google,1500,10,linear,True,False,10.0,0.4,0.3,0.3,0,0,NI,2,WOA,random,9,0.3333333333333333,E26,16.49,95.45,39,2.952047,87.0544,6.4446,0.0,0,12.9591,2.1511,77.559,0.0,True,28.0,4840,3.3565,2.61
google,1500,10,linear,True,False,10.0,0.4,0.3,0.3,0,0,NI,2,WOA,random,10,0.3333333333333333,E26,16.49,95.45,39,2.931992,87.1424,7.0802,0.0,0,13.0091,2.1754,76.34,0.0,True,26.0,4840,3.3272,2.63
google,1500,10,linear,True,False,10.0,0.4,0.3,0.3,0,0,NI,2,GWO,random,1,0.3333333333333333,E26,16.49,95.45,39,2.948954,87.068,6.5427,0.0,0,12.9091,2.1327,79.701,0.0,True,25.5,4840,3.8744,2.39
google,1500,10,linear,True,False,10.0,0.4,0.3,0.3,0,0,NI,2,GWO,random,2,0.3333333333333333,E26,16.49,95.45,39,2.922292,87.1849,7.3876,0.0,0,12.8091,2.116,80.347,0.0,True,25.5,4840,3.9142,2.59
google,1500,10,linear,True,False,10.0,0.4,0.3,0.3,0,0,NI,2,GWO,random,3,0.3333333333333333,E26,16.49,95.45,39,2.938148,87.1154,6.8851,0.0,0,12.8591,2.1328,81.996,0.0,True,25.5,4840,3.8977,2.38
google,1500,10,linear,True,False,10.0,0.4,0.3,0.3,0,0,NI,2,GWO,random,4,0.3333333333333333,E26,16.49,95.45,39,2.927904,87.1603,7.2098,0.0,0,12.8091,2.1104,81.288,0.0,True,25.5,4840,3.9149,2.56
google,1500,10,linear,True,False,10.0,0.4,0.3,0.3,0,0,NI,2,GWO,random,5,0.3333333333333333,E26,16.49,95.45,39,2.909341,87.2417,7.7981,0.0,0,12.7591,2.0851,82.016,0.0,True,26.0,4840,3.8729,2.61
google,1500,10,linear,True,False,10.0,0.4,0.3,0.3,0,0,NI,2,PSO,random,4,0.3333333333333333,E26,16.49,95.45,39,2.948399,87.0704,6.5603,0.0,0,13.0091,2.1432,78.961,0.0,True,25.5,4840,3.4218,4.3
google,1500,10,linear,True,False,10.0,0.4,0.3,0.3,0,0,NI,2,PSO,random,5,0.3333333333333333,E26,16.49,95.45,39,2.925641,87.1702,7.2815,0.0,0,12.8591,2.1419,80.849,0.0,True,25.5,4840,3.3977,4.18
google,1500,10,linear,True,False,10.0,0.4,0.3,0.3,0,0,NI,2,PSO,random,6,0.3333333333333333,E26,16.49,95.45,39,2.960744,87.0163,6.169,0.0,0,13.0091,2.158,77.02,0.0,True,26.5,4840,3.4535,4.14
google,1500,10,linear,True,False,10.0,0.4,0.3,0.3,0,0,NI,2,PSO,random,7,0.3333333333333333,E26,16.49,95.45,39,2.879806,87.3712,8.7341,0.0,0,12.7091,2.0873,82.728,0.0,True,27.5,4840,3.4604,4.3
google,1500,10,linear,True,False,10.0,0.4,0.3,0.3,0,0,NI,2,PSO,random,8,0.3333333333333333,E26,16.49,95.45,39,2.915149,87.2162,7.614,0.0,0,12.9591,2.1546,77.267,0.0,True,26.0,4840,3.449,4.33
google,1500,10,linear,True,False,10.0,0.4,0.3,0.3,0,0,NI,2,PSO,random,9,0.3333333333333333,E26,16.49,95.45,39,2.924181,87.1766,7.3278,0.0,0,12.9091,2.1364,79.592,0.0,True,26.0,4840,3.4155,4.3
google,1500,10,linear,True,False,10.0,0.4,0.3,0.3,0,0,NI,2,PSO,random,10,0.3333333333333333,E26,16.49,95.45,39,2.937709,87.1173,6.8991,0.0,0,12.9591,2.1471,77.876,0.0,True,26.5,4840,3.4034,4.22
google,1500,10,linear,True,False,10.0,0.4,0.3,0.3,0,0,NI,2,DE,random,1,0.3333333333333333,E26,16.49,95.45,39,2.865216,87.4352,9.1965,0.0,0,12.6591,2.0963,82.789,0.0,True,26.0,4840,3.2975,2.95
google,1500,20,linear,True,False,10.0,0.4,0.3,0.3,0,0,NI,2,Consolidation,-,0,0.3333333333333333,E26,16.49,95.45,39,3.155402,86.1626,0.0,0.0,0,13.3091,2.1675,55.842,0.0,True,24.5,0,0.0,0.0
google,1500,20,linear,True,False,10.0,0.4,0.3,0.3,0,0,NI,2,Greedy(EDF+greenest),-,0,0.3333333333333333,E26,16.49,95.45,39,2.655826,88.3534,15.8324,0.0,0,12.8091,2.214,55.454,0.0,True,24.5,0,0.0002,0.0
google,1500,20,linear,True,False,10.0,0.4,0.3,0.3,0,0,NI,2,VCC(Google),-,0,0.3333333333333333,E26,16.49,95.45,39,3.121751,86.3102,1.0665,0.0,0,13.2591,2.16,57.393,0.0,True,24.5,0,0.0051,0.0
google,1500,20,linear,True,False,10.0,0.4,0.3,0.3,0,0,NI,2,Threshold(WaitAwhile),-,0,0.3333333333333333,E26,16.49,95.45,39,2.71967,88.0735,13.8091,0.0,0,12.9591,2.244,52.716,0.0,True,24.5,0,0.0226,0.0
google,1500,20,linear,True,False,10.0,0.4,0.3,0.3,0,0,NI,2,WOA,random,1,0.3333333333333333,E26,16.49,95.45,39,2.916328,87.2111,7.5766,0.0,0,12.8591,2.1368,81.135,0.0,True,25.5,4840,3.3698,2.63
google,1500,20,linear,True,False,10.0,0.4,0.3,0.3,0,0,NI,2,WOA,random,2,0.3333333333333333,E26,16.49,95.45,39,2.941708,87.0998,6.7723,0.0,0,12.9091,2.1231,79.716,0.0,True,25.5,4840,3.3288,2.69
google,1500,20,linear,True,False,10.0,0.4,0.3,0.3,0,0,NI,2,WOA,random,3,0.3333333333333333,E26,16.49,95.45,39,2.968519,86.9822,5.9226,0.0,0,13.0091,2.1404,77.447,0.0,True,26.0,4840,3.3147,2.89
google,1500,20,linear,True,False,10.0,0.4,0.3,0.3,0,0,NI,2,WOA,random,4,0.3333333333333333,E26,16.49,95.45,39,2.922411,87.1844,7.3839,0.0,0,12.9091,2.1349,76.699,0.0,True,27.0,4840,3.3381,2.51
google,1500,20,linear,True,False,10.0,0.4,0.3,0.3,0,0,NI,1,GA,random,1,0.3333333333333333,E26,16.49,95.45,39,3.02029,86.8802,5.487,0.0,0,12.6091,2.0597,84.85,0.0,True,26.0,4840,5.7746,3.66
google,1500,20,linear,True,False,10.0,0.4,0.3,0.3,0,0,NI,1,GA,random,2,0.3333333333333333,E26,16.49,95.45,39,3.027498,86.8489,5.2615,0.0,0,12.6591,2.0672,82.524,0.0,True,27.0,4840,5.7912,3.78
google,1500,20,linear,True,False,10.0,0.4,0.3,0.3,0,0,NI,1,GA,random,3,0.3333333333333333,E26,16.49,95.45,39,3.003694,86.9523,6.0064,0.0,0,12.6091,2.0701,83.972,0.0,True,25.5,4840,5.7637,3.67
google,1500,20,linear,True,False,10.0,0.4,0.3,0.3,0,0,NI,1,GA,random,4,0.3333333333333333,E26,16.49,95.45,39,3.011671,86.9177,5.7567,0.0,0,12.6091,2.0672,84.878,0.0,True,25.5,4840,5.7471,3.82
google,1500,20,linear,True,False,10.0,0.4,0.3,0.3,0,0,NI,1,GA,random,5,0.3333333333333333,E26,16.49,95.45,39,3.015652,86.9004,5.6322,0.0,0,12.6591,2.0849,84.435,0.0,True,25.5,4840,5.8051,3.75
google,1500,20,linear,True,False,10.0,0.4,0.3,0.3,0,0,NI,1,GA,random,6,0.3333333333333333,E26,16.49,95.45,39,3.0194,86.8841,5.5149,0.0,0,12.6091,2.0734,83.884,0.0,True,25.5,4840,5.8381,3.77
google,1500,20,linear,True,False,10.0,0.4,0.3,0.3,0,0,NI,1,GA,random,7,0.3333333333333333,E26,16.49,95.45,39,3.027478,86.849,5.2621,0.0,0,12.6591,2.0644,83.063,0.0,True,25.5,4840,5.7663,3.84
google,1500,20,linear,True,False,10.0,0.4,0.3,0.3,0,0,NI,1,GA,random,8,0.3333333333333333,E26,16.49,95.45,39,3.04303,86.7814,4.7754,0.0,0,12.7091,2.1022,82.539,0.0,True,26.0,4840,5.7658,3.74
google,1500,10,linear,True,False,10.0,0.4,0.3,0.3,0,0,NI,2,DE,random,2,0.3333333333333333,E26,16.49,95.45,39,2.907781,87.2485,7.8475,0.0,0,12.8091,2.1428,80.212,0.0,True,26.5,4840,3.2955,2.66
google,1500,10,linear,True,False,10.0,0.4,0.3,0.3,0,0,NI,2,DE,random,3,0.3333333333333333,E26,16.49,95.45,39,2.861224,87.4527,9.323,0.0,0,12.5591,2.0528,85.03,0.0,True,25.5,4840,3.3102,2.79
google,1500,10,linear,True,False,10.0,0.4,0.3,0.3,0,0,NI,2,DE,random,4,0.3333333333333333,E26,16.49,95.45,39,2.851872,87.4937,9.6194,0.0,0,12.6091,2.086,84.737,0.0,True,25.5,4840,3.3457,2.73
google,1500,10,linear,True,False,10.0,0.4,0.3,0.3,0,0,NI,2,DE,random,5,0.3333333333333333,E26,16.49,95.45,39,2.897954,87.2916,8.1589,0.0,0,12.7591,2.1034,82.381,0.0,True,27.5,4840,3.3675,2.59
google,1500,10,linear,True,False,10.0,0.4,0.3,0.3,0,0,NI,2,DE,random,6,0.3333333333333333,E26,16.49,95.45,39,2.864611,87.4378,9.2156,0.0,0,12.6091,2.0843,84.268,0.0,True,25.5,4840,3.3601,2.84
google,1500,10,linear,True,False,10.0,0.4,0.3,0.3,0,0,NI,2,DE,random,7,0.3333333333333333,E26,16.49,95.45,39,2.861934,87.4496,9.3005,0.0,0,12.6091,2.1031,84.78,0.0,True,25.5,4840,3.2923,2.81
google,1500,10,linear,True,False,10.0,0.4,0.3,0.3,0,0,NI,2,DE,random,8,0.3333333333333333,E26,16.49,95.45,39,2.93189,87.1428,7.0835,0.0,0,12.8591,2.1272,81.222,0.0,True,25.5,4840,3.3024,2.47
google,1500,10,linear,True,False,10.0,0.4,0.3,0.3,0,0,NI,2,DE,random,9,0.3333333333333333,E26,16.49,95.45,39,2.867617,87.4247,9.1204,0.0,0,12.6091,2.0774,84.434,0.0,True,25.5,4840,3.2993,2.9
google,1500,10,linear,True,False,10.0,0.4,0.3,0.3,0,0,NI,2,GWO,random,6,0.3333333333333333,E26,16.49,95.45,39,2.941319,87.1015,6.7847,0.0,0,12.9591,2.1602,77.138,0.0,True,27.0,4840,3.8493,2.43
google,1500,10,linear,True,False,10.0,0.4,0.3,0.3,0,0,NI,2,GWO,random,7,0.3333333333333333,E26,16.49,95.45,39,2.913711,87.2225,7.6596,0.0,0,12.8091,2.1143,80.751,0.0,True,25.5,4840,3.8324,2.54
google,1500,10,linear,True,False,10.0,0.4,0.3,0.3,0,0,NI,2,GWO,random,8,0.3333333333333333,E26,16.49,95.45,39,2.908487,87.2454,7.8251,0.0,0,12.7591,2.1166,81.306,0.0,True,25.5,4840,3.871,2.62
google,1500,10,linear,True,False,10.0,0.4,0.3,0.3,0,0,NI,2,GWO,random,9,0.3333333333333333,E26,16.49,95.45,39,2.921867,87.1868,7.4011,0.0,0,12.8091,2.1194,81.153,0.0,True,25.5,4840,3.8991,2.54
google,1500,10,linear,True,False,10.0,0.4,0.3,0.3,0,0,NI,2,GWO,random,10,0.3333333333333333,E26,16.49,95.45,39,2.903858,87.2657,7.9718,0.0,0,12.7591,2.1012,83.45,0.0,True,25.0,4840,3.8429,2.53
google,1500,10,linear,True,False,10.0,0.4,0.3,0.3,0,0,NI,2,PSO,random,1,0.3333333333333333,E26,16.49,95.45,39,2.947771,87.0732,6.5802,0.0,0,13.0091,2.1518,77.11,0.0,True,26.5,4840,3.4286,4.2
google,1500,10,linear,True,False,10.0,0.4,0.3,0.3,0,0,NI,2,PSO,random,2,0.3333333333333333,E26,16.49,95.45,39,2.945846,87.0816,6.6412,0.0,0,12.9591,2.1267,77.717,0.0,True,27.0,4840,3.4075,4.24
google,1500,10,linear,True,False,10.0,0.4,0.3,0.3,0,0,NI,2,PSO,random,3,0.3333333333333333,E26,16.49,95.45,39,2.93359,87.1354,7.0296,0.0,0,12.9591,2.1362,77.676,0.0,True,26.5,4840,3.4209,4.22
google,1500,10,linear,True,False,10.0,0.4,0.3,0.3,0,0,NI,2,WOA,carbon,4,0.3333333333333333,E26,16.49,95.45,39,2.695739,88.1784,14.5675,0.0,0,12.7091,2.196,68.106,0.0,True,24.5,4840,3.3966,2.45
google,1500,10,linear,True,False,10.0,0.4,0.3,0.3,0,0,NI,2,WOA,carbon,5,0.3333333333333333,E26,16.49,95.45,39,2.710396,88.1141,14.103,0.0,0,12.8091,2.229,66.92,0.0,True,24.5,4840,3.4079,2.48
google,1500,10,linear,True,False,10.0,0.4,0.3,0.3,0,0,NI,2,WOA,carbon,6,0.3333333333333333,E26,16.49,95.45,39,2.90032,87.2813,8.084,0.0,0,12.9091,2.1584,74.916,0.0,True,25.5,4840,3.317,2.65
google,1500,10,linear,True,False,10.0,0.4,0.3,0.3,0,0,NI,2,WOA,carbon,7,0.3333333333333333,E26,16.49,95.45,39,2.691771,88.1958,14.6932,0.0,0,12.7591,2.2196,67.142,0.0,True,24.5,4840,3.3381,2.63
google,1500,10,linear,True,False,10.0,0.4,0.3,0.3,0,0,NI,2,WOA,carbon,8,0.3333333333333333,E26,16.49,95.45,39,2.737097,87.997,13.2568,0.0,0,12.9091,2.2358,62.553,0.0,True,24.5,4840,3.3134,2.47
google,1500,10,linear,True,False,10.0,0.4,0.3,0.3,0,0,NI,2,WOA,carbon,9,0.3333333333333333,E26,16.49,95.45,39,2.904146,87.2645,7.9627,0.0,0,12.9091,2.1662,76.738,0.0,True,27.5,4840,3.3002,2.42
google,1500,10,linear,True,False,10.0,0.4,0.3,0.3,0,0,NI,2,WOA,carbon,10,0.3333333333333333,E26,16.49,95.45,39,2.905542,87.2584,7.9185,0.0,0,12.9591,2.1773,73.873,0.0,True,25.0,4840,3.301,2.56
google,1500,20,linear,True,False,10.0,0.4,0.3,0.3,0,0,NI,2,FIFO,-,0,0.3333333333333333,E26,16.49,95.45,39,22.803502,0.0,-622.6814,0.0,0,95.9591,15.66,5.308,0.0,True,24.5,0,0.0,0.0
google,1500,10,linear,True,False,10.0,0.4,0.3,0.3,0,0,NI,2,DE,random,10,0.3333333333333333,E26,16.49,95.45,39,2.880395,87.3686,8.7154,0.0,0,12.7091,2.0942,82.608,0.0,True,25.5,4840,3.3468,2.59
google,1500,10,linear,True,False,10.0,0.4,0.3,0.3,0,0,NI,2,HHO,random,1,0.3333333333333333,E26,16.49,95.45,39,2.87808,87.3788,8.7888,0.0,0,12.8091,2.1331,76.768,0.0,True,26.0,8910,5.114,2.98
google,1500,10,linear,True,False,10.0,0.4,0.3,0.3,0,0,NI,2,HHO,random,2,0.3333333333333333,E26,16.49,95.45,39,2.874814,87.3931,8.8923,0.0,0,12.7591,2.1169,77.693,0.0,True,26.5,8780,5.0833,2.74
google,1500,10,linear,True,False,10.0,0.4,0.3,0.3,0,0,NI,2,HHO,random,3,0.3333333333333333,E26,16.49,95.45,39,2.947846,87.0728,6.5778,0.0,0,12.9091,2.1385,78.551,0.0,True,27.0,8894,5.0514,2.49
google,1500,10,linear,True,False,10.0,0.4,0.3,0.3,0,0,NI,2,HHO,random,4,0.3333333333333333,E26,16.49,95.45,39,2.9123,87.2287,7.7043,0.0,0,12.9591,2.1458,76.032,0.0,True,26.0,9094,5.1482,2.55
google,1500,10,linear,True,False,10.0,0.4,0.3,0.3,0,0,NI,2,HHO,random,5,0.3333333333333333,E26,16.49,95.45,39,2.909172,87.2424,7.8034,0.0,0,12.9591,2.1591,73.976,0.0,True,26.5,8986,5.0995,2.56
google,1500,10,linear,True,False,10.0,0.4,0.3,0.3,0,0,NI,2,HHO,random,6,0.3333333333333333,E26,16.49,95.45,39,2.907332,87.2505,7.8618,0.0,0,12.9591,2.167,73.592,0.0,True,26.0,8968,5.0846,2.38
google,1500,10,linear,True,False,10.0,0.4,0.3,0.3,0,0,NI,2,HHO,random,7,0.3333333333333333,E26,16.49,95.45,39,2.906695,87.2533,7.8819,0.0,0,12.8591,2.152,77.281,0.0,True,27.0,8946,5.1034,2.82
google,1500,20,linear,True,False,10.0,0.4,0.3,0.3,0,0,NI,2,WOA,random,5,0.3333333333333333,E26,16.49,95.45,39,2.973388,86.9608,5.7683,0.0,0,13.0091,2.1512,77.653,0.0,True,27.0,4840,3.3881,2.49
google,1500,20,linear,True,False,10.0,0.4,0.3,0.3,0,0,NI,2,WOA,random,6,0.3333333333333333,E26,16.49,95.45,39,2.942739,87.0952,6.7397,0.0,0,12.9091,2.1403,76.282,0.0,True,25.5,4840,3.3158,2.7
google,1500,20,linear,True,False,10.0,0.4,0.3,0.3,0,0,NI,2,WOA,random,7,0.3333333333333333,E26,16.49,95.45,39,2.934457,87.1316,7.0021,0.0,0,12.9091,2.1544,79.242,0.0,True,26.5,4840,3.3626,2.49
google,1500,20,linear,True,False,10.0,0.4,0.3,0.3,0,0,NI,2,WOA,random,8,0.3333333333333333,E26,16.49,95.45,39,2.943912,87.0901,6.7025,0.0,0,13.0091,2.1696,75.842,0.0,True,26.0,4840,3.3083,2.57
google,1500,20,linear,True,False,10.0,0.4,0.3,0.3,0,0,NI,2,WOA,random,9,0.3333333333333333,E26,16.49,95.45,39,2.950745,87.0601,6.4859,0.0,0,12.9591,2.1505,77.548,0.0,True,28.0,4840,3.3391,2.64
google,1500,20,linear,True,False,10.0,0.4,0.3,0.3,0,0,NI,2,WOA,random,10,0.3333333333333333,E26,16.49,95.45,39,2.931992,87.1424,7.0802,0.0,0,13.0091,2.1754,76.34,0.0,True,26.0,4840,3.3283,2.59
google,1500,20,linear,True,False,10.0,0.4,0.3,0.3,0,0,NI,2,GWO,random,1,0.3333333333333333,E26,16.49,95.45,39,2.948954,87.068,6.5427,0.0,0,12.9091,2.1327,79.701,0.0,True,25.5,4840,3.8445,2.38
google,1500,20,linear,True,False,10.0,0.4,0.3,0.3,0,0,NI,2,GWO,random,2,0.3333333333333333,E26,16.49,95.45,39,2.922292,87.1849,7.3876,0.0,0,12.8091,2.116,80.347,0.0,True,25.5,4840,3.8806,2.57
google,1500,20,linear,True,False,10.0,0.4,0.3,0.3,0,0,NI,2,WOA,carbon,9,0.3333333333333333,E26,16.49,95.45,39,2.612435,88.5437,17.2075,0.0,0,12.6091,2.184,63.452,0.0,True,24.5,4840,3.3647,2.47
google,1500,20,linear,True,False,10.0,0.4,0.3,0.3,0,0,NI,2,WOA,carbon,10,0.3333333333333333,E26,16.49,95.45,39,2.608562,88.5607,17.3303,0.0,0,12.5091,2.169,69.727,0.0,True,24.5,4840,3.3689,2.5
google,1500,10,linear,True,False,10.0,0.4,0.3,0.3,0,0,NI,3,FIFO,-,0,0.3333333333333333,E26,16.49,95.45,39,22.816862,0.0,-620.0333,0.0,0,95.9591,15.66,5.308,8.9738,False,24.5,0,0.0,0.0
google,1500,10,linear,True,False,10.0,0.4,0.3,0.3,0,0,NI,3,Consolidation,-,0,0.3333333333333333,E26,16.49,95.45,39,3.168862,86.1118,0.0,0.0,0,13.3091,2.1675,55.842,8.9738,False,24.5,0,0.0,0.0
google,1500,10,linear,True,False,10.0,0.4,0.3,0.3,0,0,NI,3,Greedy(EDF+greenest),-,0,0.3333333333333333,E26,16.49,95.45,39,2.800445,87.7264,11.6261,0.0,0,12.7091,2.0504,58.951,23.4154,False,24.5,0,0.0002,0.0
google,1500,10,linear,True,False,10.0,0.4,0.3,0.3,0,0,NI,3,VCC(Google),-,0,0.3333333333333333,E26,16.49,95.45,39,3.216393,85.9034,-1.4999,0.0,0,13.2591,2.16,62.3,0.0,True,24.5,0,0.0056,0.0
google,1500,10,linear,True,False,10.0,0.4,0.3,0.3,0,0,NI,3,Threshold(WaitAwhile),-,0,0.3333333333333333,E26,16.49,95.45,39,2.800445,87.7264,11.6261,0.0,0,12.7091,2.0504,58.951,23.4154,False,24.5,0,0.0215,0.0
google,1500,10,linear,True,False,10.0,0.4,0.3,0.3,0,0,NI,3,WOA,random,1,0.3333333333333333,E26,16.49,95.45,39,3.109345,86.3726,1.8782,0.0,0,13.0091,2.1353,69.367,0.0,True,25.0,4840,3.3789,2.5
google,1500,10,linear,True,False,10.0,0.4,0.3,0.3,0,0,NI,2,GA,random,6,0.3333333333333333,E26,16.49,95.45,39,2.843164,87.5319,9.8953,0.0,0,12.6091,2.0927,85.279,0.0,True,25.0,4840,6.1681,3.82
google,1500,10,linear,True,False,10.0,0.4,0.3,0.3,0,0,NI,2,GA,random,7,0.3333333333333333,E26,16.49,95.45,39,2.862276,87.4481,9.2896,0.0,0,12.6091,2.0871,84.073,0.0,True,25.5,4840,6.2778,3.75
google,1500,10,linear,True,False,10.0,0.4,0.3,0.3,0,0,NI,2,GA,random,8,0.3333333333333333,E26,16.49,95.45,39,2.862699,87.4462,9.2763,0.0,0,12.6091,2.0706,84.158,0.0,True,25.5,4840,6.1895,3.76
google,1500,10,linear,True,False,10.0,0.4,0.3,0.3,0,0,NI,2,GA,random,9,0.3333333333333333,E26,16.49,95.45,39,2.864052,87.4403,9.2334,0.0,0,12.6591,2.0941,83.052,0.0,True,25.5,4840,6.2107,3.82
google,1500,10,linear,True,False,10.0,0.4,0.3,0.3,0,0,NI,2,GA,random,10,0.3333333333333333,E26,16.49,95.45,39,2.869347,87.4171,9.0656,0.0,0,12.6091,2.0882,83.824,0.0,True,26.5,4840,6.172,3.54
google,1500,10,linear,True,False,10.0,0.4,0.3,0.3,0,0,NI,2,WOA,carbon,1,0.3333333333333333,E26,16.49,95.45,39,2.754209,87.922,12.7145,0.0,0,13.0091,2.2583,59.387,0.0,True,25.5,4840,3.5188,2.41
google,1500,10,linear,True,False,10.0,0.4,0.3,0.3,0,0,NI,2,WOA,carbon,2,0.3333333333333333,E26,16.49,95.45,39,2.882818,87.358,8.6386,0.0,0,12.9591,2.1743,73.916,0.0,True,26.0,4840,3.5154,2.42
google,1500,10,linear,True,False,10.0,0.4,0.3,0.3,0,0,NI,2,WOA,carbon,3,0.3333333333333333,E26,16.49,95.45,39,2.739429,87.9868,13.1829,0.0,0,12.8591,2.2163,65.796,0.0,True,25.0,4840,3.5487,2.52
google,1500,10,linear,True,False,10.0,0.4,0.3,0.3,0,0,NI,2,HHO,random,8,0.3333333333333333,E26,16.49,95.45,39,2.936076,87.1245,6.9508,0.0,0,12.9091,2.1184,78.452,0.0,True,27.5,8872,5.3724,2.61
google,1500,10,linear,True,False,10.0,0.4,0.3,0.3,0,0,NI,2,HHO,random,9,0.3333333333333333,E26,16.49,95.45,39,2.936146,87.1241,6.9486,0.0,0,12.9091,2.1469,78.106,0.0,True,28.5,8790,5.3569,2.71
google,1500,10,linear,True,False,10.0,0.4,0.3,0.3,0,0,NI,2,HHO,random,10,0.3333333333333333,E26,16.49,95.45,39,2.919297,87.198,7.4826,0.0,0,12.9091,2.1597,77.525,0.0,True,26.5,8942,5.4156,2.49
google,1500,10,linear,True,False,10.0,0.4,0.3,0.3,0,0,NI,2,GA,random,1,0.3333333333333333,E26,16.49,95.45,39,2.848976,87.5064,9.7112,0.0,0,12.5591,2.0685,85.348,0.0,True,26.0,4840,6.2007,3.58
google,1500,10,linear,True,False,10.0,0.4,0.3,0.3,0,0,NI,2,GA,random,2,0.3333333333333333,E26,16.49,95.45,39,2.85581,87.4764,9.4946,0.0,0,12.6091,2.0967,84.576,0.0,True,25.5,4840,6.1988,3.74
google,1500,10,linear,True,False,10.0,0.4,0.3,0.3,0,0,NI,2,GA,random,3,0.3333333333333333,E26,16.49,95.45,39,2.873572,87.3986,8.9317,0.0,0,12.6591,2.1049,83.335,0.0,True,25.5,4840,6.2027,3.67
google,1500,10,linear,True,False,10.0,0.4,0.3,0.3,0,0,NI,2,GA,random,4,0.3333333333333333,E26,16.49,95.45,39,2.862002,87.4493,9.2983,0.0,0,12.6091,2.0706,84.613,0.0,True,25.5,4840,6.2704,3.69
google,1500,10,linear,True,False,10.0,0.4,0.3,0.3,0,0,NI,2,GA,random,5,0.3333333333333333,E26,16.49,95.45,39,2.863491,87.4428,9.2512,0.0,0,12.6091,2.0689,84.074,0.0,True,25.5,4840,6.2505,3.69
google,1500,20,linear,True,False,10.0,0.4,0.3,0.3,0,0,NI,2,PSO,random,1,0.3333333333333333,E26,16.49,95.45,39,2.947771,87.0732,6.5802,0.0,0,13.0091,2.1518,77.11,0.0,True,26.5,4840,3.4638,4.24
google,1500,20,linear,True,False,10.0,0.4,0.3,0.3,0,0,NI,2,PSO,random,2,0.3333333333333333,E26,16.49,95.45,39,2.945846,87.0816,6.6412,0.0,0,12.9591,2.1267,77.717,0.0,True,27.0,4840,3.4263,4.2
google,1500,20,linear,True,False,10.0,0.4,0.3,0.3,0,0,NI,2,PSO,random,3,0.3333333333333333,E26,16.49,95.45,39,2.93359,87.1354,7.0296,0.0,0,12.9591,2.1362,77.676,0.0,True,26.5,4840,3.4307,4.18
google,1500,20,linear,True,False,10.0,0.4,0.3,0.3,0,0,NI,2,PSO,random,4,0.3333333333333333,E26,16.49,95.45,39,2.948399,87.0704,6.5603,0.0,0,13.0091,2.1432,78.961,0.0,True,25.5,4840,3.4362,4.26
google,1500,20,linear,True,False,10.0,0.4,0.3,0.3,0,0,NI,2,PSO,random,5,0.3333333333333333,E26,16.49,95.45,39,2.925641,87.1702,7.2815,0.0,0,12.8591,2.1419,80.849,0.0,True,25.5,4840,3.4749,4.15
google,1500,20,linear,True,False,10.0,0.4,0.3,0.3,0,0,NI,2,PSO,random,6,0.3333333333333333,E26,16.49,95.45,39,2.960744,87.0163,6.169,0.0,0,13.0091,2.158,77.02,0.0,True,26.5,4840,3.4692,4.1
google,1500,20,linear,True,False,10.0,0.4,0.3,0.3,0,0,NI,2,PSO,random,7,0.3333333333333333,E26,16.49,95.45,39,2.879806,87.3712,8.7341,0.0,0,12.7091,2.0873,82.728,0.0,True,27.5,4840,3.4519,4.26
google,1500,20,linear,True,False,10.0,0.4,0.3,0.3,0,0,NI,2,PSO,random,8,0.3333333333333333,E26,16.49,95.45,39,2.915149,87.2162,7.614,0.0,0,12.9591,2.1546,77.267,0.0,True,26.0,4840,3.4288,4.3
google,1500,20,linear,True,False,10.0,0.4,0.3,0.3,0,0,NI,2,PSO,random,9,0.3333333333333333,E26,16.49,95.45,39,2.924181,87.1766,7.3278,0.0,0,12.9091,2.1364,79.592,0.0,True,26.0,4840,3.4217,4.3
google,1500,20,linear,True,False,10.0,0.4,0.3,0.3,0,0,NI,2,PSO,random,10,0.3333333333333333,E26,16.49,95.45,39,2.937709,87.1173,6.8991,0.0,0,12.9591,2.1471,77.876,0.0,True,26.5,4840,3.4112,4.22
google,1500,20,linear,True,False,10.0,0.4,0.3,0.3,0,0,NI,2,DE,random,1,0.3333333333333333,E26,16.49,95.45,39,2.865216,87.4352,9.1965,0.0,0,12.6591,2.0963,82.789,0.0,True,26.0,4840,3.2997,2.95
google,1500,20,linear,True,False,10.0,0.4,0.3,0.3,0,0,NI,2,DE,random,2,0.3333333333333333,E26,16.49,95.45,39,2.907781,87.2485,7.8475,0.0,0,12.8091,2.1428,80.212,0.0,True,26.5,4840,3.3092,2.66
google,1500,20,linear,True,False,10.0,0.4,0.3,0.3,0,0,NI,2,DE,random,3,0.3333333333333333,E26,16.49,95.45,39,2.861224,87.4527,9.323,0.0,0,12.5591,2.0528,85.03,0.0,True,25.5,4840,3.3314,2.79
google,1500,20,linear,True,False,10.0,0.4,0.3,0.3,0,0,NI,2,DE,random,4,0.3333333333333333,E26,16.49,95.45,39,2.851872,87.4937,9.6194,0.0,0,12.6091,2.086,84.737,0.0,True,25.5,4840,3.3268,2.73
google,1500,20,linear,True,False,10.0,0.4,0.3,0.3,0,0,NI,2,DE,random,5,0.3333333333333333,E26,16.49,95.45,39,2.897954,87.2916,8.1589,0.0,0,12.7591,2.1034,82.381,0.0,True,27.5,4840,3.2919,2.59
google,1500,20,linear,True,False,10.0,0.4,0.3,0.3,0,0,NI,2,DE,random,6,0.3333333333333333,E26,16.49,95.45,39,2.864611,87.4378,9.2156,0.0,0,12.6091,2.0843,84.268,0.0,True,25.5,4840,3.3166,2.82
google,1500,20,linear,True,False,10.0,0.4,0.3,0.3,0,0,NI,2,GWO,random,3,0.3333333333333333,E26,16.49,95.45,39,2.938148,87.1154,6.8851,0.0,0,12.8591,2.1328,81.996,0.0,True,25.5,4840,4.0451,2.37
google,1500,20,linear,True,False,10.0,0.4,0.3,0.3,0,0,NI,2,GWO,random,4,0.3333333333333333,E26,16.49,95.45,39,2.927904,87.1603,7.2098,0.0,0,12.8091,2.1104,81.288,0.0,True,25.5,4840,4.0327,2.53
google,1500,20,linear,True,False,10.0,0.4,0.3,0.3,0,0,NI,2,GWO,random,5,0.3333333333333333,E26,16.49,95.45,39,2.909341,87.2417,7.7981,0.0,0,12.7591,2.0851,82.016,0.0,True,26.0,4840,4.0225,2.58
google,1500,20,linear,True,False,10.0,0.4,0.3,0.3,0,0,NI,2,GWO,random,6,0.3333333333333333,E26,16.49,95.45,39,2.941319,87.1015,6.7847,0.0,0,12.9591,2.1602,77.138,0.0,True,27.0,4840,4.0263,2.43
google,1500,20,linear,True,False,10.0,0.4,0.3,0.3,0,0,NI,2,GWO,random,7,0.3333333333333333,E26,16.49,95.45,39,2.913711,87.2225,7.6596,0.0,0,12.8091,2.1143,80.751,0.0,True,25.5,4840,4.0567,2.54
google,1500,20,linear,True,False,10.0,0.4,0.3,0.3,0,0,NI,2,GWO,random,8,0.3333333333333333,E26,16.49,95.45,39,2.908487,87.2454,7.8251,0.0,0,12.7591,2.1166,81.306,0.0,True,25.5,4840,4.065,2.62
google,1500,20,linear,True,False,10.0,0.4,0.3,0.3,0,0,NI,2,GWO,random,9,0.3333333333333333,E26,16.49,95.45,39,2.921867,87.1868,7.4011,0.0,0,12.8091,2.1194,81.153,0.0,True,25.5,4840,4.038,2.54
google,1500,20,linear,True,False,10.0,0.4,0.3,0.3,0,0,NI,2,GWO,random,10,0.3333333333333333,E26,16.49,95.45,39,2.903858,87.2657,7.9718,0.0,0,12.7591,2.1012,83.45,0.0,True,25.0,4840,4.0372,2.53
google,1500,20,linear,True,False,10.0,0.4,0.3,0.3,0,0,NI,2,WOA,carbon,1,0.3333333333333333,E26,16.49,95.45,39,2.619295,88.5136,16.9901,0.0,0,12.6091,2.184,63.247,0.0,True,24.5,4840,3.3193,2.48
google,1500,20,linear,True,False,10.0,0.4,0.3,0.3,0,0,NI,2,WOA,carbon,2,0.3333333333333333,E26,16.49,95.45,39,2.617464,88.5217,17.0482,0.0,0,12.6091,2.184,66.208,0.0,True,24.5,4840,3.307,2.54
google,1500,20,linear,True,False,10.0,0.4,0.3,0.3,0,0,NI,2,WOA,carbon,3,0.3333333333333333,E26,16.49,95.45,39,2.612501,88.5434,17.2054,0.0,0,12.5591,2.1765,67.749,0.0,True,24.5,4840,3.3056,2.52
google,1500,20,linear,True,False,10.0,0.4,0.3,0.3,0,0,NI,2,WOA,carbon,4,0.3333333333333333,E26,16.49,95.45,39,2.614256,88.5357,17.1498,0.0,0,12.5591,2.1765,66.056,0.0,True,24.5,4840,3.3778,2.46
google,1500,20,linear,True,False,10.0,0.4,0.3,0.3,0,0,NI,2,WOA,carbon,5,0.3333333333333333,E26,16.49,95.45,39,2.622073,88.5014,16.9021,0.0,0,12.5591,2.1765,67.396,0.0,True,24.5,4840,3.3715,2.53
google,1500,20,linear,True,False,10.0,0.4,0.3,0.3,0,0,NI,2,WOA,carbon,6,0.3333333333333333,E26,16.49,95.45,39,2.619569,88.5124,16.9815,0.0,0,12.6091,2.184,61.473,0.0,True,24.5,4840,3.3177,2.4
google,1500,20,linear,True,False,10.0,0.4,0.3,0.3,0,0,NI,2,WOA,carbon,7,0.3333333333333333,E26,16.49,95.45,39,2.620116,88.51,16.9641,0.0,0,12.6091,2.184,66.427,0.0,True,24.5,4840,3.3209,2.42
google,1500,20,linear,True,False,10.0,0.4,0.3,0.3,0,0,NI,2,WOA,carbon,8,0.3333333333333333,E26,16.49,95.45,39,2.624966,88.4888,16.8104,0.0,0,12.5591,2.1765,68.967,0.0,True,24.5,4840,3.3044,2.44
google,1500,20,linear,True,False,10.0,0.4,0.3,0.3,0,0,NI,2,DE,random,7,0.3333333333333333,E26,16.49,95.45,39,2.861934,87.4496,9.3005,0.0,0,12.6091,2.1031,84.78,0.0,True,25.5,4840,3.3223,2.8
google,1500,20,linear,True,False,10.0,0.4,0.3,0.3,0,0,NI,2,DE,random,8,0.3333333333333333,E26,16.49,95.45,39,2.93189,87.1428,7.0835,0.0,0,12.8591,2.1272,81.222,0.0,True,25.5,4840,3.2981,2.47
google,1500,20,linear,True,False,10.0,0.4,0.3,0.3,0,0,NI,2,DE,random,9,0.3333333333333333,E26,16.49,95.45,39,2.867617,87.4247,9.1204,0.0,0,12.6091,2.0774,84.434,0.0,True,25.5,4840,3.3038,2.89
google,1500,20,linear,True,False,10.0,0.4,0.3,0.3,0,0,NI,2,DE,random,10,0.3333333333333333,E26,16.49,95.45,39,2.880395,87.3686,8.7154,0.0,0,12.7091,2.0942,82.608,0.0,True,25.5,4840,3.3216,2.59
google,1500,20,linear,True,False,10.0,0.4,0.3,0.3,0,0,NI,2,HHO,random,1,0.3333333333333333,E26,16.49,95.45,39,2.921591,87.188,7.4098,0.0,0,12.7091,2.1027,82.352,0.0,True,24.5,8910,5.0592,2.62
google,1500,20,linear,True,False,10.0,0.4,0.3,0.3,0,0,NI,2,HHO,random,2,0.3333333333333333,E26,16.49,95.45,39,2.908797,87.2441,7.8153,0.0,0,12.9091,2.1276,76.696,0.0,True,26.0,8780,4.9874,2.55
google,1500,20,linear,True,False,10.0,0.4,0.3,0.3,0,0,NI,2,HHO,random,3,0.3333333333333333,E26,16.49,95.45,39,2.921456,87.1886,7.4141,0.0,0,12.9091,2.143,77.203,0.0,True,27.0,8894,5.0068,2.56
google,1500,20,linear,True,False,10.0,0.4,0.3,0.3,0,0,NI,2,HHO,random,4,0.3333333333333333,E26,16.49,95.45,39,2.923079,87.1814,7.3627,0.0,0,12.9591,2.1614,75.508,0.0,True,27.0,9094,5.1223,2.62
google,1500,10,linear,True,False,10.0,0.4,0.3,0.3,0,0,NI,3,WOA,random,2,0.3333333333333333,E26,16.49,95.45,39,3.100433,86.4117,2.1594,0.0,0,12.9591,2.1222,71.925,0.0,True,25.0,4840,3.3842,2.58
google,1500,10,linear,True,False,10.0,0.4,0.3,0.3,0,0,NI,3,WOA,random,3,0.3333333333333333,E26,16.49,95.45,39,3.061531,86.5822,3.3871,0.0,0,12.8091,2.1099,75.697,0.0,True,24.5,4840,3.3713,2.62
google,1500,10,linear,True,False,10.0,0.4,0.3,0.3,0,0,NI,3,WOA,random,4,0.3333333333333333,E26,16.49,95.45,39,3.094508,86.4376,2.3464,0.0,0,12.9091,2.1173,75.037,0.0,True,27.0,4840,3.3322,2.67
google,1500,10,linear,True,False,10.0,0.4,0.3,0.3,0,0,NI,3,WOA,random,5,0.3333333333333333,E26,16.49,95.45,39,3.106875,86.3834,1.9561,0.0,0,13.0091,2.1319,69.956,0.0,True,25.5,4840,3.3805,2.82
google,1500,10,linear,True,False,10.0,0.4,0.3,0.3,0,0,NI,3,WOA,random,6,0.3333333333333333,E26,16.49,95.45,39,3.106159,86.3866,1.9787,0.0,0,12.9591,2.1444,73.824,0.0,True,25.0,4840,3.3348,2.87
google,1500,10,linear,True,False,10.0,0.4,0.3,0.3,0,0,NI,3,WOA,random,7,0.3333333333333333,E26,16.49,95.45,39,3.105632,86.3889,1.9953,0.0,0,12.9591,2.1324,73.805,0.0,True,24.5,4840,3.354,2.5
google,1500,10,linear,True,False,10.0,0.4,0.3,0.3,0,0,NI,3,WOA,random,8,0.3333333333333333,E26,16.49,95.45,39,3.065264,86.5658,3.2693,0.0,0,12.7591,2.0957,78.165,0.0,True,25.0,4840,3.337,2.47
google,1500,10,linear,True,False,10.0,0.4,0.3,0.3,0,0,NI,3,WOA,random,9,0.3333333333333333,E26,16.49,95.45,39,3.094892,86.4359,2.3343,0.0,0,12.9591,2.1263,71.364,0.0,True,24.5,4840,3.3564,2.46
google,1500,20,linear,True,False,10.0,0.4,0.3,0.3,0,0,NI,2,HHO,random,5,0.3333333333333333,E26,16.49,95.45,39,2.889359,87.3293,8.4313,0.0,0,12.8591,2.1327,77.391,0.0,True,26.5,8986,5.0804,2.64
google,1500,20,linear,True,False,10.0,0.4,0.3,0.3,0,0,NI,2,HHO,random,6,0.3333333333333333,E26,16.49,95.45,39,2.907539,87.2496,7.8552,0.0,0,12.9591,2.1659,73.64,0.0,True,26.0,8968,5.0313,2.43
google,1500,20,linear,True,False,10.0,0.4,0.3,0.3,0,0,NI,2,HHO,random,7,0.3333333333333333,E26,16.49,95.45,39,2.905972,87.2565,7.9049,0.0,0,12.8591,2.1526,76.742,0.0,True,27.0,8946,5.0802,2.8
google,1500,20,linear,True,False,10.0,0.4,0.3,0.3,0,0,NI,2,HHO,random,8,0.3333333333333333,E26,16.49,95.45,39,2.930833,87.1474,7.117,0.0,0,13.0591,2.1797,69.252,0.0,True,27.0,8872,5.045,2.74
google,1500,20,linear,True,False,10.0,0.4,0.3,0.3,0,0,NI,2,HHO,random,9,0.3333333333333333,E26,16.49,95.45,39,2.936146,87.1241,6.9486,0.0,0,12.9091,2.1469,78.106,0.0,True,28.5,8790,4.94,2.71
google,1500,20,linear,True,False,10.0,0.4,0.3,0.3,0,0,NI,2,HHO,random,10,0.3333333333333333,E26,16.49,95.45,39,2.899159,87.2863,8.1208,0.0,0,12.9091,2.1578,75.812,0.0,True,25.5,8942,5.0515,2.89
google,1500,20,linear,True,False,10.0,0.4,0.3,0.3,0,0,NI,2,GA,random,1,0.3333333333333333,E26,16.49,95.45,39,2.848976,87.5064,9.7112,0.0,0,12.5591,2.0685,85.348,0.0,True,26.0,4840,5.746,3.58
google,1500,20,linear,True,False,10.0,0.4,0.3,0.3,0,0,NI,2,GA,random,2,0.3333333333333333,E26,16.49,95.45,39,2.85581,87.4764,9.4946,0.0,0,12.6091,2.0967,84.576,0.0,True,25.5,4840,5.7572,3.74
google,1500,10,linear,True,False,10.0,0.4,0.3,0.3,0,0,NI,3,GWO,random,8,0.3333333333333333,E26,16.49,95.45,39,3.111096,86.3649,1.8229,0.0,0,12.9091,2.1061,78.768,0.0,True,26.0,4840,3.8804,2.51
google,1500,10,linear,True,False,10.0,0.4,0.3,0.3,0,0,NI,3,GWO,random,9,0.3333333333333333,E26,16.49,95.45,39,3.11938,86.3286,1.5615,0.0,0,12.9591,2.1391,78.95,0.0,True,27.0,4840,3.8321,2.43
google,1500,10,linear,True,False,10.0,0.4,0.3,0.3,0,0,NI,3,GWO,random,10,0.3333333333333333,E26,16.49,95.45,39,3.053808,86.616,3.6308,0.0,0,12.6591,2.0837,82.823,0.0,True,25.5,4840,3.8297,2.87
google,1500,10,linear,True,False,10.0,0.4,0.3,0.3,0,0,NI,3,PSO,random,1,0.3333333333333333,E26,16.49,95.45,39,3.133087,86.2685,1.129,0.0,0,13.0091,2.1644,78.427,0.0,True,25.5,4840,3.4206,4.46
google,1500,10,linear,True,False,10.0,0.4,0.3,0.3,0,0,NI,3,PSO,random,2,0.3333333333333333,E26,16.49,95.45,39,3.15176,86.1867,0.5397,0.0,0,13.0091,2.1437,77.176,0.0,True,26.5,4840,3.407,4.1
google,1500,10,linear,True,False,10.0,0.4,0.3,0.3,0,0,NI,3,PSO,random,3,0.3333333333333333,E26,16.49,95.45,39,3.134634,86.2618,1.0801,0.0,0,12.9591,2.1346,78.408,0.0,True,26.5,4840,3.3888,4.21
google,1500,10,linear,True,False,10.0,0.4,0.3,0.3,0,0,NI,3,PSO,random,4,0.3333333333333333,E26,16.49,95.45,39,3.132156,86.2726,1.1583,0.0,0,12.9591,2.1385,78.845,0.0,True,27.0,4840,3.4092,4.08
google,1500,10,linear,True,False,10.0,0.4,0.3,0.3,0,0,NI,3,PSO,random,5,0.3333333333333333,E26,16.49,95.45,39,3.145115,86.2158,0.7494,0.0,0,13.0091,2.1437,78.556,0.0,True,26.0,4840,3.4003,4.16
google,1500,10,linear,True,False,10.0,0.4,0.3,0.3,0,0,NI,3,WOA,carbon,6,0.3333333333333333,E26,16.49,95.45,39,3.071914,86.5366,3.0594,0.0,0,12.8091,2.1002,76.744,0.0,True,24.5,4840,3.3147,2.48
google,1500,10,linear,True,False,10.0,0.4,0.3,0.3,0,0,NI,3,WOA,carbon,7,0.3333333333333333,E26,16.49,95.45,39,3.073702,86.5288,3.003,0.0,0,12.8591,2.1215,74.178,0.0,True,26.0,4840,3.3041,2.56
google,1500,10,linear,True,False,10.0,0.4,0.3,0.3,0,0,NI,3,WOA,carbon,8,0.3333333333333333,E26,16.49,95.45,39,3.076544,86.5164,2.9133,0.0,0,13.0091,2.1276,72.941,0.0,True,25.5,4840,3.2843,2.42
google,1500,10,linear,True,False,10.0,0.4,0.3,0.3,0,0,NI,3,WOA,carbon,9,0.3333333333333333,E26,16.49,95.45,39,3.108751,86.3752,1.8969,0.0,0,13.0091,2.1407,71.453,0.0,True,25.0,4840,3.3007,2.61
google,1500,10,linear,True,False,10.0,0.4,0.3,0.3,0,0,NI,3,WOA,carbon,10,0.3333333333333333,E26,16.49,95.45,39,3.075588,86.5205,2.9435,0.0,0,12.8591,2.1158,75.779,0.0,True,24.5,4840,3.3347,2.68
google,1500,20,linear,True,False,10.0,0.4,0.3,0.3,0,0,NI,3,FIFO,-,0,0.3333333333333333,E26,16.49,95.45,39,22.816862,0.0,-620.0333,0.0,0,95.9591,15.66,5.308,0.0,True,24.5,0,0.0,0.0
google,1500,20,linear,True,False,10.0,0.4,0.3,0.3,0,0,NI,3,Consolidation,-,0,0.3333333333333333,E26,16.49,95.45,39,3.168862,86.1118,0.0,0.0,0,13.3091,2.1675,55.842,0.0,True,24.5,0,0.0,0.0
google,1500,20,linear,True,False,10.0,0.4,0.3,0.3,0,0,NI,3,Greedy(EDF+greenest),-,0,0.3333333333333333,E26,16.49,95.45,39,2.800445,87.7264,11.6261,0.0,0,12.7091,2.0504,58.951,0.3665,False,24.5,0,0.0002,0.0
google,1500,10,linear,True,False,10.0,0.4,0.3,0.3,0,0,NI,3,PSO,random,6,0.3333333333333333,E26,16.49,95.45,39,3.146395,86.2102,0.709,0.0,0,13.0091,2.1443,77.906,0.0,True,26.5,4840,3.6384,4.05
google,1500,10,linear,True,False,10.0,0.4,0.3,0.3,0,0,NI,3,PSO,random,7,0.3333333333333333,E26,16.49,95.45,39,3.129674,86.2835,1.2366,0.0,0,13.0091,2.1611,77.375,0.0,True,26.0,4840,3.5915,4.3
google,1500,10,linear,True,False,10.0,0.4,0.3,0.3,0,0,NI,3,PSO,random,8,0.3333333333333333,E26,16.49,95.45,39,3.111015,86.3653,1.8255,0.0,0,12.8591,2.1441,81.211,0.0,True,25.5,4840,3.6118,4.31
google,1500,10,linear,True,False,10.0,0.4,0.3,0.3,0,0,NI,3,PSO,random,9,0.3333333333333333,E26,16.49,95.45,39,3.128992,86.2865,1.2582,0.0,0,12.9591,2.1569,79.76,0.0,True,27.5,4840,3.5899,4.33
google,1500,10,linear,True,False,10.0,0.4,0.3,0.3,0,0,NI,3,PSO,random,10,0.3333333333333333,E26,16.49,95.45,39,3.150875,86.1906,0.5676,0.0,0,13.0091,2.161,77.16,0.0,True,27.5,4840,3.5987,4.31
google,1500,10,linear,True,False,10.0,0.4,0.3,0.3,0,0,NI,3,DE,random,1,0.3333333333333333,E26,16.49,95.45,39,3.040214,86.6756,4.0597,0.0,0,12.5591,2.0556,84.695,0.0,True,25.5,4840,3.507,2.73
google,1500,10,linear,True,False,10.0,0.4,0.3,0.3,0,0,NI,3,DE,random,2,0.3333333333333333,E26,16.49,95.45,39,3.036985,86.6897,4.1617,0.0,0,12.6091,2.0751,84.658,0.0,True,25.5,4840,3.492,2.88
google,1500,10,linear,True,False,10.0,0.4,0.3,0.3,0,0,NI,3,DE,random,3,0.3333333333333333,E26,16.49,95.45,39,3.095607,86.4328,2.3117,0.0,0,12.8091,2.1046,81.413,0.0,True,25.5,4840,3.5092,2.5
google,1500,10,linear,True,False,10.0,0.4,0.3,0.3,0,0,NI,3,WOA,random,10,0.3333333333333333,E26,16.49,95.45,39,3.094424,86.438,2.349,0.0,0,12.9091,2.12,73.525,0.0,True,26.0,4840,3.387,2.54
google,1500,10,linear,True,False,10.0,0.4,0.3,0.3,0,0,NI,3,GWO,random,1,0.3333333333333333,E26,16.49,95.45,39,3.101429,86.4073,2.128,0.0,0,12.9091,2.1316,80.362,0.0,True,25.5,4840,3.8566,2.46
google,1500,10,linear,True,False,10.0,0.4,0.3,0.3,0,0,NI,3,GWO,random,2,0.3333333333333333,E26,16.49,95.45,39,3.086016,86.4748,2.6144,0.0,0,12.8091,2.0918,80.538,0.0,True,25.5,4840,3.8416,2.51
google,1500,10,linear,True,False,10.0,0.4,0.3,0.3,0,0,NI,3,GWO,random,3,0.3333333333333333,E26,16.49,95.45,39,3.072243,86.5352,3.049,0.0,0,12.8091,2.107,80.453,0.0,True,25.5,4840,3.855,2.63
google,1500,10,linear,True,False,10.0,0.4,0.3,0.3,0,0,NI,3,GWO,random,4,0.3333333333333333,E26,16.49,95.45,39,3.113017,86.3565,1.7623,0.0,0,12.9591,2.1306,78.373,0.0,True,25.5,4840,3.8329,2.38
google,1500,10,linear,True,False,10.0,0.4,0.3,0.3,0,0,NI,3,GWO,random,5,0.3333333333333333,E26,16.49,95.45,39,3.095078,86.4351,2.3284,0.0,0,12.8591,2.1424,81.0,0.0,True,25.5,4840,3.8371,2.43
google,1500,10,linear,True,False,10.0,0.4,0.3,0.3,0,0,NI,3,GWO,random,6,0.3333333333333333,E26,16.49,95.45,39,3.138488,86.2449,0.9585,0.0,0,12.9591,2.1344,79.571,0.0,True,26.0,4840,3.8432,2.32
google,1500,10,linear,True,False,10.0,0.4,0.3,0.3,0,0,NI,3,GWO,random,7,0.3333333333333333,E26,16.49,95.45,39,3.097175,86.4259,2.2622,0.0,0,12.8591,2.1398,80.216,0.0,True,25.5,4840,3.8311,2.51
google,1500,20,linear,True,False,10.0,0.4,0.3,0.3,0,0,NI,2,GA,random,3,0.3333333333333333,E26,16.49,95.45,39,2.873572,87.3986,8.9317,0.0,0,12.6591,2.1049,83.335,0.0,True,25.5,4840,5.7736,3.73
google,1500,20,linear,True,False,10.0,0.4,0.3,0.3,0,0,NI,2,GA,random,4,0.3333333333333333,E26,16.49,95.45,39,2.862002,87.4493,9.2983,0.0,0,12.6091,2.0706,84.613,0.0,True,25.5,4840,5.7952,3.69
google,1500,20,linear,True,False,10.0,0.4,0.3,0.3,0,0,NI,2,GA,random,5,0.3333333333333333,E26,16.49,95.45,39,2.863491,87.4428,9.2512,0.0,0,12.6091,2.0689,84.074,0.0,True,25.5,4840,5.8249,3.69
google,1500,20,linear,True,False,10.0,0.4,0.3,0.3,0,0,NI,2,GA,random,6,0.3333333333333333,E26,16.49,95.45,39,2.843164,87.5319,9.8953,0.0,0,12.6091,2.0927,85.279,0.0,True,25.0,4840,5.7673,3.82
google,1500,20,linear,True,False,10.0,0.4,0.3,0.3,0,0,NI,2,GA,random,7,0.3333333333333333,E26,16.49,95.45,39,2.862276,87.4481,9.2896,0.0,0,12.6091,2.0871,84.073,0.0,True,25.5,4840,5.7729,3.75
google,1500,20,linear,True,False,10.0,0.4,0.3,0.3,0,0,NI,2,GA,random,8,0.3333333333333333,E26,16.49,95.45,39,2.862699,87.4462,9.2763,0.0,0,12.6091,2.0706,84.158,0.0,True,25.5,4840,5.778,3.76
google,1500,20,linear,True,False,10.0,0.4,0.3,0.3,0,0,NI,2,GA,random,9,0.3333333333333333,E26,16.49,95.45,39,2.864052,87.4403,9.2334,0.0,0,12.6591,2.0941,83.052,0.0,True,25.5,4840,5.7411,3.82
google,1500,20,linear,True,False,10.0,0.4,0.3,0.3,0,0,NI,2,GA,random,10,0.3333333333333333,E26,16.49,95.45,39,2.869347,87.4171,9.0656,0.0,0,12.6091,2.0882,83.824,0.0,True,26.5,4840,5.759,3.54
google,1500,10,linear,True,False,10.0,0.4,0.3,0.3,0,0,NI,3,DE,random,4,0.3333333333333333,E26,16.49,95.45,39,3.070682,86.542,3.0983,0.0,0,12.7091,2.0941,83.515,0.0,True,26.5,4840,3.5431,2.71
google,1500,10,linear,True,False,10.0,0.4,0.3,0.3,0,0,NI,3,DE,random,5,0.3333333333333333,E26,16.49,95.45,39,3.083964,86.4838,2.6791,0.0,0,12.8091,2.1145,81.162,0.0,True,27.0,4840,3.5491,2.47
google,1500,10,linear,True,False,10.0,0.4,0.3,0.3,0,0,NI,3,DE,random,6,0.3333333333333333,E26,16.49,95.45,39,3.059192,86.5924,3.4609,0.0,0,12.6591,2.0695,84.104,0.0,True,25.5,4840,3.5534,2.74
google,1500,10,linear,True,False,10.0,0.4,0.3,0.3,0,0,NI,3,DE,random,7,0.3333333333333333,E26,16.49,95.45,39,3.04665,86.6474,3.8566,0.0,0,12.6091,2.0802,85.268,0.0,True,25.5,4840,3.5429,2.74
google,1500,10,linear,True,False,10.0,0.4,0.3,0.3,0,0,NI,3,DE,random,8,0.3333333333333333,E26,16.49,95.45,39,3.056292,86.6051,3.5524,0.0,0,12.6591,2.073,83.422,0.0,True,25.5,4840,3.5458,2.99
google,1500,10,linear,True,False,10.0,0.4,0.3,0.3,0,0,NI,3,DE,random,9,0.3333333333333333,E26,16.49,95.45,39,3.063171,86.575,3.3353,0.0,0,12.7091,2.1085,82.171,0.0,True,25.5,4840,3.5663,2.72
google,1500,10,linear,True,False,10.0,0.4,0.3,0.3,0,0,NI,3,DE,random,10,0.3333333333333333,E26,16.49,95.45,39,3.023604,86.7484,4.5839,0.0,0,12.5091,2.059,86.236,0.0,True,25.5,4840,3.5483,2.75
google,1500,10,linear,True,False,10.0,0.4,0.3,0.3,0,0,NI,3,HHO,random,1,0.3333333333333333,E26,16.49,95.45,39,3.063477,86.5736,3.3256,0.0,0,12.7591,2.0856,78.483,0.0,True,24.5,8910,5.3683,2.92
google,1500,20,linear,True,False,10.0,0.4,0.3,0.3,0,0,NI,3,VCC(Google),-,0,0.3333333333333333,E26,16.49,95.45,39,3.200098,85.9749,-0.9857,0.0,0,13.3591,2.175,56.878,0.0,True,24.5,0,0.0048,0.0
google,1500,20,linear,True,False,10.0,0.4,0.3,0.3,0,0,NI,3,Threshold(WaitAwhile),-,0,0.3333333333333333,E26,16.49,95.45,39,2.800445,87.7264,11.6261,0.0,0,12.7091,2.0504,58.951,0.3665,False,24.5,0,0.0228,0.0
google,1500,20,linear,True,False,10.0,0.4,0.3,0.3,0,0,NI,3,WOA,random,1,0.3333333333333333,E26,16.49,95.45,39,3.095821,86.4319,2.305,0.0,0,12.9591,2.1346,72.46,0.0,True,25.0,4840,3.312,2.5
google,1500,20,linear,True,False,10.0,0.4,0.3,0.3,0,0,NI,3,WOA,random,2,0.3333333333333333,E26,16.49,95.45,39,3.129458,86.2845,1.2435,0.0,0,13.1591,2.1444,57.722,0.0,True,24.5,4840,3.3217,2.5
google,1500,20,linear,True,False,10.0,0.4,0.3,0.3,0,0,NI,3,WOA,random,3,0.3333333333333333,E26,16.49,95.45,39,3.090778,86.454,2.4641,0.0,0,12.9591,2.1292,72.67,0.0,True,25.0,4840,3.3142,2.41
google,1500,20,linear,True,False,10.0,0.4,0.3,0.3,0,0,NI,3,WOA,random,4,0.3333333333333333,E26,16.49,95.45,39,3.076404,86.517,2.9177,0.0,0,12.9091,2.1152,73.992,0.0,True,25.0,4840,3.3205,2.71
google,1500,20,linear,True,False,10.0,0.4,0.3,0.3,0,0,NI,3,WOA,random,5,0.3333333333333333,E26,16.49,95.45,39,3.095472,86.4334,2.316,0.0,0,12.9591,2.1257,68.371,0.0,True,24.5,4840,3.3353,2.51
google,1500,20,linear,True,False,10.0,0.4,0.3,0.3,0,0,NI,3,WOA,random,6,0.3333333333333333,E26,16.49,95.45,39,3.07653,86.5164,2.9137,0.0,0,12.8591,2.1238,73.804,0.0,True,24.5,4840,3.3143,2.56
google,1500,10,linear,True,False,10.0,0.4,0.3,0.3,0,0,NI,4,FIFO,-,0,0.3333333333333333,E26,16.49,95.45,39,20.091563,0.0,-614.9544,0.0,0,95.9591,15.66,5.308,8.9738,False,24.5,0,0.0,0.0
google,1500,10,linear,True,False,10.0,0.4,0.3,0.3,0,0,NI,4,Consolidation,-,0,0.3333333333333333,E26,16.49,95.45,39,2.810188,86.0131,0.0,0.0,0,13.3091,2.1675,55.842,8.9738,False,24.5,0,0.0,0.0
google,1500,10,linear,True,False,10.0,0.4,0.3,0.3,0,0,NI,4,Greedy(EDF+greenest),-,0,0.3333333333333333,E26,16.49,95.45,39,2.420209,87.9541,13.8773,0.0,0,12.8591,2.2215,57.416,10.3332,False,24.5,0,0.0002,0.0
google,1500,10,linear,True,False,10.0,0.4,0.3,0.3,0,0,NI,4,VCC(Google),-,0,0.3333333333333333,E26,16.49,95.45,39,2.825411,85.9373,-0.5417,0.0,0,13.2591,2.16,61.732,0.0,True,24.5,0,0.0057,0.0
google,1500,10,linear,True,False,10.0,0.4,0.3,0.3,0,0,NI,4,Threshold(WaitAwhile),-,0,0.3333333333333333,E26,16.49,95.45,39,2.503816,87.538,10.9022,0.0,0,13.0091,2.1225,59.531,15.0606,False,24.5,0,0.022,0.0
google,1500,10,linear,True,False,10.0,0.4,0.3,0.3,0,0,NI,4,WOA,random,1,0.3333333333333333,E26,16.49,95.45,39,2.670629,86.7077,4.9662,0.0,0,12.8591,2.1385,81.406,0.0,True,25.5,4840,3.352,2.77
google,1500,10,linear,True,False,10.0,0.4,0.3,0.3,0,0,NI,4,WOA,random,2,0.3333333333333333,E26,16.49,95.45,39,2.702365,86.5498,3.8369,0.0,0,12.9091,2.1139,79.869,0.0,True,25.5,4840,3.3648,2.62
google,1500,10,linear,True,False,10.0,0.4,0.3,0.3,0,0,NI,4,WOA,random,3,0.3333333333333333,E26,16.49,95.45,39,2.699613,86.5634,3.9348,0.0,0,12.9591,2.1398,78.429,0.0,True,26.0,4840,3.3325,2.43
google,1500,10,linear,True,False,10.0,0.4,0.3,0.3,0,0,NI,3,GA,random,8,0.3333333333333333,E26,16.49,95.45,39,3.04169,86.6691,4.0132,0.0,0,12.6091,2.058,84.232,0.0,True,25.5,4840,6.1685,3.66
google,1500,10,linear,True,False,10.0,0.4,0.3,0.3,0,0,NI,3,GA,random,9,0.3333333333333333,E26,16.49,95.45,39,3.058616,86.5949,3.479,0.0,0,12.6591,2.098,83.089,0.0,True,26.0,4840,6.1479,3.8
google,1500,10,linear,True,False,10.0,0.4,0.3,0.3,0,0,NI,3,GA,random,10,0.3333333333333333,E26,16.49,95.45,39,3.024358,86.7451,4.5601,0.0,0,12.5591,2.0704,85.333,0.0,True,25.5,4840,6.1206,3.78
google,1500,10,linear,True,False,10.0,0.4,0.3,0.3,0,0,NI,3,WOA,carbon,1,0.3333333333333333,E26,16.49,95.45,39,3.059412,86.5914,3.4539,0.0,0,12.9091,2.1134,76.167,0.0,True,24.5,4840,3.5291,2.42
google,1500,10,linear,True,False,10.0,0.4,0.3,0.3,0,0,NI,3,WOA,carbon,2,0.3333333333333333,E26,16.49,95.45,39,3.099099,86.4175,2.2015,0.0,0,12.9091,2.1107,75.086,0.0,True,25.0,4840,3.5521,2.39
google,1500,10,linear,True,False,10.0,0.4,0.3,0.3,0,0,NI,3,WOA,carbon,3,0.3333333333333333,E26,16.49,95.45,39,3.103086,86.4,2.0757,0.0,0,12.9591,2.1271,77.224,0.0,True,27.0,4840,3.5061,2.44
google,1500,10,linear,True,False,10.0,0.4,0.3,0.3,0,0,NI,3,WOA,carbon,4,0.3333333333333333,E26,16.49,95.45,39,3.065218,86.566,3.2707,0.0,0,12.9591,2.1353,72.433,0.0,True,24.5,4840,3.569,2.56
google,1500,10,linear,True,False,10.0,0.4,0.3,0.3,0,0,NI,3,WOA,carbon,5,0.3333333333333333,E26,16.49,95.45,39,3.07023,86.544,3.1125,0.0,0,12.8091,2.1062,80.273,0.0,True,25.0,4840,3.5384,2.66
google,1500,10,linear,True,False,10.0,0.4,0.3,0.3,0,0,NI,3,HHO,random,2,0.3333333333333333,E26,16.49,95.45,39,3.071317,86.5393,3.0782,0.0,0,12.8591,2.1071,74.974,0.0,True,25.0,8780,5.032,2.52
google,1500,10,linear,True,False,10.0,0.4,0.3,0.3,0,0,NI,3,HHO,random,3,0.3333333333333333,E26,16.49,95.45,39,3.104609,86.3934,2.0276,0.0,0,12.9591,2.1263,72.462,0.0,True,25.5,8894,5.0277,2.58
google,1500,10,linear,True,False,10.0,0.4,0.3,0.3,0,0,NI,3,HHO,random,4,0.3333333333333333,E26,16.49,95.45,39,3.072547,86.5339,3.0394,0.0,0,12.8091,2.1054,75.84,0.0,True,26.0,9094,5.1127,2.65
google,1500,10,linear,True,False,10.0,0.4,0.3,0.3,0,0,NI,3,HHO,random,5,0.3333333333333333,E26,16.49,95.45,39,3.063475,86.5736,3.3257,0.0,0,12.8091,2.0985,76.575,0.0,True,25.0,8986,5.0772,2.49
google,1500,10,linear,True,False,10.0,0.4,0.3,0.3,0,0,NI,3,HHO,random,6,0.3333333333333333,E26,16.49,95.45,39,3.062416,86.5783,3.3591,0.0,0,12.8091,2.1123,74.353,0.0,True,24.5,8968,5.0768,2.68
google,1500,10,linear,True,False,10.0,0.4,0.3,0.3,0,0,NI,3,HHO,random,7,0.3333333333333333,E26,16.49,95.45,39,3.081995,86.4925,2.7413,0.0,0,12.8591,2.1094,73.615,0.0,True,25.0,8946,5.0504,2.5
google,1500,10,linear,True,False,10.0,0.4,0.3,0.3,0,0,NI,3,HHO,random,8,0.3333333333333333,E26,16.49,95.45,39,3.069121,86.5489,3.1475,0.0,0,12.8091,2.1088,75.02,0.0,True,25.0,8872,5.082,2.78
google,1500,10,linear,True,False,10.0,0.4,0.3,0.3,0,0,NI,3,HHO,random,9,0.3333333333333333,E26,16.49,95.45,39,3.075791,86.5197,2.9371,0.0,0,12.8591,2.1002,73.813,0.0,True,25.5,8790,5.0148,2.83
google,1500,20,linear,True,False,10.0,0.4,0.3,0.3,0,0,NI,3,WOA,random,7,0.3333333333333333,E26,16.49,95.45,39,3.116079,86.3431,1.6657,0.0,0,13.0591,2.1366,67.092,0.0,True,24.5,4840,3.3567,2.58
google,1500,20,linear,True,False,10.0,0.4,0.3,0.3,0,0,NI,3,WOA,random,8,0.3333333333333333,E26,16.49,95.45,39,3.073959,86.5277,2.9949,0.0,0,12.8091,2.1176,77.529,0.0,True,25.0,4840,3.3151,2.58
google,1500,20,linear,True,False,10.0,0.4,0.3,0.3,0,0,NI,3,WOA,random,9,0.3333333333333333,E26,16.49,95.45,39,3.085632,86.4765,2.6265,0.0,0,12.9091,2.121,73.205,0.0,True,24.5,4840,3.3554,2.63
google,1500,20,linear,True,False,10.0,0.4,0.3,0.3,0,0,NI,3,WOA,random,10,0.3333333333333333,E26,16.49,95.45,39,3.11049,86.3676,1.842,0.0,0,13.0591,2.1305,60.171,0.0,True,24.5,4840,3.3688,2.57
google,1500,20,linear,True,False,10.0,0.4,0.3,0.3,0,0,NI,3,GWO,random,1,0.3333333333333333,E26,16.49,95.45,39,3.101429,86.4073,2.128,0.0,0,12.9091,2.1316,80.362,0.0,True,25.5,4840,3.8704,2.46
google,1500,20,linear,True,False,10.0,0.4,0.3,0.3,0,0,NI,3,GWO,random,2,0.3333333333333333,E26,16.49,95.45,39,3.086016,86.4748,2.6144,0.0,0,12.8091,2.0918,80.538,0.0,True,25.5,4840,3.9093,2.51
google,1500,20,linear,True,False,10.0,0.4,0.3,0.3,0,0,NI,3,GWO,random,3,0.3333333333333333,E26,16.49,95.45,39,3.072243,86.5352,3.049,0.0,0,12.8091,2.107,80.453,0.0,True,25.5,4840,3.9005,2.63
google,1500,20,linear,True,False,10.0,0.4,0.3,0.3,0,0,NI,3,GWO,random,4,0.3333333333333333,E26,16.49,95.45,39,3.113017,86.3565,1.7623,0.0,0,12.9591,2.1306,78.373,0.0,True,25.5,4840,3.8573,2.38
google,1500,20,linear,True,False,10.0,0.4,0.3,0.3,0,0,NI,3,DE,random,1,0.3333333333333333,E26,16.49,95.45,39,3.040214,86.6756,4.0597,0.0,0,12.5591,2.0556,84.695,0.0,True,25.5,4840,3.3252,2.74
google,1500,20,linear,True,False,10.0,0.4,0.3,0.3,0,0,NI,3,DE,random,2,0.3333333333333333,E26,16.49,95.45,39,3.036985,86.6897,4.1617,0.0,0,12.6091,2.0751,84.658,0.0,True,25.5,4840,3.318,2.89
google,1500,20,linear,True,False,10.0,0.4,0.3,0.3,0,0,NI,3,DE,random,3,0.3333333333333333,E26,16.49,95.45,39,3.095607,86.4328,2.3117,0.0,0,12.8091,2.1046,81.413,0.0,True,25.5,4840,3.325,2.51
google,1500,20,linear,True,False,10.0,0.4,0.3,0.3,0,0,NI,3,DE,random,4,0.3333333333333333,E26,16.49,95.45,39,3.070682,86.542,3.0983,0.0,0,12.7091,2.0941,83.515,0.0,True,26.5,4840,3.3177,2.72
google,1500,20,linear,True,False,10.0,0.4,0.3,0.3,0,0,NI,3,DE,random,5,0.3333333333333333,E26,16.49,95.45,39,3.083964,86.4838,2.6791,0.0,0,12.8091,2.1145,81.162,0.0,True,27.0,4840,3.3699,2.47
google,1500,20,linear,True,False,10.0,0.4,0.3,0.3,0,0,NI,3,DE,random,6,0.3333333333333333,E26,16.49,95.45,39,3.059192,86.5924,3.4609,0.0,0,12.6591,2.0695,84.104,0.0,True,25.5,4840,3.3197,2.75
google,1500,20,linear,True,False,10.0,0.4,0.3,0.3,0,0,NI,3,DE,random,7,0.3333333333333333,E26,16.49,95.45,39,3.04665,86.6474,3.8566,0.0,0,12.6091,2.0802,85.268,0.0,True,25.5,4840,3.3188,2.75
google,1500,20,linear,True,False,10.0,0.4,0.3,0.3,0,0,NI,3,DE,random,8,0.3333333333333333,E26,16.49,95.45,39,3.056292,86.6051,3.5524,0.0,0,12.6591,2.073,83.422,0.0,True,25.5,4840,3.306,3.0
google,1500,10,linear,True,False,10.0,0.4,0.3,0.3,0,0,NI,3,HHO,random,10,0.3333333333333333,E26,16.49,95.45,39,3.073704,86.5288,3.0029,0.0,0,12.8091,2.1054,77.511,0.0,True,24.5,8942,5.0497,2.76
google,1500,10,linear,True,False,10.0,0.4,0.3,0.3,0,0,NI,3,GA,random,1,0.3333333333333333,E26,16.49,95.45,39,3.042883,86.6639,3.9755,0.0,0,12.6091,2.0774,84.459,0.0,True,25.5,4840,5.7205,3.68
google,1500,10,linear,True,False,10.0,0.4,0.3,0.3,0,0,NI,3,GA,random,2,0.3333333333333333,E26,16.49,95.45,39,3.043647,86.6605,3.9514,0.0,0,12.6091,2.0798,83.977,0.0,True,25.5,4840,5.7197,3.65
google,1500,10,linear,True,False,10.0,0.4,0.3,0.3,0,0,NI,3,GA,random,3,0.3333333333333333,E26,16.49,95.45,39,3.047478,86.6437,3.8305,0.0,0,12.6591,2.101,83.781,0.0,True,25.5,4840,5.7364,3.8
google,1500,10,linear,True,False,10.0,0.4,0.3,0.3,0,0,NI,3,GA,random,4,0.3333333333333333,E26,16.49,95.45,39,3.03993,86.6768,4.0687,0.0,0,12.6091,2.0746,84.885,0.0,True,25.5,4840,5.7305,3.61
google,1500,10,linear,True,False,10.0,0.4,0.3,0.3,0,0,NI,3,GA,random,5,0.3333333333333333,E26,16.49,95.45,39,3.06555,86.5645,3.2602,0.0,0,12.6591,2.0826,82.985,0.0,True,26.5,4840,5.7568,3.62
google,1500,10,linear,True,False,10.0,0.4,0.3,0.3,0,0,NI,3,GA,random,6,0.3333333333333333,E26,16.49,95.45,39,3.054743,86.6119,3.6013,0.0,0,12.6091,2.074,85.083,0.0,True,25.5,4840,5.7547,3.73
google,1500,10,linear,True,False,10.0,0.4,0.3,0.3,0,0,NI,3,GA,random,7,0.3333333333333333,E26,16.49,95.45,39,3.056501,86.6042,3.5458,0.0,0,12.6591,2.077,83.412,0.0,True,25.5,4840,5.7188,3.64
google,1500,20,linear,True,False,10.0,0.4,0.3,0.3,0,0,NI,3,PSO,random,3,0.3333333333333333,E26,16.49,95.45,39,3.134634,86.2618,1.0801,0.0,0,12.9591,2.1346,78.408,0.0,True,26.5,4840,3.4033,4.21
google,1500,20,linear,True,False,10.0,0.4,0.3,0.3,0,0,NI,3,PSO,random,4,0.3333333333333333,E26,16.49,95.45,39,3.132156,86.2726,1.1583,0.0,0,12.9591,2.1385,78.845,0.0,True,27.0,4840,3.4161,4.08
google,1500,20,linear,True,False,10.0,0.4,0.3,0.3,0,0,NI,3,PSO,random,5,0.3333333333333333,E26,16.49,95.45,39,3.145115,86.2158,0.7494,0.0,0,13.0091,2.1437,78.556,0.0,True,26.0,4840,3.4137,4.16
google,1500,20,linear,True,False,10.0,0.4,0.3,0.3,0,0,NI,3,PSO,random,6,0.3333333333333333,E26,16.49,95.45,39,3.146395,86.2102,0.709,0.0,0,13.0091,2.1443,77.906,0.0,True,26.5,4840,3.4084,4.04
google,1500,20,linear,True,False,10.0,0.4,0.3,0.3,0,0,NI,3,PSO,random,7,0.3333333333333333,E26,16.49,95.45,39,3.129674,86.2835,1.2366,0.0,0,13.0091,2.1611,77.375,0.0,True,26.0,4840,3.481,4.3
google,1500,20,linear,True,False,10.0,0.4,0.3,0.3,0,0,NI,3,PSO,random,8,0.3333333333333333,E26,16.49,95.45,39,3.111015,86.3653,1.8255,0.0,0,12.8591,2.1441,81.211,0.0,True,25.5,4840,3.4268,4.31
google,1500,20,linear,True,False,10.0,0.4,0.3,0.3,0,0,NI,3,PSO,random,9,0.3333333333333333,E26,16.49,95.45,39,3.128992,86.2865,1.2582,0.0,0,12.9591,2.1569,79.76,0.0,True,27.5,4840,3.4342,4.33
google,1500,20,linear,True,False,10.0,0.4,0.3,0.3,0,0,NI,3,PSO,random,10,0.3333333333333333,E26,16.49,95.45,39,3.150875,86.1906,0.5676,0.0,0,13.0091,2.161,77.16,0.0,True,27.5,4840,3.4243,4.31
google,1500,20,linear,True,False,10.0,0.4,0.3,0.3,0,0,NI,3,GWO,random,5,0.3333333333333333,E26,16.49,95.45,39,3.095078,86.4351,2.3284,0.0,0,12.8591,2.1424,81.0,0.0,True,25.5,4840,3.8595,2.43
google,1500,20,linear,True,False,10.0,0.4,0.3,0.3,0,0,NI,3,GWO,random,6,0.3333333333333333,E26,16.49,95.45,39,3.138488,86.2449,0.9585,0.0,0,12.9591,2.1344,79.571,0.0,True,26.0,4840,3.8268,2.32
google,1500,20,linear,True,False,10.0,0.4,0.3,0.3,0,0,NI,3,GWO,random,7,0.3333333333333333,E26,16.49,95.45,39,3.097175,86.4259,2.2622,0.0,0,12.8591,2.1398,80.216,0.0,True,25.5,4840,3.8225,2.51
google,1500,20,linear,True,False,10.0,0.4,0.3,0.3,0,0,NI,3,GWO,random,8,0.3333333333333333,E26,16.49,95.45,39,3.111096,86.3649,1.8229,0.0,0,12.9091,2.1061,78.768,0.0,True,26.0,4840,3.8395,2.51
google,1500,20,linear,True,False,10.0,0.4,0.3,0.3,0,0,NI,3,GWO,random,9,0.3333333333333333,E26,16.49,95.45,39,3.11938,86.3286,1.5615,0.0,0,12.9591,2.1391,78.95,0.0,True,27.0,4840,3.8822,2.43
google,1500,20,linear,True,False,10.0,0.4,0.3,0.3,0,0,NI,3,GWO,random,10,0.3333333333333333,E26,16.49,95.45,39,3.053808,86.616,3.6308,0.0,0,12.6591,2.0837,82.823,0.0,True,25.5,4840,3.8627,2.87
google,1500,20,linear,True,False,10.0,0.4,0.3,0.3,0,0,NI,3,PSO,random,1,0.3333333333333333,E26,16.49,95.45,39,3.133087,86.2685,1.129,0.0,0,13.0091,2.1644,78.427,0.0,True,25.5,4840,3.4123,4.46
google,1500,20,linear,True,False,10.0,0.4,0.3,0.3,0,0,NI,3,PSO,random,2,0.3333333333333333,E26,16.49,95.45,39,3.15176,86.1867,0.5397,0.0,0,13.0091,2.1437,77.176,0.0,True,26.5,4840,3.4029,4.1
google,1500,20,linear,True,False,10.0,0.4,0.3,0.3,0,0,NI,3,WOA,carbon,3,0.3333333333333333,E26,16.49,95.45,39,2.82268,87.629,10.9245,0.0,0,12.6091,2.0717,73.741,0.0,True,24.5,4840,3.5638,2.48
google,1500,20,linear,True,False,10.0,0.4,0.3,0.3,0,0,NI,3,WOA,carbon,4,0.3333333333333333,E26,16.49,95.45,39,2.821587,87.6338,10.959,0.0,0,12.6091,2.0719,74.364,0.0,True,24.5,4840,3.5543,2.63
google,1500,20,linear,True,False,10.0,0.4,0.3,0.3,0,0,NI,3,WOA,carbon,5,0.3333333333333333,E26,16.49,95.45,39,2.828062,87.6054,10.7547,0.0,0,12.6591,2.0775,69.29,0.0,True,25.0,4840,3.6331,2.46
google,1500,20,linear,True,False,10.0,0.4,0.3,0.3,0,0,NI,3,WOA,carbon,6,0.3333333333333333,E26,16.49,95.45,39,2.830253,87.5958,10.6855,0.0,0,12.6591,2.0924,71.196,0.0,True,24.5,4840,3.5534,2.61
google,1500,20,linear,True,False,10.0,0.4,0.3,0.3,0,0,NI,3,WOA,carbon,7,0.3333333333333333,E26,16.49,95.45,39,2.827247,87.609,10.7804,0.0,0,12.6591,2.0918,70.609,0.0,True,24.5,4840,3.5776,2.57
google,1500,20,linear,True,False,10.0,0.4,0.3,0.3,0,0,NI,3,WOA,carbon,8,0.3333333333333333,E26,16.49,95.45,39,2.823252,87.6265,10.9064,0.0,0,12.6591,2.0719,71.533,0.0,True,24.5,4840,3.5481,2.57
google,1500,20,linear,True,False,10.0,0.4,0.3,0.3,0,0,NI,3,WOA,carbon,9,0.3333333333333333,E26,16.49,95.45,39,2.804739,87.7076,11.4907,0.0,0,12.5591,2.0648,72.818,0.0,True,24.5,4840,3.5977,2.5
google,1500,20,linear,True,False,10.0,0.4,0.3,0.3,0,0,NI,3,WOA,carbon,10,0.3333333333333333,E26,16.49,95.45,39,2.832094,87.5877,10.6274,0.0,0,12.6591,2.0884,71.521,0.0,True,24.5,4840,3.5916,2.45
google,1500,20,linear,True,False,10.0,0.4,0.3,0.3,0,0,NI,3,DE,random,9,0.3333333333333333,E26,16.49,95.45,39,3.063171,86.575,3.3353,0.0,0,12.7091,2.1085,82.171,0.0,True,25.5,4840,3.5309,2.72
google,1500,20,linear,True,False,10.0,0.4,0.3,0.3,0,0,NI,3,DE,random,10,0.3333333333333333,E26,16.49,95.45,39,3.023604,86.7484,4.5839,0.0,0,12.5091,2.059,86.236,0.0,True,25.5,4840,3.4977,2.75
google,1500,20,linear,True,False,10.0,0.4,0.3,0.3,0,0,NI,3,HHO,random,1,0.3333333333333333,E26,16.49,95.45,39,3.116522,86.3411,1.6517,0.0,0,13.0591,2.1317,62.745,0.0,True,24.5,8910,5.2855,2.67
google,1500,20,linear,True,False,10.0,0.4,0.3,0.3,0,0,NI,3,HHO,random,2,0.3333333333333333,E26,16.49,95.45,39,3.108341,86.377,1.9099,0.0,0,12.9591,2.124,72.81,0.0,True,24.5,8780,5.2646,2.46
google,1500,20,linear,True,False,10.0,0.4,0.3,0.3,0,0,NI,3,HHO,random,3,0.3333333333333333,E26,16.49,95.45,39,3.077621,86.5116,2.8793,0.0,0,12.9091,2.1249,73.051,0.0,True,24.5,8894,5.2749,2.83
google,1500,20,linear,True,False,10.0,0.4,0.3,0.3,0,0,NI,3,HHO,random,4,0.3333333333333333,E26,16.49,95.45,39,3.067968,86.5539,3.1839,0.0,0,12.8091,2.1133,76.514,0.0,True,25.0,9094,5.3474,2.47
google,1500,20,linear,True,False,10.0,0.4,0.3,0.3,0,0,NI,3,HHO,random,5,0.3333333333333333,E26,16.49,95.45,39,3.069045,86.5492,3.1499,0.0,0,12.8091,2.1081,76.63,0.0,True,24.5,8986,5.31,2.55
google,1500,20,linear,True,False,10.0,0.4,0.3,0.3,0,0,NI,3,HHO,random,6,0.3333333333333333,E26,16.49,95.45,39,3.062955,86.5759,3.3421,0.0,0,12.8091,2.1107,75.022,0.0,True,24.5,8968,5.3099,2.53
google,1500,20,linear,True,False,10.0,0.4,0.3,0.3,0,0,NI,3,GA,random,5,0.3333333333333333,E26,16.49,95.45,39,3.06555,86.5645,3.2602,0.0,0,12.6591,2.0826,82.985,0.0,True,26.5,4840,5.8067,3.62
google,1500,20,linear,True,False,10.0,0.4,0.3,0.3,0,0,NI,3,GA,random,6,0.3333333333333333,E26,16.49,95.45,39,3.054743,86.6119,3.6013,0.0,0,12.6091,2.074,85.083,0.0,True,25.5,4840,5.7749,3.73
google,1500,20,linear,True,False,10.0,0.4,0.3,0.3,0,0,NI,3,GA,random,7,0.3333333333333333,E26,16.49,95.45,39,3.056501,86.6042,3.5458,0.0,0,12.6591,2.077,83.412,0.0,True,25.5,4840,5.8202,3.64
google,1500,20,linear,True,False,10.0,0.4,0.3,0.3,0,0,NI,3,GA,random,8,0.3333333333333333,E26,16.49,95.45,39,3.04169,86.6691,4.0132,0.0,0,12.6091,2.058,84.232,0.0,True,25.5,4840,5.7984,3.66
google,1500,20,linear,True,False,10.0,0.4,0.3,0.3,0,0,NI,3,GA,random,9,0.3333333333333333,E26,16.49,95.45,39,3.058616,86.5949,3.479,0.0,0,12.6591,2.098,83.089,0.0,True,26.0,4840,5.7872,3.8
google,1500,20,linear,True,False,10.0,0.4,0.3,0.3,0,0,NI,3,GA,random,10,0.3333333333333333,E26,16.49,95.45,39,3.024358,86.7451,4.5601,0.0,0,12.5591,2.0704,85.333,0.0,True,25.5,4840,5.7944,3.79
google,1500,20,linear,True,False,10.0,0.4,0.3,0.3,0,0,NI,3,WOA,carbon,1,0.3333333333333333,E26,16.49,95.45,39,2.83912,87.5569,10.4057,0.0,0,12.7091,2.1044,70.308,0.0,True,24.5,4840,3.3179,2.59
google,1500,20,linear,True,False,10.0,0.4,0.3,0.3,0,0,NI,3,WOA,carbon,2,0.3333333333333333,E26,16.49,95.45,39,2.814838,87.6633,11.1719,0.0,0,12.6091,2.0686,72.111,0.0,True,24.5,4840,3.3272,2.65
google,1500,20,linear,True,False,10.0,0.4,0.3,0.3,0,0,NI,3,HHO,random,7,0.3333333333333333,E26,16.49,95.45,39,3.102921,86.4008,2.0809,0.0,0,13.0091,2.1362,68.137,0.0,True,24.5,8946,5.1064,2.34
google,1500,20,linear,True,False,10.0,0.4,0.3,0.3,0,0,NI,3,HHO,random,8,0.3333333333333333,E26,16.49,95.45,39,3.119561,86.3278,1.5558,0.0,0,13.1091,2.1489,63.188,0.0,True,24.5,8872,5.0137,2.69
google,1500,20,linear,True,False,10.0,0.4,0.3,0.3,0,0,NI,3,HHO,random,9,0.3333333333333333,E26,16.49,95.45,39,3.079571,86.5031,2.8178,0.0,0,12.8591,2.128,73.949,0.0,True,26.5,8790,4.9847,2.62
google,1500,20,linear,True,False,10.0,0.4,0.3,0.3,0,0,NI,3,HHO,random,10,0.3333333333333333,E26,16.49,95.45,39,3.086746,86.4716,2.5913,0.0,0,12.9091,2.1169,72.47,0.0,True,24.5,8942,5.0621,2.57
google,1500,20,linear,True,False,10.0,0.4,0.3,0.3,0,0,NI,3,GA,random,1,0.3333333333333333,E26,16.49,95.45,39,3.042883,86.6639,3.9755,0.0,0,12.6091,2.0774,84.459,0.0,True,25.5,4840,5.7579,3.68
google,1500,20,linear,True,False,10.0,0.4,0.3,0.3,0,0,NI,3,GA,random,2,0.3333333333333333,E26,16.49,95.45,39,3.043647,86.6605,3.9514,0.0,0,12.6091,2.0798,83.977,0.0,True,25.5,4840,5.7864,3.65
google,1500,20,linear,True,False,10.0,0.4,0.3,0.3,0,0,NI,3,GA,random,3,0.3333333333333333,E26,16.49,95.45,39,3.047478,86.6437,3.8305,0.0,0,12.6591,2.101,83.781,0.0,True,25.5,4840,5.7937,3.8
google,1500,20,linear,True,False,10.0,0.4,0.3,0.3,0,0,NI,3,GA,random,4,0.3333333333333333,E26,16.49,95.45,39,3.03993,86.6768,4.0687,0.0,0,12.6091,2.0746,84.885,0.0,True,25.5,4840,5.7805,3.61
google,1500,10,linear,True,False,10.0,0.4,0.3,0.3,0,0,NI,4,WOA,random,4,0.3333333333333333,E26,16.49,95.45,39,2.692879,86.597,4.1744,0.0,0,12.9091,2.1197,77.418,0.0,True,25.5,4840,3.3585,2.53
google,1500,10,linear,True,False,10.0,0.4,0.3,0.3,0,0,NI,4,WOA,random,5,0.3333333333333333,E26,16.49,95.45,39,2.67257,86.698,4.8971,0.0,0,12.9091,2.1396,78.45,0.0,True,27.5,4840,3.3183,2.66
google,1500,10,linear,True,False,10.0,0.4,0.3,0.3,0,0,NI,4,WOA,random,6,0.3333333333333333,E26,16.49,95.45,39,2.69427,86.59,4.1249,0.0,0,12.9591,2.1514,74.394,0.0,True,25.0,4840,3.3071,2.6
google,1500,10,linear,True,False,10.0,0.4,0.3,0.3,0,0,NI,4,WOA,random,7,0.3333333333333333,E26,16.49,95.45,39,2.680052,86.6608,4.6309,0.0,0,12.9591,2.1711,78.89,0.0,True,26.5,4840,3.3393,2.54
google,1500,10,linear,True,False,10.0,0.4,0.3,0.3,0,0,NI,4,WOA,random,8,0.3333333333333333,E26,16.49,95.45,39,2.682014,86.651,4.5611,0.0,0,12.8591,2.1302,77.978,0.0,True,24.5,4840,3.3077,2.53
google,1500,10,linear,True,False,10.0,0.4,0.3,0.3,0,0,NI,4,WOA,random,9,0.3333333333333333,E26,16.49,95.45,39,2.694285,86.59,4.1244,0.0,0,12.9091,2.146,78.733,0.0,True,26.5,4840,3.3259,2.44
google,1500,10,linear,True,False,10.0,0.4,0.3,0.3,0,0,NI,4,WOA,random,10,0.3333333333333333,E26,16.49,95.45,39,2.691584,86.6034,4.2205,0.0,0,12.9091,2.1315,75.931,0.0,True,27.5,4840,3.342,2.57
google,1500,10,linear,True,False,10.0,0.4,0.3,0.3,0,0,NI,4,GWO,random,1,0.3333333333333333,E26,16.49,95.45,39,2.698651,86.5682,3.969,0.0,0,13.0091,2.1381,77.699,0.0,True,27.5,4840,3.8559,2.39
google,1500,10,linear,True,False,10.0,0.4,0.3,0.3,0,0,NI,4,WOA,carbon,8,0.3333333333333333,E26,16.49,95.45,39,2.592783,87.0952,7.7363,0.0,0,13.0091,2.1963,71.595,0.0,True,26.0,4840,3.5284,2.57
google,1500,10,linear,True,False,10.0,0.4,0.3,0.3,0,0,NI,4,WOA,carbon,9,0.3333333333333333,E26,16.49,95.45,39,2.524824,87.4334,10.1546,0.0,0,13.0091,2.2547,68.362,0.0,True,26.0,4840,3.5681,2.51
google,1500,10,linear,True,False,10.0,0.4,0.3,0.3,0,0,NI,4,WOA,carbon,10,0.3333333333333333,E26,16.49,95.45,39,2.596327,87.0775,7.6102,0.0,0,12.7591,2.1473,82.266,0.0,True,25.0,4840,3.5598,2.73
google,1500,20,linear,True,False,10.0,0.4,0.3,0.3,0,0,NI,4,FIFO,-,0,0.3333333333333333,E26,16.49,95.45,39,20.091563,0.0,-614.9544,0.0,0,95.9591,15.66,5.308,0.0,True,24.5,0,0.0,0.0
google,1500,20,linear,True,False,10.0,0.4,0.3,0.3,0,0,NI,4,Consolidation,-,0,0.3333333333333333,E26,16.49,95.45,39,2.810188,86.0131,0.0,0.0,0,13.3091,2.1675,55.842,0.0,True,24.5,0,0.0,0.0
google,1500,20,linear,True,False,10.0,0.4,0.3,0.3,0,0,NI,4,Greedy(EDF+greenest),-,0,0.3333333333333333,E26,16.49,95.45,39,2.420209,87.9541,13.8773,0.0,0,12.8591,2.2215,57.416,0.0,True,24.5,0,0.0002,0.0
google,1500,20,linear,True,False,10.0,0.4,0.3,0.3,0,0,NI,4,VCC(Google),-,0,0.3333333333333333,E26,16.49,95.45,39,2.824038,85.9442,-0.4928,0.0,0,13.3091,2.1675,57.881,0.0,True,24.5,0,0.0052,0.0
google,1500,20,linear,True,False,10.0,0.4,0.3,0.3,0,0,NI,4,Threshold(WaitAwhile),-,0,0.3333333333333333,E26,16.49,95.45,39,2.503816,87.538,10.9022,0.0,0,13.0091,2.1225,59.531,0.0,True,24.5,0,0.0227,0.0
google,1500,10,linear,True,False,10.0,0.4,0.3,0.3,0,0,NI,4,GWO,random,10,0.3333333333333333,E26,16.49,95.45,39,2.664905,86.7362,5.1699,0.0,0,12.8591,2.154,80.15,0.0,True,25.5,4840,3.8865,2.57
google,1500,10,linear,True,False,10.0,0.4,0.3,0.3,0,0,NI,4,PSO,random,1,0.3333333333333333,E26,16.49,95.45,39,2.702305,86.55,3.839,0.0,0,13.0091,2.1535,78.031,0.0,True,26.0,4840,3.4107,4.15
google,1500,10,linear,True,False,10.0,0.4,0.3,0.3,0,0,NI,4,PSO,random,2,0.3333333333333333,E26,16.49,95.45,39,2.716086,86.4815,3.3486,0.0,0,13.0591,2.1771,76.768,0.0,True,27.0,4840,3.4163,4.05
google,1500,10,linear,True,False,10.0,0.4,0.3,0.3,0,0,NI,4,PSO,random,3,0.3333333333333333,E26,16.49,95.45,39,2.702478,86.5492,3.8328,0.0,0,13.0091,2.1719,77.435,0.0,True,26.5,4840,3.4335,4.27
google,1500,10,linear,True,False,10.0,0.4,0.3,0.3,0,0,NI,4,PSO,random,4,0.3333333333333333,E26,16.49,95.45,39,2.701273,86.5552,3.8757,0.0,0,13.0091,2.1426,77.58,0.0,True,26.0,4840,3.4267,4.1
google,1500,10,linear,True,False,10.0,0.4,0.3,0.3,0,0,NI,4,PSO,random,5,0.3333333333333333,E26,16.49,95.45,39,2.702198,86.5506,3.8428,0.0,0,13.0091,2.1649,78.168,0.0,True,26.0,4840,3.4335,4.13
google,1500,10,linear,True,False,10.0,0.4,0.3,0.3,0,0,NI,4,PSO,random,6,0.3333333333333333,E26,16.49,95.45,39,2.702841,86.5474,3.8199,0.0,0,13.0591,2.1685,76.753,0.0,True,26.5,4840,3.4365,3.97
google,1500,10,linear,True,False,10.0,0.4,0.3,0.3,0,0,NI,4,PSO,random,7,0.3333333333333333,E26,16.49,95.45,39,2.699578,86.5636,3.9361,0.0,0,13.0091,2.1409,79.883,0.0,True,26.5,4840,3.4767,4.11
google,1500,10,linear,True,False,10.0,0.4,0.3,0.3,0,0,NI,4,GWO,random,2,0.3333333333333333,E26,16.49,95.45,39,2.641098,86.8547,6.017,0.0,0,12.7091,2.0999,83.314,0.0,True,25.5,4840,4.0838,2.82
google,1500,10,linear,True,False,10.0,0.4,0.3,0.3,0,0,NI,4,GWO,random,3,0.3333333333333333,E26,16.49,95.45,39,2.684717,86.6376,4.4649,0.0,0,12.9091,2.1357,80.455,0.0,True,25.5,4840,4.0529,2.4
google,1500,10,linear,True,False,10.0,0.4,0.3,0.3,0,0,NI,4,GWO,random,4,0.3333333333333333,E26,16.49,95.45,39,2.686222,86.6301,4.4113,0.0,0,12.9091,2.1283,79.333,0.0,True,25.5,4840,4.0572,2.46
google,1500,10,linear,True,False,10.0,0.4,0.3,0.3,0,0,NI,4,GWO,random,5,0.3333333333333333,E26,16.49,95.45,39,2.669989,86.7109,4.989,0.0,0,12.9091,2.1385,78.804,0.0,True,25.5,4840,4.0598,2.46
google,1500,10,linear,True,False,10.0,0.4,0.3,0.3,0,0,NI,4,GWO,random,6,0.3333333333333333,E26,16.49,95.45,39,2.662144,86.7499,5.2681,0.0,0,12.8591,2.1282,81.777,0.0,True,25.0,4840,4.04,2.5
google,1500,10,linear,True,False,10.0,0.4,0.3,0.3,0,0,NI,4,GWO,random,7,0.3333333333333333,E26,16.49,95.45,39,2.679187,86.6651,4.6617,0.0,0,12.9591,2.1527,79.233,0.0,True,25.5,4840,4.059,2.48
google,1500,10,linear,True,False,10.0,0.4,0.3,0.3,0,0,NI,4,GWO,random,8,0.3333333333333333,E26,16.49,95.45,39,2.673272,86.6946,4.8721,0.0,0,12.8591,2.1486,79.938,0.0,True,25.5,4840,4.0855,2.5
google,1500,10,linear,True,False,10.0,0.4,0.3,0.3,0,0,NI,4,GWO,random,9,0.3333333333333333,E26,16.49,95.45,39,2.667716,86.7222,5.0698,0.0,0,12.8091,2.1104,79.895,0.0,True,26.0,4840,4.0982,2.56
google,1500,10,linear,True,False,10.0,0.4,0.3,0.3,0,0,NI,4,PSO,random,8,0.3333333333333333,E26,16.49,95.45,39,2.690877,86.6069,4.2457,0.0,0,13.0091,2.1604,75.516,0.0,True,27.0,4840,3.4381,4.19
google,1500,10,linear,True,False,10.0,0.4,0.3,0.3,0,0,NI,4,PSO,random,9,0.3333333333333333,E26,16.49,95.45,39,2.687813,86.6222,4.3547,0.0,0,12.9091,2.1362,79.412,0.0,True,27.0,4840,3.4348,4.18
google,1500,10,linear,True,False,10.0,0.4,0.3,0.3,0,0,NI,4,PSO,random,10,0.3333333333333333,E26,16.49,95.45,39,2.696682,86.578,4.0391,0.0,0,13.0091,2.1529,77.057,0.0,True,26.0,4840,3.4396,4.09
google,1500,10,linear,True,False,10.0,0.4,0.3,0.3,0,0,NI,4,DE,random,1,0.3333333333333333,E26,16.49,95.45,39,2.630249,86.9087,6.4031,0.0,0,12.6591,2.0901,83.438,0.0,True,25.5,4840,3.3383,2.71
google,1500,10,linear,True,False,10.0,0.4,0.3,0.3,0,0,NI,4,DE,random,2,0.3333333333333333,E26,16.49,95.45,39,2.655011,86.7854,5.522,0.0,0,12.8091,2.1207,82.303,0.0,True,25.0,4840,3.3315,2.66
google,1500,10,linear,True,False,10.0,0.4,0.3,0.3,0,0,NI,4,DE,random,3,0.3333333333333333,E26,16.49,95.45,39,2.632466,86.8977,6.3242,0.0,0,12.7091,2.1113,83.147,0.0,True,25.5,4840,3.3278,2.72
google,1500,10,linear,True,False,10.0,0.4,0.3,0.3,0,0,NI,4,DE,random,4,0.3333333333333333,E26,16.49,95.45,39,2.653395,86.7935,5.5795,0.0,0,12.7591,2.0989,82.899,0.0,True,25.5,4840,3.3681,2.59
google,1500,10,linear,True,False,10.0,0.4,0.3,0.3,0,0,NI,4,DE,random,5,0.3333333333333333,E26,16.49,95.45,39,2.635138,86.8844,6.2291,0.0,0,12.7091,2.077,83.996,0.0,True,25.0,4840,3.3671,2.7
google,1500,10,linear,True,False,10.0,0.4,0.3,0.3,0,0,NI,4,GA,random,10,0.3333333333333333,E26,16.49,95.45,39,2.618548,86.9669,6.8195,0.0,0,12.6091,2.091,83.778,0.0,True,25.5,4840,5.76,3.72
google,1500,10,linear,True,False,10.0,0.4,0.3,0.3,0,0,NI,4,WOA,carbon,1,0.3333333333333333,E26,16.49,95.45,39,2.547372,87.3212,9.3523,0.0,0,13.0591,2.227,68.565,0.0,True,25.5,4840,3.3157,2.5
google,1500,10,linear,True,False,10.0,0.4,0.3,0.3,0,0,NI,4,WOA,carbon,2,0.3333333333333333,E26,16.49,95.45,39,2.622012,86.9497,6.6962,0.0,0,13.0591,2.2052,71.981,0.0,True,27.0,4840,3.3099,2.54
google,1500,10,linear,True,False,10.0,0.4,0.3,0.3,0,0,NI,4,WOA,carbon,3,0.3333333333333333,E26,16.49,95.45,39,2.56917,87.2127,8.5766,0.0,0,12.9091,2.1799,75.096,0.0,True,26.0,4840,3.3068,2.56
google,1500,10,linear,True,False,10.0,0.4,0.3,0.3,0,0,NI,4,WOA,carbon,4,0.3333333333333333,E26,16.49,95.45,39,2.583786,87.1399,8.0565,0.0,0,12.9591,2.2107,73.066,0.0,True,26.0,4840,3.3195,2.65
google,1500,10,linear,True,False,10.0,0.4,0.3,0.3,0,0,NI,4,WOA,carbon,5,0.3333333333333333,E26,16.49,95.45,39,2.47424,87.6852,11.9546,0.0,0,12.9091,2.2331,67.273,0.0,True,24.5,4840,3.3614,2.67
google,1500,10,linear,True,False,10.0,0.4,0.3,0.3,0,0,NI,4,WOA,carbon,6,0.3333333333333333,E26,16.49,95.45,39,2.666655,86.7275,5.1076,0.0,0,12.9091,2.1595,74.444,0.0,True,26.5,4840,3.3381,2.36
google,1500,10,linear,True,False,10.0,0.4,0.3,0.3,0,0,NI,4,WOA,carbon,7,0.3333333333333333,E26,16.49,95.45,39,2.638371,86.8683,6.1141,0.0,0,12.9591,2.1784,73.609,0.0,True,24.5,4840,3.3341,2.47
google,1500,10,linear,True,False,10.0,0.4,0.3,0.3,0,0,NI,4,DE,random,6,0.3333333333333333,E26,16.49,95.45,39,2.648835,86.8162,5.7417,0.0,0,12.7091,2.0856,82.797,0.0,True,25.5,4840,3.3163,2.65
google,1500,10,linear,True,False,10.0,0.4,0.3,0.3,0,0,NI,4,DE,random,7,0.3333333333333333,E26,16.49,95.45,39,2.644262,86.8389,5.9044,0.0,0,12.7091,2.1169,82.148,0.0,True,26.5,4840,3.3009,2.72
google,1500,10,linear,True,False,10.0,0.4,0.3,0.3,0,0,NI,4,DE,random,8,0.3333333333333333,E26,16.49,95.45,39,2.618404,86.9676,6.8246,0.0,0,12.6091,2.0832,84.508,0.0,True,25.5,4840,3.3022,3.06
google,1500,10,linear,True,False,10.0,0.4,0.3,0.3,0,0,NI,4,DE,random,9,0.3333333333333333,E26,16.49,95.45,39,2.640871,86.8558,6.0251,0.0,0,12.7591,2.1091,82.367,0.0,True,26.0,4840,3.3179,2.74
google,1500,10,linear,True,False,10.0,0.4,0.3,0.3,0,0,NI,4,DE,random,10,0.3333333333333333,E26,16.49,95.45,39,2.626083,86.9294,6.5513,0.0,0,12.6091,2.0631,84.981,0.0,True,25.5,4840,3.3307,2.71
google,1500,10,linear,True,False,10.0,0.4,0.3,0.3,0,0,NI,4,HHO,random,1,0.3333333333333333,E26,16.49,95.45,39,2.683448,86.6439,4.51,0.0,0,12.9091,2.1488,75.16,0.0,True,26.0,8910,5.066,2.59
google,1500,10,linear,True,False,10.0,0.4,0.3,0.3,0,0,NI,4,HHO,random,2,0.3333333333333333,E26,16.49,95.45,39,2.688312,86.6197,4.3369,0.0,0,12.8591,2.1174,74.147,0.0,True,25.5,8780,5.0378,2.73
google,1500,10,linear,True,False,10.0,0.4,0.3,0.3,0,0,NI,4,HHO,random,3,0.3333333333333333,E26,16.49,95.45,39,2.659245,86.7644,5.3713,0.0,0,12.8091,2.1297,78.208,0.0,True,26.5,8894,5.0244,2.95
google,1500,10,linear,True,False,10.0,0.4,0.3,0.3,0,0,NI,4,HHO,random,4,0.3333333333333333,E26,16.49,95.45,39,2.663949,86.741,5.2039,0.0,0,12.8091,2.1212,79.335,0.0,True,26.0,9094,5.1015,2.62
google,1500,10,linear,True,False,10.0,0.4,0.3,0.3,0,0,NI,4,HHO,random,5,0.3333333333333333,E26,16.49,95.45,39,2.662111,86.7501,5.2693,0.0,0,12.7591,2.0954,80.722,0.0,True,25.5,8986,5.0269,2.56
google,1500,10,linear,True,False,10.0,0.4,0.3,0.3,0,0,NI,4,HHO,random,6,0.3333333333333333,E26,16.49,95.45,39,2.669594,86.7129,5.003,0.0,0,12.8591,2.1212,75.672,0.0,True,25.0,8968,5.0211,2.94
google,1500,10,linear,True,False,10.0,0.4,0.3,0.3,0,0,NI,4,HHO,random,7,0.3333333333333333,E26,16.49,95.45,39,2.663939,86.741,5.2042,0.0,0,12.9091,2.1692,78.344,0.0,True,27.0,8946,5.0147,2.68
google,1500,10,linear,True,False,10.0,0.4,0.3,0.3,0,0,NI,4,HHO,random,8,0.3333333333333333,E26,16.49,95.45,39,2.697669,86.5731,4.004,0.0,0,12.9091,2.1392,77.921,0.0,True,25.5,8872,5.0413,2.41
google,1500,10,linear,True,False,10.0,0.4,0.3,0.3,0,0,NI,4,HHO,random,9,0.3333333333333333,E26,16.49,95.45,39,2.697175,86.5756,4.0216,0.0,0,12.9591,2.1557,75.041,0.0,True,26.0,8790,4.9576,2.57
google,1500,10,linear,True,False,10.0,0.4,0.3,0.3,0,0,NI,4,HHO,random,10,0.3333333333333333,E26,16.49,95.45,39,2.685952,86.6314,4.4209,0.0,0,12.9591,2.1421,79.162,0.0,True,25.0,8942,5.0115,2.51
google,1500,10,linear,True,False,10.0,0.4,0.3,0.3,0,0,NI,4,GA,random,1,0.3333333333333333,E26,16.49,95.45,39,2.606754,87.0256,7.2392,0.0,0,12.5591,2.083,86.021,0.0,True,25.0,4840,5.7375,3.57
google,1500,20,linear,True,False,10.0,0.4,0.3,0.3,0,0,NI,4,WOA,random,1,0.3333333333333333,E26,16.49,95.45,39,2.670641,86.7077,4.9658,0.0,0,12.8591,2.1385,81.366,0.0,True,25.5,4840,3.5452,2.68
google,1500,20,linear,True,False,10.0,0.4,0.3,0.3,0,0,NI,4,WOA,random,2,0.3333333333333333,E26,16.49,95.45,39,2.707481,86.5243,3.6548,0.0,0,12.9091,2.1145,80.289,0.0,True,25.5,4840,3.5842,2.5
google,1500,20,linear,True,False,10.0,0.4,0.3,0.3,0,0,NI,4,WOA,random,3,0.3333333333333333,E26,16.49,95.45,39,2.699613,86.5634,3.9348,0.0,0,12.9591,2.1398,78.478,0.0,True,26.0,4840,3.5745,2.49
google,1500,20,linear,True,False,10.0,0.4,0.3,0.3,0,0,NI,4,WOA,random,4,0.3333333333333333,E26,16.49,95.45,39,2.678843,86.6668,4.6739,0.0,0,12.8591,2.1054,75.853,0.0,True,24.5,4840,3.5886,2.46
google,1500,20,linear,True,False,10.0,0.4,0.3,0.3,0,0,NI,4,WOA,random,5,0.3333333333333333,E26,16.49,95.45,39,2.695104,86.5859,4.0952,0.0,0,13.0091,2.1398,76.906,0.0,True,27.0,4840,3.5783,2.45
google,1500,20,linear,True,False,10.0,0.4,0.3,0.3,0,0,NI,4,WOA,random,6,0.3333333333333333,E26,16.49,95.45,39,2.713114,86.4963,3.4544,0.0,0,13.0091,2.1508,71.382,0.0,True,25.0,4840,3.5721,2.57
google,1500,20,linear,True,False,10.0,0.4,0.3,0.3,0,0,NI,4,WOA,random,7,0.3333333333333333,E26,16.49,95.45,39,2.690043,86.6111,4.2754,0.0,0,12.9591,2.1494,76.806,0.0,True,26.5,4840,3.5793,2.58
google,1500,20,linear,True,False,10.0,0.4,0.3,0.3,0,0,NI,4,WOA,random,8,0.3333333333333333,E26,16.49,95.45,39,2.680698,86.6576,4.6079,0.0,0,12.8591,2.1227,77.899,0.0,True,25.0,4840,3.5412,2.61
google,1500,20,linear,True,False,10.0,0.4,0.3,0.3,0,0,NI,4,PSO,random,5,0.3333333333333333,E26,16.49,95.45,39,2.702198,86.5506,3.8428,0.0,0,13.0091,2.1649,78.168,0.0,True,26.0,4840,3.492,4.17
google,1500,20,linear,True,False,10.0,0.4,0.3,0.3,0,0,NI,4,PSO,random,6,0.3333333333333333,E26,16.49,95.45,39,2.702841,86.5474,3.8199,0.0,0,13.0591,2.1685,76.753,0.0,True,26.5,4840,3.4551,4.01
google,1500,20,linear,True,False,10.0,0.4,0.3,0.3,0,0,NI,4,PSO,random,7,0.3333333333333333,E26,16.49,95.45,39,2.699578,86.5636,3.9361,0.0,0,13.0091,2.1409,79.883,0.0,True,26.5,4840,3.4415,4.15
google,1500,20,linear,True,False,10.0,0.4,0.3,0.3,0,0,NI,4,PSO,random,8,0.3333333333333333,E26,16.49,95.45,39,2.690877,86.6069,4.2457,0.0,0,13.0091,2.1604,75.516,0.0,True,27.0,4840,3.435,4.18
google,1500,20,linear,True,False,10.0,0.4,0.3,0.3,0,0,NI,4,PSO,random,9,0.3333333333333333,E26,16.49,95.45,39,2.687813,86.6222,4.3547,0.0,0,12.9091,2.1362,79.412,0.0,True,27.0,4840,3.4302,4.18
google,1500,20,linear,True,False,10.0,0.4,0.3,0.3,0,0,NI,4,PSO,random,10,0.3333333333333333,E26,16.49,95.45,39,2.696682,86.578,4.0391,0.0,0,13.0091,2.1529,77.057,0.0,True,26.0,4840,3.4269,4.09
google,1500,20,linear,True,False,10.0,0.4,0.3,0.3,0,0,NI,4,DE,random,1,0.3333333333333333,E26,16.49,95.45,39,2.630249,86.9087,6.4031,0.0,0,12.6591,2.0901,83.438,0.0,True,25.5,4840,3.3136,2.71
google,1500,20,linear,True,False,10.0,0.4,0.3,0.3,0,0,NI,4,DE,random,2,0.3333333333333333,E26,16.49,95.45,39,2.655011,86.7854,5.522,0.0,0,12.8091,2.1207,82.303,0.0,True,25.0,4840,3.3065,2.66
google,1500,10,linear,True,False,10.0,0.4,0.3,0.3,0,0,NI,4,GA,random,2,0.3333333333333333,E26,16.49,95.45,39,2.619735,86.961,6.7772,0.0,0,12.6091,2.0762,85.211,0.0,True,25.5,4840,5.7848,3.71
google,1500,10,linear,True,False,10.0,0.4,0.3,0.3,0,0,NI,4,GA,random,3,0.3333333333333333,E26,16.49,95.45,39,2.607205,87.0234,7.2231,0.0,0,12.6091,2.1036,84.727,0.0,True,25.5,4840,5.7776,3.8
google,1500,10,linear,True,False,10.0,0.4,0.3,0.3,0,0,NI,4,GA,random,4,0.3333333333333333,E26,16.49,95.45,39,2.616558,86.9768,6.8903,0.0,0,12.6591,2.1072,84.372,0.0,True,25.0,4840,5.7698,3.84
google,1500,10,linear,True,False,10.0,0.4,0.3,0.3,0,0,NI,4,GA,random,5,0.3333333333333333,E26,16.49,95.45,39,2.619916,86.9601,6.7708,0.0,0,12.7591,2.1405,81.603,0.0,True,25.5,4840,5.8479,3.79
google,1500,10,linear,True,False,10.0,0.4,0.3,0.3,0,0,NI,4,GA,random,6,0.3333333333333333,E26,16.49,95.45,39,2.639815,86.8611,6.0627,0.0,0,12.7091,2.0918,81.94,0.0,True,26.5,4840,5.7903,3.55
google,1500,10,linear,True,False,10.0,0.4,0.3,0.3,0,0,NI,4,GA,random,7,0.3333333333333333,E26,16.49,95.45,39,2.634288,86.8886,6.2594,0.0,0,12.6591,2.0916,82.67,0.0,True,27.5,4840,5.777,3.68
google,1500,10,linear,True,False,10.0,0.4,0.3,0.3,0,0,NI,4,GA,random,8,0.3333333333333333,E26,16.49,95.45,39,2.633337,86.8933,6.2932,0.0,0,12.6591,2.098,83.33,0.0,True,26.0,4840,5.792,3.69
google,1500,10,linear,True,False,10.0,0.4,0.3,0.3,0,0,NI,4,GA,random,9,0.3333333333333333,E26,16.49,95.45,39,2.610927,87.0049,7.0907,0.0,0,12.6091,2.0786,83.651,0.0,True,25.5,4840,5.7548,3.8
google,1500,20,linear,True,False,10.0,0.4,0.3,0.3,0,0,NI,4,GWO,random,7,0.3333333333333333,E26,16.49,95.45,39,2.679187,86.6651,4.6617,0.0,0,12.9591,2.1527,79.233,0.0,True,25.5,4840,3.9038,2.48
google,1500,20,linear,True,False,10.0,0.4,0.3,0.3,0,0,NI,4,GWO,random,8,0.3333333333333333,E26,16.49,95.45,39,2.673272,86.6946,4.8721,0.0,0,12.8591,2.1486,79.938,0.0,True,25.5,4840,3.9045,2.5
google,1500,20,linear,True,False,10.0,0.4,0.3,0.3,0,0,NI,4,GWO,random,9,0.3333333333333333,E26,16.49,95.45,39,2.667716,86.7222,5.0698,0.0,0,12.8091,2.1104,79.895,0.0,True,26.0,4840,3.874,2.56
google,1500,20,linear,True,False,10.0,0.4,0.3,0.3,0,0,NI,4,GWO,random,10,0.3333333333333333,E26,16.49,95.45,39,2.664905,86.7362,5.1699,0.0,0,12.8591,2.154,80.15,0.0,True,25.5,4840,3.8603,2.55
google,1500,20,linear,True,False,10.0,0.4,0.3,0.3,0,0,NI,4,PSO,random,1,0.3333333333333333,E26,16.49,95.45,39,2.702305,86.55,3.839,0.0,0,13.0091,2.1535,78.031,0.0,True,26.0,4840,3.4412,4.18
google,1500,20,linear,True,False,10.0,0.4,0.3,0.3,0,0,NI,4,PSO,random,2,0.3333333333333333,E26,16.49,95.45,39,2.716086,86.4815,3.3486,0.0,0,13.0591,2.1771,76.768,0.0,True,27.0,4840,3.4311,4.09
google,1500,20,linear,True,False,10.0,0.4,0.3,0.3,0,0,NI,4,PSO,random,3,0.3333333333333333,E26,16.49,95.45,39,2.702478,86.5492,3.8328,0.0,0,13.0091,2.1719,77.435,0.0,True,26.5,4840,3.4268,4.31
google,1500,20,linear,True,False,10.0,0.4,0.3,0.3,0,0,NI,4,PSO,random,4,0.3333333333333333,E26,16.49,95.45,39,2.701273,86.5552,3.8757,0.0,0,13.0091,2.1426,77.58,0.0,True,26.0,4840,3.4283,4.14
google,1500,20,linear,True,False,10.0,0.4,0.3,0.3,0,0,NI,4,WOA,random,9,0.3333333333333333,E26,16.49,95.45,39,2.6871,86.6257,4.3801,0.0,0,12.8591,2.1379,79.201,0.0,True,26.5,4840,3.3568,2.62
google,1500,20,linear,True,False,10.0,0.4,0.3,0.3,0,0,NI,4,WOA,random,10,0.3333333333333333,E26,16.49,95.45,39,2.699509,86.564,3.9385,0.0,0,12.9591,2.1396,75.621,0.0,True,27.5,4840,3.3934,2.54
google,1500,20,linear,True,False,10.0,0.4,0.3,0.3,0,0,NI,4,GWO,random,1,0.3333333333333333,E26,16.49,95.45,39,2.698651,86.5682,3.969,0.0,0,13.0091,2.1381,77.699,0.0,True,27.5,4840,3.844,2.39
google,1500,20,linear,True,False,10.0,0.4,0.3,0.3,0,0,NI,4,GWO,random,2,0.3333333333333333,E26,16.49,95.45,39,2.641098,86.8547,6.017,0.0,0,12.7091,2.0999,83.314,0.0,True,25.5,4840,3.8476,2.81
google,1500,20,linear,True,False,10.0,0.4,0.3,0.3,0,0,NI,4,GWO,random,3,0.3333333333333333,E26,16.49,95.45,39,2.684717,86.6376,4.4649,0.0,0,12.9091,2.1357,80.455,0.0,True,25.5,4840,3.8358,2.4
google,1500,20,linear,True,False,10.0,0.4,0.3,0.3,0,0,NI,4,GWO,random,4,0.3333333333333333,E26,16.49,95.45,39,2.686222,86.6301,4.4113,0.0,0,12.9091,2.1283,79.333,0.0,True,25.5,4840,3.8343,2.46
google,1500,20,linear,True,False,10.0,0.4,0.3,0.3,0,0,NI,4,GWO,random,5,0.3333333333333333,E26,16.49,95.45,39,2.669989,86.7109,4.989,0.0,0,12.9091,2.1385,78.804,0.0,True,25.5,4840,3.8284,2.46
google,1500,20,linear,True,False,10.0,0.4,0.3,0.3,0,0,NI,4,GWO,random,6,0.3333333333333333,E26,16.49,95.45,39,2.662144,86.7499,5.2681,0.0,0,12.8591,2.1282,81.777,0.0,True,25.0,4840,3.8389,2.5
google,1500,10,linear,True,False,10.0,0.4,0.3,0.3,0,0,NI,5,Greedy(EDF+greenest),-,0,0.3333333333333333,E26,16.49,95.45,39,2.640395,87.9023,13.0865,0.0,0,12.9591,2.2365,55.848,16.3606,False,24.5,0,0.0002,0.0
google,1500,10,linear,True,False,10.0,0.4,0.3,0.3,0,0,NI,5,VCC(Google),-,0,0.3333333333333333,E26,16.49,95.45,39,3.062883,85.9665,-0.8204,0.0,0,13.2091,2.1525,63.879,0.0,True,24.5,0,0.0057,0.0
google,1500,10,linear,True,False,10.0,0.4,0.3,0.3,0,0,NI,5,Threshold(WaitAwhile),-,0,0.3333333333333333,E26,16.49,95.45,39,2.661122,87.8073,12.4043,0.0,0,13.0091,2.2515,55.114,15.7321,False,24.5,0,0.0227,0.0
google,1500,10,linear,True,False,10.0,0.4,0.3,0.3,0,0,NI,5,WOA,random,1,0.3333333333333333,E26,16.49,95.45,39,2.95089,86.4797,2.866,0.0,0,12.9091,2.1323,75.948,0.0,True,25.5,4840,3.3526,2.51
google,1500,10,linear,True,False,10.0,0.4,0.3,0.3,0,0,NI,5,WOA,random,2,0.3333333333333333,E26,16.49,95.45,39,2.938715,86.5355,3.2668,0.0,0,12.8091,2.1109,77.251,0.0,True,26.0,4840,3.3383,2.56
google,1500,10,linear,True,False,10.0,0.4,0.3,0.3,0,0,NI,5,WOA,random,3,0.3333333333333333,E26,16.49,95.45,39,2.95417,86.4646,2.7581,0.0,0,12.9591,2.1398,78.302,0.0,True,26.0,4840,3.3191,2.61
google,1500,10,linear,True,False,10.0,0.4,0.3,0.3,0,0,NI,5,WOA,random,4,0.3333333333333333,E26,16.49,95.45,39,2.943771,86.5123,3.1004,0.0,0,12.9591,2.1516,75.543,0.0,True,26.5,4840,3.3194,2.87
google,1500,10,linear,True,False,10.0,0.4,0.3,0.3,0,0,NI,5,WOA,random,5,0.3333333333333333,E26,16.49,95.45,39,2.948332,86.4914,2.9502,0.0,0,12.8591,2.1259,77.094,0.0,True,25.5,4840,3.337,2.51
google,1500,20,linear,True,False,10.0,0.4,0.3,0.3,0,0,NI,4,DE,random,3,0.3333333333333333,E26,16.49,95.45,39,2.632466,86.8977,6.3242,0.0,0,12.7091,2.1113,83.147,0.0,True,25.5,4840,3.6397,2.72
google,1500,20,linear,True,False,10.0,0.4,0.3,0.3,0,0,NI,4,DE,random,4,0.3333333333333333,E26,16.49,95.45,39,2.653395,86.7935,5.5795,0.0,0,12.7591,2.0989,82.899,0.0,True,25.5,4840,3.5778,2.59
google,1500,20,linear,True,False,10.0,0.4,0.3,0.3,0,0,NI,4,DE,random,5,0.3333333333333333,E26,16.49,95.45,39,2.635138,86.8844,6.2291,0.0,0,12.7091,2.077,83.996,0.0,True,25.0,4840,3.5846,2.7
google,1500,20,linear,True,False,10.0,0.4,0.3,0.3,0,0,NI,4,DE,random,6,0.3333333333333333,E26,16.49,95.45,39,2.648835,86.8162,5.7417,0.0,0,12.7091,2.0856,82.797,0.0,True,25.5,4840,3.5737,2.64
google,1500,20,linear,True,False,10.0,0.4,0.3,0.3,0,0,NI,4,DE,random,7,0.3333333333333333,E26,16.49,95.45,39,2.644262,86.8389,5.9044,0.0,0,12.7091,2.1169,82.148,0.0,True,26.5,4840,3.5762,2.71
google,1500,20,linear,True,False,10.0,0.4,0.3,0.3,0,0,NI,4,DE,random,8,0.3333333333333333,E26,16.49,95.45,39,2.618404,86.9676,6.8246,0.0,0,12.6091,2.0832,84.508,0.0,True,25.5,4840,3.5696,3.05
google,1500,20,linear,True,False,10.0,0.4,0.3,0.3,0,0,NI,4,DE,random,9,0.3333333333333333,E26,16.49,95.45,39,2.640871,86.8558,6.0251,0.0,0,12.7591,2.1091,82.367,0.0,True,26.0,4840,3.5715,2.73
google,1500,20,linear,True,False,10.0,0.4,0.3,0.3,0,0,NI,4,DE,random,10,0.3333333333333333,E26,16.49,95.45,39,2.626083,86.9294,6.5513,0.0,0,12.6091,2.0631,84.981,0.0,True,25.5,4840,3.5806,2.71
google,1500,20,linear,True,False,10.0,0.4,0.3,0.3,0,0,NI,4,WOA,carbon,5,0.3333333333333333,E26,16.49,95.45,39,2.408544,88.0122,14.2924,0.0,0,12.8091,2.2215,58.161,0.0,True,25.0,4840,3.3505,2.43
google,1500,20,linear,True,False,10.0,0.4,0.3,0.3,0,0,NI,4,WOA,carbon,6,0.3333333333333333,E26,16.49,95.45,39,2.412384,87.9931,14.1558,0.0,0,12.8091,2.214,58.945,0.0,True,24.5,4840,3.328,2.21
google,1500,20,linear,True,False,10.0,0.4,0.3,0.3,0,0,NI,4,WOA,carbon,7,0.3333333333333333,E26,16.49,95.45,39,2.412337,87.9933,14.1575,0.0,0,12.8091,2.214,58.155,0.0,True,24.5,4840,3.3254,2.39
google,1500,20,linear,True,False,10.0,0.4,0.3,0.3,0,0,NI,4,WOA,carbon,8,0.3333333333333333,E26,16.49,95.45,39,2.412346,87.9932,14.1571,0.0,0,12.8091,2.214,58.31,0.0,True,24.5,4840,3.3018,2.4
google,1500,20,linear,True,False,10.0,0.4,0.3,0.3,0,0,NI,4,WOA,carbon,9,0.3333333333333333,E26,16.49,95.45,39,2.412327,87.9933,14.1578,0.0,0,12.8091,2.214,58.0,0.0,True,24.5,4840,3.3325,2.41
google,1500,20,linear,True,False,10.0,0.4,0.3,0.3,0,0,NI,4,WOA,carbon,10,0.3333333333333333,E26,16.49,95.45,39,2.412327,87.9933,14.1578,0.0,0,12.8091,2.214,57.999,0.0,True,24.5,4840,3.3289,2.41
google,1500,10,linear,True,False,10.0,0.4,0.3,0.3,0,0,NI,5,FIFO,-,0,0.3333333333333333,E26,16.49,95.45,39,21.825584,0.0,-618.4293,0.0,0,95.9591,15.66,5.308,8.9738,False,24.5,0,0.0,0.0
google,1500,10,linear,True,False,10.0,0.4,0.3,0.3,0,0,NI,5,Consolidation,-,0,0.3333333333333333,E26,16.49,95.45,39,3.037959,86.0807,0.0,0.0,0,13.3091,2.1675,55.842,8.9738,False,24.5,0,0.0,0.0
google,1500,10,linear,True,False,10.0,0.4,0.3,0.3,0,0,NI,5,WOA,carbon,10,0.3333333333333333,E26,16.49,95.45,39,2.684461,87.7004,11.636,0.0,0,12.8091,2.1934,67.134,0.0,True,25.0,4840,3.3287,2.78
google,1500,20,linear,True,False,10.0,0.4,0.3,0.3,0,0,NI,5,FIFO,-,0,0.3333333333333333,E26,16.49,95.45,39,21.825584,0.0,-618.4293,0.0,0,95.9591,15.66,5.308,0.0,True,24.5,0,0.0,0.0
google,1500,20,linear,True,False,10.0,0.4,0.3,0.3,0,0,NI,5,Consolidation,-,0,0.3333333333333333,E26,16.49,95.45,39,3.037959,86.0807,0.0,0.0,0,13.3091,2.1675,55.842,0.0,True,24.5,0,0.0,0.0
google,1500,20,linear,True,False,10.0,0.4,0.3,0.3,0,0,NI,5,Greedy(EDF+greenest),-,0,0.3333333333333333,E26,16.49,95.45,39,2.640395,87.9023,13.0865,0.0,0,12.9591,2.2365,55.848,0.0,True,24.5,0,0.0002,0.0
google,1500,20,linear,True,False,10.0,0.4,0.3,0.3,0,0,NI,5,VCC(Google),-,0,0.3333333333333333,E26,16.49,95.45,39,3.044633,86.0502,-0.2197,0.0,0,13.2591,2.16,57.967,0.0,True,24.5,0,0.005,0.0
google,1500,20,linear,True,False,10.0,0.4,0.3,0.3,0,0,NI,5,Threshold(WaitAwhile),-,0,0.3333333333333333,E26,16.49,95.45,39,2.661122,87.8073,12.4043,0.0,0,13.0091,2.2515,55.114,0.0,True,24.5,0,0.0225,0.0
google,1500,20,linear,True,False,10.0,0.4,0.3,0.3,0,0,NI,5,WOA,random,1,0.3333333333333333,E26,16.49,95.45,39,2.936449,86.5458,3.3414,0.0,0,12.9091,2.1257,71.214,0.0,True,24.5,4840,3.3681,2.45
google,1500,20,linear,True,False,10.0,0.4,0.3,0.3,0,0,NI,5,WOA,random,2,0.3333333333333333,E26,16.49,95.45,39,2.959646,86.4396,2.5778,0.0,0,13.0591,2.1634,71.997,0.0,True,26.5,4840,3.3422,2.51
google,1500,20,linear,True,False,10.0,0.4,0.3,0.3,0,0,NI,4,GA,random,7,0.3333333333333333,E26,16.49,95.45,39,2.634288,86.8886,6.2594,0.0,0,12.6591,2.0916,82.67,0.0,True,27.5,4840,5.8714,3.68
google,1500,20,linear,True,False,10.0,0.4,0.3,0.3,0,0,NI,4,GA,random,8,0.3333333333333333,E26,16.49,95.45,39,2.633337,86.8933,6.2932,0.0,0,12.6591,2.098,83.33,0.0,True,26.0,4840,5.8293,3.69
google,1500,20,linear,True,False,10.0,0.4,0.3,0.3,0,0,NI,4,GA,random,9,0.3333333333333333,E26,16.49,95.45,39,2.610927,87.0049,7.0907,0.0,0,12.6091,2.0786,83.651,0.0,True,25.5,4840,5.8023,3.8
google,1500,20,linear,True,False,10.0,0.4,0.3,0.3,0,0,NI,4,GA,random,10,0.3333333333333333,E26,16.49,95.45,39,2.618548,86.9669,6.8195,0.0,0,12.6091,2.091,83.778,0.0,True,25.5,4840,5.8177,3.72
google,1500,20,linear,True,False,10.0,0.4,0.3,0.3,0,0,NI,4,WOA,carbon,1,0.3333333333333333,E26,16.49,95.45,39,2.412327,87.9933,14.1578,0.0,0,12.8091,2.214,58.0,0.0,True,24.5,4840,3.3539,2.29
google,1500,20,linear,True,False,10.0,0.4,0.3,0.3,0,0,NI,4,WOA,carbon,2,0.3333333333333333,E26,16.49,95.45,39,2.41394,87.9853,14.1004,0.0,0,12.8091,2.214,59.977,0.0,True,24.5,4840,3.3454,2.31
google,1500,20,linear,True,False,10.0,0.4,0.3,0.3,0,0,NI,4,WOA,carbon,3,0.3333333333333333,E26,16.49,95.45,39,2.412327,87.9933,14.1578,0.0,0,12.8091,2.214,58.0,0.0,True,24.5,4840,3.3596,2.41
google,1500,20,linear,True,False,10.0,0.4,0.3,0.3,0,0,NI,4,WOA,carbon,4,0.3333333333333333,E26,16.49,95.45,39,2.398416,88.0626,14.6528,0.0,0,12.7591,2.2059,58.949,0.0,True,24.5,4840,3.3678,2.41
google,1500,20,linear,True,False,10.0,0.4,0.3,0.3,0,0,NI,4,HHO,random,1,0.3333333333333333,E26,16.49,95.45,39,2.681789,86.6522,4.569,0.0,0,12.9091,2.121,75.543,0.0,True,25.0,8910,5.1236,2.74
google,1500,20,linear,True,False,10.0,0.4,0.3,0.3,0,0,NI,4,HHO,random,2,0.3333333333333333,E26,16.49,95.45,39,2.708535,86.519,3.6173,0.0,0,13.0091,2.1331,69.269,0.0,True,25.0,8780,5.0239,2.66
google,1500,20,linear,True,False,10.0,0.4,0.3,0.3,0,0,NI,4,HHO,random,3,0.3333333333333333,E26,16.49,95.45,39,2.682409,86.6491,4.547,0.0,0,12.8591,2.1174,73.632,0.0,True,24.5,8894,5.0463,2.52
google,1500,20,linear,True,False,10.0,0.4,0.3,0.3,0,0,NI,4,HHO,random,4,0.3333333333333333,E26,16.49,95.45,39,2.673062,86.6956,4.8796,0.0,0,12.7591,2.0933,78.644,0.0,True,24.5,9094,5.143,2.59
google,1500,20,linear,True,False,10.0,0.4,0.3,0.3,0,0,NI,4,HHO,random,5,0.3333333333333333,E26,16.49,95.45,39,2.661233,86.7545,5.3005,0.0,0,12.8591,2.1321,76.517,0.0,True,25.5,8986,5.0904,2.65
google,1500,20,linear,True,False,10.0,0.4,0.3,0.3,0,0,NI,4,HHO,random,6,0.3333333333333333,E26,16.49,95.45,39,2.668301,86.7193,5.049,0.0,0,12.8091,2.1126,75.418,0.0,True,25.0,8968,5.0955,2.49
google,1500,20,linear,True,False,10.0,0.4,0.3,0.3,0,0,NI,4,HHO,random,7,0.3333333333333333,E26,16.49,95.45,39,2.669282,86.7144,5.0141,0.0,0,12.8591,2.152,76.435,0.0,True,25.5,8946,5.0891,2.65
google,1500,20,linear,True,False,10.0,0.4,0.3,0.3,0,0,NI,4,HHO,random,8,0.3333333333333333,E26,16.49,95.45,39,2.685567,86.6334,4.4346,0.0,0,12.8591,2.1338,79.477,0.0,True,26.5,8872,5.0617,2.65
google,1500,10,linear,True,False,10.0,0.4,0.3,0.3,0,0,NI,5,WOA,random,6,0.3333333333333333,E26,16.49,95.45,39,2.944404,86.5094,3.0795,0.0,0,12.9091,2.1386,79.125,0.0,True,26.5,4840,3.3084,2.51
google,1500,10,linear,True,False,10.0,0.4,0.3,0.3,0,0,NI,5,WOA,random,7,0.3333333333333333,E26,16.49,95.45,39,2.936219,86.5469,3.3489,0.0,0,12.8591,2.1066,77.447,0.0,True,25.5,4840,3.3219,2.7
google,1500,10,linear,True,False,10.0,0.4,0.3,0.3,0,0,NI,5,WOA,random,8,0.3333333333333333,E26,16.49,95.45,39,2.926427,86.5918,3.6713,0.0,0,12.8091,2.1107,77.718,0.0,True,25.0,4840,3.313,2.46
google,1500,10,linear,True,False,10.0,0.4,0.3,0.3,0,0,NI,5,WOA,random,9,0.3333333333333333,E26,16.49,95.45,39,2.921582,86.614,3.8308,0.0,0,12.8091,2.131,80.288,0.0,True,26.5,4840,3.3434,2.57
google,1500,10,linear,True,False,10.0,0.4,0.3,0.3,0,0,NI,5,WOA,random,10,0.3333333333333333,E26,16.49,95.45,39,2.924348,86.6013,3.7397,0.0,0,12.8591,2.1396,78.618,0.0,True,26.0,4840,3.3511,2.51
google,1500,10,linear,True,False,10.0,0.4,0.3,0.3,0,0,NI,5,GWO,random,1,0.3333333333333333,E26,16.49,95.45,39,2.933922,86.5574,3.4246,0.0,0,12.9591,2.1649,78.542,0.0,True,25.5,4840,3.8352,2.47
google,1500,10,linear,True,False,10.0,0.4,0.3,0.3,0,0,NI,5,GWO,random,2,0.3333333333333333,E26,16.49,95.45,39,2.908757,86.6727,4.2529,0.0,0,12.7591,2.1094,82.11,0.0,True,25.5,4840,3.8546,2.56
google,1500,10,linear,True,False,10.0,0.4,0.3,0.3,0,0,NI,5,GWO,random,3,0.3333333333333333,E26,16.49,95.45,39,2.923976,86.603,3.752,0.0,0,12.8591,2.1276,79.475,0.0,True,25.5,4840,3.9234,2.53
google,1500,20,linear,True,False,10.0,0.4,0.3,0.3,0,0,NI,4,HHO,random,9,0.3333333333333333,E26,16.49,95.45,39,2.682053,86.6508,4.5596,0.0,0,12.8091,2.1109,77.396,0.0,True,26.0,8790,5.3179,2.78
google,1500,20,linear,True,False,10.0,0.4,0.3,0.3,0,0,NI,4,HHO,random,10,0.3333333333333333,E26,16.49,95.45,39,2.68544,86.634,4.4392,0.0,0,12.9591,2.1415,78.986,0.0,True,25.0,8942,5.3127,2.39
google,1500,20,linear,True,False,10.0,0.4,0.3,0.3,0,0,NI,4,GA,random,1,0.3333333333333333,E26,16.49,95.45,39,2.606754,87.0256,7.2392,0.0,0,12.5591,2.083,86.021,0.0,True,25.0,4840,6.1707,3.57
google,1500,20,linear,True,False,10.0,0.4,0.3,0.3,0,0,NI,4,GA,random,2,0.3333333333333333,E26,16.49,95.45,39,2.619735,86.961,6.7772,0.0,0,12.6091,2.0762,85.211,0.0,True,25.5,4840,6.1859,3.71
google,1500,20,linear,True,False,10.0,0.4,0.3,0.3,0,0,NI,4,GA,random,3,0.3333333333333333,E26,16.49,95.45,39,2.607205,87.0234,7.2231,0.0,0,12.6091,2.1036,84.727,0.0,True,25.5,4840,6.1969,3.8
google,1500,20,linear,True,False,10.0,0.4,0.3,0.3,0,0,NI,4,GA,random,4,0.3333333333333333,E26,16.49,95.45,39,2.616558,86.9768,6.8903,0.0,0,12.6591,2.1072,84.372,0.0,True,25.0,4840,6.1861,3.84
google,1500,20,linear,True,False,10.0,0.4,0.3,0.3,0,0,NI,4,GA,random,5,0.3333333333333333,E26,16.49,95.45,39,2.619916,86.9601,6.7708,0.0,0,12.7591,2.1405,81.603,0.0,True,25.5,4840,6.2152,3.79
google,1500,20,linear,True,False,10.0,0.4,0.3,0.3,0,0,NI,4,GA,random,6,0.3333333333333333,E26,16.49,95.45,39,2.639815,86.8611,6.0627,0.0,0,12.7091,2.0918,81.94,0.0,True,26.5,4840,6.3199,3.55
google,1500,10,linear,True,False,10.0,0.4,0.3,0.3,0,0,NI,5,GWO,random,4,0.3333333333333333,E26,16.49,95.45,39,2.952338,86.473,2.8183,0.0,0,12.9591,2.1433,78.908,0.0,True,26.5,4840,4.059,2.33
google,1500,10,linear,True,False,10.0,0.4,0.3,0.3,0,0,NI,5,GWO,random,5,0.3333333333333333,E26,16.49,95.45,39,2.924523,86.6005,3.7339,0.0,0,12.8591,2.1212,81.629,0.0,True,25.5,4840,4.065,2.39
google,1500,10,linear,True,False,10.0,0.4,0.3,0.3,0,0,NI,5,GWO,random,6,0.3333333333333333,E26,16.49,95.45,39,2.935317,86.551,3.3786,0.0,0,12.9091,2.1426,79.18,0.0,True,26.0,4840,4.0456,2.35
google,1500,10,linear,True,False,10.0,0.4,0.3,0.3,0,0,NI,5,GWO,random,7,0.3333333333333333,E26,16.49,95.45,39,2.910691,86.6639,4.1892,0.0,0,12.8091,2.1167,82.934,0.0,True,25.0,4840,4.0667,2.5
google,1500,10,linear,True,False,10.0,0.4,0.3,0.3,0,0,NI,5,GWO,random,8,0.3333333333333333,E26,16.49,95.45,39,2.929895,86.5759,3.5571,0.0,0,12.9091,2.1379,79.623,0.0,True,25.5,4840,4.0569,2.55
google,1500,10,linear,True,False,10.0,0.4,0.3,0.3,0,0,NI,5,GWO,random,9,0.3333333333333333,E26,16.49,95.45,39,2.939886,86.5301,3.2282,0.0,0,12.9591,2.1638,78.543,0.0,True,25.5,4840,4.0881,2.48
google,1500,10,linear,True,False,10.0,0.4,0.3,0.3,0,0,NI,5,GWO,random,10,0.3333333333333333,E26,16.49,95.45,39,2.901773,86.7047,4.4828,0.0,0,12.7591,2.1091,81.663,0.0,True,25.5,4840,4.1688,2.57
google,1500,10,linear,True,False,10.0,0.4,0.3,0.3,0,0,NI,5,PSO,random,1,0.3333333333333333,E26,16.49,95.45,39,2.89474,86.7369,4.7143,0.0,0,12.7591,2.1199,82.058,0.0,True,25.5,4840,3.6812,4.37
google,1500,10,linear,True,False,10.0,0.4,0.3,0.3,0,0,NI,5,PSO,random,10,0.3333333333333333,E26,16.49,95.45,39,2.931962,86.5664,3.4891,0.0,0,12.9091,2.1437,80.064,0.0,True,26.0,4840,3.4335,4.17
google,1500,10,linear,True,False,10.0,0.4,0.3,0.3,0,0,NI,5,DE,random,1,0.3333333333333333,E26,16.49,95.45,39,2.903386,86.6973,4.4297,0.0,0,12.8591,2.1407,80.453,0.0,True,27.0,4840,3.323,2.44
google,1500,10,linear,True,False,10.0,0.4,0.3,0.3,0,0,NI,5,DE,random,2,0.3333333333333333,E26,16.49,95.45,39,2.867479,86.8618,5.6117,0.0,0,12.6591,2.1044,83.013,0.0,True,26.5,4840,3.3188,2.78
google,1500,10,linear,True,False,10.0,0.4,0.3,0.3,0,0,NI,5,DE,random,3,0.3333333333333333,E26,16.49,95.45,39,2.871458,86.8436,5.4807,0.0,0,12.6091,2.0912,84.837,0.0,True,25.5,4840,3.3799,2.67
google,1500,10,linear,True,False,10.0,0.4,0.3,0.3,0,0,NI,5,DE,random,4,0.3333333333333333,E26,16.49,95.45,39,2.872315,86.8397,5.4525,0.0,0,12.6591,2.0985,84.576,0.0,True,25.5,4840,3.3374,2.67
google,1500,10,linear,True,False,10.0,0.4,0.3,0.3,0,0,NI,5,DE,random,5,0.3333333333333333,E26,16.49,95.45,39,2.883603,86.788,5.0809,0.0,0,12.7091,2.101,80.564,0.0,True,27.0,4840,3.3895,2.89
google,1500,10,linear,True,False,10.0,0.4,0.3,0.3,0,0,NI,5,DE,random,6,0.3333333333333333,E26,16.49,95.45,39,2.912168,86.6571,4.1406,0.0,0,12.8091,2.1104,80.045,0.0,True,26.0,4840,3.4101,2.65
google,1500,10,linear,True,False,10.0,0.4,0.3,0.3,0,0,NI,5,DE,random,7,0.3333333333333333,E26,16.49,95.45,39,2.903751,86.6957,4.4177,0.0,0,12.8091,2.1269,80.955,0.0,True,26.5,4840,3.4041,2.59
google,1500,10,linear,True,False,10.0,0.4,0.3,0.3,0,0,NI,5,PSO,random,2,0.3333333333333333,E26,16.49,95.45,39,2.946192,86.5012,3.0206,0.0,0,12.9591,2.1535,77.824,0.0,True,26.0,4840,3.4449,4.3
google,1500,10,linear,True,False,10.0,0.4,0.3,0.3,0,0,NI,5,PSO,random,3,0.3333333333333333,E26,16.49,95.45,39,2.945613,86.5039,3.0397,0.0,0,13.0091,2.1621,75.601,0.0,True,27.0,4840,3.4348,4.29
google,1500,10,linear,True,False,10.0,0.4,0.3,0.3,0,0,NI,5,PSO,random,4,0.3333333333333333,E26,16.49,95.45,39,2.948075,86.4926,2.9587,0.0,0,12.9091,2.1494,80.46,0.0,True,26.0,4840,3.443,4.17
google,1500,10,linear,True,False,10.0,0.4,0.3,0.3,0,0,NI,5,PSO,random,5,0.3333333333333333,E26,16.49,95.45,39,2.940057,86.5293,3.2226,0.0,0,12.8591,2.1235,81.068,0.0,True,26.5,4840,3.4565,4.21
google,1500,10,linear,True,False,10.0,0.4,0.3,0.3,0,0,NI,5,PSO,random,6,0.3333333333333333,E26,16.49,95.45,39,2.939388,86.5324,3.2446,0.0,0,12.8591,2.1241,80.009,0.0,True,26.5,4840,3.447,4.24
google,1500,10,linear,True,False,10.0,0.4,0.3,0.3,0,0,NI,5,PSO,random,7,0.3333333333333333,E26,16.49,95.45,39,2.954014,86.4654,2.7632,0.0,0,12.8591,2.1087,79.904,0.0,True,26.5,4840,3.5091,4.19
google,1500,10,linear,True,False,10.0,0.4,0.3,0.3,0,0,NI,5,PSO,random,8,0.3333333333333333,E26,16.49,95.45,39,2.959273,86.4413,2.5901,0.0,0,13.0091,2.1439,76.98,0.0,True,27.0,4840,3.5177,4.11
google,1500,10,linear,True,False,10.0,0.4,0.3,0.3,0,0,NI,5,PSO,random,9,0.3333333333333333,E26,16.49,95.45,39,2.94446,86.5091,3.0777,0.0,0,12.9591,2.1638,77.251,0.0,True,27.0,4840,3.5119,4.16
google,1500,10,linear,True,False,10.0,0.4,0.3,0.3,0,0,NI,5,WOA,carbon,2,0.3333333333333333,E26,16.49,95.45,39,2.786247,87.234,8.2855,0.0,0,12.9591,2.2221,69.646,0.0,True,25.5,4840,3.5626,2.6
google,1500,10,linear,True,False,10.0,0.4,0.3,0.3,0,0,NI,5,WOA,carbon,3,0.3333333333333333,E26,16.49,95.45,39,2.850136,86.9413,6.1825,0.0,0,12.9091,2.163,72.834,0.0,True,26.0,4840,3.564,2.63
google,1500,10,linear,True,False,10.0,0.4,0.3,0.3,0,0,NI,5,WOA,carbon,4,0.3333333333333333,E26,16.49,95.45,39,2.740916,87.4417,9.7777,0.0,0,12.9091,2.2146,68.872,0.0,True,24.5,4840,3.5633,2.55
google,1500,10,linear,True,False,10.0,0.4,0.3,0.3,0,0,NI,5,WOA,carbon,5,0.3333333333333333,E26,16.49,95.45,39,2.745584,87.4203,9.624,0.0,0,13.0091,2.2241,62.669,0.0,True,24.5,4840,3.5938,2.63
google,1500,10,linear,True,False,10.0,0.4,0.3,0.3,0,0,NI,5,WOA,carbon,6,0.3333333333333333,E26,16.49,95.45,39,2.708205,87.5916,10.8544,0.0,0,12.9091,2.1885,67.236,0.0,True,25.5,4840,3.6145,2.61
google,1500,10,linear,True,False,10.0,0.4,0.3,0.3,0,0,NI,5,WOA,carbon,7,0.3333333333333333,E26,16.49,95.45,39,2.798057,87.1799,7.8968,0.0,0,13.1091,2.2243,64.702,0.0,True,26.5,4840,3.6555,2.52
google,1500,10,linear,True,False,10.0,0.4,0.3,0.3,0,0,NI,5,WOA,carbon,8,0.3333333333333333,E26,16.49,95.45,39,2.806356,87.1419,7.6236,0.0,0,12.9091,2.1896,72.634,0.0,True,26.0,4840,3.6316,2.81
google,1500,10,linear,True,False,10.0,0.4,0.3,0.3,0,0,NI,5,WOA,carbon,9,0.3333333333333333,E26,16.49,95.45,39,2.667915,87.7762,12.1807,0.0,0,12.8091,2.1844,68.098,0.0,True,24.5,4840,3.6505,2.82
google,1500,10,linear,True,False,10.0,0.4,0.3,0.3,0,0,NI,5,DE,random,8,0.3333333333333333,E26,16.49,95.45,39,2.897841,86.7227,4.6122,0.0,0,12.7591,2.097,83.972,0.0,True,25.5,4840,3.3444,2.56
google,1500,10,linear,True,False,10.0,0.4,0.3,0.3,0,0,NI,5,DE,random,9,0.3333333333333333,E26,16.49,95.45,39,2.878632,86.8107,5.2445,0.0,0,12.6591,2.0952,83.636,0.0,True,27.0,4840,3.3259,2.63
google,1500,10,linear,True,False,10.0,0.4,0.3,0.3,0,0,NI,5,DE,random,10,0.3333333333333333,E26,16.49,95.45,39,2.886934,86.7727,4.9712,0.0,0,12.7091,2.1135,83.361,0.0,True,25.5,4840,3.3302,2.68
google,1500,10,linear,True,False,10.0,0.4,0.3,0.3,0,0,NI,5,HHO,random,1,0.3333333333333333,E26,16.49,95.45,39,2.934072,86.5567,3.4196,0.0,0,12.8591,2.121,77.251,0.0,True,24.5,8910,5.1002,2.35
google,1500,10,linear,True,False,10.0,0.4,0.3,0.3,0,0,NI,5,HHO,random,2,0.3333333333333333,E26,16.49,95.45,39,2.935728,86.5491,3.3651,0.0,0,12.8091,2.0881,79.267,0.0,True,24.5,8780,5.0723,2.49
google,1500,10,linear,True,False,10.0,0.4,0.3,0.3,0,0,NI,5,HHO,random,3,0.3333333333333333,E26,16.49,95.45,39,2.942431,86.5184,3.1445,0.0,0,12.9091,2.1249,74.485,0.0,True,26.0,8894,5.2342,2.91
google,1500,10,linear,True,False,10.0,0.4,0.3,0.3,0,0,NI,5,HHO,random,4,0.3333333333333333,E26,16.49,95.45,39,2.928995,86.58,3.5867,0.0,0,12.8091,2.1157,77.549,0.0,True,26.0,9094,5.2093,2.66
google,1500,10,linear,True,False,10.0,0.4,0.3,0.3,0,0,NI,5,HHO,random,5,0.3333333333333333,E26,16.49,95.45,39,2.932894,86.5621,3.4584,0.0,0,12.8591,2.1207,78.135,0.0,True,25.5,8986,5.2487,2.69
google,1500,20,linear,True,False,10.0,0.4,0.3,0.3,0,0,NI,5,WOA,random,3,0.3333333333333333,E26,16.49,95.45,39,2.954233,86.4644,2.756,0.0,0,12.9591,2.1398,78.478,0.0,True,26.0,4840,3.3483,2.55
google,1500,20,linear,True,False,10.0,0.4,0.3,0.3,0,0,NI,5,WOA,random,4,0.3333333333333333,E26,16.49,95.45,39,2.925273,86.597,3.7093,0.0,0,12.8091,2.1062,76.351,0.0,True,25.0,4840,3.3796,2.85
google,1500,20,linear,True,False,10.0,0.4,0.3,0.3,0,0,NI,5,WOA,random,5,0.3333333333333333,E26,16.49,95.45,39,2.929649,86.577,3.5652,0.0,0,12.8591,2.1218,76.178,0.0,True,25.5,4840,3.457,2.6
google,1500,20,linear,True,False,10.0,0.4,0.3,0.3,0,0,NI,5,WOA,random,6,0.3333333333333333,E26,16.49,95.45,39,2.944405,86.5094,3.0795,0.0,0,12.9091,2.1386,79.152,0.0,True,26.5,4840,3.4214,2.48
google,1500,20,linear,True,False,10.0,0.4,0.3,0.3,0,0,NI,5,WOA,random,7,0.3333333333333333,E26,16.49,95.45,39,2.936187,86.547,3.35,0.0,0,12.8591,2.1156,76.805,0.0,True,25.0,4840,3.3693,2.57
google,1500,20,linear,True,False,10.0,0.4,0.3,0.3,0,0,NI,5,WOA,random,8,0.3333333333333333,E26,16.49,95.45,39,2.908799,86.6725,4.2515,0.0,0,12.7091,2.0876,79.426,0.0,True,25.0,4840,3.4895,2.48
google,1500,20,linear,True,False,10.0,0.4,0.3,0.3,0,0,NI,5,WOA,random,9,0.3333333333333333,E26,16.49,95.45,39,2.937784,86.5397,3.2974,0.0,0,12.8591,2.1293,79.74,0.0,True,27.5,4840,3.3801,2.49
google,1500,20,linear,True,False,10.0,0.4,0.3,0.3,0,0,NI,5,WOA,random,10,0.3333333333333333,E26,16.49,95.45,39,2.928258,86.5834,3.611,0.0,0,12.8591,2.1396,79.27,0.0,True,26.0,4840,3.4448,2.6
google,1500,10,linear,True,False,10.0,0.4,0.3,0.3,0,0,NI,5,HHO,random,6,0.3333333333333333,E26,16.49,95.45,39,2.931717,86.5675,3.4971,0.0,0,12.8591,2.1191,76.564,0.0,True,25.5,8968,5.107,2.31
google,1500,10,linear,True,False,10.0,0.4,0.3,0.3,0,0,NI,5,HHO,random,7,0.3333333333333333,E26,16.49,95.45,39,2.956274,86.455,2.6888,0.0,0,12.9091,2.1251,74.365,0.0,True,25.0,8946,5.0647,2.5
google,1500,10,linear,True,False,10.0,0.4,0.3,0.3,0,0,NI,5,HHO,random,8,0.3333333333333333,E26,16.49,95.45,39,2.938546,86.5362,3.2724,0.0,0,12.9091,2.1466,78.105,0.0,True,27.0,8872,5.0302,2.43
google,1500,10,linear,True,False,10.0,0.4,0.3,0.3,0,0,NI,5,HHO,random,9,0.3333333333333333,E26,16.49,95.45,39,2.952349,86.473,2.818,0.0,0,12.9591,2.1306,75.143,0.0,True,26.0,8790,5.0669,2.52
google,1500,10,linear,True,False,10.0,0.4,0.3,0.3,0,0,NI,5,HHO,random,10,0.3333333333333333,E26,16.49,95.45,39,2.934644,86.5541,3.4008,0.0,0,12.8591,2.1096,77.148,0.0,True,24.5,8942,5.1734,2.59
google,1500,10,linear,True,False,10.0,0.4,0.3,0.3,0,0,NI,5,GA,random,1,0.3333333333333333,E26,16.49,95.45,39,2.869968,86.8504,5.5297,0.0,0,12.6091,2.0787,84.051,0.0,True,25.5,4840,5.9077,3.53
google,1500,10,linear,True,False,10.0,0.4,0.3,0.3,0,0,NI,5,GA,random,2,0.3333333333333333,E26,16.49,95.45,39,2.857257,86.9087,5.9481,0.0,0,12.5591,2.0704,85.494,0.0,True,25.5,4840,5.951,3.75
google,1500,10,linear,True,False,10.0,0.4,0.3,0.3,0,0,NI,5,GA,random,3,0.3333333333333333,E26,16.49,95.45,39,2.869983,86.8504,5.5292,0.0,0,12.6591,2.1094,84.068,0.0,True,25.5,4840,5.9497,3.73
google,1500,20,linear,True,False,10.0,0.4,0.3,0.3,0,0,NI,5,GWO,random,9,0.3333333333333333,E26,16.49,95.45,39,2.939886,86.5301,3.2282,0.0,0,12.9591,2.1638,78.543,0.0,True,25.5,4840,3.9718,2.5
google,1500,20,linear,True,False,10.0,0.4,0.3,0.3,0,0,NI,5,GWO,random,10,0.3333333333333333,E26,16.49,95.45,39,2.901773,86.7047,4.4828,0.0,0,12.7591,2.1091,81.663,0.0,True,25.5,4840,3.9958,2.59
google,1500,20,linear,True,False,10.0,0.4,0.3,0.3,0,0,NI,5,PSO,random,1,0.3333333333333333,E26,16.49,95.45,39,2.89474,86.7369,4.7143,0.0,0,12.7591,2.1199,82.058,0.0,True,25.5,4840,3.5303,4.33
google,1500,20,linear,True,False,10.0,0.4,0.3,0.3,0,0,NI,5,PSO,random,2,0.3333333333333333,E26,16.49,95.45,39,2.946192,86.5012,3.0206,0.0,0,12.9591,2.1535,77.824,0.0,True,26.0,4840,3.4922,4.26
google,1500,20,linear,True,False,10.0,0.4,0.3,0.3,0,0,NI,5,PSO,random,3,0.3333333333333333,E26,16.49,95.45,39,2.945613,86.5039,3.0397,0.0,0,13.0091,2.1621,75.601,0.0,True,27.0,4840,3.5558,4.25
google,1500,20,linear,True,False,10.0,0.4,0.3,0.3,0,0,NI,5,PSO,random,4,0.3333333333333333,E26,16.49,95.45,39,2.948075,86.4926,2.9587,0.0,0,12.9091,2.1494,80.46,0.0,True,26.0,4840,3.5097,4.13
google,1500,20,linear,True,False,10.0,0.4,0.3,0.3,0,0,NI,5,PSO,random,5,0.3333333333333333,E26,16.49,95.45,39,2.940057,86.5293,3.2226,0.0,0,12.8591,2.1235,81.068,0.0,True,26.5,4840,3.55,4.17
google,1500,20,linear,True,False,10.0,0.4,0.3,0.3,0,0,NI,5,PSO,random,6,0.3333333333333333,E26,16.49,95.45,39,2.939388,86.5324,3.2446,0.0,0,12.8591,2.1241,80.009,0.0,True,26.5,4840,3.5016,4.2
google,1500,10,linear,True,False,10.0,0.4,0.3,0.3,0,0,NI,5,GA,random,4,0.3333333333333333,E26,16.49,95.45,39,2.873683,86.8334,5.4074,0.0,0,12.6091,2.0864,85.074,0.0,True,25.5,4840,5.7826,3.76
google,1500,10,linear,True,False,10.0,0.4,0.3,0.3,0,0,NI,5,GA,random,5,0.3333333333333333,E26,16.49,95.45,39,2.867465,86.8619,5.6121,0.0,0,12.6091,2.0779,84.177,0.0,True,25.5,4840,5.7785,3.57
google,1500,10,linear,True,False,10.0,0.4,0.3,0.3,0,0,NI,5,GA,random,6,0.3333333333333333,E26,16.49,95.45,39,2.86963,86.852,5.5408,0.0,0,12.6091,2.0888,85.016,0.0,True,25.5,4840,5.7866,3.76
google,1500,10,linear,True,False,10.0,0.4,0.3,0.3,0,0,NI,5,GA,random,7,0.3333333333333333,E26,16.49,95.45,39,2.865125,86.8726,5.6891,0.0,0,12.6591,2.1094,83.368,0.0,True,27.0,4840,5.8869,3.73
google,1500,10,linear,True,False,10.0,0.4,0.3,0.3,0,0,NI,5,GA,random,8,0.3333333333333333,E26,16.49,95.45,39,2.865197,86.8723,5.6868,0.0,0,12.6091,2.0888,84.851,0.0,True,25.5,4840,5.8356,3.72
google,1500,10,linear,True,False,10.0,0.4,0.3,0.3,0,0,NI,5,GA,random,9,0.3333333333333333,E26,16.49,95.45,39,2.872094,86.8407,5.4598,0.0,0,12.6091,2.0762,84.739,0.0,True,25.5,4840,5.9648,3.71
google,1500,10,linear,True,False,10.0,0.4,0.3,0.3,0,0,NI,5,GA,random,10,0.3333333333333333,E26,16.49,95.45,39,2.869885,86.8508,5.5324,0.0,0,12.6591,2.1002,83.717,0.0,True,25.5,4840,5.8845,3.75
google,1500,10,linear,True,False,10.0,0.4,0.3,0.3,0,0,NI,5,WOA,carbon,1,0.3333333333333333,E26,16.49,95.45,39,2.779987,87.2627,8.4916,0.0,0,13.0091,2.2011,66.546,0.0,True,25.5,4840,3.3817,2.65
google,1500,20,linear,True,False,10.0,0.4,0.3,0.3,0,0,NI,5,WOA,carbon,7,0.3333333333333333,E26,16.49,95.45,39,2.617048,88.0093,13.8551,0.0,0,12.8091,2.2065,58.996,0.0,True,24.5,4840,3.7363,2.34
google,1500,20,linear,True,False,10.0,0.4,0.3,0.3,0,0,NI,5,WOA,carbon,8,0.3333333333333333,E26,16.49,95.45,39,2.604799,88.0654,14.2583,0.0,0,12.7591,2.199,60.38,0.0,True,24.5,4840,3.6388,2.46
google,1500,20,linear,True,False,10.0,0.4,0.3,0.3,0,0,NI,5,WOA,carbon,9,0.3333333333333333,E26,16.49,95.45,39,2.607186,88.0544,14.1797,0.0,0,12.7591,2.199,59.877,0.0,True,24.5,4840,3.7153,2.52
google,1500,20,linear,True,False,10.0,0.4,0.3,0.3,0,0,NI,5,WOA,carbon,10,0.3333333333333333,E26,16.49,95.45,39,2.613985,88.0233,13.9559,0.0,0,12.8091,2.214,58.003,0.0,True,24.5,4840,3.6509,2.36
google,1500,10,linear,True,False,10.0,0.4,0.3,0.3,0,0,US-CAL,0,FIFO,-,0,0.3333333333333333,E26,16.49,95.45,39,20.692516,0.0,-636.7394,0.0,0,95.9591,15.66,5.308,8.9738,False,24.5,0,0.0,0.0
google,1500,10,linear,True,False,10.0,0.4,0.3,0.3,0,0,US-CAL,0,Consolidation,-,0,0.3333333333333333,E26,16.49,95.45,39,2.808661,86.4267,0.0,0.0,0,13.3091,2.1675,55.842,8.9738,False,24.5,0,0.0,0.0
google,1500,10,linear,True,False,10.0,0.4,0.3,0.3,0,0,US-CAL,0,Greedy(EDF+greenest),-,0,0.3333333333333333,E26,16.49,95.45,39,2.209775,89.3209,21.3229,0.0,0,12.7091,2.1338,58.108,17.8655,False,24.5,0,0.0002,0.0
google,1500,10,linear,True,False,10.0,0.4,0.3,0.3,0,0,US-CAL,0,VCC(Google),-,0,0.3333333333333333,E26,16.49,95.45,39,2.927435,85.8527,-4.2288,0.0,0,13.4091,2.1825,59.347,0.0,True,24.5,0,0.0055,0.0
google,1500,20,linear,True,False,10.0,0.4,0.3,0.3,0,0,NI,5,GWO,random,1,0.3333333333333333,E26,16.49,95.45,39,2.933922,86.5574,3.4246,0.0,0,12.9591,2.1649,78.542,0.0,True,25.5,4840,3.9271,2.47
google,1500,20,linear,True,False,10.0,0.4,0.3,0.3,0,0,NI,5,GWO,random,2,0.3333333333333333,E26,16.49,95.45,39,2.908757,86.6727,4.2529,0.0,0,12.7591,2.1094,82.11,0.0,True,25.5,4840,3.9674,2.56
google,1500,20,linear,True,False,10.0,0.4,0.3,0.3,0,0,NI,5,GWO,random,3,0.3333333333333333,E26,16.49,95.45,39,2.923976,86.603,3.752,0.0,0,12.8591,2.1276,79.475,0.0,True,25.5,4840,3.9503,2.53
google,1500,20,linear,True,False,10.0,0.4,0.3,0.3,0,0,NI,5,GWO,random,4,0.3333333333333333,E26,16.49,95.45,39,2.952338,86.473,2.8183,0.0,0,12.9591,2.1433,78.908,0.0,True,26.5,4840,3.9223,2.33
google,1500,20,linear,True,False,10.0,0.4,0.3,0.3,0,0,NI,5,GWO,random,5,0.3333333333333333,E26,16.49,95.45,39,2.924523,86.6005,3.7339,0.0,0,12.8591,2.1212,81.629,0.0,True,25.5,4840,3.9859,2.39
google,1500,20,linear,True,False,10.0,0.4,0.3,0.3,0,0,NI,5,GWO,random,6,0.3333333333333333,E26,16.49,95.45,39,2.935317,86.551,3.3786,0.0,0,12.9091,2.1426,79.18,0.0,True,26.0,4840,3.9488,2.35
google,1500,20,linear,True,False,10.0,0.4,0.3,0.3,0,0,NI,5,GWO,random,7,0.3333333333333333,E26,16.49,95.45,39,2.910691,86.6639,4.1892,0.0,0,12.8091,2.1167,82.934,0.0,True,25.0,4840,3.9822,2.5
google,1500,20,linear,True,False,10.0,0.4,0.3,0.3,0,0,NI,5,GWO,random,8,0.3333333333333333,E26,16.49,95.45,39,2.929895,86.5759,3.5571,0.0,0,12.9091,2.1379,79.623,0.0,True,25.5,4840,3.946,2.55
google,1500,20,linear,True,False,10.0,0.4,0.3,0.3,0,0,NI,5,PSO,random,7,0.3333333333333333,E26,16.49,95.45,39,2.954014,86.4654,2.7632,0.0,0,12.8591,2.1087,79.904,0.0,True,26.5,4840,3.4897,4.2
google,1500,20,linear,True,False,10.0,0.4,0.3,0.3,0,0,NI,5,PSO,random,8,0.3333333333333333,E26,16.49,95.45,39,2.959273,86.4413,2.5901,0.0,0,13.0091,2.1439,76.98,0.0,True,27.0,4840,3.458,4.11
google,1500,20,linear,True,False,10.0,0.4,0.3,0.3,0,0,NI,5,PSO,random,9,0.3333333333333333,E26,16.49,95.45,39,2.94446,86.5091,3.0777,0.0,0,12.9591,2.1638,77.251,0.0,True,27.0,4840,3.5506,4.16
google,1500,20,linear,True,False,10.0,0.4,0.3,0.3,0,0,NI,5,PSO,random,10,0.3333333333333333,E26,16.49,95.45,39,2.931962,86.5664,3.4891,0.0,0,12.9091,2.1437,80.064,0.0,True,26.0,4840,3.4635,4.17
google,1500,20,linear,True,False,10.0,0.4,0.3,0.3,0,0,NI,5,DE,random,1,0.3333333333333333,E26,16.49,95.45,39,2.903386,86.6973,4.4297,0.0,0,12.8591,2.1407,80.453,0.0,True,27.0,4840,3.386,2.44
google,1500,20,linear,True,False,10.0,0.4,0.3,0.3,0,0,NI,5,DE,random,2,0.3333333333333333,E26,16.49,95.45,39,2.867479,86.8618,5.6117,0.0,0,12.6591,2.1044,83.013,0.0,True,26.5,4840,3.3608,2.78
google,1500,20,linear,True,False,10.0,0.4,0.3,0.3,0,0,NI,5,DE,random,3,0.3333333333333333,E26,16.49,95.45,39,2.871458,86.8436,5.4807,0.0,0,12.6091,2.0912,84.837,0.0,True,25.5,4840,3.3702,2.65
google,1500,20,linear,True,False,10.0,0.4,0.3,0.3,0,0,NI,5,DE,random,4,0.3333333333333333,E26,16.49,95.45,39,2.872315,86.8397,5.4525,0.0,0,12.6591,2.0985,84.576,0.0,True,25.5,4840,3.3806,2.66
google,1500,20,linear,True,False,10.0,0.4,0.3,0.3,0,0,NI,5,DE,random,5,0.3333333333333333,E26,16.49,95.45,39,2.883603,86.788,5.0809,0.0,0,12.7091,2.101,80.564,0.0,True,27.0,4840,3.6104,2.9
google,1500,20,linear,True,False,10.0,0.4,0.3,0.3,0,0,NI,5,DE,random,6,0.3333333333333333,E26,16.49,95.45,39,2.912168,86.6571,4.1406,0.0,0,12.8091,2.1104,80.045,0.0,True,26.0,4840,3.6395,2.65
google,1500,20,linear,True,False,10.0,0.4,0.3,0.3,0,0,NI,5,DE,random,7,0.3333333333333333,E26,16.49,95.45,39,2.903751,86.6957,4.4177,0.0,0,12.8091,2.1269,80.955,0.0,True,26.5,4840,3.5748,2.59
google,1500,20,linear,True,False,10.0,0.4,0.3,0.3,0,0,NI,5,DE,random,8,0.3333333333333333,E26,16.49,95.45,39,2.897841,86.7227,4.6122,0.0,0,12.7591,2.097,83.972,0.0,True,25.5,4840,3.611,2.57
google,1500,20,linear,True,False,10.0,0.4,0.3,0.3,0,0,NI,5,DE,random,9,0.3333333333333333,E26,16.49,95.45,39,2.878632,86.8107,5.2445,0.0,0,12.6591,2.0952,83.636,0.0,True,27.0,4840,3.5629,2.63
google,1500,20,linear,True,False,10.0,0.4,0.3,0.3,0,0,NI,5,DE,random,10,0.3333333333333333,E26,16.49,95.45,39,2.886934,86.7727,4.9712,0.0,0,12.7091,2.1135,83.361,0.0,True,25.5,4840,3.5824,2.69
google,1500,20,linear,True,False,10.0,0.4,0.3,0.3,0,0,NI,5,HHO,random,1,0.3333333333333333,E26,16.49,95.45,39,2.968441,86.3993,2.2883,0.0,0,13.0091,2.1332,71.1,0.0,True,25.0,8910,5.4102,2.56
google,1500,20,linear,True,False,10.0,0.4,0.3,0.3,0,0,NI,5,HHO,random,2,0.3333333333333333,E26,16.49,95.45,39,2.935989,86.5479,3.3565,0.0,0,12.8091,2.0881,79.281,0.0,True,24.5,8780,5.2963,2.47
google,1500,20,linear,True,False,10.0,0.4,0.3,0.3,0,0,NI,5,GA,random,9,0.3333333333333333,E26,16.49,95.45,39,2.872094,86.8407,5.4598,0.0,0,12.6091,2.0762,84.739,0.0,True,25.5,4840,5.9455,3.72
google,1500,20,linear,True,False,10.0,0.4,0.3,0.3,0,0,NI,5,GA,random,10,0.3333333333333333,E26,16.49,95.45,39,2.869885,86.8508,5.5324,0.0,0,12.6591,2.1002,83.717,0.0,True,25.5,4840,5.8607,3.75
google,1500,20,linear,True,False,10.0,0.4,0.3,0.3,0,0,NI,5,WOA,carbon,1,0.3333333333333333,E26,16.49,95.45,39,2.615307,88.0172,13.9124,0.0,0,12.8091,2.2065,60.231,0.0,True,24.5,4840,3.406,2.42
google,1500,20,linear,True,False,10.0,0.4,0.3,0.3,0,0,NI,5,WOA,carbon,2,0.3333333333333333,E26,16.49,95.45,39,2.616369,88.0124,13.8774,0.0,0,12.7591,2.1911,64.667,0.0,True,24.5,4840,3.3874,2.52
google,1500,20,linear,True,False,10.0,0.4,0.3,0.3,0,0,NI,5,WOA,carbon,3,0.3333333333333333,E26,16.49,95.45,39,2.606623,88.057,14.1982,0.0,0,12.7591,2.199,60.705,0.0,True,24.5,4840,3.3904,2.35
google,1500,20,linear,True,False,10.0,0.4,0.3,0.3,0,0,NI,5,WOA,carbon,4,0.3333333333333333,E26,16.49,95.45,39,2.616664,88.011,13.8677,0.0,0,12.8091,2.2065,60.775,0.0,True,24.5,4840,3.387,2.54
google,1500,20,linear,True,False,10.0,0.4,0.3,0.3,0,0,NI,5,WOA,carbon,5,0.3333333333333333,E26,16.49,95.45,39,2.59836,88.0949,14.4702,0.0,0,12.7091,2.1909,61.521,0.0,True,24.5,4840,3.4013,2.39
google,1500,20,linear,True,False,10.0,0.4,0.3,0.3,0,0,NI,5,WOA,carbon,6,0.3333333333333333,E26,16.49,95.45,39,2.614955,88.0189,13.924,0.0,0,12.8091,2.2065,59.103,0.0,True,24.5,4840,3.4027,2.37
google,1500,10,linear,True,False,10.0,0.4,0.3,0.3,0,0,US-CAL,0,Threshold(WaitAwhile),-,0,0.3333333333333333,E26,16.49,95.45,39,2.278304,88.9897,18.8829,0.0,0,12.9091,2.2938,54.129,17.8655,False,24.5,0,0.0233,0.0
google,1500,10,linear,True,False,10.0,0.4,0.3,0.3,0,0,US-CAL,0,WOA,random,1,0.3333333333333333,E26,16.49,95.45,39,2.796882,86.4836,0.4194,0.0,0,13.0091,2.1336,72.226,0.0,True,25.5,4840,3.4261,2.49
google,1500,10,linear,True,False,10.0,0.4,0.3,0.3,0,0,US-CAL,0,WOA,random,2,0.3333333333333333,E26,16.49,95.45,39,2.81507,86.3957,-0.2282,0.0,0,13.1591,2.1609,67.459,0.0,True,25.5,4840,3.4292,2.7
google,1500,10,linear,True,False,10.0,0.4,0.3,0.3,0,0,US-CAL,0,WOA,random,3,0.3333333333333333,E26,16.49,95.45,39,2.799896,86.469,0.3121,0.0,0,13.0091,2.1387,70.998,0.0,True,24.5,4840,3.4271,2.8
google,1500,10,linear,True,False,10.0,0.4,0.3,0.3,0,0,US-CAL,0,WOA,random,4,0.3333333333333333,E26,16.49,95.45,39,2.796517,86.4854,0.4324,0.0,0,12.9091,2.1255,73.316,0.0,True,26.0,4840,3.397,2.56
google,1500,10,linear,True,False,10.0,0.4,0.3,0.3,0,0,US-CAL,0,WOA,random,5,0.3333333333333333,E26,16.49,95.45,39,2.839168,86.2793,-1.0862,0.0,0,13.1091,2.1488,66.795,0.0,True,25.5,4840,3.4466,2.42
google,1500,10,linear,True,False,10.0,0.4,0.3,0.3,0,0,US-CAL,0,WOA,random,6,0.3333333333333333,E26,16.49,95.45,39,2.839055,86.2798,-1.0822,0.0,0,13.0091,2.1373,71.123,0.0,True,26.0,4840,3.4194,2.6
google,1500,10,linear,True,False,10.0,0.4,0.3,0.3,0,0,US-CAL,0,WOA,random,7,0.3333333333333333,E26,16.49,95.45,39,2.80643,86.4375,0.0794,0.0,0,13.0591,2.1429,67.103,0.0,True,25.0,4840,3.399,2.56
google,1500,10,linear,True,False,10.0,0.4,0.3,0.3,0,0,US-CAL,0,WOA,random,8,0.3333333333333333,E26,16.49,95.45,39,2.810786,86.4164,-0.0757,0.0,0,13.0591,2.1338,68.119,0.0,True,25.5,4840,3.4066,2.38
google,1500,10,linear,True,False,10.0,0.4,0.3,0.3,0,0,US-CAL,0,WOA,random,9,0.3333333333333333,E26,16.49,95.45,39,2.774537,86.5916,1.215,0.0,0,13.0091,2.1354,69.842,0.0,True,25.0,4840,3.4246,2.52
google,1500,10,linear,True,False,10.0,0.4,0.3,0.3,0,0,US-CAL,0,WOA,random,10,0.3333333333333333,E26,16.49,95.45,39,2.839627,86.277,-1.1025,0.0,0,13.1591,2.1558,66.012,0.0,True,25.5,4840,3.4409,2.62
google,1500,10,linear,True,False,10.0,0.4,0.3,0.3,0,0,US-CAL,0,GWO,random,1,0.3333333333333333,E26,16.49,95.45,39,2.752902,86.6961,1.9853,0.0,0,12.7591,2.1103,80.877,0.0,True,25.5,4840,3.9338,3.11
google,1500,10,linear,True,False,10.0,0.4,0.3,0.3,0,0,US-CAL,0,GWO,random,2,0.3333333333333333,E26,16.49,95.45,39,2.676152,87.0671,4.7179,0.0,0,12.8091,2.1298,79.067,0.0,True,25.5,4840,3.917,2.99
google,1500,10,linear,True,False,10.0,0.4,0.3,0.3,0,0,US-CAL,0,GWO,random,3,0.3333333333333333,E26,16.49,95.45,39,2.685175,87.0234,4.3966,0.0,0,12.6091,2.0796,81.922,0.0,True,25.0,4840,3.8745,3.14
google,1500,10,linear,True,False,10.0,0.4,0.3,0.3,0,0,US-CAL,0,GWO,random,4,0.3333333333333333,E26,16.49,95.45,39,2.83154,86.3161,-0.8146,0.0,0,12.9591,2.1563,78.462,0.0,True,25.5,4840,3.8774,2.71
google,1500,10,linear,True,False,10.0,0.4,0.3,0.3,0,0,US-CAL,0,GWO,random,5,0.3333333333333333,E26,16.49,95.45,39,2.718682,86.8615,3.2036,0.0,0,12.8091,2.1281,78.735,0.0,True,25.0,4840,3.8725,2.89
google,1500,20,linear,True,False,10.0,0.4,0.3,0.3,0,0,NI,5,HHO,random,3,0.3333333333333333,E26,16.49,95.45,39,2.914679,86.6456,4.058,0.0,0,12.8091,2.1107,74.403,0.0,True,24.5,8894,5.5009,2.51
google,1500,20,linear,True,False,10.0,0.4,0.3,0.3,0,0,NI,5,HHO,random,4,0.3333333333333333,E26,16.49,95.45,39,2.938479,86.5365,3.2746,0.0,0,12.8591,2.1306,76.345,0.0,True,25.0,9094,5.5422,2.57
google,1500,20,linear,True,False,10.0,0.4,0.3,0.3,0,0,NI,5,HHO,random,5,0.3333333333333333,E26,16.49,95.45,39,2.932698,86.563,3.4648,0.0,0,12.8591,2.1207,77.959,0.0,True,25.5,8986,5.4914,2.71
google,1500,20,linear,True,False,10.0,0.4,0.3,0.3,0,0,NI,5,HHO,random,6,0.3333333333333333,E26,16.49,95.45,39,2.920463,86.6191,3.8676,0.0,0,12.7591,2.1051,76.198,0.0,True,25.0,8968,5.4425,2.71
google,1500,20,linear,True,False,10.0,0.4,0.3,0.3,0,0,NI,5,HHO,random,7,0.3333333333333333,E26,16.49,95.45,39,2.954156,86.4647,2.7585,0.0,0,12.9091,2.1262,75.516,0.0,True,25.0,8946,5.4469,2.64
google,1500,20,linear,True,False,10.0,0.4,0.3,0.3,0,0,NI,5,HHO,random,8,0.3333333333333333,E26,16.49,95.45,39,2.953462,86.4679,2.7814,0.0,0,12.9091,2.1255,73.805,0.0,True,25.0,8872,5.4063,2.49
google,1500,20,linear,True,False,10.0,0.4,0.3,0.3,0,0,NI,5,HHO,random,9,0.3333333333333333,E26,16.49,95.45,39,2.974926,86.3695,2.0748,0.0,0,13.0591,2.1576,75.887,0.0,True,27.0,8790,5.2793,2.34
google,1500,20,linear,True,False,10.0,0.4,0.3,0.3,0,0,NI,5,HHO,random,10,0.3333333333333333,E26,16.49,95.45,39,2.923332,86.6059,3.7732,0.0,0,12.8091,2.106,77.701,0.0,True,24.5,8942,5.3522,2.41
google,1500,10,linear,True,False,10.0,0.4,0.3,0.3,0,0,US-CAL,0,DE,random,2,0.3333333333333333,E26,16.49,95.45,39,2.896883,86.0003,-3.1411,0.0,0,12.6591,2.1169,83.278,0.0,True,26.0,4840,3.3841,2.88
google,1500,10,linear,True,False,10.0,0.4,0.3,0.3,0,0,US-CAL,0,DE,random,3,0.3333333333333333,E26,16.49,95.45,39,2.868266,86.1386,-2.1222,0.0,0,12.7091,2.1216,82.676,0.0,True,25.5,4840,3.3824,3.24
google,1500,10,linear,True,False,10.0,0.4,0.3,0.3,0,0,US-CAL,0,DE,random,4,0.3333333333333333,E26,16.49,95.45,39,2.869125,86.1345,-2.1528,0.0,0,12.6591,2.0764,83.947,0.0,True,26.0,4840,3.3658,3.02
google,1500,10,linear,True,False,10.0,0.4,0.3,0.3,0,0,US-CAL,0,DE,random,5,0.3333333333333333,E26,16.49,95.45,39,2.911282,85.9307,-3.6537,0.0,0,12.7591,2.101,81.302,0.0,True,26.0,4840,3.3753,3.59
google,1500,10,linear,True,False,10.0,0.4,0.3,0.3,0,0,US-CAL,0,DE,random,6,0.3333333333333333,E26,16.49,95.45,39,2.901838,85.9764,-3.3175,0.0,0,12.7591,2.1075,81.936,0.0,True,26.0,4840,3.3347,3.29
google,1500,10,linear,True,False,10.0,0.4,0.3,0.3,0,0,US-CAL,0,DE,random,7,0.3333333333333333,E26,16.49,95.45,39,2.920398,85.8867,-3.9783,0.0,0,12.7591,2.1141,80.1,0.0,True,27.0,4840,3.3517,3.57
google,1500,10,linear,True,False,10.0,0.4,0.3,0.3,0,0,US-CAL,0,DE,random,8,0.3333333333333333,E26,16.49,95.45,39,2.870797,86.1264,-2.2123,0.0,0,12.7591,2.1182,81.334,0.0,True,26.0,4840,3.3426,3.14
google,1500,10,linear,True,False,10.0,0.4,0.3,0.3,0,0,US-CAL,0,DE,random,9,0.3333333333333333,E26,16.49,95.45,39,2.848677,86.2333,-1.4247,0.0,0,12.6591,2.0667,84.224,0.0,True,25.5,4840,3.3314,3.06
google,1500,10,linear,True,False,10.0,0.4,0.3,0.3,0,0,US-CAL,0,PSO,random,4,0.3333333333333333,E26,16.49,95.45,39,3.051725,85.252,-8.6541,0.0,0,13.0091,2.1546,79.855,0.0,True,26.5,4840,3.5257,4.07
google,1500,10,linear,True,False,10.0,0.4,0.3,0.3,0,0,US-CAL,0,PSO,random,5,0.3333333333333333,E26,16.49,95.45,39,3.03455,85.335,-8.0426,0.0,0,13.0091,2.1398,77.865,0.0,True,26.0,4840,3.5062,4.08
google,1500,10,linear,True,False,10.0,0.4,0.3,0.3,0,0,US-CAL,0,PSO,random,6,0.3333333333333333,E26,16.49,95.45,39,3.039194,85.3126,-8.2079,0.0,0,13.1591,2.1852,74.733,0.0,True,26.5,4840,3.5011,4.09
google,1500,10,linear,True,False,10.0,0.4,0.3,0.3,0,0,US-CAL,0,PSO,random,7,0.3333333333333333,E26,16.49,95.45,39,2.972277,85.636,-5.8254,0.0,0,12.9091,2.1469,78.282,0.0,True,26.5,4840,3.5034,4.45
google,1500,10,linear,True,False,10.0,0.4,0.3,0.3,0,0,US-CAL,0,PSO,random,8,0.3333333333333333,E26,16.49,95.45,39,3.039109,85.313,-8.2049,0.0,0,13.0091,2.1655,77.617,0.0,True,27.5,4840,3.4557,4.11
google,1500,10,linear,True,False,10.0,0.4,0.3,0.3,0,0,US-CAL,0,PSO,random,9,0.3333333333333333,E26,16.49,95.45,39,2.964187,85.6751,-5.5373,0.0,0,12.8091,2.1366,79.945,0.0,True,26.5,4840,3.4662,4.59
google,1500,10,linear,True,False,10.0,0.4,0.3,0.3,0,0,US-CAL,0,PSO,random,10,0.3333333333333333,E26,16.49,95.45,39,2.998307,85.5102,-6.7522,0.0,0,13.0091,2.1529,77.954,0.0,True,27.0,4840,3.4421,4.31
google,1500,10,linear,True,False,10.0,0.4,0.3,0.3,0,0,US-CAL,0,DE,random,1,0.3333333333333333,E26,16.49,95.45,39,2.838995,86.2801,-1.08,0.0,0,12.6591,2.0963,84.232,0.0,True,26.0,4840,3.3709,3.17
google,1500,20,linear,True,False,10.0,0.4,0.3,0.3,0,0,US-CAL,0,Consolidation,-,0,0.3333333333333333,E26,16.49,95.45,39,2.808661,86.4267,0.0,0.0,0,13.3091,2.1675,55.842,0.0,True,24.5,0,0.0,0.0
google,1500,20,linear,True,False,10.0,0.4,0.3,0.3,0,0,US-CAL,0,Greedy(EDF+greenest),-,0,0.3333333333333333,E26,16.49,95.45,39,2.209775,89.3209,21.3229,0.0,0,12.7091,2.1338,58.108,0.0,True,24.5,0,0.0002,0.0
google,1500,20,linear,True,False,10.0,0.4,0.3,0.3,0,0,US-CAL,0,VCC(Google),-,0,0.3333333333333333,E26,16.49,95.45,39,2.792135,86.5065,0.5884,0.0,0,13.2591,2.16,56.4,0.0,True,24.5,0,0.0048,0.0
google,1500,20,linear,True,False,10.0,0.4,0.3,0.3,0,0,US-CAL,0,Threshold(WaitAwhile),-,0,0.3333333333333333,E26,16.49,95.45,39,2.278304,88.9897,18.8829,0.0,0,12.9091,2.2938,54.129,0.0,True,24.5,0,0.0223,0.0
google,1500,20,linear,True,False,10.0,0.4,0.3,0.3,0,0,US-CAL,0,WOA,random,1,0.3333333333333333,E26,16.49,95.45,39,2.761046,86.6568,1.6953,0.0,0,13.1591,2.1525,57.894,0.0,True,24.5,4840,3.376,2.46
google,1500,20,linear,True,False,10.0,0.4,0.3,0.3,0,0,US-CAL,0,WOA,random,2,0.3333333333333333,E26,16.49,95.45,39,2.773066,86.5987,1.2673,0.0,0,13.2091,2.1594,57.041,0.0,True,24.5,4840,3.3722,2.47
google,1500,20,linear,True,False,10.0,0.4,0.3,0.3,0,0,US-CAL,0,WOA,random,3,0.3333333333333333,E26,16.49,95.45,39,2.791677,86.5088,0.6047,0.0,0,13.2591,2.1669,56.566,0.0,True,24.5,4840,3.3549,2.38
google,1500,20,linear,True,False,10.0,0.4,0.3,0.3,0,0,US-CAL,0,WOA,random,4,0.3333333333333333,E26,16.49,95.45,39,2.754048,86.6906,1.9445,0.0,0,13.0091,2.1367,65.444,0.0,True,24.5,4840,3.3725,2.51
google,1500,10,linear,True,False,10.0,0.4,0.3,0.3,0,0,US-CAL,0,GWO,random,6,0.3333333333333333,E26,16.49,95.45,39,2.803884,86.4498,0.1701,0.0,0,12.9591,2.1461,77.639,0.0,True,25.5,4840,3.9369,2.71
google,1500,10,linear,True,False,10.0,0.4,0.3,0.3,0,0,US-CAL,0,GWO,random,7,0.3333333333333333,E26,16.49,95.45,39,2.77079,86.6097,1.3484,0.0,0,12.8591,2.1169,79.514,0.0,True,25.5,4840,3.9156,2.71
google,1500,10,linear,True,False,10.0,0.4,0.3,0.3,0,0,US-CAL,0,GWO,random,8,0.3333333333333333,E26,16.49,95.45,39,2.761517,86.6545,1.6786,0.0,0,13.0091,2.1544,76.286,0.0,True,25.5,4840,3.9048,2.57
google,1500,10,linear,True,False,10.0,0.4,0.3,0.3,0,0,US-CAL,0,GWO,random,9,0.3333333333333333,E26,16.49,95.45,39,2.732039,86.797,2.7281,0.0,0,12.8091,2.1139,78.596,0.0,True,26.0,4840,3.9233,2.7
google,1500,10,linear,True,False,10.0,0.4,0.3,0.3,0,0,US-CAL,0,GWO,random,10,0.3333333333333333,E26,16.49,95.45,39,2.708003,86.9131,3.5839,0.0,0,12.7591,2.1222,79.141,0.0,True,25.5,4840,3.8622,3.02
google,1500,10,linear,True,False,10.0,0.4,0.3,0.3,0,0,US-CAL,0,PSO,random,1,0.3333333333333333,E26,16.49,95.45,39,3.019758,85.4065,-7.5159,0.0,0,13.0091,2.1507,77.31,0.0,True,26.0,4840,3.4481,4.44
google,1500,10,linear,True,False,10.0,0.4,0.3,0.3,0,0,US-CAL,0,PSO,random,2,0.3333333333333333,E26,16.49,95.45,39,3.029866,85.3577,-7.8758,0.0,0,12.9091,2.1544,79.641,0.0,True,26.0,4840,3.4274,4.28
google,1500,10,linear,True,False,10.0,0.4,0.3,0.3,0,0,US-CAL,0,PSO,random,3,0.3333333333333333,E26,16.49,95.45,39,3.025627,85.3782,-7.7249,0.0,0,13.1091,2.1601,76.036,0.0,True,26.0,4840,3.4753,4.32
google,1500,20,linear,True,False,10.0,0.4,0.3,0.3,0,0,NI,5,GA,random,1,0.3333333333333333,E26,16.49,95.45,39,2.869968,86.8504,5.5297,0.0,0,12.6091,2.0787,84.051,0.0,True,25.5,4840,5.9549,3.59
google,1500,20,linear,True,False,10.0,0.4,0.3,0.3,0,0,NI,5,GA,random,2,0.3333333333333333,E26,16.49,95.45,39,2.857257,86.9087,5.9481,0.0,0,12.5591,2.0704,85.494,0.0,True,25.5,4840,5.9072,3.75
google,1500,20,linear,True,False,10.0,0.4,0.3,0.3,0,0,NI,5,GA,random,3,0.3333333333333333,E26,16.49,95.45,39,2.869983,86.8504,5.5292,0.0,0,12.6591,2.1094,84.068,0.0,True,25.5,4840,5.9496,3.73
google,1500,20,linear,True,False,10.0,0.4,0.3,0.3,0,0,NI,5,GA,random,4,0.3333333333333333,E26,16.49,95.45,39,2.873683,86.8334,5.4074,0.0,0,12.6091,2.0864,85.074,0.0,True,25.5,4840,5.9132,3.76
google,1500,20,linear,True,False,10.0,0.4,0.3,0.3,0,0,NI,5,GA,random,5,0.3333333333333333,E26,16.49,95.45,39,2.867465,86.8619,5.6121,0.0,0,12.6091,2.0779,84.177,0.0,True,25.5,4840,5.9116,3.57
google,1500,20,linear,True,False,10.0,0.4,0.3,0.3,0,0,NI,5,GA,random,6,0.3333333333333333,E26,16.49,95.45,39,2.86963,86.852,5.5408,0.0,0,12.6091,2.0888,85.016,0.0,True,25.5,4840,5.8777,3.76
google,1500,20,linear,True,False,10.0,0.4,0.3,0.3,0,0,NI,5,GA,random,7,0.3333333333333333,E26,16.49,95.45,39,2.865125,86.8726,5.6891,0.0,0,12.6591,2.1094,83.368,0.0,True,27.0,4840,5.8187,3.73
google,1500,20,linear,True,False,10.0,0.4,0.3,0.3,0,0,NI,5,GA,random,8,0.3333333333333333,E26,16.49,95.45,39,2.865197,86.8723,5.6868,0.0,0,12.6091,2.0888,84.851,0.0,True,25.5,4840,5.8688,3.72
google,1500,10,linear,True,False,10.0,0.4,0.3,0.3,0,0,US-CAL,0,WOA,carbon,4,0.3333333333333333,E26,16.49,95.45,39,2.714359,86.8824,3.3576,0.0,0,13.0091,2.1387,72.464,0.0,True,25.5,4840,3.5235,2.41
google,1500,10,linear,True,False,10.0,0.4,0.3,0.3,0,0,US-CAL,0,WOA,carbon,5,0.3333333333333333,E26,16.49,95.45,39,2.559415,87.6312,8.8742,0.0,0,13.0591,2.1871,67.931,0.0,True,26.5,4840,3.5322,2.87
google,1500,10,linear,True,False,10.0,0.4,0.3,0.3,0,0,US-CAL,0,WOA,carbon,6,0.3333333333333333,E26,16.49,95.45,39,2.755601,86.6831,1.8892,0.0,0,12.9091,2.121,73.642,0.0,True,25.5,4840,3.4906,2.64
google,1500,10,linear,True,False,10.0,0.4,0.3,0.3,0,0,US-CAL,0,WOA,carbon,7,0.3333333333333333,E26,16.49,95.45,39,2.668988,87.1017,4.973,0.0,0,13.0091,2.1771,73.667,0.0,True,25.0,4840,3.5312,2.48
google,1500,10,linear,True,False,10.0,0.4,0.3,0.3,0,0,US-CAL,0,WOA,carbon,8,0.3333333333333333,E26,16.49,95.45,39,2.67533,87.071,4.7471,0.0,0,13.0091,2.1582,71.23,0.0,True,25.5,4840,3.5609,2.74
google,1500,10,linear,True,False,10.0,0.4,0.3,0.3,0,0,US-CAL,0,WOA,carbon,9,0.3333333333333333,E26,16.49,95.45,39,2.679275,87.052,4.6067,0.0,0,12.9591,2.1501,73.657,0.0,True,25.0,4840,3.5433,2.5
google,1500,10,linear,True,False,10.0,0.4,0.3,0.3,0,0,US-CAL,0,WOA,carbon,10,0.3333333333333333,E26,16.49,95.45,39,2.612724,87.3736,6.9762,0.0,0,13.1091,2.2124,62.096,0.0,True,25.0,4840,3.5245,2.58
google,1500,20,linear,True,False,10.0,0.4,0.3,0.3,0,0,US-CAL,0,FIFO,-,0,0.3333333333333333,E26,16.49,95.45,39,20.692516,0.0,-636.7394,0.0,0,95.9591,15.66,5.308,0.0,True,24.5,0,0.0,0.0
google,1500,20,linear,True,False,10.0,0.4,0.3,0.3,0,0,US-CAL,0,WOA,random,5,0.3333333333333333,E26,16.49,95.45,39,2.76562,86.6347,1.5325,0.0,0,13.2091,2.1686,57.149,0.0,True,24.5,4840,3.3986,2.46
google,1500,20,linear,True,False,10.0,0.4,0.3,0.3,0,0,US-CAL,0,WOA,random,6,0.3333333333333333,E26,16.49,95.45,39,2.771285,86.6073,1.3307,0.0,0,13.2091,2.1686,57.52,0.0,True,24.5,4840,3.3587,2.55
google,1500,20,linear,True,False,10.0,0.4,0.3,0.3,0,0,US-CAL,0,WOA,random,7,0.3333333333333333,E26,16.49,95.45,39,2.761118,86.6564,1.6927,0.0,0,13.1591,2.1525,58.472,0.0,True,24.5,4840,3.3504,2.7
google,1500,20,linear,True,False,10.0,0.4,0.3,0.3,0,0,US-CAL,0,WOA,random,8,0.3333333333333333,E26,16.49,95.45,39,2.77688,86.5803,1.1315,0.0,0,13.2091,2.16,56.627,0.0,True,24.5,4840,3.3574,2.33
google,1500,20,linear,True,False,10.0,0.4,0.3,0.3,0,0,US-CAL,0,WOA,random,9,0.3333333333333333,E26,16.49,95.45,39,2.778563,86.5721,1.0716,0.0,0,13.2091,2.16,56.998,0.0,True,24.5,4840,3.4053,2.46
google,1500,20,linear,True,False,10.0,0.4,0.3,0.3,0,0,US-CAL,0,WOA,random,10,0.3333333333333333,E26,16.49,95.45,39,2.77886,86.5707,1.0611,0.0,0,13.2091,2.16,57.733,0.0,True,24.5,4840,3.3703,2.5
google,1500,20,linear,True,False,10.0,0.4,0.3,0.3,0,0,US-CAL,0,GWO,random,1,0.3333333333333333,E26,16.49,95.45,39,2.752902,86.6961,1.9853,0.0,0,12.7591,2.1103,80.877,0.0,True,25.5,4840,3.8645,3.11
google,1500,20,linear,True,False,10.0,0.4,0.3,0.3,0,0,US-CAL,0,GWO,random,2,0.3333333333333333,E26,16.49,95.45,39,2.676152,87.0671,4.7179,0.0,0,12.8091,2.1298,79.067,0.0,True,25.5,4840,3.8601,2.99
google,1500,10,linear,True,False,10.0,0.4,0.3,0.3,0,0,US-CAL,0,DE,random,10,0.3333333333333333,E26,16.49,95.45,39,2.850297,86.2255,-1.4824,0.0,0,12.7091,2.1107,82.842,0.0,True,25.5,4840,3.6477,3.13
google,1500,10,linear,True,False,10.0,0.4,0.3,0.3,0,0,US-CAL,0,HHO,random,1,0.3333333333333333,E26,16.49,95.45,39,2.784123,86.5453,0.8737,0.0,0,12.9091,2.1148,72.957,0.0,True,25.0,8910,5.504,2.49
google,1500,10,linear,True,False,10.0,0.4,0.3,0.3,0,0,US-CAL,0,HHO,random,2,0.3333333333333333,E26,16.49,95.45,39,2.776084,86.5841,1.1599,0.0,0,12.9591,2.133,72.058,0.0,True,25.0,8780,5.4181,2.76
google,1500,10,linear,True,False,10.0,0.4,0.3,0.3,0,0,US-CAL,0,HHO,random,3,0.3333333333333333,E26,16.49,95.45,39,2.780314,86.5637,1.0093,0.0,0,13.0091,2.1387,70.505,0.0,True,25.0,8894,5.4477,2.63
google,1500,10,linear,True,False,10.0,0.4,0.3,0.3,0,0,US-CAL,0,HHO,random,4,0.3333333333333333,E26,16.49,95.45,39,2.756075,86.6808,1.8723,0.0,0,12.9091,2.1199,71.979,0.0,True,24.5,9094,5.5372,2.69
google,1500,10,linear,True,False,10.0,0.4,0.3,0.3,0,0,US-CAL,0,HHO,random,5,0.3333333333333333,E26,16.49,95.45,39,2.780202,86.5642,1.0133,0.0,0,12.9591,2.1317,72.618,0.0,True,25.5,8986,5.5329,2.57
google,1500,10,linear,True,False,10.0,0.4,0.3,0.3,0,0,US-CAL,0,HHO,random,6,0.3333333333333333,E26,16.49,95.45,39,2.768441,86.6211,1.432,0.0,0,12.9091,2.1268,72.555,0.0,True,24.5,8968,5.4567,2.61
google,1500,10,linear,True,False,10.0,0.4,0.3,0.3,0,0,US-CAL,0,HHO,random,7,0.3333333333333333,E26,16.49,95.45,39,2.786404,86.5342,0.7925,0.0,0,12.8591,2.1187,74.196,0.0,True,25.0,8946,5.4448,2.55
google,1500,10,linear,True,False,10.0,0.4,0.3,0.3,0,0,US-CAL,0,GA,random,6,0.3333333333333333,E26,16.49,95.45,39,2.795458,86.4905,0.4701,0.0,0,12.7591,2.1166,82.677,0.0,True,25.5,4840,5.8864,4.04
google,1500,10,linear,True,False,10.0,0.4,0.3,0.3,0,0,US-CAL,0,GA,random,7,0.3333333333333333,E26,16.49,95.45,39,2.773705,86.5956,1.2446,0.0,0,12.7591,2.1147,82.307,0.0,True,25.0,4840,5.8381,3.93
google,1500,10,linear,True,False,10.0,0.4,0.3,0.3,0,0,US-CAL,0,GA,random,8,0.3333333333333333,E26,16.49,95.45,39,2.800792,86.4647,0.2802,0.0,0,12.6591,2.1008,84.636,0.0,True,25.5,4840,5.8234,3.9
google,1500,10,linear,True,False,10.0,0.4,0.3,0.3,0,0,US-CAL,0,GA,random,9,0.3333333333333333,E26,16.49,95.45,39,2.734514,86.785,2.64,0.0,0,12.7591,2.1233,81.559,0.0,True,25.5,4840,5.8169,4.04
google,1500,10,linear,True,False,10.0,0.4,0.3,0.3,0,0,US-CAL,0,GA,random,10,0.3333333333333333,E26,16.49,95.45,39,2.771429,86.6066,1.3256,0.0,0,12.9091,2.1503,80.032,0.0,True,26.0,4840,5.8326,4.0
google,1500,10,linear,True,False,10.0,0.4,0.3,0.3,0,0,US-CAL,0,WOA,carbon,1,0.3333333333333333,E26,16.49,95.45,39,2.70709,86.9175,3.6163,0.0,0,13.0591,2.1524,72.831,0.0,True,24.5,4840,3.3208,2.54
google,1500,10,linear,True,False,10.0,0.4,0.3,0.3,0,0,US-CAL,0,WOA,carbon,2,0.3333333333333333,E26,16.49,95.45,39,2.651255,87.1874,5.6043,0.0,0,12.9591,2.1501,71.733,0.0,True,25.0,4840,3.3228,2.49
google,1500,10,linear,True,False,10.0,0.4,0.3,0.3,0,0,US-CAL,0,WOA,carbon,3,0.3333333333333333,E26,16.49,95.45,39,2.670681,87.0935,4.9127,0.0,0,13.0091,2.1634,72.331,0.0,True,25.0,4840,3.2967,2.54
google,1500,10,linear,True,False,10.0,0.4,0.3,0.3,0,0,US-CAL,0,HHO,random,8,0.3333333333333333,E26,16.49,95.45,39,2.773342,86.5974,1.2575,0.0,0,13.0591,2.1465,69.284,0.0,True,24.5,8872,5.2097,2.75
google,1500,10,linear,True,False,10.0,0.4,0.3,0.3,0,0,US-CAL,0,HHO,random,9,0.3333333333333333,E26,16.49,95.45,39,2.776361,86.5828,1.15,0.0,0,12.9591,2.1319,72.292,0.0,True,25.5,8790,5.1326,2.45
google,1500,10,linear,True,False,10.0,0.4,0.3,0.3,0,0,US-CAL,0,HHO,random,10,0.3333333333333333,E26,16.49,95.45,39,2.787775,86.5276,0.7437,0.0,0,13.1091,2.1526,68.459,0.0,True,25.5,8942,5.1295,2.55
google,1500,10,linear,True,False,10.0,0.4,0.3,0.3,0,0,US-CAL,0,GA,random,1,0.3333333333333333,E26,16.49,95.45,39,2.793072,86.502,0.5551,0.0,0,12.7591,2.1233,80.897,0.0,True,26.0,4840,5.8507,3.97
google,1500,10,linear,True,False,10.0,0.4,0.3,0.3,0,0,US-CAL,0,GA,random,2,0.3333333333333333,E26,16.49,95.45,39,2.73648,86.7755,2.57,0.0,0,12.7591,2.1314,80.943,0.0,True,25.5,4840,5.8937,4.02
google,1500,10,linear,True,False,10.0,0.4,0.3,0.3,0,0,US-CAL,0,GA,random,3,0.3333333333333333,E26,16.49,95.45,39,2.767419,86.626,1.4684,0.0,0,12.7091,2.1152,82.599,0.0,True,25.5,4840,5.8665,3.92
google,1500,10,linear,True,False,10.0,0.4,0.3,0.3,0,0,US-CAL,0,GA,random,4,0.3333333333333333,E26,16.49,95.45,39,2.757506,86.6739,1.8213,0.0,0,12.7591,2.1364,81.619,0.0,True,25.5,4840,5.8352,3.95
google,1500,10,linear,True,False,10.0,0.4,0.3,0.3,0,0,US-CAL,0,GA,random,5,0.3333333333333333,E26,16.49,95.45,39,2.812664,86.4073,-0.1425,0.0,0,12.8591,2.1214,80.53,0.0,True,25.5,4840,5.8275,3.81
google,1500,20,linear,True,False,10.0,0.4,0.3,0.3,0,0,US-CAL,0,WOA,carbon,9,0.3333333333333333,E26,16.49,95.45,39,2.19711,89.3821,21.7738,0.0,0,12.6591,2.1263,61.297,0.0,True,24.5,4840,3.5303,2.36
google,1500,20,linear,True,False,10.0,0.4,0.3,0.3,0,0,US-CAL,0,WOA,carbon,10,0.3333333333333333,E26,16.49,95.45,39,2.20129,89.3619,21.625,0.0,0,12.7091,2.1338,61.613,0.0,True,24.5,4840,3.5372,2.32
google,1500,10,linear,True,False,10.0,0.4,0.3,0.3,0,0,US-CAL,1,FIFO,-,0,0.3333333333333333,E26,16.49,95.45,39,16.136523,0.0,-635.9577,0.0,0,95.9591,15.66,5.308,8.9738,False,24.5,0,0.0,0.0
google,1500,10,linear,True,False,10.0,0.4,0.3,0.3,0,0,US-CAL,1,Consolidation,-,0,0.3333333333333333,E26,16.49,95.45,39,2.192588,86.4123,0.0,0.0,0,13.3091,2.1675,55.842,8.9738,False,24.5,0,0.0,0.0
google,1500,10,linear,True,False,10.0,0.4,0.3,0.3,0,0,US-CAL,1,Greedy(EDF+greenest),-,0,0.3333333333333333,E26,16.49,95.45,39,1.572977,90.2521,28.2593,0.0,0,12.6591,2.1002,59.76,26.6655,False,24.5,0,0.0002,0.0
google,1500,10,linear,True,False,10.0,0.4,0.3,0.3,0,0,US-CAL,1,VCC(Google),-,0,0.3333333333333333,E26,16.49,95.45,39,2.236498,86.1402,-2.0026,0.0,0,13.2091,2.1525,58.722,0.0,True,24.5,0,0.0051,0.0
google,1500,10,linear,True,False,10.0,0.4,0.3,0.3,0,0,US-CAL,1,Threshold(WaitAwhile),-,0,0.3333333333333333,E26,16.49,95.45,39,1.613042,90.0038,26.4321,0.0,0,12.9091,2.3013,53.681,26.719,False,24.5,0,0.0229,0.0
google,1500,10,linear,True,False,10.0,0.4,0.3,0.3,0,0,US-CAL,1,WOA,random,1,0.3333333333333333,E26,16.49,95.45,39,2.159344,86.6183,1.5162,0.0,0,12.9591,2.1261,73.209,0.0,True,25.5,4840,3.5567,2.47
google,1500,20,linear,True,False,10.0,0.4,0.3,0.3,0,0,US-CAL,0,PSO,random,1,0.3333333333333333,E26,16.49,95.45,39,3.019758,85.4065,-7.5159,0.0,0,13.0091,2.1507,77.31,0.0,True,26.0,4840,3.6797,4.44
google,1500,20,linear,True,False,10.0,0.4,0.3,0.3,0,0,US-CAL,0,PSO,random,2,0.3333333333333333,E26,16.49,95.45,39,3.029866,85.3577,-7.8758,0.0,0,12.9091,2.1544,79.641,0.0,True,26.0,4840,3.6497,4.28
google,1500,20,linear,True,False,10.0,0.4,0.3,0.3,0,0,US-CAL,0,PSO,random,3,0.3333333333333333,E26,16.49,95.45,39,3.025627,85.3782,-7.7249,0.0,0,13.1091,2.1601,76.036,0.0,True,26.0,4840,3.6136,4.32
google,1500,20,linear,True,False,10.0,0.4,0.3,0.3,0,0,US-CAL,0,PSO,random,4,0.3333333333333333,E26,16.49,95.45,39,3.051725,85.252,-8.6541,0.0,0,13.0091,2.1546,79.855,0.0,True,26.5,4840,3.5977,4.1
google,1500,20,linear,True,False,10.0,0.4,0.3,0.3,0,0,US-CAL,0,PSO,random,5,0.3333333333333333,E26,16.49,95.45,39,3.03455,85.335,-8.0426,0.0,0,13.0091,2.1398,77.865,0.0,True,26.0,4840,3.6538,4.11
google,1500,20,linear,True,False,10.0,0.4,0.3,0.3,0,0,US-CAL,0,PSO,random,6,0.3333333333333333,E26,16.49,95.45,39,3.039194,85.3126,-8.2079,0.0,0,13.1591,2.1852,74.733,0.0,True,26.5,4840,3.6058,4.12
google,1500,20,linear,True,False,10.0,0.4,0.3,0.3,0,0,US-CAL,0,PSO,random,7,0.3333333333333333,E26,16.49,95.45,39,2.972277,85.636,-5.8254,0.0,0,12.9091,2.1469,78.282,0.0,True,26.5,4840,3.6317,4.49
google,1500,20,linear,True,False,10.0,0.4,0.3,0.3,0,0,US-CAL,0,PSO,random,8,0.3333333333333333,E26,16.49,95.45,39,3.039109,85.313,-8.2049,0.0,0,13.0091,2.1655,77.617,0.0,True,27.5,4840,3.6005,4.15
google,1500,20,linear,True,False,10.0,0.4,0.3,0.3,0,0,US-CAL,0,PSO,random,9,0.3333333333333333,E26,16.49,95.45,39,2.964187,85.6751,-5.5373,0.0,0,12.8091,2.1366,79.945,0.0,True,26.5,4840,3.4906,4.63
google,1500,20,linear,True,False,10.0,0.4,0.3,0.3,0,0,US-CAL,0,PSO,random,10,0.3333333333333333,E26,16.49,95.45,39,2.998307,85.5102,-6.7522,0.0,0,13.0091,2.1529,77.954,0.0,True,27.0,4840,3.4291,4.35
google,1500,20,linear,True,False,10.0,0.4,0.3,0.3,0,0,US-CAL,0,DE,random,1,0.3333333333333333,E26,16.49,95.45,39,2.838995,86.2801,-1.08,0.0,0,12.6591,2.0963,84.232,0.0,True,26.0,4840,3.3106,3.16
google,1500,20,linear,True,False,10.0,0.4,0.3,0.3,0,0,US-CAL,0,DE,random,2,0.3333333333333333,E26,16.49,95.45,39,2.896883,86.0003,-3.1411,0.0,0,12.6591,2.1169,83.278,0.0,True,26.0,4840,3.3142,2.88
google,1500,20,linear,True,False,10.0,0.4,0.3,0.3,0,0,US-CAL,0,DE,random,3,0.3333333333333333,E26,16.49,95.45,39,2.868266,86.1386,-2.1222,0.0,0,12.7091,2.1216,82.676,0.0,True,25.5,4840,3.3275,3.24
google,1500,20,linear,True,False,10.0,0.4,0.3,0.3,0,0,US-CAL,0,DE,random,4,0.3333333333333333,E26,16.49,95.45,39,2.869125,86.1345,-2.1528,0.0,0,12.6591,2.0764,83.947,0.0,True,26.0,4840,3.3193,3.02
google,1500,20,linear,True,False,10.0,0.4,0.3,0.3,0,0,US-CAL,0,DE,random,5,0.3333333333333333,E26,16.49,95.45,39,2.911282,85.9307,-3.6537,0.0,0,12.7591,2.101,81.302,0.0,True,26.0,4840,3.3237,3.59
google,1500,20,linear,True,False,10.0,0.4,0.3,0.3,0,0,US-CAL,0,DE,random,6,0.3333333333333333,E26,16.49,95.45,39,2.901838,85.9764,-3.3175,0.0,0,12.7591,2.1075,81.936,0.0,True,26.0,4840,3.3229,3.29
google,1500,20,linear,True,False,10.0,0.4,0.3,0.3,0,0,US-CAL,0,WOA,carbon,1,0.3333333333333333,E26,16.49,95.45,39,2.191248,89.4104,21.9825,0.0,0,12.6591,2.1263,62.042,0.0,True,24.5,4840,3.3836,2.52
google,1500,20,linear,True,False,10.0,0.4,0.3,0.3,0,0,US-CAL,0,WOA,carbon,2,0.3333333333333333,E26,16.49,95.45,39,2.20129,89.3619,21.625,0.0,0,12.7091,2.1338,60.894,0.0,True,24.5,4840,3.3411,2.27
google,1500,20,linear,True,False,10.0,0.4,0.3,0.3,0,0,US-CAL,0,WOA,carbon,3,0.3333333333333333,E26,16.49,95.45,39,2.19711,89.3821,21.7738,0.0,0,12.6591,2.1263,64.297,0.0,True,24.5,4840,3.3266,2.25
google,1500,20,linear,True,False,10.0,0.4,0.3,0.3,0,0,US-CAL,0,WOA,carbon,4,0.3333333333333333,E26,16.49,95.45,39,2.197739,89.3791,21.7514,0.0,0,12.6591,2.1263,62.436,0.0,True,24.5,4840,3.3669,2.36
google,1500,20,linear,True,False,10.0,0.4,0.3,0.3,0,0,US-CAL,0,WOA,carbon,5,0.3333333333333333,E26,16.49,95.45,39,2.19711,89.3821,21.7738,0.0,0,12.6591,2.1263,63.205,0.0,True,24.5,4840,3.3628,2.33
google,1500,20,linear,True,False,10.0,0.4,0.3,0.3,0,0,US-CAL,0,WOA,carbon,6,0.3333333333333333,E26,16.49,95.45,39,2.19711,89.3821,21.7738,0.0,0,12.6591,2.1263,62.624,0.0,True,24.5,4840,3.3282,2.28
google,1500,20,linear,True,False,10.0,0.4,0.3,0.3,0,0,US-CAL,0,WOA,carbon,7,0.3333333333333333,E26,16.49,95.45,39,2.20129,89.3619,21.625,0.0,0,12.7091,2.1338,62.344,0.0,True,24.5,4840,3.3338,2.48
google,1500,20,linear,True,False,10.0,0.4,0.3,0.3,0,0,US-CAL,0,WOA,carbon,8,0.3333333333333333,E26,16.49,95.45,39,2.201576,89.3605,21.6147,0.0,0,12.7091,2.1338,65.401,0.0,True,24.5,4840,3.3127,2.31
google,1500,20,linear,True,False,10.0,0.4,0.3,0.3,0,0,US-CAL,0,GWO,random,3,0.3333333333333333,E26,16.49,95.45,39,2.685175,87.0234,4.3966,0.0,0,12.6091,2.0796,81.922,0.0,True,25.0,4840,3.9181,3.14
google,1500,20,linear,True,False,10.0,0.4,0.3,0.3,0,0,US-CAL,0,GWO,random,4,0.3333333333333333,E26,16.49,95.45,39,2.83154,86.3161,-0.8146,0.0,0,12.9591,2.1563,78.462,0.0,True,25.5,4840,3.8832,2.71
google,1500,20,linear,True,False,10.0,0.4,0.3,0.3,0,0,US-CAL,0,GWO,random,5,0.3333333333333333,E26,16.49,95.45,39,2.718682,86.8615,3.2036,0.0,0,12.8091,2.1281,78.735,0.0,True,25.0,4840,3.8729,2.89
google,1500,20,linear,True,False,10.0,0.4,0.3,0.3,0,0,US-CAL,0,GWO,random,6,0.3333333333333333,E26,16.49,95.45,39,2.803884,86.4498,0.1701,0.0,0,12.9591,2.1461,77.639,0.0,True,25.5,4840,3.8571,2.71
google,1500,20,linear,True,False,10.0,0.4,0.3,0.3,0,0,US-CAL,0,GWO,random,7,0.3333333333333333,E26,16.49,95.45,39,2.77079,86.6097,1.3484,0.0,0,12.8591,2.1169,79.514,0.0,True,25.5,4840,3.8648,2.71
google,1500,20,linear,True,False,10.0,0.4,0.3,0.3,0,0,US-CAL,0,GWO,random,8,0.3333333333333333,E26,16.49,95.45,39,2.761517,86.6545,1.6786,0.0,0,13.0091,2.1544,76.286,0.0,True,25.5,4840,3.8536,2.57
google,1500,20,linear,True,False,10.0,0.4,0.3,0.3,0,0,US-CAL,0,GWO,random,9,0.3333333333333333,E26,16.49,95.45,39,2.732039,86.797,2.7281,0.0,0,12.8091,2.1139,78.596,0.0,True,26.0,4840,3.8485,2.7
google,1500,20,linear,True,False,10.0,0.4,0.3,0.3,0,0,US-CAL,0,GWO,random,10,0.3333333333333333,E26,16.49,95.45,39,2.708003,86.9131,3.5839,0.0,0,12.7591,2.1222,79.141,0.0,True,25.5,4840,3.861,3.02
google,1500,20,linear,True,False,10.0,0.4,0.3,0.3,0,0,US-CAL,0,DE,random,7,0.3333333333333333,E26,16.49,95.45,39,2.920398,85.8867,-3.9783,0.0,0,12.7591,2.1141,80.1,0.0,True,27.0,4840,3.4123,3.59
google,1500,20,linear,True,False,10.0,0.4,0.3,0.3,0,0,US-CAL,0,DE,random,8,0.3333333333333333,E26,16.49,95.45,39,2.870797,86.1264,-2.2123,0.0,0,12.7591,2.1182,81.334,0.0,True,26.0,4840,3.3435,3.16
google,1500,20,linear,True,False,10.0,0.4,0.3,0.3,0,0,US-CAL,0,DE,random,9,0.3333333333333333,E26,16.49,95.45,39,2.848677,86.2333,-1.4247,0.0,0,12.6591,2.0667,84.224,0.0,True,25.5,4840,3.3381,3.08
google,1500,20,linear,True,False,10.0,0.4,0.3,0.3,0,0,US-CAL,0,DE,random,10,0.3333333333333333,E26,16.49,95.45,39,2.850297,86.2255,-1.4824,0.0,0,12.7091,2.1107,82.842,0.0,True,25.5,4840,3.3376,3.15
google,1500,20,linear,True,False,10.0,0.4,0.3,0.3,0,0,US-CAL,0,HHO,random,1,0.3333333333333333,E26,16.49,95.45,39,2.777353,86.578,1.1147,0.0,0,13.2091,2.16,55.712,0.0,True,24.5,8910,5.1049,2.57
google,1500,20,linear,True,False,10.0,0.4,0.3,0.3,0,0,US-CAL,0,HHO,random,2,0.3333333333333333,E26,16.49,95.45,39,2.768321,86.6216,1.4363,0.0,0,13.1591,2.1525,58.228,0.0,True,24.5,8780,5.0285,2.58
google,1500,20,linear,True,False,10.0,0.4,0.3,0.3,0,0,US-CAL,0,HHO,random,3,0.3333333333333333,E26,16.49,95.45,39,2.756245,86.68,1.8663,0.0,0,13.1091,2.1443,60.271,0.0,True,24.5,8894,5.0884,2.78
google,1500,20,linear,True,False,10.0,0.4,0.3,0.3,0,0,US-CAL,0,HHO,random,4,0.3333333333333333,E26,16.49,95.45,39,2.75129,86.7039,2.0426,0.0,0,13.0591,2.1294,60.258,0.0,True,24.5,9094,5.213,2.99
google,1500,10,linear,True,False,10.0,0.4,0.3,0.3,0,0,US-CAL,1,WOA,random,2,0.3333333333333333,E26,16.49,95.45,39,2.160098,86.6136,1.4818,0.0,0,13.1091,2.1458,67.901,0.0,True,25.0,4840,3.3884,2.5
google,1500,10,linear,True,False,10.0,0.4,0.3,0.3,0,0,US-CAL,1,WOA,random,3,0.3333333333333333,E26,16.49,95.45,39,2.160871,86.6088,1.4466,0.0,0,12.9091,2.1231,72.25,0.0,True,24.5,4840,3.3373,2.5
google,1500,10,linear,True,False,10.0,0.4,0.3,0.3,0,0,US-CAL,1,WOA,random,4,0.3333333333333333,E26,16.49,95.45,39,2.195605,86.3936,-0.1376,0.0,0,12.9591,2.133,71.928,0.0,True,26.0,4840,3.3454,2.54
google,1500,10,linear,True,False,10.0,0.4,0.3,0.3,0,0,US-CAL,1,WOA,random,5,0.3333333333333333,E26,16.49,95.45,39,2.209523,86.3073,-0.7724,0.0,0,13.1091,2.1488,67.197,0.0,True,25.5,4840,3.3922,2.48
google,1500,10,linear,True,False,10.0,0.4,0.3,0.3,0,0,US-CAL,1,WOA,random,6,0.3333333333333333,E26,16.49,95.45,39,2.191284,86.4203,0.0595,0.0,0,13.1091,2.1533,68.325,0.0,True,25.5,4840,3.3619,2.56
google,1500,10,linear,True,False,10.0,0.4,0.3,0.3,0,0,US-CAL,1,WOA,random,7,0.3333333333333333,E26,16.49,95.45,39,2.200828,86.3612,-0.3758,0.0,0,13.1091,2.1574,69.4,0.0,True,25.0,4840,3.3862,2.64
google,1500,10,linear,True,False,10.0,0.4,0.3,0.3,0,0,US-CAL,1,WOA,random,8,0.3333333333333333,E26,16.49,95.45,39,2.187645,86.4429,0.2255,0.0,0,13.1091,2.1488,66.959,0.0,True,25.5,4840,3.3749,2.4
google,1500,10,linear,True,False,10.0,0.4,0.3,0.3,0,0,US-CAL,1,WOA,random,9,0.3333333333333333,E26,16.49,95.45,39,2.147735,86.6902,2.0457,0.0,0,12.9591,2.1231,74.258,0.0,True,25.0,4840,3.3575,2.36
google,1500,20,linear,True,False,10.0,0.4,0.3,0.3,0,0,US-CAL,0,HHO,random,5,0.3333333333333333,E26,16.49,95.45,39,2.744064,86.7389,2.2999,0.0,0,13.1091,2.1444,58.983,0.0,True,24.5,8986,5.1998,2.51
google,1500,20,linear,True,False,10.0,0.4,0.3,0.3,0,0,US-CAL,0,HHO,random,6,0.3333333333333333,E26,16.49,95.45,39,2.750209,86.7092,2.0811,0.0,0,12.9091,2.1343,73.023,0.0,True,24.5,8968,5.0758,2.8
google,1500,20,linear,True,False,10.0,0.4,0.3,0.3,0,0,US-CAL,0,HHO,random,7,0.3333333333333333,E26,16.49,95.45,39,2.758657,86.6683,1.7804,0.0,0,13.1591,2.1523,61.149,0.0,True,24.5,8946,5.1026,2.73
google,1500,20,linear,True,False,10.0,0.4,0.3,0.3,0,0,US-CAL,0,HHO,random,8,0.3333333333333333,E26,16.49,95.45,39,2.761727,86.6535,1.6711,0.0,0,13.1091,2.1489,61.706,0.0,True,24.5,8872,5.0489,2.65
google,1500,20,linear,True,False,10.0,0.4,0.3,0.3,0,0,US-CAL,0,HHO,random,9,0.3333333333333333,E26,16.49,95.45,39,2.734365,86.7857,2.6453,0.0,0,13.0091,2.1225,61.268,0.0,True,24.5,8790,5.0357,2.75
google,1500,20,linear,True,False,10.0,0.4,0.3,0.3,0,0,US-CAL,0,HHO,random,10,0.3333333333333333,E26,16.49,95.45,39,2.742986,86.7441,2.3383,0.0,0,13.1091,2.1443,59.193,0.0,True,24.5,8942,5.1159,2.89
google,1500,20,linear,True,False,10.0,0.4,0.3,0.3,0,0,US-CAL,0,GA,random,1,0.3333333333333333,E26,16.49,95.45,39,2.793072,86.502,0.5551,0.0,0,12.7591,2.1233,80.897,0.0,True,26.0,4840,5.8035,3.97
google,1500,20,linear,True,False,10.0,0.4,0.3,0.3,0,0,US-CAL,0,GA,random,2,0.3333333333333333,E26,16.49,95.45,39,2.73648,86.7755,2.57,0.0,0,12.7591,2.1314,80.943,0.0,True,25.5,4840,5.7846,4.02
google,1500,10,linear,True,False,10.0,0.4,0.3,0.3,0,0,US-CAL,1,WOA,carbon,6,0.3333333333333333,E26,16.49,95.45,39,2.073398,87.1509,5.4361,0.0,0,13.0091,2.1479,72.878,0.0,True,26.0,4840,3.3332,2.51
google,1500,10,linear,True,False,10.0,0.4,0.3,0.3,0,0,US-CAL,1,WOA,carbon,7,0.3333333333333333,E26,16.49,95.45,39,2.000356,87.6036,8.7674,0.0,0,12.9591,2.1336,71.291,0.0,True,25.0,4840,3.3379,2.77
google,1500,10,linear,True,False,10.0,0.4,0.3,0.3,0,0,US-CAL,1,WOA,carbon,8,0.3333333333333333,E26,16.49,95.45,39,2.08073,87.1055,5.1017,0.0,0,12.9591,2.1158,73.251,0.0,True,26.0,4840,3.315,2.52
google,1500,10,linear,True,False,10.0,0.4,0.3,0.3,0,0,US-CAL,1,WOA,carbon,9,0.3333333333333333,E26,16.49,95.45,39,2.09393,87.0237,4.4996,0.0,0,13.0591,2.151,70.854,0.0,True,25.0,4840,3.3444,2.42
google,1500,10,linear,True,False,10.0,0.4,0.3,0.3,0,0,US-CAL,1,WOA,carbon,10,0.3333333333333333,E26,16.49,95.45,39,2.069702,87.1738,5.6046,0.0,0,12.8591,2.1186,74.944,0.0,True,24.5,4840,3.3532,2.47
google,1500,20,linear,True,False,10.0,0.4,0.3,0.3,0,0,US-CAL,1,FIFO,-,0,0.3333333333333333,E26,16.49,95.45,39,16.136523,0.0,-635.9577,0.0,0,95.9591,15.66,5.308,0.0,True,24.5,0,0.0,0.0
google,1500,20,linear,True,False,10.0,0.4,0.3,0.3,0,0,US-CAL,1,Consolidation,-,0,0.3333333333333333,E26,16.49,95.45,39,2.192588,86.4123,0.0,0.0,0,13.3091,2.1675,55.842,0.0,True,24.5,0,0.0,0.0
google,1500,20,linear,True,False,10.0,0.4,0.3,0.3,0,0,US-CAL,1,Greedy(EDF+greenest),-,0,0.3333333333333333,E26,16.49,95.45,39,1.572977,90.2521,28.2593,0.0,0,12.6591,2.1002,59.76,8.9439,False,24.5,0,0.0002,0.0
google,1500,10,linear,True,False,10.0,0.4,0.3,0.3,0,0,US-CAL,1,GWO,random,8,0.3333333333333333,E26,16.49,95.45,39,2.072331,87.1575,5.4847,0.0,0,12.7591,2.1167,80.085,0.0,True,25.0,4840,3.8581,3.17
google,1500,10,linear,True,False,10.0,0.4,0.3,0.3,0,0,US-CAL,1,GWO,random,9,0.3333333333333333,E26,16.49,95.45,39,2.06926,87.1765,5.6248,0.0,0,12.7591,2.1184,78.966,0.0,True,25.5,4840,3.8464,3.22
google,1500,10,linear,True,False,10.0,0.4,0.3,0.3,0,0,US-CAL,1,GWO,random,10,0.3333333333333333,E26,16.49,95.45,39,2.071837,87.1606,5.5073,0.0,0,12.6091,2.0899,82.542,0.0,True,25.0,4840,3.8442,3.25
google,1500,10,linear,True,False,10.0,0.4,0.3,0.3,0,0,US-CAL,1,PSO,random,1,0.3333333333333333,E26,16.49,95.45,39,2.389211,85.1938,-8.9676,0.0,0,13.0591,2.1739,77.33,0.0,True,26.5,4840,3.4322,4.3
google,1500,10,linear,True,False,10.0,0.4,0.3,0.3,0,0,US-CAL,1,PSO,random,2,0.3333333333333333,E26,16.49,95.45,39,2.301444,85.7377,-4.9647,0.0,0,12.8591,2.1361,81.445,0.0,True,26.0,4840,3.4395,4.81
google,1500,10,linear,True,False,10.0,0.4,0.3,0.3,0,0,US-CAL,1,PSO,random,3,0.3333333333333333,E26,16.49,95.45,39,2.327863,85.574,-6.1696,0.0,0,13.0591,2.1719,77.163,0.0,True,26.0,4840,3.4329,4.75
google,1500,10,linear,True,False,10.0,0.4,0.3,0.3,0,0,US-CAL,1,PSO,random,4,0.3333333333333333,E26,16.49,95.45,39,2.359442,85.3782,-7.6099,0.0,0,12.9591,2.1614,78.534,0.0,True,26.5,4840,3.4388,4.3
google,1500,10,linear,True,False,10.0,0.4,0.3,0.3,0,0,US-CAL,1,PSO,random,5,0.3333333333333333,E26,16.49,95.45,39,2.337423,85.5147,-6.6057,0.0,0,12.9591,2.1563,77.664,0.0,True,26.0,4840,3.4269,4.56
google,1500,10,linear,True,False,10.0,0.4,0.3,0.3,0,0,US-CAL,1,PSO,random,6,0.3333333333333333,E26,16.49,95.45,39,2.37148,85.3036,-8.1589,0.0,0,13.1091,2.1724,75.949,0.0,True,27.0,4840,3.4709,4.59
google,1500,10,linear,True,False,10.0,0.4,0.3,0.3,0,0,US-CAL,1,PSO,random,7,0.3333333333333333,E26,16.49,95.45,39,2.405962,85.09,-9.7316,0.0,0,13.0091,2.1518,77.323,0.0,True,26.5,4840,3.4521,4.37
google,1500,10,linear,True,False,10.0,0.4,0.3,0.3,0,0,US-CAL,1,PSO,random,8,0.3333333333333333,E26,16.49,95.45,39,2.404457,85.0993,-9.663,0.0,0,13.0591,2.1737,77.032,0.0,True,26.0,4840,3.4527,4.22
google,1500,10,linear,True,False,10.0,0.4,0.3,0.3,0,0,US-CAL,1,PSO,random,9,0.3333333333333333,E26,16.49,95.45,39,2.409199,85.0699,-9.8792,0.0,0,13.0091,2.1546,77.287,0.0,True,27.5,4840,3.4677,4.33
google,1500,10,linear,True,False,10.0,0.4,0.3,0.3,0,0,US-CAL,1,PSO,random,10,0.3333333333333333,E26,16.49,95.45,39,2.34748,85.4524,-7.0643,0.0,0,12.9091,2.1293,79.16,0.0,True,27.0,4840,3.475,4.42
google,1500,10,linear,True,False,10.0,0.4,0.3,0.3,0,0,US-CAL,1,DE,random,1,0.3333333333333333,E26,16.49,95.45,39,2.280073,85.8701,-3.99,0.0,0,12.7091,2.1136,81.67,0.0,True,26.0,4840,3.3396,3.72
google,1500,10,linear,True,False,10.0,0.4,0.3,0.3,0,0,US-CAL,1,DE,random,2,0.3333333333333333,E26,16.49,95.45,39,2.273298,85.9121,-3.681,0.0,0,12.7091,2.1049,82.331,0.0,True,26.5,4840,3.3312,3.6
google,1500,10,linear,True,False,10.0,0.4,0.3,0.3,0,0,US-CAL,1,DE,random,3,0.3333333333333333,E26,16.49,95.45,39,2.214662,86.2755,-1.0067,0.0,0,12.6591,2.0871,83.241,0.0,True,26.0,4840,3.3417,3.27
google,1500,20,linear,True,False,10.0,0.4,0.3,0.3,0,0,US-CAL,0,GA,random,3,0.3333333333333333,E26,16.49,95.45,39,2.767419,86.626,1.4684,0.0,0,12.7091,2.1152,82.599,0.0,True,25.5,4840,5.88,3.92
google,1500,20,linear,True,False,10.0,0.4,0.3,0.3,0,0,US-CAL,0,GA,random,4,0.3333333333333333,E26,16.49,95.45,39,2.757506,86.6739,1.8213,0.0,0,12.7591,2.1364,81.619,0.0,True,25.5,4840,5.8055,3.95
google,1500,20,linear,True,False,10.0,0.4,0.3,0.3,0,0,US-CAL,0,GA,random,5,0.3333333333333333,E26,16.49,95.45,39,2.812664,86.4073,-0.1425,0.0,0,12.8591,2.1214,80.53,0.0,True,25.5,4840,5.8174,3.81
google,1500,20,linear,True,False,10.0,0.4,0.3,0.3,0,0,US-CAL,0,GA,random,6,0.3333333333333333,E26,16.49,95.45,39,2.795458,86.4905,0.4701,0.0,0,12.7591,2.1166,82.677,0.0,True,25.5,4840,5.7831,4.04
google,1500,20,linear,True,False,10.0,0.4,0.3,0.3,0,0,US-CAL,0,GA,random,7,0.3333333333333333,E26,16.49,95.45,39,2.773705,86.5956,1.2446,0.0,0,12.7591,2.1147,82.307,0.0,True,25.0,4840,5.7861,3.93
google,1500,20,linear,True,False,10.0,0.4,0.3,0.3,0,0,US-CAL,0,GA,random,8,0.3333333333333333,E26,16.49,95.45,39,2.800792,86.4647,0.2802,0.0,0,12.6591,2.1008,84.636,0.0,True,25.5,4840,5.8093,3.9
google,1500,20,linear,True,False,10.0,0.4,0.3,0.3,0,0,US-CAL,0,GA,random,9,0.3333333333333333,E26,16.49,95.45,39,2.734514,86.785,2.64,0.0,0,12.7591,2.1233,81.559,0.0,True,25.5,4840,5.8147,4.04
google,1500,20,linear,True,False,10.0,0.4,0.3,0.3,0,0,US-CAL,0,GA,random,10,0.3333333333333333,E26,16.49,95.45,39,2.771429,86.6066,1.3256,0.0,0,12.9091,2.1503,80.032,0.0,True,26.0,4840,5.802,4.0
google,1500,10,linear,True,False,10.0,0.4,0.3,0.3,0,0,US-CAL,1,WOA,random,10,0.3333333333333333,E26,16.49,95.45,39,2.131739,86.7894,2.7752,0.0,0,12.8091,2.1066,75.378,0.0,True,25.0,4840,3.6215,2.54
google,1500,10,linear,True,False,10.0,0.4,0.3,0.3,0,0,US-CAL,1,GWO,random,1,0.3333333333333333,E26,16.49,95.45,39,2.146814,86.6959,2.0877,0.0,0,12.8091,2.1211,78.779,0.0,True,25.5,4840,4.122,3.09
google,1500,10,linear,True,False,10.0,0.4,0.3,0.3,0,0,US-CAL,1,GWO,random,2,0.3333333333333333,E26,16.49,95.45,39,2.075135,87.1401,5.3568,0.0,0,12.7591,2.1109,78.916,0.0,True,25.0,4840,4.123,3.06
google,1500,10,linear,True,False,10.0,0.4,0.3,0.3,0,0,US-CAL,1,GWO,random,3,0.3333333333333333,E26,16.49,95.45,39,2.08991,87.0486,4.683,0.0,0,12.7091,2.1004,80.016,0.0,True,25.0,4840,4.1281,3.01
google,1500,10,linear,True,False,10.0,0.4,0.3,0.3,0,0,US-CAL,1,GWO,random,4,0.3333333333333333,E26,16.49,95.45,39,2.116791,86.882,3.457,0.0,0,12.9091,2.1283,78.418,0.0,True,25.0,4840,4.1343,2.9
google,1500,10,linear,True,False,10.0,0.4,0.3,0.3,0,0,US-CAL,1,GWO,random,5,0.3333333333333333,E26,16.49,95.45,39,2.158557,86.6232,1.5521,0.0,0,12.9591,2.1661,77.643,0.0,True,25.0,4840,4.132,2.78
google,1500,10,linear,True,False,10.0,0.4,0.3,0.3,0,0,US-CAL,1,GWO,random,6,0.3333333333333333,E26,16.49,95.45,39,2.082376,87.0953,5.0266,0.0,0,12.8091,2.1269,77.319,0.0,True,25.5,4840,4.1281,3.17
google,1500,10,linear,True,False,10.0,0.4,0.3,0.3,0,0,US-CAL,1,GWO,random,7,0.3333333333333333,E26,16.49,95.45,39,2.076391,87.1324,5.2996,0.0,0,12.8091,2.1332,79.145,0.0,True,25.0,4840,4.1368,3.01
google,1500,10,linear,True,False,10.0,0.4,0.3,0.3,0,0,US-CAL,1,DE,random,4,0.3333333333333333,E26,16.49,95.45,39,2.291179,85.8013,-4.4965,0.0,0,12.7091,2.0963,83.272,0.0,True,25.5,4840,3.5086,3.63
google,1500,10,linear,True,False,10.0,0.4,0.3,0.3,0,0,US-CAL,1,DE,random,5,0.3333333333333333,E26,16.49,95.45,39,2.231863,86.1689,-1.7912,0.0,0,12.7591,2.1244,81.464,0.0,True,26.0,4840,3.4979,3.19
google,1500,10,linear,True,False,10.0,0.4,0.3,0.3,0,0,US-CAL,1,DE,random,6,0.3333333333333333,E26,16.49,95.45,39,2.274889,85.9022,-3.7536,0.0,0,12.6591,2.0918,84.496,0.0,True,25.5,4840,3.5111,3.52
google,1500,10,linear,True,False,10.0,0.4,0.3,0.3,0,0,US-CAL,1,DE,random,7,0.3333333333333333,E26,16.49,95.45,39,2.284338,85.8437,-4.1845,0.0,0,12.7091,2.1175,80.751,0.0,True,26.5,4840,3.4947,3.33
google,1500,10,linear,True,False,10.0,0.4,0.3,0.3,0,0,US-CAL,1,DE,random,8,0.3333333333333333,E26,16.49,95.45,39,2.231432,86.1715,-1.7716,0.0,0,12.7091,2.1032,83.019,0.0,True,25.5,4840,3.5107,3.18
google,1500,10,linear,True,False,10.0,0.4,0.3,0.3,0,0,US-CAL,1,DE,random,9,0.3333333333333333,E26,16.49,95.45,39,2.317262,85.6396,-5.6861,0.0,0,12.7091,2.1079,83.733,0.0,True,25.5,4840,3.4978,3.21
google,1500,10,linear,True,False,10.0,0.4,0.3,0.3,0,0,US-CAL,1,DE,random,10,0.3333333333333333,E26,16.49,95.45,39,2.293483,85.787,-4.6016,0.0,0,12.7591,2.1222,81.948,0.0,True,26.0,4840,3.5,2.89
google,1500,10,linear,True,False,10.0,0.4,0.3,0.3,0,0,US-CAL,1,HHO,random,1,0.3333333333333333,E26,16.49,95.45,39,2.154282,86.6497,1.7471,0.0,0,13.0091,2.1278,70.382,0.0,True,25.0,8910,5.3304,2.31
google,1500,20,linear,True,False,10.0,0.4,0.3,0.3,0,0,US-CAL,1,VCC(Google),-,0,0.3333333333333333,E26,16.49,95.45,39,2.192588,86.4123,0.0,0.0,0,13.3091,2.1675,55.842,0.0,True,24.5,0,0.0046,0.0
google,1500,20,linear,True,False,10.0,0.4,0.3,0.3,0,0,US-CAL,1,Threshold(WaitAwhile),-,0,0.3333333333333333,E26,16.49,95.45,39,1.613042,90.0038,26.4321,0.0,0,12.9091,2.3013,53.681,8.9439,False,24.5,0,0.0214,0.0
google,1500,20,linear,True,False,10.0,0.4,0.3,0.3,0,0,US-CAL,1,WOA,random,1,0.3333333333333333,E26,16.49,95.45,39,2.154722,86.6469,1.727,0.0,0,13.1591,2.1525,58.176,0.0,True,24.5,4840,3.3752,2.58
google,1500,20,linear,True,False,10.0,0.4,0.3,0.3,0,0,US-CAL,1,WOA,random,2,0.3333333333333333,E26,16.49,95.45,39,2.164789,86.5845,1.2679,0.0,0,13.2091,2.1594,57.337,0.0,True,24.5,4840,3.3608,2.37
google,1500,20,linear,True,False,10.0,0.4,0.3,0.3,0,0,US-CAL,1,WOA,random,3,0.3333333333333333,E26,16.49,95.45,39,2.132403,86.7852,2.7449,0.0,0,12.9591,2.1437,71.41,0.0,True,25.0,4840,3.3487,2.52
google,1500,20,linear,True,False,10.0,0.4,0.3,0.3,0,0,US-CAL,1,WOA,random,4,0.3333333333333333,E26,16.49,95.45,39,2.165207,86.582,1.2488,0.0,0,13.1591,2.145,57.157,0.0,True,24.5,4840,3.3435,2.51
google,1500,20,linear,True,False,10.0,0.4,0.3,0.3,0,0,US-CAL,1,WOA,random,5,0.3333333333333333,E26,16.49,95.45,39,2.15894,86.6208,1.5347,0.0,0,13.2091,2.168,57.501,0.0,True,24.5,4840,3.3715,2.56
google,1500,20,linear,True,False,10.0,0.4,0.3,0.3,0,0,US-CAL,1,WOA,random,6,0.3333333333333333,E26,16.49,95.45,39,2.155324,86.6432,1.6996,0.0,0,13.1591,2.1525,56.468,0.0,True,24.5,4840,3.3593,2.44
google,1500,10,linear,True,False,10.0,0.4,0.3,0.3,0,0,US-CAL,1,GA,random,8,0.3333333333333333,E26,16.49,95.45,39,2.141284,86.7302,2.3399,0.0,0,12.8591,2.1601,79.725,0.0,True,25.5,4840,5.8674,4.03
google,1500,10,linear,True,False,10.0,0.4,0.3,0.3,0,0,US-CAL,1,GA,random,9,0.3333333333333333,E26,16.49,95.45,39,2.118794,86.8696,3.3656,0.0,0,12.8091,2.1353,80.235,0.0,True,25.5,4840,5.8205,3.92
google,1500,10,linear,True,False,10.0,0.4,0.3,0.3,0,0,US-CAL,1,GA,random,10,0.3333333333333333,E26,16.49,95.45,39,2.104497,86.9582,4.0177,0.0,0,12.6091,2.1107,84.244,0.0,True,25.5,4840,5.8126,4.02
google,1500,10,linear,True,False,10.0,0.4,0.3,0.3,0,0,US-CAL,1,WOA,carbon,1,0.3333333333333333,E26,16.49,95.45,39,2.068484,87.1814,5.6602,0.0,0,12.9591,2.1147,71.815,0.0,True,24.5,4840,3.3468,2.48
google,1500,10,linear,True,False,10.0,0.4,0.3,0.3,0,0,US-CAL,1,WOA,carbon,2,0.3333333333333333,E26,16.49,95.45,39,2.085786,87.0741,4.8711,0.0,0,13.0091,2.1233,72.643,0.0,True,25.5,4840,3.3463,2.56
google,1500,10,linear,True,False,10.0,0.4,0.3,0.3,0,0,US-CAL,1,WOA,carbon,3,0.3333333333333333,E26,16.49,95.45,39,2.082778,87.0928,5.0082,0.0,0,12.8591,2.1135,76.511,0.0,True,25.0,4840,3.3631,2.34
google,1500,10,linear,True,False,10.0,0.4,0.3,0.3,0,0,US-CAL,1,WOA,carbon,4,0.3333333333333333,E26,16.49,95.45,39,2.064701,87.2048,5.8327,0.0,0,13.0091,2.1314,72.225,0.0,True,25.0,4840,3.3419,2.58
google,1500,10,linear,True,False,10.0,0.4,0.3,0.3,0,0,US-CAL,1,WOA,carbon,5,0.3333333333333333,E26,16.49,95.45,39,2.141013,86.7319,2.3523,0.0,0,12.8591,2.1162,75.432,0.0,True,24.5,4840,3.3471,2.63
google,1500,10,linear,True,False,10.0,0.4,0.3,0.3,0,0,US-CAL,2,FIFO,-,0,0.3333333333333333,E26,16.49,95.45,39,16.215586,0.0,-638.5623,0.0,0,95.9591,15.66,5.308,8.9738,False,24.5,0,0.0,0.0
google,1500,10,linear,True,False,10.0,0.4,0.3,0.3,0,0,US-CAL,2,Consolidation,-,0,0.3333333333333333,E26,16.49,95.45,39,2.195561,86.4602,0.0,0.0,0,13.3091,2.1675,55.842,8.9738,False,24.5,0,0.0,0.0
google,1500,10,linear,True,False,10.0,0.4,0.3,0.3,0,0,US-CAL,2,Greedy(EDF+greenest),-,0,0.3333333333333333,E26,16.49,95.45,39,1.57418,90.2922,28.3017,0.0,0,12.8091,2.2788,56.912,18.5476,False,24.5,0,0.0002,0.0
google,1500,10,linear,True,False,10.0,0.4,0.3,0.3,0,0,US-CAL,2,VCC(Google),-,0,0.3333333333333333,E26,16.49,95.45,39,2.21074,86.3666,-0.6914,0.0,0,13.2091,2.1525,59.962,0.0,True,24.5,0,0.0052,0.0
google,1500,10,linear,True,False,10.0,0.4,0.3,0.3,0,0,US-CAL,2,Threshold(WaitAwhile),-,0,0.3333333333333333,E26,16.49,95.45,39,1.592983,90.1762,27.4453,0.0,0,12.9091,2.2938,54.129,17.8655,False,24.5,0,0.0224,0.0
google,1500,10,linear,True,False,10.0,0.4,0.3,0.3,0,0,US-CAL,2,WOA,random,1,0.3333333333333333,E26,16.49,95.45,39,2.126691,86.8849,3.1368,0.0,0,13.0091,2.1325,71.557,0.0,True,25.0,4840,3.4091,2.46
google,1500,10,linear,True,False,10.0,0.4,0.3,0.3,0,0,US-CAL,2,WOA,random,2,0.3333333333333333,E26,16.49,95.45,39,2.121962,86.9141,3.3522,0.0,0,12.9591,2.125,72.694,0.0,True,25.5,4840,3.3705,2.56
google,1500,10,linear,True,False,10.0,0.4,0.3,0.3,0,0,US-CAL,2,WOA,random,3,0.3333333333333333,E26,16.49,95.45,39,2.121962,86.9141,3.3522,0.0,0,13.0091,2.1392,70.749,0.0,True,26.0,4840,3.3627,2.36
google,1500,10,linear,True,False,10.0,0.4,0.3,0.3,0,0,US-CAL,1,HHO,random,2,0.3333333333333333,E26,16.49,95.45,39,2.173482,86.5307,0.8714,0.0,0,13.0591,2.1332,68.384,0.0,True,25.5,8780,5.3469,2.63
google,1500,10,linear,True,False,10.0,0.4,0.3,0.3,0,0,US-CAL,1,HHO,random,3,0.3333333333333333,E26,16.49,95.45,39,2.132064,86.7873,2.7604,0.0,0,12.9091,2.1139,73.091,0.0,True,25.5,8894,5.3159,2.59
google,1500,10,linear,True,False,10.0,0.4,0.3,0.3,0,0,US-CAL,1,HHO,random,4,0.3333333333333333,E26,16.49,95.45,39,2.156329,86.637,1.6537,0.0,0,13.0091,2.1405,69.667,0.0,True,25.0,9094,5.4376,2.49
google,1500,10,linear,True,False,10.0,0.4,0.3,0.3,0,0,US-CAL,1,HHO,random,5,0.3333333333333333,E26,16.49,95.45,39,2.144503,86.7103,2.1931,0.0,0,12.9591,2.1306,73.814,0.0,True,25.5,8986,5.3934,2.64
google,1500,10,linear,True,False,10.0,0.4,0.3,0.3,0,0,US-CAL,1,HHO,random,6,0.3333333333333333,E26,16.49,95.45,39,2.139875,86.7389,2.4041,0.0,0,12.9091,2.1262,71.985,0.0,True,24.5,8968,5.4048,2.63
google,1500,10,linear,True,False,10.0,0.4,0.3,0.3,0,0,US-CAL,1,HHO,random,7,0.3333333333333333,E26,16.49,95.45,39,2.13606,86.7626,2.5782,0.0,0,12.9091,2.1162,70.909,0.0,True,25.5,8946,5.4086,2.81
google,1500,10,linear,True,False,10.0,0.4,0.3,0.3,0,0,US-CAL,1,HHO,random,8,0.3333333333333333,E26,16.49,95.45,39,2.130744,86.7955,2.8206,0.0,0,13.0091,2.1549,70.885,0.0,True,24.5,8872,5.3384,2.81
google,1500,10,linear,True,False,10.0,0.4,0.3,0.3,0,0,US-CAL,1,HHO,random,9,0.3333333333333333,E26,16.49,95.45,39,2.130039,86.7999,2.8528,0.0,0,12.9091,2.1216,71.728,0.0,True,25.0,8790,5.3609,2.77
google,1500,20,linear,True,False,10.0,0.4,0.3,0.3,0,0,US-CAL,1,WOA,random,7,0.3333333333333333,E26,16.49,95.45,39,2.165276,86.5815,1.2457,0.0,0,13.1591,2.1525,60.35,0.0,True,24.5,4840,3.3619,2.56
google,1500,20,linear,True,False,10.0,0.4,0.3,0.3,0,0,US-CAL,1,WOA,random,8,0.3333333333333333,E26,16.49,95.45,39,2.169912,86.5528,1.0342,0.0,0,13.2091,2.16,56.627,0.0,True,24.5,4840,3.3426,2.28
google,1500,20,linear,True,False,10.0,0.4,0.3,0.3,0,0,US-CAL,1,WOA,random,9,0.3333333333333333,E26,16.49,95.45,39,2.170728,86.5477,0.997,0.0,0,13.2091,2.16,57.268,0.0,True,24.5,4840,3.3904,2.61
google,1500,20,linear,True,False,10.0,0.4,0.3,0.3,0,0,US-CAL,1,WOA,random,10,0.3333333333333333,E26,16.49,95.45,39,2.170183,86.5511,1.0219,0.0,0,13.2091,2.16,57.748,0.0,True,24.5,4840,3.37,2.66
google,1500,20,linear,True,False,10.0,0.4,0.3,0.3,0,0,US-CAL,1,GWO,random,1,0.3333333333333333,E26,16.49,95.45,39,2.146814,86.6959,2.0877,0.0,0,12.8091,2.1211,78.779,0.0,True,25.5,4840,3.8801,3.09
google,1500,20,linear,True,False,10.0,0.4,0.3,0.3,0,0,US-CAL,1,GWO,random,2,0.3333333333333333,E26,16.49,95.45,39,2.072017,87.1595,5.499,0.0,0,12.8091,2.1264,78.873,0.0,True,25.0,4840,3.8735,3.14
google,1500,20,linear,True,False,10.0,0.4,0.3,0.3,0,0,US-CAL,1,GWO,random,3,0.3333333333333333,E26,16.49,95.45,39,2.08991,87.0486,4.683,0.0,0,12.7091,2.1004,80.016,0.0,True,25.0,4840,3.8871,3.01
google,1500,20,linear,True,False,10.0,0.4,0.3,0.3,0,0,US-CAL,1,GWO,random,4,0.3333333333333333,E26,16.49,95.45,39,2.116791,86.882,3.457,0.0,0,12.9091,2.1283,78.418,0.0,True,25.0,4840,3.9465,2.89
google,1500,20,linear,True,False,10.0,0.4,0.3,0.3,0,0,US-CAL,1,DE,random,1,0.3333333333333333,E26,16.49,95.45,39,2.280073,85.8701,-3.99,0.0,0,12.7091,2.1136,81.67,0.0,True,26.0,4840,3.3559,3.72
google,1500,20,linear,True,False,10.0,0.4,0.3,0.3,0,0,US-CAL,1,DE,random,2,0.3333333333333333,E26,16.49,95.45,39,2.273298,85.9121,-3.681,0.0,0,12.7091,2.1049,82.331,0.0,True,26.5,4840,3.3353,3.6
google,1500,20,linear,True,False,10.0,0.4,0.3,0.3,0,0,US-CAL,1,DE,random,3,0.3333333333333333,E26,16.49,95.45,39,2.214662,86.2755,-1.0067,0.0,0,12.6591,2.0871,83.241,0.0,True,26.0,4840,3.3451,3.27
google,1500,20,linear,True,False,10.0,0.4,0.3,0.3,0,0,US-CAL,1,DE,random,4,0.3333333333333333,E26,16.49,95.45,39,2.291179,85.8013,-4.4965,0.0,0,12.7091,2.0963,83.272,0.0,True,25.5,4840,3.3247,3.63
google,1500,20,linear,True,False,10.0,0.4,0.3,0.3,0,0,US-CAL,1,DE,random,5,0.3333333333333333,E26,16.49,95.45,39,2.231863,86.1689,-1.7912,0.0,0,12.7591,2.1244,81.464,0.0,True,26.0,4840,3.3311,3.19
google,1500,20,linear,True,False,10.0,0.4,0.3,0.3,0,0,US-CAL,1,DE,random,6,0.3333333333333333,E26,16.49,95.45,39,2.274889,85.9022,-3.7536,0.0,0,12.6591,2.0918,84.496,0.0,True,25.5,4840,3.3221,3.52
google,1500,20,linear,True,False,10.0,0.4,0.3,0.3,0,0,US-CAL,1,DE,random,7,0.3333333333333333,E26,16.49,95.45,39,2.284338,85.8437,-4.1845,0.0,0,12.7091,2.1175,80.751,0.0,True,26.5,4840,3.3963,3.33
google,1500,20,linear,True,False,10.0,0.4,0.3,0.3,0,0,US-CAL,1,DE,random,8,0.3333333333333333,E26,16.49,95.45,39,2.231432,86.1715,-1.7716,0.0,0,12.7091,2.1032,83.019,0.0,True,25.5,4840,3.3443,3.18
google,1500,10,linear,True,False,10.0,0.4,0.3,0.3,0,0,US-CAL,1,HHO,random,10,0.3333333333333333,E26,16.49,95.45,39,2.141646,86.728,2.3234,0.0,0,13.0591,2.1565,68.343,0.0,True,25.0,8942,5.1002,2.61
google,1500,10,linear,True,False,10.0,0.4,0.3,0.3,0,0,US-CAL,1,GA,random,1,0.3333333333333333,E26,16.49,95.45,39,2.108852,86.9312,3.8191,0.0,0,12.7591,2.1342,81.705,0.0,True,25.5,4840,5.7596,4.12
google,1500,10,linear,True,False,10.0,0.4,0.3,0.3,0,0,US-CAL,1,GA,random,2,0.3333333333333333,E26,16.49,95.45,39,2.094715,87.0188,4.4638,0.0,0,12.7591,2.1239,80.909,0.0,True,26.0,4840,5.7656,3.92
google,1500,10,linear,True,False,10.0,0.4,0.3,0.3,0,0,US-CAL,1,GA,random,3,0.3333333333333333,E26,16.49,95.45,39,2.104772,86.9565,4.0052,0.0,0,12.7591,2.1298,80.55,0.0,True,26.0,4840,5.7904,4.07
google,1500,10,linear,True,False,10.0,0.4,0.3,0.3,0,0,US-CAL,1,GA,random,4,0.3333333333333333,E26,16.49,95.45,39,2.09292,87.0299,4.5457,0.0,0,12.8091,2.1445,80.146,0.0,True,25.5,4840,5.8025,4.09
google,1500,10,linear,True,False,10.0,0.4,0.3,0.3,0,0,US-CAL,1,GA,random,5,0.3333333333333333,E26,16.49,95.45,39,2.118901,86.8689,3.3608,0.0,0,12.8091,2.1411,81.17,0.0,True,25.5,4840,5.7705,3.99
google,1500,10,linear,True,False,10.0,0.4,0.3,0.3,0,0,US-CAL,1,GA,random,6,0.3333333333333333,E26,16.49,95.45,39,2.11547,86.8902,3.5172,0.0,0,12.8091,2.1241,80.014,0.0,True,25.5,4840,5.7733,4.12
google,1500,10,linear,True,False,10.0,0.4,0.3,0.3,0,0,US-CAL,1,GA,random,7,0.3333333333333333,E26,16.49,95.45,39,2.125279,86.8294,3.0699,0.0,0,12.7591,2.1132,80.357,0.0,True,25.5,4840,5.8081,4.13
google,1500,20,linear,True,False,10.0,0.4,0.3,0.3,0,0,US-CAL,1,PSO,random,3,0.3333333333333333,E26,16.49,95.45,39,2.327863,85.574,-6.1696,0.0,0,13.0591,2.1719,77.163,0.0,True,26.0,4840,3.4573,4.75
google,1500,20,linear,True,False,10.0,0.4,0.3,0.3,0,0,US-CAL,1,PSO,random,4,0.3333333333333333,E26,16.49,95.45,39,2.359442,85.3782,-7.6099,0.0,0,12.9591,2.1614,78.534,0.0,True,26.5,4840,3.4515,4.3
google,1500,20,linear,True,False,10.0,0.4,0.3,0.3,0,0,US-CAL,1,PSO,random,5,0.3333333333333333,E26,16.49,95.45,39,2.337423,85.5147,-6.6057,0.0,0,12.9591,2.1563,77.664,0.0,True,26.0,4840,3.4445,4.56
google,1500,20,linear,True,False,10.0,0.4,0.3,0.3,0,0,US-CAL,1,PSO,random,6,0.3333333333333333,E26,16.49,95.45,39,2.37148,85.3036,-8.1589,0.0,0,13.1091,2.1724,75.949,0.0,True,27.0,4840,3.4477,4.59
google,1500,20,linear,True,False,10.0,0.4,0.3,0.3,0,0,US-CAL,1,PSO,random,7,0.3333333333333333,E26,16.49,95.45,39,2.405962,85.09,-9.7316,0.0,0,13.0091,2.1518,77.323,0.0,True,26.5,4840,3.443,4.37
google,1500,20,linear,True,False,10.0,0.4,0.3,0.3,0,0,US-CAL,1,PSO,random,8,0.3333333333333333,E26,16.49,95.45,39,2.404457,85.0993,-9.663,0.0,0,13.0591,2.1737,77.032,0.0,True,26.0,4840,3.4423,4.22
google,1500,20,linear,True,False,10.0,0.4,0.3,0.3,0,0,US-CAL,1,PSO,random,9,0.3333333333333333,E26,16.49,95.45,39,2.409199,85.0699,-9.8792,0.0,0,13.0091,2.1546,77.287,0.0,True,27.5,4840,3.4595,4.33
google,1500,20,linear,True,False,10.0,0.4,0.3,0.3,0,0,US-CAL,1,PSO,random,10,0.3333333333333333,E26,16.49,95.45,39,2.34748,85.4524,-7.0643,0.0,0,12.9091,2.1293,79.16,0.0,True,27.0,4840,3.4513,4.42
google,1500,20,linear,True,False,10.0,0.4,0.3,0.3,0,0,US-CAL,1,GWO,random,5,0.3333333333333333,E26,16.49,95.45,39,2.158557,86.6232,1.5521,0.0,0,12.9591,2.1661,77.643,0.0,True,25.0,4840,3.8961,2.78
google,1500,20,linear,True,False,10.0,0.4,0.3,0.3,0,0,US-CAL,1,GWO,random,6,0.3333333333333333,E26,16.49,95.45,39,2.082376,87.0953,5.0266,0.0,0,12.8091,2.1269,77.319,0.0,True,25.5,4840,3.872,3.17
google,1500,20,linear,True,False,10.0,0.4,0.3,0.3,0,0,US-CAL,1,GWO,random,7,0.3333333333333333,E26,16.49,95.45,39,2.076391,87.1324,5.2996,0.0,0,12.8091,2.1332,79.145,0.0,True,25.0,4840,3.8811,3.01
google,1500,20,linear,True,False,10.0,0.4,0.3,0.3,0,0,US-CAL,1,GWO,random,8,0.3333333333333333,E26,16.49,95.45,39,2.072331,87.1575,5.4847,0.0,0,12.7591,2.1167,80.085,0.0,True,25.0,4840,3.8808,3.17
google,1500,20,linear,True,False,10.0,0.4,0.3,0.3,0,0,US-CAL,1,GWO,random,9,0.3333333333333333,E26,16.49,95.45,39,2.06926,87.1765,5.6248,0.0,0,12.7591,2.1184,78.966,0.0,True,25.5,4840,3.8752,3.22
google,1500,20,linear,True,False,10.0,0.4,0.3,0.3,0,0,US-CAL,1,GWO,random,10,0.3333333333333333,E26,16.49,95.45,39,2.071837,87.1606,5.5073,0.0,0,12.6091,2.0899,82.542,0.0,True,25.0,4840,3.8699,3.25
google,1500,20,linear,True,False,10.0,0.4,0.3,0.3,0,0,US-CAL,1,PSO,random,1,0.3333333333333333,E26,16.49,95.45,39,2.389211,85.1938,-8.9676,0.0,0,13.0591,2.1739,77.33,0.0,True,26.5,4840,3.5175,4.3
google,1500,20,linear,True,False,10.0,0.4,0.3,0.3,0,0,US-CAL,1,PSO,random,2,0.3333333333333333,E26,16.49,95.45,39,2.301444,85.7377,-4.9647,0.0,0,12.8591,2.1361,81.445,0.0,True,26.0,4840,3.4706,4.81
google,1500,20,linear,True,False,10.0,0.4,0.3,0.3,0,0,US-CAL,1,WOA,carbon,3,0.3333333333333333,E26,16.49,95.45,39,1.611105,90.0158,26.5204,0.0,0,12.6591,2.1077,69.737,0.0,True,24.5,4840,3.5635,2.55
google,1500,20,linear,True,False,10.0,0.4,0.3,0.3,0,0,US-CAL,1,WOA,carbon,4,0.3333333333333333,E26,16.49,95.45,39,1.625169,89.9286,25.879,0.0,0,12.7091,2.1267,68.188,0.0,True,24.5,4840,3.5364,2.6
google,1500,20,linear,True,False,10.0,0.4,0.3,0.3,0,0,US-CAL,1,WOA,carbon,5,0.3333333333333333,E26,16.49,95.45,39,1.622561,89.9448,25.9979,0.0,0,12.7091,2.1152,65.208,0.0,True,25.0,4840,3.5779,2.49
google,1500,20,linear,True,False,10.0,0.4,0.3,0.3,0,0,US-CAL,1,WOA,carbon,6,0.3333333333333333,E26,16.49,95.45,39,1.643079,89.8176,25.0621,0.0,0,12.7591,2.1302,67.473,0.0,True,24.5,4840,3.5556,2.52
google,1500,20,linear,True,False,10.0,0.4,0.3,0.3,0,0,US-CAL,1,WOA,carbon,7,0.3333333333333333,E26,16.49,95.45,39,1.637896,89.8498,25.2985,0.0,0,12.7591,2.1205,66.671,0.0,True,24.5,4840,3.609,2.63
google,1500,20,linear,True,False,10.0,0.4,0.3,0.3,0,0,US-CAL,1,WOA,carbon,8,0.3333333333333333,E26,16.49,95.45,39,1.623322,89.9401,25.9632,0.0,0,12.6591,2.1002,65.233,0.0,True,24.5,4840,3.5371,2.35
google,1500,20,linear,True,False,10.0,0.4,0.3,0.3,0,0,US-CAL,1,WOA,carbon,9,0.3333333333333333,E26,16.49,95.45,39,1.609561,90.0254,26.5908,0.0,0,12.7091,2.1175,67.415,0.0,True,24.5,4840,3.5634,2.56
google,1500,20,linear,True,False,10.0,0.4,0.3,0.3,0,0,US-CAL,1,WOA,carbon,10,0.3333333333333333,E26,16.49,95.45,39,1.607251,90.0397,26.6962,0.0,0,12.6091,2.1008,70.394,0.0,True,24.5,4840,3.5456,2.42
google,1500,20,linear,True,False,10.0,0.4,0.3,0.3,0,0,US-CAL,1,DE,random,9,0.3333333333333333,E26,16.49,95.45,39,2.317262,85.6396,-5.6861,0.0,0,12.7091,2.1079,83.733,0.0,True,25.5,4840,3.3587,3.21
google,1500,20,linear,True,False,10.0,0.4,0.3,0.3,0,0,US-CAL,1,DE,random,10,0.3333333333333333,E26,16.49,95.45,39,2.293483,85.787,-4.6016,0.0,0,12.7591,2.1222,81.948,0.0,True,26.0,4840,3.3554,2.89
google,1500,20,linear,True,False,10.0,0.4,0.3,0.3,0,0,US-CAL,1,HHO,random,1,0.3333333333333333,E26,16.49,95.45,39,2.148475,86.6856,2.0119,0.0,0,13.1091,2.1619,67.087,0.0,True,25.0,8910,5.0907,2.68
google,1500,20,linear,True,False,10.0,0.4,0.3,0.3,0,0,US-CAL,1,HHO,random,2,0.3333333333333333,E26,16.49,95.45,39,2.161801,86.6031,1.4041,0.0,0,13.1591,2.1525,58.651,0.0,True,24.5,8780,5.062,2.56
google,1500,20,linear,True,False,10.0,0.4,0.3,0.3,0,0,US-CAL,1,HHO,random,3,0.3333333333333333,E26,16.49,95.45,39,2.144325,86.7114,2.2012,0.0,0,13.0591,2.1293,62.053,0.0,True,24.5,8894,5.1079,2.83
google,1500,20,linear,True,False,10.0,0.4,0.3,0.3,0,0,US-CAL,1,HHO,random,4,0.3333333333333333,E26,16.49,95.45,39,2.155211,86.6439,1.7047,0.0,0,13.1591,2.1444,56.974,0.0,True,24.5,9094,5.2505,2.43
google,1500,20,linear,True,False,10.0,0.4,0.3,0.3,0,0,US-CAL,1,HHO,random,5,0.3333333333333333,E26,16.49,95.45,39,2.16671,86.5726,1.1803,0.0,0,12.9591,2.1203,71.089,0.0,True,26.0,8986,5.1422,2.67
google,1500,20,linear,True,False,10.0,0.4,0.3,0.3,0,0,US-CAL,1,HHO,random,6,0.3333333333333333,E26,16.49,95.45,39,2.134869,86.77,2.6325,0.0,0,12.9091,2.1343,73.309,0.0,True,24.5,8968,5.3077,2.65
google,1500,10,linear,True,False,10.0,0.4,0.3,0.3,0,0,US-CAL,2,WOA,random,4,0.3333333333333333,E26,16.49,95.45,39,2.152221,86.7275,1.974,0.0,0,12.9591,2.133,72.699,0.0,True,26.0,4840,3.3669,2.59
google,1500,10,linear,True,False,10.0,0.4,0.3,0.3,0,0,US-CAL,2,WOA,random,5,0.3333333333333333,E26,16.49,95.45,39,2.09981,87.0507,4.3611,0.0,0,12.8091,2.1006,77.673,0.0,True,26.0,4840,3.3848,2.51
google,1500,10,linear,True,False,10.0,0.4,0.3,0.3,0,0,US-CAL,2,WOA,random,6,0.3333333333333333,E26,16.49,95.45,39,2.162717,86.6627,1.4959,0.0,0,13.1091,2.1538,69.234,0.0,True,25.5,4840,3.3658,2.6
google,1500,10,linear,True,False,10.0,0.4,0.3,0.3,0,0,US-CAL,2,WOA,random,7,0.3333333333333333,E26,16.49,95.45,39,2.158971,86.6858,1.6665,0.0,0,13.0091,2.1429,72.587,0.0,True,26.0,4840,3.3835,2.53
google,1500,10,linear,True,False,10.0,0.4,0.3,0.3,0,0,US-CAL,2,WOA,random,8,0.3333333333333333,E26,16.49,95.45,39,2.148387,86.7511,2.1486,0.0,0,13.0591,2.1343,68.629,0.0,True,26.0,4840,3.371,2.44
google,1500,10,linear,True,False,10.0,0.4,0.3,0.3,0,0,US-CAL,2,WOA,random,9,0.3333333333333333,E26,16.49,95.45,39,2.116297,86.949,3.6102,0.0,0,12.9591,2.1231,74.258,0.0,True,25.0,4840,3.576,2.34
google,1500,10,linear,True,False,10.0,0.4,0.3,0.3,0,0,US-CAL,2,WOA,random,10,0.3333333333333333,E26,16.49,95.45,39,2.09622,87.0728,4.5246,0.0,0,12.8591,2.1173,75.22,0.0,True,25.0,4840,3.3676,2.64
google,1500,10,linear,True,False,10.0,0.4,0.3,0.3,0,0,US-CAL,2,GWO,random,1,0.3333333333333333,E26,16.49,95.45,39,2.040836,87.4144,7.0472,0.0,0,12.7091,2.0987,82.2,0.0,True,25.0,4840,3.8577,3.04
google,1500,10,linear,True,False,10.0,0.4,0.3,0.3,0,0,US-CAL,2,WOA,carbon,8,0.3333333333333333,E26,16.49,95.45,39,2.004848,87.6363,8.6863,0.0,0,13.0091,2.1482,72.287,0.0,True,26.0,4840,3.7468,2.47
google,1500,10,linear,True,False,10.0,0.4,0.3,0.3,0,0,US-CAL,2,WOA,carbon,9,0.3333333333333333,E26,16.49,95.45,39,1.714979,89.4239,21.8888,0.0,0,12.9591,2.2386,66.072,0.0,True,26.0,4840,3.5445,2.5
google,1500,10,linear,True,False,10.0,0.4,0.3,0.3,0,0,US-CAL,2,WOA,carbon,10,0.3333333333333333,E26,16.49,95.45,39,1.834993,88.6838,16.4226,0.0,0,13.2591,2.3214,60.304,0.0,True,25.5,4840,3.5555,2.39
google,1500,20,linear,True,False,10.0,0.4,0.3,0.3,0,0,US-CAL,2,FIFO,-,0,0.3333333333333333,E26,16.49,95.45,39,16.215586,0.0,-638.5623,0.0,0,95.9591,15.66,5.308,0.0,True,24.5,0,0.0,0.0
google,1500,20,linear,True,False,10.0,0.4,0.3,0.3,0,0,US-CAL,2,Consolidation,-,0,0.3333333333333333,E26,16.49,95.45,39,2.195561,86.4602,0.0,0.0,0,13.3091,2.1675,55.842,0.0,True,24.5,0,0.0,0.0
google,1500,20,linear,True,False,10.0,0.4,0.3,0.3,0,0,US-CAL,2,Greedy(EDF+greenest),-,0,0.3333333333333333,E26,16.49,95.45,39,1.57418,90.2922,28.3017,0.0,0,12.8091,2.2788,56.912,0.0,True,24.5,0,0.0002,0.0
google,1500,20,linear,True,False,10.0,0.4,0.3,0.3,0,0,US-CAL,2,VCC(Google),-,0,0.3333333333333333,E26,16.49,95.45,39,2.195561,86.4602,0.0,0.0,0,13.3091,2.1675,55.842,0.0,True,24.5,0,0.0048,0.0
google,1500,20,linear,True,False,10.0,0.4,0.3,0.3,0,0,US-CAL,2,Threshold(WaitAwhile),-,0,0.3333333333333333,E26,16.49,95.45,39,1.592983,90.1762,27.4453,0.0,0,12.9091,2.2938,54.129,0.0,True,24.5,0,0.0222,0.0
google,1500,20,linear,True,False,10.0,0.4,0.3,0.3,0,0,US-CAL,1,HHO,random,7,0.3333333333333333,E26,16.49,95.45,39,2.127721,86.8143,2.9585,0.0,0,12.9091,2.1261,73.528,0.0,True,24.5,8946,5.1232,2.62
google,1500,20,linear,True,False,10.0,0.4,0.3,0.3,0,0,US-CAL,1,HHO,random,8,0.3333333333333333,E26,16.49,95.45,39,2.149136,86.6815,1.9818,0.0,0,13.0591,2.142,64.174,0.0,True,24.5,8872,5.0639,2.99
google,1500,20,linear,True,False,10.0,0.4,0.3,0.3,0,0,US-CAL,1,HHO,random,9,0.3333333333333333,E26,16.49,95.45,39,2.146891,86.6955,2.0841,0.0,0,13.0091,2.1367,68.252,0.0,True,24.5,8790,4.9996,2.45
google,1500,20,linear,True,False,10.0,0.4,0.3,0.3,0,0,US-CAL,1,HHO,random,10,0.3333333333333333,E26,16.49,95.45,39,2.140545,86.7348,2.3736,0.0,0,13.1091,2.1443,58.999,0.0,True,24.5,8942,5.1038,2.61
google,1500,20,linear,True,False,10.0,0.4,0.3,0.3,0,0,US-CAL,1,GA,random,1,0.3333333333333333,E26,16.49,95.45,39,2.108852,86.9312,3.8191,0.0,0,12.7591,2.1342,81.705,0.0,True,25.5,4840,5.877,4.12
google,1500,20,linear,True,False,10.0,0.4,0.3,0.3,0,0,US-CAL,1,GA,random,2,0.3333333333333333,E26,16.49,95.45,39,2.094715,87.0188,4.4638,0.0,0,12.7591,2.1239,80.909,0.0,True,26.0,4840,5.8216,3.92
google,1500,20,linear,True,False,10.0,0.4,0.3,0.3,0,0,US-CAL,1,GA,random,3,0.3333333333333333,E26,16.49,95.45,39,2.104772,86.9565,4.0052,0.0,0,12.7591,2.1298,80.55,0.0,True,26.0,4840,6.0394,4.07
google,1500,20,linear,True,False,10.0,0.4,0.3,0.3,0,0,US-CAL,1,GA,random,4,0.3333333333333333,E26,16.49,95.45,39,2.09292,87.0299,4.5457,0.0,0,12.8091,2.1445,80.146,0.0,True,25.5,4840,5.8064,4.09
google,1500,20,linear,True,False,10.0,0.4,0.3,0.3,0,0,US-CAL,1,GA,random,5,0.3333333333333333,E26,16.49,95.45,39,2.118901,86.8689,3.3608,0.0,0,12.8091,2.1411,81.17,0.0,True,25.5,4840,6.3253,4.0
google,1500,20,linear,True,False,10.0,0.4,0.3,0.3,0,0,US-CAL,1,GA,random,6,0.3333333333333333,E26,16.49,95.45,39,2.11547,86.8902,3.5172,0.0,0,12.8091,2.1241,80.014,0.0,True,25.5,4840,6.2994,4.12
google,1500,20,linear,True,False,10.0,0.4,0.3,0.3,0,0,US-CAL,1,GA,random,7,0.3333333333333333,E26,16.49,95.45,39,2.125279,86.8294,3.0699,0.0,0,12.7591,2.1132,80.357,0.0,True,25.5,4840,6.2649,4.13
google,1500,20,linear,True,False,10.0,0.4,0.3,0.3,0,0,US-CAL,1,GA,random,8,0.3333333333333333,E26,16.49,95.45,39,2.141284,86.7302,2.3399,0.0,0,12.8591,2.1601,79.725,0.0,True,25.5,4840,6.3221,4.02
google,1500,20,linear,True,False,10.0,0.4,0.3,0.3,0,0,US-CAL,1,GA,random,9,0.3333333333333333,E26,16.49,95.45,39,2.118794,86.8696,3.3656,0.0,0,12.8091,2.1353,80.235,0.0,True,25.5,4840,6.2817,3.92
google,1500,20,linear,True,False,10.0,0.4,0.3,0.3,0,0,US-CAL,1,GA,random,10,0.3333333333333333,E26,16.49,95.45,39,2.104497,86.9582,4.0177,0.0,0,12.6091,2.1107,84.244,0.0,True,25.5,4840,6.5065,4.02
google,1500,20,linear,True,False,10.0,0.4,0.3,0.3,0,0,US-CAL,1,WOA,carbon,1,0.3333333333333333,E26,16.49,95.45,39,1.595877,90.1102,27.2149,0.0,0,12.6591,2.1077,67.835,0.0,True,24.5,4840,3.5836,2.58
google,1500,20,linear,True,False,10.0,0.4,0.3,0.3,0,0,US-CAL,1,WOA,carbon,2,0.3333333333333333,E26,16.49,95.45,39,1.592992,90.128,27.3465,0.0,0,12.6591,2.1083,68.874,0.0,True,24.5,4840,3.6074,2.36
google,1500,10,linear,True,False,10.0,0.4,0.3,0.3,0,0,US-CAL,2,GWO,random,2,0.3333333333333333,E26,16.49,95.45,39,2.037363,87.4358,7.2053,0.0,0,12.6591,2.0936,81.443,0.0,True,25.0,4840,3.9101,3.0
google,1500,10,linear,True,False,10.0,0.4,0.3,0.3,0,0,US-CAL,2,GWO,random,3,0.3333333333333333,E26,16.49,95.45,39,2.022415,87.528,7.8862,0.0,0,12.7591,2.1081,78.098,0.0,True,25.0,4840,3.8886,3.14
google,1500,10,linear,True,False,10.0,0.4,0.3,0.3,0,0,US-CAL,2,GWO,random,4,0.3333333333333333,E26,16.49,95.45,39,2.008106,87.6162,8.5379,0.0,0,12.6091,2.0826,80.658,0.0,True,25.5,4840,3.901,3.14
google,1500,10,linear,True,False,10.0,0.4,0.3,0.3,0,0,US-CAL,2,GWO,random,5,0.3333333333333333,E26,16.49,95.45,39,2.070382,87.2321,5.7015,0.0,0,12.9591,2.146,78.416,0.0,True,25.0,4840,3.9058,2.8
google,1500,10,linear,True,False,10.0,0.4,0.3,0.3,0,0,US-CAL,2,GWO,random,6,0.3333333333333333,E26,16.49,95.45,39,2.042725,87.4027,6.9611,0.0,0,12.7091,2.1011,81.759,0.0,True,25.0,4840,4.0544,3.06
google,1500,10,linear,True,False,10.0,0.4,0.3,0.3,0,0,US-CAL,2,GWO,random,7,0.3333333333333333,E26,16.49,95.45,39,2.057527,87.3114,6.287,0.0,0,12.8091,2.1182,78.401,0.0,True,25.5,4840,3.8877,3.2
google,1500,10,linear,True,False,10.0,0.4,0.3,0.3,0,0,US-CAL,2,GWO,random,8,0.3333333333333333,E26,16.49,95.45,39,2.022832,87.5254,7.8672,0.0,0,12.7091,2.0999,80.691,0.0,True,25.5,4840,3.8871,2.96
google,1500,10,linear,True,False,10.0,0.4,0.3,0.3,0,0,US-CAL,2,GWO,random,9,0.3333333333333333,E26,16.49,95.45,39,2.041907,87.4078,6.9984,0.0,0,12.8091,2.1196,78.723,0.0,True,25.5,4840,3.8876,3.09
google,1500,10,linear,True,False,10.0,0.4,0.3,0.3,0,0,US-CAL,2,PSO,random,8,0.3333333333333333,E26,16.49,95.45,39,2.238909,86.1929,-1.9743,0.0,0,12.9091,2.1527,80.119,0.0,True,25.5,4840,3.4888,4.51
google,1500,10,linear,True,False,10.0,0.4,0.3,0.3,0,0,US-CAL,2,PSO,random,9,0.3333333333333333,E26,16.49,95.45,39,2.249256,86.129,-2.4456,0.0,0,12.9091,2.142,78.026,0.0,True,27.0,4840,3.4718,4.47
google,1500,10,linear,True,False,10.0,0.4,0.3,0.3,0,0,US-CAL,2,PSO,random,10,0.3333333333333333,E26,16.49,95.45,39,2.263557,86.0409,-3.097,0.0,0,13.0591,2.1811,77.747,0.0,True,26.0,4840,3.4978,4.42
google,1500,10,linear,True,False,10.0,0.4,0.3,0.3,0,0,US-CAL,2,DE,random,1,0.3333333333333333,E26,16.49,95.45,39,2.157791,86.6931,1.7203,0.0,0,12.8091,2.127,81.332,0.0,True,26.0,4840,3.506,3.06
google,1500,10,linear,True,False,10.0,0.4,0.3,0.3,0,0,US-CAL,2,DE,random,2,0.3333333333333333,E26,16.49,95.45,39,2.157934,86.6922,1.7138,0.0,0,12.7091,2.1188,82.95,0.0,True,25.5,4840,3.3448,3.34
google,1500,10,linear,True,False,10.0,0.4,0.3,0.3,0,0,US-CAL,2,DE,random,3,0.3333333333333333,E26,16.49,95.45,39,2.153252,86.7211,1.927,0.0,0,12.5591,2.0682,85.18,0.0,True,26.0,4840,3.3455,3.26
google,1500,10,linear,True,False,10.0,0.4,0.3,0.3,0,0,US-CAL,2,DE,random,4,0.3333333333333333,E26,16.49,95.45,39,2.143143,86.7834,2.3875,0.0,0,12.5591,2.088,87.222,0.0,True,25.5,4840,3.3392,3.45
google,1500,10,linear,True,False,10.0,0.4,0.3,0.3,0,0,US-CAL,2,DE,random,5,0.3333333333333333,E26,16.49,95.45,39,2.173011,86.5992,1.0271,0.0,0,12.8591,2.1137,78.531,0.0,True,26.5,4840,3.3547,3.5
google,1500,10,linear,True,False,10.0,0.4,0.3,0.3,0,0,US-CAL,2,GWO,random,10,0.3333333333333333,E26,16.49,95.45,39,2.057848,87.3094,6.2723,0.0,0,12.7591,2.1159,79.763,0.0,True,25.5,4840,4.1184,3.16
google,1500,10,linear,True,False,10.0,0.4,0.3,0.3,0,0,US-CAL,2,PSO,random,1,0.3333333333333333,E26,16.49,95.45,39,2.205589,86.3983,-0.4567,0.0,0,12.9591,2.1409,78.172,0.0,True,26.0,4840,3.6278,4.42
google,1500,10,linear,True,False,10.0,0.4,0.3,0.3,0,0,US-CAL,2,PSO,random,2,0.3333333333333333,E26,16.49,95.45,39,2.225516,86.2755,-1.3643,0.0,0,12.9091,2.1642,79.74,0.0,True,26.0,4840,3.6177,4.74
google,1500,10,linear,True,False,10.0,0.4,0.3,0.3,0,0,US-CAL,2,PSO,random,3,0.3333333333333333,E26,16.49,95.45,39,2.227451,86.2635,-1.4525,0.0,0,13.1591,2.1921,76.236,0.0,True,26.0,4840,3.8451,4.4
google,1500,10,linear,True,False,10.0,0.4,0.3,0.3,0,0,US-CAL,2,PSO,random,4,0.3333333333333333,E26,16.49,95.45,39,2.223063,86.2906,-1.2526,0.0,0,13.0591,2.1691,77.575,0.0,True,26.0,4840,3.6149,4.51
google,1500,10,linear,True,False,10.0,0.4,0.3,0.3,0,0,US-CAL,2,PSO,random,5,0.3333333333333333,E26,16.49,95.45,39,2.21278,86.354,-0.7843,0.0,0,13.0591,2.1658,75.548,0.0,True,26.0,4840,3.6192,4.55
google,1500,10,linear,True,False,10.0,0.4,0.3,0.3,0,0,US-CAL,2,PSO,random,6,0.3333333333333333,E26,16.49,95.45,39,2.234481,86.2202,-1.7727,0.0,0,13.0091,2.1518,77.011,0.0,True,26.0,4840,3.6226,4.52
google,1500,10,linear,True,False,10.0,0.4,0.3,0.3,0,0,US-CAL,2,PSO,random,7,0.3333333333333333,E26,16.49,95.45,39,2.239753,86.1877,-2.0128,0.0,0,13.0091,2.1786,78.111,0.0,True,26.0,4840,3.6196,4.55
google,1500,10,linear,True,False,10.0,0.4,0.3,0.3,0,0,US-CAL,2,GA,random,10,0.3333333333333333,E26,16.49,95.45,39,2.005206,87.6341,8.67,0.0,0,12.8091,2.1383,80.015,0.0,True,26.0,4840,5.8487,4.11
google,1500,10,linear,True,False,10.0,0.4,0.3,0.3,0,0,US-CAL,2,WOA,carbon,1,0.3333333333333333,E26,16.49,95.45,39,1.80027,88.8979,18.0041,0.0,0,13.0591,2.2571,68.81,0.0,True,25.5,4840,3.5525,2.45
google,1500,10,linear,True,False,10.0,0.4,0.3,0.3,0,0,US-CAL,2,WOA,carbon,2,0.3333333333333333,E26,16.49,95.45,39,1.792823,88.9438,18.3433,0.0,0,13.0091,2.256,68.311,0.0,True,26.5,4840,3.3495,2.65
google,1500,10,linear,True,False,10.0,0.4,0.3,0.3,0,0,US-CAL,2,WOA,carbon,3,0.3333333333333333,E26,16.49,95.45,39,1.919012,88.1656,12.5958,0.0,0,13.0591,2.2356,71.03,0.0,True,26.0,4840,3.3419,2.42
google,1500,10,linear,True,False,10.0,0.4,0.3,0.3,0,0,US-CAL,2,WOA,carbon,4,0.3333333333333333,E26,16.49,95.45,39,2.009434,87.608,8.4774,0.0,0,12.8591,2.1143,75.714,0.0,True,25.5,4840,3.3337,2.44
google,1500,10,linear,True,False,10.0,0.4,0.3,0.3,0,0,US-CAL,2,WOA,carbon,5,0.3333333333333333,E26,16.49,95.45,39,2.030547,87.4778,7.5158,0.0,0,12.9591,2.1945,71.297,0.0,True,25.0,4840,3.3684,2.72
google,1500,10,linear,True,False,10.0,0.4,0.3,0.3,0,0,US-CAL,2,WOA,carbon,6,0.3333333333333333,E26,16.49,95.45,39,2.000554,87.6628,8.8819,0.0,0,12.9591,2.1534,72.707,0.0,True,25.5,4840,3.338,2.43
google,1500,10,linear,True,False,10.0,0.4,0.3,0.3,0,0,US-CAL,2,WOA,carbon,7,0.3333333333333333,E26,16.49,95.45,39,2.017095,87.5608,8.1285,0.0,0,12.9591,2.1539,73.354,0.0,True,25.5,4840,3.3512,2.47
google,1500,10,linear,True,False,10.0,0.4,0.3,0.3,0,0,US-CAL,2,DE,random,6,0.3333333333333333,E26,16.49,95.45,39,2.148993,86.7474,2.121,0.0,0,12.6091,2.0981,84.205,0.0,True,26.0,4840,3.3498,3.2
google,1500,10,linear,True,False,10.0,0.4,0.3,0.3,0,0,US-CAL,2,DE,random,7,0.3333333333333333,E26,16.49,95.45,39,2.176692,86.5765,0.8594,0.0,0,12.8091,2.1571,79.087,0.0,True,26.5,4840,3.3379,2.91
google,1500,10,linear,True,False,10.0,0.4,0.3,0.3,0,0,US-CAL,2,DE,random,8,0.3333333333333333,E26,16.49,95.45,39,2.17248,86.6025,1.0513,0.0,0,12.7091,2.1032,81.882,0.0,True,26.0,4840,3.5427,3.24
google,1500,10,linear,True,False,10.0,0.4,0.3,0.3,0,0,US-CAL,2,DE,random,9,0.3333333333333333,E26,16.49,95.45,39,2.143717,86.7799,2.3613,0.0,0,12.7591,2.1091,83.509,0.0,True,25.5,4840,3.3512,3.27
google,1500,10,linear,True,False,10.0,0.4,0.3,0.3,0,0,US-CAL,2,DE,random,10,0.3333333333333333,E26,16.49,95.45,39,2.125179,86.8942,3.2057,0.0,0,12.7091,2.089,83.053,0.0,True,25.5,4840,3.3305,3.27
google,1500,10,linear,True,False,10.0,0.4,0.3,0.3,0,0,US-CAL,2,HHO,random,1,0.3333333333333333,E26,16.49,95.45,39,2.116599,86.9471,3.5964,0.0,0,12.9591,2.1329,72.31,0.0,True,25.5,8910,5.0414,2.64
google,1500,10,linear,True,False,10.0,0.4,0.3,0.3,0,0,US-CAL,2,HHO,random,2,0.3333333333333333,E26,16.49,95.45,39,2.097561,87.0645,4.4636,0.0,0,12.8591,2.1105,73.369,0.0,True,25.0,8780,4.9982,2.68
google,1500,10,linear,True,False,10.0,0.4,0.3,0.3,0,0,US-CAL,2,HHO,random,3,0.3333333333333333,E26,16.49,95.45,39,2.090706,87.1068,4.7758,0.0,0,13.0091,2.1461,72.083,0.0,True,25.5,8894,5.0478,2.59
google,1500,20,linear,True,False,10.0,0.4,0.3,0.3,0,0,US-CAL,2,WOA,random,1,0.3333333333333333,E26,16.49,95.45,39,2.097131,87.0672,4.4832,0.0,0,12.8591,2.1109,75.804,0.0,True,25.0,4840,3.3775,2.53
google,1500,20,linear,True,False,10.0,0.4,0.3,0.3,0,0,US-CAL,2,WOA,random,2,0.3333333333333333,E26,16.49,95.45,39,2.111604,86.9779,3.824,0.0,0,13.0091,2.1518,71.889,0.0,True,25.5,4840,3.3785,2.44
google,1500,20,linear,True,False,10.0,0.4,0.3,0.3,0,0,US-CAL,2,WOA,random,3,0.3333333333333333,E26,16.49,95.45,39,2.089064,87.1169,4.8506,0.0,0,12.9591,2.1454,70.923,0.0,True,25.0,4840,3.3626,2.41
google,1500,20,linear,True,False,10.0,0.4,0.3,0.3,0,0,US-CAL,2,WOA,random,4,0.3333333333333333,E26,16.49,95.45,39,2.102474,87.0342,4.2398,0.0,0,13.0091,2.1473,70.423,0.0,True,25.5,4840,3.3722,2.64
google,1500,20,linear,True,False,10.0,0.4,0.3,0.3,0,0,US-CAL,2,WOA,random,5,0.3333333333333333,E26,16.49,95.45,39,2.115103,86.9564,3.6646,0.0,0,12.9591,2.1295,74.337,0.0,True,25.5,4840,3.3758,2.55
google,1500,20,linear,True,False,10.0,0.4,0.3,0.3,0,0,US-CAL,2,WOA,random,6,0.3333333333333333,E26,16.49,95.45,39,2.10718,87.0052,4.0255,0.0,0,13.0591,2.1474,68.4,0.0,True,25.0,4840,3.3606,2.64
google,1500,20,linear,True,False,10.0,0.4,0.3,0.3,0,0,US-CAL,2,WOA,random,7,0.3333333333333333,E26,16.49,95.45,39,2.130318,86.8625,2.9716,0.0,0,13.1591,2.1842,67.815,0.0,True,25.5,4840,3.3797,2.62
google,1500,20,linear,True,False,10.0,0.4,0.3,0.3,0,0,US-CAL,2,WOA,random,8,0.3333333333333333,E26,16.49,95.45,39,2.144772,86.7734,2.3133,0.0,0,13.0591,2.1326,63.937,0.0,True,25.5,4840,3.371,2.39
google,1500,10,linear,True,False,10.0,0.4,0.3,0.3,0,0,US-CAL,2,HHO,random,4,0.3333333333333333,E26,16.49,95.45,39,2.090333,87.1091,4.7928,0.0,0,12.9091,2.1458,73.332,0.0,True,25.5,9094,5.2302,2.54
google,1500,10,linear,True,False,10.0,0.4,0.3,0.3,0,0,US-CAL,2,HHO,random,5,0.3333333333333333,E26,16.49,95.45,39,2.116095,86.9502,3.6194,0.0,0,12.9591,2.1312,73.337,0.0,True,25.5,8986,5.2634,2.43
google,1500,10,linear,True,False,10.0,0.4,0.3,0.3,0,0,US-CAL,2,HHO,random,6,0.3333333333333333,E26,16.49,95.45,39,2.115861,86.9517,3.6301,0.0,0,12.9091,2.1262,72.911,0.0,True,24.5,8968,5.122,2.51
google,1500,10,linear,True,False,10.0,0.4,0.3,0.3,0,0,US-CAL,2,HHO,random,7,0.3333333333333333,E26,16.49,95.45,39,2.119195,86.9311,3.4782,0.0,0,13.0091,2.1319,71.722,0.0,True,25.5,8946,5.0808,2.77
google,1500,10,linear,True,False,10.0,0.4,0.3,0.3,0,0,US-CAL,2,HHO,random,8,0.3333333333333333,E26,16.49,95.45,39,2.09908,87.0552,4.3944,0.0,0,13.0091,2.1407,72.161,0.0,True,24.5,8872,5.0677,2.51
google,1500,10,linear,True,False,10.0,0.4,0.3,0.3,0,0,US-CAL,2,HHO,random,9,0.3333333333333333,E26,16.49,95.45,39,2.125938,86.8895,3.1711,0.0,0,12.9591,2.1306,73.861,0.0,True,25.0,8790,4.9877,2.38
google,1500,10,linear,True,False,10.0,0.4,0.3,0.3,0,0,US-CAL,2,HHO,random,10,0.3333333333333333,E26,16.49,95.45,39,2.119778,86.9275,3.4516,0.0,0,13.1591,2.1812,66.549,0.0,True,25.5,8942,5.0697,2.74
google,1500,10,linear,True,False,10.0,0.4,0.3,0.3,0,0,US-CAL,2,GA,random,1,0.3333333333333333,E26,16.49,95.45,39,2.021617,87.5329,7.9225,0.0,0,12.9091,2.1429,78.31,0.0,True,26.0,4840,5.7983,4.07
google,1500,20,linear,True,False,10.0,0.4,0.3,0.3,0,0,US-CAL,2,PSO,random,5,0.3333333333333333,E26,16.49,95.45,39,2.21278,86.354,-0.7843,0.0,0,13.0591,2.1658,75.548,0.0,True,26.0,4840,3.4629,4.56
google,1500,20,linear,True,False,10.0,0.4,0.3,0.3,0,0,US-CAL,2,PSO,random,6,0.3333333333333333,E26,16.49,95.45,39,2.234481,86.2202,-1.7727,0.0,0,13.0091,2.1518,77.011,0.0,True,26.0,4840,3.4476,4.52
google,1500,20,linear,True,False,10.0,0.4,0.3,0.3,0,0,US-CAL,2,PSO,random,7,0.3333333333333333,E26,16.49,95.45,39,2.239753,86.1877,-2.0128,0.0,0,13.0091,2.1786,78.111,0.0,True,26.0,4840,3.4517,4.55
google,1500,20,linear,True,False,10.0,0.4,0.3,0.3,0,0,US-CAL,2,PSO,random,8,0.3333333333333333,E26,16.49,95.45,39,2.238909,86.1929,-1.9743,0.0,0,12.9091,2.1527,80.119,0.0,True,25.5,4840,3.4555,4.51
google,1500,20,linear,True,False,10.0,0.4,0.3,0.3,0,0,US-CAL,2,PSO,random,9,0.3333333333333333,E26,16.49,95.45,39,2.249256,86.129,-2.4456,0.0,0,12.9091,2.142,78.026,0.0,True,27.0,4840,3.4531,4.47
google,1500,20,linear,True,False,10.0,0.4,0.3,0.3,0,0,US-CAL,2,PSO,random,10,0.3333333333333333,E26,16.49,95.45,39,2.263557,86.0409,-3.097,0.0,0,13.0591,2.1811,77.747,0.0,True,26.0,4840,3.464,4.42
google,1500,20,linear,True,False,10.0,0.4,0.3,0.3,0,0,US-CAL,2,DE,random,1,0.3333333333333333,E26,16.49,95.45,39,2.157791,86.6931,1.7203,0.0,0,12.8091,2.127,81.332,0.0,True,26.0,4840,3.3384,3.06
google,1500,20,linear,True,False,10.0,0.4,0.3,0.3,0,0,US-CAL,2,DE,random,2,0.3333333333333333,E26,16.49,95.45,39,2.157934,86.6922,1.7138,0.0,0,12.7091,2.1188,82.95,0.0,True,25.5,4840,3.342,3.34
google,1500,10,linear,True,False,10.0,0.4,0.3,0.3,0,0,US-CAL,2,GA,random,2,0.3333333333333333,E26,16.49,95.45,39,2.006437,87.6265,8.6139,0.0,0,12.9591,2.1552,78.654,0.0,True,25.5,4840,5.8266,4.13
google,1500,10,linear,True,False,10.0,0.4,0.3,0.3,0,0,US-CAL,2,GA,random,3,0.3333333333333333,E26,16.49,95.45,39,2.008614,87.6131,8.5148,0.0,0,12.7091,2.1346,82.8,0.0,True,25.5,4840,6.0283,4.04
google,1500,10,linear,True,False,10.0,0.4,0.3,0.3,0,0,US-CAL,2,GA,random,4,0.3333333333333333,E26,16.49,95.45,39,2.008797,87.6119,8.5065,0.0,0,12.8091,2.1612,81.479,0.0,True,25.5,4840,5.7836,3.99
google,1500,10,linear,True,False,10.0,0.4,0.3,0.3,0,0,US-CAL,2,GA,random,5,0.3333333333333333,E26,16.49,95.45,39,2.006472,87.6263,8.6123,0.0,0,12.6091,2.1019,84.509,0.0,True,25.5,4840,5.7948,3.96
google,1500,10,linear,True,False,10.0,0.4,0.3,0.3,0,0,US-CAL,2,GA,random,6,0.3333333333333333,E26,16.49,95.45,39,2.007483,87.62,8.5663,0.0,0,12.8091,2.1537,79.909,0.0,True,26.0,4840,5.7853,3.94
google,1500,10,linear,True,False,10.0,0.4,0.3,0.3,0,0,US-CAL,2,GA,random,7,0.3333333333333333,E26,16.49,95.45,39,1.971152,87.8441,10.221,0.0,0,12.7591,2.14,81.096,0.0,True,25.5,4840,5.7997,3.94
google,1500,10,linear,True,False,10.0,0.4,0.3,0.3,0,0,US-CAL,2,GA,random,8,0.3333333333333333,E26,16.49,95.45,39,1.998553,87.6751,8.973,0.0,0,12.8091,2.14,80.119,0.0,True,25.5,4840,5.7985,4.03
google,1500,10,linear,True,False,10.0,0.4,0.3,0.3,0,0,US-CAL,2,GA,random,9,0.3333333333333333,E26,16.49,95.45,39,2.040913,87.4139,7.0437,0.0,0,12.8091,2.1331,80.802,0.0,True,26.0,4840,5.7947,4.19
google,1500,20,linear,True,False,10.0,0.4,0.3,0.3,0,0,US-CAL,2,WOA,random,9,0.3333333333333333,E26,16.49,95.45,39,2.124301,86.8996,3.2456,0.0,0,13.0091,2.1415,70.559,0.0,True,25.5,4840,3.3691,2.61
google,1500,20,linear,True,False,10.0,0.4,0.3,0.3,0,0,US-CAL,2,WOA,random,10,0.3333333333333333,E26,16.49,95.45,39,2.120047,86.9259,3.4394,0.0,0,13.0591,2.1424,68.449,0.0,True,25.0,4840,3.3723,2.58
google,1500,20,linear,True,False,10.0,0.4,0.3,0.3,0,0,US-CAL,2,GWO,random,1,0.3333333333333333,E26,16.49,95.45,39,2.040836,87.4144,7.0472,0.0,0,12.7091,2.0987,82.2,0.0,True,25.0,4840,3.8771,3.04
google,1500,20,linear,True,False,10.0,0.4,0.3,0.3,0,0,US-CAL,2,GWO,random,2,0.3333333333333333,E26,16.49,95.45,39,2.037363,87.4358,7.2053,0.0,0,12.6591,2.0936,81.443,0.0,True,25.0,4840,3.863,2.99
google,1500,20,linear,True,False,10.0,0.4,0.3,0.3,0,0,US-CAL,2,GWO,random,3,0.3333333333333333,E26,16.49,95.45,39,2.035328,87.4483,7.2981,0.0,0,12.8591,2.1294,77.68,0.0,True,25.0,4840,3.8625,2.81
google,1500,20,linear,True,False,10.0,0.4,0.3,0.3,0,0,US-CAL,2,GWO,random,4,0.3333333333333333,E26,16.49,95.45,39,2.008106,87.6162,8.5379,0.0,0,12.6091,2.0826,80.658,0.0,True,25.5,4840,3.8642,3.12
google,1500,20,linear,True,False,10.0,0.4,0.3,0.3,0,0,US-CAL,2,GWO,random,5,0.3333333333333333,E26,16.49,95.45,39,2.070382,87.2321,5.7015,0.0,0,12.9591,2.146,78.416,0.0,True,25.0,4840,3.8623,2.78
google,1500,20,linear,True,False,10.0,0.4,0.3,0.3,0,0,US-CAL,2,GWO,random,6,0.3333333333333333,E26,16.49,95.45,39,2.042725,87.4027,6.9611,0.0,0,12.7091,2.1011,81.759,0.0,True,25.0,4840,3.8711,3.04
google,1500,10,linear,True,False,10.0,0.4,0.3,0.3,0,0,US-CAL,3,Greedy(EDF+greenest),-,0,0.3333333333333333,E26,16.49,95.45,39,1.840112,90.1061,26.9521,0.0,0,12.7591,2.2613,57.439,28.9714,False,24.5,0,0.0002,0.0
google,1500,10,linear,True,False,10.0,0.4,0.3,0.3,0,0,US-CAL,3,VCC(Google),-,0,0.3333333333333333,E26,16.49,95.45,39,2.558842,86.2416,-1.5797,0.0,0,13.2591,2.16,60.457,0.0,True,24.5,0,0.0053,0.0
google,1500,10,linear,True,False,10.0,0.4,0.3,0.3,0,0,US-CAL,3,Threshold(WaitAwhile),-,0,0.3333333333333333,E26,16.49,95.45,39,1.867555,89.9585,25.8627,0.0,0,12.9091,2.3013,53.681,26.719,False,24.5,0,0.0224,0.0
google,1500,10,linear,True,False,10.0,0.4,0.3,0.3,0,0,US-CAL,3,WOA,random,1,0.3333333333333333,E26,16.49,95.45,39,2.485474,86.6361,1.3328,0.0,0,13.0091,2.1336,73.138,0.0,True,25.5,4840,3.3785,2.45
google,1500,10,linear,True,False,10.0,0.4,0.3,0.3,0,0,US-CAL,3,WOA,random,2,0.3333333333333333,E26,16.49,95.45,39,2.479376,86.6689,1.5749,0.0,0,12.9591,2.125,72.727,0.0,True,25.5,4840,3.3449,2.67
google,1500,10,linear,True,False,10.0,0.4,0.3,0.3,0,0,US-CAL,3,WOA,random,3,0.3333333333333333,E26,16.49,95.45,39,2.463785,86.7527,2.1939,0.0,0,13.0091,2.1398,70.761,0.0,True,26.0,4840,3.3382,2.5
google,1500,10,linear,True,False,10.0,0.4,0.3,0.3,0,0,US-CAL,3,WOA,random,4,0.3333333333333333,E26,16.49,95.45,39,2.479927,86.6659,1.553,0.0,0,13.0091,2.1411,70.691,0.0,True,25.0,4840,3.3447,2.59
google,1500,10,linear,True,False,10.0,0.4,0.3,0.3,0,0,US-CAL,3,WOA,random,5,0.3333333333333333,E26,16.49,95.45,39,2.501272,86.5511,0.7057,0.0,0,13.1091,2.1504,65.986,0.0,True,24.5,4840,3.3724,2.51
google,1500,20,linear,True,False,10.0,0.4,0.3,0.3,0,0,US-CAL,2,GWO,random,7,0.3333333333333333,E26,16.49,95.45,39,2.057527,87.3114,6.287,0.0,0,12.8091,2.1182,78.401,0.0,True,25.5,4840,4.065,3.18
google,1500,20,linear,True,False,10.0,0.4,0.3,0.3,0,0,US-CAL,2,GWO,random,8,0.3333333333333333,E26,16.49,95.45,39,2.022832,87.5254,7.8672,0.0,0,12.7091,2.0999,80.691,0.0,True,25.5,4840,4.0413,2.94
google,1500,20,linear,True,False,10.0,0.4,0.3,0.3,0,0,US-CAL,2,GWO,random,9,0.3333333333333333,E26,16.49,95.45,39,2.041907,87.4078,6.9984,0.0,0,12.8091,2.1196,78.723,0.0,True,25.5,4840,4.0691,3.08
google,1500,20,linear,True,False,10.0,0.4,0.3,0.3,0,0,US-CAL,2,GWO,random,10,0.3333333333333333,E26,16.49,95.45,39,2.057848,87.3094,6.2723,0.0,0,12.7591,2.1159,79.763,0.0,True,25.5,4840,4.0445,3.16
google,1500,20,linear,True,False,10.0,0.4,0.3,0.3,0,0,US-CAL,2,PSO,random,1,0.3333333333333333,E26,16.49,95.45,39,2.205589,86.3983,-0.4567,0.0,0,12.9591,2.1409,78.172,0.0,True,26.0,4840,3.6456,4.42
google,1500,20,linear,True,False,10.0,0.4,0.3,0.3,0,0,US-CAL,2,PSO,random,2,0.3333333333333333,E26,16.49,95.45,39,2.225516,86.2755,-1.3643,0.0,0,12.9091,2.1642,79.74,0.0,True,26.0,4840,3.6358,4.74
google,1500,20,linear,True,False,10.0,0.4,0.3,0.3,0,0,US-CAL,2,PSO,random,3,0.3333333333333333,E26,16.49,95.45,39,2.227451,86.2635,-1.4525,0.0,0,13.1591,2.1921,76.236,0.0,True,26.0,4840,3.6134,4.4
google,1500,20,linear,True,False,10.0,0.4,0.3,0.3,0,0,US-CAL,2,PSO,random,4,0.3333333333333333,E26,16.49,95.45,39,2.223063,86.2906,-1.2526,0.0,0,13.0591,2.1691,77.575,0.0,True,26.0,4840,3.625,4.51
google,1500,20,linear,True,False,10.0,0.4,0.3,0.3,0,0,US-CAL,2,DE,random,3,0.3333333333333333,E26,16.49,95.45,39,2.153252,86.7211,1.927,0.0,0,12.5591,2.0682,85.18,0.0,True,26.0,4840,3.6132,3.26
google,1500,20,linear,True,False,10.0,0.4,0.3,0.3,0,0,US-CAL,2,DE,random,4,0.3333333333333333,E26,16.49,95.45,39,2.143143,86.7834,2.3875,0.0,0,12.5591,2.088,87.222,0.0,True,25.5,4840,3.5986,3.45
google,1500,20,linear,True,False,10.0,0.4,0.3,0.3,0,0,US-CAL,2,DE,random,5,0.3333333333333333,E26,16.49,95.45,39,2.173011,86.5992,1.0271,0.0,0,12.8591,2.1137,78.531,0.0,True,26.5,4840,3.6125,3.5
google,1500,20,linear,True,False,10.0,0.4,0.3,0.3,0,0,US-CAL,2,DE,random,6,0.3333333333333333,E26,16.49,95.45,39,2.148993,86.7474,2.121,0.0,0,12.6091,2.0981,84.205,0.0,True,26.0,4840,3.5899,3.2
google,1500,20,linear,True,False,10.0,0.4,0.3,0.3,0,0,US-CAL,2,DE,random,7,0.3333333333333333,E26,16.49,95.45,39,2.176692,86.5765,0.8594,0.0,0,12.8091,2.1571,79.087,0.0,True,26.5,4840,3.5865,2.91
google,1500,20,linear,True,False,10.0,0.4,0.3,0.3,0,0,US-CAL,2,DE,random,8,0.3333333333333333,E26,16.49,95.45,39,2.17248,86.6025,1.0513,0.0,0,12.7091,2.1032,81.882,0.0,True,26.0,4840,3.5918,3.24
google,1500,20,linear,True,False,10.0,0.4,0.3,0.3,0,0,US-CAL,2,DE,random,9,0.3333333333333333,E26,16.49,95.45,39,2.143717,86.7799,2.3613,0.0,0,12.7591,2.1091,83.509,0.0,True,25.5,4840,3.5981,3.27
google,1500,20,linear,True,False,10.0,0.4,0.3,0.3,0,0,US-CAL,2,DE,random,10,0.3333333333333333,E26,16.49,95.45,39,2.125179,86.8942,3.2057,0.0,0,12.7091,2.089,83.053,0.0,True,25.5,4840,3.591,3.27
google,1500,20,linear,True,False,10.0,0.4,0.3,0.3,0,0,US-CAL,2,WOA,carbon,5,0.3333333333333333,E26,16.49,95.45,39,1.57418,90.2922,28.3017,0.0,0,12.8091,2.2788,56.912,0.0,True,24.5,4840,3.3576,2.19
google,1500,20,linear,True,False,10.0,0.4,0.3,0.3,0,0,US-CAL,2,WOA,carbon,6,0.3333333333333333,E26,16.49,95.45,39,1.568382,90.3279,28.5658,0.0,0,12.7591,2.2713,59.566,0.0,True,24.5,4840,3.3426,2.24
google,1500,20,linear,True,False,10.0,0.4,0.3,0.3,0,0,US-CAL,2,WOA,carbon,7,0.3333333333333333,E26,16.49,95.45,39,1.568382,90.3279,28.5658,0.0,0,12.7591,2.2713,59.566,0.0,True,24.5,4840,3.3632,2.34
google,1500,20,linear,True,False,10.0,0.4,0.3,0.3,0,0,US-CAL,2,WOA,carbon,8,0.3333333333333333,E26,16.49,95.45,39,1.568382,90.3279,28.5658,0.0,0,12.7591,2.2713,59.566,0.0,True,24.5,4840,3.3286,2.33
google,1500,20,linear,True,False,10.0,0.4,0.3,0.3,0,0,US-CAL,2,WOA,carbon,9,0.3333333333333333,E26,16.49,95.45,39,1.568382,90.3279,28.5658,0.0,0,12.7591,2.2713,59.566,0.0,True,24.5,4840,3.3589,2.27
google,1500,20,linear,True,False,10.0,0.4,0.3,0.3,0,0,US-CAL,2,WOA,carbon,10,0.3333333333333333,E26,16.49,95.45,39,1.572583,90.302,28.3744,0.0,0,12.8091,2.2863,58.164,0.0,True,24.5,4840,3.3557,2.25
google,1500,10,linear,True,False,10.0,0.4,0.3,0.3,0,0,US-CAL,3,FIFO,-,0,0.3333333333333333,E26,16.49,95.45,39,18.598404,0.0,-638.3105,0.0,0,95.9591,15.66,5.308,8.9738,False,24.5,0,0.0,0.0
google,1500,10,linear,True,False,10.0,0.4,0.3,0.3,0,0,US-CAL,3,Consolidation,-,0,0.3333333333333333,E26,16.49,95.45,39,2.519049,86.4556,0.0,0.0,0,13.3091,2.1675,55.842,8.9738,False,24.5,0,0.0,0.0
google,1500,10,linear,True,False,10.0,0.4,0.3,0.3,0,0,US-CAL,3,WOA,carbon,10,0.3333333333333333,E26,16.49,95.45,39,2.380998,87.1978,5.4803,0.0,0,13.0091,2.1679,71.927,0.0,True,24.5,4840,3.3519,2.63
google,1500,20,linear,True,False,10.0,0.4,0.3,0.3,0,0,US-CAL,3,FIFO,-,0,0.3333333333333333,E26,16.49,95.45,39,18.598404,0.0,-638.3105,0.0,0,95.9591,15.66,5.308,0.0,True,24.5,0,0.0,0.0
google,1500,20,linear,True,False,10.0,0.4,0.3,0.3,0,0,US-CAL,3,Consolidation,-,0,0.3333333333333333,E26,16.49,95.45,39,2.519049,86.4556,0.0,0.0,0,13.3091,2.1675,55.842,0.0,True,24.5,0,0.0,0.0
google,1500,20,linear,True,False,10.0,0.4,0.3,0.3,0,0,US-CAL,3,Greedy(EDF+greenest),-,0,0.3333333333333333,E26,16.49,95.45,39,1.840112,90.1061,26.9521,0.0,0,12.7591,2.2613,57.439,8.9439,False,24.5,0,0.0002,0.0
google,1500,20,linear,True,False,10.0,0.4,0.3,0.3,0,0,US-CAL,3,VCC(Google),-,0,0.3333333333333333,E26,16.49,95.45,39,2.519049,86.4556,0.0,0.0,0,13.3091,2.1675,55.842,0.0,True,24.5,0,0.0048,0.0
google,1500,20,linear,True,False,10.0,0.4,0.3,0.3,0,0,US-CAL,3,Threshold(WaitAwhile),-,0,0.3333333333333333,E26,16.49,95.45,39,1.867555,89.9585,25.8627,0.0,0,12.9091,2.3013,53.681,8.9439,False,24.5,0,0.0227,0.0
google,1500,20,linear,True,False,10.0,0.4,0.3,0.3,0,0,US-CAL,3,WOA,random,1,0.3333333333333333,E26,16.49,95.45,39,2.46671,86.737,2.0777,0.0,0,13.0091,2.1409,74.031,0.0,True,25.0,4840,3.3507,2.42
google,1500,20,linear,True,False,10.0,0.4,0.3,0.3,0,0,US-CAL,3,WOA,random,2,0.3333333333333333,E26,16.49,95.45,39,2.487965,86.6227,1.234,0.0,0,13.2091,2.16,57.878,0.0,True,24.5,4840,3.3435,2.37
google,1500,20,linear,True,False,10.0,0.4,0.3,0.3,0,0,US-CAL,2,HHO,random,1,0.3333333333333333,E26,16.49,95.45,39,2.11897,86.9325,3.4885,0.0,0,13.1091,2.1555,68.229,0.0,True,25.0,8910,5.1132,2.65
google,1500,20,linear,True,False,10.0,0.4,0.3,0.3,0,0,US-CAL,2,HHO,random,2,0.3333333333333333,E26,16.49,95.45,39,2.117308,86.9428,3.5641,0.0,0,13.1091,2.1604,68.363,0.0,True,25.0,8780,5.02,2.53
google,1500,20,linear,True,False,10.0,0.4,0.3,0.3,0,0,US-CAL,2,HHO,random,3,0.3333333333333333,E26,16.49,95.45,39,2.114806,86.9582,3.6781,0.0,0,12.9591,2.133,70.704,0.0,True,25.5,8894,5.0805,2.72
google,1500,20,linear,True,False,10.0,0.4,0.3,0.3,0,0,US-CAL,2,HHO,random,4,0.3333333333333333,E26,16.49,95.45,39,2.137192,86.8201,2.6585,0.0,0,12.9591,2.1312,70.912,0.0,True,26.0,9094,5.1709,2.63
google,1500,20,linear,True,False,10.0,0.4,0.3,0.3,0,0,US-CAL,2,HHO,random,5,0.3333333333333333,E26,16.49,95.45,39,2.134066,86.8394,2.8009,0.0,0,13.0091,2.1353,70.679,0.0,True,26.0,8986,5.1115,2.57
google,1500,20,linear,True,False,10.0,0.4,0.3,0.3,0,0,US-CAL,2,HHO,random,6,0.3333333333333333,E26,16.49,95.45,39,2.105446,87.0159,4.1044,0.0,0,12.8591,2.1176,73.514,0.0,True,24.5,8968,5.0937,2.6
google,1500,20,linear,True,False,10.0,0.4,0.3,0.3,0,0,US-CAL,2,HHO,random,7,0.3333333333333333,E26,16.49,95.45,39,2.097825,87.0629,4.4515,0.0,0,12.9091,2.117,74.721,0.0,True,26.0,8946,5.0902,2.69
google,1500,20,linear,True,False,10.0,0.4,0.3,0.3,0,0,US-CAL,2,HHO,random,8,0.3333333333333333,E26,16.49,95.45,39,2.090522,87.1079,4.7842,0.0,0,12.9591,2.1449,73.517,0.0,True,25.0,8872,5.0489,2.63
google,1500,20,linear,True,False,10.0,0.4,0.3,0.3,0,0,US-CAL,2,GA,random,7,0.3333333333333333,E26,16.49,95.45,39,1.971152,87.8441,10.221,0.0,0,12.7591,2.14,81.096,0.0,True,25.5,4840,6.2169,3.94
google,1500,20,linear,True,False,10.0,0.4,0.3,0.3,0,0,US-CAL,2,GA,random,8,0.3333333333333333,E26,16.49,95.45,39,1.998553,87.6751,8.973,0.0,0,12.8091,2.14,80.119,0.0,True,25.5,4840,6.238,4.03
google,1500,20,linear,True,False,10.0,0.4,0.3,0.3,0,0,US-CAL,2,GA,random,9,0.3333333333333333,E26,16.49,95.45,39,2.040913,87.4139,7.0437,0.0,0,12.8091,2.1331,80.802,0.0,True,26.0,4840,6.1997,4.19
google,1500,20,linear,True,False,10.0,0.4,0.3,0.3,0,0,US-CAL,2,GA,random,10,0.3333333333333333,E26,16.49,95.45,39,2.005206,87.6341,8.67,0.0,0,12.8091,2.1383,80.015,0.0,True,26.0,4840,6.211,4.11
google,1500,20,linear,True,False,10.0,0.4,0.3,0.3,0,0,US-CAL,2,WOA,carbon,1,0.3333333333333333,E26,16.49,95.45,39,1.572115,90.3049,28.3958,0.0,0,12.7591,2.2638,60.713,0.0,True,24.5,4840,3.5487,2.42
google,1500,20,linear,True,False,10.0,0.4,0.3,0.3,0,0,US-CAL,2,WOA,carbon,2,0.3333333333333333,E26,16.49,95.45,39,1.572524,90.3024,28.3771,0.0,0,12.8091,2.2863,57.882,0.0,True,24.5,4840,3.5639,2.29
google,1500,20,linear,True,False,10.0,0.4,0.3,0.3,0,0,US-CAL,2,WOA,carbon,3,0.3333333333333333,E26,16.49,95.45,39,1.57418,90.2922,28.3017,0.0,0,12.8091,2.2788,56.912,0.0,True,24.5,4840,3.548,2.17
google,1500,20,linear,True,False,10.0,0.4,0.3,0.3,0,0,US-CAL,2,WOA,carbon,4,0.3333333333333333,E26,16.49,95.45,39,1.57418,90.2922,28.3017,0.0,0,12.8091,2.2788,57.097,0.0,True,24.5,4840,3.5346,2.34
google,1500,10,linear,True,False,10.0,0.4,0.3,0.3,0,0,US-CAL,3,WOA,random,6,0.3333333333333333,E26,16.49,95.45,39,2.505554,86.5281,0.5357,0.0,0,13.1091,2.1538,68.4,0.0,True,25.5,4840,3.3734,2.55
google,1500,10,linear,True,False,10.0,0.4,0.3,0.3,0,0,US-CAL,3,WOA,random,7,0.3333333333333333,E26,16.49,95.45,39,2.485663,86.6351,1.3253,0.0,0,13.0091,2.1354,71.902,0.0,True,25.0,4840,3.397,2.42
google,1500,10,linear,True,False,10.0,0.4,0.3,0.3,0,0,US-CAL,3,WOA,random,8,0.3333333333333333,E26,16.49,95.45,39,2.487977,86.6226,1.2335,0.0,0,13.0091,2.1257,67.883,0.0,True,25.5,4840,3.3704,2.42
google,1500,10,linear,True,False,10.0,0.4,0.3,0.3,0,0,US-CAL,3,WOA,random,9,0.3333333333333333,E26,16.49,95.45,39,2.458911,86.7789,2.3874,0.0,0,12.9591,2.1231,74.258,0.0,True,25.0,4840,3.373,2.35
google,1500,10,linear,True,False,10.0,0.4,0.3,0.3,0,0,US-CAL,3,WOA,random,10,0.3333333333333333,E26,16.49,95.45,39,2.465674,86.7426,2.1189,0.0,0,12.9591,2.1291,73.701,0.0,True,25.0,4840,3.3892,2.65
google,1500,10,linear,True,False,10.0,0.4,0.3,0.3,0,0,US-CAL,3,GWO,random,1,0.3333333333333333,E26,16.49,95.45,39,2.409802,87.043,4.3369,0.0,0,12.8591,2.141,78.839,0.0,True,25.5,4840,3.8887,2.95
google,1500,10,linear,True,False,10.0,0.4,0.3,0.3,0,0,US-CAL,3,GWO,random,2,0.3333333333333333,E26,16.49,95.45,39,2.359555,87.3131,6.3315,0.0,0,12.6091,2.0888,81.488,0.0,True,25.0,4840,3.8955,3.27
google,1500,10,linear,True,False,10.0,0.4,0.3,0.3,0,0,US-CAL,3,GWO,random,3,0.3333333333333333,E26,16.49,95.45,39,2.407297,87.0564,4.4363,0.0,0,12.8091,2.1173,79.96,0.0,True,25.5,4840,3.888,2.87
google,1500,20,linear,True,False,10.0,0.4,0.3,0.3,0,0,US-CAL,2,HHO,random,9,0.3333333333333333,E26,16.49,95.45,39,2.119628,86.9285,3.4585,0.0,0,13.0591,2.1453,68.052,0.0,True,24.5,8790,5.0445,2.6
google,1500,20,linear,True,False,10.0,0.4,0.3,0.3,0,0,US-CAL,2,HHO,random,10,0.3333333333333333,E26,16.49,95.45,39,2.136186,86.8263,2.7043,0.0,0,13.0591,2.1368,60.958,0.0,True,24.5,8942,5.092,2.82
google,1500,20,linear,True,False,10.0,0.4,0.3,0.3,0,0,US-CAL,2,GA,random,1,0.3333333333333333,E26,16.49,95.45,39,2.021617,87.5329,7.9225,0.0,0,12.9091,2.1429,78.31,0.0,True,26.0,4840,5.8271,4.07
google,1500,20,linear,True,False,10.0,0.4,0.3,0.3,0,0,US-CAL,2,GA,random,2,0.3333333333333333,E26,16.49,95.45,39,2.006437,87.6265,8.6139,0.0,0,12.9591,2.1552,78.654,0.0,True,25.5,4840,5.8581,4.13
google,1500,20,linear,True,False,10.0,0.4,0.3,0.3,0,0,US-CAL,2,GA,random,3,0.3333333333333333,E26,16.49,95.45,39,2.008614,87.6131,8.5148,0.0,0,12.7091,2.1346,82.8,0.0,True,25.5,4840,5.8338,4.04
google,1500,20,linear,True,False,10.0,0.4,0.3,0.3,0,0,US-CAL,2,GA,random,4,0.3333333333333333,E26,16.49,95.45,39,2.008797,87.6119,8.5065,0.0,0,12.8091,2.1612,81.479,0.0,True,25.5,4840,5.8306,3.99
google,1500,20,linear,True,False,10.0,0.4,0.3,0.3,0,0,US-CAL,2,GA,random,5,0.3333333333333333,E26,16.49,95.45,39,2.006472,87.6263,8.6123,0.0,0,12.6091,2.1019,84.509,0.0,True,25.5,4840,5.8233,3.96
google,1500,20,linear,True,False,10.0,0.4,0.3,0.3,0,0,US-CAL,2,GA,random,6,0.3333333333333333,E26,16.49,95.45,39,2.007483,87.62,8.5663,0.0,0,12.8091,2.1537,79.909,0.0,True,26.0,4840,5.8356,3.94
google,1500,10,linear,True,False,10.0,0.4,0.3,0.3,0,0,US-CAL,3,GWO,random,4,0.3333333333333333,E26,16.49,95.45,39,2.383569,87.184,5.3782,0.0,0,12.7591,2.1139,80.376,0.0,True,25.0,4840,3.8679,2.81
google,1500,10,linear,True,False,10.0,0.4,0.3,0.3,0,0,US-CAL,3,GWO,random,5,0.3333333333333333,E26,16.49,95.45,39,2.38567,87.1727,5.2948,0.0,0,12.7091,2.0983,80.307,0.0,True,25.0,4840,3.8548,3.31
google,1500,10,linear,True,False,10.0,0.4,0.3,0.3,0,0,US-CAL,3,GWO,random,6,0.3333333333333333,E26,16.49,95.45,39,2.418984,86.9936,3.9724,0.0,0,12.8591,2.1232,78.03,0.0,True,25.5,4840,3.8431,2.85
google,1500,10,linear,True,False,10.0,0.4,0.3,0.3,0,0,US-CAL,3,GWO,random,7,0.3333333333333333,E26,16.49,95.45,39,2.44062,86.8773,3.1135,0.0,0,12.8091,2.1012,79.569,0.0,True,25.5,4840,3.8479,2.73
google,1500,10,linear,True,False,10.0,0.4,0.3,0.3,0,0,US-CAL,3,GWO,random,8,0.3333333333333333,E26,16.49,95.45,39,2.407901,87.0532,4.4123,0.0,0,12.7591,2.1029,79.242,0.0,True,25.5,4840,3.8475,3.3
google,1500,10,linear,True,False,10.0,0.4,0.3,0.3,0,0,US-CAL,3,GWO,random,9,0.3333333333333333,E26,16.49,95.45,39,2.425032,86.9611,3.7323,0.0,0,12.8591,2.1225,77.09,0.0,True,26.0,4840,3.8435,2.95
google,1500,10,linear,True,False,10.0,0.4,0.3,0.3,0,0,US-CAL,3,GWO,random,10,0.3333333333333333,E26,16.49,95.45,39,2.402624,87.0816,4.6218,0.0,0,12.8591,2.139,78.483,0.0,True,26.0,4840,3.8443,2.99
google,1500,10,linear,True,False,10.0,0.4,0.3,0.3,0,0,US-CAL,3,PSO,random,1,0.3333333333333333,E26,16.49,95.45,39,2.725352,85.3463,-8.1897,0.0,0,13.0591,2.1833,74.803,0.0,True,27.0,4840,3.427,4.29
google,1500,10,linear,True,False,10.0,0.4,0.3,0.3,0,0,US-CAL,3,PSO,random,2,0.3333333333333333,E26,16.49,95.45,39,2.67663,85.6083,-6.2555,0.0,0,12.9591,2.1591,78.326,0.0,True,26.0,4840,3.4452,4.56
google,1500,10,linear,True,False,10.0,0.4,0.3,0.3,0,0,US-CAL,3,PSO,random,3,0.3333333333333333,E26,16.49,95.45,39,2.692925,85.5207,-6.9024,0.0,0,13.1591,2.1972,75.204,0.0,True,27.0,4840,3.4353,4.28
google,1500,10,linear,True,False,10.0,0.4,0.3,0.3,0,0,US-CAL,3,PSO,random,4,0.3333333333333333,E26,16.49,95.45,39,2.598622,86.0277,-3.1589,0.0,0,12.8091,2.1218,80.448,0.0,True,26.0,4840,3.4439,4.65
google,1500,10,linear,True,False,10.0,0.4,0.3,0.3,0,0,US-CAL,3,PSO,random,5,0.3333333333333333,E26,16.49,95.45,39,2.67791,85.6014,-6.3064,0.0,0,12.9591,2.1454,77.81,0.0,True,26.5,4840,3.4302,4.46
google,1500,10,linear,True,False,10.0,0.4,0.3,0.3,0,0,US-CAL,3,PSO,random,6,0.3333333333333333,E26,16.49,95.45,39,2.667267,85.6586,-5.8839,0.0,0,12.8591,2.119,78.403,0.0,True,26.5,4840,3.4321,4.62
google,1500,10,linear,True,False,10.0,0.4,0.3,0.3,0,0,US-CAL,3,PSO,random,7,0.3333333333333333,E26,16.49,95.45,39,2.675183,85.6161,-6.1981,0.0,0,13.0091,2.1655,76.777,0.0,True,26.5,4840,3.4294,4.24
google,1500,10,linear,True,False,10.0,0.4,0.3,0.3,0,0,US-CAL,3,PSO,random,8,0.3333333333333333,E26,16.49,95.45,39,2.701798,85.473,-7.2547,0.0,0,12.9091,2.1293,79.236,0.0,True,27.0,4840,3.427,4.47
google,1500,10,linear,True,False,10.0,0.4,0.3,0.3,0,0,US-CAL,3,PSO,random,9,0.3333333333333333,E26,16.49,95.45,39,2.670155,85.6431,-5.9985,0.0,0,13.0591,2.1651,77.391,0.0,True,27.0,4840,3.4406,4.38
google,1500,10,linear,True,False,10.0,0.4,0.3,0.3,0,0,US-CAL,3,PSO,random,10,0.3333333333333333,E26,16.49,95.45,39,2.691318,85.5293,-6.8387,0.0,0,13.1091,2.1782,76.28,0.0,True,26.5,4840,3.4526,4.29
google,1500,10,linear,True,False,10.0,0.4,0.3,0.3,0,0,US-CAL,3,DE,random,1,0.3333333333333333,E26,16.49,95.45,39,2.592808,86.059,-2.928,0.0,0,12.7591,2.1342,80.923,0.0,True,26.0,4840,3.3421,3.64
google,1500,10,linear,True,False,10.0,0.4,0.3,0.3,0,0,US-CAL,3,DE,random,2,0.3333333333333333,E26,16.49,95.45,39,2.584109,86.1058,-2.5827,0.0,0,12.7091,2.1016,81.968,0.0,True,27.5,4840,3.3322,3.33
google,1500,10,linear,True,False,10.0,0.4,0.3,0.3,0,0,US-CAL,3,DE,random,3,0.3333333333333333,E26,16.49,95.45,39,2.559226,86.2395,-1.5949,0.0,0,12.6591,2.1066,83.44,0.0,True,27.0,4840,3.3339,3.44
google,1500,10,linear,True,False,10.0,0.4,0.3,0.3,0,0,US-CAL,3,DE,random,4,0.3333333333333333,E26,16.49,95.45,39,2.624879,85.8865,-4.2012,0.0,0,12.8591,2.1184,79.347,0.0,True,27.0,4840,3.3284,3.68
google,1500,10,linear,True,False,10.0,0.4,0.3,0.3,0,0,US-CAL,3,DE,random,5,0.3333333333333333,E26,16.49,95.45,39,2.580308,86.1262,-2.4318,0.0,0,12.7091,2.101,82.665,0.0,True,26.5,4840,3.3333,3.35
google,1500,10,linear,True,False,10.0,0.4,0.3,0.3,0,0,US-CAL,3,DE,random,6,0.3333333333333333,E26,16.49,95.45,39,2.558689,86.2424,-1.5736,0.0,0,12.6091,2.0894,84.686,0.0,True,25.5,4840,3.3462,3.08
google,1500,10,linear,True,False,10.0,0.4,0.3,0.3,0,0,US-CAL,3,DE,random,7,0.3333333333333333,E26,16.49,95.45,39,2.570599,86.1784,-2.0464,0.0,0,12.8091,2.1373,79.353,0.0,True,27.0,4840,3.3372,3.51
google,1500,10,linear,True,False,10.0,0.4,0.3,0.3,0,0,US-CAL,3,WOA,carbon,2,0.3333333333333333,E26,16.49,95.45,39,2.34068,87.4146,7.0808,0.0,0,13.0591,2.1861,70.049,0.0,True,25.0,4840,3.6023,2.58
google,1500,10,linear,True,False,10.0,0.4,0.3,0.3,0,0,US-CAL,3,WOA,carbon,3,0.3333333333333333,E26,16.49,95.45,39,2.330815,87.4677,7.4724,0.0,0,12.9091,2.175,73.924,0.0,True,25.0,4840,3.5779,2.59
google,1500,10,linear,True,False,10.0,0.4,0.3,0.3,0,0,US-CAL,3,WOA,carbon,4,0.3333333333333333,E26,16.49,95.45,39,2.352186,87.3528,6.624,0.0,0,12.9591,2.1666,72.028,0.0,True,25.0,4840,3.5791,2.65
google,1500,10,linear,True,False,10.0,0.4,0.3,0.3,0,0,US-CAL,3,WOA,carbon,5,0.3333333333333333,E26,16.49,95.45,39,2.446754,86.8443,2.87,0.0,0,12.9091,2.1225,75.486,0.0,True,25.0,4840,3.5874,2.64
google,1500,10,linear,True,False,10.0,0.4,0.3,0.3,0,0,US-CAL,3,WOA,carbon,6,0.3333333333333333,E26,16.49,95.45,39,2.378188,87.2129,5.5919,0.0,0,12.9591,2.1647,73.383,0.0,True,25.0,4840,3.5703,2.51
google,1500,10,linear,True,False,10.0,0.4,0.3,0.3,0,0,US-CAL,3,WOA,carbon,7,0.3333333333333333,E26,16.49,95.45,39,2.296893,87.6501,8.8191,0.0,0,12.8591,2.1529,72.706,0.0,True,25.0,4840,3.5623,2.64
google,1500,10,linear,True,False,10.0,0.4,0.3,0.3,0,0,US-CAL,3,WOA,carbon,8,0.3333333333333333,E26,16.49,95.45,39,2.362514,87.2972,6.2141,0.0,0,13.0591,2.1917,71.009,0.0,True,26.0,4840,3.5708,2.58
google,1500,10,linear,True,False,10.0,0.4,0.3,0.3,0,0,US-CAL,3,WOA,carbon,9,0.3333333333333333,E26,16.49,95.45,39,2.364205,87.2881,6.1469,0.0,0,13.0091,2.1742,70.268,0.0,True,25.0,4840,3.6014,2.63
google,1500,10,linear,True,False,10.0,0.4,0.3,0.3,0,0,US-CAL,3,DE,random,8,0.3333333333333333,E26,16.49,95.45,39,2.540396,86.3408,-0.8474,0.0,0,12.7091,2.1306,82.778,0.0,True,26.0,4840,3.3296,3.08
google,1500,10,linear,True,False,10.0,0.4,0.3,0.3,0,0,US-CAL,3,DE,random,9,0.3333333333333333,E26,16.49,95.45,39,2.558824,86.2417,-1.5789,0.0,0,12.7091,2.0987,82.343,0.0,True,26.0,4840,3.3289,3.18
google,1500,10,linear,True,False,10.0,0.4,0.3,0.3,0,0,US-CAL,3,DE,random,10,0.3333333333333333,E26,16.49,95.45,39,2.603345,86.0023,-3.3463,0.0,0,12.7091,2.0987,81.983,0.0,True,26.0,4840,3.3242,3.35
google,1500,10,linear,True,False,10.0,0.4,0.3,0.3,0,0,US-CAL,3,HHO,random,1,0.3333333333333333,E26,16.49,95.45,39,2.463569,86.7539,2.2024,0.0,0,13.1091,2.1537,68.388,0.0,True,25.5,8910,5.0213,2.44
google,1500,10,linear,True,False,10.0,0.4,0.3,0.3,0,0,US-CAL,3,HHO,random,2,0.3333333333333333,E26,16.49,95.45,39,2.452205,86.815,2.6536,0.0,0,12.9091,2.1255,73.683,0.0,True,25.0,8780,4.9847,2.68
google,1500,10,linear,True,False,10.0,0.4,0.3,0.3,0,0,US-CAL,3,HHO,random,3,0.3333333333333333,E26,16.49,95.45,39,2.437916,86.8918,3.2208,0.0,0,12.9591,2.1317,73.626,0.0,True,25.5,8894,5.0248,2.65
google,1500,10,linear,True,False,10.0,0.4,0.3,0.3,0,0,US-CAL,3,HHO,random,4,0.3333333333333333,E26,16.49,95.45,39,2.448023,86.8375,2.8196,0.0,0,12.9091,2.1165,73.654,0.0,True,25.0,9094,5.1237,2.36
google,1500,10,linear,True,False,10.0,0.4,0.3,0.3,0,0,US-CAL,3,HHO,random,5,0.3333333333333333,E26,16.49,95.45,39,2.450866,86.8222,2.7067,0.0,0,12.9091,2.1226,74.578,0.0,True,25.5,8986,5.0834,2.32
google,1500,20,linear,True,False,10.0,0.4,0.3,0.3,0,0,US-CAL,3,WOA,random,3,0.3333333333333333,E26,16.49,95.45,39,2.427715,86.9467,3.6258,0.0,0,12.9091,2.1362,72.251,0.0,True,25.0,4840,3.3487,2.51
google,1500,20,linear,True,False,10.0,0.4,0.3,0.3,0,0,US-CAL,3,WOA,random,4,0.3333333333333333,E26,16.49,95.45,39,2.454669,86.8017,2.5557,0.0,0,13.0591,2.1526,70.024,0.0,True,25.5,4840,3.3462,2.7
google,1500,20,linear,True,False,10.0,0.4,0.3,0.3,0,0,US-CAL,3,WOA,random,5,0.3333333333333333,E26,16.49,95.45,39,2.445029,86.8536,2.9384,0.0,0,12.9591,2.1323,72.547,0.0,True,25.0,4840,3.3432,2.69
google,1500,20,linear,True,False,10.0,0.4,0.3,0.3,0,0,US-CAL,3,WOA,random,6,0.3333333333333333,E26,16.49,95.45,39,2.434252,86.9115,3.3663,0.0,0,13.0091,2.1463,71.258,0.0,True,25.0,4840,3.3366,2.62
google,1500,20,linear,True,False,10.0,0.4,0.3,0.3,0,0,US-CAL,3,WOA,random,7,0.3333333333333333,E26,16.49,95.45,39,2.48727,86.6264,1.2616,0.0,0,13.1591,2.153,61.615,0.0,True,24.5,4840,3.3465,2.41
google,1500,20,linear,True,False,10.0,0.4,0.3,0.3,0,0,US-CAL,3,WOA,random,8,0.3333333333333333,E26,16.49,95.45,39,2.491705,86.6026,1.0855,0.0,0,13.2091,2.16,56.627,0.0,True,24.5,4840,3.3401,2.35
google,1500,20,linear,True,False,10.0,0.4,0.3,0.3,0,0,US-CAL,3,WOA,random,9,0.3333333333333333,E26,16.49,95.45,39,2.490554,86.6088,1.1312,0.0,0,13.2091,2.16,57.359,0.0,True,24.5,4840,3.3655,2.54
google,1500,20,linear,True,False,10.0,0.4,0.3,0.3,0,0,US-CAL,3,WOA,random,10,0.3333333333333333,E26,16.49,95.45,39,2.491986,86.6011,1.0744,0.0,0,13.2091,2.16,58.352,0.0,True,24.5,4840,3.3772,2.49
google,1500,10,linear,True,False,10.0,0.4,0.3,0.3,0,0,US-CAL,3,HHO,random,6,0.3333333333333333,E26,16.49,95.45,39,2.455212,86.7988,2.5342,0.0,0,12.9091,2.1268,72.555,0.0,True,24.5,8968,5.1156,2.62
google,1500,10,linear,True,False,10.0,0.4,0.3,0.3,0,0,US-CAL,3,HHO,random,7,0.3333333333333333,E26,16.49,95.45,39,2.459973,86.7732,2.3452,0.0,0,12.9591,2.133,71.794,0.0,True,25.0,8946,5.064,2.38
google,1500,10,linear,True,False,10.0,0.4,0.3,0.3,0,0,US-CAL,3,HHO,random,8,0.3333333333333333,E26,16.49,95.45,39,2.464144,86.7508,2.1796,0.0,0,12.9091,2.1101,71.629,0.0,True,24.5,8872,5.0379,2.67
google,1500,10,linear,True,False,10.0,0.4,0.3,0.3,0,0,US-CAL,3,HHO,random,9,0.3333333333333333,E26,16.49,95.45,39,2.455385,86.7979,2.5273,0.0,0,12.9591,2.1221,71.835,0.0,True,25.0,8790,4.9939,2.65
google,1500,10,linear,True,False,10.0,0.4,0.3,0.3,0,0,US-CAL,3,HHO,random,10,0.3333333333333333,E26,16.49,95.45,39,2.45876,86.7797,2.3934,0.0,0,13.0091,2.1267,69.966,0.0,True,25.0,8942,5.0498,2.87
google,1500,10,linear,True,False,10.0,0.4,0.3,0.3,0,0,US-CAL,3,GA,random,1,0.3333333333333333,E26,16.49,95.45,39,2.382187,87.1914,5.4331,0.0,0,12.7091,2.1186,81.644,0.0,True,25.5,4840,5.7852,4.07
google,1500,10,linear,True,False,10.0,0.4,0.3,0.3,0,0,US-CAL,3,GA,random,2,0.3333333333333333,E26,16.49,95.45,39,2.394299,87.1263,4.9523,0.0,0,12.7091,2.1186,81.73,0.0,True,26.0,4840,5.801,3.94
google,1500,10,linear,True,False,10.0,0.4,0.3,0.3,0,0,US-CAL,3,GA,random,3,0.3333333333333333,E26,16.49,95.45,39,2.401057,87.09,4.684,0.0,0,12.8091,2.1445,79.788,0.0,True,25.5,4840,5.8193,4.05
google,1500,20,linear,True,False,10.0,0.4,0.3,0.3,0,0,US-CAL,3,WOA,carbon,7,0.3333333333333333,E26,16.49,95.45,39,1.882562,89.8778,25.2669,0.0,0,12.7591,2.2682,64.781,0.0,True,24.5,4840,3.5872,2.5
google,1500,20,linear,True,False,10.0,0.4,0.3,0.3,0,0,US-CAL,3,WOA,carbon,8,0.3333333333333333,E26,16.49,95.45,39,1.885978,89.8595,25.1314,0.0,0,12.7091,2.2516,63.373,0.0,True,24.5,4840,3.5851,2.61
google,1500,20,linear,True,False,10.0,0.4,0.3,0.3,0,0,US-CAL,3,WOA,carbon,9,0.3333333333333333,E26,16.49,95.45,39,1.896229,89.8043,24.7244,0.0,0,12.8591,2.2845,59.269,0.0,True,25.0,4840,3.6444,2.55
google,1500,20,linear,True,False,10.0,0.4,0.3,0.3,0,0,US-CAL,3,WOA,carbon,10,0.3333333333333333,E26,16.49,95.45,39,1.891054,89.8322,24.9299,0.0,0,12.7591,2.2688,64.934,0.0,True,24.5,4840,3.5961,2.46
google,1500,10,linear,True,False,10.0,0.4,0.3,0.3,0,0,US-CAL,4,FIFO,-,0,0.3333333333333333,E26,16.49,95.45,39,18.32834,0.0,-638.385,0.0,0,95.9591,15.66,5.308,8.9738,False,24.5,0,0.0,0.0
google,1500,10,linear,True,False,10.0,0.4,0.3,0.3,0,0,US-CAL,4,Consolidation,-,0,0.3333333333333333,E26,16.49,95.45,39,2.48222,86.4569,0.0,0.0,0,13.3091,2.1675,55.842,8.9738,False,24.5,0,0.0,0.0
google,1500,10,linear,True,False,10.0,0.4,0.3,0.3,0,0,US-CAL,4,Greedy(EDF+greenest),-,0,0.3333333333333333,E26,16.49,95.45,39,1.826998,90.0318,26.3966,0.0,0,12.8591,2.1302,57.891,18.2321,False,24.5,0,0.0002,0.0
google,1500,10,linear,True,False,10.0,0.4,0.3,0.3,0,0,US-CAL,4,VCC(Google),-,0,0.3333333333333333,E26,16.49,95.45,39,2.533113,86.1793,-2.0503,0.0,0,13.3091,2.1675,59.576,0.0,True,24.5,0,0.0054,0.0
google,1500,20,linear,True,False,10.0,0.4,0.3,0.3,0,0,US-CAL,3,PSO,random,7,0.3333333333333333,E26,16.49,95.45,39,2.675183,85.6161,-6.1981,0.0,0,13.0091,2.1655,76.777,0.0,True,26.5,4840,3.4873,4.24
google,1500,20,linear,True,False,10.0,0.4,0.3,0.3,0,0,US-CAL,3,PSO,random,8,0.3333333333333333,E26,16.49,95.45,39,2.701798,85.473,-7.2547,0.0,0,12.9091,2.1293,79.236,0.0,True,27.0,4840,3.4673,4.47
google,1500,20,linear,True,False,10.0,0.4,0.3,0.3,0,0,US-CAL,3,PSO,random,9,0.3333333333333333,E26,16.49,95.45,39,2.670155,85.6431,-5.9985,0.0,0,13.0591,2.1651,77.391,0.0,True,27.0,4840,3.4712,4.38
google,1500,20,linear,True,False,10.0,0.4,0.3,0.3,0,0,US-CAL,3,PSO,random,10,0.3333333333333333,E26,16.49,95.45,39,2.691318,85.5293,-6.8387,0.0,0,13.1091,2.1782,76.28,0.0,True,26.5,4840,3.4554,4.29
google,1500,20,linear,True,False,10.0,0.4,0.3,0.3,0,0,US-CAL,3,DE,random,1,0.3333333333333333,E26,16.49,95.45,39,2.592808,86.059,-2.928,0.0,0,12.7591,2.1342,80.923,0.0,True,26.0,4840,3.3571,3.64
google,1500,20,linear,True,False,10.0,0.4,0.3,0.3,0,0,US-CAL,3,DE,random,2,0.3333333333333333,E26,16.49,95.45,39,2.584109,86.1058,-2.5827,0.0,0,12.7091,2.1016,81.968,0.0,True,27.5,4840,3.377,3.33
google,1500,20,linear,True,False,10.0,0.4,0.3,0.3,0,0,US-CAL,3,DE,random,3,0.3333333333333333,E26,16.49,95.45,39,2.559226,86.2395,-1.5949,0.0,0,12.6591,2.1066,83.44,0.0,True,27.0,4840,3.3539,3.44
google,1500,20,linear,True,False,10.0,0.4,0.3,0.3,0,0,US-CAL,3,DE,random,4,0.3333333333333333,E26,16.49,95.45,39,2.624879,85.8865,-4.2012,0.0,0,12.8591,2.1184,79.347,0.0,True,27.0,4840,3.3433,3.68
google,1500,10,linear,True,False,10.0,0.4,0.3,0.3,0,0,US-CAL,3,GA,random,4,0.3333333333333333,E26,16.49,95.45,39,2.436907,86.8972,3.2608,0.0,0,12.7591,2.1381,82.24,0.0,True,25.5,4840,6.209,3.92
google,1500,10,linear,True,False,10.0,0.4,0.3,0.3,0,0,US-CAL,3,GA,random,5,0.3333333333333333,E26,16.49,95.45,39,2.393729,87.1294,4.9749,0.0,0,12.7591,2.1291,81.291,0.0,True,25.5,4840,6.1949,3.9
google,1500,10,linear,True,False,10.0,0.4,0.3,0.3,0,0,US-CAL,3,GA,random,6,0.3333333333333333,E26,16.49,95.45,39,2.430675,86.9307,3.5082,0.0,0,12.7591,2.1239,80.165,0.0,True,26.0,4840,6.2029,4.07
google,1500,10,linear,True,False,10.0,0.4,0.3,0.3,0,0,US-CAL,3,GA,random,7,0.3333333333333333,E26,16.49,95.45,39,2.402568,87.0819,4.624,0.0,0,12.8091,2.1325,79.974,0.0,True,26.5,4840,6.2029,3.95
google,1500,10,linear,True,False,10.0,0.4,0.3,0.3,0,0,US-CAL,3,GA,random,8,0.3333333333333333,E26,16.49,95.45,39,2.405225,87.0676,4.5185,0.0,0,12.8091,2.1308,81.101,0.0,True,27.0,4840,6.1453,3.98
google,1500,10,linear,True,False,10.0,0.4,0.3,0.3,0,0,US-CAL,3,GA,random,9,0.3333333333333333,E26,16.49,95.45,39,2.396324,87.1154,4.8719,0.0,0,12.8091,2.1194,79.86,0.0,True,26.0,4840,6.1931,4.02
google,1500,10,linear,True,False,10.0,0.4,0.3,0.3,0,0,US-CAL,3,GA,random,10,0.3333333333333333,E26,16.49,95.45,39,2.384601,87.1785,5.3373,0.0,0,12.7591,2.1227,80.969,0.0,True,25.5,4840,6.192,3.96
google,1500,10,linear,True,False,10.0,0.4,0.3,0.3,0,0,US-CAL,3,WOA,carbon,1,0.3333333333333333,E26,16.49,95.45,39,2.355814,87.3332,6.48,0.0,0,12.8091,2.1239,76.633,0.0,True,24.5,4840,3.5185,2.5
google,1500,20,linear,True,False,10.0,0.4,0.3,0.3,0,0,US-CAL,3,GWO,random,1,0.3333333333333333,E26,16.49,95.45,39,2.409802,87.043,4.3369,0.0,0,12.8591,2.141,78.839,0.0,True,25.5,4840,3.8888,2.97
google,1500,20,linear,True,False,10.0,0.4,0.3,0.3,0,0,US-CAL,3,GWO,random,2,0.3333333333333333,E26,16.49,95.45,39,2.359555,87.3131,6.3315,0.0,0,12.6091,2.0888,81.488,0.0,True,25.0,4840,3.8792,3.29
google,1500,20,linear,True,False,10.0,0.4,0.3,0.3,0,0,US-CAL,3,GWO,random,3,0.3333333333333333,E26,16.49,95.45,39,2.407297,87.0564,4.4363,0.0,0,12.8091,2.1173,79.96,0.0,True,25.5,4840,3.9021,2.89
google,1500,20,linear,True,False,10.0,0.4,0.3,0.3,0,0,US-CAL,3,GWO,random,4,0.3333333333333333,E26,16.49,95.45,39,2.383569,87.184,5.3782,0.0,0,12.7591,2.1139,80.376,0.0,True,25.0,4840,3.8975,2.83
google,1500,20,linear,True,False,10.0,0.4,0.3,0.3,0,0,US-CAL,3,GWO,random,5,0.3333333333333333,E26,16.49,95.45,39,2.38567,87.1727,5.2948,0.0,0,12.7091,2.0983,80.307,0.0,True,25.0,4840,3.8938,3.32
google,1500,20,linear,True,False,10.0,0.4,0.3,0.3,0,0,US-CAL,3,GWO,random,6,0.3333333333333333,E26,16.49,95.45,39,2.418984,86.9936,3.9724,0.0,0,12.8591,2.1232,78.03,0.0,True,25.5,4840,3.947,2.86
google,1500,20,linear,True,False,10.0,0.4,0.3,0.3,0,0,US-CAL,3,GWO,random,7,0.3333333333333333,E26,16.49,95.45,39,2.44062,86.8773,3.1135,0.0,0,12.8091,2.1012,79.569,0.0,True,25.5,4840,3.8933,2.75
google,1500,20,linear,True,False,10.0,0.4,0.3,0.3,0,0,US-CAL,3,GWO,random,8,0.3333333333333333,E26,16.49,95.45,39,2.407901,87.0532,4.4123,0.0,0,12.7591,2.1029,79.242,0.0,True,25.5,4840,3.873,3.31
google,1500,20,linear,True,False,10.0,0.4,0.3,0.3,0,0,US-CAL,3,GWO,random,9,0.3333333333333333,E26,16.49,95.45,39,2.425032,86.9611,3.7323,0.0,0,12.8591,2.1225,77.09,0.0,True,26.0,4840,4.098,2.95
google,1500,20,linear,True,False,10.0,0.4,0.3,0.3,0,0,US-CAL,3,GWO,random,10,0.3333333333333333,E26,16.49,95.45,39,2.402624,87.0816,4.6218,0.0,0,12.8591,2.139,78.483,0.0,True,26.0,4840,4.0723,2.99
google,1500,20,linear,True,False,10.0,0.4,0.3,0.3,0,0,US-CAL,3,PSO,random,1,0.3333333333333333,E26,16.49,95.45,39,2.725352,85.3463,-8.1897,0.0,0,13.0591,2.1833,74.803,0.0,True,27.0,4840,3.6504,4.29
google,1500,20,linear,True,False,10.0,0.4,0.3,0.3,0,0,US-CAL,3,PSO,random,2,0.3333333333333333,E26,16.49,95.45,39,2.67663,85.6083,-6.2555,0.0,0,12.9591,2.1591,78.326,0.0,True,26.0,4840,3.6435,4.56
google,1500,20,linear,True,False,10.0,0.4,0.3,0.3,0,0,US-CAL,3,PSO,random,3,0.3333333333333333,E26,16.49,95.45,39,2.692925,85.5207,-6.9024,0.0,0,13.1591,2.1972,75.204,0.0,True,27.0,4840,3.6563,4.28
google,1500,20,linear,True,False,10.0,0.4,0.3,0.3,0,0,US-CAL,3,PSO,random,4,0.3333333333333333,E26,16.49,95.45,39,2.598622,86.0277,-3.1589,0.0,0,12.8091,2.1218,80.448,0.0,True,26.0,4840,3.6657,4.65
google,1500,20,linear,True,False,10.0,0.4,0.3,0.3,0,0,US-CAL,3,PSO,random,5,0.3333333333333333,E26,16.49,95.45,39,2.67791,85.6014,-6.3064,0.0,0,12.9591,2.1454,77.81,0.0,True,26.5,4840,3.6351,4.46
google,1500,20,linear,True,False,10.0,0.4,0.3,0.3,0,0,US-CAL,3,PSO,random,6,0.3333333333333333,E26,16.49,95.45,39,2.667267,85.6586,-5.8839,0.0,0,12.8591,2.119,78.403,0.0,True,26.5,4840,3.6414,4.62
google,1500,20,linear,True,False,10.0,0.4,0.3,0.3,0,0,US-CAL,3,DE,random,5,0.3333333333333333,E26,16.49,95.45,39,2.580308,86.1262,-2.4318,0.0,0,12.7091,2.101,82.665,0.0,True,26.5,4840,3.3643,3.35
google,1500,20,linear,True,False,10.0,0.4,0.3,0.3,0,0,US-CAL,3,DE,random,6,0.3333333333333333,E26,16.49,95.45,39,2.558689,86.2424,-1.5736,0.0,0,12.6091,2.0894,84.686,0.0,True,25.5,4840,3.3494,3.08
google,1500,20,linear,True,False,10.0,0.4,0.3,0.3,0,0,US-CAL,3,DE,random,7,0.3333333333333333,E26,16.49,95.45,39,2.570599,86.1784,-2.0464,0.0,0,12.8091,2.1373,79.353,0.0,True,27.0,4840,3.3469,3.51
google,1500,20,linear,True,False,10.0,0.4,0.3,0.3,0,0,US-CAL,3,DE,random,8,0.3333333333333333,E26,16.49,95.45,39,2.540396,86.3408,-0.8474,0.0,0,12.7091,2.1306,82.778,0.0,True,26.0,4840,3.3656,3.08
google,1500,20,linear,True,False,10.0,0.4,0.3,0.3,0,0,US-CAL,3,DE,random,9,0.3333333333333333,E26,16.49,95.45,39,2.558824,86.2417,-1.5789,0.0,0,12.7091,2.0987,82.343,0.0,True,26.0,4840,3.3826,3.18
google,1500,20,linear,True,False,10.0,0.4,0.3,0.3,0,0,US-CAL,3,DE,random,10,0.3333333333333333,E26,16.49,95.45,39,2.603345,86.0023,-3.3463,0.0,0,12.7091,2.0987,81.983,0.0,True,26.0,4840,3.3518,3.35
google,1500,20,linear,True,False,10.0,0.4,0.3,0.3,0,0,US-CAL,3,HHO,random,1,0.3333333333333333,E26,16.49,95.45,39,2.462817,86.7579,2.2323,0.0,0,13.1091,2.1555,67.851,0.0,True,25.0,8910,5.0658,2.95
google,1500,20,linear,True,False,10.0,0.4,0.3,0.3,0,0,US-CAL,3,HHO,random,2,0.3333333333333333,E26,16.49,95.45,39,2.482097,86.6542,1.4669,0.0,0,13.1591,2.1525,57.941,0.0,True,24.5,8780,5.0608,2.46
google,1500,20,linear,True,False,10.0,0.4,0.3,0.3,0,0,US-CAL,3,GA,random,9,0.3333333333333333,E26,16.49,95.45,39,2.396324,87.1154,4.8719,0.0,0,12.8091,2.1194,79.86,0.0,True,26.0,4840,5.7928,4.02
google,1500,20,linear,True,False,10.0,0.4,0.3,0.3,0,0,US-CAL,3,GA,random,10,0.3333333333333333,E26,16.49,95.45,39,2.384601,87.1785,5.3373,0.0,0,12.7591,2.1227,80.969,0.0,True,25.5,4840,5.81,3.96
google,1500,20,linear,True,False,10.0,0.4,0.3,0.3,0,0,US-CAL,3,WOA,carbon,1,0.3333333333333333,E26,16.49,95.45,39,1.859242,90.0032,26.1927,0.0,0,12.7091,2.2613,63.596,0.0,True,24.5,4840,3.3893,2.42
google,1500,20,linear,True,False,10.0,0.4,0.3,0.3,0,0,US-CAL,3,WOA,carbon,2,0.3333333333333333,E26,16.49,95.45,39,1.87265,89.9311,25.6605,0.0,0,12.7091,2.2638,64.385,0.0,True,24.5,4840,3.3328,2.57
google,1500,20,linear,True,False,10.0,0.4,0.3,0.3,0,0,US-CAL,3,WOA,carbon,3,0.3333333333333333,E26,16.49,95.45,39,1.881184,89.8852,25.3217,0.0,0,12.7091,2.2516,65.934,0.0,True,24.5,4840,3.3308,2.42
google,1500,20,linear,True,False,10.0,0.4,0.3,0.3,0,0,US-CAL,3,WOA,carbon,4,0.3333333333333333,E26,16.49,95.45,39,1.899259,89.7881,24.6041,0.0,0,12.7591,2.2689,63.195,0.0,True,24.5,4840,3.33,2.52
google,1500,20,linear,True,False,10.0,0.4,0.3,0.3,0,0,US-CAL,3,WOA,carbon,5,0.3333333333333333,E26,16.49,95.45,39,1.883361,89.8735,25.2352,0.0,0,12.7591,2.2671,63.66,0.0,True,25.0,4840,3.3753,2.54
google,1500,20,linear,True,False,10.0,0.4,0.3,0.3,0,0,US-CAL,3,WOA,carbon,6,0.3333333333333333,E26,16.49,95.45,39,1.882344,89.879,25.2756,0.0,0,12.7591,2.2688,63.427,0.0,True,24.5,4840,3.445,2.41
google,1500,10,linear,True,False,10.0,0.4,0.3,0.3,0,0,US-CAL,4,Threshold(WaitAwhile),-,0,0.3333333333333333,E26,16.49,95.45,39,1.860027,89.8516,25.066,0.0,0,12.9091,2.2938,54.587,18.2321,False,24.5,0,0.0226,0.0
google,1500,10,linear,True,False,10.0,0.4,0.3,0.3,0,0,US-CAL,4,WOA,random,1,0.3333333333333333,E26,16.49,95.45,39,2.419919,86.7968,2.5099,0.0,0,13.0091,2.1394,72.505,0.0,True,25.0,4840,3.3772,2.53
google,1500,10,linear,True,False,10.0,0.4,0.3,0.3,0,0,US-CAL,4,WOA,random,2,0.3333333333333333,E26,16.49,95.45,39,2.424148,86.7738,2.3395,0.0,0,12.9091,2.1094,74.42,0.0,True,25.5,4840,3.3856,2.58
google,1500,10,linear,True,False,10.0,0.4,0.3,0.3,0,0,US-CAL,4,WOA,random,3,0.3333333333333333,E26,16.49,95.45,39,2.423198,86.779,2.3778,0.0,0,13.0091,2.1392,70.749,0.0,True,26.0,4840,3.3606,2.34
google,1500,10,linear,True,False,10.0,0.4,0.3,0.3,0,0,US-CAL,4,WOA,random,4,0.3333333333333333,E26,16.49,95.45,39,2.432925,86.7259,1.9859,0.0,0,13.0091,2.1411,70.691,0.0,True,25.0,4840,3.3511,2.57
google,1500,10,linear,True,False,10.0,0.4,0.3,0.3,0,0,US-CAL,4,WOA,random,5,0.3333333333333333,E26,16.49,95.45,39,2.431053,86.7361,2.0614,0.0,0,13.0091,2.1398,71.814,0.0,True,25.0,4840,3.3675,2.57
google,1500,10,linear,True,False,10.0,0.4,0.3,0.3,0,0,US-CAL,4,WOA,random,6,0.3333333333333333,E26,16.49,95.45,39,2.439732,86.6887,1.7117,0.0,0,13.1091,2.1516,67.064,0.0,True,25.5,4840,3.397,2.46
google,1500,10,linear,True,False,10.0,0.4,0.3,0.3,0,0,US-CAL,4,WOA,random,7,0.3333333333333333,E26,16.49,95.45,39,2.438135,86.6975,1.776,0.0,0,13.1591,2.1626,68.313,0.0,True,26.0,4840,3.4718,2.44
google,1500,20,linear,True,False,10.0,0.4,0.3,0.3,0,0,US-CAL,3,HHO,random,3,0.3333333333333333,E26,16.49,95.45,39,2.463937,86.7519,2.1878,0.0,0,13.0591,2.1293,62.158,0.0,True,24.5,8894,5.1281,2.78
google,1500,20,linear,True,False,10.0,0.4,0.3,0.3,0,0,US-CAL,3,HHO,random,4,0.3333333333333333,E26,16.49,95.45,39,2.478572,86.6732,1.6069,0.0,0,13.2091,2.1701,58.998,0.0,True,24.5,9094,5.1934,2.69
google,1500,20,linear,True,False,10.0,0.4,0.3,0.3,0,0,US-CAL,3,HHO,random,5,0.3333333333333333,E26,16.49,95.45,39,2.469484,86.7221,1.9676,0.0,0,12.9591,2.1197,70.909,0.0,True,26.0,8986,5.1547,2.68
google,1500,20,linear,True,False,10.0,0.4,0.3,0.3,0,0,US-CAL,3,HHO,random,6,0.3333333333333333,E26,16.49,95.45,39,2.446019,86.8482,2.8991,0.0,0,12.8591,2.1193,74.45,0.0,True,24.5,8968,5.1062,2.54
google,1500,20,linear,True,False,10.0,0.4,0.3,0.3,0,0,US-CAL,3,HHO,random,7,0.3333333333333333,E26,16.49,95.45,39,2.463543,86.754,2.2035,0.0,0,13.1091,2.1369,61.187,0.0,True,24.5,8946,5.0878,2.7
google,1500,20,linear,True,False,10.0,0.4,0.3,0.3,0,0,US-CAL,3,HHO,random,8,0.3333333333333333,E26,16.49,95.45,39,2.472595,86.7053,1.8441,0.0,0,13.1091,2.1489,63.232,0.0,True,24.5,8872,5.0981,2.34
google,1500,20,linear,True,False,10.0,0.4,0.3,0.3,0,0,US-CAL,3,HHO,random,9,0.3333333333333333,E26,16.49,95.45,39,2.470782,86.7151,1.9161,0.0,0,13.1091,2.1517,66.409,0.0,True,24.5,8790,5.1541,2.51
google,1500,20,linear,True,False,10.0,0.4,0.3,0.3,0,0,US-CAL,3,HHO,random,10,0.3333333333333333,E26,16.49,95.45,39,2.458066,86.7835,2.4209,0.0,0,13.1091,2.1443,58.832,0.0,True,24.5,8942,5.1973,2.7
google,1500,10,linear,True,False,10.0,0.4,0.3,0.3,0,0,US-CAL,4,WOA,random,8,0.3333333333333333,E26,16.49,95.45,39,2.428614,86.7494,2.1596,0.0,0,13.0091,2.1279,71.002,0.0,True,26.0,4840,3.3963,2.55
google,1500,10,linear,True,False,10.0,0.4,0.3,0.3,0,0,US-CAL,4,WOA,random,9,0.3333333333333333,E26,16.49,95.45,39,2.406681,86.8691,3.0432,0.0,0,12.9591,2.1231,74.258,0.0,True,25.0,4840,3.3699,2.4
google,1500,10,linear,True,False,10.0,0.4,0.3,0.3,0,0,US-CAL,4,WOA,random,10,0.3333333333333333,E26,16.49,95.45,39,2.385456,86.9849,3.8983,0.0,0,12.8091,2.1066,75.35,0.0,True,25.0,4840,3.3771,2.65
google,1500,10,linear,True,False,10.0,0.4,0.3,0.3,0,0,US-CAL,4,GWO,random,1,0.3333333333333333,E26,16.49,95.45,39,2.314737,87.3707,6.7473,0.0,0,12.7591,2.0978,78.576,0.0,True,25.0,4840,3.8954,3.29
google,1500,10,linear,True,False,10.0,0.4,0.3,0.3,0,0,US-CAL,4,GWO,random,2,0.3333333333333333,E26,16.49,95.45,39,2.360802,87.1194,4.8915,0.0,0,12.9091,2.1313,77.486,0.0,True,25.5,4840,3.9914,2.8
google,1500,10,linear,True,False,10.0,0.4,0.3,0.3,0,0,US-CAL,4,GWO,random,3,0.3333333333333333,E26,16.49,95.45,39,2.309632,87.3986,6.953,0.0,0,12.7591,2.1085,77.863,0.0,True,25.0,4840,3.9313,3.22
google,1500,10,linear,True,False,10.0,0.4,0.3,0.3,0,0,US-CAL,4,GWO,random,4,0.3333333333333333,E26,16.49,95.45,39,2.371218,87.0626,4.4719,0.0,0,12.9591,2.1563,75.093,0.0,True,25.5,4840,3.9566,2.85
google,1500,10,linear,True,False,10.0,0.4,0.3,0.3,0,0,US-CAL,4,GWO,random,5,0.3333333333333333,E26,16.49,95.45,39,2.315082,87.3688,6.7334,0.0,0,12.7591,2.0977,78.491,0.0,True,25.5,4840,3.8688,3.24
google,1500,20,linear,True,False,10.0,0.4,0.3,0.3,0,0,US-CAL,4,Consolidation,-,0,0.3333333333333333,E26,16.49,95.45,39,2.48222,86.4569,0.0,0.0,0,13.3091,2.1675,55.842,0.0,True,24.5,0,0.0,0.0
google,1500,20,linear,True,False,10.0,0.4,0.3,0.3,0,0,US-CAL,4,Greedy(EDF+greenest),-,0,0.3333333333333333,E26,16.49,95.45,39,1.826998,90.0318,26.3966,0.0,0,12.8591,2.1302,57.891,0.0,True,24.5,0,0.0002,0.0
google,1500,20,linear,True,False,10.0,0.4,0.3,0.3,0,0,US-CAL,4,VCC(Google),-,0,0.3333333333333333,E26,16.49,95.45,39,2.48222,86.4569,0.0,0.0,0,13.3091,2.1675,55.842,0.0,True,24.5,0,0.0046,0.0
google,1500,20,linear,True,False,10.0,0.4,0.3,0.3,0,0,US-CAL,4,Threshold(WaitAwhile),-,0,0.3333333333333333,E26,16.49,95.45,39,1.860027,89.8516,25.066,0.0,0,12.9091,2.2938,54.587,0.0,True,24.5,0,0.0222,0.0
google,1500,20,linear,True,False,10.0,0.4,0.3,0.3,0,0,US-CAL,4,WOA,random,1,0.3333333333333333,E26,16.49,95.45,39,2.399083,86.9105,3.3493,0.0,0,13.1091,2.1773,70.3,0.0,True,25.0,4840,3.4109,2.73
google,1500,20,linear,True,False,10.0,0.4,0.3,0.3,0,0,US-CAL,4,WOA,random,2,0.3333333333333333,E26,16.49,95.45,39,2.391874,86.9499,3.6397,0.0,0,12.9091,2.1248,72.639,0.0,True,25.0,4840,3.4149,2.63
google,1500,20,linear,True,False,10.0,0.4,0.3,0.3,0,0,US-CAL,4,WOA,random,3,0.3333333333333333,E26,16.49,95.45,39,2.36651,87.0882,4.6616,0.0,0,12.9091,2.1362,72.355,0.0,True,25.0,4840,3.345,2.52
google,1500,20,linear,True,False,10.0,0.4,0.3,0.3,0,0,US-CAL,4,WOA,random,4,0.3333333333333333,E26,16.49,95.45,39,2.381375,87.0071,4.0627,0.0,0,12.9591,2.1392,71.47,0.0,True,25.0,4840,3.3579,2.51
google,1500,20,linear,True,False,10.0,0.4,0.3,0.3,0,0,US-CAL,3,GA,random,1,0.3333333333333333,E26,16.49,95.45,39,2.382187,87.1914,5.4331,0.0,0,12.7091,2.1186,81.644,0.0,True,25.5,4840,5.8274,4.08
google,1500,20,linear,True,False,10.0,0.4,0.3,0.3,0,0,US-CAL,3,GA,random,2,0.3333333333333333,E26,16.49,95.45,39,2.394299,87.1263,4.9523,0.0,0,12.7091,2.1186,81.73,0.0,True,26.0,4840,5.8327,3.94
google,1500,20,linear,True,False,10.0,0.4,0.3,0.3,0,0,US-CAL,3,GA,random,3,0.3333333333333333,E26,16.49,95.45,39,2.401057,87.09,4.684,0.0,0,12.8091,2.1445,79.788,0.0,True,25.5,4840,5.8556,4.05
google,1500,20,linear,True,False,10.0,0.4,0.3,0.3,0,0,US-CAL,3,GA,random,4,0.3333333333333333,E26,16.49,95.45,39,2.436907,86.8972,3.2608,0.0,0,12.7591,2.1381,82.24,0.0,True,25.5,4840,5.8241,3.92
google,1500,20,linear,True,False,10.0,0.4,0.3,0.3,0,0,US-CAL,3,GA,random,5,0.3333333333333333,E26,16.49,95.45,39,2.393729,87.1294,4.9749,0.0,0,12.7591,2.1291,81.291,0.0,True,25.5,4840,5.8492,3.9
google,1500,20,linear,True,False,10.0,0.4,0.3,0.3,0,0,US-CAL,3,GA,random,6,0.3333333333333333,E26,16.49,95.45,39,2.430675,86.9307,3.5082,0.0,0,12.7591,2.1239,80.165,0.0,True,26.0,4840,5.9706,4.07
google,1500,20,linear,True,False,10.0,0.4,0.3,0.3,0,0,US-CAL,3,GA,random,7,0.3333333333333333,E26,16.49,95.45,39,2.402568,87.0819,4.624,0.0,0,12.8091,2.1325,79.974,0.0,True,26.5,4840,5.8886,3.95
google,1500,20,linear,True,False,10.0,0.4,0.3,0.3,0,0,US-CAL,3,GA,random,8,0.3333333333333333,E26,16.49,95.45,39,2.405225,87.0676,4.5185,0.0,0,12.8091,2.1308,81.101,0.0,True,27.0,4840,5.8072,3.98
google,1500,10,linear,True,False,10.0,0.4,0.3,0.3,0,0,US-CAL,4,GWO,random,6,0.3333333333333333,E26,16.49,95.45,39,2.312192,87.3846,6.8498,0.0,0,12.6091,2.0754,80.998,0.0,True,25.0,4840,3.8641,3.16
google,1500,10,linear,True,False,10.0,0.4,0.3,0.3,0,0,US-CAL,4,GWO,random,7,0.3333333333333333,E26,16.49,95.45,39,2.313845,87.3756,6.7833,0.0,0,12.7091,2.1098,80.331,0.0,True,25.0,4840,3.8635,3.07
google,1500,10,linear,True,False,10.0,0.4,0.3,0.3,0,0,US-CAL,4,GWO,random,8,0.3333333333333333,E26,16.49,95.45,39,2.374224,87.0462,4.3508,0.0,0,12.8091,2.1351,78.561,0.0,True,25.0,4840,3.881,2.89
google,1500,10,linear,True,False,10.0,0.4,0.3,0.3,0,0,US-CAL,4,GWO,random,9,0.3333333333333333,E26,16.49,95.45,39,2.322813,87.3267,6.422,0.0,0,12.7591,2.1062,79.365,0.0,True,25.0,4840,4.0102,3.25
google,1500,10,linear,True,False,10.0,0.4,0.3,0.3,0,0,US-CAL,4,GWO,random,10,0.3333333333333333,E26,16.49,95.45,39,2.316343,87.362,6.6826,0.0,0,12.7591,2.1297,79.234,0.0,True,25.5,4840,3.9008,3.17
google,1500,10,linear,True,False,10.0,0.4,0.3,0.3,0,0,US-CAL,4,PSO,random,1,0.3333333333333333,E26,16.49,95.45,39,2.700753,85.2646,-8.8039,0.0,0,13.1091,2.1811,75.079,0.0,True,26.5,4840,3.4677,4.24
google,1500,10,linear,True,False,10.0,0.4,0.3,0.3,0,0,US-CAL,4,PSO,random,2,0.3333333333333333,E26,16.49,95.45,39,2.643581,85.5765,-6.5007,0.0,0,13.0591,2.1799,76.283,0.0,True,27.0,4840,3.422,4.42
google,1500,10,linear,True,False,10.0,0.4,0.3,0.3,0,0,US-CAL,4,PSO,random,3,0.3333333333333333,E26,16.49,95.45,39,2.585037,85.896,-4.1422,0.0,0,12.8591,2.1321,79.984,0.0,True,26.0,4840,3.4251,4.54
google,1500,10,linear,True,False,10.0,0.4,0.3,0.3,0,0,US-CAL,4,DE,random,2,0.3333333333333333,E26,16.49,95.45,39,2.517243,86.2658,-1.411,0.0,0,12.6091,2.0871,84.079,0.0,True,26.0,4840,3.364,3.4
google,1500,10,linear,True,False,10.0,0.4,0.3,0.3,0,0,US-CAL,4,DE,random,3,0.3333333333333333,E26,16.49,95.45,39,2.529266,86.2002,-1.8953,0.0,0,12.7591,2.1239,82.038,0.0,True,26.0,4840,3.3772,3.59
google,1500,10,linear,True,False,10.0,0.4,0.3,0.3,0,0,US-CAL,4,DE,random,4,0.3333333333333333,E26,16.49,95.45,39,2.51133,86.2981,-1.1727,0.0,0,12.8091,2.1263,81.281,0.0,True,26.0,4840,3.4659,3.4
google,1500,10,linear,True,False,10.0,0.4,0.3,0.3,0,0,US-CAL,4,DE,random,5,0.3333333333333333,E26,16.49,95.45,39,2.560715,86.0287,-3.1623,0.0,0,12.8591,2.1452,78.973,0.0,True,26.5,4840,3.4024,3.62
google,1500,10,linear,True,False,10.0,0.4,0.3,0.3,0,0,US-CAL,4,DE,random,6,0.3333333333333333,E26,16.49,95.45,39,2.53692,86.1585,-2.2037,0.0,0,12.6091,2.0861,84.808,0.0,True,25.5,4840,3.4251,3.26
google,1500,10,linear,True,False,10.0,0.4,0.3,0.3,0,0,US-CAL,4,DE,random,7,0.3333333333333333,E26,16.49,95.45,39,2.55213,86.0755,-2.8164,0.0,0,12.8591,2.1556,79.91,0.0,True,26.0,4840,3.3655,3.58
google,1500,10,linear,True,False,10.0,0.4,0.3,0.3,0,0,US-CAL,4,DE,random,8,0.3333333333333333,E26,16.49,95.45,39,2.520351,86.2489,-1.5362,0.0,0,12.7091,2.1072,82.213,0.0,True,26.0,4840,3.3528,3.21
google,1500,10,linear,True,False,10.0,0.4,0.3,0.3,0,0,US-CAL,4,DE,random,9,0.3333333333333333,E26,16.49,95.45,39,2.536871,86.1588,-2.2017,0.0,0,12.6091,2.0832,84.755,0.0,True,25.5,4840,3.3436,3.27
google,1500,10,linear,True,False,10.0,0.4,0.3,0.3,0,0,US-CAL,4,PSO,random,4,0.3333333333333333,E26,16.49,95.45,39,2.58998,85.869,-4.3413,0.0,0,13.0091,2.1569,79.064,0.0,True,26.0,4840,3.7091,4.53
google,1500,10,linear,True,False,10.0,0.4,0.3,0.3,0,0,US-CAL,4,PSO,random,5,0.3333333333333333,E26,16.49,95.45,39,2.634733,85.6248,-6.1442,0.0,0,12.9091,2.1402,79.477,0.0,True,25.5,4840,3.7051,4.36
google,1500,10,linear,True,False,10.0,0.4,0.3,0.3,0,0,US-CAL,4,PSO,random,6,0.3333333333333333,E26,16.49,95.45,39,2.628536,85.6586,-5.8945,0.0,0,12.9091,2.1413,78.715,0.0,True,26.0,4840,3.7572,4.49
google,1500,10,linear,True,False,10.0,0.4,0.3,0.3,0,0,US-CAL,4,PSO,random,7,0.3333333333333333,E26,16.49,95.45,39,2.640465,85.5935,-6.3751,0.0,0,13.0591,2.1662,76.487,0.0,True,26.0,4840,3.7653,4.46
google,1500,10,linear,True,False,10.0,0.4,0.3,0.3,0,0,US-CAL,4,PSO,random,8,0.3333333333333333,E26,16.49,95.45,39,2.649983,85.5416,-6.7586,0.0,0,13.0091,2.1604,77.647,0.0,True,26.0,4840,3.7709,4.37
google,1500,10,linear,True,False,10.0,0.4,0.3,0.3,0,0,US-CAL,4,PSO,random,9,0.3333333333333333,E26,16.49,95.45,39,2.611935,85.7492,-5.2258,0.0,0,12.9091,2.1522,79.007,0.0,True,26.0,4840,3.6982,4.54
google,1500,10,linear,True,False,10.0,0.4,0.3,0.3,0,0,US-CAL,4,PSO,random,10,0.3333333333333333,E26,16.49,95.45,39,2.596628,85.8327,-4.6091,0.0,0,12.8591,2.1486,79.566,0.0,True,26.0,4840,3.6885,4.67
google,1500,10,linear,True,False,10.0,0.4,0.3,0.3,0,0,US-CAL,4,DE,random,1,0.3333333333333333,E26,16.49,95.45,39,2.487244,86.4295,-0.2024,0.0,0,12.6591,2.1094,83.463,0.0,True,26.0,4840,3.5852,3.32
google,1500,10,linear,True,False,10.0,0.4,0.3,0.3,0,0,US-CAL,4,WOA,carbon,4,0.3333333333333333,E26,16.49,95.45,39,2.354039,87.1563,5.164,0.0,0,13.0591,2.1291,71.443,0.0,True,25.5,4840,3.4761,2.36
google,1500,10,linear,True,False,10.0,0.4,0.3,0.3,0,0,US-CAL,4,WOA,carbon,5,0.3333333333333333,E26,16.49,95.45,39,2.358304,87.133,4.9921,0.0,0,12.9591,2.133,73.4,0.0,True,25.0,4840,3.3926,2.54
google,1500,10,linear,True,False,10.0,0.4,0.3,0.3,0,0,US-CAL,4,WOA,carbon,6,0.3333333333333333,E26,16.49,95.45,39,2.354823,87.152,5.1324,0.0,0,13.0591,2.128,71.065,0.0,True,25.5,4840,3.405,2.5
google,1500,10,linear,True,False,10.0,0.4,0.3,0.3,0,0,US-CAL,4,WOA,carbon,7,0.3333333333333333,E26,16.49,95.45,39,2.272787,87.5996,8.4373,0.0,0,13.0591,2.14,69.669,0.0,True,25.0,4840,3.3621,2.52
google,1500,10,linear,True,False,10.0,0.4,0.3,0.3,0,0,US-CAL,4,WOA,carbon,8,0.3333333333333333,E26,16.49,95.45,39,2.073656,88.6861,16.4596,0.0,0,13.2591,2.224,58.422,0.0,True,26.0,4840,3.315,2.72
google,1500,10,linear,True,False,10.0,0.4,0.3,0.3,0,0,US-CAL,4,WOA,carbon,9,0.3333333333333333,E26,16.49,95.45,39,1.980662,89.1934,20.206,0.0,0,12.9591,2.1614,64.865,0.0,True,25.0,4840,3.3515,2.57
google,1500,10,linear,True,False,10.0,0.4,0.3,0.3,0,0,US-CAL,4,WOA,carbon,10,0.3333333333333333,E26,16.49,95.45,39,2.113675,88.4677,14.8474,0.0,0,13.1091,2.2749,62.718,0.0,True,24.5,4840,3.344,2.57
google,1500,20,linear,True,False,10.0,0.4,0.3,0.3,0,0,US-CAL,4,FIFO,-,0,0.3333333333333333,E26,16.49,95.45,39,18.32834,0.0,-638.385,0.0,0,95.9591,15.66,5.308,0.0,True,24.5,0,0.0,0.0
google,1500,20,linear,True,False,10.0,0.4,0.3,0.3,0,0,US-CAL,4,WOA,random,5,0.3333333333333333,E26,16.49,95.45,39,2.39836,86.9145,3.3784,0.0,0,13.0091,2.1404,71.668,0.0,True,25.0,4840,3.4081,2.5
google,1500,20,linear,True,False,10.0,0.4,0.3,0.3,0,0,US-CAL,4,WOA,random,6,0.3333333333333333,E26,16.49,95.45,39,2.383848,86.9937,3.9631,0.0,0,13.0591,2.1463,69.821,0.0,True,25.0,4840,3.3987,2.55
google,1500,20,linear,True,False,10.0,0.4,0.3,0.3,0,0,US-CAL,4,WOA,random,7,0.3333333333333333,E26,16.49,95.45,39,2.397826,86.9174,3.4,0.0,0,13.0591,2.1638,68.647,0.0,True,25.5,4840,3.3481,2.8
google,1500,20,linear,True,False,10.0,0.4,0.3,0.3,0,0,US-CAL,4,WOA,random,8,0.3333333333333333,E26,16.49,95.45,39,2.413541,86.8316,2.7669,0.0,0,13.0591,2.1345,69.587,0.0,True,25.0,4840,3.327,2.51
google,1500,20,linear,True,False,10.0,0.4,0.3,0.3,0,0,US-CAL,4,WOA,random,9,0.3333333333333333,E26,16.49,95.45,39,2.428894,86.7479,2.1483,0.0,0,13.0591,2.1408,66.349,0.0,True,25.0,4840,3.3629,2.56
google,1500,20,linear,True,False,10.0,0.4,0.3,0.3,0,0,US-CAL,4,WOA,random,10,0.3333333333333333,E26,16.49,95.45,39,2.430557,86.7388,2.0813,0.0,0,13.1091,2.1375,60.476,0.0,True,24.5,4840,3.3499,2.52
google,1500,20,linear,True,False,10.0,0.4,0.3,0.3,0,0,US-CAL,4,GWO,random,1,0.3333333333333333,E26,16.49,95.45,39,2.314737,87.3707,6.7473,0.0,0,12.7591,2.0978,78.576,0.0,True,25.0,4840,3.8695,3.29
google,1500,20,linear,True,False,10.0,0.4,0.3,0.3,0,0,US-CAL,4,GWO,random,2,0.3333333333333333,E26,16.49,95.45,39,2.360802,87.1194,4.8915,0.0,0,12.9091,2.1313,77.486,0.0,True,25.5,4840,3.8681,2.8
google,1500,20,linear,True,False,10.0,0.4,0.3,0.3,0,0,US-CAL,4,WOA,carbon,9,0.3333333333333333,E26,16.49,95.45,39,1.808689,90.1317,27.1342,0.0,0,12.7591,2.1261,63.598,0.0,True,24.5,4840,3.3619,2.39
google,1500,20,linear,True,False,10.0,0.4,0.3,0.3,0,0,US-CAL,4,WOA,carbon,10,0.3333333333333333,E26,16.49,95.45,39,1.808058,90.1352,27.1596,0.0,0,12.7591,2.2165,64.411,0.0,True,24.5,4840,3.3592,2.64
google,1500,10,linear,True,False,10.0,0.4,0.3,0.3,0,0,US-CAL,5,FIFO,-,0,0.3333333333333333,E26,16.49,95.45,39,15.461682,0.0,-637.2442,0.0,0,95.9591,15.66,5.308,8.9738,False,24.5,0,0.0,0.0
google,1500,10,linear,True,False,10.0,0.4,0.3,0.3,0,0,US-CAL,5,Consolidation,-,0,0.3333333333333333,E26,16.49,95.45,39,2.097227,86.436,0.0,0.0,0,13.3091,2.1675,55.842,8.9738,False,24.5,0,0.0,0.0
google,1500,10,linear,True,False,10.0,0.4,0.3,0.3,0,0,US-CAL,5,Greedy(EDF+greenest),-,0,0.3333333333333333,E26,16.49,95.45,39,1.528582,90.1137,27.1141,0.0,0,12.8591,2.2863,53.356,27.3476,False,24.5,0,0.0002,0.0
google,1500,10,linear,True,False,10.0,0.4,0.3,0.3,0,0,US-CAL,5,VCC(Google),-,0,0.3333333333333333,E26,16.49,95.45,39,2.121794,86.2771,-1.1714,0.0,0,13.2091,2.1525,59.148,0.0,True,24.5,0,0.0053,0.0
google,1500,10,linear,True,False,10.0,0.4,0.3,0.3,0,0,US-CAL,5,Threshold(WaitAwhile),-,0,0.3333333333333333,E26,16.49,95.45,39,1.542133,90.0261,26.468,0.0,0,12.8591,2.2863,55.026,26.6655,False,24.5,0,0.0227,0.0
google,1500,10,linear,True,False,10.0,0.4,0.3,0.3,0,0,US-CAL,5,WOA,random,1,0.3333333333333333,E26,16.49,95.45,39,2.030692,86.8663,3.1725,0.0,0,12.9591,2.1324,73.259,0.0,True,25.0,4840,3.3804,2.74
google,1500,10,linear,True,False,10.0,0.4,0.3,0.3,0,0,US-CAL,4,DE,random,10,0.3333333333333333,E26,16.49,95.45,39,2.520417,86.2485,-1.5388,0.0,0,12.7091,2.0929,83.424,0.0,True,25.5,4840,3.5419,3.44
google,1500,10,linear,True,False,10.0,0.4,0.3,0.3,0,0,US-CAL,4,HHO,random,1,0.3333333333333333,E26,16.49,95.45,39,2.380085,87.0142,4.1147,0.0,0,12.9591,2.1628,73.315,0.0,True,25.0,8910,5.4353,2.95
google,1500,10,linear,True,False,10.0,0.4,0.3,0.3,0,0,US-CAL,4,HHO,random,2,0.3333333333333333,E26,16.49,95.45,39,2.400046,86.9053,3.3105,0.0,0,13.0091,2.1342,70.143,0.0,True,25.5,8780,5.3104,2.64
google,1500,10,linear,True,False,10.0,0.4,0.3,0.3,0,0,US-CAL,4,HHO,random,3,0.3333333333333333,E26,16.49,95.45,39,2.378806,87.0212,4.1662,0.0,0,12.9591,2.1329,73.811,0.0,True,25.5,8894,5.3611,2.65
google,1500,10,linear,True,False,10.0,0.4,0.3,0.3,0,0,US-CAL,4,HHO,random,4,0.3333333333333333,E26,16.49,95.45,39,2.397756,86.9178,3.4028,0.0,0,12.9091,2.1165,73.559,0.0,True,25.0,9094,5.4349,2.68
google,1500,10,linear,True,False,10.0,0.4,0.3,0.3,0,0,US-CAL,4,HHO,random,5,0.3333333333333333,E26,16.49,95.45,39,2.386965,86.9766,3.8375,0.0,0,12.8091,2.107,74.891,0.0,True,25.5,8986,5.3685,2.55
google,1500,10,linear,True,False,10.0,0.4,0.3,0.3,0,0,US-CAL,4,HHO,random,6,0.3333333333333333,E26,16.49,95.45,39,2.388669,86.9673,3.7688,0.0,0,12.9591,2.1324,71.906,0.0,True,25.0,8968,5.3648,2.83
google,1500,10,linear,True,False,10.0,0.4,0.3,0.3,0,0,US-CAL,4,HHO,random,7,0.3333333333333333,E26,16.49,95.45,39,2.396868,86.9226,3.4386,0.0,0,13.1591,2.1756,68.147,0.0,True,25.5,8946,5.3819,2.7
google,1500,10,linear,True,False,10.0,0.4,0.3,0.3,0,0,US-CAL,4,GA,random,6,0.3333333333333333,E26,16.49,95.45,39,2.341543,87.2245,5.6674,0.0,0,12.7591,2.1171,81.057,0.0,True,25.5,4840,6.3313,4.13
google,1500,10,linear,True,False,10.0,0.4,0.3,0.3,0,0,US-CAL,4,GA,random,7,0.3333333333333333,E26,16.49,95.45,39,2.367771,87.0814,4.6107,0.0,0,12.8591,2.1464,79.645,0.0,True,26.0,4840,6.3782,4.05
google,1500,10,linear,True,False,10.0,0.4,0.3,0.3,0,0,US-CAL,4,GA,random,8,0.3333333333333333,E26,16.49,95.45,39,2.390188,86.9591,3.7076,0.0,0,12.9591,2.1482,78.702,0.0,True,25.5,4840,6.3448,4.03
google,1500,10,linear,True,False,10.0,0.4,0.3,0.3,0,0,US-CAL,4,GA,random,9,0.3333333333333333,E26,16.49,95.45,39,2.358122,87.134,4.9995,0.0,0,12.7091,2.1141,83.053,0.0,True,25.5,4840,6.243,3.99
google,1500,10,linear,True,False,10.0,0.4,0.3,0.3,0,0,US-CAL,4,GA,random,10,0.3333333333333333,E26,16.49,95.45,39,2.3754,87.0397,4.3034,0.0,0,12.8591,2.1452,78.9,0.0,True,26.0,4840,6.2656,3.92
google,1500,10,linear,True,False,10.0,0.4,0.3,0.3,0,0,US-CAL,4,WOA,carbon,1,0.3333333333333333,E26,16.49,95.45,39,2.330767,87.2833,6.1015,0.0,0,12.9591,2.1044,74.281,0.0,True,25.0,4840,3.5773,2.39
google,1500,10,linear,True,False,10.0,0.4,0.3,0.3,0,0,US-CAL,4,WOA,carbon,2,0.3333333333333333,E26,16.49,95.45,39,2.259888,87.67,8.957,0.0,0,12.8591,2.0987,74.913,0.0,True,24.5,4840,3.5527,2.58
google,1500,10,linear,True,False,10.0,0.4,0.3,0.3,0,0,US-CAL,4,WOA,carbon,3,0.3333333333333333,E26,16.49,95.45,39,2.241518,87.7702,9.697,0.0,0,13.0591,2.1894,71.206,0.0,True,25.5,4840,3.5903,2.57
google,1500,10,linear,True,False,10.0,0.4,0.3,0.3,0,0,US-CAL,4,HHO,random,8,0.3333333333333333,E26,16.49,95.45,39,2.396121,86.9267,3.4686,0.0,0,13.0091,2.1448,70.856,0.0,True,24.5,8872,5.1138,2.75
google,1500,10,linear,True,False,10.0,0.4,0.3,0.3,0,0,US-CAL,4,HHO,random,9,0.3333333333333333,E26,16.49,95.45,39,2.398477,86.9138,3.3737,0.0,0,12.8591,2.0985,73.714,0.0,True,25.5,8790,5.1579,2.5
google,1500,10,linear,True,False,10.0,0.4,0.3,0.3,0,0,US-CAL,4,HHO,random,10,0.3333333333333333,E26,16.49,95.45,39,2.378189,87.0245,4.191,0.0,0,12.9091,2.1117,71.689,0.0,True,25.0,8942,5.1626,2.74
google,1500,10,linear,True,False,10.0,0.4,0.3,0.3,0,0,US-CAL,4,GA,random,1,0.3333333333333333,E26,16.49,95.45,39,2.336593,87.2515,5.8668,0.0,0,12.7591,2.1256,80.893,0.0,True,26.0,4840,5.8125,4.08
google,1500,10,linear,True,False,10.0,0.4,0.3,0.3,0,0,US-CAL,4,GA,random,2,0.3333333333333333,E26,16.49,95.45,39,2.341741,87.2234,5.6594,0.0,0,12.8091,2.1394,80.17,0.0,True,26.0,4840,5.8039,3.95
google,1500,10,linear,True,False,10.0,0.4,0.3,0.3,0,0,US-CAL,4,GA,random,3,0.3333333333333333,E26,16.49,95.45,39,2.372118,87.0577,4.4356,0.0,0,12.8091,2.1291,80.727,0.0,True,25.5,4840,5.8125,4.14
google,1500,10,linear,True,False,10.0,0.4,0.3,0.3,0,0,US-CAL,4,GA,random,4,0.3333333333333333,E26,16.49,95.45,39,2.338278,87.2423,5.7989,0.0,0,12.7591,2.1387,82.102,0.0,True,25.5,4840,5.809,3.94
google,1500,10,linear,True,False,10.0,0.4,0.3,0.3,0,0,US-CAL,4,GA,random,5,0.3333333333333333,E26,16.49,95.45,39,2.358059,87.1344,5.002,0.0,0,12.8091,2.1235,80.543,0.0,True,25.5,4840,5.8925,4.03
google,1500,20,linear,True,False,10.0,0.4,0.3,0.3,0,0,US-CAL,4,GWO,random,3,0.3333333333333333,E26,16.49,95.45,39,2.309632,87.3986,6.953,0.0,0,12.7591,2.1085,77.863,0.0,True,25.0,4840,3.8791,3.22
google,1500,20,linear,True,False,10.0,0.4,0.3,0.3,0,0,US-CAL,4,GWO,random,4,0.3333333333333333,E26,16.49,95.45,39,2.371218,87.0626,4.4719,0.0,0,12.9591,2.1563,75.093,0.0,True,25.5,4840,3.8614,2.85
google,1500,20,linear,True,False,10.0,0.4,0.3,0.3,0,0,US-CAL,4,GWO,random,5,0.3333333333333333,E26,16.49,95.45,39,2.315082,87.3688,6.7334,0.0,0,12.7591,2.0977,78.491,0.0,True,25.5,4840,3.8514,3.24
google,1500,20,linear,True,False,10.0,0.4,0.3,0.3,0,0,US-CAL,4,GWO,random,6,0.3333333333333333,E26,16.49,95.45,39,2.312192,87.3846,6.8498,0.0,0,12.6091,2.0754,80.998,0.0,True,25.0,4840,3.8506,3.16
google,1500,20,linear,True,False,10.0,0.4,0.3,0.3,0,0,US-CAL,4,GWO,random,7,0.3333333333333333,E26,16.49,95.45,39,2.313845,87.3756,6.7833,0.0,0,12.7091,2.1098,80.331,0.0,True,25.0,4840,3.8553,3.07
google,1500,20,linear,True,False,10.0,0.4,0.3,0.3,0,0,US-CAL,4,GWO,random,8,0.3333333333333333,E26,16.49,95.45,39,2.374224,87.0462,4.3508,0.0,0,12.8091,2.1351,78.561,0.0,True,25.0,4840,3.8874,2.89
google,1500,20,linear,True,False,10.0,0.4,0.3,0.3,0,0,US-CAL,4,GWO,random,9,0.3333333333333333,E26,16.49,95.45,39,2.322813,87.3267,6.422,0.0,0,12.7591,2.1062,79.365,0.0,True,25.0,4840,3.9032,3.25
google,1500,20,linear,True,False,10.0,0.4,0.3,0.3,0,0,US-CAL,4,GWO,random,10,0.3333333333333333,E26,16.49,95.45,39,2.316343,87.362,6.6826,0.0,0,12.7591,2.1297,79.234,0.0,True,25.5,4840,3.8704,3.17
google,1500,20,linear,True,False,10.0,0.4,0.3,0.3,0,0,US-CAL,4,PSO,random,1,0.3333333333333333,E26,16.49,95.45,39,2.700753,85.2646,-8.8039,0.0,0,13.1091,2.1811,75.079,0.0,True,26.5,4840,3.4638,4.24
google,1500,20,linear,True,False,10.0,0.4,0.3,0.3,0,0,US-CAL,4,PSO,random,2,0.3333333333333333,E26,16.49,95.45,39,2.643581,85.5765,-6.5007,0.0,0,13.0591,2.1799,76.283,0.0,True,27.0,4840,3.434,4.42
google,1500,20,linear,True,False,10.0,0.4,0.3,0.3,0,0,US-CAL,4,PSO,random,3,0.3333333333333333,E26,16.49,95.45,39,2.585037,85.896,-4.1422,0.0,0,12.8591,2.1321,79.984,0.0,True,26.0,4840,3.4652,4.54
google,1500,20,linear,True,False,10.0,0.4,0.3,0.3,0,0,US-CAL,4,PSO,random,4,0.3333333333333333,E26,16.49,95.45,39,2.58998,85.869,-4.3413,0.0,0,13.0091,2.1569,79.064,0.0,True,26.0,4840,3.4608,4.53
google,1500,20,linear,True,False,10.0,0.4,0.3,0.3,0,0,US-CAL,4,PSO,random,5,0.3333333333333333,E26,16.49,95.45,39,2.634733,85.6248,-6.1442,0.0,0,12.9091,2.1402,79.477,0.0,True,25.5,4840,3.4423,4.36
google,1500,20,linear,True,False,10.0,0.4,0.3,0.3,0,0,US-CAL,4,PSO,random,6,0.3333333333333333,E26,16.49,95.45,39,2.628536,85.6586,-5.8945,0.0,0,12.9091,2.1413,78.715,0.0,True,26.0,4840,3.4934,4.49
google,1500,20,linear,True,False,10.0,0.4,0.3,0.3,0,0,US-CAL,4,PSO,random,7,0.3333333333333333,E26,16.49,95.45,39,2.640465,85.5935,-6.3751,0.0,0,13.0591,2.1662,76.487,0.0,True,26.0,4840,3.4747,4.46
google,1500,20,linear,True,False,10.0,0.4,0.3,0.3,0,0,US-CAL,4,PSO,random,8,0.3333333333333333,E26,16.49,95.45,39,2.649983,85.5416,-6.7586,0.0,0,13.0091,2.1604,77.647,0.0,True,26.0,4840,3.4533,4.37
google,1500,20,linear,True,False,10.0,0.4,0.3,0.3,0,0,US-CAL,4,PSO,random,9,0.3333333333333333,E26,16.49,95.45,39,2.611935,85.7492,-5.2258,0.0,0,12.9091,2.1522,79.007,0.0,True,26.0,4840,3.4486,4.55
google,1500,20,linear,True,False,10.0,0.4,0.3,0.3,0,0,US-CAL,4,PSO,random,10,0.3333333333333333,E26,16.49,95.45,39,2.596628,85.8327,-4.6091,0.0,0,12.8591,2.1486,79.566,0.0,True,26.0,4840,3.4374,4.67
google,1500,20,linear,True,False,10.0,0.4,0.3,0.3,0,0,US-CAL,4,DE,random,1,0.3333333333333333,E26,16.49,95.45,39,2.487244,86.4295,-0.2024,0.0,0,12.6591,2.1094,83.463,0.0,True,26.0,4840,3.3399,3.32
google,1500,20,linear,True,False,10.0,0.4,0.3,0.3,0,0,US-CAL,4,DE,random,2,0.3333333333333333,E26,16.49,95.45,39,2.517243,86.2658,-1.411,0.0,0,12.6091,2.0871,84.079,0.0,True,26.0,4840,3.3415,3.4
google,1500,20,linear,True,False,10.0,0.4,0.3,0.3,0,0,US-CAL,4,DE,random,3,0.3333333333333333,E26,16.49,95.45,39,2.529266,86.2002,-1.8953,0.0,0,12.7591,2.1239,82.038,0.0,True,26.0,4840,3.3513,3.59
google,1500,20,linear,True,False,10.0,0.4,0.3,0.3,0,0,US-CAL,4,DE,random,4,0.3333333333333333,E26,16.49,95.45,39,2.51133,86.2981,-1.1727,0.0,0,12.8091,2.1263,81.281,0.0,True,26.0,4840,3.3722,3.4
google,1500,20,linear,True,False,10.0,0.4,0.3,0.3,0,0,US-CAL,4,DE,random,5,0.3333333333333333,E26,16.49,95.45,39,2.560715,86.0287,-3.1623,0.0,0,12.8591,2.1452,78.973,0.0,True,26.5,4840,3.3692,3.62
google,1500,20,linear,True,False,10.0,0.4,0.3,0.3,0,0,US-CAL,4,DE,random,6,0.3333333333333333,E26,16.49,95.45,39,2.53692,86.1585,-2.2037,0.0,0,12.6091,2.0861,84.808,0.0,True,25.5,4840,3.3341,3.26
google,1500,20,linear,True,False,10.0,0.4,0.3,0.3,0,0,US-CAL,4,WOA,carbon,1,0.3333333333333333,E26,16.49,95.45,39,1.811994,90.1137,27.0011,0.0,0,12.8091,2.1319,60.679,0.0,True,24.5,4840,3.5942,2.51
google,1500,20,linear,True,False,10.0,0.4,0.3,0.3,0,0,US-CAL,4,WOA,carbon,2,0.3333333333333333,E26,16.49,95.45,39,1.802884,90.1634,27.3681,0.0,0,12.6591,2.1002,64.768,0.0,True,24.5,4840,3.5917,2.39
google,1500,20,linear,True,False,10.0,0.4,0.3,0.3,0,0,US-CAL,4,WOA,carbon,3,0.3333333333333333,E26,16.49,95.45,39,1.812772,90.1095,26.9697,0.0,0,12.8091,2.1302,60.219,0.0,True,24.5,4840,3.5972,2.33
google,1500,20,linear,True,False,10.0,0.4,0.3,0.3,0,0,US-CAL,4,WOA,carbon,4,0.3333333333333333,E26,16.49,95.45,39,1.809166,90.1291,27.115,0.0,0,12.7591,2.1449,63.349,0.0,True,24.5,4840,3.6152,2.49
google,1500,20,linear,True,False,10.0,0.4,0.3,0.3,0,0,US-CAL,4,WOA,carbon,5,0.3333333333333333,E26,16.49,95.45,39,1.807579,90.1378,27.1789,0.0,0,12.7591,2.1488,65.336,0.0,True,24.5,4840,3.6208,2.44
google,1500,20,linear,True,False,10.0,0.4,0.3,0.3,0,0,US-CAL,4,WOA,carbon,6,0.3333333333333333,E26,16.49,95.45,39,1.805353,90.1499,27.2686,0.0,0,12.7591,2.1437,64.4,0.0,True,24.5,4840,3.5862,2.5
google,1500,20,linear,True,False,10.0,0.4,0.3,0.3,0,0,US-CAL,4,WOA,carbon,7,0.3333333333333333,E26,16.49,95.45,39,1.807378,90.1389,27.187,0.0,0,12.7591,2.1152,60.394,0.0,True,24.5,4840,3.5945,2.27
google,1500,20,linear,True,False,10.0,0.4,0.3,0.3,0,0,US-CAL,4,WOA,carbon,8,0.3333333333333333,E26,16.49,95.45,39,1.807378,90.1389,27.187,0.0,0,12.7591,2.1152,61.669,0.0,True,24.5,4840,3.601,2.34
google,1500,20,linear,True,False,10.0,0.4,0.3,0.3,0,0,US-CAL,4,DE,random,7,0.3333333333333333,E26,16.49,95.45,39,2.55213,86.0755,-2.8164,0.0,0,12.8591,2.1556,79.91,0.0,True,26.0,4840,3.333,3.58
google,1500,20,linear,True,False,10.0,0.4,0.3,0.3,0,0,US-CAL,4,DE,random,8,0.3333333333333333,E26,16.49,95.45,39,2.520351,86.2489,-1.5362,0.0,0,12.7091,2.1072,82.213,0.0,True,26.0,4840,3.3329,3.21
google,1500,20,linear,True,False,10.0,0.4,0.3,0.3,0,0,US-CAL,4,DE,random,9,0.3333333333333333,E26,16.49,95.45,39,2.536871,86.1588,-2.2017,0.0,0,12.6091,2.0832,84.755,0.0,True,25.5,4840,3.3226,3.27
google,1500,20,linear,True,False,10.0,0.4,0.3,0.3,0,0,US-CAL,4,DE,random,10,0.3333333333333333,E26,16.49,95.45,39,2.520417,86.2485,-1.5388,0.0,0,12.7091,2.0929,83.424,0.0,True,25.5,4840,3.3326,3.44
google,1500,20,linear,True,False,10.0,0.4,0.3,0.3,0,0,US-CAL,4,HHO,random,1,0.3333333333333333,E26,16.49,95.45,39,2.390922,86.9551,3.6781,0.0,0,13.0591,2.1469,67.968,0.0,True,25.0,8910,5.11,2.72
google,1500,20,linear,True,False,10.0,0.4,0.3,0.3,0,0,US-CAL,4,HHO,random,2,0.3333333333333333,E26,16.49,95.45,39,2.425726,86.7652,2.276,0.0,0,13.1591,2.1654,63.658,0.0,True,25.0,8780,5.0276,2.81
google,1500,20,linear,True,False,10.0,0.4,0.3,0.3,0,0,US-CAL,4,HHO,random,3,0.3333333333333333,E26,16.49,95.45,39,2.380476,87.012,4.0989,0.0,0,13.1091,2.1702,65.736,0.0,True,25.5,8894,5.0516,2.74
google,1500,20,linear,True,False,10.0,0.4,0.3,0.3,0,0,US-CAL,4,HHO,random,4,0.3333333333333333,E26,16.49,95.45,39,2.395283,86.9313,3.5024,0.0,0,13.0591,2.1417,66.922,0.0,True,25.0,9094,5.1905,2.78
google,1500,10,linear,True,False,10.0,0.4,0.3,0.3,0,0,US-CAL,5,WOA,random,2,0.3333333333333333,E26,16.49,95.45,39,2.049806,86.7427,2.2611,0.0,0,12.9591,2.1175,73.851,0.0,True,25.5,4840,3.3993,2.46
google,1500,10,linear,True,False,10.0,0.4,0.3,0.3,0,0,US-CAL,5,WOA,random,3,0.3333333333333333,E26,16.49,95.45,39,2.042968,86.7869,2.5872,0.0,0,13.0091,2.1392,70.749,0.0,True,26.0,4840,3.3912,2.32
google,1500,10,linear,True,False,10.0,0.4,0.3,0.3,0,0,US-CAL,5,WOA,random,4,0.3333333333333333,E26,16.49,95.45,39,2.066993,86.6315,1.4416,0.0,0,13.1091,2.163,70.223,0.0,True,25.5,4840,3.3465,2.68
google,1500,10,linear,True,False,10.0,0.4,0.3,0.3,0,0,US-CAL,5,WOA,random,5,0.3333333333333333,E26,16.49,95.45,39,2.01662,86.9573,3.8435,0.0,0,12.9091,2.1167,73.827,0.0,True,25.0,4840,3.3726,2.56
google,1500,10,linear,True,False,10.0,0.4,0.3,0.3,0,0,US-CAL,5,WOA,random,6,0.3333333333333333,E26,16.49,95.45,39,2.058626,86.6856,1.8406,0.0,0,13.1091,2.1516,67.152,0.0,True,25.5,4840,3.3922,2.4
google,1500,10,linear,True,False,10.0,0.4,0.3,0.3,0,0,US-CAL,5,WOA,random,7,0.3333333333333333,E26,16.49,95.45,39,2.050649,86.7372,2.2209,0.0,0,13.0091,2.1343,69.884,0.0,True,25.0,4840,3.3892,2.5
google,1500,10,linear,True,False,10.0,0.4,0.3,0.3,0,0,US-CAL,5,WOA,random,8,0.3333333333333333,E26,16.49,95.45,39,2.048764,86.7494,2.3108,0.0,0,13.0091,2.1279,71.002,0.0,True,26.0,4840,3.3745,2.66
google,1500,10,linear,True,False,10.0,0.4,0.3,0.3,0,0,US-CAL,5,WOA,random,9,0.3333333333333333,E26,16.49,95.45,39,2.028196,86.8824,3.2915,0.0,0,12.9591,2.1231,74.258,0.0,True,25.0,4840,3.3576,2.39
google,1500,20,linear,True,False,10.0,0.4,0.3,0.3,0,0,US-CAL,4,HHO,random,5,0.3333333333333333,E26,16.49,95.45,39,2.363324,87.1056,4.7899,0.0,0,12.9591,2.1351,71.076,0.0,True,25.5,8986,5.1094,2.4
google,1500,20,linear,True,False,10.0,0.4,0.3,0.3,0,0,US-CAL,4,HHO,random,6,0.3333333333333333,E26,16.49,95.45,39,2.396752,86.9232,3.4432,0.0,0,12.8591,2.1182,73.815,0.0,True,24.5,8968,5.0469,2.49
google,1500,20,linear,True,False,10.0,0.4,0.3,0.3,0,0,US-CAL,4,HHO,random,7,0.3333333333333333,E26,16.49,95.45,39,2.430184,86.7408,2.0963,0.0,0,13.1591,2.1525,59.366,0.0,True,25.0,8946,5.0944,2.7
google,1500,20,linear,True,False,10.0,0.4,0.3,0.3,0,0,US-CAL,4,HHO,random,8,0.3333333333333333,E26,16.49,95.45,39,2.426764,86.7595,2.2341,0.0,0,13.1091,2.1489,62.632,0.0,True,24.5,8872,5.0715,2.68
google,1500,20,linear,True,False,10.0,0.4,0.3,0.3,0,0,US-CAL,4,HHO,random,9,0.3333333333333333,E26,16.49,95.45,39,2.405104,86.8777,3.1067,0.0,0,13.0091,2.1384,68.811,0.0,True,24.5,8790,4.9818,2.68
google,1500,20,linear,True,False,10.0,0.4,0.3,0.3,0,0,US-CAL,4,HHO,random,10,0.3333333333333333,E26,16.49,95.45,39,2.420025,86.7963,2.5056,0.0,0,13.1091,2.1437,61.206,0.0,True,24.5,8942,5.0934,2.52
google,1500,20,linear,True,False,10.0,0.4,0.3,0.3,0,0,US-CAL,4,GA,random,1,0.3333333333333333,E26,16.49,95.45,39,2.336593,87.2515,5.8668,0.0,0,12.7591,2.1256,80.893,0.0,True,26.0,4840,5.7969,4.06
google,1500,20,linear,True,False,10.0,0.4,0.3,0.3,0,0,US-CAL,4,GA,random,2,0.3333333333333333,E26,16.49,95.45,39,2.341741,87.2234,5.6594,0.0,0,12.8091,2.1394,80.17,0.0,True,26.0,4840,5.7913,3.94
google,1500,10,linear,True,False,10.0,0.4,0.3,0.3,0,0,US-CAL,5,WOA,random,10,0.3333333333333333,E26,16.49,95.45,39,2.015138,86.9669,3.9142,0.0,0,12.8591,2.1146,75.152,0.0,True,25.0,4840,3.43,2.48
google,1500,10,linear,True,False,10.0,0.4,0.3,0.3,0,0,US-CAL,5,GWO,random,1,0.3333333333333333,E26,16.49,95.45,39,1.950781,87.3831,6.9828,0.0,0,12.8091,2.1259,78.87,0.0,True,25.0,4840,3.8866,3.1
google,1500,10,linear,True,False,10.0,0.4,0.3,0.3,0,0,US-CAL,5,GWO,random,2,0.3333333333333333,E26,16.49,95.45,39,1.982128,87.1804,5.4881,0.0,0,12.8091,2.1411,78.472,0.0,True,25.5,4840,3.8673,3.11
google,1500,10,linear,True,False,10.0,0.4,0.3,0.3,0,0,US-CAL,5,GWO,random,3,0.3333333333333333,E26,16.49,95.45,39,2.014697,86.9697,3.9352,0.0,0,12.7091,2.0994,79.8,0.0,True,25.5,4840,3.8929,3.28
google,1500,10,linear,True,False,10.0,0.4,0.3,0.3,0,0,US-CAL,5,GWO,random,4,0.3333333333333333,E26,16.49,95.45,39,2.005895,87.0267,4.3549,0.0,0,12.8091,2.1149,79.218,0.0,True,25.5,4840,3.8987,3.07
google,1500,10,linear,True,False,10.0,0.4,0.3,0.3,0,0,US-CAL,5,GWO,random,5,0.3333333333333333,E26,16.49,95.45,39,2.008319,87.011,4.2393,0.0,0,13.0091,2.1445,74.643,0.0,True,25.5,4840,3.8853,2.85
google,1500,10,linear,True,False,10.0,0.4,0.3,0.3,0,0,US-CAL,5,GWO,random,6,0.3333333333333333,E26,16.49,95.45,39,1.944547,87.4234,7.2801,0.0,0,12.7091,2.1092,80.689,0.0,True,25.0,4840,3.8858,3.16
google,1500,10,linear,True,False,10.0,0.4,0.3,0.3,0,0,US-CAL,5,GWO,random,7,0.3333333333333333,E26,16.49,95.45,39,2.009771,87.0016,4.1701,0.0,0,12.9091,2.1449,77.287,0.0,True,25.5,4840,3.8865,2.72
google,1500,10,linear,True,False,10.0,0.4,0.3,0.3,0,0,US-CAL,5,GWO,random,8,0.3333333333333333,E26,16.49,95.45,39,1.946607,87.4101,7.1819,0.0,0,12.7591,2.104,79.286,0.0,True,25.0,4840,4.127,3.22
google,1500,10,linear,True,False,10.0,0.4,0.3,0.3,0,0,US-CAL,5,GWO,random,9,0.3333333333333333,E26,16.49,95.45,39,1.984654,87.164,5.3677,0.0,0,12.6591,2.0981,82.698,0.0,True,25.0,4840,4.0589,3.1
google,1500,10,linear,True,False,10.0,0.4,0.3,0.3,0,0,US-CAL,5,GWO,random,10,0.3333333333333333,E26,16.49,95.45,39,1.965492,87.288,6.2814,0.0,0,12.7091,2.0993,80.263,0.0,True,25.0,4840,4.0678,3.26
google,1500,10,linear,True,False,10.0,0.4,0.3,0.3,0,0,US-CAL,5,PSO,random,1,0.3333333333333333,E26,16.49,95.45,39,2.218987,85.6485,-5.8058,0.0,0,12.9091,2.1499,79.037,0.0,True,26.0,4840,3.655,4.54
google,1500,10,linear,True,False,10.0,0.4,0.3,0.3,0,0,US-CAL,5,PSO,random,2,0.3333333333333333,E26,16.49,95.45,39,2.192838,85.8176,-4.5589,0.0,0,12.8091,2.1338,80.15,0.0,True,26.0,4840,3.6336,4.47
google,1500,10,linear,True,False,10.0,0.4,0.3,0.3,0,0,US-CAL,5,PSO,random,3,0.3333333333333333,E26,16.49,95.45,39,2.223464,85.6195,-6.0193,0.0,0,12.9591,2.1552,79.615,0.0,True,26.5,4840,3.6366,4.4
google,1500,10,linear,True,False,10.0,0.4,0.3,0.3,0,0,US-CAL,5,PSO,random,4,0.3333333333333333,E26,16.49,95.45,39,2.236266,85.5367,-6.6297,0.0,0,13.0591,2.1719,77.677,0.0,True,26.0,4840,3.6241,4.4
google,1500,10,linear,True,False,10.0,0.4,0.3,0.3,0,0,US-CAL,5,PSO,random,5,0.3333333333333333,E26,16.49,95.45,39,2.166792,85.9861,-3.317,0.0,0,12.8591,2.1419,79.226,0.0,True,26.0,4840,3.6254,4.86
google,1500,10,linear,True,False,10.0,0.4,0.3,0.3,0,0,US-CAL,5,PSO,random,6,0.3333333333333333,E26,16.49,95.45,39,2.177609,85.9161,-3.8328,0.0,0,13.0591,2.1771,77.981,0.0,True,25.5,4840,3.6728,4.71
google,1500,10,linear,True,False,10.0,0.4,0.3,0.3,0,0,US-CAL,5,PSO,random,7,0.3333333333333333,E26,16.49,95.45,39,2.236069,85.538,-6.6203,0.0,0,12.9591,2.1437,78.454,0.0,True,26.0,4840,3.6462,4.71
google,1500,10,linear,True,False,10.0,0.4,0.3,0.3,0,0,US-CAL,5,PSO,random,8,0.3333333333333333,E26,16.49,95.45,39,2.225138,85.6087,-6.0991,0.0,0,12.9591,2.1567,78.147,0.0,True,26.5,4840,3.6281,4.57
google,1500,10,linear,True,False,10.0,0.4,0.3,0.3,0,0,US-CAL,5,PSO,random,9,0.3333333333333333,E26,16.49,95.45,39,2.227583,85.5929,-6.2157,0.0,0,13.0091,2.1666,79.885,0.0,True,25.5,4840,3.6601,4.46
google,1500,10,linear,True,False,10.0,0.4,0.3,0.3,0,0,US-CAL,5,PSO,random,10,0.3333333333333333,E26,16.49,95.45,39,2.190424,85.8332,-4.4438,0.0,0,12.9091,2.1556,79.571,0.0,True,26.0,4840,3.6584,4.65
google,1500,10,linear,True,False,10.0,0.4,0.3,0.3,0,0,US-CAL,5,DE,random,1,0.3333333333333333,E26,16.49,95.45,39,2.127342,86.2412,-1.4359,0.0,0,12.6591,2.1317,83.562,0.0,True,26.0,4840,3.5564,3.16
google,1500,10,linear,True,False,10.0,0.4,0.3,0.3,0,0,US-CAL,5,DE,random,2,0.3333333333333333,E26,16.49,95.45,39,2.158064,86.0425,-2.9009,0.0,0,12.6591,2.1128,82.296,0.0,True,26.5,4840,3.5342,3.33
google,1500,10,linear,True,False,10.0,0.4,0.3,0.3,0,0,US-CAL,5,DE,random,3,0.3333333333333333,E26,16.49,95.45,39,2.157187,86.0482,-2.859,0.0,0,12.7091,2.1004,84.276,0.0,True,25.5,4840,3.5709,3.05
google,1500,20,linear,True,False,10.0,0.4,0.3,0.3,0,0,US-CAL,4,GA,random,3,0.3333333333333333,E26,16.49,95.45,39,2.372118,87.0577,4.4356,0.0,0,12.8091,2.1291,80.727,0.0,True,25.5,4840,5.8567,4.12
google,1500,20,linear,True,False,10.0,0.4,0.3,0.3,0,0,US-CAL,4,GA,random,4,0.3333333333333333,E26,16.49,95.45,39,2.338278,87.2423,5.7989,0.0,0,12.7591,2.1387,82.102,0.0,True,25.5,4840,5.8334,3.92
google,1500,20,linear,True,False,10.0,0.4,0.3,0.3,0,0,US-CAL,4,GA,random,5,0.3333333333333333,E26,16.49,95.45,39,2.358059,87.1344,5.002,0.0,0,12.8091,2.1235,80.543,0.0,True,25.5,4840,5.8954,4.02
google,1500,20,linear,True,False,10.0,0.4,0.3,0.3,0,0,US-CAL,4,GA,random,6,0.3333333333333333,E26,16.49,95.45,39,2.341543,87.2245,5.6674,0.0,0,12.7591,2.1171,81.057,0.0,True,25.5,4840,5.8467,4.12
google,1500,20,linear,True,False,10.0,0.4,0.3,0.3,0,0,US-CAL,4,GA,random,7,0.3333333333333333,E26,16.49,95.45,39,2.367771,87.0814,4.6107,0.0,0,12.8591,2.1464,79.645,0.0,True,26.0,4840,5.8742,4.05
google,1500,20,linear,True,False,10.0,0.4,0.3,0.3,0,0,US-CAL,4,GA,random,8,0.3333333333333333,E26,16.49,95.45,39,2.390188,86.9591,3.7076,0.0,0,12.9591,2.1482,78.702,0.0,True,25.5,4840,5.8758,4.03
google,1500,20,linear,True,False,10.0,0.4,0.3,0.3,0,0,US-CAL,4,GA,random,9,0.3333333333333333,E26,16.49,95.45,39,2.358122,87.134,4.9995,0.0,0,12.7091,2.1141,83.053,0.0,True,25.5,4840,5.8546,3.99
google,1500,20,linear,True,False,10.0,0.4,0.3,0.3,0,0,US-CAL,4,GA,random,10,0.3333333333333333,E26,16.49,95.45,39,2.3754,87.0397,4.3034,0.0,0,12.8591,2.1452,78.9,0.0,True,26.0,4840,5.8474,3.92
google,1500,10,linear,True,False,10.0,0.4,0.3,0.3,0,0,US-CAL,5,DE,random,4,0.3333333333333333,E26,16.49,95.45,39,2.154988,86.0624,-2.7542,0.0,0,12.8091,2.1428,81.985,0.0,True,25.5,4840,3.3857,3.25
google,1500,10,linear,True,False,10.0,0.4,0.3,0.3,0,0,US-CAL,5,DE,random,5,0.3333333333333333,E26,16.49,95.45,39,2.16553,85.9942,-3.2568,0.0,0,12.8591,2.1282,79.083,0.0,True,26.5,4840,3.3509,3.06
google,1500,10,linear,True,False,10.0,0.4,0.3,0.3,0,0,US-CAL,5,DE,random,6,0.3333333333333333,E26,16.49,95.45,39,2.114696,86.323,-0.833,0.0,0,12.7591,2.1141,81.389,0.0,True,26.0,4840,3.3482,3.32
google,1500,10,linear,True,False,10.0,0.4,0.3,0.3,0,0,US-CAL,5,DE,random,7,0.3333333333333333,E26,16.49,95.45,39,2.106905,86.3734,-0.4615,0.0,0,12.7591,2.1325,81.643,0.0,True,25.5,4840,3.3962,3.26
google,1500,10,linear,True,False,10.0,0.4,0.3,0.3,0,0,US-CAL,5,DE,random,8,0.3333333333333333,E26,16.49,95.45,39,2.13095,86.2179,-1.608,0.0,0,12.7591,2.1199,82.188,0.0,True,25.5,4840,3.3731,3.34
google,1500,10,linear,True,False,10.0,0.4,0.3,0.3,0,0,US-CAL,5,DE,random,9,0.3333333333333333,E26,16.49,95.45,39,2.168792,85.9731,-3.4124,0.0,0,12.6091,2.074,84.6,0.0,True,25.5,4840,3.3639,3.03
google,1500,10,linear,True,False,10.0,0.4,0.3,0.3,0,0,US-CAL,5,DE,random,10,0.3333333333333333,E26,16.49,95.45,39,2.131542,86.214,-1.6362,0.0,0,12.6091,2.0665,85.164,0.0,True,25.5,4840,3.3537,3.31
google,1500,10,linear,True,False,10.0,0.4,0.3,0.3,0,0,US-CAL,5,HHO,random,1,0.3333333333333333,E26,16.49,95.45,39,1.991775,87.118,5.0281,0.0,0,12.9091,2.1467,73.585,0.0,True,25.0,8910,5.1348,2.7
google,1500,10,linear,True,False,10.0,0.4,0.3,0.3,0,0,US-CAL,5,WOA,carbon,6,0.3333333333333333,E26,16.49,95.45,39,2.003948,87.0393,4.4477,0.0,0,13.0591,2.1496,70.715,0.0,True,25.5,4840,3.6076,2.54
google,1500,10,linear,True,False,10.0,0.4,0.3,0.3,0,0,US-CAL,5,WOA,carbon,7,0.3333333333333333,E26,16.49,95.45,39,1.951857,87.3762,6.9315,0.0,0,13.0091,2.17,71.751,0.0,True,25.0,4840,3.5854,2.52
google,1500,10,linear,True,False,10.0,0.4,0.3,0.3,0,0,US-CAL,5,WOA,carbon,8,0.3333333333333333,E26,16.49,95.45,39,1.926793,87.5383,8.1266,0.0,0,13.0091,2.1631,70.06,0.0,True,25.5,4840,3.607,2.77
google,1500,10,linear,True,False,10.0,0.4,0.3,0.3,0,0,US-CAL,5,WOA,carbon,9,0.3333333333333333,E26,16.49,95.45,39,1.970069,87.2584,6.0632,0.0,0,12.9591,2.1609,72.971,0.0,True,25.0,4840,3.6085,2.59
google,1500,10,linear,True,False,10.0,0.4,0.3,0.3,0,0,US-CAL,5,WOA,carbon,10,0.3333333333333333,E26,16.49,95.45,39,1.960665,87.3192,6.5115,0.0,0,12.9091,2.1437,72.85,0.0,True,24.5,4840,3.6345,2.57
google,1500,20,linear,True,False,10.0,0.4,0.3,0.3,0,0,US-CAL,5,FIFO,-,0,0.3333333333333333,E26,16.49,95.45,39,15.461682,0.0,-637.2442,0.0,0,95.9591,15.66,5.308,0.0,True,24.5,0,0.0,0.0
google,1500,20,linear,True,False,10.0,0.4,0.3,0.3,0,0,US-CAL,5,Consolidation,-,0,0.3333333333333333,E26,16.49,95.45,39,2.097227,86.436,0.0,0.0,0,13.3091,2.1675,55.842,0.0,True,24.5,0,0.0,0.0
google,1500,20,linear,True,False,10.0,0.4,0.3,0.3,0,0,US-CAL,5,Greedy(EDF+greenest),-,0,0.3333333333333333,E26,16.49,95.45,39,1.528582,90.1137,27.1141,0.0,0,12.8591,2.2863,53.356,8.9439,False,24.5,0,0.0002,0.0
google,1500,20,linear,True,False,10.0,0.4,0.3,0.3,0,0,US-CAL,5,VCC(Google),-,0,0.3333333333333333,E26,16.49,95.45,39,2.097227,86.436,0.0,0.0,0,13.3091,2.1675,55.842,0.0,True,24.5,0,0.005,0.0
google,1500,20,linear,True,False,10.0,0.4,0.3,0.3,0,0,US-CAL,5,Threshold(WaitAwhile),-,0,0.3333333333333333,E26,16.49,95.45,39,1.542133,90.0261,26.468,0.0,0,12.8591,2.2863,55.026,8.9439,False,24.5,0,0.0231,0.0
google,1500,20,linear,True,False,10.0,0.4,0.3,0.3,0,0,US-CAL,5,WOA,random,1,0.3333333333333333,E26,16.49,95.45,39,2.018588,86.9446,3.7497,0.0,0,13.1091,2.1773,70.521,0.0,True,25.0,4840,3.363,2.55
google,1500,20,linear,True,False,10.0,0.4,0.3,0.3,0,0,US-CAL,5,WOA,random,2,0.3333333333333333,E26,16.49,95.45,39,2.003492,87.0422,4.4695,0.0,0,13.0091,2.1529,70.717,0.0,True,25.0,4840,3.349,2.74
google,1500,20,linear,True,False,10.0,0.4,0.3,0.3,0,0,US-CAL,5,WOA,random,3,0.3333333333333333,E26,16.49,95.45,39,2.011577,86.9899,4.084,0.0,0,13.0591,2.1668,69.592,0.0,True,25.0,4840,3.3544,2.47
google,1500,20,linear,True,False,10.0,0.4,0.3,0.3,0,0,US-CAL,5,WOA,random,4,0.3333333333333333,E26,16.49,95.45,39,2.029047,86.8769,3.251,0.0,0,13.0591,2.1456,71.161,0.0,True,25.5,4840,3.3695,2.63
google,1500,20,linear,True,False,10.0,0.4,0.3,0.3,0,0,US-CAL,5,WOA,random,5,0.3333333333333333,E26,16.49,95.45,39,2.0214,86.9264,3.6156,0.0,0,13.0091,2.1404,71.728,0.0,True,25.0,4840,3.4064,2.51
google,1500,20,linear,True,False,10.0,0.4,0.3,0.3,0,0,US-CAL,5,WOA,random,6,0.3333333333333333,E26,16.49,95.45,39,2.014975,86.9679,3.9219,0.0,0,13.0091,2.1416,71.714,0.0,True,25.0,4840,3.3498,2.51
google,1500,10,linear,True,False,10.0,0.4,0.3,0.3,0,0,US-CAL,5,GA,random,8,0.3333333333333333,E26,16.49,95.45,39,2.03163,86.8602,3.1278,0.0,0,12.8091,2.1422,80.443,0.0,True,26.0,4840,5.8542,3.93
google,1500,10,linear,True,False,10.0,0.4,0.3,0.3,0,0,US-CAL,5,GA,random,9,0.3333333333333333,E26,16.49,95.45,39,2.004083,87.0384,4.4413,0.0,0,12.8091,2.1332,79.635,0.0,True,26.0,4840,5.8374,4.12
google,1500,10,linear,True,False,10.0,0.4,0.3,0.3,0,0,US-CAL,5,GA,random,10,0.3333333333333333,E26,16.49,95.45,39,1.981107,87.187,5.5368,0.0,0,12.6091,2.0989,84.639,0.0,True,25.5,4840,5.8304,4.04
google,1500,10,linear,True,False,10.0,0.4,0.3,0.3,0,0,US-CAL,5,WOA,carbon,1,0.3333333333333333,E26,16.49,95.45,39,1.964008,87.2976,6.3521,0.0,0,13.0091,2.1524,71.094,0.0,True,25.0,4840,3.3255,2.56
google,1500,10,linear,True,False,10.0,0.4,0.3,0.3,0,0,US-CAL,5,WOA,carbon,2,0.3333333333333333,E26,16.49,95.45,39,1.953442,87.3659,6.856,0.0,0,12.9591,2.1364,72.375,0.0,True,25.5,4840,3.3739,2.55
google,1500,10,linear,True,False,10.0,0.4,0.3,0.3,0,0,US-CAL,5,WOA,carbon,3,0.3333333333333333,E26,16.49,95.45,39,1.913799,87.6223,8.7462,0.0,0,12.9091,2.1482,72.091,0.0,True,25.0,4840,3.3525,2.66
google,1500,10,linear,True,False,10.0,0.4,0.3,0.3,0,0,US-CAL,5,WOA,carbon,4,0.3333333333333333,E26,16.49,95.45,39,1.970495,87.2556,6.0428,0.0,0,13.0591,2.1632,69.604,0.0,True,25.5,4840,3.2875,2.44
google,1500,10,linear,True,False,10.0,0.4,0.3,0.3,0,0,US-CAL,5,WOA,carbon,5,0.3333333333333333,E26,16.49,95.45,39,2.001887,87.0526,4.546,0.0,0,13.0091,2.139,70.086,0.0,True,25.0,4840,3.2686,2.73
google,1500,10,linear,True,False,10.0,0.4,0.3,0.3,0,0,US-CAL,5,HHO,random,2,0.3333333333333333,E26,16.49,95.45,39,2.031224,86.8629,3.1471,0.0,0,12.9591,2.1336,73.146,0.0,True,25.0,8780,5.049,2.89
google,1500,10,linear,True,False,10.0,0.4,0.3,0.3,0,0,US-CAL,5,HHO,random,3,0.3333333333333333,E26,16.49,95.45,39,1.991674,87.1186,5.033,0.0,0,12.8091,2.0996,74.302,0.0,True,25.0,8894,5.0915,2.47
google,1500,10,linear,True,False,10.0,0.4,0.3,0.3,0,0,US-CAL,5,HHO,random,4,0.3333333333333333,E26,16.49,95.45,39,2.002585,87.0481,4.5127,0.0,0,12.9591,2.1471,71.878,0.0,True,25.0,9094,5.1765,2.6
google,1500,10,linear,True,False,10.0,0.4,0.3,0.3,0,0,US-CAL,5,HHO,random,5,0.3333333333333333,E26,16.49,95.45,39,2.006766,87.021,4.3134,0.0,0,12.8591,2.1139,75.812,0.0,True,25.5,8986,5.1161,2.65
google,1500,10,linear,True,False,10.0,0.4,0.3,0.3,0,0,US-CAL,5,HHO,random,6,0.3333333333333333,E26,16.49,95.45,39,2.025374,86.9007,3.4261,0.0,0,12.9091,2.1262,72.306,0.0,True,24.5,8968,5.1392,2.7
google,1500,10,linear,True,False,10.0,0.4,0.3,0.3,0,0,US-CAL,5,HHO,random,7,0.3333333333333333,E26,16.49,95.45,39,1.996707,87.0861,4.793,0.0,0,12.9091,2.1145,71.118,0.0,True,25.5,8946,5.1325,2.75
google,1500,10,linear,True,False,10.0,0.4,0.3,0.3,0,0,US-CAL,5,HHO,random,8,0.3333333333333333,E26,16.49,95.45,39,2.042178,86.792,2.6249,0.0,0,13.0091,2.1373,72.371,0.0,True,24.5,8872,4.9659,2.69
google,1500,10,linear,True,False,10.0,0.4,0.3,0.3,0,0,US-CAL,5,HHO,random,9,0.3333333333333333,E26,16.49,95.45,39,2.006052,87.0257,4.3474,0.0,0,12.8591,2.1054,73.389,0.0,True,25.0,8790,4.7378,2.75
google,1500,10,linear,True,False,10.0,0.4,0.3,0.3,0,0,US-CAL,5,HHO,random,10,0.3333333333333333,E26,16.49,95.45,39,2.020102,86.9348,3.6775,0.0,0,12.9591,2.1186,71.283,0.0,True,25.0,8942,5.1061,2.7
google,1500,10,linear,True,False,10.0,0.4,0.3,0.3,0,0,US-CAL,5,GA,random,1,0.3333333333333333,E26,16.49,95.45,39,2.025616,86.8991,3.4145,0.0,0,12.7091,2.1147,82.403,0.0,True,25.5,4840,5.8328,4.12
google,1500,10,linear,True,False,10.0,0.4,0.3,0.3,0,0,US-CAL,5,GA,random,2,0.3333333333333333,E26,16.49,95.45,39,1.990403,87.1269,5.0936,0.0,0,12.7091,2.1284,81.878,0.0,True,25.5,4840,5.8141,3.97
google,1500,10,linear,True,False,10.0,0.4,0.3,0.3,0,0,US-CAL,5,GA,random,3,0.3333333333333333,E26,16.49,95.45,39,2.028892,86.8779,3.2583,0.0,0,12.7591,2.1484,81.246,0.0,True,25.5,4840,5.821,3.97
google,1500,10,linear,True,False,10.0,0.4,0.3,0.3,0,0,US-CAL,5,GA,random,4,0.3333333333333333,E26,16.49,95.45,39,2.012996,86.9807,4.0163,0.0,0,12.7591,2.1233,79.859,0.0,True,26.0,4840,5.8655,3.87
google,1500,10,linear,True,False,10.0,0.4,0.3,0.3,0,0,US-CAL,5,GA,random,5,0.3333333333333333,E26,16.49,95.45,39,2.025718,86.8985,3.4097,0.0,0,12.7091,2.1164,82.924,0.0,True,25.5,4840,5.7298,3.92
google,1500,10,linear,True,False,10.0,0.4,0.3,0.3,0,0,US-CAL,5,GA,random,6,0.3333333333333333,E26,16.49,95.45,39,1.990149,87.1285,5.1057,0.0,0,12.7591,2.1278,82.002,0.0,True,25.5,4840,5.5464,3.98
google,1500,10,linear,True,False,10.0,0.4,0.3,0.3,0,0,US-CAL,5,GA,random,7,0.3333333333333333,E26,16.49,95.45,39,2.015243,86.9662,3.9091,0.0,0,12.8091,2.1406,79.773,0.0,True,26.0,4840,5.2479,3.96
google,1500,20,linear,True,False,10.0,0.4,0.3,0.3,0,0,US-CAL,5,WOA,random,7,0.3333333333333333,E26,16.49,95.45,39,2.017192,86.9536,3.8162,0.0,0,12.9091,2.1271,75.287,0.0,True,25.0,4840,3.3666,2.55
google,1500,20,linear,True,False,10.0,0.4,0.3,0.3,0,0,US-CAL,5,WOA,random,8,0.3333333333333333,E26,16.49,95.45,39,2.037275,86.8237,2.8586,0.0,0,12.9091,2.1193,74.129,0.0,True,25.0,4840,3.3545,2.43
google,1500,20,linear,True,False,10.0,0.4,0.3,0.3,0,0,US-CAL,5,WOA,random,9,0.3333333333333333,E26,16.49,95.45,39,2.039236,86.811,2.7651,0.0,0,13.0091,2.1426,71.411,0.0,True,25.5,4840,3.411,2.51
google,1500,20,linear,True,False,10.0,0.4,0.3,0.3,0,0,US-CAL,5,WOA,random,10,0.3333333333333333,E26,16.49,95.45,39,2.051772,86.73,2.1674,0.0,0,13.1091,2.1617,70.52,0.0,True,26.0,4840,3.3791,2.47
google,1500,20,linear,True,False,10.0,0.4,0.3,0.3,0,0,US-CAL,5,GWO,random,1,0.3333333333333333,E26,16.49,95.45,39,1.950781,87.3831,6.9828,0.0,0,12.8091,2.1259,78.87,0.0,True,25.0,4840,3.7787,3.1
google,1500,20,linear,True,False,10.0,0.4,0.3,0.3,0,0,US-CAL,5,GWO,random,2,0.3333333333333333,E26,16.49,95.45,39,1.982128,87.1804,5.4881,0.0,0,12.8091,2.1411,78.472,0.0,True,25.5,4840,3.7105,3.11
google,1500,20,linear,True,False,10.0,0.4,0.3,0.3,0,0,US-CAL,5,GWO,random,3,0.3333333333333333,E26,16.49,95.45,39,2.014697,86.9697,3.9352,0.0,0,12.7091,2.0994,79.8,0.0,True,25.5,4840,3.5923,3.27
google,1500,20,linear,True,False,10.0,0.4,0.3,0.3,0,0,US-CAL,5,GWO,random,4,0.3333333333333333,E26,16.49,95.45,39,2.005895,87.0267,4.3549,0.0,0,12.8091,2.1149,79.218,0.0,True,25.5,4840,3.4836,3.07
google,1500,20,linear,True,False,10.0,0.4,0.3,0.3,0,0,US-CAL,5,GWO,random,5,0.3333333333333333,E26,16.49,95.45,39,2.008319,87.011,4.2393,0.0,0,13.0091,2.1445,74.643,0.0,True,25.5,4840,3.8798,2.85
google,1500,20,linear,True,False,10.0,0.4,0.3,0.3,0,0,US-CAL,5,GWO,random,6,0.3333333333333333,E26,16.49,95.45,39,1.944547,87.4234,7.2801,0.0,0,12.7091,2.1092,80.689,0.0,True,25.0,4840,3.8921,3.16
google,1500,20,linear,True,False,10.0,0.4,0.3,0.3,0,0,US-CAL,5,GWO,random,7,0.3333333333333333,E26,16.49,95.45,39,2.009771,87.0016,4.1701,0.0,0,12.9091,2.1449,77.287,0.0,True,25.5,4840,3.8744,2.72
google,1500,20,linear,True,False,10.0,0.4,0.3,0.3,0,0,US-CAL,5,GWO,random,8,0.3333333333333333,E26,16.49,95.45,39,1.946607,87.4101,7.1819,0.0,0,12.7591,2.104,79.286,0.0,True,25.0,4840,3.7739,3.22
google,1500,20,linear,True,False,10.0,0.4,0.3,0.3,0,0,US-CAL,5,GWO,random,9,0.3333333333333333,E26,16.49,95.45,39,1.984654,87.164,5.3677,0.0,0,12.6591,2.0981,82.698,0.0,True,25.0,4840,3.7242,3.1
google,1500,20,linear,True,False,10.0,0.4,0.3,0.3,0,0,US-CAL,5,GWO,random,10,0.3333333333333333,E26,16.49,95.45,39,1.965492,87.288,6.2814,0.0,0,12.7091,2.0993,80.263,0.0,True,25.0,4840,3.6225,3.26
google,1500,20,linear,True,False,10.0,0.4,0.3,0.3,0,0,US-CAL,5,PSO,random,1,0.3333333333333333,E26,16.49,95.45,39,2.218987,85.6485,-5.8058,0.0,0,12.9091,2.1499,79.037,0.0,True,26.0,4840,3.0933,4.54
google,1500,20,linear,True,False,10.0,0.4,0.3,0.3,0,0,US-CAL,5,PSO,random,2,0.3333333333333333,E26,16.49,95.45,39,2.192838,85.8176,-4.5589,0.0,0,12.8091,2.1338,80.15,0.0,True,26.0,4840,2.835,4.47
google,1500,20,linear,True,False,10.0,0.4,0.3,0.3,0,0,US-CAL,5,PSO,random,3,0.3333333333333333,E26,16.49,95.45,39,2.223464,85.6195,-6.0193,0.0,0,12.9591,2.1552,79.615,0.0,True,26.5,4840,3.5137,4.41
google,1500,20,linear,True,False,10.0,0.4,0.3,0.3,0,0,US-CAL,5,PSO,random,4,0.3333333333333333,E26,16.49,95.45,39,2.236266,85.5367,-6.6297,0.0,0,13.0591,2.1719,77.677,0.0,True,26.0,4840,3.4872,4.4
google,1500,20,linear,True,False,10.0,0.4,0.3,0.3,0,0,US-CAL,5,PSO,random,5,0.3333333333333333,E26,16.49,95.45,39,2.166792,85.9861,-3.317,0.0,0,12.8591,2.1419,79.226,0.0,True,26.0,4840,3.4337,4.86
google,1500,20,linear,True,False,10.0,0.4,0.3,0.3,0,0,US-CAL,5,PSO,random,6,0.3333333333333333,E26,16.49,95.45,39,2.177609,85.9161,-3.8328,0.0,0,13.0591,2.1771,77.981,0.0,True,25.5,4840,3.3991,4.71
google,1500,20,linear,True,False,10.0,0.4,0.3,0.3,0,0,US-CAL,5,PSO,random,7,0.3333333333333333,E26,16.49,95.45,39,2.236069,85.538,-6.6203,0.0,0,12.9591,2.1437,78.454,0.0,True,26.0,4840,3.2632,4.71
google,1500,20,linear,True,False,10.0,0.4,0.3,0.3,0,0,US-CAL,5,PSO,random,8,0.3333333333333333,E26,16.49,95.45,39,2.225138,85.6087,-6.0991,0.0,0,12.9591,2.1567,78.147,0.0,True,26.5,4840,3.1891,4.57
google,1500,20,linear,True,False,10.0,0.4,0.3,0.3,0,0,US-CAL,5,PSO,random,9,0.3333333333333333,E26,16.49,95.45,39,2.227583,85.5929,-6.2157,0.0,0,13.0091,2.1666,79.885,0.0,True,25.5,4840,3.114,4.46
google,1500,20,linear,True,False,10.0,0.4,0.3,0.3,0,0,US-CAL,5,PSO,random,10,0.3333333333333333,E26,16.49,95.45,39,2.190424,85.8332,-4.4438,0.0,0,12.9091,2.1556,79.571,0.0,True,26.0,4840,2.7075,4.65
google,1500,20,linear,True,False,10.0,0.4,0.3,0.3,0,0,US-CAL,5,DE,random,1,0.3333333333333333,E26,16.49,95.45,39,2.127342,86.2412,-1.4359,0.0,0,12.6591,2.1317,83.562,0.0,True,26.0,4840,3.5685,3.16
google,1500,20,linear,True,False,10.0,0.4,0.3,0.3,0,0,US-CAL,5,DE,random,2,0.3333333333333333,E26,16.49,95.45,39,2.158064,86.0425,-2.9009,0.0,0,12.6591,2.1128,82.296,0.0,True,26.5,4840,3.5501,3.33
google,1500,20,linear,True,False,10.0,0.4,0.3,0.3,0,0,US-CAL,5,DE,random,3,0.3333333333333333,E26,16.49,95.45,39,2.157187,86.0482,-2.859,0.0,0,12.7091,2.1004,84.276,0.0,True,25.5,4840,3.4828,3.05
google,1500,20,linear,True,False,10.0,0.4,0.3,0.3,0,0,US-CAL,5,DE,random,4,0.3333333333333333,E26,16.49,95.45,39,2.154988,86.0624,-2.7542,0.0,0,12.8091,2.1428,81.985,0.0,True,25.5,4840,3.459,3.24
google,1500,20,linear,True,False,10.0,0.4,0.3,0.3,0,0,US-CAL,5,DE,random,5,0.3333333333333333,E26,16.49,95.45,39,2.16553,85.9942,-3.2568,0.0,0,12.8591,2.1282,79.083,0.0,True,26.5,4840,3.3127,3.04
google,1500,20,linear,True,False,10.0,0.4,0.3,0.3,0,0,US-CAL,5,DE,random,6,0.3333333333333333,E26,16.49,95.45,39,2.114696,86.323,-0.833,0.0,0,12.7591,2.1141,81.389,0.0,True,26.0,4840,3.1903,3.3
google,1500,20,linear,True,False,10.0,0.4,0.3,0.3,0,0,US-CAL,5,DE,random,7,0.3333333333333333,E26,16.49,95.45,39,2.106905,86.3734,-0.4615,0.0,0,12.7591,2.1325,81.643,0.0,True,25.5,4840,3.0415,3.25
google,1500,20,linear,True,False,10.0,0.4,0.3,0.3,0,0,US-CAL,5,DE,random,8,0.3333333333333333,E26,16.49,95.45,39,2.13095,86.2179,-1.608,0.0,0,12.7591,2.1199,82.188,0.0,True,25.5,4840,2.6545,3.33
google,1500,20,linear,True,False,10.0,0.4,0.3,0.3,0,0,US-CAL,5,WOA,carbon,3,0.3333333333333333,E26,16.49,95.45,39,1.564611,89.8807,25.3962,0.0,0,12.8091,2.1939,65.805,0.0,True,25.0,4840,3.6017,2.33
google,1500,20,linear,True,False,10.0,0.4,0.3,0.3,0,0,US-CAL,5,WOA,carbon,4,0.3333333333333333,E26,16.49,95.45,39,1.558489,89.9203,25.6881,0.0,0,12.6591,2.2228,68.503,0.0,True,24.5,4840,3.5565,2.8
google,1500,20,linear,True,False,10.0,0.4,0.3,0.3,0,0,US-CAL,5,WOA,carbon,5,0.3333333333333333,E26,16.49,95.45,39,1.56217,89.8965,25.5126,0.0,0,12.8091,2.2269,63.843,0.0,True,25.0,4840,3.5213,2.4
google,1500,20,linear,True,False,10.0,0.4,0.3,0.3,0,0,US-CAL,5,WOA,carbon,6,0.3333333333333333,E26,16.49,95.45,39,1.570117,89.8451,25.1337,0.0,0,12.8091,2.2429,66.966,0.0,True,24.5,4840,3.406,2.62
google,1500,20,linear,True,False,10.0,0.4,0.3,0.3,0,0,US-CAL,5,WOA,carbon,7,0.3333333333333333,E26,16.49,95.45,39,1.546527,89.9977,26.2585,0.0,0,12.7091,2.1921,67.576,0.0,True,24.5,4840,3.3313,2.47
google,1500,20,linear,True,False,10.0,0.4,0.3,0.3,0,0,US-CAL,5,WOA,carbon,8,0.3333333333333333,E26,16.49,95.45,39,1.551653,89.9645,26.0141,0.0,0,12.7591,2.2462,63.469,0.0,True,24.5,4840,3.211,2.43
google,1500,20,linear,True,False,10.0,0.4,0.3,0.3,0,0,US-CAL,5,WOA,carbon,9,0.3333333333333333,E26,16.49,95.45,39,1.574434,89.8172,24.9278,0.0,0,12.8091,2.2639,61.655,0.0,True,25.0,4840,2.833,2.36
google,1500,20,linear,True,False,10.0,0.4,0.3,0.3,0,0,US-CAL,5,WOA,carbon,10,0.3333333333333333,E26,16.49,95.45,39,1.564033,89.8845,25.4237,0.0,0,12.7591,2.2232,65.168,0.0,True,24.5,4840,2.5536,2.51
google,1500,20,linear,True,False,10.0,0.4,0.3,0.3,0,0,US-CAL,5,DE,random,9,0.3333333333333333,E26,16.49,95.45,39,2.168792,85.9731,-3.4124,0.0,0,12.6091,2.074,84.6,0.0,True,25.5,4840,3.5964,3.02
google,1500,20,linear,True,False,10.0,0.4,0.3,0.3,0,0,US-CAL,5,DE,random,10,0.3333333333333333,E26,16.49,95.45,39,2.131542,86.214,-1.6362,0.0,0,12.6091,2.0665,85.164,0.0,True,25.5,4840,3.5682,3.29
google,1500,20,linear,True,False,10.0,0.4,0.3,0.3,0,0,US-CAL,5,HHO,random,1,0.3333333333333333,E26,16.49,95.45,39,2.014617,86.9703,3.939,0.0,0,13.0591,2.1474,67.967,0.0,True,25.0,8910,5.2409,2.64
google,1500,20,linear,True,False,10.0,0.4,0.3,0.3,0,0,US-CAL,5,HHO,random,2,0.3333333333333333,E26,16.49,95.45,39,2.010641,86.996,4.1286,0.0,0,13.0591,2.1621,68.214,0.0,True,25.0,8780,4.9757,2.71
google,1500,20,linear,True,False,10.0,0.4,0.3,0.3,0,0,US-CAL,5,HHO,random,3,0.3333333333333333,E26,16.49,95.45,39,2.0272,86.8889,3.339,0.0,0,12.9091,2.1238,70.766,0.0,True,25.5,8894,4.7737,2.65
google,1500,20,linear,True,False,10.0,0.4,0.3,0.3,0,0,US-CAL,5,HHO,random,4,0.3333333333333333,E26,16.49,95.45,39,2.017629,86.9508,3.7954,0.0,0,12.9091,2.1167,71.851,0.0,True,25.0,9094,4.085,2.45
google,1500,20,linear,True,False,10.0,0.4,0.3,0.3,0,0,US-CAL,5,HHO,random,5,0.3333333333333333,E26,16.49,95.45,39,2.032547,86.8543,3.0841,0.0,0,13.1091,2.152,68.26,0.0,True,25.0,8986,3.5366,2.7
google,1500,20,linear,True,False,10.0,0.4,0.3,0.3,0,0,US-CAL,5,HHO,random,6,0.3333333333333333,E26,16.49,95.45,39,2.019804,86.9367,3.6917,0.0,0,12.9591,2.1315,70.758,0.0,True,24.5,8968,3.457,2.51
google,1500,20,linear,True,False,10.0,0.4,0.3,0.3,0,0,US-CAL,5,GA,random,5,0.3333333333333333,E26,16.49,95.45,39,2.025718,86.8985,3.4097,0.0,0,12.7091,2.1164,82.924,0.0,True,25.5,4840,5.8721,3.94
google,1500,20,linear,True,False,10.0,0.4,0.3,0.3,0,0,US-CAL,5,GA,random,6,0.3333333333333333,E26,16.49,95.45,39,1.990149,87.1285,5.1057,0.0,0,12.7591,2.1278,82.002,0.0,True,25.5,4840,5.6924,3.99
google,1500,20,linear,True,False,10.0,0.4,0.3,0.3,0,0,US-CAL,5,GA,random,7,0.3333333333333333,E26,16.49,95.45,39,2.015243,86.9662,3.9091,0.0,0,12.8091,2.1406,79.773,0.0,True,26.0,4840,5.4522,3.97
google,1500,20,linear,True,False,10.0,0.4,0.3,0.3,0,0,US-CAL,5,GA,random,8,0.3333333333333333,E26,16.49,95.45,39,2.03163,86.8602,3.1278,0.0,0,12.8091,2.1422,80.443,0.0,True,26.0,4840,5.0681,3.94
google,1500,20,linear,True,False,10.0,0.4,0.3,0.3,0,0,US-CAL,5,GA,random,9,0.3333333333333333,E26,16.49,95.45,39,2.004083,87.0384,4.4413,0.0,0,12.8091,2.1332,79.635,0.0,True,26.0,4840,4.1909,4.14
google,1500,20,linear,True,False,10.0,0.4,0.3,0.3,0,0,US-CAL,5,GA,random,10,0.3333333333333333,E26,16.49,95.45,39,1.981107,87.187,5.5368,0.0,0,12.6091,2.0989,84.639,0.0,True,25.5,4840,3.8426,4.06
google,1500,20,linear,True,False,10.0,0.4,0.3,0.3,0,0,US-CAL,5,WOA,carbon,1,0.3333333333333333,E26,16.49,95.45,39,1.547049,89.9943,26.2336,0.0,0,12.7591,2.242,65.04,0.0,True,24.5,4840,2.1765,2.46
google,1500,20,linear,True,False,10.0,0.4,0.3,0.3,0,0,US-CAL,5,WOA,carbon,2,0.3333333333333333,E26,16.49,95.45,39,1.54641,89.9984,26.2641,0.0,0,12.7091,2.2138,66.166,0.0,True,24.5,4840,2.088,2.46
google,1500,20,linear,True,False,10.0,0.4,0.3,0.3,0,0,US-CAL,5,HHO,random,7,0.3333333333333333,E26,16.49,95.45,39,2.013065,86.9803,4.013,0.0,0,12.9091,2.1324,73.025,0.0,True,24.5,8946,5.2233,2.61
google,1500,20,linear,True,False,10.0,0.4,0.3,0.3,0,0,US-CAL,5,HHO,random,8,0.3333333333333333,E26,16.49,95.45,39,2.045376,86.7713,2.4724,0.0,0,13.0591,2.142,64.54,0.0,True,24.5,8872,5.0147,2.99
google,1500,20,linear,True,False,10.0,0.4,0.3,0.3,0,0,US-CAL,5,HHO,random,9,0.3333333333333333,E26,16.49,95.45,39,2.033692,86.8469,3.0295,0.0,0,13.0591,2.1523,66.881,0.0,True,24.5,8790,4.827,2.73
google,1500,20,linear,True,False,10.0,0.4,0.3,0.3,0,0,US-CAL,5,HHO,random,10,0.3333333333333333,E26,16.49,95.45,39,2.030188,86.8696,3.1965,0.0,0,13.1091,2.1571,68.595,0.0,True,25.0,8942,4.6992,2.73
google,1500,20,linear,True,False,10.0,0.4,0.3,0.3,0,0,US-CAL,5,GA,random,1,0.3333333333333333,E26,16.49,95.45,39,2.025616,86.8991,3.4145,0.0,0,12.7091,2.1147,82.403,0.0,True,25.5,4840,4.6889,4.12
google,1500,20,linear,True,False,10.0,0.4,0.3,0.3,0,0,US-CAL,5,GA,random,2,0.3333333333333333,E26,16.49,95.45,39,1.990403,87.1269,5.0936,0.0,0,12.7091,2.1284,81.878,0.0,True,25.5,4840,3.9617,3.97
google,1500,20,linear,True,False,10.0,0.4,0.3,0.3,0,0,US-CAL,5,GA,random,3,0.3333333333333333,E26,16.49,95.45,39,2.028892,86.8779,3.2583,0.0,0,12.7591,2.1484,81.246,0.0,True,25.5,4840,3.8317,3.97
google,1500,20,linear,True,False,10.0,0.4,0.3,0.3,0,0,US-CAL,5,GA,random,4,0.3333333333333333,E26,16.49,95.45,39,2.012996,86.9807,4.0163,0.0,0,12.7591,2.1233,79.859,0.0,True,26.0,4840,3.6172,3.87
