wl,N,M,power,hard,cap,pen,alpha,beta,gamma,subset,mmin,region,window,method,init,seed,seed_frac,exp,peak_demand,total_load,arrival_slots,carbon_kg,carbon_red_vs_naive_%,carbon_red_vs_consol_%,sla_%,viol_n,energy_kwh,cost_gbp,util_%,overload_%,feasible,makespan_h,nfe,runtime_s,peak_mem_mb
google,1500,10,linear,True,False,10.0,0.4,0.3,0.3,0,0,UK,0,FIFO,-,0,0.3333333333333333,E27,16.49,95.45,39,5.850587,0.0,-615.6355,0.0,0,95.9591,15.66,5.308,8.9738,False,24.5,0,0.0,0.0
google,1500,10,linear,True,False,10.0,0.4,0.3,0.3,0,0,UK,0,Consolidation,-,0,0.3333333333333333,E27,16.49,95.45,39,0.817537,86.0264,0.0,0.0,0,13.3091,2.1675,55.842,8.9738,False,24.5,0,0.0,0.0
google,1500,10,linear,True,False,10.0,0.4,0.3,0.3,0,0,UK,0,Greedy(EDF+greenest),-,0,0.3333333333333333,E27,16.49,95.45,39,0.588143,89.9473,28.0591,0.0,0,12.6091,1.9249,65.886,20.2071,False,28.5,0,0.0002,0.0
google,1500,10,linear,True,False,10.0,0.4,0.3,0.3,0,0,UK,0,VCC(Google),-,0,0.3333333333333333,E27,16.49,95.45,39,0.794838,86.4144,2.7766,0.0,0,13.3091,2.1675,58.749,0.0,True,24.5,0,0.0041,0.0
google,1500,10,linear,True,False,10.0,0.4,0.3,0.3,0,0,UK,0,Threshold(WaitAwhile),-,0,0.3333333333333333,E27,16.49,95.45,39,0.713384,87.8066,12.7399,0.0,0,13.1091,2.1225,57.162,9.0262,False,24.5,0,0.0171,0.0
google,1500,10,linear,True,False,10.0,0.4,0.3,0.3,0,0,UK,0,WOA,random,1,0.3333333333333333,E27,16.49,95.45,39,0.673966,88.4804,17.5614,0.0,0,13.0591,2.149,72.069,0.0,True,28.0,4840,2.7782,2.51
google,1500,10,linear,True,False,10.0,0.4,0.3,0.3,0,0,UK,0,WOA,random,2,0.3333333333333333,E27,16.49,95.45,39,0.673961,88.4804,17.562,0.0,0,13.1091,2.1593,73.421,0.0,True,28.0,4840,2.8301,2.66
google,1500,10,linear,True,False,10.0,0.4,0.3,0.3,0,0,UK,0,WOA,random,3,0.3333333333333333,E27,16.49,95.45,39,0.67822,88.4077,17.0411,0.0,0,13.2091,2.1852,70.564,0.0,True,28.5,4840,3.3073,2.78
google,1500,20,linear,True,False,10.0,0.4,0.3,0.3,0,0,UK,0,WOA,carbon,9,0.3333333333333333,E27,16.49,95.45,39,0.58384,90.0208,28.5856,0.0,0,12.5091,1.9099,72.001,0.0,True,28.5,4840,2.7884,2.62
google,1500,20,linear,True,False,10.0,0.4,0.3,0.3,0,0,UK,0,WOA,carbon,10,0.3333333333333333,E27,16.49,95.45,39,0.583631,90.0244,28.6111,0.0,0,12.5091,1.9099,68.765,0.0,True,28.5,4840,2.8347,2.41
google,1500,10,linear,True,False,10.0,0.4,0.3,0.3,0,0,UK,1,FIFO,-,0,0.3333333333333333,E27,16.49,95.45,39,14.571419,0.0,-627.1823,0.0,0,95.9591,15.66,5.308,8.9738,False,24.5,0,0.0,0.0
google,1500,10,linear,True,False,10.0,0.4,0.3,0.3,0,0,UK,1,Consolidation,-,0,0.3333333333333333,E27,16.49,95.45,39,2.003819,86.2483,0.0,0.0,0,13.3091,2.1675,55.842,8.9738,False,24.5,0,0.0,0.0
google,1500,10,linear,True,False,10.0,0.4,0.3,0.3,0,0,UK,1,Greedy(EDF+greenest),-,0,0.3333333333333333,E27,16.49,95.45,39,1.650826,88.6708,17.616,0.0,0,12.8091,1.9214,65.19,18.4548,False,26.0,0,0.0002,0.0
google,1500,10,linear,True,False,10.0,0.4,0.3,0.3,0,0,UK,1,VCC(Google),-,0,0.3333333333333333,E27,16.49,95.45,39,2.000865,86.2686,0.1474,0.0,0,13.3091,2.1675,60.296,0.0,True,24.5,0,0.0048,0.0
google,1500,10,linear,True,False,10.0,0.4,0.3,0.3,0,0,UK,1,Threshold(WaitAwhile),-,0,0.3333333333333333,E27,16.49,95.45,39,1.799677,87.6493,10.1876,0.0,0,12.9091,1.9364,53.88,21.5321,False,24.5,0,0.0197,0.0
google,1500,10,linear,True,False,10.0,0.4,0.3,0.3,0,0,UK,1,WOA,random,1,0.3333333333333333,E27,16.49,95.45,39,1.841899,87.3595,8.0806,0.0,0,13.1591,2.1743,70.299,0.0,True,28.0,4840,3.3381,2.57
google,1500,10,linear,True,False,10.0,0.4,0.3,0.3,0,0,UK,0,WOA,carbon,10,0.3333333333333333,E27,16.49,95.45,39,0.677089,88.427,17.1794,0.0,0,13.2591,2.1807,70.041,0.0,True,28.5,4840,2.7952,2.38
google,1500,20,linear,True,False,10.0,0.4,0.3,0.3,0,0,UK,0,FIFO,-,0,0.3333333333333333,E27,16.49,95.45,39,5.850587,0.0,-615.6355,0.0,0,95.9591,15.66,5.308,0.0,True,24.5,0,0.0,0.0
google,1500,20,linear,True,False,10.0,0.4,0.3,0.3,0,0,UK,0,Consolidation,-,0,0.3333333333333333,E27,16.49,95.45,39,0.817537,86.0264,0.0,0.0,0,13.3091,2.1675,55.842,0.0,True,24.5,0,0.0,0.0
google,1500,20,linear,True,False,10.0,0.4,0.3,0.3,0,0,UK,0,Greedy(EDF+greenest),-,0,0.3333333333333333,E27,16.49,95.45,39,0.588143,89.9473,28.0591,0.0,0,12.6091,1.9249,65.886,0.0,True,28.5,0,0.0001,0.0
google,1500,20,linear,True,False,10.0,0.4,0.3,0.3,0,0,UK,0,VCC(Google),-,0,0.3333333333333333,E27,16.49,95.45,39,0.817537,86.0264,0.0,0.0,0,13.3091,2.1675,55.842,0.0,True,24.5,0,0.0041,0.0
google,1500,20,linear,True,False,10.0,0.4,0.3,0.3,0,0,UK,0,Threshold(WaitAwhile),-,0,0.3333333333333333,E27,16.49,95.45,39,0.713384,87.8066,12.7399,0.0,0,13.1091,2.1225,57.162,0.0,True,24.5,0,0.0172,0.0
google,1500,20,linear,True,False,10.0,0.4,0.3,0.3,0,0,UK,0,WOA,random,1,0.3333333333333333,E27,16.49,95.45,39,0.661349,88.696,19.1047,0.0,0,13.3091,2.2052,55.929,0.0,True,28.5,4840,2.8622,2.32
google,1500,20,linear,True,False,10.0,0.4,0.3,0.3,0,0,UK,0,WOA,random,2,0.3333333333333333,E27,16.49,95.45,39,0.66047,88.7111,19.2123,0.0,0,13.2091,2.1921,58.899,0.0,True,28.5,4840,3.3183,2.54
google,1500,10,linear,True,False,10.0,0.4,0.3,0.3,0,0,UK,1,WOA,carbon,8,0.3333333333333333,E27,16.49,95.45,39,1.784521,87.7533,10.944,0.0,0,13.0591,2.0933,71.804,0.0,True,27.0,4840,2.9381,2.67
google,1500,10,linear,True,False,10.0,0.4,0.3,0.3,0,0,UK,1,WOA,carbon,9,0.3333333333333333,E27,16.49,95.45,39,1.711329,88.2556,14.5966,0.0,0,12.9091,1.9763,71.792,0.0,True,26.5,4840,3.0251,2.84
google,1500,10,linear,True,False,10.0,0.4,0.3,0.3,0,0,UK,1,WOA,carbon,10,0.3333333333333333,E27,16.49,95.45,39,1.816486,87.5339,9.3488,0.0,0,13.0591,2.1467,73.24,0.0,True,27.5,4840,3.5411,2.44
google,1500,20,linear,True,False,10.0,0.4,0.3,0.3,0,0,UK,1,FIFO,-,0,0.3333333333333333,E27,16.49,95.45,39,14.571419,0.0,-627.1823,0.0,0,95.9591,15.66,5.308,0.0,True,24.5,0,0.0,0.0
google,1500,20,linear,True,False,10.0,0.4,0.3,0.3,0,0,UK,1,Consolidation,-,0,0.3333333333333333,E27,16.49,95.45,39,2.003819,86.2483,0.0,0.0,0,13.3091,2.1675,55.842,0.0,True,24.5,0,0.0,0.0
google,1500,20,linear,True,False,10.0,0.4,0.3,0.3,0,0,UK,1,Greedy(EDF+greenest),-,0,0.3333333333333333,E27,16.49,95.45,39,1.650826,88.6708,17.616,0.0,0,12.8091,1.9214,65.19,0.7331,False,26.0,0,0.0002,0.0
google,1500,20,linear,True,False,10.0,0.4,0.3,0.3,0,0,UK,1,VCC(Google),-,0,0.3333333333333333,E27,16.49,95.45,39,2.005425,86.2373,-0.0802,0.0,0,13.3091,2.1675,56.567,0.0,True,24.5,0,0.0051,0.0
google,1500,20,linear,True,False,10.0,0.4,0.3,0.3,0,0,UK,1,Threshold(WaitAwhile),-,0,0.3333333333333333,E27,16.49,95.45,39,1.799677,87.6493,10.1876,0.0,0,12.9091,1.9364,53.88,0.0,True,24.5,0,0.0227,0.0
google,1500,20,linear,True,False,10.0,0.4,0.3,0.3,0,0,UK,1,WOA,carbon,7,0.3333333333333333,E27,16.49,95.45,39,1.66678,88.5613,16.8199,0.0,0,12.9591,1.953,64.782,0.0,True,27.5,4840,3.4182,2.55
google,1500,20,linear,True,False,10.0,0.4,0.3,0.3,0,0,UK,1,WOA,carbon,8,0.3333333333333333,E27,16.49,95.45,39,1.66037,88.6053,17.1397,0.0,0,12.8591,1.9289,68.477,0.0,True,27.0,4840,3.4091,2.46
google,1500,20,linear,True,False,10.0,0.4,0.3,0.3,0,0,UK,1,WOA,carbon,9,0.3333333333333333,E27,16.49,95.45,39,1.669755,88.5409,16.6714,0.0,0,12.8591,1.938,69.719,0.0,True,27.0,4840,3.391,2.44
google,1500,20,linear,True,False,10.0,0.4,0.3,0.3,0,0,UK,1,WOA,carbon,10,0.3333333333333333,E27,16.49,95.45,39,1.662425,88.5912,17.0372,0.0,0,12.7591,1.9236,70.49,0.0,True,27.0,4840,3.4046,2.46
google,1500,10,linear,True,False,10.0,0.4,0.3,0.3,0,0,UK,2,FIFO,-,0,0.3333333333333333,E27,16.49,95.45,39,16.811124,0.0,-620.7423,0.0,0,95.9591,15.66,5.308,8.9738,False,24.5,0,0.0,0.0
google,1500,10,linear,True,False,10.0,0.4,0.3,0.3,0,0,UK,2,Consolidation,-,0,0.3333333333333333,E27,16.49,95.45,39,2.332474,86.1254,0.0,0.0,0,13.3091,2.1675,55.842,8.9738,False,24.5,0,0.0,0.0
google,1500,10,linear,True,False,10.0,0.4,0.3,0.3,0,0,UK,2,Greedy(EDF+greenest),-,0,0.3333333333333333,E27,16.49,95.45,39,2.142842,87.2534,8.13,0.0,0,12.8591,1.9624,64.537,13.3138,False,26.5,0,0.0002,0.0
google,1500,10,linear,True,False,10.0,0.4,0.3,0.3,0,0,UK,2,VCC(Google),-,0,0.3333333333333333,E27,16.49,95.45,39,2.320588,86.1961,0.5096,0.0,0,13.2591,2.16,59.779,0.0,True,24.5,0,0.0052,0.0
google,1500,10,linear,True,False,10.0,0.4,0.3,0.3,0,0,UK,1,WOA,random,10,0.3333333333333333,E27,16.49,95.45,39,1.845954,87.3317,7.8782,0.0,0,13.1591,2.1771,70.262,0.0,True,28.5,4840,2.7906,2.58
google,1500,10,linear,True,False,10.0,0.4,0.3,0.3,0,0,UK,1,WOA,carbon,1,0.3333333333333333,E27,16.49,95.45,39,1.802995,87.6265,10.0221,0.0,0,13.2591,2.1404,66.447,0.0,True,28.5,4840,2.8094,2.49
google,1500,10,linear,True,False,10.0,0.4,0.3,0.3,0,0,UK,1,WOA,carbon,2,0.3333333333333333,E27,16.49,95.45,39,1.807213,87.5976,9.8116,0.0,0,13.2091,2.1454,66.463,0.0,True,28.5,4840,3.2586,2.59
google,1500,10,linear,True,False,10.0,0.4,0.3,0.3,0,0,UK,1,WOA,carbon,3,0.3333333333333333,E27,16.49,95.45,39,1.841872,87.3597,8.0819,0.0,0,13.1591,2.1674,72.545,0.0,True,28.5,4840,3.4031,2.52
google,1500,10,linear,True,False,10.0,0.4,0.3,0.3,0,0,UK,1,WOA,carbon,4,0.3333333333333333,E27,16.49,95.45,39,1.745387,88.0218,12.897,0.0,0,13.0091,2.0455,68.897,0.0,True,27.0,4840,3.4118,2.81
google,1500,10,linear,True,False,10.0,0.4,0.3,0.3,0,0,UK,1,WOA,carbon,5,0.3333333333333333,E27,16.49,95.45,39,1.750259,87.9884,12.6538,0.0,0,13.1091,2.0445,66.766,0.0,True,27.0,4840,3.3619,2.88
google,1500,10,linear,True,False,10.0,0.4,0.3,0.3,0,0,UK,1,WOA,carbon,6,0.3333333333333333,E27,16.49,95.45,39,1.847685,87.3198,7.7918,0.0,0,13.2091,2.1709,71.062,0.0,True,28.5,4840,3.3771,2.4
google,1500,10,linear,True,False,10.0,0.4,0.3,0.3,0,0,UK,1,WOA,carbon,7,0.3333333333333333,E27,16.49,95.45,39,1.821247,87.5012,9.1112,0.0,0,13.3091,2.1788,65.886,0.0,True,28.0,4840,3.3757,2.53
google,1500,10,linear,True,False,10.0,0.4,0.3,0.3,0,0,UK,0,WOA,carbon,2,0.3333333333333333,E27,16.49,95.45,39,0.662487,88.6766,18.9655,0.0,0,12.9591,2.1329,75.501,0.0,True,28.0,4840,2.7736,2.66
google,1500,10,linear,True,False,10.0,0.4,0.3,0.3,0,0,UK,0,WOA,carbon,3,0.3333333333333333,E27,16.49,95.45,39,0.665589,88.6236,18.5861,0.0,0,13.0591,2.124,71.155,0.0,True,28.5,4840,2.8086,2.45
google,1500,10,linear,True,False,10.0,0.4,0.3,0.3,0,0,UK,0,WOA,carbon,4,0.3333333333333333,E27,16.49,95.45,39,0.675589,88.4526,17.3629,0.0,0,13.1591,2.1668,71.337,0.0,True,28.0,4840,3.3027,2.47
google,1500,10,linear,True,False,10.0,0.4,0.3,0.3,0,0,UK,0,WOA,carbon,5,0.3333333333333333,E27,16.49,95.45,39,0.656931,88.7715,19.6451,0.0,0,12.9091,2.1164,78.212,0.0,True,27.5,4840,3.4198,2.44
google,1500,10,linear,True,False,10.0,0.4,0.3,0.3,0,0,UK,0,WOA,carbon,6,0.3333333333333333,E27,16.49,95.45,39,0.661188,88.6988,19.1244,0.0,0,13.1591,2.1516,70.348,0.0,True,28.5,4840,3.4128,2.44
google,1500,10,linear,True,False,10.0,0.4,0.3,0.3,0,0,UK,0,WOA,carbon,7,0.3333333333333333,E27,16.49,95.45,39,0.654563,88.812,19.9348,0.0,0,12.9591,2.1278,74.733,0.0,True,28.0,4840,3.3767,2.5
google,1500,10,linear,True,False,10.0,0.4,0.3,0.3,0,0,UK,0,WOA,carbon,8,0.3333333333333333,E27,16.49,95.45,39,0.668383,88.5758,18.2443,0.0,0,13.0591,2.1445,73.513,0.0,True,27.5,4840,3.3668,2.39
google,1500,10,linear,True,False,10.0,0.4,0.3,0.3,0,0,UK,0,WOA,carbon,9,0.3333333333333333,E27,16.49,95.45,39,0.660359,88.713,19.2259,0.0,0,13.1591,2.1351,70.034,0.0,True,28.5,4840,3.4027,2.54
google,1500,20,linear,True,False,10.0,0.4,0.3,0.3,0,0,UK,1,WOA,random,9,0.3333333333333333,E27,16.49,95.45,39,1.824464,87.4792,8.9507,0.0,0,13.2591,2.1891,57.108,0.0,True,28.5,4840,2.792,2.54
google,1500,20,linear,True,False,10.0,0.4,0.3,0.3,0,0,UK,1,WOA,random,10,0.3333333333333333,E27,16.49,95.45,39,1.825849,87.4697,8.8815,0.0,0,13.2591,2.1891,56.819,0.0,True,28.5,4840,2.8451,2.42
google,1500,20,linear,True,False,10.0,0.4,0.3,0.3,0,0,UK,1,WOA,carbon,1,0.3333333333333333,E27,16.49,95.45,39,1.661192,88.5997,17.0987,0.0,0,12.7591,1.9225,70.435,0.0,True,26.5,4840,3.3048,2.47
google,1500,20,linear,True,False,10.0,0.4,0.3,0.3,0,0,UK,1,WOA,carbon,2,0.3333333333333333,E27,16.49,95.45,39,1.668047,88.5526,16.7566,0.0,0,12.9591,1.9439,64.636,0.0,True,27.5,4840,3.431,2.51
google,1500,20,linear,True,False,10.0,0.4,0.3,0.3,0,0,UK,1,WOA,carbon,3,0.3333333333333333,E27,16.49,95.45,39,1.664459,88.5772,16.9357,0.0,0,12.8091,1.9317,70.273,0.0,True,27.0,4840,3.4264,2.43
google,1500,20,linear,True,False,10.0,0.4,0.3,0.3,0,0,UK,1,WOA,carbon,4,0.3333333333333333,E27,16.49,95.45,39,1.652938,88.6563,17.5106,0.0,0,12.7091,1.9155,73.676,0.0,True,26.5,4840,3.3902,2.48
google,1500,20,linear,True,False,10.0,0.4,0.3,0.3,0,0,UK,1,WOA,carbon,5,0.3333333333333333,E27,16.49,95.45,39,1.66748,88.5565,16.7849,0.0,0,12.9091,1.9542,66.137,0.0,True,27.5,4840,3.4136,2.67
google,1500,20,linear,True,False,10.0,0.4,0.3,0.3,0,0,UK,1,WOA,carbon,6,0.3333333333333333,E27,16.49,95.45,39,1.664967,88.5737,16.9103,0.0,0,12.9091,1.945,66.893,0.0,True,27.0,4840,3.3872,2.55
google,1500,20,linear,True,False,10.0,0.4,0.3,0.3,0,0,UK,0,WOA,random,3,0.3333333333333333,E27,16.49,95.45,39,0.6613,88.6969,19.1107,0.0,0,13.3091,2.2047,56.443,0.0,True,28.5,4840,2.7958,2.5
google,1500,20,linear,True,False,10.0,0.4,0.3,0.3,0,0,UK,0,WOA,random,4,0.3333333333333333,E27,16.49,95.45,39,0.65745,88.7627,19.5817,0.0,0,13.2091,2.181,58.156,0.0,True,28.5,4840,2.8402,2.53
google,1500,20,linear,True,False,10.0,0.4,0.3,0.3,0,0,UK,0,WOA,random,5,0.3333333333333333,E27,16.49,95.45,39,0.661357,88.6959,19.1038,0.0,0,13.3091,2.2052,55.949,0.0,True,28.5,4840,3.3178,2.3
google,1500,20,linear,True,False,10.0,0.4,0.3,0.3,0,0,UK,0,WOA,random,6,0.3333333333333333,E27,16.49,95.45,39,0.661323,88.6965,19.1079,0.0,0,13.3091,2.2052,55.993,0.0,True,28.5,4840,3.4316,2.42
google,1500,20,linear,True,False,10.0,0.4,0.3,0.3,0,0,UK,0,WOA,random,7,0.3333333333333333,E27,16.49,95.45,39,0.659338,88.7304,19.3508,0.0,0,13.2091,2.1869,59.923,0.0,True,28.5,4840,3.4525,2.54
google,1500,20,linear,True,False,10.0,0.4,0.3,0.3,0,0,UK,0,WOA,random,8,0.3333333333333333,E27,16.49,95.45,39,0.659127,88.734,19.3766,0.0,0,13.2591,2.1972,57.321,0.0,True,28.0,4840,3.3722,2.26
google,1500,20,linear,True,False,10.0,0.4,0.3,0.3,0,0,UK,0,WOA,random,9,0.3333333333333333,E27,16.49,95.45,39,0.661357,88.6959,19.1038,0.0,0,13.3091,2.2052,55.842,0.0,True,28.5,4840,3.4237,2.26
google,1500,20,linear,True,False,10.0,0.4,0.3,0.3,0,0,UK,0,WOA,random,10,0.3333333333333333,E27,16.49,95.45,39,0.658637,88.7424,19.4365,0.0,0,13.2591,2.188,56.726,0.0,True,28.5,4840,3.4145,2.55
google,1500,10,linear,True,False,10.0,0.4,0.3,0.3,0,0,UK,1,WOA,random,2,0.3333333333333333,E27,16.49,95.45,39,1.822906,87.4899,9.0284,0.0,0,13.0091,2.1477,74.177,0.0,True,28.0,4840,2.7894,2.4
google,1500,10,linear,True,False,10.0,0.4,0.3,0.3,0,0,UK,1,WOA,random,3,0.3333333333333333,E27,16.49,95.45,39,1.836034,87.3998,8.3733,0.0,0,13.1091,2.1668,71.886,0.0,True,28.0,4840,2.8466,2.66
google,1500,10,linear,True,False,10.0,0.4,0.3,0.3,0,0,UK,1,WOA,random,4,0.3333333333333333,E27,16.49,95.45,39,1.849613,87.3066,7.6956,0.0,0,13.2091,2.1925,69.806,0.0,True,28.5,4840,3.3244,2.38
google,1500,10,linear,True,False,10.0,0.4,0.3,0.3,0,0,UK,1,WOA,random,5,0.3333333333333333,E27,16.49,95.45,39,1.825452,87.4724,8.9014,0.0,0,13.0091,2.1437,75.519,0.0,True,27.5,4840,3.446,2.49
google,1500,10,linear,True,False,10.0,0.4,0.3,0.3,0,0,UK,1,WOA,random,6,0.3333333333333333,E27,16.49,95.45,39,1.839181,87.3782,8.2162,0.0,0,13.1091,2.1696,71.629,0.0,True,28.0,4840,3.4339,2.54
google,1500,10,linear,True,False,10.0,0.4,0.3,0.3,0,0,UK,1,WOA,random,7,0.3333333333333333,E27,16.49,95.45,39,1.840051,87.3722,8.1728,0.0,0,13.1591,2.1765,69.176,0.0,True,28.5,4840,3.4046,2.51
google,1500,10,linear,True,False,10.0,0.4,0.3,0.3,0,0,UK,1,WOA,random,8,0.3333333333333333,E27,16.49,95.45,39,1.830261,87.4394,8.6614,0.0,0,13.0591,2.154,73.156,0.0,True,28.0,4840,3.4063,2.58
google,1500,10,linear,True,False,10.0,0.4,0.3,0.3,0,0,UK,1,WOA,random,9,0.3333333333333333,E27,16.49,95.45,39,1.826258,87.4668,8.8611,0.0,0,13.0591,2.1518,73.203,0.0,True,28.0,4840,3.4371,2.49
google,1500,20,linear,True,False,10.0,0.4,0.3,0.3,0,0,UK,0,WOA,carbon,1,0.3333333333333333,E27,16.49,95.45,39,0.585448,89.9933,28.3889,0.0,0,12.5091,1.9099,68.563,0.0,True,28.5,4840,2.7961,2.55
google,1500,20,linear,True,False,10.0,0.4,0.3,0.3,0,0,UK,0,WOA,carbon,2,0.3333333333333333,E27,16.49,95.45,39,0.582873,90.0374,28.7037,0.0,0,12.4591,1.9024,73.719,0.0,True,28.5,4840,2.8438,2.49
google,1500,20,linear,True,False,10.0,0.4,0.3,0.3,0,0,UK,0,WOA,carbon,3,0.3333333333333333,E27,16.49,95.45,39,0.582265,90.0477,28.7781,0.0,0,12.4591,1.9024,76.514,0.0,True,28.5,4840,3.3441,2.5
google,1500,20,linear,True,False,10.0,0.4,0.3,0.3,0,0,UK,0,WOA,carbon,4,0.3333333333333333,E27,16.49,95.45,39,0.585222,89.9972,28.4165,0.0,0,12.5091,1.9099,73.055,0.0,True,28.5,4840,3.4482,2.54
google,1500,20,linear,True,False,10.0,0.4,0.3,0.3,0,0,UK,0,WOA,carbon,5,0.3333333333333333,E27,16.49,95.45,39,0.58516,89.9983,28.424,0.0,0,12.5091,1.9099,75.326,0.0,True,28.5,4840,3.4925,2.37
google,1500,20,linear,True,False,10.0,0.4,0.3,0.3,0,0,UK,0,WOA,carbon,6,0.3333333333333333,E27,16.49,95.45,39,0.583896,90.0199,28.5787,0.0,0,12.5091,1.9099,73.005,0.0,True,28.5,4840,3.4153,2.33
google,1500,20,linear,True,False,10.0,0.4,0.3,0.3,0,0,UK,0,WOA,carbon,7,0.3333333333333333,E27,16.49,95.45,39,0.583698,90.0233,28.6028,0.0,0,12.5091,1.9099,70.105,0.0,True,28.5,4840,3.4422,2.41
google,1500,20,linear,True,False,10.0,0.4,0.3,0.3,0,0,UK,0,WOA,carbon,8,0.3333333333333333,E27,16.49,95.45,39,0.585332,89.9953,28.403,0.0,0,12.5091,1.9099,70.236,0.0,True,28.5,4840,3.4214,2.44
google,1500,20,linear,True,False,10.0,0.4,0.3,0.3,0,0,UK,1,WOA,random,1,0.3333333333333333,E27,16.49,95.45,39,1.806588,87.6018,9.8428,0.0,0,13.1091,2.1632,61.042,0.0,True,28.5,4840,2.9058,2.67
google,1500,20,linear,True,False,10.0,0.4,0.3,0.3,0,0,UK,1,WOA,random,2,0.3333333333333333,E27,16.49,95.45,39,1.816231,87.5357,9.3615,0.0,0,13.1091,2.1707,65.201,0.0,True,28.5,4840,3.005,2.53
google,1500,20,linear,True,False,10.0,0.4,0.3,0.3,0,0,UK,1,WOA,random,3,0.3333333333333333,E27,16.49,95.45,39,1.794837,87.6825,10.4292,0.0,0,13.0091,2.1465,65.942,0.0,True,28.0,4840,3.5592,2.71
google,1500,20,linear,True,False,10.0,0.4,0.3,0.3,0,0,UK,1,WOA,random,4,0.3333333333333333,E27,16.49,95.45,39,1.816338,87.5349,9.3562,0.0,0,13.2091,2.1902,58.478,0.0,True,28.5,4840,3.6074,2.57
google,1500,20,linear,True,False,10.0,0.4,0.3,0.3,0,0,UK,1,WOA,random,5,0.3333333333333333,E27,16.49,95.45,39,1.823917,87.4829,8.978,0.0,0,13.2091,2.1885,58.868,0.0,True,28.5,4840,3.6021,2.54
google,1500,20,linear,True,False,10.0,0.4,0.3,0.3,0,0,UK,1,WOA,random,6,0.3333333333333333,E27,16.49,95.45,39,1.822137,87.4951,9.0668,0.0,0,13.2091,2.1822,58.229,0.0,True,28.0,4840,3.5686,2.53
google,1500,20,linear,True,False,10.0,0.4,0.3,0.3,0,0,UK,1,WOA,random,7,0.3333333333333333,E27,16.49,95.45,39,1.820528,87.5062,9.1471,0.0,0,13.1591,2.1799,61.066,0.0,True,28.5,4840,3.6301,2.59
google,1500,20,linear,True,False,10.0,0.4,0.3,0.3,0,0,UK,1,WOA,random,8,0.3333333333333333,E27,16.49,95.45,39,1.807507,87.5955,9.7969,0.0,0,13.0091,2.1546,69.264,0.0,True,28.0,4840,3.5563,2.55
google,1500,10,linear,True,False,10.0,0.4,0.3,0.3,0,0,UK,0,WOA,random,4,0.3333333333333333,E27,16.49,95.45,39,0.673622,88.4863,17.6036,0.0,0,13.0591,2.1632,74.142,0.0,True,28.5,4840,2.9239,2.5
google,1500,10,linear,True,False,10.0,0.4,0.3,0.3,0,0,UK,0,WOA,random,5,0.3333333333333333,E27,16.49,95.45,39,0.676238,88.4415,17.2835,0.0,0,13.1091,2.1604,74.637,0.0,True,27.5,4840,3.0265,2.45
google,1500,10,linear,True,False,10.0,0.4,0.3,0.3,0,0,UK,0,WOA,random,6,0.3333333333333333,E27,16.49,95.45,39,0.66886,88.5676,18.1859,0.0,0,13.0591,2.1467,73.37,0.0,True,28.0,4840,3.5214,2.43
google,1500,10,linear,True,False,10.0,0.4,0.3,0.3,0,0,UK,0,WOA,random,7,0.3333333333333333,E27,16.49,95.45,39,0.67203,88.5135,17.7982,0.0,0,13.0591,2.1524,74.156,0.0,True,28.0,4840,3.6275,2.51
google,1500,10,linear,True,False,10.0,0.4,0.3,0.3,0,0,UK,0,WOA,random,8,0.3333333333333333,E27,16.49,95.45,39,0.673658,88.4856,17.5992,0.0,0,13.1091,2.1604,72.49,0.0,True,28.0,4840,3.5981,2.53
google,1500,10,linear,True,False,10.0,0.4,0.3,0.3,0,0,UK,0,WOA,random,9,0.3333333333333333,E27,16.49,95.45,39,0.671625,88.5204,17.8478,0.0,0,13.0091,2.146,74.969,0.0,True,28.5,4840,3.5856,2.57
google,1500,10,linear,True,False,10.0,0.4,0.3,0.3,0,0,UK,0,WOA,random,10,0.3333333333333333,E27,16.49,95.45,39,0.674739,88.4672,17.4669,0.0,0,13.1091,2.1679,72.961,0.0,True,28.0,4840,3.6027,2.51
google,1500,10,linear,True,False,10.0,0.4,0.3,0.3,0,0,UK,0,WOA,carbon,1,0.3333333333333333,E27,16.49,95.45,39,0.675961,88.4463,17.3174,0.0,0,13.1591,2.1674,71.272,0.0,True,28.5,4840,3.5689,2.41
google,1500,10,linear,True,False,10.0,0.4,0.3,0.3,0,0,UK,2,WOA,carbon,6,0.3333333333333333,E27,16.49,95.45,39,2.186463,86.9939,6.2599,0.0,0,12.9591,2.0016,67.178,0.0,True,26.0,4840,3.6586,2.44
google,1500,10,linear,True,False,10.0,0.4,0.3,0.3,0,0,UK,2,WOA,carbon,7,0.3333333333333333,E27,16.49,95.45,39,2.176857,87.0511,6.6718,0.0,0,12.9091,1.9849,69.821,0.0,True,26.5,4840,3.6198,2.77
google,1500,10,linear,True,False,10.0,0.4,0.3,0.3,0,0,UK,2,WOA,carbon,8,0.3333333333333333,E27,16.49,95.45,39,2.151313,87.203,7.7669,0.0,0,12.7591,1.9549,69.211,0.0,True,26.5,4840,3.5593,2.87
google,1500,10,linear,True,False,10.0,0.4,0.3,0.3,0,0,UK,2,WOA,carbon,9,0.3333333333333333,E27,16.49,95.45,39,2.165085,87.1211,7.1764,0.0,0,12.8091,1.9636,72.254,0.0,True,26.5,4840,3.6166,2.78
google,1500,10,linear,True,False,10.0,0.4,0.3,0.3,0,0,UK,2,WOA,carbon,10,0.3333333333333333,E27,16.49,95.45,39,2.170127,87.0911,6.9603,0.0,0,12.8591,1.978,68.635,0.0,True,26.5,4840,3.6158,2.51
google,1500,20,linear,True,False,10.0,0.4,0.3,0.3,0,0,UK,2,FIFO,-,0,0.3333333333333333,E27,16.49,95.45,39,16.811124,0.0,-620.7423,0.0,0,95.9591,15.66,5.308,0.0,True,24.5,0,0.0,0.0
google,1500,20,linear,True,False,10.0,0.4,0.3,0.3,0,0,UK,2,Consolidation,-,0,0.3333333333333333,E27,16.49,95.45,39,2.332474,86.1254,0.0,0.0,0,13.3091,2.1675,55.842,0.0,True,24.5,0,0.0,0.0
google,1500,20,linear,True,False,10.0,0.4,0.3,0.3,0,0,UK,2,Greedy(EDF+greenest),-,0,0.3333333333333333,E27,16.49,95.45,39,2.142842,87.2534,8.13,0.0,0,12.8591,1.9624,64.537,0.0,True,26.5,0,0.0002,0.0
google,1500,10,linear,True,False,10.0,0.4,0.3,0.3,0,0,UK,2,Threshold(WaitAwhile),-,0,0.3333333333333333,E27,16.49,95.45,39,2.23421,86.7099,4.2128,0.0,0,13.0591,1.9924,60.869,8.9738,False,24.5,0,0.0228,0.0
google,1500,10,linear,True,False,10.0,0.4,0.3,0.3,0,0,UK,2,WOA,random,1,0.3333333333333333,E27,16.49,95.45,39,2.248837,86.6229,3.5858,0.0,0,12.8591,2.1276,79.361,0.0,True,25.0,4840,3.438,2.72
google,1500,10,linear,True,False,10.0,0.4,0.3,0.3,0,0,UK,2,WOA,random,2,0.3333333333333333,E27,16.49,95.45,39,2.260606,86.5529,3.0812,0.0,0,12.8591,2.1179,76.23,0.0,True,26.0,4840,3.4358,2.52
google,1500,10,linear,True,False,10.0,0.4,0.3,0.3,0,0,UK,2,WOA,random,3,0.3333333333333333,E27,16.49,95.45,39,2.251608,86.6064,3.467,0.0,0,12.8591,2.1169,77.585,0.0,True,25.5,4840,3.3811,2.52
google,1500,10,linear,True,False,10.0,0.4,0.3,0.3,0,0,UK,2,WOA,random,4,0.3333333333333333,E27,16.49,95.45,39,2.271348,86.489,2.6206,0.0,0,12.9591,2.1315,73.888,0.0,True,26.0,4840,3.4058,2.61
google,1500,10,linear,True,False,10.0,0.4,0.3,0.3,0,0,UK,2,WOA,random,5,0.3333333333333333,E27,16.49,95.45,39,2.258067,86.568,3.19,0.0,0,12.9091,2.1139,79.087,0.0,True,25.5,4840,3.435,2.58
google,1500,10,linear,True,False,10.0,0.4,0.3,0.3,0,0,UK,2,WOA,random,6,0.3333333333333333,E27,16.49,95.45,39,2.260716,86.5523,3.0765,0.0,0,12.9091,2.133,74.739,0.0,True,26.5,4840,3.4044,2.52
google,1500,10,linear,True,False,10.0,0.4,0.3,0.3,0,0,UK,2,WOA,random,7,0.3333333333333333,E27,16.49,95.45,39,2.239507,86.6784,3.9858,0.0,0,12.8091,2.0992,76.447,0.0,True,24.5,4840,3.4475,2.63
google,1500,10,linear,True,False,10.0,0.4,0.3,0.3,0,0,UK,2,WOA,random,8,0.3333333333333333,E27,16.49,95.45,39,2.255181,86.5852,3.3138,0.0,0,12.8591,2.1184,74.753,0.0,True,25.0,4840,3.4535,2.64
google,1500,10,linear,True,False,10.0,0.4,0.3,0.3,0,0,UK,2,WOA,random,9,0.3333333333333333,E27,16.49,95.45,39,2.262426,86.5421,3.0032,0.0,0,12.9091,2.143,76.023,0.0,True,26.0,4840,3.4542,2.57
google,1500,10,linear,True,False,10.0,0.4,0.3,0.3,0,0,UK,2,WOA,random,10,0.3333333333333333,E27,16.49,95.45,39,2.265563,86.5234,2.8687,0.0,0,12.9591,2.146,75.609,0.0,True,27.5,4840,3.4145,2.86
google,1500,10,linear,True,False,10.0,0.4,0.3,0.3,0,0,UK,2,WOA,carbon,1,0.3333333333333333,E27,16.49,95.45,39,2.178233,87.0429,6.6127,0.0,0,12.9091,1.9941,67.389,0.0,True,26.0,4840,3.4179,2.67
google,1500,10,linear,True,False,10.0,0.4,0.3,0.3,0,0,UK,2,WOA,carbon,2,0.3333333333333333,E27,16.49,95.45,39,2.189452,86.9762,6.1318,0.0,0,12.9591,2.0022,69.277,0.0,True,26.5,4840,3.4319,2.43
google,1500,10,linear,True,False,10.0,0.4,0.3,0.3,0,0,UK,2,WOA,carbon,3,0.3333333333333333,E27,16.49,95.45,39,2.194057,86.9488,5.9343,0.0,0,13.0091,2.008,66.165,0.0,True,27.0,4840,3.4091,2.62
google,1500,10,linear,True,False,10.0,0.4,0.3,0.3,0,0,UK,2,WOA,carbon,4,0.3333333333333333,E27,16.49,95.45,39,2.178297,87.0425,6.61,0.0,0,12.8091,1.9881,75.24,0.0,True,27.5,4840,3.4019,2.62
google,1500,10,linear,True,False,10.0,0.4,0.3,0.3,0,0,UK,2,WOA,carbon,5,0.3333333333333333,E27,16.49,95.45,39,2.166199,87.1145,7.1287,0.0,0,12.8591,1.9791,70.095,0.0,True,27.5,4840,3.4078,2.62
google,1500,10,linear,True,False,10.0,0.4,0.3,0.3,0,0,UK,4,FIFO,-,0,0.3333333333333333,E27,16.49,95.45,39,6.233244,0.0,-610.9128,0.0,0,95.9591,15.66,5.308,8.9738,False,24.5,0,0.0,0.0
google,1500,10,linear,True,False,10.0,0.4,0.3,0.3,0,0,UK,4,Consolidation,-,0,0.3333333333333333,E27,16.49,95.45,39,0.876794,85.9336,0.0,0.0,0,13.3091,2.1675,55.842,8.9738,False,24.5,0,0.0,0.0
google,1500,10,linear,True,False,10.0,0.4,0.3,0.3,0,0,UK,4,Greedy(EDF+greenest),-,0,0.3333333333333333,E27,16.49,95.45,39,0.721523,88.4246,17.709,0.0,0,12.6091,2.0172,70.708,21.2703,False,24.5,0,0.0002,0.0
google,1500,10,linear,True,False,10.0,0.4,0.3,0.3,0,0,UK,4,VCC(Google),-,0,0.3333333333333333,E27,16.49,95.45,39,0.873164,85.9918,0.414,0.0,0,13.3091,2.1675,58.228,0.0,True,24.5,0,0.005,0.0
google,1500,10,linear,True,False,10.0,0.4,0.3,0.3,0,0,UK,4,Threshold(WaitAwhile),-,0,0.3333333333333333,E27,16.49,95.45,39,0.806642,87.059,8.001,0.0,0,13.0091,2.0772,62.333,8.9738,False,24.5,0,0.023,0.0
google,1500,10,linear,True,False,10.0,0.4,0.3,0.3,0,0,UK,4,WOA,random,1,0.3333333333333333,E27,16.49,95.45,39,0.860485,86.1952,1.8602,0.0,0,13.0091,2.1444,74.31,0.0,True,24.5,4840,3.6312,2.63
google,1500,10,linear,True,False,10.0,0.4,0.3,0.3,0,0,UK,4,WOA,random,2,0.3333333333333333,E27,16.49,95.45,39,0.860602,86.1933,1.8467,0.0,0,13.0091,2.1304,70.817,0.0,True,25.5,4840,3.6416,2.54
google,1500,10,linear,True,False,10.0,0.4,0.3,0.3,0,0,UK,4,WOA,random,3,0.3333333333333333,E27,16.49,95.45,39,0.861484,86.1792,1.7462,0.0,0,12.9091,2.1191,76.129,0.0,True,24.5,4840,3.615,2.47
google,1500,20,linear,True,False,10.0,0.4,0.3,0.3,0,0,UK,3,Consolidation,-,0,0.3333333333333333,E27,16.49,95.45,39,1.625679,86.2013,0.0,0.0,0,13.3091,2.1675,55.842,0.0,True,24.5,0,0.0,0.0
google,1500,20,linear,True,False,10.0,0.4,0.3,0.3,0,0,UK,3,Greedy(EDF+greenest),-,0,0.3333333333333333,E27,16.49,95.45,39,1.206268,89.7612,25.7991,0.0,0,12.5591,1.8919,68.565,2.409,False,27.5,0,0.0002,0.0
google,1500,20,linear,True,False,10.0,0.4,0.3,0.3,0,0,UK,3,VCC(Google),-,0,0.3333333333333333,E27,16.49,95.45,39,1.610861,86.3271,0.9115,0.0,0,13.3091,2.1675,59.561,0.0,True,24.5,0,0.0052,0.0
google,1500,20,linear,True,False,10.0,0.4,0.3,0.3,0,0,UK,3,Threshold(WaitAwhile),-,0,0.3333333333333333,E27,16.49,95.45,39,1.223064,89.6187,24.766,0.0,0,12.6091,1.8994,63.342,2.409,False,24.5,0,0.0238,0.0
google,1500,20,linear,True,False,10.0,0.4,0.3,0.3,0,0,UK,3,WOA,random,1,0.3333333333333333,E27,16.49,95.45,39,1.330394,88.7077,18.1638,0.0,0,13.1591,2.1788,61.959,0.0,True,28.5,4840,3.4507,2.42
google,1500,20,linear,True,False,10.0,0.4,0.3,0.3,0,0,UK,3,WOA,random,2,0.3333333333333333,E27,16.49,95.45,39,1.337816,88.6447,17.7072,0.0,0,13.2091,2.1874,58.763,0.0,True,28.5,4840,3.4786,2.41
google,1500,20,linear,True,False,10.0,0.4,0.3,0.3,0,0,UK,3,WOA,random,3,0.3333333333333333,E27,16.49,95.45,39,1.348101,88.5574,17.0746,0.0,0,13.3091,2.2052,55.929,0.0,True,28.5,4840,3.4377,2.34
google,1500,20,linear,True,False,10.0,0.4,0.3,0.3,0,0,UK,3,WOA,random,4,0.3333333333333333,E27,16.49,95.45,39,1.331611,88.6973,18.0889,0.0,0,13.0591,2.1576,66.454,0.0,True,28.5,4840,3.4575,2.41
google,1500,20,linear,True,False,10.0,0.4,0.3,0.3,0,0,UK,2,VCC(Google),-,0,0.3333333333333333,E27,16.49,95.45,39,2.331263,86.1326,0.0519,0.0,0,13.3091,2.1675,56.156,0.0,True,24.5,0,0.0049,0.0
google,1500,20,linear,True,False,10.0,0.4,0.3,0.3,0,0,UK,2,Threshold(WaitAwhile),-,0,0.3333333333333333,E27,16.49,95.45,39,2.23421,86.7099,4.2128,0.0,0,13.0591,1.9924,60.869,0.0,True,24.5,0,0.0226,0.0
google,1500,20,linear,True,False,10.0,0.4,0.3,0.3,0,0,UK,2,WOA,random,1,0.3333333333333333,E27,16.49,95.45,39,2.262509,86.5416,2.9996,0.0,0,12.9091,2.1128,74.116,0.0,True,24.5,4840,3.4171,2.51
google,1500,20,linear,True,False,10.0,0.4,0.3,0.3,0,0,UK,2,WOA,random,2,0.3333333333333333,E27,16.49,95.45,39,2.268489,86.506,2.7432,0.0,0,12.9091,2.1259,75.977,0.0,True,26.0,4840,3.4064,2.48
google,1500,20,linear,True,False,10.0,0.4,0.3,0.3,0,0,UK,2,WOA,random,3,0.3333333333333333,E27,16.49,95.45,39,2.259055,86.5621,3.1477,0.0,0,12.9091,2.1244,76.398,0.0,True,25.5,4840,3.4032,2.7
google,1500,20,linear,True,False,10.0,0.4,0.3,0.3,0,0,UK,2,WOA,random,4,0.3333333333333333,E27,16.49,95.45,39,2.260488,86.5536,3.0862,0.0,0,12.8591,2.1293,76.908,0.0,True,25.5,4840,3.3919,2.5
google,1500,20,linear,True,False,10.0,0.4,0.3,0.3,0,0,UK,2,WOA,random,5,0.3333333333333333,E27,16.49,95.45,39,2.27181,86.4863,2.6008,0.0,0,12.9591,2.1391,77.816,0.0,True,26.5,4840,3.3967,2.58
google,1500,20,linear,True,False,10.0,0.4,0.3,0.3,0,0,UK,2,WOA,random,6,0.3333333333333333,E27,16.49,95.45,39,2.260851,86.5515,3.0707,0.0,0,12.9091,2.133,74.753,0.0,True,26.5,4840,3.3614,2.5
google,1500,10,linear,True,False,10.0,0.4,0.3,0.3,0,0,UK,3,Greedy(EDF+greenest),-,0,0.3333333333333333,E27,16.49,95.45,39,1.206268,89.7612,25.7991,0.0,0,12.5591,1.8919,68.565,23.8107,False,27.5,0,0.0002,0.0
google,1500,10,linear,True,False,10.0,0.4,0.3,0.3,0,0,UK,3,VCC(Google),-,0,0.3333333333333333,E27,16.49,95.45,39,1.55291,86.8189,4.4762,0.0,0,13.2091,2.1525,65.015,0.0,True,24.5,0,0.0063,0.0
google,1500,10,linear,True,False,10.0,0.4,0.3,0.3,0,0,UK,3,Threshold(WaitAwhile),-,0,0.3333333333333333,E27,16.49,95.45,39,1.223064,89.6187,24.766,0.0,0,12.6091,1.8994,63.342,23.9155,False,24.5,0,0.0236,0.0
google,1500,10,linear,True,False,10.0,0.4,0.3,0.3,0,0,UK,3,WOA,random,1,0.3333333333333333,E27,16.49,95.45,39,1.36493,88.4145,16.0394,0.0,0,13.1091,2.1571,71.476,0.0,True,28.0,4840,3.4624,2.57
google,1500,10,linear,True,False,10.0,0.4,0.3,0.3,0,0,UK,3,WOA,random,2,0.3333333333333333,E27,16.49,95.45,39,1.366446,88.4016,15.9461,0.0,0,13.1591,2.1794,70.849,0.0,True,28.0,4840,3.4481,2.58
google,1500,10,linear,True,False,10.0,0.4,0.3,0.3,0,0,UK,3,WOA,random,3,0.3333333333333333,E27,16.49,95.45,39,1.356025,88.4901,16.5872,0.0,0,13.0591,2.1473,72.348,0.0,True,28.5,4840,3.389,2.55
google,1500,10,linear,True,False,10.0,0.4,0.3,0.3,0,0,UK,3,WOA,random,4,0.3333333333333333,E27,16.49,95.45,39,1.376811,88.3137,15.3085,0.0,0,13.2091,2.193,69.921,0.0,True,28.5,4840,3.4156,2.57
google,1500,10,linear,True,False,10.0,0.4,0.3,0.3,0,0,UK,3,WOA,random,5,0.3333333333333333,E27,16.49,95.45,39,1.378698,88.2976,15.1925,0.0,0,13.2591,2.1932,70.267,0.0,True,28.0,4840,3.4194,2.44
google,1500,20,linear,True,False,10.0,0.4,0.3,0.3,0,0,UK,2,WOA,carbon,5,0.3333333333333333,E27,16.49,95.45,39,2.118297,87.3994,9.1824,0.0,0,12.7091,1.9399,69.492,0.0,True,26.5,4840,3.3981,2.51
google,1500,20,linear,True,False,10.0,0.4,0.3,0.3,0,0,UK,2,WOA,carbon,6,0.3333333333333333,E27,16.49,95.45,39,2.119247,87.3938,9.1417,0.0,0,12.7091,1.9399,70.249,0.0,True,26.5,4840,3.4186,2.35
google,1500,20,linear,True,False,10.0,0.4,0.3,0.3,0,0,UK,2,WOA,carbon,7,0.3333333333333333,E27,16.49,95.45,39,2.130857,87.3247,8.6439,0.0,0,12.7591,1.9549,66.406,0.0,True,26.5,4840,3.3997,2.51
google,1500,20,linear,True,False,10.0,0.4,0.3,0.3,0,0,UK,2,WOA,carbon,8,0.3333333333333333,E27,16.49,95.45,39,2.114457,87.4223,9.347,0.0,0,12.6591,1.9324,69.603,0.0,True,27.0,4840,3.3714,2.4
google,1500,20,linear,True,False,10.0,0.4,0.3,0.3,0,0,UK,2,WOA,carbon,9,0.3333333333333333,E27,16.49,95.45,39,2.120333,87.3873,9.0951,0.0,0,12.7091,1.9399,70.28,0.0,True,27.0,4840,3.39,2.44
google,1500,20,linear,True,False,10.0,0.4,0.3,0.3,0,0,UK,2,WOA,carbon,10,0.3333333333333333,E27,16.49,95.45,39,2.119121,87.3945,9.1471,0.0,0,12.7091,1.9399,70.625,0.0,True,26.5,4840,3.4171,2.35
google,1500,10,linear,True,False,10.0,0.4,0.3,0.3,0,0,UK,3,FIFO,-,0,0.3333333333333333,E27,16.49,95.45,39,11.781379,0.0,-624.7053,0.0,0,95.9591,15.66,5.308,8.9738,False,24.5,0,0.0,0.0
google,1500,10,linear,True,False,10.0,0.4,0.3,0.3,0,0,UK,3,Consolidation,-,0,0.3333333333333333,E27,16.49,95.45,39,1.625679,86.2013,0.0,0.0,0,13.3091,2.1675,55.842,8.9738,False,24.5,0,0.0,0.0
google,1500,10,linear,True,False,10.0,0.4,0.3,0.3,0,0,UK,4,WOA,carbon,10,0.3333333333333333,E27,16.49,95.45,39,0.761614,87.7814,13.1366,0.0,0,12.7591,2.0483,73.492,0.0,True,24.5,4840,3.6148,2.59
google,1500,20,linear,True,False,10.0,0.4,0.3,0.3,0,0,UK,4,FIFO,-,0,0.3333333333333333,E27,16.49,95.45,39,6.233244,0.0,-610.9128,0.0,0,95.9591,15.66,5.308,0.0,True,24.5,0,0.0,0.0
google,1500,20,linear,True,False,10.0,0.4,0.3,0.3,0,0,UK,4,Consolidation,-,0,0.3333333333333333,E27,16.49,95.45,39,0.876794,85.9336,0.0,0.0,0,13.3091,2.1675,55.842,0.0,True,24.5,0,0.0,0.0
google,1500,20,linear,True,False,10.0,0.4,0.3,0.3,0,0,UK,4,Greedy(EDF+greenest),-,0,0.3333333333333333,E27,16.49,95.45,39,0.721523,88.4246,17.709,0.0,0,12.6091,2.0172,70.708,0.0,True,24.5,0,0.0002,0.0
google,1500,20,linear,True,False,10.0,0.4,0.3,0.3,0,0,UK,4,VCC(Google),-,0,0.3333333333333333,E27,16.49,95.45,39,0.876794,85.9336,0.0,0.0,0,13.3091,2.1675,55.842,0.0,True,24.5,0,0.0048,0.0
google,1500,20,linear,True,False,10.0,0.4,0.3,0.3,0,0,UK,4,Threshold(WaitAwhile),-,0,0.3333333333333333,E27,16.49,95.45,39,0.806642,87.059,8.001,0.0,0,13.0091,2.0772,62.333,0.0,True,24.5,0,0.0225,0.0
google,1500,20,linear,True,False,10.0,0.4,0.3,0.3,0,0,UK,4,WOA,random,1,0.3333333333333333,E27,16.49,95.45,39,0.863541,86.1462,1.5116,0.0,0,13.0591,2.1456,70.39,0.0,True,25.0,4840,3.6125,2.61
google,1500,20,linear,True,False,10.0,0.4,0.3,0.3,0,0,UK,4,WOA,random,2,0.3333333333333333,E27,16.49,95.45,39,0.866165,86.1041,1.2124,0.0,0,13.0591,2.1331,70.859,0.0,True,25.0,4840,3.8033,2.51
google,1500,10,linear,True,False,10.0,0.4,0.3,0.3,0,0,UK,3,WOA,carbon,4,0.3333333333333333,E27,16.49,95.45,39,1.323687,88.7646,18.5764,0.0,0,13.1591,2.1435,65.381,0.0,True,28.0,4840,3.3855,2.41
google,1500,10,linear,True,False,10.0,0.4,0.3,0.3,0,0,UK,3,WOA,carbon,5,0.3333333333333333,E27,16.49,95.45,39,1.322361,88.7758,18.6579,0.0,0,13.2591,2.1655,62.814,0.0,True,28.5,4840,3.4311,2.43
google,1500,10,linear,True,False,10.0,0.4,0.3,0.3,0,0,UK,3,WOA,carbon,6,0.3333333333333333,E27,16.49,95.45,39,1.315767,88.8318,19.0635,0.0,0,13.1091,2.1522,67.025,0.0,True,28.5,4840,3.389,2.36
google,1500,10,linear,True,False,10.0,0.4,0.3,0.3,0,0,UK,3,WOA,carbon,7,0.3333333333333333,E27,16.49,95.45,39,1.313783,88.8487,19.1856,0.0,0,13.1091,2.1475,67.437,0.0,True,27.5,4840,3.3957,2.56
google,1500,10,linear,True,False,10.0,0.4,0.3,0.3,0,0,UK,3,WOA,carbon,8,0.3333333333333333,E27,16.49,95.45,39,1.305532,88.9187,19.6931,0.0,0,13.0591,2.088,67.093,0.0,True,28.0,4840,3.3872,2.49
google,1500,10,linear,True,False,10.0,0.4,0.3,0.3,0,0,UK,3,WOA,carbon,9,0.3333333333333333,E27,16.49,95.45,39,1.325062,88.7529,18.4918,0.0,0,13.2091,2.1267,65.531,0.0,True,28.5,4840,3.4568,2.49
google,1500,10,linear,True,False,10.0,0.4,0.3,0.3,0,0,UK,3,WOA,carbon,10,0.3333333333333333,E27,16.49,95.45,39,1.348417,88.5547,17.0551,0.0,0,13.0091,2.1188,72.268,0.0,True,27.5,4840,3.5013,2.5
google,1500,20,linear,True,False,10.0,0.4,0.3,0.3,0,0,UK,3,FIFO,-,0,0.3333333333333333,E27,16.49,95.45,39,11.781379,0.0,-624.7053,0.0,0,95.9591,15.66,5.308,0.0,True,24.5,0,0.0,0.0
google,1500,20,linear,True,False,10.0,0.4,0.3,0.3,0,0,UK,2,WOA,random,7,0.3333333333333333,E27,16.49,95.45,39,2.266391,86.5185,2.8332,0.0,0,12.9591,2.1291,73.301,0.0,True,25.5,4840,3.3908,2.55
google,1500,20,linear,True,False,10.0,0.4,0.3,0.3,0,0,UK,2,WOA,random,8,0.3333333333333333,E27,16.49,95.45,39,2.267545,86.5116,2.7837,0.0,0,12.9591,2.1357,76.29,0.0,True,26.0,4840,3.4001,2.62
google,1500,20,linear,True,False,10.0,0.4,0.3,0.3,0,0,UK,2,WOA,random,9,0.3333333333333333,E27,16.49,95.45,39,2.277556,86.4521,2.3545,0.0,0,13.0091,2.1499,77.519,0.0,True,27.0,4840,3.4008,2.52
google,1500,20,linear,True,False,10.0,0.4,0.3,0.3,0,0,UK,2,WOA,random,10,0.3333333333333333,E27,16.49,95.45,39,2.274871,86.4681,2.4696,0.0,0,13.0091,2.1505,73.731,0.0,True,26.0,4840,3.3939,2.67
google,1500,20,linear,True,False,10.0,0.4,0.3,0.3,0,0,UK,2,WOA,carbon,1,0.3333333333333333,E27,16.49,95.45,39,2.120219,87.388,9.1,0.0,0,12.7091,1.9399,70.054,0.0,True,26.5,4840,3.3628,2.67
google,1500,20,linear,True,False,10.0,0.4,0.3,0.3,0,0,UK,2,WOA,carbon,2,0.3333333333333333,E27,16.49,95.45,39,2.126777,87.349,8.8188,0.0,0,12.7591,1.9474,66.953,0.0,True,26.5,4840,3.3862,2.39
google,1500,20,linear,True,False,10.0,0.4,0.3,0.3,0,0,UK,2,WOA,carbon,3,0.3333333333333333,E27,16.49,95.45,39,2.121233,87.382,9.0565,0.0,0,12.7091,1.9399,70.329,0.0,True,27.0,4840,3.5032,2.42
google,1500,20,linear,True,False,10.0,0.4,0.3,0.3,0,0,UK,2,WOA,carbon,4,0.3333333333333333,E27,16.49,95.45,39,2.118529,87.3981,9.1724,0.0,0,12.6591,1.9324,70.045,0.0,True,27.0,4840,3.4093,2.66
google,1500,10,linear,True,False,10.0,0.4,0.3,0.3,0,0,UK,3,WOA,random,6,0.3333333333333333,E27,16.49,95.45,39,1.367315,88.3943,15.8927,0.0,0,13.1091,2.1713,71.669,0.0,True,28.0,4840,3.4102,2.54
google,1500,10,linear,True,False,10.0,0.4,0.3,0.3,0,0,UK,3,WOA,random,7,0.3333333333333333,E27,16.49,95.45,39,1.366537,88.4009,15.9405,0.0,0,13.1091,2.1702,70.809,0.0,True,28.5,4840,3.4398,2.56
google,1500,10,linear,True,False,10.0,0.4,0.3,0.3,0,0,UK,3,WOA,random,8,0.3333333333333333,E27,16.49,95.45,39,1.353761,88.5093,16.7264,0.0,0,13.0091,2.1443,74.3,0.0,True,28.0,4840,3.4075,2.52
google,1500,10,linear,True,False,10.0,0.4,0.3,0.3,0,0,UK,3,WOA,random,9,0.3333333333333333,E27,16.49,95.45,39,1.349781,88.5431,16.9712,0.0,0,13.0591,2.1593,72.052,0.0,True,28.0,4840,3.423,2.59
google,1500,10,linear,True,False,10.0,0.4,0.3,0.3,0,0,UK,3,WOA,random,10,0.3333333333333333,E27,16.49,95.45,39,1.368066,88.3879,15.8465,0.0,0,13.1591,2.1715,72.964,0.0,True,27.5,4840,3.4085,2.64
google,1500,10,linear,True,False,10.0,0.4,0.3,0.3,0,0,UK,3,WOA,carbon,1,0.3333333333333333,E27,16.49,95.45,39,1.338357,88.6401,17.6739,0.0,0,13.3091,2.1548,65.571,0.0,True,28.5,4840,3.4164,2.56
google,1500,10,linear,True,False,10.0,0.4,0.3,0.3,0,0,UK,3,WOA,carbon,2,0.3333333333333333,E27,16.49,95.45,39,1.323305,88.7678,18.5998,0.0,0,13.1591,2.127,67.816,0.0,True,28.0,4840,3.5148,2.39
google,1500,10,linear,True,False,10.0,0.4,0.3,0.3,0,0,UK,3,WOA,carbon,3,0.3333333333333333,E27,16.49,95.45,39,1.324972,88.7537,18.4973,0.0,0,13.1091,2.139,68.418,0.0,True,28.5,4840,3.4224,2.5
google,1500,20,linear,True,False,10.0,0.4,0.3,0.3,0,0,UK,4,WOA,carbon,9,0.3333333333333333,E27,16.49,95.45,39,0.709898,88.6111,19.0349,0.0,0,12.4091,1.9872,77.265,0.0,True,24.5,4840,3.4775,2.34
google,1500,20,linear,True,False,10.0,0.4,0.3,0.3,0,0,UK,4,WOA,carbon,10,0.3333333333333333,E27,16.49,95.45,39,0.713069,88.5602,18.6732,0.0,0,12.4591,1.9947,76.554,0.0,True,24.5,4840,3.5169,2.41
google,1500,10,linear,True,False,10.0,0.4,0.3,0.3,0,0,UK,5,FIFO,-,0,0.3333333333333333,E27,16.49,95.45,39,7.418927,0.0,-627.8615,0.0,0,95.9591,15.66,5.308,8.9738,False,24.5,0,0.0,0.0
google,1500,10,linear,True,False,10.0,0.4,0.3,0.3,0,0,UK,5,Consolidation,-,0,0.3333333333333333,E27,16.49,95.45,39,1.019277,86.2611,0.0,0.0,0,13.3091,2.1675,55.842,8.9738,False,24.5,0,0.0,0.0
google,1500,10,linear,True,False,10.0,0.4,0.3,0.3,0,0,UK,5,Greedy(EDF+greenest),-,0,0.3333333333333333,E27,16.49,95.45,39,0.892087,87.9755,12.4784,0.0,0,12.9091,1.9364,62.865,13.0071,False,28.0,0,0.0002,0.0
google,1500,10,linear,True,False,10.0,0.4,0.3,0.3,0,0,UK,5,VCC(Google),-,0,0.3333333333333333,E27,16.49,95.45,39,1.016838,86.294,0.2393,0.0,0,13.2591,2.16,59.225,0.0,True,24.5,0,0.0055,0.0
google,1500,10,linear,True,False,10.0,0.4,0.3,0.3,0,0,UK,5,Threshold(WaitAwhile),-,0,0.3333333333333333,E27,16.49,95.45,39,0.911865,87.7089,10.5381,0.0,0,12.9591,1.9439,59.574,13.1119,False,24.5,0,0.0231,0.0
google,1500,10,linear,True,False,10.0,0.4,0.3,0.3,0,0,UK,5,WOA,random,1,0.3333333333333333,E27,16.49,95.45,39,1.010391,86.3809,0.8718,0.0,0,13.0591,2.148,69.743,0.0,True,26.0,4840,3.4564,2.54
google,1500,20,linear,True,False,10.0,0.4,0.3,0.3,0,0,UK,3,WOA,random,5,0.3333333333333333,E27,16.49,95.45,39,1.335084,88.6678,17.8753,0.0,0,13.2091,2.1885,59.372,0.0,True,28.5,4840,3.6076,2.69
google,1500,20,linear,True,False,10.0,0.4,0.3,0.3,0,0,UK,3,WOA,random,6,0.3333333333333333,E27,16.49,95.45,39,1.348105,88.5573,17.0743,0.0,0,13.3091,2.2052,56.055,0.0,True,28.5,4840,3.6143,2.34
google,1500,20,linear,True,False,10.0,0.4,0.3,0.3,0,0,UK,3,WOA,random,7,0.3333333333333333,E27,16.49,95.45,39,1.336721,88.6539,17.7746,0.0,0,13.1591,2.1799,61.05,0.0,True,28.5,4840,3.6522,2.48
google,1500,20,linear,True,False,10.0,0.4,0.3,0.3,0,0,UK,3,WOA,random,8,0.3333333333333333,E27,16.49,95.45,39,1.336153,88.6588,17.8095,0.0,0,13.1591,2.1741,59.879,0.0,True,28.0,4840,3.5522,2.52
google,1500,20,linear,True,False,10.0,0.4,0.3,0.3,0,0,UK,3,WOA,random,9,0.3333333333333333,E27,16.49,95.45,39,1.336476,88.656,17.7896,0.0,0,13.1091,2.1799,65.568,0.0,True,28.0,4840,3.5535,2.54
google,1500,20,linear,True,False,10.0,0.4,0.3,0.3,0,0,UK,3,WOA,random,10,0.3333333333333333,E27,16.49,95.45,39,1.348116,88.5572,17.0737,0.0,0,13.3091,2.2052,55.949,0.0,True,28.5,4840,3.6947,2.29
google,1500,20,linear,True,False,10.0,0.4,0.3,0.3,0,0,UK,3,WOA,carbon,1,0.3333333333333333,E27,16.49,95.45,39,1.238521,89.4875,23.8151,0.0,0,12.7591,1.9322,67.832,0.0,True,28.0,4840,3.6196,2.58
google,1500,20,linear,True,False,10.0,0.4,0.3,0.3,0,0,UK,3,WOA,carbon,2,0.3333333333333333,E27,16.49,95.45,39,1.220533,89.6401,24.9216,0.0,0,12.6091,1.8994,72.606,0.0,True,27.5,4840,3.5664,2.9
google,1500,20,linear,True,False,10.0,0.4,0.3,0.3,0,0,UK,3,WOA,carbon,3,0.3333333333333333,E27,16.49,95.45,39,1.245395,89.4291,23.3923,0.0,0,12.9091,1.9536,65.546,0.0,True,27.5,4840,3.5849,2.43
google,1500,20,linear,True,False,10.0,0.4,0.3,0.3,0,0,UK,3,WOA,carbon,4,0.3333333333333333,E27,16.49,95.45,39,1.221613,89.631,24.8552,0.0,0,12.7091,1.927,67.443,0.0,True,27.5,4840,3.585,2.5
google,1500,20,linear,True,False,10.0,0.4,0.3,0.3,0,0,UK,3,WOA,carbon,5,0.3333333333333333,E27,16.49,95.45,39,1.229964,89.5601,24.3415,0.0,0,12.7591,1.9345,64.895,0.0,True,28.0,4840,3.5899,2.51
google,1500,20,linear,True,False,10.0,0.4,0.3,0.3,0,0,UK,3,WOA,carbon,6,0.3333333333333333,E27,16.49,95.45,39,1.22846,89.5729,24.434,0.0,0,12.7091,1.923,67.228,0.0,True,28.0,4840,3.5864,2.52
google,1500,20,linear,True,False,10.0,0.4,0.3,0.3,0,0,UK,3,WOA,carbon,7,0.3333333333333333,E27,16.49,95.45,39,1.227708,89.5793,24.4803,0.0,0,12.7591,1.9219,65.906,0.0,True,28.0,4840,3.5817,2.54
google,1500,20,linear,True,False,10.0,0.4,0.3,0.3,0,0,UK,3,WOA,carbon,8,0.3333333333333333,E27,16.49,95.45,39,1.218001,89.6616,25.0774,0.0,0,12.6591,1.9069,67.714,0.0,True,27.5,4840,3.7101,2.73
google,1500,20,linear,True,False,10.0,0.4,0.3,0.3,0,0,UK,3,WOA,carbon,9,0.3333333333333333,E27,16.49,95.45,39,1.236287,89.5064,23.9526,0.0,0,12.7591,1.9225,67.953,0.0,True,28.0,4840,3.6608,2.49
google,1500,20,linear,True,False,10.0,0.4,0.3,0.3,0,0,UK,3,WOA,carbon,10,0.3333333333333333,E27,16.49,95.45,39,1.234206,89.5241,24.0806,0.0,0,12.8091,1.9305,67.345,0.0,True,28.0,4840,3.5653,2.46
google,1500,10,linear,True,False,10.0,0.4,0.3,0.3,0,0,UK,5,WOA,carbon,8,0.3333333333333333,E27,16.49,95.45,39,0.99616,86.5727,2.268,0.0,0,12.9591,2.0917,74.76,0.0,True,26.0,4840,3.414,2.56
google,1500,10,linear,True,False,10.0,0.4,0.3,0.3,0,0,UK,5,WOA,carbon,9,0.3333333333333333,E27,16.49,95.45,39,0.96217,87.0309,5.6027,0.0,0,13.1091,2.0372,68.723,0.0,True,28.5,4840,3.3577,2.62
google,1500,10,linear,True,False,10.0,0.4,0.3,0.3,0,0,UK,5,WOA,carbon,10,0.3333333333333333,E27,16.49,95.45,39,0.964697,86.9968,5.3548,0.0,0,13.0591,2.0389,68.207,0.0,True,28.5,4840,3.3534,2.57
google,1500,20,linear,True,False,10.0,0.4,0.3,0.3,0,0,UK,5,FIFO,-,0,0.3333333333333333,E27,16.49,95.45,39,7.418927,0.0,-627.8615,0.0,0,95.9591,15.66,5.308,0.0,True,24.5,0,0.0,0.0
google,1500,20,linear,True,False,10.0,0.4,0.3,0.3,0,0,UK,5,Consolidation,-,0,0.3333333333333333,E27,16.49,95.45,39,1.019277,86.2611,0.0,0.0,0,13.3091,2.1675,55.842,0.0,True,24.5,0,0.0,0.0
google,1500,20,linear,True,False,10.0,0.4,0.3,0.3,0,0,UK,5,Greedy(EDF+greenest),-,0,0.3333333333333333,E27,16.49,95.45,39,0.892087,87.9755,12.4784,0.0,0,12.9091,1.9364,62.865,0.0,True,28.0,0,0.0002,0.0
google,1500,20,linear,True,False,10.0,0.4,0.3,0.3,0,0,UK,5,VCC(Google),-,0,0.3333333333333333,E27,16.49,95.45,39,1.019277,86.2611,0.0,0.0,0,13.3091,2.1675,55.842,0.0,True,24.5,0,0.0052,0.0
google,1500,20,linear,True,False,10.0,0.4,0.3,0.3,0,0,UK,5,Threshold(WaitAwhile),-,0,0.3333333333333333,E27,16.49,95.45,39,0.911865,87.7089,10.5381,0.0,0,12.9591,1.9439,59.574,0.0,True,24.5,0,0.0223,0.0
google,1500,10,linear,True,False,10.0,0.4,0.3,0.3,0,0,UK,4,WOA,random,4,0.3333333333333333,E27,16.49,95.45,39,0.854888,86.285,2.4985,0.0,0,12.9591,2.1233,76.47,0.0,True,24.5,4840,3.4103,2.55
google,1500,10,linear,True,False,10.0,0.4,0.3,0.3,0,0,UK,4,WOA,random,5,0.3333333333333333,E27,16.49,95.45,39,0.857029,86.2507,2.2543,0.0,0,12.9091,2.1237,74.383,0.0,True,25.0,4840,3.4349,2.5
google,1500,10,linear,True,False,10.0,0.4,0.3,0.3,0,0,UK,4,WOA,random,6,0.3333333333333333,E27,16.49,95.45,39,0.850627,86.3534,2.9844,0.0,0,12.9591,2.1188,73.783,0.0,True,24.5,4840,3.3909,2.5
google,1500,10,linear,True,False,10.0,0.4,0.3,0.3,0,0,UK,4,WOA,random,7,0.3333333333333333,E27,16.49,95.45,39,0.860268,86.1987,1.8849,0.0,0,12.9591,2.1263,72.106,0.0,True,25.0,4840,3.4508,2.52
google,1500,10,linear,True,False,10.0,0.4,0.3,0.3,0,0,UK,4,WOA,random,8,0.3333333333333333,E27,16.49,95.45,39,0.862389,86.1647,1.6429,0.0,0,12.9591,2.1216,72.473,0.0,True,26.0,4840,3.5151,2.58
google,1500,10,linear,True,False,10.0,0.4,0.3,0.3,0,0,UK,4,WOA,random,9,0.3333333333333333,E27,16.49,95.45,39,0.849949,86.3643,3.0618,0.0,0,12.8591,2.1118,76.541,0.0,True,26.0,4840,3.4363,2.45
google,1500,10,linear,True,False,10.0,0.4,0.3,0.3,0,0,UK,4,WOA,random,10,0.3333333333333333,E27,16.49,95.45,39,0.861221,86.1834,1.7762,0.0,0,13.0091,2.1317,68.759,0.0,True,26.0,4840,3.3761,2.59
google,1500,10,linear,True,False,10.0,0.4,0.3,0.3,0,0,UK,4,WOA,carbon,1,0.3333333333333333,E27,16.49,95.45,39,0.827004,86.7324,5.6786,0.0,0,12.9091,2.1032,77.112,0.0,True,24.5,4840,3.3472,2.46
google,1500,10,linear,True,False,10.0,0.4,0.3,0.3,0,0,UK,4,WOA,carbon,2,0.3333333333333333,E27,16.49,95.45,39,0.809234,87.0174,7.7054,0.0,0,13.0091,2.1115,70.83,0.0,True,25.0,4840,3.4253,2.63
google,1500,10,linear,True,False,10.0,0.4,0.3,0.3,0,0,UK,4,WOA,carbon,3,0.3333333333333333,E27,16.49,95.45,39,0.818851,86.8632,6.6086,0.0,0,13.1091,2.1255,68.674,0.0,True,25.5,4840,3.388,2.65
google,1500,10,linear,True,False,10.0,0.4,0.3,0.3,0,0,UK,4,WOA,carbon,4,0.3333333333333333,E27,16.49,95.45,39,0.824316,86.7755,5.9853,0.0,0,13.0591,2.1116,70.635,0.0,True,25.5,4840,3.4473,2.63
google,1500,10,linear,True,False,10.0,0.4,0.3,0.3,0,0,UK,4,WOA,carbon,5,0.3333333333333333,E27,16.49,95.45,39,0.809201,87.018,7.7091,0.0,0,12.9591,2.0937,74.133,0.0,True,25.5,4840,3.5081,2.5
google,1500,10,linear,True,False,10.0,0.4,0.3,0.3,0,0,UK,4,WOA,carbon,6,0.3333333333333333,E27,16.49,95.45,39,0.776559,87.5417,11.432,0.0,0,12.7591,2.0472,73.765,0.0,True,24.5,4840,3.4389,2.51
google,1500,10,linear,True,False,10.0,0.4,0.3,0.3,0,0,UK,4,WOA,carbon,7,0.3333333333333333,E27,16.49,95.45,39,0.776472,87.543,11.4419,0.0,0,12.7591,2.0477,70.658,0.0,True,25.0,4840,3.3896,2.57
google,1500,10,linear,True,False,10.0,0.4,0.3,0.3,0,0,UK,4,WOA,carbon,8,0.3333333333333333,E27,16.49,95.45,39,0.781476,87.4628,10.8712,0.0,0,12.8591,2.0702,68.692,0.0,True,25.0,4840,3.358,2.66
google,1500,10,linear,True,False,10.0,0.4,0.3,0.3,0,0,UK,4,WOA,carbon,9,0.3333333333333333,E27,16.49,95.45,39,0.78309,87.4369,10.6871,0.0,0,12.9091,2.0783,69.353,0.0,True,25.0,4840,3.3716,2.48
google,1500,20,linear,True,False,10.0,0.4,0.3,0.3,0,0,UK,5,WOA,carbon,7,0.3333333333333333,E27,16.49,95.45,39,0.888726,88.0208,12.8082,0.0,0,12.8591,1.9289,65.27,0.0,True,28.0,4840,3.3891,2.3
google,1500,20,linear,True,False,10.0,0.4,0.3,0.3,0,0,UK,5,WOA,carbon,8,0.3333333333333333,E27,16.49,95.45,39,0.891277,87.9864,12.5579,0.0,0,12.9091,1.9364,62.968,0.0,True,28.0,4840,3.3583,2.32
google,1500,20,linear,True,False,10.0,0.4,0.3,0.3,0,0,UK,5,WOA,carbon,9,0.3333333333333333,E27,16.49,95.45,39,0.883968,88.085,13.2751,0.0,0,12.8091,1.9214,65.659,0.0,True,28.0,4840,3.3708,2.31
google,1500,20,linear,True,False,10.0,0.4,0.3,0.3,0,0,UK,5,WOA,carbon,10,0.3333333333333333,E27,16.49,95.45,39,0.887766,88.0338,12.9024,0.0,0,12.8591,1.9289,64.648,0.0,True,28.5,4840,3.3676,2.36
google,1500,10,linear,True,False,10.0,0.4,0.3,0.3,0,0,UK,6,FIFO,-,0,0.3333333333333333,E27,16.49,95.45,39,16.690537,0.0,-618.2628,0.0,0,95.9591,15.66,5.308,8.9738,False,24.5,0,0.0,0.0
google,1500,10,linear,True,False,10.0,0.4,0.3,0.3,0,0,UK,6,Consolidation,-,0,0.3333333333333333,E27,16.49,95.45,39,2.323737,86.0775,0.0,0.0,0,13.3091,2.1675,55.842,8.9738,False,24.5,0,0.0,0.0
google,1500,10,linear,True,False,10.0,0.4,0.3,0.3,0,0,UK,6,Greedy(EDF+greenest),-,0,0.3333333333333333,E27,16.49,95.45,39,1.946204,88.3395,16.2468,0.0,0,12.9091,2.0029,58.043,18.4548,False,28.5,0,0.0002,0.0
google,1500,10,linear,True,False,10.0,0.4,0.3,0.3,0,0,UK,6,VCC(Google),-,0,0.3333333333333333,E27,16.49,95.45,39,2.328249,86.0505,-0.1942,0.0,0,13.2591,2.16,61.813,0.0,True,24.5,0,0.0056,0.0
google,1500,20,linear,True,False,10.0,0.4,0.3,0.3,0,0,UK,4,WOA,random,3,0.3333333333333333,E27,16.49,95.45,39,0.853093,86.3138,2.7031,0.0,0,12.9091,2.1261,75.006,0.0,True,24.5,4840,3.4206,2.61
google,1500,20,linear,True,False,10.0,0.4,0.3,0.3,0,0,UK,4,WOA,random,4,0.3333333333333333,E27,16.49,95.45,39,0.858549,86.2263,2.0809,0.0,0,13.0091,2.136,70.698,0.0,True,24.5,4840,3.4926,2.57
google,1500,20,linear,True,False,10.0,0.4,0.3,0.3,0,0,UK,4,WOA,random,5,0.3333333333333333,E27,16.49,95.45,39,0.859153,86.2166,2.012,0.0,0,13.0591,2.1408,67.317,0.0,True,25.0,4840,3.5647,2.55
google,1500,20,linear,True,False,10.0,0.4,0.3,0.3,0,0,UK,4,WOA,random,6,0.3333333333333333,E27,16.49,95.45,39,0.847941,86.3965,3.2908,0.0,0,12.9091,2.1113,73.676,0.0,True,24.5,4840,3.4556,2.67
google,1500,20,linear,True,False,10.0,0.4,0.3,0.3,0,0,UK,4,WOA,random,7,0.3333333333333333,E27,16.49,95.45,39,0.864354,86.1332,1.4188,0.0,0,13.0091,2.1371,70.397,0.0,True,25.0,4840,3.412,2.55
google,1500,20,linear,True,False,10.0,0.4,0.3,0.3,0,0,UK,4,WOA,random,8,0.3333333333333333,E27,16.49,95.45,39,0.857433,86.2442,2.2082,0.0,0,12.9591,2.1217,72.353,0.0,True,24.5,4840,3.4046,2.55
google,1500,20,linear,True,False,10.0,0.4,0.3,0.3,0,0,UK,4,WOA,random,9,0.3333333333333333,E27,16.49,95.45,39,0.851998,86.3314,2.8281,0.0,0,12.8591,2.1129,74.32,0.0,True,25.5,4840,3.4257,2.6
google,1500,20,linear,True,False,10.0,0.4,0.3,0.3,0,0,UK,4,WOA,random,10,0.3333333333333333,E27,16.49,95.45,39,0.86662,86.0968,1.1604,0.0,0,13.1091,2.1489,66.25,0.0,True,24.5,4840,3.4349,2.51
google,1500,20,linear,True,False,10.0,0.4,0.3,0.3,0,0,UK,4,WOA,carbon,1,0.3333333333333333,E27,16.49,95.45,39,0.712412,88.5708,18.7481,0.0,0,12.4591,1.9947,75.354,0.0,True,24.5,4840,3.434,2.54
google,1500,20,linear,True,False,10.0,0.4,0.3,0.3,0,0,UK,4,WOA,carbon,2,0.3333333333333333,E27,16.49,95.45,39,0.712035,88.5768,18.7911,0.0,0,12.4591,1.9947,77.236,0.0,True,24.5,4840,3.5006,2.39
google,1500,20,linear,True,False,10.0,0.4,0.3,0.3,0,0,UK,4,WOA,carbon,3,0.3333333333333333,E27,16.49,95.45,39,0.709584,88.6161,19.0707,0.0,0,12.3591,1.9797,81.442,0.0,True,24.5,4840,3.4392,2.35
google,1500,20,linear,True,False,10.0,0.4,0.3,0.3,0,0,UK,4,WOA,carbon,4,0.3333333333333333,E27,16.49,95.45,39,0.709814,88.6124,19.0444,0.0,0,12.4091,1.9872,77.021,0.0,True,24.5,4840,3.3506,2.5
google,1500,20,linear,True,False,10.0,0.4,0.3,0.3,0,0,UK,4,WOA,carbon,5,0.3333333333333333,E27,16.49,95.45,39,0.709888,88.6113,19.0359,0.0,0,12.4091,1.9872,78.119,0.0,True,24.5,4840,3.378,2.39
google,1500,20,linear,True,False,10.0,0.4,0.3,0.3,0,0,UK,4,WOA,carbon,6,0.3333333333333333,E27,16.49,95.45,39,0.712304,88.5725,18.7604,0.0,0,12.4591,1.9947,76.613,0.0,True,24.5,4840,3.3629,2.4
google,1500,20,linear,True,False,10.0,0.4,0.3,0.3,0,0,UK,4,WOA,carbon,7,0.3333333333333333,E27,16.49,95.45,39,0.717599,88.4876,18.1565,0.0,0,12.4591,2.0022,75.014,0.0,True,24.5,4840,3.3685,2.39
google,1500,20,linear,True,False,10.0,0.4,0.3,0.3,0,0,UK,4,WOA,carbon,8,0.3333333333333333,E27,16.49,95.45,39,0.710977,88.5938,18.9117,0.0,0,12.4091,1.9872,78.261,0.0,True,24.5,4840,3.402,2.5
google,1500,10,linear,True,False,10.0,0.4,0.3,0.3,0,0,UK,5,WOA,random,2,0.3333333333333333,E27,16.49,95.45,39,1.004785,86.4565,1.4218,0.0,0,13.0091,2.1152,73.145,0.0,True,24.5,4840,3.5638,2.42
google,1500,10,linear,True,False,10.0,0.4,0.3,0.3,0,0,UK,5,WOA,random,3,0.3333333333333333,E27,16.49,95.45,39,0.995828,86.5772,2.3005,0.0,0,12.8091,2.082,78.538,0.0,True,25.0,4840,3.4449,2.43
google,1500,10,linear,True,False,10.0,0.4,0.3,0.3,0,0,UK,5,WOA,random,4,0.3333333333333333,E27,16.49,95.45,39,1.003734,86.4706,1.525,0.0,0,12.9091,2.1173,76.553,0.0,True,27.0,4840,3.3747,2.5
google,1500,10,linear,True,False,10.0,0.4,0.3,0.3,0,0,UK,5,WOA,random,5,0.3333333333333333,E27,16.49,95.45,39,1.000319,86.5167,1.8599,0.0,0,12.9091,2.12,74.104,0.0,True,26.0,4840,3.3769,2.59
google,1500,10,linear,True,False,10.0,0.4,0.3,0.3,0,0,UK,5,WOA,random,6,0.3333333333333333,E27,16.49,95.45,39,1.003924,86.4681,1.5063,0.0,0,12.9591,2.1317,72.67,0.0,True,26.0,4840,3.3548,2.47
google,1500,10,linear,True,False,10.0,0.4,0.3,0.3,0,0,UK,5,WOA,random,7,0.3333333333333333,E27,16.49,95.45,39,1.006835,86.4288,1.2207,0.0,0,12.9591,2.1258,72.171,0.0,True,25.0,4840,3.3794,2.59
google,1500,10,linear,True,False,10.0,0.4,0.3,0.3,0,0,UK,5,WOA,random,8,0.3333333333333333,E27,16.49,95.45,39,1.006055,86.4393,1.2972,0.0,0,13.0091,2.1278,72.164,0.0,True,26.0,4840,3.4138,2.58
google,1500,10,linear,True,False,10.0,0.4,0.3,0.3,0,0,UK,5,WOA,random,9,0.3333333333333333,E27,16.49,95.45,39,1.00405,86.4664,1.494,0.0,0,12.9591,2.1336,73.3,0.0,True,25.0,4840,3.4118,2.63
google,1500,10,linear,True,False,10.0,0.4,0.3,0.3,0,0,UK,6,WOA,carbon,6,0.3333333333333333,E27,16.49,95.45,39,2.115689,87.324,8.9532,0.0,0,13.1091,2.1145,71.294,0.0,True,28.5,4840,3.3501,2.82
google,1500,10,linear,True,False,10.0,0.4,0.3,0.3,0,0,UK,6,WOA,carbon,7,0.3333333333333333,E27,16.49,95.45,39,2.139674,87.1803,7.921,0.0,0,13.1091,2.1254,68.344,0.0,True,28.0,4840,3.3557,2.59
google,1500,10,linear,True,False,10.0,0.4,0.3,0.3,0,0,UK,6,WOA,carbon,8,0.3333333333333333,E27,16.49,95.45,39,2.125172,87.2672,8.5451,0.0,0,13.1091,2.1104,69.226,0.0,True,28.0,4840,3.4111,2.47
google,1500,10,linear,True,False,10.0,0.4,0.3,0.3,0,0,UK,6,WOA,carbon,9,0.3333333333333333,E27,16.49,95.45,39,2.02831,87.8475,12.7134,0.0,0,13.1091,2.0656,64.009,0.0,True,28.0,4840,3.3877,2.54
google,1500,10,linear,True,False,10.0,0.4,0.3,0.3,0,0,UK,6,WOA,carbon,10,0.3333333333333333,E27,16.49,95.45,39,2.158794,87.0658,7.0982,0.0,0,13.0091,2.1149,73.741,0.0,True,27.5,4840,3.3759,2.59
google,1500,20,linear,True,False,10.0,0.4,0.3,0.3,0,0,UK,6,FIFO,-,0,0.3333333333333333,E27,16.49,95.45,39,16.690537,0.0,-618.2628,0.0,0,95.9591,15.66,5.308,0.0,True,24.5,0,0.0,0.0
google,1500,20,linear,True,False,10.0,0.4,0.3,0.3,0,0,UK,6,Consolidation,-,0,0.3333333333333333,E27,16.49,95.45,39,2.323737,86.0775,0.0,0.0,0,13.3091,2.1675,55.842,0.0,True,24.5,0,0.0,0.0
google,1500,20,linear,True,False,10.0,0.4,0.3,0.3,0,0,UK,6,Greedy(EDF+greenest),-,0,0.3333333333333333,E27,16.49,95.45,39,1.946204,88.3395,16.2468,0.0,0,12.9091,2.0029,58.043,0.7331,False,28.5,0,0.0002,0.0
google,1500,10,linear,True,False,10.0,0.4,0.3,0.3,0,0,UK,5,WOA,random,10,0.3333333333333333,E27,16.49,95.45,39,0.993344,86.6107,2.5443,0.0,0,12.8591,2.0997,75.519,0.0,True,26.0,4840,3.7139,2.59
google,1500,10,linear,True,False,10.0,0.4,0.3,0.3,0,0,UK,5,WOA,carbon,1,0.3333333333333333,E27,16.49,95.45,39,0.992417,86.6232,2.6352,0.0,0,12.9591,2.0993,75.707,0.0,True,25.5,4840,3.554,2.49
google,1500,10,linear,True,False,10.0,0.4,0.3,0.3,0,0,UK,5,WOA,carbon,2,0.3333333333333333,E27,16.49,95.45,39,0.965822,86.9817,5.2445,0.0,0,13.2091,2.0564,66.864,0.0,True,28.5,4840,3.5583,2.65
google,1500,10,linear,True,False,10.0,0.4,0.3,0.3,0,0,UK,5,WOA,carbon,3,0.3333333333333333,E27,16.49,95.45,39,0.981308,86.7729,3.7251,0.0,0,13.2091,2.0655,66.205,0.0,True,28.0,4840,3.5426,2.62
google,1500,10,linear,True,False,10.0,0.4,0.3,0.3,0,0,UK,5,WOA,carbon,4,0.3333333333333333,E27,16.49,95.45,39,0.995499,86.5816,2.3329,0.0,0,12.8591,2.1125,74.958,0.0,True,25.0,4840,3.5665,2.5
google,1500,10,linear,True,False,10.0,0.4,0.3,0.3,0,0,UK,5,WOA,carbon,5,0.3333333333333333,E27,16.49,95.45,39,0.996614,86.5666,2.2235,0.0,0,12.9591,2.1063,72.62,0.0,True,25.5,4840,3.5733,2.33
google,1500,10,linear,True,False,10.0,0.4,0.3,0.3,0,0,UK,5,WOA,carbon,6,0.3333333333333333,E27,16.49,95.45,39,0.988604,86.6746,3.0094,0.0,0,12.8091,2.1002,76.101,0.0,True,24.5,4840,3.6114,2.46
google,1500,10,linear,True,False,10.0,0.4,0.3,0.3,0,0,UK,5,WOA,carbon,7,0.3333333333333333,E27,16.49,95.45,39,1.001599,86.4994,1.7344,0.0,0,12.9091,2.1279,74.617,0.0,True,26.0,4840,3.5829,2.5
google,1500,20,linear,True,False,10.0,0.4,0.3,0.3,0,0,UK,5,WOA,random,1,0.3333333333333333,E27,16.49,95.45,39,0.999496,86.5278,1.9407,0.0,0,12.9091,2.12,71.795,0.0,True,24.5,4840,3.3565,2.5
google,1500,20,linear,True,False,10.0,0.4,0.3,0.3,0,0,UK,5,WOA,random,2,0.3333333333333333,E27,16.49,95.45,39,1.006103,86.4387,1.2925,0.0,0,13.0591,2.1394,65.158,0.0,True,24.5,4840,3.3529,2.5
google,1500,20,linear,True,False,10.0,0.4,0.3,0.3,0,0,UK,5,WOA,random,3,0.3333333333333333,E27,16.49,95.45,39,0.998401,86.5425,2.0482,0.0,0,12.8591,2.0895,78.347,0.0,True,25.0,4840,3.3519,2.5
google,1500,20,linear,True,False,10.0,0.4,0.3,0.3,0,0,UK,5,WOA,random,4,0.3333333333333333,E27,16.49,95.45,39,1.008537,86.4059,1.0537,0.0,0,13.0591,2.1373,70.152,0.0,True,25.5,4840,3.3383,2.58
google,1500,20,linear,True,False,10.0,0.4,0.3,0.3,0,0,UK,5,WOA,random,5,0.3333333333333333,E27,16.49,95.45,39,1.008114,86.4116,1.0952,0.0,0,13.0591,2.1392,66.96,0.0,True,25.5,4840,3.4285,2.48
google,1500,20,linear,True,False,10.0,0.4,0.3,0.3,0,0,UK,5,WOA,random,6,0.3333333333333333,E27,16.49,95.45,39,1.004551,86.4596,1.4448,0.0,0,13.0591,2.138,59.443,0.0,True,24.5,4840,3.3811,2.58
google,1500,20,linear,True,False,10.0,0.4,0.3,0.3,0,0,UK,5,WOA,random,7,0.3333333333333333,E27,16.49,95.45,39,1.007938,86.414,1.1125,0.0,0,13.1091,2.1369,63.083,0.0,True,24.5,4840,3.3685,2.45
google,1500,20,linear,True,False,10.0,0.4,0.3,0.3,0,0,UK,5,WOA,random,8,0.3333333333333333,E27,16.49,95.45,39,1.010854,86.3747,0.8264,0.0,0,13.1591,2.1523,58.036,0.0,True,24.5,4840,3.3624,2.4
google,1500,20,linear,True,False,10.0,0.4,0.3,0.3,0,0,UK,5,WOA,random,9,0.3333333333333333,E27,16.49,95.45,39,1.00227,86.4904,1.6686,0.0,0,12.9591,2.1281,71.29,0.0,True,25.5,4840,3.3941,2.61
google,1500,20,linear,True,False,10.0,0.4,0.3,0.3,0,0,UK,5,WOA,random,10,0.3333333333333333,E27,16.49,95.45,39,1.01242,86.3535,0.6727,0.0,0,13.2091,2.1525,57.36,0.0,True,24.5,4840,3.3753,2.47
google,1500,20,linear,True,False,10.0,0.4,0.3,0.3,0,0,UK,5,WOA,carbon,1,0.3333333333333333,E27,16.49,95.45,39,0.889625,88.0087,12.72,0.0,0,12.8591,1.9289,63.524,0.0,True,28.0,4840,3.3535,2.41
google,1500,20,linear,True,False,10.0,0.4,0.3,0.3,0,0,UK,5,WOA,carbon,2,0.3333333333333333,E27,16.49,95.45,39,0.882023,88.1112,13.4658,0.0,0,12.7591,1.9139,64.574,0.0,True,28.0,4840,3.3839,2.35
google,1500,20,linear,True,False,10.0,0.4,0.3,0.3,0,0,UK,5,WOA,carbon,3,0.3333333333333333,E27,16.49,95.45,39,0.8841,88.0832,13.2621,0.0,0,12.8091,1.9214,66.217,0.0,True,28.0,4840,3.4098,2.46
google,1500,20,linear,True,False,10.0,0.4,0.3,0.3,0,0,UK,5,WOA,carbon,4,0.3333333333333333,E27,16.49,95.45,39,0.887717,88.0344,12.9072,0.0,0,12.8591,1.9289,64.134,0.0,True,28.0,4840,3.3787,2.37
google,1500,20,linear,True,False,10.0,0.4,0.3,0.3,0,0,UK,5,WOA,carbon,5,0.3333333333333333,E27,16.49,95.45,39,0.886985,88.0443,12.979,0.0,0,12.8591,1.9289,63.422,0.0,True,28.0,4840,3.3881,2.66
google,1500,20,linear,True,False,10.0,0.4,0.3,0.3,0,0,UK,5,WOA,carbon,6,0.3333333333333333,E27,16.49,95.45,39,0.886121,88.0559,13.0638,0.0,0,12.8091,1.9214,65.782,0.0,True,28.0,4840,3.3952,2.36
google,1500,20,linear,True,False,10.0,0.4,0.3,0.3,0,0,UK,6,VCC(Google),-,0,0.3333333333333333,E27,16.49,95.45,39,2.328619,86.0483,-0.2101,0.0,0,13.3091,2.1675,57.053,0.0,True,24.5,0,0.0049,0.0
google,1500,20,linear,True,False,10.0,0.4,0.3,0.3,0,0,UK,6,Threshold(WaitAwhile),-,0,0.3333333333333333,E27,16.49,95.45,39,2.06115,87.6508,11.3002,0.0,0,12.7091,1.9729,66.93,7.4223,False,27.0,0,0.023,0.0
google,1500,20,linear,True,False,10.0,0.4,0.3,0.3,0,0,UK,6,WOA,random,1,0.3333333333333333,E27,16.49,95.45,39,2.209955,86.7592,4.8965,0.0,0,13.1091,2.1276,60.973,0.0,True,28.0,4840,3.3884,2.76
google,1500,20,linear,True,False,10.0,0.4,0.3,0.3,0,0,UK,6,WOA,random,2,0.3333333333333333,E27,16.49,95.45,39,2.221156,86.6921,4.4145,0.0,0,13.1091,2.1794,63.99,0.0,True,28.5,4840,3.3735,2.46
google,1500,20,linear,True,False,10.0,0.4,0.3,0.3,0,0,UK,6,WOA,random,3,0.3333333333333333,E27,16.49,95.45,39,2.217593,86.7135,4.5678,0.0,0,13.0091,2.136,77.919,0.0,True,27.5,4840,3.4289,2.56
google,1500,20,linear,True,False,10.0,0.4,0.3,0.3,0,0,UK,6,WOA,random,4,0.3333333333333333,E27,16.49,95.45,39,2.217419,86.7145,4.5753,0.0,0,13.0091,2.146,75.799,0.0,True,28.0,4840,3.3778,2.51
google,1500,20,linear,True,False,10.0,0.4,0.3,0.3,0,0,UK,6,WOA,random,5,0.3333333333333333,E27,16.49,95.45,39,2.218672,86.707,4.5214,0.0,0,13.1091,2.1743,65.709,0.0,True,28.5,4840,3.4024,2.66
google,1500,20,linear,True,False,10.0,0.4,0.3,0.3,0,0,UK,6,WOA,random,6,0.3333333333333333,E27,16.49,95.45,39,2.198029,86.8307,5.4097,0.0,0,13.0591,2.158,61.29,0.0,True,28.0,4840,3.3796,2.59
google,1500,10,linear,True,False,10.0,0.4,0.3,0.3,0,0,UK,6,Threshold(WaitAwhile),-,0,0.3333333333333333,E27,16.49,95.45,39,2.06115,87.6508,11.3002,0.0,0,12.7091,1.9729,66.93,25.144,False,27.0,0,0.0229,0.0
google,1500,10,linear,True,False,10.0,0.4,0.3,0.3,0,0,UK,6,WOA,random,1,0.3333333333333333,E27,16.49,95.45,39,2.205161,86.788,5.1028,0.0,0,12.9591,2.1351,78.018,0.0,True,27.0,4840,3.6109,2.69
google,1500,10,linear,True,False,10.0,0.4,0.3,0.3,0,0,UK,6,WOA,random,2,0.3333333333333333,E27,16.49,95.45,39,2.200429,86.8163,5.3065,0.0,0,12.9591,2.1465,74.667,0.0,True,28.0,4840,3.6,2.79
google,1500,10,linear,True,False,10.0,0.4,0.3,0.3,0,0,UK,6,WOA,random,3,0.3333333333333333,E27,16.49,95.45,39,2.208044,86.7707,4.9787,0.0,0,12.9591,2.1306,78.382,0.0,True,27.5,4840,3.5861,2.59
google,1500,10,linear,True,False,10.0,0.4,0.3,0.3,0,0,UK,6,WOA,random,4,0.3333333333333333,E27,16.49,95.45,39,2.213391,86.7386,4.7486,0.0,0,13.0091,2.1465,75.272,0.0,True,28.0,4840,3.5984,2.57
google,1500,10,linear,True,False,10.0,0.4,0.3,0.3,0,0,UK,6,WOA,random,5,0.3333333333333333,E27,16.49,95.45,39,2.225717,86.6648,4.2182,0.0,0,13.0091,2.1267,75.548,0.0,True,28.0,4840,3.6091,2.45
google,1500,10,linear,True,False,10.0,0.4,0.3,0.3,0,0,UK,6,WOA,random,6,0.3333333333333333,E27,16.49,95.45,39,2.221082,86.6926,4.4177,0.0,0,13.0591,2.1621,72.957,0.0,True,28.0,4840,3.5333,2.59
google,1500,10,linear,True,False,10.0,0.4,0.3,0.3,0,0,UK,6,WOA,random,7,0.3333333333333333,E27,16.49,95.45,39,2.208755,86.7664,4.9481,0.0,0,12.9591,2.1226,75.514,0.0,True,27.5,4840,3.564,2.69
google,1500,10,linear,True,False,10.0,0.4,0.3,0.3,0,0,UK,6,WOA,random,8,0.3333333333333333,E27,16.49,95.45,39,2.229054,86.6448,4.0746,0.0,0,13.0091,2.1488,77.953,0.0,True,27.5,4840,3.5453,2.53
google,1500,10,linear,True,False,10.0,0.4,0.3,0.3,0,0,UK,6,WOA,random,9,0.3333333333333333,E27,16.49,95.45,39,2.205445,86.7863,5.0906,0.0,0,12.9091,2.1248,77.006,0.0,True,27.0,4840,3.5561,2.76
google,1500,10,linear,True,False,10.0,0.4,0.3,0.3,0,0,UK,6,WOA,random,10,0.3333333333333333,E27,16.49,95.45,39,2.20158,86.8094,5.2569,0.0,0,13.0091,2.1267,74.829,0.0,True,27.5,4840,3.5498,2.84
google,1500,10,linear,True,False,10.0,0.4,0.3,0.3,0,0,UK,6,WOA,carbon,1,0.3333333333333333,E27,16.49,95.45,39,2.05364,87.6958,11.6234,0.0,0,13.0091,2.0609,67.258,0.0,True,28.0,4840,3.5535,2.7
google,1500,10,linear,True,False,10.0,0.4,0.3,0.3,0,0,UK,6,WOA,carbon,2,0.3333333333333333,E27,16.49,95.45,39,2.15837,87.0683,7.1164,0.0,0,13.1091,2.1315,72.285,0.0,True,28.5,4840,3.6023,2.62
google,1500,10,linear,True,False,10.0,0.4,0.3,0.3,0,0,UK,6,WOA,carbon,3,0.3333333333333333,E27,16.49,95.45,39,2.141151,87.1715,7.8574,0.0,0,13.0091,2.1023,73.479,0.0,True,28.5,4840,3.5022,2.54
google,1500,10,linear,True,False,10.0,0.4,0.3,0.3,0,0,UK,6,WOA,carbon,4,0.3333333333333333,E27,16.49,95.45,39,2.044994,87.7476,11.9955,0.0,0,13.0591,2.0586,65.979,0.0,True,28.0,4840,3.5333,2.66
google,1500,10,linear,True,False,10.0,0.4,0.3,0.3,0,0,UK,6,WOA,carbon,5,0.3333333333333333,E27,16.49,95.45,39,2.073767,87.5752,10.7573,0.0,0,13.0591,2.0933,67.815,0.0,True,28.0,4840,3.5722,2.56
google,1500,10,linear,True,False,10.0,0.4,0.3,0.3,0,0,UK,7,Greedy(EDF+greenest),-,0,0.3333333333333333,E27,16.49,95.45,39,1.296526,88.6143,18.855,0.0,0,12.6591,1.9763,67.455,21.1,False,24.5,0,0.0002,0.0
google,1500,10,linear,True,False,10.0,0.4,0.3,0.3,0,0,UK,7,VCC(Google),-,0,0.3333333333333333,E27,16.49,95.45,39,1.556953,86.3273,2.5558,0.0,0,13.2091,2.1525,60.324,0.0,True,24.5,0,0.0056,0.0
google,1500,10,linear,True,False,10.0,0.4,0.3,0.3,0,0,UK,7,Threshold(WaitAwhile),-,0,0.3333333333333333,E27,16.49,95.45,39,1.32671,88.3492,16.9659,0.0,0,12.7091,1.9838,64.817,31.8357,False,24.5,0,0.0225,0.0
google,1500,10,linear,True,False,10.0,0.4,0.3,0.3,0,0,UK,7,WOA,random,1,0.3333333333333333,E27,16.49,95.45,39,1.502188,86.8082,5.9833,0.0,0,13.0091,2.1546,76.932,0.0,True,27.0,4840,3.4788,2.47
google,1500,10,linear,True,False,10.0,0.4,0.3,0.3,0,0,UK,7,WOA,random,2,0.3333333333333333,E27,16.49,95.45,39,1.480471,86.9989,7.3425,0.0,0,12.9591,2.1242,78.049,0.0,True,27.0,4840,3.4384,2.71
google,1500,10,linear,True,False,10.0,0.4,0.3,0.3,0,0,UK,7,WOA,random,3,0.3333333333333333,E27,16.49,95.45,39,1.500481,86.8232,6.0902,0.0,0,13.0091,2.1256,77.679,0.0,True,27.5,4840,3.4075,2.61
google,1500,10,linear,True,False,10.0,0.4,0.3,0.3,0,0,UK,7,WOA,random,4,0.3333333333333333,E27,16.49,95.45,39,1.493523,86.8843,6.5257,0.0,0,13.0091,2.1522,74.239,0.0,True,26.5,4840,3.4418,2.74
google,1500,10,linear,True,False,10.0,0.4,0.3,0.3,0,0,UK,7,WOA,random,5,0.3333333333333333,E27,16.49,95.45,39,1.495735,86.8649,6.3872,0.0,0,13.0091,2.1505,76.837,0.0,True,27.5,4840,3.4542,2.51
google,1500,20,linear,True,False,10.0,0.4,0.3,0.3,0,0,UK,6,WOA,carbon,5,0.3333333333333333,E27,16.49,95.45,39,1.973324,88.177,15.0797,0.0,0,12.9091,2.0191,63.524,0.0,True,28.5,4840,3.4361,2.6
google,1500,20,linear,True,False,10.0,0.4,0.3,0.3,0,0,UK,6,WOA,carbon,6,0.3333333333333333,E27,16.49,95.45,39,1.970556,88.1936,15.1988,0.0,0,12.9091,2.0029,63.99,0.0,True,28.5,4840,3.3801,2.65
google,1500,20,linear,True,False,10.0,0.4,0.3,0.3,0,0,UK,6,WOA,carbon,7,0.3333333333333333,E27,16.49,95.45,39,1.995849,88.042,14.1104,0.0,0,13.0591,2.0491,59.525,0.0,True,28.5,4840,3.3793,2.77
google,1500,20,linear,True,False,10.0,0.4,0.3,0.3,0,0,UK,6,WOA,carbon,8,0.3333333333333333,E27,16.49,95.45,39,1.971027,88.1908,15.1786,0.0,0,12.9091,2.0029,64.94,0.0,True,28.0,4840,3.354,2.56
google,1500,20,linear,True,False,10.0,0.4,0.3,0.3,0,0,UK,6,WOA,carbon,9,0.3333333333333333,E27,16.49,95.45,39,1.972349,88.1828,15.1217,0.0,0,12.9591,2.0104,63.902,0.0,True,28.0,4840,3.379,2.53
google,1500,20,linear,True,False,10.0,0.4,0.3,0.3,0,0,UK,6,WOA,carbon,10,0.3333333333333333,E27,16.49,95.45,39,2.004472,87.9904,13.7393,0.0,0,13.0591,2.0491,61.318,0.0,True,28.0,4840,3.3883,2.55
google,1500,10,linear,True,False,10.0,0.4,0.3,0.3,0,0,UK,7,FIFO,-,0,0.3333333333333333,E27,16.49,95.45,39,11.38729,0.0,-612.6902,0.0,0,95.9591,15.66,5.308,8.9738,False,24.5,0,0.0,0.0
google,1500,10,linear,True,False,10.0,0.4,0.3,0.3,0,0,UK,7,Consolidation,-,0,0.3333333333333333,E27,16.49,95.45,39,1.59779,85.9687,0.0,0.0,0,13.3091,2.1675,55.842,8.9738,False,24.5,0,0.0,0.0
google,1500,20,linear,True,False,10.0,0.4,0.3,0.3,0,0,UK,7,Consolidation,-,0,0.3333333333333333,E27,16.49,95.45,39,1.59779,85.9687,0.0,0.0,0,13.3091,2.1675,55.842,0.0,True,24.5,0,0.0,0.0
google,1500,20,linear,True,False,10.0,0.4,0.3,0.3,0,0,UK,7,Greedy(EDF+greenest),-,0,0.3333333333333333,E27,16.49,95.45,39,1.296526,88.6143,18.855,0.0,0,12.6591,1.9763,67.455,0.0,True,24.5,0,0.0002,0.0
google,1500,20,linear,True,False,10.0,0.4,0.3,0.3,0,0,UK,7,VCC(Google),-,0,0.3333333333333333,E27,16.49,95.45,39,1.597564,85.9706,0.0141,0.0,0,13.3591,2.175,56.275,0.0,True,24.5,0,0.0052,0.0
google,1500,20,linear,True,False,10.0,0.4,0.3,0.3,0,0,UK,7,Threshold(WaitAwhile),-,0,0.3333333333333333,E27,16.49,95.45,39,1.32671,88.3492,16.9659,0.0,0,12.7091,1.9838,64.817,10.539,False,24.5,0,0.0231,0.0
google,1500,20,linear,True,False,10.0,0.4,0.3,0.3,0,0,UK,7,WOA,random,1,0.3333333333333333,E27,16.49,95.45,39,1.482709,86.9793,7.2025,0.0,0,12.8091,2.1224,83.081,0.0,True,25.5,4840,3.4084,2.69
google,1500,20,linear,True,False,10.0,0.4,0.3,0.3,0,0,UK,7,WOA,random,2,0.3333333333333333,E27,16.49,95.45,39,1.487407,86.938,6.9085,0.0,0,13.0091,2.1306,77.554,0.0,True,27.0,4840,3.3851,2.55
google,1500,20,linear,True,False,10.0,0.4,0.3,0.3,0,0,UK,7,WOA,random,3,0.3333333333333333,E27,16.49,95.45,39,1.497275,86.8513,6.2908,0.0,0,12.9591,2.1117,77.341,0.0,True,27.5,4840,3.3728,2.66
google,1500,20,linear,True,False,10.0,0.4,0.3,0.3,0,0,UK,7,WOA,random,4,0.3333333333333333,E27,16.49,95.45,39,1.485096,86.9583,7.0531,0.0,0,12.9091,2.1162,76.653,0.0,True,27.0,4840,3.3812,2.65
google,1500,10,linear,True,False,10.0,0.4,0.3,0.3,0,0,UK,8,FIFO,-,0,0.3333333333333333,E27,16.49,95.45,39,3.900644,0.0,-613.6926,0.0,0,95.9591,15.66,5.308,8.9738,False,24.5,0,0.0,0.0
google,1500,10,linear,True,False,10.0,0.4,0.3,0.3,0,0,UK,8,Consolidation,-,0,0.3333333333333333,E27,16.49,95.45,39,0.546544,85.9884,0.0,0.0,0,13.3091,2.1675,55.842,8.9738,False,24.5,0,0.0,0.0
google,1500,10,linear,True,False,10.0,0.4,0.3,0.3,0,0,UK,8,Greedy(EDF+greenest),-,0,0.3333333333333333,E27,16.49,95.45,39,0.43807,88.7693,19.8473,0.0,0,12.4591,1.9463,70.625,16.5297,False,26.0,0,0.0002,0.0
google,1500,10,linear,True,False,10.0,0.4,0.3,0.3,0,0,UK,8,VCC(Google),-,0,0.3333333333333333,E27,16.49,95.45,39,0.546659,85.9854,-0.021,0.0,0,13.2591,2.16,58.733,0.0,True,24.5,0,0.0052,0.0
google,1500,10,linear,True,False,10.0,0.4,0.3,0.3,0,0,UK,8,Threshold(WaitAwhile),-,0,0.3333333333333333,E27,16.49,95.45,39,0.511786,86.8795,6.3596,0.0,0,13.0591,2.0363,57.736,8.9738,False,24.5,0,0.0223,0.0
google,1500,10,linear,True,False,10.0,0.4,0.3,0.3,0,0,UK,8,WOA,random,1,0.3333333333333333,E27,16.49,95.45,39,0.538617,86.1916,1.4503,0.0,0,12.9091,2.1294,75.42,0.0,True,25.0,4840,3.4254,2.49
google,1500,10,linear,True,False,10.0,0.4,0.3,0.3,0,0,UK,8,WOA,random,2,0.3333333333333333,E27,16.49,95.45,39,0.539107,86.179,1.3608,0.0,0,13.0591,2.139,70.851,0.0,True,26.0,4840,3.4294,2.42
google,1500,10,linear,True,False,10.0,0.4,0.3,0.3,0,0,UK,8,WOA,random,3,0.3333333333333333,E27,16.49,95.45,39,0.536005,86.2585,1.9282,0.0,0,12.9591,2.1341,74.77,0.0,True,24.5,4840,3.3908,2.55
google,1500,20,linear,True,False,10.0,0.4,0.3,0.3,0,0,UK,6,WOA,random,7,0.3333333333333333,E27,16.49,95.45,39,2.203155,86.8,5.1892,0.0,0,13.0591,2.119,62.155,0.0,True,28.0,4840,3.3971,2.65
google,1500,20,linear,True,False,10.0,0.4,0.3,0.3,0,0,UK,6,WOA,random,8,0.3333333333333333,E27,16.49,95.45,39,2.224476,86.6722,4.2716,0.0,0,13.1091,2.1559,70.949,0.0,True,28.0,4840,3.429,2.51
google,1500,20,linear,True,False,10.0,0.4,0.3,0.3,0,0,UK,6,WOA,random,9,0.3333333333333333,E27,16.49,95.45,39,2.206936,86.7773,5.0264,0.0,0,12.9091,2.1317,77.312,0.0,True,27.0,4840,3.4246,2.6
google,1500,20,linear,True,False,10.0,0.4,0.3,0.3,0,0,UK,6,WOA,random,10,0.3333333333333333,E27,16.49,95.45,39,2.208124,86.7702,4.9753,0.0,0,13.0591,2.1473,73.696,0.0,True,27.5,4840,3.4377,2.53
google,1500,20,linear,True,False,10.0,0.4,0.3,0.3,0,0,UK,6,WOA,carbon,1,0.3333333333333333,E27,16.49,95.45,39,1.961454,88.2481,15.5905,0.0,0,12.8591,1.9954,65.49,0.0,True,28.5,4840,3.4033,2.62
google,1500,20,linear,True,False,10.0,0.4,0.3,0.3,0,0,UK,6,WOA,carbon,2,0.3333333333333333,E27,16.49,95.45,39,1.984381,88.1107,14.6039,0.0,0,13.0091,2.0341,61.358,0.0,True,28.5,4840,3.4002,2.76
google,1500,20,linear,True,False,10.0,0.4,0.3,0.3,0,0,UK,6,WOA,carbon,3,0.3333333333333333,E27,16.49,95.45,39,1.962183,88.2437,15.5591,0.0,0,12.9091,2.0104,63.995,0.0,True,28.5,4840,3.3865,2.32
google,1500,20,linear,True,False,10.0,0.4,0.3,0.3,0,0,UK,6,WOA,carbon,4,0.3333333333333333,E27,16.49,95.45,39,1.966603,88.2173,15.369,0.0,0,12.8591,2.0052,66.996,0.0,True,28.0,4840,3.3873,2.65
google,1500,10,linear,True,False,10.0,0.4,0.3,0.3,0,0,UK,8,WOA,carbon,10,0.3333333333333333,E27,16.49,95.45,39,0.481132,87.6653,11.9682,0.0,0,12.7591,2.008,75.005,0.0,True,25.5,4840,3.5636,2.69
google,1500,20,linear,True,False,10.0,0.4,0.3,0.3,0,0,UK,8,FIFO,-,0,0.3333333333333333,E27,16.49,95.45,39,3.900644,0.0,-613.6926,0.0,0,95.9591,15.66,5.308,0.0,True,24.5,0,0.0,0.0
google,1500,20,linear,True,False,10.0,0.4,0.3,0.3,0,0,UK,8,Consolidation,-,0,0.3333333333333333,E27,16.49,95.45,39,0.546544,85.9884,0.0,0.0,0,13.3091,2.1675,55.842,0.0,True,24.5,0,0.0,0.0
google,1500,20,linear,True,False,10.0,0.4,0.3,0.3,0,0,UK,8,Greedy(EDF+greenest),-,0,0.3333333333333333,E27,16.49,95.45,39,0.43807,88.7693,19.8473,0.0,0,12.4591,1.9463,70.625,0.0,True,26.0,0,0.0002,0.0
google,1500,20,linear,True,False,10.0,0.4,0.3,0.3,0,0,UK,8,VCC(Google),-,0,0.3333333333333333,E27,16.49,95.45,39,0.546544,85.9884,0.0,0.0,0,13.3091,2.1675,55.842,0.0,True,24.5,0,0.0052,0.0
google,1500,20,linear,True,False,10.0,0.4,0.3,0.3,0,0,UK,8,Threshold(WaitAwhile),-,0,0.3333333333333333,E27,16.49,95.45,39,0.511786,86.8795,6.3596,0.0,0,13.0591,2.0363,57.736,0.0,True,24.5,0,0.0222,0.0
google,1500,20,linear,True,False,10.0,0.4,0.3,0.3,0,0,UK,8,WOA,random,1,0.3333333333333333,E27,16.49,95.45,39,0.538236,86.2014,1.5202,0.0,0,13.0091,2.1418,72.281,0.0,True,24.5,4840,3.5742,2.64
google,1500,20,linear,True,False,10.0,0.4,0.3,0.3,0,0,UK,8,WOA,random,2,0.3333333333333333,E27,16.49,95.45,39,0.538927,86.1836,1.3937,0.0,0,13.0591,2.1397,62.233,0.0,True,24.5,4840,3.5529,2.41
google,1500,10,linear,True,False,10.0,0.4,0.3,0.3,0,0,UK,7,WOA,carbon,4,0.3333333333333333,E27,16.49,95.45,39,1.447427,87.2891,9.4107,0.0,0,12.8091,2.0682,77.994,0.0,True,25.5,4840,3.3808,2.6
google,1500,10,linear,True,False,10.0,0.4,0.3,0.3,0,0,UK,7,WOA,carbon,5,0.3333333333333333,E27,16.49,95.45,39,1.451742,87.2512,9.1406,0.0,0,12.8591,2.1014,77.053,0.0,True,27.0,4840,3.3948,2.55
google,1500,10,linear,True,False,10.0,0.4,0.3,0.3,0,0,UK,7,WOA,carbon,6,0.3333333333333333,E27,16.49,95.45,39,1.402406,87.6845,12.2284,0.0,0,12.9091,2.0843,70.776,0.0,True,26.0,4840,3.3671,2.57
google,1500,10,linear,True,False,10.0,0.4,0.3,0.3,0,0,UK,7,WOA,carbon,7,0.3333333333333333,E27,16.49,95.45,39,1.456248,87.2116,8.8586,0.0,0,12.8591,2.1252,78.808,0.0,True,25.5,4840,3.3486,2.5
google,1500,10,linear,True,False,10.0,0.4,0.3,0.3,0,0,UK,7,WOA,carbon,8,0.3333333333333333,E27,16.49,95.45,39,1.460742,87.1722,8.5773,0.0,0,13.0591,2.1222,69.019,0.0,True,28.0,4840,3.3518,2.46
google,1500,10,linear,True,False,10.0,0.4,0.3,0.3,0,0,UK,7,WOA,carbon,9,0.3333333333333333,E27,16.49,95.45,39,1.458612,87.1909,8.7106,0.0,0,12.9091,2.1083,74.337,0.0,True,27.0,4840,3.3642,2.62
google,1500,10,linear,True,False,10.0,0.4,0.3,0.3,0,0,UK,7,WOA,carbon,10,0.3333333333333333,E27,16.49,95.45,39,1.379846,87.8826,13.6403,0.0,0,12.8591,2.0725,69.545,0.0,True,25.0,4840,3.3504,2.61
google,1500,20,linear,True,False,10.0,0.4,0.3,0.3,0,0,UK,7,FIFO,-,0,0.3333333333333333,E27,16.49,95.45,39,11.38729,0.0,-612.6902,0.0,0,95.9591,15.66,5.308,0.0,True,24.5,0,0.0,0.0
google,1500,10,linear,True,False,10.0,0.4,0.3,0.3,0,0,UK,7,WOA,random,6,0.3333333333333333,E27,16.49,95.45,39,1.49216,86.8963,6.611,0.0,0,12.9591,2.1265,75.387,0.0,True,28.0,4840,3.3801,2.46
google,1500,10,linear,True,False,10.0,0.4,0.3,0.3,0,0,UK,7,WOA,random,7,0.3333333333333333,E27,16.49,95.45,39,1.489549,86.9192,6.7744,0.0,0,12.9591,2.1351,77.424,0.0,True,27.5,4840,3.3778,2.55
google,1500,10,linear,True,False,10.0,0.4,0.3,0.3,0,0,UK,7,WOA,random,8,0.3333333333333333,E27,16.49,95.45,39,1.50149,86.8143,6.027,0.0,0,12.9591,2.1407,78.439,0.0,True,27.5,4840,3.3613,2.48
google,1500,10,linear,True,False,10.0,0.4,0.3,0.3,0,0,UK,7,WOA,random,9,0.3333333333333333,E27,16.49,95.45,39,1.48455,86.9631,7.0873,0.0,0,12.9091,2.1522,77.19,0.0,True,28.5,4840,3.3898,2.5
google,1500,10,linear,True,False,10.0,0.4,0.3,0.3,0,0,UK,7,WOA,random,10,0.3333333333333333,E27,16.49,95.45,39,1.478012,87.0205,7.4965,0.0,0,12.8591,2.1229,79.592,0.0,True,27.0,4840,3.388,2.52
google,1500,10,linear,True,False,10.0,0.4,0.3,0.3,0,0,UK,7,WOA,carbon,1,0.3333333333333333,E27,16.49,95.45,39,1.452548,87.2441,9.0902,0.0,0,12.9091,2.1117,74.132,0.0,True,27.5,4840,3.3686,2.44
google,1500,10,linear,True,False,10.0,0.4,0.3,0.3,0,0,UK,7,WOA,carbon,2,0.3333333333333333,E27,16.49,95.45,39,1.436226,87.3875,10.1117,0.0,0,13.0091,2.0866,72.612,0.0,True,25.0,4840,3.3744,2.6
google,1500,10,linear,True,False,10.0,0.4,0.3,0.3,0,0,UK,7,WOA,carbon,3,0.3333333333333333,E27,16.49,95.45,39,1.433675,87.4099,10.2714,0.0,0,12.9091,2.0646,72.47,0.0,True,25.0,4840,3.36,2.75
google,1500,20,linear,True,False,10.0,0.4,0.3,0.3,0,0,UK,8,WOA,carbon,9,0.3333333333333333,E27,16.49,95.45,39,0.43642,88.8116,20.1492,0.0,0,12.4091,1.9388,73.362,0.0,True,26.0,4840,3.398,2.3
google,1500,20,linear,True,False,10.0,0.4,0.3,0.3,0,0,UK,8,WOA,carbon,10,0.3333333333333333,E27,16.49,95.45,39,0.43642,88.8116,20.1492,0.0,0,12.4091,1.9388,73.362,0.0,True,26.0,4840,3.3787,2.31
google,1500,10,linear,True,False,10.0,0.4,0.3,0.3,0,0,UK,9,FIFO,-,0,0.3333333333333333,E27,16.49,95.45,39,5.593826,0.0,-613.611,0.0,0,95.9591,15.66,5.308,8.9738,False,24.5,0,0.0,0.0
google,1500,10,linear,True,False,10.0,0.4,0.3,0.3,0,0,UK,9,Consolidation,-,0,0.3333333333333333,E27,16.49,95.45,39,0.783876,85.9868,0.0,0.0,0,13.3091,2.1675,55.842,8.9738,False,24.5,0,0.0,0.0
google,1500,10,linear,True,False,10.0,0.4,0.3,0.3,0,0,UK,9,Greedy(EDF+greenest),-,0,0.3333333333333333,E27,16.49,95.45,39,0.523829,90.6356,33.1746,0.0,0,12.7091,1.9729,63.473,19.8952,False,24.5,0,0.0002,0.0
google,1500,10,linear,True,False,10.0,0.4,0.3,0.3,0,0,UK,9,VCC(Google),-,0,0.3333333333333333,E27,16.49,95.45,39,0.775789,86.1313,1.0316,0.0,0,13.2591,2.16,59.461,0.0,True,24.5,0,0.0052,0.0
google,1500,10,linear,True,False,10.0,0.4,0.3,0.3,0,0,UK,9,Threshold(WaitAwhile),-,0,0.3333333333333333,E27,16.49,95.45,39,0.603622,89.2091,22.9953,0.0,0,12.8091,1.9879,63.873,15.9405,False,24.5,0,0.022,0.0
google,1500,10,linear,True,False,10.0,0.4,0.3,0.3,0,0,UK,9,WOA,random,1,0.3333333333333333,E27,16.49,95.45,39,0.676408,87.908,13.7099,0.0,0,13.0091,2.1233,74.18,0.0,True,27.5,4840,3.3928,2.46
google,1500,10,linear,True,False,10.0,0.4,0.3,0.3,0,0,UK,9,WOA,carbon,8,0.3333333333333333,E27,16.49,95.45,39,0.620366,88.9098,20.8592,0.0,0,13.0091,2.0897,67.642,0.0,True,28.0,4840,3.547,2.73
google,1500,10,linear,True,False,10.0,0.4,0.3,0.3,0,0,UK,9,WOA,carbon,9,0.3333333333333333,E27,16.49,95.45,39,0.650036,88.3794,17.0742,0.0,0,13.2591,2.1557,64.556,0.0,True,28.5,4840,3.5795,2.5
google,1500,10,linear,True,False,10.0,0.4,0.3,0.3,0,0,UK,9,WOA,carbon,10,0.3333333333333333,E27,16.49,95.45,39,0.674561,87.941,13.9455,0.0,0,13.0591,2.1417,72.383,0.0,True,28.0,4840,3.5437,2.53
google,1500,20,linear,True,False,10.0,0.4,0.3,0.3,0,0,UK,9,FIFO,-,0,0.3333333333333333,E27,16.49,95.45,39,5.593826,0.0,-613.611,0.0,0,95.9591,15.66,5.308,0.0,True,24.5,0,0.0,0.0
google,1500,20,linear,True,False,10.0,0.4,0.3,0.3,0,0,UK,9,Consolidation,-,0,0.3333333333333333,E27,16.49,95.45,39,0.783876,85.9868,0.0,0.0,0,13.3091,2.1675,55.842,0.0,True,24.5,0,0.0,0.0
google,1500,20,linear,True,False,10.0,0.4,0.3,0.3,0,0,UK,9,Greedy(EDF+greenest),-,0,0.3333333333333333,E27,16.49,95.45,39,0.523829,90.6356,33.1746,0.0,0,12.7091,1.9729,63.473,1.5711,False,24.5,0,0.0002,0.0
google,1500,20,linear,True,False,10.0,0.4,0.3,0.3,0,0,UK,9,VCC(Google),-,0,0.3333333333333333,E27,16.49,95.45,39,0.783039,86.0017,0.1068,0.0,0,13.3091,2.1675,56.689,0.0,True,24.5,0,0.005,0.0
google,1500,20,linear,True,False,10.0,0.4,0.3,0.3,0,0,UK,9,Threshold(WaitAwhile),-,0,0.3333333333333333,E27,16.49,95.45,39,0.603622,89.2091,22.9953,0.0,0,12.8091,1.9879,63.873,0.0,True,24.5,0,0.023,0.0
google,1500,20,linear,True,False,10.0,0.4,0.3,0.3,0,0,UK,7,WOA,carbon,3,0.3333333333333333,E27,16.49,95.45,39,1.285431,88.7117,19.5494,0.0,0,12.5091,1.9538,75.839,0.0,True,24.5,4840,3.3799,2.58
google,1500,20,linear,True,False,10.0,0.4,0.3,0.3,0,0,UK,7,WOA,carbon,4,0.3333333333333333,E27,16.49,95.45,39,1.285628,88.71,19.5371,0.0,0,12.5091,1.9538,75.78,0.0,True,24.5,4840,3.3494,2.54
google,1500,20,linear,True,False,10.0,0.4,0.3,0.3,0,0,UK,7,WOA,carbon,5,0.3333333333333333,E27,16.49,95.45,39,1.284776,88.7175,19.5904,0.0,0,12.5091,1.9538,72.157,0.0,True,24.5,4840,3.372,2.54
google,1500,20,linear,True,False,10.0,0.4,0.3,0.3,0,0,UK,7,WOA,carbon,6,0.3333333333333333,E27,16.49,95.45,39,1.284897,88.7164,19.5829,0.0,0,12.5091,1.9538,71.348,0.0,True,24.5,4840,3.3435,2.64
google,1500,20,linear,True,False,10.0,0.4,0.3,0.3,0,0,UK,7,WOA,carbon,7,0.3333333333333333,E27,16.49,95.45,39,1.283297,88.7304,19.683,0.0,0,12.5091,1.9538,71.572,0.0,True,24.5,4840,3.368,2.32
google,1500,20,linear,True,False,10.0,0.4,0.3,0.3,0,0,UK,7,WOA,carbon,8,0.3333333333333333,E27,16.49,95.45,39,1.287996,88.6892,19.3889,0.0,0,12.5591,1.9613,75.017,0.0,True,24.5,4840,3.3615,2.42
google,1500,20,linear,True,False,10.0,0.4,0.3,0.3,0,0,UK,7,WOA,carbon,9,0.3333333333333333,E27,16.49,95.45,39,1.285068,88.7149,19.5721,0.0,0,12.5091,1.9538,75.507,0.0,True,24.5,4840,3.3679,2.34
google,1500,20,linear,True,False,10.0,0.4,0.3,0.3,0,0,UK,7,WOA,carbon,10,0.3333333333333333,E27,16.49,95.45,39,1.284128,88.7231,19.631,0.0,0,12.5091,1.9538,70.658,0.0,True,24.5,4840,3.3739,2.37
google,1500,20,linear,True,False,10.0,0.4,0.3,0.3,0,0,UK,7,WOA,random,5,0.3333333333333333,E27,16.49,95.45,39,1.491911,86.8985,6.6265,0.0,0,12.9591,2.143,76.479,0.0,True,27.5,4840,3.6511,2.87
google,1500,20,linear,True,False,10.0,0.4,0.3,0.3,0,0,UK,7,WOA,random,6,0.3333333333333333,E27,16.49,95.45,39,1.49219,86.896,6.6091,0.0,0,12.9591,2.127,75.354,0.0,True,28.0,4840,3.6152,2.56
google,1500,20,linear,True,False,10.0,0.4,0.3,0.3,0,0,UK,7,WOA,random,7,0.3333333333333333,E27,16.49,95.45,39,1.485993,86.9504,6.997,0.0,0,13.0091,2.1473,76.688,0.0,True,26.5,4840,3.6448,2.8
google,1500,20,linear,True,False,10.0,0.4,0.3,0.3,0,0,UK,7,WOA,random,8,0.3333333333333333,E27,16.49,95.45,39,1.501427,86.8149,6.031,0.0,0,12.9591,2.1402,78.462,0.0,True,27.5,4840,3.6003,2.41
google,1500,20,linear,True,False,10.0,0.4,0.3,0.3,0,0,UK,7,WOA,random,9,0.3333333333333333,E27,16.49,95.45,39,1.48455,86.9631,7.0873,0.0,0,12.9091,2.1522,77.19,0.0,True,28.5,4840,3.622,2.48
google,1500,20,linear,True,False,10.0,0.4,0.3,0.3,0,0,UK,7,WOA,random,10,0.3333333333333333,E27,16.49,95.45,39,1.48782,86.9344,6.8826,0.0,0,12.9591,2.1323,77.288,0.0,True,26.5,4840,3.6233,2.58
google,1500,20,linear,True,False,10.0,0.4,0.3,0.3,0,0,UK,7,WOA,carbon,1,0.3333333333333333,E27,16.49,95.45,39,1.289004,88.6803,19.3258,0.0,0,12.5591,1.9613,71.421,0.0,True,24.5,4840,3.6254,2.47
google,1500,20,linear,True,False,10.0,0.4,0.3,0.3,0,0,UK,7,WOA,carbon,2,0.3333333333333333,E27,16.49,95.45,39,1.282142,88.7406,19.7553,0.0,0,12.5091,1.9538,75.664,0.0,True,24.5,4840,3.6171,2.37
google,1500,10,linear,True,False,10.0,0.4,0.3,0.3,0,0,UK,8,WOA,random,4,0.3333333333333333,E27,16.49,95.45,39,0.533219,86.33,2.4381,0.0,0,12.9591,2.1216,75.529,0.0,True,24.5,4840,3.3964,2.53
google,1500,10,linear,True,False,10.0,0.4,0.3,0.3,0,0,UK,8,WOA,random,5,0.3333333333333333,E27,16.49,95.45,39,0.535086,86.2821,2.0965,0.0,0,12.9591,2.1312,74.028,0.0,True,25.0,4840,3.4247,2.61
google,1500,10,linear,True,False,10.0,0.4,0.3,0.3,0,0,UK,8,WOA,random,6,0.3333333333333333,E27,16.49,95.45,39,0.532103,86.3586,2.6421,0.0,0,12.9091,2.1238,73.543,0.0,True,24.5,4840,3.405,2.51
google,1500,10,linear,True,False,10.0,0.4,0.3,0.3,0,0,UK,8,WOA,random,7,0.3333333333333333,E27,16.49,95.45,39,0.531324,86.3786,2.7847,0.0,0,12.8591,2.1174,74.828,0.0,True,24.5,4840,3.3839,2.55
google,1500,10,linear,True,False,10.0,0.4,0.3,0.3,0,0,UK,8,WOA,random,8,0.3333333333333333,E27,16.49,95.45,39,0.533924,86.3119,2.309,0.0,0,12.9091,2.1248,74.1,0.0,True,25.5,4840,3.3617,2.62
google,1500,10,linear,True,False,10.0,0.4,0.3,0.3,0,0,UK,8,WOA,random,9,0.3333333333333333,E27,16.49,95.45,39,0.535556,86.2701,2.0104,0.0,0,12.9591,2.1226,74.691,0.0,True,25.5,4840,3.3927,2.52
google,1500,10,linear,True,False,10.0,0.4,0.3,0.3,0,0,UK,8,WOA,random,10,0.3333333333333333,E27,16.49,95.45,39,0.536262,86.252,1.8813,0.0,0,13.0091,2.1317,68.856,0.0,True,26.0,4840,3.3928,2.58
google,1500,10,linear,True,False,10.0,0.4,0.3,0.3,0,0,UK,8,WOA,carbon,1,0.3333333333333333,E27,16.49,95.45,39,0.528881,86.4412,3.2317,0.0,0,12.9091,2.1096,72.093,0.0,True,24.5,4840,3.359,2.65
google,1500,10,linear,True,False,10.0,0.4,0.3,0.3,0,0,UK,8,WOA,carbon,2,0.3333333333333333,E27,16.49,95.45,39,0.510263,86.9185,6.6383,0.0,0,13.0091,2.095,75.189,0.0,True,25.0,4840,3.5564,2.55
google,1500,10,linear,True,False,10.0,0.4,0.3,0.3,0,0,UK,8,WOA,carbon,3,0.3333333333333333,E27,16.49,95.45,39,0.507959,86.9776,7.0599,0.0,0,12.7591,2.0484,78.343,0.0,True,24.5,4840,3.513,2.59
google,1500,10,linear,True,False,10.0,0.4,0.3,0.3,0,0,UK,8,WOA,carbon,4,0.3333333333333333,E27,16.49,95.45,39,0.516316,86.7633,5.5307,0.0,0,12.9091,2.0876,75.375,0.0,True,25.0,4840,3.5468,2.58
google,1500,10,linear,True,False,10.0,0.4,0.3,0.3,0,0,UK,8,WOA,carbon,5,0.3333333333333333,E27,16.49,95.45,39,0.518254,86.7136,5.1761,0.0,0,13.0591,2.0957,72.163,0.0,True,26.0,4840,3.539,2.59
google,1500,10,linear,True,False,10.0,0.4,0.3,0.3,0,0,UK,8,WOA,carbon,6,0.3333333333333333,E27,16.49,95.45,39,0.484495,87.5791,11.3531,0.0,0,12.8591,2.0161,71.453,0.0,True,26.0,4840,3.5737,2.44
google,1500,10,linear,True,False,10.0,0.4,0.3,0.3,0,0,UK,8,WOA,carbon,7,0.3333333333333333,E27,16.49,95.45,39,0.486128,87.5372,11.0541,0.0,0,12.9091,2.0378,70.486,0.0,True,26.5,4840,3.6286,2.49
google,1500,10,linear,True,False,10.0,0.4,0.3,0.3,0,0,UK,8,WOA,carbon,8,0.3333333333333333,E27,16.49,95.45,39,0.50762,86.9863,7.1219,0.0,0,12.8591,2.0524,76.603,0.0,True,27.5,4840,3.5069,2.57
google,1500,10,linear,True,False,10.0,0.4,0.3,0.3,0,0,UK,8,WOA,carbon,9,0.3333333333333333,E27,16.49,95.45,39,0.486814,87.5197,10.9287,0.0,0,12.8591,2.0166,73.434,0.0,True,25.5,4840,3.5377,2.56
google,1500,20,linear,True,False,10.0,0.4,0.3,0.3,0,0,UK,8,WOA,random,3,0.3333333333333333,E27,16.49,95.45,39,0.538881,86.1848,1.4021,0.0,0,13.1591,2.145,58.165,0.0,True,24.5,4840,3.4423,2.54
google,1500,20,linear,True,False,10.0,0.4,0.3,0.3,0,0,UK,8,WOA,random,4,0.3333333333333333,E27,16.49,95.45,39,0.535723,86.2658,1.9799,0.0,0,12.9591,2.1308,71.322,0.0,True,24.5,4840,3.4311,2.65
google,1500,20,linear,True,False,10.0,0.4,0.3,0.3,0,0,UK,8,WOA,random,5,0.3333333333333333,E27,16.49,95.45,39,0.535045,86.2832,2.104,0.0,0,12.9591,2.1301,73.955,0.0,True,25.0,4840,3.4354,2.4
google,1500,20,linear,True,False,10.0,0.4,0.3,0.3,0,0,UK,8,WOA,random,6,0.3333333333333333,E27,16.49,95.45,39,0.533357,86.3264,2.4127,0.0,0,12.9591,2.1302,73.071,0.0,True,24.5,4840,3.4153,2.54
google,1500,20,linear,True,False,10.0,0.4,0.3,0.3,0,0,UK,8,WOA,random,7,0.3333333333333333,E27,16.49,95.45,39,0.538748,86.1882,1.4265,0.0,0,13.1591,2.145,57.307,0.0,True,24.5,4840,3.418,2.55
google,1500,20,linear,True,False,10.0,0.4,0.3,0.3,0,0,UK,8,WOA,random,8,0.3333333333333333,E27,16.49,95.45,39,0.533932,86.3117,2.3076,0.0,0,12.9591,2.124,69.255,0.0,True,24.5,4840,3.4152,2.47
google,1500,20,linear,True,False,10.0,0.4,0.3,0.3,0,0,UK,8,WOA,random,9,0.3333333333333333,E27,16.49,95.45,39,0.534695,86.2921,2.168,0.0,0,12.9591,2.1217,74.434,0.0,True,27.0,4840,3.4519,2.54
google,1500,20,linear,True,False,10.0,0.4,0.3,0.3,0,0,UK,8,WOA,random,10,0.3333333333333333,E27,16.49,95.45,39,0.539359,86.1726,1.3146,0.0,0,13.0591,2.1425,67.201,0.0,True,24.5,4840,3.4346,2.54
google,1500,20,linear,True,False,10.0,0.4,0.3,0.3,0,0,UK,9,WOA,carbon,7,0.3333333333333333,E27,16.49,95.45,39,0.544287,90.2699,30.5647,0.0,0,12.7091,1.9966,67.13,0.0,True,25.0,4840,3.3883,2.57
google,1500,20,linear,True,False,10.0,0.4,0.3,0.3,0,0,UK,9,WOA,carbon,8,0.3333333333333333,E27,16.49,95.45,39,0.532736,90.4764,32.0382,0.0,0,12.5591,1.9596,72.236,0.0,True,24.5,4840,3.3467,2.64
google,1500,20,linear,True,False,10.0,0.4,0.3,0.3,0,0,UK,9,WOA,carbon,9,0.3333333333333333,E27,16.49,95.45,39,0.54524,90.2528,30.4431,0.0,0,12.7591,1.9966,65.704,0.0,True,24.5,4840,3.3966,2.54
google,1500,20,linear,True,False,10.0,0.4,0.3,0.3,0,0,UK,9,WOA,carbon,10,0.3333333333333333,E27,16.49,95.45,39,0.537324,90.3943,31.4529,0.0,0,12.6591,1.9774,71.766,0.0,True,24.5,4840,3.3723,2.47
google,1500,10,linear,True,False,10.0,0.4,0.3,0.3,0,0,UK,10,FIFO,-,0,0.3333333333333333,E27,16.49,95.45,39,12.407419,0.0,-627.316,0.0,0,95.9591,15.66,5.308,8.9738,False,24.5,0,0.0,0.0
google,1500,10,linear,True,False,10.0,0.4,0.3,0.3,0,0,UK,10,Consolidation,-,0,0.3333333333333333,E27,16.49,95.45,39,1.705919,86.2508,0.0,0.0,0,13.3091,2.1675,55.842,8.9738,False,24.5,0,0.0,0.0
google,1500,10,linear,True,False,10.0,0.4,0.3,0.3,0,0,UK,10,Greedy(EDF+greenest),-,0,0.3333333333333333,E27,16.49,95.45,39,1.380758,88.8715,19.0607,0.0,0,12.6591,1.9654,66.989,18.9917,False,26.0,0,0.0002,0.0
google,1500,10,linear,True,False,10.0,0.4,0.3,0.3,0,0,UK,10,VCC(Google),-,0,0.3333333333333333,E27,16.49,95.45,39,1.687584,86.3986,1.0748,0.0,0,13.3591,2.175,59.494,0.0,True,24.5,0,0.0053,0.0
google,1500,20,linear,True,False,10.0,0.4,0.3,0.3,0,0,UK,8,WOA,carbon,1,0.3333333333333333,E27,16.49,95.45,39,0.43642,88.8116,20.1492,0.0,0,12.4091,1.9388,73.025,0.0,True,26.0,4840,3.405,2.28
google,1500,20,linear,True,False,10.0,0.4,0.3,0.3,0,0,UK,8,WOA,carbon,2,0.3333333333333333,E27,16.49,95.45,39,0.43642,88.8116,20.1492,0.0,0,12.4091,1.9388,71.388,0.0,True,26.0,4840,3.3909,2.31
google,1500,20,linear,True,False,10.0,0.4,0.3,0.3,0,0,UK,8,WOA,carbon,3,0.3333333333333333,E27,16.49,95.45,39,0.43642,88.8116,20.1492,0.0,0,12.4091,1.9388,74.151,0.0,True,26.0,4840,3.3646,2.25
google,1500,20,linear,True,False,10.0,0.4,0.3,0.3,0,0,UK,8,WOA,carbon,4,0.3333333333333333,E27,16.49,95.45,39,0.43642,88.8116,20.1492,0.0,0,12.4091,1.9388,71.388,0.0,True,26.0,4840,3.3645,2.36
google,1500,20,linear,True,False,10.0,0.4,0.3,0.3,0,0,UK,8,WOA,carbon,5,0.3333333333333333,E27,16.49,95.45,39,0.436039,88.8214,20.2189,0.0,0,12.3591,1.9313,74.324,0.0,True,26.0,4840,3.3798,2.36
google,1500,20,linear,True,False,10.0,0.4,0.3,0.3,0,0,UK,8,WOA,carbon,6,0.3333333333333333,E27,16.49,95.45,39,0.43642,88.8116,20.1492,0.0,0,12.4091,1.9388,71.856,0.0,True,26.0,4840,3.371,2.24
google,1500,20,linear,True,False,10.0,0.4,0.3,0.3,0,0,UK,8,WOA,carbon,7,0.3333333333333333,E27,16.49,95.45,39,0.43642,88.8116,20.1492,0.0,0,12.4091,1.9388,71.388,0.0,True,26.0,4840,3.3845,2.31
google,1500,20,linear,True,False,10.0,0.4,0.3,0.3,0,0,UK,8,WOA,carbon,8,0.3333333333333333,E27,16.49,95.45,39,0.43642,88.8116,20.1492,0.0,0,12.4091,1.9388,71.622,0.0,True,26.0,4840,3.3538,2.2
google,1500,10,linear,True,False,10.0,0.4,0.3,0.3,0,0,UK,9,WOA,random,2,0.3333333333333333,E27,16.49,95.45,39,0.679157,87.8588,13.3591,0.0,0,13.0591,2.1462,74.898,0.0,True,27.5,4840,3.3838,2.55
google,1500,10,linear,True,False,10.0,0.4,0.3,0.3,0,0,UK,9,WOA,random,3,0.3333333333333333,E27,16.49,95.45,39,0.678085,87.878,13.4958,0.0,0,13.0091,2.1426,73.898,0.0,True,27.5,4840,3.4009,2.49
google,1500,10,linear,True,False,10.0,0.4,0.3,0.3,0,0,UK,9,WOA,random,4,0.3333333333333333,E27,16.49,95.45,39,0.684744,87.7589,12.6464,0.0,0,13.0591,2.1443,75.753,0.0,True,28.0,4840,3.3987,2.56
google,1500,10,linear,True,False,10.0,0.4,0.3,0.3,0,0,UK,9,WOA,random,5,0.3333333333333333,E27,16.49,95.45,39,0.688909,87.6845,12.115,0.0,0,13.0591,2.161,74.039,0.0,True,27.5,4840,3.4165,2.61
google,1500,10,linear,True,False,10.0,0.4,0.3,0.3,0,0,UK,9,WOA,random,6,0.3333333333333333,E27,16.49,95.45,39,0.676016,87.915,13.7598,0.0,0,12.9091,2.1419,77.181,0.0,True,27.5,4840,3.378,2.64
google,1500,10,linear,True,False,10.0,0.4,0.3,0.3,0,0,UK,9,WOA,random,7,0.3333333333333333,E27,16.49,95.45,39,0.672897,87.9707,14.1577,0.0,0,12.9591,2.1306,75.77,0.0,True,27.5,4840,3.3992,2.6
google,1500,10,linear,True,False,10.0,0.4,0.3,0.3,0,0,UK,9,WOA,random,8,0.3333333333333333,E27,16.49,95.45,39,0.685636,87.743,12.5326,0.0,0,13.0591,2.1535,73.168,0.0,True,28.0,4840,3.3739,2.54
google,1500,10,linear,True,False,10.0,0.4,0.3,0.3,0,0,UK,9,WOA,random,9,0.3333333333333333,E27,16.49,95.45,39,0.672344,87.9806,14.2282,0.0,0,13.0091,2.1432,75.494,0.0,True,28.0,4840,3.416,2.62
google,1500,10,linear,True,False,10.0,0.4,0.3,0.3,0,0,UK,9,WOA,random,10,0.3333333333333333,E27,16.49,95.45,39,0.676801,87.9009,13.6596,0.0,0,13.0591,2.1473,74.909,0.0,True,28.0,4840,3.4345,2.57
google,1500,10,linear,True,False,10.0,0.4,0.3,0.3,0,0,UK,9,WOA,carbon,1,0.3333333333333333,E27,16.49,95.45,39,0.64333,88.4993,17.9297,0.0,0,13.1091,2.119,69.452,0.0,True,28.5,4840,3.3832,2.73
google,1500,10,linear,True,False,10.0,0.4,0.3,0.3,0,0,UK,9,WOA,carbon,2,0.3333333333333333,E27,16.49,95.45,39,0.617023,88.9696,21.2857,0.0,0,13.0591,2.0785,68.854,0.0,True,26.5,4840,3.402,2.58
google,1500,10,linear,True,False,10.0,0.4,0.3,0.3,0,0,UK,9,WOA,carbon,3,0.3333333333333333,E27,16.49,95.45,39,0.654555,88.2986,16.4977,0.0,0,13.1091,2.1584,69.49,0.0,True,28.5,4840,3.3987,2.37
google,1500,10,linear,True,False,10.0,0.4,0.3,0.3,0,0,UK,9,WOA,carbon,4,0.3333333333333333,E27,16.49,95.45,39,0.642735,88.5099,18.0055,0.0,0,13.0591,2.1394,66.657,0.0,True,28.0,4840,3.3875,2.39
google,1500,10,linear,True,False,10.0,0.4,0.3,0.3,0,0,UK,9,WOA,carbon,5,0.3333333333333333,E27,16.49,95.45,39,0.597847,89.3124,23.7319,0.0,0,13.1091,2.0571,65.95,0.0,True,25.5,4840,3.4148,2.58
google,1500,10,linear,True,False,10.0,0.4,0.3,0.3,0,0,UK,9,WOA,carbon,6,0.3333333333333333,E27,16.49,95.45,39,0.584612,89.549,25.4203,0.0,0,12.8591,2.0241,71.041,0.0,True,25.0,4840,3.3848,2.6
google,1500,10,linear,True,False,10.0,0.4,0.3,0.3,0,0,UK,9,WOA,carbon,7,0.3333333333333333,E27,16.49,95.45,39,0.650755,88.3666,16.9825,0.0,0,13.1591,2.164,66.137,0.0,True,28.0,4840,3.3994,2.5
google,1500,20,linear,True,False,10.0,0.4,0.3,0.3,0,0,UK,9,WOA,random,1,0.3333333333333333,E27,16.49,95.45,39,0.670838,88.0075,14.4204,0.0,0,12.9591,2.1368,75.328,0.0,True,28.0,4840,3.3656,2.77
google,1500,20,linear,True,False,10.0,0.4,0.3,0.3,0,0,UK,9,WOA,random,2,0.3333333333333333,E27,16.49,95.45,39,0.675524,87.9238,13.8226,0.0,0,13.1091,2.1469,71.832,0.0,True,27.5,4840,3.3798,2.46
google,1500,20,linear,True,False,10.0,0.4,0.3,0.3,0,0,UK,9,WOA,random,3,0.3333333333333333,E27,16.49,95.45,39,0.674881,87.9352,13.9046,0.0,0,13.0091,2.1381,73.661,0.0,True,27.5,4840,3.3568,2.63
google,1500,20,linear,True,False,10.0,0.4,0.3,0.3,0,0,UK,9,WOA,random,4,0.3333333333333333,E27,16.49,95.45,39,0.672054,87.9858,14.2652,0.0,0,13.0591,2.1394,68.35,0.0,True,28.0,4840,3.373,2.54
google,1500,20,linear,True,False,10.0,0.4,0.3,0.3,0,0,UK,9,WOA,random,5,0.3333333333333333,E27,16.49,95.45,39,0.67175,87.9912,14.3041,0.0,0,12.9591,2.1415,71.044,0.0,True,28.5,4840,3.3863,2.75
google,1500,20,linear,True,False,10.0,0.4,0.3,0.3,0,0,UK,9,WOA,random,6,0.3333333333333333,E27,16.49,95.45,39,0.677053,87.8964,13.6275,0.0,0,13.0591,2.128,71.518,0.0,True,27.5,4840,3.3726,2.66
google,1500,20,linear,True,False,10.0,0.4,0.3,0.3,0,0,UK,9,WOA,random,7,0.3333333333333333,E27,16.49,95.45,39,0.676413,87.9079,13.7092,0.0,0,13.1091,2.1347,71.962,0.0,True,28.0,4840,3.4186,2.74
google,1500,20,linear,True,False,10.0,0.4,0.3,0.3,0,0,UK,9,WOA,random,8,0.3333333333333333,E27,16.49,95.45,39,0.673372,87.9622,14.0971,0.0,0,13.0591,2.1229,68.179,0.0,True,27.5,4840,3.4004,2.79
google,1500,20,linear,True,False,10.0,0.4,0.3,0.3,0,0,UK,9,WOA,random,9,0.3333333333333333,E27,16.49,95.45,39,0.67834,87.8734,13.4634,0.0,0,13.0591,2.1269,71.83,0.0,True,27.5,4840,3.398,2.45
google,1500,20,linear,True,False,10.0,0.4,0.3,0.3,0,0,UK,9,WOA,random,10,0.3333333333333333,E27,16.49,95.45,39,0.672593,87.9762,14.1966,0.0,0,13.0091,2.1432,70.881,0.0,True,28.0,4840,3.3869,2.6
google,1500,20,linear,True,False,10.0,0.4,0.3,0.3,0,0,UK,9,WOA,carbon,1,0.3333333333333333,E27,16.49,95.45,39,0.541863,90.3132,30.8739,0.0,0,12.6591,1.9729,70.997,0.0,True,24.5,4840,3.3679,2.66
google,1500,20,linear,True,False,10.0,0.4,0.3,0.3,0,0,UK,9,WOA,carbon,2,0.3333333333333333,E27,16.49,95.45,39,0.531298,90.5021,32.2217,0.0,0,12.5591,1.9585,76.479,0.0,True,24.5,4840,3.3762,2.37
google,1500,20,linear,True,False,10.0,0.4,0.3,0.3,0,0,UK,9,WOA,carbon,3,0.3333333333333333,E27,16.49,95.45,39,0.539399,90.3572,31.1882,0.0,0,12.6591,1.9804,69.705,0.0,True,24.5,4840,3.3792,2.64
google,1500,20,linear,True,False,10.0,0.4,0.3,0.3,0,0,UK,9,WOA,carbon,4,0.3333333333333333,E27,16.49,95.45,39,0.530563,90.5152,32.3154,0.0,0,12.5091,1.963,74.402,0.0,True,24.5,4840,3.3751,2.48
google,1500,20,linear,True,False,10.0,0.4,0.3,0.3,0,0,UK,9,WOA,carbon,5,0.3333333333333333,E27,16.49,95.45,39,0.535766,90.4222,31.6518,0.0,0,12.6591,1.9735,69.048,0.0,True,24.5,4840,3.4201,2.56
google,1500,20,linear,True,False,10.0,0.4,0.3,0.3,0,0,UK,9,WOA,carbon,6,0.3333333333333333,E27,16.49,95.45,39,0.533519,90.4624,31.9384,0.0,0,12.5591,1.9504,73.705,0.0,True,24.5,4840,3.417,2.43
google,1500,10,linear,True,False,10.0,0.4,0.3,0.3,0,0,UK,10,WOA,carbon,6,0.3333333333333333,E27,16.49,95.45,39,1.475392,88.1088,13.5133,0.0,0,12.9091,2.0185,69.397,0.0,True,27.0,4840,3.5548,2.54
google,1500,10,linear,True,False,10.0,0.4,0.3,0.3,0,0,UK,10,WOA,carbon,7,0.3333333333333333,E27,16.49,95.45,39,1.472301,88.1337,13.6945,0.0,0,12.8091,2.0138,71.678,0.0,True,27.0,4840,3.587,2.44
google,1500,10,linear,True,False,10.0,0.4,0.3,0.3,0,0,UK,10,WOA,carbon,8,0.3333333333333333,E27,16.49,95.45,39,1.474222,88.1182,13.582,0.0,0,12.9591,2.0202,68.437,0.0,True,27.5,4840,3.5377,2.57
google,1500,10,linear,True,False,10.0,0.4,0.3,0.3,0,0,UK,10,WOA,carbon,9,0.3333333333333333,E27,16.49,95.45,39,1.492618,87.97,12.5036,0.0,0,13.0091,2.0421,67.83,0.0,True,26.5,4840,3.6335,2.59
google,1500,10,linear,True,False,10.0,0.4,0.3,0.3,0,0,UK,10,WOA,carbon,10,0.3333333333333333,E27,16.49,95.45,39,1.468605,88.1635,13.9112,0.0,0,12.8591,2.0035,70.222,0.0,True,26.5,4840,3.7273,2.51
google,1500,20,linear,True,False,10.0,0.4,0.3,0.3,0,0,UK,10,FIFO,-,0,0.3333333333333333,E27,16.49,95.45,39,12.407419,0.0,-627.316,0.0,0,95.9591,15.66,5.308,0.0,True,24.5,0,0.0,0.0
google,1500,20,linear,True,False,10.0,0.4,0.3,0.3,0,0,UK,10,Consolidation,-,0,0.3333333333333333,E27,16.49,95.45,39,1.705919,86.2508,0.0,0.0,0,13.3091,2.1675,55.842,0.0,True,24.5,0,0.0,0.0
google,1500,20,linear,True,False,10.0,0.4,0.3,0.3,0,0,UK,10,Greedy(EDF+greenest),-,0,0.3333333333333333,E27,16.49,95.45,39,1.380758,88.8715,19.0607,0.0,0,12.6591,1.9654,66.989,0.0,True,26.0,0,0.0002,0.0
google,1500,20,linear,True,False,10.0,0.4,0.3,0.3,0,0,UK,10,VCC(Google),-,0,0.3333333333333333,E27,16.49,95.45,39,1.705885,86.2511,0.002,0.0,0,13.3091,2.1675,55.862,0.0,True,24.5,0,0.0049,0.0
google,1500,20,linear,True,False,10.0,0.4,0.3,0.3,0,0,UK,10,Threshold(WaitAwhile),-,0,0.3333333333333333,E27,16.49,95.45,39,1.512377,87.8107,11.3453,0.0,0,12.8591,1.9954,61.455,8.9439,False,26.0,0,0.0228,0.0
google,1500,20,linear,True,False,10.0,0.4,0.3,0.3,0,0,UK,10,WOA,random,1,0.3333333333333333,E27,16.49,95.45,39,1.631927,86.8472,4.3374,0.0,0,12.9591,2.1527,78.521,0.0,True,25.0,4840,3.4028,2.56
google,1500,20,linear,True,False,10.0,0.4,0.3,0.3,0,0,UK,10,WOA,random,2,0.3333333333333333,E27,16.49,95.45,39,1.628774,86.8726,4.5222,0.0,0,12.9091,2.1295,77.412,0.0,True,26.5,4840,3.361,2.74
google,1500,20,linear,True,False,10.0,0.4,0.3,0.3,0,0,UK,10,WOA,random,3,0.3333333333333333,E27,16.49,95.45,39,1.628028,86.8786,4.5659,0.0,0,12.9091,2.1244,76.312,0.0,True,25.5,4840,3.3589,2.66
google,1500,20,linear,True,False,10.0,0.4,0.3,0.3,0,0,UK,10,WOA,random,4,0.3333333333333333,E27,16.49,95.45,39,1.622884,86.9201,4.8674,0.0,0,12.8591,2.1083,77.438,0.0,True,26.0,4840,3.4033,2.39
google,1500,20,linear,True,False,10.0,0.4,0.3,0.3,0,0,UK,10,WOA,random,5,0.3333333333333333,E27,16.49,95.45,39,1.630527,86.8585,4.4194,0.0,0,12.9091,2.1134,78.962,0.0,True,25.5,4840,3.4344,2.63
google,1500,20,linear,True,False,10.0,0.4,0.3,0.3,0,0,UK,10,WOA,random,6,0.3333333333333333,E27,16.49,95.45,39,1.628646,86.8736,4.5297,0.0,0,12.9591,2.1392,79.064,0.0,True,27.5,4840,3.6039,2.49
google,1500,10,linear,True,False,10.0,0.4,0.3,0.3,0,0,UK,10,Threshold(WaitAwhile),-,0,0.3333333333333333,E27,16.49,95.45,39,1.512377,87.8107,11.3453,0.0,0,12.8591,1.9954,61.455,26.6655,False,26.0,0,0.0225,0.0
google,1500,10,linear,True,False,10.0,0.4,0.3,0.3,0,0,UK,10,WOA,random,1,0.3333333333333333,E27,16.49,95.45,39,1.618889,86.9522,5.1016,0.0,0,12.9091,2.1458,79.582,0.0,True,25.0,4840,3.5575,2.69
google,1500,10,linear,True,False,10.0,0.4,0.3,0.3,0,0,UK,10,WOA,random,2,0.3333333333333333,E27,16.49,95.45,39,1.624188,86.9095,4.791,0.0,0,12.9091,2.1184,77.896,0.0,True,25.5,4840,3.5697,2.57
google,1500,10,linear,True,False,10.0,0.4,0.3,0.3,0,0,UK,10,WOA,random,3,0.3333333333333333,E27,16.49,95.45,39,1.628028,86.8786,4.5659,0.0,0,12.9091,2.1244,76.312,0.0,True,25.5,4840,3.5629,2.64
google,1500,10,linear,True,False,10.0,0.4,0.3,0.3,0,0,UK,10,WOA,random,4,0.3333333333333333,E27,16.49,95.45,39,1.620858,86.9364,4.9862,0.0,0,12.8591,2.1043,76.578,0.0,True,25.5,4840,3.6351,2.44
google,1500,10,linear,True,False,10.0,0.4,0.3,0.3,0,0,UK,10,WOA,random,5,0.3333333333333333,E27,16.49,95.45,39,1.627366,86.8839,4.6047,0.0,0,12.9091,2.1151,79.872,0.0,True,25.5,4840,3.6146,2.62
google,1500,10,linear,True,False,10.0,0.4,0.3,0.3,0,0,UK,10,WOA,random,6,0.3333333333333333,E27,16.49,95.45,39,1.636758,86.8082,4.0541,0.0,0,12.9591,2.1473,76.691,0.0,True,27.5,4840,3.7863,2.79
google,1500,10,linear,True,False,10.0,0.4,0.3,0.3,0,0,UK,10,WOA,random,7,0.3333333333333333,E27,16.49,95.45,39,1.646996,86.7257,3.454,0.0,0,12.9591,2.1706,78.777,0.0,True,26.5,4840,3.6655,2.4
google,1500,10,linear,True,False,10.0,0.4,0.3,0.3,0,0,UK,11,Greedy(EDF+greenest),-,0,0.3333333333333333,E27,16.49,95.45,39,0.653112,89.6434,25.6162,0.0,0,12.6591,1.9654,66.094,9.3928,False,26.5,0,0.0002,0.0
google,1500,10,linear,True,False,10.0,0.4,0.3,0.3,0,0,UK,11,VCC(Google),-,0,0.3333333333333333,E27,16.49,95.45,39,0.863307,86.3103,1.6769,0.0,0,13.3091,2.1675,59.799,0.0,True,24.5,0,0.0056,0.0
google,1500,10,linear,True,False,10.0,0.4,0.3,0.3,0,0,UK,11,Threshold(WaitAwhile),-,0,0.3333333333333333,E27,16.49,95.45,39,0.69746,88.9401,20.5654,0.0,0,12.8591,2.0925,64.228,15.7309,False,26.5,0,0.0227,0.0
google,1500,10,linear,True,False,10.0,0.4,0.3,0.3,0,0,UK,11,WOA,random,1,0.3333333333333333,E27,16.49,95.45,39,0.750543,88.0984,14.5197,0.0,0,13.2091,2.1801,69.884,0.0,True,28.0,4840,3.4036,2.53
google,1500,10,linear,True,False,10.0,0.4,0.3,0.3,0,0,UK,11,WOA,random,2,0.3333333333333333,E27,16.49,95.45,39,0.744727,88.1906,15.1821,0.0,0,13.2091,2.1863,69.786,0.0,True,28.0,4840,3.4318,2.44
google,1500,10,linear,True,False,10.0,0.4,0.3,0.3,0,0,UK,11,WOA,random,3,0.3333333333333333,E27,16.49,95.45,39,0.758605,87.9705,13.6015,0.0,0,13.4091,2.2232,66.319,0.0,True,28.5,4840,3.4368,2.58
google,1500,10,linear,True,False,10.0,0.4,0.3,0.3,0,0,UK,11,WOA,random,4,0.3333333333333333,E27,16.49,95.45,39,0.745191,88.1833,15.1293,0.0,0,13.1591,2.1855,69.965,0.0,True,28.5,4840,3.6544,2.51
google,1500,10,linear,True,False,10.0,0.4,0.3,0.3,0,0,UK,11,WOA,random,5,0.3333333333333333,E27,16.49,95.45,39,0.749313,88.1179,14.6599,0.0,0,13.2591,2.1927,70.791,0.0,True,28.0,4840,3.4562,2.4
google,1500,20,linear,True,False,10.0,0.4,0.3,0.3,0,0,UK,11,Consolidation,-,0,0.3333333333333333,E27,16.49,95.45,39,0.878031,86.0768,0.0,0.0,0,13.3091,2.1675,55.842,0.0,True,24.5,0,0.0,0.0
google,1500,20,linear,True,False,10.0,0.4,0.3,0.3,0,0,UK,11,Greedy(EDF+greenest),-,0,0.3333333333333333,E27,16.49,95.45,39,0.653112,89.6434,25.6162,0.0,0,12.6591,1.9654,66.094,0.0,True,26.5,0,0.0002,0.0
google,1500,20,linear,True,False,10.0,0.4,0.3,0.3,0,0,UK,11,VCC(Google),-,0,0.3333333333333333,E27,16.49,95.45,39,0.873156,86.1541,0.5552,0.0,0,13.3091,2.1675,56.751,0.0,True,24.5,0,0.0049,0.0
google,1500,20,linear,True,False,10.0,0.4,0.3,0.3,0,0,UK,11,Threshold(WaitAwhile),-,0,0.3333333333333333,E27,16.49,95.45,39,0.69746,88.9401,20.5654,0.0,0,12.8591,2.0925,64.228,0.0,True,26.5,0,0.0224,0.0
google,1500,20,linear,True,False,10.0,0.4,0.3,0.3,0,0,UK,11,WOA,random,1,0.3333333333333333,E27,16.49,95.45,39,0.71882,88.6014,18.1327,0.0,0,13.1591,2.1788,61.909,0.0,True,28.5,4840,3.455,2.6
google,1500,20,linear,True,False,10.0,0.4,0.3,0.3,0,0,UK,11,WOA,random,2,0.3333333333333333,E27,16.49,95.45,39,0.717554,88.6215,18.2769,0.0,0,13.2091,2.1816,59.423,0.0,True,28.5,4840,3.4525,2.58
google,1500,20,linear,True,False,10.0,0.4,0.3,0.3,0,0,UK,11,WOA,random,3,0.3333333333333333,E27,16.49,95.45,39,0.718134,88.6123,18.2108,0.0,0,13.2091,2.1816,57.805,0.0,True,28.5,4840,3.6264,2.49
google,1500,20,linear,True,False,10.0,0.4,0.3,0.3,0,0,UK,11,WOA,random,4,0.3333333333333333,E27,16.49,95.45,39,0.71535,88.6565,18.5279,0.0,0,13.0591,2.157,66.092,0.0,True,28.5,4840,3.4377,2.56
google,1500,20,linear,True,False,10.0,0.4,0.3,0.3,0,0,UK,10,WOA,carbon,5,0.3333333333333333,E27,16.49,95.45,39,1.377767,88.8956,19.2361,0.0,0,12.6091,1.9579,68.291,0.0,True,26.0,4840,3.4397,2.28
google,1500,20,linear,True,False,10.0,0.4,0.3,0.3,0,0,UK,10,WOA,carbon,6,0.3333333333333333,E27,16.49,95.45,39,1.372538,88.9378,19.5426,0.0,0,12.6091,1.9579,68.771,0.0,True,26.0,4840,3.4282,2.32
google,1500,20,linear,True,False,10.0,0.4,0.3,0.3,0,0,UK,10,WOA,carbon,7,0.3333333333333333,E27,16.49,95.45,39,1.36706,88.9819,19.8637,0.0,0,12.5591,1.9504,69.844,0.0,True,26.0,4840,3.4859,2.46
google,1500,20,linear,True,False,10.0,0.4,0.3,0.3,0,0,UK,10,WOA,carbon,8,0.3333333333333333,E27,16.49,95.45,39,1.377767,88.8956,19.2361,0.0,0,12.6091,1.9579,68.291,0.0,True,26.0,4840,3.644,2.35
google,1500,20,linear,True,False,10.0,0.4,0.3,0.3,0,0,UK,10,WOA,carbon,9,0.3333333333333333,E27,16.49,95.45,39,1.372538,88.9378,19.5426,0.0,0,12.6091,1.9579,68.771,0.0,True,26.0,4840,3.5184,2.39
google,1500,20,linear,True,False,10.0,0.4,0.3,0.3,0,0,UK,10,WOA,carbon,10,0.3333333333333333,E27,16.49,95.45,39,1.374384,88.9229,19.4344,0.0,0,12.6091,1.9579,70.591,0.0,True,26.0,4840,3.4827,2.5
google,1500,10,linear,True,False,10.0,0.4,0.3,0.3,0,0,UK,11,FIFO,-,0,0.3333333333333333,E27,16.49,95.45,39,6.306231,0.0,-618.2243,0.0,0,95.9591,15.66,5.308,8.9738,False,24.5,0,0.0,0.0
google,1500,10,linear,True,False,10.0,0.4,0.3,0.3,0,0,UK,11,Consolidation,-,0,0.3333333333333333,E27,16.49,95.45,39,0.878031,86.0768,0.0,0.0,0,13.3091,2.1675,55.842,8.9738,False,24.5,0,0.0,0.0
google,1500,10,linear,True,False,10.0,0.4,0.3,0.3,0,0,UK,10,WOA,random,8,0.3333333333333333,E27,16.49,95.45,39,1.626758,86.8888,4.6403,0.0,0,12.8591,2.1179,75.954,0.0,True,24.5,4840,3.3367,2.68
google,1500,10,linear,True,False,10.0,0.4,0.3,0.3,0,0,UK,10,WOA,random,9,0.3333333333333333,E27,16.49,95.45,39,1.61784,86.9607,5.1631,0.0,0,12.8591,2.1241,77.693,0.0,True,26.5,4840,3.361,2.58
google,1500,10,linear,True,False,10.0,0.4,0.3,0.3,0,0,UK,10,WOA,random,10,0.3333333333333333,E27,16.49,95.45,39,1.625475,86.8992,4.7155,0.0,0,12.9091,2.1146,77.701,0.0,True,25.5,4840,3.3813,2.56
google,1500,10,linear,True,False,10.0,0.4,0.3,0.3,0,0,UK,10,WOA,carbon,1,0.3333333333333333,E27,16.49,95.45,39,1.575239,87.3041,7.6604,0.0,0,12.9591,2.0909,74.829,0.0,True,25.5,4840,3.3796,2.47
google,1500,10,linear,True,False,10.0,0.4,0.3,0.3,0,0,UK,10,WOA,carbon,2,0.3333333333333333,E27,16.49,95.45,39,1.56104,87.4185,8.4927,0.0,0,13.1091,2.1045,68.96,0.0,True,26.5,4840,3.3988,2.55
google,1500,10,linear,True,False,10.0,0.4,0.3,0.3,0,0,UK,10,WOA,carbon,3,0.3333333333333333,E27,16.49,95.45,39,1.579205,87.2721,7.4279,0.0,0,13.0091,2.082,71.359,0.0,True,26.5,4840,3.5873,2.46
google,1500,10,linear,True,False,10.0,0.4,0.3,0.3,0,0,UK,10,WOA,carbon,4,0.3333333333333333,E27,16.49,95.45,39,1.495106,87.9499,12.3577,0.0,0,12.9591,2.0282,68.029,0.0,True,26.5,4840,3.4174,2.38
google,1500,10,linear,True,False,10.0,0.4,0.3,0.3,0,0,UK,10,WOA,carbon,5,0.3333333333333333,E27,16.49,95.45,39,1.481309,88.0611,13.1665,0.0,0,12.8091,2.0057,72.571,0.0,True,26.0,4840,3.3693,2.72
google,1500,10,linear,True,False,10.0,0.4,0.3,0.3,0,0,UK,12,FIFO,-,0,0.3333333333333333,E27,16.49,95.45,39,7.739853,0.0,-624.0252,0.0,0,95.9591,15.66,5.308,8.9738,False,24.5,0,0.0,0.0
google,1500,10,linear,True,False,10.0,0.4,0.3,0.3,0,0,UK,12,Consolidation,-,0,0.3333333333333333,E27,16.49,95.45,39,1.069003,86.1883,0.0,0.0,0,13.3091,2.1675,55.842,8.9738,False,24.5,0,0.0,0.0
google,1500,10,linear,True,False,10.0,0.4,0.3,0.3,0,0,UK,12,Greedy(EDF+greenest),-,0,0.3333333333333333,E27,16.49,95.45,39,0.788606,89.8111,26.2298,0.0,0,12.6591,1.9324,69.388,12.9024,False,27.0,0,0.0002,0.0
google,1500,10,linear,True,False,10.0,0.4,0.3,0.3,0,0,UK,12,VCC(Google),-,0,0.3333333333333333,E27,16.49,95.45,39,1.063962,86.2535,0.4716,0.0,0,13.3091,2.1675,59.798,0.0,True,24.5,0,0.0073,0.0
google,1500,10,linear,True,False,10.0,0.4,0.3,0.3,0,0,UK,12,Threshold(WaitAwhile),-,0,0.3333333333333333,E27,16.49,95.45,39,0.857001,88.9274,19.8318,0.0,0,12.8091,1.9879,60.211,28.313,False,24.5,0,0.0339,0.0
google,1500,10,linear,True,False,10.0,0.4,0.3,0.3,0,0,UK,12,WOA,random,1,0.3333333333333333,E27,16.49,95.45,39,0.970779,87.4574,9.1884,0.0,0,12.9591,2.1424,77.218,0.0,True,27.5,4840,3.7747,2.49
google,1500,10,linear,True,False,10.0,0.4,0.3,0.3,0,0,UK,12,WOA,random,2,0.3333333333333333,E27,16.49,95.45,39,0.969938,87.4683,9.2671,0.0,0,13.0091,2.1398,75.052,0.0,True,27.0,4840,3.6312,2.6
google,1500,10,linear,True,False,10.0,0.4,0.3,0.3,0,0,UK,12,WOA,random,3,0.3333333333333333,E27,16.49,95.45,39,0.966392,87.5141,9.5988,0.0,0,12.9091,2.1031,78.203,0.0,True,27.0,4840,3.6364,2.58
google,1500,20,linear,True,False,10.0,0.4,0.3,0.3,0,0,UK,10,WOA,random,7,0.3333333333333333,E27,16.49,95.45,39,1.631634,86.8495,4.3545,0.0,0,12.9091,2.1203,74.895,0.0,True,24.5,4840,3.6157,2.63
google,1500,20,linear,True,False,10.0,0.4,0.3,0.3,0,0,UK,10,WOA,random,8,0.3333333333333333,E27,16.49,95.45,39,1.628882,86.8717,4.5159,0.0,0,12.9091,2.1259,76.031,0.0,True,24.5,4840,3.522,2.6
google,1500,20,linear,True,False,10.0,0.4,0.3,0.3,0,0,UK,10,WOA,random,9,0.3333333333333333,E27,16.49,95.45,39,1.628364,86.8759,4.5462,0.0,0,12.9591,2.1374,77.262,0.0,True,26.5,4840,3.6174,2.49
google,1500,20,linear,True,False,10.0,0.4,0.3,0.3,0,0,UK,10,WOA,random,10,0.3333333333333333,E27,16.49,95.45,39,1.628033,86.8785,4.5656,0.0,0,12.9591,2.121,78.98,0.0,True,25.5,4840,3.5808,2.55
google,1500,20,linear,True,False,10.0,0.4,0.3,0.3,0,0,UK,10,WOA,carbon,1,0.3333333333333333,E27,16.49,95.45,39,1.372565,88.9375,19.541,0.0,0,12.6091,1.9579,68.94,0.0,True,26.0,4840,3.7574,2.54
google,1500,20,linear,True,False,10.0,0.4,0.3,0.3,0,0,UK,10,WOA,carbon,2,0.3333333333333333,E27,16.49,95.45,39,1.370086,88.9575,19.6863,0.0,0,12.5591,1.9504,71.781,0.0,True,26.0,4840,3.5885,2.39
google,1500,20,linear,True,False,10.0,0.4,0.3,0.3,0,0,UK,10,WOA,carbon,3,0.3333333333333333,E27,16.49,95.45,39,1.372538,88.9378,19.5426,0.0,0,12.6091,1.9579,68.771,0.0,True,26.0,4840,3.5373,2.25
google,1500,20,linear,True,False,10.0,0.4,0.3,0.3,0,0,UK,10,WOA,carbon,4,0.3333333333333333,E27,16.49,95.45,39,1.380758,88.8715,19.0607,0.0,0,12.6591,1.9654,66.989,0.0,True,26.0,4840,3.6202,2.21
google,1500,10,linear,True,False,10.0,0.4,0.3,0.3,0,0,UK,11,WOA,random,6,0.3333333333333333,E27,16.49,95.45,39,0.744248,88.1982,15.2367,0.0,0,13.0591,2.1615,73.008,0.0,True,28.0,4840,3.3836,2.54
google,1500,10,linear,True,False,10.0,0.4,0.3,0.3,0,0,UK,11,WOA,random,7,0.3333333333333333,E27,16.49,95.45,39,0.747531,88.1461,14.8628,0.0,0,13.1591,2.1782,70.233,0.0,True,28.5,4840,3.4428,2.42
google,1500,10,linear,True,False,10.0,0.4,0.3,0.3,0,0,UK,11,WOA,random,8,0.3333333333333333,E27,16.49,95.45,39,0.737747,88.3013,15.9771,0.0,0,13.0091,2.1443,74.088,0.0,True,28.0,4840,3.4167,2.76
google,1500,10,linear,True,False,10.0,0.4,0.3,0.3,0,0,UK,11,WOA,random,9,0.3333333333333333,E27,16.49,95.45,39,0.744207,88.1989,15.2414,0.0,0,13.1591,2.1805,70.648,0.0,True,28.0,4840,3.6624,2.56
google,1500,10,linear,True,False,10.0,0.4,0.3,0.3,0,0,UK,11,WOA,random,10,0.3333333333333333,E27,16.49,95.45,39,0.743648,88.2077,15.3051,0.0,0,13.1591,2.1771,72.164,0.0,True,28.0,4840,3.4495,2.42
google,1500,10,linear,True,False,10.0,0.4,0.3,0.3,0,0,UK,11,WOA,carbon,1,0.3333333333333333,E27,16.49,95.45,39,0.739675,88.2707,15.7575,0.0,0,13.1091,2.1646,71.85,0.0,True,28.0,4840,3.379,2.48
google,1500,10,linear,True,False,10.0,0.4,0.3,0.3,0,0,UK,11,WOA,carbon,2,0.3333333333333333,E27,16.49,95.45,39,0.729455,88.4328,16.9215,0.0,0,13.1091,2.143,70.789,0.0,True,28.5,4840,3.3915,2.67
google,1500,10,linear,True,False,10.0,0.4,0.3,0.3,0,0,UK,11,WOA,carbon,3,0.3333333333333333,E27,16.49,95.45,39,0.727418,88.4651,17.1534,0.0,0,13.0591,2.1383,71.085,0.0,True,28.5,4840,3.4102,2.58
google,1500,10,linear,True,False,10.0,0.4,0.3,0.3,0,0,UK,11,WOA,carbon,4,0.3333333333333333,E27,16.49,95.45,39,0.743526,88.2097,15.319,0.0,0,13.1591,2.1674,71.189,0.0,True,28.0,4840,3.408,2.46
google,1500,10,linear,True,False,10.0,0.4,0.3,0.3,0,0,UK,11,WOA,carbon,5,0.3333333333333333,E27,16.49,95.45,39,0.744346,88.1967,15.2255,0.0,0,13.1091,2.1668,70.97,0.0,True,28.0,4840,3.4334,2.55
google,1500,10,linear,True,False,10.0,0.4,0.3,0.3,0,0,UK,11,WOA,carbon,6,0.3333333333333333,E27,16.49,95.45,39,0.73904,88.2808,15.8299,0.0,0,12.9591,2.146,74.71,0.0,True,28.0,4840,3.5967,2.52
google,1500,10,linear,True,False,10.0,0.4,0.3,0.3,0,0,UK,11,WOA,carbon,7,0.3333333333333333,E27,16.49,95.45,39,0.72746,88.4644,17.1487,0.0,0,13.1091,2.1565,68.307,0.0,True,28.0,4840,3.4393,2.4
google,1500,10,linear,True,False,10.0,0.4,0.3,0.3,0,0,UK,11,WOA,carbon,8,0.3333333333333333,E27,16.49,95.45,39,0.738488,88.2896,15.8927,0.0,0,13.0591,2.1462,74.276,0.0,True,27.5,4840,3.3704,2.48
google,1500,10,linear,True,False,10.0,0.4,0.3,0.3,0,0,UK,11,WOA,carbon,9,0.3333333333333333,E27,16.49,95.45,39,0.749469,88.1154,14.642,0.0,0,13.2091,2.1777,69.289,0.0,True,28.5,4840,3.4108,2.41
google,1500,10,linear,True,False,10.0,0.4,0.3,0.3,0,0,UK,11,WOA,carbon,10,0.3333333333333333,E27,16.49,95.45,39,0.734509,88.3526,16.3459,0.0,0,13.1091,2.1629,72.054,0.0,True,28.0,4840,3.4332,2.51
google,1500,20,linear,True,False,10.0,0.4,0.3,0.3,0,0,UK,11,FIFO,-,0,0.3333333333333333,E27,16.49,95.45,39,6.306231,0.0,-618.2243,0.0,0,95.9591,15.66,5.308,0.0,True,24.5,0,0.0,0.0
google,1500,10,linear,True,False,10.0,0.4,0.3,0.3,0,0,UK,12,WOA,carbon,10,0.3333333333333333,E27,16.49,95.45,39,0.822749,89.37,23.0359,0.0,0,12.8591,1.9802,67.419,0.0,True,27.5,4840,3.4031,2.36
google,1500,20,linear,True,False,10.0,0.4,0.3,0.3,0,0,UK,12,FIFO,-,0,0.3333333333333333,E27,16.49,95.45,39,7.739853,0.0,-624.0252,0.0,0,95.9591,15.66,5.308,0.0,True,24.5,0,0.0,0.0
google,1500,20,linear,True,False,10.0,0.4,0.3,0.3,0,0,UK,12,Consolidation,-,0,0.3333333333333333,E27,16.49,95.45,39,1.069003,86.1883,0.0,0.0,0,13.3091,2.1675,55.842,0.0,True,24.5,0,0.0,0.0
google,1500,20,linear,True,False,10.0,0.4,0.3,0.3,0,0,UK,12,Greedy(EDF+greenest),-,0,0.3333333333333333,E27,16.49,95.45,39,0.788606,89.8111,26.2298,0.0,0,12.6591,1.9324,69.388,0.0,True,27.0,0,0.0002,0.0
google,1500,20,linear,True,False,10.0,0.4,0.3,0.3,0,0,UK,12,VCC(Google),-,0,0.3333333333333333,E27,16.49,95.45,39,1.068026,86.2009,0.0914,0.0,0,13.3091,2.1675,56.468,0.0,True,24.5,0,0.0047,0.0
google,1500,20,linear,True,False,10.0,0.4,0.3,0.3,0,0,UK,12,Threshold(WaitAwhile),-,0,0.3333333333333333,E27,16.49,95.45,39,0.857001,88.9274,19.8318,0.0,0,12.8091,1.9879,60.211,10.539,False,24.5,0,0.0225,0.0
google,1500,20,linear,True,False,10.0,0.4,0.3,0.3,0,0,UK,12,WOA,random,1,0.3333333333333333,E27,16.49,95.45,39,0.970779,87.4574,9.1884,0.0,0,12.9591,2.1424,77.218,0.0,True,27.5,4840,3.4179,2.51
google,1500,20,linear,True,False,10.0,0.4,0.3,0.3,0,0,UK,12,WOA,random,2,0.3333333333333333,E27,16.49,95.45,39,0.966859,87.508,9.5551,0.0,0,13.1091,2.1674,68.917,0.0,True,27.0,4840,3.4639,2.55
google,1500,20,linear,True,False,10.0,0.4,0.3,0.3,0,0,UK,12,WOA,carbon,9,0.3333333333333333,E27,16.49,95.45,39,0.784459,89.8647,26.6177,0.0,0,12.6091,1.9249,71.233,0.0,True,27.0,4840,3.412,2.41
google,1500,20,linear,True,False,10.0,0.4,0.3,0.3,0,0,UK,12,WOA,carbon,10,0.3333333333333333,E27,16.49,95.45,39,0.781997,89.8965,26.848,0.0,0,12.5091,1.9099,75.491,0.0,True,27.0,4840,3.4324,2.39
google,1500,10,linear,True,False,10.0,0.4,0.3,0.3,0,0,UK,13,FIFO,-,0,0.3333333333333333,E27,16.49,95.45,39,9.243831,0.0,-624.3922,0.0,0,95.9591,15.66,5.308,8.9738,False,24.5,0,0.0,0.0
google,1500,10,linear,True,False,10.0,0.4,0.3,0.3,0,0,UK,13,Consolidation,-,0,0.3333333333333333,E27,16.49,95.45,39,1.276081,86.1953,0.0,0.0,0,13.3091,2.1675,55.842,8.9738,False,24.5,0,0.0,0.0
google,1500,10,linear,True,False,10.0,0.4,0.3,0.3,0,0,UK,13,Greedy(EDF+greenest),-,0,0.3333333333333333,E27,16.49,95.45,39,1.001068,89.1704,21.5513,0.0,0,12.6591,2.0852,68.148,12.7976,False,26.5,0,0.0002,0.0
google,1500,10,linear,True,False,10.0,0.4,0.3,0.3,0,0,UK,13,VCC(Google),-,0,0.3333333333333333,E27,16.49,95.45,39,1.270884,86.2515,0.4073,0.0,0,13.3091,2.1675,62.739,0.0,True,24.5,0,0.006,0.0
google,1500,10,linear,True,False,10.0,0.4,0.3,0.3,0,0,UK,13,Threshold(WaitAwhile),-,0,0.3333333333333333,E27,16.49,95.45,39,1.03314,88.8235,19.0381,0.0,0,12.9091,1.9699,59.945,18.4548,False,24.5,0,0.0227,0.0
google,1500,10,linear,True,False,10.0,0.4,0.3,0.3,0,0,UK,13,WOA,random,1,0.3333333333333333,E27,16.49,95.45,39,1.10395,88.0574,13.489,0.0,0,12.9591,2.1443,76.093,0.0,True,28.0,4840,3.3623,2.63
google,1500,20,linear,True,False,10.0,0.4,0.3,0.3,0,0,UK,11,WOA,carbon,3,0.3333333333333333,E27,16.49,95.45,39,0.650075,89.6915,25.9622,0.0,0,12.6091,1.9579,68.074,0.0,True,26.5,4840,3.594,2.49
google,1500,20,linear,True,False,10.0,0.4,0.3,0.3,0,0,UK,11,WOA,carbon,4,0.3333333333333333,E27,16.49,95.45,39,0.651577,89.6677,25.7911,0.0,0,12.6091,1.9579,66.68,0.0,True,26.5,4840,3.4331,2.25
google,1500,20,linear,True,False,10.0,0.4,0.3,0.3,0,0,UK,11,WOA,carbon,5,0.3333333333333333,E27,16.49,95.45,39,0.651577,89.6677,25.7911,0.0,0,12.6091,1.9579,66.68,0.0,True,26.5,4840,3.3962,2.28
google,1500,20,linear,True,False,10.0,0.4,0.3,0.3,0,0,UK,11,WOA,carbon,6,0.3333333333333333,E27,16.49,95.45,39,0.651197,89.6738,25.8344,0.0,0,12.6091,1.9579,69.775,0.0,True,26.5,4840,3.3703,2.42
google,1500,20,linear,True,False,10.0,0.4,0.3,0.3,0,0,UK,11,WOA,carbon,7,0.3333333333333333,E27,16.49,95.45,39,0.648903,89.7101,26.0957,0.0,0,12.5591,1.9504,70.759,0.0,True,26.5,4840,3.4298,2.35
google,1500,20,linear,True,False,10.0,0.4,0.3,0.3,0,0,UK,11,WOA,carbon,8,0.3333333333333333,E27,16.49,95.45,39,0.650248,89.6888,25.9425,0.0,0,12.6091,1.9579,68.895,0.0,True,26.5,4840,3.3318,2.25
google,1500,20,linear,True,False,10.0,0.4,0.3,0.3,0,0,UK,11,WOA,carbon,9,0.3333333333333333,E27,16.49,95.45,39,0.651577,89.6677,25.7911,0.0,0,12.6091,1.9579,66.68,0.0,True,26.5,4840,3.3674,2.23
google,1500,20,linear,True,False,10.0,0.4,0.3,0.3,0,0,UK,11,WOA,carbon,10,0.3333333333333333,E27,16.49,95.45,39,0.652279,89.6566,25.7112,0.0,0,12.6591,1.9654,67.343,0.0,True,26.5,4840,3.3916,2.39
google,1500,20,linear,True,False,10.0,0.4,0.3,0.3,0,0,UK,11,WOA,random,5,0.3333333333333333,E27,16.49,95.45,39,0.715851,88.6485,18.4709,0.0,0,13.0591,2.1434,66.282,0.0,True,28.0,4840,3.6539,2.53
google,1500,20,linear,True,False,10.0,0.4,0.3,0.3,0,0,UK,11,WOA,random,6,0.3333333333333333,E27,16.49,95.45,39,0.720636,88.5726,17.9259,0.0,0,13.2591,2.2013,57.919,0.0,True,28.0,4840,3.4213,2.41
google,1500,20,linear,True,False,10.0,0.4,0.3,0.3,0,0,UK,11,WOA,random,7,0.3333333333333333,E27,16.49,95.45,39,0.717757,88.6183,18.2538,0.0,0,13.1591,2.1799,60.828,0.0,True,28.5,4840,3.4137,2.55
google,1500,20,linear,True,False,10.0,0.4,0.3,0.3,0,0,UK,11,WOA,random,8,0.3333333333333333,E27,16.49,95.45,39,0.71282,88.6966,18.816,0.0,0,13.1091,2.1666,61.898,0.0,True,28.0,4840,3.39,2.54
google,1500,20,linear,True,False,10.0,0.4,0.3,0.3,0,0,UK,11,WOA,random,9,0.3333333333333333,E27,16.49,95.45,39,0.721696,88.5558,17.8051,0.0,0,13.1591,2.1874,64.672,0.0,True,28.0,4840,3.5142,2.57
google,1500,20,linear,True,False,10.0,0.4,0.3,0.3,0,0,UK,11,WOA,random,10,0.3333333333333333,E27,16.49,95.45,39,0.72384,88.5218,17.5609,0.0,0,13.3091,2.2052,55.477,0.0,True,28.5,4840,3.3749,2.52
google,1500,20,linear,True,False,10.0,0.4,0.3,0.3,0,0,UK,11,WOA,carbon,1,0.3333333333333333,E27,16.49,95.45,39,0.651699,89.6658,25.7772,0.0,0,12.6091,1.9579,67.508,0.0,True,26.5,4840,3.3818,2.32
google,1500,20,linear,True,False,10.0,0.4,0.3,0.3,0,0,UK,11,WOA,carbon,2,0.3333333333333333,E27,16.49,95.45,39,0.650123,89.6908,25.9567,0.0,0,12.6091,1.9579,68.294,0.0,True,26.5,4840,3.3877,2.29
google,1500,10,linear,True,False,10.0,0.4,0.3,0.3,0,0,UK,13,WOA,carbon,8,0.3333333333333333,E27,16.49,95.45,39,1.02247,88.9389,19.8742,0.0,0,12.8091,2.08,68.651,0.0,True,27.5,4840,3.3577,2.49
google,1500,10,linear,True,False,10.0,0.4,0.3,0.3,0,0,UK,13,WOA,carbon,9,0.3333333333333333,E27,16.49,95.45,39,1.0195,88.971,20.107,0.0,0,12.8591,2.107,65.816,0.0,True,27.5,4840,3.3795,2.43
google,1500,10,linear,True,False,10.0,0.4,0.3,0.3,0,0,UK,13,WOA,carbon,10,0.3333333333333333,E27,16.49,95.45,39,1.019612,88.9698,20.0982,0.0,0,12.9091,2.1008,64.597,0.0,True,27.5,4840,3.4054,2.35
google,1500,20,linear,True,False,10.0,0.4,0.3,0.3,0,0,UK,13,FIFO,-,0,0.3333333333333333,E27,16.49,95.45,39,9.243831,0.0,-624.3922,0.0,0,95.9591,15.66,5.308,0.0,True,24.5,0,0.0,0.0
google,1500,20,linear,True,False,10.0,0.4,0.3,0.3,0,0,UK,13,Consolidation,-,0,0.3333333333333333,E27,16.49,95.45,39,1.276081,86.1953,0.0,0.0,0,13.3091,2.1675,55.842,0.0,True,24.5,0,0.0,0.0
google,1500,20,linear,True,False,10.0,0.4,0.3,0.3,0,0,UK,13,Greedy(EDF+greenest),-,0,0.3333333333333333,E27,16.49,95.45,39,1.001068,89.1704,21.5513,0.0,0,12.6591,2.0852,68.148,0.0,True,26.5,0,0.0002,0.0
google,1500,20,linear,True,False,10.0,0.4,0.3,0.3,0,0,UK,13,VCC(Google),-,0,0.3333333333333333,E27,16.49,95.45,39,1.275262,86.2042,0.0642,0.0,0,13.3091,2.1675,57.354,0.0,True,24.5,0,0.0052,0.0
google,1500,20,linear,True,False,10.0,0.4,0.3,0.3,0,0,UK,13,Threshold(WaitAwhile),-,0,0.3333333333333333,E27,16.49,95.45,39,1.03314,88.8235,19.0381,0.0,0,12.9091,1.9699,59.945,0.7331,False,24.5,0,0.023,0.0
google,1500,10,linear,True,False,10.0,0.4,0.3,0.3,0,0,UK,12,WOA,random,4,0.3333333333333333,E27,16.49,95.45,39,0.975679,87.3941,8.73,0.0,0,13.0091,2.1499,74.352,0.0,True,26.5,4840,3.4188,2.54
google,1500,10,linear,True,False,10.0,0.4,0.3,0.3,0,0,UK,12,WOA,random,5,0.3333333333333333,E27,16.49,95.45,39,0.96447,87.5389,9.7785,0.0,0,12.9591,2.1374,75.632,0.0,True,27.0,4840,3.4269,2.64
google,1500,10,linear,True,False,10.0,0.4,0.3,0.3,0,0,UK,12,WOA,random,6,0.3333333333333333,E27,16.49,95.45,39,0.978035,87.3637,8.5097,0.0,0,13.0591,2.1627,76.642,0.0,True,27.5,4840,3.3868,2.59
google,1500,10,linear,True,False,10.0,0.4,0.3,0.3,0,0,UK,12,WOA,random,7,0.3333333333333333,E27,16.49,95.45,39,0.975616,87.3949,8.7359,0.0,0,13.0091,2.1415,73.341,0.0,True,27.0,4840,3.4457,2.7
google,1500,10,linear,True,False,10.0,0.4,0.3,0.3,0,0,UK,12,WOA,random,8,0.3333333333333333,E27,16.49,95.45,39,0.971855,87.4435,9.0877,0.0,0,13.0591,2.1426,75.245,0.0,True,28.5,4840,3.3401,2.54
google,1500,10,linear,True,False,10.0,0.4,0.3,0.3,0,0,UK,12,WOA,random,9,0.3333333333333333,E27,16.49,95.45,39,0.990825,87.1984,7.3132,0.0,0,13.0091,2.1569,77.304,0.0,True,28.0,4840,3.3892,2.37
google,1500,10,linear,True,False,10.0,0.4,0.3,0.3,0,0,UK,12,WOA,random,10,0.3333333333333333,E27,16.49,95.45,39,0.974626,87.4077,8.8285,0.0,0,13.0591,2.1548,76.011,0.0,True,26.5,4840,3.3831,2.62
google,1500,10,linear,True,False,10.0,0.4,0.3,0.3,0,0,UK,12,WOA,carbon,1,0.3333333333333333,E27,16.49,95.45,39,0.823102,89.3654,23.0028,0.0,0,12.8591,1.9727,69.004,0.0,True,27.5,4840,3.3956,2.46
google,1500,20,linear,True,False,10.0,0.4,0.3,0.3,0,0,UK,13,WOA,carbon,7,0.3333333333333333,E27,16.49,95.45,39,0.992597,89.2621,22.2152,0.0,0,12.5591,2.0702,71.904,0.0,True,26.5,4840,3.3588,2.51
google,1500,20,linear,True,False,10.0,0.4,0.3,0.3,0,0,UK,13,WOA,carbon,8,0.3333333333333333,E27,16.49,95.45,39,0.99108,89.2785,22.334,0.0,0,12.6091,2.0727,68.481,0.0,True,26.5,4840,3.3641,2.46
google,1500,20,linear,True,False,10.0,0.4,0.3,0.3,0,0,UK,13,WOA,carbon,9,0.3333333333333333,E27,16.49,95.45,39,0.990532,89.2844,22.377,0.0,0,12.5591,2.0526,72.703,0.0,True,26.5,4840,3.393,2.41
google,1500,20,linear,True,False,10.0,0.4,0.3,0.3,0,0,UK,13,WOA,carbon,10,0.3333333333333333,E27,16.49,95.45,39,0.991794,89.2707,22.2781,0.0,0,12.5591,2.0498,73.368,0.0,True,26.5,4840,3.383,2.5
google,1500,10,linear,True,False,10.0,0.4,0.3,0.3,0,0,UK,14,FIFO,-,0,0.3333333333333333,E27,16.49,95.45,39,6.462106,0.0,-607.5895,0.0,0,95.9591,15.66,5.308,8.9738,False,24.5,0,0.0,0.0
google,1500,10,linear,True,False,10.0,0.4,0.3,0.3,0,0,UK,14,Consolidation,-,0,0.3333333333333333,E27,16.49,95.45,39,0.913256,85.8675,0.0,0.0,0,13.3091,2.1675,55.842,8.9738,False,24.5,0,0.0,0.0
google,1500,10,linear,True,False,10.0,0.4,0.3,0.3,0,0,UK,14,Greedy(EDF+greenest),-,0,0.3333333333333333,E27,16.49,95.45,39,0.746882,88.4421,18.2177,0.0,0,12.6091,1.9688,64.331,25.2226,False,24.5,0,0.0002,0.0
google,1500,10,linear,True,False,10.0,0.4,0.3,0.3,0,0,UK,14,VCC(Google),-,0,0.3333333333333333,E27,16.49,95.45,39,0.914379,85.8501,-0.123,0.0,0,13.3591,2.175,57.952,0.0,True,24.5,0,0.0051,0.0
google,1500,20,linear,True,False,10.0,0.4,0.3,0.3,0,0,UK,12,WOA,random,3,0.3333333333333333,E27,16.49,95.45,39,0.973564,87.4214,8.9278,0.0,0,12.9591,2.1334,77.43,0.0,True,27.5,4840,3.4261,2.64
google,1500,20,linear,True,False,10.0,0.4,0.3,0.3,0,0,UK,12,WOA,random,4,0.3333333333333333,E27,16.49,95.45,39,0.972362,87.4369,9.0403,0.0,0,12.9591,2.1169,76.062,0.0,True,27.0,4840,3.4311,2.51
google,1500,20,linear,True,False,10.0,0.4,0.3,0.3,0,0,UK,12,WOA,random,5,0.3333333333333333,E27,16.49,95.45,39,0.974624,87.4077,8.8287,0.0,0,13.1591,2.1749,69.474,0.0,True,27.5,4840,3.471,2.75
google,1500,20,linear,True,False,10.0,0.4,0.3,0.3,0,0,UK,12,WOA,random,6,0.3333333333333333,E27,16.49,95.45,39,0.965607,87.5242,9.6722,0.0,0,12.9591,2.1471,74.555,0.0,True,27.0,4840,3.3941,2.57
google,1500,20,linear,True,False,10.0,0.4,0.3,0.3,0,0,UK,12,WOA,random,7,0.3333333333333333,E27,16.49,95.45,39,0.966818,87.5086,9.5589,0.0,0,12.9591,2.1368,74.006,0.0,True,27.0,4840,3.4137,2.76
google,1500,20,linear,True,False,10.0,0.4,0.3,0.3,0,0,UK,12,WOA,random,8,0.3333333333333333,E27,16.49,95.45,39,0.969786,87.4702,9.2813,0.0,0,13.0091,2.1351,75.153,0.0,True,28.5,4840,3.3995,2.44
google,1500,20,linear,True,False,10.0,0.4,0.3,0.3,0,0,UK,12,WOA,random,9,0.3333333333333333,E27,16.49,95.45,39,0.973737,87.4192,8.9117,0.0,0,13.0591,2.1786,72.83,0.0,True,27.0,4840,3.4304,2.58
google,1500,20,linear,True,False,10.0,0.4,0.3,0.3,0,0,UK,12,WOA,random,10,0.3333333333333333,E27,16.49,95.45,39,0.967487,87.4999,9.4964,0.0,0,12.9091,2.1094,75.795,0.0,True,27.0,4840,3.414,2.66
google,1500,10,linear,True,False,10.0,0.4,0.3,0.3,0,0,UK,12,WOA,carbon,2,0.3333333333333333,E27,16.49,95.45,39,0.82893,89.2901,22.4576,0.0,0,12.9591,2.0033,64.541,0.0,True,28.0,4840,3.5851,2.45
google,1500,10,linear,True,False,10.0,0.4,0.3,0.3,0,0,UK,12,WOA,carbon,3,0.3333333333333333,E27,16.49,95.45,39,0.817392,89.4392,23.537,0.0,0,12.7591,1.9641,69.02,0.0,True,27.5,4840,3.591,2.44
google,1500,10,linear,True,False,10.0,0.4,0.3,0.3,0,0,UK,12,WOA,carbon,4,0.3333333333333333,E27,16.49,95.45,39,0.82061,89.3976,23.2359,0.0,0,12.8591,1.9866,69.441,0.0,True,27.5,4840,3.6045,2.39
google,1500,10,linear,True,False,10.0,0.4,0.3,0.3,0,0,UK,12,WOA,carbon,5,0.3333333333333333,E27,16.49,95.45,39,0.81989,89.4069,23.3033,0.0,0,12.8091,1.9624,67.988,0.0,True,27.5,4840,3.5827,2.41
google,1500,10,linear,True,False,10.0,0.4,0.3,0.3,0,0,UK,12,WOA,carbon,6,0.3333333333333333,E27,16.49,95.45,39,0.890119,88.4995,16.7338,0.0,0,13.1591,2.0612,65.23,0.0,True,27.5,4840,3.5488,2.57
google,1500,10,linear,True,False,10.0,0.4,0.3,0.3,0,0,UK,12,WOA,carbon,7,0.3333333333333333,E27,16.49,95.45,39,0.815149,89.4682,23.7468,0.0,0,12.8091,1.9624,68.589,0.0,True,27.5,4840,3.6135,2.7
google,1500,10,linear,True,False,10.0,0.4,0.3,0.3,0,0,UK,12,WOA,carbon,8,0.3333333333333333,E27,16.49,95.45,39,0.830561,89.269,22.3051,0.0,0,13.0091,2.0091,63.546,0.0,True,27.5,4840,3.5737,2.46
google,1500,10,linear,True,False,10.0,0.4,0.3,0.3,0,0,UK,12,WOA,carbon,9,0.3333333333333333,E27,16.49,95.45,39,0.848018,89.0435,20.6721,0.0,0,12.9091,2.0076,71.31,0.0,True,27.5,4840,3.5992,2.72
google,1500,20,linear,True,False,10.0,0.4,0.3,0.3,0,0,UK,12,WOA,carbon,1,0.3333333333333333,E27,16.49,95.45,39,0.780912,89.9105,26.9495,0.0,0,12.5091,1.9099,74.404,0.0,True,27.0,4840,3.453,2.55
google,1500,20,linear,True,False,10.0,0.4,0.3,0.3,0,0,UK,12,WOA,carbon,2,0.3333333333333333,E27,16.49,95.45,39,0.78171,89.9002,26.8749,0.0,0,12.5091,1.9099,73.964,0.0,True,27.0,4840,3.514,2.41
google,1500,20,linear,True,False,10.0,0.4,0.3,0.3,0,0,UK,12,WOA,carbon,3,0.3333333333333333,E27,16.49,95.45,39,0.781277,89.9058,26.9154,0.0,0,12.5591,1.9174,72.159,0.0,True,27.0,4840,3.4476,2.29
google,1500,20,linear,True,False,10.0,0.4,0.3,0.3,0,0,UK,12,WOA,carbon,4,0.3333333333333333,E27,16.49,95.45,39,0.780579,89.9148,26.9807,0.0,0,12.5591,1.9174,72.563,0.0,True,27.0,4840,3.412,2.36
google,1500,20,linear,True,False,10.0,0.4,0.3,0.3,0,0,UK,12,WOA,carbon,5,0.3333333333333333,E27,16.49,95.45,39,0.780718,89.913,26.9676,0.0,0,12.5091,1.9099,73.264,0.0,True,27.0,4840,3.4606,2.52
google,1500,20,linear,True,False,10.0,0.4,0.3,0.3,0,0,UK,12,WOA,carbon,6,0.3333333333333333,E27,16.49,95.45,39,0.779472,89.9291,27.0842,0.0,0,12.5091,1.9099,72.74,0.0,True,27.0,4840,3.4584,2.34
google,1500,20,linear,True,False,10.0,0.4,0.3,0.3,0,0,UK,12,WOA,carbon,7,0.3333333333333333,E27,16.49,95.45,39,0.784459,89.8647,26.6177,0.0,0,12.6091,1.9249,71.233,0.0,True,27.0,4840,3.4765,2.36
google,1500,20,linear,True,False,10.0,0.4,0.3,0.3,0,0,UK,12,WOA,carbon,8,0.3333333333333333,E27,16.49,95.45,39,0.781297,89.9055,26.9136,0.0,0,12.5591,1.9174,71.393,0.0,True,27.0,4840,3.4254,2.47
google,1500,10,linear,True,False,10.0,0.4,0.3,0.3,0,0,UK,13,WOA,random,2,0.3333333333333333,E27,16.49,95.45,39,1.121243,87.8704,12.1339,0.0,0,13.0091,2.1437,74.681,0.0,True,28.0,4840,3.7019,2.62
google,1500,10,linear,True,False,10.0,0.4,0.3,0.3,0,0,UK,13,WOA,random,3,0.3333333333333333,E27,16.49,95.45,39,1.115707,87.9303,12.5677,0.0,0,12.9591,2.1334,77.517,0.0,True,27.5,4840,3.5935,2.55
google,1500,10,linear,True,False,10.0,0.4,0.3,0.3,0,0,UK,13,WOA,random,4,0.3333333333333333,E27,16.49,95.45,39,1.131093,87.7638,11.3619,0.0,0,13.2591,2.2092,67.727,0.0,True,28.5,4840,3.5902,2.44
google,1500,10,linear,True,False,10.0,0.4,0.3,0.3,0,0,UK,13,WOA,random,5,0.3333333333333333,E27,16.49,95.45,39,1.129415,87.782,11.4935,0.0,0,13.1091,2.1685,73.599,0.0,True,27.5,4840,3.6263,2.44
google,1500,10,linear,True,False,10.0,0.4,0.3,0.3,0,0,UK,13,WOA,random,6,0.3333333333333333,E27,16.49,95.45,39,1.122034,87.8618,12.0719,0.0,0,13.1091,2.1479,73.739,0.0,True,28.5,4840,3.6079,2.52
google,1500,10,linear,True,False,10.0,0.4,0.3,0.3,0,0,UK,13,WOA,random,7,0.3333333333333333,E27,16.49,95.45,39,1.126727,87.811,11.7041,0.0,0,13.0591,2.149,72.852,0.0,True,28.0,4840,3.6156,2.62
google,1500,10,linear,True,False,10.0,0.4,0.3,0.3,0,0,UK,13,WOA,random,8,0.3333333333333333,E27,16.49,95.45,39,1.124856,87.8313,11.8507,0.0,0,13.0591,2.1535,72.807,0.0,True,28.0,4840,3.6166,2.48
google,1500,10,linear,True,False,10.0,0.4,0.3,0.3,0,0,UK,13,WOA,random,9,0.3333333333333333,E27,16.49,95.45,39,1.110076,87.9912,13.009,0.0,0,13.0091,2.1482,74.272,0.0,True,28.0,4840,3.6219,2.8
google,1500,10,linear,True,False,10.0,0.4,0.3,0.3,0,0,UK,13,WOA,random,10,0.3333333333333333,E27,16.49,95.45,39,1.109359,87.9989,13.0652,0.0,0,13.0591,2.1518,73.751,0.0,True,27.5,4840,3.6336,2.47
google,1500,10,linear,True,False,10.0,0.4,0.3,0.3,0,0,UK,13,WOA,carbon,1,0.3333333333333333,E27,16.49,95.45,39,1.026101,88.8996,19.5897,0.0,0,12.9091,2.0963,65.604,0.0,True,27.0,4840,3.5568,2.54
google,1500,10,linear,True,False,10.0,0.4,0.3,0.3,0,0,UK,13,WOA,carbon,2,0.3333333333333333,E27,16.49,95.45,39,1.020853,88.9564,20.0009,0.0,0,12.8091,2.0749,69.618,0.0,True,26.5,4840,3.5372,2.52
google,1500,10,linear,True,False,10.0,0.4,0.3,0.3,0,0,UK,13,WOA,carbon,3,0.3333333333333333,E27,16.49,95.45,39,1.023765,88.9249,19.7727,0.0,0,12.8591,2.0871,66.341,0.0,True,27.0,4840,3.6175,2.28
google,1500,10,linear,True,False,10.0,0.4,0.3,0.3,0,0,UK,13,WOA,carbon,4,0.3333333333333333,E27,16.49,95.45,39,1.017511,88.9925,20.2628,0.0,0,12.8591,2.0944,65.615,0.0,True,27.5,4840,3.6256,2.36
google,1500,10,linear,True,False,10.0,0.4,0.3,0.3,0,0,UK,13,WOA,carbon,5,0.3333333333333333,E27,16.49,95.45,39,1.028879,88.8696,19.372,0.0,0,12.9091,2.1047,64.538,0.0,True,27.0,4840,3.6772,2.47
google,1500,10,linear,True,False,10.0,0.4,0.3,0.3,0,0,UK,13,WOA,carbon,6,0.3333333333333333,E27,16.49,95.45,39,1.092205,88.1845,14.4094,0.0,0,13.1091,2.1615,70.511,0.0,True,28.5,4840,3.5376,2.49
google,1500,10,linear,True,False,10.0,0.4,0.3,0.3,0,0,UK,13,WOA,carbon,7,0.3333333333333333,E27,16.49,95.45,39,1.078787,88.3297,15.4609,0.0,0,13.0591,2.1347,66.99,0.0,True,27.5,4840,3.5838,2.36
google,1500,10,linear,True,False,10.0,0.4,0.3,0.3,0,0,UK,14,WOA,carbon,6,0.3333333333333333,E27,16.49,95.45,39,0.852269,86.8113,6.678,0.0,0,13.0091,2.0732,69.253,0.0,True,25.0,4840,3.372,2.56
google,1500,10,linear,True,False,10.0,0.4,0.3,0.3,0,0,UK,14,WOA,carbon,7,0.3333333333333333,E27,16.49,95.45,39,0.831854,87.1272,8.9134,0.0,0,13.0591,2.0798,62.933,0.0,True,25.0,4840,3.381,2.77
google,1500,10,linear,True,False,10.0,0.4,0.3,0.3,0,0,UK,14,WOA,carbon,8,0.3333333333333333,E27,16.49,95.45,39,0.805683,87.5322,11.7791,0.0,0,12.9591,2.0414,64.779,0.0,True,25.5,4840,3.3514,2.55
google,1500,10,linear,True,False,10.0,0.4,0.3,0.3,0,0,UK,14,WOA,carbon,9,0.3333333333333333,E27,16.49,95.45,39,0.814763,87.3917,10.7849,0.0,0,13.0091,2.0547,62.553,0.0,True,25.5,4840,3.3785,2.49
google,1500,10,linear,True,False,10.0,0.4,0.3,0.3,0,0,UK,14,WOA,carbon,10,0.3333333333333333,E27,16.49,95.45,39,0.822347,87.2743,9.9544,0.0,0,13.1091,2.0708,58.474,0.0,True,25.5,4840,3.383,2.55
google,1500,20,linear,True,False,10.0,0.4,0.3,0.3,0,0,UK,14,FIFO,-,0,0.3333333333333333,E27,16.49,95.45,39,6.462106,0.0,-607.5895,0.0,0,95.9591,15.66,5.308,0.0,True,24.5,0,0.0,0.0
google,1500,20,linear,True,False,10.0,0.4,0.3,0.3,0,0,UK,14,Consolidation,-,0,0.3333333333333333,E27,16.49,95.45,39,0.913256,85.8675,0.0,0.0,0,13.3091,2.1675,55.842,0.0,True,24.5,0,0.0,0.0
google,1500,20,linear,True,False,10.0,0.4,0.3,0.3,0,0,UK,14,Greedy(EDF+greenest),-,0,0.3333333333333333,E27,16.49,95.45,39,0.746882,88.4421,18.2177,0.0,0,12.6091,1.9688,64.331,0.8379,False,24.5,0,0.0002,0.0
google,1500,20,linear,True,False,10.0,0.4,0.3,0.3,0,0,UK,13,WOA,random,1,0.3333333333333333,E27,16.49,95.45,39,1.108415,88.0091,13.1391,0.0,0,13.0591,2.1571,71.3,0.0,True,28.0,4840,3.3671,2.92
google,1500,20,linear,True,False,10.0,0.4,0.3,0.3,0,0,UK,13,WOA,random,2,0.3333333333333333,E27,16.49,95.45,39,1.107631,88.0176,13.2006,0.0,0,13.0591,2.1514,72.306,0.0,True,28.0,4840,3.3834,2.58
google,1500,20,linear,True,False,10.0,0.4,0.3,0.3,0,0,UK,13,WOA,random,3,0.3333333333333333,E27,16.49,95.45,39,1.115849,87.9287,12.5565,0.0,0,12.9591,2.1334,77.37,0.0,True,27.5,4840,3.3795,2.58
google,1500,20,linear,True,False,10.0,0.4,0.3,0.3,0,0,UK,13,WOA,random,4,0.3333333333333333,E27,16.49,95.45,39,1.101579,88.0831,13.6748,0.0,0,13.1091,2.1362,63.319,0.0,True,28.0,4840,3.3942,2.57
google,1500,20,linear,True,False,10.0,0.4,0.3,0.3,0,0,UK,13,WOA,random,5,0.3333333333333333,E27,16.49,95.45,39,1.113141,87.958,12.7688,0.0,0,13.1091,2.1299,69.136,0.0,True,28.0,4840,3.4256,2.63
google,1500,20,linear,True,False,10.0,0.4,0.3,0.3,0,0,UK,13,WOA,random,6,0.3333333333333333,E27,16.49,95.45,39,1.11324,87.9569,12.761,0.0,0,13.2091,2.1704,70.156,0.0,True,28.5,4840,3.3963,2.69
google,1500,20,linear,True,False,10.0,0.4,0.3,0.3,0,0,UK,13,WOA,random,7,0.3333333333333333,E27,16.49,95.45,39,1.100581,88.0939,13.753,0.0,0,13.0591,2.1285,68.998,0.0,True,28.0,4840,3.3992,2.55
google,1500,20,linear,True,False,10.0,0.4,0.3,0.3,0,0,UK,13,WOA,random,8,0.3333333333333333,E27,16.49,95.45,39,1.098035,88.1214,13.9525,0.0,0,13.1091,2.1304,67.007,0.0,True,27.5,4840,3.3902,2.63
google,1500,20,linear,True,False,10.0,0.4,0.3,0.3,0,0,UK,13,WOA,random,9,0.3333333333333333,E27,16.49,95.45,39,1.106287,88.0322,13.3059,0.0,0,13.0591,2.1604,70.325,0.0,True,28.0,4840,3.3995,2.5
google,1500,20,linear,True,False,10.0,0.4,0.3,0.3,0,0,UK,13,WOA,random,10,0.3333333333333333,E27,16.49,95.45,39,1.108558,88.0076,13.1279,0.0,0,13.0591,2.1285,69.372,0.0,True,27.5,4840,3.387,2.75
google,1500,20,linear,True,False,10.0,0.4,0.3,0.3,0,0,UK,13,WOA,carbon,1,0.3333333333333333,E27,16.49,95.45,39,0.990356,89.2863,22.3908,0.0,0,12.5591,2.0652,71.762,0.0,True,26.5,4840,3.3986,2.44
google,1500,20,linear,True,False,10.0,0.4,0.3,0.3,0,0,UK,13,WOA,carbon,2,0.3333333333333333,E27,16.49,95.45,39,0.993795,89.2491,22.1213,0.0,0,12.5591,2.0702,70.811,0.0,True,26.5,4840,3.3934,2.48
google,1500,20,linear,True,False,10.0,0.4,0.3,0.3,0,0,UK,13,WOA,carbon,3,0.3333333333333333,E27,16.49,95.45,39,0.996082,89.2244,21.9421,0.0,0,12.6091,2.0727,71.384,0.0,True,26.5,4840,3.4073,2.43
google,1500,20,linear,True,False,10.0,0.4,0.3,0.3,0,0,UK,13,WOA,carbon,4,0.3333333333333333,E27,16.49,95.45,39,0.992063,89.2678,22.2571,0.0,0,12.6091,2.071,70.691,0.0,True,26.5,4840,3.3785,2.48
google,1500,20,linear,True,False,10.0,0.4,0.3,0.3,0,0,UK,13,WOA,carbon,5,0.3333333333333333,E27,16.49,95.45,39,0.9945,89.2415,22.0661,0.0,0,12.6091,2.0852,69.21,0.0,True,26.5,4840,3.4031,2.55
google,1500,20,linear,True,False,10.0,0.4,0.3,0.3,0,0,UK,13,WOA,carbon,6,0.3333333333333333,E27,16.49,95.45,39,0.986521,89.3278,22.6913,0.0,0,12.5091,2.0605,72.456,0.0,True,26.5,4840,3.3745,2.56
google,1500,10,linear,True,False,10.0,0.4,0.3,0.3,0,0,UK,14,Threshold(WaitAwhile),-,0,0.3333333333333333,E27,16.49,95.45,39,0.85878,86.7105,5.9651,0.0,0,12.9591,2.0213,63.38,8.9738,False,24.5,0,0.0223,0.0
google,1500,10,linear,True,False,10.0,0.4,0.3,0.3,0,0,UK,14,WOA,random,1,0.3333333333333333,E27,16.49,95.45,39,0.87528,86.4552,4.1584,0.0,0,12.9091,2.1214,78.618,0.0,True,25.0,4840,3.3992,2.57
google,1500,10,linear,True,False,10.0,0.4,0.3,0.3,0,0,UK,14,WOA,random,2,0.3333333333333333,E27,16.49,95.45,39,0.881205,86.3635,3.5095,0.0,0,13.0091,2.1329,77.064,0.0,True,25.5,4840,3.3879,2.51
google,1500,10,linear,True,False,10.0,0.4,0.3,0.3,0,0,UK,14,WOA,random,3,0.3333333333333333,E27,16.49,95.45,39,0.875195,86.4565,4.1677,0.0,0,12.9091,2.1381,78.21,0.0,True,24.5,4840,3.3744,2.51
google,1500,10,linear,True,False,10.0,0.4,0.3,0.3,0,0,UK,14,WOA,random,4,0.3333333333333333,E27,16.49,95.45,39,0.880771,86.3702,3.557,0.0,0,12.9591,2.1221,74.432,0.0,True,24.5,4840,3.3769,2.74
google,1500,10,linear,True,False,10.0,0.4,0.3,0.3,0,0,UK,14,WOA,random,5,0.3333333333333333,E27,16.49,95.45,39,0.88051,86.3743,3.5857,0.0,0,12.8591,2.119,78.379,0.0,True,25.0,4840,3.3967,2.8
google,1500,10,linear,True,False,10.0,0.4,0.3,0.3,0,0,UK,14,WOA,random,6,0.3333333333333333,E27,16.49,95.45,39,0.878573,86.4042,3.7978,0.0,0,12.9591,2.1221,74.071,0.0,True,24.5,4840,3.3735,2.32
google,1500,10,linear,True,False,10.0,0.4,0.3,0.3,0,0,UK,14,WOA,random,7,0.3333333333333333,E27,16.49,95.45,39,0.887869,86.2604,2.7798,0.0,0,12.9591,2.1324,74.569,0.0,True,25.5,4840,3.3808,2.49
google,1500,20,linear,True,False,10.0,0.4,0.3,0.3,0,0,UK,14,VCC(Google),-,0,0.3333333333333333,E27,16.49,95.45,39,0.913256,85.8675,0.0,0.0,0,13.3091,2.1675,55.842,0.0,True,24.5,0,0.005,0.0
google,1500,20,linear,True,False,10.0,0.4,0.3,0.3,0,0,UK,14,Threshold(WaitAwhile),-,0,0.3333333333333333,E27,16.49,95.45,39,0.85878,86.7105,5.9651,0.0,0,12.9591,2.0213,63.38,0.0,True,24.5,0,0.0226,0.0
google,1500,20,linear,True,False,10.0,0.4,0.3,0.3,0,0,UK,14,WOA,random,1,0.3333333333333333,E27,16.49,95.45,39,0.880731,86.3708,3.5615,0.0,0,12.9091,2.1259,76.627,0.0,True,24.5,4840,3.3916,2.73
google,1500,20,linear,True,False,10.0,0.4,0.3,0.3,0,0,UK,14,WOA,random,2,0.3333333333333333,E27,16.49,95.45,39,0.882919,86.337,3.3219,0.0,0,13.0091,2.1306,75.546,0.0,True,25.5,4840,3.3805,2.69
google,1500,20,linear,True,False,10.0,0.4,0.3,0.3,0,0,UK,14,WOA,random,3,0.3333333333333333,E27,16.49,95.45,39,0.869757,86.5407,4.7631,0.0,0,12.7591,2.106,77.94,0.0,True,24.5,4840,3.3843,2.49
google,1500,20,linear,True,False,10.0,0.4,0.3,0.3,0,0,UK,14,WOA,random,4,0.3333333333333333,E27,16.49,95.45,39,0.89163,86.2022,2.368,0.0,0,13.0091,2.1229,68.498,0.0,True,24.5,4840,3.3928,2.42
google,1500,20,linear,True,False,10.0,0.4,0.3,0.3,0,0,UK,14,WOA,random,5,0.3333333333333333,E27,16.49,95.45,39,0.887709,86.2629,2.7974,0.0,0,13.0091,2.1376,73.02,0.0,True,25.0,4840,3.3914,2.74
google,1500,20,linear,True,False,10.0,0.4,0.3,0.3,0,0,UK,14,WOA,random,6,0.3333333333333333,E27,16.49,95.45,39,0.879048,86.3969,3.7458,0.0,0,12.9591,2.1227,74.192,0.0,True,24.5,4840,3.3676,2.58
google,1500,10,linear,True,False,10.0,0.4,0.3,0.3,0,0,UK,15,Greedy(EDF+greenest),-,0,0.3333333333333333,E27,16.49,95.45,39,0.827244,88.8325,19.1659,0.0,0,12.6091,1.9249,70.543,21.7417,False,26.0,0,0.0002,0.0
google,1500,10,linear,True,False,10.0,0.4,0.3,0.3,0,0,UK,15,VCC(Google),-,0,0.3333333333333333,E27,16.49,95.45,39,1.010573,86.3576,1.252,0.0,0,13.2091,2.1525,59.462,0.0,True,24.5,0,0.0053,0.0
google,1500,10,linear,True,False,10.0,0.4,0.3,0.3,0,0,UK,15,Threshold(WaitAwhile),-,0,0.3333333333333333,E27,16.49,95.45,39,0.89572,87.9081,12.4747,0.0,0,12.7591,1.9474,64.236,16.5796,False,24.5,0,0.0225,0.0
google,1500,10,linear,True,False,10.0,0.4,0.3,0.3,0,0,UK,15,WOA,random,1,0.3333333333333333,E27,16.49,95.45,39,0.95463,87.1128,6.7184,0.0,0,13.0591,2.1497,76.784,0.0,True,27.5,4840,3.6341,2.57
google,1500,10,linear,True,False,10.0,0.4,0.3,0.3,0,0,UK,15,WOA,random,2,0.3333333333333333,E27,16.49,95.45,39,0.961286,87.023,6.068,0.0,0,13.1091,2.1417,72.867,0.0,True,28.0,4840,3.5784,2.52
google,1500,10,linear,True,False,10.0,0.4,0.3,0.3,0,0,UK,15,WOA,random,3,0.3333333333333333,E27,16.49,95.45,39,0.949748,87.1787,7.1955,0.0,0,13.0091,2.151,73.282,0.0,True,27.5,4840,3.5972,2.66
google,1500,10,linear,True,False,10.0,0.4,0.3,0.3,0,0,UK,15,WOA,random,4,0.3333333333333333,E27,16.49,95.45,39,0.944271,87.2526,7.7306,0.0,0,12.9591,2.1287,77.197,0.0,True,27.5,4840,3.601,2.65
google,1500,10,linear,True,False,10.0,0.4,0.3,0.3,0,0,UK,15,WOA,random,5,0.3333333333333333,E27,16.49,95.45,39,0.94901,87.1887,7.2675,0.0,0,12.9591,2.1413,76.105,0.0,True,27.5,4840,3.5994,2.5
google,1500,10,linear,True,False,10.0,0.4,0.3,0.3,0,0,UK,14,WOA,random,8,0.3333333333333333,E27,16.49,95.45,39,0.884309,86.3155,3.1697,0.0,0,12.9091,2.1248,74.142,0.0,True,25.5,4840,3.3899,2.45
google,1500,10,linear,True,False,10.0,0.4,0.3,0.3,0,0,UK,14,WOA,random,9,0.3333333333333333,E27,16.49,95.45,39,0.877366,86.4229,3.9299,0.0,0,12.8591,2.1218,75.601,0.0,True,26.0,4840,3.4188,2.49
google,1500,10,linear,True,False,10.0,0.4,0.3,0.3,0,0,UK,14,WOA,random,10,0.3333333333333333,E27,16.49,95.45,39,0.872807,86.4935,4.4291,0.0,0,12.8091,2.093,75.588,0.0,True,24.5,4840,3.405,2.47
google,1500,10,linear,True,False,10.0,0.4,0.3,0.3,0,0,UK,14,WOA,carbon,1,0.3333333333333333,E27,16.49,95.45,39,0.86162,86.6666,5.6541,0.0,0,12.9591,2.0863,73.666,0.0,True,24.5,4840,3.3652,2.51
google,1500,10,linear,True,False,10.0,0.4,0.3,0.3,0,0,UK,14,WOA,carbon,2,0.3333333333333333,E27,16.49,95.45,39,0.849403,86.8556,6.9919,0.0,0,13.0091,2.083,73.189,0.0,True,26.0,4840,3.3652,2.44
google,1500,10,linear,True,False,10.0,0.4,0.3,0.3,0,0,UK,14,WOA,carbon,3,0.3333333333333333,E27,16.49,95.45,39,0.846231,86.9047,7.3392,0.0,0,13.0091,2.0781,66.948,0.0,True,25.0,4840,3.3369,2.65
google,1500,10,linear,True,False,10.0,0.4,0.3,0.3,0,0,UK,14,WOA,carbon,4,0.3333333333333333,E27,16.49,95.45,39,0.842791,86.9579,7.7158,0.0,0,12.9091,2.0727,70.104,0.0,True,24.5,4840,3.3479,2.43
google,1500,10,linear,True,False,10.0,0.4,0.3,0.3,0,0,UK,14,WOA,carbon,5,0.3333333333333333,E27,16.49,95.45,39,0.823525,87.2561,9.8254,0.0,0,12.9591,2.0489,62.453,0.0,True,25.5,4840,3.3597,2.73
google,1500,10,linear,True,False,10.0,0.4,0.3,0.3,0,0,UK,16,FIFO,-,0,0.3333333333333333,E27,16.49,95.45,39,7.90754,0.0,-615.5888,0.0,0,95.9591,15.66,5.308,8.9738,False,24.5,0,0.0,0.0
google,1500,10,linear,True,False,10.0,0.4,0.3,0.3,0,0,UK,16,Consolidation,-,0,0.3333333333333333,E27,16.49,95.45,39,1.10504,86.0255,0.0,0.0,0,13.3091,2.1675,55.842,8.9738,False,24.5,0,0.0,0.0
google,1500,10,linear,True,False,10.0,0.4,0.3,0.3,0,0,UK,16,Greedy(EDF+greenest),-,0,0.3333333333333333,E27,16.49,95.45,39,0.871861,88.9743,21.1014,0.0,0,12.8591,1.9954,63.359,18.5595,False,27.0,0,0.0002,0.0
google,1500,10,linear,True,False,10.0,0.4,0.3,0.3,0,0,UK,16,VCC(Google),-,0,0.3333333333333333,E27,16.49,95.45,39,1.099413,86.0966,0.5092,0.0,0,13.3091,2.1675,59.109,0.0,True,24.5,0,0.0056,0.0
google,1500,10,linear,True,False,10.0,0.4,0.3,0.3,0,0,UK,16,Threshold(WaitAwhile),-,0,0.3333333333333333,E27,16.49,95.45,39,1.004364,87.2987,9.1106,0.0,0,13.0091,2.0179,59.213,14.0915,False,25.5,0,0.0226,0.0
google,1500,10,linear,True,False,10.0,0.4,0.3,0.3,0,0,UK,16,WOA,random,1,0.3333333333333333,E27,16.49,95.45,39,1.022763,87.066,7.4456,0.0,0,12.9591,2.1441,77.742,0.0,True,27.5,4840,3.417,2.49
google,1500,10,linear,True,False,10.0,0.4,0.3,0.3,0,0,UK,16,WOA,random,2,0.3333333333333333,E27,16.49,95.45,39,1.040923,86.8363,5.8022,0.0,0,13.1091,2.1621,71.585,0.0,True,28.5,4840,3.3887,2.43
google,1500,10,linear,True,False,10.0,0.4,0.3,0.3,0,0,UK,16,WOA,random,3,0.3333333333333333,E27,16.49,95.45,39,1.031071,86.9609,6.6937,0.0,0,13.0091,2.1616,73.149,0.0,True,26.0,4840,3.3614,2.55
google,1500,20,linear,True,False,10.0,0.4,0.3,0.3,0,0,UK,14,WOA,carbon,5,0.3333333333333333,E27,16.49,95.45,39,0.788318,87.8009,13.6806,0.0,0,12.8091,2.0091,68.652,0.0,True,25.0,4840,3.4503,2.5
google,1500,20,linear,True,False,10.0,0.4,0.3,0.3,0,0,UK,14,WOA,carbon,6,0.3333333333333333,E27,16.49,95.45,39,0.792703,87.7331,13.2004,0.0,0,12.8591,2.0224,65.477,0.0,True,25.0,4840,3.3758,2.56
google,1500,20,linear,True,False,10.0,0.4,0.3,0.3,0,0,UK,14,WOA,carbon,7,0.3333333333333333,E27,16.49,95.45,39,0.799352,87.6302,12.4724,0.0,0,12.9091,2.0402,62.958,0.0,True,25.0,4840,3.3974,2.43
google,1500,20,linear,True,False,10.0,0.4,0.3,0.3,0,0,UK,14,WOA,carbon,8,0.3333333333333333,E27,16.49,95.45,39,0.78438,87.8619,14.1117,0.0,0,12.8091,2.0063,66.303,0.0,True,24.5,4840,3.3734,2.46
google,1500,20,linear,True,False,10.0,0.4,0.3,0.3,0,0,UK,14,WOA,carbon,9,0.3333333333333333,E27,16.49,95.45,39,0.788535,87.7976,13.6568,0.0,0,12.8591,2.0155,62.48,0.0,True,25.0,4840,3.3987,2.34
google,1500,20,linear,True,False,10.0,0.4,0.3,0.3,0,0,UK,14,WOA,carbon,10,0.3333333333333333,E27,16.49,95.45,39,0.786486,87.8293,13.8811,0.0,0,12.8091,2.0108,65.253,0.0,True,24.5,4840,3.383,2.43
google,1500,10,linear,True,False,10.0,0.4,0.3,0.3,0,0,UK,15,FIFO,-,0,0.3333333333333333,E27,16.49,95.45,39,7.407585,0.0,-623.8318,0.0,0,95.9591,15.66,5.308,8.9738,False,24.5,0,0.0,0.0
google,1500,10,linear,True,False,10.0,0.4,0.3,0.3,0,0,UK,15,Consolidation,-,0,0.3333333333333333,E27,16.49,95.45,39,1.023385,86.1846,0.0,0.0,0,13.3091,2.1675,55.842,8.9738,False,24.5,0,0.0,0.0
google,1500,20,linear,True,False,10.0,0.4,0.3,0.3,0,0,UK,15,Consolidation,-,0,0.3333333333333333,E27,16.49,95.45,39,1.023385,86.1846,0.0,0.0,0,13.3091,2.1675,55.842,0.0,True,24.5,0,0.0,0.0
google,1500,20,linear,True,False,10.0,0.4,0.3,0.3,0,0,UK,15,Greedy(EDF+greenest),-,0,0.3333333333333333,E27,16.49,95.45,39,0.827244,88.8325,19.1659,0.0,0,12.6091,1.9249,70.543,0.8379,False,26.0,0,0.0002,0.0
google,1500,20,linear,True,False,10.0,0.4,0.3,0.3,0,0,UK,15,VCC(Google),-,0,0.3333333333333333,E27,16.49,95.45,39,1.023385,86.1846,0.0,0.0,0,13.3091,2.1675,55.842,0.0,True,24.5,0,0.005,0.0
google,1500,20,linear,True,False,10.0,0.4,0.3,0.3,0,0,UK,15,Threshold(WaitAwhile),-,0,0.3333333333333333,E27,16.49,95.45,39,0.89572,87.9081,12.4747,0.0,0,12.7591,1.9474,64.236,0.0,True,24.5,0,0.0218,0.0
google,1500,20,linear,True,False,10.0,0.4,0.3,0.3,0,0,UK,15,WOA,random,1,0.3333333333333333,E27,16.49,95.45,39,0.956323,87.09,6.553,0.0,0,13.0591,2.1503,76.012,0.0,True,27.5,4840,3.5598,2.56
google,1500,20,linear,True,False,10.0,0.4,0.3,0.3,0,0,UK,15,WOA,random,2,0.3333333333333333,E27,16.49,95.45,39,0.949476,87.1824,7.222,0.0,0,13.0091,2.146,74.211,0.0,True,28.0,4840,3.6091,2.61
google,1500,20,linear,True,False,10.0,0.4,0.3,0.3,0,0,UK,15,WOA,random,3,0.3333333333333333,E27,16.49,95.45,39,0.943691,87.2605,7.7873,0.0,0,12.9091,2.1304,79.185,0.0,True,26.5,4840,3.6032,2.47
google,1500,20,linear,True,False,10.0,0.4,0.3,0.3,0,0,UK,15,WOA,random,4,0.3333333333333333,E27,16.49,95.45,39,0.947857,87.2042,7.3802,0.0,0,12.9591,2.1374,76.702,0.0,True,27.5,4840,3.5359,2.56
google,1500,20,linear,True,False,10.0,0.4,0.3,0.3,0,0,UK,14,WOA,random,7,0.3333333333333333,E27,16.49,95.45,39,0.891545,86.2035,2.3774,0.0,0,13.0591,2.1396,67.866,0.0,True,24.5,4840,3.3801,2.5
google,1500,20,linear,True,False,10.0,0.4,0.3,0.3,0,0,UK,14,WOA,random,8,0.3333333333333333,E27,16.49,95.45,39,0.88543,86.2981,3.047,0.0,0,12.9091,2.1159,70.213,0.0,True,24.5,4840,3.363,2.51
google,1500,20,linear,True,False,10.0,0.4,0.3,0.3,0,0,UK,14,WOA,random,9,0.3333333333333333,E27,16.49,95.45,39,0.877785,86.4164,3.8841,0.0,0,12.8591,2.1203,75.198,0.0,True,26.0,4840,3.3988,2.52
google,1500,20,linear,True,False,10.0,0.4,0.3,0.3,0,0,UK,14,WOA,random,10,0.3333333333333333,E27,16.49,95.45,39,0.875034,86.459,4.1853,0.0,0,12.9591,2.1295,79.753,0.0,True,25.0,4840,3.3871,2.51
google,1500,20,linear,True,False,10.0,0.4,0.3,0.3,0,0,UK,14,WOA,carbon,1,0.3333333333333333,E27,16.49,95.45,39,0.788442,87.799,13.667,0.0,0,12.8091,2.0063,66.603,0.0,True,25.0,4840,3.3751,2.43
google,1500,20,linear,True,False,10.0,0.4,0.3,0.3,0,0,UK,14,WOA,carbon,2,0.3333333333333333,E27,16.49,95.45,39,0.770692,88.0737,15.6106,0.0,0,12.6091,1.9769,67.009,0.0,True,25.0,4840,3.3551,2.54
google,1500,20,linear,True,False,10.0,0.4,0.3,0.3,0,0,UK,14,WOA,carbon,3,0.3333333333333333,E27,16.49,95.45,39,0.789673,87.7799,13.5321,0.0,0,12.7091,2.0005,66.319,0.0,True,25.0,4840,3.338,2.48
google,1500,20,linear,True,False,10.0,0.4,0.3,0.3,0,0,UK,14,WOA,carbon,4,0.3333333333333333,E27,16.49,95.45,39,0.780332,87.9245,14.555,0.0,0,12.7591,1.9999,68.313,0.0,True,25.0,4840,3.3521,2.49
google,1500,10,linear,True,False,10.0,0.4,0.3,0.3,0,0,UK,15,WOA,random,6,0.3333333333333333,E27,16.49,95.45,39,0.959573,87.0461,6.2353,0.0,0,13.1091,2.169,72.525,0.0,True,28.0,4840,3.4931,2.42
google,1500,10,linear,True,False,10.0,0.4,0.3,0.3,0,0,UK,15,WOA,random,7,0.3333333333333333,E27,16.49,95.45,39,0.949376,87.1837,7.2318,0.0,0,12.9591,2.1437,76.562,0.0,True,27.5,4840,3.4736,2.55
google,1500,10,linear,True,False,10.0,0.4,0.3,0.3,0,0,UK,15,WOA,random,8,0.3333333333333333,E27,16.49,95.45,39,0.947871,87.204,7.3788,0.0,0,13.0091,2.1351,73.789,0.0,True,28.5,4840,3.4152,2.69
google,1500,10,linear,True,False,10.0,0.4,0.3,0.3,0,0,UK,15,WOA,random,9,0.3333333333333333,E27,16.49,95.45,39,0.943623,87.2614,7.794,0.0,0,12.9091,2.1209,77.311,0.0,True,27.0,4840,3.4588,2.66
google,1500,10,linear,True,False,10.0,0.4,0.3,0.3,0,0,UK,15,WOA,random,10,0.3333333333333333,E27,16.49,95.45,39,0.943066,87.2689,7.8483,0.0,0,12.8591,2.1167,76.698,0.0,True,26.5,4840,3.444,2.58
google,1500,10,linear,True,False,10.0,0.4,0.3,0.3,0,0,UK,15,WOA,carbon,1,0.3333333333333333,E27,16.49,95.45,39,0.905949,87.77,11.4752,0.0,0,13.0091,2.0706,70.743,0.0,True,26.5,4840,3.4074,2.93
google,1500,10,linear,True,False,10.0,0.4,0.3,0.3,0,0,UK,15,WOA,carbon,2,0.3333333333333333,E27,16.49,95.45,39,0.935049,87.3771,8.6317,0.0,0,13.0091,2.1141,76.477,0.0,True,27.5,4840,3.3918,2.46
google,1500,10,linear,True,False,10.0,0.4,0.3,0.3,0,0,UK,15,WOA,carbon,3,0.3333333333333333,E27,16.49,95.45,39,0.912347,87.6836,10.8501,0.0,0,12.9591,2.0702,74.016,0.0,True,28.0,4840,3.3857,2.43
google,1500,10,linear,True,False,10.0,0.4,0.3,0.3,0,0,UK,16,WOA,carbon,10,0.3333333333333333,E27,16.49,95.45,39,1.000334,87.3496,9.4753,0.0,0,13.0091,2.1107,75.576,0.0,True,27.5,4840,3.58,2.39
google,1500,20,linear,True,False,10.0,0.4,0.3,0.3,0,0,UK,16,FIFO,-,0,0.3333333333333333,E27,16.49,95.45,39,7.90754,0.0,-615.5888,0.0,0,95.9591,15.66,5.308,0.0,True,24.5,0,0.0,0.0
google,1500,20,linear,True,False,10.0,0.4,0.3,0.3,0,0,UK,16,Consolidation,-,0,0.3333333333333333,E27,16.49,95.45,39,1.10504,86.0255,0.0,0.0,0,13.3091,2.1675,55.842,0.0,True,24.5,0,0.0,0.0
google,1500,20,linear,True,False,10.0,0.4,0.3,0.3,0,0,UK,16,Greedy(EDF+greenest),-,0,0.3333333333333333,E27,16.49,95.45,39,0.871861,88.9743,21.1014,0.0,0,12.8591,1.9954,63.359,0.8379,False,27.0,0,0.0002,0.0
google,1500,20,linear,True,False,10.0,0.4,0.3,0.3,0,0,UK,16,VCC(Google),-,0,0.3333333333333333,E27,16.49,95.45,39,1.108716,85.979,-0.3327,0.0,0,13.3591,2.175,55.483,0.0,True,24.5,0,0.005,0.0
google,1500,20,linear,True,False,10.0,0.4,0.3,0.3,0,0,UK,16,Threshold(WaitAwhile),-,0,0.3333333333333333,E27,16.49,95.45,39,1.004364,87.2987,9.1106,0.0,0,13.0091,2.0179,59.213,0.0,True,25.5,0,0.0224,0.0
google,1500,20,linear,True,False,10.0,0.4,0.3,0.3,0,0,UK,16,WOA,random,1,0.3333333333333333,E27,16.49,95.45,39,1.030606,86.9668,6.7359,0.0,0,13.0091,2.1409,77.263,0.0,True,27.5,4840,3.5679,2.66
google,1500,20,linear,True,False,10.0,0.4,0.3,0.3,0,0,UK,16,WOA,random,2,0.3333333333333333,E27,16.49,95.45,39,1.037302,86.8821,6.1299,0.0,0,13.1091,2.1707,66.71,0.0,True,28.5,4840,3.5675,2.51
google,1500,20,linear,True,False,10.0,0.4,0.3,0.3,0,0,UK,16,WOA,carbon,9,0.3333333333333333,E27,16.49,95.45,39,0.897951,88.6444,18.7404,0.0,0,12.9591,2.0266,64.682,0.0,True,27.5,4840,3.3825,2.56
google,1500,20,linear,True,False,10.0,0.4,0.3,0.3,0,0,UK,16,WOA,carbon,10,0.3333333333333333,E27,16.49,95.45,39,0.887822,88.7725,19.657,0.0,0,12.8591,2.0121,66.165,0.0,True,27.0,4840,3.3511,2.48
google,1500,10,linear,True,False,10.0,0.4,0.3,0.3,0,0,UK,17,FIFO,-,0,0.3333333333333333,E27,16.49,95.45,39,7.315699,0.0,-619.9084,0.0,0,95.9591,15.66,5.308,8.9738,False,24.5,0,0.0,0.0
google,1500,10,linear,True,False,10.0,0.4,0.3,0.3,0,0,UK,17,Consolidation,-,0,0.3333333333333333,E27,16.49,95.45,39,1.016199,86.1093,0.0,0.0,0,13.3091,2.1675,55.842,8.9738,False,24.5,0,0.0,0.0
google,1500,10,linear,True,False,10.0,0.4,0.3,0.3,0,0,UK,17,Greedy(EDF+greenest),-,0,0.3333333333333333,E27,16.49,95.45,39,0.767139,89.5138,24.5089,0.0,0,12.7091,1.9838,62.345,10.6692,False,24.5,0,0.0002,0.0
google,1500,10,linear,True,False,10.0,0.4,0.3,0.3,0,0,UK,17,VCC(Google),-,0,0.3333333333333333,E27,16.49,95.45,39,1.007247,86.2317,0.8809,0.0,0,13.3091,2.1675,59.222,0.0,True,24.5,0,0.0055,0.0
google,1500,10,linear,True,False,10.0,0.4,0.3,0.3,0,0,UK,17,Threshold(WaitAwhile),-,0,0.3333333333333333,E27,16.49,95.45,39,0.851528,88.3603,16.2045,0.0,0,12.8091,1.9988,60.066,20.5536,False,24.5,0,0.0222,0.0
google,1500,10,linear,True,False,10.0,0.4,0.3,0.3,0,0,UK,17,WOA,random,1,0.3333333333333333,E27,16.49,95.45,39,0.903919,87.6441,11.049,0.0,0,13.1591,2.1846,70.606,0.0,True,28.0,4840,3.3914,2.39
google,1500,10,linear,True,False,10.0,0.4,0.3,0.3,0,0,UK,15,WOA,carbon,4,0.3333333333333333,E27,16.49,95.45,39,0.924706,87.5168,9.6424,0.0,0,12.9591,2.0822,74.708,0.0,True,27.0,4840,3.5519,2.66
google,1500,10,linear,True,False,10.0,0.4,0.3,0.3,0,0,UK,15,WOA,carbon,5,0.3333333333333333,E27,16.49,95.45,39,0.890164,87.9831,13.0177,0.0,0,12.9591,2.0521,70.692,0.0,True,26.5,4840,3.5991,2.58
google,1500,10,linear,True,False,10.0,0.4,0.3,0.3,0,0,UK,15,WOA,carbon,6,0.3333333333333333,E27,16.49,95.45,39,0.916455,87.6281,10.4486,0.0,0,12.9591,2.0942,72.966,0.0,True,26.5,4840,3.5291,2.63
google,1500,10,linear,True,False,10.0,0.4,0.3,0.3,0,0,UK,15,WOA,carbon,7,0.3333333333333333,E27,16.49,95.45,39,0.924811,87.5153,9.6321,0.0,0,13.0591,2.1053,70.64,0.0,True,26.5,4840,3.5495,2.67
google,1500,10,linear,True,False,10.0,0.4,0.3,0.3,0,0,UK,15,WOA,carbon,8,0.3333333333333333,E27,16.49,95.45,39,0.917565,87.6132,10.3402,0.0,0,12.9591,2.101,73.181,0.0,True,27.0,4840,3.5469,2.5
google,1500,10,linear,True,False,10.0,0.4,0.3,0.3,0,0,UK,15,WOA,carbon,9,0.3333333333333333,E27,16.49,95.45,39,0.901453,87.8307,11.9145,0.0,0,13.0091,2.0421,66.312,0.0,True,26.5,4840,3.5564,2.82
google,1500,10,linear,True,False,10.0,0.4,0.3,0.3,0,0,UK,15,WOA,carbon,10,0.3333333333333333,E27,16.49,95.45,39,0.927996,87.4724,9.3209,0.0,0,13.0091,2.0749,75.322,0.0,True,27.5,4840,3.5124,2.55
google,1500,20,linear,True,False,10.0,0.4,0.3,0.3,0,0,UK,15,FIFO,-,0,0.3333333333333333,E27,16.49,95.45,39,7.407585,0.0,-623.8318,0.0,0,95.9591,15.66,5.308,0.0,True,24.5,0,0.0,0.0
google,1500,20,linear,True,False,10.0,0.4,0.3,0.3,0,0,UK,15,WOA,random,5,0.3333333333333333,E27,16.49,95.45,39,0.949853,87.1773,7.1851,0.0,0,12.9591,2.1407,76.678,0.0,True,27.5,4840,3.4223,2.49
google,1500,20,linear,True,False,10.0,0.4,0.3,0.3,0,0,UK,15,WOA,random,6,0.3333333333333333,E27,16.49,95.45,39,0.947929,87.2033,7.3731,0.0,0,12.9591,2.1495,74.242,0.0,True,28.0,4840,3.3788,2.54
google,1500,20,linear,True,False,10.0,0.4,0.3,0.3,0,0,UK,15,WOA,random,7,0.3333333333333333,E27,16.49,95.45,39,0.95027,87.1717,7.1444,0.0,0,12.9591,2.1362,75.141,0.0,True,27.5,4840,3.3833,2.69
google,1500,20,linear,True,False,10.0,0.4,0.3,0.3,0,0,UK,15,WOA,random,8,0.3333333333333333,E27,16.49,95.45,39,0.955526,87.1007,6.6308,0.0,0,13.1091,2.1548,72.248,0.0,True,28.0,4840,3.3753,2.42
google,1500,20,linear,True,False,10.0,0.4,0.3,0.3,0,0,UK,15,WOA,random,9,0.3333333333333333,E27,16.49,95.45,39,0.94767,87.2068,7.3985,0.0,0,12.9591,2.1306,76.471,0.0,True,27.0,4840,3.3638,2.5
google,1500,20,linear,True,False,10.0,0.4,0.3,0.3,0,0,UK,15,WOA,random,10,0.3333333333333333,E27,16.49,95.45,39,0.952513,87.1414,6.9253,0.0,0,13.0591,2.1512,73.044,0.0,True,27.5,4840,3.3405,2.4
google,1500,20,linear,True,False,10.0,0.4,0.3,0.3,0,0,UK,15,WOA,carbon,1,0.3333333333333333,E27,16.49,95.45,39,0.860511,88.3834,15.9152,0.0,0,12.9091,1.9936,64.98,0.0,True,26.5,4840,3.3056,2.62
google,1500,20,linear,True,False,10.0,0.4,0.3,0.3,0,0,UK,15,WOA,carbon,2,0.3333333333333333,E27,16.49,95.45,39,0.853701,88.4753,16.5806,0.0,0,12.8091,1.9802,67.207,0.0,True,26.5,4840,3.2892,2.64
google,1500,20,linear,True,False,10.0,0.4,0.3,0.3,0,0,UK,15,WOA,carbon,3,0.3333333333333333,E27,16.49,95.45,39,0.861403,88.3713,15.8281,0.0,0,12.9091,1.9866,65.407,0.0,True,26.5,4840,3.3787,2.36
google,1500,20,linear,True,False,10.0,0.4,0.3,0.3,0,0,UK,15,WOA,carbon,4,0.3333333333333333,E27,16.49,95.45,39,0.864974,88.3231,15.4792,0.0,0,12.9591,2.0027,63.948,0.0,True,27.0,4840,3.3788,2.51
google,1500,20,linear,True,False,10.0,0.4,0.3,0.3,0,0,UK,15,WOA,carbon,5,0.3333333333333333,E27,16.49,95.45,39,0.852865,88.4866,16.6624,0.0,0,12.7591,1.9686,69.751,0.0,True,26.5,4840,3.392,2.52
google,1500,20,linear,True,False,10.0,0.4,0.3,0.3,0,0,UK,15,WOA,carbon,6,0.3333333333333333,E27,16.49,95.45,39,0.865893,88.3107,15.3893,0.0,0,12.9591,1.9947,64.095,0.0,True,27.0,4840,3.3579,2.4
google,1500,20,linear,True,False,10.0,0.4,0.3,0.3,0,0,UK,15,WOA,carbon,7,0.3333333333333333,E27,16.49,95.45,39,0.849924,88.5263,16.9497,0.0,0,12.7591,1.9641,70.177,0.0,True,26.5,4840,3.3565,2.75
google,1500,20,linear,True,False,10.0,0.4,0.3,0.3,0,0,UK,15,WOA,carbon,8,0.3333333333333333,E27,16.49,95.45,39,0.845788,88.5821,17.3539,0.0,0,12.7091,1.9474,71.259,0.0,True,26.5,4840,3.3147,2.56
google,1500,20,linear,True,False,10.0,0.4,0.3,0.3,0,0,UK,15,WOA,carbon,9,0.3333333333333333,E27,16.49,95.45,39,0.858539,88.41,16.1079,0.0,0,12.9091,1.9936,63.542,0.0,True,26.5,4840,3.3157,2.48
google,1500,20,linear,True,False,10.0,0.4,0.3,0.3,0,0,UK,15,WOA,carbon,10,0.3333333333333333,E27,16.49,95.45,39,0.857173,88.4284,16.2414,0.0,0,12.8591,1.9797,65.204,0.0,True,27.0,4840,3.3031,2.44
google,1500,10,linear,True,False,10.0,0.4,0.3,0.3,0,0,UK,17,WOA,carbon,8,0.3333333333333333,E27,16.49,95.45,39,0.767716,89.5059,24.4522,0.0,0,12.5591,1.9694,72.111,0.0,True,24.5,4840,3.3587,2.69
google,1500,10,linear,True,False,10.0,0.4,0.3,0.3,0,0,UK,17,WOA,carbon,9,0.3333333333333333,E27,16.49,95.45,39,0.778544,89.3579,23.3866,0.0,0,12.6591,1.9952,72.252,0.0,True,24.5,4840,3.3502,2.51
google,1500,10,linear,True,False,10.0,0.4,0.3,0.3,0,0,UK,17,WOA,carbon,10,0.3333333333333333,E27,16.49,95.45,39,0.780363,89.333,23.2076,0.0,0,12.7591,2.0194,68.721,0.0,True,24.5,4840,3.3577,2.46
google,1500,20,linear,True,False,10.0,0.4,0.3,0.3,0,0,UK,17,FIFO,-,0,0.3333333333333333,E27,16.49,95.45,39,7.315699,0.0,-619.9084,0.0,0,95.9591,15.66,5.308,0.0,True,24.5,0,0.0,0.0
google,1500,20,linear,True,False,10.0,0.4,0.3,0.3,0,0,UK,17,Consolidation,-,0,0.3333333333333333,E27,16.49,95.45,39,1.016199,86.1093,0.0,0.0,0,13.3091,2.1675,55.842,0.0,True,24.5,0,0.0,0.0
google,1500,20,linear,True,False,10.0,0.4,0.3,0.3,0,0,UK,17,Greedy(EDF+greenest),-,0,0.3333333333333333,E27,16.49,95.45,39,0.767139,89.5138,24.5089,0.0,0,12.7091,1.9838,62.345,0.0,True,24.5,0,0.0002,0.0
google,1500,20,linear,True,False,10.0,0.4,0.3,0.3,0,0,UK,17,VCC(Google),-,0,0.3333333333333333,E27,16.49,95.45,39,1.018814,86.0736,-0.2574,0.0,0,13.3591,2.175,56.163,0.0,True,24.5,0,0.0049,0.0
google,1500,20,linear,True,False,10.0,0.4,0.3,0.3,0,0,UK,17,Threshold(WaitAwhile),-,0,0.3333333333333333,E27,16.49,95.45,39,0.851528,88.3603,16.2045,0.0,0,12.8091,1.9988,60.066,7.4223,False,24.5,0,0.0222,0.0
google,1500,10,linear,True,False,10.0,0.4,0.3,0.3,0,0,UK,16,WOA,random,4,0.3333333333333333,E27,16.49,95.45,39,1.030694,86.9657,6.7279,0.0,0,13.0091,2.1494,77.399,0.0,True,27.0,4840,3.3781,2.73
google,1500,10,linear,True,False,10.0,0.4,0.3,0.3,0,0,UK,16,WOA,random,5,0.3333333333333333,E27,16.49,95.45,39,1.037158,86.8839,6.1429,0.0,0,13.0591,2.1557,74.933,0.0,True,27.5,4840,3.392,2.51
google,1500,10,linear,True,False,10.0,0.4,0.3,0.3,0,0,UK,16,WOA,random,6,0.3333333333333333,E27,16.49,95.45,39,1.034393,86.9189,6.3932,0.0,0,13.0091,2.1477,76.917,0.0,True,28.0,4840,3.3293,2.71
google,1500,10,linear,True,False,10.0,0.4,0.3,0.3,0,0,UK,16,WOA,random,7,0.3333333333333333,E27,16.49,95.45,39,1.0274,87.0073,7.0259,0.0,0,13.0091,2.143,74.82,0.0,True,28.0,4840,3.3514,2.54
google,1500,10,linear,True,False,10.0,0.4,0.3,0.3,0,0,UK,16,WOA,random,8,0.3333333333333333,E27,16.49,95.45,39,1.041176,86.8331,5.7793,0.0,0,12.9591,2.1414,77.354,0.0,True,26.5,4840,3.3057,2.55
google,1500,10,linear,True,False,10.0,0.4,0.3,0.3,0,0,UK,16,WOA,random,9,0.3333333333333333,E27,16.49,95.45,39,1.037589,86.8785,6.1039,0.0,0,13.0591,2.1565,74.256,0.0,True,28.0,4840,3.3147,2.7
google,1500,10,linear,True,False,10.0,0.4,0.3,0.3,0,0,UK,16,WOA,random,10,0.3333333333333333,E27,16.49,95.45,39,1.035855,86.9004,6.2609,0.0,0,13.0091,2.1758,73.085,0.0,True,25.5,4840,3.3092,2.43
google,1500,10,linear,True,False,10.0,0.4,0.3,0.3,0,0,UK,16,WOA,carbon,1,0.3333333333333333,E27,16.49,95.45,39,0.992625,87.4471,10.1729,0.0,0,13.0091,2.1079,72.62,0.0,True,27.5,4840,3.4271,2.48
google,1500,10,linear,True,False,10.0,0.4,0.3,0.3,0,0,UK,16,WOA,carbon,2,0.3333333333333333,E27,16.49,95.45,39,1.000841,87.3432,9.4294,0.0,0,13.1091,2.1304,70.186,0.0,True,27.5,4840,3.3862,2.47
google,1500,10,linear,True,False,10.0,0.4,0.3,0.3,0,0,UK,16,WOA,carbon,3,0.3333333333333333,E27,16.49,95.45,39,0.988115,87.5041,10.5811,0.0,0,12.8591,2.0746,78.423,0.0,True,27.5,4840,3.3281,2.57
google,1500,10,linear,True,False,10.0,0.4,0.3,0.3,0,0,UK,16,WOA,carbon,4,0.3333333333333333,E27,16.49,95.45,39,0.97942,87.6141,11.3678,0.0,0,13.1591,2.1164,67.603,0.0,True,28.0,4840,3.3294,2.5
google,1500,10,linear,True,False,10.0,0.4,0.3,0.3,0,0,UK,16,WOA,carbon,5,0.3333333333333333,E27,16.49,95.45,39,1.025108,87.0363,7.2334,0.0,0,13.0591,2.1529,74.785,0.0,True,28.5,4840,3.3273,2.44
google,1500,10,linear,True,False,10.0,0.4,0.3,0.3,0,0,UK,16,WOA,carbon,6,0.3333333333333333,E27,16.49,95.45,39,0.961412,87.8418,12.9975,0.0,0,13.1591,2.1008,65.409,0.0,True,27.5,4840,3.2978,2.63
google,1500,10,linear,True,False,10.0,0.4,0.3,0.3,0,0,UK,16,WOA,carbon,7,0.3333333333333333,E27,16.49,95.45,39,1.01509,87.163,8.14,0.0,0,12.9091,2.1327,75.81,0.0,True,27.5,4840,3.2908,2.85
google,1500,10,linear,True,False,10.0,0.4,0.3,0.3,0,0,UK,16,WOA,carbon,8,0.3333333333333333,E27,16.49,95.45,39,0.980479,87.6007,11.272,0.0,0,13.0591,2.0984,70.992,0.0,True,27.5,4840,3.2572,3.0
google,1500,10,linear,True,False,10.0,0.4,0.3,0.3,0,0,UK,16,WOA,carbon,9,0.3333333333333333,E27,16.49,95.45,39,0.99976,87.3569,9.5272,0.0,0,13.1091,2.1282,72.171,0.0,True,28.5,4840,3.4214,2.54
google,1500,20,linear,True,False,10.0,0.4,0.3,0.3,0,0,UK,17,WOA,carbon,7,0.3333333333333333,E27,16.49,95.45,39,0.760387,89.6061,25.1734,0.0,0,12.6091,1.9763,68.975,0.0,True,24.5,4840,3.5312,2.38
google,1500,20,linear,True,False,10.0,0.4,0.3,0.3,0,0,UK,17,WOA,carbon,8,0.3333333333333333,E27,16.49,95.45,39,0.758677,89.6295,25.3417,0.0,0,12.5091,1.9538,74.736,0.0,True,24.5,4840,3.47,2.58
google,1500,20,linear,True,False,10.0,0.4,0.3,0.3,0,0,UK,17,WOA,carbon,9,0.3333333333333333,E27,16.49,95.45,39,0.758573,89.6309,25.3519,0.0,0,12.6091,1.9688,69.495,0.0,True,24.5,4840,3.5656,2.34
google,1500,20,linear,True,False,10.0,0.4,0.3,0.3,0,0,UK,17,WOA,carbon,10,0.3333333333333333,E27,16.49,95.45,39,0.755138,89.6778,25.69,0.0,0,12.5091,1.9538,74.002,0.0,True,24.5,4840,3.6797,2.42
google,1500,10,linear,True,False,10.0,0.4,0.3,0.3,0,0,UK,18,FIFO,-,0,0.3333333333333333,E27,16.49,95.45,39,12.688109,0.0,-610.815,0.0,0,95.9591,15.66,5.308,8.9738,False,24.5,0,0.0,0.0
google,1500,10,linear,True,False,10.0,0.4,0.3,0.3,0,0,UK,18,Consolidation,-,0,0.3333333333333333,E27,16.49,95.45,39,1.785009,85.9316,0.0,0.0,0,13.3091,2.1675,55.842,8.9738,False,24.5,0,0.0,0.0
google,1500,10,linear,True,False,10.0,0.4,0.3,0.3,0,0,UK,18,Greedy(EDF+greenest),-,0,0.3333333333333333,E27,16.49,95.45,39,1.402194,88.9488,21.4461,0.0,0,12.8091,2.0472,61.244,18.9917,False,28.5,0,0.0002,0.0
google,1500,10,linear,True,False,10.0,0.4,0.3,0.3,0,0,UK,18,VCC(Google),-,0,0.3333333333333333,E27,16.49,95.45,39,1.767018,86.0734,1.0079,0.0,0,13.2591,2.16,60.438,0.0,True,24.5,0,0.0058,0.0
google,1500,20,linear,True,False,10.0,0.4,0.3,0.3,0,0,UK,16,WOA,random,3,0.3333333333333333,E27,16.49,95.45,39,1.032754,86.9396,6.5415,0.0,0,13.0591,2.1677,71.823,0.0,True,28.5,4840,3.3795,2.42
google,1500,20,linear,True,False,10.0,0.4,0.3,0.3,0,0,UK,16,WOA,random,4,0.3333333333333333,E27,16.49,95.45,39,1.022258,87.0724,7.4913,0.0,0,12.9091,2.1349,75.973,0.0,True,28.0,4840,3.3471,2.74
google,1500,20,linear,True,False,10.0,0.4,0.3,0.3,0,0,UK,16,WOA,random,5,0.3333333333333333,E27,16.49,95.45,39,1.030164,86.9724,6.7758,0.0,0,12.9591,2.1413,76.549,0.0,True,27.5,4840,3.3644,2.57
google,1500,20,linear,True,False,10.0,0.4,0.3,0.3,0,0,UK,16,WOA,random,6,0.3333333333333333,E27,16.49,95.45,39,1.024803,87.0402,7.261,0.0,0,12.9091,2.1338,78.086,0.0,True,28.0,4840,3.3089,2.82
google,1500,20,linear,True,False,10.0,0.4,0.3,0.3,0,0,UK,16,WOA,random,7,0.3333333333333333,E27,16.49,95.45,39,1.024838,87.0397,7.2578,0.0,0,12.9591,2.1355,75.515,0.0,True,28.0,4840,3.2984,2.71
google,1500,20,linear,True,False,10.0,0.4,0.3,0.3,0,0,UK,16,WOA,random,8,0.3333333333333333,E27,16.49,95.45,39,1.036372,86.8939,6.214,0.0,0,13.0591,2.1473,72.561,0.0,True,28.0,4840,3.2893,2.46
google,1500,20,linear,True,False,10.0,0.4,0.3,0.3,0,0,UK,16,WOA,random,9,0.3333333333333333,E27,16.49,95.45,39,1.032171,86.947,6.5943,0.0,0,13.1591,2.1936,58.668,0.0,True,26.0,4840,3.4354,2.33
google,1500,20,linear,True,False,10.0,0.4,0.3,0.3,0,0,UK,16,WOA,random,10,0.3333333333333333,E27,16.49,95.45,39,1.027609,87.0047,7.0071,0.0,0,12.9591,2.1323,72.598,0.0,True,28.0,4840,3.4546,2.75
google,1500,20,linear,True,False,10.0,0.4,0.3,0.3,0,0,UK,16,WOA,carbon,1,0.3333333333333333,E27,16.49,95.45,39,0.891813,88.722,19.2958,0.0,0,12.9591,2.0179,62.926,0.0,True,27.5,4840,3.3597,2.45
google,1500,20,linear,True,False,10.0,0.4,0.3,0.3,0,0,UK,16,WOA,carbon,2,0.3333333333333333,E27,16.49,95.45,39,0.891486,88.7261,19.3254,0.0,0,12.8591,2.011,66.682,0.0,True,27.5,4840,3.3726,2.56
google,1500,20,linear,True,False,10.0,0.4,0.3,0.3,0,0,UK,16,WOA,carbon,3,0.3333333333333333,E27,16.49,95.45,39,0.899703,88.6222,18.5818,0.0,0,12.9591,2.0271,63.132,0.0,True,27.5,4840,3.3281,2.67
google,1500,20,linear,True,False,10.0,0.4,0.3,0.3,0,0,UK,16,WOA,carbon,4,0.3333333333333333,E27,16.49,95.45,39,0.899277,88.6276,18.6204,0.0,0,13.0091,2.0277,63.562,0.0,True,27.5,4840,3.306,2.4
google,1500,20,linear,True,False,10.0,0.4,0.3,0.3,0,0,UK,16,WOA,carbon,5,0.3333333333333333,E27,16.49,95.45,39,0.89944,88.6255,18.6056,0.0,0,12.9091,2.0196,65.862,0.0,True,27.0,4840,3.3248,2.44
google,1500,20,linear,True,False,10.0,0.4,0.3,0.3,0,0,UK,16,WOA,carbon,6,0.3333333333333333,E27,16.49,95.45,39,0.885441,88.8026,19.8725,0.0,0,12.8591,2.0029,64.801,0.0,True,27.5,4840,3.2898,2.61
google,1500,20,linear,True,False,10.0,0.4,0.3,0.3,0,0,UK,16,WOA,carbon,7,0.3333333333333333,E27,16.49,95.45,39,0.874304,88.9434,20.8803,0.0,0,12.7591,1.9804,69.778,0.0,True,27.5,4840,3.4453,2.62
google,1500,20,linear,True,False,10.0,0.4,0.3,0.3,0,0,UK,16,WOA,carbon,8,0.3333333333333333,E27,16.49,95.45,39,0.892826,88.7092,19.2042,0.0,0,12.9591,2.0179,63.344,0.0,True,27.5,4840,3.4767,2.51
google,1500,10,linear,True,False,10.0,0.4,0.3,0.3,0,0,UK,17,WOA,random,2,0.3333333333333333,E27,16.49,95.45,39,0.902511,87.6634,11.1875,0.0,0,13.1091,2.1615,71.401,0.0,True,28.5,4840,3.5549,2.45
google,1500,10,linear,True,False,10.0,0.4,0.3,0.3,0,0,UK,17,WOA,random,3,0.3333333333333333,E27,16.49,95.45,39,0.896146,87.7504,11.8139,0.0,0,13.0091,2.1415,76.44,0.0,True,27.5,4840,3.5016,2.51
google,1500,10,linear,True,False,10.0,0.4,0.3,0.3,0,0,UK,17,WOA,random,4,0.3333333333333333,E27,16.49,95.45,39,0.906918,87.6031,10.7538,0.0,0,13.1091,2.1719,72.82,0.0,True,28.0,4840,3.478,2.74
google,1500,10,linear,True,False,10.0,0.4,0.3,0.3,0,0,UK,17,WOA,random,5,0.3333333333333333,E27,16.49,95.45,39,0.906577,87.6078,10.7874,0.0,0,13.1091,2.1691,73.569,0.0,True,27.5,4840,3.5605,2.41
google,1500,10,linear,True,False,10.0,0.4,0.3,0.3,0,0,UK,17,WOA,random,6,0.3333333333333333,E27,16.49,95.45,39,0.887106,87.8739,12.7035,0.0,0,12.9091,2.1413,75.941,0.0,True,27.5,4840,3.5409,2.64
google,1500,10,linear,True,False,10.0,0.4,0.3,0.3,0,0,UK,17,WOA,random,7,0.3333333333333333,E27,16.49,95.45,39,0.897604,87.7304,11.6704,0.0,0,13.0091,2.1437,76.726,0.0,True,27.5,4840,3.6316,2.48
google,1500,10,linear,True,False,10.0,0.4,0.3,0.3,0,0,UK,17,WOA,random,8,0.3333333333333333,E27,16.49,95.45,39,0.905699,87.6198,10.8738,0.0,0,13.1091,2.161,71.895,0.0,True,28.0,4840,3.6835,2.55
google,1500,10,linear,True,False,10.0,0.4,0.3,0.3,0,0,UK,17,WOA,random,9,0.3333333333333333,E27,16.49,95.45,39,0.895843,87.7545,11.8437,0.0,0,12.9591,2.1289,76.07,0.0,True,27.5,4840,3.7204,2.71
google,1500,10,linear,True,False,10.0,0.4,0.3,0.3,0,0,UK,17,WOA,random,10,0.3333333333333333,E27,16.49,95.45,39,0.894995,87.7661,11.9272,0.0,0,13.0091,2.1437,76.097,0.0,True,27.5,4840,3.3618,2.47
google,1500,10,linear,True,False,10.0,0.4,0.3,0.3,0,0,UK,17,WOA,carbon,1,0.3333333333333333,E27,16.49,95.45,39,0.776537,89.3853,23.5841,0.0,0,12.7091,2.0072,72.09,0.0,True,24.5,4840,3.3019,2.51
google,1500,10,linear,True,False,10.0,0.4,0.3,0.3,0,0,UK,17,WOA,carbon,2,0.3333333333333333,E27,16.49,95.45,39,0.785779,89.259,22.6747,0.0,0,12.7091,2.0067,71.438,0.0,True,25.0,4840,3.2917,2.49
google,1500,10,linear,True,False,10.0,0.4,0.3,0.3,0,0,UK,17,WOA,carbon,3,0.3333333333333333,E27,16.49,95.45,39,0.779351,89.3469,23.3073,0.0,0,12.7091,2.0181,73.459,0.0,True,24.5,4840,3.272,2.35
google,1500,10,linear,True,False,10.0,0.4,0.3,0.3,0,0,UK,17,WOA,carbon,4,0.3333333333333333,E27,16.49,95.45,39,0.773601,89.4255,23.8731,0.0,0,12.6091,1.9814,71.649,0.0,True,24.5,4840,3.3554,2.51
google,1500,10,linear,True,False,10.0,0.4,0.3,0.3,0,0,UK,17,WOA,carbon,5,0.3333333333333333,E27,16.49,95.45,39,0.773109,89.4322,23.9215,0.0,0,12.6091,1.9951,75.484,0.0,True,24.5,4840,3.4538,2.41
google,1500,10,linear,True,False,10.0,0.4,0.3,0.3,0,0,UK,17,WOA,carbon,6,0.3333333333333333,E27,16.49,95.45,39,0.778598,89.3572,23.3813,0.0,0,12.6591,2.0191,73.053,0.0,True,25.0,4840,3.5079,2.55
google,1500,10,linear,True,False,10.0,0.4,0.3,0.3,0,0,UK,17,WOA,carbon,7,0.3333333333333333,E27,16.49,95.45,39,0.775928,89.3937,23.6441,0.0,0,12.7091,1.9919,67.413,0.0,True,25.0,4840,3.4178,2.42
google,1500,10,linear,True,False,10.0,0.4,0.3,0.3,0,0,UK,18,WOA,carbon,6,0.3333333333333333,E27,16.49,95.45,39,1.52366,87.9914,14.6413,0.0,0,13.3091,2.1411,59.416,0.0,True,28.5,4840,3.4601,2.43
google,1500,10,linear,True,False,10.0,0.4,0.3,0.3,0,0,UK,18,WOA,carbon,7,0.3333333333333333,E27,16.49,95.45,39,1.609368,87.3159,9.8397,0.0,0,13.1091,2.1661,69.547,0.0,True,28.0,4840,3.4936,2.55
google,1500,10,linear,True,False,10.0,0.4,0.3,0.3,0,0,UK,18,WOA,carbon,8,0.3333333333333333,E27,16.49,95.45,39,1.593739,87.4391,10.7153,0.0,0,13.2091,2.1636,65.892,0.0,True,28.5,4840,3.5912,2.63
google,1500,10,linear,True,False,10.0,0.4,0.3,0.3,0,0,UK,18,WOA,carbon,9,0.3333333333333333,E27,16.49,95.45,39,1.60235,87.3712,10.2329,0.0,0,13.2591,2.1784,65.302,0.0,True,28.5,4840,3.4132,2.67
google,1500,10,linear,True,False,10.0,0.4,0.3,0.3,0,0,UK,18,WOA,carbon,10,0.3333333333333333,E27,16.49,95.45,39,1.489661,88.2594,16.546,0.0,0,13.1091,2.1117,64.576,0.0,True,28.0,4840,3.3089,2.9
google,1500,20,linear,True,False,10.0,0.4,0.3,0.3,0,0,UK,18,FIFO,-,0,0.3333333333333333,E27,16.49,95.45,39,12.688109,0.0,-610.815,0.0,0,95.9591,15.66,5.308,0.0,True,24.5,0,0.0,0.0
google,1500,20,linear,True,False,10.0,0.4,0.3,0.3,0,0,UK,18,Consolidation,-,0,0.3333333333333333,E27,16.49,95.45,39,1.785009,85.9316,0.0,0.0,0,13.3091,2.1675,55.842,0.0,True,24.5,0,0.0,0.0
google,1500,20,linear,True,False,10.0,0.4,0.3,0.3,0,0,UK,18,Greedy(EDF+greenest),-,0,0.3333333333333333,E27,16.49,95.45,39,1.402194,88.9488,21.4461,0.0,0,12.8091,2.0472,61.244,0.0,True,28.5,0,0.0002,0.0
google,1500,20,linear,True,False,10.0,0.4,0.3,0.3,0,0,UK,17,WOA,random,9,0.3333333333333333,E27,16.49,95.45,39,0.894069,87.7788,12.0183,0.0,0,13.0091,2.1563,75.46,0.0,True,27.5,4840,3.337,2.66
google,1500,20,linear,True,False,10.0,0.4,0.3,0.3,0,0,UK,17,WOA,random,10,0.3333333333333333,E27,16.49,95.45,39,0.889588,87.84,12.4593,0.0,0,13.0591,2.1467,73.923,0.0,True,27.5,4840,3.3734,2.61
google,1500,20,linear,True,False,10.0,0.4,0.3,0.3,0,0,UK,17,WOA,carbon,1,0.3333333333333333,E27,16.49,95.45,39,0.756883,89.654,25.5182,0.0,0,12.5591,1.9613,72.007,0.0,True,24.5,4840,3.3566,2.46
google,1500,20,linear,True,False,10.0,0.4,0.3,0.3,0,0,UK,17,WOA,carbon,2,0.3333333333333333,E27,16.49,95.45,39,0.757624,89.6439,25.4453,0.0,0,12.5591,1.9613,74.564,0.0,True,24.5,4840,3.4702,2.41
google,1500,20,linear,True,False,10.0,0.4,0.3,0.3,0,0,UK,17,WOA,carbon,3,0.3333333333333333,E27,16.49,95.45,39,0.75488,89.6814,25.7153,0.0,0,12.5091,1.9538,74.573,0.0,True,24.5,4840,3.5468,2.46
google,1500,20,linear,True,False,10.0,0.4,0.3,0.3,0,0,UK,17,WOA,carbon,4,0.3333333333333333,E27,16.49,95.45,39,0.757065,89.6515,25.5003,0.0,0,12.5591,1.9613,69.107,0.0,True,24.5,4840,3.4649,2.33
google,1500,20,linear,True,False,10.0,0.4,0.3,0.3,0,0,UK,17,WOA,carbon,5,0.3333333333333333,E27,16.49,95.45,39,0.760262,89.6078,25.1857,0.0,0,12.6091,1.9688,68.523,0.0,True,24.5,4840,3.3398,2.39
google,1500,20,linear,True,False,10.0,0.4,0.3,0.3,0,0,UK,17,WOA,carbon,6,0.3333333333333333,E27,16.49,95.45,39,0.756323,89.6616,25.5733,0.0,0,12.5591,1.9613,70.488,0.0,True,24.5,4840,3.2747,2.44
google,1500,20,linear,True,False,10.0,0.4,0.3,0.3,0,0,UK,17,WOA,random,1,0.3333333333333333,E27,16.49,95.45,39,0.884971,87.9031,12.9136,0.0,0,13.0091,2.1404,68.459,0.0,True,28.0,4840,3.5377,2.68
google,1500,20,linear,True,False,10.0,0.4,0.3,0.3,0,0,UK,17,WOA,random,2,0.3333333333333333,E27,16.49,95.45,39,0.899475,87.7049,11.4863,0.0,0,13.1091,2.1794,65.047,0.0,True,28.5,4840,3.5079,2.48
google,1500,20,linear,True,False,10.0,0.4,0.3,0.3,0,0,UK,17,WOA,random,3,0.3333333333333333,E27,16.49,95.45,39,0.89618,87.7499,11.8105,0.0,0,13.0091,2.1415,76.487,0.0,True,27.5,4840,3.4969,2.41
google,1500,20,linear,True,False,10.0,0.4,0.3,0.3,0,0,UK,17,WOA,random,4,0.3333333333333333,E27,16.49,95.45,39,0.890741,87.8243,12.3458,0.0,0,13.1091,2.1167,61.287,0.0,True,28.0,4840,3.6659,2.79
google,1500,20,linear,True,False,10.0,0.4,0.3,0.3,0,0,UK,17,WOA,random,5,0.3333333333333333,E27,16.49,95.45,39,0.892219,87.804,12.2003,0.0,0,13.0591,2.1548,69.822,0.0,True,28.0,4840,3.7205,2.67
google,1500,20,linear,True,False,10.0,0.4,0.3,0.3,0,0,UK,17,WOA,random,6,0.3333333333333333,E27,16.49,95.45,39,0.890423,87.8286,12.3771,0.0,0,13.0591,2.1503,70.948,0.0,True,28.0,4840,3.6478,2.71
google,1500,20,linear,True,False,10.0,0.4,0.3,0.3,0,0,UK,17,WOA,random,7,0.3333333333333333,E27,16.49,95.45,39,0.89388,87.7813,12.0369,0.0,0,13.1091,2.1617,67.291,0.0,True,28.0,4840,3.534,2.62
google,1500,20,linear,True,False,10.0,0.4,0.3,0.3,0,0,UK,17,WOA,random,8,0.3333333333333333,E27,16.49,95.45,39,0.897827,87.7274,11.6485,0.0,0,13.0591,2.1559,71.894,0.0,True,28.0,4840,3.4812,2.48
google,1500,10,linear,True,False,10.0,0.4,0.3,0.3,0,0,UK,18,Threshold(WaitAwhile),-,0,0.3333333333333333,E27,16.49,95.45,39,1.520835,88.0137,14.7996,0.0,0,12.9091,2.0622,59.541,28.719,False,28.5,0,0.0222,0.0
google,1500,10,linear,True,False,10.0,0.4,0.3,0.3,0,0,UK,18,WOA,random,1,0.3333333333333333,E27,16.49,95.45,39,1.637298,87.0958,8.275,0.0,0,13.0091,2.1443,73.86,0.0,True,28.0,4840,3.3237,2.64
google,1500,10,linear,True,False,10.0,0.4,0.3,0.3,0,0,UK,18,WOA,random,2,0.3333333333333333,E27,16.49,95.45,39,1.659767,86.9187,7.0163,0.0,0,13.1091,2.161,74.34,0.0,True,28.0,4840,3.4648,2.48
google,1500,10,linear,True,False,10.0,0.4,0.3,0.3,0,0,UK,18,WOA,random,3,0.3333333333333333,E27,16.49,95.45,39,1.663639,86.8882,6.7994,0.0,0,13.1591,2.1782,72.79,0.0,True,28.0,4840,3.5172,2.46
google,1500,10,linear,True,False,10.0,0.4,0.3,0.3,0,0,UK,18,WOA,random,4,0.3333333333333333,E27,16.49,95.45,39,1.657992,86.9327,7.1157,0.0,0,13.1091,2.1428,71.404,0.0,True,27.5,4840,3.5053,2.62
google,1500,10,linear,True,False,10.0,0.4,0.3,0.3,0,0,UK,18,WOA,random,5,0.3333333333333333,E27,16.49,95.45,39,1.658559,86.9282,7.084,0.0,0,13.1091,2.1691,73.408,0.0,True,27.5,4840,3.3662,2.44
google,1500,10,linear,True,False,10.0,0.4,0.3,0.3,0,0,UK,18,WOA,random,6,0.3333333333333333,E27,16.49,95.45,39,1.635174,87.1125,8.394,0.0,0,12.9591,2.1499,75.881,0.0,True,27.5,4840,3.2888,2.57
google,1500,10,linear,True,False,10.0,0.4,0.3,0.3,0,0,UK,18,WOA,random,7,0.3333333333333333,E27,16.49,95.45,39,1.640061,87.074,8.1203,0.0,0,12.9591,2.1385,76.483,0.0,True,27.5,4840,3.2732,2.51
google,1500,20,linear,True,False,10.0,0.4,0.3,0.3,0,0,UK,18,VCC(Google),-,0,0.3333333333333333,E27,16.49,95.45,39,1.786893,85.9168,-0.1055,0.0,0,13.3091,2.1675,56.782,0.0,True,24.5,0,0.005,0.0
google,1500,20,linear,True,False,10.0,0.4,0.3,0.3,0,0,UK,18,Threshold(WaitAwhile),-,0,0.3333333333333333,E27,16.49,95.45,39,1.520835,88.0137,14.7996,0.0,0,12.9091,2.0622,59.541,7.4223,False,28.5,0,0.0226,0.0
google,1500,20,linear,True,False,10.0,0.4,0.3,0.3,0,0,UK,18,WOA,random,1,0.3333333333333333,E27,16.49,95.45,39,1.634355,87.119,8.4399,0.0,0,13.0091,2.1443,73.876,0.0,True,28.0,4840,3.4657,2.58
google,1500,20,linear,True,False,10.0,0.4,0.3,0.3,0,0,UK,18,WOA,random,2,0.3333333333333333,E27,16.49,95.45,39,1.652595,86.9752,7.4181,0.0,0,13.2091,2.181,58.363,0.0,True,28.5,4840,3.5466,2.87
google,1500,20,linear,True,False,10.0,0.4,0.3,0.3,0,0,UK,18,WOA,random,3,0.3333333333333333,E27,16.49,95.45,39,1.647905,87.0122,7.6808,0.0,0,13.0591,2.1518,71.181,0.0,True,28.0,4840,3.3585,2.51
google,1500,20,linear,True,False,10.0,0.4,0.3,0.3,0,0,UK,18,WOA,random,4,0.3333333333333333,E27,16.49,95.45,39,1.657481,86.9367,7.1444,0.0,0,13.2591,2.1977,56.812,0.0,True,28.5,4840,3.2776,2.42
google,1500,20,linear,True,False,10.0,0.4,0.3,0.3,0,0,UK,18,WOA,random,5,0.3333333333333333,E27,16.49,95.45,39,1.650133,86.9946,7.556,0.0,0,13.1091,2.172,70.683,0.0,True,28.5,4840,3.2625,2.58
google,1500,20,linear,True,False,10.0,0.4,0.3,0.3,0,0,UK,18,WOA,random,6,0.3333333333333333,E27,16.49,95.45,39,1.640889,87.0675,8.0739,0.0,0,13.0591,2.1263,69.532,0.0,True,27.5,4840,3.2539,2.77
google,1500,10,linear,True,False,10.0,0.4,0.3,0.3,0,0,UK,19,Greedy(EDF+greenest),-,0,0.3333333333333333,E27,16.49,95.45,39,1.587619,88.623,18.3478,0.0,0,13.0091,2.0179,57.975,15.4167,False,28.5,0,0.0002,0.0
google,1500,10,linear,True,False,10.0,0.4,0.3,0.3,0,0,UK,19,VCC(Google),-,0,0.3333333333333333,E27,16.49,95.45,39,1.908701,86.3221,1.8343,0.0,0,13.1591,2.145,63.963,0.0,True,24.5,0,0.0059,0.0
google,1500,10,linear,True,False,10.0,0.4,0.3,0.3,0,0,UK,19,Threshold(WaitAwhile),-,0,0.3333333333333333,E27,16.49,95.45,39,1.587619,88.623,18.3478,0.0,0,13.0091,2.0179,57.975,15.4167,False,28.5,0,0.0241,0.0
google,1500,10,linear,True,False,10.0,0.4,0.3,0.3,0,0,UK,19,WOA,random,1,0.3333333333333333,E27,16.49,95.45,39,1.775336,87.2778,8.6934,0.0,0,13.1091,2.1632,73.359,0.0,True,27.5,4840,3.5884,2.49
google,1500,10,linear,True,False,10.0,0.4,0.3,0.3,0,0,UK,19,WOA,random,2,0.3333333333333333,E27,16.49,95.45,39,1.758012,87.402,9.5844,0.0,0,13.0091,2.146,75.913,0.0,True,28.5,4840,3.347,2.44
google,1500,10,linear,True,False,10.0,0.4,0.3,0.3,0,0,UK,19,WOA,random,3,0.3333333333333333,E27,16.49,95.45,39,1.78831,87.1849,8.0261,0.0,0,13.2091,2.1824,69.675,0.0,True,28.0,4840,3.2901,2.48
google,1500,10,linear,True,False,10.0,0.4,0.3,0.3,0,0,UK,19,WOA,random,4,0.3333333333333333,E27,16.49,95.45,39,1.791415,87.1626,7.8664,0.0,0,13.1591,2.1572,69.357,0.0,True,28.0,4840,3.2616,2.62
google,1500,10,linear,True,False,10.0,0.4,0.3,0.3,0,0,UK,19,WOA,random,5,0.3333333333333333,E27,16.49,95.45,39,1.763449,87.363,9.3047,0.0,0,12.9591,2.1175,74.726,0.0,True,27.5,4840,3.2712,2.44
google,1500,10,linear,True,False,10.0,0.4,0.3,0.3,0,0,UK,18,WOA,random,8,0.3333333333333333,E27,16.49,95.45,39,1.668417,86.8505,6.5317,0.0,0,13.0591,2.1552,76.835,0.0,True,27.5,4840,3.292,2.48
google,1500,10,linear,True,False,10.0,0.4,0.3,0.3,0,0,UK,18,WOA,random,9,0.3333333333333333,E27,16.49,95.45,39,1.641396,87.0635,8.0455,0.0,0,12.9591,2.1494,76.395,0.0,True,27.5,4840,3.4841,2.51
google,1500,10,linear,True,False,10.0,0.4,0.3,0.3,0,0,UK,18,WOA,random,10,0.3333333333333333,E27,16.49,95.45,39,1.650556,86.9913,7.5323,0.0,0,13.0591,2.1651,74.996,0.0,True,27.5,4840,3.5301,2.42
google,1500,10,linear,True,False,10.0,0.4,0.3,0.3,0,0,UK,18,WOA,carbon,1,0.3333333333333333,E27,16.49,95.45,39,1.58811,87.4835,11.0307,0.0,0,13.0091,2.1437,69.583,0.0,True,27.5,4840,3.4588,2.58
google,1500,10,linear,True,False,10.0,0.4,0.3,0.3,0,0,UK,18,WOA,carbon,2,0.3333333333333333,E27,16.49,95.45,39,1.576723,87.5732,11.6686,0.0,0,13.1091,2.1411,68.065,0.0,True,28.5,4840,3.3408,2.71
google,1500,10,linear,True,False,10.0,0.4,0.3,0.3,0,0,UK,18,WOA,carbon,3,0.3333333333333333,E27,16.49,95.45,39,1.5985,87.4016,10.4486,0.0,0,13.1091,2.1537,68.516,0.0,True,27.5,4840,3.2772,2.37
google,1500,10,linear,True,False,10.0,0.4,0.3,0.3,0,0,UK,18,WOA,carbon,4,0.3333333333333333,E27,16.49,95.45,39,1.489348,88.2619,16.5635,0.0,0,13.1591,2.1117,62.534,0.0,True,28.5,4840,3.2333,2.5
google,1500,10,linear,True,False,10.0,0.4,0.3,0.3,0,0,UK,18,WOA,carbon,5,0.3333333333333333,E27,16.49,95.45,39,1.561191,87.6956,12.5387,0.0,0,12.9591,2.1321,70.303,0.0,True,28.5,4840,3.2707,2.46
google,1500,20,linear,True,False,10.0,0.4,0.3,0.3,0,0,UK,19,Consolidation,-,0,0.3333333333333333,E27,16.49,95.45,39,1.944367,86.0665,0.0,0.0,0,13.3091,2.1675,55.842,0.0,True,24.5,0,0.0,0.0
google,1500,20,linear,True,False,10.0,0.4,0.3,0.3,0,0,UK,19,Greedy(EDF+greenest),-,0,0.3333333333333333,E27,16.49,95.45,39,1.587619,88.623,18.3478,0.0,0,13.0091,2.0179,57.975,0.0,True,28.5,0,0.0002,0.0
google,1500,20,linear,True,False,10.0,0.4,0.3,0.3,0,0,UK,19,VCC(Google),-,0,0.3333333333333333,E27,16.49,95.45,39,1.943789,86.0707,0.0297,0.0,0,13.3091,2.1675,58.284,0.0,True,24.5,0,0.005,0.0
google,1500,20,linear,True,False,10.0,0.4,0.3,0.3,0,0,UK,19,Threshold(WaitAwhile),-,0,0.3333333333333333,E27,16.49,95.45,39,1.587619,88.623,18.3478,0.0,0,13.0091,2.0179,57.975,0.0,True,28.5,0,0.0226,0.0
google,1500,20,linear,True,False,10.0,0.4,0.3,0.3,0,0,UK,19,WOA,random,1,0.3333333333333333,E27,16.49,95.45,39,1.755019,87.4234,9.7383,0.0,0,13.1091,2.1655,61.534,0.0,True,28.5,4840,3.3042,2.54
google,1500,20,linear,True,False,10.0,0.4,0.3,0.3,0,0,UK,19,WOA,random,2,0.3333333333333333,E27,16.49,95.45,39,1.760952,87.3809,9.4331,0.0,0,13.0591,2.1719,65.661,0.0,True,28.5,4840,3.2463,2.54
google,1500,20,linear,True,False,10.0,0.4,0.3,0.3,0,0,UK,19,WOA,random,3,0.3333333333333333,E27,16.49,95.45,39,1.753506,87.4343,9.8161,0.0,0,13.0091,2.1437,72.26,0.0,True,28.0,4840,3.2448,2.69
google,1500,20,linear,True,False,10.0,0.4,0.3,0.3,0,0,UK,19,WOA,random,4,0.3333333333333333,E27,16.49,95.45,39,1.746236,87.4864,10.19,0.0,0,13.0091,2.1495,68.005,0.0,True,28.0,4840,3.2377,2.77
google,1500,20,linear,True,False,10.0,0.4,0.3,0.3,0,0,UK,18,WOA,carbon,5,0.3333333333333333,E27,16.49,95.45,39,1.385115,89.0834,22.4029,0.0,0,12.6591,2.0247,65.297,0.0,True,28.5,4840,3.7604,2.33
google,1500,20,linear,True,False,10.0,0.4,0.3,0.3,0,0,UK,18,WOA,carbon,6,0.3333333333333333,E27,16.49,95.45,39,1.396728,88.9918,21.7523,0.0,0,12.7591,2.0397,62.204,0.0,True,28.5,4840,3.6072,2.32
google,1500,20,linear,True,False,10.0,0.4,0.3,0.3,0,0,UK,18,WOA,carbon,7,0.3333333333333333,E27,16.49,95.45,39,1.39516,89.0042,21.8402,0.0,0,12.7591,2.0397,62.07,0.0,True,28.5,4840,3.4963,2.35
google,1500,20,linear,True,False,10.0,0.4,0.3,0.3,0,0,UK,18,WOA,carbon,8,0.3333333333333333,E27,16.49,95.45,39,1.395383,89.0024,21.8276,0.0,0,12.7591,2.0397,62.737,0.0,True,28.5,4840,3.4192,2.39
google,1500,20,linear,True,False,10.0,0.4,0.3,0.3,0,0,UK,18,WOA,carbon,9,0.3333333333333333,E27,16.49,95.45,39,1.391144,89.0358,22.0651,0.0,0,12.7591,2.0397,62.078,0.0,True,28.5,4840,3.4752,2.46
google,1500,20,linear,True,False,10.0,0.4,0.3,0.3,0,0,UK,18,WOA,carbon,10,0.3333333333333333,E27,16.49,95.45,39,1.398804,88.9755,21.636,0.0,0,12.8091,2.0472,61.603,0.0,True,28.5,4840,3.4389,2.32
google,1500,10,linear,True,False,10.0,0.4,0.3,0.3,0,0,UK,19,FIFO,-,0,0.3333333333333333,E27,16.49,95.45,39,13.954667,0.0,-617.6972,0.0,0,95.9591,15.66,5.308,8.9738,False,24.5,0,0.0,0.0
google,1500,10,linear,True,False,10.0,0.4,0.3,0.3,0,0,UK,19,Consolidation,-,0,0.3333333333333333,E27,16.49,95.45,39,1.944367,86.0665,0.0,0.0,0,13.3091,2.1675,55.842,8.9738,False,24.5,0,0.0,0.0
google,1500,10,linear,True,False,10.0,0.4,0.3,0.3,0,0,UK,20,FIFO,-,0,0.3333333333333333,E27,16.49,95.45,39,4.352665,0.0,-620.5624,0.0,0,95.9591,15.66,5.308,8.9738,False,24.5,0,0.0,0.0
google,1500,10,linear,True,False,10.0,0.4,0.3,0.3,0,0,UK,20,Consolidation,-,0,0.3333333333333333,E27,16.49,95.45,39,0.604065,86.122,0.0,0.0,0,13.3091,2.1675,55.842,8.9738,False,24.5,0,0.0,0.0
google,1500,10,linear,True,False,10.0,0.4,0.3,0.3,0,0,UK,20,Greedy(EDF+greenest),-,0,0.3333333333333333,E27,16.49,95.45,39,0.464351,89.3318,23.129,0.0,0,12.6591,1.9324,66.022,18.4548,False,25.5,0,0.0002,0.0
google,1500,10,linear,True,False,10.0,0.4,0.3,0.3,0,0,UK,20,VCC(Google),-,0,0.3333333333333333,E27,16.49,95.45,39,0.601985,86.1697,0.3443,0.0,0,13.3091,2.1675,58.383,0.0,True,24.5,0,0.0051,0.0
google,1500,10,linear,True,False,10.0,0.4,0.3,0.3,0,0,UK,20,Threshold(WaitAwhile),-,0,0.3333333333333333,E27,16.49,95.45,39,0.601218,86.1874,0.4714,0.0,0,13.3091,2.1675,55.156,8.9738,False,24.5,0,0.0204,0.0
google,1500,10,linear,True,False,10.0,0.4,0.3,0.3,0,0,UK,20,WOA,random,1,0.3333333333333333,E27,16.49,95.45,39,0.569483,86.9164,5.7248,0.0,0,13.1591,2.1646,71.614,0.0,True,28.0,4840,3.4938,2.42
google,1500,10,linear,True,False,10.0,0.4,0.3,0.3,0,0,UK,20,WOA,random,2,0.3333333333333333,E27,16.49,95.45,39,0.56056,87.1214,7.202,0.0,0,13.0091,2.1323,77.621,0.0,True,27.0,4840,3.4343,2.49
google,1500,10,linear,True,False,10.0,0.4,0.3,0.3,0,0,UK,20,WOA,random,3,0.3333333333333333,E27,16.49,95.45,39,0.566406,86.9871,6.2342,0.0,0,13.1091,2.1747,72.171,0.0,True,27.5,4840,3.411,2.46
google,1500,20,linear,True,False,10.0,0.4,0.3,0.3,0,0,UK,18,WOA,random,7,0.3333333333333333,E27,16.49,95.45,39,1.632602,87.1328,8.5381,0.0,0,12.9091,2.1345,76.446,0.0,True,27.5,4840,3.4888,2.79
google,1500,20,linear,True,False,10.0,0.4,0.3,0.3,0,0,UK,18,WOA,random,8,0.3333333333333333,E27,16.49,95.45,39,1.651439,86.9844,7.4829,0.0,0,13.0591,2.157,71.977,0.0,True,28.0,4840,3.4942,2.61
google,1500,20,linear,True,False,10.0,0.4,0.3,0.3,0,0,UK,18,WOA,random,9,0.3333333333333333,E27,16.49,95.45,39,1.629939,87.1538,8.6873,0.0,0,12.9091,2.1488,77.416,0.0,True,27.5,4840,3.3562,2.58
google,1500,20,linear,True,False,10.0,0.4,0.3,0.3,0,0,UK,18,WOA,random,10,0.3333333333333333,E27,16.49,95.45,39,1.635413,87.1107,8.3807,0.0,0,13.0091,2.1141,72.484,0.0,True,27.0,4840,3.2863,2.67
google,1500,20,linear,True,False,10.0,0.4,0.3,0.3,0,0,UK,18,WOA,carbon,1,0.3333333333333333,E27,16.49,95.45,39,1.402194,88.9488,21.4461,0.0,0,12.8091,2.0472,61.244,0.0,True,28.5,4840,3.2525,2.2
google,1500,20,linear,True,False,10.0,0.4,0.3,0.3,0,0,UK,18,WOA,carbon,2,0.3333333333333333,E27,16.49,95.45,39,1.394908,89.0062,21.8543,0.0,0,12.7591,2.0397,62.358,0.0,True,28.5,4840,3.2593,2.32
google,1500,20,linear,True,False,10.0,0.4,0.3,0.3,0,0,UK,18,WOA,carbon,3,0.3333333333333333,E27,16.49,95.45,39,1.397069,88.9891,21.7332,0.0,0,12.7591,2.0397,63.256,0.0,True,28.5,4840,3.2224,2.43
google,1500,20,linear,True,False,10.0,0.4,0.3,0.3,0,0,UK,18,WOA,carbon,4,0.3333333333333333,E27,16.49,95.45,39,1.393437,89.0178,21.9367,0.0,0,12.7591,2.0397,63.15,0.0,True,28.5,4840,3.2333,2.47
google,1500,10,linear,True,False,10.0,0.4,0.3,0.3,0,0,UK,20,WOA,carbon,10,0.3333333333333333,E27,16.49,95.45,39,0.515187,88.1639,14.7132,0.0,0,13.1091,2.0732,64.767,0.0,True,26.5,4840,3.2393,2.54
google,1500,20,linear,True,False,10.0,0.4,0.3,0.3,0,0,UK,20,FIFO,-,0,0.3333333333333333,E27,16.49,95.45,39,4.352665,0.0,-620.5624,0.0,0,95.9591,15.66,5.308,0.0,True,24.5,0,0.0,0.0
google,1500,20,linear,True,False,10.0,0.4,0.3,0.3,0,0,UK,20,Consolidation,-,0,0.3333333333333333,E27,16.49,95.45,39,0.604065,86.122,0.0,0.0,0,13.3091,2.1675,55.842,0.0,True,24.5,0,0.0,0.0
google,1500,20,linear,True,False,10.0,0.4,0.3,0.3,0,0,UK,20,Greedy(EDF+greenest),-,0,0.3333333333333333,E27,16.49,95.45,39,0.464351,89.3318,23.129,0.0,0,12.6591,1.9324,66.022,0.7331,False,25.5,0,0.0002,0.0
google,1500,20,linear,True,False,10.0,0.4,0.3,0.3,0,0,UK,20,VCC(Google),-,0,0.3333333333333333,E27,16.49,95.45,39,0.604065,86.122,0.0,0.0,0,13.3091,2.1675,55.842,0.0,True,24.5,0,0.0045,0.0
google,1500,20,linear,True,False,10.0,0.4,0.3,0.3,0,0,UK,20,Threshold(WaitAwhile),-,0,0.3333333333333333,E27,16.49,95.45,39,0.601218,86.1874,0.4714,0.0,0,13.3091,2.1675,55.156,0.0,True,24.5,0,0.021,0.0
google,1500,20,linear,True,False,10.0,0.4,0.3,0.3,0,0,UK,20,WOA,random,1,0.3333333333333333,E27,16.49,95.45,39,0.557399,87.1941,7.7253,0.0,0,13.0591,2.157,64.373,0.0,True,28.5,4840,3.2647,2.5
google,1500,20,linear,True,False,10.0,0.4,0.3,0.3,0,0,UK,20,WOA,random,2,0.3333333333333333,E27,16.49,95.45,39,0.560976,87.1119,7.1331,0.0,0,13.1591,2.1741,59.799,0.0,True,28.5,4840,3.3048,2.55
google,1500,10,linear,True,False,10.0,0.4,0.3,0.3,0,0,UK,19,WOA,random,6,0.3333333333333333,E27,16.49,95.45,39,1.772738,87.2964,8.827,0.0,0,13.0591,2.1615,73.129,0.0,True,28.0,4840,3.5042,2.34
google,1500,10,linear,True,False,10.0,0.4,0.3,0.3,0,0,UK,19,WOA,random,7,0.3333333333333333,E27,16.49,95.45,39,1.788241,87.1854,8.0297,0.0,0,13.1591,2.1777,69.347,0.0,True,28.5,4840,3.3663,2.44
google,1500,10,linear,True,False,10.0,0.4,0.3,0.3,0,0,UK,19,WOA,random,8,0.3333333333333333,E27,16.49,95.45,39,1.762796,87.3677,9.3383,0.0,0,13.0091,2.1465,74.079,0.0,True,28.0,4840,3.2824,2.39
google,1500,10,linear,True,False,10.0,0.4,0.3,0.3,0,0,UK,19,WOA,random,9,0.3333333333333333,E27,16.49,95.45,39,1.779404,87.2487,8.4841,0.0,0,13.1091,2.1674,70.4,0.0,True,28.0,4840,3.2737,2.61
google,1500,10,linear,True,False,10.0,0.4,0.3,0.3,0,0,UK,19,WOA,random,10,0.3333333333333333,E27,16.49,95.45,39,1.758952,87.3952,9.536,0.0,0,12.9591,2.1334,76.552,0.0,True,28.0,4840,3.2711,2.41
google,1500,10,linear,True,False,10.0,0.4,0.3,0.3,0,0,UK,19,WOA,carbon,1,0.3333333333333333,E27,16.49,95.45,39,1.721447,87.664,11.4649,0.0,0,13.1091,2.152,68.974,0.0,True,28.0,4840,3.223,2.58
google,1500,10,linear,True,False,10.0,0.4,0.3,0.3,0,0,UK,19,WOA,carbon,2,0.3333333333333333,E27,16.49,95.45,39,1.75921,87.3934,9.5227,0.0,0,12.9591,2.1329,74.824,0.0,True,28.0,4840,3.224,2.63
google,1500,10,linear,True,False,10.0,0.4,0.3,0.3,0,0,UK,19,WOA,carbon,3,0.3333333333333333,E27,16.49,95.45,39,1.742674,87.5119,10.3732,0.0,0,13.1091,2.1537,70.001,0.0,True,28.5,4840,3.3181,2.46
google,1500,10,linear,True,False,10.0,0.4,0.3,0.3,0,0,UK,19,WOA,carbon,4,0.3333333333333333,E27,16.49,95.45,39,1.669138,88.0389,14.1552,0.0,0,13.1591,2.1385,65.328,0.0,True,28.5,4840,3.5447,2.46
google,1500,10,linear,True,False,10.0,0.4,0.3,0.3,0,0,UK,19,WOA,carbon,5,0.3333333333333333,E27,16.49,95.45,39,1.652942,88.1549,14.9882,0.0,0,13.1091,2.0804,64.902,0.0,True,28.0,4840,3.4868,2.44
google,1500,10,linear,True,False,10.0,0.4,0.3,0.3,0,0,UK,19,WOA,carbon,6,0.3333333333333333,E27,16.49,95.45,39,1.713401,87.7217,11.8787,0.0,0,13.2091,2.1259,66.412,0.0,True,28.5,4840,3.4429,2.56
google,1500,10,linear,True,False,10.0,0.4,0.3,0.3,0,0,UK,19,WOA,carbon,7,0.3333333333333333,E27,16.49,95.45,39,1.707311,87.7653,12.1919,0.0,0,13.2591,2.1334,65.674,0.0,True,28.5,4840,3.386,2.78
google,1500,10,linear,True,False,10.0,0.4,0.3,0.3,0,0,UK,19,WOA,carbon,8,0.3333333333333333,E27,16.49,95.45,39,1.711514,87.7352,11.9758,0.0,0,13.1091,2.1235,72.759,0.0,True,28.5,4840,3.4219,2.65
google,1500,10,linear,True,False,10.0,0.4,0.3,0.3,0,0,UK,19,WOA,carbon,9,0.3333333333333333,E27,16.49,95.45,39,1.661386,88.0944,14.5539,0.0,0,13.1091,2.1128,65.465,0.0,True,28.5,4840,3.4546,2.6
google,1500,10,linear,True,False,10.0,0.4,0.3,0.3,0,0,UK,19,WOA,carbon,10,0.3333333333333333,E27,16.49,95.45,39,1.748693,87.4688,10.0636,0.0,0,13.0091,2.137,74.459,0.0,True,28.5,4840,3.4205,2.51
google,1500,20,linear,True,False,10.0,0.4,0.3,0.3,0,0,UK,19,FIFO,-,0,0.3333333333333333,E27,16.49,95.45,39,13.954667,0.0,-617.6972,0.0,0,95.9591,15.66,5.308,0.0,True,24.5,0,0.0,0.0
google,1500,20,linear,True,False,10.0,0.4,0.3,0.3,0,0,UK,20,WOA,carbon,9,0.3333333333333333,E27,16.49,95.45,39,0.473179,89.129,21.6675,0.0,0,12.7091,1.9486,72.131,0.0,True,25.5,4840,3.4298,2.6
google,1500,20,linear,True,False,10.0,0.4,0.3,0.3,0,0,UK,20,WOA,carbon,10,0.3333333333333333,E27,16.49,95.45,39,0.477876,89.0211,20.89,0.0,0,12.7591,1.9474,71.904,0.0,True,26.0,4840,3.5333,2.48
google,1500,10,linear,True,False,10.0,0.4,0.3,0.3,0,0,UK,21,FIFO,-,0,0.3333333333333333,E27,16.49,95.45,39,13.156874,0.0,-617.6707,0.0,0,95.9591,15.66,5.308,8.9738,False,24.5,0,0.0,0.0
google,1500,10,linear,True,False,10.0,0.4,0.3,0.3,0,0,UK,21,Consolidation,-,0,0.3333333333333333,E27,16.49,95.45,39,1.833274,86.066,0.0,0.0,0,13.3091,2.1675,55.842,8.9738,False,24.5,0,0.0,0.0
google,1500,10,linear,True,False,10.0,0.4,0.3,0.3,0,0,UK,21,Greedy(EDF+greenest),-,0,0.3333333333333333,E27,16.49,95.45,39,1.623509,87.6604,11.4421,0.0,0,12.7091,1.9838,66.044,26.5869,False,27.0,0,0.0002,0.0
google,1500,10,linear,True,False,10.0,0.4,0.3,0.3,0,0,UK,21,VCC(Google),-,0,0.3333333333333333,E27,16.49,95.45,39,1.816067,86.1968,0.9386,0.0,0,13.3091,2.1675,58.408,0.0,True,24.5,0,0.0051,0.0
google,1500,10,linear,True,False,10.0,0.4,0.3,0.3,0,0,UK,21,Threshold(WaitAwhile),-,0,0.3333333333333333,E27,16.49,95.45,39,1.751848,86.6849,4.4416,0.0,0,13.0591,2.0363,61.518,8.9738,False,27.0,0,0.0218,0.0
google,1500,10,linear,True,False,10.0,0.4,0.3,0.3,0,0,UK,21,WOA,random,1,0.3333333333333333,E27,16.49,95.45,39,1.754277,86.6665,4.3091,0.0,0,12.9091,2.142,77.315,0.0,True,24.5,4840,3.4454,2.5
google,1500,10,linear,True,False,10.0,0.4,0.3,0.3,0,0,UK,21,WOA,carbon,8,0.3333333333333333,E27,16.49,95.45,39,1.75194,86.6842,4.4366,0.0,0,13.0591,2.1207,72.278,0.0,True,26.5,4840,3.2608,2.46
google,1500,10,linear,True,False,10.0,0.4,0.3,0.3,0,0,UK,21,WOA,carbon,9,0.3333333333333333,E27,16.49,95.45,39,1.751291,86.6892,4.4719,0.0,0,13.0091,2.136,75.326,0.0,True,27.0,4840,3.2269,2.54
google,1500,10,linear,True,False,10.0,0.4,0.3,0.3,0,0,UK,21,WOA,carbon,10,0.3333333333333333,E27,16.49,95.45,39,1.726221,86.8797,5.8395,0.0,0,12.9591,2.1119,72.679,0.0,True,26.5,4840,3.2162,2.51
google,1500,20,linear,True,False,10.0,0.4,0.3,0.3,0,0,UK,21,FIFO,-,0,0.3333333333333333,E27,16.49,95.45,39,13.156874,0.0,-617.6707,0.0,0,95.9591,15.66,5.308,0.0,True,24.5,0,0.0,0.0
google,1500,20,linear,True,False,10.0,0.4,0.3,0.3,0,0,UK,21,Consolidation,-,0,0.3333333333333333,E27,16.49,95.45,39,1.833274,86.066,0.0,0.0,0,13.3091,2.1675,55.842,0.0,True,24.5,0,0.0,0.0
google,1500,20,linear,True,False,10.0,0.4,0.3,0.3,0,0,UK,21,Greedy(EDF+greenest),-,0,0.3333333333333333,E27,16.49,95.45,39,1.623509,87.6604,11.4421,0.0,0,12.7091,1.9838,66.044,8.8129,False,27.0,0,0.0002,0.0
google,1500,20,linear,True,False,10.0,0.4,0.3,0.3,0,0,UK,21,VCC(Google),-,0,0.3333333333333333,E27,16.49,95.45,39,1.833274,86.066,0.0,0.0,0,13.3091,2.1675,55.842,0.0,True,24.5,0,0.0049,0.0
google,1500,20,linear,True,False,10.0,0.4,0.3,0.3,0,0,UK,21,Threshold(WaitAwhile),-,0,0.3333333333333333,E27,16.49,95.45,39,1.751848,86.6849,4.4416,0.0,0,13.0591,2.0363,61.518,0.0,True,27.0,0,0.0211,0.0
google,1500,20,linear,True,False,10.0,0.4,0.3,0.3,0,0,UK,19,WOA,random,5,0.3333333333333333,E27,16.49,95.45,39,1.755014,87.4235,9.7386,0.0,0,13.1091,2.1741,59.996,0.0,True,28.0,4840,3.3438,2.41
google,1500,20,linear,True,False,10.0,0.4,0.3,0.3,0,0,UK,19,WOA,random,6,0.3333333333333333,E27,16.49,95.45,39,1.760891,87.3813,9.4363,0.0,0,13.1591,2.173,60.458,0.0,True,28.0,4840,3.3057,2.41
google,1500,20,linear,True,False,10.0,0.4,0.3,0.3,0,0,UK,19,WOA,random,7,0.3333333333333333,E27,16.49,95.45,39,1.768932,87.3237,9.0227,0.0,0,13.1591,2.1822,61.58,0.0,True,28.5,4840,3.3069,2.55
google,1500,20,linear,True,False,10.0,0.4,0.3,0.3,0,0,UK,19,WOA,random,8,0.3333333333333333,E27,16.49,95.45,39,1.76111,87.3798,9.425,0.0,0,13.1091,2.1765,63.616,0.0,True,28.0,4840,3.2821,2.55
google,1500,20,linear,True,False,10.0,0.4,0.3,0.3,0,0,UK,19,WOA,random,9,0.3333333333333333,E27,16.49,95.45,39,1.76448,87.3556,9.2517,0.0,0,13.2091,2.1827,59.175,0.0,True,28.5,4840,3.3802,2.63
google,1500,20,linear,True,False,10.0,0.4,0.3,0.3,0,0,UK,19,WOA,random,10,0.3333333333333333,E27,16.49,95.45,39,1.753498,87.4343,9.8165,0.0,0,13.0591,2.169,63.864,0.0,True,28.5,4840,3.3345,2.62
google,1500,20,linear,True,False,10.0,0.4,0.3,0.3,0,0,UK,19,WOA,carbon,1,0.3333333333333333,E27,16.49,95.45,39,1.582725,88.6581,18.5994,0.0,0,12.9091,2.0029,61.628,0.0,True,28.5,4840,3.2521,2.5
google,1500,20,linear,True,False,10.0,0.4,0.3,0.3,0,0,UK,19,WOA,carbon,2,0.3333333333333333,E27,16.49,95.45,39,1.57979,88.6791,18.7504,0.0,0,12.9091,2.0029,61.901,0.0,True,28.5,4840,3.265,2.39
google,1500,20,linear,True,False,10.0,0.4,0.3,0.3,0,0,UK,19,WOA,carbon,3,0.3333333333333333,E27,16.49,95.45,39,1.582359,88.6607,18.6183,0.0,0,12.9591,2.0104,59.443,0.0,True,28.5,4840,3.2648,2.31
google,1500,20,linear,True,False,10.0,0.4,0.3,0.3,0,0,UK,19,WOA,carbon,4,0.3333333333333333,E27,16.49,95.45,39,1.582212,88.6618,18.6259,0.0,0,12.9091,2.0029,61.442,0.0,True,28.5,4840,3.2645,2.43
google,1500,20,linear,True,False,10.0,0.4,0.3,0.3,0,0,UK,19,WOA,carbon,5,0.3333333333333333,E27,16.49,95.45,39,1.587619,88.623,18.3478,0.0,0,13.0091,2.0179,57.975,0.0,True,28.5,4840,3.2635,2.2
google,1500,20,linear,True,False,10.0,0.4,0.3,0.3,0,0,UK,19,WOA,carbon,6,0.3333333333333333,E27,16.49,95.45,39,1.582359,88.6607,18.6183,0.0,0,12.9591,2.0104,59.443,0.0,True,28.5,4840,3.2667,2.38
google,1500,20,linear,True,False,10.0,0.4,0.3,0.3,0,0,UK,19,WOA,carbon,7,0.3333333333333333,E27,16.49,95.45,39,1.585225,88.6402,18.4709,0.0,0,12.9091,2.0029,61.078,0.0,True,28.5,4840,3.3295,2.38
google,1500,20,linear,True,False,10.0,0.4,0.3,0.3,0,0,UK,19,WOA,carbon,8,0.3333333333333333,E27,16.49,95.45,39,1.581707,88.6654,18.6518,0.0,0,12.9091,2.0029,60.98,0.0,True,28.5,4840,3.2366,2.31
google,1500,20,linear,True,False,10.0,0.4,0.3,0.3,0,0,UK,19,WOA,carbon,9,0.3333333333333333,E27,16.49,95.45,39,1.575099,88.7127,18.9917,0.0,0,12.8591,1.9954,63.115,0.0,True,28.5,4840,3.2452,2.58
google,1500,20,linear,True,False,10.0,0.4,0.3,0.3,0,0,UK,19,WOA,carbon,10,0.3333333333333333,E27,16.49,95.45,39,1.579665,88.68,18.7568,0.0,0,12.9091,2.0029,60.845,0.0,True,28.5,4840,3.2457,2.4
google,1500,10,linear,True,False,10.0,0.4,0.3,0.3,0,0,UK,20,WOA,random,4,0.3333333333333333,E27,16.49,95.45,39,0.558697,87.1642,7.5104,0.0,0,12.9591,2.1368,77.403,0.0,True,27.5,4840,3.2713,2.51
google,1500,10,linear,True,False,10.0,0.4,0.3,0.3,0,0,UK,20,WOA,random,5,0.3333333333333333,E27,16.49,95.45,39,0.562845,87.069,6.8238,0.0,0,13.0091,2.1437,73.611,0.0,True,27.5,4840,3.2542,2.7
google,1500,10,linear,True,False,10.0,0.4,0.3,0.3,0,0,UK,20,WOA,random,6,0.3333333333333333,E27,16.49,95.45,39,0.560334,87.1266,7.2394,0.0,0,12.9591,2.1505,76.061,0.0,True,27.5,4840,3.2457,2.52
google,1500,10,linear,True,False,10.0,0.4,0.3,0.3,0,0,UK,20,WOA,random,7,0.3333333333333333,E27,16.49,95.45,39,0.560789,87.1162,7.1641,0.0,0,12.8591,2.1567,79.67,0.0,True,26.5,4840,3.3417,2.62
google,1500,10,linear,True,False,10.0,0.4,0.3,0.3,0,0,UK,20,WOA,random,8,0.3333333333333333,E27,16.49,95.45,39,0.567832,86.9544,5.9983,0.0,0,13.1591,2.1668,71.631,0.0,True,28.5,4840,3.254,2.42
google,1500,10,linear,True,False,10.0,0.4,0.3,0.3,0,0,UK,20,WOA,random,9,0.3333333333333333,E27,16.49,95.45,39,0.563919,87.0443,6.6459,0.0,0,12.9591,2.1437,76.03,0.0,True,28.0,4840,3.2498,2.6
google,1500,10,linear,True,False,10.0,0.4,0.3,0.3,0,0,UK,20,WOA,random,10,0.3333333333333333,E27,16.49,95.45,39,0.565079,87.0176,6.454,0.0,0,13.1091,2.1668,72.867,0.0,True,28.0,4840,3.2409,2.6
google,1500,10,linear,True,False,10.0,0.4,0.3,0.3,0,0,UK,20,WOA,carbon,1,0.3333333333333333,E27,16.49,95.45,39,0.520115,88.0507,13.8976,0.0,0,13.0591,2.0554,67.907,0.0,True,26.0,4840,3.2065,2.57
google,1500,10,linear,True,False,10.0,0.4,0.3,0.3,0,0,UK,20,WOA,carbon,2,0.3333333333333333,E27,16.49,95.45,39,0.528155,87.866,12.5666,0.0,0,13.0091,2.0796,73.558,0.0,True,25.5,4840,3.2084,2.85
google,1500,10,linear,True,False,10.0,0.4,0.3,0.3,0,0,UK,20,WOA,carbon,3,0.3333333333333333,E27,16.49,95.45,39,0.518859,88.0795,14.1054,0.0,0,13.0591,2.059,68.003,0.0,True,25.5,4840,3.2089,2.58
google,1500,10,linear,True,False,10.0,0.4,0.3,0.3,0,0,UK,20,WOA,carbon,4,0.3333333333333333,E27,16.49,95.45,39,0.488891,88.768,19.0666,0.0,0,12.9091,1.993,66.464,0.0,True,25.5,4840,3.3081,2.34
google,1500,10,linear,True,False,10.0,0.4,0.3,0.3,0,0,UK,20,WOA,carbon,5,0.3333333333333333,E27,16.49,95.45,39,0.495744,88.6106,17.932,0.0,0,12.8091,1.9984,69.846,0.0,True,25.0,4840,3.2976,2.56
google,1500,10,linear,True,False,10.0,0.4,0.3,0.3,0,0,UK,20,WOA,carbon,6,0.3333333333333333,E27,16.49,95.45,39,0.513088,88.2121,15.0608,0.0,0,13.1091,2.0431,66.067,0.0,True,25.5,4840,3.2078,2.57
google,1500,10,linear,True,False,10.0,0.4,0.3,0.3,0,0,UK,20,WOA,carbon,7,0.3333333333333333,E27,16.49,95.45,39,0.509326,88.2985,15.6836,0.0,0,13.0091,2.0438,69.534,0.0,True,25.5,4840,3.2054,2.71
google,1500,10,linear,True,False,10.0,0.4,0.3,0.3,0,0,UK,20,WOA,carbon,8,0.3333333333333333,E27,16.49,95.45,39,0.512631,88.2226,15.1365,0.0,0,12.9591,2.0596,68.084,0.0,True,26.5,4840,3.1939,2.7
google,1500,10,linear,True,False,10.0,0.4,0.3,0.3,0,0,UK,20,WOA,carbon,9,0.3333333333333333,E27,16.49,95.45,39,0.490057,88.7412,18.8734,0.0,0,12.8591,1.9883,68.7,0.0,True,25.5,4840,3.2168,2.7
google,1500,20,linear,True,False,10.0,0.4,0.3,0.3,0,0,UK,20,WOA,random,3,0.3333333333333333,E27,16.49,95.45,39,0.561246,87.1057,7.0886,0.0,0,13.0591,2.1627,68.336,0.0,True,28.0,4840,3.249,2.83
google,1500,20,linear,True,False,10.0,0.4,0.3,0.3,0,0,UK,20,WOA,random,4,0.3333333333333333,E27,16.49,95.45,39,0.563181,87.0612,6.7681,0.0,0,13.0091,2.1392,75.725,0.0,True,27.0,4840,3.2677,2.43
google,1500,20,linear,True,False,10.0,0.4,0.3,0.3,0,0,UK,20,WOA,random,5,0.3333333333333333,E27,16.49,95.45,39,0.565808,87.0009,6.3333,0.0,0,13.2091,2.1908,58.352,0.0,True,28.5,4840,3.3744,2.42
google,1500,20,linear,True,False,10.0,0.4,0.3,0.3,0,0,UK,20,WOA,random,6,0.3333333333333333,E27,16.49,95.45,39,0.556578,87.2129,7.8612,0.0,0,13.0591,2.1585,62.531,0.0,True,28.0,4840,3.2664,2.73
google,1500,20,linear,True,False,10.0,0.4,0.3,0.3,0,0,UK,20,WOA,random,7,0.3333333333333333,E27,16.49,95.45,39,0.562995,87.0655,6.7989,0.0,0,13.0591,2.161,72.468,0.0,True,28.0,4840,3.2466,2.63
google,1500,20,linear,True,False,10.0,0.4,0.3,0.3,0,0,UK,20,WOA,random,8,0.3333333333333333,E27,16.49,95.45,39,0.564952,87.0205,6.4749,0.0,0,13.1091,2.1548,71.977,0.0,True,28.0,4840,3.2135,2.48
google,1500,20,linear,True,False,10.0,0.4,0.3,0.3,0,0,UK,20,WOA,random,9,0.3333333333333333,E27,16.49,95.45,39,0.561279,87.1049,7.083,0.0,0,13.0591,2.1364,67.013,0.0,True,28.0,4840,3.2375,2.69
google,1500,20,linear,True,False,10.0,0.4,0.3,0.3,0,0,UK,20,WOA,random,10,0.3333333333333333,E27,16.49,95.45,39,0.560874,87.1142,7.1501,0.0,0,13.0591,2.1501,69.764,0.0,True,28.0,4840,3.2227,2.56
google,1500,20,linear,True,False,10.0,0.4,0.3,0.3,0,0,UK,21,WOA,carbon,7,0.3333333333333333,E27,16.49,95.45,39,1.675762,87.2632,8.5919,0.0,0,12.9091,2.0213,65.375,0.0,True,27.5,4840,3.4397,2.58
google,1500,20,linear,True,False,10.0,0.4,0.3,0.3,0,0,UK,21,WOA,carbon,8,0.3333333333333333,E27,16.49,95.45,39,1.657939,87.3987,9.564,0.0,0,12.7591,1.9913,68.633,0.0,True,26.5,4840,3.3902,2.41
google,1500,20,linear,True,False,10.0,0.4,0.3,0.3,0,0,UK,21,WOA,carbon,9,0.3333333333333333,E27,16.49,95.45,39,1.688963,87.1629,7.8718,0.0,0,12.9591,2.038,65.886,0.0,True,27.5,4840,3.4411,2.56
google,1500,20,linear,True,False,10.0,0.4,0.3,0.3,0,0,UK,21,WOA,carbon,10,0.3333333333333333,E27,16.49,95.45,39,1.675603,87.2644,8.6005,0.0,0,12.9091,2.0138,66.67,0.0,True,27.5,4840,3.4108,2.46
google,1500,10,linear,True,False,10.0,0.4,0.3,0.3,0,0,UK,22,FIFO,-,0,0.3333333333333333,E27,16.49,95.45,39,13.977707,0.0,-615.299,0.0,0,95.9591,15.66,5.308,8.9738,False,24.5,0,0.0,0.0
google,1500,10,linear,True,False,10.0,0.4,0.3,0.3,0,0,UK,22,Consolidation,-,0,0.3333333333333333,E27,16.49,95.45,39,1.954107,86.0198,0.0,0.0,0,13.3091,2.1675,55.842,8.9738,False,24.5,0,0.0,0.0
google,1500,10,linear,True,False,10.0,0.4,0.3,0.3,0,0,UK,22,Greedy(EDF+greenest),-,0,0.3333333333333333,E27,16.49,95.45,39,1.649237,88.2009,15.6015,0.0,0,12.6091,1.9579,69.113,21.4511,False,25.5,0,0.0002,0.0
google,1500,10,linear,True,False,10.0,0.4,0.3,0.3,0,0,UK,22,VCC(Google),-,0,0.3333333333333333,E27,16.49,95.45,39,1.940033,86.1205,0.7202,0.0,0,13.2591,2.16,60.102,0.0,True,24.5,0,0.0053,0.0
google,1500,20,linear,True,False,10.0,0.4,0.3,0.3,0,0,UK,20,WOA,carbon,1,0.3333333333333333,E27,16.49,95.45,39,0.473146,89.1297,21.6731,0.0,0,12.7091,1.9474,69.917,0.0,True,25.5,4840,3.2262,2.45
google,1500,20,linear,True,False,10.0,0.4,0.3,0.3,0,0,UK,20,WOA,carbon,2,0.3333333333333333,E27,16.49,95.45,39,0.477747,89.024,20.9113,0.0,0,12.7091,1.9474,71.445,0.0,True,25.5,4840,3.2834,2.41
google,1500,20,linear,True,False,10.0,0.4,0.3,0.3,0,0,UK,20,WOA,carbon,3,0.3333333333333333,E27,16.49,95.45,39,0.474778,89.0922,21.4028,0.0,0,12.7091,1.9474,70.884,0.0,True,26.5,4840,3.267,2.5
google,1500,20,linear,True,False,10.0,0.4,0.3,0.3,0,0,UK,20,WOA,carbon,4,0.3333333333333333,E27,16.49,95.45,39,0.478657,89.0031,20.7607,0.0,0,12.7591,1.9636,69.526,0.0,True,24.5,4840,3.2208,2.57
google,1500,20,linear,True,False,10.0,0.4,0.3,0.3,0,0,UK,20,WOA,carbon,5,0.3333333333333333,E27,16.49,95.45,39,0.484079,88.8786,19.863,0.0,0,12.8091,1.9802,68.331,0.0,True,26.5,4840,3.2158,2.5
google,1500,20,linear,True,False,10.0,0.4,0.3,0.3,0,0,UK,20,WOA,carbon,6,0.3333333333333333,E27,16.49,95.45,39,0.477564,89.0282,20.9417,0.0,0,12.7091,1.9474,73.589,0.0,True,26.0,4840,3.1868,2.61
google,1500,20,linear,True,False,10.0,0.4,0.3,0.3,0,0,UK,20,WOA,carbon,7,0.3333333333333333,E27,16.49,95.45,39,0.479213,88.9903,20.6686,0.0,0,12.7091,1.9474,69.619,0.0,True,25.5,4840,3.2135,2.49
google,1500,20,linear,True,False,10.0,0.4,0.3,0.3,0,0,UK,20,WOA,carbon,8,0.3333333333333333,E27,16.49,95.45,39,0.475801,89.0687,21.2334,0.0,0,12.7091,1.9474,70.817,0.0,True,25.0,4840,3.1808,2.49
google,1500,10,linear,True,False,10.0,0.4,0.3,0.3,0,0,UK,21,WOA,random,10,0.3333333333333333,E27,16.49,95.45,39,1.752179,86.6824,4.4236,0.0,0,12.9091,2.1244,77.399,0.0,True,25.5,4840,3.3243,2.55
google,1500,10,linear,True,False,10.0,0.4,0.3,0.3,0,0,UK,21,WOA,carbon,1,0.3333333333333333,E27,16.49,95.45,39,1.746361,86.7266,4.7409,0.0,0,13.0091,2.1222,74.233,0.0,True,27.5,4840,3.2389,2.56
google,1500,10,linear,True,False,10.0,0.4,0.3,0.3,0,0,UK,21,WOA,carbon,2,0.3333333333333333,E27,16.49,95.45,39,1.726311,86.879,5.8346,0.0,0,12.9591,2.0822,74.963,0.0,True,27.0,4840,3.1906,2.55
google,1500,10,linear,True,False,10.0,0.4,0.3,0.3,0,0,UK,21,WOA,carbon,3,0.3333333333333333,E27,16.49,95.45,39,1.755255,86.659,4.2557,0.0,0,13.1091,2.1293,70.044,0.0,True,28.0,4840,3.1841,2.41
google,1500,10,linear,True,False,10.0,0.4,0.3,0.3,0,0,UK,21,WOA,carbon,4,0.3333333333333333,E27,16.49,95.45,39,1.744773,86.7387,4.8275,0.0,0,13.0591,2.1074,71.569,0.0,True,27.5,4840,3.195,2.77
google,1500,10,linear,True,False,10.0,0.4,0.3,0.3,0,0,UK,21,WOA,carbon,5,0.3333333333333333,E27,16.49,95.45,39,1.745665,86.7319,4.7789,0.0,0,12.9591,2.0851,73.509,0.0,True,26.5,4840,3.2011,2.63
google,1500,10,linear,True,False,10.0,0.4,0.3,0.3,0,0,UK,21,WOA,carbon,6,0.3333333333333333,E27,16.49,95.45,39,1.744678,86.7394,4.8327,0.0,0,12.9091,2.1394,74.732,0.0,True,27.0,4840,3.1706,2.5
google,1500,10,linear,True,False,10.0,0.4,0.3,0.3,0,0,UK,21,WOA,carbon,7,0.3333333333333333,E27,16.49,95.45,39,1.765615,86.5803,3.6906,0.0,0,12.8591,2.1198,74.948,0.0,True,26.0,4840,3.1966,2.44
google,1500,10,linear,True,False,10.0,0.4,0.3,0.3,0,0,UK,21,WOA,random,2,0.3333333333333333,E27,16.49,95.45,39,1.750098,86.6982,4.537,0.0,0,12.8591,2.1201,76.841,0.0,True,26.0,4840,3.5292,2.46
google,1500,10,linear,True,False,10.0,0.4,0.3,0.3,0,0,UK,21,WOA,random,3,0.3333333333333333,E27,16.49,95.45,39,1.753082,86.6755,4.3743,0.0,0,12.8591,2.1174,76.416,0.0,True,25.0,4840,3.4703,2.59
google,1500,10,linear,True,False,10.0,0.4,0.3,0.3,0,0,UK,21,WOA,random,4,0.3333333333333333,E27,16.49,95.45,39,1.753215,86.6745,4.367,0.0,0,12.8591,2.1066,77.013,0.0,True,24.5,4840,3.4013,2.84
google,1500,10,linear,True,False,10.0,0.4,0.3,0.3,0,0,UK,21,WOA,random,5,0.3333333333333333,E27,16.49,95.45,39,1.747907,86.7149,4.6566,0.0,0,12.8591,2.1064,79.354,0.0,True,25.5,4840,3.4568,2.7
google,1500,10,linear,True,False,10.0,0.4,0.3,0.3,0,0,UK,21,WOA,random,6,0.3333333333333333,E27,16.49,95.45,39,1.767112,86.5689,3.609,0.0,0,12.9591,2.1405,74.115,0.0,True,26.5,4840,3.4262,2.54
google,1500,10,linear,True,False,10.0,0.4,0.3,0.3,0,0,UK,21,WOA,random,7,0.3333333333333333,E27,16.49,95.45,39,1.763163,86.5989,3.8244,0.0,0,12.9591,2.1249,75.122,0.0,True,25.0,4840,3.3836,2.56
google,1500,10,linear,True,False,10.0,0.4,0.3,0.3,0,0,UK,21,WOA,random,8,0.3333333333333333,E27,16.49,95.45,39,1.746138,86.7283,4.753,0.0,0,12.8591,2.1207,79.38,0.0,True,25.0,4840,3.3991,2.63
google,1500,10,linear,True,False,10.0,0.4,0.3,0.3,0,0,UK,21,WOA,random,9,0.3333333333333333,E27,16.49,95.45,39,1.754716,86.6631,4.2851,0.0,0,12.9091,2.142,77.075,0.0,True,26.0,4840,3.4156,2.56
google,1500,20,linear,True,False,10.0,0.4,0.3,0.3,0,0,UK,21,WOA,random,1,0.3333333333333333,E27,16.49,95.45,39,1.754277,86.6665,4.3091,0.0,0,12.9091,2.142,77.315,0.0,True,24.5,4840,3.2679,2.49
google,1500,20,linear,True,False,10.0,0.4,0.3,0.3,0,0,UK,21,WOA,random,2,0.3333333333333333,E27,16.49,95.45,39,1.731824,86.8371,5.5338,0.0,0,12.7591,2.0971,79.9,0.0,True,26.0,4840,3.2209,2.69
google,1500,20,linear,True,False,10.0,0.4,0.3,0.3,0,0,UK,21,WOA,random,3,0.3333333333333333,E27,16.49,95.45,39,1.753186,86.6748,4.3686,0.0,0,12.8591,2.118,76.165,0.0,True,25.0,4840,3.1993,2.72
google,1500,20,linear,True,False,10.0,0.4,0.3,0.3,0,0,UK,21,WOA,random,4,0.3333333333333333,E27,16.49,95.45,39,1.759105,86.6298,4.0457,0.0,0,12.9591,2.1505,73.876,0.0,True,27.0,4840,3.2403,2.71
google,1500,20,linear,True,False,10.0,0.4,0.3,0.3,0,0,UK,21,WOA,random,5,0.3333333333333333,E27,16.49,95.45,39,1.753905,86.6693,4.3294,0.0,0,12.9091,2.1145,79.229,0.0,True,25.5,4840,3.2276,2.42
google,1500,20,linear,True,False,10.0,0.4,0.3,0.3,0,0,UK,21,WOA,random,6,0.3333333333333333,E27,16.49,95.45,39,1.761281,86.6132,3.9271,0.0,0,12.9091,2.1324,74.568,0.0,True,26.5,4840,3.1853,2.48
google,1500,20,linear,True,False,10.0,0.4,0.3,0.3,0,0,UK,21,WOA,random,7,0.3333333333333333,E27,16.49,95.45,39,1.750536,86.6949,4.5131,0.0,0,12.9591,2.1484,77.265,0.0,True,25.0,4840,3.2076,2.5
google,1500,20,linear,True,False,10.0,0.4,0.3,0.3,0,0,UK,21,WOA,random,8,0.3333333333333333,E27,16.49,95.45,39,1.746559,86.7251,4.7301,0.0,0,12.8091,2.1001,78.171,0.0,True,26.0,4840,3.2109,2.64
google,1500,10,linear,True,False,10.0,0.4,0.3,0.3,0,0,UK,22,WOA,carbon,6,0.3333333333333333,E27,16.49,95.45,39,1.772037,87.3224,9.3173,0.0,0,12.8591,2.0264,73.75,0.0,True,26.0,4840,3.2314,2.45
google,1500,10,linear,True,False,10.0,0.4,0.3,0.3,0,0,UK,22,WOA,carbon,7,0.3333333333333333,E27,16.49,95.45,39,1.825684,86.9386,6.5719,0.0,0,12.9591,2.1197,72.718,0.0,True,27.5,4840,3.2348,2.4
google,1500,10,linear,True,False,10.0,0.4,0.3,0.3,0,0,UK,22,WOA,carbon,8,0.3333333333333333,E27,16.49,95.45,39,1.796558,87.147,8.0625,0.0,0,12.9091,2.0839,73.653,0.0,True,27.0,4840,3.2079,2.51
google,1500,10,linear,True,False,10.0,0.4,0.3,0.3,0,0,UK,22,WOA,carbon,9,0.3333333333333333,E27,16.49,95.45,39,1.809524,87.0542,7.3989,0.0,0,12.9091,2.0929,76.97,0.0,True,28.0,4840,3.2138,2.69
google,1500,10,linear,True,False,10.0,0.4,0.3,0.3,0,0,UK,22,WOA,carbon,10,0.3333333333333333,E27,16.49,95.45,39,1.843025,86.8145,5.6845,0.0,0,12.9091,2.1353,77.835,0.0,True,26.0,4840,3.1965,2.56
google,1500,20,linear,True,False,10.0,0.4,0.3,0.3,0,0,UK,22,FIFO,-,0,0.3333333333333333,E27,16.49,95.45,39,13.977707,0.0,-615.299,0.0,0,95.9591,15.66,5.308,0.0,True,24.5,0,0.0,0.0
google,1500,20,linear,True,False,10.0,0.4,0.3,0.3,0,0,UK,22,Consolidation,-,0,0.3333333333333333,E27,16.49,95.45,39,1.954107,86.0198,0.0,0.0,0,13.3091,2.1675,55.842,0.0,True,24.5,0,0.0,0.0
google,1500,20,linear,True,False,10.0,0.4,0.3,0.3,0,0,UK,22,Greedy(EDF+greenest),-,0,0.3333333333333333,E27,16.49,95.45,39,1.649237,88.2009,15.6015,0.0,0,12.6091,1.9579,69.113,1.5711,False,25.5,0,0.0002,0.0
google,1500,20,linear,True,False,10.0,0.4,0.3,0.3,0,0,UK,21,WOA,random,9,0.3333333333333333,E27,16.49,95.45,39,1.770429,86.5437,3.4281,0.0,0,13.0091,2.1499,77.535,0.0,True,27.0,4840,3.3935,2.47
google,1500,20,linear,True,False,10.0,0.4,0.3,0.3,0,0,UK,21,WOA,random,10,0.3333333333333333,E27,16.49,95.45,39,1.746382,86.7265,4.7397,0.0,0,12.8591,2.1026,77.9,0.0,True,25.0,4840,3.4344,2.61
google,1500,20,linear,True,False,10.0,0.4,0.3,0.3,0,0,UK,21,WOA,carbon,1,0.3333333333333333,E27,16.49,95.45,39,1.652142,87.4427,9.8803,0.0,0,12.7591,1.9941,69.929,0.0,True,27.5,4840,3.3359,2.7
google,1500,20,linear,True,False,10.0,0.4,0.3,0.3,0,0,UK,21,WOA,carbon,2,0.3333333333333333,E27,16.49,95.45,39,1.668161,87.321,9.0065,0.0,0,12.8591,2.0155,64.928,0.0,True,27.0,4840,3.3639,2.72
google,1500,20,linear,True,False,10.0,0.4,0.3,0.3,0,0,UK,21,WOA,carbon,3,0.3333333333333333,E27,16.49,95.45,39,1.685017,87.1929,8.087,0.0,0,12.9091,2.0138,65.99,0.0,True,27.0,4840,3.3807,2.46
google,1500,20,linear,True,False,10.0,0.4,0.3,0.3,0,0,UK,21,WOA,carbon,4,0.3333333333333333,E27,16.49,95.45,39,1.666505,87.3336,9.0968,0.0,0,12.8091,2.0144,68.194,0.0,True,27.5,4840,3.3445,2.55
google,1500,20,linear,True,False,10.0,0.4,0.3,0.3,0,0,UK,21,WOA,carbon,5,0.3333333333333333,E27,16.49,95.45,39,1.645951,87.4898,10.218,0.0,0,12.6591,1.9763,73.681,0.0,True,27.5,4840,3.4202,2.55
google,1500,20,linear,True,False,10.0,0.4,0.3,0.3,0,0,UK,21,WOA,carbon,6,0.3333333333333333,E27,16.49,95.45,39,1.667925,87.3228,9.0194,0.0,0,12.9091,2.0138,68.263,0.0,True,27.0,4840,3.3398,2.34
google,1500,10,linear,True,False,10.0,0.4,0.3,0.3,0,0,UK,22,Threshold(WaitAwhile),-,0,0.3333333333333333,E27,16.49,95.45,39,1.864206,86.663,4.6006,0.0,0,12.9591,2.0104,60.935,12.9678,False,25.5,0,0.0209,0.0
google,1500,10,linear,True,False,10.0,0.4,0.3,0.3,0,0,UK,22,WOA,random,1,0.3333333333333333,E27,16.49,95.45,39,1.849402,86.7689,5.3582,0.0,0,12.8091,2.1109,80.491,0.0,True,25.5,4840,3.254,2.58
google,1500,10,linear,True,False,10.0,0.4,0.3,0.3,0,0,UK,22,WOA,random,2,0.3333333333333333,E27,16.49,95.45,39,1.860036,86.6928,4.814,0.0,0,13.0091,2.1342,74.039,0.0,True,27.5,4840,3.2308,2.71
google,1500,10,linear,True,False,10.0,0.4,0.3,0.3,0,0,UK,22,WOA,random,3,0.3333333333333333,E27,16.49,95.45,39,1.851366,86.7549,5.2577,0.0,0,13.0091,2.1415,76.21,0.0,True,26.5,4840,3.1955,2.55
google,1500,10,linear,True,False,10.0,0.4,0.3,0.3,0,0,UK,22,WOA,random,4,0.3333333333333333,E27,16.49,95.45,39,1.875369,86.5831,4.0294,0.0,0,13.0591,2.1496,76.28,0.0,True,27.0,4840,3.2025,2.54
google,1500,10,linear,True,False,10.0,0.4,0.3,0.3,0,0,UK,22,WOA,random,5,0.3333333333333333,E27,16.49,95.45,39,1.841944,86.8223,5.7399,0.0,0,12.8091,2.1149,78.865,0.0,True,26.5,4840,3.2233,2.65
google,1500,10,linear,True,False,10.0,0.4,0.3,0.3,0,0,UK,22,WOA,random,6,0.3333333333333333,E27,16.49,95.45,39,1.861225,86.6843,4.7532,0.0,0,12.9091,2.1287,79.338,0.0,True,27.5,4840,3.1903,2.59
google,1500,10,linear,True,False,10.0,0.4,0.3,0.3,0,0,UK,22,WOA,random,7,0.3333333333333333,E27,16.49,95.45,39,1.872636,86.6027,4.1692,0.0,0,13.0091,2.1409,77.693,0.0,True,26.5,4840,3.2008,2.67
google,1500,20,linear,True,False,10.0,0.4,0.3,0.3,0,0,UK,22,VCC(Google),-,0,0.3333333333333333,E27,16.49,95.45,39,1.953804,86.022,0.0155,0.0,0,13.3091,2.1675,56.625,0.0,True,24.5,0,0.0045,0.0
google,1500,20,linear,True,False,10.0,0.4,0.3,0.3,0,0,UK,22,Threshold(WaitAwhile),-,0,0.3333333333333333,E27,16.49,95.45,39,1.864206,86.663,4.6006,0.0,0,12.9591,2.0104,60.935,0.0,True,25.5,0,0.0205,0.0
google,1500,20,linear,True,False,10.0,0.4,0.3,0.3,0,0,UK,22,WOA,random,1,0.3333333333333333,E27,16.49,95.45,39,1.862638,86.6742,4.6808,0.0,0,12.9091,2.1265,79.907,0.0,True,25.5,4840,3.2269,2.61
google,1500,20,linear,True,False,10.0,0.4,0.3,0.3,0,0,UK,22,WOA,random,2,0.3333333333333333,E27,16.49,95.45,39,1.869252,86.6269,4.3424,0.0,0,13.1091,2.1422,73.149,0.0,True,27.5,4840,3.2157,2.72
google,1500,20,linear,True,False,10.0,0.4,0.3,0.3,0,0,UK,22,WOA,random,3,0.3333333333333333,E27,16.49,95.45,39,1.883529,86.5248,3.6118,0.0,0,12.9591,2.1313,76.595,0.0,True,26.0,4840,3.2166,2.52
google,1500,20,linear,True,False,10.0,0.4,0.3,0.3,0,0,UK,22,WOA,random,4,0.3333333333333333,E27,16.49,95.45,39,1.848015,86.7788,5.4292,0.0,0,13.0091,2.1387,74.493,0.0,True,27.0,4840,3.2216,2.52
google,1500,20,linear,True,False,10.0,0.4,0.3,0.3,0,0,UK,22,WOA,random,5,0.3333333333333333,E27,16.49,95.45,39,1.855663,86.7241,5.0378,0.0,0,12.9091,2.1287,78.239,0.0,True,27.0,4840,3.2292,2.65
google,1500,20,linear,True,False,10.0,0.4,0.3,0.3,0,0,UK,22,WOA,random,6,0.3333333333333333,E27,16.49,95.45,39,1.869843,86.6227,4.3121,0.0,0,13.0091,2.1505,73.815,0.0,True,28.0,4840,3.2069,2.55
google,1500,10,linear,True,False,10.0,0.4,0.3,0.3,0,0,UK,23,Greedy(EDF+greenest),-,0,0.3333333333333333,E27,16.49,95.45,39,1.364855,88.526,18.4804,0.0,0,13.0591,2.0363,57.681,12.2127,False,28.5,0,0.0002,0.0
google,1500,10,linear,True,False,10.0,0.4,0.3,0.3,0,0,UK,23,VCC(Google),-,0,0.3333333333333333,E27,16.49,95.45,39,1.630198,86.2954,2.6322,0.0,0,13.1091,2.1375,63.597,0.0,True,24.5,0,0.0058,0.0
google,1500,10,linear,True,False,10.0,0.4,0.3,0.3,0,0,UK,23,Threshold(WaitAwhile),-,0,0.3333333333333333,E27,16.49,95.45,39,1.427173,88.0021,14.7584,0.0,0,12.9591,2.0213,63.916,10.128,False,27.0,0,0.0213,0.0
google,1500,10,linear,True,False,10.0,0.4,0.3,0.3,0,0,UK,23,WOA,random,1,0.3333333333333333,E27,16.49,95.45,39,1.520808,87.215,9.1658,0.0,0,13.1591,2.1651,71.291,0.0,True,28.0,4840,3.4393,2.56
google,1500,10,linear,True,False,10.0,0.4,0.3,0.3,0,0,UK,23,WOA,random,2,0.3333333333333333,E27,16.49,95.45,39,1.517425,87.2434,9.3678,0.0,0,13.1091,2.1621,71.351,0.0,True,28.5,4840,3.4123,2.56
google,1500,10,linear,True,False,10.0,0.4,0.3,0.3,0,0,UK,23,WOA,random,3,0.3333333333333333,E27,16.49,95.45,39,1.525241,87.1777,8.901,0.0,0,13.0591,2.1632,73.66,0.0,True,28.0,4840,3.3997,2.54
google,1500,10,linear,True,False,10.0,0.4,0.3,0.3,0,0,UK,23,WOA,random,4,0.3333333333333333,E27,16.49,95.45,39,1.536085,87.0865,8.2533,0.0,0,13.2091,2.1925,69.819,0.0,True,28.5,4840,3.417,2.54
google,1500,10,linear,True,False,10.0,0.4,0.3,0.3,0,0,UK,23,WOA,random,5,0.3333333333333333,E27,16.49,95.45,39,1.529286,87.1437,8.6594,0.0,0,13.1091,2.1685,73.762,0.0,True,27.5,4840,3.3957,2.56
google,1500,20,linear,True,False,10.0,0.4,0.3,0.3,0,0,UK,22,WOA,carbon,5,0.3333333333333333,E27,16.49,95.45,39,1.700489,87.8343,12.9787,0.0,0,12.7591,1.9891,69.89,0.0,True,26.0,4840,3.2067,2.57
google,1500,20,linear,True,False,10.0,0.4,0.3,0.3,0,0,UK,22,WOA,carbon,6,0.3333333333333333,E27,16.49,95.45,39,1.705056,87.8016,12.745,0.0,0,12.8091,1.996,66.451,0.0,True,26.0,4840,3.1922,2.57
google,1500,20,linear,True,False,10.0,0.4,0.3,0.3,0,0,UK,22,WOA,carbon,7,0.3333333333333333,E27,16.49,95.45,39,1.70648,87.7914,12.6721,0.0,0,12.8091,2.0041,68.524,0.0,True,26.5,4840,3.2107,2.35
google,1500,20,linear,True,False,10.0,0.4,0.3,0.3,0,0,UK,22,WOA,carbon,8,0.3333333333333333,E27,16.49,95.45,39,1.687698,87.9258,13.6333,0.0,0,12.6591,1.9654,71.789,0.0,True,25.5,4840,3.1676,2.39
google,1500,20,linear,True,False,10.0,0.4,0.3,0.3,0,0,UK,22,WOA,carbon,9,0.3333333333333333,E27,16.49,95.45,39,1.702315,87.8212,12.8853,0.0,0,12.7591,1.9977,72.079,0.0,True,26.0,4840,3.211,2.44
google,1500,20,linear,True,False,10.0,0.4,0.3,0.3,0,0,UK,22,WOA,carbon,10,0.3333333333333333,E27,16.49,95.45,39,1.691479,87.8987,13.4398,0.0,0,12.7091,1.9804,70.616,0.0,True,26.0,4840,3.187,2.52
google,1500,10,linear,True,False,10.0,0.4,0.3,0.3,0,0,UK,23,FIFO,-,0,0.3333333333333333,E27,16.49,95.45,39,11.895218,0.0,-610.4729,0.0,0,95.9591,15.66,5.308,8.9738,False,24.5,0,0.0,0.0
google,1500,10,linear,True,False,10.0,0.4,0.3,0.3,0,0,UK,23,Consolidation,-,0,0.3333333333333333,E27,16.49,95.45,39,1.674268,85.9249,0.0,0.0,0,13.3091,2.1675,55.842,8.9738,False,24.5,0,0.0,0.0
google,1500,10,linear,True,False,10.0,0.4,0.3,0.3,0,0,UK,22,WOA,random,8,0.3333333333333333,E27,16.49,95.45,39,1.875489,86.5823,4.0232,0.0,0,13.0591,2.1421,77.399,0.0,True,27.0,4840,3.2442,2.42
google,1500,10,linear,True,False,10.0,0.4,0.3,0.3,0,0,UK,22,WOA,random,9,0.3333333333333333,E27,16.49,95.45,39,1.854066,86.7356,5.1195,0.0,0,12.8591,2.128,79.653,0.0,True,27.5,4840,3.2697,2.61
google,1500,10,linear,True,False,10.0,0.4,0.3,0.3,0,0,UK,22,WOA,random,10,0.3333333333333333,E27,16.49,95.45,39,1.848852,86.7729,5.3864,0.0,0,12.9591,2.1214,77.341,0.0,True,26.5,4840,3.2714,2.59
google,1500,10,linear,True,False,10.0,0.4,0.3,0.3,0,0,UK,22,WOA,carbon,1,0.3333333333333333,E27,16.49,95.45,39,1.829915,86.9083,6.3554,0.0,0,13.0591,2.137,69.989,0.0,True,27.5,4840,3.2497,2.41
google,1500,10,linear,True,False,10.0,0.4,0.3,0.3,0,0,UK,22,WOA,carbon,2,0.3333333333333333,E27,16.49,95.45,39,1.835203,86.8705,6.0848,0.0,0,13.0091,2.1214,76.467,0.0,True,26.5,4840,3.2398,2.56
google,1500,10,linear,True,False,10.0,0.4,0.3,0.3,0,0,UK,22,WOA,carbon,3,0.3333333333333333,E27,16.49,95.45,39,1.858605,86.7031,4.8872,0.0,0,12.9591,2.1317,76.852,0.0,True,27.0,4840,3.2107,2.42
google,1500,10,linear,True,False,10.0,0.4,0.3,0.3,0,0,UK,22,WOA,carbon,4,0.3333333333333333,E27,16.49,95.45,39,1.832395,86.8906,6.2285,0.0,0,13.0591,2.1439,68.994,0.0,True,28.0,4840,3.2298,2.5
google,1500,10,linear,True,False,10.0,0.4,0.3,0.3,0,0,UK,22,WOA,carbon,5,0.3333333333333333,E27,16.49,95.45,39,1.836769,86.8593,6.0047,0.0,0,12.9591,2.1091,74.269,0.0,True,26.5,4840,3.2356,2.69
google,1500,20,linear,True,False,10.0,0.4,0.3,0.3,0,0,UK,23,Consolidation,-,0,0.3333333333333333,E27,16.49,95.45,39,1.674268,85.9249,0.0,0.0,0,13.3091,2.1675,55.842,0.0,True,24.5,0,0.0,0.0
google,1500,20,linear,True,False,10.0,0.4,0.3,0.3,0,0,UK,23,Greedy(EDF+greenest),-,0,0.3333333333333333,E27,16.49,95.45,39,1.364855,88.526,18.4804,0.0,0,13.0591,2.0363,57.681,0.8379,False,28.5,0,0.0002,0.0
google,1500,20,linear,True,False,10.0,0.4,0.3,0.3,0,0,UK,23,VCC(Google),-,0,0.3333333333333333,E27,16.49,95.45,39,1.663184,86.018,0.662,0.0,0,13.2591,2.16,58.836,0.0,True,24.5,0,0.0051,0.0
google,1500,20,linear,True,False,10.0,0.4,0.3,0.3,0,0,UK,23,Threshold(WaitAwhile),-,0,0.3333333333333333,E27,16.49,95.45,39,1.427173,88.0021,14.7584,0.0,0,12.9591,2.0213,63.916,0.0,True,27.0,0,0.0209,0.0
google,1500,20,linear,True,False,10.0,0.4,0.3,0.3,0,0,UK,23,WOA,random,1,0.3333333333333333,E27,16.49,95.45,39,1.501886,87.374,10.2959,0.0,0,13.3091,2.2052,55.842,0.0,True,28.5,4840,3.3853,2.26
google,1500,20,linear,True,False,10.0,0.4,0.3,0.3,0,0,UK,23,WOA,random,2,0.3333333333333333,E27,16.49,95.45,39,1.501853,87.3743,10.2979,0.0,0,13.3091,2.2052,56.065,0.0,True,28.5,4840,3.3521,2.33
google,1500,20,linear,True,False,10.0,0.4,0.3,0.3,0,0,UK,23,WOA,random,3,0.3333333333333333,E27,16.49,95.45,39,1.499092,87.3975,10.4628,0.0,0,13.2591,2.1908,57.219,0.0,True,28.5,4840,3.3527,2.43
google,1500,20,linear,True,False,10.0,0.4,0.3,0.3,0,0,UK,23,WOA,random,4,0.3333333333333333,E27,16.49,95.45,39,1.483089,87.5321,11.4186,0.0,0,13.0091,2.1484,67.586,0.0,True,28.0,4840,3.3561,2.51
google,1500,10,linear,True,False,10.0,0.4,0.3,0.3,0,0,UK,24,FIFO,-,0,0.3333333333333333,E27,16.49,95.45,39,7.46405,0.0,-612.6607,0.0,0,95.9591,15.66,5.308,8.9738,False,24.5,0,0.0,0.0
google,1500,10,linear,True,False,10.0,0.4,0.3,0.3,0,0,UK,24,Consolidation,-,0,0.3333333333333333,E27,16.49,95.45,39,1.04735,85.9681,0.0,0.0,0,13.3091,2.1675,55.842,8.9738,False,24.5,0,0.0,0.0
google,1500,10,linear,True,False,10.0,0.4,0.3,0.3,0,0,UK,24,Greedy(EDF+greenest),-,0,0.3333333333333333,E27,16.49,95.45,39,0.737758,90.1158,29.5595,0.0,0,12.7591,1.9804,65.285,12.6904,False,27.0,0,0.0002,0.0
google,1500,10,linear,True,False,10.0,0.4,0.3,0.3,0,0,UK,24,VCC(Google),-,0,0.3333333333333333,E27,16.49,95.45,39,1.024374,86.2759,2.1937,0.0,0,13.3091,2.1675,59.391,0.0,True,24.5,0,0.0045,0.0
google,1500,10,linear,True,False,10.0,0.4,0.3,0.3,0,0,UK,24,Threshold(WaitAwhile),-,0,0.3333333333333333,E27,16.49,95.45,39,0.889487,88.083,15.0726,0.0,0,12.9091,2.0029,61.15,13.5154,False,24.5,0,0.0218,0.0
google,1500,10,linear,True,False,10.0,0.4,0.3,0.3,0,0,UK,24,WOA,random,1,0.3333333333333333,E27,16.49,95.45,39,0.907093,87.8472,13.3916,0.0,0,13.0091,2.122,76.39,0.0,True,27.0,4840,3.3796,2.57
google,1500,10,linear,True,False,10.0,0.4,0.3,0.3,0,0,UK,24,WOA,random,2,0.3333333333333333,E27,16.49,95.45,39,0.906609,87.8537,13.4378,0.0,0,12.9591,2.1254,77.192,0.0,True,27.5,4840,3.3465,2.63
google,1500,10,linear,True,False,10.0,0.4,0.3,0.3,0,0,UK,24,WOA,random,3,0.3333333333333333,E27,16.49,95.45,39,0.920977,87.6612,12.0659,0.0,0,13.0591,2.154,73.97,0.0,True,28.0,4840,3.3044,2.72
google,1500,20,linear,True,False,10.0,0.4,0.3,0.3,0,0,UK,22,WOA,random,7,0.3333333333333333,E27,16.49,95.45,39,1.86423,86.6628,4.5994,0.0,0,13.0091,2.1383,76.835,0.0,True,26.5,4840,3.2214,2.53
google,1500,20,linear,True,False,10.0,0.4,0.3,0.3,0,0,UK,22,WOA,random,8,0.3333333333333333,E27,16.49,95.45,39,1.866489,86.6467,4.4838,0.0,0,13.0091,2.1471,78.102,0.0,True,27.0,4840,3.2021,2.55
google,1500,20,linear,True,False,10.0,0.4,0.3,0.3,0,0,UK,22,WOA,random,9,0.3333333333333333,E27,16.49,95.45,39,1.854062,86.7356,5.1197,0.0,0,12.8591,2.128,79.641,0.0,True,27.5,4840,3.1944,2.71
google,1500,20,linear,True,False,10.0,0.4,0.3,0.3,0,0,UK,22,WOA,random,10,0.3333333333333333,E27,16.49,95.45,39,1.852723,86.7452,5.1883,0.0,0,13.0091,2.1278,76.152,0.0,True,26.5,4840,3.2071,2.65
google,1500,20,linear,True,False,10.0,0.4,0.3,0.3,0,0,UK,22,WOA,carbon,1,0.3333333333333333,E27,16.49,95.45,39,1.6865,87.9344,13.6946,0.0,0,12.6591,1.9735,72.299,0.0,True,25.5,4840,3.1746,2.77
google,1500,20,linear,True,False,10.0,0.4,0.3,0.3,0,0,UK,22,WOA,carbon,2,0.3333333333333333,E27,16.49,95.45,39,1.684344,87.9498,13.8049,0.0,0,12.7091,1.9896,70.428,0.0,True,26.0,4840,3.1675,2.51
google,1500,20,linear,True,False,10.0,0.4,0.3,0.3,0,0,UK,22,WOA,carbon,3,0.3333333333333333,E27,16.49,95.45,39,1.692133,87.8941,13.4063,0.0,0,12.7591,1.9879,70.266,0.0,True,26.0,4840,3.1588,2.46
google,1500,20,linear,True,False,10.0,0.4,0.3,0.3,0,0,UK,22,WOA,carbon,4,0.3333333333333333,E27,16.49,95.45,39,1.693172,87.8866,13.3531,0.0,0,12.7091,1.9816,70.816,0.0,True,26.0,4840,3.183,2.69
google,1500,10,linear,True,False,10.0,0.4,0.3,0.3,0,0,UK,23,WOA,random,6,0.3333333333333333,E27,16.49,95.45,39,1.518217,87.2367,9.3205,0.0,0,13.0591,2.1615,73.112,0.0,True,28.0,4840,3.2133,2.47
google,1500,10,linear,True,False,10.0,0.4,0.3,0.3,0,0,UK,23,WOA,random,7,0.3333333333333333,E27,16.49,95.45,39,1.506584,87.3345,10.0153,0.0,0,13.0091,2.143,74.695,0.0,True,28.0,4840,3.1983,2.56
google,1500,10,linear,True,False,10.0,0.4,0.3,0.3,0,0,UK,23,WOA,random,8,0.3333333333333333,E27,16.49,95.45,39,1.506479,87.3354,10.0216,0.0,0,13.0091,2.1546,72.999,0.0,True,28.0,4840,3.1826,2.51
google,1500,10,linear,True,False,10.0,0.4,0.3,0.3,0,0,UK,23,WOA,random,9,0.3333333333333333,E27,16.49,95.45,39,1.526979,87.1631,8.7972,0.0,0,13.1591,2.1747,70.385,0.0,True,28.0,4840,3.1999,2.59
google,1500,10,linear,True,False,10.0,0.4,0.3,0.3,0,0,UK,23,WOA,random,10,0.3333333333333333,E27,16.49,95.45,39,1.515687,87.258,9.4716,0.0,0,13.0591,2.1621,73.847,0.0,True,28.0,4840,3.1912,2.52
google,1500,10,linear,True,False,10.0,0.4,0.3,0.3,0,0,UK,23,WOA,carbon,1,0.3333333333333333,E27,16.49,95.45,39,1.48617,87.5062,11.2346,0.0,0,13.2091,2.1619,67.261,0.0,True,28.5,4840,3.1598,2.47
google,1500,10,linear,True,False,10.0,0.4,0.3,0.3,0,0,UK,23,WOA,carbon,2,0.3333333333333333,E27,16.49,95.45,39,1.51074,87.2996,9.7671,0.0,0,13.0591,2.1479,73.885,0.0,True,28.0,4840,3.1766,2.46
google,1500,10,linear,True,False,10.0,0.4,0.3,0.3,0,0,UK,23,WOA,carbon,3,0.3333333333333333,E27,16.49,95.45,39,1.474334,87.6057,11.9415,0.0,0,13.0091,2.1074,74.945,0.0,True,28.5,4840,3.1538,2.5
google,1500,10,linear,True,False,10.0,0.4,0.3,0.3,0,0,UK,23,WOA,carbon,4,0.3333333333333333,E27,16.49,95.45,39,1.494353,87.4374,10.7459,0.0,0,12.9591,2.1147,73.798,0.0,True,28.0,4840,3.1938,2.55
google,1500,10,linear,True,False,10.0,0.4,0.3,0.3,0,0,UK,23,WOA,carbon,5,0.3333333333333333,E27,16.49,95.45,39,1.500237,87.3879,10.3944,0.0,0,13.0591,2.1587,72.674,0.0,True,28.5,4840,3.1806,2.76
google,1500,10,linear,True,False,10.0,0.4,0.3,0.3,0,0,UK,23,WOA,carbon,6,0.3333333333333333,E27,16.49,95.45,39,1.441219,87.884,13.9194,0.0,0,12.9091,2.0854,73.204,0.0,True,28.0,4840,3.1538,2.57
google,1500,10,linear,True,False,10.0,0.4,0.3,0.3,0,0,UK,23,WOA,carbon,7,0.3333333333333333,E27,16.49,95.45,39,1.511525,87.293,9.7202,0.0,0,13.2091,2.1796,65.983,0.0,True,28.0,4840,3.1669,2.42
google,1500,10,linear,True,False,10.0,0.4,0.3,0.3,0,0,UK,23,WOA,carbon,8,0.3333333333333333,E27,16.49,95.45,39,1.47477,87.602,11.9155,0.0,0,13.1591,2.1351,69.539,0.0,True,28.5,4840,3.1732,2.39
google,1500,10,linear,True,False,10.0,0.4,0.3,0.3,0,0,UK,23,WOA,carbon,9,0.3333333333333333,E27,16.49,95.45,39,1.531058,87.1288,8.5536,0.0,0,13.1591,2.164,72.306,0.0,True,28.5,4840,3.1804,2.52
google,1500,10,linear,True,False,10.0,0.4,0.3,0.3,0,0,UK,23,WOA,carbon,10,0.3333333333333333,E27,16.49,95.45,39,1.5177,87.2411,9.3514,0.0,0,13.1091,2.1662,71.845,0.0,True,28.0,4840,3.1863,2.34
google,1500,20,linear,True,False,10.0,0.4,0.3,0.3,0,0,UK,23,FIFO,-,0,0.3333333333333333,E27,16.49,95.45,39,11.895218,0.0,-610.4729,0.0,0,95.9591,15.66,5.308,0.0,True,24.5,0,0.0,0.0
google,1500,10,linear,True,False,10.0,0.4,0.3,0.3,0,0,UK,24,WOA,carbon,10,0.3333333333333333,E27,16.49,95.45,39,0.807727,89.1784,22.879,0.0,0,12.9591,2.0346,71.454,0.0,True,27.5,4840,3.3906,2.53
google,1500,20,linear,True,False,10.0,0.4,0.3,0.3,0,0,UK,24,FIFO,-,0,0.3333333333333333,E27,16.49,95.45,39,7.46405,0.0,-612.6607,0.0,0,95.9591,15.66,5.308,0.0,True,24.5,0,0.0,0.0
google,1500,20,linear,True,False,10.0,0.4,0.3,0.3,0,0,UK,24,Consolidation,-,0,0.3333333333333333,E27,16.49,95.45,39,1.04735,85.9681,0.0,0.0,0,13.3091,2.1675,55.842,0.0,True,24.5,0,0.0,0.0
google,1500,20,linear,True,False,10.0,0.4,0.3,0.3,0,0,UK,24,Greedy(EDF+greenest),-,0,0.3333333333333333,E27,16.49,95.45,39,0.737758,90.1158,29.5595,0.0,0,12.7591,1.9804,65.285,0.0,True,27.0,0,0.0002,0.0
google,1500,20,linear,True,False,10.0,0.4,0.3,0.3,0,0,UK,24,VCC(Google),-,0,0.3333333333333333,E27,16.49,95.45,39,1.043662,86.0175,0.3521,0.0,0,13.3091,2.1675,56.527,0.0,True,24.5,0,0.0047,0.0
google,1500,20,linear,True,False,10.0,0.4,0.3,0.3,0,0,UK,24,Threshold(WaitAwhile),-,0,0.3333333333333333,E27,16.49,95.45,39,0.889487,88.083,15.0726,0.0,0,12.9091,2.0029,61.15,0.0,True,24.5,0,0.0206,0.0
google,1500,20,linear,True,False,10.0,0.4,0.3,0.3,0,0,UK,24,WOA,random,1,0.3333333333333333,E27,16.49,95.45,39,0.90397,87.889,13.6898,0.0,0,13.0091,2.125,71.431,0.0,True,27.0,4840,3.4175,2.8
google,1500,20,linear,True,False,10.0,0.4,0.3,0.3,0,0,UK,24,WOA,random,2,0.3333333333333333,E27,16.49,95.45,39,0.906508,87.855,13.4474,0.0,0,12.9591,2.1254,77.218,0.0,True,27.5,4840,3.4203,2.61
google,1500,20,linear,True,False,10.0,0.4,0.3,0.3,0,0,UK,24,WOA,carbon,9,0.3333333333333333,E27,16.49,95.45,39,0.729995,90.2198,30.3007,0.0,0,12.5591,1.9504,69.741,0.0,True,27.0,4840,3.3893,2.45
google,1500,20,linear,True,False,10.0,0.4,0.3,0.3,0,0,UK,24,WOA,carbon,10,0.3333333333333333,E27,16.49,95.45,39,0.729878,90.2214,30.3119,0.0,0,12.6091,1.9579,68.888,0.0,True,27.0,4840,3.3624,2.35
google,1500,10,linear,True,False,10.0,0.4,0.3,0.3,0,0,UK,25,FIFO,-,0,0.3333333333333333,E27,16.49,95.45,39,9.048549,0.0,-608.9123,0.0,0,95.9591,15.66,5.308,8.9738,False,24.5,0,0.0,0.0
google,1500,10,linear,True,False,10.0,0.4,0.3,0.3,0,0,UK,25,Consolidation,-,0,0.3333333333333333,E27,16.49,95.45,39,1.276399,85.8939,0.0,0.0,0,13.3091,2.1675,55.842,8.9738,False,24.5,0,0.0,0.0
google,1500,10,linear,True,False,10.0,0.4,0.3,0.3,0,0,UK,25,Greedy(EDF+greenest),-,0,0.3333333333333333,E27,16.49,95.45,39,1.053031,88.3624,17.4998,0.0,0,12.7591,2.0397,63.243,16.5142,False,27.5,0,0.0002,0.0
google,1500,10,linear,True,False,10.0,0.4,0.3,0.3,0,0,UK,25,VCC(Google),-,0,0.3333333333333333,E27,16.49,95.45,39,1.252265,86.1606,1.8908,0.0,0,13.3091,2.1675,58.878,0.0,True,24.5,0,0.0047,0.0
google,1500,10,linear,True,False,10.0,0.4,0.3,0.3,0,0,UK,25,Threshold(WaitAwhile),-,0,0.3333333333333333,E27,16.49,95.45,39,1.18897,86.8601,6.8496,0.0,0,13.0591,2.0847,58.363,9.7857,False,27.5,0,0.0205,0.0
google,1500,10,linear,True,False,10.0,0.4,0.3,0.3,0,0,UK,25,WOA,random,1,0.3333333333333333,E27,16.49,95.45,39,1.199832,86.7401,5.9987,0.0,0,12.9091,2.1441,80.178,0.0,True,25.0,4840,3.3726,2.53
google,1500,20,linear,True,False,10.0,0.4,0.3,0.3,0,0,UK,23,WOA,random,5,0.3333333333333333,E27,16.49,95.45,39,1.47834,87.572,11.7023,0.0,0,13.0591,2.1597,61.411,0.0,True,28.0,4840,3.2124,2.48
google,1500,20,linear,True,False,10.0,0.4,0.3,0.3,0,0,UK,23,WOA,random,6,0.3333333333333333,E27,16.49,95.45,39,1.501841,87.3744,10.2986,0.0,0,13.3091,2.2047,56.048,0.0,True,28.5,4840,3.1733,2.35
google,1500,20,linear,True,False,10.0,0.4,0.3,0.3,0,0,UK,23,WOA,random,7,0.3333333333333333,E27,16.49,95.45,39,1.501886,87.374,10.2959,0.0,0,13.3091,2.2052,55.842,0.0,True,28.5,4840,3.1878,2.27
google,1500,20,linear,True,False,10.0,0.4,0.3,0.3,0,0,UK,23,WOA,random,8,0.3333333333333333,E27,16.49,95.45,39,1.496535,87.419,10.6155,0.0,0,13.2591,2.1977,56.777,0.0,True,28.5,4840,3.1554,2.35
google,1500,20,linear,True,False,10.0,0.4,0.3,0.3,0,0,UK,23,WOA,random,9,0.3333333333333333,E27,16.49,95.45,39,1.486136,87.5064,11.2366,0.0,0,13.1591,2.1788,59.684,0.0,True,28.5,4840,3.2204,2.48
google,1500,20,linear,True,False,10.0,0.4,0.3,0.3,0,0,UK,23,WOA,random,10,0.3333333333333333,E27,16.49,95.45,39,1.501864,87.3742,10.2973,0.0,0,13.3091,2.2052,55.774,0.0,True,28.5,4840,3.1871,2.49
google,1500,20,linear,True,False,10.0,0.4,0.3,0.3,0,0,UK,23,WOA,carbon,1,0.3333333333333333,E27,16.49,95.45,39,1.378312,88.4129,17.6767,0.0,0,13.1091,2.0622,60.616,0.0,True,28.5,4840,3.1735,2.69
google,1500,20,linear,True,False,10.0,0.4,0.3,0.3,0,0,UK,23,WOA,carbon,2,0.3333333333333333,E27,16.49,95.45,39,1.375766,88.4343,17.8288,0.0,0,13.0091,2.0414,63.874,0.0,True,28.5,4840,3.1998,2.54
google,1500,20,linear,True,False,10.0,0.4,0.3,0.3,0,0,UK,23,WOA,carbon,3,0.3333333333333333,E27,16.49,95.45,39,1.377923,88.4162,17.7,0.0,0,13.1091,2.0438,61.628,0.0,True,28.5,4840,3.1976,2.63
google,1500,20,linear,True,False,10.0,0.4,0.3,0.3,0,0,UK,23,WOA,carbon,4,0.3333333333333333,E27,16.49,95.45,39,1.377759,88.4175,17.7098,0.0,0,13.0091,2.0477,64.035,0.0,True,28.5,4840,3.1903,2.5
google,1500,20,linear,True,False,10.0,0.4,0.3,0.3,0,0,UK,23,WOA,carbon,5,0.3333333333333333,E27,16.49,95.45,39,1.389785,88.3164,16.9915,0.0,0,13.0591,2.0616,63.764,0.0,True,28.0,4840,3.2085,2.41
google,1500,20,linear,True,False,10.0,0.4,0.3,0.3,0,0,UK,23,WOA,carbon,6,0.3333333333333333,E27,16.49,95.45,39,1.38787,88.3325,17.1058,0.0,0,13.0591,2.0552,64.511,0.0,True,28.0,4840,3.1841,2.42
google,1500,20,linear,True,False,10.0,0.4,0.3,0.3,0,0,UK,23,WOA,carbon,7,0.3333333333333333,E27,16.49,95.45,39,1.372569,88.4612,18.0197,0.0,0,13.0091,2.0449,64.783,0.0,True,28.5,4840,3.2027,2.81
google,1500,20,linear,True,False,10.0,0.4,0.3,0.3,0,0,UK,23,WOA,carbon,8,0.3333333333333333,E27,16.49,95.45,39,1.385918,88.3489,17.2224,0.0,0,13.1591,2.0674,60.12,0.0,True,28.5,4840,3.1761,2.49
google,1500,20,linear,True,False,10.0,0.4,0.3,0.3,0,0,UK,23,WOA,carbon,9,0.3333333333333333,E27,16.49,95.45,39,1.368109,88.4987,18.2861,0.0,0,12.9591,2.0213,64.286,0.0,True,28.0,4840,3.196,2.51
google,1500,20,linear,True,False,10.0,0.4,0.3,0.3,0,0,UK,23,WOA,carbon,10,0.3333333333333333,E27,16.49,95.45,39,1.389678,88.3173,16.9978,0.0,0,13.0591,2.0611,64.585,0.0,True,28.0,4840,3.1725,2.7
google,1500,10,linear,True,False,10.0,0.4,0.3,0.3,0,0,UK,25,WOA,carbon,8,0.3333333333333333,E27,16.49,95.45,39,1.100676,87.8359,13.7671,0.0,0,12.9091,2.0622,63.965,0.0,True,28.0,4840,3.1537,2.68
google,1500,10,linear,True,False,10.0,0.4,0.3,0.3,0,0,UK,25,WOA,carbon,9,0.3333333333333333,E27,16.49,95.45,39,1.089882,87.9552,14.6128,0.0,0,12.8591,2.0622,66.639,0.0,True,28.0,4840,3.1629,2.54
google,1500,10,linear,True,False,10.0,0.4,0.3,0.3,0,0,UK,25,WOA,carbon,10,0.3333333333333333,E27,16.49,95.45,39,1.09078,87.9453,14.5424,0.0,0,12.9091,2.0622,66.857,0.0,True,28.0,4840,3.1536,2.48
google,1500,20,linear,True,False,10.0,0.4,0.3,0.3,0,0,UK,25,FIFO,-,0,0.3333333333333333,E27,16.49,95.45,39,9.048549,0.0,-608.9123,0.0,0,95.9591,15.66,5.308,0.0,True,24.5,0,0.0,0.0
google,1500,20,linear,True,False,10.0,0.4,0.3,0.3,0,0,UK,25,Consolidation,-,0,0.3333333333333333,E27,16.49,95.45,39,1.276399,85.8939,0.0,0.0,0,13.3091,2.1675,55.842,0.0,True,24.5,0,0.0,0.0
google,1500,20,linear,True,False,10.0,0.4,0.3,0.3,0,0,UK,25,Greedy(EDF+greenest),-,0,0.3333333333333333,E27,16.49,95.45,39,1.053031,88.3624,17.4998,0.0,0,12.7591,2.0397,63.243,0.0,True,27.5,0,0.0002,0.0
google,1500,20,linear,True,False,10.0,0.4,0.3,0.3,0,0,UK,25,VCC(Google),-,0,0.3333333333333333,E27,16.49,95.45,39,1.278056,85.8756,-0.1298,0.0,0,13.3591,2.175,56.05,0.0,True,24.5,0,0.0044,0.0
google,1500,20,linear,True,False,10.0,0.4,0.3,0.3,0,0,UK,25,Threshold(WaitAwhile),-,0,0.3333333333333333,E27,16.49,95.45,39,1.18897,86.8601,6.8496,0.0,0,13.0591,2.0847,58.363,0.0,True,27.5,0,0.0212,0.0
google,1500,10,linear,True,False,10.0,0.4,0.3,0.3,0,0,UK,24,WOA,random,4,0.3333333333333333,E27,16.49,95.45,39,0.908911,87.8228,13.218,0.0,0,13.0091,2.1379,73.844,0.0,True,28.0,4840,3.2052,2.48
google,1500,10,linear,True,False,10.0,0.4,0.3,0.3,0,0,UK,24,WOA,random,5,0.3333333333333333,E27,16.49,95.45,39,0.9215,87.6542,12.016,0.0,0,13.0591,2.1616,73.99,0.0,True,27.5,4840,3.1961,2.58
google,1500,10,linear,True,False,10.0,0.4,0.3,0.3,0,0,UK,24,WOA,random,6,0.3333333333333333,E27,16.49,95.45,39,0.915236,87.7381,12.6141,0.0,0,13.0091,2.1466,75.413,0.0,True,26.5,4840,3.1765,2.44
google,1500,10,linear,True,False,10.0,0.4,0.3,0.3,0,0,UK,24,WOA,random,7,0.3333333333333333,E27,16.49,95.45,39,0.914013,87.7545,12.7309,0.0,0,13.0591,2.1505,73.757,0.0,True,28.0,4840,3.1902,2.71
google,1500,10,linear,True,False,10.0,0.4,0.3,0.3,0,0,UK,24,WOA,random,8,0.3333333333333333,E27,16.49,95.45,39,0.919821,87.6766,12.1763,0.0,0,13.0091,2.1449,74.741,0.0,True,28.0,4840,3.1707,2.69
google,1500,10,linear,True,False,10.0,0.4,0.3,0.3,0,0,UK,24,WOA,random,9,0.3333333333333333,E27,16.49,95.45,39,0.919895,87.6757,12.1693,0.0,0,13.0091,2.1518,74.899,0.0,True,28.0,4840,3.1894,2.54
google,1500,10,linear,True,False,10.0,0.4,0.3,0.3,0,0,UK,24,WOA,random,10,0.3333333333333333,E27,16.49,95.45,39,0.91805,87.7004,12.3454,0.0,0,13.0591,2.1536,76.23,0.0,True,27.5,4840,3.2097,2.48
google,1500,10,linear,True,False,10.0,0.4,0.3,0.3,0,0,UK,24,WOA,carbon,1,0.3333333333333333,E27,16.49,95.45,39,0.870054,88.3434,16.928,0.0,0,13.0091,2.1109,70.562,0.0,True,28.5,4840,3.1784,2.47
google,1500,10,linear,True,False,10.0,0.4,0.3,0.3,0,0,UK,24,WOA,carbon,2,0.3333333333333333,E27,16.49,95.45,39,0.854801,88.5478,18.3844,0.0,0,13.1091,2.119,69.074,0.0,True,27.0,4840,3.1608,2.53
google,1500,10,linear,True,False,10.0,0.4,0.3,0.3,0,0,UK,24,WOA,carbon,3,0.3333333333333333,E27,16.49,95.45,39,0.890017,88.076,15.022,0.0,0,13.0091,2.1091,76.641,0.0,True,27.0,4840,3.1449,2.64
google,1500,10,linear,True,False,10.0,0.4,0.3,0.3,0,0,UK,24,WOA,carbon,4,0.3333333333333333,E27,16.49,95.45,39,0.86374,88.428,17.5309,0.0,0,13.0591,2.1218,73.189,0.0,True,27.0,4840,3.1652,2.88
google,1500,10,linear,True,False,10.0,0.4,0.3,0.3,0,0,UK,24,WOA,carbon,5,0.3333333333333333,E27,16.49,95.45,39,0.828032,88.9064,20.9402,0.0,0,13.0591,2.0519,68.871,0.0,True,27.0,4840,3.1809,2.64
google,1500,10,linear,True,False,10.0,0.4,0.3,0.3,0,0,UK,24,WOA,carbon,6,0.3333333333333333,E27,16.49,95.45,39,0.830952,88.8673,20.6615,0.0,0,13.0091,2.0909,70.547,0.0,True,27.0,4840,3.1478,2.58
google,1500,10,linear,True,False,10.0,0.4,0.3,0.3,0,0,UK,24,WOA,carbon,7,0.3333333333333333,E27,16.49,95.45,39,0.896361,87.991,14.4163,0.0,0,13.1091,2.1559,70.846,0.0,True,28.0,4840,3.165,2.55
google,1500,10,linear,True,False,10.0,0.4,0.3,0.3,0,0,UK,24,WOA,carbon,8,0.3333333333333333,E27,16.49,95.45,39,0.867141,88.3824,17.2061,0.0,0,13.0591,2.1098,71.494,0.0,True,27.0,4840,3.1448,2.54
google,1500,10,linear,True,False,10.0,0.4,0.3,0.3,0,0,UK,24,WOA,carbon,9,0.3333333333333333,E27,16.49,95.45,39,0.864487,88.418,17.4595,0.0,0,13.0591,2.1104,69.908,0.0,True,28.0,4840,3.1642,2.49
google,1500,20,linear,True,False,10.0,0.4,0.3,0.3,0,0,UK,25,WOA,carbon,7,0.3333333333333333,E27,16.49,95.45,39,1.044783,88.4536,18.1461,0.0,0,12.6091,2.0172,68.035,0.0,True,27.5,4840,3.373,2.3
google,1500,20,linear,True,False,10.0,0.4,0.3,0.3,0,0,UK,25,WOA,carbon,8,0.3333333333333333,E27,16.49,95.45,39,1.043716,88.4654,18.2296,0.0,0,12.6091,2.0172,67.761,0.0,True,27.5,4840,3.3336,2.48
google,1500,20,linear,True,False,10.0,0.4,0.3,0.3,0,0,UK,25,WOA,carbon,9,0.3333333333333333,E27,16.49,95.45,39,1.050185,88.3939,17.7228,0.0,0,12.7091,2.0322,63.613,0.0,True,27.5,4840,3.3695,2.23
google,1500,20,linear,True,False,10.0,0.4,0.3,0.3,0,0,UK,25,WOA,carbon,10,0.3333333333333333,E27,16.49,95.45,39,1.042729,88.4763,18.307,0.0,0,12.5591,2.0097,70.885,0.0,True,27.5,4840,3.3591,2.44
google,1500,10,linear,True,False,10.0,0.4,0.3,0.3,0,0,UK,26,FIFO,-,0,0.3333333333333333,E27,16.49,95.45,39,18.098439,0.0,-626.469,0.0,0,95.9591,15.66,5.308,8.9738,False,24.5,0,0.0,0.0
google,1500,10,linear,True,False,10.0,0.4,0.3,0.3,0,0,UK,26,Consolidation,-,0,0.3333333333333333,E27,16.49,95.45,39,2.491289,86.2348,0.0,0.0,0,13.3091,2.1675,55.842,8.9738,False,24.5,0,0.0,0.0
google,1500,10,linear,True,False,10.0,0.4,0.3,0.3,0,0,UK,26,Greedy(EDF+greenest),-,0,0.3333333333333333,E27,16.49,95.45,39,2.132969,88.2146,14.3829,0.0,0,13.0091,1.9849,61.991,2.7015,False,27.5,0,0.0002,0.0
google,1500,10,linear,True,False,10.0,0.4,0.3,0.3,0,0,UK,26,VCC(Google),-,0,0.3333333333333333,E27,16.49,95.45,39,2.465759,86.3758,1.0248,0.0,0,13.2091,2.1525,64.28,0.0,True,24.5,0,0.006,0.0
google,1500,20,linear,True,False,10.0,0.4,0.3,0.3,0,0,UK,24,WOA,random,3,0.3333333333333333,E27,16.49,95.45,39,0.913983,87.7549,12.7338,0.0,0,13.1591,2.1435,70.998,0.0,True,27.5,4840,3.182,2.58
google,1500,20,linear,True,False,10.0,0.4,0.3,0.3,0,0,UK,24,WOA,random,4,0.3333333333333333,E27,16.49,95.45,39,0.917998,87.7011,12.3504,0.0,0,13.1091,2.1484,74.919,0.0,True,27.5,4840,3.2042,2.59
google,1500,20,linear,True,False,10.0,0.4,0.3,0.3,0,0,UK,24,WOA,random,5,0.3333333333333333,E27,16.49,95.45,39,0.908143,87.8331,13.2913,0.0,0,12.9591,2.1396,72.82,0.0,True,26.5,4840,3.2077,2.71
google,1500,20,linear,True,False,10.0,0.4,0.3,0.3,0,0,UK,24,WOA,random,6,0.3333333333333333,E27,16.49,95.45,39,0.90552,87.8682,13.5418,0.0,0,12.9091,2.1106,75.492,0.0,True,27.0,4840,3.1797,2.55
google,1500,20,linear,True,False,10.0,0.4,0.3,0.3,0,0,UK,24,WOA,random,7,0.3333333333333333,E27,16.49,95.45,39,0.911319,87.7905,12.988,0.0,0,13.0091,2.143,74.876,0.0,True,28.0,4840,3.1885,2.46
google,1500,20,linear,True,False,10.0,0.4,0.3,0.3,0,0,UK,24,WOA,random,8,0.3333333333333333,E27,16.49,95.45,39,0.922781,87.637,11.8937,0.0,0,13.1091,2.1559,70.785,0.0,True,28.0,4840,3.1783,2.63
google,1500,20,linear,True,False,10.0,0.4,0.3,0.3,0,0,UK,24,WOA,random,9,0.3333333333333333,E27,16.49,95.45,39,0.920118,87.6727,12.148,0.0,0,13.0591,2.1529,73.499,0.0,True,28.0,4840,3.1894,2.65
google,1500,20,linear,True,False,10.0,0.4,0.3,0.3,0,0,UK,24,WOA,random,10,0.3333333333333333,E27,16.49,95.45,39,0.911373,87.7898,12.9829,0.0,0,13.0591,2.1354,72.651,0.0,True,27.0,4840,3.2049,2.5
google,1500,20,linear,True,False,10.0,0.4,0.3,0.3,0,0,UK,24,WOA,carbon,1,0.3333333333333333,E27,16.49,95.45,39,0.729291,90.2293,30.368,0.0,0,12.6091,1.9579,68.665,0.0,True,27.0,4840,3.2327,2.46
google,1500,20,linear,True,False,10.0,0.4,0.3,0.3,0,0,UK,24,WOA,carbon,2,0.3333333333333333,E27,16.49,95.45,39,0.733709,90.1701,29.9461,0.0,0,12.6591,1.9654,66.157,0.0,True,27.0,4840,3.2464,2.33
google,1500,20,linear,True,False,10.0,0.4,0.3,0.3,0,0,UK,24,WOA,carbon,3,0.3333333333333333,E27,16.49,95.45,39,0.731255,90.203,30.1804,0.0,0,12.6091,1.9579,70.069,0.0,True,27.0,4840,3.2329,2.42
google,1500,20,linear,True,False,10.0,0.4,0.3,0.3,0,0,UK,24,WOA,carbon,4,0.3333333333333333,E27,16.49,95.45,39,0.733234,90.1765,29.9915,0.0,0,12.6591,1.9654,66.403,0.0,True,27.0,4840,3.2263,2.5
google,1500,20,linear,True,False,10.0,0.4,0.3,0.3,0,0,UK,24,WOA,carbon,5,0.3333333333333333,E27,16.49,95.45,39,0.734488,90.1597,29.8718,0.0,0,12.6591,1.9654,68.336,0.0,True,27.0,4840,3.2186,2.47
google,1500,20,linear,True,False,10.0,0.4,0.3,0.3,0,0,UK,24,WOA,carbon,6,0.3333333333333333,E27,16.49,95.45,39,0.732865,90.1814,30.0267,0.0,0,12.6591,1.9654,66.909,0.0,True,27.0,4840,3.1961,2.32
google,1500,20,linear,True,False,10.0,0.4,0.3,0.3,0,0,UK,24,WOA,carbon,7,0.3333333333333333,E27,16.49,95.45,39,0.730917,90.2075,30.2127,0.0,0,12.6091,1.9579,69.694,0.0,True,27.0,4840,3.2295,2.46
google,1500,20,linear,True,False,10.0,0.4,0.3,0.3,0,0,UK,24,WOA,carbon,8,0.3333333333333333,E27,16.49,95.45,39,0.732702,90.1836,30.0423,0.0,0,12.6091,1.9579,70.9,0.0,True,27.0,4840,3.2083,2.34
google,1500,10,linear,True,False,10.0,0.4,0.3,0.3,0,0,UK,25,WOA,random,2,0.3333333333333333,E27,16.49,95.45,39,1.204319,86.6905,5.6472,0.0,0,12.9091,2.1173,76.807,0.0,True,26.0,4840,3.3352,2.51
google,1500,10,linear,True,False,10.0,0.4,0.3,0.3,0,0,UK,25,WOA,random,3,0.3333333333333333,E27,16.49,95.45,39,1.203225,86.7026,5.7328,0.0,0,12.9591,2.1242,74.809,0.0,True,26.0,4840,3.3396,2.56
google,1500,10,linear,True,False,10.0,0.4,0.3,0.3,0,0,UK,25,WOA,random,4,0.3333333333333333,E27,16.49,95.45,39,1.200899,86.7283,5.915,0.0,0,12.9091,2.1117,77.701,0.0,True,27.0,4840,3.3423,2.64
google,1500,10,linear,True,False,10.0,0.4,0.3,0.3,0,0,UK,25,WOA,random,5,0.3333333333333333,E27,16.49,95.45,39,1.205352,86.6791,5.5662,0.0,0,13.0091,2.1557,78.079,0.0,True,26.0,4840,3.3922,2.58
google,1500,10,linear,True,False,10.0,0.4,0.3,0.3,0,0,UK,25,WOA,random,6,0.3333333333333333,E27,16.49,95.45,39,1.213186,86.5925,4.9524,0.0,0,12.9091,2.1226,75.823,0.0,True,25.5,4840,3.3316,2.65
google,1500,10,linear,True,False,10.0,0.4,0.3,0.3,0,0,UK,25,WOA,random,7,0.3333333333333333,E27,16.49,95.45,39,1.206536,86.666,5.4734,0.0,0,12.9591,2.1706,78.813,0.0,True,26.5,4840,3.3504,2.49
google,1500,10,linear,True,False,10.0,0.4,0.3,0.3,0,0,UK,25,WOA,random,8,0.3333333333333333,E27,16.49,95.45,39,1.195603,86.7868,6.33,0.0,0,12.9091,2.1304,77.603,0.0,True,25.0,4840,3.3649,2.65
google,1500,10,linear,True,False,10.0,0.4,0.3,0.3,0,0,UK,25,WOA,random,9,0.3333333333333333,E27,16.49,95.45,39,1.202095,86.715,5.8213,0.0,0,12.9091,2.1454,78.843,0.0,True,26.5,4840,3.3798,2.58
google,1500,10,linear,True,False,10.0,0.4,0.3,0.3,0,0,UK,25,WOA,random,10,0.3333333333333333,E27,16.49,95.45,39,1.203097,86.704,5.7429,0.0,0,13.0091,2.1374,78.956,0.0,True,26.5,4840,3.194,2.66
google,1500,10,linear,True,False,10.0,0.4,0.3,0.3,0,0,UK,25,WOA,carbon,1,0.3333333333333333,E27,16.49,95.45,39,1.100962,87.8327,13.7447,0.0,0,12.9591,2.0852,65.192,0.0,True,27.5,4840,3.1676,2.63
google,1500,10,linear,True,False,10.0,0.4,0.3,0.3,0,0,UK,25,WOA,carbon,2,0.3333333333333333,E27,16.49,95.45,39,1.082087,88.0413,15.2234,0.0,0,12.8591,2.0547,68.062,0.0,True,27.5,4840,3.1612,2.62
google,1500,10,linear,True,False,10.0,0.4,0.3,0.3,0,0,UK,25,WOA,carbon,3,0.3333333333333333,E27,16.49,95.45,39,1.097519,87.8708,14.0144,0.0,0,12.9591,2.0783,65.879,0.0,True,27.5,4840,3.1726,2.47
google,1500,10,linear,True,False,10.0,0.4,0.3,0.3,0,0,UK,25,WOA,carbon,4,0.3333333333333333,E27,16.49,95.45,39,1.089159,87.9632,14.6694,0.0,0,12.9091,2.0714,67.792,0.0,True,27.5,4840,3.1502,2.46
google,1500,10,linear,True,False,10.0,0.4,0.3,0.3,0,0,UK,25,WOA,carbon,5,0.3333333333333333,E27,16.49,95.45,39,1.081975,88.0426,15.2322,0.0,0,12.8091,2.0472,68.947,0.0,True,27.5,4840,3.1958,2.58
google,1500,10,linear,True,False,10.0,0.4,0.3,0.3,0,0,UK,25,WOA,carbon,6,0.3333333333333333,E27,16.49,95.45,39,1.099494,87.8489,13.8596,0.0,0,12.9591,2.0777,65.705,0.0,True,27.5,4840,3.1558,2.49
google,1500,10,linear,True,False,10.0,0.4,0.3,0.3,0,0,UK,25,WOA,carbon,7,0.3333333333333333,E27,16.49,95.45,39,1.094747,87.9014,14.2316,0.0,0,12.9091,2.0714,66.36,0.0,True,28.0,4840,3.171,2.62
google,1500,10,linear,True,False,10.0,0.4,0.3,0.3,0,0,UK,26,WOA,carbon,6,0.3333333333333333,E27,16.49,95.45,39,2.118229,88.2961,14.9745,0.0,0,12.8591,1.9699,69.368,0.0,True,27.5,4840,3.1728,2.43
google,1500,10,linear,True,False,10.0,0.4,0.3,0.3,0,0,UK,26,WOA,carbon,7,0.3333333333333333,E27,16.49,95.45,39,2.142232,88.1634,14.0111,0.0,0,13.0091,1.9924,63.692,0.0,True,28.0,4840,3.1867,2.36
google,1500,10,linear,True,False,10.0,0.4,0.3,0.3,0,0,UK,26,WOA,carbon,8,0.3333333333333333,E27,16.49,95.45,39,2.150306,88.1188,13.687,0.0,0,13.0091,1.9999,65.068,0.0,True,27.5,4840,3.1627,2.32
google,1500,10,linear,True,False,10.0,0.4,0.3,0.3,0,0,UK,26,WOA,carbon,9,0.3333333333333333,E27,16.49,95.45,39,2.151673,88.1113,13.6321,0.0,0,13.0591,2.0074,64.355,0.0,True,27.5,4840,3.177,2.42
google,1500,10,linear,True,False,10.0,0.4,0.3,0.3,0,0,UK,26,WOA,carbon,10,0.3333333333333333,E27,16.49,95.45,39,2.124498,88.2614,14.7229,0.0,0,12.8591,1.9699,68.51,0.0,True,28.0,4840,3.1465,2.67
google,1500,20,linear,True,False,10.0,0.4,0.3,0.3,0,0,UK,26,FIFO,-,0,0.3333333333333333,E27,16.49,95.45,39,18.098439,0.0,-626.469,0.0,0,95.9591,15.66,5.308,0.0,True,24.5,0,0.0,0.0
google,1500,20,linear,True,False,10.0,0.4,0.3,0.3,0,0,UK,26,Consolidation,-,0,0.3333333333333333,E27,16.49,95.45,39,2.491289,86.2348,0.0,0.0,0,13.3091,2.1675,55.842,0.0,True,24.5,0,0.0,0.0
google,1500,20,linear,True,False,10.0,0.4,0.3,0.3,0,0,UK,26,Greedy(EDF+greenest),-,0,0.3333333333333333,E27,16.49,95.45,39,2.132969,88.2146,14.3829,0.0,0,13.0091,1.9849,61.991,0.0,True,27.5,0,0.0002,0.0
google,1500,20,linear,True,False,10.0,0.4,0.3,0.3,0,0,UK,25,WOA,random,1,0.3333333333333333,E27,16.49,95.45,39,1.199832,86.7401,5.9987,0.0,0,12.9091,2.1441,80.178,0.0,True,25.0,4840,3.1879,2.5
google,1500,20,linear,True,False,10.0,0.4,0.3,0.3,0,0,UK,25,WOA,random,2,0.3333333333333333,E27,16.49,95.45,39,1.210468,86.6225,5.1654,0.0,0,12.9091,2.1271,76.056,0.0,True,26.0,4840,3.1688,2.66
google,1500,20,linear,True,False,10.0,0.4,0.3,0.3,0,0,UK,25,WOA,random,3,0.3333333333333333,E27,16.49,95.45,39,1.203193,86.7029,5.7354,0.0,0,12.9591,2.1231,74.799,0.0,True,26.0,4840,3.1731,2.73
google,1500,20,linear,True,False,10.0,0.4,0.3,0.3,0,0,UK,25,WOA,random,4,0.3333333333333333,E27,16.49,95.45,39,1.201102,86.726,5.8992,0.0,0,12.9091,2.1117,77.777,0.0,True,27.0,4840,3.1717,2.67
google,1500,20,linear,True,False,10.0,0.4,0.3,0.3,0,0,UK,25,WOA,random,5,0.3333333333333333,E27,16.49,95.45,39,1.21358,86.5881,4.9216,0.0,0,13.1091,2.1599,75.322,0.0,True,25.0,4840,3.19,2.57
google,1500,20,linear,True,False,10.0,0.4,0.3,0.3,0,0,UK,25,WOA,random,6,0.3333333333333333,E27,16.49,95.45,39,1.213231,86.592,4.9489,0.0,0,12.9091,2.122,76.023,0.0,True,25.5,4840,3.1495,2.62
google,1500,20,linear,True,False,10.0,0.4,0.3,0.3,0,0,UK,25,WOA,random,7,0.3333333333333333,E27,16.49,95.45,39,1.206536,86.666,5.4734,0.0,0,12.9591,2.1706,78.813,0.0,True,26.5,4840,3.1749,2.57
google,1500,20,linear,True,False,10.0,0.4,0.3,0.3,0,0,UK,25,WOA,random,8,0.3333333333333333,E27,16.49,95.45,39,1.18766,86.8746,6.9523,0.0,0,12.8591,2.1252,76.505,0.0,True,25.0,4840,3.1586,2.65
google,1500,20,linear,True,False,10.0,0.4,0.3,0.3,0,0,UK,25,WOA,random,9,0.3333333333333333,E27,16.49,95.45,39,1.209079,86.6379,5.2742,0.0,0,13.0091,2.1599,77.939,0.0,True,26.5,4840,3.4318,2.46
google,1500,20,linear,True,False,10.0,0.4,0.3,0.3,0,0,UK,25,WOA,random,10,0.3333333333333333,E27,16.49,95.45,39,1.203082,86.7041,5.744,0.0,0,13.0091,2.1374,78.967,0.0,True,26.5,4840,3.3982,2.7
google,1500,20,linear,True,False,10.0,0.4,0.3,0.3,0,0,UK,25,WOA,carbon,1,0.3333333333333333,E27,16.49,95.45,39,1.043442,88.4684,18.2511,0.0,0,12.6091,2.0172,69.3,0.0,True,27.5,4840,3.3697,2.61
google,1500,20,linear,True,False,10.0,0.4,0.3,0.3,0,0,UK,25,WOA,carbon,2,0.3333333333333333,E27,16.49,95.45,39,1.037312,88.5362,18.7314,0.0,0,12.5091,2.0022,72.288,0.0,True,27.5,4840,3.3949,2.49
google,1500,20,linear,True,False,10.0,0.4,0.3,0.3,0,0,UK,25,WOA,carbon,3,0.3333333333333333,E27,16.49,95.45,39,1.046733,88.432,17.9932,0.0,0,12.6091,2.0172,69.458,0.0,True,27.5,4840,3.3701,2.48
google,1500,20,linear,True,False,10.0,0.4,0.3,0.3,0,0,UK,25,WOA,carbon,4,0.3333333333333333,E27,16.49,95.45,39,1.042881,88.4746,18.295,0.0,0,12.6091,2.0172,68.403,0.0,True,27.5,4840,3.3767,2.46
google,1500,20,linear,True,False,10.0,0.4,0.3,0.3,0,0,UK,25,WOA,carbon,5,0.3333333333333333,E27,16.49,95.45,39,1.044781,88.4536,18.1462,0.0,0,12.6091,2.0172,66.181,0.0,True,27.5,4840,3.3854,2.59
google,1500,20,linear,True,False,10.0,0.4,0.3,0.3,0,0,UK,25,WOA,carbon,6,0.3333333333333333,E27,16.49,95.45,39,1.044684,88.4547,18.1538,0.0,0,12.6091,2.0172,68.859,0.0,True,27.5,4840,3.3892,2.38
google,1500,10,linear,True,False,10.0,0.4,0.3,0.3,0,0,UK,26,Threshold(WaitAwhile),-,0,0.3333333333333333,E27,16.49,95.45,39,2.130724,88.227,14.473,0.0,0,12.8591,1.9624,65.266,2.7015,False,24.5,0,0.0217,0.0
google,1500,10,linear,True,False,10.0,0.4,0.3,0.3,0,0,UK,26,WOA,random,1,0.3333333333333333,E27,16.49,95.45,39,2.262519,87.4988,9.1828,0.0,0,12.9591,2.146,77.89,0.0,True,27.0,4840,3.1898,2.69
google,1500,10,linear,True,False,10.0,0.4,0.3,0.3,0,0,UK,26,WOA,random,2,0.3333333333333333,E27,16.49,95.45,39,2.246687,87.5863,9.8183,0.0,0,12.9591,2.1396,75.219,0.0,True,28.0,4840,3.1929,2.52
google,1500,10,linear,True,False,10.0,0.4,0.3,0.3,0,0,UK,26,WOA,random,3,0.3333333333333333,E27,16.49,95.45,39,2.249399,87.5713,9.7094,0.0,0,12.9591,2.139,76.133,0.0,True,28.0,4840,3.1849,2.58
google,1500,10,linear,True,False,10.0,0.4,0.3,0.3,0,0,UK,26,WOA,random,4,0.3333333333333333,E27,16.49,95.45,39,2.268691,87.4647,8.935,0.0,0,13.1591,2.1861,69.502,0.0,True,28.5,4840,3.1748,2.49
google,1500,10,linear,True,False,10.0,0.4,0.3,0.3,0,0,UK,26,WOA,random,5,0.3333333333333333,E27,16.49,95.45,39,2.256559,87.5317,9.422,0.0,0,12.9591,2.1443,76.18,0.0,True,27.5,4840,3.2112,2.58
google,1500,10,linear,True,False,10.0,0.4,0.3,0.3,0,0,UK,26,WOA,random,6,0.3333333333333333,E27,16.49,95.45,39,2.264261,87.4892,9.1128,0.0,0,13.0591,2.1632,72.571,0.0,True,28.0,4840,3.1616,2.51
google,1500,10,linear,True,False,10.0,0.4,0.3,0.3,0,0,UK,26,WOA,random,7,0.3333333333333333,E27,16.49,95.45,39,2.278085,87.4128,8.558,0.0,0,13.1591,2.1777,70.143,0.0,True,28.5,4840,3.1843,2.64
google,1500,20,linear,True,False,10.0,0.4,0.3,0.3,0,0,UK,26,VCC(Google),-,0,0.3333333333333333,E27,16.49,95.45,39,2.482502,86.2833,0.3527,0.0,0,13.2591,2.16,59.262,0.0,True,24.5,0,0.0046,0.0
google,1500,20,linear,True,False,10.0,0.4,0.3,0.3,0,0,UK,26,Threshold(WaitAwhile),-,0,0.3333333333333333,E27,16.49,95.45,39,2.130724,88.227,14.473,0.0,0,12.8591,1.9624,65.266,0.0,True,24.5,0,0.0212,0.0
google,1500,20,linear,True,False,10.0,0.4,0.3,0.3,0,0,UK,26,WOA,random,1,0.3333333333333333,E27,16.49,95.45,39,2.244317,87.5994,9.9134,0.0,0,13.0591,2.124,65.527,0.0,True,28.0,4840,3.1853,2.68
google,1500,20,linear,True,False,10.0,0.4,0.3,0.3,0,0,UK,26,WOA,random,2,0.3333333333333333,E27,16.49,95.45,39,2.250836,87.5634,9.6517,0.0,0,13.1091,2.1794,64.696,0.0,True,28.5,4840,3.1742,2.63
google,1500,20,linear,True,False,10.0,0.4,0.3,0.3,0,0,UK,26,WOA,random,3,0.3333333333333333,E27,16.49,95.45,39,2.251428,87.5601,9.628,0.0,0,12.9591,2.1482,75.872,0.0,True,28.0,4840,3.1699,2.63
google,1500,20,linear,True,False,10.0,0.4,0.3,0.3,0,0,UK,26,WOA,random,4,0.3333333333333333,E27,16.49,95.45,39,2.258551,87.5207,9.3421,0.0,0,13.1591,2.1827,60.014,0.0,True,28.5,4840,3.1581,2.7
google,1500,20,linear,True,False,10.0,0.4,0.3,0.3,0,0,UK,26,WOA,random,5,0.3333333333333333,E27,16.49,95.45,39,2.232029,87.6673,10.4066,0.0,0,13.0091,2.1546,68.939,0.0,True,28.5,4840,3.1631,2.56
google,1500,20,linear,True,False,10.0,0.4,0.3,0.3,0,0,UK,26,WOA,random,6,0.3333333333333333,E27,16.49,95.45,39,2.250934,87.5628,9.6478,0.0,0,13.1091,2.1741,60.091,0.0,True,28.5,4840,3.1542,2.62
google,1500,10,linear,True,False,10.0,0.4,0.3,0.3,0,0,UK,27,Greedy(EDF+greenest),-,0,0.3333333333333333,E27,16.49,95.45,39,1.112166,89.1625,22.916,0.0,0,12.7591,2.0397,62.299,22.0298,False,28.5,0,0.0002,0.0
google,1500,10,linear,True,False,10.0,0.4,0.3,0.3,0,0,UK,27,VCC(Google),-,0,0.3333333333333333,E27,16.49,95.45,39,1.419776,86.165,1.5956,0.0,0,13.2091,2.1525,60.248,0.0,True,24.5,0,0.0046,0.0
google,1500,10,linear,True,False,10.0,0.4,0.3,0.3,0,0,UK,27,Threshold(WaitAwhile),-,0,0.3333333333333333,E27,16.49,95.45,39,1.238804,87.9285,14.1388,0.0,0,12.8091,2.0472,64.177,25.1963,False,28.5,0,0.0214,0.0
google,1500,10,linear,True,False,10.0,0.4,0.3,0.3,0,0,UK,27,WOA,random,1,0.3333333333333333,E27,16.49,95.45,39,1.362231,86.7257,5.5841,0.0,0,12.8591,2.112,81.175,0.0,True,25.5,4840,3.2062,2.42
google,1500,10,linear,True,False,10.0,0.4,0.3,0.3,0,0,UK,27,WOA,random,2,0.3333333333333333,E27,16.49,95.45,39,1.365563,86.6933,5.3531,0.0,0,12.9591,2.1137,76.683,0.0,True,26.0,4840,3.1682,2.67
google,1500,10,linear,True,False,10.0,0.4,0.3,0.3,0,0,UK,27,WOA,random,3,0.3333333333333333,E27,16.49,95.45,39,1.365015,86.6986,5.3911,0.0,0,12.9591,2.1122,77.383,0.0,True,27.5,4840,3.1631,2.46
google,1500,10,linear,True,False,10.0,0.4,0.3,0.3,0,0,UK,27,WOA,random,4,0.3333333333333333,E27,16.49,95.45,39,1.364364,86.705,5.4362,0.0,0,13.0091,2.1306,76.638,0.0,True,27.5,4840,3.1575,2.5
google,1500,10,linear,True,False,10.0,0.4,0.3,0.3,0,0,UK,27,WOA,random,5,0.3333333333333333,E27,16.49,95.45,39,1.365789,86.6911,5.3375,0.0,0,12.9591,2.1323,77.168,0.0,True,26.5,4840,3.1788,2.62
google,1500,10,linear,True,False,10.0,0.4,0.3,0.3,0,0,UK,26,WOA,random,8,0.3333333333333333,E27,16.49,95.45,39,2.275504,87.4271,8.6616,0.0,0,13.1591,2.1651,70.161,0.0,True,28.5,4840,3.2073,2.6
google,1500,10,linear,True,False,10.0,0.4,0.3,0.3,0,0,UK,26,WOA,random,9,0.3333333333333333,E27,16.49,95.45,39,2.247968,87.5792,9.7668,0.0,0,12.9591,2.1346,74.76,0.0,True,28.0,4840,3.2175,2.6
google,1500,10,linear,True,False,10.0,0.4,0.3,0.3,0,0,UK,26,WOA,random,10,0.3333333333333333,E27,16.49,95.45,39,2.271951,87.4467,8.8042,0.0,0,13.1091,2.1696,72.812,0.0,True,28.0,4840,3.2308,2.43
google,1500,10,linear,True,False,10.0,0.4,0.3,0.3,0,0,UK,26,WOA,carbon,1,0.3333333333333333,E27,16.49,95.45,39,2.142678,88.161,13.9932,0.0,0,12.9591,1.9849,67.776,0.0,True,27.5,4840,3.2006,2.4
google,1500,10,linear,True,False,10.0,0.4,0.3,0.3,0,0,UK,26,WOA,carbon,2,0.3333333333333333,E27,16.49,95.45,39,2.136516,88.195,14.2405,0.0,0,13.0091,1.9999,64.548,0.0,True,27.5,4840,3.1786,2.48
google,1500,10,linear,True,False,10.0,0.4,0.3,0.3,0,0,UK,26,WOA,carbon,3,0.3333333333333333,E27,16.49,95.45,39,2.134912,88.2039,14.3049,0.0,0,12.9591,1.9849,67.334,0.0,True,27.5,4840,3.2044,2.32
google,1500,10,linear,True,False,10.0,0.4,0.3,0.3,0,0,UK,26,WOA,carbon,4,0.3333333333333333,E27,16.49,95.45,39,2.137503,88.1896,14.2009,0.0,0,13.0091,2.0086,63.748,0.0,True,27.5,4840,3.2065,2.39
google,1500,10,linear,True,False,10.0,0.4,0.3,0.3,0,0,UK,26,WOA,carbon,5,0.3333333333333333,E27,16.49,95.45,39,2.134629,88.2055,14.3163,0.0,0,12.9591,1.9952,66.467,0.0,True,28.5,4840,3.1993,2.49
google,1500,20,linear,True,False,10.0,0.4,0.3,0.3,0,0,UK,27,Consolidation,-,0,0.3333333333333333,E27,16.49,95.45,39,1.442798,85.9407,0.0,0.0,0,13.3091,2.1675,55.842,0.0,True,24.5,0,0.0,0.0
google,1500,20,linear,True,False,10.0,0.4,0.3,0.3,0,0,UK,27,Greedy(EDF+greenest),-,0,0.3333333333333333,E27,16.49,95.45,39,1.112166,89.1625,22.916,0.0,0,12.7591,2.0397,62.299,0.7331,False,28.5,0,0.0002,0.0
google,1500,20,linear,True,False,10.0,0.4,0.3,0.3,0,0,UK,27,VCC(Google),-,0,0.3333333333333333,E27,16.49,95.45,39,1.441273,85.9555,0.1057,0.0,0,13.3091,2.1675,56.567,0.0,True,24.5,0,0.0046,0.0
google,1500,20,linear,True,False,10.0,0.4,0.3,0.3,0,0,UK,27,Threshold(WaitAwhile),-,0,0.3333333333333333,E27,16.49,95.45,39,1.238804,87.9285,14.1388,0.0,0,12.8091,2.0472,64.177,7.4223,False,28.5,0,0.0203,0.0
google,1500,20,linear,True,False,10.0,0.4,0.3,0.3,0,0,UK,27,WOA,random,1,0.3333333333333333,E27,16.49,95.45,39,1.362231,86.7257,5.5841,0.0,0,12.8591,2.112,81.175,0.0,True,25.5,4840,3.1912,2.45
google,1500,20,linear,True,False,10.0,0.4,0.3,0.3,0,0,UK,27,WOA,random,2,0.3333333333333333,E27,16.49,95.45,39,1.36552,86.6937,5.3561,0.0,0,12.9591,2.1175,78.787,0.0,True,26.0,4840,3.172,2.46
google,1500,20,linear,True,False,10.0,0.4,0.3,0.3,0,0,UK,27,WOA,random,3,0.3333333333333333,E27,16.49,95.45,39,1.360382,86.7438,5.7122,0.0,0,12.9091,2.1106,79.135,0.0,True,27.5,4840,3.1589,2.69
google,1500,20,linear,True,False,10.0,0.4,0.3,0.3,0,0,UK,27,WOA,random,4,0.3333333333333333,E27,16.49,95.45,39,1.363646,86.712,5.486,0.0,0,12.8591,2.1077,76.758,0.0,True,27.0,4840,3.1475,2.58
google,1500,20,linear,True,False,10.0,0.4,0.3,0.3,0,0,UK,26,WOA,carbon,5,0.3333333333333333,E27,16.49,95.45,39,2.113644,88.3214,15.1586,0.0,0,12.9091,1.9699,63.366,0.0,True,27.5,4840,3.3777,2.42
google,1500,20,linear,True,False,10.0,0.4,0.3,0.3,0,0,UK,26,WOA,carbon,6,0.3333333333333333,E27,16.49,95.45,39,2.11354,88.322,15.1628,0.0,0,12.9091,1.9699,63.642,0.0,True,27.5,4840,3.3226,2.32
google,1500,20,linear,True,False,10.0,0.4,0.3,0.3,0,0,UK,26,WOA,carbon,7,0.3333333333333333,E27,16.49,95.45,39,2.118388,88.2952,14.9682,0.0,0,12.9591,1.9855,63.991,0.0,True,28.0,4840,3.3304,2.34
google,1500,20,linear,True,False,10.0,0.4,0.3,0.3,0,0,UK,26,WOA,carbon,8,0.3333333333333333,E27,16.49,95.45,39,2.104514,88.3719,15.5251,0.0,0,12.7591,1.9474,68.684,0.0,True,27.5,4840,3.3518,2.52
google,1500,20,linear,True,False,10.0,0.4,0.3,0.3,0,0,UK,26,WOA,carbon,9,0.3333333333333333,E27,16.49,95.45,39,2.114939,88.3142,15.1066,0.0,0,12.8091,1.9549,66.914,0.0,True,27.5,4840,3.3437,2.43
google,1500,20,linear,True,False,10.0,0.4,0.3,0.3,0,0,UK,26,WOA,carbon,10,0.3333333333333333,E27,16.49,95.45,39,2.115977,88.3085,15.0649,0.0,0,12.9091,1.9699,63.453,0.0,True,27.5,4840,3.3678,2.32
google,1500,10,linear,True,False,10.0,0.4,0.3,0.3,0,0,UK,27,FIFO,-,0,0.3333333333333333,E27,16.49,95.45,39,10.262198,0.0,-611.2706,0.0,0,95.9591,15.66,5.308,8.9738,False,24.5,0,0.0,0.0
google,1500,10,linear,True,False,10.0,0.4,0.3,0.3,0,0,UK,27,Consolidation,-,0,0.3333333333333333,E27,16.49,95.45,39,1.442798,85.9407,0.0,0.0,0,13.3091,2.1675,55.842,8.9738,False,24.5,0,0.0,0.0
google,1500,10,linear,True,False,10.0,0.4,0.3,0.3,0,0,UK,28,FIFO,-,0,0.3333333333333333,E27,16.49,95.45,39,12.413196,0.0,-606.8429,0.0,0,95.9591,15.66,5.308,8.9738,False,24.5,0,0.0,0.0
google,1500,10,linear,True,False,10.0,0.4,0.3,0.3,0,0,UK,28,Consolidation,-,0,0.3333333333333333,E27,16.49,95.45,39,1.756146,85.8526,0.0,0.0,0,13.3091,2.1675,55.842,8.9738,False,24.5,0,0.0,0.0
google,1500,10,linear,True,False,10.0,0.4,0.3,0.3,0,0,UK,28,Greedy(EDF+greenest),-,0,0.3333333333333333,E27,16.49,95.45,39,1.419348,88.5658,19.1782,0.0,0,13.1091,2.0922,59.036,3.2031,False,28.0,0,0.0002,0.0
google,1500,10,linear,True,False,10.0,0.4,0.3,0.3,0,0,UK,28,VCC(Google),-,0,0.3333333333333333,E27,16.49,95.45,39,1.727454,86.0837,1.6338,0.0,0,13.2591,2.16,60.241,0.0,True,24.5,0,0.0047,0.0
google,1500,10,linear,True,False,10.0,0.4,0.3,0.3,0,0,UK,28,Threshold(WaitAwhile),-,0,0.3333333333333333,E27,16.49,95.45,39,1.592354,87.1721,9.3268,0.0,0,13.0591,2.0847,59.772,9.5518,False,28.0,0,0.0208,0.0
google,1500,10,linear,True,False,10.0,0.4,0.3,0.3,0,0,UK,28,WOA,random,1,0.3333333333333333,E27,16.49,95.45,39,1.603941,87.0787,8.667,0.0,0,13.1091,2.1644,73.061,0.0,True,27.5,4840,3.374,2.6
google,1500,10,linear,True,False,10.0,0.4,0.3,0.3,0,0,UK,28,WOA,random,2,0.3333333333333333,E27,16.49,95.45,39,1.59667,87.1373,9.081,0.0,0,13.0591,2.1529,73.537,0.0,True,28.0,4840,3.3552,2.44
google,1500,10,linear,True,False,10.0,0.4,0.3,0.3,0,0,UK,28,WOA,random,3,0.3333333333333333,E27,16.49,95.45,39,1.605529,87.066,8.5766,0.0,0,13.0591,2.1638,72.583,0.0,True,28.0,4840,3.3733,2.5
google,1500,20,linear,True,False,10.0,0.4,0.3,0.3,0,0,UK,26,WOA,random,7,0.3333333333333333,E27,16.49,95.45,39,2.236301,87.6437,10.2352,0.0,0,13.0091,2.1449,70.819,0.0,True,28.5,4840,3.1947,2.56
google,1500,20,linear,True,False,10.0,0.4,0.3,0.3,0,0,UK,26,WOA,random,8,0.3333333333333333,E27,16.49,95.45,39,2.250394,87.5658,9.6695,0.0,0,13.1591,2.1788,60.634,0.0,True,28.5,4840,3.1716,2.55
google,1500,20,linear,True,False,10.0,0.4,0.3,0.3,0,0,UK,26,WOA,random,9,0.3333333333333333,E27,16.49,95.45,39,2.262984,87.4962,9.1641,0.0,0,13.1591,2.1874,64.497,0.0,True,28.0,4840,3.2041,2.62
google,1500,20,linear,True,False,10.0,0.4,0.3,0.3,0,0,UK,26,WOA,random,10,0.3333333333333333,E27,16.49,95.45,39,2.252368,87.5549,9.5903,0.0,0,13.1091,2.1645,69.264,0.0,True,28.5,4840,3.1965,2.62
google,1500,20,linear,True,False,10.0,0.4,0.3,0.3,0,0,UK,26,WOA,carbon,1,0.3333333333333333,E27,16.49,95.45,39,2.109694,88.3432,15.3172,0.0,0,12.8591,1.9624,64.747,0.0,True,27.5,4840,3.1568,2.48
google,1500,20,linear,True,False,10.0,0.4,0.3,0.3,0,0,UK,26,WOA,carbon,2,0.3333333333333333,E27,16.49,95.45,39,2.113622,88.3215,15.1595,0.0,0,12.9091,1.9699,63.354,0.0,True,27.5,4840,3.1763,2.36
google,1500,20,linear,True,False,10.0,0.4,0.3,0.3,0,0,UK,26,WOA,carbon,3,0.3333333333333333,E27,16.49,95.45,39,2.106415,88.3613,15.4488,0.0,0,12.8591,1.9624,64.861,0.0,True,27.5,4840,3.1558,2.47
google,1500,20,linear,True,False,10.0,0.4,0.3,0.3,0,0,UK,26,WOA,carbon,4,0.3333333333333333,E27,16.49,95.45,39,2.106535,88.3607,15.4439,0.0,0,12.8091,1.9549,65.207,0.0,True,27.5,4840,3.1562,2.44
google,1500,10,linear,True,False,10.0,0.4,0.3,0.3,0,0,UK,28,WOA,carbon,10,0.3333333333333333,E27,16.49,95.45,39,1.453766,88.2885,17.2184,0.0,0,13.1591,2.1083,63.993,0.0,True,28.0,4840,3.1738,2.58
google,1500,20,linear,True,False,10.0,0.4,0.3,0.3,0,0,UK,28,FIFO,-,0,0.3333333333333333,E27,16.49,95.45,39,12.413196,0.0,-606.8429,0.0,0,95.9591,15.66,5.308,0.0,True,24.5,0,0.0,0.0
google,1500,20,linear,True,False,10.0,0.4,0.3,0.3,0,0,UK,28,Consolidation,-,0,0.3333333333333333,E27,16.49,95.45,39,1.756146,85.8526,0.0,0.0,0,13.3091,2.1675,55.842,0.0,True,24.5,0,0.0,0.0
google,1500,20,linear,True,False,10.0,0.4,0.3,0.3,0,0,UK,28,Greedy(EDF+greenest),-,0,0.3333333333333333,E27,16.49,95.45,39,1.419348,88.5658,19.1782,0.0,0,13.1091,2.0922,59.036,0.0,True,28.0,0,0.0002,0.0
google,1500,20,linear,True,False,10.0,0.4,0.3,0.3,0,0,UK,28,VCC(Google),-,0,0.3333333333333333,E27,16.49,95.45,39,1.750422,85.8987,0.326,0.0,0,13.3091,2.1675,57.526,0.0,True,24.5,0,0.0044,0.0
google,1500,20,linear,True,False,10.0,0.4,0.3,0.3,0,0,UK,28,Threshold(WaitAwhile),-,0,0.3333333333333333,E27,16.49,95.45,39,1.592354,87.1721,9.3268,0.0,0,13.0591,2.0847,59.772,0.0,True,28.0,0,0.0212,0.0
google,1500,20,linear,True,False,10.0,0.4,0.3,0.3,0,0,UK,28,WOA,random,1,0.3333333333333333,E27,16.49,95.45,39,1.599181,87.1171,8.9381,0.0,0,13.3091,2.2052,55.842,0.0,True,28.5,4840,3.1832,2.31
google,1500,20,linear,True,False,10.0,0.4,0.3,0.3,0,0,UK,28,WOA,random,2,0.3333333333333333,E27,16.49,95.45,39,1.599117,87.1176,8.9417,0.0,0,13.3091,2.2052,55.813,0.0,True,28.5,4840,3.1668,2.37
google,1500,10,linear,True,False,10.0,0.4,0.3,0.3,0,0,UK,27,WOA,random,6,0.3333333333333333,E27,16.49,95.45,39,1.366291,86.6862,5.3027,0.0,0,13.0091,2.1449,77.124,0.0,True,27.5,4840,3.2125,2.84
google,1500,10,linear,True,False,10.0,0.4,0.3,0.3,0,0,UK,27,WOA,random,7,0.3333333333333333,E27,16.49,95.45,39,1.3649,86.6997,5.3991,0.0,0,12.9591,2.155,77.602,0.0,True,26.5,4840,3.2414,2.59
google,1500,10,linear,True,False,10.0,0.4,0.3,0.3,0,0,UK,27,WOA,random,8,0.3333333333333333,E27,16.49,95.45,39,1.365934,86.6897,5.3274,0.0,0,12.9591,2.1482,77.952,0.0,True,26.5,4840,3.2012,2.57
google,1500,10,linear,True,False,10.0,0.4,0.3,0.3,0,0,UK,27,WOA,random,9,0.3333333333333333,E27,16.49,95.45,39,1.365406,86.6948,5.364,0.0,0,12.8591,2.1391,79.398,0.0,True,26.5,4840,3.2411,2.54
google,1500,10,linear,True,False,10.0,0.4,0.3,0.3,0,0,UK,27,WOA,random,10,0.3333333333333333,E27,16.49,95.45,39,1.374622,86.605,4.7253,0.0,0,13.0091,2.1452,77.804,0.0,True,26.0,4840,3.2082,2.59
google,1500,10,linear,True,False,10.0,0.4,0.3,0.3,0,0,UK,27,WOA,carbon,1,0.3333333333333333,E27,16.49,95.45,39,1.309029,87.2442,9.2715,0.0,0,13.1091,2.1406,69.206,0.0,True,28.0,4840,3.1925,2.47
google,1500,10,linear,True,False,10.0,0.4,0.3,0.3,0,0,UK,27,WOA,carbon,2,0.3333333333333333,E27,16.49,95.45,39,1.305343,87.2801,9.527,0.0,0,13.1591,2.1469,68.47,0.0,True,28.5,4840,3.1996,2.59
google,1500,10,linear,True,False,10.0,0.4,0.3,0.3,0,0,UK,27,WOA,carbon,3,0.3333333333333333,E27,16.49,95.45,39,1.310161,87.2331,9.1931,0.0,0,13.0591,2.1163,70.265,0.0,True,26.0,4840,3.181,2.59
google,1500,10,linear,True,False,10.0,0.4,0.3,0.3,0,0,UK,27,WOA,carbon,4,0.3333333333333333,E27,16.49,95.45,39,1.20265,88.2808,16.6446,0.0,0,13.1091,2.0922,63.928,0.0,True,28.5,4840,3.3274,2.47
google,1500,10,linear,True,False,10.0,0.4,0.3,0.3,0,0,UK,27,WOA,carbon,5,0.3333333333333333,E27,16.49,95.45,39,1.207974,88.2289,16.2756,0.0,0,13.1091,2.1233,60.591,0.0,True,28.5,4840,3.3346,2.43
google,1500,10,linear,True,False,10.0,0.4,0.3,0.3,0,0,UK,27,WOA,carbon,6,0.3333333333333333,E27,16.49,95.45,39,1.226085,88.0524,15.0203,0.0,0,13.1091,2.0927,65.2,0.0,True,28.0,4840,3.2956,2.52
google,1500,10,linear,True,False,10.0,0.4,0.3,0.3,0,0,UK,27,WOA,carbon,7,0.3333333333333333,E27,16.49,95.45,39,1.332984,87.0107,7.6112,0.0,0,13.1091,2.173,64.833,0.0,True,28.0,4840,3.3771,2.58
google,1500,10,linear,True,False,10.0,0.4,0.3,0.3,0,0,UK,27,WOA,carbon,8,0.3333333333333333,E27,16.49,95.45,39,1.248216,87.8368,13.4864,0.0,0,12.9591,2.11,69.111,0.0,True,28.0,4840,3.3074,2.62
google,1500,10,linear,True,False,10.0,0.4,0.3,0.3,0,0,UK,27,WOA,carbon,9,0.3333333333333333,E27,16.49,95.45,39,1.208786,88.221,16.2193,0.0,0,13.1591,2.1158,60.726,0.0,True,28.5,4840,3.3059,2.49
google,1500,10,linear,True,False,10.0,0.4,0.3,0.3,0,0,UK,27,WOA,carbon,10,0.3333333333333333,E27,16.49,95.45,39,1.226367,88.0497,15.0008,0.0,0,13.0591,2.1263,66.159,0.0,True,28.0,4840,3.4245,2.5
google,1500,20,linear,True,False,10.0,0.4,0.3,0.3,0,0,UK,27,FIFO,-,0,0.3333333333333333,E27,16.49,95.45,39,10.262198,0.0,-611.2706,0.0,0,95.9591,15.66,5.308,0.0,True,24.5,0,0.0,0.0
google,1500,20,linear,True,False,10.0,0.4,0.3,0.3,0,0,UK,28,WOA,carbon,9,0.3333333333333333,E27,16.49,95.45,39,1.397846,88.739,20.4026,0.0,0,12.8591,2.0547,65.079,0.0,True,28.0,4840,3.3565,2.42
google,1500,20,linear,True,False,10.0,0.4,0.3,0.3,0,0,UK,28,WOA,carbon,10,0.3333333333333333,E27,16.49,95.45,39,1.404696,88.6839,20.0126,0.0,0,12.9591,2.0697,65.818,0.0,True,28.0,4840,3.3401,2.54
google,1500,10,linear,True,False,10.0,0.4,0.3,0.3,0,0,UK,29,FIFO,-,0,0.3333333333333333,E27,16.49,95.45,39,11.051143,0.0,-615.01,0.0,0,95.9591,15.66,5.308,8.9738,False,24.5,0,0.0,0.0
google,1500,10,linear,True,False,10.0,0.4,0.3,0.3,0,0,UK,29,Consolidation,-,0,0.3333333333333333,E27,16.49,95.45,39,1.545593,86.0142,0.0,0.0,0,13.3091,2.1675,55.842,8.9738,False,24.5,0,0.0,0.0
google,1500,10,linear,True,False,10.0,0.4,0.3,0.3,0,0,UK,29,Greedy(EDF+greenest),-,0,0.3333333333333333,E27,16.49,95.45,39,1.158164,89.52,25.0667,0.0,0,12.8591,2.0547,62.847,13.0726,False,26.5,0,0.0002,0.0
google,1500,10,linear,True,False,10.0,0.4,0.3,0.3,0,0,UK,29,VCC(Google),-,0,0.3333333333333333,E27,16.49,95.45,39,1.506757,86.3656,2.5127,0.0,0,13.2591,2.16,59.939,0.0,True,24.5,0,0.0053,0.0
google,1500,10,linear,True,False,10.0,0.4,0.3,0.3,0,0,UK,29,Threshold(WaitAwhile),-,0,0.3333333333333333,E27,16.49,95.45,39,1.273253,88.4785,17.6204,0.0,0,12.7591,2.0397,65.751,28.719,False,26.5,0,0.0208,0.0
google,1500,10,linear,True,False,10.0,0.4,0.3,0.3,0,0,UK,29,WOA,random,1,0.3333333333333333,E27,16.49,95.45,39,1.351381,87.7716,12.5655,0.0,0,12.9591,2.1402,76.122,0.0,True,27.5,4840,3.4251,2.63
google,1500,20,linear,True,False,10.0,0.4,0.3,0.3,0,0,UK,27,WOA,random,5,0.3333333333333333,E27,16.49,95.45,39,1.370761,86.6426,4.9929,0.0,0,13.0091,2.1317,76.843,0.0,True,27.0,4840,3.1714,2.5
google,1500,20,linear,True,False,10.0,0.4,0.3,0.3,0,0,UK,27,WOA,random,6,0.3333333333333333,E27,16.49,95.45,39,1.368691,86.6628,5.1363,0.0,0,13.0091,2.1518,76.91,0.0,True,27.0,4840,3.167,2.56
google,1500,20,linear,True,False,10.0,0.4,0.3,0.3,0,0,UK,27,WOA,random,7,0.3333333333333333,E27,16.49,95.45,39,1.360809,86.7396,5.6826,0.0,0,12.9091,2.131,76.619,0.0,True,26.0,4840,3.1486,2.58
google,1500,20,linear,True,False,10.0,0.4,0.3,0.3,0,0,UK,27,WOA,random,8,0.3333333333333333,E27,16.49,95.45,39,1.365756,86.6914,5.3397,0.0,0,12.9591,2.1482,77.964,0.0,True,26.5,4840,3.1434,2.71
google,1500,20,linear,True,False,10.0,0.4,0.3,0.3,0,0,UK,27,WOA,random,9,0.3333333333333333,E27,16.49,95.45,39,1.362176,86.7263,5.5879,0.0,0,12.8591,2.1391,79.281,0.0,True,26.5,4840,3.173,2.51
google,1500,20,linear,True,False,10.0,0.4,0.3,0.3,0,0,UK,27,WOA,random,10,0.3333333333333333,E27,16.49,95.45,39,1.374652,86.6047,4.7232,0.0,0,13.0091,2.1452,77.775,0.0,True,26.0,4840,3.1902,2.66
google,1500,20,linear,True,False,10.0,0.4,0.3,0.3,0,0,UK,27,WOA,carbon,1,0.3333333333333333,E27,16.49,95.45,39,1.146064,88.8322,20.5665,0.0,0,12.8091,2.0547,67.434,0.0,True,28.5,4840,3.2126,2.47
google,1500,20,linear,True,False,10.0,0.4,0.3,0.3,0,0,UK,27,WOA,carbon,2,0.3333333333333333,E27,16.49,95.45,39,1.144265,88.8497,20.6912,0.0,0,12.8091,2.0633,64.933,0.0,True,28.5,4840,3.1833,2.44
google,1500,20,linear,True,False,10.0,0.4,0.3,0.3,0,0,UK,27,WOA,carbon,3,0.3333333333333333,E27,16.49,95.45,39,1.14287,88.8633,20.7879,0.0,0,12.8091,2.0569,68.03,0.0,True,28.5,4840,3.157,2.41
google,1500,20,linear,True,False,10.0,0.4,0.3,0.3,0,0,UK,27,WOA,carbon,4,0.3333333333333333,E27,16.49,95.45,39,1.137531,88.9153,21.158,0.0,0,12.8091,2.0558,66.643,0.0,True,28.0,4840,3.1594,2.62
google,1500,20,linear,True,False,10.0,0.4,0.3,0.3,0,0,UK,27,WOA,carbon,5,0.3333333333333333,E27,16.49,95.45,39,1.156708,88.7285,19.8288,0.0,0,12.8591,2.0714,63.656,0.0,True,28.5,4840,3.1624,2.32
google,1500,20,linear,True,False,10.0,0.4,0.3,0.3,0,0,UK,27,WOA,carbon,6,0.3333333333333333,E27,16.49,95.45,39,1.162727,88.6698,19.4117,0.0,0,12.9591,2.0864,64.253,0.0,True,28.5,4840,3.1456,2.49
google,1500,20,linear,True,False,10.0,0.4,0.3,0.3,0,0,UK,27,WOA,carbon,7,0.3333333333333333,E27,16.49,95.45,39,1.154373,88.7512,19.9907,0.0,0,12.9091,2.0622,64.483,0.0,True,28.5,4840,3.1559,2.62
google,1500,20,linear,True,False,10.0,0.4,0.3,0.3,0,0,UK,27,WOA,carbon,8,0.3333333333333333,E27,16.49,95.45,39,1.14521,88.8405,20.6257,0.0,0,12.8091,2.0633,65.576,0.0,True,28.5,4840,3.2084,2.58
google,1500,20,linear,True,False,10.0,0.4,0.3,0.3,0,0,UK,27,WOA,carbon,9,0.3333333333333333,E27,16.49,95.45,39,1.157061,88.725,19.8044,0.0,0,13.0091,2.0933,59.424,0.0,True,28.5,4840,3.2266,2.4
google,1500,20,linear,True,False,10.0,0.4,0.3,0.3,0,0,UK,27,WOA,carbon,10,0.3333333333333333,E27,16.49,95.45,39,1.154508,88.7499,19.9813,0.0,0,12.9091,2.0719,64.484,0.0,True,28.5,4840,3.1686,2.35
google,1500,10,linear,True,False,10.0,0.4,0.3,0.3,0,0,UK,29,WOA,carbon,8,0.3333333333333333,E27,16.49,95.45,39,1.302996,88.2094,15.696,0.0,0,13.2091,2.1158,66.819,0.0,True,27.0,4840,3.2043,2.43
google,1500,10,linear,True,False,10.0,0.4,0.3,0.3,0,0,UK,29,WOA,carbon,9,0.3333333333333333,E27,16.49,95.45,39,1.312736,88.1213,15.0659,0.0,0,13.1091,2.1394,67.549,0.0,True,28.5,4840,3.2217,2.5
google,1500,10,linear,True,False,10.0,0.4,0.3,0.3,0,0,UK,29,WOA,carbon,10,0.3333333333333333,E27,16.49,95.45,39,1.285296,88.3696,16.8412,0.0,0,13.1591,2.1304,65.806,0.0,True,27.0,4840,3.1785,2.71
google,1500,20,linear,True,False,10.0,0.4,0.3,0.3,0,0,UK,29,FIFO,-,0,0.3333333333333333,E27,16.49,95.45,39,11.051143,0.0,-615.01,0.0,0,95.9591,15.66,5.308,0.0,True,24.5,0,0.0,0.0
google,1500,20,linear,True,False,10.0,0.4,0.3,0.3,0,0,UK,29,Consolidation,-,0,0.3333333333333333,E27,16.49,95.45,39,1.545593,86.0142,0.0,0.0,0,13.3091,2.1675,55.842,0.0,True,24.5,0,0.0,0.0
google,1500,20,linear,True,False,10.0,0.4,0.3,0.3,0,0,UK,29,Greedy(EDF+greenest),-,0,0.3333333333333333,E27,16.49,95.45,39,1.158164,89.52,25.0667,0.0,0,12.8591,2.0547,62.847,0.0,True,26.5,0,0.0002,0.0
google,1500,20,linear,True,False,10.0,0.4,0.3,0.3,0,0,UK,29,VCC(Google),-,0,0.3333333333333333,E27,16.49,95.45,39,1.537613,86.0864,0.5163,0.0,0,13.3091,2.1675,56.709,0.0,True,24.5,0,0.0044,0.0
google,1500,20,linear,True,False,10.0,0.4,0.3,0.3,0,0,UK,29,Threshold(WaitAwhile),-,0,0.3333333333333333,E27,16.49,95.45,39,1.273253,88.4785,17.6204,0.0,0,12.7591,2.0397,65.751,7.4223,False,26.5,0,0.0214,0.0
google,1500,10,linear,True,False,10.0,0.4,0.3,0.3,0,0,UK,28,WOA,random,4,0.3333333333333333,E27,16.49,95.45,39,1.600201,87.1089,8.88,0.0,0,13.0091,2.1529,74.389,0.0,True,28.5,4840,3.1895,2.8
google,1500,10,linear,True,False,10.0,0.4,0.3,0.3,0,0,UK,28,WOA,random,5,0.3333333333333333,E27,16.49,95.45,39,1.614775,86.9915,8.0501,0.0,0,13.2091,2.1766,71.815,0.0,True,27.5,4840,3.1986,2.51
google,1500,10,linear,True,False,10.0,0.4,0.3,0.3,0,0,UK,28,WOA,random,6,0.3333333333333333,E27,16.49,95.45,39,1.582703,87.2498,9.8764,0.0,0,12.9591,2.1499,75.707,0.0,True,27.5,4840,3.1669,2.46
google,1500,10,linear,True,False,10.0,0.4,0.3,0.3,0,0,UK,28,WOA,random,7,0.3333333333333333,E27,16.49,95.45,39,1.584083,87.2387,9.7978,0.0,0,12.9591,2.1441,76.631,0.0,True,27.5,4840,3.1701,2.57
google,1500,10,linear,True,False,10.0,0.4,0.3,0.3,0,0,UK,28,WOA,random,8,0.3333333333333333,E27,16.49,95.45,39,1.603217,87.0846,8.7082,0.0,0,13.1091,2.157,72.703,0.0,True,28.5,4840,3.2168,2.57
google,1500,10,linear,True,False,10.0,0.4,0.3,0.3,0,0,UK,28,WOA,random,9,0.3333333333333333,E27,16.49,95.45,39,1.589594,87.1943,9.484,0.0,0,12.9591,2.1499,75.845,0.0,True,27.5,4840,3.233,2.48
google,1500,10,linear,True,False,10.0,0.4,0.3,0.3,0,0,UK,28,WOA,random,10,0.3333333333333333,E27,16.49,95.45,39,1.59643,87.1392,9.0947,0.0,0,13.1091,2.1541,74.622,0.0,True,27.5,4840,3.2022,2.43
google,1500,10,linear,True,False,10.0,0.4,0.3,0.3,0,0,UK,28,WOA,carbon,1,0.3333333333333333,E27,16.49,95.45,39,1.433446,88.4522,18.3755,0.0,0,13.0091,2.0933,66.338,0.0,True,28.0,4840,3.1735,2.59
google,1500,10,linear,True,False,10.0,0.4,0.3,0.3,0,0,UK,28,WOA,carbon,2,0.3333333333333333,E27,16.49,95.45,39,1.450019,88.3187,17.4318,0.0,0,13.1091,2.1094,64.582,0.0,True,28.5,4840,3.1626,2.35
google,1500,10,linear,True,False,10.0,0.4,0.3,0.3,0,0,UK,28,WOA,carbon,3,0.3333333333333333,E27,16.49,95.45,39,1.592045,87.1746,9.3444,0.0,0,13.1591,2.1617,71.448,0.0,True,28.5,4840,3.1632,2.38
google,1500,10,linear,True,False,10.0,0.4,0.3,0.3,0,0,UK,28,WOA,carbon,4,0.3333333333333333,E27,16.49,95.45,39,1.453432,88.2912,17.2374,0.0,0,13.1591,2.1158,63.784,0.0,True,28.5,4840,3.1617,2.42
google,1500,10,linear,True,False,10.0,0.4,0.3,0.3,0,0,UK,28,WOA,carbon,5,0.3333333333333333,E27,16.49,95.45,39,1.421679,88.547,19.0455,0.0,0,12.9091,2.0783,68.299,0.0,True,28.0,4840,3.2361,2.52
google,1500,10,linear,True,False,10.0,0.4,0.3,0.3,0,0,UK,28,WOA,carbon,6,0.3333333333333333,E27,16.49,95.45,39,1.443809,88.3688,17.7854,0.0,0,13.0091,2.0772,66.901,0.0,True,28.0,4840,3.1889,2.46
google,1500,10,linear,True,False,10.0,0.4,0.3,0.3,0,0,UK,28,WOA,carbon,7,0.3333333333333333,E27,16.49,95.45,39,1.427351,88.5013,18.7226,0.0,0,13.0091,2.0772,66.796,0.0,True,28.0,4840,3.1631,2.42
google,1500,10,linear,True,False,10.0,0.4,0.3,0.3,0,0,UK,28,WOA,carbon,8,0.3333333333333333,E27,16.49,95.45,39,1.408183,88.6558,19.814,0.0,0,12.8591,2.0547,69.373,0.0,True,28.0,4840,3.1592,2.47
google,1500,10,linear,True,False,10.0,0.4,0.3,0.3,0,0,UK,28,WOA,carbon,9,0.3333333333333333,E27,16.49,95.45,39,1.428928,88.4886,18.6328,0.0,0,12.9591,2.0697,67.666,0.0,True,28.0,4840,3.1729,2.59
google,1500,20,linear,True,False,10.0,0.4,0.3,0.3,0,0,UK,29,WOA,carbon,7,0.3333333333333333,E27,16.49,95.45,39,1.146707,89.6236,25.8079,0.0,0,12.7591,2.0397,65.431,0.0,True,26.5,4840,3.3779,2.58
google,1500,20,linear,True,False,10.0,0.4,0.3,0.3,0,0,UK,29,WOA,carbon,8,0.3333333333333333,E27,16.49,95.45,39,1.152442,89.5717,25.4369,0.0,0,12.8091,2.0472,63.558,0.0,True,26.5,4840,3.3374,2.34
google,1500,20,linear,True,False,10.0,0.4,0.3,0.3,0,0,UK,29,WOA,carbon,9,0.3333333333333333,E27,16.49,95.45,39,1.156105,89.5386,25.1999,0.0,0,12.8091,2.0472,62.144,0.0,True,26.5,4840,3.3382,2.43
google,1500,20,linear,True,False,10.0,0.4,0.3,0.3,0,0,UK,29,WOA,carbon,10,0.3333333333333333,E27,16.49,95.45,39,1.152312,89.5729,25.4453,0.0,0,12.8091,2.0472,63.64,0.0,True,26.5,4840,3.322,2.33
google,1500,10,linear,True,False,10.0,0.4,0.3,0.3,0,0,UK,30,FIFO,-,0,0.3333333333333333,E27,16.49,95.45,39,13.264124,0.0,-611.7191,0.0,0,95.9591,15.66,5.308,8.9738,False,24.5,0,0.0,0.0
google,1500,10,linear,True,False,10.0,0.4,0.3,0.3,0,0,UK,30,Consolidation,-,0,0.3333333333333333,E27,16.49,95.45,39,1.863674,85.9495,0.0,0.0,0,13.3091,2.1675,55.842,8.9738,False,24.5,0,0.0,0.0
google,1500,10,linear,True,False,10.0,0.4,0.3,0.3,0,0,UK,30,Greedy(EDF+greenest),-,0,0.3333333333333333,E27,16.49,95.45,39,1.534114,88.4341,17.6833,0.0,0,12.7591,2.0397,62.473,18.5595,False,28.0,0,0.0002,0.0
google,1500,10,linear,True,False,10.0,0.4,0.3,0.3,0,0,UK,30,VCC(Google),-,0,0.3333333333333333,E27,16.49,95.45,39,1.868741,85.9113,-0.2719,0.0,0,13.2591,2.16,61.232,0.0,True,24.5,0,0.0048,0.0
google,1500,20,linear,True,False,10.0,0.4,0.3,0.3,0,0,UK,28,WOA,random,3,0.3333333333333333,E27,16.49,95.45,39,1.594538,87.1545,9.2025,0.0,0,13.2091,2.1807,60.856,0.0,True,28.5,4840,3.2045,2.61
google,1500,20,linear,True,False,10.0,0.4,0.3,0.3,0,0,UK,28,WOA,random,4,0.3333333333333333,E27,16.49,95.45,39,1.599181,87.1171,8.9381,0.0,0,13.3091,2.2052,55.842,0.0,True,28.5,4840,3.166,2.26
google,1500,20,linear,True,False,10.0,0.4,0.3,0.3,0,0,UK,28,WOA,random,5,0.3333333333333333,E27,16.49,95.45,39,1.580205,87.27,10.0186,0.0,0,13.1091,2.1719,61.665,0.0,True,28.5,4840,3.2263,2.47
google,1500,20,linear,True,False,10.0,0.4,0.3,0.3,0,0,UK,28,WOA,random,6,0.3333333333333333,E27,16.49,95.45,39,1.580185,87.2701,10.0197,0.0,0,12.9591,2.1413,74.364,0.0,True,27.5,4840,3.247,2.6
google,1500,20,linear,True,False,10.0,0.4,0.3,0.3,0,0,UK,28,WOA,random,7,0.3333333333333333,E27,16.49,95.45,39,1.581243,87.2616,9.9595,0.0,0,13.1091,2.1771,63.943,0.0,True,28.0,4840,3.2055,2.58
google,1500,20,linear,True,False,10.0,0.4,0.3,0.3,0,0,UK,28,WOA,random,8,0.3333333333333333,E27,16.49,95.45,39,1.591664,87.1776,9.3661,0.0,0,13.2591,2.1977,56.7,0.0,True,28.5,4840,3.1813,2.4
google,1500,20,linear,True,False,10.0,0.4,0.3,0.3,0,0,UK,28,WOA,random,9,0.3333333333333333,E27,16.49,95.45,39,1.582963,87.2477,9.8615,0.0,0,13.0091,2.1569,71.394,0.0,True,28.0,4840,3.2037,2.64
google,1500,20,linear,True,False,10.0,0.4,0.3,0.3,0,0,UK,28,WOA,random,10,0.3333333333333333,E27,16.49,95.45,39,1.598768,87.1204,8.9616,0.0,0,13.3091,2.2047,55.862,0.0,True,28.5,4840,3.178,2.39
google,1500,20,linear,True,False,10.0,0.4,0.3,0.3,0,0,UK,28,WOA,carbon,1,0.3333333333333333,E27,16.49,95.45,39,1.413827,88.6103,19.4926,0.0,0,13.0091,2.0772,59.56,0.0,True,28.0,4840,3.1559,2.41
google,1500,20,linear,True,False,10.0,0.4,0.3,0.3,0,0,UK,28,WOA,carbon,2,0.3333333333333333,E27,16.49,95.45,39,1.413969,88.6091,19.4846,0.0,0,13.0091,2.0772,60.662,0.0,True,28.0,4840,3.1552,2.44
google,1500,20,linear,True,False,10.0,0.4,0.3,0.3,0,0,UK,28,WOA,carbon,3,0.3333333333333333,E27,16.49,95.45,39,1.398593,88.733,20.3601,0.0,0,12.8591,2.0547,66.586,0.0,True,28.0,4840,3.2046,2.33
google,1500,20,linear,True,False,10.0,0.4,0.3,0.3,0,0,UK,28,WOA,carbon,4,0.3333333333333333,E27,16.49,95.45,39,1.403329,88.6949,20.0904,0.0,0,12.9091,2.0622,64.948,0.0,True,28.0,4840,3.1955,2.62
google,1500,20,linear,True,False,10.0,0.4,0.3,0.3,0,0,UK,28,WOA,carbon,5,0.3333333333333333,E27,16.49,95.45,39,1.413628,88.6119,19.504,0.0,0,13.0091,2.0772,60.243,0.0,True,28.0,4840,3.1811,2.33
google,1500,20,linear,True,False,10.0,0.4,0.3,0.3,0,0,UK,28,WOA,carbon,6,0.3333333333333333,E27,16.49,95.45,39,1.395867,88.755,20.5154,0.0,0,12.8591,2.0547,63.378,0.0,True,28.0,4840,3.1661,2.47
google,1500,20,linear,True,False,10.0,0.4,0.3,0.3,0,0,UK,28,WOA,carbon,7,0.3333333333333333,E27,16.49,95.45,39,1.412059,88.6245,19.5933,0.0,0,12.9591,2.0697,64.207,0.0,True,28.0,4840,3.1732,2.43
google,1500,20,linear,True,False,10.0,0.4,0.3,0.3,0,0,UK,28,WOA,carbon,8,0.3333333333333333,E27,16.49,95.45,39,1.397368,88.7429,20.4299,0.0,0,12.8591,2.0547,66.512,0.0,True,28.0,4840,3.1377,2.97
google,1500,10,linear,True,False,10.0,0.4,0.3,0.3,0,0,UK,29,WOA,random,10,0.3333333333333333,E27,16.49,95.45,39,1.365815,87.641,11.6317,0.0,0,13.0591,2.1632,74.694,0.0,True,27.5,4840,3.1854,2.55
google,1500,10,linear,True,False,10.0,0.4,0.3,0.3,0,0,UK,29,WOA,carbon,1,0.3333333333333333,E27,16.49,95.45,39,1.311123,88.1359,15.1702,0.0,0,13.1091,2.1486,68.296,0.0,True,28.0,4840,3.2383,2.41
google,1500,10,linear,True,False,10.0,0.4,0.3,0.3,0,0,UK,29,WOA,carbon,2,0.3333333333333333,E27,16.49,95.45,39,1.282909,88.3912,16.9956,0.0,0,12.9591,2.1259,72.295,0.0,True,27.0,4840,3.195,2.55
google,1500,10,linear,True,False,10.0,0.4,0.3,0.3,0,0,UK,29,WOA,carbon,3,0.3333333333333333,E27,16.49,95.45,39,1.305855,88.1835,15.511,0.0,0,13.0091,2.1233,69.562,0.0,True,27.5,4840,3.1652,2.59
google,1500,10,linear,True,False,10.0,0.4,0.3,0.3,0,0,UK,29,WOA,carbon,4,0.3333333333333333,E27,16.49,95.45,39,1.215961,88.997,21.3272,0.0,0,13.0091,2.0772,66.007,0.0,True,27.0,4840,3.1768,2.54
google,1500,10,linear,True,False,10.0,0.4,0.3,0.3,0,0,UK,29,WOA,carbon,5,0.3333333333333333,E27,16.49,95.45,39,1.319697,88.0583,14.6155,0.0,0,12.8591,2.1154,79.078,0.0,True,27.0,4840,3.1684,2.57
google,1500,10,linear,True,False,10.0,0.4,0.3,0.3,0,0,UK,29,WOA,carbon,6,0.3333333333333333,E27,16.49,95.45,39,1.261082,88.5887,18.4079,0.0,0,13.2091,2.1164,64.077,0.0,True,27.5,4840,3.1335,2.5
google,1500,10,linear,True,False,10.0,0.4,0.3,0.3,0,0,UK,29,WOA,carbon,7,0.3333333333333333,E27,16.49,95.45,39,1.303411,88.2056,15.6692,0.0,0,13.1091,2.1582,65.279,0.0,True,28.0,4840,3.1718,2.4
google,1500,10,linear,True,False,10.0,0.4,0.3,0.3,0,0,UK,29,WOA,random,2,0.3333333333333333,E27,16.49,95.45,39,1.373741,87.5692,11.1188,0.0,0,13.0591,2.1417,73.805,0.0,True,27.5,4840,3.402,2.57
google,1500,10,linear,True,False,10.0,0.4,0.3,0.3,0,0,UK,29,WOA,random,3,0.3333333333333333,E27,16.49,95.45,39,1.364449,87.6533,11.72,0.0,0,13.0091,2.1415,76.625,0.0,True,27.5,4840,3.4284,2.43
google,1500,10,linear,True,False,10.0,0.4,0.3,0.3,0,0,UK,29,WOA,random,4,0.3333333333333333,E27,16.49,95.45,39,1.37358,87.5707,11.1293,0.0,0,13.0591,2.1587,72.093,0.0,True,28.0,4840,3.4447,2.62
google,1500,10,linear,True,False,10.0,0.4,0.3,0.3,0,0,UK,29,WOA,random,5,0.3333333333333333,E27,16.49,95.45,39,1.36816,87.6197,11.4799,0.0,0,13.0591,2.1616,73.939,0.0,True,27.5,4840,3.4247,2.46
google,1500,10,linear,True,False,10.0,0.4,0.3,0.3,0,0,UK,29,WOA,random,6,0.3333333333333333,E27,16.49,95.45,39,1.346442,87.8163,12.8851,0.0,0,12.9091,2.1424,77.364,0.0,True,27.5,4840,3.3741,2.54
google,1500,10,linear,True,False,10.0,0.4,0.3,0.3,0,0,UK,29,WOA,random,7,0.3333333333333333,E27,16.49,95.45,39,1.378781,87.5236,10.7928,0.0,0,13.1091,2.1691,75.051,0.0,True,27.5,4840,3.3934,2.5
google,1500,10,linear,True,False,10.0,0.4,0.3,0.3,0,0,UK,29,WOA,random,8,0.3333333333333333,E27,16.49,95.45,39,1.367032,87.63,11.5529,0.0,0,13.0591,2.1574,74.232,0.0,True,28.5,4840,3.3533,2.44
google,1500,10,linear,True,False,10.0,0.4,0.3,0.3,0,0,UK,29,WOA,random,9,0.3333333333333333,E27,16.49,95.45,39,1.360499,87.6891,11.9756,0.0,0,12.9091,2.1237,77.135,0.0,True,27.0,4840,3.3934,2.54
google,1500,10,linear,True,False,10.0,0.4,0.3,0.3,0,0,UK,30,WOA,carbon,6,0.3333333333333333,E27,16.49,95.45,39,1.734561,86.9229,6.9279,0.0,0,13.1091,2.157,69.526,0.0,True,27.5,4840,3.1871,2.51
google,1500,10,linear,True,False,10.0,0.4,0.3,0.3,0,0,UK,30,WOA,carbon,7,0.3333333333333333,E27,16.49,95.45,39,1.745492,86.8405,6.3413,0.0,0,13.1591,2.1805,67.483,0.0,True,28.0,4840,3.1698,2.56
google,1500,10,linear,True,False,10.0,0.4,0.3,0.3,0,0,UK,30,WOA,carbon,8,0.3333333333333333,E27,16.49,95.45,39,1.701964,87.1687,8.6769,0.0,0,13.0091,2.1154,73.195,0.0,True,27.5,4840,3.1514,2.69
google,1500,10,linear,True,False,10.0,0.4,0.3,0.3,0,0,UK,30,WOA,carbon,9,0.3333333333333333,E27,16.49,95.45,39,1.704093,87.1526,8.5627,0.0,0,13.1091,2.1293,71.708,0.0,True,28.5,4840,3.181,2.58
google,1500,10,linear,True,False,10.0,0.4,0.3,0.3,0,0,UK,30,WOA,carbon,10,0.3333333333333333,E27,16.49,95.45,39,1.724469,86.999,7.4694,0.0,0,12.7591,2.1166,79.835,0.0,True,26.5,4840,3.1645,2.71
google,1500,20,linear,True,False,10.0,0.4,0.3,0.3,0,0,UK,30,FIFO,-,0,0.3333333333333333,E27,16.49,95.45,39,13.264124,0.0,-611.7191,0.0,0,95.9591,15.66,5.308,0.0,True,24.5,0,0.0,0.0
google,1500,20,linear,True,False,10.0,0.4,0.3,0.3,0,0,UK,30,Consolidation,-,0,0.3333333333333333,E27,16.49,95.45,39,1.863674,85.9495,0.0,0.0,0,13.3091,2.1675,55.842,0.0,True,24.5,0,0.0,0.0
google,1500,20,linear,True,False,10.0,0.4,0.3,0.3,0,0,UK,30,Greedy(EDF+greenest),-,0,0.3333333333333333,E27,16.49,95.45,39,1.534114,88.4341,17.6833,0.0,0,12.7591,2.0397,62.473,0.8379,False,28.0,0,0.0002,0.0
google,1500,20,linear,True,False,10.0,0.4,0.3,0.3,0,0,UK,29,WOA,random,1,0.3333333333333333,E27,16.49,95.45,39,1.354293,87.7452,12.3771,0.0,0,12.9591,2.1409,68.658,0.0,True,26.5,4840,3.2863,2.7
google,1500,20,linear,True,False,10.0,0.4,0.3,0.3,0,0,UK,29,WOA,random,2,0.3333333333333333,E27,16.49,95.45,39,1.359171,87.7011,12.0615,0.0,0,13.0591,2.1719,66.384,0.0,True,28.5,4840,3.2208,2.43
google,1500,20,linear,True,False,10.0,0.4,0.3,0.3,0,0,UK,29,WOA,random,3,0.3333333333333333,E27,16.49,95.45,39,1.364449,87.6533,11.72,0.0,0,13.0091,2.1415,76.625,0.0,True,27.5,4840,3.2294,2.42
google,1500,20,linear,True,False,10.0,0.4,0.3,0.3,0,0,UK,29,WOA,random,4,0.3333333333333333,E27,16.49,95.45,39,1.353423,87.7531,12.4334,0.0,0,13.0591,2.137,67.989,0.0,True,28.0,4840,3.223,2.44
google,1500,20,linear,True,False,10.0,0.4,0.3,0.3,0,0,UK,29,WOA,random,5,0.3333333333333333,E27,16.49,95.45,39,1.360647,87.6877,11.966,0.0,0,13.1091,2.1741,61.361,0.0,True,28.5,4840,3.247,2.59
google,1500,20,linear,True,False,10.0,0.4,0.3,0.3,0,0,UK,29,WOA,random,6,0.3333333333333333,E27,16.49,95.45,39,1.350128,87.7829,12.6466,0.0,0,12.9591,2.1413,74.842,0.0,True,27.5,4840,3.2107,2.58
google,1500,20,linear,True,False,10.0,0.4,0.3,0.3,0,0,UK,29,WOA,random,7,0.3333333333333333,E27,16.49,95.45,39,1.35603,87.7295,12.2647,0.0,0,13.0091,2.1364,71.664,0.0,True,27.5,4840,3.2146,2.6
google,1500,20,linear,True,False,10.0,0.4,0.3,0.3,0,0,UK,29,WOA,random,8,0.3333333333333333,E27,16.49,95.45,39,1.370432,87.5992,11.3329,0.0,0,13.1091,2.1559,70.771,0.0,True,28.0,4840,3.2106,2.59
google,1500,20,linear,True,False,10.0,0.4,0.3,0.3,0,0,UK,29,WOA,random,9,0.3333333333333333,E27,16.49,95.45,39,1.351909,87.7668,12.5314,0.0,0,13.0591,2.1632,70.381,0.0,True,28.0,4840,3.4098,2.6
google,1500,20,linear,True,False,10.0,0.4,0.3,0.3,0,0,UK,29,WOA,random,10,0.3333333333333333,E27,16.49,95.45,39,1.358329,87.7087,12.116,0.0,0,13.0591,2.1462,71.582,0.0,True,27.5,4840,3.3455,2.84
google,1500,20,linear,True,False,10.0,0.4,0.3,0.3,0,0,UK,29,WOA,carbon,1,0.3333333333333333,E27,16.49,95.45,39,1.152735,89.5691,25.4179,0.0,0,12.7591,2.0397,64.876,0.0,True,27.0,4840,3.3775,2.33
google,1500,20,linear,True,False,10.0,0.4,0.3,0.3,0,0,UK,29,WOA,carbon,2,0.3333333333333333,E27,16.49,95.45,39,1.146868,89.6222,25.7975,0.0,0,12.7591,2.0397,65.867,0.0,True,26.5,4840,3.377,2.33
google,1500,20,linear,True,False,10.0,0.4,0.3,0.3,0,0,UK,29,WOA,carbon,3,0.3333333333333333,E27,16.49,95.45,39,1.155399,89.545,25.2456,0.0,0,12.8091,2.0472,62.556,0.0,True,26.5,4840,3.3008,2.35
google,1500,20,linear,True,False,10.0,0.4,0.3,0.3,0,0,UK,29,WOA,carbon,4,0.3333333333333333,E27,16.49,95.45,39,1.146907,89.6218,25.795,0.0,0,12.7591,2.0397,65.549,0.0,True,26.5,4840,3.3204,2.44
google,1500,20,linear,True,False,10.0,0.4,0.3,0.3,0,0,UK,29,WOA,carbon,5,0.3333333333333333,E27,16.49,95.45,39,1.147832,89.6135,25.7352,0.0,0,12.7091,2.0322,65.774,0.0,True,26.5,4840,3.4144,2.4
google,1500,20,linear,True,False,10.0,0.4,0.3,0.3,0,0,UK,29,WOA,carbon,6,0.3333333333333333,E27,16.49,95.45,39,1.146712,89.6236,25.8076,0.0,0,12.7591,2.0397,65.243,0.0,True,26.5,4840,3.307,2.33
google,1500,10,linear,True,False,10.0,0.4,0.3,0.3,0,0,UK,30,Threshold(WaitAwhile),-,0,0.3333333333333333,E27,16.49,95.45,39,1.681663,87.3217,9.7663,0.0,0,12.7591,2.0397,64.49,16.4749,False,28.0,0,0.021,0.0
google,1500,10,linear,True,False,10.0,0.4,0.3,0.3,0,0,UK,30,WOA,random,1,0.3333333333333333,E27,16.49,95.45,39,1.770252,86.6538,5.0128,0.0,0,13.1091,2.1571,73.449,0.0,True,27.5,4840,3.1769,2.68
google,1500,10,linear,True,False,10.0,0.4,0.3,0.3,0,0,UK,30,WOA,random,2,0.3333333333333333,E27,16.49,95.45,39,1.782932,86.5582,4.3324,0.0,0,13.1091,2.1394,72.237,0.0,True,28.0,4840,3.1555,2.47
google,1500,10,linear,True,False,10.0,0.4,0.3,0.3,0,0,UK,30,WOA,random,3,0.3333333333333333,E27,16.49,95.45,39,1.76989,86.6566,5.0322,0.0,0,13.0591,2.1638,73.184,0.0,True,27.5,4840,3.1511,2.6
google,1500,10,linear,True,False,10.0,0.4,0.3,0.3,0,0,UK,30,WOA,random,4,0.3333333333333333,E27,16.49,95.45,39,1.774423,86.6224,4.789,0.0,0,13.1091,2.1707,71.777,0.0,True,28.0,4840,3.1482,2.71
google,1500,10,linear,True,False,10.0,0.4,0.3,0.3,0,0,UK,30,WOA,random,5,0.3333333333333333,E27,16.49,95.45,39,1.764338,86.6984,5.3301,0.0,0,13.0591,2.1615,73.765,0.0,True,27.5,4840,3.1843,2.49
google,1500,10,linear,True,False,10.0,0.4,0.3,0.3,0,0,UK,30,WOA,random,6,0.3333333333333333,E27,16.49,95.45,39,1.744701,86.8465,6.3838,0.0,0,12.9091,2.1436,76.367,0.0,True,27.5,4840,3.1464,2.73
google,1500,10,linear,True,False,10.0,0.4,0.3,0.3,0,0,UK,30,WOA,random,7,0.3333333333333333,E27,16.49,95.45,39,1.744081,86.8511,6.417,0.0,0,12.8091,2.1434,79.775,0.0,True,27.0,4840,3.16,2.58
google,1500,20,linear,True,False,10.0,0.4,0.3,0.3,0,0,UK,30,VCC(Google),-,0,0.3333333333333333,E27,16.49,95.45,39,1.872763,85.881,-0.4877,0.0,0,13.3091,2.1675,56.735,0.0,True,24.5,0,0.0049,0.0
google,1500,20,linear,True,False,10.0,0.4,0.3,0.3,0,0,UK,30,Threshold(WaitAwhile),-,0,0.3333333333333333,E27,16.49,95.45,39,1.681663,87.3217,9.7663,0.0,0,12.7591,2.0397,64.49,0.0,True,28.0,0,0.021,0.0
google,1500,20,linear,True,False,10.0,0.4,0.3,0.3,0,0,UK,30,WOA,random,1,0.3333333333333333,E27,16.49,95.45,39,1.735313,86.9172,6.8875,0.0,0,13.0591,2.1559,65.374,0.0,True,28.5,4840,3.1829,2.65
google,1500,20,linear,True,False,10.0,0.4,0.3,0.3,0,0,UK,30,WOA,random,2,0.3333333333333333,E27,16.49,95.45,39,1.757988,86.7463,5.6708,0.0,0,13.0591,2.1713,66.483,0.0,True,28.5,4840,3.1754,2.55
google,1500,20,linear,True,False,10.0,0.4,0.3,0.3,0,0,UK,30,WOA,random,3,0.3333333333333333,E27,16.49,95.45,39,1.752797,86.7854,5.9494,0.0,0,13.0091,2.1501,71.036,0.0,True,27.5,4840,3.169,2.58
google,1500,20,linear,True,False,10.0,0.4,0.3,0.3,0,0,UK,30,WOA,random,4,0.3333333333333333,E27,16.49,95.45,39,1.761959,86.7164,5.4578,0.0,0,13.2091,2.1816,57.896,0.0,True,28.5,4840,3.1673,2.52
google,1500,20,linear,True,False,10.0,0.4,0.3,0.3,0,0,UK,30,WOA,random,5,0.3333333333333333,E27,16.49,95.45,39,1.740083,86.8813,6.6316,0.0,0,13.0091,2.1372,69.87,0.0,True,28.5,4840,3.169,2.62
google,1500,20,linear,True,False,10.0,0.4,0.3,0.3,0,0,UK,30,WOA,random,6,0.3333333333333333,E27,16.49,95.45,39,1.746671,86.8316,6.2781,0.0,0,12.9591,2.1413,74.929,0.0,True,27.5,4840,3.1515,2.55
google,1500,10,linear,True,False,10.0,0.4,0.3,0.3,0,0,UK,31,Greedy(EDF+greenest),-,0,0.3333333333333333,E27,16.49,95.45,39,1.934699,88.2723,15.2974,0.0,0,12.7591,1.9913,65.075,18.4548,False,24.5,0,0.0002,0.0
google,1500,10,linear,True,False,10.0,0.4,0.3,0.3,0,0,UK,31,VCC(Google),-,0,0.3333333333333333,E27,16.49,95.45,39,2.269515,86.2427,0.6389,0.0,0,13.1091,2.1375,65.529,0.0,True,24.5,0,0.006,0.0
google,1500,10,linear,True,False,10.0,0.4,0.3,0.3,0,0,UK,31,Threshold(WaitAwhile),-,0,0.3333333333333333,E27,16.49,95.45,39,1.934699,88.2723,15.2974,0.0,0,12.7591,1.9913,65.075,18.4548,False,24.5,0,0.0215,0.0
google,1500,10,linear,True,False,10.0,0.4,0.3,0.3,0,0,UK,31,WOA,random,1,0.3333333333333333,E27,16.49,95.45,39,2.173223,86.8264,4.8547,0.0,0,13.0091,2.1488,74.04,0.0,True,27.5,4840,3.2193,2.63
google,1500,10,linear,True,False,10.0,0.4,0.3,0.3,0,0,UK,31,WOA,random,2,0.3333333333333333,E27,16.49,95.45,39,2.196088,86.6878,3.8536,0.0,0,13.1091,2.1615,71.399,0.0,True,28.5,4840,3.1981,2.48
google,1500,10,linear,True,False,10.0,0.4,0.3,0.3,0,0,UK,31,WOA,random,3,0.3333333333333333,E27,16.49,95.45,39,2.202493,86.649,3.5732,0.0,0,12.9591,2.1242,77.689,0.0,True,26.5,4840,3.1694,2.57
google,1500,10,linear,True,False,10.0,0.4,0.3,0.3,0,0,UK,31,WOA,random,4,0.3333333333333333,E27,16.49,95.45,39,2.184397,86.7587,4.3655,0.0,0,13.0591,2.1518,73.249,0.0,True,28.0,4840,3.2066,2.47
google,1500,10,linear,True,False,10.0,0.4,0.3,0.3,0,0,UK,31,WOA,random,5,0.3333333333333333,E27,16.49,95.45,39,2.166586,86.8666,5.1453,0.0,0,12.9091,2.1276,76.081,0.0,True,27.0,4840,3.2194,2.5
google,1500,10,linear,True,False,10.0,0.4,0.3,0.3,0,0,UK,30,WOA,random,8,0.3333333333333333,E27,16.49,95.45,39,1.760287,86.729,5.5475,0.0,0,13.0091,2.1449,75.54,0.0,True,28.0,4840,3.1634,2.73
google,1500,10,linear,True,False,10.0,0.4,0.3,0.3,0,0,UK,30,WOA,random,9,0.3333333333333333,E27,16.49,95.45,39,1.753852,86.7775,5.8928,0.0,0,12.9091,2.1312,77.302,0.0,True,27.0,4840,3.1918,2.66
google,1500,10,linear,True,False,10.0,0.4,0.3,0.3,0,0,UK,30,WOA,random,10,0.3333333333333333,E27,16.49,95.45,39,1.75176,86.7932,6.005,0.0,0,12.9091,2.1066,76.497,0.0,True,27.0,4840,3.1744,2.6
google,1500,10,linear,True,False,10.0,0.4,0.3,0.3,0,0,UK,30,WOA,carbon,1,0.3333333333333333,E27,16.49,95.45,39,1.696449,87.2102,8.9729,0.0,0,12.9091,2.1066,74.252,0.0,True,28.0,4840,3.1673,2.56
google,1500,10,linear,True,False,10.0,0.4,0.3,0.3,0,0,UK,30,WOA,carbon,2,0.3333333333333333,E27,16.49,95.45,39,1.701622,87.1712,8.6953,0.0,0,12.9591,2.1175,75.042,0.0,True,28.5,4840,3.1566,2.57
google,1500,10,linear,True,False,10.0,0.4,0.3,0.3,0,0,UK,30,WOA,carbon,3,0.3333333333333333,E27,16.49,95.45,39,1.726035,86.9872,7.3853,0.0,0,13.0591,2.1462,73.123,0.0,True,28.5,4840,3.1252,2.6
google,1500,10,linear,True,False,10.0,0.4,0.3,0.3,0,0,UK,30,WOA,carbon,4,0.3333333333333333,E27,16.49,95.45,39,1.781973,86.5655,4.3839,0.0,0,13.2091,2.1749,71.299,0.0,True,28.0,4840,3.146,2.54
google,1500,10,linear,True,False,10.0,0.4,0.3,0.3,0,0,UK,30,WOA,carbon,5,0.3333333333333333,E27,16.49,95.45,39,1.73288,86.9356,7.0181,0.0,0,13.1091,2.161,72.37,0.0,True,27.5,4840,3.1659,2.5
google,1500,20,linear,True,False,10.0,0.4,0.3,0.3,0,0,UK,31,Consolidation,-,0,0.3333333333333333,E27,16.49,95.45,39,2.284109,86.1542,0.0,0.0,0,13.3091,2.1675,55.842,0.0,True,24.5,0,0.0,0.0
google,1500,20,linear,True,False,10.0,0.4,0.3,0.3,0,0,UK,31,Greedy(EDF+greenest),-,0,0.3333333333333333,E27,16.49,95.45,39,1.934699,88.2723,15.2974,0.0,0,12.7591,1.9913,65.075,0.7331,False,24.5,0,0.0002,0.0
google,1500,20,linear,True,False,10.0,0.4,0.3,0.3,0,0,UK,31,VCC(Google),-,0,0.3333333333333333,E27,16.49,95.45,39,2.281972,86.1672,0.0936,0.0,0,13.2591,2.16,58.575,0.0,True,24.5,0,0.0044,0.0
google,1500,20,linear,True,False,10.0,0.4,0.3,0.3,0,0,UK,31,Threshold(WaitAwhile),-,0,0.3333333333333333,E27,16.49,95.45,39,1.934699,88.2723,15.2974,0.0,0,12.7591,1.9913,65.075,0.7331,False,24.5,0,0.0221,0.0
google,1500,20,linear,True,False,10.0,0.4,0.3,0.3,0,0,UK,31,WOA,random,1,0.3333333333333333,E27,16.49,95.45,39,2.210454,86.6007,3.2247,0.0,0,13.3091,2.2052,55.842,0.0,True,28.5,4840,3.4093,2.33
google,1500,20,linear,True,False,10.0,0.4,0.3,0.3,0,0,UK,31,WOA,random,2,0.3333333333333333,E27,16.49,95.45,39,2.17886,86.7922,4.6079,0.0,0,13.0591,2.1638,65.971,0.0,True,28.5,4840,3.4204,2.57
google,1500,20,linear,True,False,10.0,0.4,0.3,0.3,0,0,UK,31,WOA,random,3,0.3333333333333333,E27,16.49,95.45,39,2.207011,86.6216,3.3754,0.0,0,12.9591,2.1398,78.47,0.0,True,26.0,4840,3.3945,2.38
google,1500,20,linear,True,False,10.0,0.4,0.3,0.3,0,0,UK,31,WOA,random,4,0.3333333333333333,E27,16.49,95.45,39,2.179793,86.7866,4.567,0.0,0,13.0591,2.1638,64.995,0.0,True,28.5,4840,3.3822,2.5
google,1500,20,linear,True,False,10.0,0.4,0.3,0.3,0,0,UK,30,WOA,carbon,5,0.3333333333333333,E27,16.49,95.45,39,1.582049,88.0727,15.1113,0.0,0,12.9091,2.0622,63.825,0.0,True,28.0,4840,3.3364,2.49
google,1500,20,linear,True,False,10.0,0.4,0.3,0.3,0,0,UK,30,WOA,carbon,6,0.3333333333333333,E27,16.49,95.45,39,1.552752,88.2936,16.6833,0.0,0,12.7591,2.0397,69.378,0.0,True,28.0,4840,3.3108,2.36
google,1500,20,linear,True,False,10.0,0.4,0.3,0.3,0,0,UK,30,WOA,carbon,7,0.3333333333333333,E27,16.49,95.45,39,1.560836,88.2327,16.2495,0.0,0,12.8091,2.0472,67.774,0.0,True,28.0,4840,3.32,2.5
google,1500,20,linear,True,False,10.0,0.4,0.3,0.3,0,0,UK,30,WOA,carbon,8,0.3333333333333333,E27,16.49,95.45,39,1.559697,88.2412,16.3107,0.0,0,12.8091,2.0552,66.37,0.0,True,28.0,4840,3.2975,2.61
google,1500,20,linear,True,False,10.0,0.4,0.3,0.3,0,0,UK,30,WOA,carbon,9,0.3333333333333333,E27,16.49,95.45,39,1.544879,88.353,17.1057,0.0,0,12.7091,2.0322,67.965,0.0,True,28.0,4840,3.3521,2.39
google,1500,20,linear,True,False,10.0,0.4,0.3,0.3,0,0,UK,30,WOA,carbon,10,0.3333333333333333,E27,16.49,95.45,39,1.564741,88.2032,16.04,0.0,0,12.8091,2.0472,67.055,0.0,True,28.0,4840,3.3271,2.54
google,1500,10,linear,True,False,10.0,0.4,0.3,0.3,0,0,UK,31,FIFO,-,0,0.3333333333333333,E27,16.49,95.45,39,16.496809,0.0,-622.2427,0.0,0,95.9591,15.66,5.308,8.9738,False,24.5,0,0.0,0.0
google,1500,10,linear,True,False,10.0,0.4,0.3,0.3,0,0,UK,31,Consolidation,-,0,0.3333333333333333,E27,16.49,95.45,39,2.284109,86.1542,0.0,0.0,0,13.3091,2.1675,55.842,8.9738,False,24.5,0,0.0,0.0
google,1500,10,linear,True,False,10.0,0.4,0.3,0.3,0,0,UK,32,FIFO,-,0,0.3333333333333333,E27,16.49,95.45,39,8.433466,0.0,-617.1523,0.0,0,95.9591,15.66,5.308,8.9738,False,24.5,0,0.0,0.0
google,1500,10,linear,True,False,10.0,0.4,0.3,0.3,0,0,UK,32,Consolidation,-,0,0.3333333333333333,E27,16.49,95.45,39,1.175966,86.056,0.0,0.0,0,13.3091,2.1675,55.842,8.9738,False,24.5,0,0.0,0.0
google,1500,10,linear,True,False,10.0,0.4,0.3,0.3,0,0,UK,32,Greedy(EDF+greenest),-,0,0.3333333333333333,E27,16.49,95.45,39,1.054664,87.4943,10.3151,0.0,0,12.9091,2.0138,56.706,17.6297,False,28.5,0,0.0002,0.0
google,1500,10,linear,True,False,10.0,0.4,0.3,0.3,0,0,UK,32,VCC(Google),-,0,0.3333333333333333,E27,16.49,95.45,39,1.177121,86.0423,-0.0982,0.0,0,13.3591,2.175,58.281,0.0,True,24.5,0,0.0051,0.0
google,1500,10,linear,True,False,10.0,0.4,0.3,0.3,0,0,UK,32,Threshold(WaitAwhile),-,0,0.3333333333333333,E27,16.49,95.45,39,1.07117,87.2986,8.9115,0.0,0,13.0591,2.0363,55.049,17.5774,False,28.5,0,0.021,0.0
google,1500,10,linear,True,False,10.0,0.4,0.3,0.3,0,0,UK,32,WOA,random,1,0.3333333333333333,E27,16.49,95.45,39,1.140709,86.474,2.9981,0.0,0,12.8091,2.1128,78.645,0.0,True,24.5,4840,3.3605,2.63
google,1500,10,linear,True,False,10.0,0.4,0.3,0.3,0,0,UK,32,WOA,random,2,0.3333333333333333,E27,16.49,95.45,39,1.145608,86.4159,2.5815,0.0,0,12.9591,2.1083,74.464,0.0,True,24.5,4840,3.3304,2.54
google,1500,10,linear,True,False,10.0,0.4,0.3,0.3,0,0,UK,32,WOA,random,3,0.3333333333333333,E27,16.49,95.45,39,1.143785,86.4375,2.7365,0.0,0,12.9091,2.1272,75.751,0.0,True,24.5,4840,3.3331,2.62
google,1500,20,linear,True,False,10.0,0.4,0.3,0.3,0,0,UK,30,WOA,random,7,0.3333333333333333,E27,16.49,95.45,39,1.758594,86.7417,5.6383,0.0,0,12.9591,2.1647,76.536,0.0,True,27.0,4840,3.1745,2.68
google,1500,20,linear,True,False,10.0,0.4,0.3,0.3,0,0,UK,30,WOA,random,8,0.3333333333333333,E27,16.49,95.45,39,1.755593,86.7643,5.7993,0.0,0,13.1091,2.169,63.741,0.0,True,28.0,4840,3.1556,2.78
google,1500,20,linear,True,False,10.0,0.4,0.3,0.3,0,0,UK,30,WOA,random,9,0.3333333333333333,E27,16.49,95.45,39,1.753973,86.7766,5.8863,0.0,0,12.9091,2.1317,77.312,0.0,True,27.0,4840,3.1883,2.59
google,1500,20,linear,True,False,10.0,0.4,0.3,0.3,0,0,UK,30,WOA,random,10,0.3333333333333333,E27,16.49,95.45,39,1.755029,86.7686,5.8296,0.0,0,13.1091,2.1576,69.293,0.0,True,28.0,4840,3.1661,2.59
google,1500,20,linear,True,False,10.0,0.4,0.3,0.3,0,0,UK,30,WOA,carbon,1,0.3333333333333333,E27,16.49,95.45,39,1.552625,88.2946,16.6901,0.0,0,12.7591,2.0397,69.833,0.0,True,28.0,4840,3.1433,2.62
google,1500,20,linear,True,False,10.0,0.4,0.3,0.3,0,0,UK,30,WOA,carbon,2,0.3333333333333333,E27,16.49,95.45,39,1.576632,88.1136,15.402,0.0,0,12.8591,2.0472,68.925,0.0,True,28.0,4840,3.1582,2.42
google,1500,20,linear,True,False,10.0,0.4,0.3,0.3,0,0,UK,30,WOA,carbon,3,0.3333333333333333,E27,16.49,95.45,39,1.574082,88.1328,15.5388,0.0,0,12.8591,2.0656,66.901,0.0,True,28.0,4840,3.164,2.52
google,1500,20,linear,True,False,10.0,0.4,0.3,0.3,0,0,UK,30,WOA,carbon,4,0.3333333333333333,E27,16.49,95.45,39,1.574349,88.1308,15.5244,0.0,0,12.9091,2.0714,64.078,0.0,True,28.0,4840,3.1554,2.63
google,1500,10,linear,True,False,10.0,0.4,0.3,0.3,0,0,UK,32,WOA,carbon,10,0.3333333333333333,E27,16.49,95.45,39,1.080943,87.1827,8.0804,0.0,0,13.0591,2.0374,63.347,0.0,True,28.5,4840,3.1899,2.42
google,1500,20,linear,True,False,10.0,0.4,0.3,0.3,0,0,UK,32,FIFO,-,0,0.3333333333333333,E27,16.49,95.45,39,8.433466,0.0,-617.1523,0.0,0,95.9591,15.66,5.308,0.0,True,24.5,0,0.0,0.0
google,1500,20,linear,True,False,10.0,0.4,0.3,0.3,0,0,UK,32,Consolidation,-,0,0.3333333333333333,E27,16.49,95.45,39,1.175966,86.056,0.0,0.0,0,13.3091,2.1675,55.842,0.0,True,24.5,0,0.0,0.0
google,1500,20,linear,True,False,10.0,0.4,0.3,0.3,0,0,UK,32,Greedy(EDF+greenest),-,0,0.3333333333333333,E27,16.49,95.45,39,1.054664,87.4943,10.3151,0.0,0,12.9091,2.0138,56.706,0.0,True,28.5,0,0.0002,0.0
google,1500,20,linear,True,False,10.0,0.4,0.3,0.3,0,0,UK,32,VCC(Google),-,0,0.3333333333333333,E27,16.49,95.45,39,1.175966,86.056,0.0,0.0,0,13.3091,2.1675,55.842,0.0,True,24.5,0,0.0044,0.0
google,1500,20,linear,True,False,10.0,0.4,0.3,0.3,0,0,UK,32,Threshold(WaitAwhile),-,0,0.3333333333333333,E27,16.49,95.45,39,1.07117,87.2986,8.9115,0.0,0,13.0591,2.0363,55.049,0.0,True,28.5,0,0.0212,0.0
google,1500,20,linear,True,False,10.0,0.4,0.3,0.3,0,0,UK,32,WOA,random,1,0.3333333333333333,E27,16.49,95.45,39,1.145304,86.4195,2.6073,0.0,0,12.9591,2.1301,73.103,0.0,True,25.0,4840,3.199,2.54
google,1500,20,linear,True,False,10.0,0.4,0.3,0.3,0,0,UK,32,WOA,random,2,0.3333333333333333,E27,16.49,95.45,39,1.159236,86.2543,1.4226,0.0,0,13.0591,2.1389,67.515,0.0,True,24.5,4840,3.192,2.52
google,1500,10,linear,True,False,10.0,0.4,0.3,0.3,0,0,UK,31,WOA,random,6,0.3333333333333333,E27,16.49,95.45,39,2.188435,86.7342,4.1887,0.0,0,13.0591,2.1546,72.675,0.0,True,28.0,4840,3.17,2.56
google,1500,10,linear,True,False,10.0,0.4,0.3,0.3,0,0,UK,31,WOA,random,7,0.3333333333333333,E27,16.49,95.45,39,2.193481,86.7036,3.9678,0.0,0,13.0591,2.1661,75.169,0.0,True,28.0,4840,3.1794,2.78
google,1500,10,linear,True,False,10.0,0.4,0.3,0.3,0,0,UK,31,WOA,random,8,0.3333333333333333,E27,16.49,95.45,39,2.199333,86.6681,3.7116,0.0,0,12.8591,2.1198,74.438,0.0,True,24.5,4840,3.1377,2.54
google,1500,10,linear,True,False,10.0,0.4,0.3,0.3,0,0,UK,31,WOA,random,9,0.3333333333333333,E27,16.49,95.45,39,2.191232,86.7172,4.0662,0.0,0,12.9591,2.1306,75.446,0.0,True,27.5,4840,3.1749,2.65
google,1500,10,linear,True,False,10.0,0.4,0.3,0.3,0,0,UK,31,WOA,random,10,0.3333333333333333,E27,16.49,95.45,39,2.193544,86.7032,3.965,0.0,0,13.1091,2.1696,73.243,0.0,True,27.5,4840,3.1931,2.54
google,1500,10,linear,True,False,10.0,0.4,0.3,0.3,0,0,UK,31,WOA,carbon,1,0.3333333333333333,E27,16.49,95.45,39,2.149746,86.9687,5.8825,0.0,0,13.1591,2.1612,66.835,0.0,True,28.5,4840,3.1649,2.52
google,1500,10,linear,True,False,10.0,0.4,0.3,0.3,0,0,UK,31,WOA,carbon,2,0.3333333333333333,E27,16.49,95.45,39,2.113629,87.1876,7.4637,0.0,0,13.0091,2.1079,76.438,0.0,True,28.5,4840,3.1493,2.36
google,1500,10,linear,True,False,10.0,0.4,0.3,0.3,0,0,UK,31,WOA,carbon,3,0.3333333333333333,E27,16.49,95.45,39,2.064402,87.4861,9.6189,0.0,0,13.0591,2.1081,68.207,0.0,True,27.0,4840,3.1441,2.49
google,1500,10,linear,True,False,10.0,0.4,0.3,0.3,0,0,UK,31,WOA,carbon,4,0.3333333333333333,E27,16.49,95.45,39,2.052357,87.5591,10.1463,0.0,0,13.0591,2.1059,66.342,0.0,True,25.5,4840,3.1921,2.46
google,1500,10,linear,True,False,10.0,0.4,0.3,0.3,0,0,UK,31,WOA,carbon,5,0.3333333333333333,E27,16.49,95.45,39,2.035884,87.6589,10.8675,0.0,0,12.9091,2.0686,71.01,0.0,True,25.5,4840,3.1973,2.65
google,1500,10,linear,True,False,10.0,0.4,0.3,0.3,0,0,UK,31,WOA,carbon,6,0.3333333333333333,E27,16.49,95.45,39,2.172313,86.8319,4.8945,0.0,0,12.9591,2.1506,75.809,0.0,True,26.5,4840,3.1522,2.56
google,1500,10,linear,True,False,10.0,0.4,0.3,0.3,0,0,UK,31,WOA,carbon,7,0.3333333333333333,E27,16.49,95.45,39,2.14315,87.0087,6.1713,0.0,0,12.9091,2.1165,74.979,0.0,True,25.5,4840,3.1736,2.62
google,1500,10,linear,True,False,10.0,0.4,0.3,0.3,0,0,UK,31,WOA,carbon,8,0.3333333333333333,E27,16.49,95.45,39,2.130743,87.0839,6.7145,0.0,0,13.1091,2.1349,72.144,0.0,True,28.0,4840,3.1491,2.62
google,1500,10,linear,True,False,10.0,0.4,0.3,0.3,0,0,UK,31,WOA,carbon,9,0.3333333333333333,E27,16.49,95.45,39,2.037026,87.652,10.8175,0.0,0,12.9591,2.0851,69.612,0.0,True,26.0,4840,3.1844,2.63
google,1500,10,linear,True,False,10.0,0.4,0.3,0.3,0,0,UK,31,WOA,carbon,10,0.3333333333333333,E27,16.49,95.45,39,2.113243,87.19,7.4806,0.0,0,13.0091,2.1381,70.39,0.0,True,27.0,4840,3.1891,2.46
google,1500,20,linear,True,False,10.0,0.4,0.3,0.3,0,0,UK,31,FIFO,-,0,0.3333333333333333,E27,16.49,95.45,39,16.496809,0.0,-622.2427,0.0,0,95.9591,15.66,5.308,0.0,True,24.5,0,0.0,0.0
google,1500,20,linear,True,False,10.0,0.4,0.3,0.3,0,0,UK,32,WOA,carbon,9,0.3333333333333333,E27,16.49,95.45,39,1.052228,87.5232,10.5222,0.0,0,12.8591,2.0063,57.685,0.0,True,28.5,4840,3.3283,2.35
google,1500,20,linear,True,False,10.0,0.4,0.3,0.3,0,0,UK,32,WOA,carbon,10,0.3333333333333333,E27,16.49,95.45,39,1.052624,87.5185,10.4885,0.0,0,12.8591,2.0063,57.889,0.0,True,28.5,4840,3.3485,2.35
google,1500,10,linear,True,False,10.0,0.4,0.3,0.3,0,0,UK,33,FIFO,-,0,0.3333333333333333,E27,16.49,95.45,39,12.290283,0.0,-623.05,0.0,0,95.9591,15.66,5.308,8.9738,False,24.5,0,0.0,0.0
google,1500,10,linear,True,False,10.0,0.4,0.3,0.3,0,0,UK,33,Consolidation,-,0,0.3333333333333333,E27,16.49,95.45,39,1.699783,86.1697,0.0,0.0,0,13.3091,2.1675,55.842,8.9738,False,24.5,0,0.0,0.0
google,1500,10,linear,True,False,10.0,0.4,0.3,0.3,0,0,UK,33,Greedy(EDF+greenest),-,0,0.3333333333333333,E27,16.49,95.45,39,1.432308,88.346,15.7358,0.0,0,12.9591,2.0213,58.042,18.5595,False,28.5,0,0.0002,0.0
google,1500,10,linear,True,False,10.0,0.4,0.3,0.3,0,0,UK,33,VCC(Google),-,0,0.3333333333333333,E27,16.49,95.45,39,1.696858,86.1935,0.1721,0.0,0,13.2591,2.16,61.221,0.0,True,24.5,0,0.0047,0.0
google,1500,10,linear,True,False,10.0,0.4,0.3,0.3,0,0,UK,33,Threshold(WaitAwhile),-,0,0.3333333333333333,E27,16.49,95.45,39,1.455298,88.159,14.3833,0.0,0,12.7091,1.9838,65.281,15.4167,False,24.5,0,0.0215,0.0
google,1500,10,linear,True,False,10.0,0.4,0.3,0.3,0,0,UK,33,WOA,random,1,0.3333333333333333,E27,16.49,95.45,39,1.632956,86.7134,3.9315,0.0,0,12.8091,2.1001,74.969,0.0,True,25.0,4840,3.374,2.58
google,1500,20,linear,True,False,10.0,0.4,0.3,0.3,0,0,UK,31,WOA,random,5,0.3333333333333333,E27,16.49,95.45,39,2.188054,86.7365,4.2053,0.0,0,13.1091,2.1743,65.54,0.0,True,28.5,4840,3.195,2.56
google,1500,20,linear,True,False,10.0,0.4,0.3,0.3,0,0,UK,31,WOA,random,6,0.3333333333333333,E27,16.49,95.45,39,2.18767,86.7388,4.2222,0.0,0,13.1091,2.1593,68.672,0.0,True,28.0,4840,3.1778,2.5
google,1500,20,linear,True,False,10.0,0.4,0.3,0.3,0,0,UK,31,WOA,random,7,0.3333333333333333,E27,16.49,95.45,39,2.191677,86.7145,4.0467,0.0,0,13.1591,2.1874,60.016,0.0,True,28.5,4840,3.193,2.59
google,1500,20,linear,True,False,10.0,0.4,0.3,0.3,0,0,UK,31,WOA,random,8,0.3333333333333333,E27,16.49,95.45,39,2.19225,86.7111,4.0217,0.0,0,13.1591,2.151,62.503,0.0,True,28.0,4840,3.1684,2.52
google,1500,20,linear,True,False,10.0,0.4,0.3,0.3,0,0,UK,31,WOA,random,9,0.3333333333333333,E27,16.49,95.45,39,2.194784,86.6957,3.9107,0.0,0,13.2091,2.1874,58.737,0.0,True,28.5,4840,3.2025,2.54
google,1500,20,linear,True,False,10.0,0.4,0.3,0.3,0,0,UK,31,WOA,random,10,0.3333333333333333,E27,16.49,95.45,39,2.203549,86.6426,3.527,0.0,0,13.2591,2.2013,58.179,0.0,True,28.5,4840,3.2086,2.42
google,1500,20,linear,True,False,10.0,0.4,0.3,0.3,0,0,UK,31,WOA,carbon,1,0.3333333333333333,E27,16.49,95.45,39,1.953533,88.1581,14.4729,0.0,0,12.8091,1.9988,67.062,0.0,True,26.5,4840,3.1767,2.54
google,1500,20,linear,True,False,10.0,0.4,0.3,0.3,0,0,UK,31,WOA,carbon,2,0.3333333333333333,E27,16.49,95.45,39,1.949878,88.1803,14.6329,0.0,0,12.7591,1.9999,68.129,0.0,True,25.5,4840,3.2191,2.46
google,1500,20,linear,True,False,10.0,0.4,0.3,0.3,0,0,UK,31,WOA,carbon,3,0.3333333333333333,E27,16.49,95.45,39,1.951327,88.1715,14.5694,0.0,0,12.7591,1.9994,70.144,0.0,True,25.5,4840,3.2117,2.41
google,1500,20,linear,True,False,10.0,0.4,0.3,0.3,0,0,UK,31,WOA,carbon,4,0.3333333333333333,E27,16.49,95.45,39,1.956225,88.1418,14.355,0.0,0,12.8091,2.0069,68.236,0.0,True,25.5,4840,3.1893,2.5
google,1500,20,linear,True,False,10.0,0.4,0.3,0.3,0,0,UK,31,WOA,carbon,5,0.3333333333333333,E27,16.49,95.45,39,1.941392,88.2317,15.0044,0.0,0,12.7091,1.993,70.753,0.0,True,25.5,4840,3.2102,2.55
google,1500,20,linear,True,False,10.0,0.4,0.3,0.3,0,0,UK,31,WOA,carbon,6,0.3333333333333333,E27,16.49,95.45,39,1.929582,88.3033,15.5214,0.0,0,12.6591,1.9688,73.212,0.0,True,25.5,4840,3.1896,2.58
google,1500,20,linear,True,False,10.0,0.4,0.3,0.3,0,0,UK,31,WOA,carbon,7,0.3333333333333333,E27,16.49,95.45,39,1.964969,88.0888,13.9722,0.0,0,12.8591,2.0236,66.198,0.0,True,26.5,4840,3.2121,2.54
google,1500,20,linear,True,False,10.0,0.4,0.3,0.3,0,0,UK,31,WOA,carbon,8,0.3333333333333333,E27,16.49,95.45,39,1.95846,88.1282,14.2571,0.0,0,12.8091,2.0063,66.891,0.0,True,25.5,4840,3.1966,2.5
google,1500,20,linear,True,False,10.0,0.4,0.3,0.3,0,0,UK,31,WOA,carbon,9,0.3333333333333333,E27,16.49,95.45,39,1.953252,88.1598,14.4852,0.0,0,12.8091,2.008,70.216,0.0,True,25.5,4840,3.2341,2.41
google,1500,20,linear,True,False,10.0,0.4,0.3,0.3,0,0,UK,31,WOA,carbon,10,0.3333333333333333,E27,16.49,95.45,39,1.962983,88.1008,14.0592,0.0,0,12.8091,2.0241,68.099,0.0,True,25.5,4840,3.2131,2.44
google,1500,10,linear,True,False,10.0,0.4,0.3,0.3,0,0,UK,33,WOA,carbon,8,0.3333333333333333,E27,16.49,95.45,39,1.565508,87.2622,7.8995,0.0,0,13.0091,2.1029,74.235,0.0,True,28.5,4840,3.2077,2.61
google,1500,10,linear,True,False,10.0,0.4,0.3,0.3,0,0,UK,33,WOA,carbon,9,0.3333333333333333,E27,16.49,95.45,39,1.634847,86.698,3.8203,0.0,0,13.2091,2.1844,73.474,0.0,True,28.5,4840,3.2071,2.39
google,1500,10,linear,True,False,10.0,0.4,0.3,0.3,0,0,UK,33,WOA,carbon,10,0.3333333333333333,E27,16.49,95.45,39,1.619574,86.8223,4.7188,0.0,0,12.9591,2.1369,76.753,0.0,True,26.5,4840,3.198,2.65
google,1500,20,linear,True,False,10.0,0.4,0.3,0.3,0,0,UK,33,FIFO,-,0,0.3333333333333333,E27,16.49,95.45,39,12.290283,0.0,-623.05,0.0,0,95.9591,15.66,5.308,0.0,True,24.5,0,0.0,0.0
google,1500,20,linear,True,False,10.0,0.4,0.3,0.3,0,0,UK,33,Consolidation,-,0,0.3333333333333333,E27,16.49,95.45,39,1.699783,86.1697,0.0,0.0,0,13.3091,2.1675,55.842,0.0,True,24.5,0,0.0,0.0
google,1500,20,linear,True,False,10.0,0.4,0.3,0.3,0,0,UK,33,Greedy(EDF+greenest),-,0,0.3333333333333333,E27,16.49,95.45,39,1.432308,88.346,15.7358,0.0,0,12.9591,2.0213,58.042,0.8379,False,28.5,0,0.0002,0.0
google,1500,20,linear,True,False,10.0,0.4,0.3,0.3,0,0,UK,33,VCC(Google),-,0,0.3333333333333333,E27,16.49,95.45,39,1.70094,86.1603,-0.0681,0.0,0,13.3091,2.1675,56.391,0.0,True,24.5,0,0.0047,0.0
google,1500,20,linear,True,False,10.0,0.4,0.3,0.3,0,0,UK,33,Threshold(WaitAwhile),-,0,0.3333333333333333,E27,16.49,95.45,39,1.455298,88.159,14.3833,0.0,0,12.7091,1.9838,65.281,0.0,True,24.5,0,0.0209,0.0
google,1500,10,linear,True,False,10.0,0.4,0.3,0.3,0,0,UK,32,WOA,random,4,0.3333333333333333,E27,16.49,95.45,39,1.155186,86.3024,1.767,0.0,0,12.9091,2.1173,76.553,0.0,True,27.0,4840,3.1657,2.45
google,1500,10,linear,True,False,10.0,0.4,0.3,0.3,0,0,UK,32,WOA,random,5,0.3333333333333333,E27,16.49,95.45,39,1.149954,86.3644,2.212,0.0,0,12.9591,2.1312,74.239,0.0,True,25.0,4840,3.1908,2.54
google,1500,10,linear,True,False,10.0,0.4,0.3,0.3,0,0,UK,32,WOA,random,6,0.3333333333333333,E27,16.49,95.45,39,1.140213,86.4799,3.0403,0.0,0,12.9091,2.1118,73.935,0.0,True,24.5,4840,3.1464,2.56
google,1500,10,linear,True,False,10.0,0.4,0.3,0.3,0,0,UK,32,WOA,random,7,0.3333333333333333,E27,16.49,95.45,39,1.147696,86.3912,2.4039,0.0,0,12.9591,2.1165,74.535,0.0,True,25.5,4840,3.1708,2.65
google,1500,10,linear,True,False,10.0,0.4,0.3,0.3,0,0,UK,32,WOA,random,8,0.3333333333333333,E27,16.49,95.45,39,1.155792,86.2952,1.7155,0.0,0,13.0091,2.1261,72.074,0.0,True,26.0,4840,3.1799,2.41
google,1500,10,linear,True,False,10.0,0.4,0.3,0.3,0,0,UK,32,WOA,random,9,0.3333333333333333,E27,16.49,95.45,39,1.145936,86.412,2.5536,0.0,0,12.9091,2.1283,74.495,0.0,True,26.0,4840,3.2068,2.42
google,1500,10,linear,True,False,10.0,0.4,0.3,0.3,0,0,UK,32,WOA,random,10,0.3333333333333333,E27,16.49,95.45,39,1.14553,86.4169,2.5882,0.0,0,12.9591,2.1171,75.56,0.0,True,27.0,4840,3.1904,2.63
google,1500,10,linear,True,False,10.0,0.4,0.3,0.3,0,0,UK,32,WOA,carbon,1,0.3333333333333333,E27,16.49,95.45,39,1.07761,87.2222,8.3638,0.0,0,12.9591,2.0316,65.241,0.0,True,28.5,4840,3.1659,2.47
google,1500,10,linear,True,False,10.0,0.4,0.3,0.3,0,0,UK,32,WOA,carbon,2,0.3333333333333333,E27,16.49,95.45,39,1.091707,87.0551,7.1651,0.0,0,13.1591,2.0438,61.131,0.0,True,28.5,4840,3.1733,2.55
google,1500,10,linear,True,False,10.0,0.4,0.3,0.3,0,0,UK,32,WOA,carbon,3,0.3333333333333333,E27,16.49,95.45,39,1.092502,87.0456,7.0974,0.0,0,13.0591,2.0627,62.097,0.0,True,28.5,4840,3.145,2.41
google,1500,10,linear,True,False,10.0,0.4,0.3,0.3,0,0,UK,32,WOA,carbon,4,0.3333333333333333,E27,16.49,95.45,39,1.094655,87.0201,6.9143,0.0,0,13.1591,2.0513,60.063,0.0,True,28.5,4840,3.1567,2.37
google,1500,10,linear,True,False,10.0,0.4,0.3,0.3,0,0,UK,32,WOA,carbon,5,0.3333333333333333,E27,16.49,95.45,39,1.086919,87.1118,7.5723,0.0,0,13.0591,2.0506,64.053,0.0,True,28.5,4840,3.2101,2.51
google,1500,10,linear,True,False,10.0,0.4,0.3,0.3,0,0,UK,32,WOA,carbon,6,0.3333333333333333,E27,16.49,95.45,39,1.102687,86.9249,6.2314,0.0,0,13.2091,2.0708,62.041,0.0,True,28.0,4840,3.1465,2.42
google,1500,10,linear,True,False,10.0,0.4,0.3,0.3,0,0,UK,32,WOA,carbon,7,0.3333333333333333,E27,16.49,95.45,39,1.094323,87.024,6.9426,0.0,0,13.1591,2.0674,60.091,0.0,True,28.5,4840,3.2318,2.48
google,1500,10,linear,True,False,10.0,0.4,0.3,0.3,0,0,UK,32,WOA,carbon,8,0.3333333333333333,E27,16.49,95.45,39,1.082275,87.1669,7.9672,0.0,0,13.0591,2.0363,63.709,0.0,True,28.5,4840,3.1451,2.66
google,1500,10,linear,True,False,10.0,0.4,0.3,0.3,0,0,UK,32,WOA,carbon,9,0.3333333333333333,E27,16.49,95.45,39,1.092241,87.0487,7.1196,0.0,0,13.0591,2.0547,63.272,0.0,True,28.5,4840,3.1731,2.48
google,1500,20,linear,True,False,10.0,0.4,0.3,0.3,0,0,UK,32,WOA,random,3,0.3333333333333333,E27,16.49,95.45,39,1.153518,86.3221,1.9089,0.0,0,12.9591,2.1319,73.79,0.0,True,24.5,4840,3.1599,2.79
google,1500,20,linear,True,False,10.0,0.4,0.3,0.3,0,0,UK,32,WOA,random,4,0.3333333333333333,E27,16.49,95.45,39,1.152042,86.3396,2.0344,0.0,0,13.0091,2.1366,73.75,0.0,True,24.5,4840,3.1396,2.69
google,1500,20,linear,True,False,10.0,0.4,0.3,0.3,0,0,UK,32,WOA,random,5,0.3333333333333333,E27,16.49,95.45,39,1.148893,86.377,2.3022,0.0,0,12.9591,2.1281,69.764,0.0,True,25.5,4840,3.1735,2.63
google,1500,20,linear,True,False,10.0,0.4,0.3,0.3,0,0,UK,32,WOA,random,6,0.3333333333333333,E27,16.49,95.45,39,1.151285,86.3486,2.0987,0.0,0,12.9591,2.1254,73.695,0.0,True,25.0,4840,3.1511,2.7
google,1500,20,linear,True,False,10.0,0.4,0.3,0.3,0,0,UK,32,WOA,random,7,0.3333333333333333,E27,16.49,95.45,39,1.156316,86.289,1.671,0.0,0,13.0091,2.1328,69.966,0.0,True,25.5,4840,3.1881,2.51
google,1500,20,linear,True,False,10.0,0.4,0.3,0.3,0,0,UK,32,WOA,random,8,0.3333333333333333,E27,16.49,95.45,39,1.15178,86.3427,2.0567,0.0,0,12.9591,2.1221,74.998,0.0,True,26.5,4840,3.1501,2.57
google,1500,20,linear,True,False,10.0,0.4,0.3,0.3,0,0,UK,32,WOA,random,9,0.3333333333333333,E27,16.49,95.45,39,1.144621,86.4276,2.6654,0.0,0,12.9091,2.1198,75.293,0.0,True,26.0,4840,3.1784,2.48
google,1500,20,linear,True,False,10.0,0.4,0.3,0.3,0,0,UK,32,WOA,random,10,0.3333333333333333,E27,16.49,95.45,39,1.158459,86.2635,1.4887,0.0,0,12.9591,2.1444,75.081,0.0,True,25.0,4840,3.1729,2.53
google,1500,20,linear,True,False,10.0,0.4,0.3,0.3,0,0,UK,33,WOA,carbon,7,0.3333333333333333,E27,16.49,95.45,39,1.447637,88.2213,14.834,0.0,0,12.8591,2.0236,64.851,0.0,True,28.0,4840,3.3769,2.63
google,1500,20,linear,True,False,10.0,0.4,0.3,0.3,0,0,UK,33,WOA,carbon,8,0.3333333333333333,E27,16.49,95.45,39,1.45525,88.1593,14.3862,0.0,0,13.0091,2.0369,61.706,0.0,True,28.5,4840,3.3113,2.5
google,1500,20,linear,True,False,10.0,0.4,0.3,0.3,0,0,UK,33,WOA,carbon,9,0.3333333333333333,E27,16.49,95.45,39,1.448434,88.2148,14.7871,0.0,0,13.0091,2.0288,61.898,0.0,True,28.5,4840,3.3534,2.44
google,1500,20,linear,True,False,10.0,0.4,0.3,0.3,0,0,UK,33,WOA,carbon,10,0.3333333333333333,E27,16.49,95.45,39,1.457365,88.1421,14.2617,0.0,0,12.9591,2.0288,61.846,0.0,True,28.0,4840,3.346,2.58
google,1500,10,linear,True,False,10.0,0.4,0.3,0.3,0,0,UK,34,FIFO,-,0,0.3333333333333333,E27,16.49,95.45,39,13.283668,0.0,-622.481,0.0,0,95.9591,15.66,5.308,8.9738,False,24.5,0,0.0,0.0
google,1500,10,linear,True,False,10.0,0.4,0.3,0.3,0,0,UK,34,Consolidation,-,0,0.3333333333333333,E27,16.49,95.45,39,1.838618,86.1588,0.0,0.0,0,13.3091,2.1675,55.842,8.9738,False,24.5,0,0.0,0.0
google,1500,10,linear,True,False,10.0,0.4,0.3,0.3,0,0,UK,34,Greedy(EDF+greenest),-,0,0.3333333333333333,E27,16.49,95.45,39,1.519061,88.5644,17.3803,0.0,0,12.9591,1.9774,63.018,7.4365,False,25.0,0,0.0002,0.0
google,1500,10,linear,True,False,10.0,0.4,0.3,0.3,0,0,UK,34,VCC(Google),-,0,0.3333333333333333,E27,16.49,95.45,39,1.801838,86.4357,2.0004,0.0,0,13.1591,2.145,65.312,0.0,True,24.5,0,0.0061,0.0
google,1500,20,linear,True,False,10.0,0.4,0.3,0.3,0,0,UK,32,WOA,carbon,1,0.3333333333333333,E27,16.49,95.45,39,1.052214,87.5233,10.5234,0.0,0,12.8591,2.0063,57.752,0.0,True,28.5,4840,3.3845,2.4
google,1500,20,linear,True,False,10.0,0.4,0.3,0.3,0,0,UK,32,WOA,carbon,2,0.3333333333333333,E27,16.49,95.45,39,1.052699,87.5176,10.4822,0.0,0,12.8591,2.0063,58.16,0.0,True,28.5,4840,3.3867,2.4
google,1500,20,linear,True,False,10.0,0.4,0.3,0.3,0,0,UK,32,WOA,carbon,3,0.3333333333333333,E27,16.49,95.45,39,1.053495,87.5082,10.4145,0.0,0,12.8591,2.0063,58.722,0.0,True,28.5,4840,3.4042,2.38
google,1500,20,linear,True,False,10.0,0.4,0.3,0.3,0,0,UK,32,WOA,carbon,4,0.3333333333333333,E27,16.49,95.45,39,1.052159,87.524,10.5281,0.0,0,12.8591,2.0063,57.361,0.0,True,28.5,4840,3.4476,2.46
google,1500,20,linear,True,False,10.0,0.4,0.3,0.3,0,0,UK,32,WOA,carbon,5,0.3333333333333333,E27,16.49,95.45,39,1.052623,87.5185,10.4886,0.0,0,12.8591,2.0063,57.827,0.0,True,28.5,4840,3.4099,2.34
google,1500,20,linear,True,False,10.0,0.4,0.3,0.3,0,0,UK,32,WOA,carbon,6,0.3333333333333333,E27,16.49,95.45,39,1.052613,87.5186,10.4895,0.0,0,12.8091,1.9988,60.136,0.0,True,28.5,4840,3.3619,2.41
google,1500,20,linear,True,False,10.0,0.4,0.3,0.3,0,0,UK,32,WOA,carbon,7,0.3333333333333333,E27,16.49,95.45,39,1.052646,87.5182,10.4867,0.0,0,12.8591,2.0063,57.955,0.0,True,28.5,4840,3.3883,2.32
google,1500,20,linear,True,False,10.0,0.4,0.3,0.3,0,0,UK,32,WOA,carbon,8,0.3333333333333333,E27,16.49,95.45,39,1.054664,87.4943,10.3151,0.0,0,12.9091,2.0138,56.99,0.0,True,28.5,4840,3.3538,2.2
google,1500,10,linear,True,False,10.0,0.4,0.3,0.3,0,0,UK,33,WOA,random,10,0.3333333333333333,E27,16.49,95.45,39,1.638372,86.6694,3.6129,0.0,0,12.9091,2.1158,78.085,0.0,True,25.0,4840,3.1768,2.59
google,1500,10,linear,True,False,10.0,0.4,0.3,0.3,0,0,UK,33,WOA,carbon,1,0.3333333333333333,E27,16.49,95.45,39,1.605946,86.9332,5.5206,0.0,0,13.1591,2.1646,68.31,0.0,True,28.5,4840,3.1648,2.5
google,1500,10,linear,True,False,10.0,0.4,0.3,0.3,0,0,UK,33,WOA,carbon,2,0.3333333333333333,E27,16.49,95.45,39,1.630507,86.7334,4.0756,0.0,0,13.0091,2.1415,74.651,0.0,True,28.0,4840,3.1805,2.47
google,1500,10,linear,True,False,10.0,0.4,0.3,0.3,0,0,UK,33,WOA,carbon,3,0.3333333333333333,E27,16.49,95.45,39,1.62327,86.7923,4.5014,0.0,0,13.0091,2.1569,76.911,0.0,True,28.5,4840,3.1558,2.65
google,1500,10,linear,True,False,10.0,0.4,0.3,0.3,0,0,UK,33,WOA,carbon,4,0.3333333333333333,E27,16.49,95.45,39,1.552133,87.3711,8.6864,0.0,0,12.9591,2.0783,73.159,0.0,True,28.0,4840,3.1547,2.71
google,1500,10,linear,True,False,10.0,0.4,0.3,0.3,0,0,UK,33,WOA,carbon,5,0.3333333333333333,E27,16.49,95.45,39,1.595716,87.0164,6.1224,0.0,0,13.0591,2.1496,72.478,0.0,True,28.5,4840,3.1827,2.58
google,1500,10,linear,True,False,10.0,0.4,0.3,0.3,0,0,UK,33,WOA,carbon,6,0.3333333333333333,E27,16.49,95.45,39,1.631059,86.7289,4.0432,0.0,0,13.0091,2.1632,76.562,0.0,True,28.0,4840,3.1255,2.52
google,1500,10,linear,True,False,10.0,0.4,0.3,0.3,0,0,UK,33,WOA,carbon,7,0.3333333333333333,E27,16.49,95.45,39,1.613771,86.8695,5.0602,0.0,0,13.1091,2.1414,70.116,0.0,True,28.0,4840,3.1618,2.62
google,1500,10,linear,True,False,10.0,0.4,0.3,0.3,0,0,UK,33,WOA,random,2,0.3333333333333333,E27,16.49,95.45,39,1.641776,86.6417,3.4126,0.0,0,13.1091,2.1621,70.87,0.0,True,28.5,4840,3.3343,2.61
google,1500,10,linear,True,False,10.0,0.4,0.3,0.3,0,0,UK,33,WOA,random,3,0.3333333333333333,E27,16.49,95.45,39,1.636614,86.6837,3.7163,0.0,0,13.1091,2.1587,73.548,0.0,True,27.5,4840,3.3955,2.79
google,1500,10,linear,True,False,10.0,0.4,0.3,0.3,0,0,UK,33,WOA,random,4,0.3333333333333333,E27,16.49,95.45,39,1.628455,86.7501,4.1963,0.0,0,12.9591,2.1174,78.096,0.0,True,27.0,4840,3.3416,2.67
google,1500,10,linear,True,False,10.0,0.4,0.3,0.3,0,0,UK,33,WOA,random,5,0.3333333333333333,E27,16.49,95.45,39,1.622814,86.796,4.5282,0.0,0,12.8591,2.1064,77.965,0.0,True,28.0,4840,3.3266,2.57
google,1500,10,linear,True,False,10.0,0.4,0.3,0.3,0,0,UK,33,WOA,random,6,0.3333333333333333,E27,16.49,95.45,39,1.640195,86.6545,3.5056,0.0,0,13.0591,2.1432,74.331,0.0,True,27.5,4840,3.3715,2.55
google,1500,10,linear,True,False,10.0,0.4,0.3,0.3,0,0,UK,33,WOA,random,7,0.3333333333333333,E27,16.49,95.45,39,1.630401,86.7342,4.0818,0.0,0,13.0091,2.1295,77.078,0.0,True,27.0,4840,3.4034,2.59
google,1500,10,linear,True,False,10.0,0.4,0.3,0.3,0,0,UK,33,WOA,random,8,0.3333333333333333,E27,16.49,95.45,39,1.63585,86.6899,3.7613,0.0,0,13.0091,2.1466,77.323,0.0,True,27.5,4840,3.3333,2.54
google,1500,10,linear,True,False,10.0,0.4,0.3,0.3,0,0,UK,33,WOA,random,9,0.3333333333333333,E27,16.49,95.45,39,1.634649,86.6997,3.8319,0.0,0,13.0591,2.1524,72.906,0.0,True,28.0,4840,3.3916,2.59
google,1500,10,linear,True,False,10.0,0.4,0.3,0.3,0,0,UK,34,WOA,carbon,6,0.3333333333333333,E27,16.49,95.45,39,1.600088,87.9545,12.9733,0.0,0,13.2591,2.1638,65.351,0.0,True,28.5,4840,3.1998,2.51
google,1500,10,linear,True,False,10.0,0.4,0.3,0.3,0,0,UK,34,WOA,carbon,7,0.3333333333333333,E27,16.49,95.45,39,1.585155,88.0669,13.7856,0.0,0,13.0091,2.1437,75.16,0.0,True,27.5,4840,3.2131,2.55
google,1500,10,linear,True,False,10.0,0.4,0.3,0.3,0,0,UK,34,WOA,carbon,8,0.3333333333333333,E27,16.49,95.45,39,1.579197,88.1117,14.1096,0.0,0,13.2091,2.13,67.512,0.0,True,28.5,4840,3.1711,2.37
google,1500,10,linear,True,False,10.0,0.4,0.3,0.3,0,0,UK,34,WOA,carbon,9,0.3333333333333333,E27,16.49,95.45,39,1.594734,87.9948,13.2645,0.0,0,13.2591,2.1456,65.832,0.0,True,28.0,4840,3.195,2.58
google,1500,10,linear,True,False,10.0,0.4,0.3,0.3,0,0,UK,34,WOA,carbon,10,0.3333333333333333,E27,16.49,95.45,39,1.58471,88.0702,13.8097,0.0,0,13.0091,2.1449,72.09,0.0,True,28.0,4840,3.201,2.75
google,1500,20,linear,True,False,10.0,0.4,0.3,0.3,0,0,UK,34,FIFO,-,0,0.3333333333333333,E27,16.49,95.45,39,13.283668,0.0,-622.481,0.0,0,95.9591,15.66,5.308,0.0,True,24.5,0,0.0,0.0
google,1500,20,linear,True,False,10.0,0.4,0.3,0.3,0,0,UK,34,Consolidation,-,0,0.3333333333333333,E27,16.49,95.45,39,1.838618,86.1588,0.0,0.0,0,13.3091,2.1675,55.842,0.0,True,24.5,0,0.0,0.0
google,1500,20,linear,True,False,10.0,0.4,0.3,0.3,0,0,UK,34,Greedy(EDF+greenest),-,0,0.3333333333333333,E27,16.49,95.45,39,1.519061,88.5644,17.3803,0.0,0,12.9591,1.9774,63.018,0.0,True,25.0,0,0.0002,0.0
google,1500,20,linear,True,False,10.0,0.4,0.3,0.3,0,0,UK,33,WOA,random,1,0.3333333333333333,E27,16.49,95.45,39,1.624021,86.7861,4.4572,0.0,0,13.0091,2.1368,73.777,0.0,True,27.5,4840,3.1877,2.78
google,1500,20,linear,True,False,10.0,0.4,0.3,0.3,0,0,UK,33,WOA,random,2,0.3333333333333333,E27,16.49,95.45,39,1.632719,86.7154,3.9454,0.0,0,13.0591,2.133,72.155,0.0,True,28.0,4840,3.1832,2.62
google,1500,20,linear,True,False,10.0,0.4,0.3,0.3,0,0,UK,33,WOA,random,3,0.3333333333333333,E27,16.49,95.45,39,1.633907,86.7057,3.8756,0.0,0,13.0591,2.1616,75.179,0.0,True,27.5,4840,3.175,2.62
google,1500,20,linear,True,False,10.0,0.4,0.3,0.3,0,0,UK,33,WOA,random,4,0.3333333333333333,E27,16.49,95.45,39,1.623827,86.7877,4.4686,0.0,0,13.0091,2.1295,71.353,0.0,True,28.0,4840,3.1663,2.51
google,1500,20,linear,True,False,10.0,0.4,0.3,0.3,0,0,UK,33,WOA,random,5,0.3333333333333333,E27,16.49,95.45,39,1.622829,86.7958,4.5273,0.0,0,12.8591,2.1064,77.98,0.0,True,28.0,4840,3.1999,2.43
google,1500,20,linear,True,False,10.0,0.4,0.3,0.3,0,0,UK,33,WOA,random,6,0.3333333333333333,E27,16.49,95.45,39,1.626217,86.7683,4.328,0.0,0,12.9591,2.139,75.53,0.0,True,28.0,4840,3.147,2.57
google,1500,20,linear,True,False,10.0,0.4,0.3,0.3,0,0,UK,33,WOA,random,7,0.3333333333333333,E27,16.49,95.45,39,1.635167,86.6954,3.8014,0.0,0,13.0091,2.1471,76.36,0.0,True,27.0,4840,3.1655,2.7
google,1500,20,linear,True,False,10.0,0.4,0.3,0.3,0,0,UK,33,WOA,random,8,0.3333333333333333,E27,16.49,95.45,39,1.633825,86.7064,3.8804,0.0,0,12.9091,2.1287,76.908,0.0,True,26.0,4840,3.1445,2.58
google,1500,20,linear,True,False,10.0,0.4,0.3,0.3,0,0,UK,33,WOA,random,9,0.3333333333333333,E27,16.49,95.45,39,1.626854,86.7631,4.2905,0.0,0,12.9591,2.1437,75.905,0.0,True,28.0,4840,3.1914,2.53
google,1500,20,linear,True,False,10.0,0.4,0.3,0.3,0,0,UK,33,WOA,random,10,0.3333333333333333,E27,16.49,95.45,39,1.633256,86.711,3.9139,0.0,0,13.0591,2.1439,72.562,0.0,True,27.5,4840,3.2177,2.63
google,1500,20,linear,True,False,10.0,0.4,0.3,0.3,0,0,UK,33,WOA,carbon,1,0.3333333333333333,E27,16.49,95.45,39,1.444334,88.2482,15.0284,0.0,0,13.0091,2.0288,61.092,0.0,True,28.5,4840,3.169,2.57
google,1500,20,linear,True,False,10.0,0.4,0.3,0.3,0,0,UK,33,WOA,carbon,2,0.3333333333333333,E27,16.49,95.45,39,1.46417,88.0868,13.8614,0.0,0,13.0591,2.0363,61.46,0.0,True,28.5,4840,3.1844,2.62
google,1500,20,linear,True,False,10.0,0.4,0.3,0.3,0,0,UK,33,WOA,carbon,3,0.3333333333333333,E27,16.49,95.45,39,1.463826,88.0896,13.8816,0.0,0,13.0091,2.0449,62.373,0.0,True,28.5,4840,3.1731,2.44
google,1500,20,linear,True,False,10.0,0.4,0.3,0.3,0,0,UK,33,WOA,carbon,4,0.3333333333333333,E27,16.49,95.45,39,1.44459,88.2461,15.0133,0.0,0,12.9091,2.023,64.553,0.0,True,28.0,4840,3.1421,2.49
google,1500,20,linear,True,False,10.0,0.4,0.3,0.3,0,0,UK,33,WOA,carbon,5,0.3333333333333333,E27,16.49,95.45,39,1.459634,88.1237,14.1282,0.0,0,13.0091,2.0369,60.874,0.0,True,28.0,4840,3.1816,2.58
google,1500,20,linear,True,False,10.0,0.4,0.3,0.3,0,0,UK,33,WOA,carbon,6,0.3333333333333333,E27,16.49,95.45,39,1.458912,88.1296,14.1707,0.0,0,13.0091,2.0288,61.234,0.0,True,28.5,4840,3.1669,2.43
google,1500,10,linear,True,False,10.0,0.4,0.3,0.3,0,0,UK,34,Threshold(WaitAwhile),-,0,0.3333333333333333,E27,16.49,95.45,39,1.524564,88.523,17.081,0.0,0,13.0091,1.9849,61.368,7.4365,False,24.5,0,0.022,0.0
google,1500,10,linear,True,False,10.0,0.4,0.3,0.3,0,0,UK,34,WOA,random,1,0.3333333333333333,E27,16.49,95.45,39,1.624001,87.7745,11.6728,0.0,0,13.1591,2.1726,70.898,0.0,True,28.0,4840,3.1963,2.48
google,1500,10,linear,True,False,10.0,0.4,0.3,0.3,0,0,UK,34,WOA,random,2,0.3333333333333333,E27,16.49,95.45,39,1.602206,87.9385,12.8581,0.0,0,13.0091,2.1477,74.215,0.0,True,28.0,4840,3.2078,2.44
google,1500,10,linear,True,False,10.0,0.4,0.3,0.3,0,0,UK,34,WOA,random,3,0.3333333333333333,E27,16.49,95.45,39,1.607338,87.8999,12.579,0.0,0,13.1091,2.1627,72.499,0.0,True,27.5,4840,3.1923,2.56
google,1500,10,linear,True,False,10.0,0.4,0.3,0.3,0,0,UK,34,WOA,random,4,0.3333333333333333,E27,16.49,95.45,39,1.617424,87.824,12.0305,0.0,0,13.0591,2.173,73.725,0.0,True,28.5,4840,3.1921,2.48
google,1500,10,linear,True,False,10.0,0.4,0.3,0.3,0,0,UK,34,WOA,random,5,0.3333333333333333,E27,16.49,95.45,39,1.630029,87.7291,11.3449,0.0,0,13.2591,2.1932,70.252,0.0,True,28.0,4840,3.2242,2.41
google,1500,10,linear,True,False,10.0,0.4,0.3,0.3,0,0,UK,34,WOA,random,6,0.3333333333333333,E27,16.49,95.45,39,1.621434,87.7938,11.8124,0.0,0,13.1091,2.1702,71.643,0.0,True,28.0,4840,3.1823,2.44
google,1500,10,linear,True,False,10.0,0.4,0.3,0.3,0,0,UK,34,WOA,random,7,0.3333333333333333,E27,16.49,95.45,39,1.614693,87.8445,12.179,0.0,0,13.1091,2.1691,70.429,0.0,True,28.5,4840,3.1917,2.49
google,1500,20,linear,True,False,10.0,0.4,0.3,0.3,0,0,UK,34,VCC(Google),-,0,0.3333333333333333,E27,16.49,95.45,39,1.83201,86.2086,0.3594,0.0,0,13.2591,2.16,59.142,0.0,True,24.5,0,0.0049,0.0
google,1500,20,linear,True,False,10.0,0.4,0.3,0.3,0,0,UK,34,Threshold(WaitAwhile),-,0,0.3333333333333333,E27,16.49,95.45,39,1.524564,88.523,17.081,0.0,0,13.0091,1.9849,61.368,0.0,True,24.5,0,0.0215,0.0
google,1500,20,linear,True,False,10.0,0.4,0.3,0.3,0,0,UK,34,WOA,random,1,0.3333333333333333,E27,16.49,95.45,39,1.571824,88.1672,14.5106,0.0,0,13.1591,2.1788,61.739,0.0,True,28.5,4840,3.1944,2.45
google,1500,20,linear,True,False,10.0,0.4,0.3,0.3,0,0,UK,34,WOA,random,2,0.3333333333333333,E27,16.49,95.45,39,1.57358,88.154,14.4151,0.0,0,13.1591,2.1794,59.223,0.0,True,28.5,4840,3.1557,2.88
google,1500,20,linear,True,False,10.0,0.4,0.3,0.3,0,0,UK,34,WOA,random,3,0.3333333333333333,E27,16.49,95.45,39,1.574682,88.1457,14.3551,0.0,0,13.2091,2.188,59.63,0.0,True,28.5,4840,3.1405,2.54
google,1500,20,linear,True,False,10.0,0.4,0.3,0.3,0,0,UK,34,WOA,random,4,0.3333333333333333,E27,16.49,95.45,39,1.577214,88.1267,14.2174,0.0,0,13.1091,2.1666,60.438,0.0,True,28.5,4840,3.1571,2.7
google,1500,20,linear,True,False,10.0,0.4,0.3,0.3,0,0,UK,34,WOA,random,5,0.3333333333333333,E27,16.49,95.45,39,1.564964,88.2189,14.8837,0.0,0,13.0591,2.1422,64.493,0.0,True,28.0,4840,3.1702,2.47
google,1500,20,linear,True,False,10.0,0.4,0.3,0.3,0,0,UK,34,WOA,random,6,0.3333333333333333,E27,16.49,95.45,39,1.578918,88.1138,14.1248,0.0,0,13.2091,2.1932,60.846,0.0,True,28.0,4840,3.1576,2.58
google,1500,10,linear,True,False,10.0,0.4,0.3,0.3,0,0,UK,35,Greedy(EDF+greenest),-,0,0.3333333333333333,E27,16.49,95.45,39,1.086184,87.8772,13.4733,0.0,0,12.8091,1.9988,63.331,18.5595,False,24.5,0,0.0002,0.0
google,1500,10,linear,True,False,10.0,0.4,0.3,0.3,0,0,UK,35,VCC(Google),-,0,0.3333333333333333,E27,16.49,95.45,39,1.251323,86.0341,0.3181,0.0,0,13.2091,2.1525,59.398,0.0,True,24.5,0,0.0045,0.0
google,1500,10,linear,True,False,10.0,0.4,0.3,0.3,0,0,UK,35,Threshold(WaitAwhile),-,0,0.3333333333333333,E27,16.49,95.45,39,1.190472,86.7132,5.1656,0.0,0,13.0591,2.0363,59.228,8.9738,False,24.5,0,0.0207,0.0
google,1500,10,linear,True,False,10.0,0.4,0.3,0.3,0,0,UK,35,WOA,random,1,0.3333333333333333,E27,16.49,95.45,39,1.196774,86.6429,4.6636,0.0,0,12.7591,2.0976,81.415,0.0,True,24.5,4840,3.3412,2.49
google,1500,10,linear,True,False,10.0,0.4,0.3,0.3,0,0,UK,35,WOA,random,2,0.3333333333333333,E27,16.49,95.45,39,1.218721,86.3979,2.9153,0.0,0,12.9591,2.1334,74.307,0.0,True,26.0,4840,3.3393,2.74
google,1500,10,linear,True,False,10.0,0.4,0.3,0.3,0,0,UK,35,WOA,random,3,0.3333333333333333,E27,16.49,95.45,39,1.205422,86.5464,3.9747,0.0,0,12.8591,2.0916,80.179,0.0,True,25.0,4840,3.3528,2.48
google,1500,10,linear,True,False,10.0,0.4,0.3,0.3,0,0,UK,35,WOA,random,4,0.3333333333333333,E27,16.49,95.45,39,1.212685,86.4653,3.3961,0.0,0,12.9091,2.1124,75.007,0.0,True,25.5,4840,3.3377,2.5
google,1500,10,linear,True,False,10.0,0.4,0.3,0.3,0,0,UK,35,WOA,random,5,0.3333333333333333,E27,16.49,95.45,39,1.213366,86.4577,3.3419,0.0,0,12.9091,2.1237,74.864,0.0,True,25.0,4840,3.3552,2.52
google,1500,10,linear,True,False,10.0,0.4,0.3,0.3,0,0,UK,34,WOA,random,8,0.3333333333333333,E27,16.49,95.45,39,1.603991,87.9251,12.7611,0.0,0,13.0091,2.1443,74.463,0.0,True,28.0,4840,3.2198,2.45
google,1500,10,linear,True,False,10.0,0.4,0.3,0.3,0,0,UK,34,WOA,random,9,0.3333333333333333,E27,16.49,95.45,39,1.610148,87.8787,12.4262,0.0,0,13.1091,2.1604,70.692,0.0,True,28.0,4840,3.238,2.41
google,1500,10,linear,True,False,10.0,0.4,0.3,0.3,0,0,UK,34,WOA,random,10,0.3333333333333333,E27,16.49,95.45,39,1.612873,87.8582,12.278,0.0,0,13.1591,2.1754,72.493,0.0,True,28.0,4840,3.229,2.57
google,1500,10,linear,True,False,10.0,0.4,0.3,0.3,0,0,UK,34,WOA,carbon,1,0.3333333333333333,E27,16.49,95.45,39,1.566146,88.21,14.8194,0.0,0,13.2091,2.1364,65.565,0.0,True,27.5,4840,3.2129,2.34
google,1500,10,linear,True,False,10.0,0.4,0.3,0.3,0,0,UK,34,WOA,carbon,2,0.3333333333333333,E27,16.49,95.45,39,1.583181,88.0817,13.8929,0.0,0,13.2591,2.1473,65.483,0.0,True,28.5,4840,3.2163,2.33
google,1500,10,linear,True,False,10.0,0.4,0.3,0.3,0,0,UK,34,WOA,carbon,3,0.3333333333333333,E27,16.49,95.45,39,1.594096,87.9996,13.2992,0.0,0,13.1591,2.2096,65.58,0.0,True,28.5,4840,3.2051,2.51
google,1500,10,linear,True,False,10.0,0.4,0.3,0.3,0,0,UK,34,WOA,carbon,4,0.3333333333333333,E27,16.49,95.45,39,1.53987,88.4078,16.2485,0.0,0,12.9091,2.0101,72.301,0.0,True,25.0,4840,3.2039,2.67
google,1500,10,linear,True,False,10.0,0.4,0.3,0.3,0,0,UK,34,WOA,carbon,5,0.3333333333333333,E27,16.49,95.45,39,1.58539,88.0651,13.7728,0.0,0,13.2591,2.1479,66.369,0.0,True,28.5,4840,3.2015,2.33
google,1500,20,linear,True,False,10.0,0.4,0.3,0.3,0,0,UK,34,WOA,carbon,5,0.3333333333333333,E27,16.49,95.45,39,1.499782,88.7096,18.4288,0.0,0,12.8091,1.9549,65.113,0.0,True,25.0,4840,3.1529,2.57
google,1500,20,linear,True,False,10.0,0.4,0.3,0.3,0,0,UK,34,WOA,carbon,6,0.3333333333333333,E27,16.49,95.45,39,1.493914,88.7538,18.748,0.0,0,12.7091,1.9399,69.612,0.0,True,24.5,4840,3.147,2.39
google,1500,20,linear,True,False,10.0,0.4,0.3,0.3,0,0,UK,34,WOA,carbon,7,0.3333333333333333,E27,16.49,95.45,39,1.50049,88.7042,18.3904,0.0,0,12.8091,1.9549,65.958,0.0,True,25.0,4840,3.1671,2.54
google,1500,20,linear,True,False,10.0,0.4,0.3,0.3,0,0,UK,34,WOA,carbon,8,0.3333333333333333,E27,16.49,95.45,39,1.498169,88.7217,18.5166,0.0,0,12.7591,1.9474,68.107,0.0,True,25.0,4840,3.1233,2.4
google,1500,20,linear,True,False,10.0,0.4,0.3,0.3,0,0,UK,34,WOA,carbon,9,0.3333333333333333,E27,16.49,95.45,39,1.498661,88.718,18.4898,0.0,0,12.7591,1.9474,66.936,0.0,True,25.0,4840,3.1828,2.34
google,1500,20,linear,True,False,10.0,0.4,0.3,0.3,0,0,UK,34,WOA,carbon,10,0.3333333333333333,E27,16.49,95.45,39,1.498911,88.7161,18.4762,0.0,0,12.7591,1.9474,70.064,0.0,True,25.0,4840,3.1772,2.37
google,1500,10,linear,True,False,10.0,0.4,0.3,0.3,0,0,UK,35,FIFO,-,0,0.3333333333333333,E27,16.49,95.45,39,8.959817,0.0,-613.7495,0.0,0,95.9591,15.66,5.308,8.9738,False,24.5,0,0.0,0.0
google,1500,10,linear,True,False,10.0,0.4,0.3,0.3,0,0,UK,35,Consolidation,-,0,0.3333333333333333,E27,16.49,95.45,39,1.255317,85.9895,0.0,0.0,0,13.3091,2.1675,55.842,8.9738,False,24.5,0,0.0,0.0
google,1500,10,linear,True,False,10.0,0.4,0.3,0.3,0,0,UK,36,FIFO,-,0,0.3333333333333333,E27,16.49,95.45,39,12.448247,0.0,-606.8059,0.0,0,95.9591,15.66,5.308,8.9738,False,24.5,0,0.0,0.0
google,1500,10,linear,True,False,10.0,0.4,0.3,0.3,0,0,UK,36,Consolidation,-,0,0.3333333333333333,E27,16.49,95.45,39,1.761197,85.8518,0.0,0.0,0,13.3091,2.1675,55.842,8.9738,False,24.5,0,0.0,0.0
google,1500,10,linear,True,False,10.0,0.4,0.3,0.3,0,0,UK,36,Greedy(EDF+greenest),-,0,0.3333333333333333,E27,16.49,95.45,39,1.475627,88.1459,16.2146,0.0,0,12.8091,2.0749,66.812,16.9216,False,26.5,0,0.0002,0.0
google,1500,10,linear,True,False,10.0,0.4,0.3,0.3,0,0,UK,36,VCC(Google),-,0,0.3333333333333333,E27,16.49,95.45,39,1.740857,86.0152,1.1549,0.0,0,13.2591,2.16,61.22,0.0,True,24.5,0,0.0053,0.0
google,1500,10,linear,True,False,10.0,0.4,0.3,0.3,0,0,UK,36,Threshold(WaitAwhile),-,0,0.3333333333333333,E27,16.49,95.45,39,1.609971,87.0667,8.5866,0.0,0,12.8091,2.0749,66.259,18.2548,False,26.5,0,0.0208,0.0
google,1500,10,linear,True,False,10.0,0.4,0.3,0.3,0,0,UK,36,WOA,random,1,0.3333333333333333,E27,16.49,95.45,39,1.67336,86.5575,4.9874,0.0,0,13.0091,2.1347,77.207,0.0,True,27.0,4840,3.1902,2.5
google,1500,10,linear,True,False,10.0,0.4,0.3,0.3,0,0,UK,36,WOA,random,2,0.3333333333333333,E27,16.49,95.45,39,1.687092,86.4471,4.2077,0.0,0,13.1591,2.169,73.033,0.0,True,28.0,4840,3.1982,2.35
google,1500,10,linear,True,False,10.0,0.4,0.3,0.3,0,0,UK,36,WOA,random,3,0.3333333333333333,E27,16.49,95.45,39,1.641416,86.8141,6.8012,0.0,0,12.8591,2.1053,77.303,0.0,True,27.0,4840,3.1791,2.7
google,1500,20,linear,True,False,10.0,0.4,0.3,0.3,0,0,UK,35,Consolidation,-,0,0.3333333333333333,E27,16.49,95.45,39,1.255317,85.9895,0.0,0.0,0,13.3091,2.1675,55.842,0.0,True,24.5,0,0.0,0.0
google,1500,20,linear,True,False,10.0,0.4,0.3,0.3,0,0,UK,35,Greedy(EDF+greenest),-,0,0.3333333333333333,E27,16.49,95.45,39,1.086184,87.8772,13.4733,0.0,0,12.8091,1.9988,63.331,0.8379,False,24.5,0,0.0002,0.0
google,1500,20,linear,True,False,10.0,0.4,0.3,0.3,0,0,UK,35,VCC(Google),-,0,0.3333333333333333,E27,16.49,95.45,39,1.255317,85.9895,0.0,0.0,0,13.3091,2.1675,55.842,0.0,True,24.5,0,0.0046,0.0
google,1500,20,linear,True,False,10.0,0.4,0.3,0.3,0,0,UK,35,Threshold(WaitAwhile),-,0,0.3333333333333333,E27,16.49,95.45,39,1.190472,86.7132,5.1656,0.0,0,13.0591,2.0363,59.228,0.0,True,24.5,0,0.0202,0.0
google,1500,20,linear,True,False,10.0,0.4,0.3,0.3,0,0,UK,35,WOA,random,1,0.3333333333333333,E27,16.49,95.45,39,1.196838,86.6422,4.6585,0.0,0,12.7591,2.0976,81.471,0.0,True,24.5,4840,3.3866,2.64
google,1500,20,linear,True,False,10.0,0.4,0.3,0.3,0,0,UK,35,WOA,random,2,0.3333333333333333,E27,16.49,95.45,39,1.21398,86.4508,3.2929,0.0,0,12.9091,2.1254,75.08,0.0,True,26.0,4840,3.3078,2.55
google,1500,20,linear,True,False,10.0,0.4,0.3,0.3,0,0,UK,35,WOA,random,3,0.3333333333333333,E27,16.49,95.45,39,1.210838,86.4859,3.5432,0.0,0,12.9091,2.1068,75.208,0.0,True,24.5,4840,3.3253,2.62
google,1500,20,linear,True,False,10.0,0.4,0.3,0.3,0,0,UK,35,WOA,random,4,0.3333333333333333,E27,16.49,95.45,39,1.205532,86.5451,3.9659,0.0,0,12.8591,2.1032,74.293,0.0,True,24.5,4840,3.3202,2.56
google,1500,20,linear,True,False,10.0,0.4,0.3,0.3,0,0,UK,34,WOA,random,7,0.3333333333333333,E27,16.49,95.45,39,1.577557,88.1241,14.1988,0.0,0,13.1591,2.1799,60.979,0.0,True,28.5,4840,3.1858,2.62
google,1500,20,linear,True,False,10.0,0.4,0.3,0.3,0,0,UK,34,WOA,random,8,0.3333333333333333,E27,16.49,95.45,39,1.576708,88.1305,14.245,0.0,0,13.1591,2.1741,59.879,0.0,True,28.0,4840,3.1474,2.55
google,1500,20,linear,True,False,10.0,0.4,0.3,0.3,0,0,UK,34,WOA,random,9,0.3333333333333333,E27,16.49,95.45,39,1.577949,88.1211,14.1775,0.0,0,13.1091,2.1799,64.971,0.0,True,28.0,4840,3.1803,2.54
google,1500,20,linear,True,False,10.0,0.4,0.3,0.3,0,0,UK,34,WOA,random,10,0.3333333333333333,E27,16.49,95.45,39,1.590689,88.0252,13.4845,0.0,0,13.3091,2.2052,55.842,0.0,True,28.5,4840,3.1738,2.27
google,1500,20,linear,True,False,10.0,0.4,0.3,0.3,0,0,UK,34,WOA,carbon,1,0.3333333333333333,E27,16.49,95.45,39,1.496611,88.7335,18.6013,0.0,0,12.6591,1.9324,71.769,0.0,True,24.5,4840,3.1388,2.54
google,1500,20,linear,True,False,10.0,0.4,0.3,0.3,0,0,UK,34,WOA,carbon,2,0.3333333333333333,E27,16.49,95.45,39,1.492414,88.765,18.8296,0.0,0,12.7591,1.9474,66.708,0.0,True,25.0,4840,3.1605,2.48
google,1500,20,linear,True,False,10.0,0.4,0.3,0.3,0,0,UK,34,WOA,carbon,3,0.3333333333333333,E27,16.49,95.45,39,1.494897,88.7464,18.6945,0.0,0,12.7591,1.9474,68.027,0.0,True,25.0,4840,3.1628,2.39
google,1500,20,linear,True,False,10.0,0.4,0.3,0.3,0,0,UK,34,WOA,carbon,4,0.3333333333333333,E27,16.49,95.45,39,1.493275,88.7586,18.7828,0.0,0,12.7591,1.9474,68.118,0.0,True,24.5,4840,3.1123,2.59
google,1500,20,linear,True,False,10.0,0.4,0.3,0.3,0,0,UK,36,WOA,carbon,9,0.3333333333333333,E27,16.49,95.45,39,1.49141,88.0191,15.3184,0.0,0,12.7591,2.0749,72.099,0.0,True,26.5,4840,3.1573,2.48
google,1500,20,linear,True,False,10.0,0.4,0.3,0.3,0,0,UK,36,WOA,carbon,10,0.3333333333333333,E27,16.49,95.45,39,1.505955,87.9023,14.4925,0.0,0,12.9091,2.0974,68.977,0.0,True,26.5,4840,3.2272,2.5
google,1500,10,linear,True,False,10.0,0.4,0.3,0.3,0,0,UK,36,WOA,carbon,10,0.3333333333333333,E27,16.49,95.45,39,1.505665,87.9046,14.509,0.0,0,12.8091,2.0899,73.091,0.0,True,27.5,4840,3.3445,2.57
google,1500,20,linear,True,False,10.0,0.4,0.3,0.3,0,0,UK,36,FIFO,-,0,0.3333333333333333,E27,16.49,95.45,39,12.448247,0.0,-606.8059,0.0,0,95.9591,15.66,5.308,0.0,True,24.5,0,0.0,0.0
google,1500,20,linear,True,False,10.0,0.4,0.3,0.3,0,0,UK,36,Consolidation,-,0,0.3333333333333333,E27,16.49,95.45,39,1.761197,85.8518,0.0,0.0,0,13.3091,2.1675,55.842,0.0,True,24.5,0,0.0,0.0
google,1500,20,linear,True,False,10.0,0.4,0.3,0.3,0,0,UK,36,Greedy(EDF+greenest),-,0,0.3333333333333333,E27,16.49,95.45,39,1.475627,88.1459,16.2146,0.0,0,12.8091,2.0749,66.812,0.7331,False,26.5,0,0.0002,0.0
google,1500,20,linear,True,False,10.0,0.4,0.3,0.3,0,0,UK,36,VCC(Google),-,0,0.3333333333333333,E27,16.49,95.45,39,1.750158,85.9405,0.6268,0.0,0,13.2591,2.16,58.589,0.0,True,24.5,0,0.0048,0.0
google,1500,20,linear,True,False,10.0,0.4,0.3,0.3,0,0,UK,36,Threshold(WaitAwhile),-,0,0.3333333333333333,E27,16.49,95.45,39,1.609971,87.0667,8.5866,0.0,0,12.8091,2.0749,66.259,0.338,False,26.5,0,0.0208,0.0
google,1500,20,linear,True,False,10.0,0.4,0.3,0.3,0,0,UK,36,WOA,random,1,0.3333333333333333,E27,16.49,95.45,39,1.648989,86.7532,6.3711,0.0,0,12.9591,2.1226,75.936,0.0,True,27.5,4840,3.307,2.8
google,1500,20,linear,True,False,10.0,0.4,0.3,0.3,0,0,UK,36,WOA,random,2,0.3333333333333333,E27,16.49,95.45,39,1.662481,86.6449,5.6051,0.0,0,13.0591,2.1325,75.159,0.0,True,27.0,4840,3.3689,2.66
google,1500,10,linear,True,False,10.0,0.4,0.3,0.3,0,0,UK,35,WOA,carbon,4,0.3333333333333333,E27,16.49,95.45,39,1.206209,86.5376,3.912,0.0,0,12.9591,2.1114,72.607,0.0,True,25.0,4840,3.1604,2.54
google,1500,10,linear,True,False,10.0,0.4,0.3,0.3,0,0,UK,35,WOA,carbon,5,0.3333333333333333,E27,16.49,95.45,39,1.200491,86.6014,4.3674,0.0,0,12.8591,2.1076,79.588,0.0,True,24.5,4840,3.1424,2.57
google,1500,10,linear,True,False,10.0,0.4,0.3,0.3,0,0,UK,35,WOA,carbon,6,0.3333333333333333,E27,16.49,95.45,39,1.21947,86.3896,2.8556,0.0,0,12.9591,2.1494,77.844,0.0,True,27.0,4840,3.142,2.36
google,1500,10,linear,True,False,10.0,0.4,0.3,0.3,0,0,UK,35,WOA,carbon,7,0.3333333333333333,E27,16.49,95.45,39,1.202705,86.5767,4.1911,0.0,0,13.0091,2.1563,74.509,0.0,True,25.5,4840,3.1794,2.6
google,1500,10,linear,True,False,10.0,0.4,0.3,0.3,0,0,UK,35,WOA,carbon,8,0.3333333333333333,E27,16.49,95.45,39,1.198639,86.6221,4.515,0.0,0,12.9591,2.0912,73.764,0.0,True,26.0,4840,3.1325,2.55
google,1500,10,linear,True,False,10.0,0.4,0.3,0.3,0,0,UK,35,WOA,carbon,9,0.3333333333333333,E27,16.49,95.45,39,1.184094,86.7844,5.6737,0.0,0,13.0591,2.0991,71.986,0.0,True,28.0,4840,3.2165,2.66
google,1500,10,linear,True,False,10.0,0.4,0.3,0.3,0,0,UK,35,WOA,carbon,10,0.3333333333333333,E27,16.49,95.45,39,1.179472,86.836,6.0418,0.0,0,12.8591,2.0886,77.197,0.0,True,25.0,4840,3.0005,2.71
google,1500,20,linear,True,False,10.0,0.4,0.3,0.3,0,0,UK,35,FIFO,-,0,0.3333333333333333,E27,16.49,95.45,39,8.959817,0.0,-613.7495,0.0,0,95.9591,15.66,5.308,0.0,True,24.5,0,0.0,0.0
google,1500,10,linear,True,False,10.0,0.4,0.3,0.3,0,0,UK,35,WOA,random,6,0.3333333333333333,E27,16.49,95.45,39,1.214949,86.44,3.2158,0.0,0,12.9091,2.121,74.799,0.0,True,25.0,4840,3.3708,2.49
google,1500,10,linear,True,False,10.0,0.4,0.3,0.3,0,0,UK,35,WOA,random,7,0.3333333333333333,E27,16.49,95.45,39,1.209016,86.5062,3.6884,0.0,0,12.8591,2.118,74.59,0.0,True,24.5,4840,3.3505,2.52
google,1500,10,linear,True,False,10.0,0.4,0.3,0.3,0,0,UK,35,WOA,random,8,0.3333333333333333,E27,16.49,95.45,39,1.222678,86.3538,2.6001,0.0,0,13.0091,2.1371,71.912,0.0,True,25.5,4840,3.3483,2.48
google,1500,10,linear,True,False,10.0,0.4,0.3,0.3,0,0,UK,35,WOA,random,9,0.3333333333333333,E27,16.49,95.45,39,1.211503,86.4785,3.4902,0.0,0,12.9091,2.1135,74.495,0.0,True,25.0,4840,3.379,2.48
google,1500,10,linear,True,False,10.0,0.4,0.3,0.3,0,0,UK,35,WOA,random,10,0.3333333333333333,E27,16.49,95.45,39,1.215993,86.4284,3.1326,0.0,0,12.9091,2.1131,74.538,0.0,True,26.5,4840,3.3883,2.47
google,1500,10,linear,True,False,10.0,0.4,0.3,0.3,0,0,UK,35,WOA,carbon,1,0.3333333333333333,E27,16.49,95.45,39,1.202215,86.5821,4.2301,0.0,0,12.9091,2.0952,76.799,0.0,True,25.0,4840,3.3084,2.48
google,1500,10,linear,True,False,10.0,0.4,0.3,0.3,0,0,UK,35,WOA,carbon,2,0.3333333333333333,E27,16.49,95.45,39,1.20924,86.5037,3.6705,0.0,0,12.9091,2.1224,74.56,0.0,True,26.5,4840,3.4105,2.43
google,1500,10,linear,True,False,10.0,0.4,0.3,0.3,0,0,UK,35,WOA,carbon,3,0.3333333333333333,E27,16.49,95.45,39,1.208126,86.5162,3.7592,0.0,0,12.9091,2.1062,74.941,0.0,True,25.0,4840,2.8134,2.54
google,1500,20,linear,True,False,10.0,0.4,0.3,0.3,0,0,UK,35,WOA,random,5,0.3333333333333333,E27,16.49,95.45,39,1.222466,86.3561,2.6169,0.0,0,13.0591,2.1434,71.304,0.0,True,25.0,4840,3.2055,2.42
google,1500,20,linear,True,False,10.0,0.4,0.3,0.3,0,0,UK,35,WOA,random,6,0.3333333333333333,E27,16.49,95.45,39,1.212939,86.4625,3.3759,0.0,0,12.9091,2.1197,76.652,0.0,True,25.0,4840,3.1927,2.5
google,1500,20,linear,True,False,10.0,0.4,0.3,0.3,0,0,UK,35,WOA,random,7,0.3333333333333333,E27,16.49,95.45,39,1.213268,86.4588,3.3496,0.0,0,12.9091,2.1244,74.103,0.0,True,24.5,4840,3.2255,2.55
google,1500,20,linear,True,False,10.0,0.4,0.3,0.3,0,0,UK,35,WOA,random,8,0.3333333333333333,E27,16.49,95.45,39,1.215238,86.4368,3.1927,0.0,0,12.9091,2.1244,73.836,0.0,True,26.0,4840,3.153,2.71
google,1500,20,linear,True,False,10.0,0.4,0.3,0.3,0,0,UK,35,WOA,random,9,0.3333333333333333,E27,16.49,95.45,39,1.211533,86.4781,3.4878,0.0,0,12.9091,2.1141,74.447,0.0,True,25.0,4840,3.1327,2.51
google,1500,20,linear,True,False,10.0,0.4,0.3,0.3,0,0,UK,35,WOA,random,10,0.3333333333333333,E27,16.49,95.45,39,1.228064,86.2937,2.171,0.0,0,13.0591,2.1425,67.391,0.0,True,24.5,4840,3.1951,2.63
google,1500,20,linear,True,False,10.0,0.4,0.3,0.3,0,0,UK,35,WOA,carbon,1,0.3333333333333333,E27,16.49,95.45,39,1.090136,87.8331,13.1585,0.0,0,12.7091,1.9913,71.151,0.0,True,24.5,4840,2.5953,2.54
google,1500,20,linear,True,False,10.0,0.4,0.3,0.3,0,0,UK,35,WOA,carbon,2,0.3333333333333333,E27,16.49,95.45,39,1.084421,87.8968,13.6137,0.0,0,12.6591,1.9763,70.092,0.0,True,24.5,4840,2.5313,2.55
google,1500,20,linear,True,False,10.0,0.4,0.3,0.3,0,0,UK,35,WOA,carbon,3,0.3333333333333333,E27,16.49,95.45,39,1.095424,87.774,12.7373,0.0,0,12.7591,2.0091,70.389,0.0,True,24.5,4840,3.138,2.57
google,1500,20,linear,True,False,10.0,0.4,0.3,0.3,0,0,UK,35,WOA,carbon,4,0.3333333333333333,E27,16.49,95.45,39,1.091685,87.8158,13.0351,0.0,0,12.7591,2.0005,67.956,0.0,True,24.5,4840,3.1503,2.43
google,1500,20,linear,True,False,10.0,0.4,0.3,0.3,0,0,UK,35,WOA,carbon,5,0.3333333333333333,E27,16.49,95.45,39,1.101698,87.704,12.2374,0.0,0,12.7591,2.008,66.246,0.0,True,24.5,4840,3.1762,2.57
google,1500,20,linear,True,False,10.0,0.4,0.3,0.3,0,0,UK,35,WOA,carbon,6,0.3333333333333333,E27,16.49,95.45,39,1.09112,87.8221,13.0801,0.0,0,12.7091,1.9913,68.471,0.0,True,24.5,4840,3.1307,2.54
google,1500,20,linear,True,False,10.0,0.4,0.3,0.3,0,0,UK,35,WOA,carbon,7,0.3333333333333333,E27,16.49,95.45,39,1.09852,87.7395,12.4906,0.0,0,12.7591,2.0091,68.106,0.0,True,25.5,4840,3.174,2.5
google,1500,20,linear,True,False,10.0,0.4,0.3,0.3,0,0,UK,35,WOA,carbon,8,0.3333333333333333,E27,16.49,95.45,39,1.080191,87.9441,13.9507,0.0,0,12.7091,1.9838,68.202,0.0,True,24.5,4840,3.0942,2.47
google,1500,20,linear,True,False,10.0,0.4,0.3,0.3,0,0,UK,35,WOA,carbon,9,0.3333333333333333,E27,16.49,95.45,39,1.095046,87.7783,12.7674,0.0,0,12.7591,2.008,65.728,0.0,True,24.5,4840,2.5927,2.65
google,1500,20,linear,True,False,10.0,0.4,0.3,0.3,0,0,UK,35,WOA,carbon,10,0.3333333333333333,E27,16.49,95.45,39,1.08134,87.9312,13.8592,0.0,0,12.6591,1.9769,71.153,0.0,True,24.5,4840,2.5293,2.56
google,1500,10,linear,True,False,10.0,0.4,0.3,0.3,0,0,UK,36,WOA,random,4,0.3333333333333333,E27,16.49,95.45,39,1.677462,86.5245,4.7545,0.0,0,13.1091,2.1615,74.036,0.0,True,28.0,4840,3.1967,2.64
google,1500,10,linear,True,False,10.0,0.4,0.3,0.3,0,0,UK,36,WOA,random,5,0.3333333333333333,E27,16.49,95.45,39,1.666948,86.609,5.3515,0.0,0,13.0591,2.1552,72.299,0.0,True,28.0,4840,3.2062,2.57
google,1500,10,linear,True,False,10.0,0.4,0.3,0.3,0,0,UK,36,WOA,random,6,0.3333333333333333,E27,16.49,95.45,39,1.668179,86.5991,5.2815,0.0,0,12.9591,2.1248,77.315,0.0,True,26.5,4840,3.1527,2.5
google,1500,10,linear,True,False,10.0,0.4,0.3,0.3,0,0,UK,36,WOA,random,7,0.3333333333333333,E27,16.49,95.45,39,1.661849,86.6499,5.6409,0.0,0,12.9591,2.1636,76.694,0.0,True,27.0,4840,3.2243,2.47
google,1500,10,linear,True,False,10.0,0.4,0.3,0.3,0,0,UK,36,WOA,random,8,0.3333333333333333,E27,16.49,95.45,39,1.664837,86.6259,5.4713,0.0,0,12.9091,2.1349,78.305,0.0,True,27.5,4840,2.764,2.55
google,1500,10,linear,True,False,10.0,0.4,0.3,0.3,0,0,UK,36,WOA,random,9,0.3333333333333333,E27,16.49,95.45,39,1.681577,86.4915,4.5208,0.0,0,12.9591,2.1535,78.721,0.0,True,26.5,4840,2.5521,2.58
google,1500,10,linear,True,False,10.0,0.4,0.3,0.3,0,0,UK,36,WOA,random,10,0.3333333333333333,E27,16.49,95.45,39,1.664946,86.6251,5.4651,0.0,0,13.0591,2.1422,72.397,0.0,True,27.5,4840,2.4122,2.84
google,1500,10,linear,True,False,10.0,0.4,0.3,0.3,0,0,UK,36,WOA,carbon,1,0.3333333333333333,E27,16.49,95.45,39,1.527905,87.7259,13.2462,0.0,0,13.0591,2.1361,66.701,0.0,True,27.0,4840,2.2658,2.44
google,1500,10,linear,True,False,10.0,0.4,0.3,0.3,0,0,UK,36,WOA,carbon,2,0.3333333333333333,E27,16.49,95.45,39,1.515169,87.8283,13.9694,0.0,0,12.9591,2.1136,66.934,0.0,True,27.5,4840,3.1586,2.61
google,1500,10,linear,True,False,10.0,0.4,0.3,0.3,0,0,UK,36,WOA,carbon,3,0.3333333333333333,E27,16.49,95.45,39,1.51601,87.8215,13.9217,0.0,0,12.9591,2.128,67.153,0.0,True,27.0,4840,3.1603,2.55
google,1500,10,linear,True,False,10.0,0.4,0.3,0.3,0,0,UK,36,WOA,carbon,4,0.3333333333333333,E27,16.49,95.45,39,1.512144,87.8526,14.1412,0.0,0,12.9091,2.1049,69.594,0.0,True,26.5,4840,3.0856,2.51
google,1500,10,linear,True,False,10.0,0.4,0.3,0.3,0,0,UK,36,WOA,carbon,5,0.3333333333333333,E27,16.49,95.45,39,1.489995,88.0305,15.3987,0.0,0,12.7591,2.0852,72.233,0.0,True,27.0,4840,3.2158,2.56
google,1500,10,linear,True,False,10.0,0.4,0.3,0.3,0,0,UK,36,WOA,carbon,6,0.3333333333333333,E27,16.49,95.45,39,1.514503,87.8336,14.0072,0.0,0,12.9591,2.1049,68.34,0.0,True,27.0,4840,2.6471,2.59
google,1500,10,linear,True,False,10.0,0.4,0.3,0.3,0,0,UK,36,WOA,carbon,7,0.3333333333333333,E27,16.49,95.45,39,1.525471,87.7455,13.3844,0.0,0,12.9091,2.1055,67.931,0.0,True,27.0,4840,2.519,2.73
google,1500,10,linear,True,False,10.0,0.4,0.3,0.3,0,0,UK,36,WOA,carbon,8,0.3333333333333333,E27,16.49,95.45,39,1.480527,88.1065,15.9364,0.0,0,12.7091,2.0674,74.307,0.0,True,27.0,4840,2.3439,2.49
google,1500,10,linear,True,False,10.0,0.4,0.3,0.3,0,0,UK,36,WOA,carbon,9,0.3333333333333333,E27,16.49,95.45,39,1.519463,87.7938,13.7256,0.0,0,12.9591,2.1222,67.398,0.0,True,27.0,4840,2.2619,2.53
google,1500,20,linear,True,False,10.0,0.4,0.3,0.3,0,0,UK,36,WOA,carbon,1,0.3333333333333333,E27,16.49,95.45,39,1.498056,87.9657,14.9411,0.0,0,12.8591,2.0899,71.833,0.0,True,27.0,4840,3.1566,2.66
google,1500,20,linear,True,False,10.0,0.4,0.3,0.3,0,0,UK,36,WOA,carbon,2,0.3333333333333333,E27,16.49,95.45,39,1.505074,87.9094,14.5426,0.0,0,12.8591,2.1066,70.187,0.0,True,27.0,4840,3.1627,2.4
google,1500,20,linear,True,False,10.0,0.4,0.3,0.3,0,0,UK,36,WOA,carbon,3,0.3333333333333333,E27,16.49,95.45,39,1.50556,87.9055,14.515,0.0,0,12.9091,2.113,68.006,0.0,True,26.5,4840,3.0817,2.51
google,1500,20,linear,True,False,10.0,0.4,0.3,0.3,0,0,UK,36,WOA,carbon,4,0.3333333333333333,E27,16.49,95.45,39,1.501773,87.9359,14.73,0.0,0,12.8091,2.0939,70.192,0.0,True,27.0,4840,2.5702,2.46
google,1500,20,linear,True,False,10.0,0.4,0.3,0.3,0,0,UK,36,WOA,carbon,5,0.3333333333333333,E27,16.49,95.45,39,1.493409,88.0031,15.2049,0.0,0,12.8091,2.0922,71.029,0.0,True,27.0,4840,2.5193,2.63
google,1500,20,linear,True,False,10.0,0.4,0.3,0.3,0,0,UK,36,WOA,carbon,6,0.3333333333333333,E27,16.49,95.45,39,1.507465,87.8901,14.4068,0.0,0,12.8591,2.0899,71.154,0.0,True,27.0,4840,2.2735,2.51
google,1500,20,linear,True,False,10.0,0.4,0.3,0.3,0,0,UK,36,WOA,carbon,7,0.3333333333333333,E27,16.49,95.45,39,1.489767,88.0323,15.4117,0.0,0,12.7591,2.0749,73.033,0.0,True,26.5,4840,2.2041,2.52
google,1500,20,linear,True,False,10.0,0.4,0.3,0.3,0,0,UK,36,WOA,carbon,8,0.3333333333333333,E27,16.49,95.45,39,1.512056,87.8533,14.1461,0.0,0,12.9591,2.1049,68.529,0.0,True,26.5,4840,2.1043,2.39
google,1500,20,linear,True,False,10.0,0.4,0.3,0.3,0,0,UK,36,WOA,random,3,0.3333333333333333,E27,16.49,95.45,39,1.675769,86.5381,4.8506,0.0,0,12.9591,2.1203,77.282,0.0,True,26.5,4840,3.1974,2.51
google,1500,20,linear,True,False,10.0,0.4,0.3,0.3,0,0,UK,36,WOA,random,4,0.3333333333333333,E27,16.49,95.45,39,1.677117,86.5273,4.774,0.0,0,13.1091,2.1651,71.52,0.0,True,27.0,4840,3.171,2.44
google,1500,20,linear,True,False,10.0,0.4,0.3,0.3,0,0,UK,36,WOA,random,5,0.3333333333333333,E27,16.49,95.45,39,1.675833,86.5376,4.847,0.0,0,13.0591,2.1616,74.172,0.0,True,27.5,4840,3.2797,2.46
google,1500,20,linear,True,False,10.0,0.4,0.3,0.3,0,0,UK,36,WOA,random,6,0.3333333333333333,E27,16.49,95.45,39,1.657792,86.6825,5.8713,0.0,0,12.8591,2.1076,79.382,0.0,True,26.0,4840,2.6117,2.73
google,1500,20,linear,True,False,10.0,0.4,0.3,0.3,0,0,UK,36,WOA,random,7,0.3333333333333333,E27,16.49,95.45,39,1.65551,86.7009,6.0009,0.0,0,12.9091,2.1481,78.352,0.0,True,26.5,4840,2.5493,2.67
google,1500,20,linear,True,False,10.0,0.4,0.3,0.3,0,0,UK,36,WOA,random,8,0.3333333333333333,E27,16.49,95.45,39,1.659952,86.6652,5.7487,0.0,0,12.9091,2.1338,79.184,0.0,True,27.5,4840,2.3017,2.81
google,1500,20,linear,True,False,10.0,0.4,0.3,0.3,0,0,UK,36,WOA,random,9,0.3333333333333333,E27,16.49,95.45,39,1.648029,86.761,6.4257,0.0,0,12.9591,2.1477,75.936,0.0,True,27.5,4840,2.2406,2.66
google,1500,20,linear,True,False,10.0,0.4,0.3,0.3,0,0,UK,36,WOA,random,10,0.3333333333333333,E27,16.49,95.45,39,1.650167,86.7438,6.3042,0.0,0,12.9591,2.134,74.719,0.0,True,27.5,4840,2.1948,2.58
