wl,N,M,power,hard,cap,pen,alpha,beta,gamma,subset,mmin,method,init,seed,seed_frac,exp,peak_demand,total_load,arrival_slots,carbon_kg,carbon_red_vs_naive_%,carbon_red_vs_consol_%,sla_%,viol_n,energy_kwh,cost_gbp,util_%,overload_%,feasible,makespan_h,nfe,runtime_s,peak_mem_mb
google,500,10,linear,True,False,10.0,0.4,0.3,0.3,0,0,WOA,carbon,13,0.3333333333333333,E23,5.26,31.19,35,0.345786,87.7623,26.6821,0.0,0,4.5891,0.7418,54.402,0.0,True,26.0,4840,1.3284,1.05
google,500,10,linear,True,False,10.0,0.4,0.3,0.3,0,0,WOA,carbon,14,0.3333333333333333,E23,5.26,31.19,35,0.342076,87.8936,27.4688,0.0,0,4.5391,0.7343,56.267,0.0,True,26.0,4840,1.2888,1.03
google,500,10,linear,True,False,10.0,0.4,0.3,0.3,0,0,WOA,carbon,15,0.3333333333333333,E23,5.26,31.19,35,0.342235,87.888,27.435,0.0,0,4.5391,0.7343,56.263,0.0,True,26.0,4840,1.3892,0.98
google,500,10,linear,True,False,10.0,0.4,0.3,0.3,0,auto,FIFO,-,0,0.3333333333333333,E23,5.26,31.19,35,2.870276,0.0,-455.9041,0.0,0,32.0391,5.2417,4.199,0.0,True,24.5,0,0.0,0.0
google,500,10,linear,True,False,10.0,0.4,0.3,0.3,0,auto,Consolidation,-,0,0.3333333333333333,E23,5.26,31.19,35,0.516326,82.0113,0.0,0.0,0,5.6891,0.9442,34.521,0.0,True,24.5,0,0.0,0.0
google,500,10,linear,True,False,10.0,0.4,0.3,0.3,0,auto,Greedy(EDF+greenest),-,0,0.3333333333333333,E23,5.26,31.19,35,0.490664,82.9053,4.9701,0.0,0,5.9891,0.9818,24.632,0.0,True,26.0,0,0.0001,0.0
google,500,10,linear,True,False,10.0,0.4,0.3,0.3,0,auto,VCC(Google),-,0,0.3333333333333333,E23,5.26,31.19,35,0.516326,82.0113,0.0,0.0,0,5.6891,0.9442,34.521,0.0,True,24.5,0,0.0012,0.0
google,500,10,linear,True,False,10.0,0.4,0.3,0.3,0,auto,Threshold(WaitAwhile),-,0,0.3333333333333333,E23,5.26,31.19,35,0.531925,81.4678,-3.0213,0.0,0,5.8891,0.9668,31.157,0.0,True,25.5,0,0.0063,0.0
google,500,10,linear,True,False,10.0,0.4,0.3,0.3,0,0,FIFO,-,0,0.3333333333333333,E23,5.26,31.19,35,2.825576,0.0,-499.1141,0.0,0,31.5391,5.1517,5.275,0.0,True,24.5,0,0.0,0.0
google,500,10,linear,True,False,10.0,0.4,0.3,0.3,0,0,Consolidation,-,0,0.3333333333333333,E23,5.26,31.19,35,0.471626,83.3087,0.0,0.0,0,5.1891,0.8542,43.373,0.0,True,24.5,0,0.0,0.0
google,500,10,linear,True,False,10.0,0.4,0.3,0.3,0,0,Greedy(EDF+greenest),-,0,0.3333333333333333,E23,5.26,31.19,35,0.353564,87.487,25.033,0.0,0,4.6891,0.7568,49.264,0.0,True,26.0,0,0.0001,0.0
google,500,10,linear,True,False,10.0,0.4,0.3,0.3,0,0,VCC(Google),-,0,0.3333333333333333,E23,5.26,31.19,35,0.471626,83.3087,0.0,0.0,0,5.1891,0.8542,43.373,0.0,True,24.5,0,0.0014,0.0
google,500,10,linear,True,False,10.0,0.4,0.3,0.3,0,0,Threshold(WaitAwhile),-,0,0.3333333333333333,E23,5.26,31.19,35,0.438825,84.4695,6.9547,0.0,0,5.0391,0.8093,46.736,0.0,True,25.5,0,0.0067,0.0
google,500,10,linear,True,False,10.0,0.4,0.3,0.3,0,0,WOA,random,1,0.3333333333333333,E23,5.26,31.19,35,0.451271,84.0291,4.3159,0.0,0,5.0391,0.8477,56.288,0.0,True,24.5,4840,1.3217,1.09
google,500,10,linear,True,False,10.0,0.4,0.3,0.3,0,0,WOA,random,2,0.3333333333333333,E23,5.26,31.19,35,0.437537,84.5151,7.2278,0.0,0,5.1391,0.8539,44.11,0.0,True,28.5,4840,1.3023,1.06
google,500,10,linear,True,False,10.0,0.4,0.3,0.3,0,0,WOA,random,3,0.3333333333333333,E23,5.26,31.19,35,0.451881,84.0075,4.1866,0.0,0,5.0391,0.8235,47.209,0.0,True,24.5,4840,1.3926,1.01
google,500,10,linear,True,False,10.0,0.4,0.3,0.3,0,0.25,Greedy(EDF+greenest),-,0,0.3333333333333333,E23,5.26,31.19,35,0.938614,69.435,-2.3876,0.0,0,10.6891,1.8068,13.545,0.0,True,26.0,0,0.0001,0.0
google,500,10,linear,True,False,10.0,0.4,0.3,0.3,0,0.25,VCC(Google),-,0,0.3333333333333333,E23,5.26,31.19,35,0.916726,70.1477,0.0,0.0,0,9.9891,1.7092,17.673,0.0,True,24.5,0,0.0011,0.0
google,500,10,linear,True,False,10.0,0.4,0.3,0.3,0,0.25,Threshold(WaitAwhile),-,0,0.3333333333333333,E23,5.26,31.19,35,0.943175,69.2864,-2.8852,0.0,0,10.2891,1.7468,16.98,0.0,True,25.5,0,0.0065,0.0
google,500,10,linear,True,False,10.0,0.4,0.3,0.3,0,0.25,WOA,random,1,0.3333333333333333,E23,5.26,31.19,35,0.882211,71.2717,3.765,0.0,0,9.6891,1.6621,21.217,0.0,True,24.5,4840,1.3629,1.05
google,500,10,linear,True,False,10.0,0.4,0.3,0.3,0,0.25,WOA,random,2,0.3333333333333333,E23,5.26,31.19,35,0.88257,71.26,3.7258,0.0,0,9.6891,1.6635,21.217,0.0,True,24.5,4840,1.3464,1.08
google,500,10,linear,True,False,10.0,0.4,0.3,0.3,0,0.25,WOA,random,3,0.3333333333333333,E23,5.26,31.19,35,0.884179,71.2076,3.5503,0.0,0,9.6891,1.6695,21.217,0.0,True,24.5,4840,1.4499,1.02
google,500,10,linear,True,False,10.0,0.4,0.3,0.3,0,0.25,WOA,random,4,0.3333333333333333,E23,5.26,31.19,35,0.882412,71.2651,3.7431,0.0,0,9.6891,1.6725,21.217,0.0,True,24.5,4840,1.3878,1.1
google,500,10,linear,True,False,10.0,0.4,0.3,0.3,0,0.25,WOA,random,5,0.3333333333333333,E23,5.26,31.19,35,0.884064,71.2113,3.5629,0.0,0,9.6891,1.6742,21.217,0.0,True,24.5,4840,1.4072,0.99
google,500,10,linear,True,False,10.0,0.4,0.3,0.3,0,0.25,WOA,carbon,15,0.3333333333333333,E23,5.26,31.19,35,0.877527,71.4242,4.276,0.0,0,9.6891,1.6602,21.217,0.0,True,24.5,4840,1.4171,1.02
google,500,10,linear,True,False,10.0,0.4,0.3,0.3,0,0.5,FIFO,-,0,0.3333333333333333,E23,5.26,31.19,35,3.317826,0.0,-146.5455,0.0,0,36.6391,6.0442,3.071,0.0,True,24.5,0,0.0,0.0
google,500,10,linear,True,False,10.0,0.4,0.3,0.3,0,0.5,Consolidation,-,0,0.3333333333333333,E23,5.26,31.19,35,1.345726,59.4395,0.0,0.0,0,14.6391,2.5267,12.372,0.0,True,24.5,0,0.0,0.0
google,500,10,linear,True,False,10.0,0.4,0.3,0.3,0,0.5,Greedy(EDF+greenest),-,0,0.3333333333333333,E23,5.26,31.19,35,1.394714,57.963,-3.6403,0.0,0,15.4891,2.6468,10.889,0.0,True,26.0,0,0.0001,0.0
google,500,10,linear,True,False,10.0,0.4,0.3,0.3,0,0.5,VCC(Google),-,0,0.3333333333333333,E23,5.26,31.19,35,1.345726,59.4395,0.0,0.0,0,14.6391,2.5267,12.372,0.0,True,24.5,0,0.0012,0.0
google,500,10,linear,True,False,10.0,0.4,0.3,0.3,0,0.5,Threshold(WaitAwhile),-,0,0.3333333333333333,E23,5.26,31.19,35,1.393875,57.9883,-3.578,0.0,0,15.1391,2.5943,11.887,0.0,True,25.5,0,0.0062,0.0
google,500,10,linear,True,False,10.0,0.4,0.3,0.3,0,0.5,WOA,random,1,0.3333333333333333,E23,5.26,31.19,35,1.334411,59.7806,0.8408,0.0,0,14.5891,2.5171,12.73,0.0,True,24.5,4840,1.4007,1.02
google,500,10,linear,True,False,10.0,0.4,0.3,0.3,0,0.5,WOA,random,2,0.3333333333333333,E23,5.26,31.19,35,1.334968,59.7638,0.7994,0.0,0,14.5891,2.5191,12.73,0.0,True,24.5,4840,1.4246,1.03
google,500,10,linear,True,False,10.0,0.4,0.3,0.3,0,auto,WOA,carbon,10,0.3333333333333333,E23,5.26,31.19,35,0.46129,83.9287,10.659,0.0,0,5.0891,0.8595,54.172,0.0,True,24.5,4840,1.3757,1.04
google,500,10,linear,True,False,10.0,0.4,0.3,0.3,0,auto,WOA,carbon,11,0.3333333333333333,E23,5.26,31.19,35,0.45836,84.0308,11.2266,0.0,0,5.1391,0.8678,54.258,0.0,True,26.0,4840,1.3418,1.03
google,500,10,linear,True,False,10.0,0.4,0.3,0.3,0,auto,WOA,carbon,12,0.3333333333333333,E23,5.26,31.19,35,0.472916,83.5237,8.4075,0.0,0,5.2391,0.8803,51.358,0.0,True,26.0,4840,1.4512,1.01
google,500,10,linear,True,False,10.0,0.4,0.3,0.3,0,auto,WOA,carbon,13,0.3333333333333333,E23,5.26,31.19,35,0.453523,84.1993,12.1634,0.0,0,5.0891,0.8592,55.007,0.0,True,25.5,4840,1.4185,1.06
google,500,10,linear,True,False,10.0,0.4,0.3,0.3,0,auto,WOA,carbon,14,0.3333333333333333,E23,5.26,31.19,35,0.459947,83.9755,10.9192,0.0,0,5.1391,0.8698,53.941,0.0,True,25.0,4840,1.4054,1.01
google,500,10,linear,True,False,10.0,0.4,0.3,0.3,0,auto,WOA,carbon,15,0.3333333333333333,E23,5.26,31.19,35,0.456891,84.082,11.5111,0.0,0,5.0891,0.8586,54.34,0.0,True,24.5,4840,1.4421,1.01
google,500,10,linear,True,False,10.0,0.4,0.3,0.3,0,0.25,FIFO,-,0,0.3333333333333333,E23,5.26,31.19,35,3.070876,0.0,-234.9831,0.0,0,34.0391,5.5942,3.476,0.0,True,24.5,0,0.0,0.0
google,500,10,linear,True,False,10.0,0.4,0.3,0.3,0,0.25,Consolidation,-,0,0.3333333333333333,E23,5.26,31.19,35,0.916726,70.1477,0.0,0.0,0,9.9891,1.7092,17.673,0.0,True,24.5,0,0.0,0.0
google,500,10,linear,True,False,10.0,0.4,0.3,0.3,0,0,WOA,carbon,5,0.3333333333333333,E23,5.26,31.19,35,0.345459,87.7739,26.7515,0.0,0,4.5891,0.7418,53.777,0.0,True,26.0,4840,1.3213,1.05
google,500,10,linear,True,False,10.0,0.4,0.3,0.3,0,0,WOA,carbon,6,0.3333333333333333,E23,5.26,31.19,35,0.345212,87.7826,26.8037,0.0,0,4.5891,0.7418,52.769,0.0,True,26.0,4840,1.2984,0.98
google,500,10,linear,True,False,10.0,0.4,0.3,0.3,0,0,WOA,carbon,7,0.3333333333333333,E23,5.26,31.19,35,0.344802,87.7971,26.8907,0.0,0,4.5891,0.7418,53.535,0.0,True,26.0,4840,1.3897,1.02
google,500,10,linear,True,False,10.0,0.4,0.3,0.3,0,0,WOA,carbon,8,0.3333333333333333,E23,5.26,31.19,35,0.345186,87.7835,26.8093,0.0,0,4.5891,0.7418,52.254,0.0,True,26.0,4840,1.3557,0.95
google,500,10,linear,True,False,10.0,0.4,0.3,0.3,0,0,WOA,carbon,9,0.3333333333333333,E23,5.26,31.19,35,0.348129,87.6794,26.1854,0.0,0,4.6391,0.7493,51.187,0.0,True,26.0,4840,1.3489,0.95
google,500,10,linear,True,False,10.0,0.4,0.3,0.3,0,0,WOA,carbon,10,0.3333333333333333,E23,5.26,31.19,35,0.344917,87.793,26.8663,0.0,0,4.5891,0.7418,54.434,0.0,True,26.0,4840,1.3788,0.98
google,500,10,linear,True,False,10.0,0.4,0.3,0.3,0,0,WOA,carbon,11,0.3333333333333333,E23,5.26,31.19,35,0.342245,87.8876,27.4329,0.0,0,4.5391,0.7343,55.875,0.0,True,26.0,4840,1.3933,0.97
google,500,10,linear,True,False,10.0,0.4,0.3,0.3,0,0,WOA,carbon,12,0.3333333333333333,E23,5.26,31.19,35,0.345333,87.7783,26.7781,0.0,0,4.5891,0.7418,52.858,0.0,True,26.0,4840,1.402,1.02
google,500,10,linear,True,False,10.0,0.4,0.3,0.3,0,0,WOA,random,4,0.3333333333333333,E23,5.26,31.19,35,0.437226,84.5261,7.2938,0.0,0,5.1391,0.8533,44.302,0.0,True,28.5,4840,1.3182,1.07
google,500,10,linear,True,False,10.0,0.4,0.3,0.3,0,0,WOA,random,5,0.3333333333333333,E23,5.26,31.19,35,0.428123,84.8483,9.2239,0.0,0,5.0891,0.8378,46.933,0.0,True,27.5,4840,1.3152,1.11
google,500,10,linear,True,False,10.0,0.4,0.3,0.3,0,0,WOA,random,6,0.3333333333333333,E23,5.26,31.19,35,0.437691,84.5097,7.1952,0.0,0,5.1391,0.8545,44.046,0.0,True,28.5,4840,1.4001,1.01
google,500,10,linear,True,False,10.0,0.4,0.3,0.3,0,0,WOA,random,7,0.3333333333333333,E23,5.26,31.19,35,0.437837,84.5045,7.1642,0.0,0,5.1391,0.8545,44.11,0.0,True,28.5,4840,1.3535,0.98
google,500,10,linear,True,False,10.0,0.4,0.3,0.3,0,0,WOA,random,8,0.3333333333333333,E23,5.26,31.19,35,0.44072,84.4025,6.553,0.0,0,5.1891,0.862,43.373,0.0,True,28.5,4840,1.3428,0.95
google,500,10,linear,True,False,10.0,0.4,0.3,0.3,0,0,WOA,random,9,0.3333333333333333,E23,5.26,31.19,35,0.456683,83.8375,3.1682,0.0,0,5.0891,0.8589,55.254,0.0,True,27.0,4840,1.3812,1.02
google,500,10,linear,True,False,10.0,0.4,0.3,0.3,0,0,WOA,random,10,0.3333333333333333,E23,5.26,31.19,35,0.440697,84.4033,6.5578,0.0,0,5.1891,0.862,43.373,0.0,True,28.5,4840,1.3991,0.97
google,500,10,linear,True,False,10.0,0.4,0.3,0.3,0,0,WOA,random,11,0.3333333333333333,E23,5.26,31.19,35,0.437774,84.5067,7.1777,0.0,0,5.1391,0.8545,44.11,0.0,True,28.5,4840,1.3914,0.95
google,500,10,linear,True,False,10.0,0.4,0.3,0.3,0,auto,WOA,carbon,2,0.3333333333333333,E23,5.26,31.19,35,0.453462,84.2014,12.1751,0.0,0,5.1891,0.8747,52.503,0.0,True,25.5,4840,1.3733,1.09
google,500,10,linear,True,False,10.0,0.4,0.3,0.3,0,auto,WOA,carbon,3,0.3333333333333333,E23,5.26,31.19,35,0.456856,84.0832,11.5179,0.0,0,5.0891,0.864,54.039,0.0,True,24.5,4840,1.3455,1.02
google,500,10,linear,True,False,10.0,0.4,0.3,0.3,0,auto,WOA,carbon,4,0.3333333333333333,E23,5.26,31.19,35,0.454442,84.1673,11.9854,0.0,0,5.0891,0.855,53.497,0.0,True,25.0,4840,1.4445,1.09
google,500,10,linear,True,False,10.0,0.4,0.3,0.3,0,auto,WOA,carbon,5,0.3333333333333333,E23,5.26,31.19,35,0.456474,84.0965,11.5918,0.0,0,5.2891,0.8796,48.357,0.0,True,25.5,4840,1.3869,1.11
google,500,10,linear,True,False,10.0,0.4,0.3,0.3,0,auto,WOA,carbon,6,0.3333333333333333,E23,5.26,31.19,35,0.4602,83.9667,10.8701,0.0,0,5.3391,0.8955,47.287,0.0,True,26.0,4840,1.4165,1.05
google,500,10,linear,True,False,10.0,0.4,0.3,0.3,0,auto,WOA,carbon,7,0.3333333333333333,E23,5.26,31.19,35,0.452018,84.2518,12.4549,0.0,0,5.0891,0.8544,53.139,0.0,True,25.0,4840,1.4253,1.01
google,500,10,linear,True,False,10.0,0.4,0.3,0.3,0,auto,WOA,carbon,8,0.3333333333333333,E23,5.26,31.19,35,0.457386,84.0647,11.4152,0.0,0,5.2891,0.879,47.87,0.0,True,25.5,4840,1.4342,1.0
google,500,10,linear,True,False,10.0,0.4,0.3,0.3,0,auto,WOA,carbon,9,0.3333333333333333,E23,5.26,31.19,35,0.463105,83.8655,10.3076,0.0,0,5.1891,0.879,51.922,0.0,True,26.0,4840,1.4479,0.98
google,500,10,linear,True,False,10.0,0.4,0.3,0.3,0,auto,WOA,random,1,0.3333333333333333,E23,5.26,31.19,35,0.448898,84.3604,13.0591,0.0,0,4.9891,0.8419,57.842,0.0,True,24.5,4840,1.3899,1.05
google,500,10,linear,True,False,10.0,0.4,0.3,0.3,0,auto,WOA,random,2,0.3333333333333333,E23,5.26,31.19,35,0.464829,83.8054,9.9737,0.0,0,5.1891,0.8734,52.933,0.0,True,26.0,4840,1.3615,1.04
google,500,10,linear,True,False,10.0,0.4,0.3,0.3,0,auto,WOA,random,3,0.3333333333333333,E23,5.26,31.19,35,0.459606,83.9874,10.9853,0.0,0,5.0391,0.8537,56.409,0.0,True,25.5,4840,1.455,1.08
google,500,10,linear,True,False,10.0,0.4,0.3,0.3,0,auto,WOA,random,4,0.3333333333333333,E23,5.26,31.19,35,0.460604,83.9526,10.792,0.0,0,5.1391,0.8678,53.94,0.0,True,25.5,4840,1.4021,0.99
google,500,10,linear,True,False,10.0,0.4,0.3,0.3,0,auto,WOA,random,5,0.3333333333333333,E23,5.26,31.19,35,0.45554,84.1291,11.7728,0.0,0,5.0891,0.8623,54.039,0.0,True,24.5,4840,1.4058,1.06
google,500,10,linear,True,False,10.0,0.4,0.3,0.3,0,auto,WOA,random,6,0.3333333333333333,E23,5.26,31.19,35,0.45722,84.0705,11.4473,0.0,0,5.1391,0.8674,51.858,0.0,True,25.0,4840,1.4148,1.0
google,500,10,linear,True,False,10.0,0.4,0.3,0.3,0,auto,WOA,random,7,0.3333333333333333,E23,5.26,31.19,35,0.458314,84.0324,11.2355,0.0,0,5.0891,0.8537,54.824,0.0,True,25.0,4840,1.4431,1.04
google,500,10,linear,True,False,10.0,0.4,0.3,0.3,0,auto,WOA,random,8,0.3333333333333333,E23,5.26,31.19,35,0.465448,83.7839,9.8538,0.0,0,5.1391,0.8683,54.068,0.0,True,25.5,4840,1.4417,0.99
google,500,10,linear,True,False,10.0,0.4,0.3,0.3,0,0.25,WOA,random,14,0.3333333333333333,E23,5.26,31.19,35,0.883693,71.2234,3.6033,0.0,0,9.6891,1.6712,21.217,0.0,True,24.5,4840,1.3924,1.06
google,500,10,linear,True,False,10.0,0.4,0.3,0.3,0,0.25,WOA,random,15,0.3333333333333333,E23,5.26,31.19,35,0.882463,71.2635,3.7375,0.0,0,9.6891,1.6703,21.217,0.0,True,24.5,4840,1.3606,1.05
google,500,10,linear,True,False,10.0,0.4,0.3,0.3,0,0.25,WOA,carbon,1,0.3333333333333333,E23,5.26,31.19,35,0.880552,71.3257,3.946,0.0,0,9.6891,1.6609,21.217,0.0,True,24.5,4840,1.4344,1.02
google,500,10,linear,True,False,10.0,0.4,0.3,0.3,0,0.25,WOA,carbon,2,0.3333333333333333,E23,5.26,31.19,35,0.882518,71.2617,3.7315,0.0,0,9.6891,1.6602,21.217,0.0,True,24.5,4840,1.4022,1.1
google,500,10,linear,True,False,10.0,0.4,0.3,0.3,0,0.25,WOA,carbon,3,0.3333333333333333,E23,5.26,31.19,35,0.877146,71.4366,4.3175,0.0,0,9.6891,1.663,21.217,0.0,True,24.5,4840,1.402,1.03
google,500,10,linear,True,False,10.0,0.4,0.3,0.3,0,0.25,WOA,carbon,4,0.3333333333333333,E23,5.26,31.19,35,0.881583,71.2921,3.8335,0.0,0,9.6891,1.6678,21.217,0.0,True,24.5,4840,1.4271,1.12
google,500,10,linear,True,False,10.0,0.4,0.3,0.3,0,0.25,WOA,carbon,5,0.3333333333333333,E23,5.26,31.19,35,0.873847,71.5441,4.6774,0.0,0,9.6891,1.6585,21.217,0.0,True,24.5,4840,1.4557,1.01
google,500,10,linear,True,False,10.0,0.4,0.3,0.3,0,0.25,WOA,carbon,6,0.3333333333333333,E23,5.26,31.19,35,0.87582,71.4798,4.4621,0.0,0,9.6891,1.6579,21.217,0.0,True,24.5,4840,1.4499,0.96
google,500,10,linear,True,False,10.0,0.4,0.3,0.3,0,0.25,WOA,random,6,0.3333333333333333,E23,5.26,31.19,35,0.881722,71.2876,3.8183,0.0,0,9.6891,1.6697,21.217,0.0,True,24.5,4840,1.3769,1.02
google,500,10,linear,True,False,10.0,0.4,0.3,0.3,0,0.25,WOA,random,7,0.3333333333333333,E23,5.26,31.19,35,0.883954,71.2149,3.5749,0.0,0,9.6891,1.6669,21.217,0.0,True,24.5,4840,1.3598,1.03
google,500,10,linear,True,False,10.0,0.4,0.3,0.3,0,0.25,WOA,random,8,0.3333333333333333,E23,5.26,31.19,35,0.8849,71.1841,3.4716,0.0,0,9.6891,1.6734,21.217,0.0,True,24.5,4840,1.4362,1.04
google,500,10,linear,True,False,10.0,0.4,0.3,0.3,0,0.25,WOA,random,9,0.3333333333333333,E23,5.26,31.19,35,0.882815,71.252,3.6991,0.0,0,9.6891,1.663,21.217,0.0,True,24.5,4840,1.4053,1.0
google,500,10,linear,True,False,10.0,0.4,0.3,0.3,0,0.25,WOA,random,10,0.3333333333333333,E23,5.26,31.19,35,0.883588,71.2268,3.6148,0.0,0,9.6891,1.6675,21.217,0.0,True,24.5,4840,1.4126,1.0
google,500,10,linear,True,False,10.0,0.4,0.3,0.3,0,0.25,WOA,random,11,0.3333333333333333,E23,5.26,31.19,35,0.883765,71.2211,3.5955,0.0,0,9.6891,1.6708,21.217,0.0,True,24.5,4840,1.4478,0.98
google,500,10,linear,True,False,10.0,0.4,0.3,0.3,0,0.25,WOA,random,12,0.3333333333333333,E23,5.26,31.19,35,0.884162,71.2081,3.5521,0.0,0,9.6891,1.6652,21.217,0.0,True,24.5,4840,1.4487,0.98
google,500,10,linear,True,False,10.0,0.4,0.3,0.3,0,0.25,WOA,random,13,0.3333333333333333,E23,5.26,31.19,35,0.8846,71.1939,3.5044,0.0,0,9.6891,1.6691,21.217,0.0,True,24.5,4840,1.4464,1.02
google,500,10,linear,True,False,10.0,0.4,0.3,0.3,0,auto,WOA,random,9,0.3333333333333333,E23,5.26,31.19,35,0.454437,84.1675,11.9863,0.0,0,4.9891,0.849,58.208,0.0,True,24.5,4840,1.3888,1.05
google,500,10,linear,True,False,10.0,0.4,0.3,0.3,0,auto,WOA,random,10,0.3333333333333333,E23,5.26,31.19,35,0.454523,84.1645,11.9698,0.0,0,5.0891,0.8597,55.493,0.0,True,25.5,4840,1.3603,1.1
google,500,10,linear,True,False,10.0,0.4,0.3,0.3,0,auto,WOA,random,11,0.3333333333333333,E23,5.26,31.19,35,0.460305,83.963,10.8498,0.0,0,5.1391,0.8648,53.962,0.0,True,26.0,4840,1.4387,1.1
google,500,10,linear,True,False,10.0,0.4,0.3,0.3,0,auto,WOA,random,12,0.3333333333333333,E23,5.26,31.19,35,0.471317,83.5794,8.717,0.0,0,5.2391,0.8839,51.325,0.0,True,26.0,4840,1.4128,1.09
google,500,10,linear,True,False,10.0,0.4,0.3,0.3,0,auto,WOA,random,13,0.3333333333333333,E23,5.26,31.19,35,0.454571,84.1628,11.9605,0.0,0,5.1391,0.8672,51.754,0.0,True,25.5,4840,1.4119,1.02
google,500,10,linear,True,False,10.0,0.4,0.3,0.3,0,auto,WOA,random,14,0.3333333333333333,E23,5.26,31.19,35,0.457966,84.0445,11.3029,0.0,0,5.1391,0.8664,54.239,0.0,True,26.0,4840,1.4392,1.05
google,500,10,linear,True,False,10.0,0.4,0.3,0.3,0,auto,WOA,random,15,0.3333333333333333,E23,5.26,31.19,35,0.454535,84.1641,11.9673,0.0,0,5.0891,0.8618,54.113,0.0,True,25.5,4840,1.4711,0.98
google,500,10,linear,True,False,10.0,0.4,0.3,0.3,0,auto,WOA,carbon,1,0.3333333333333333,E23,5.26,31.19,35,0.463264,83.86,10.2769,0.0,0,5.4891,0.9068,40.007,0.0,True,25.5,4840,1.4463,0.98
google,500,10,linear,True,False,10.0,0.4,0.3,0.3,0,0,WOA,random,12,0.3333333333333333,E23,5.26,31.19,35,0.44072,84.4025,6.553,0.0,0,5.1891,0.862,43.373,0.0,True,28.5,4840,1.396,0.97
google,500,10,linear,True,False,10.0,0.4,0.3,0.3,0,0,WOA,random,13,0.3333333333333333,E23,5.26,31.19,35,0.437624,84.5121,7.2095,0.0,0,5.1391,0.8539,44.291,0.0,True,28.5,4840,1.359,1.01
google,500,10,linear,True,False,10.0,0.4,0.3,0.3,0,0,WOA,random,14,0.3333333333333333,E23,5.26,31.19,35,0.437672,84.5103,7.1992,0.0,0,5.1391,0.8545,44.558,0.0,True,28.5,4840,1.4577,1.01
google,500,10,linear,True,False,10.0,0.4,0.3,0.3,0,0,WOA,random,15,0.3333333333333333,E23,5.26,31.19,35,0.437792,84.5061,7.1737,0.0,0,5.1391,0.8545,44.014,0.0,True,28.5,4840,1.4224,0.99
google,500,10,linear,True,False,10.0,0.4,0.3,0.3,0,0,WOA,carbon,1,0.3333333333333333,E23,5.26,31.19,35,0.349545,87.6292,25.8851,0.0,0,4.6391,0.7493,51.592,0.0,True,26.0,4840,1.4136,1.02
google,500,10,linear,True,False,10.0,0.4,0.3,0.3,0,0,WOA,carbon,2,0.3333333333333333,E23,5.26,31.19,35,0.342044,87.8947,27.4756,0.0,0,4.5391,0.7343,54.958,0.0,True,26.0,4840,1.4417,0.95
google,500,10,linear,True,False,10.0,0.4,0.3,0.3,0,0,WOA,carbon,3,0.3333333333333333,E23,5.26,31.19,35,0.341864,87.9011,27.5138,0.0,0,4.5391,0.7343,54.455,0.0,True,26.0,4840,1.4562,0.99
google,500,10,linear,True,False,10.0,0.4,0.3,0.3,0,0,WOA,carbon,4,0.3333333333333333,E23,5.26,31.19,35,0.34556,87.7703,26.73,0.0,0,4.5891,0.7418,53.95,0.0,True,26.0,4840,1.4597,0.98
google,500,10,linear,True,False,10.0,0.4,0.3,0.3,0,0.25,WOA,carbon,7,0.3333333333333333,E23,5.26,31.19,35,0.878535,71.3914,4.1659,0.0,0,9.6891,1.6626,21.217,0.0,True,24.5,4840,1.4168,1.01
google,500,10,linear,True,False,10.0,0.4,0.3,0.3,0,0.25,WOA,carbon,8,0.3333333333333333,E23,5.26,31.19,35,0.875554,71.4884,4.4911,0.0,0,9.6891,1.6602,21.217,0.0,True,24.5,4840,1.3778,0.97
google,500,10,linear,True,False,10.0,0.4,0.3,0.3,0,0.25,WOA,carbon,9,0.3333333333333333,E23,5.26,31.19,35,0.879941,71.3456,4.0126,0.0,0,9.6891,1.6631,21.217,0.0,True,24.5,4840,1.4226,1.03
google,500,10,linear,True,False,10.0,0.4,0.3,0.3,0,0.25,WOA,carbon,10,0.3333333333333333,E23,5.26,31.19,35,0.87823,71.4013,4.1993,0.0,0,9.6891,1.6613,21.217,0.0,True,24.5,4840,1.4456,1.1
google,500,10,linear,True,False,10.0,0.4,0.3,0.3,0,0.25,WOA,carbon,11,0.3333333333333333,E23,5.26,31.19,35,0.876215,71.4669,4.419,0.0,0,9.6891,1.6607,21.217,0.0,True,24.5,4840,1.4414,1.07
google,500,10,linear,True,False,10.0,0.4,0.3,0.3,0,0.25,WOA,carbon,12,0.3333333333333333,E23,5.26,31.19,35,0.877569,71.4229,4.2714,0.0,0,9.6891,1.6602,21.217,0.0,True,24.5,4840,1.4559,1.01
google,500,10,linear,True,False,10.0,0.4,0.3,0.3,0,0.25,WOA,carbon,13,0.3333333333333333,E23,5.26,31.19,35,0.880151,71.3388,3.9897,0.0,0,9.6891,1.6607,21.217,0.0,True,24.5,4840,1.4371,1.04
google,500,10,linear,True,False,10.0,0.4,0.3,0.3,0,0.25,WOA,carbon,14,0.3333333333333333,E23,5.26,31.19,35,0.87687,71.4456,4.3476,0.0,0,9.6891,1.6618,21.217,0.0,True,24.5,4840,1.4641,1.0
google,500,10,linear,True,False,10.0,0.4,0.3,0.3,0,0.5,WOA,carbon,12,0.3333333333333333,E23,5.26,31.19,35,1.326852,60.0084,1.4025,0.0,0,14.5891,2.5157,12.73,0.0,True,24.5,4840,1.4484,1.01
google,500,10,linear,True,False,10.0,0.4,0.3,0.3,0,0.5,WOA,carbon,13,0.3333333333333333,E23,5.26,31.19,35,1.333179,59.8177,0.9323,0.0,0,14.5891,2.5157,12.73,0.0,True,24.5,4840,1.4619,1.01
google,500,10,linear,True,False,10.0,0.4,0.3,0.3,0,0.5,WOA,carbon,14,0.3333333333333333,E23,5.26,31.19,35,1.329224,59.9369,1.2263,0.0,0,14.5891,2.5168,12.73,0.0,True,24.5,4840,1.4547,1.02
google,500,10,linear,True,False,10.0,0.4,0.3,0.3,0,0.5,WOA,carbon,15,0.3333333333333333,E23,5.26,31.19,35,1.329727,59.9217,1.1889,0.0,0,14.5891,2.5152,12.73,0.0,True,24.5,4840,1.4772,1.02
google,500,20,linear,True,False,10.0,0.4,0.3,0.3,0,0,FIFO,-,0,0.3333333333333333,E23,5.26,31.19,35,2.825576,0.0,-499.1141,0.0,0,31.5391,5.1517,5.275,0.0,True,24.5,0,0.0,0.0
google,500,20,linear,True,False,10.0,0.4,0.3,0.3,0,0,Consolidation,-,0,0.3333333333333333,E23,5.26,31.19,35,0.471626,83.3087,0.0,0.0,0,5.1891,0.8542,43.373,0.0,True,24.5,0,0.0,0.0
google,500,20,linear,True,False,10.0,0.4,0.3,0.3,0,0,Greedy(EDF+greenest),-,0,0.3333333333333333,E23,5.26,31.19,35,0.353564,87.487,25.033,0.0,0,4.6891,0.7568,49.264,0.0,True,26.0,0,0.0001,0.0
google,500,20,linear,True,False,10.0,0.4,0.3,0.3,0,0,VCC(Google),-,0,0.3333333333333333,E23,5.26,31.19,35,0.471626,83.3087,0.0,0.0,0,5.1891,0.8542,43.373,0.0,True,24.5,0,0.0012,0.0
google,500,20,linear,True,False,10.0,0.4,0.3,0.3,0,auto,Consolidation,-,0,0.3333333333333333,E23,5.26,31.19,35,0.516326,82.0113,0.0,0.0,0,5.6891,0.9442,34.521,0.0,True,24.5,0,0.0,0.0
google,500,20,linear,True,False,10.0,0.4,0.3,0.3,0,auto,Greedy(EDF+greenest),-,0,0.3333333333333333,E23,5.26,31.19,35,0.490664,82.9053,4.9701,0.0,0,5.9891,0.9818,24.632,0.0,True,26.0,0,0.0001,0.0
google,500,20,linear,True,False,10.0,0.4,0.3,0.3,0,auto,VCC(Google),-,0,0.3333333333333333,E23,5.26,31.19,35,0.516326,82.0113,0.0,0.0,0,5.6891,0.9442,34.521,0.0,True,24.5,0,0.0012,0.0
google,500,20,linear,True,False,10.0,0.4,0.3,0.3,0,auto,Threshold(WaitAwhile),-,0,0.3333333333333333,E23,5.26,31.19,35,0.531925,81.4678,-3.0213,0.0,0,5.8891,0.9668,31.157,0.0,True,25.5,0,0.006,0.0
google,500,20,linear,True,False,10.0,0.4,0.3,0.3,0,auto,WOA,random,1,0.3333333333333333,E23,5.26,31.19,35,0.448898,84.3604,13.0591,0.0,0,4.9891,0.8419,57.842,0.0,True,24.5,4840,1.5014,1.02
google,500,20,linear,True,False,10.0,0.4,0.3,0.3,0,auto,WOA,random,2,0.3333333333333333,E23,5.26,31.19,35,0.464829,83.8054,9.9737,0.0,0,5.1891,0.8734,52.933,0.0,True,26.0,4840,1.467,1.01
google,500,20,linear,True,False,10.0,0.4,0.3,0.3,0,auto,WOA,random,3,0.3333333333333333,E23,5.26,31.19,35,0.459606,83.9874,10.9853,0.0,0,5.0391,0.8537,56.409,0.0,True,25.5,4840,1.4797,1.06
google,500,20,linear,True,False,10.0,0.4,0.3,0.3,0,auto,WOA,random,4,0.3333333333333333,E23,5.26,31.19,35,0.460604,83.9526,10.792,0.0,0,5.1391,0.8678,53.94,0.0,True,25.5,4840,1.4899,0.97
google,500,10,linear,True,False,10.0,0.4,0.3,0.3,0,0.5,WOA,random,3,0.3333333333333333,E23,5.26,31.19,35,1.33639,59.7209,0.6937,0.0,0,14.5891,2.5251,12.73,0.0,True,24.5,4840,1.4345,0.99
google,500,10,linear,True,False,10.0,0.4,0.3,0.3,0,0.5,WOA,random,4,0.3333333333333333,E23,5.26,31.19,35,1.334792,59.7691,0.8125,0.0,0,14.5891,2.527,12.73,0.0,True,24.5,4840,1.4365,1.05
google,500,10,linear,True,False,10.0,0.4,0.3,0.3,0,0.5,WOA,random,5,0.3333333333333333,E23,5.26,31.19,35,1.336264,59.7247,0.7031,0.0,0,14.5891,2.5292,12.73,0.0,True,24.5,4840,1.4458,0.99
google,500,10,linear,True,False,10.0,0.4,0.3,0.3,0,0.5,WOA,random,6,0.3333333333333333,E23,5.26,31.19,35,1.333678,59.8026,0.8952,0.0,0,14.5891,2.5247,12.73,0.0,True,24.5,4840,1.4376,1.01
google,500,10,linear,True,False,10.0,0.4,0.3,0.3,0,0.5,WOA,random,7,0.3333333333333333,E23,5.26,31.19,35,1.336154,59.728,0.7113,0.0,0,14.5891,2.5219,12.73,0.0,True,24.5,4840,1.44,1.03
google,500,10,linear,True,False,10.0,0.4,0.3,0.3,0,0.5,WOA,random,8,0.3333333333333333,E23,5.26,31.19,35,1.336028,59.7318,0.7206,0.0,0,14.5891,2.529,12.73,0.0,True,24.5,4840,1.4564,1.01
google,500,10,linear,True,False,10.0,0.4,0.3,0.3,0,0.5,WOA,random,9,0.3333333333333333,E23,5.26,31.19,35,1.335015,59.7624,0.7959,0.0,0,14.5891,2.518,12.73,0.0,True,24.5,4840,1.478,0.99
google,500,10,linear,True,False,10.0,0.4,0.3,0.3,0,0.5,WOA,random,10,0.3333333333333333,E23,5.26,31.19,35,1.335821,59.738,0.736,0.0,0,14.5891,2.5219,12.73,0.0,True,24.5,4840,1.4806,0.99
google,500,10,linear,True,False,10.0,0.4,0.3,0.3,0,0.5,WOA,random,11,0.3333333333333333,E23,5.26,31.19,35,1.336033,59.7317,0.7202,0.0,0,14.5891,2.5258,12.73,0.0,True,24.5,4840,1.4682,0.95
google,500,10,linear,True,False,10.0,0.4,0.3,0.3,0,0.5,WOA,random,12,0.3333333333333333,E23,5.26,31.19,35,1.336362,59.7217,0.6958,0.0,0,14.5891,2.5202,12.73,0.0,True,24.5,4840,1.4394,0.98
google,500,10,linear,True,False,10.0,0.4,0.3,0.3,0,0.5,WOA,random,13,0.3333333333333333,E23,5.26,31.19,35,1.336683,59.7121,0.6719,0.0,0,14.5891,2.5235,12.73,0.0,True,24.5,4840,1.459,1.04
google,500,10,linear,True,False,10.0,0.4,0.3,0.3,0,0.5,WOA,random,14,0.3333333333333333,E23,5.26,31.19,35,1.33618,59.7273,0.7094,0.0,0,14.5891,2.5268,12.73,0.0,True,24.5,4840,1.4625,1.0
google,500,10,linear,True,False,10.0,0.4,0.3,0.3,0,0.5,WOA,random,15,0.3333333333333333,E23,5.26,31.19,35,1.334108,59.7897,0.8633,0.0,0,14.5891,2.5279,12.73,0.0,True,24.5,4840,1.4721,0.99
google,500,10,linear,True,False,10.0,0.4,0.3,0.3,0,0.5,WOA,carbon,1,0.3333333333333333,E23,5.26,31.19,35,1.328299,59.9648,1.295,0.0,0,14.5891,2.5146,12.73,0.0,True,24.5,4840,1.4837,0.97
google,500,10,linear,True,False,10.0,0.4,0.3,0.3,0,0.5,WOA,carbon,2,0.3333333333333333,E23,5.26,31.19,35,1.33472,59.7712,0.8178,0.0,0,14.5891,2.5152,12.73,0.0,True,24.5,4840,1.4598,1.02
google,500,10,linear,True,False,10.0,0.4,0.3,0.3,0,0.5,WOA,carbon,3,0.3333333333333333,E23,5.26,31.19,35,1.332213,59.8468,1.0041,0.0,0,14.5891,2.5256,12.73,0.0,True,24.5,4840,1.4933,1.03
google,500,10,linear,True,False,10.0,0.4,0.3,0.3,0,0.5,WOA,carbon,4,0.3333333333333333,E23,5.26,31.19,35,1.329054,59.942,1.2389,0.0,0,14.5891,2.5157,12.73,0.0,True,24.5,4840,1.4608,1.04
google,500,10,linear,True,False,10.0,0.4,0.3,0.3,0,0.5,WOA,carbon,5,0.3333333333333333,E23,5.26,31.19,35,1.325675,60.0439,1.49,0.0,0,14.5891,2.5123,12.73,0.0,True,24.5,4840,1.4424,0.99
google,500,10,linear,True,False,10.0,0.4,0.3,0.3,0,0.5,WOA,carbon,6,0.3333333333333333,E23,5.26,31.19,35,1.328561,59.9569,1.2755,0.0,0,14.5891,2.5129,12.73,0.0,True,24.5,4840,1.4574,0.99
google,500,10,linear,True,False,10.0,0.4,0.3,0.3,0,0.5,WOA,carbon,7,0.3333333333333333,E23,5.26,31.19,35,1.330307,59.9042,1.1457,0.0,0,14.5891,2.5168,12.73,0.0,True,24.5,4840,1.4738,1.08
google,500,10,linear,True,False,10.0,0.4,0.3,0.3,0,0.5,WOA,carbon,8,0.3333333333333333,E23,5.26,31.19,35,1.329283,59.9351,1.2218,0.0,0,14.5891,2.5157,12.73,0.0,True,24.5,4840,1.4659,0.97
google,500,10,linear,True,False,10.0,0.4,0.3,0.3,0,0.5,WOA,carbon,9,0.3333333333333333,E23,5.26,31.19,35,1.328599,59.9557,1.2727,0.0,0,14.5891,2.5135,12.73,0.0,True,24.5,4840,1.4804,0.96
google,500,10,linear,True,False,10.0,0.4,0.3,0.3,0,0.5,WOA,carbon,10,0.3333333333333333,E23,5.26,31.19,35,1.330445,59.9001,1.1355,0.0,0,14.5891,2.5163,12.73,0.0,True,24.5,4840,1.469,1.03
google,500,10,linear,True,False,10.0,0.4,0.3,0.3,0,0.5,WOA,carbon,11,0.3333333333333333,E23,5.26,31.19,35,1.328277,59.9654,1.2966,0.0,0,14.5891,2.5157,12.73,0.0,True,24.5,4840,1.5046,0.99
google,500,20,linear,True,False,10.0,0.4,0.3,0.3,0,0,Threshold(WaitAwhile),-,0,0.3333333333333333,E23,5.26,31.19,35,0.438825,84.4695,6.9547,0.0,0,5.0391,0.8093,46.736,0.0,True,25.5,0,0.006,0.0
google,500,20,linear,True,False,10.0,0.4,0.3,0.3,0,0,WOA,random,1,0.3333333333333333,E23,5.26,31.19,35,0.451271,84.0291,4.3159,0.0,0,5.0391,0.8477,56.288,0.0,True,24.5,4840,1.4125,1.05
google,500,20,linear,True,False,10.0,0.4,0.3,0.3,0,0,WOA,random,2,0.3333333333333333,E23,5.26,31.19,35,0.437537,84.5151,7.2278,0.0,0,5.1391,0.8539,44.11,0.0,True,28.5,4840,1.4022,1.03
google,500,20,linear,True,False,10.0,0.4,0.3,0.3,0,0,WOA,random,3,0.3333333333333333,E23,5.26,31.19,35,0.451881,84.0075,4.1866,0.0,0,5.0391,0.8235,47.209,0.0,True,24.5,4840,1.4186,0.98
google,500,20,linear,True,False,10.0,0.4,0.3,0.3,0,0,WOA,random,4,0.3333333333333333,E23,5.26,31.19,35,0.437226,84.5261,7.2938,0.0,0,5.1391,0.8533,44.302,0.0,True,28.5,4840,1.4238,1.03
google,500,20,linear,True,False,10.0,0.4,0.3,0.3,0,0,WOA,random,5,0.3333333333333333,E23,5.26,31.19,35,0.428123,84.8483,9.2239,0.0,0,5.0891,0.8378,46.933,0.0,True,27.5,4840,1.4194,1.09
google,500,20,linear,True,False,10.0,0.4,0.3,0.3,0,0,WOA,random,6,0.3333333333333333,E23,5.26,31.19,35,0.437691,84.5097,7.1952,0.0,0,5.1391,0.8545,44.046,0.0,True,28.5,4840,1.432,0.98
google,500,20,linear,True,False,10.0,0.4,0.3,0.3,0,0,WOA,random,7,0.3333333333333333,E23,5.26,31.19,35,0.437837,84.5045,7.1642,0.0,0,5.1391,0.8545,44.11,0.0,True,28.5,4840,1.4663,0.96
google,500,20,linear,True,False,10.0,0.4,0.3,0.3,0,auto,WOA,carbon,14,0.3333333333333333,E23,5.26,31.19,35,0.459947,83.9755,10.9192,0.0,0,5.1391,0.8698,53.941,0.0,True,25.0,4840,1.4811,1.01
google,500,20,linear,True,False,10.0,0.4,0.3,0.3,0,auto,WOA,carbon,15,0.3333333333333333,E23,5.26,31.19,35,0.456891,84.082,11.5111,0.0,0,5.0891,0.8586,54.34,0.0,True,24.5,4840,1.5026,1.01
google,500,20,linear,True,False,10.0,0.4,0.3,0.3,0,0.25,FIFO,-,0,0.3333333333333333,E23,5.26,31.19,35,3.317826,0.0,-146.5455,0.0,0,36.6391,6.0442,3.071,0.0,True,24.5,0,0.0,0.0
google,500,20,linear,True,False,10.0,0.4,0.3,0.3,0,0.25,Consolidation,-,0,0.3333333333333333,E23,5.26,31.19,35,1.345726,59.4395,0.0,0.0,0,14.6391,2.5267,12.372,0.0,True,24.5,0,0.0,0.0
google,500,20,linear,True,False,10.0,0.4,0.3,0.3,0,0.25,Greedy(EDF+greenest),-,0,0.3333333333333333,E23,5.26,31.19,35,1.394714,57.963,-3.6403,0.0,0,15.4891,2.6468,10.889,0.0,True,26.0,0,0.0001,0.0
google,500,20,linear,True,False,10.0,0.4,0.3,0.3,0,0.25,VCC(Google),-,0,0.3333333333333333,E23,5.26,31.19,35,1.345726,59.4395,0.0,0.0,0,14.6391,2.5267,12.372,0.0,True,24.5,0,0.0016,0.0
google,500,20,linear,True,False,10.0,0.4,0.3,0.3,0,0.25,Threshold(WaitAwhile),-,0,0.3333333333333333,E23,5.26,31.19,35,1.393875,57.9883,-3.578,0.0,0,15.1391,2.5943,11.887,0.0,True,25.5,0,0.0068,0.0
google,500,20,linear,True,False,10.0,0.4,0.3,0.3,0,0.25,WOA,random,1,0.3333333333333333,E23,5.26,31.19,35,1.334411,59.7806,0.8408,0.0,0,14.5891,2.5171,12.73,0.0,True,24.5,4840,1.5425,1.02
google,500,20,linear,True,False,10.0,0.4,0.3,0.3,0,0,WOA,carbon,9,0.3333333333333333,E23,5.26,31.19,35,0.348129,87.6794,26.1854,0.0,0,4.6391,0.7493,51.187,0.0,True,26.0,4840,1.4212,0.95
google,500,20,linear,True,False,10.0,0.4,0.3,0.3,0,0,WOA,carbon,10,0.3333333333333333,E23,5.26,31.19,35,0.344917,87.793,26.8663,0.0,0,4.5891,0.7418,54.434,0.0,True,26.0,4840,1.4014,0.98
google,500,20,linear,True,False,10.0,0.4,0.3,0.3,0,0,WOA,carbon,11,0.3333333333333333,E23,5.26,31.19,35,0.342245,87.8876,27.4329,0.0,0,4.5391,0.7343,55.875,0.0,True,26.0,4840,1.425,0.97
google,500,20,linear,True,False,10.0,0.4,0.3,0.3,0,0,WOA,carbon,12,0.3333333333333333,E23,5.26,31.19,35,0.345333,87.7783,26.7781,0.0,0,4.5891,0.7418,52.858,0.0,True,26.0,4840,1.4288,1.02
google,500,20,linear,True,False,10.0,0.4,0.3,0.3,0,0,WOA,carbon,13,0.3333333333333333,E23,5.26,31.19,35,0.345786,87.7623,26.6821,0.0,0,4.5891,0.7418,54.402,0.0,True,26.0,4840,1.4239,1.01
google,500,20,linear,True,False,10.0,0.4,0.3,0.3,0,0,WOA,carbon,14,0.3333333333333333,E23,5.26,31.19,35,0.342076,87.8936,27.4688,0.0,0,4.5391,0.7343,56.267,0.0,True,26.0,4840,1.4491,1.01
google,500,20,linear,True,False,10.0,0.4,0.3,0.3,0,0,WOA,carbon,15,0.3333333333333333,E23,5.26,31.19,35,0.342235,87.888,27.435,0.0,0,4.5391,0.7343,56.263,0.0,True,26.0,4840,1.4768,0.96
google,500,20,linear,True,False,10.0,0.4,0.3,0.3,0,auto,FIFO,-,0,0.3333333333333333,E23,5.26,31.19,35,2.870276,0.0,-455.9041,0.0,0,32.0391,5.2417,4.199,0.0,True,24.5,0,0.0,0.0
google,500,20,linear,True,False,10.0,0.4,0.3,0.3,0,0,WOA,random,8,0.3333333333333333,E23,5.26,31.19,35,0.44072,84.4025,6.553,0.0,0,5.1891,0.862,43.373,0.0,True,28.5,4840,1.411,0.95
google,500,20,linear,True,False,10.0,0.4,0.3,0.3,0,0,WOA,random,9,0.3333333333333333,E23,5.26,31.19,35,0.456683,83.8375,3.1682,0.0,0,5.0891,0.8589,55.254,0.0,True,27.0,4840,1.4215,1.02
google,500,20,linear,True,False,10.0,0.4,0.3,0.3,0,0,WOA,random,10,0.3333333333333333,E23,5.26,31.19,35,0.440697,84.4033,6.5578,0.0,0,5.1891,0.862,43.373,0.0,True,28.5,4840,1.4052,0.97
google,500,20,linear,True,False,10.0,0.4,0.3,0.3,0,0,WOA,random,11,0.3333333333333333,E23,5.26,31.19,35,0.437774,84.5067,7.1777,0.0,0,5.1391,0.8545,44.11,0.0,True,28.5,4840,1.4118,0.95
google,500,20,linear,True,False,10.0,0.4,0.3,0.3,0,0,WOA,random,12,0.3333333333333333,E23,5.26,31.19,35,0.44072,84.4025,6.553,0.0,0,5.1891,0.862,43.373,0.0,True,28.5,4840,1.4089,0.94
google,500,20,linear,True,False,10.0,0.4,0.3,0.3,0,0,WOA,random,13,0.3333333333333333,E23,5.26,31.19,35,0.437624,84.5121,7.2095,0.0,0,5.1391,0.8539,44.291,0.0,True,28.5,4840,1.4455,0.98
google,500,20,linear,True,False,10.0,0.4,0.3,0.3,0,0,WOA,random,14,0.3333333333333333,E23,5.26,31.19,35,0.437672,84.5103,7.1992,0.0,0,5.1391,0.8545,44.558,0.0,True,28.5,4840,1.4676,0.98
google,500,20,linear,True,False,10.0,0.4,0.3,0.3,0,0,WOA,random,15,0.3333333333333333,E23,5.26,31.19,35,0.437792,84.5061,7.1737,0.0,0,5.1391,0.8545,44.014,0.0,True,28.5,4840,1.4328,0.97
google,500,20,linear,True,False,10.0,0.4,0.3,0.3,0,0,WOA,carbon,1,0.3333333333333333,E23,5.26,31.19,35,0.349545,87.6292,25.8851,0.0,0,4.6391,0.7493,51.592,0.0,True,26.0,4840,1.4096,1.02
google,500,20,linear,True,False,10.0,0.4,0.3,0.3,0,0,WOA,carbon,2,0.3333333333333333,E23,5.26,31.19,35,0.342044,87.8947,27.4756,0.0,0,4.5391,0.7343,54.958,0.0,True,26.0,4840,1.3982,0.95
google,500,20,linear,True,False,10.0,0.4,0.3,0.3,0,0,WOA,carbon,3,0.3333333333333333,E23,5.26,31.19,35,0.341864,87.9011,27.5138,0.0,0,4.5391,0.7343,54.455,0.0,True,26.0,4840,1.4163,0.99
google,500,20,linear,True,False,10.0,0.4,0.3,0.3,0,0,WOA,carbon,4,0.3333333333333333,E23,5.26,31.19,35,0.34556,87.7703,26.73,0.0,0,4.5891,0.7418,53.95,0.0,True,26.0,4840,1.432,0.98
google,500,20,linear,True,False,10.0,0.4,0.3,0.3,0,0,WOA,carbon,5,0.3333333333333333,E23,5.26,31.19,35,0.345459,87.7739,26.7515,0.0,0,4.5891,0.7418,53.777,0.0,True,26.0,4840,1.4156,1.01
google,500,20,linear,True,False,10.0,0.4,0.3,0.3,0,0,WOA,carbon,6,0.3333333333333333,E23,5.26,31.19,35,0.345212,87.7826,26.8037,0.0,0,4.5891,0.7418,52.769,0.0,True,26.0,4840,1.4419,0.96
google,500,20,linear,True,False,10.0,0.4,0.3,0.3,0,0,WOA,carbon,7,0.3333333333333333,E23,5.26,31.19,35,0.344802,87.7971,26.8907,0.0,0,4.5891,0.7418,53.535,0.0,True,26.0,4840,1.4787,1.0
google,500,20,linear,True,False,10.0,0.4,0.3,0.3,0,0,WOA,carbon,8,0.3333333333333333,E23,5.26,31.19,35,0.345186,87.7835,26.8093,0.0,0,4.5891,0.7418,52.254,0.0,True,26.0,4840,1.4268,0.93
google,500,20,linear,True,False,10.0,0.4,0.3,0.3,0,auto,WOA,random,5,0.3333333333333333,E23,5.26,31.19,35,0.45554,84.1291,11.7728,0.0,0,5.0891,0.8623,54.039,0.0,True,24.5,4840,1.4879,1.07
google,500,20,linear,True,False,10.0,0.4,0.3,0.3,0,auto,WOA,random,6,0.3333333333333333,E23,5.26,31.19,35,0.45722,84.0705,11.4473,0.0,0,5.1391,0.8674,51.858,0.0,True,25.0,4840,1.4535,1.0
google,500,20,linear,True,False,10.0,0.4,0.3,0.3,0,auto,WOA,random,7,0.3333333333333333,E23,5.26,31.19,35,0.458314,84.0324,11.2355,0.0,0,5.0891,0.8537,54.824,0.0,True,25.0,4840,1.472,1.04
google,500,20,linear,True,False,10.0,0.4,0.3,0.3,0,auto,WOA,random,8,0.3333333333333333,E23,5.26,31.19,35,0.465448,83.7839,9.8538,0.0,0,5.1391,0.8683,54.068,0.0,True,25.5,4840,1.4761,0.99
google,500,20,linear,True,False,10.0,0.4,0.3,0.3,0,auto,WOA,random,9,0.3333333333333333,E23,5.26,31.19,35,0.454437,84.1675,11.9863,0.0,0,4.9891,0.849,58.208,0.0,True,24.5,4840,1.4859,1.01
google,500,20,linear,True,False,10.0,0.4,0.3,0.3,0,auto,WOA,random,10,0.3333333333333333,E23,5.26,31.19,35,0.454523,84.1645,11.9698,0.0,0,5.0891,0.8597,55.493,0.0,True,25.5,4840,1.522,1.08
google,500,20,linear,True,False,10.0,0.4,0.3,0.3,0,auto,WOA,random,11,0.3333333333333333,E23,5.26,31.19,35,0.460305,83.963,10.8498,0.0,0,5.1391,0.8648,53.962,0.0,True,26.0,4840,1.5073,1.08
google,500,20,linear,True,False,10.0,0.4,0.3,0.3,0,auto,WOA,random,12,0.3333333333333333,E23,5.26,31.19,35,0.471317,83.5794,8.717,0.0,0,5.2391,0.8839,51.325,0.0,True,26.0,4840,1.4859,1.07
google,500,20,linear,True,False,10.0,0.4,0.3,0.3,0,auto,WOA,random,13,0.3333333333333333,E23,5.26,31.19,35,0.454571,84.1628,11.9605,0.0,0,5.1391,0.8672,51.754,0.0,True,25.5,4840,1.5392,1.02
google,500,20,linear,True,False,10.0,0.4,0.3,0.3,0,auto,WOA,random,14,0.3333333333333333,E23,5.26,31.19,35,0.457966,84.0445,11.3029,0.0,0,5.1391,0.8664,54.239,0.0,True,26.0,4840,1.5301,1.05
google,500,20,linear,True,False,10.0,0.4,0.3,0.3,0,auto,WOA,random,15,0.3333333333333333,E23,5.26,31.19,35,0.454535,84.1641,11.9673,0.0,0,5.0891,0.8618,54.113,0.0,True,25.5,4840,1.5445,0.98
google,500,20,linear,True,False,10.0,0.4,0.3,0.3,0,auto,WOA,carbon,1,0.3333333333333333,E23,5.26,31.19,35,0.463264,83.86,10.2769,0.0,0,5.4891,0.9068,40.007,0.0,True,25.5,4840,1.5642,0.98
google,500,20,linear,True,False,10.0,0.4,0.3,0.3,0,auto,WOA,carbon,2,0.3333333333333333,E23,5.26,31.19,35,0.453462,84.2014,12.1751,0.0,0,5.1891,0.8747,52.503,0.0,True,25.5,4840,1.5434,1.05
google,500,20,linear,True,False,10.0,0.4,0.3,0.3,0,auto,WOA,carbon,3,0.3333333333333333,E23,5.26,31.19,35,0.456856,84.0832,11.5179,0.0,0,5.0891,0.864,54.039,0.0,True,24.5,4840,1.5853,0.99
google,500,20,linear,True,False,10.0,0.4,0.3,0.3,0,auto,WOA,carbon,4,0.3333333333333333,E23,5.26,31.19,35,0.454442,84.1673,11.9854,0.0,0,5.0891,0.855,53.497,0.0,True,25.0,4840,1.5736,1.06
google,500,20,linear,True,False,10.0,0.4,0.3,0.3,0,auto,WOA,carbon,5,0.3333333333333333,E23,5.26,31.19,35,0.456474,84.0965,11.5918,0.0,0,5.2891,0.8796,48.357,0.0,True,25.5,4840,1.5572,1.08
google,500,20,linear,True,False,10.0,0.4,0.3,0.3,0,auto,WOA,carbon,6,0.3333333333333333,E23,5.26,31.19,35,0.4602,83.9667,10.8701,0.0,0,5.3391,0.8955,47.287,0.0,True,26.0,4840,1.4837,1.05
google,500,20,linear,True,False,10.0,0.4,0.3,0.3,0,auto,WOA,carbon,7,0.3333333333333333,E23,5.26,31.19,35,0.452018,84.2518,12.4549,0.0,0,5.0891,0.8544,53.139,0.0,True,25.0,4840,1.4748,1.01
google,500,20,linear,True,False,10.0,0.4,0.3,0.3,0,auto,WOA,carbon,8,0.3333333333333333,E23,5.26,31.19,35,0.457386,84.0647,11.4152,0.0,0,5.2891,0.879,47.87,0.0,True,25.5,4840,1.4906,1.0
google,500,20,linear,True,False,10.0,0.4,0.3,0.3,0,auto,WOA,carbon,9,0.3333333333333333,E23,5.26,31.19,35,0.463105,83.8655,10.3076,0.0,0,5.1891,0.879,51.922,0.0,True,26.0,4840,1.5221,0.98
google,500,20,linear,True,False,10.0,0.4,0.3,0.3,0,auto,WOA,carbon,10,0.3333333333333333,E23,5.26,31.19,35,0.46129,83.9287,10.659,0.0,0,5.0891,0.8595,54.172,0.0,True,24.5,4840,1.4778,1.0
google,500,20,linear,True,False,10.0,0.4,0.3,0.3,0,auto,WOA,carbon,11,0.3333333333333333,E23,5.26,31.19,35,0.45836,84.0308,11.2266,0.0,0,5.1391,0.8678,54.258,0.0,True,26.0,4840,1.474,1.01
google,500,20,linear,True,False,10.0,0.4,0.3,0.3,0,auto,WOA,carbon,12,0.3333333333333333,E23,5.26,31.19,35,0.472916,83.5237,8.4075,0.0,0,5.2391,0.8803,51.358,0.0,True,26.0,4840,1.4981,0.99
google,500,20,linear,True,False,10.0,0.4,0.3,0.3,0,auto,WOA,carbon,13,0.3333333333333333,E23,5.26,31.19,35,0.453523,84.1993,12.1634,0.0,0,5.0891,0.8592,55.007,0.0,True,25.5,4840,1.5035,1.04
google,500,20,linear,True,False,10.0,0.4,0.3,0.3,0,0.25,WOA,carbon,11,0.3333333333333333,E23,5.26,31.19,35,1.328277,59.9654,1.2966,0.0,0,14.5891,2.5157,12.73,0.0,True,24.5,4840,1.5277,0.99
google,500,20,linear,True,False,10.0,0.4,0.3,0.3,0,0.25,WOA,carbon,12,0.3333333333333333,E23,5.26,31.19,35,1.326852,60.0084,1.4025,0.0,0,14.5891,2.5157,12.73,0.0,True,24.5,4840,1.4789,1.01
google,500,20,linear,True,False,10.0,0.4,0.3,0.3,0,0.25,WOA,carbon,13,0.3333333333333333,E23,5.26,31.19,35,1.333179,59.8177,0.9323,0.0,0,14.5891,2.5157,12.73,0.0,True,24.5,4840,1.4874,1.01
google,500,20,linear,True,False,10.0,0.4,0.3,0.3,0,0.25,WOA,carbon,14,0.3333333333333333,E23,5.26,31.19,35,1.329224,59.9369,1.2263,0.0,0,14.5891,2.5168,12.73,0.0,True,24.5,4840,1.4917,1.02
google,500,20,linear,True,False,10.0,0.4,0.3,0.3,0,0.25,WOA,carbon,15,0.3333333333333333,E23,5.26,31.19,35,1.329727,59.9217,1.1889,0.0,0,14.5891,2.5152,12.73,0.0,True,24.5,4840,1.4973,1.02
google,500,20,linear,True,False,10.0,0.4,0.3,0.3,0,0.5,FIFO,-,0,0.3333333333333333,E23,5.26,31.19,35,3.958576,0.0,-60.19,0.0,0,43.4391,7.2142,2.704,0.0,True,24.5,0,0.0,0.0
google,500,20,linear,True,False,10.0,0.4,0.3,0.3,0,0.5,Consolidation,-,0,0.3333333333333333,E23,5.26,31.19,35,2.471176,37.5741,0.0,0.0,0,26.8391,4.6567,6.365,0.0,True,24.5,0,0.0,0.0
google,500,20,linear,True,False,10.0,0.4,0.3,0.3,0,0.5,Greedy(EDF+greenest),-,0,0.3333333333333333,E23,5.26,31.19,35,2.596664,34.4041,-5.0781,0.0,0,28.3391,4.8743,5.998,0.0,True,26.0,0,0.0001,0.0
google,500,20,linear,True,False,10.0,0.4,0.3,0.3,0,0.25,WOA,random,2,0.3333333333333333,E23,5.26,31.19,35,1.334968,59.7638,0.7994,0.0,0,14.5891,2.5191,12.73,0.0,True,24.5,4840,1.4886,1.03
google,500,20,linear,True,False,10.0,0.4,0.3,0.3,0,0.25,WOA,random,3,0.3333333333333333,E23,5.26,31.19,35,1.33639,59.7209,0.6937,0.0,0,14.5891,2.5251,12.73,0.0,True,24.5,4840,1.5027,0.99
google,500,20,linear,True,False,10.0,0.4,0.3,0.3,0,0.25,WOA,random,4,0.3333333333333333,E23,5.26,31.19,35,1.334792,59.7691,0.8125,0.0,0,14.5891,2.527,12.73,0.0,True,24.5,4840,1.5139,1.04
google,500,20,linear,True,False,10.0,0.4,0.3,0.3,0,0.25,WOA,random,5,0.3333333333333333,E23,5.26,31.19,35,1.336264,59.7247,0.7031,0.0,0,14.5891,2.5292,12.73,0.0,True,24.5,4840,1.4882,0.99
google,500,20,linear,True,False,10.0,0.4,0.3,0.3,0,0.25,WOA,random,6,0.3333333333333333,E23,5.26,31.19,35,1.333678,59.8026,0.8952,0.0,0,14.5891,2.5247,12.73,0.0,True,24.5,4840,1.4827,1.01
google,500,20,linear,True,False,10.0,0.4,0.3,0.3,0,0.25,WOA,random,7,0.3333333333333333,E23,5.26,31.19,35,1.336154,59.728,0.7113,0.0,0,14.5891,2.5219,12.73,0.0,True,24.5,4840,1.4977,1.03
google,500,20,linear,True,False,10.0,0.4,0.3,0.3,0,0.25,WOA,random,8,0.3333333333333333,E23,5.26,31.19,35,1.336028,59.7318,0.7206,0.0,0,14.5891,2.529,12.73,0.0,True,24.5,4840,1.4867,1.01
google,500,20,linear,True,False,10.0,0.4,0.3,0.3,0,0.25,WOA,random,9,0.3333333333333333,E23,5.26,31.19,35,1.335015,59.7624,0.7959,0.0,0,14.5891,2.518,12.73,0.0,True,24.5,4840,1.4951,0.99
google,1000,10,linear,True,False,10.0,0.4,0.3,0.3,0,0,FIFO,-,0,0.3333333333333333,E23,10.62,62.6,36,5.695252,0.0,-571.0542,0.0,0,63.4948,10.3629,5.328,0.9909,False,24.5,0,0.0,0.0
google,1000,10,linear,True,False,10.0,0.4,0.3,0.3,0,0,Consolidation,-,0,0.3333333333333333,E23,10.62,62.6,36,0.848702,85.0981,0.0,0.0,0,9.3448,1.5354,47.572,0.9909,False,24.5,0,0.0,0.0
google,1000,10,linear,True,False,10.0,0.4,0.3,0.3,0,0,Greedy(EDF+greenest),-,0,0.3333333333333333,E23,10.62,62.6,36,0.65416,88.5139,22.9223,0.0,0,8.6948,1.4,57.308,7.1411,False,26.0,0,0.0002,0.0
google,1000,10,linear,True,False,10.0,0.4,0.3,0.3,0,0,VCC(Google),-,0,0.3333333333333333,E23,10.62,62.6,36,0.848079,85.109,0.0734,0.0,0,9.3448,1.5354,48.671,0.0,True,24.5,0,0.0033,0.0
google,1000,10,linear,True,False,10.0,0.4,0.3,0.3,0,0,Threshold(WaitAwhile),-,0,0.3333333333333333,E23,10.62,62.6,36,0.787962,86.1646,7.1568,0.0,0,9.0448,1.4525,54.989,0.9909,False,25.5,0,0.0133,0.0
google,1000,10,linear,True,False,10.0,0.4,0.3,0.3,0,0,WOA,random,1,0.3333333333333333,E23,10.62,62.6,36,0.772131,86.4426,9.0222,0.0,0,8.7948,1.449,72.84,0.0,True,27.0,4840,2.2356,1.71
google,1000,10,linear,True,False,10.0,0.4,0.3,0.3,0,0,WOA,random,2,0.3333333333333333,E23,10.62,62.6,36,0.752534,86.7866,11.3312,0.0,0,8.6948,1.4326,72.933,0.0,True,27.0,4840,2.2174,1.73
google,1000,10,linear,True,False,10.0,0.4,0.3,0.3,0,0,WOA,random,3,0.3333333333333333,E23,10.62,62.6,36,0.773165,86.4244,8.9003,0.0,0,8.7448,1.4399,73.507,0.0,True,27.5,4840,2.2233,1.84
google,500,20,linear,True,False,10.0,0.4,0.3,0.3,0,0.5,VCC(Google),-,0,0.3333333333333333,E23,5.26,31.19,35,2.471176,37.5741,0.0,0.0,0,26.8391,4.6567,6.365,0.0,True,24.5,0,0.0017,0.0
google,500,20,linear,True,False,10.0,0.4,0.3,0.3,0,0.5,Threshold(WaitAwhile),-,0,0.3333333333333333,E23,5.26,31.19,35,2.573575,34.9873,-4.1438,0.0,0,27.8391,4.7993,6.115,0.0,True,25.5,0,0.0068,0.0
google,500,20,linear,True,False,10.0,0.4,0.3,0.3,0,0.5,WOA,random,1,0.3333333333333333,E23,5.26,31.19,35,2.464911,37.7324,0.2535,0.0,0,26.8391,4.6546,6.365,0.0,True,24.5,4840,1.5359,1.02
google,500,20,linear,True,False,10.0,0.4,0.3,0.3,0,0.5,WOA,random,2,0.3333333333333333,E23,5.26,31.19,35,2.465468,37.7183,0.231,0.0,0,26.8391,4.6566,6.365,0.0,True,24.5,4840,1.4775,1.03
google,500,20,linear,True,False,10.0,0.4,0.3,0.3,0,0.5,WOA,random,3,0.3333333333333333,E23,5.26,31.19,35,2.46689,37.6824,0.1734,0.0,0,26.8391,4.6626,6.365,0.0,True,24.5,4840,1.4861,0.99
google,500,20,linear,True,False,10.0,0.4,0.3,0.3,0,0.5,WOA,random,4,0.3333333333333333,E23,5.26,31.19,35,2.465292,37.7228,0.2381,0.0,0,26.8391,4.6645,6.365,0.0,True,24.5,4840,1.4975,1.05
google,500,20,linear,True,False,10.0,0.4,0.3,0.3,0,0.5,WOA,random,5,0.3333333333333333,E23,5.26,31.19,35,2.466764,37.6856,0.1785,0.0,0,26.8391,4.6667,6.365,0.0,True,24.5,4840,1.4931,0.99
google,500,20,linear,True,False,10.0,0.4,0.3,0.3,0,0.5,WOA,random,6,0.3333333333333333,E23,5.26,31.19,35,2.464178,37.7509,0.2832,0.0,0,26.8391,4.6622,6.365,0.0,True,24.5,4840,1.5223,1.03
google,500,20,linear,True,False,10.0,0.4,0.3,0.3,0,0.25,WOA,random,10,0.3333333333333333,E23,5.26,31.19,35,1.335821,59.738,0.736,0.0,0,14.5891,2.5219,12.73,0.0,True,24.5,4840,1.5214,0.99
google,500,20,linear,True,False,10.0,0.4,0.3,0.3,0,0.25,WOA,random,11,0.3333333333333333,E23,5.26,31.19,35,1.336033,59.7317,0.7202,0.0,0,14.5891,2.5258,12.73,0.0,True,24.5,4840,1.5294,0.95
google,500,20,linear,True,False,10.0,0.4,0.3,0.3,0,0.25,WOA,random,12,0.3333333333333333,E23,5.26,31.19,35,1.336362,59.7217,0.6958,0.0,0,14.5891,2.5202,12.73,0.0,True,24.5,4840,1.4776,0.98
google,500,20,linear,True,False,10.0,0.4,0.3,0.3,0,0.25,WOA,random,13,0.3333333333333333,E23,5.26,31.19,35,1.336683,59.7121,0.6719,0.0,0,14.5891,2.5235,12.73,0.0,True,24.5,4840,1.4868,1.04
google,500,20,linear,True,False,10.0,0.4,0.3,0.3,0,0.25,WOA,random,14,0.3333333333333333,E23,5.26,31.19,35,1.33618,59.7273,0.7094,0.0,0,14.5891,2.5268,12.73,0.0,True,24.5,4840,1.4908,1.0
google,500,20,linear,True,False,10.0,0.4,0.3,0.3,0,0.25,WOA,random,15,0.3333333333333333,E23,5.26,31.19,35,1.334108,59.7897,0.8633,0.0,0,14.5891,2.5279,12.73,0.0,True,24.5,4840,1.4923,0.99
google,500,20,linear,True,False,10.0,0.4,0.3,0.3,0,0.25,WOA,carbon,1,0.3333333333333333,E23,5.26,31.19,35,1.328299,59.9648,1.295,0.0,0,14.5891,2.5146,12.73,0.0,True,24.5,4840,1.4793,0.97
google,500,20,linear,True,False,10.0,0.4,0.3,0.3,0,0.25,WOA,carbon,2,0.3333333333333333,E23,5.26,31.19,35,1.33472,59.7712,0.8178,0.0,0,14.5891,2.5152,12.73,0.0,True,24.5,4840,1.5142,1.03
google,500,20,linear,True,False,10.0,0.4,0.3,0.3,0,0.25,WOA,carbon,3,0.3333333333333333,E23,5.26,31.19,35,1.332213,59.8468,1.0041,0.0,0,14.5891,2.5256,12.73,0.0,True,24.5,4840,1.5308,1.03
google,500,20,linear,True,False,10.0,0.4,0.3,0.3,0,0.25,WOA,carbon,4,0.3333333333333333,E23,5.26,31.19,35,1.329054,59.942,1.2389,0.0,0,14.5891,2.5157,12.73,0.0,True,24.5,4840,1.4701,1.04
google,500,20,linear,True,False,10.0,0.4,0.3,0.3,0,0.25,WOA,carbon,5,0.3333333333333333,E23,5.26,31.19,35,1.325675,60.0439,1.49,0.0,0,14.5891,2.5123,12.73,0.0,True,24.5,4840,1.4864,0.99
google,500,20,linear,True,False,10.0,0.4,0.3,0.3,0,0.25,WOA,carbon,6,0.3333333333333333,E23,5.26,31.19,35,1.328561,59.9569,1.2755,0.0,0,14.5891,2.5129,12.73,0.0,True,24.5,4840,1.4825,0.99
google,500,20,linear,True,False,10.0,0.4,0.3,0.3,0,0.25,WOA,carbon,7,0.3333333333333333,E23,5.26,31.19,35,1.330307,59.9042,1.1457,0.0,0,14.5891,2.5168,12.73,0.0,True,24.5,4840,1.4928,1.08
google,500,20,linear,True,False,10.0,0.4,0.3,0.3,0,0.25,WOA,carbon,8,0.3333333333333333,E23,5.26,31.19,35,1.329283,59.9351,1.2218,0.0,0,14.5891,2.5157,12.73,0.0,True,24.5,4840,1.4894,0.98
google,500,20,linear,True,False,10.0,0.4,0.3,0.3,0,0.25,WOA,carbon,9,0.3333333333333333,E23,5.26,31.19,35,1.328599,59.9557,1.2727,0.0,0,14.5891,2.5135,12.73,0.0,True,24.5,4840,1.5174,0.98
google,500,20,linear,True,False,10.0,0.4,0.3,0.3,0,0.25,WOA,carbon,10,0.3333333333333333,E23,5.26,31.19,35,1.330445,59.9001,1.1355,0.0,0,14.5891,2.5163,12.73,0.0,True,24.5,4840,1.4995,1.06
google,500,20,linear,True,False,10.0,0.4,0.3,0.3,0,0.5,WOA,random,7,0.3333333333333333,E23,5.26,31.19,35,2.466654,37.6884,0.183,0.0,0,26.8391,4.6594,6.365,0.0,True,24.5,4840,1.4964,1.01
google,500,20,linear,True,False,10.0,0.4,0.3,0.3,0,0.5,WOA,random,8,0.3333333333333333,E23,5.26,31.19,35,2.466528,37.6915,0.1881,0.0,0,26.8391,4.6665,6.365,0.0,True,24.5,4840,1.475,1.01
google,500,20,linear,True,False,10.0,0.4,0.3,0.3,0,0.5,WOA,random,9,0.3333333333333333,E23,5.26,31.19,35,2.465515,37.7171,0.2291,0.0,0,26.8391,4.6555,6.365,0.0,True,24.5,4840,1.5045,0.99
google,500,20,linear,True,False,10.0,0.4,0.3,0.3,0,0.5,WOA,random,10,0.3333333333333333,E23,5.26,31.19,35,2.466321,37.6967,0.1964,0.0,0,26.8391,4.6594,6.365,0.0,True,24.5,4840,1.502,0.99
google,500,20,linear,True,False,10.0,0.4,0.3,0.3,0,0.5,WOA,random,11,0.3333333333333333,E23,5.26,31.19,35,2.466533,37.6914,0.1879,0.0,0,26.8391,4.6633,6.365,0.0,True,24.5,4840,1.5209,0.95
google,500,20,linear,True,False,10.0,0.4,0.3,0.3,0,0.5,WOA,random,12,0.3333333333333333,E23,5.26,31.19,35,2.466862,37.6831,0.1745,0.0,0,26.8391,4.6577,6.365,0.0,True,24.5,4840,1.5063,1.02
google,500,20,linear,True,False,10.0,0.4,0.3,0.3,0,0.5,WOA,random,13,0.3333333333333333,E23,5.26,31.19,35,2.467183,37.675,0.1616,0.0,0,26.8391,4.661,6.365,0.0,True,24.5,4840,1.5103,1.06
google,500,20,linear,True,False,10.0,0.4,0.3,0.3,0,0.5,WOA,random,14,0.3333333333333333,E23,5.26,31.19,35,2.46668,37.6877,0.1819,0.0,0,26.8391,4.6643,6.365,0.0,True,24.5,4840,1.5133,1.03
google,500,20,linear,True,False,10.0,0.4,0.3,0.3,0,0.5,WOA,random,15,0.3333333333333333,E23,5.26,31.19,35,2.464608,37.74,0.2658,0.0,0,26.8391,4.6654,6.365,0.0,True,24.5,4840,1.5033,0.99
google,500,20,linear,True,False,10.0,0.4,0.3,0.3,0,0.5,WOA,carbon,1,0.3333333333333333,E23,5.26,31.19,35,2.458799,37.8868,0.5008,0.0,0,26.8391,4.6521,6.365,0.0,True,24.5,4840,1.4919,0.97
google,500,20,linear,True,False,10.0,0.4,0.3,0.3,0,0.5,WOA,carbon,2,0.3333333333333333,E23,5.26,31.19,35,2.465271,37.7233,0.239,0.0,0,26.8391,4.6527,6.365,0.0,True,24.5,4840,1.498,1.01
google,500,20,linear,True,False,10.0,0.4,0.3,0.3,0,0.5,WOA,carbon,3,0.3333333333333333,E23,5.26,31.19,35,2.459593,37.8667,0.4687,0.0,0,26.8391,4.6555,6.365,0.0,True,24.5,4840,1.4861,1.01
google,500,20,linear,True,False,10.0,0.4,0.3,0.3,0,0.5,WOA,carbon,4,0.3333333333333333,E23,5.26,31.19,35,2.459554,37.8677,0.4703,0.0,0,26.8391,4.6532,6.365,0.0,True,24.5,4840,1.4876,1.04
google,500,20,linear,True,False,10.0,0.4,0.3,0.3,0,0.5,WOA,carbon,5,0.3333333333333333,E23,5.26,31.19,35,2.460475,37.8444,0.433,0.0,0,26.8391,4.6527,6.365,0.0,True,24.5,4840,1.5348,1.0
google,500,20,linear,True,False,10.0,0.4,0.3,0.3,0,0.5,WOA,carbon,6,0.3333333333333333,E23,5.26,31.19,35,2.459061,37.8802,0.4902,0.0,0,26.8391,4.6504,6.365,0.0,True,24.5,4840,1.4879,1.01
google,500,20,linear,True,False,10.0,0.4,0.3,0.3,0,0.5,WOA,carbon,7,0.3333333333333333,E23,5.26,31.19,35,2.460807,37.836,0.4196,0.0,0,26.8391,4.6543,6.365,0.0,True,24.5,4840,1.5139,1.11
google,1000,10,linear,True,False,10.0,0.4,0.3,0.3,0,0,WOA,carbon,13,0.3333333333333333,E23,10.62,62.6,36,0.668665,88.2593,21.2133,0.0,0,8.6948,1.3925,63.191,0.0,True,26.0,4840,2.2361,1.66
google,1000,10,linear,True,False,10.0,0.4,0.3,0.3,0,0,WOA,carbon,14,0.3333333333333333,E23,10.62,62.6,36,0.672473,88.1924,20.7646,0.0,0,8.6948,1.4,64.415,0.0,True,26.5,4840,2.2663,1.73
google,1000,10,linear,True,False,10.0,0.4,0.3,0.3,0,0,WOA,carbon,15,0.3333333333333333,E23,10.62,62.6,36,0.680188,88.0569,19.8556,0.0,0,8.7948,1.415,60.029,0.0,True,26.5,4840,2.2469,1.9
google,1000,10,linear,True,False,10.0,0.4,0.3,0.3,0,auto,FIFO,-,0,0.3333333333333333,E23,10.62,62.6,36,5.792502,0.0,-472.2955,0.0,0,64.4948,10.5429,4.254,0.9909,False,24.5,0,0.0,0.0
google,1000,10,linear,True,False,10.0,0.4,0.3,0.3,0,auto,Consolidation,-,0,0.3333333333333333,E23,10.62,62.6,36,1.012152,82.5265,0.0,0.0,0,11.0948,1.8429,35.959,0.9909,False,24.5,0,0.0,0.0
google,1000,10,linear,True,False,10.0,0.4,0.3,0.3,0,auto,Greedy(EDF+greenest),-,0,0.3333333333333333,E23,10.62,62.6,36,0.96746,83.2981,4.4156,0.0,0,11.7948,1.9325,25.847,7.1411,False,26.0,0,0.0001,0.0
google,1000,10,linear,True,False,10.0,0.4,0.3,0.3,0,auto,VCC(Google),-,0,0.3333333333333333,E23,10.62,62.6,36,1.001679,82.7073,1.0348,0.0,0,10.9948,1.8279,37.871,0.0,True,24.5,0,0.0027,0.0
google,1000,10,linear,True,False,10.0,0.4,0.3,0.3,0,auto,Threshold(WaitAwhile),-,0,0.3333333333333333,E23,10.62,62.6,36,1.019862,82.3934,-0.7617,0.0,0,11.2948,1.8575,34.532,0.9909,False,25.5,0,0.0126,0.0
google,500,20,linear,True,False,10.0,0.4,0.3,0.3,0,0.5,WOA,carbon,8,0.3333333333333333,E23,5.26,31.19,35,2.460892,37.8339,0.4161,0.0,0,26.8391,4.6532,6.365,0.0,True,24.5,4840,1.4873,0.98
google,500,20,linear,True,False,10.0,0.4,0.3,0.3,0,0.5,WOA,carbon,9,0.3333333333333333,E23,5.26,31.19,35,2.462455,37.7944,0.3529,0.0,0,26.8391,4.6556,6.365,0.0,True,24.5,4840,1.5017,0.98
google,500,20,linear,True,False,10.0,0.4,0.3,0.3,0,0.5,WOA,carbon,10,0.3333333333333333,E23,5.26,31.19,35,2.460945,37.8326,0.414,0.0,0,26.8391,4.6538,6.365,0.0,True,24.5,4840,1.4802,1.03
google,500,20,linear,True,False,10.0,0.4,0.3,0.3,0,0.5,WOA,carbon,11,0.3333333333333333,E23,5.26,31.19,35,2.458804,37.8867,0.5007,0.0,0,26.8391,4.6532,6.365,0.0,True,24.5,4840,1.484,0.98
google,500,20,linear,True,False,10.0,0.4,0.3,0.3,0,0.5,WOA,carbon,12,0.3333333333333333,E23,5.26,31.19,35,2.465033,37.7293,0.2486,0.0,0,26.8391,4.6521,6.365,0.0,True,24.5,4840,1.5188,1.06
google,500,20,linear,True,False,10.0,0.4,0.3,0.3,0,0.5,WOA,carbon,13,0.3333333333333333,E23,5.26,31.19,35,2.463343,37.772,0.317,0.0,0,26.8391,4.6532,6.365,0.0,True,24.5,4840,1.4932,1.03
google,500,20,linear,True,False,10.0,0.4,0.3,0.3,0,0.5,WOA,carbon,14,0.3333333333333333,E23,5.26,31.19,35,2.459618,37.8661,0.4677,0.0,0,26.8391,4.6543,6.365,0.0,True,24.5,4840,1.4994,1.0
google,500,20,linear,True,False,10.0,0.4,0.3,0.3,0,0.5,WOA,carbon,15,0.3333333333333333,E23,5.26,31.19,35,2.460227,37.8507,0.4431,0.0,0,26.8391,4.6527,6.365,0.0,True,24.5,4840,1.5088,1.04
google,1000,10,linear,True,False,10.0,0.4,0.3,0.3,0,0,WOA,random,4,0.3333333333333333,E23,10.62,62.6,36,0.764453,86.5774,9.9268,0.0,0,8.8448,1.4591,71.296,0.0,True,27.0,4840,2.2126,1.96
google,1000,10,linear,True,False,10.0,0.4,0.3,0.3,0,0,WOA,random,5,0.3333333333333333,E23,10.62,62.6,36,0.749533,86.8393,11.6848,0.0,0,8.6948,1.4341,75.015,0.0,True,26.5,4840,2.2097,1.85
google,1000,10,linear,True,False,10.0,0.4,0.3,0.3,0,0,WOA,random,6,0.3333333333333333,E23,10.62,62.6,36,0.757738,86.6953,10.7181,0.0,0,8.6448,1.4234,74.763,0.0,True,26.5,4840,2.2075,1.83
google,1000,10,linear,True,False,10.0,0.4,0.3,0.3,0,0,WOA,random,7,0.3333333333333333,E23,10.62,62.6,36,0.774837,86.395,8.7034,0.0,0,8.8448,1.4669,71.096,0.0,True,28.0,4840,2.2319,1.85
google,1000,10,linear,True,False,10.0,0.4,0.3,0.3,0,0,WOA,random,8,0.3333333333333333,E23,10.62,62.6,36,0.769849,86.4826,9.2911,0.0,0,8.8948,1.4734,70.868,0.0,True,28.0,4840,2.2617,1.9
google,1000,10,linear,True,False,10.0,0.4,0.3,0.3,0,0,WOA,random,9,0.3333333333333333,E23,10.62,62.6,36,0.772501,86.436,8.9785,0.0,0,8.7948,1.456,73.259,0.0,True,26.0,4840,2.2459,1.87
google,1000,10,linear,True,False,10.0,0.4,0.3,0.3,0,0,WOA,random,10,0.3333333333333333,E23,10.62,62.6,36,0.775661,86.3806,8.6062,0.0,0,8.8448,1.4537,71.716,0.0,True,28.0,4840,2.2817,1.69
google,1000,10,linear,True,False,10.0,0.4,0.3,0.3,0,0,WOA,random,11,0.3333333333333333,E23,10.62,62.6,36,0.769033,86.4969,9.3872,0.0,0,8.9448,1.4694,67.82,0.0,True,27.0,4840,2.2946,1.98
google,1000,10,linear,True,False,10.0,0.4,0.3,0.3,0,0.25,WOA,carbon,15,0.3333333333333333,E23,10.62,62.6,36,1.089038,81.4292,9.0347,0.0,0,12.0448,2.0572,42.583,0.0,True,24.5,4840,2.2898,1.8
google,1000,10,linear,True,False,10.0,0.4,0.3,0.3,0,0.5,FIFO,-,0,0.3333333333333333,E23,10.62,62.6,36,6.068602,0.0,-276.2069,0.0,0,67.2448,11.0304,3.723,0.9909,False,24.5,0,0.0,0.0
google,1000,10,linear,True,False,10.0,0.4,0.3,0.3,0,0.5,Consolidation,-,0,0.3333333333333333,E23,10.62,62.6,36,1.613102,73.4189,0.0,0.0,0,17.5948,2.9979,20.483,0.9909,False,24.5,0,0.0,0.0
google,1000,10,linear,True,False,10.0,0.4,0.3,0.3,0,0.5,Greedy(EDF+greenest),-,0,0.3333333333333333,E23,10.62,62.6,36,1.64346,72.9186,-1.8819,0.0,0,18.8948,3.1775,15.261,7.1411,False,26.0,0,0.0002,0.0
google,1000,10,linear,True,False,10.0,0.4,0.3,0.3,0,0.5,VCC(Google),-,0,0.3333333333333333,E23,10.62,62.6,36,1.597629,73.6739,0.9592,0.0,0,17.4448,2.9754,21.644,0.0,True,24.5,0,0.0032,0.0
google,1000,10,linear,True,False,10.0,0.4,0.3,0.3,0,0.5,Threshold(WaitAwhile),-,0,0.3333333333333333,E23,10.62,62.6,36,1.655312,72.7233,-2.6167,0.0,0,18.0948,3.0575,19.679,0.9909,False,25.5,0,0.0128,0.0
google,1000,10,linear,True,False,10.0,0.4,0.3,0.3,0,0.5,WOA,random,1,0.3333333333333333,E23,10.62,62.6,36,1.546259,74.5203,4.1438,0.0,0,16.9448,2.9088,25.55,0.0,True,24.5,4840,2.3375,1.74
google,1000,10,linear,True,False,10.0,0.4,0.3,0.3,0,0.5,WOA,random,2,0.3333333333333333,E23,10.62,62.6,36,1.544051,74.5567,4.2807,0.0,0,16.9448,2.9116,25.55,0.0,True,24.5,4840,2.3476,1.77
google,1000,10,linear,True,False,10.0,0.4,0.3,0.3,0,0,WOA,random,12,0.3333333333333333,E23,10.62,62.6,36,0.763971,86.5858,9.9836,0.0,0,8.7448,1.4399,72.246,0.0,True,26.5,4840,2.3316,1.83
google,1000,10,linear,True,False,10.0,0.4,0.3,0.3,0,0,WOA,random,13,0.3333333333333333,E23,10.62,62.6,36,0.761845,86.6232,10.2342,0.0,0,8.7448,1.4382,74.643,0.0,True,27.0,4840,2.3346,1.8
google,1000,10,linear,True,False,10.0,0.4,0.3,0.3,0,0,WOA,random,14,0.3333333333333333,E23,10.62,62.6,36,0.767114,86.5306,9.6134,0.0,0,8.6948,1.4343,75.159,0.0,True,27.5,4840,2.3326,1.67
google,1000,10,linear,True,False,10.0,0.4,0.3,0.3,0,0,WOA,random,15,0.3333333333333333,E23,10.62,62.6,36,0.768133,86.5128,9.4932,0.0,0,8.8448,1.4532,70.664,0.0,True,27.5,4840,2.336,1.75
google,1000,10,linear,True,False,10.0,0.4,0.3,0.3,0,0,WOA,carbon,1,0.3333333333333333,E23,10.62,62.6,36,0.677603,88.1023,20.1601,0.0,0,8.7948,1.4075,61.04,0.0,True,26.5,4840,2.3944,1.74
google,1000,10,linear,True,False,10.0,0.4,0.3,0.3,0,0,WOA,carbon,2,0.3333333333333333,E23,10.62,62.6,36,0.674456,88.1576,20.531,0.0,0,8.7448,1.4,61.799,0.0,True,26.0,4840,2.3615,1.78
google,1000,10,linear,True,False,10.0,0.4,0.3,0.3,0,0,WOA,carbon,3,0.3333333333333333,E23,10.62,62.6,36,0.683309,88.0021,19.4878,0.0,0,8.7948,1.4225,58.25,0.0,True,26.5,4840,2.3917,1.72
google,1000,10,linear,True,False,10.0,0.4,0.3,0.3,0,0,WOA,carbon,4,0.3333333333333333,E23,10.62,62.6,36,0.674127,88.1634,20.5697,0.0,0,8.7448,1.4075,60.517,0.0,True,26.5,4840,2.4344,1.74
google,1000,10,linear,True,False,10.0,0.4,0.3,0.3,0,0.25,Greedy(EDF+greenest),-,0,0.3333333333333333,E23,10.62,62.6,36,1.18736,79.7526,0.8221,0.0,0,14.0948,2.3375,20.587,7.1411,False,26.0,0,0.0001,0.0
google,1000,10,linear,True,False,10.0,0.4,0.3,0.3,0,0.25,VCC(Google),-,0,0.3333333333333333,E23,10.62,62.6,36,1.181729,79.8486,1.2925,0.0,0,12.9448,2.1804,30.891,0.0,True,24.5,0,0.0024,0.0
google,1000,10,linear,True,False,10.0,0.4,0.3,0.3,0,0.25,Threshold(WaitAwhile),-,0,0.3333333333333333,E23,10.62,62.6,36,1.217712,79.235,-1.7131,0.0,0,13.3948,2.2325,27.842,0.9909,False,25.5,0,0.0132,0.0
google,1000,10,linear,True,False,10.0,0.4,0.3,0.3,0,0.25,WOA,random,1,0.3333333333333333,E23,10.62,62.6,36,1.111047,81.0539,7.1964,0.0,0,12.2448,2.0849,41.09,0.0,True,25.0,4840,2.3118,1.81
google,1000,10,linear,True,False,10.0,0.4,0.3,0.3,0,0.25,WOA,random,2,0.3333333333333333,E23,10.62,62.6,36,1.092972,81.3621,8.7061,0.0,0,12.0448,2.0544,42.583,0.0,True,24.5,4840,2.303,1.77
google,1000,10,linear,True,False,10.0,0.4,0.3,0.3,0,0.25,WOA,random,3,0.3333333333333333,E23,10.62,62.6,36,1.10669,81.1282,7.5603,0.0,0,12.1948,2.0735,41.732,0.0,True,25.0,4840,2.3244,1.85
google,1000,10,linear,True,False,10.0,0.4,0.3,0.3,0,0.25,WOA,random,4,0.3333333333333333,E23,10.62,62.6,36,1.106009,81.1398,7.6172,0.0,0,12.1948,2.0815,40.786,0.0,True,24.5,4840,2.3407,1.75
google,1000,10,linear,True,False,10.0,0.4,0.3,0.3,0,0.25,WOA,random,5,0.3333333333333333,E23,10.62,62.6,36,1.119988,80.9014,6.4496,0.0,0,12.2948,2.0917,40.503,0.0,True,25.0,4840,2.3921,1.85
google,1000,10,linear,True,False,10.0,0.4,0.3,0.3,0,auto,WOA,carbon,10,0.3333333333333333,E23,10.62,62.6,36,0.914927,84.205,9.6058,0.0,0,10.1948,1.7309,55.26,0.0,True,26.0,4840,2.2645,2.0
google,1000,10,linear,True,False,10.0,0.4,0.3,0.3,0,auto,WOA,carbon,11,0.3333333333333333,E23,10.62,62.6,36,0.914737,84.2083,9.6245,0.0,0,10.2948,1.7323,53.318,0.0,True,26.0,4840,2.2705,1.81
google,1000,10,linear,True,False,10.0,0.4,0.3,0.3,0,auto,WOA,carbon,12,0.3333333333333333,E23,10.62,62.6,36,0.897201,84.511,11.3571,0.0,0,10.0948,1.7086,56.018,0.0,True,25.0,4840,2.2581,1.86
google,1000,10,linear,True,False,10.0,0.4,0.3,0.3,0,auto,WOA,carbon,13,0.3333333333333333,E23,10.62,62.6,36,0.902355,84.422,10.8479,0.0,0,9.9948,1.6898,57.725,0.0,True,25.5,4840,2.3119,1.81
google,1000,10,linear,True,False,10.0,0.4,0.3,0.3,0,auto,WOA,carbon,14,0.3333333333333333,E23,10.62,62.6,36,0.912413,84.2484,9.8541,0.0,0,10.1448,1.7066,55.62,0.0,True,25.5,4840,2.3309,1.75
google,1000,10,linear,True,False,10.0,0.4,0.3,0.3,0,auto,WOA,carbon,15,0.3333333333333333,E23,10.62,62.6,36,0.897403,84.5075,11.3371,0.0,0,10.0948,1.7073,55.616,0.0,True,25.0,4840,2.3562,1.9
google,1000,10,linear,True,False,10.0,0.4,0.3,0.3,0,0.25,FIFO,-,0,0.3333333333333333,E23,10.62,62.6,36,5.864252,0.0,-389.8297,0.0,0,65.1948,10.6704,4.114,0.9909,False,24.5,0,0.0,0.0
google,1000,10,linear,True,False,10.0,0.4,0.3,0.3,0,0.25,Consolidation,-,0,0.3333333333333333,E23,10.62,62.6,36,1.197202,79.5847,0.0,0.0,0,13.0948,2.2029,28.978,0.9909,False,24.5,0,0.0,0.0
google,1000,10,linear,True,False,10.0,0.4,0.3,0.3,0,0,WOA,carbon,5,0.3333333333333333,E23,10.62,62.6,36,0.677312,88.1074,20.1944,0.0,0,8.7448,1.4075,62.419,0.0,True,26.0,4840,2.2334,1.67
google,1000,10,linear,True,False,10.0,0.4,0.3,0.3,0,0,WOA,carbon,6,0.3333333333333333,E23,10.62,62.6,36,0.672686,88.1887,20.7395,0.0,0,8.7448,1.4075,62.03,0.0,True,26.5,4840,2.2717,1.72
google,1000,10,linear,True,False,10.0,0.4,0.3,0.3,0,0,WOA,carbon,7,0.3333333333333333,E23,10.62,62.6,36,0.681759,88.0293,19.6704,0.0,0,8.7948,1.415,60.146,0.0,True,26.5,4840,2.2446,1.72
google,1000,10,linear,True,False,10.0,0.4,0.3,0.3,0,0,WOA,carbon,8,0.3333333333333333,E23,10.62,62.6,36,0.670332,88.23,21.0169,0.0,0,8.6948,1.3931,63.424,0.0,True,26.5,4840,2.2399,1.88
google,1000,10,linear,True,False,10.0,0.4,0.3,0.3,0,0,WOA,carbon,9,0.3333333333333333,E23,10.62,62.6,36,0.675103,88.1462,20.4547,0.0,0,8.7448,1.4,61.248,0.0,True,26.5,4840,2.2542,1.84
google,1000,10,linear,True,False,10.0,0.4,0.3,0.3,0,0,WOA,carbon,10,0.3333333333333333,E23,10.62,62.6,36,0.673314,88.1776,20.6655,0.0,0,8.5948,1.385,68.748,0.0,True,26.0,4840,2.2965,1.76
google,1000,10,linear,True,False,10.0,0.4,0.3,0.3,0,0,WOA,carbon,11,0.3333333333333333,E23,10.62,62.6,36,0.67167,88.2065,20.8592,0.0,0,8.6948,1.3925,62.891,0.0,True,26.5,4840,2.327,1.74
google,1000,10,linear,True,False,10.0,0.4,0.3,0.3,0,0,WOA,carbon,12,0.3333333333333333,E23,10.62,62.6,36,0.670679,88.2239,20.976,0.0,0,8.6948,1.3925,63.841,0.0,True,26.5,4840,2.3278,1.7
google,1000,10,linear,True,False,10.0,0.4,0.3,0.3,0,auto,WOA,random,1,0.3333333333333333,E23,10.62,62.6,36,0.909682,84.2955,10.124,0.0,0,10.0448,1.6983,56.943,0.0,True,25.5,4840,2.3118,1.85
google,1000,10,linear,True,False,10.0,0.4,0.3,0.3,0,auto,WOA,random,2,0.3333333333333333,E23,10.62,62.6,36,0.912673,84.2439,9.8285,0.0,0,10.1948,1.7231,54.651,0.0,True,25.5,4840,2.2934,1.8
google,1000,10,linear,True,False,10.0,0.4,0.3,0.3,0,auto,WOA,random,3,0.3333333333333333,E23,10.62,62.6,36,0.91881,84.1379,9.2222,0.0,0,10.2448,1.7232,54.371,0.0,True,26.0,4840,2.2865,1.8
google,1000,10,linear,True,False,10.0,0.4,0.3,0.3,0,auto,WOA,random,4,0.3333333333333333,E23,10.62,62.6,36,0.905541,84.367,10.5331,0.0,0,10.0448,1.6979,56.303,0.0,True,25.0,4840,2.305,1.73
google,1000,10,linear,True,False,10.0,0.4,0.3,0.3,0,auto,WOA,random,5,0.3333333333333333,E23,10.62,62.6,36,0.9175,84.1606,9.3515,0.0,0,10.1448,1.7122,55.441,0.0,True,25.5,4840,2.3435,1.85
google,1000,10,linear,True,False,10.0,0.4,0.3,0.3,0,auto,WOA,random,6,0.3333333333333333,E23,10.62,62.6,36,0.920931,84.1013,9.0126,0.0,0,10.1948,1.7164,54.848,0.0,True,25.5,4840,2.3639,1.7
google,1000,10,linear,True,False,10.0,0.4,0.3,0.3,0,auto,WOA,random,7,0.3333333333333333,E23,10.62,62.6,36,0.912023,84.2551,9.8928,0.0,0,10.0948,1.7013,55.4,0.0,True,25.0,4840,2.387,1.82
google,1000,10,linear,True,False,10.0,0.4,0.3,0.3,0,auto,WOA,random,8,0.3333333333333333,E23,10.62,62.6,36,0.913232,84.2342,9.7733,0.0,0,10.1448,1.7099,55.755,0.0,True,25.5,4840,2.3771,1.87
google,1000,10,linear,True,False,10.0,0.4,0.3,0.3,0,auto,WOA,random,9,0.3333333333333333,E23,10.62,62.6,36,0.903119,84.4088,10.7724,0.0,0,10.0448,1.6996,57.218,0.0,True,25.5,4840,2.2706,1.74
google,1000,10,linear,True,False,10.0,0.4,0.3,0.3,0,auto,WOA,random,10,0.3333333333333333,E23,10.62,62.6,36,0.917802,84.1553,9.3217,0.0,0,10.1448,1.7087,55.292,0.0,True,25.5,4840,2.3318,1.97
google,1000,10,linear,True,False,10.0,0.4,0.3,0.3,0,auto,WOA,random,11,0.3333333333333333,E23,10.62,62.6,36,0.912452,84.2477,9.8503,0.0,0,10.0948,1.7019,55.737,0.0,True,25.0,4840,2.2855,1.75
google,1000,10,linear,True,False,10.0,0.4,0.3,0.3,0,auto,WOA,random,12,0.3333333333333333,E23,10.62,62.6,36,0.917984,84.1522,9.3038,0.0,0,10.1448,1.7139,55.402,0.0,True,25.5,4840,2.2918,1.73
google,1000,10,linear,True,False,10.0,0.4,0.3,0.3,0,auto,WOA,random,13,0.3333333333333333,E23,10.62,62.6,36,0.906717,84.3467,10.4169,0.0,0,10.0448,1.691,57.233,0.0,True,25.5,4840,2.341,1.9
google,1000,10,linear,True,False,10.0,0.4,0.3,0.3,0,auto,WOA,random,14,0.3333333333333333,E23,10.62,62.6,36,0.906249,84.3548,10.4631,0.0,0,10.0448,1.6937,57.394,0.0,True,25.5,4840,2.3782,1.71
google,1000,10,linear,True,False,10.0,0.4,0.3,0.3,0,auto,WOA,random,15,0.3333333333333333,E23,10.62,62.6,36,0.903721,84.3984,10.7129,0.0,0,9.9948,1.687,57.666,0.0,True,25.0,4840,2.3739,2.01
google,1000,10,linear,True,False,10.0,0.4,0.3,0.3,0,auto,WOA,carbon,1,0.3333333333333333,E23,10.62,62.6,36,0.915423,84.1964,9.5568,0.0,0,10.1448,1.7064,55.443,0.0,True,25.5,4840,2.3666,1.7
google,1000,10,linear,True,False,10.0,0.4,0.3,0.3,0,auto,WOA,carbon,2,0.3333333333333333,E23,10.62,62.6,36,0.910621,84.2793,10.0312,0.0,0,10.0948,1.7064,55.017,0.0,True,24.5,4840,2.2673,1.89
google,1000,10,linear,True,False,10.0,0.4,0.3,0.3,0,auto,WOA,carbon,3,0.3333333333333333,E23,10.62,62.6,36,0.900639,84.4516,11.0174,0.0,0,9.9948,1.685,57.415,0.0,True,25.0,4840,2.2622,1.73
google,1000,10,linear,True,False,10.0,0.4,0.3,0.3,0,auto,WOA,carbon,4,0.3333333333333333,E23,10.62,62.6,36,0.902397,84.4213,10.8438,0.0,0,9.9948,1.6891,57.817,0.0,True,25.5,4840,2.2814,1.8
google,1000,10,linear,True,False,10.0,0.4,0.3,0.3,0,auto,WOA,carbon,5,0.3333333333333333,E23,10.62,62.6,36,0.9143,84.2158,9.6677,0.0,0,10.2948,1.7328,52.878,0.0,True,25.5,4840,2.3029,1.92
google,1000,10,linear,True,False,10.0,0.4,0.3,0.3,0,auto,WOA,carbon,6,0.3333333333333333,E23,10.62,62.6,36,0.917092,84.1676,9.3919,0.0,0,10.1948,1.7118,55.178,0.0,True,26.0,4840,2.3184,1.82
google,1000,10,linear,True,False,10.0,0.4,0.3,0.3,0,auto,WOA,carbon,7,0.3333333333333333,E23,10.62,62.6,36,0.90567,84.3648,10.5204,0.0,0,10.0448,1.692,56.647,0.0,True,25.0,4840,2.3547,1.74
google,1000,10,linear,True,False,10.0,0.4,0.3,0.3,0,auto,WOA,carbon,8,0.3333333333333333,E23,10.62,62.6,36,0.910594,84.2798,10.0339,0.0,0,10.0948,1.7,56.7,0.0,True,26.0,4840,2.3569,1.79
google,1000,10,linear,True,False,10.0,0.4,0.3,0.3,0,auto,WOA,carbon,9,0.3333333333333333,E23,10.62,62.6,36,0.903717,84.3985,10.7134,0.0,0,9.9948,1.6897,57.43,0.0,True,25.0,4840,2.3782,1.78
google,1000,10,linear,True,False,10.0,0.4,0.3,0.3,0,0.25,WOA,random,6,0.3333333333333333,E23,10.62,62.6,36,1.120083,80.8998,6.4416,0.0,0,12.3448,2.1037,40.913,0.0,True,25.5,4840,2.2779,1.9
google,1000,10,linear,True,False,10.0,0.4,0.3,0.3,0,0.25,WOA,random,7,0.3333333333333333,E23,10.62,62.6,36,1.118974,80.9187,6.5342,0.0,0,12.2948,2.0947,39.617,0.0,True,24.5,4840,2.2944,1.83
google,1000,10,linear,True,False,10.0,0.4,0.3,0.3,0,0.25,WOA,random,8,0.3333333333333333,E23,10.62,62.6,36,1.125303,80.8108,6.0056,0.0,0,12.3448,2.1043,39.887,0.0,True,25.0,4840,2.3334,1.67
google,1000,10,linear,True,False,10.0,0.4,0.3,0.3,0,0.25,WOA,random,9,0.3333333333333333,E23,10.62,62.6,36,1.103729,81.1787,7.8077,0.0,0,12.1448,2.0739,41.406,0.0,True,24.5,4840,2.3702,1.8
google,1000,10,linear,True,False,10.0,0.4,0.3,0.3,0,0.25,WOA,random,10,0.3333333333333333,E23,10.62,62.6,36,1.11058,81.0619,7.2354,0.0,0,12.2448,2.0882,41.213,0.0,True,25.0,4840,2.3898,1.95
google,1000,10,linear,True,False,10.0,0.4,0.3,0.3,0,0.25,WOA,random,11,0.3333333333333333,E23,10.62,62.6,36,1.106401,81.1331,7.5844,0.0,0,12.1948,2.0808,41.732,0.0,True,25.0,4840,2.3953,1.83
google,1000,10,linear,True,False,10.0,0.4,0.3,0.3,0,0.25,WOA,random,12,0.3333333333333333,E23,10.62,62.6,36,1.109031,81.0883,7.3648,0.0,0,12.1948,2.0787,41.732,0.0,True,25.0,4840,2.447,1.76
google,1000,10,linear,True,False,10.0,0.4,0.3,0.3,0,0.25,WOA,random,13,0.3333333333333333,E23,10.62,62.6,36,1.105479,81.1488,7.6614,0.0,0,12.1948,2.0786,41.732,0.0,True,25.0,4840,2.4392,1.8
google,1000,10,linear,True,False,10.0,0.4,0.3,0.3,0,0.25,WOA,random,14,0.3333333333333333,E23,10.62,62.6,36,1.112365,81.0314,7.0863,0.0,0,12.2448,2.0883,41.13,0.0,True,25.0,4840,2.3,1.68
google,1000,10,linear,True,False,10.0,0.4,0.3,0.3,0,0.25,WOA,random,15,0.3333333333333333,E23,10.62,62.6,36,1.104433,81.1667,7.7488,0.0,0,12.1948,2.077,41.732,0.0,True,25.0,4840,2.3118,1.76
google,1000,10,linear,True,False,10.0,0.4,0.3,0.3,0,0.25,WOA,carbon,1,0.3333333333333333,E23,10.62,62.6,36,1.097371,81.2871,8.3387,0.0,0,12.0948,2.0546,41.996,0.0,True,24.5,4840,2.3159,1.76
google,1000,10,linear,True,False,10.0,0.4,0.3,0.3,0,0.25,WOA,carbon,2,0.3333333333333333,E23,10.62,62.6,36,1.093138,81.3593,8.6923,0.0,0,12.0448,2.06,42.583,0.0,True,24.5,4840,2.3721,1.66
google,1000,10,linear,True,False,10.0,0.4,0.3,0.3,0,0.25,WOA,carbon,3,0.3333333333333333,E23,10.62,62.6,36,1.104033,81.1735,7.7823,0.0,0,12.1948,2.0701,41.732,0.0,True,25.0,4840,2.3709,1.75
google,1000,10,linear,True,False,10.0,0.4,0.3,0.3,0,0.25,WOA,carbon,4,0.3333333333333333,E23,10.62,62.6,36,1.11341,81.0136,6.999,0.0,0,12.2448,2.0879,41.21,0.0,True,25.0,4840,2.3814,1.76
google,1000,10,linear,True,False,10.0,0.4,0.3,0.3,0,0.25,WOA,carbon,5,0.3333333333333333,E23,10.62,62.6,36,1.08975,81.4171,8.9753,0.0,0,12.0948,2.051,41.988,0.0,True,24.5,4840,2.4252,1.87
google,1000,10,linear,True,False,10.0,0.4,0.3,0.3,0,0.25,WOA,carbon,6,0.3333333333333333,E23,10.62,62.6,36,1.093308,81.3564,8.6781,0.0,0,12.1448,2.0529,41.364,0.0,True,24.5,4840,2.4298,1.68
google,1000,10,linear,True,False,10.0,0.4,0.3,0.3,0,0.5,WOA,carbon,12,0.3333333333333333,E23,10.62,62.6,36,1.538163,74.6538,4.6457,0.0,0,16.9448,2.9009,25.55,0.0,True,24.5,4840,2.3792,1.83
google,1000,10,linear,True,False,10.0,0.4,0.3,0.3,0,0.5,WOA,carbon,13,0.3333333333333333,E23,10.62,62.6,36,1.545125,74.539,4.2141,0.0,0,16.9948,2.9072,25.143,0.0,True,24.5,4840,2.3922,1.77
google,1000,10,linear,True,False,10.0,0.4,0.3,0.3,0,0.5,WOA,carbon,14,0.3333333333333333,E23,10.62,62.6,36,1.545651,74.5304,4.1815,0.0,0,16.9448,2.9077,25.55,0.0,True,24.5,4840,2.4386,1.87
google,1000,10,linear,True,False,10.0,0.4,0.3,0.3,0,0.5,WOA,carbon,15,0.3333333333333333,E23,10.62,62.6,36,1.525111,74.8688,5.4548,0.0,0,16.9448,2.8929,25.55,0.0,True,24.5,4840,2.424,1.65
google,1000,20,linear,True,False,10.0,0.4,0.3,0.3,0,0,FIFO,-,0,0.3333333333333333,E23,10.62,62.6,36,5.695252,0.0,-571.0542,0.0,0,63.4948,10.3629,5.328,0.0,True,24.5,0,0.0,0.0
google,1000,20,linear,True,False,10.0,0.4,0.3,0.3,0,0,Consolidation,-,0,0.3333333333333333,E23,10.62,62.6,36,0.848702,85.0981,0.0,0.0,0,9.3448,1.5354,47.572,0.0,True,24.5,0,0.0,0.0
google,1000,20,linear,True,False,10.0,0.4,0.3,0.3,0,0,Greedy(EDF+greenest),-,0,0.3333333333333333,E23,10.62,62.6,36,0.65416,88.5139,22.9223,0.0,0,8.6948,1.4,57.308,0.0,True,26.0,0,0.0002,0.0
google,1000,20,linear,True,False,10.0,0.4,0.3,0.3,0,0,VCC(Google),-,0,0.3333333333333333,E23,10.62,62.6,36,0.848702,85.0981,0.0,0.0,0,9.3448,1.5354,47.572,0.0,True,24.5,0,0.0031,0.0
google,1000,10,linear,True,False,10.0,0.4,0.3,0.3,0,0.25,WOA,carbon,7,0.3333333333333333,E23,10.62,62.6,36,1.09762,81.2829,8.3179,0.0,0,12.1448,2.054,41.354,0.0,True,24.5,4840,2.3207,1.79
google,1000,10,linear,True,False,10.0,0.4,0.3,0.3,0,0.25,WOA,carbon,8,0.3333333333333333,E23,10.62,62.6,36,1.11422,80.9998,6.9314,0.0,0,12.2448,2.0855,41.126,0.0,True,25.0,4840,2.2963,1.83
google,1000,10,linear,True,False,10.0,0.4,0.3,0.3,0,0.25,WOA,carbon,9,0.3333333333333333,E23,10.62,62.6,36,1.090248,81.4086,8.9337,0.0,0,12.0448,2.0559,42.583,0.0,True,24.5,4840,2.3503,1.88
google,1000,10,linear,True,False,10.0,0.4,0.3,0.3,0,0.25,WOA,carbon,10,0.3333333333333333,E23,10.62,62.6,36,1.117603,80.9421,6.6488,0.0,0,12.2948,2.0975,40.603,0.0,True,25.0,4840,2.386,1.75
google,1000,10,linear,True,False,10.0,0.4,0.3,0.3,0,0.25,WOA,carbon,11,0.3333333333333333,E23,10.62,62.6,36,1.103432,81.1838,7.8325,0.0,0,12.2448,2.0714,41.179,0.0,True,25.0,4840,2.3824,1.86
google,1000,10,linear,True,False,10.0,0.4,0.3,0.3,0,0.25,WOA,carbon,12,0.3333333333333333,E23,10.62,62.6,36,1.099458,81.2515,8.1644,0.0,0,12.1448,2.0613,41.399,0.0,True,24.5,4840,2.3911,1.73
google,1000,10,linear,True,False,10.0,0.4,0.3,0.3,0,0.25,WOA,carbon,13,0.3333333333333333,E23,10.62,62.6,36,1.103669,81.1797,7.8126,0.0,0,12.1948,2.0748,41.732,0.0,True,25.0,4840,2.4546,1.85
google,1000,10,linear,True,False,10.0,0.4,0.3,0.3,0,0.25,WOA,carbon,14,0.3333333333333333,E23,10.62,62.6,36,1.106533,81.1309,7.5734,0.0,0,12.1448,2.0678,41.375,0.0,True,24.5,4840,2.43,1.88
google,1000,20,linear,True,False,10.0,0.4,0.3,0.3,0,auto,Consolidation,-,0,0.3333333333333333,E23,10.62,62.6,36,1.012152,82.5265,0.0,0.0,0,11.0948,1.8429,35.959,0.0,True,24.5,0,0.0,0.0
google,1000,20,linear,True,False,10.0,0.4,0.3,0.3,0,auto,Greedy(EDF+greenest),-,0,0.3333333333333333,E23,10.62,62.6,36,0.96746,83.2981,4.4156,0.0,0,11.7948,1.9325,25.847,0.0,True,26.0,0,0.0001,0.0
google,1000,20,linear,True,False,10.0,0.4,0.3,0.3,0,auto,VCC(Google),-,0,0.3333333333333333,E23,10.62,62.6,36,1.012152,82.5265,0.0,0.0,0,11.0948,1.8429,35.959,0.0,True,24.5,0,0.0028,0.0
google,1000,20,linear,True,False,10.0,0.4,0.3,0.3,0,auto,Threshold(WaitAwhile),-,0,0.3333333333333333,E23,10.62,62.6,36,1.019862,82.3934,-0.7617,0.0,0,11.2948,1.8575,34.532,0.0,True,25.5,0,0.0141,0.0
google,1000,20,linear,True,False,10.0,0.4,0.3,0.3,0,auto,WOA,random,1,0.3333333333333333,E23,10.62,62.6,36,0.909682,84.2955,10.124,0.0,0,10.0448,1.6983,56.943,0.0,True,25.5,4840,2.4643,1.84
google,1000,20,linear,True,False,10.0,0.4,0.3,0.3,0,auto,WOA,random,2,0.3333333333333333,E23,10.62,62.6,36,0.912673,84.2439,9.8285,0.0,0,10.1948,1.7231,54.651,0.0,True,25.5,4840,2.4289,1.77
google,1000,20,linear,True,False,10.0,0.4,0.3,0.3,0,auto,WOA,random,3,0.3333333333333333,E23,10.62,62.6,36,0.91881,84.1379,9.2222,0.0,0,10.2448,1.7232,54.371,0.0,True,26.0,4840,2.4382,1.78
google,1000,20,linear,True,False,10.0,0.4,0.3,0.3,0,auto,WOA,random,4,0.3333333333333333,E23,10.62,62.6,36,0.905541,84.367,10.5331,0.0,0,10.0448,1.6979,56.303,0.0,True,25.0,4840,2.517,1.71
google,1000,10,linear,True,False,10.0,0.4,0.3,0.3,0,0.5,WOA,random,3,0.3333333333333333,E23,10.62,62.6,36,1.553417,74.4024,3.7,0.0,0,16.9948,2.9125,25.172,0.0,True,24.5,4840,2.3973,1.77
google,1000,10,linear,True,False,10.0,0.4,0.3,0.3,0,0.5,WOA,random,4,0.3333333333333333,E23,10.62,62.6,36,1.544811,74.5442,4.2335,0.0,0,16.9448,2.9122,25.55,0.0,True,24.5,4840,2.3919,1.87
google,1000,10,linear,True,False,10.0,0.4,0.3,0.3,0,0.5,WOA,random,5,0.3333333333333333,E23,10.62,62.6,36,1.54276,74.578,4.3607,0.0,0,16.9448,2.903,25.55,0.0,True,24.5,4840,2.4106,1.73
google,1000,10,linear,True,False,10.0,0.4,0.3,0.3,0,0.5,WOA,random,6,0.3333333333333333,E23,10.62,62.6,36,1.545157,74.5385,4.2121,0.0,0,16.9448,2.9115,25.55,0.0,True,24.5,4840,2.4262,1.69
google,1000,10,linear,True,False,10.0,0.4,0.3,0.3,0,0.5,WOA,random,7,0.3333333333333333,E23,10.62,62.6,36,1.545681,74.5299,4.1796,0.0,0,16.9448,2.9077,25.55,0.0,True,24.5,4840,2.4452,1.82
google,1000,10,linear,True,False,10.0,0.4,0.3,0.3,0,0.5,WOA,random,8,0.3333333333333333,E23,10.62,62.6,36,1.55402,74.3925,3.6627,0.0,0,16.9948,2.9139,25.155,0.0,True,24.5,4840,2.4576,1.78
google,1000,10,linear,True,False,10.0,0.4,0.3,0.3,0,0.5,WOA,random,9,0.3333333333333333,E23,10.62,62.6,36,1.547465,74.5005,4.069,0.0,0,16.9448,2.9071,25.55,0.0,True,24.5,4840,2.5378,1.81
google,1000,10,linear,True,False,10.0,0.4,0.3,0.3,0,0.5,WOA,random,10,0.3333333333333333,E23,10.62,62.6,36,1.548114,74.4898,4.0288,0.0,0,16.9448,2.9077,25.55,0.0,True,24.5,4840,2.4967,1.72
google,1000,20,linear,True,False,10.0,0.4,0.3,0.3,0,auto,WOA,carbon,14,0.3333333333333333,E23,10.62,62.6,36,0.91241,84.2484,9.8545,0.0,0,10.1448,1.7066,55.62,0.0,True,25.5,4840,2.4626,1.74
google,1000,20,linear,True,False,10.0,0.4,0.3,0.3,0,auto,WOA,carbon,15,0.3333333333333333,E23,10.62,62.6,36,0.897403,84.5075,11.3371,0.0,0,10.0948,1.7073,55.616,0.0,True,25.0,4840,2.5077,1.9
google,1000,20,linear,True,False,10.0,0.4,0.3,0.3,0,0.25,FIFO,-,0,0.3333333333333333,E23,10.62,62.6,36,6.068602,0.0,-276.2069,0.0,0,67.2448,11.0304,3.723,0.0,True,24.5,0,0.0,0.0
google,1000,20,linear,True,False,10.0,0.4,0.3,0.3,0,0.25,Consolidation,-,0,0.3333333333333333,E23,10.62,62.6,36,1.613102,73.4189,0.0,0.0,0,17.5948,2.9979,20.483,0.0,True,24.5,0,0.0,0.0
google,1000,20,linear,True,False,10.0,0.4,0.3,0.3,0,0.25,Greedy(EDF+greenest),-,0,0.3333333333333333,E23,10.62,62.6,36,1.64346,72.9186,-1.8819,0.0,0,18.8948,3.1775,15.261,0.0,True,26.0,0,0.0001,0.0
google,1000,20,linear,True,False,10.0,0.4,0.3,0.3,0,0.25,VCC(Google),-,0,0.3333333333333333,E23,10.62,62.6,36,1.613102,73.4189,0.0,0.0,0,17.5948,2.9979,20.483,0.0,True,24.5,0,0.0033,0.0
google,1000,20,linear,True,False,10.0,0.4,0.3,0.3,0,0.25,Threshold(WaitAwhile),-,0,0.3333333333333333,E23,10.62,62.6,36,1.655312,72.7233,-2.6167,0.0,0,18.0948,3.0575,19.679,0.0,True,25.5,0,0.0145,0.0
google,1000,20,linear,True,False,10.0,0.4,0.3,0.3,0,0.25,WOA,random,1,0.3333333333333333,E23,10.62,62.6,36,1.546244,74.5206,4.1447,0.0,0,16.9448,2.9088,25.55,0.0,True,24.5,4840,2.4942,1.76
google,1000,20,linear,True,False,10.0,0.4,0.3,0.3,0,0,Threshold(WaitAwhile),-,0,0.3333333333333333,E23,10.62,62.6,36,0.787962,86.1646,7.1568,0.0,0,9.0448,1.4525,54.989,0.0,True,25.5,0,0.0136,0.0
google,1000,20,linear,True,False,10.0,0.4,0.3,0.3,0,0,WOA,random,1,0.3333333333333333,E23,10.62,62.6,36,0.772131,86.4426,9.0222,0.0,0,8.7948,1.449,72.84,0.0,True,27.0,4840,2.3371,1.71
google,1000,20,linear,True,False,10.0,0.4,0.3,0.3,0,0,WOA,random,2,0.3333333333333333,E23,10.62,62.6,36,0.752534,86.7866,11.3312,0.0,0,8.6948,1.4326,72.933,0.0,True,27.0,4840,2.3509,1.73
google,1000,20,linear,True,False,10.0,0.4,0.3,0.3,0,0,WOA,random,3,0.3333333333333333,E23,10.62,62.6,36,0.773207,86.4237,8.8954,0.0,0,8.7448,1.4399,73.507,0.0,True,27.5,4840,2.3935,1.83
google,1000,20,linear,True,False,10.0,0.4,0.3,0.3,0,0,WOA,random,4,0.3333333333333333,E23,10.62,62.6,36,0.764453,86.5774,9.9268,0.0,0,8.8448,1.4591,71.296,0.0,True,27.0,4840,2.3689,1.96
google,1000,20,linear,True,False,10.0,0.4,0.3,0.3,0,0,WOA,random,5,0.3333333333333333,E23,10.62,62.6,36,0.749533,86.8393,11.6848,0.0,0,8.6948,1.4341,75.015,0.0,True,26.5,4840,2.3988,1.85
google,1000,20,linear,True,False,10.0,0.4,0.3,0.3,0,0,WOA,random,6,0.3333333333333333,E23,10.62,62.6,36,0.757738,86.6953,10.7181,0.0,0,8.6448,1.4234,74.763,0.0,True,26.5,4840,2.455,1.83
google,1000,20,linear,True,False,10.0,0.4,0.3,0.3,0,0,WOA,random,7,0.3333333333333333,E23,10.62,62.6,36,0.774837,86.395,8.7034,0.0,0,8.8448,1.4669,71.096,0.0,True,28.0,4840,2.4211,1.85
google,1000,10,linear,True,False,10.0,0.4,0.3,0.3,0,0.5,WOA,random,11,0.3333333333333333,E23,10.62,62.6,36,1.544788,74.5446,4.235,0.0,0,16.9448,2.9133,25.55,0.0,True,24.5,4840,2.4225,1.71
google,1000,10,linear,True,False,10.0,0.4,0.3,0.3,0,0.5,WOA,random,12,0.3333333333333333,E23,10.62,62.6,36,1.546022,74.5243,4.1585,0.0,0,16.9448,2.9036,25.55,0.0,True,24.5,4840,2.3922,1.77
google,1000,10,linear,True,False,10.0,0.4,0.3,0.3,0,0.5,WOA,random,13,0.3333333333333333,E23,10.62,62.6,36,1.548303,74.4867,4.0171,0.0,0,16.9448,2.8968,25.55,0.0,True,24.5,4840,2.4308,1.77
google,1000,10,linear,True,False,10.0,0.4,0.3,0.3,0,0.5,WOA,random,14,0.3333333333333333,E23,10.62,62.6,36,1.547402,74.5015,4.0729,0.0,0,16.9448,2.9092,25.55,0.0,True,24.5,4840,2.4683,1.78
google,1000,10,linear,True,False,10.0,0.4,0.3,0.3,0,0.5,WOA,random,15,0.3333333333333333,E23,10.62,62.6,36,1.544593,74.5478,4.247,0.0,0,16.9448,2.9134,25.55,0.0,True,24.5,4840,2.4493,1.8
google,1000,10,linear,True,False,10.0,0.4,0.3,0.3,0,0.5,WOA,carbon,1,0.3333333333333333,E23,10.62,62.6,36,1.528229,74.8175,5.2615,0.0,0,16.9448,2.8908,25.55,0.0,True,24.5,4840,2.4253,1.7
google,1000,10,linear,True,False,10.0,0.4,0.3,0.3,0,0.5,WOA,carbon,2,0.3333333333333333,E23,10.62,62.6,36,1.542627,74.5802,4.3689,0.0,0,16.9448,2.8947,25.55,0.0,True,24.5,4840,2.5065,1.73
google,1000,10,linear,True,False,10.0,0.4,0.3,0.3,0,0.5,WOA,carbon,3,0.3333333333333333,E23,10.62,62.6,36,1.547188,74.505,4.0862,0.0,0,16.9948,2.9027,25.151,0.0,True,24.5,4840,2.4698,1.8
google,1000,10,linear,True,False,10.0,0.4,0.3,0.3,0,0.5,WOA,carbon,4,0.3333333333333333,E23,10.62,62.6,36,1.540342,74.6178,4.5106,0.0,0,16.9448,2.9047,25.55,0.0,True,24.5,4840,2.4832,1.84
google,1000,10,linear,True,False,10.0,0.4,0.3,0.3,0,0.5,WOA,carbon,5,0.3333333333333333,E23,10.62,62.6,36,1.530314,74.7831,5.1322,0.0,0,16.9448,2.8918,25.55,0.0,True,24.5,4840,2.5066,2.01
google,1000,10,linear,True,False,10.0,0.4,0.3,0.3,0,0.5,WOA,carbon,6,0.3333333333333333,E23,10.62,62.6,36,1.535079,74.7046,4.8368,0.0,0,16.9448,2.8929,25.55,0.0,True,24.5,4840,2.5271,1.76
google,1000,10,linear,True,False,10.0,0.4,0.3,0.3,0,0.5,WOA,carbon,7,0.3333333333333333,E23,10.62,62.6,36,1.553691,74.3979,3.683,0.0,0,16.9948,2.9088,25.157,0.0,True,24.5,4840,2.5496,1.76
google,1000,10,linear,True,False,10.0,0.4,0.3,0.3,0,0.5,WOA,carbon,8,0.3333333333333333,E23,10.62,62.6,36,1.5533,74.4043,3.7073,0.0,0,16.9948,2.9119,25.182,0.0,True,24.5,4840,2.5295,1.67
google,1000,10,linear,True,False,10.0,0.4,0.3,0.3,0,0.5,WOA,carbon,9,0.3333333333333333,E23,10.62,62.6,36,1.53491,74.7074,4.8473,0.0,0,16.9448,2.8991,25.55,0.0,True,24.5,4840,2.6185,1.77
google,1000,10,linear,True,False,10.0,0.4,0.3,0.3,0,0.5,WOA,carbon,10,0.3333333333333333,E23,10.62,62.6,36,1.5413,74.6021,4.4512,0.0,0,16.9448,2.894,25.55,0.0,True,24.5,4840,2.578,1.77
google,1000,10,linear,True,False,10.0,0.4,0.3,0.3,0,0.5,WOA,carbon,11,0.3333333333333333,E23,10.62,62.6,36,1.540474,74.6157,4.5024,0.0,0,16.9448,2.9013,25.55,0.0,True,24.5,4840,2.5514,1.82
google,1000,20,linear,True,False,10.0,0.4,0.3,0.3,0,0,WOA,random,8,0.3333333333333333,E23,10.62,62.6,36,0.769849,86.4826,9.2911,0.0,0,8.8948,1.4734,70.868,0.0,True,28.0,4840,2.3618,1.89
google,1000,20,linear,True,False,10.0,0.4,0.3,0.3,0,0,WOA,random,9,0.3333333333333333,E23,10.62,62.6,36,0.772501,86.436,8.9785,0.0,0,8.7948,1.456,73.259,0.0,True,26.0,4840,2.3768,1.84
google,1000,20,linear,True,False,10.0,0.4,0.3,0.3,0,0,WOA,random,10,0.3333333333333333,E23,10.62,62.6,36,0.775661,86.3806,8.6062,0.0,0,8.8448,1.4537,71.716,0.0,True,28.0,4840,2.3921,1.66
google,1000,20,linear,True,False,10.0,0.4,0.3,0.3,0,0,WOA,random,11,0.3333333333333333,E23,10.62,62.6,36,0.769033,86.4969,9.3872,0.0,0,8.9448,1.4694,67.82,0.0,True,27.0,4840,2.3926,1.96
google,1000,20,linear,True,False,10.0,0.4,0.3,0.3,0,0,WOA,random,12,0.3333333333333333,E23,10.62,62.6,36,0.763971,86.5858,9.9836,0.0,0,8.7448,1.4399,72.246,0.0,True,26.5,4840,2.4378,1.83
google,1000,20,linear,True,False,10.0,0.4,0.3,0.3,0,0,WOA,random,13,0.3333333333333333,E23,10.62,62.6,36,0.761845,86.6232,10.2342,0.0,0,8.7448,1.4382,74.643,0.0,True,27.0,4840,2.4584,1.8
google,1000,20,linear,True,False,10.0,0.4,0.3,0.3,0,0,WOA,random,14,0.3333333333333333,E23,10.62,62.6,36,0.767114,86.5306,9.6134,0.0,0,8.6948,1.4343,75.159,0.0,True,27.5,4840,2.4291,1.67
google,1000,20,linear,True,False,10.0,0.4,0.3,0.3,0,0,WOA,random,15,0.3333333333333333,E23,10.62,62.6,36,0.768133,86.5128,9.4932,0.0,0,8.8448,1.4532,70.664,0.0,True,27.5,4840,2.4294,1.75
google,1000,20,linear,True,False,10.0,0.4,0.3,0.3,0,0,WOA,carbon,9,0.3333333333333333,E23,10.62,62.6,36,0.641929,88.7287,24.3634,0.0,0,8.4948,1.37,66.431,0.0,True,26.0,4840,2.3932,1.73
google,1000,20,linear,True,False,10.0,0.4,0.3,0.3,0,0,WOA,carbon,10,0.3333333333333333,E23,10.62,62.6,36,0.646185,88.654,23.862,0.0,0,8.5948,1.385,60.377,0.0,True,26.0,4840,2.3775,1.65
google,1000,20,linear,True,False,10.0,0.4,0.3,0.3,0,0,WOA,carbon,11,0.3333333333333333,E23,10.62,62.6,36,0.64068,88.7506,24.5106,0.0,0,8.4948,1.37,64.276,0.0,True,25.5,4840,2.3735,1.73
google,1000,20,linear,True,False,10.0,0.4,0.3,0.3,0,0,WOA,carbon,12,0.3333333333333333,E23,10.62,62.6,36,0.641262,88.7404,24.442,0.0,0,8.4948,1.37,64.769,0.0,True,26.0,4840,2.4589,1.73
google,1000,20,linear,True,False,10.0,0.4,0.3,0.3,0,0,WOA,carbon,13,0.3333333333333333,E23,10.62,62.6,36,0.642404,88.7204,24.3075,0.0,0,8.5448,1.3775,61.765,0.0,True,26.0,4840,2.4191,1.75
google,1000,20,linear,True,False,10.0,0.4,0.3,0.3,0,0,WOA,carbon,14,0.3333333333333333,E23,10.62,62.6,36,0.641897,88.7293,24.3673,0.0,0,8.4948,1.37,66.946,0.0,True,25.5,4840,2.402,1.71
google,1000,20,linear,True,False,10.0,0.4,0.3,0.3,0,0,WOA,carbon,15,0.3333333333333333,E23,10.62,62.6,36,0.647074,88.6384,23.7572,0.0,0,8.5448,1.3775,62.76,0.0,True,26.0,4840,2.4121,1.67
google,1000,20,linear,True,False,10.0,0.4,0.3,0.3,0,auto,FIFO,-,0,0.3333333333333333,E23,10.62,62.6,36,5.792502,0.0,-472.2955,0.0,0,64.4948,10.5429,4.254,0.0,True,24.5,0,0.0,0.0
google,1000,20,linear,True,False,10.0,0.4,0.3,0.3,0,0,WOA,carbon,1,0.3333333333333333,E23,10.62,62.6,36,0.646247,88.6529,23.8546,0.0,0,8.5448,1.3775,62.666,0.0,True,26.0,4840,2.3715,1.73
google,1000,20,linear,True,False,10.0,0.4,0.3,0.3,0,0,WOA,carbon,2,0.3333333333333333,E23,10.62,62.6,36,0.646942,88.6407,23.7727,0.0,0,8.5448,1.3775,62.931,0.0,True,26.0,4840,2.3753,1.75
google,1000,20,linear,True,False,10.0,0.4,0.3,0.3,0,0,WOA,carbon,3,0.3333333333333333,E23,10.62,62.6,36,0.640552,88.7529,24.5257,0.0,0,8.4948,1.37,63.326,0.0,True,26.0,4840,2.3807,1.73
google,1000,20,linear,True,False,10.0,0.4,0.3,0.3,0,0,WOA,carbon,4,0.3333333333333333,E23,10.62,62.6,36,0.647199,88.6362,23.7425,0.0,0,8.5948,1.385,60.869,0.0,True,26.0,4840,2.4056,1.65
google,1000,20,linear,True,False,10.0,0.4,0.3,0.3,0,0,WOA,carbon,5,0.3333333333333333,E23,10.62,62.6,36,0.642464,88.7193,24.3005,0.0,0,8.5448,1.3775,61.986,0.0,True,26.0,4840,2.4379,1.77
google,1000,20,linear,True,False,10.0,0.4,0.3,0.3,0,0,WOA,carbon,6,0.3333333333333333,E23,10.62,62.6,36,0.641699,88.7327,24.3905,0.0,0,8.4948,1.37,66.601,0.0,True,25.5,4840,2.4087,1.63
google,1000,20,linear,True,False,10.0,0.4,0.3,0.3,0,0,WOA,carbon,7,0.3333333333333333,E23,10.62,62.6,36,0.647509,88.6307,23.706,0.0,0,8.6448,1.3925,59.386,0.0,True,26.0,4840,2.4136,1.67
google,1000,20,linear,True,False,10.0,0.4,0.3,0.3,0,0,WOA,carbon,8,0.3333333333333333,E23,10.62,62.6,36,0.644726,88.6796,24.034,0.0,0,8.5448,1.3775,61.637,0.0,True,26.0,4840,2.4563,1.67
google,1000,20,linear,True,False,10.0,0.4,0.3,0.3,0,auto,WOA,random,5,0.3333333333333333,E23,10.62,62.6,36,0.9175,84.1606,9.3515,0.0,0,10.1448,1.7122,55.441,0.0,True,25.5,4840,2.4518,1.84
google,1000,20,linear,True,False,10.0,0.4,0.3,0.3,0,auto,WOA,random,6,0.3333333333333333,E23,10.62,62.6,36,0.920931,84.1013,9.0126,0.0,0,10.1948,1.7164,54.848,0.0,True,25.5,4840,2.4595,1.7
google,1000,20,linear,True,False,10.0,0.4,0.3,0.3,0,auto,WOA,random,7,0.3333333333333333,E23,10.62,62.6,36,0.912023,84.2551,9.8928,0.0,0,10.0948,1.7013,55.4,0.0,True,25.0,4840,2.5095,1.82
google,1000,20,linear,True,False,10.0,0.4,0.3,0.3,0,auto,WOA,random,8,0.3333333333333333,E23,10.62,62.6,36,0.913232,84.2342,9.7733,0.0,0,10.1448,1.7099,55.755,0.0,True,25.5,4840,2.4655,1.87
google,1000,20,linear,True,False,10.0,0.4,0.3,0.3,0,auto,WOA,random,9,0.3333333333333333,E23,10.62,62.6,36,0.903119,84.4088,10.7724,0.0,0,10.0448,1.6996,57.218,0.0,True,25.5,4840,2.4746,1.73
google,1000,20,linear,True,False,10.0,0.4,0.3,0.3,0,auto,WOA,random,10,0.3333333333333333,E23,10.62,62.6,36,0.917802,84.1553,9.3217,0.0,0,10.1448,1.7087,55.292,0.0,True,25.5,4840,2.5259,1.94
google,1000,20,linear,True,False,10.0,0.4,0.3,0.3,0,auto,WOA,random,11,0.3333333333333333,E23,10.62,62.6,36,0.912452,84.2477,9.8503,0.0,0,10.0948,1.7019,55.737,0.0,True,25.0,4840,2.4976,1.73
google,1000,20,linear,True,False,10.0,0.4,0.3,0.3,0,auto,WOA,random,12,0.3333333333333333,E23,10.62,62.6,36,0.917984,84.1522,9.3038,0.0,0,10.1448,1.7139,55.402,0.0,True,25.5,4840,2.4842,1.7
google,1000,20,linear,True,False,10.0,0.4,0.3,0.3,0,auto,WOA,random,13,0.3333333333333333,E23,10.62,62.6,36,0.906717,84.3467,10.4169,0.0,0,10.0448,1.691,57.233,0.0,True,25.5,4840,2.4736,1.87
google,1000,20,linear,True,False,10.0,0.4,0.3,0.3,0,auto,WOA,random,14,0.3333333333333333,E23,10.62,62.6,36,0.906249,84.3548,10.4631,0.0,0,10.0448,1.6937,57.394,0.0,True,25.5,4840,2.4847,1.7
google,1000,20,linear,True,False,10.0,0.4,0.3,0.3,0,auto,WOA,random,15,0.3333333333333333,E23,10.62,62.6,36,0.903721,84.3984,10.7129,0.0,0,9.9948,1.687,57.666,0.0,True,25.0,4840,2.5177,2.01
google,1000,20,linear,True,False,10.0,0.4,0.3,0.3,0,auto,WOA,carbon,1,0.3333333333333333,E23,10.62,62.6,36,0.915423,84.1964,9.5568,0.0,0,10.1448,1.7064,55.443,0.0,True,25.5,4840,2.4755,1.7
google,1000,20,linear,True,False,10.0,0.4,0.3,0.3,0,auto,WOA,carbon,2,0.3333333333333333,E23,10.62,62.6,36,0.907321,84.3363,10.3573,0.0,0,10.0448,1.7,55.816,0.0,True,24.5,4840,2.4757,1.96
google,1000,20,linear,True,False,10.0,0.4,0.3,0.3,0,auto,WOA,carbon,3,0.3333333333333333,E23,10.62,62.6,36,0.900639,84.4516,11.0174,0.0,0,9.9948,1.685,57.415,0.0,True,25.0,4840,2.5166,1.7
google,1000,20,linear,True,False,10.0,0.4,0.3,0.3,0,auto,WOA,carbon,4,0.3333333333333333,E23,10.62,62.6,36,0.902311,84.4228,10.8522,0.0,0,9.9948,1.6886,57.794,0.0,True,25.5,4840,2.5035,1.92
google,1000,20,linear,True,False,10.0,0.4,0.3,0.3,0,auto,WOA,carbon,5,0.3333333333333333,E23,10.62,62.6,36,0.916874,84.1714,9.4134,0.0,0,10.2448,1.7248,52.869,0.0,True,25.0,4840,2.4898,1.68
google,1000,20,linear,True,False,10.0,0.4,0.3,0.3,0,auto,WOA,carbon,6,0.3333333333333333,E23,10.62,62.6,36,0.920319,84.1119,9.073,0.0,0,10.2448,1.7182,54.549,0.0,True,26.0,4840,2.4381,1.74
google,1000,20,linear,True,False,10.0,0.4,0.3,0.3,0,auto,WOA,carbon,7,0.3333333333333333,E23,10.62,62.6,36,0.90567,84.3648,10.5204,0.0,0,10.0448,1.692,56.647,0.0,True,25.0,4840,2.5026,1.77
google,1000,20,linear,True,False,10.0,0.4,0.3,0.3,0,auto,WOA,carbon,8,0.3333333333333333,E23,10.62,62.6,36,0.910594,84.2798,10.0339,0.0,0,10.0948,1.7,56.7,0.0,True,26.0,4840,2.4632,1.8
google,1000,20,linear,True,False,10.0,0.4,0.3,0.3,0,auto,WOA,carbon,9,0.3333333333333333,E23,10.62,62.6,36,0.903717,84.3985,10.7134,0.0,0,9.9948,1.6897,57.43,0.0,True,25.0,4840,2.4699,1.78
google,1000,20,linear,True,False,10.0,0.4,0.3,0.3,0,auto,WOA,carbon,10,0.3333333333333333,E23,10.62,62.6,36,0.914927,84.205,9.6058,0.0,0,10.1948,1.7309,55.26,0.0,True,26.0,4840,2.4691,2.0
google,1000,20,linear,True,False,10.0,0.4,0.3,0.3,0,auto,WOA,carbon,11,0.3333333333333333,E23,10.62,62.6,36,0.914737,84.2083,9.6245,0.0,0,10.2948,1.7323,53.318,0.0,True,26.0,4840,2.5353,1.8
google,1000,20,linear,True,False,10.0,0.4,0.3,0.3,0,auto,WOA,carbon,12,0.3333333333333333,E23,10.62,62.6,36,0.897201,84.511,11.3571,0.0,0,10.0948,1.7086,56.018,0.0,True,25.0,4840,2.5044,1.83
google,1000,20,linear,True,False,10.0,0.4,0.3,0.3,0,auto,WOA,carbon,13,0.3333333333333333,E23,10.62,62.6,36,0.902355,84.422,10.8479,0.0,0,9.9948,1.6898,57.725,0.0,True,25.5,4840,2.4541,1.78
google,1000,20,linear,True,False,10.0,0.4,0.3,0.3,0,0.25,WOA,carbon,11,0.3333333333333333,E23,10.62,62.6,36,1.540474,74.6157,4.5024,0.0,0,16.9448,2.9013,25.55,0.0,True,24.5,4840,2.4495,1.81
google,1000,20,linear,True,False,10.0,0.4,0.3,0.3,0,0.25,WOA,carbon,12,0.3333333333333333,E23,10.62,62.6,36,1.53087,74.7739,5.0978,0.0,0,16.9448,2.8912,25.55,0.0,True,24.5,4840,2.4689,1.7
google,1000,20,linear,True,False,10.0,0.4,0.3,0.3,0,0.25,WOA,carbon,13,0.3333333333333333,E23,10.62,62.6,36,1.545125,74.539,4.2141,0.0,0,16.9948,2.9072,25.143,0.0,True,24.5,4840,2.5177,1.77
google,1000,20,linear,True,False,10.0,0.4,0.3,0.3,0,0.25,WOA,carbon,14,0.3333333333333333,E23,10.62,62.6,36,1.545651,74.5304,4.1815,0.0,0,16.9448,2.9077,25.55,0.0,True,24.5,4840,2.4755,1.87
google,1000,20,linear,True,False,10.0,0.4,0.3,0.3,0,0.25,WOA,carbon,15,0.3333333333333333,E23,10.62,62.6,36,1.525111,74.8688,5.4548,0.0,0,16.9448,2.8929,25.55,0.0,True,24.5,4840,2.4493,1.65
google,1000,20,linear,True,False,10.0,0.4,0.3,0.3,0,0.5,FIFO,-,0,0.3333333333333333,E23,10.62,62.6,36,6.682602,0.0,-148.5068,0.0,0,73.6948,12.1479,3.103,0.0,True,24.5,0,0.0,0.0
google,1000,20,linear,True,False,10.0,0.4,0.3,0.3,0,0.5,Consolidation,-,0,0.3333333333333333,E23,10.62,62.6,36,2.689102,59.7597,0.0,0.0,0,29.2448,5.0454,12.578,0.0,True,24.5,0,0.0,0.0
google,1000,20,linear,True,False,10.0,0.4,0.3,0.3,0,0.5,Greedy(EDF+greenest),-,0,0.3333333333333333,E23,10.62,62.6,36,2.78666,58.2998,-3.6279,0.0,0,30.9448,5.285,11.091,0.0,True,26.0,0,0.0001,0.0
google,1000,20,linear,True,False,10.0,0.4,0.3,0.3,0,0.5,VCC(Google),-,0,0.3333333333333333,E23,10.62,62.6,36,2.689102,59.7597,0.0,0.0,0,29.2448,5.0454,12.578,0.0,True,24.5,0,0.0032,0.0
google,1000,20,linear,True,False,10.0,0.4,0.3,0.3,0,0.5,Threshold(WaitAwhile),-,0,0.3333333333333333,E23,10.62,62.6,36,2.785562,58.3162,-3.5871,0.0,0,30.2448,5.18,12.085,0.0,True,25.5,0,0.0143,0.0
google,1000,20,linear,True,False,10.0,0.4,0.3,0.3,0,0.5,WOA,random,1,0.3333333333333333,E23,10.62,62.6,36,2.676085,59.9544,0.4841,0.0,0,29.1948,5.0469,12.775,0.0,True,24.5,4840,2.4691,1.82
google,1000,20,linear,True,False,10.0,0.4,0.3,0.3,0,0.5,WOA,random,2,0.3333333333333333,E23,10.62,62.6,36,2.674551,59.9774,0.5411,0.0,0,29.1948,5.0491,12.775,0.0,True,24.5,4840,2.4818,1.75
google,1000,20,linear,True,False,10.0,0.4,0.3,0.3,0,0.5,WOA,random,3,0.3333333333333333,E23,10.62,62.6,36,2.673781,59.9889,0.5698,0.0,0,29.1948,5.0508,12.775,0.0,True,24.5,4840,2.5301,1.89
google,1000,20,linear,True,False,10.0,0.4,0.3,0.3,0,0.5,WOA,random,4,0.3333333333333333,E23,10.62,62.6,36,2.674687,59.9754,0.5361,0.0,0,29.1948,5.0474,12.775,0.0,True,24.5,4840,2.4971,1.78
google,1000,20,linear,True,False,10.0,0.4,0.3,0.3,0,0.5,WOA,random,5,0.3333333333333333,E23,10.62,62.6,36,2.676734,59.9447,0.4599,0.0,0,29.1948,5.0445,12.775,0.0,True,24.5,4840,2.4444,1.84
google,1000,20,linear,True,False,10.0,0.4,0.3,0.3,0,0.5,WOA,random,6,0.3333333333333333,E23,10.62,62.6,36,2.678035,59.9253,0.4116,0.0,0,29.1948,5.0462,12.775,0.0,True,24.5,4840,2.469,1.73
google,1500,10,linear,True,False,10.0,0.4,0.3,0.3,0,0,FIFO,-,0,0.3333333333333333,E23,16.49,95.45,39,8.616002,0.0,-611.9473,0.0,0,95.9591,15.66,5.308,8.9738,False,24.5,0,0.0,0.0
google,1500,10,linear,True,False,10.0,0.4,0.3,0.3,0,0,Consolidation,-,0,0.3333333333333333,E23,16.49,95.45,39,1.210202,85.954,0.0,0.0,0,13.3091,2.1675,55.842,8.9738,False,24.5,0,0.0,0.0
google,1500,10,linear,True,False,10.0,0.4,0.3,0.3,0,0,Greedy(EDF+greenest),-,0,0.3333333333333333,E23,16.49,95.45,39,0.953278,88.936,21.2299,0.0,0,12.7091,2.0322,64.21,24.6881,False,26.0,0,0.0002,0.0
google,1500,10,linear,True,False,10.0,0.4,0.3,0.3,0,0,VCC(Google),-,0,0.3333333333333333,E23,16.49,95.45,39,1.197677,86.0994,1.035,0.0,0,13.2091,2.1525,59.501,0.0,True,24.5,0,0.0048,0.0
google,1500,10,linear,True,False,10.0,0.4,0.3,0.3,0,0,Threshold(WaitAwhile),-,0,0.3333333333333333,E23,16.49,95.45,39,1.13917,86.7784,5.8695,0.0,0,13.0091,2.0772,63.49,8.9738,False,25.5,0,0.0217,0.0
google,1500,10,linear,True,False,10.0,0.4,0.3,0.3,0,0,WOA,random,1,0.3333333333333333,E23,16.49,95.45,39,1.13496,86.8273,6.2174,0.0,0,13.1591,2.1646,71.595,0.0,True,28.0,4840,3.3392,2.37
google,1500,10,linear,True,False,10.0,0.4,0.3,0.3,0,0,WOA,random,2,0.3333333333333333,E23,16.49,95.45,39,1.140915,86.7582,5.7252,0.0,0,13.1591,2.169,73.055,0.0,True,28.0,4840,3.2668,2.42
google,1500,10,linear,True,False,10.0,0.4,0.3,0.3,0,0,WOA,random,3,0.3333333333333333,E23,16.49,95.45,39,1.12628,86.928,6.9346,0.0,0,13.0591,2.1632,74.727,0.0,True,27.5,4840,3.2309,2.72
google,1000,20,linear,True,False,10.0,0.4,0.3,0.3,0,0.25,WOA,random,2,0.3333333333333333,E23,10.62,62.6,36,1.544051,74.5567,4.2807,0.0,0,16.9448,2.9116,25.55,0.0,True,24.5,4840,2.4799,1.77
google,1000,20,linear,True,False,10.0,0.4,0.3,0.3,0,0.25,WOA,random,3,0.3333333333333333,E23,10.62,62.6,36,1.553417,74.4024,3.7,0.0,0,16.9948,2.9125,25.172,0.0,True,24.5,4840,2.4403,1.76
google,1000,20,linear,True,False,10.0,0.4,0.3,0.3,0,0.25,WOA,random,4,0.3333333333333333,E23,10.62,62.6,36,1.544811,74.5442,4.2335,0.0,0,16.9448,2.9122,25.55,0.0,True,24.5,4840,2.4715,1.87
google,1000,20,linear,True,False,10.0,0.4,0.3,0.3,0,0.25,WOA,random,5,0.3333333333333333,E23,10.62,62.6,36,1.54276,74.578,4.3607,0.0,0,16.9448,2.903,25.55,0.0,True,24.5,4840,2.5189,1.73
google,1000,20,linear,True,False,10.0,0.4,0.3,0.3,0,0.25,WOA,random,6,0.3333333333333333,E23,10.62,62.6,36,1.545157,74.5385,4.2121,0.0,0,16.9448,2.9115,25.55,0.0,True,24.5,4840,2.4732,1.69
google,1000,20,linear,True,False,10.0,0.4,0.3,0.3,0,0.25,WOA,random,7,0.3333333333333333,E23,10.62,62.6,36,1.545681,74.5299,4.1796,0.0,0,16.9448,2.9077,25.55,0.0,True,24.5,4840,2.4647,1.82
google,1000,20,linear,True,False,10.0,0.4,0.3,0.3,0,0.25,WOA,random,8,0.3333333333333333,E23,10.62,62.6,36,1.564628,74.2177,3.005,0.0,0,17.0948,2.9278,24.444,0.0,True,24.5,4840,2.4327,1.76
google,1000,20,linear,True,False,10.0,0.4,0.3,0.3,0,0.25,WOA,random,9,0.3333333333333333,E23,10.62,62.6,36,1.547465,74.5005,4.069,0.0,0,16.9448,2.9071,25.55,0.0,True,24.5,4840,2.4464,1.81
google,1000,20,linear,True,False,10.0,0.4,0.3,0.3,0,0.25,WOA,random,10,0.3333333333333333,E23,10.62,62.6,36,1.548114,74.4898,4.0288,0.0,0,16.9448,2.9077,25.55,0.0,True,24.5,4840,2.487,1.72
google,1000,20,linear,True,False,10.0,0.4,0.3,0.3,0,0.25,WOA,random,11,0.3333333333333333,E23,10.62,62.6,36,1.544788,74.5446,4.235,0.0,0,16.9448,2.9133,25.55,0.0,True,24.5,4840,2.5214,1.71
google,1000,20,linear,True,False,10.0,0.4,0.3,0.3,0,0.25,WOA,random,12,0.3333333333333333,E23,10.62,62.6,36,1.546022,74.5243,4.1585,0.0,0,16.9448,2.9036,25.55,0.0,True,24.5,4840,2.547,1.77
google,1000,20,linear,True,False,10.0,0.4,0.3,0.3,0,0.25,WOA,random,13,0.3333333333333333,E23,10.62,62.6,36,1.548303,74.4867,4.0171,0.0,0,16.9448,2.8968,25.55,0.0,True,24.5,4840,2.5333,1.77
google,1000,20,linear,True,False,10.0,0.4,0.3,0.3,0,0.25,WOA,random,14,0.3333333333333333,E23,10.62,62.6,36,1.546764,74.512,4.1125,0.0,0,16.9448,2.9092,25.55,0.0,True,24.5,4840,2.4835,1.79
google,1000,20,linear,True,False,10.0,0.4,0.3,0.3,0,0.25,WOA,random,15,0.3333333333333333,E23,10.62,62.6,36,1.54462,74.5474,4.2454,0.0,0,16.9448,2.9129,25.55,0.0,True,24.5,4840,2.4806,1.7
google,1000,20,linear,True,False,10.0,0.4,0.3,0.3,0,0.25,WOA,carbon,1,0.3333333333333333,E23,10.62,62.6,36,1.527887,74.8231,5.2827,0.0,0,16.9448,2.8902,25.55,0.0,True,24.5,4840,2.4487,1.69
google,1000,20,linear,True,False,10.0,0.4,0.3,0.3,0,0.25,WOA,carbon,2,0.3333333333333333,E23,10.62,62.6,36,1.542627,74.5802,4.3689,0.0,0,16.9448,2.8947,25.55,0.0,True,24.5,4840,2.4687,1.73
google,1000,20,linear,True,False,10.0,0.4,0.3,0.3,0,0.25,WOA,carbon,3,0.3333333333333333,E23,10.62,62.6,36,1.547433,74.501,4.071,0.0,0,16.9948,2.9027,25.147,0.0,True,24.5,4840,2.475,1.7
google,1000,20,linear,True,False,10.0,0.4,0.3,0.3,0,0.25,WOA,carbon,4,0.3333333333333333,E23,10.62,62.6,36,1.540342,74.6178,4.5106,0.0,0,16.9448,2.9047,25.55,0.0,True,24.5,4840,2.4895,1.82
google,1000,20,linear,True,False,10.0,0.4,0.3,0.3,0,0.25,WOA,carbon,5,0.3333333333333333,E23,10.62,62.6,36,1.530303,74.7833,5.1329,0.0,0,16.9448,2.8918,25.55,0.0,True,24.5,4840,2.536,2.01
google,1000,20,linear,True,False,10.0,0.4,0.3,0.3,0,0.25,WOA,carbon,6,0.3333333333333333,E23,10.62,62.6,36,1.535079,74.7046,4.8368,0.0,0,16.9448,2.8929,25.55,0.0,True,24.5,4840,2.4837,1.77
google,1000,20,linear,True,False,10.0,0.4,0.3,0.3,0,0.25,WOA,carbon,7,0.3333333333333333,E23,10.62,62.6,36,1.553691,74.3979,3.683,0.0,0,16.9948,2.9088,25.157,0.0,True,24.5,4840,2.4698,1.76
google,1000,20,linear,True,False,10.0,0.4,0.3,0.3,0,0.25,WOA,carbon,8,0.3333333333333333,E23,10.62,62.6,36,1.5533,74.4043,3.7073,0.0,0,16.9948,2.9119,25.182,0.0,True,24.5,4840,2.4413,1.69
google,1000,20,linear,True,False,10.0,0.4,0.3,0.3,0,0.25,WOA,carbon,9,0.3333333333333333,E23,10.62,62.6,36,1.53491,74.7074,4.8473,0.0,0,16.9448,2.8991,25.55,0.0,True,24.5,4840,2.4612,1.77
google,1000,20,linear,True,False,10.0,0.4,0.3,0.3,0,0.25,WOA,carbon,10,0.3333333333333333,E23,10.62,62.6,36,1.532814,74.7419,4.9772,0.0,0,16.9448,2.8895,25.55,0.0,True,24.5,4840,2.4494,1.7
google,1500,10,linear,True,False,10.0,0.4,0.3,0.3,0,0,WOA,carbon,13,0.3333333333333333,E23,16.49,95.45,39,1.095903,87.2806,9.4446,0.0,0,12.9591,2.1317,73.239,0.0,True,28.0,4840,3.2405,2.41
google,1500,10,linear,True,False,10.0,0.4,0.3,0.3,0,0,WOA,carbon,14,0.3333333333333333,E23,16.49,95.45,39,1.123214,86.9636,7.1879,0.0,0,13.0091,2.1301,76.011,0.0,True,27.0,4840,3.2277,2.42
google,1500,10,linear,True,False,10.0,0.4,0.3,0.3,0,0,WOA,carbon,15,0.3333333333333333,E23,16.49,95.45,39,1.079797,87.4675,10.7755,0.0,0,12.7591,2.0834,78.769,0.0,True,28.0,4840,3.2134,2.48
google,1500,10,linear,True,False,10.0,0.4,0.3,0.3,0,auto,FIFO,-,0,0.3333333333333333,E23,16.49,95.45,39,8.750352,0.0,-475.0748,0.0,0,97.3591,15.915,4.312,8.9738,False,24.5,0,0.0,0.0
google,1500,10,linear,True,False,10.0,0.4,0.3,0.3,0,auto,Consolidation,-,0,0.3333333333333333,E23,16.49,95.45,39,1.521602,82.611,0.0,0.0,0,16.6591,2.7675,37.44,8.9738,False,24.5,0,0.0,0.0
google,1500,10,linear,True,False,10.0,0.4,0.3,0.3,0,auto,Greedy(EDF+greenest),-,0,0.3333333333333333,E23,16.49,95.45,39,1.454028,83.3832,4.441,0.0,0,17.7091,2.9022,26.898,24.6881,False,26.0,0,0.0002,0.0
google,1500,10,linear,True,False,10.0,0.4,0.3,0.3,0,auto,VCC(Google),-,0,0.3333333333333333,E23,16.49,95.45,39,1.484277,83.0375,2.4531,0.0,0,16.3091,2.715,41.78,0.0,True,24.5,0,0.005,0.0
google,1500,10,linear,True,False,10.0,0.4,0.3,0.3,0,auto,Threshold(WaitAwhile),-,0,0.3333333333333333,E23,16.49,95.45,39,1.53382,82.4713,-0.8029,0.0,0,16.9591,2.7897,35.956,8.9738,False,25.5,0,0.021,0.0
google,1000,20,linear,True,False,10.0,0.4,0.3,0.3,0,0.5,WOA,random,7,0.3333333333333333,E23,10.62,62.6,36,2.676178,59.9531,0.4806,0.0,0,29.1948,5.0452,12.775,0.0,True,24.5,4840,2.6327,1.81
google,1000,20,linear,True,False,10.0,0.4,0.3,0.3,0,0.5,WOA,random,8,0.3333333333333333,E23,10.62,62.6,36,2.677091,59.9394,0.4467,0.0,0,29.1948,5.0502,12.775,0.0,True,24.5,4840,2.6477,1.75
google,1000,20,linear,True,False,10.0,0.4,0.3,0.3,0,0.5,WOA,random,9,0.3333333333333333,E23,10.62,62.6,36,2.678675,59.9157,0.3878,0.0,0,29.1948,5.0452,12.775,0.0,True,24.5,4840,2.6236,1.77
google,1000,20,linear,True,False,10.0,0.4,0.3,0.3,0,0.5,WOA,random,10,0.3333333333333333,E23,10.62,62.6,36,2.677524,59.9329,0.4306,0.0,0,29.1948,5.0507,12.775,0.0,True,24.5,4840,2.5786,1.79
google,1000,20,linear,True,False,10.0,0.4,0.3,0.3,0,0.5,WOA,random,11,0.3333333333333333,E23,10.62,62.6,36,2.674973,59.9711,0.5254,0.0,0,29.1948,5.0497,12.775,0.0,True,24.5,4840,2.5725,1.82
google,1000,20,linear,True,False,10.0,0.4,0.3,0.3,0,0.5,WOA,random,12,0.3333333333333333,E23,10.62,62.6,36,2.680473,59.8888,0.3209,0.0,0,29.1948,5.0405,12.775,0.0,True,24.5,4840,2.5816,1.83
google,1000,20,linear,True,False,10.0,0.4,0.3,0.3,0,0.5,WOA,random,13,0.3333333333333333,E23,10.62,62.6,36,2.677877,59.9276,0.4175,0.0,0,29.1948,5.0407,12.775,0.0,True,24.5,4840,2.5873,1.8
google,1000,20,linear,True,False,10.0,0.4,0.3,0.3,0,0.5,WOA,random,14,0.3333333333333333,E23,10.62,62.6,36,2.676204,59.9527,0.4797,0.0,0,29.1948,5.0462,12.775,0.0,True,24.5,4840,2.5896,1.91
google,1000,20,linear,True,False,10.0,0.4,0.3,0.3,0,0.5,WOA,carbon,8,0.3333333333333333,E23,10.62,62.6,36,2.669865,60.0475,0.7154,0.0,0,29.1948,5.0349,12.775,0.0,True,24.5,4840,2.5074,1.73
google,1000,20,linear,True,False,10.0,0.4,0.3,0.3,0,0.5,WOA,carbon,9,0.3333333333333333,E23,10.62,62.6,36,2.661923,60.1664,1.0107,0.0,0,29.1948,5.0321,12.775,0.0,True,24.5,4840,2.487,1.72
google,1000,20,linear,True,False,10.0,0.4,0.3,0.3,0,0.5,WOA,carbon,10,0.3333333333333333,E23,10.62,62.6,36,2.664001,60.1353,0.9334,0.0,0,29.1948,5.027,12.775,0.0,True,24.5,4840,2.476,1.67
google,1000,20,linear,True,False,10.0,0.4,0.3,0.3,0,0.5,WOA,carbon,11,0.3333333333333333,E23,10.62,62.6,36,2.651105,60.3283,1.413,0.0,0,29.1948,5.0225,12.775,0.0,True,24.5,4840,2.4347,1.78
google,1000,20,linear,True,False,10.0,0.4,0.3,0.3,0,0.5,WOA,carbon,12,0.3333333333333333,E23,10.62,62.6,36,2.668059,60.0746,0.7826,0.0,0,29.1948,5.0304,12.775,0.0,True,24.5,4840,2.4207,1.66
google,1000,20,linear,True,False,10.0,0.4,0.3,0.3,0,0.5,WOA,carbon,13,0.3333333333333333,E23,10.62,62.6,36,2.665742,60.1092,0.8687,0.0,0,29.1948,5.0351,12.775,0.0,True,24.5,4840,2.4404,1.77
google,1000,20,linear,True,False,10.0,0.4,0.3,0.3,0,0.5,WOA,carbon,14,0.3333333333333333,E23,10.62,62.6,36,2.676114,59.954,0.483,0.0,0,29.1948,5.0446,12.775,0.0,True,24.5,4840,2.4462,1.84
google,1000,20,linear,True,False,10.0,0.4,0.3,0.3,0,0.5,WOA,carbon,15,0.3333333333333333,E23,10.62,62.6,36,2.657968,60.2256,1.1578,0.0,0,29.1948,5.0298,12.775,0.0,True,24.5,4840,2.4423,1.65
google,1000,20,linear,True,False,10.0,0.4,0.3,0.3,0,0.5,WOA,random,15,0.3333333333333333,E23,10.62,62.6,36,2.67512,59.9689,0.52,0.0,0,29.1948,5.0504,12.775,0.0,True,24.5,4840,2.5591,1.71
google,1000,20,linear,True,False,10.0,0.4,0.3,0.3,0,0.5,WOA,carbon,1,0.3333333333333333,E23,10.62,62.6,36,2.673064,59.9997,0.5964,0.0,0,29.1948,5.0338,12.775,0.0,True,24.5,4840,2.4881,1.63
google,1000,20,linear,True,False,10.0,0.4,0.3,0.3,0,0.5,WOA,carbon,2,0.3333333333333333,E23,10.62,62.6,36,2.67245,60.0088,0.6192,0.0,0,29.1948,5.0328,12.775,0.0,True,24.5,4840,2.4844,1.71
google,1000,20,linear,True,False,10.0,0.4,0.3,0.3,0,0.5,WOA,carbon,3,0.3333333333333333,E23,10.62,62.6,36,2.665202,60.1173,0.8888,0.0,0,29.1948,5.0311,12.775,0.0,True,24.5,4840,2.447,1.69
google,1000,20,linear,True,False,10.0,0.4,0.3,0.3,0,0.5,WOA,carbon,4,0.3333333333333333,E23,10.62,62.6,36,2.6726,60.0066,0.6137,0.0,0,29.1948,5.0343,12.775,0.0,True,24.5,4840,2.4446,1.73
google,1000,20,linear,True,False,10.0,0.4,0.3,0.3,0,0.5,WOA,carbon,5,0.3333333333333333,E23,10.62,62.6,36,2.664625,60.1259,0.9103,0.0,0,29.1948,5.0293,12.775,0.0,True,24.5,4840,2.4572,1.79
google,1000,20,linear,True,False,10.0,0.4,0.3,0.3,0,0.5,WOA,carbon,6,0.3333333333333333,E23,10.62,62.6,36,2.661322,60.1754,1.0331,0.0,0,29.1948,5.0293,12.775,0.0,True,24.5,4840,2.4427,1.67
google,1000,20,linear,True,False,10.0,0.4,0.3,0.3,0,0.5,WOA,carbon,7,0.3333333333333333,E23,10.62,62.6,36,2.670818,60.0333,0.6799,0.0,0,29.1948,5.0355,12.775,0.0,True,24.5,4840,2.4416,1.78
google,1500,10,linear,True,False,10.0,0.4,0.3,0.3,0,0.25,WOA,carbon,15,0.3333333333333333,E23,16.49,95.45,39,1.376748,84.2664,9.5199,0.0,0,15.2091,2.5543,57.513,0.0,True,25.5,4840,3.2892,2.54
google,1500,10,linear,True,False,10.0,0.4,0.3,0.3,0,0.5,FIFO,-,0,0.3333333333333333,E23,16.49,95.45,39,8.906902,0.0,-365.209,0.0,0,98.9091,16.185,4.05,8.9738,False,24.5,0,0.0,0.0
google,1500,10,linear,True,False,10.0,0.4,0.3,0.3,0,0.5,Consolidation,-,0,0.3333333333333333,E23,16.49,95.45,39,1.914602,78.5043,0.0,0.0,0,20.9091,3.525,27.222,8.9738,False,24.5,0,0.0,0.0
google,1500,10,linear,True,False,10.0,0.4,0.3,0.3,0,0.5,Greedy(EDF+greenest),-,0,0.3333333333333333,E23,16.49,95.45,39,1.901978,78.646,0.6594,0.0,0,22.4091,3.7272,19.776,24.6881,False,26.0,0,0.0002,0.0
google,1500,10,linear,True,False,10.0,0.4,0.3,0.3,0,0.5,VCC(Google),-,0,0.3333333333333333,E23,16.49,95.45,39,1.854327,79.181,3.1482,0.0,0,20.3091,3.435,31.838,0.0,True,24.5,0,0.0051,0.0
google,1500,10,linear,True,False,10.0,0.4,0.3,0.3,0,0.5,Threshold(WaitAwhile),-,0,0.3333333333333333,E23,16.49,95.45,39,1.95047,78.1016,-1.8734,0.0,0,21.4091,3.5772,26.155,8.9738,False,25.5,0,0.0213,0.0
google,1500,10,linear,True,False,10.0,0.4,0.3,0.3,0,0.5,WOA,random,1,0.3333333333333333,E23,16.49,95.45,39,1.772236,80.1027,7.4358,0.0,0,19.4591,3.3302,38.609,0.0,True,24.5,4840,3.3012,2.65
google,1500,10,linear,True,False,10.0,0.4,0.3,0.3,0,0.5,WOA,random,2,0.3333333333333333,E23,16.49,95.45,39,1.802774,79.7598,5.8408,0.0,0,19.7591,3.3629,37.41,0.0,True,25.0,4840,3.3144,2.5
google,1500,10,linear,True,False,10.0,0.4,0.3,0.3,0,0.25,Greedy(EDF+greenest),-,0,0.3333333333333333,E23,16.49,95.45,39,1.454028,83.3832,4.441,0.0,0,17.7091,2.9022,26.898,24.6881,False,26.0,0,0.0002,0.0
google,1500,10,linear,True,False,10.0,0.4,0.3,0.3,0,0.25,VCC(Google),-,0,0.3333333333333333,E23,16.49,95.45,39,1.484277,83.0375,2.4531,0.0,0,16.3091,2.715,41.78,0.0,True,24.5,0,0.0051,0.0
google,1500,10,linear,True,False,10.0,0.4,0.3,0.3,0,0.25,Threshold(WaitAwhile),-,0,0.3333333333333333,E23,16.49,95.45,39,1.53382,82.4713,-0.8029,0.0,0,16.9591,2.7897,35.956,8.9738,False,25.5,0,0.0209,0.0
google,1500,10,linear,True,False,10.0,0.4,0.3,0.3,0,0.25,WOA,random,1,0.3333333333333333,E23,16.49,95.45,39,1.384345,84.1795,9.0206,0.0,0,15.3591,2.5868,56.449,0.0,True,26.0,4840,3.3458,2.43
google,1500,10,linear,True,False,10.0,0.4,0.3,0.3,0,0.25,WOA,random,2,0.3333333333333333,E23,16.49,95.45,39,1.386935,84.15,8.8504,0.0,0,15.3591,2.5778,56.518,0.0,True,26.0,4840,3.3202,2.46
google,1500,10,linear,True,False,10.0,0.4,0.3,0.3,0,0.25,WOA,random,3,0.3333333333333333,E23,16.49,95.45,39,1.377307,84.26,9.4831,0.0,0,15.2591,2.5669,57.687,0.0,True,26.0,4840,3.2812,2.7
google,1500,10,linear,True,False,10.0,0.4,0.3,0.3,0,0.25,WOA,random,4,0.3333333333333333,E23,16.49,95.45,39,1.38718,84.1471,8.8342,0.0,0,15.3591,2.5812,55.888,0.0,True,25.5,4840,3.3266,2.52
google,1500,10,linear,True,False,10.0,0.4,0.3,0.3,0,0.25,WOA,random,5,0.3333333333333333,E23,16.49,95.45,39,1.404701,83.9469,7.6828,0.0,0,15.5091,2.6026,54.673,0.0,True,26.0,4840,3.3411,2.45
google,1500,10,linear,True,False,10.0,0.4,0.3,0.3,0,0,WOA,random,4,0.3333333333333333,E23,16.49,95.45,39,1.137428,86.7987,6.0134,0.0,0,13.1091,2.1713,72.019,0.0,True,28.0,4840,3.2287,2.69
google,1500,10,linear,True,False,10.0,0.4,0.3,0.3,0,0,WOA,random,5,0.3333333333333333,E23,16.49,95.45,39,1.135791,86.8177,6.1487,0.0,0,13.1091,2.1691,73.261,0.0,True,27.5,4840,3.2263,2.57
google,1500,10,linear,True,False,10.0,0.4,0.3,0.3,0,0,WOA,random,6,0.3333333333333333,E23,16.49,95.45,39,1.110244,87.1142,8.2597,0.0,0,12.9091,2.1424,76.322,0.0,True,27.5,4840,3.2166,2.81
google,1500,10,linear,True,False,10.0,0.4,0.3,0.3,0,0,WOA,random,7,0.3333333333333333,E23,16.49,95.45,39,1.121794,86.9801,7.3052,0.0,0,13.0091,2.1647,75.459,0.0,True,27.5,4840,3.2311,2.57
google,1500,10,linear,True,False,10.0,0.4,0.3,0.3,0,0,WOA,random,8,0.3333333333333333,E23,16.49,95.45,39,1.134119,86.8371,6.2869,0.0,0,13.0591,2.1616,74.219,0.0,True,27.5,4840,3.2037,2.59
google,1500,10,linear,True,False,10.0,0.4,0.3,0.3,0,0,WOA,random,9,0.3333333333333333,E23,16.49,95.45,39,1.125423,86.938,7.0054,0.0,0,13.0091,2.1569,75.182,0.0,True,27.5,4840,3.2499,2.48
google,1500,10,linear,True,False,10.0,0.4,0.3,0.3,0,0,WOA,random,10,0.3333333333333333,E23,16.49,95.45,39,1.127755,86.9109,6.8127,0.0,0,13.0591,2.1645,74.097,0.0,True,27.5,4840,3.2496,2.62
google,1500,10,linear,True,False,10.0,0.4,0.3,0.3,0,0,WOA,random,11,0.3333333333333333,E23,16.49,95.45,39,1.129474,86.891,6.6707,0.0,0,13.1091,2.1632,71.72,0.0,True,28.0,4840,3.2453,2.39
google,1500,10,linear,True,False,10.0,0.4,0.3,0.3,0,0,WOA,random,12,0.3333333333333333,E23,16.49,95.45,39,1.133837,86.8403,6.3101,0.0,0,13.2091,2.1743,70.266,0.0,True,27.5,4840,3.2419,2.48
google,1500,10,linear,True,False,10.0,0.4,0.3,0.3,0,0,WOA,random,13,0.3333333333333333,E23,16.49,95.45,39,1.12655,86.9249,6.9123,0.0,0,13.0591,2.1569,71.863,0.0,True,28.0,4840,3.2508,2.56
google,1500,10,linear,True,False,10.0,0.4,0.3,0.3,0,0,WOA,random,14,0.3333333333333333,E23,16.49,95.45,39,1.127594,86.9128,6.826,0.0,0,13.1091,2.1679,73.393,0.0,True,28.0,4840,3.2484,2.5
google,1500,10,linear,True,False,10.0,0.4,0.3,0.3,0,0,WOA,random,15,0.3333333333333333,E23,16.49,95.45,39,1.127515,86.9137,6.8326,0.0,0,13.1591,2.1702,73.064,0.0,True,27.5,4840,3.2296,2.6
google,1500,10,linear,True,False,10.0,0.4,0.3,0.3,0,0,WOA,carbon,1,0.3333333333333333,E23,16.49,95.45,39,1.105366,87.1708,8.6627,0.0,0,13.0591,2.1484,72.241,0.0,True,27.5,4840,3.2177,2.67
google,1500,10,linear,True,False,10.0,0.4,0.3,0.3,0,0,WOA,carbon,2,0.3333333333333333,E23,16.49,95.45,39,1.117114,87.0344,7.692,0.0,0,13.2091,2.1739,68.112,0.0,True,27.5,4840,3.2344,2.61
google,1500,10,linear,True,False,10.0,0.4,0.3,0.3,0,0,WOA,carbon,3,0.3333333333333333,E23,16.49,95.45,39,1.107582,87.1451,8.4796,0.0,0,13.0591,2.1496,71.435,0.0,True,27.5,4840,3.2105,2.48
google,1500,10,linear,True,False,10.0,0.4,0.3,0.3,0,0,WOA,carbon,4,0.3333333333333333,E23,16.49,95.45,39,1.068213,87.602,11.7327,0.0,0,13.1091,2.1197,70.988,0.0,True,27.5,4840,3.2354,2.82
google,1500,10,linear,True,False,10.0,0.4,0.3,0.3,0,0,WOA,carbon,5,0.3333333333333333,E23,16.49,95.45,39,1.079182,87.4747,10.8264,0.0,0,12.8591,2.1081,77.173,0.0,True,26.5,4840,3.243,2.5
google,1500,10,linear,True,False,10.0,0.4,0.3,0.3,0,0,WOA,carbon,6,0.3333333333333333,E23,16.49,95.45,39,1.11126,87.1024,8.1757,0.0,0,13.0591,2.1518,69.863,0.0,True,27.5,4840,3.2093,2.46
google,1500,10,linear,True,False,10.0,0.4,0.3,0.3,0,0,WOA,carbon,7,0.3333333333333333,E23,16.49,95.45,39,1.109151,87.1268,8.3499,0.0,0,13.0591,2.1632,68.545,0.0,True,28.0,4840,3.2194,2.41
google,1500,10,linear,True,False,10.0,0.4,0.3,0.3,0,0,WOA,carbon,8,0.3333333333333333,E23,16.49,95.45,39,1.119029,87.0122,7.5337,0.0,0,12.9591,2.1175,76.532,0.0,True,27.0,4840,3.2082,2.71
google,1500,10,linear,True,False,10.0,0.4,0.3,0.3,0,0,WOA,carbon,9,0.3333333333333333,E23,16.49,95.45,39,1.126646,86.9238,6.9043,0.0,0,13.1591,2.1816,73.949,0.0,True,28.0,4840,3.2332,2.65
google,1500,10,linear,True,False,10.0,0.4,0.3,0.3,0,0,WOA,carbon,10,0.3333333333333333,E23,16.49,95.45,39,1.091209,87.3351,9.8326,0.0,0,12.8591,2.1218,77.08,0.0,True,27.5,4840,3.2306,2.5
google,1500,10,linear,True,False,10.0,0.4,0.3,0.3,0,0,WOA,carbon,11,0.3333333333333333,E23,16.49,95.45,39,1.073955,87.5353,11.2582,0.0,0,12.9591,2.1214,74.8,0.0,True,26.5,4840,3.2322,2.45
google,1500,10,linear,True,False,10.0,0.4,0.3,0.3,0,0,WOA,carbon,12,0.3333333333333333,E23,16.49,95.45,39,1.098521,87.2502,9.2283,0.0,0,13.0091,2.1445,72.744,0.0,True,27.5,4840,3.2516,2.42
google,1500,10,linear,True,False,10.0,0.4,0.3,0.3,0,auto,WOA,carbon,10,0.3333333333333333,E23,16.49,95.45,39,1.363631,84.4163,10.3819,0.0,0,15.1091,2.5511,58.69,0.0,True,25.5,4840,3.301,2.57
google,1500,10,linear,True,False,10.0,0.4,0.3,0.3,0,auto,WOA,carbon,11,0.3333333333333333,E23,16.49,95.45,39,1.387214,84.1468,8.832,0.0,0,15.3591,2.5829,56.388,0.0,True,26.0,4840,3.296,2.36
google,1500,10,linear,True,False,10.0,0.4,0.3,0.3,0,auto,WOA,carbon,12,0.3333333333333333,E23,16.49,95.45,39,1.350574,84.5655,11.24,0.0,0,14.9591,2.5206,59.28,0.0,True,24.5,4840,3.2762,2.52
google,1500,10,linear,True,False,10.0,0.4,0.3,0.3,0,auto,WOA,carbon,13,0.3333333333333333,E23,16.49,95.45,39,1.400426,83.9958,7.9637,0.0,0,15.4591,2.5996,55.393,0.0,True,26.0,4840,3.3352,2.54
google,1500,10,linear,True,False,10.0,0.4,0.3,0.3,0,auto,WOA,carbon,14,0.3333333333333333,E23,16.49,95.45,39,1.383502,84.1892,9.076,0.0,0,15.4591,2.5969,55.489,0.0,True,26.0,4840,3.2973,2.84
google,1500,10,linear,True,False,10.0,0.4,0.3,0.3,0,auto,WOA,carbon,15,0.3333333333333333,E23,16.49,95.45,39,1.376748,84.2664,9.5199,0.0,0,15.2091,2.5543,57.513,0.0,True,25.5,4840,3.3136,2.54
google,1500,10,linear,True,False,10.0,0.4,0.3,0.3,0,0.25,FIFO,-,0,0.3333333333333333,E23,16.49,95.45,39,8.750352,0.0,-475.0748,0.0,0,97.3591,15.915,4.312,8.9738,False,24.5,0,0.0,0.0
google,1500,10,linear,True,False,10.0,0.4,0.3,0.3,0,0.25,Consolidation,-,0,0.3333333333333333,E23,16.49,95.45,39,1.521602,82.611,0.0,0.0,0,16.6591,2.7675,37.44,8.9738,False,24.5,0,0.0,0.0
google,1500,10,linear,True,False,10.0,0.4,0.3,0.3,0,auto,WOA,random,1,0.3333333333333333,E23,16.49,95.45,39,1.384345,84.1795,9.0206,0.0,0,15.3591,2.5868,56.449,0.0,True,26.0,4840,3.3182,2.43
google,1500,10,linear,True,False,10.0,0.4,0.3,0.3,0,auto,WOA,random,2,0.3333333333333333,E23,16.49,95.45,39,1.386935,84.15,8.8504,0.0,0,15.3591,2.5778,56.518,0.0,True,26.0,4840,3.3049,2.46
google,1500,10,linear,True,False,10.0,0.4,0.3,0.3,0,auto,WOA,random,3,0.3333333333333333,E23,16.49,95.45,39,1.377307,84.26,9.4831,0.0,0,15.2591,2.5669,57.687,0.0,True,26.0,4840,3.2817,2.7
google,1500,10,linear,True,False,10.0,0.4,0.3,0.3,0,auto,WOA,random,4,0.3333333333333333,E23,16.49,95.45,39,1.38718,84.1471,8.8342,0.0,0,15.3591,2.5812,55.888,0.0,True,25.5,4840,3.2924,2.52
google,1500,10,linear,True,False,10.0,0.4,0.3,0.3,0,auto,WOA,random,5,0.3333333333333333,E23,16.49,95.45,39,1.404701,83.9469,7.6828,0.0,0,15.5091,2.6026,54.673,0.0,True,26.0,4840,3.3339,2.45
google,1500,10,linear,True,False,10.0,0.4,0.3,0.3,0,auto,WOA,random,6,0.3333333333333333,E23,16.49,95.45,39,1.376746,84.2664,9.52,0.0,0,15.2091,2.5564,57.692,0.0,True,25.5,4840,3.2902,2.48
google,1500,10,linear,True,False,10.0,0.4,0.3,0.3,0,auto,WOA,random,7,0.3333333333333333,E23,16.49,95.45,39,1.387881,84.1391,8.7882,0.0,0,15.3591,2.5919,55.71,0.0,True,25.5,4840,3.303,2.43
google,1500,10,linear,True,False,10.0,0.4,0.3,0.3,0,auto,WOA,random,8,0.3333333333333333,E23,16.49,95.45,39,1.389126,84.1249,8.7064,0.0,0,15.3591,2.5812,55.777,0.0,True,25.5,4840,3.2849,2.57
google,1500,10,linear,True,False,10.0,0.4,0.3,0.3,0,auto,WOA,random,9,0.3333333333333333,E23,16.49,95.45,39,1.380031,84.2289,9.3041,0.0,0,15.2091,2.5621,56.927,0.0,True,25.0,4840,3.3153,2.66
google,1500,10,linear,True,False,10.0,0.4,0.3,0.3,0,auto,WOA,random,10,0.3333333333333333,E23,16.49,95.45,39,1.372182,84.3186,9.8199,0.0,0,15.1591,2.5517,57.367,0.0,True,25.0,4840,3.3053,2.39
google,1500,10,linear,True,False,10.0,0.4,0.3,0.3,0,auto,WOA,random,11,0.3333333333333333,E23,16.49,95.45,39,1.38546,84.1668,8.9473,0.0,0,15.2591,2.5684,56.233,0.0,True,25.0,4840,3.2935,2.69
google,1500,10,linear,True,False,10.0,0.4,0.3,0.3,0,auto,WOA,random,12,0.3333333333333333,E23,16.49,95.45,39,1.392319,84.0884,8.4965,0.0,0,15.4091,2.5999,55.796,0.0,True,26.0,4840,3.2711,2.62
google,1500,10,linear,True,False,10.0,0.4,0.3,0.3,0,auto,WOA,random,13,0.3333333333333333,E23,16.49,95.45,39,1.386952,84.1498,8.8493,0.0,0,15.3091,2.5838,57.333,0.0,True,26.0,4840,3.3221,2.86
google,1500,10,linear,True,False,10.0,0.4,0.3,0.3,0,auto,WOA,random,14,0.3333333333333333,E23,16.49,95.45,39,1.404803,83.9458,7.6761,0.0,0,15.4591,2.6048,55.216,0.0,True,26.0,4840,3.3044,2.49
google,1500,10,linear,True,False,10.0,0.4,0.3,0.3,0,auto,WOA,random,15,0.3333333333333333,E23,16.49,95.45,39,1.375406,84.2817,9.608,0.0,0,15.2591,2.5696,57.013,0.0,True,25.5,4840,3.3429,2.64
google,1500,10,linear,True,False,10.0,0.4,0.3,0.3,0,auto,WOA,carbon,1,0.3333333333333333,E23,16.49,95.45,39,1.362744,84.4264,10.4402,0.0,0,15.1091,2.5504,58.009,0.0,True,25.0,4840,3.2914,2.47
google,1500,10,linear,True,False,10.0,0.4,0.3,0.3,0,auto,WOA,carbon,2,0.3333333333333333,E23,16.49,95.45,39,1.372072,84.3198,9.8272,0.0,0,15.3091,2.5855,57.119,0.0,True,26.0,4840,3.2903,2.53
google,1500,10,linear,True,False,10.0,0.4,0.3,0.3,0,auto,WOA,carbon,3,0.3333333333333333,E23,16.49,95.45,39,1.371633,84.3248,9.856,0.0,0,15.4091,2.5932,55.089,0.0,True,25.5,4840,3.2598,2.49
google,1500,10,linear,True,False,10.0,0.4,0.3,0.3,0,auto,WOA,carbon,4,0.3333333333333333,E23,16.49,95.45,39,1.380067,84.2284,9.3017,0.0,0,15.3091,2.58,57.071,0.0,True,26.0,4840,3.2575,2.78
google,1500,10,linear,True,False,10.0,0.4,0.3,0.3,0,auto,WOA,carbon,5,0.3333333333333333,E23,16.49,95.45,39,1.382916,84.1959,9.1145,0.0,0,15.3591,2.5902,56.461,0.0,True,26.0,4840,3.2893,2.49
google,1500,10,linear,True,False,10.0,0.4,0.3,0.3,0,auto,WOA,carbon,6,0.3333333333333333,E23,16.49,95.45,39,1.392622,84.085,8.4766,0.0,0,15.3591,2.586,56.297,0.0,True,26.0,4840,3.2678,2.59
google,1500,10,linear,True,False,10.0,0.4,0.3,0.3,0,auto,WOA,carbon,7,0.3333333333333333,E23,16.49,95.45,39,1.387528,84.1432,8.8114,0.0,0,15.5091,2.6139,54.623,0.0,True,26.0,4840,3.2859,2.54
google,1500,10,linear,True,False,10.0,0.4,0.3,0.3,0,auto,WOA,carbon,8,0.3333333333333333,E23,16.49,95.45,39,1.389995,84.115,8.6493,0.0,0,15.4091,2.5909,54.897,0.0,True,25.5,4840,3.2866,2.78
google,1500,10,linear,True,False,10.0,0.4,0.3,0.3,0,auto,WOA,carbon,9,0.3333333333333333,E23,16.49,95.45,39,1.394925,84.0586,8.3252,0.0,0,15.5091,2.5999,54.154,0.0,True,25.5,4840,3.3045,2.65
google,1500,10,linear,True,False,10.0,0.4,0.3,0.3,0,0.25,WOA,random,6,0.3333333333333333,E23,16.49,95.45,39,1.376746,84.2664,9.52,0.0,0,15.2091,2.5564,57.692,0.0,True,25.5,4840,3.292,2.48
google,1500,10,linear,True,False,10.0,0.4,0.3,0.3,0,0.25,WOA,random,7,0.3333333333333333,E23,16.49,95.45,39,1.387881,84.1391,8.7882,0.0,0,15.3591,2.5919,55.71,0.0,True,25.5,4840,3.2796,2.43
google,1500,10,linear,True,False,10.0,0.4,0.3,0.3,0,0.25,WOA,random,8,0.3333333333333333,E23,16.49,95.45,39,1.389126,84.1249,8.7064,0.0,0,15.3591,2.5812,55.777,0.0,True,25.5,4840,3.2801,2.57
google,1500,10,linear,True,False,10.0,0.4,0.3,0.3,0,0.25,WOA,random,9,0.3333333333333333,E23,16.49,95.45,39,1.380031,84.2289,9.3041,0.0,0,15.2091,2.5621,56.927,0.0,True,25.0,4840,3.3012,2.66
google,1500,10,linear,True,False,10.0,0.4,0.3,0.3,0,0.25,WOA,random,10,0.3333333333333333,E23,16.49,95.45,39,1.372182,84.3186,9.8199,0.0,0,15.1591,2.5517,57.367,0.0,True,25.0,4840,3.3062,2.39
google,1500,10,linear,True,False,10.0,0.4,0.3,0.3,0,0.25,WOA,random,11,0.3333333333333333,E23,16.49,95.45,39,1.38546,84.1668,8.9473,0.0,0,15.2591,2.5684,56.233,0.0,True,25.0,4840,3.3048,2.69
google,1500,10,linear,True,False,10.0,0.4,0.3,0.3,0,0.25,WOA,random,12,0.3333333333333333,E23,16.49,95.45,39,1.392319,84.0884,8.4965,0.0,0,15.4091,2.5999,55.796,0.0,True,26.0,4840,3.2966,2.62
google,1500,10,linear,True,False,10.0,0.4,0.3,0.3,0,0.25,WOA,random,13,0.3333333333333333,E23,16.49,95.45,39,1.386952,84.1498,8.8493,0.0,0,15.3091,2.5838,57.333,0.0,True,26.0,4840,3.3223,2.86
google,1500,10,linear,True,False,10.0,0.4,0.3,0.3,0,0.25,WOA,carbon,7,0.3333333333333333,E23,16.49,95.45,39,1.387528,84.1432,8.8114,0.0,0,15.5091,2.6139,54.623,0.0,True,26.0,4840,3.2767,2.54
google,1500,10,linear,True,False,10.0,0.4,0.3,0.3,0,0.25,WOA,carbon,8,0.3333333333333333,E23,16.49,95.45,39,1.389995,84.115,8.6493,0.0,0,15.4091,2.5909,54.897,0.0,True,25.5,4840,3.2508,2.78
google,1500,10,linear,True,False,10.0,0.4,0.3,0.3,0,0.25,WOA,carbon,9,0.3333333333333333,E23,16.49,95.45,39,1.394925,84.0586,8.3252,0.0,0,15.5091,2.5999,54.154,0.0,True,25.5,4840,3.2771,2.65
google,1500,10,linear,True,False,10.0,0.4,0.3,0.3,0,0.25,WOA,carbon,10,0.3333333333333333,E23,16.49,95.45,39,1.363631,84.4163,10.3819,0.0,0,15.1091,2.5511,58.69,0.0,True,25.5,4840,3.2879,2.57
google,1500,10,linear,True,False,10.0,0.4,0.3,0.3,0,0.25,WOA,carbon,11,0.3333333333333333,E23,16.49,95.45,39,1.387214,84.1468,8.832,0.0,0,15.3591,2.5829,56.388,0.0,True,26.0,4840,3.2905,2.36
google,1500,10,linear,True,False,10.0,0.4,0.3,0.3,0,0.25,WOA,carbon,12,0.3333333333333333,E23,16.49,95.45,39,1.350574,84.5655,11.24,0.0,0,14.9591,2.5206,59.28,0.0,True,24.5,4840,3.2668,2.52
google,1500,10,linear,True,False,10.0,0.4,0.3,0.3,0,0.25,WOA,carbon,13,0.3333333333333333,E23,16.49,95.45,39,1.400426,83.9958,7.9637,0.0,0,15.4591,2.5996,55.393,0.0,True,26.0,4840,3.3093,2.54
google,1500,10,linear,True,False,10.0,0.4,0.3,0.3,0,0.25,WOA,carbon,14,0.3333333333333333,E23,16.49,95.45,39,1.383502,84.1892,9.076,0.0,0,15.4591,2.5969,55.489,0.0,True,26.0,4840,3.3314,2.83
google,1500,10,linear,True,False,10.0,0.4,0.3,0.3,0,0.5,WOA,carbon,12,0.3333333333333333,E23,16.49,95.45,39,1.755817,80.287,8.2934,0.0,0,19.4591,3.3252,38.553,0.0,True,24.5,4840,3.3005,2.46
google,1500,10,linear,True,False,10.0,0.4,0.3,0.3,0,0.5,WOA,carbon,13,0.3333333333333333,E23,16.49,95.45,39,1.766297,80.1693,7.746,0.0,0,19.5091,3.3036,38.18,0.0,True,24.5,4840,3.2939,2.7
google,1500,10,linear,True,False,10.0,0.4,0.3,0.3,0,0.5,WOA,carbon,14,0.3333333333333333,E23,16.49,95.45,39,1.765872,80.1741,7.7682,0.0,0,19.5591,3.3111,37.835,0.0,True,24.5,4840,3.2866,2.44
google,1500,10,linear,True,False,10.0,0.4,0.3,0.3,0,0.5,WOA,carbon,15,0.3333333333333333,E23,16.49,95.45,39,1.783666,79.9743,6.8388,0.0,0,19.7091,3.336,36.665,0.0,True,24.5,4840,3.3494,2.49
google,1500,20,linear,True,False,10.0,0.4,0.3,0.3,0,0,FIFO,-,0,0.3333333333333333,E23,16.49,95.45,39,8.616002,0.0,-611.9473,0.0,0,95.9591,15.66,5.308,0.0,True,24.5,0,0.0,0.0
google,1500,20,linear,True,False,10.0,0.4,0.3,0.3,0,0,Consolidation,-,0,0.3333333333333333,E23,16.49,95.45,39,1.210202,85.954,0.0,0.0,0,13.3091,2.1675,55.842,0.0,True,24.5,0,0.0,0.0
google,1500,20,linear,True,False,10.0,0.4,0.3,0.3,0,0,Greedy(EDF+greenest),-,0,0.3333333333333333,E23,16.49,95.45,39,0.953278,88.936,21.2299,0.0,0,12.7091,2.0322,64.21,0.8379,False,26.0,0,0.0002,0.0
google,1500,20,linear,True,False,10.0,0.4,0.3,0.3,0,0,VCC(Google),-,0,0.3333333333333333,E23,16.49,95.45,39,1.209986,85.9565,0.0179,0.0,0,13.3091,2.1675,56.369,0.0,True,24.5,0,0.0047,0.0
google,1500,10,linear,True,False,10.0,0.4,0.3,0.3,0,0.25,WOA,random,14,0.3333333333333333,E23,16.49,95.45,39,1.404803,83.9458,7.6761,0.0,0,15.4591,2.6048,55.216,0.0,True,26.0,4840,3.4613,2.49
google,1500,10,linear,True,False,10.0,0.4,0.3,0.3,0,0.25,WOA,random,15,0.3333333333333333,E23,16.49,95.45,39,1.375406,84.2817,9.608,0.0,0,15.2591,2.5696,57.013,0.0,True,25.5,4840,3.4859,2.64
google,1500,10,linear,True,False,10.0,0.4,0.3,0.3,0,0.25,WOA,carbon,1,0.3333333333333333,E23,16.49,95.45,39,1.362744,84.4264,10.4402,0.0,0,15.1091,2.5504,58.009,0.0,True,25.0,4840,3.4565,2.47
google,1500,10,linear,True,False,10.0,0.4,0.3,0.3,0,0.25,WOA,carbon,2,0.3333333333333333,E23,16.49,95.45,39,1.372072,84.3198,9.8272,0.0,0,15.3091,2.5855,57.119,0.0,True,26.0,4840,3.4539,2.52
google,1500,10,linear,True,False,10.0,0.4,0.3,0.3,0,0.25,WOA,carbon,3,0.3333333333333333,E23,16.49,95.45,39,1.371633,84.3248,9.856,0.0,0,15.4091,2.5932,55.089,0.0,True,25.5,4840,3.4509,2.49
google,1500,10,linear,True,False,10.0,0.4,0.3,0.3,0,0.25,WOA,carbon,4,0.3333333333333333,E23,16.49,95.45,39,1.380067,84.2284,9.3017,0.0,0,15.3091,2.58,57.071,0.0,True,26.0,4840,3.4422,2.78
google,1500,10,linear,True,False,10.0,0.4,0.3,0.3,0,0.25,WOA,carbon,5,0.3333333333333333,E23,16.49,95.45,39,1.382916,84.1959,9.1145,0.0,0,15.3591,2.5902,56.461,0.0,True,26.0,4840,3.4809,2.49
google,1500,10,linear,True,False,10.0,0.4,0.3,0.3,0,0.25,WOA,carbon,6,0.3333333333333333,E23,16.49,95.45,39,1.392622,84.085,8.4766,0.0,0,15.3591,2.586,56.297,0.0,True,26.0,4840,3.5167,2.59
google,1500,20,linear,True,False,10.0,0.4,0.3,0.3,0,auto,Consolidation,-,0,0.3333333333333333,E23,16.49,95.45,39,1.521602,82.611,0.0,0.0,0,16.6591,2.7675,37.44,0.0,True,24.5,0,0.0,0.0
google,1500,20,linear,True,False,10.0,0.4,0.3,0.3,0,auto,Greedy(EDF+greenest),-,0,0.3333333333333333,E23,16.49,95.45,39,1.454028,83.3832,4.441,0.0,0,17.7091,2.9022,26.898,0.8379,False,26.0,0,0.0002,0.0
google,1500,20,linear,True,False,10.0,0.4,0.3,0.3,0,auto,VCC(Google),-,0,0.3333333333333333,E23,16.49,95.45,39,1.516436,82.67,0.3396,0.0,0,16.6091,2.76,37.994,0.0,True,24.5,0,0.0049,0.0
google,1500,20,linear,True,False,10.0,0.4,0.3,0.3,0,auto,Threshold(WaitAwhile),-,0,0.3333333333333333,E23,16.49,95.45,39,1.53382,82.4713,-0.8029,0.0,0,16.9591,2.7897,35.956,0.0,True,25.5,0,0.0219,0.0
google,1500,20,linear,True,False,10.0,0.4,0.3,0.3,0,auto,WOA,random,1,0.3333333333333333,E23,16.49,95.45,39,1.384345,84.1795,9.0206,0.0,0,15.3591,2.5868,56.449,0.0,True,26.0,4840,3.3541,2.45
google,1500,20,linear,True,False,10.0,0.4,0.3,0.3,0,auto,WOA,random,2,0.3333333333333333,E23,16.49,95.45,39,1.386935,84.15,8.8504,0.0,0,15.3591,2.5778,56.518,0.0,True,26.0,4840,3.3681,2.46
google,1500,20,linear,True,False,10.0,0.4,0.3,0.3,0,auto,WOA,random,3,0.3333333333333333,E23,16.49,95.45,39,1.377307,84.26,9.4831,0.0,0,15.2591,2.5669,57.687,0.0,True,26.0,4840,3.3199,2.7
google,1500,20,linear,True,False,10.0,0.4,0.3,0.3,0,auto,WOA,random,4,0.3333333333333333,E23,16.49,95.45,39,1.38718,84.1471,8.8342,0.0,0,15.3591,2.5812,55.888,0.0,True,25.5,4840,3.3434,2.52
google,1500,10,linear,True,False,10.0,0.4,0.3,0.3,0,0.5,WOA,random,3,0.3333333333333333,E23,16.49,95.45,39,1.775084,80.0707,7.2871,0.0,0,19.5091,3.3233,38.236,0.0,True,24.5,4840,3.3247,2.55
google,1500,10,linear,True,False,10.0,0.4,0.3,0.3,0,0.5,WOA,random,4,0.3333333333333333,E23,16.49,95.45,39,1.776254,80.0576,7.226,0.0,0,19.5091,3.3259,38.206,0.0,True,24.5,4840,3.3268,2.57
google,1500,10,linear,True,False,10.0,0.4,0.3,0.3,0,0.5,WOA,random,5,0.3333333333333333,E23,16.49,95.45,39,1.821758,79.5467,4.8493,0.0,0,19.9591,3.3846,37.088,0.0,True,25.5,4840,3.3254,2.67
google,1500,10,linear,True,False,10.0,0.4,0.3,0.3,0,0.5,WOA,random,6,0.3333333333333333,E23,16.49,95.45,39,1.768773,80.1415,7.6167,0.0,0,19.4591,3.3229,38.605,0.0,True,24.5,4840,3.3391,2.77
google,1500,10,linear,True,False,10.0,0.4,0.3,0.3,0,0.5,WOA,random,7,0.3333333333333333,E23,16.49,95.45,39,1.796234,79.8332,6.1824,0.0,0,19.7091,3.3617,36.686,0.0,True,24.5,4840,3.3743,2.56
google,1500,10,linear,True,False,10.0,0.4,0.3,0.3,0,0.5,WOA,random,8,0.3333333333333333,E23,16.49,95.45,39,1.800061,79.7903,5.9825,0.0,0,19.7591,3.3679,37.456,0.0,True,25.0,4840,3.3067,2.48
google,1500,10,linear,True,False,10.0,0.4,0.3,0.3,0,0.5,WOA,random,9,0.3333333333333333,E23,16.49,95.45,39,1.784999,79.9594,6.7692,0.0,0,19.6091,3.3471,37.433,0.0,True,24.5,4840,3.3388,2.54
google,1500,10,linear,True,False,10.0,0.4,0.3,0.3,0,0.5,WOA,random,10,0.3333333333333333,E23,16.49,95.45,39,1.766951,80.162,7.7118,0.0,0,19.4591,3.3145,38.579,0.0,True,24.5,4840,3.3307,2.67
google,1500,20,linear,True,False,10.0,0.4,0.3,0.3,0,0,Threshold(WaitAwhile),-,0,0.3333333333333333,E23,16.49,95.45,39,1.13917,86.7784,5.8695,0.0,0,13.0091,2.0772,63.49,0.0,True,25.5,0,0.0214,0.0
google,1500,20,linear,True,False,10.0,0.4,0.3,0.3,0,0,WOA,random,1,0.3333333333333333,E23,16.49,95.45,39,1.106417,87.1586,8.5759,0.0,0,13.1091,2.1585,60.585,0.0,True,28.5,4840,3.2609,2.48
google,1500,20,linear,True,False,10.0,0.4,0.3,0.3,0,0,WOA,random,2,0.3333333333333333,E23,16.49,95.45,39,1.119205,87.0102,7.5192,0.0,0,13.2591,2.1885,57.178,0.0,True,28.0,4840,3.259,2.43
google,1500,20,linear,True,False,10.0,0.4,0.3,0.3,0,0,WOA,random,3,0.3333333333333333,E23,16.49,95.45,39,1.11314,87.0806,8.0204,0.0,0,13.1091,2.1542,64.735,0.0,True,28.0,4840,3.2607,2.72
google,1500,20,linear,True,False,10.0,0.4,0.3,0.3,0,0,WOA,random,4,0.3333333333333333,E23,16.49,95.45,39,1.106574,87.1568,8.5629,0.0,0,13.0591,2.1473,67.448,0.0,True,28.0,4840,3.2966,2.48
google,1500,20,linear,True,False,10.0,0.4,0.3,0.3,0,0,WOA,random,5,0.3333333333333333,E23,16.49,95.45,39,1.11339,87.0777,7.9997,0.0,0,13.1591,2.1732,64.16,0.0,True,28.0,4840,3.2844,2.52
google,1500,20,linear,True,False,10.0,0.4,0.3,0.3,0,0,WOA,random,6,0.3333333333333333,E23,16.49,95.45,39,1.112142,87.0921,8.1028,0.0,0,13.0591,2.161,68.577,0.0,True,28.0,4840,3.268,2.58
google,1500,20,linear,True,False,10.0,0.4,0.3,0.3,0,0,WOA,random,7,0.3333333333333333,E23,16.49,95.45,39,1.119338,87.0086,7.5082,0.0,0,13.1091,2.1811,65.225,0.0,True,28.0,4840,3.2756,2.55
google,1500,20,linear,True,False,10.0,0.4,0.3,0.3,0,auto,WOA,carbon,14,0.3333333333333333,E23,16.49,95.45,39,1.386619,84.1536,8.8712,0.0,0,15.3091,2.5749,57.122,0.0,True,26.0,4840,3.4624,2.54
google,1500,20,linear,True,False,10.0,0.4,0.3,0.3,0,auto,WOA,carbon,15,0.3333333333333333,E23,16.49,95.45,39,1.375917,84.2759,9.5745,0.0,0,15.2091,2.5577,57.511,0.0,True,25.5,4840,3.5007,2.96
google,1500,20,linear,True,False,10.0,0.4,0.3,0.3,0,0.25,FIFO,-,0,0.3333333333333333,E23,16.49,95.45,39,8.906902,0.0,-365.209,0.0,0,98.9091,16.185,4.05,0.0,True,24.5,0,0.0,0.0
google,1500,20,linear,True,False,10.0,0.4,0.3,0.3,0,0.25,Consolidation,-,0,0.3333333333333333,E23,16.49,95.45,39,1.914602,78.5043,0.0,0.0,0,20.9091,3.525,27.222,0.0,True,24.5,0,0.0,0.0
google,1500,20,linear,True,False,10.0,0.4,0.3,0.3,0,0.25,Greedy(EDF+greenest),-,0,0.3333333333333333,E23,16.49,95.45,39,1.901978,78.646,0.6594,0.0,0,22.4091,3.7272,19.776,0.8379,False,26.0,0,0.0002,0.0
google,1500,20,linear,True,False,10.0,0.4,0.3,0.3,0,0.25,VCC(Google),-,0,0.3333333333333333,E23,16.49,95.45,39,1.909436,78.5623,0.2699,0.0,0,20.8591,3.5175,27.564,0.0,True,24.5,0,0.005,0.0
google,1500,20,linear,True,False,10.0,0.4,0.3,0.3,0,0.25,Threshold(WaitAwhile),-,0,0.3333333333333333,E23,16.49,95.45,39,1.95047,78.1016,-1.8734,0.0,0,21.4091,3.5772,26.155,0.0,True,25.5,0,0.0219,0.0
google,1500,20,linear,True,False,10.0,0.4,0.3,0.3,0,0.25,WOA,random,1,0.3333333333333333,E23,16.49,95.45,39,1.791198,79.8898,6.4454,0.0,0,19.6591,3.3524,38.182,0.0,True,25.0,4840,3.5216,2.55
google,1500,10,linear,True,False,10.0,0.4,0.3,0.3,0,0.5,WOA,random,11,0.3333333333333333,E23,16.49,95.45,39,1.792507,79.8751,6.377,0.0,0,19.6591,3.3512,37.098,0.0,True,24.5,4840,3.3277,2.51
google,1500,10,linear,True,False,10.0,0.4,0.3,0.3,0,0.5,WOA,random,12,0.3333333333333333,E23,16.49,95.45,39,1.816875,79.6015,5.1043,0.0,0,19.9091,3.3944,36.342,0.0,True,25.0,4840,3.3143,2.65
google,1500,10,linear,True,False,10.0,0.4,0.3,0.3,0,0.5,WOA,random,13,0.3333333333333333,E23,16.49,95.45,39,1.817055,79.5995,5.0949,0.0,0,19.9091,3.3831,37.433,0.0,True,25.5,4840,3.3522,2.47
google,1500,10,linear,True,False,10.0,0.4,0.3,0.3,0,0.5,WOA,random,14,0.3333333333333333,E23,16.49,95.45,39,1.796539,79.8298,6.1665,0.0,0,19.7091,3.3506,36.563,0.0,True,24.5,4840,3.3742,2.59
google,1500,10,linear,True,False,10.0,0.4,0.3,0.3,0,0.5,WOA,random,15,0.3333333333333333,E23,16.49,95.45,39,1.77575,80.0632,7.2523,0.0,0,19.5091,3.3299,38.203,0.0,True,24.5,4840,3.3509,2.55
google,1500,10,linear,True,False,10.0,0.4,0.3,0.3,0,0.5,WOA,carbon,1,0.3333333333333333,E23,16.49,95.45,39,1.760198,80.2378,8.0646,0.0,0,19.4091,3.3154,38.961,0.0,True,24.5,4840,3.3303,2.42
google,1500,10,linear,True,False,10.0,0.4,0.3,0.3,0,0.5,WOA,carbon,2,0.3333333333333333,E23,16.49,95.45,39,1.74501,80.4083,8.8578,0.0,0,19.4091,3.2907,38.961,0.0,True,24.5,4840,3.3067,2.55
google,1500,10,linear,True,False,10.0,0.4,0.3,0.3,0,0.5,WOA,carbon,3,0.3333333333333333,E23,16.49,95.45,39,1.784519,79.9648,6.7943,0.0,0,19.6591,3.3467,38.182,0.0,True,25.0,4840,3.3093,2.7
google,1500,10,linear,True,False,10.0,0.4,0.3,0.3,0,0.5,WOA,carbon,4,0.3333333333333333,E23,16.49,95.45,39,1.793237,79.8669,6.3389,0.0,0,19.6591,3.3431,37.042,0.0,True,24.5,4840,3.2953,2.43
google,1500,10,linear,True,False,10.0,0.4,0.3,0.3,0,0.5,WOA,carbon,5,0.3333333333333333,E23,16.49,95.45,39,1.755832,80.2868,8.2926,0.0,0,19.4591,3.3021,38.58,0.0,True,24.5,4840,3.281,2.61
google,1500,10,linear,True,False,10.0,0.4,0.3,0.3,0,0.5,WOA,carbon,6,0.3333333333333333,E23,16.49,95.45,39,1.790255,79.9004,6.4947,0.0,0,19.7091,3.3392,36.581,0.0,True,24.5,4840,3.283,2.7
google,1500,10,linear,True,False,10.0,0.4,0.3,0.3,0,0.5,WOA,carbon,7,0.3333333333333333,E23,16.49,95.45,39,1.773889,80.0841,7.3495,0.0,0,19.5091,3.3244,38.243,0.0,True,24.5,4840,3.3311,2.71
google,1500,10,linear,True,False,10.0,0.4,0.3,0.3,0,0.5,WOA,carbon,8,0.3333333333333333,E23,16.49,95.45,39,1.76896,80.1394,7.6069,0.0,0,19.5591,3.3115,37.821,0.0,True,24.5,4840,3.2788,2.63
google,1500,10,linear,True,False,10.0,0.4,0.3,0.3,0,0.5,WOA,carbon,9,0.3333333333333333,E23,16.49,95.45,39,1.781164,80.0024,6.9695,0.0,0,19.6591,3.34,38.182,0.0,True,25.0,4840,3.3269,2.5
google,1500,10,linear,True,False,10.0,0.4,0.3,0.3,0,0.5,WOA,carbon,10,0.3333333333333333,E23,16.49,95.45,39,1.773847,80.0846,7.3517,0.0,0,19.5091,3.3283,38.192,0.0,True,24.5,4840,3.2932,2.7
google,1500,10,linear,True,False,10.0,0.4,0.3,0.3,0,0.5,WOA,carbon,11,0.3333333333333333,E23,16.49,95.45,39,1.776488,80.0549,7.2137,0.0,0,19.6091,3.3201,37.479,0.0,True,24.5,4840,3.3025,2.66
google,1500,20,linear,True,False,10.0,0.4,0.3,0.3,0,0,WOA,carbon,9,0.3333333333333333,E23,16.49,95.45,39,0.970407,88.7372,19.8145,0.0,0,12.7591,2.0564,67.262,0.0,True,26.5,4840,3.2701,2.48
google,1500,20,linear,True,False,10.0,0.4,0.3,0.3,0,0,WOA,carbon,10,0.3333333333333333,E23,16.49,95.45,39,0.97515,88.6821,19.4226,0.0,0,12.7591,2.0569,68.449,0.0,True,27.0,4840,3.243,2.73
google,1500,20,linear,True,False,10.0,0.4,0.3,0.3,0,0,WOA,carbon,11,0.3333333333333333,E23,16.49,95.45,39,0.963414,88.8183,20.3923,0.0,0,12.6591,2.0264,69.906,0.0,True,27.0,4840,3.2974,2.55
google,1500,20,linear,True,False,10.0,0.4,0.3,0.3,0,0,WOA,carbon,12,0.3333333333333333,E23,16.49,95.45,39,0.963131,88.8216,20.4157,0.0,0,12.6591,2.0247,70.774,0.0,True,27.0,4840,3.2687,2.46
google,1500,20,linear,True,False,10.0,0.4,0.3,0.3,0,0,WOA,carbon,13,0.3333333333333333,E23,16.49,95.45,39,0.979006,88.6373,19.1039,0.0,0,12.8091,2.0684,69.147,0.0,True,26.5,4840,3.2928,2.42
google,1500,20,linear,True,False,10.0,0.4,0.3,0.3,0,0,WOA,carbon,14,0.3333333333333333,E23,16.49,95.45,39,0.979411,88.6326,19.0705,0.0,0,12.8091,2.0558,66.774,0.0,True,27.0,4840,3.2707,2.48
google,1500,20,linear,True,False,10.0,0.4,0.3,0.3,0,0,WOA,carbon,15,0.3333333333333333,E23,16.49,95.45,39,0.962906,88.8242,20.4343,0.0,0,12.6591,2.0247,69.454,0.0,True,27.0,4840,3.2714,2.41
google,1500,20,linear,True,False,10.0,0.4,0.3,0.3,0,auto,FIFO,-,0,0.3333333333333333,E23,16.49,95.45,39,8.750352,0.0,-475.0748,0.0,0,97.3591,15.915,4.312,0.0,True,24.5,0,0.0,0.0
google,1500,20,linear,True,False,10.0,0.4,0.3,0.3,0,0,WOA,random,8,0.3333333333333333,E23,16.49,95.45,39,1.125054,86.9423,7.0359,0.0,0,13.3091,2.2052,55.842,0.0,True,28.5,4840,3.2545,2.25
google,1500,20,linear,True,False,10.0,0.4,0.3,0.3,0,0,WOA,random,9,0.3333333333333333,E23,16.49,95.45,39,1.121511,86.9834,7.3286,0.0,0,13.0091,2.1569,75.176,0.0,True,27.5,4840,3.2962,2.47
google,1500,20,linear,True,False,10.0,0.4,0.3,0.3,0,0,WOA,random,10,0.3333333333333333,E23,16.49,95.45,39,1.121111,86.988,7.3617,0.0,0,13.2591,2.1885,56.807,0.0,True,28.5,4840,3.2612,2.41
google,1500,20,linear,True,False,10.0,0.4,0.3,0.3,0,0,WOA,random,11,0.3333333333333333,E23,16.49,95.45,39,1.111743,87.0968,8.1357,0.0,0,13.1091,2.1713,61.216,0.0,True,28.0,4840,3.3249,2.59
google,1500,20,linear,True,False,10.0,0.4,0.3,0.3,0,0,WOA,random,12,0.3333333333333333,E23,16.49,95.45,39,1.114336,87.0667,7.9215,0.0,0,13.1591,2.181,61.829,0.0,True,28.0,4840,3.271,2.57
google,1500,20,linear,True,False,10.0,0.4,0.3,0.3,0,0,WOA,random,13,0.3333333333333333,E23,16.49,95.45,39,1.106125,87.162,8.6,0.0,0,13.1091,2.1591,60.756,0.0,True,28.5,4840,3.3141,2.49
google,1500,20,linear,True,False,10.0,0.4,0.3,0.3,0,0,WOA,random,14,0.3333333333333333,E23,16.49,95.45,39,1.115723,87.0506,7.8069,0.0,0,13.1591,2.1852,61.272,0.0,True,28.5,4840,3.281,2.47
google,1500,20,linear,True,False,10.0,0.4,0.3,0.3,0,0,WOA,random,15,0.3333333333333333,E23,16.49,95.45,39,1.107885,87.1415,8.4546,0.0,0,12.9591,2.1362,72.106,0.0,True,28.0,4840,3.2959,2.5
google,1500,20,linear,True,False,10.0,0.4,0.3,0.3,0,0,WOA,carbon,1,0.3333333333333333,E23,16.49,95.45,39,0.958958,88.87,20.7605,0.0,0,12.6591,2.0327,69.77,0.0,True,26.5,4840,3.2322,2.54
google,1500,20,linear,True,False,10.0,0.4,0.3,0.3,0,0,WOA,carbon,2,0.3333333333333333,E23,16.49,95.45,39,0.978825,88.6395,19.1189,0.0,0,12.8591,2.0644,63.619,0.0,True,27.0,4840,3.2323,2.63
google,1500,20,linear,True,False,10.0,0.4,0.3,0.3,0,0,WOA,carbon,3,0.3333333333333333,E23,16.49,95.45,39,0.970307,88.7383,19.8227,0.0,0,12.7591,2.0581,66.905,0.0,True,26.5,4840,3.2637,2.43
google,1500,20,linear,True,False,10.0,0.4,0.3,0.3,0,0,WOA,carbon,4,0.3333333333333333,E23,16.49,95.45,39,0.977081,88.6597,19.263,0.0,0,12.8091,2.0667,65.515,0.0,True,26.5,4840,3.2401,2.48
google,1500,20,linear,True,False,10.0,0.4,0.3,0.3,0,0,WOA,carbon,5,0.3333333333333333,E23,16.49,95.45,39,0.984356,88.5753,18.6619,0.0,0,12.9091,2.0783,65.097,0.0,True,26.5,4840,3.2829,2.57
google,1500,20,linear,True,False,10.0,0.4,0.3,0.3,0,0,WOA,carbon,6,0.3333333333333333,E23,16.49,95.45,39,0.972425,88.7137,19.6477,0.0,0,12.8091,2.0644,65.91,0.0,True,26.5,4840,3.2407,2.66
google,1500,20,linear,True,False,10.0,0.4,0.3,0.3,0,0,WOA,carbon,7,0.3333333333333333,E23,16.49,95.45,39,0.981325,88.6104,18.9123,0.0,0,12.8591,2.0627,66.427,0.0,True,27.0,4840,3.2782,2.62
google,1500,20,linear,True,False,10.0,0.4,0.3,0.3,0,0,WOA,carbon,8,0.3333333333333333,E23,16.49,95.45,39,0.976223,88.6697,19.3339,0.0,0,12.8091,2.0547,67.792,0.0,True,26.5,4840,3.2406,2.54
google,1500,20,linear,True,False,10.0,0.4,0.3,0.3,0,auto,WOA,random,5,0.3333333333333333,E23,16.49,95.45,39,1.404701,83.9469,7.6828,0.0,0,15.5091,2.6026,54.673,0.0,True,26.0,4840,3.3917,2.5
google,1500,20,linear,True,False,10.0,0.4,0.3,0.3,0,auto,WOA,random,6,0.3333333333333333,E23,16.49,95.45,39,1.376746,84.2664,9.52,0.0,0,15.2091,2.5564,57.692,0.0,True,25.5,4840,3.3287,2.48
google,1500,20,linear,True,False,10.0,0.4,0.3,0.3,0,auto,WOA,random,7,0.3333333333333333,E23,16.49,95.45,39,1.387881,84.1391,8.7882,0.0,0,15.3591,2.5919,55.71,0.0,True,25.5,4840,3.3291,2.44
google,1500,20,linear,True,False,10.0,0.4,0.3,0.3,0,auto,WOA,random,8,0.3333333333333333,E23,16.49,95.45,39,1.389126,84.1249,8.7064,0.0,0,15.3591,2.5812,55.777,0.0,True,25.5,4840,3.3047,2.57
google,1500,20,linear,True,False,10.0,0.4,0.3,0.3,0,auto,WOA,random,9,0.3333333333333333,E23,16.49,95.45,39,1.380031,84.2289,9.3041,0.0,0,15.2091,2.5621,56.927,0.0,True,25.0,4840,3.3224,2.66
google,1500,20,linear,True,False,10.0,0.4,0.3,0.3,0,auto,WOA,random,10,0.3333333333333333,E23,16.49,95.45,39,1.372182,84.3186,9.8199,0.0,0,15.1591,2.5517,57.367,0.0,True,25.0,4840,3.3134,2.41
google,1500,20,linear,True,False,10.0,0.4,0.3,0.3,0,auto,WOA,random,11,0.3333333333333333,E23,16.49,95.45,39,1.38546,84.1668,8.9473,0.0,0,15.2591,2.5684,56.233,0.0,True,25.0,4840,3.3219,2.69
google,1500,20,linear,True,False,10.0,0.4,0.3,0.3,0,auto,WOA,random,12,0.3333333333333333,E23,16.49,95.45,39,1.392319,84.0884,8.4965,0.0,0,15.4091,2.5999,55.796,0.0,True,26.0,4840,3.3098,2.62
google,1500,20,linear,True,False,10.0,0.4,0.3,0.3,0,auto,WOA,random,13,0.3333333333333333,E23,16.49,95.45,39,1.386952,84.1498,8.8493,0.0,0,15.3091,2.5838,57.333,0.0,True,26.0,4840,3.3304,2.86
google,1500,20,linear,True,False,10.0,0.4,0.3,0.3,0,auto,WOA,random,14,0.3333333333333333,E23,16.49,95.45,39,1.404803,83.9458,7.6761,0.0,0,15.4591,2.6048,55.216,0.0,True,26.0,4840,3.3209,2.5
google,1500,20,linear,True,False,10.0,0.4,0.3,0.3,0,auto,WOA,random,15,0.3333333333333333,E23,16.49,95.45,39,1.375406,84.2817,9.608,0.0,0,15.2591,2.5696,57.013,0.0,True,25.5,4840,3.3477,2.64
google,1500,20,linear,True,False,10.0,0.4,0.3,0.3,0,auto,WOA,carbon,1,0.3333333333333333,E23,16.49,95.45,39,1.362744,84.4264,10.4402,0.0,0,15.1091,2.5504,58.009,0.0,True,25.0,4840,3.2991,2.37
google,1500,20,linear,True,False,10.0,0.4,0.3,0.3,0,auto,WOA,carbon,2,0.3333333333333333,E23,16.49,95.45,39,1.368154,84.3646,10.0847,0.0,0,15.2591,2.5752,57.534,0.0,True,26.0,4840,3.2928,2.66
google,1500,20,linear,True,False,10.0,0.4,0.3,0.3,0,auto,WOA,carbon,3,0.3333333333333333,E23,16.49,95.45,39,1.356825,84.4941,10.8292,0.0,0,15.3591,2.5739,55.804,0.0,True,25.5,4840,3.2965,2.88
google,1500,20,linear,True,False,10.0,0.4,0.3,0.3,0,auto,WOA,carbon,4,0.3333333333333333,E23,16.49,95.45,39,1.394272,84.0661,8.3682,0.0,0,15.5091,2.5972,53.742,0.0,True,25.5,4840,3.2843,2.63
google,1500,20,linear,True,False,10.0,0.4,0.3,0.3,0,auto,WOA,carbon,5,0.3333333333333333,E23,16.49,95.45,39,1.383584,84.1882,9.0706,0.0,0,15.3591,2.5919,56.505,0.0,True,26.0,4840,3.3394,2.49
google,1500,20,linear,True,False,10.0,0.4,0.3,0.3,0,auto,WOA,carbon,6,0.3333333333333333,E23,16.49,95.45,39,1.392671,84.0844,8.4734,0.0,0,15.3591,2.5865,56.31,0.0,True,26.0,4840,3.3282,2.42
google,1500,20,linear,True,False,10.0,0.4,0.3,0.3,0,auto,WOA,carbon,7,0.3333333333333333,E23,16.49,95.45,39,1.387693,84.1413,8.8005,0.0,0,15.5091,2.6145,54.62,0.0,True,26.0,4840,3.3217,2.48
google,1500,20,linear,True,False,10.0,0.4,0.3,0.3,0,auto,WOA,carbon,8,0.3333333333333333,E23,16.49,95.45,39,1.393422,84.0758,8.424,0.0,0,15.4591,2.6063,55.36,0.0,True,26.0,4840,3.292,2.5
google,1500,20,linear,True,False,10.0,0.4,0.3,0.3,0,auto,WOA,carbon,9,0.3333333333333333,E23,16.49,95.45,39,1.389003,84.1263,8.7144,0.0,0,15.4591,2.5901,54.681,0.0,True,25.5,4840,3.3156,2.55
google,1500,20,linear,True,False,10.0,0.4,0.3,0.3,0,auto,WOA,carbon,10,0.3333333333333333,E23,16.49,95.45,39,1.363631,84.4163,10.3819,0.0,0,15.1091,2.5511,58.69,0.0,True,25.5,4840,3.3167,2.57
google,1500,20,linear,True,False,10.0,0.4,0.3,0.3,0,auto,WOA,carbon,11,0.3333333333333333,E23,16.49,95.45,39,1.387214,84.1468,8.832,0.0,0,15.3591,2.5829,56.388,0.0,True,26.0,4840,3.3465,2.36
google,1500,20,linear,True,False,10.0,0.4,0.3,0.3,0,auto,WOA,carbon,12,0.3333333333333333,E23,16.49,95.45,39,1.350574,84.5655,11.24,0.0,0,14.9591,2.5206,59.28,0.0,True,24.5,4840,3.3066,2.52
google,1500,20,linear,True,False,10.0,0.4,0.3,0.3,0,auto,WOA,carbon,13,0.3333333333333333,E23,16.49,95.45,39,1.369722,84.3467,9.9816,0.0,0,15.3591,2.5705,54.864,0.0,True,25.0,4840,3.337,2.58
google,1500,20,linear,True,False,10.0,0.4,0.3,0.3,0,0.25,WOA,carbon,11,0.3333333333333333,E23,16.49,95.45,39,1.779844,80.0173,7.0385,0.0,0,19.6591,3.3271,37.111,0.0,True,24.5,4840,3.4633,2.51
google,1500,20,linear,True,False,10.0,0.4,0.3,0.3,0,0.25,WOA,carbon,12,0.3333333333333333,E23,16.49,95.45,39,1.756244,80.2822,8.2711,0.0,0,19.4591,3.3224,38.553,0.0,True,24.5,4840,3.4619,2.64
google,1500,20,linear,True,False,10.0,0.4,0.3,0.3,0,0.25,WOA,carbon,13,0.3333333333333333,E23,16.49,95.45,39,1.76366,80.199,7.8837,0.0,0,19.5591,3.3098,37.777,0.0,True,24.5,4840,3.4976,2.46
google,1500,20,linear,True,False,10.0,0.4,0.3,0.3,0,0.25,WOA,carbon,14,0.3333333333333333,E23,16.49,95.45,39,1.765872,80.1741,7.7682,0.0,0,19.5591,3.3111,37.835,0.0,True,24.5,4840,3.4688,2.46
google,1500,20,linear,True,False,10.0,0.4,0.3,0.3,0,0.25,WOA,carbon,15,0.3333333333333333,E23,16.49,95.45,39,1.742609,80.4353,8.9832,0.0,0,19.4091,3.2886,38.961,0.0,True,24.5,4840,3.486,2.44
google,1500,20,linear,True,False,10.0,0.4,0.3,0.3,0,0.5,FIFO,-,0,0.3333333333333333,E23,16.49,95.45,39,9.443602,0.0,-219.6505,0.0,0,104.3591,17.145,3.502,0.0,True,24.5,0,0.0,0.0
google,1500,20,linear,True,False,10.0,0.4,0.3,0.3,0,0.5,Consolidation,-,0,0.3333333333333333,E23,16.49,95.45,39,2.954352,68.7158,0.0,0.0,0,32.1591,5.5125,17.505,0.0,True,24.5,0,0.0,0.0
google,1500,20,linear,True,False,10.0,0.4,0.3,0.3,0,0.5,Greedy(EDF+greenest),-,0,0.3333333333333333,E23,16.49,95.45,39,3.042228,67.7853,-2.9745,0.0,0,34.4091,5.8272,13.643,0.8379,False,26.0,0,0.0002,0.0
google,2000,10,linear,True,False,10.0,0.4,0.3,0.3,0,0,FIFO,-,0,0.3333333333333333,E23,21.23,126.13,38,11.472999,0.0,-641.4377,0.0,0,127.7597,20.8575,5.341,18.2202,False,24.5,0,0.0,0.0
google,2000,10,linear,True,False,10.0,0.4,0.3,0.3,0,0,Consolidation,-,0,0.3333333333333333,E23,21.23,126.13,38,1.547399,86.5127,0.0,0.0,0,17.1097,2.7975,61.064,18.2202,False,24.5,0,0.0,0.0
google,2000,10,linear,True,False,10.0,0.4,0.3,0.3,0,0,Greedy(EDF+greenest),-,0,0.3333333333333333,E23,21.23,126.13,38,1.234601,89.2391,20.2145,0.0,0,16.5097,2.6467,72.234,34.7013,False,26.0,0,0.0002,0.0
google,2000,10,linear,True,False,10.0,0.4,0.3,0.3,0,0,VCC(Google),-,0,0.3333333333333333,E23,21.23,126.13,38,1.530204,86.6626,1.1112,0.0,0,17.0097,2.7825,64.415,0.0,True,24.5,0,0.0072,0.0
google,2000,10,linear,True,False,10.0,0.4,0.3,0.3,0,0,Threshold(WaitAwhile),-,0,0.3333333333333333,E23,21.23,126.13,38,1.473373,87.1579,4.7839,0.0,0,16.8597,2.6992,68.554,18.2202,False,25.5,0,0.0272,0.0
google,2000,10,linear,True,False,10.0,0.4,0.3,0.3,0,0,WOA,random,1,0.3333333333333333,E23,21.23,126.13,38,1.446504,87.3921,6.5203,0.0,0,16.8597,2.755,79.16,0.0,True,27.5,4840,4.1448,3.32
google,2000,10,linear,True,False,10.0,0.4,0.3,0.3,0,0,WOA,random,2,0.3333333333333333,E23,21.23,126.13,38,1.444667,87.4081,6.639,0.0,0,16.8097,2.7617,81.077,0.0,True,28.0,4840,4.1367,3.11
google,2000,10,linear,True,False,10.0,0.4,0.3,0.3,0,0,WOA,random,3,0.3333333333333333,E23,21.23,126.13,38,1.456643,87.3037,5.8651,0.0,0,16.9097,2.7947,77.921,0.0,True,27.5,4840,4.1457,3.17
google,1500,20,linear,True,False,10.0,0.4,0.3,0.3,0,0.5,VCC(Google),-,0,0.3333333333333333,E23,16.49,95.45,39,2.949186,68.7705,0.1749,0.0,0,32.1091,5.505,17.688,0.0,True,24.5,0,0.0045,0.0
google,1500,20,linear,True,False,10.0,0.4,0.3,0.3,0,0.5,Threshold(WaitAwhile),-,0,0.3333333333333333,E23,16.49,95.45,39,3.04447,67.7616,-3.0503,0.0,0,33.1591,5.6397,16.819,0.0,True,25.5,0,0.0211,0.0
google,1500,20,linear,True,False,10.0,0.4,0.3,0.3,0,0.5,WOA,random,1,0.3333333333333333,E23,16.49,95.45,39,2.902847,69.2612,1.7434,0.0,0,31.6591,5.4463,19.48,0.0,True,24.5,4840,3.3589,2.51
google,1500,20,linear,True,False,10.0,0.4,0.3,0.3,0,0.5,WOA,random,2,0.3333333333333333,E23,16.49,95.45,39,2.898935,69.3027,1.8758,0.0,0,31.6591,5.4462,19.48,0.0,True,24.5,4840,3.3508,2.52
google,1500,20,linear,True,False,10.0,0.4,0.3,0.3,0,0.5,WOA,random,3,0.3333333333333333,E23,16.49,95.45,39,2.89948,69.2969,1.8573,0.0,0,31.6591,5.4474,19.48,0.0,True,24.5,4840,3.3503,2.34
google,1500,20,linear,True,False,10.0,0.4,0.3,0.3,0,0.5,WOA,random,4,0.3333333333333333,E23,16.49,95.45,39,2.898821,69.3039,1.8796,0.0,0,31.6591,5.4501,19.48,0.0,True,24.5,4840,3.3311,2.7
google,1500,20,linear,True,False,10.0,0.4,0.3,0.3,0,0.5,WOA,random,5,0.3333333333333333,E23,16.49,95.45,39,2.905359,69.2346,1.6583,0.0,0,31.6591,5.4435,19.48,0.0,True,24.5,4840,3.3661,2.42
google,1500,20,linear,True,False,10.0,0.4,0.3,0.3,0,0.5,WOA,random,6,0.3333333333333333,E23,16.49,95.45,39,2.899721,69.2943,1.8492,0.0,0,31.6591,5.4496,19.48,0.0,True,24.5,4840,3.3605,2.44
google,1500,20,linear,True,False,10.0,0.4,0.3,0.3,0,0.25,WOA,random,2,0.3333333333333333,E23,16.49,95.45,39,1.802949,79.7578,5.8317,0.0,0,19.7591,3.3646,37.471,0.0,True,25.0,4840,3.3396,2.53
google,1500,20,linear,True,False,10.0,0.4,0.3,0.3,0,0.25,WOA,random,3,0.3333333333333333,E23,16.49,95.45,39,1.775084,80.0707,7.2871,0.0,0,19.5091,3.3233,38.236,0.0,True,24.5,4840,3.334,2.55
google,1500,20,linear,True,False,10.0,0.4,0.3,0.3,0,0.25,WOA,random,4,0.3333333333333333,E23,16.49,95.45,39,1.788005,79.9256,6.6122,0.0,0,19.6091,3.3387,37.496,0.0,True,24.5,4840,3.3377,2.58
google,1500,20,linear,True,False,10.0,0.4,0.3,0.3,0,0.25,WOA,random,5,0.3333333333333333,E23,16.49,95.45,39,1.822348,79.54,4.8184,0.0,0,19.9591,3.3851,37.08,0.0,True,25.5,4840,3.3385,2.4
google,1500,20,linear,True,False,10.0,0.4,0.3,0.3,0,0.25,WOA,random,6,0.3333333333333333,E23,16.49,95.45,39,1.768277,80.1471,7.6426,0.0,0,19.4591,3.3246,38.587,0.0,True,24.5,4840,3.3354,2.48
google,1500,20,linear,True,False,10.0,0.4,0.3,0.3,0,0.25,WOA,random,7,0.3333333333333333,E23,16.49,95.45,39,1.799069,79.8014,6.0343,0.0,0,19.7091,3.3628,36.668,0.0,True,24.5,4840,3.3241,2.55
google,1500,20,linear,True,False,10.0,0.4,0.3,0.3,0,0.25,WOA,random,8,0.3333333333333333,E23,16.49,95.45,39,1.80037,79.7868,5.9664,0.0,0,19.7591,3.3685,37.44,0.0,True,25.0,4840,3.3301,2.55
google,1500,20,linear,True,False,10.0,0.4,0.3,0.3,0,0.25,WOA,random,9,0.3333333333333333,E23,16.49,95.45,39,1.771956,80.1058,7.4504,0.0,0,19.5091,3.3293,38.192,0.0,True,24.5,4840,3.3538,2.7
google,1500,20,linear,True,False,10.0,0.4,0.3,0.3,0,0.25,WOA,random,10,0.3333333333333333,E23,16.49,95.45,39,1.770634,80.1207,7.5195,0.0,0,19.5091,3.3242,38.234,0.0,True,24.5,4840,3.3568,2.65
google,1500,20,linear,True,False,10.0,0.4,0.3,0.3,0,0.25,WOA,random,11,0.3333333333333333,E23,16.49,95.45,39,1.781346,80.0004,6.96,0.0,0,19.5591,3.3351,37.792,0.0,True,24.5,4840,3.3336,2.66
google,1500,20,linear,True,False,10.0,0.4,0.3,0.3,0,0.25,WOA,random,12,0.3333333333333333,E23,16.49,95.45,39,1.816435,79.6064,5.1273,0.0,0,19.9091,3.3944,36.275,0.0,True,25.0,4840,3.3421,2.56
google,1500,20,linear,True,False,10.0,0.4,0.3,0.3,0,0.25,WOA,random,13,0.3333333333333333,E23,16.49,95.45,39,1.816754,79.6028,5.1106,0.0,0,19.9091,3.3826,37.433,0.0,True,25.5,4840,3.3679,2.87
google,1500,20,linear,True,False,10.0,0.4,0.3,0.3,0,0.25,WOA,random,14,0.3333333333333333,E23,16.49,95.45,39,1.796279,79.8327,6.18,0.0,0,19.7091,3.3506,36.628,0.0,True,24.5,4840,3.3516,2.59
google,1500,20,linear,True,False,10.0,0.4,0.3,0.3,0,0.25,WOA,random,15,0.3333333333333333,E23,16.49,95.45,39,1.781096,80.0032,6.9731,0.0,0,19.5591,3.3413,37.866,0.0,True,24.5,4840,3.3566,2.5
google,1500,20,linear,True,False,10.0,0.4,0.3,0.3,0,0.25,WOA,carbon,1,0.3333333333333333,E23,16.49,95.45,39,1.760198,80.2378,8.0646,0.0,0,19.4091,3.3154,38.961,0.0,True,24.5,4840,3.3391,2.44
google,1500,20,linear,True,False,10.0,0.4,0.3,0.3,0,0.25,WOA,carbon,2,0.3333333333333333,E23,16.49,95.45,39,1.775473,80.0663,7.2667,0.0,0,19.6591,3.3242,38.182,0.0,True,25.0,4840,3.5536,2.67
google,1500,20,linear,True,False,10.0,0.4,0.3,0.3,0,0.25,WOA,carbon,3,0.3333333333333333,E23,16.49,95.45,39,1.775369,80.0675,7.2722,0.0,0,19.5091,3.3271,38.23,0.0,True,24.5,4840,3.3147,2.51
google,1500,20,linear,True,False,10.0,0.4,0.3,0.3,0,0.25,WOA,carbon,4,0.3333333333333333,E23,16.49,95.45,39,1.77913,80.0253,7.0757,0.0,0,19.5591,3.3303,37.773,0.0,True,24.5,4840,3.3409,2.52
google,1500,20,linear,True,False,10.0,0.4,0.3,0.3,0,0.25,WOA,carbon,5,0.3333333333333333,E23,16.49,95.45,39,1.755057,80.2955,8.3331,0.0,0,19.4591,3.301,38.599,0.0,True,24.5,4840,3.3391,2.58
google,1500,20,linear,True,False,10.0,0.4,0.3,0.3,0,0.25,WOA,carbon,6,0.3333333333333333,E23,16.49,95.45,39,1.795038,79.8467,6.2449,0.0,0,19.7591,3.3467,36.241,0.0,True,24.5,4840,3.3253,2.49
google,1500,20,linear,True,False,10.0,0.4,0.3,0.3,0,0.25,WOA,carbon,7,0.3333333333333333,E23,16.49,95.45,39,1.774042,80.0824,7.3415,0.0,0,19.5091,3.3249,38.235,0.0,True,24.5,4840,3.345,2.47
google,1500,20,linear,True,False,10.0,0.4,0.3,0.3,0,0.25,WOA,carbon,8,0.3333333333333333,E23,16.49,95.45,39,1.778725,80.0298,7.0969,0.0,0,19.6591,3.3361,37.08,0.0,True,24.5,4840,3.3311,2.56
google,1500,20,linear,True,False,10.0,0.4,0.3,0.3,0,0.25,WOA,carbon,9,0.3333333333333333,E23,16.49,95.45,39,1.769492,80.1335,7.5791,0.0,0,19.5591,3.3133,37.81,0.0,True,24.5,4840,3.3601,2.57
google,1500,20,linear,True,False,10.0,0.4,0.3,0.3,0,0.25,WOA,carbon,10,0.3333333333333333,E23,16.49,95.45,39,1.774032,80.0825,7.342,0.0,0,19.5091,3.3283,38.184,0.0,True,24.5,4840,3.535,2.6
google,1500,20,linear,True,False,10.0,0.4,0.3,0.3,0,0.5,WOA,random,7,0.3333333333333333,E23,16.49,95.45,39,2.899389,69.2979,1.8604,0.0,0,31.6591,5.4413,19.48,0.0,True,24.5,4840,3.3369,2.42
google,1500,20,linear,True,False,10.0,0.4,0.3,0.3,0,0.5,WOA,random,8,0.3333333333333333,E23,16.49,95.45,39,2.899327,69.2985,1.8625,0.0,0,31.6591,5.4462,19.48,0.0,True,24.5,4840,3.2889,2.56
google,1500,20,linear,True,False,10.0,0.4,0.3,0.3,0,0.5,WOA,random,9,0.3333333333333333,E23,16.49,95.45,39,2.896908,69.3241,1.9444,0.0,0,31.6591,5.4484,19.48,0.0,True,24.5,4840,3.3145,2.64
google,1500,20,linear,True,False,10.0,0.4,0.3,0.3,0,0.5,WOA,random,10,0.3333333333333333,E23,16.49,95.45,39,2.891485,69.3815,2.128,0.0,0,31.6591,5.4479,19.48,0.0,True,24.5,4840,3.3555,2.45
google,1500,20,linear,True,False,10.0,0.4,0.3,0.3,0,0.5,WOA,random,11,0.3333333333333333,E23,16.49,95.45,39,2.89795,69.3131,1.9091,0.0,0,31.6591,5.4535,19.48,0.0,True,24.5,4840,3.3197,2.6
google,1500,20,linear,True,False,10.0,0.4,0.3,0.3,0,0.5,WOA,random,12,0.3333333333333333,E23,16.49,95.45,39,2.906685,69.2206,1.6135,0.0,0,31.7091,5.4528,19.279,0.0,True,24.5,4840,3.32,2.55
google,1500,20,linear,True,False,10.0,0.4,0.3,0.3,0,0.5,WOA,random,13,0.3333333333333333,E23,16.49,95.45,39,2.901914,69.2711,1.7749,0.0,0,31.6591,5.4401,19.48,0.0,True,24.5,4840,3.5425,2.47
google,1500,20,linear,True,False,10.0,0.4,0.3,0.3,0,0.5,WOA,random,14,0.3333333333333333,E23,16.49,95.45,39,2.89923,69.2995,1.8658,0.0,0,31.6591,5.4469,19.48,0.0,True,24.5,4840,3.4077,2.54
google,2000,10,linear,True,False,10.0,0.4,0.3,0.3,0,0,WOA,carbon,13,0.3333333333333333,E23,21.23,126.13,38,1.420906,87.6152,8.1745,0.0,0,16.7597,2.7485,82.418,0.0,True,26.5,4840,4.3176,3.37
google,2000,10,linear,True,False,10.0,0.4,0.3,0.3,0,0,WOA,carbon,14,0.3333333333333333,E23,21.23,126.13,38,1.421041,87.614,8.1658,0.0,0,16.9097,2.7558,77.625,0.0,True,27.0,4840,4.5401,3.11
google,2000,10,linear,True,False,10.0,0.4,0.3,0.3,0,0,WOA,carbon,15,0.3333333333333333,E23,21.23,126.13,38,1.391829,87.8687,10.0536,0.0,0,17.0597,2.743,73.215,0.0,True,27.0,4840,4.416,3.2
google,2000,10,linear,True,False,10.0,0.4,0.3,0.3,0,auto,FIFO,-,0,0.3333333333333333,E23,21.23,126.13,38,11.671899,0.0,-482.4304,0.0,0,129.8097,21.225,4.227,18.2202,False,24.5,0,0.0,0.0
google,2000,10,linear,True,False,10.0,0.4,0.3,0.3,0,auto,Consolidation,-,0,0.3333333333333333,E23,21.23,126.13,38,2.003999,82.8306,0.0,0.0,0,21.9597,3.6525,37.931,18.2202,False,24.5,0,0.0,0.0
google,2000,10,linear,True,False,10.0,0.4,0.3,0.3,0,auto,Greedy(EDF+greenest),-,0,0.3333333333333333,E23,21.23,126.13,38,1.925001,83.5074,3.942,0.0,0,23.4597,3.8467,27.009,34.7013,False,26.0,0,0.0002,0.0
google,2000,10,linear,True,False,10.0,0.4,0.3,0.3,0,auto,VCC(Google),-,0,0.3333333333333333,E23,21.23,126.13,38,1.929704,83.4671,3.7073,0.0,0,21.2597,3.5475,44.644,0.0,True,24.5,0,0.0073,0.0
google,2000,10,linear,True,False,10.0,0.4,0.3,0.3,0,auto,Threshold(WaitAwhile),-,0,0.3333333333333333,E23,21.23,126.13,38,2.021073,82.6843,-0.852,0.0,0,22.3597,3.6817,36.434,18.2202,False,25.5,0,0.0298,0.0
google,1500,20,linear,True,False,10.0,0.4,0.3,0.3,0,0.5,WOA,random,15,0.3333333333333333,E23,16.49,95.45,39,2.903899,69.2501,1.7078,0.0,0,31.6591,5.4467,19.48,0.0,True,24.5,4840,3.3526,2.47
google,1500,20,linear,True,False,10.0,0.4,0.3,0.3,0,0.5,WOA,carbon,1,0.3333333333333333,E23,16.49,95.45,39,2.890695,69.3899,2.1547,0.0,0,31.6591,5.4349,19.48,0.0,True,24.5,4840,3.31,2.64
google,1500,20,linear,True,False,10.0,0.4,0.3,0.3,0,0.5,WOA,carbon,2,0.3333333333333333,E23,16.49,95.45,39,2.883773,69.4632,2.389,0.0,0,31.6591,5.4283,19.48,0.0,True,24.5,4840,3.3019,2.55
google,1500,20,linear,True,False,10.0,0.4,0.3,0.3,0,0.5,WOA,carbon,3,0.3333333333333333,E23,16.49,95.45,39,2.874879,69.5574,2.69,0.0,0,31.6591,5.4276,19.48,0.0,True,24.5,4840,3.3152,2.54
google,1500,20,linear,True,False,10.0,0.4,0.3,0.3,0,0.5,WOA,carbon,4,0.3333333333333333,E23,16.49,95.45,39,2.870415,69.6047,2.8412,0.0,0,31.6591,5.4214,19.48,0.0,True,24.5,4840,3.3174,2.58
google,1500,20,linear,True,False,10.0,0.4,0.3,0.3,0,0.5,WOA,carbon,5,0.3333333333333333,E23,16.49,95.45,39,2.893637,69.3588,2.0551,0.0,0,31.6591,5.4296,19.48,0.0,True,24.5,4840,3.458,2.51
google,1500,20,linear,True,False,10.0,0.4,0.3,0.3,0,0.5,WOA,carbon,6,0.3333333333333333,E23,16.49,95.45,39,2.87041,69.6047,2.8413,0.0,0,31.6591,5.4226,19.48,0.0,True,24.5,4840,3.4661,2.5
google,1500,20,linear,True,False,10.0,0.4,0.3,0.3,0,0.5,WOA,carbon,7,0.3333333333333333,E23,16.49,95.45,39,2.891615,69.3802,2.1236,0.0,0,31.6591,5.4396,19.48,0.0,True,24.5,4840,3.4223,2.34
google,1500,20,linear,True,False,10.0,0.4,0.3,0.3,0,0.5,WOA,carbon,8,0.3333333333333333,E23,16.49,95.45,39,2.87816,69.5226,2.579,0.0,0,31.6591,5.4304,19.48,0.0,True,24.5,4840,3.3352,2.47
google,1500,20,linear,True,False,10.0,0.4,0.3,0.3,0,0.5,WOA,carbon,9,0.3333333333333333,E23,16.49,95.45,39,2.879569,69.5077,2.5313,0.0,0,31.6591,5.4278,19.48,0.0,True,24.5,4840,3.3298,2.55
google,1500,20,linear,True,False,10.0,0.4,0.3,0.3,0,0.5,WOA,carbon,10,0.3333333333333333,E23,16.49,95.45,39,2.879588,69.5075,2.5306,0.0,0,31.6591,5.4248,19.48,0.0,True,24.5,4840,3.3267,2.57
google,1500,20,linear,True,False,10.0,0.4,0.3,0.3,0,0.5,WOA,carbon,11,0.3333333333333333,E23,16.49,95.45,39,2.871463,69.5936,2.8057,0.0,0,31.6591,5.4209,19.48,0.0,True,24.5,4840,3.3396,2.54
google,1500,20,linear,True,False,10.0,0.4,0.3,0.3,0,0.5,WOA,carbon,12,0.3333333333333333,E23,16.49,95.45,39,2.885207,69.448,2.3405,0.0,0,31.6591,5.4282,19.48,0.0,True,24.5,4840,3.3378,2.42
google,1500,20,linear,True,False,10.0,0.4,0.3,0.3,0,0.5,WOA,carbon,13,0.3333333333333333,E23,16.49,95.45,39,2.879779,69.5055,2.5242,0.0,0,31.6591,5.4248,19.48,0.0,True,24.5,4840,3.5004,2.74
google,1500,20,linear,True,False,10.0,0.4,0.3,0.3,0,0.5,WOA,carbon,14,0.3333333333333333,E23,16.49,95.45,39,2.886301,69.4364,2.3034,0.0,0,31.6591,5.4259,19.48,0.0,True,24.5,4840,3.4396,2.32
google,1500,20,linear,True,False,10.0,0.4,0.3,0.3,0,0.5,WOA,carbon,15,0.3333333333333333,E23,16.49,95.45,39,2.879248,69.5111,2.5421,0.0,0,31.6591,5.4289,19.48,0.0,True,24.5,4840,3.3967,2.52
google,2000,10,linear,True,False,10.0,0.4,0.3,0.3,0,0.25,WOA,carbon,15,0.3333333333333333,E23,21.23,126.13,38,1.643431,85.8415,10.2195,0.0,0,18.5597,3.093,65.001,0.0,True,26.0,4840,4.1821,3.4
google,2000,10,linear,True,False,10.0,0.4,0.3,0.3,0,0.5,FIFO,-,0,0.3333333333333333,E23,21.23,126.13,38,11.736449,0.0,-436.1437,0.0,0,130.4597,21.3375,4.17,18.2202,False,24.5,0,0.0,0.0
google,2000,10,linear,True,False,10.0,0.4,0.3,0.3,0,0.5,Consolidation,-,0,0.3333333333333333,E23,21.23,126.13,38,2.189049,81.3483,0.0,0.0,0,23.9597,4.0125,33.686,18.2202,False,24.5,0,0.0,0.0
google,2000,10,linear,True,False,10.0,0.4,0.3,0.3,0,0.5,Greedy(EDF+greenest),-,0,0.3333333333333333,E23,21.23,126.13,38,2.144901,81.7244,2.0168,0.0,0,25.7597,4.2517,23.776,34.7013,False,26.0,0,0.0002,0.0
google,2000,10,linear,True,False,10.0,0.4,0.3,0.3,0,0.5,VCC(Google),-,0,0.3333333333333333,E23,21.23,126.13,38,2.099904,82.1078,4.0723,0.0,0,23.1097,3.885,40.364,0.0,True,24.5,0,0.0074,0.0
google,2000,10,linear,True,False,10.0,0.4,0.3,0.3,0,0.5,Threshold(WaitAwhile),-,0,0.3333333333333333,E23,21.23,126.13,38,2.218923,81.0937,-1.3647,0.0,0,24.4597,4.0567,32.365,18.2202,False,25.5,0,0.0288,0.0
google,2000,10,linear,True,False,10.0,0.4,0.3,0.3,0,0.5,WOA,random,1,0.3333333333333333,E23,21.23,126.13,38,2.035297,82.6583,7.0237,0.0,0,22.3597,3.7995,47.411,0.0,True,25.0,4840,4.2033,3.08
google,2000,10,linear,True,False,10.0,0.4,0.3,0.3,0,0.5,WOA,random,2,0.3333333333333333,E23,21.23,126.13,38,2.041386,82.6064,6.7455,0.0,0,22.4597,3.802,47.632,0.0,True,25.5,4840,4.1959,3.37
google,2000,10,linear,True,False,10.0,0.4,0.3,0.3,0,0,WOA,random,4,0.3333333333333333,E23,21.23,126.13,38,1.471457,87.1746,4.9077,0.0,0,16.9597,2.8058,76.83,0.0,True,28.5,4840,4.1328,3.4
google,2000,10,linear,True,False,10.0,0.4,0.3,0.3,0,0,WOA,random,5,0.3333333333333333,E23,21.23,126.13,38,1.461735,87.2593,5.536,0.0,0,16.8597,2.7847,78.561,0.0,True,27.5,4840,4.1658,3.09
google,2000,10,linear,True,False,10.0,0.4,0.3,0.3,0,0,WOA,random,6,0.3333333333333333,E23,21.23,126.13,38,1.459143,87.2819,5.7035,0.0,0,16.9097,2.7795,78.515,0.0,True,28.0,4840,4.3422,3.32
google,2000,10,linear,True,False,10.0,0.4,0.3,0.3,0,0,WOA,random,7,0.3333333333333333,E23,21.23,126.13,38,1.463378,87.245,5.4298,0.0,0,16.8097,2.773,80.058,0.0,True,27.0,4840,4.2373,3.29
google,2000,10,linear,True,False,10.0,0.4,0.3,0.3,0,0,WOA,random,8,0.3333333333333333,E23,21.23,126.13,38,1.461318,87.263,5.563,0.0,0,17.0097,2.8053,75.749,0.0,True,28.0,4840,4.1316,3.54
google,2000,10,linear,True,False,10.0,0.4,0.3,0.3,0,0,WOA,random,9,0.3333333333333333,E23,21.23,126.13,38,1.446473,87.3924,6.5223,0.0,0,16.8097,2.7519,80.716,0.0,True,27.0,4840,4.1532,3.31
google,2000,10,linear,True,False,10.0,0.4,0.3,0.3,0,0,WOA,random,10,0.3333333333333333,E23,21.23,126.13,38,1.462705,87.2509,5.4733,0.0,0,16.8097,2.7641,80.437,0.0,True,28.0,4840,4.1586,3.31
google,2000,10,linear,True,False,10.0,0.4,0.3,0.3,0,0,WOA,random,11,0.3333333333333333,E23,21.23,126.13,38,1.463188,87.2467,5.4421,0.0,0,16.9097,2.7927,77.972,0.0,True,28.0,4840,4.1304,3.28
google,2000,10,linear,True,False,10.0,0.4,0.3,0.3,0,0.25,Greedy(EDF+greenest),-,0,0.3333333333333333,E23,21.23,126.13,38,1.716301,85.2137,6.2386,0.0,0,21.3097,3.4717,30.698,34.7013,False,26.0,0,0.0002,0.0
google,2000,10,linear,True,False,10.0,0.4,0.3,0.3,0,0.25,VCC(Google),-,0,0.3333333333333333,E23,21.23,126.13,38,1.771054,84.742,3.2475,0.0,0,19.5597,3.24,49.967,0.0,True,24.5,0,0.007,0.0
google,2000,10,linear,True,False,10.0,0.4,0.3,0.3,0,0.25,Threshold(WaitAwhile),-,0,0.3333333333333333,E23,21.23,126.13,38,1.840173,84.1465,-0.5285,0.0,0,20.4597,3.3442,40.845,18.2202,False,25.5,0,0.0286,0.0
google,2000,10,linear,True,False,10.0,0.4,0.3,0.3,0,0.25,WOA,random,1,0.3333333333333333,E23,21.23,126.13,38,1.671085,85.6032,8.7088,0.0,0,18.7097,3.1279,64.147,0.0,True,26.5,4840,4.3482,3.35
google,2000,10,linear,True,False,10.0,0.4,0.3,0.3,0,0.25,WOA,random,2,0.3333333333333333,E23,21.23,126.13,38,1.668235,85.6278,8.8645,0.0,0,18.6597,3.1086,64.246,0.0,True,26.0,4840,4.2008,3.55
google,2000,10,linear,True,False,10.0,0.4,0.3,0.3,0,0.25,WOA,random,3,0.3333333333333333,E23,21.23,126.13,38,1.662722,85.6753,9.1657,0.0,0,18.6097,3.1129,64.856,0.0,True,26.0,4840,4.2096,3.18
google,2000,10,linear,True,False,10.0,0.4,0.3,0.3,0,0.25,WOA,random,4,0.3333333333333333,E23,21.23,126.13,38,1.675058,85.569,8.4917,0.0,0,18.6597,3.1034,65.348,0.0,True,27.0,4840,4.1778,3.43
google,2000,10,linear,True,False,10.0,0.4,0.3,0.3,0,0.25,WOA,random,5,0.3333333333333333,E23,21.23,126.13,38,1.668594,85.6247,8.8448,0.0,0,18.7097,3.1289,63.46,0.0,True,26.0,4840,4.2465,3.44
google,2000,10,linear,True,False,10.0,0.4,0.3,0.3,0,0,WOA,random,12,0.3333333333333333,E23,21.23,126.13,38,1.465926,87.2228,5.2651,0.0,0,16.8597,2.7854,78.641,0.0,True,27.5,4840,4.159,3.34
google,2000,10,linear,True,False,10.0,0.4,0.3,0.3,0,0,WOA,random,13,0.3333333333333333,E23,21.23,126.13,38,1.454669,87.3209,5.9927,0.0,0,16.8097,2.7794,80.578,0.0,True,27.0,4840,4.2191,3.38
google,2000,10,linear,True,False,10.0,0.4,0.3,0.3,0,0,WOA,random,14,0.3333333333333333,E23,21.23,126.13,38,1.467112,87.2125,5.1885,0.0,0,16.8597,2.791,78.838,0.0,True,28.5,4840,4.3937,3.25
google,2000,10,linear,True,False,10.0,0.4,0.3,0.3,0,0,WOA,random,15,0.3333333333333333,E23,21.23,126.13,38,1.472085,87.1691,4.8672,0.0,0,16.8097,2.7783,80.723,0.0,True,27.0,4840,4.2629,3.23
google,2000,10,linear,True,False,10.0,0.4,0.3,0.3,0,0,WOA,carbon,1,0.3333333333333333,E23,21.23,126.13,38,1.455072,87.3174,5.9666,0.0,0,17.0597,2.8133,74.154,0.0,True,28.0,4840,4.0897,3.06
google,2000,10,linear,True,False,10.0,0.4,0.3,0.3,0,0,WOA,carbon,2,0.3333333333333333,E23,21.23,126.13,38,1.440245,87.4467,6.9248,0.0,0,16.8597,2.7813,77.126,0.0,True,27.5,4840,4.1244,3.15
google,2000,10,linear,True,False,10.0,0.4,0.3,0.3,0,0,WOA,carbon,3,0.3333333333333333,E23,21.23,126.13,38,1.405756,87.7473,9.1536,0.0,0,16.8097,2.7462,79.128,0.0,True,27.5,4840,4.0934,3.2
google,2000,10,linear,True,False,10.0,0.4,0.3,0.3,0,0,WOA,carbon,4,0.3333333333333333,E23,21.23,126.13,38,1.37997,87.972,10.82,0.0,0,16.9097,2.742,74.52,0.0,True,27.5,4840,4.0978,3.46
google,2000,10,linear,True,False,10.0,0.4,0.3,0.3,0,0,WOA,carbon,5,0.3333333333333333,E23,21.23,126.13,38,1.413695,87.6781,8.6406,0.0,0,16.6597,2.6898,79.404,0.0,True,26.0,4840,4.1476,3.46
google,2000,10,linear,True,False,10.0,0.4,0.3,0.3,0,0,WOA,carbon,6,0.3333333333333333,E23,21.23,126.13,38,1.437285,87.4725,7.1161,0.0,0,16.8097,2.7753,78.429,0.0,True,28.0,4840,4.2061,3.29
google,2000,10,linear,True,False,10.0,0.4,0.3,0.3,0,0,WOA,carbon,7,0.3333333333333333,E23,21.23,126.13,38,1.394934,87.8416,9.853,0.0,0,16.8597,2.7708,76.159,0.0,True,27.0,4840,4.3091,3.21
google,2000,10,linear,True,False,10.0,0.4,0.3,0.3,0,0,WOA,carbon,8,0.3333333333333333,E23,21.23,126.13,38,1.443001,87.4226,6.7467,0.0,0,17.0097,2.7991,75.58,0.0,True,28.0,4840,4.1778,3.37
google,2000,10,linear,True,False,10.0,0.4,0.3,0.3,0,0,WOA,carbon,9,0.3333333333333333,E23,21.23,126.13,38,1.427154,87.5608,7.7708,0.0,0,16.8597,2.776,78.153,0.0,True,27.0,4840,4.1316,3.03
google,2000,10,linear,True,False,10.0,0.4,0.3,0.3,0,0,WOA,carbon,10,0.3333333333333333,E23,21.23,126.13,38,1.371373,88.047,11.3756,0.0,0,16.8597,2.7249,74.793,0.0,True,26.0,4840,4.104,3.52
google,2000,10,linear,True,False,10.0,0.4,0.3,0.3,0,0,WOA,carbon,11,0.3333333333333333,E23,21.23,126.13,38,1.394026,87.8495,9.9117,0.0,0,16.8597,2.7333,76.717,0.0,True,26.5,4840,4.1358,3.44
google,2000,10,linear,True,False,10.0,0.4,0.3,0.3,0,0,WOA,carbon,12,0.3333333333333333,E23,21.23,126.13,38,1.407356,87.7333,9.0502,0.0,0,16.9097,2.7349,73.523,0.0,True,27.5,4840,4.0966,3.37
google,2000,10,linear,True,False,10.0,0.4,0.3,0.3,0,auto,WOA,carbon,10,0.3333333333333333,E23,21.23,126.13,38,1.846419,84.1806,7.8633,0.0,0,20.7597,3.4746,52.637,0.0,True,26.0,4840,4.3164,3.61
google,2000,10,linear,True,False,10.0,0.4,0.3,0.3,0,auto,WOA,carbon,11,0.3333333333333333,E23,21.23,126.13,38,1.829649,84.3243,8.7001,0.0,0,20.2597,3.4028,56.378,0.0,True,25.5,4840,4.2254,3.35
google,2000,10,linear,True,False,10.0,0.4,0.3,0.3,0,auto,WOA,carbon,12,0.3333333333333333,E23,21.23,126.13,38,1.821954,84.3903,9.0841,0.0,0,20.1597,3.4016,57.89,0.0,True,26.0,4840,4.1953,3.4
google,2000,10,linear,True,False,10.0,0.4,0.3,0.3,0,auto,WOA,carbon,13,0.3333333333333333,E23,21.23,126.13,38,1.804623,84.5387,9.9489,0.0,0,20.1097,3.3926,57.697,0.0,True,25.5,4840,4.2061,3.71
google,2000,10,linear,True,False,10.0,0.4,0.3,0.3,0,auto,WOA,carbon,14,0.3333333333333333,E23,21.23,126.13,38,1.823403,84.3778,9.0118,0.0,0,20.2097,3.4049,57.43,0.0,True,26.0,4840,4.222,3.4
google,2000,10,linear,True,False,10.0,0.4,0.3,0.3,0,auto,WOA,carbon,15,0.3333333333333333,E23,21.23,126.13,38,1.833885,84.288,8.4887,0.0,0,20.7597,3.4812,52.546,0.0,True,26.0,4840,4.2412,3.15
google,2000,10,linear,True,False,10.0,0.4,0.3,0.3,0,0.25,FIFO,-,0,0.3333333333333333,E23,21.23,126.13,38,11.607349,0.0,-534.1085,0.0,0,129.1597,21.1125,4.323,18.2202,False,24.5,0,0.0,0.0
google,2000,10,linear,True,False,10.0,0.4,0.3,0.3,0,0.25,Consolidation,-,0,0.3333333333333333,E23,21.23,126.13,38,1.830499,84.2298,0.0,0.0,0,20.1097,3.3225,43.194,18.2202,False,24.5,0,0.0,0.0
google,2000,10,linear,True,False,10.0,0.4,0.3,0.3,0,auto,WOA,random,1,0.3333333333333333,E23,21.23,126.13,38,1.850917,84.1421,7.6388,0.0,0,20.4097,3.436,55.667,0.0,True,26.0,4840,4.1797,3.22
google,2000,10,linear,True,False,10.0,0.4,0.3,0.3,0,auto,WOA,random,2,0.3333333333333333,E23,21.23,126.13,38,1.832226,84.3022,8.5715,0.0,0,20.3097,3.416,56.564,0.0,True,26.0,4840,4.4154,3.15
google,2000,10,linear,True,False,10.0,0.4,0.3,0.3,0,auto,WOA,random,3,0.3333333333333333,E23,21.23,126.13,38,1.829818,84.3229,8.6917,0.0,0,20.2597,3.4135,56.298,0.0,True,25.5,4840,4.2533,3.12
google,2000,10,linear,True,False,10.0,0.4,0.3,0.3,0,auto,WOA,random,4,0.3333333333333333,E23,21.23,126.13,38,1.829195,84.3282,8.7228,0.0,0,20.2097,3.4122,56.757,0.0,True,25.5,4840,4.1882,3.37
google,2000,10,linear,True,False,10.0,0.4,0.3,0.3,0,auto,WOA,random,5,0.3333333333333333,E23,21.23,126.13,38,1.833419,84.292,8.512,0.0,0,20.3097,3.4132,56.624,0.0,True,26.0,4840,4.2176,3.41
google,2000,10,linear,True,False,10.0,0.4,0.3,0.3,0,auto,WOA,random,6,0.3333333333333333,E23,21.23,126.13,38,1.83244,84.3004,8.5608,0.0,0,20.2597,3.4175,57.067,0.0,True,26.0,4840,4.1591,3.66
google,2000,10,linear,True,False,10.0,0.4,0.3,0.3,0,auto,WOA,random,7,0.3333333333333333,E23,21.23,126.13,38,1.836524,84.2654,8.357,0.0,0,20.3097,3.4268,56.682,0.0,True,26.0,4840,4.2532,3.31
google,2000,10,linear,True,False,10.0,0.4,0.3,0.3,0,auto,WOA,random,8,0.3333333333333333,E23,21.23,126.13,38,1.827341,84.3441,8.8153,0.0,0,20.1097,3.3916,57.66,0.0,True,25.5,4840,4.1799,3.58
google,2000,10,linear,True,False,10.0,0.4,0.3,0.3,0,auto,WOA,carbon,2,0.3333333333333333,E23,21.23,126.13,38,1.822341,84.3869,9.0648,0.0,0,20.5597,3.4314,53.613,0.0,True,25.5,4840,4.3785,3.31
google,2000,10,linear,True,False,10.0,0.4,0.3,0.3,0,auto,WOA,carbon,3,0.3333333333333333,E23,21.23,126.13,38,1.8288,84.3316,8.7425,0.0,0,20.2597,3.4116,56.983,0.0,True,26.0,4840,4.2545,3.25
google,2000,10,linear,True,False,10.0,0.4,0.3,0.3,0,auto,WOA,carbon,4,0.3333333333333333,E23,21.23,126.13,38,1.848059,84.1666,7.7815,0.0,0,20.4097,3.4462,55.639,0.0,True,26.0,4840,4.2053,3.29
google,2000,10,linear,True,False,10.0,0.4,0.3,0.3,0,auto,WOA,carbon,5,0.3333333333333333,E23,21.23,126.13,38,1.843241,84.2079,8.0218,0.0,0,20.4097,3.4258,54.893,0.0,True,25.5,4840,4.1797,3.55
google,2000,10,linear,True,False,10.0,0.4,0.3,0.3,0,auto,WOA,carbon,6,0.3333333333333333,E23,21.23,126.13,38,1.813747,84.4606,9.4936,0.0,0,20.5097,3.4256,53.254,0.0,True,25.0,4840,4.1575,3.12
google,2000,10,linear,True,False,10.0,0.4,0.3,0.3,0,auto,WOA,carbon,7,0.3333333333333333,E23,21.23,126.13,38,1.846445,84.1804,7.862,0.0,0,20.3597,3.4342,56.157,0.0,True,26.0,4840,4.1757,3.38
google,2000,10,linear,True,False,10.0,0.4,0.3,0.3,0,auto,WOA,carbon,8,0.3333333333333333,E23,21.23,126.13,38,1.80394,84.5446,9.983,0.0,0,20.3597,3.419,55.387,0.0,True,25.5,4840,4.1709,3.31
google,2000,10,linear,True,False,10.0,0.4,0.3,0.3,0,auto,WOA,carbon,9,0.3333333333333333,E23,21.23,126.13,38,1.844005,84.2013,7.9838,0.0,0,20.3097,3.4237,56.621,0.0,True,26.0,4840,4.2926,3.38
google,2000,10,linear,True,False,10.0,0.4,0.3,0.3,0,auto,WOA,random,9,0.3333333333333333,E23,21.23,126.13,38,1.830414,84.3178,8.6619,0.0,0,20.3097,3.4141,56.609,0.0,True,26.0,4840,4.4759,3.37
google,2000,10,linear,True,False,10.0,0.4,0.3,0.3,0,auto,WOA,random,10,0.3333333333333333,E23,21.23,126.13,38,1.798572,84.5906,10.2508,0.0,0,19.9097,3.3608,59.488,0.0,True,25.5,4840,4.3258,3.24
google,2000,10,linear,True,False,10.0,0.4,0.3,0.3,0,auto,WOA,random,11,0.3333333333333333,E23,21.23,126.13,38,1.832693,84.2982,8.5482,0.0,0,20.2597,3.4148,55.461,0.0,True,25.0,4840,4.2359,3.49
google,2000,10,linear,True,False,10.0,0.4,0.3,0.3,0,auto,WOA,random,12,0.3333333333333333,E23,21.23,126.13,38,1.838229,84.2508,8.272,0.0,0,20.2597,3.4061,57.029,0.0,True,26.0,4840,4.1809,3.49
google,2000,10,linear,True,False,10.0,0.4,0.3,0.3,0,auto,WOA,random,13,0.3333333333333333,E23,21.23,126.13,38,1.817472,84.4286,9.3077,0.0,0,20.1597,3.4116,57.14,0.0,True,25.5,4840,4.2229,3.29
google,2000,10,linear,True,False,10.0,0.4,0.3,0.3,0,auto,WOA,random,14,0.3333333333333333,E23,21.23,126.13,38,1.828255,84.3363,8.7696,0.0,0,20.2097,3.4159,56.716,0.0,True,25.5,4840,4.2106,3.35
google,2000,10,linear,True,False,10.0,0.4,0.3,0.3,0,auto,WOA,random,15,0.3333333333333333,E23,21.23,126.13,38,1.844461,84.1974,7.961,0.0,0,20.4097,3.4415,55.647,0.0,True,26.0,4840,4.2566,3.4
google,2000,10,linear,True,False,10.0,0.4,0.3,0.3,0,auto,WOA,carbon,1,0.3333333333333333,E23,21.23,126.13,38,1.842573,84.2136,8.0552,0.0,0,20.3597,3.4212,56.182,0.0,True,26.0,4840,4.3162,3.55
google,2000,10,linear,True,False,10.0,0.4,0.3,0.3,0,0.25,WOA,random,6,0.3333333333333333,E23,21.23,126.13,38,1.655453,85.7379,9.5628,0.0,0,18.5597,3.1091,65.825,0.0,True,26.5,4840,4.2487,3.42
google,2000,10,linear,True,False,10.0,0.4,0.3,0.3,0,0.25,WOA,random,7,0.3333333333333333,E23,21.23,126.13,38,1.650249,85.7827,9.847,0.0,0,18.4597,3.0824,66.591,0.0,True,26.0,4840,4.2169,3.38
google,2000,10,linear,True,False,10.0,0.4,0.3,0.3,0,0.25,WOA,random,8,0.3333333333333333,E23,21.23,126.13,38,1.671418,85.6003,8.6906,0.0,0,18.6597,3.1051,65.114,0.0,True,26.5,4840,4.175,3.41
google,2000,10,linear,True,False,10.0,0.4,0.3,0.3,0,0.25,WOA,random,9,0.3333333333333333,E23,21.23,126.13,38,1.651729,85.77,9.7662,0.0,0,18.5097,3.0836,66.219,0.0,True,26.0,4840,4.1914,3.63
google,2000,10,linear,True,False,10.0,0.4,0.3,0.3,0,0.25,WOA,random,10,0.3333333333333333,E23,21.23,126.13,38,1.643835,85.838,10.1974,0.0,0,18.3597,3.0675,67.453,0.0,True,25.5,4840,4.2168,3.34
google,2000,10,linear,True,False,10.0,0.4,0.3,0.3,0,0.25,WOA,random,11,0.3333333333333333,E23,21.23,126.13,38,1.685498,85.479,7.9214,0.0,0,18.8597,3.1482,62.94,0.0,True,27.0,4840,4.2877,3.31
google,2000,10,linear,True,False,10.0,0.4,0.3,0.3,0,0.25,WOA,random,12,0.3333333333333333,E23,21.23,126.13,38,1.656884,85.7256,9.4846,0.0,0,18.5097,3.0875,65.907,0.0,True,26.0,4840,4.3601,3.34
google,2000,10,linear,True,False,10.0,0.4,0.3,0.3,0,0.25,WOA,random,13,0.3333333333333333,E23,21.23,126.13,38,1.689104,85.448,7.7244,0.0,0,18.8597,3.1424,63.003,0.0,True,27.0,4840,4.3638,3.8
google,2000,10,linear,True,False,10.0,0.4,0.3,0.3,0,0.25,WOA,carbon,7,0.3333333333333333,E23,21.23,126.13,38,1.675995,85.5609,8.4405,0.0,0,18.6597,3.1192,64.685,0.0,True,26.5,4840,4.2212,3.19
google,2000,10,linear,True,False,10.0,0.4,0.3,0.3,0,0.25,WOA,carbon,8,0.3333333333333333,E23,21.23,126.13,38,1.645336,85.825,10.1154,0.0,0,18.6597,3.1034,63.995,0.0,True,26.0,4840,4.1589,3.21
google,2000,10,linear,True,False,10.0,0.4,0.3,0.3,0,0.25,WOA,carbon,9,0.3333333333333333,E23,21.23,126.13,38,1.669238,85.6191,8.8097,0.0,0,18.6597,3.1215,64.807,0.0,True,26.5,4840,4.211,3.18
google,2000,10,linear,True,False,10.0,0.4,0.3,0.3,0,0.25,WOA,carbon,10,0.3333333333333333,E23,21.23,126.13,38,1.664205,85.6625,9.0846,0.0,0,18.6097,3.1045,65.292,0.0,True,26.5,4840,4.191,3.31
google,2000,10,linear,True,False,10.0,0.4,0.3,0.3,0,0.25,WOA,carbon,11,0.3333333333333333,E23,21.23,126.13,38,1.652053,85.7672,9.7485,0.0,0,18.5597,3.1035,65.737,0.0,True,26.5,4840,4.2341,3.2
google,2000,10,linear,True,False,10.0,0.4,0.3,0.3,0,0.25,WOA,carbon,12,0.3333333333333333,E23,21.23,126.13,38,1.640906,85.8632,10.3575,0.0,0,18.5097,3.0944,65.784,0.0,True,26.0,4840,4.3206,3.74
google,2000,10,linear,True,False,10.0,0.4,0.3,0.3,0,0.25,WOA,carbon,13,0.3333333333333333,E23,21.23,126.13,38,1.653345,85.7561,9.6779,0.0,0,18.5097,3.0938,66.219,0.0,True,26.5,4840,4.3693,3.38
google,2000,10,linear,True,False,10.0,0.4,0.3,0.3,0,0.25,WOA,carbon,14,0.3333333333333333,E23,21.23,126.13,38,1.653078,85.7583,9.6925,0.0,0,18.5097,3.0905,65.763,0.0,True,26.0,4840,4.3456,3.31
google,2000,10,linear,True,False,10.0,0.4,0.3,0.3,0,0.5,WOA,carbon,12,0.3333333333333333,E23,21.23,126.13,38,2.031284,82.6925,7.207,0.0,0,22.4597,3.7957,47.589,0.0,True,25.5,4840,4.187,3.29
google,2000,10,linear,True,False,10.0,0.4,0.3,0.3,0,0.5,WOA,carbon,13,0.3333333333333333,E23,21.23,126.13,38,2.031612,82.6897,7.192,0.0,0,22.3597,3.7918,47.404,0.0,True,25.0,4840,4.3551,3.24
google,2000,10,linear,True,False,10.0,0.4,0.3,0.3,0,0.5,WOA,carbon,14,0.3333333333333333,E23,21.23,126.13,38,2.03702,82.6436,6.945,0.0,0,22.4597,3.8124,48.511,0.0,True,26.0,4840,4.3816,3.12
google,2000,10,linear,True,False,10.0,0.4,0.3,0.3,0,0.5,WOA,carbon,15,0.3333333333333333,E23,21.23,126.13,38,1.996746,82.9868,8.7848,0.0,0,22.2597,3.7416,47.276,0.0,True,24.5,4840,4.3773,3.38
google,2000,20,linear,True,False,10.0,0.4,0.3,0.3,0,0,FIFO,-,0,0.3333333333333333,E23,21.23,126.13,38,11.472999,0.0,-641.4377,0.0,0,127.7597,20.8575,5.341,0.9774,False,24.5,0,0.0,0.0
google,2000,20,linear,True,False,10.0,0.4,0.3,0.3,0,0,Consolidation,-,0,0.3333333333333333,E23,21.23,126.13,38,1.547399,86.5127,0.0,0.0,0,17.1097,2.7975,61.064,0.9774,False,24.5,0,0.0,0.0
google,2000,20,linear,True,False,10.0,0.4,0.3,0.3,0,0,Greedy(EDF+greenest),-,0,0.3333333333333333,E23,21.23,126.13,38,1.234601,89.2391,20.2145,0.0,0,16.5097,2.6467,72.234,7.0722,False,26.0,0,0.0002,0.0
google,2000,20,linear,True,False,10.0,0.4,0.3,0.3,0,0,VCC(Google),-,0,0.3333333333333333,E23,21.23,126.13,38,1.546231,86.5229,0.0755,0.0,0,17.1097,2.7975,61.826,0.0,True,24.5,0,0.0061,0.0
google,2000,10,linear,True,False,10.0,0.4,0.3,0.3,0,0.25,WOA,random,14,0.3333333333333333,E23,21.23,126.13,38,1.659893,85.6996,9.3202,0.0,0,18.6097,3.1108,65.475,0.0,True,26.5,4840,4.4329,3.46
google,2000,10,linear,True,False,10.0,0.4,0.3,0.3,0,0.25,WOA,random,15,0.3333333333333333,E23,21.23,126.13,38,1.64674,85.813,10.0387,0.0,0,18.4597,3.0834,66.297,0.0,True,26.0,4840,4.3985,3.6
google,2000,10,linear,True,False,10.0,0.4,0.3,0.3,0,0.25,WOA,carbon,1,0.3333333333333333,E23,21.23,126.13,38,1.678054,85.5432,8.328,0.0,0,18.7597,3.1339,64.181,0.0,True,27.0,4840,4.3872,3.12
google,2000,10,linear,True,False,10.0,0.4,0.3,0.3,0,0.25,WOA,carbon,2,0.3333333333333333,E23,21.23,126.13,38,1.652116,85.7666,9.745,0.0,0,18.6097,3.1021,64.699,0.0,True,26.0,4840,4.4166,3.23
google,2000,10,linear,True,False,10.0,0.4,0.3,0.3,0,0.25,WOA,carbon,3,0.3333333333333333,E23,21.23,126.13,38,1.672883,85.5877,8.6105,0.0,0,18.6597,3.1155,64.533,0.0,True,26.0,4840,4.3892,3.03
google,2000,10,linear,True,False,10.0,0.4,0.3,0.3,0,0.25,WOA,carbon,4,0.3333333333333333,E23,21.23,126.13,38,1.66316,85.6715,9.1417,0.0,0,18.5597,3.1179,65.999,0.0,True,26.5,4840,4.5704,3.2
google,2000,10,linear,True,False,10.0,0.4,0.3,0.3,0,0.25,WOA,carbon,5,0.3333333333333333,E23,21.23,126.13,38,1.675227,85.5675,8.4825,0.0,0,18.6597,3.1192,64.67,0.0,True,26.5,4840,4.597,3.38
google,2000,10,linear,True,False,10.0,0.4,0.3,0.3,0,0.25,WOA,carbon,6,0.3333333333333333,E23,21.23,126.13,38,1.660548,85.694,9.2844,0.0,0,18.4597,3.0935,65.96,0.0,True,25.5,4840,4.5823,3.43
google,2000,20,linear,True,False,10.0,0.4,0.3,0.3,0,auto,Consolidation,-,0,0.3333333333333333,E23,21.23,126.13,38,2.003999,82.8306,0.0,0.0,0,21.9597,3.6525,37.931,0.9774,False,24.5,0,0.0,0.0
google,2000,20,linear,True,False,10.0,0.4,0.3,0.3,0,auto,Greedy(EDF+greenest),-,0,0.3333333333333333,E23,21.23,126.13,38,1.925001,83.5074,3.942,0.0,0,23.4597,3.8467,27.009,7.0722,False,26.0,0,0.0002,0.0
google,2000,20,linear,True,False,10.0,0.4,0.3,0.3,0,auto,VCC(Google),-,0,0.3333333333333333,E23,21.23,126.13,38,1.983031,83.0102,1.0463,0.0,0,21.7597,3.6225,39.845,0.0,True,24.5,0,0.0067,0.0
google,2000,20,linear,True,False,10.0,0.4,0.3,0.3,0,auto,Threshold(WaitAwhile),-,0,0.3333333333333333,E23,21.23,126.13,38,2.021073,82.6843,-0.852,0.0,0,22.3597,3.6817,36.434,0.9774,False,25.5,0,0.0291,0.0
google,2000,20,linear,True,False,10.0,0.4,0.3,0.3,0,auto,WOA,random,1,0.3333333333333333,E23,21.23,126.13,38,1.851779,84.1347,7.5958,0.0,0,20.4097,3.4349,55.556,0.0,True,26.0,4840,4.4325,3.28
google,2000,20,linear,True,False,10.0,0.4,0.3,0.3,0,auto,WOA,random,2,0.3333333333333333,E23,21.23,126.13,38,1.832226,84.3022,8.5715,0.0,0,20.3097,3.416,56.564,0.0,True,26.0,4840,4.3772,3.2
google,2000,20,linear,True,False,10.0,0.4,0.3,0.3,0,auto,WOA,random,3,0.3333333333333333,E23,21.23,126.13,38,1.83021,84.3195,8.6721,0.0,0,20.2597,3.4135,56.268,0.0,True,25.5,4840,4.4609,2.97
google,2000,20,linear,True,False,10.0,0.4,0.3,0.3,0,auto,WOA,random,4,0.3333333333333333,E23,21.23,126.13,38,1.821579,84.3935,9.1028,0.0,0,20.1597,3.4064,57.344,0.0,True,25.5,4840,4.5517,3.63
google,2000,10,linear,True,False,10.0,0.4,0.3,0.3,0,0.5,WOA,random,3,0.3333333333333333,E23,21.23,126.13,38,2.0192,82.7955,7.759,0.0,0,22.2597,3.7644,49.112,0.0,True,25.5,4840,4.2029,3.51
google,2000,10,linear,True,False,10.0,0.4,0.3,0.3,0,0.5,WOA,random,4,0.3333333333333333,E23,21.23,126.13,38,2.042784,82.5945,6.6817,0.0,0,22.4597,3.8069,47.656,0.0,True,25.5,4840,4.2347,3.28
google,2000,10,linear,True,False,10.0,0.4,0.3,0.3,0,0.5,WOA,random,5,0.3333333333333333,E23,21.23,126.13,38,2.020335,82.7858,7.7072,0.0,0,22.2097,3.7575,48.634,0.0,True,25.0,4840,4.3729,3.47
google,2000,10,linear,True,False,10.0,0.4,0.3,0.3,0,0.5,WOA,random,6,0.3333333333333333,E23,21.23,126.13,38,2.027941,82.721,7.3597,0.0,0,22.3097,3.7923,48.743,0.0,True,25.5,4840,4.3924,3.21
google,2000,10,linear,True,False,10.0,0.4,0.3,0.3,0,0.5,WOA,random,7,0.3333333333333333,E23,21.23,126.13,38,2.03779,82.6371,6.9098,0.0,0,22.4097,3.7979,47.992,0.0,True,25.5,4840,4.3813,3.34
google,2000,10,linear,True,False,10.0,0.4,0.3,0.3,0,0.5,WOA,random,8,0.3333333333333333,E23,21.23,126.13,38,2.047997,82.5501,6.4435,0.0,0,22.4597,3.8093,47.634,0.0,True,25.5,4840,4.494,3.41
google,2000,10,linear,True,False,10.0,0.4,0.3,0.3,0,0.5,WOA,random,9,0.3333333333333333,E23,21.23,126.13,38,2.020186,82.7871,7.714,0.0,0,22.2597,3.7723,48.209,0.0,True,25.0,4840,4.4788,3.28
google,2000,10,linear,True,False,10.0,0.4,0.3,0.3,0,0.5,WOA,random,10,0.3333333333333333,E23,21.23,126.13,38,2.016423,82.8191,7.8859,0.0,0,22.2097,3.7679,48.575,0.0,True,25.0,4840,4.4549,3.2
google,2000,20,linear,True,False,10.0,0.4,0.3,0.3,0,0,Threshold(WaitAwhile),-,0,0.3333333333333333,E23,21.23,126.13,38,1.473373,87.1579,4.7839,0.0,0,16.8597,2.6992,68.554,0.9774,False,25.5,0,0.0284,0.0
google,2000,20,linear,True,False,10.0,0.4,0.3,0.3,0,0,WOA,random,1,0.3333333333333333,E23,21.23,126.13,38,1.447827,87.3806,6.4348,0.0,0,17.0097,2.8183,71.754,0.0,True,28.5,4840,4.2059,3.08
google,2000,20,linear,True,False,10.0,0.4,0.3,0.3,0,0,WOA,random,2,0.3333333333333333,E23,21.23,126.13,38,1.43144,87.5234,7.4938,0.0,0,16.9097,2.8088,71.583,0.0,True,28.0,4840,4.2968,3.17
google,2000,20,linear,True,False,10.0,0.4,0.3,0.3,0,0,WOA,random,3,0.3333333333333333,E23,21.23,126.13,38,1.43464,87.4955,7.287,0.0,0,16.9097,2.8026,74.395,0.0,True,28.0,4840,4.3156,3.41
google,2000,20,linear,True,False,10.0,0.4,0.3,0.3,0,0,WOA,random,4,0.3333333333333333,E23,21.23,126.13,38,1.436152,87.4823,7.1893,0.0,0,16.9097,2.8054,72.421,0.0,True,28.0,4840,4.2992,3.38
google,2000,20,linear,True,False,10.0,0.4,0.3,0.3,0,0,WOA,random,5,0.3333333333333333,E23,21.23,126.13,38,1.423905,87.5891,7.9808,0.0,0,16.8597,2.7917,72.17,0.0,True,28.0,4840,4.448,3.63
google,2000,20,linear,True,False,10.0,0.4,0.3,0.3,0,0,WOA,random,6,0.3333333333333333,E23,21.23,126.13,38,1.425533,87.5749,7.8755,0.0,0,16.8097,2.7893,74.871,0.0,True,28.0,4840,4.3709,3.28
google,2000,20,linear,True,False,10.0,0.4,0.3,0.3,0,0,WOA,random,7,0.3333333333333333,E23,21.23,126.13,38,1.427105,87.5612,7.7739,0.0,0,16.8097,2.7822,72.185,0.0,True,28.5,4840,4.4067,3.51
google,2000,20,linear,True,False,10.0,0.4,0.3,0.3,0,auto,WOA,carbon,14,0.3333333333333333,E23,21.23,126.13,38,1.815797,84.443,9.3913,0.0,0,20.0597,3.3841,58.13,0.0,True,25.5,4840,4.7711,3.46
google,2000,20,linear,True,False,10.0,0.4,0.3,0.3,0,auto,WOA,carbon,15,0.3333333333333333,E23,21.23,126.13,38,1.82338,84.378,9.013,0.0,0,20.4597,3.4216,54.244,0.0,True,25.5,4840,4.7052,3.32
google,2000,20,linear,True,False,10.0,0.4,0.3,0.3,0,0.25,FIFO,-,0,0.3333333333333333,E23,21.23,126.13,38,11.736449,0.0,-436.1437,0.0,0,130.4597,21.3375,4.17,0.9774,False,24.5,0,0.0,0.0
google,2000,20,linear,True,False,10.0,0.4,0.3,0.3,0,0.25,Consolidation,-,0,0.3333333333333333,E23,21.23,126.13,38,2.189049,81.3483,0.0,0.0,0,23.9597,4.0125,33.686,0.9774,False,24.5,0,0.0,0.0
google,2000,20,linear,True,False,10.0,0.4,0.3,0.3,0,0.25,Greedy(EDF+greenest),-,0,0.3333333333333333,E23,21.23,126.13,38,2.144901,81.7244,2.0168,0.0,0,25.7597,4.2517,23.776,7.0722,False,26.0,0,0.0002,0.0
google,2000,20,linear,True,False,10.0,0.4,0.3,0.3,0,0.25,VCC(Google),-,0,0.3333333333333333,E23,21.23,126.13,38,2.163081,81.5695,1.1863,0.0,0,23.7097,3.975,35.601,0.0,True,24.5,0,0.0068,0.0
google,2000,20,linear,True,False,10.0,0.4,0.3,0.3,0,0.25,Threshold(WaitAwhile),-,0,0.3333333333333333,E23,21.23,126.13,38,2.218923,81.0937,-1.3647,0.0,0,24.4597,4.0567,32.365,0.9774,False,25.5,0,0.0299,0.0
google,2000,20,linear,True,False,10.0,0.4,0.3,0.3,0,0.25,WOA,random,1,0.3333333333333333,E23,21.23,126.13,38,2.045582,82.5707,6.5539,0.0,0,22.4597,3.8145,46.794,0.0,True,25.0,4840,4.6735,3.08
google,2000,10,linear,True,False,10.0,0.4,0.3,0.3,0,0.5,WOA,random,11,0.3333333333333333,E23,21.23,126.13,38,2.043049,82.5923,6.6695,0.0,0,22.4597,3.8018,47.577,0.0,True,25.5,4840,4.2432,3.29
google,2000,10,linear,True,False,10.0,0.4,0.3,0.3,0,0.5,WOA,random,12,0.3333333333333333,E23,21.23,126.13,38,2.039401,82.6234,6.8362,0.0,0,22.4097,3.7911,47.989,0.0,True,25.5,4840,4.2972,3.35
google,2000,10,linear,True,False,10.0,0.4,0.3,0.3,0,0.5,WOA,random,13,0.3333333333333333,E23,21.23,126.13,38,2.047731,82.5524,6.4557,0.0,0,22.5097,3.8116,48.13,0.0,True,26.0,4840,4.4003,3.44
google,2000,10,linear,True,False,10.0,0.4,0.3,0.3,0,0.5,WOA,random,14,0.3333333333333333,E23,21.23,126.13,38,2.039714,82.6207,6.8219,0.0,0,22.4597,3.8106,47.681,0.0,True,25.5,4840,4.3624,3.14
google,2000,10,linear,True,False,10.0,0.4,0.3,0.3,0,0.5,WOA,random,15,0.3333333333333333,E23,21.23,126.13,38,2.04633,82.5643,6.5197,0.0,0,22.5097,3.8157,47.302,0.0,True,25.5,4840,4.4085,3.58
google,2000,10,linear,True,False,10.0,0.4,0.3,0.3,0,0.5,WOA,carbon,1,0.3333333333333333,E23,21.23,126.13,38,2.047279,82.5562,6.4763,0.0,0,22.5597,3.8167,47.823,0.0,True,26.0,4840,4.4708,3.44
google,2000,10,linear,True,False,10.0,0.4,0.3,0.3,0,0.5,WOA,carbon,2,0.3333333333333333,E23,21.23,126.13,38,2.000363,82.956,8.6196,0.0,0,22.4597,3.7798,47.578,0.0,True,25.5,4840,4.3904,3.47
google,2000,10,linear,True,False,10.0,0.4,0.3,0.3,0,0.5,WOA,carbon,3,0.3333333333333333,E23,21.23,126.13,38,2.029279,82.7096,7.2986,0.0,0,22.3097,3.7795,47.87,0.0,True,25.0,4840,4.4945,3.29
google,2000,10,linear,True,False,10.0,0.4,0.3,0.3,0,0.5,WOA,carbon,4,0.3333333333333333,E23,21.23,126.13,38,2.033929,82.67,7.0862,0.0,0,22.4097,3.7988,47.984,0.0,True,25.5,4840,4.2304,3.14
google,2000,10,linear,True,False,10.0,0.4,0.3,0.3,0,0.5,WOA,carbon,5,0.3333333333333333,E23,21.23,126.13,38,1.997592,82.9796,8.7461,0.0,0,22.5097,3.7771,47.239,0.0,True,25.5,4840,4.3194,3.21
google,2000,10,linear,True,False,10.0,0.4,0.3,0.3,0,0.5,WOA,carbon,6,0.3333333333333333,E23,21.23,126.13,38,2.010812,82.867,8.1422,0.0,0,22.4597,3.7753,46.597,0.0,True,25.0,4840,4.2973,3.35
google,2000,10,linear,True,False,10.0,0.4,0.3,0.3,0,0.5,WOA,carbon,7,0.3333333333333333,E23,21.23,126.13,38,2.021984,82.7718,7.6318,0.0,0,22.2097,3.7711,48.502,0.0,True,25.0,4840,4.3543,3.46
google,2000,10,linear,True,False,10.0,0.4,0.3,0.3,0,0.5,WOA,carbon,8,0.3333333333333333,E23,21.23,126.13,38,1.990575,83.0394,9.0667,0.0,0,22.2097,3.7447,48.614,0.0,True,25.0,4840,4.3679,3.23
google,2000,10,linear,True,False,10.0,0.4,0.3,0.3,0,0.5,WOA,carbon,9,0.3333333333333333,E23,21.23,126.13,38,1.996695,82.9872,8.7871,0.0,0,22.4597,3.768,47.521,0.0,True,25.5,4840,4.4832,3.55
google,2000,10,linear,True,False,10.0,0.4,0.3,0.3,0,0.5,WOA,carbon,10,0.3333333333333333,E23,21.23,126.13,38,2.033092,82.6771,7.1244,0.0,0,22.5597,3.7977,46.773,0.0,True,25.5,4840,4.4372,3.38
google,2000,10,linear,True,False,10.0,0.4,0.3,0.3,0,0.5,WOA,carbon,11,0.3333333333333333,E23,21.23,126.13,38,2.015488,82.8271,7.9286,0.0,0,22.2097,3.7673,48.557,0.0,True,25.0,4840,4.4855,3.17
google,2000,20,linear,True,False,10.0,0.4,0.3,0.3,0,0,WOA,carbon,9,0.3333333333333333,E23,21.23,126.13,38,1.267385,88.9533,18.0958,0.0,0,16.6097,2.6617,73.933,0.0,True,26.5,4840,4.3147,3.19
google,2000,20,linear,True,False,10.0,0.4,0.3,0.3,0,0,WOA,carbon,10,0.3333333333333333,E23,21.23,126.13,38,1.28087,88.8358,17.2243,0.0,0,16.6597,2.6703,71.813,0.0,True,26.5,4840,4.2738,3.38
google,2000,20,linear,True,False,10.0,0.4,0.3,0.3,0,0,WOA,carbon,11,0.3333333333333333,E23,21.23,126.13,38,1.270381,88.9272,17.9022,0.0,0,16.6597,2.6731,70.779,0.0,True,26.5,4840,4.3553,3.18
google,2000,20,linear,True,False,10.0,0.4,0.3,0.3,0,0,WOA,carbon,12,0.3333333333333333,E23,21.23,126.13,38,1.274646,88.89,17.6266,0.0,0,16.6597,2.6617,68.506,0.0,True,26.5,4840,4.4396,3.31
google,2000,20,linear,True,False,10.0,0.4,0.3,0.3,0,0,WOA,carbon,13,0.3333333333333333,E23,21.23,126.13,38,1.264374,88.9796,18.2903,0.0,0,16.6097,2.6645,74.321,0.0,True,26.5,4840,4.3348,3.4
google,2000,20,linear,True,False,10.0,0.4,0.3,0.3,0,0,WOA,carbon,14,0.3333333333333333,E23,21.23,126.13,38,1.28282,88.8188,17.0983,0.0,0,16.7597,2.6923,69.131,0.0,True,26.5,4840,4.4644,3.37
google,2000,20,linear,True,False,10.0,0.4,0.3,0.3,0,0,WOA,carbon,15,0.3333333333333333,E23,21.23,126.13,38,1.265667,88.9683,18.2068,0.0,0,16.6097,2.6553,71.937,0.0,True,26.5,4840,4.3746,3.26
google,2000,20,linear,True,False,10.0,0.4,0.3,0.3,0,auto,FIFO,-,0,0.3333333333333333,E23,21.23,126.13,38,11.671899,0.0,-482.4304,0.0,0,129.8097,21.225,4.227,0.9774,False,24.5,0,0.0,0.0
google,2000,20,linear,True,False,10.0,0.4,0.3,0.3,0,0,WOA,random,8,0.3333333333333333,E23,21.23,126.13,38,1.443817,87.4155,6.694,0.0,0,16.9597,2.7957,73.945,0.0,True,28.5,4840,4.2733,3.25
google,2000,20,linear,True,False,10.0,0.4,0.3,0.3,0,0,WOA,random,9,0.3333333333333333,E23,21.23,126.13,38,1.441672,87.4342,6.8326,0.0,0,16.9597,2.8307,66.977,0.0,True,28.0,4840,4.3477,3.35
google,2000,20,linear,True,False,10.0,0.4,0.3,0.3,0,0,WOA,random,10,0.3333333333333333,E23,21.23,126.13,38,1.419374,87.6286,8.2736,0.0,0,16.8097,2.7876,71.478,0.0,True,28.0,4840,4.3491,3.23
google,2000,20,linear,True,False,10.0,0.4,0.3,0.3,0,0,WOA,random,11,0.3333333333333333,E23,21.23,126.13,38,1.439149,87.4562,6.9956,0.0,0,16.9597,2.8056,69.393,0.0,True,28.5,4840,4.4192,3.29
google,2000,20,linear,True,False,10.0,0.4,0.3,0.3,0,0,WOA,random,12,0.3333333333333333,E23,21.23,126.13,38,1.424582,87.5832,7.937,0.0,0,16.8097,2.791,72.277,0.0,True,28.0,4840,4.4815,3.31
google,2000,20,linear,True,False,10.0,0.4,0.3,0.3,0,0,WOA,random,13,0.3333333333333333,E23,21.23,126.13,38,1.430507,87.5315,7.5541,0.0,0,16.8097,2.7806,76.317,0.0,True,28.5,4840,4.4119,3.15
google,2000,20,linear,True,False,10.0,0.4,0.3,0.3,0,0,WOA,random,14,0.3333333333333333,E23,21.23,126.13,38,1.436898,87.4758,7.1411,0.0,0,16.9097,2.7904,74.133,0.0,True,28.0,4840,4.5056,3.12
google,2000,20,linear,True,False,10.0,0.4,0.3,0.3,0,0,WOA,random,15,0.3333333333333333,E23,21.23,126.13,38,1.43294,87.5103,7.3969,0.0,0,16.8597,2.7883,72.209,0.0,True,28.0,4840,4.4386,3.21
google,2000,20,linear,True,False,10.0,0.4,0.3,0.3,0,0,WOA,carbon,1,0.3333333333333333,E23,21.23,126.13,38,1.271967,88.9134,17.7997,0.0,0,16.7097,2.6865,71.464,0.0,True,26.5,4840,4.2982,3.17
google,2000,20,linear,True,False,10.0,0.4,0.3,0.3,0,0,WOA,carbon,2,0.3333333333333333,E23,21.23,126.13,38,1.264269,88.9805,18.2972,0.0,0,16.5597,2.6467,73.884,0.0,True,26.5,4840,4.2915,3.48
google,2000,20,linear,True,False,10.0,0.4,0.3,0.3,0,0,WOA,carbon,3,0.3333333333333333,E23,21.23,126.13,38,1.266483,88.9612,18.1541,0.0,0,16.5097,2.6398,75.613,0.0,True,26.0,4840,4.299,3.11
google,2000,20,linear,True,False,10.0,0.4,0.3,0.3,0,0,WOA,carbon,4,0.3333333333333333,E23,21.23,126.13,38,1.260641,89.0121,18.5316,0.0,0,16.5597,2.6593,73.535,0.0,True,26.5,4840,4.424,3.43
google,2000,20,linear,True,False,10.0,0.4,0.3,0.3,0,0,WOA,carbon,5,0.3333333333333333,E23,21.23,126.13,38,1.270409,88.927,17.9004,0.0,0,16.6597,2.6698,70.358,0.0,True,26.5,4840,4.3978,3.4
google,2000,20,linear,True,False,10.0,0.4,0.3,0.3,0,0,WOA,carbon,6,0.3333333333333333,E23,21.23,126.13,38,1.273695,88.8983,17.688,0.0,0,16.6597,2.6698,71.712,0.0,True,26.0,4840,4.3281,3.37
google,2000,20,linear,True,False,10.0,0.4,0.3,0.3,0,0,WOA,carbon,7,0.3333333333333333,E23,21.23,126.13,38,1.282184,88.8243,17.1394,0.0,0,16.7097,2.6767,68.972,0.0,True,26.5,4840,4.4664,3.15
google,2000,20,linear,True,False,10.0,0.4,0.3,0.3,0,0,WOA,carbon,8,0.3333333333333333,E23,21.23,126.13,38,1.262502,88.9959,18.4113,0.0,0,16.6097,2.6628,73.309,0.0,True,26.5,4840,4.3689,3.12
google,2000,20,linear,True,False,10.0,0.4,0.3,0.3,0,auto,WOA,random,5,0.3333333333333333,E23,21.23,126.13,38,1.833359,84.2925,8.515,0.0,0,20.3097,3.4126,56.621,0.0,True,26.0,4840,4.4482,3.52
google,2000,20,linear,True,False,10.0,0.4,0.3,0.3,0,auto,WOA,random,6,0.3333333333333333,E23,21.23,126.13,38,1.831091,84.312,8.6282,0.0,0,20.2597,3.4197,56.982,0.0,True,26.0,4840,4.4896,3.6
google,2000,20,linear,True,False,10.0,0.4,0.3,0.3,0,auto,WOA,random,7,0.3333333333333333,E23,21.23,126.13,38,1.836524,84.2654,8.357,0.0,0,20.3097,3.4268,56.682,0.0,True,26.0,4840,4.4366,3.31
google,2000,20,linear,True,False,10.0,0.4,0.3,0.3,0,auto,WOA,random,8,0.3333333333333333,E23,21.23,126.13,38,1.842637,84.2131,8.052,0.0,0,20.3097,3.4217,56.74,0.0,True,26.0,4840,4.4532,3.26
google,2000,20,linear,True,False,10.0,0.4,0.3,0.3,0,auto,WOA,random,9,0.3333333333333333,E23,21.23,126.13,38,1.821182,84.3969,9.1226,0.0,0,20.1597,3.3939,57.382,0.0,True,25.5,4840,4.5244,3.37
google,2000,20,linear,True,False,10.0,0.4,0.3,0.3,0,auto,WOA,random,10,0.3333333333333333,E23,21.23,126.13,38,1.798516,84.5911,10.2537,0.0,0,19.9097,3.3608,59.488,0.0,True,25.5,4840,4.4934,3.4
google,2000,20,linear,True,False,10.0,0.4,0.3,0.3,0,auto,WOA,random,11,0.3333333333333333,E23,21.23,126.13,38,1.829566,84.325,8.7042,0.0,0,20.1597,3.3959,56.464,0.0,True,25.0,4840,4.515,3.37
google,2000,20,linear,True,False,10.0,0.4,0.3,0.3,0,auto,WOA,random,12,0.3333333333333333,E23,21.23,126.13,38,1.838158,84.2514,8.2755,0.0,0,20.2597,3.4055,57.034,0.0,True,26.0,4840,4.3778,3.67
google,2000,20,linear,True,False,10.0,0.4,0.3,0.3,0,auto,WOA,random,13,0.3333333333333333,E23,21.23,126.13,38,1.804196,84.5424,9.9702,0.0,0,20.0097,3.3869,58.672,0.0,True,25.5,4840,4.531,3.32
google,2000,20,linear,True,False,10.0,0.4,0.3,0.3,0,auto,WOA,random,14,0.3333333333333333,E23,21.23,126.13,38,1.821244,84.3963,9.1195,0.0,0,20.1597,3.412,57.173,0.0,True,25.5,4840,4.4727,3.37
google,2000,20,linear,True,False,10.0,0.4,0.3,0.3,0,auto,WOA,random,15,0.3333333333333333,E23,21.23,126.13,38,1.835808,84.2716,8.3928,0.0,0,20.2597,3.4175,56.36,0.0,True,25.5,4840,4.452,3.6
google,2000,20,linear,True,False,10.0,0.4,0.3,0.3,0,auto,WOA,carbon,1,0.3333333333333333,E23,21.23,126.13,38,1.859321,84.0701,7.2195,0.0,0,20.5597,3.4512,54.266,0.0,True,26.0,4840,4.5005,3.17
google,2000,20,linear,True,False,10.0,0.4,0.3,0.3,0,auto,WOA,carbon,2,0.3333333333333333,E23,21.23,126.13,38,1.826717,84.3494,8.8464,0.0,0,20.6597,3.4751,53.457,0.0,True,26.0,4840,4.4061,3.25
google,2000,20,linear,True,False,10.0,0.4,0.3,0.3,0,auto,WOA,carbon,3,0.3333333333333333,E23,21.23,126.13,38,1.8288,84.3316,8.7425,0.0,0,20.2597,3.4116,56.983,0.0,True,26.0,4840,4.4004,3.17
google,2000,20,linear,True,False,10.0,0.4,0.3,0.3,0,auto,WOA,carbon,4,0.3333333333333333,E23,21.23,126.13,38,1.849404,84.1551,7.7143,0.0,0,20.4097,3.4467,54.86,0.0,True,25.5,4840,4.4321,3.67
google,2000,20,linear,True,False,10.0,0.4,0.3,0.3,0,auto,WOA,carbon,5,0.3333333333333333,E23,21.23,126.13,38,1.831526,84.3082,8.6064,0.0,0,20.2597,3.422,56.321,0.0,True,25.5,4840,4.2894,3.24
google,2000,20,linear,True,False,10.0,0.4,0.3,0.3,0,auto,WOA,carbon,6,0.3333333333333333,E23,21.23,126.13,38,1.811645,84.4786,9.5985,0.0,0,20.4597,3.4181,53.551,0.0,True,25.0,4840,4.4743,3.28
google,2000,20,linear,True,False,10.0,0.4,0.3,0.3,0,auto,WOA,carbon,7,0.3333333333333333,E23,21.23,126.13,38,1.843889,84.2023,7.9895,0.0,0,20.3097,3.4267,56.546,0.0,True,26.0,4840,4.4362,3.23
google,2000,20,linear,True,False,10.0,0.4,0.3,0.3,0,auto,WOA,carbon,8,0.3333333333333333,E23,21.23,126.13,38,1.791899,84.6478,10.5838,0.0,0,20.3097,3.3963,55.932,0.0,True,25.5,4840,4.3776,3.35
google,2000,20,linear,True,False,10.0,0.4,0.3,0.3,0,auto,WOA,carbon,9,0.3333333333333333,E23,21.23,126.13,38,1.84203,84.2183,8.0823,0.0,0,20.2597,3.4145,57.014,0.0,True,26.0,4840,4.5118,3.32
google,2000,20,linear,True,False,10.0,0.4,0.3,0.3,0,auto,WOA,carbon,10,0.3333333333333333,E23,21.23,126.13,38,1.839762,84.2377,8.1955,0.0,0,20.5597,3.4305,52.682,0.0,True,25.0,4840,4.4371,3.26
google,2000,20,linear,True,False,10.0,0.4,0.3,0.3,0,auto,WOA,carbon,11,0.3333333333333333,E23,21.23,126.13,38,1.825619,84.3589,8.9012,0.0,0,20.3097,3.421,55.863,0.0,True,25.5,4840,4.4294,3.66
google,2000,20,linear,True,False,10.0,0.4,0.3,0.3,0,auto,WOA,carbon,12,0.3333333333333333,E23,21.23,126.13,38,1.838076,84.2521,8.2796,0.0,0,20.3097,3.4206,56.741,0.0,True,26.0,4840,4.4161,3.55
google,2000,20,linear,True,False,10.0,0.4,0.3,0.3,0,auto,WOA,carbon,13,0.3333333333333333,E23,21.23,126.13,38,1.804623,84.5387,9.9489,0.0,0,20.1097,3.3926,57.697,0.0,True,25.5,4840,4.2784,3.75
google,2500,10,linear,True,False,10.0,0.4,0.3,0.3,0,0,FIFO,-,0,0.3333333333333333,E23,26.96,157.72,39,14.293111,0.0,-656.5451,0.0,0,159.2788,25.9888,5.373,24.7992,False,24.5,0,0.0,0.0
google,2500,10,linear,True,False,10.0,0.4,0.3,0.3,0,0,Consolidation,-,0,0.3333333333333333,E23,26.96,157.72,39,1.889261,86.782,0.0,0.0,0,20.8788,3.3988,66.243,24.7992,False,24.5,0,0.0,0.0
google,2500,10,linear,True,False,10.0,0.4,0.3,0.3,0,0,Greedy(EDF+greenest),-,0,0.3333333333333333,E23,26.96,157.72,39,1.518432,89.3765,19.6282,0.0,0,20.3288,3.2405,74.25,41.3637,False,26.0,0,0.0002,0.0
google,2500,10,linear,True,False,10.0,0.4,0.3,0.3,0,0,VCC(Google),-,0,0.3333333333333333,E23,26.96,157.72,39,1.85123,87.0481,2.013,0.0,0,20.6788,3.3688,72.224,0.0,True,24.5,0,0.0138,0.0
google,2500,10,linear,True,False,10.0,0.4,0.3,0.3,0,0,Threshold(WaitAwhile),-,0,0.3333333333333333,E23,26.96,157.72,39,1.804386,87.3758,4.4925,0.0,0,20.6288,3.2855,73.815,24.7992,False,25.5,0,0.0418,0.0
google,2500,10,linear,True,False,10.0,0.4,0.3,0.3,0,0,WOA,random,1,0.3333333333333333,E23,26.96,157.72,39,1.791183,87.4682,5.1913,0.0,0,20.6788,3.4001,83.663,0.0,True,27.0,4840,5.2853,3.97
google,2500,10,linear,True,False,10.0,0.4,0.3,0.3,0,0,WOA,random,2,0.3333333333333333,E23,26.96,157.72,39,1.814969,87.3018,3.9323,0.0,0,20.9788,3.4628,78.311,0.0,True,28.5,4840,5.2099,4.07
google,2500,10,linear,True,False,10.0,0.4,0.3,0.3,0,0,WOA,random,3,0.3333333333333333,E23,26.96,157.72,39,1.80833,87.3482,4.2837,0.0,0,20.8288,3.4431,79.56,0.0,True,27.5,4840,5.0571,3.91
google,2000,20,linear,True,False,10.0,0.4,0.3,0.3,0,0.25,WOA,carbon,11,0.3333333333333333,E23,21.23,126.13,38,2.014181,82.8382,7.9883,0.0,0,22.1597,3.7518,48.957,0.0,True,25.0,4840,4.7339,3.49
google,2000,20,linear,True,False,10.0,0.4,0.3,0.3,0,0.25,WOA,carbon,12,0.3333333333333333,E23,21.23,126.13,38,2.023908,82.7554,7.544,0.0,0,22.3097,3.7698,47.822,0.0,True,25.0,4840,4.6527,3.34
google,2000,20,linear,True,False,10.0,0.4,0.3,0.3,0,0.25,WOA,carbon,13,0.3333333333333333,E23,21.23,126.13,38,2.031295,82.6924,7.2065,0.0,0,22.3597,3.7918,47.388,0.0,True,25.0,4840,4.6976,3.52
google,2000,20,linear,True,False,10.0,0.4,0.3,0.3,0,0.25,WOA,carbon,14,0.3333333333333333,E23,21.23,126.13,38,2.037348,82.6408,6.93,0.0,0,22.4597,3.8118,48.511,0.0,True,26.0,4840,4.6071,3.09
google,2000,20,linear,True,False,10.0,0.4,0.3,0.3,0,0.25,WOA,carbon,15,0.3333333333333333,E23,21.23,126.13,38,2.00386,82.9262,8.4598,0.0,0,22.3597,3.765,47.465,0.0,True,25.0,4840,4.4962,3.51
google,2000,20,linear,True,False,10.0,0.4,0.3,0.3,0,0.5,FIFO,-,0,0.3333333333333333,E23,21.23,126.13,38,12.214499,0.0,-278.2985,0.0,0,135.2097,22.1775,3.721,0.9774,False,24.5,0,0.0,0.0
google,2000,20,linear,True,False,10.0,0.4,0.3,0.3,0,0.5,Consolidation,-,0,0.3333333333333333,E23,21.23,126.13,38,3.228799,73.5659,0.0,0.0,0,35.2097,6.0,20.799,0.9774,False,24.5,0,0.0,0.0
google,2000,20,linear,True,False,10.0,0.4,0.3,0.3,0,0.5,Greedy(EDF+greenest),-,0,0.3333333333333333,E23,21.23,126.13,38,3.285151,73.1045,-1.7453,0.0,0,37.7597,6.3517,15.629,7.0722,False,26.0,0,0.0003,0.0
google,2000,20,linear,True,False,10.0,0.4,0.3,0.3,0,0.5,VCC(Google),-,0,0.3333333333333333,E23,21.23,126.13,38,3.197831,73.8194,0.9591,0.0,0,34.9097,5.955,21.961,0.0,True,24.5,0,0.0065,0.0
google,2000,20,linear,True,False,10.0,0.4,0.3,0.3,0,0.5,Threshold(WaitAwhile),-,0,0.3333333333333333,E23,21.23,126.13,38,3.312923,72.8771,-2.6054,0.0,0,36.2097,6.1192,19.983,0.9774,False,25.5,0,0.029,0.0
google,2000,20,linear,True,False,10.0,0.4,0.3,0.3,0,0.5,WOA,random,1,0.3333333333333333,E23,21.23,126.13,38,3.10635,74.5683,3.7924,0.0,0,33.9597,5.824,25.741,0.0,True,24.5,4840,4.448,3.39
google,2000,20,linear,True,False,10.0,0.4,0.3,0.3,0,0.5,WOA,random,2,0.3333333333333333,E23,21.23,126.13,38,3.119813,74.4581,3.3754,0.0,0,34.1097,5.8471,25.158,0.0,True,24.5,4840,4.4923,3.26
google,2000,20,linear,True,False,10.0,0.4,0.3,0.3,0,0.5,WOA,random,3,0.3333333333333333,E23,21.23,126.13,38,3.133558,74.3456,2.9497,0.0,0,34.2097,5.8542,24.748,0.0,True,24.5,4840,4.4705,3.14
google,2000,20,linear,True,False,10.0,0.4,0.3,0.3,0,0.5,WOA,random,4,0.3333333333333333,E23,21.23,126.13,38,3.140098,74.292,2.7472,0.0,0,34.2597,5.8572,24.528,0.0,True,24.5,4840,4.3273,3.41
google,2000,20,linear,True,False,10.0,0.4,0.3,0.3,0,0.5,WOA,random,5,0.3333333333333333,E23,21.23,126.13,38,3.109393,74.5434,3.6981,0.0,0,34.0097,5.8329,25.547,0.0,True,24.5,4840,4.2994,3.46
google,2000,20,linear,True,False,10.0,0.4,0.3,0.3,0,0.5,WOA,random,6,0.3333333333333333,E23,21.23,126.13,38,3.10595,74.5716,3.8048,0.0,0,33.9597,5.8291,25.741,0.0,True,24.5,4840,4.509,3.11
google,2000,20,linear,True,False,10.0,0.4,0.3,0.3,0,0.25,WOA,random,2,0.3333333333333333,E23,21.23,126.13,38,2.041518,82.6053,6.7395,0.0,0,22.4597,3.8003,47.567,0.0,True,25.5,4840,4.4789,3.28
google,2000,20,linear,True,False,10.0,0.4,0.3,0.3,0,0.25,WOA,random,3,0.3333333333333333,E23,21.23,126.13,38,2.013002,82.8483,8.0422,0.0,0,22.1597,3.754,48.961,0.0,True,25.0,4840,4.5486,3.26
google,2000,20,linear,True,False,10.0,0.4,0.3,0.3,0,0.25,WOA,random,4,0.3333333333333333,E23,21.23,126.13,38,2.047956,82.5505,6.4454,0.0,0,22.5097,3.8155,47.307,0.0,True,25.5,4840,4.47,3.17
google,2000,20,linear,True,False,10.0,0.4,0.3,0.3,0,0.25,WOA,random,5,0.3333333333333333,E23,21.23,126.13,38,2.004625,82.9197,8.4249,0.0,0,22.1097,3.743,49.384,0.0,True,25.0,4840,4.4883,3.67
google,2000,20,linear,True,False,10.0,0.4,0.3,0.3,0,0.25,WOA,random,6,0.3333333333333333,E23,21.23,126.13,38,2.024215,82.7527,7.5299,0.0,0,22.3097,3.7899,48.698,0.0,True,25.5,4840,4.4709,3.52
google,2000,20,linear,True,False,10.0,0.4,0.3,0.3,0,0.25,WOA,random,7,0.3333333333333333,E23,21.23,126.13,38,2.03779,82.6371,6.9098,0.0,0,22.4097,3.7979,47.992,0.0,True,25.5,4840,4.3657,3.34
google,2000,20,linear,True,False,10.0,0.4,0.3,0.3,0,0.25,WOA,random,8,0.3333333333333333,E23,21.23,126.13,38,2.041781,82.6031,6.7275,0.0,0,22.4097,3.7956,47.961,0.0,True,25.5,4840,4.2651,3.26
google,2000,20,linear,True,False,10.0,0.4,0.3,0.3,0,0.25,WOA,random,9,0.3333333333333333,E23,21.23,126.13,38,2.026119,82.7365,7.443,0.0,0,22.3097,3.7758,47.818,0.0,True,25.0,4840,4.6042,3.28
google,2000,20,linear,True,False,10.0,0.4,0.3,0.3,0,0.25,WOA,carbon,3,0.3333333333333333,E23,21.23,126.13,38,2.031264,82.6927,7.2079,0.0,0,22.3097,3.7784,47.76,0.0,True,25.0,4840,4.5344,3.19
google,2000,20,linear,True,False,10.0,0.4,0.3,0.3,0,0.25,WOA,carbon,4,0.3333333333333333,E23,21.23,126.13,38,2.03935,82.6238,6.8385,0.0,0,22.5097,3.8251,48.155,0.0,True,26.0,4840,4.4581,3.29
google,2000,20,linear,True,False,10.0,0.4,0.3,0.3,0,0.25,WOA,carbon,5,0.3333333333333333,E23,21.23,126.13,38,1.998141,82.9749,8.721,0.0,0,22.5097,3.7771,47.245,0.0,True,25.5,4840,4.448,3.12
google,2000,20,linear,True,False,10.0,0.4,0.3,0.3,0,0.25,WOA,carbon,6,0.3333333333333333,E23,21.23,126.13,38,2.010607,82.8687,8.1516,0.0,0,22.4597,3.7753,46.59,0.0,True,25.0,4840,4.4155,3.21
google,2000,20,linear,True,False,10.0,0.4,0.3,0.3,0,0.25,WOA,carbon,7,0.3333333333333333,E23,21.23,126.13,38,2.018922,82.7978,7.7717,0.0,0,22.2597,3.7735,49.084,0.0,True,25.5,4840,4.3061,3.14
google,2000,20,linear,True,False,10.0,0.4,0.3,0.3,0,0.25,WOA,carbon,8,0.3333333333333333,E23,21.23,126.13,38,1.989649,83.0473,9.109,0.0,0,22.3097,3.7546,48.753,0.0,True,25.5,4840,4.2595,3.58
google,2000,20,linear,True,False,10.0,0.4,0.3,0.3,0,0.25,WOA,carbon,9,0.3333333333333333,E23,21.23,126.13,38,2.0122,82.8551,8.0788,0.0,0,22.4597,3.8023,47.531,0.0,True,25.5,4840,4.673,3.32
google,2000,20,linear,True,False,10.0,0.4,0.3,0.3,0,0.25,WOA,carbon,10,0.3333333333333333,E23,21.23,126.13,38,2.046197,82.5654,6.5257,0.0,0,22.6597,3.8072,45.167,0.0,True,25.0,4840,5.0145,3.08
google,2000,20,linear,True,False,10.0,0.4,0.3,0.3,0,0.25,WOA,random,10,0.3333333333333333,E23,21.23,126.13,38,2.016896,82.8151,7.8643,0.0,0,22.2097,3.7684,48.563,0.0,True,25.0,4840,4.5826,3.08
google,2000,20,linear,True,False,10.0,0.4,0.3,0.3,0,0.25,WOA,random,11,0.3333333333333333,E23,21.23,126.13,38,2.03997,82.6185,6.8102,0.0,0,22.4597,3.8031,47.654,0.0,True,25.5,4840,4.4692,3.75
google,2000,20,linear,True,False,10.0,0.4,0.3,0.3,0,0.25,WOA,random,12,0.3333333333333333,E23,21.23,126.13,38,2.042676,82.5954,6.6866,0.0,0,22.4597,3.7978,47.675,0.0,True,25.5,4840,4.4528,3.29
google,2000,20,linear,True,False,10.0,0.4,0.3,0.3,0,0.25,WOA,random,13,0.3333333333333333,E23,21.23,126.13,38,2.028741,82.7142,7.3232,0.0,0,22.3097,3.78,48.741,0.0,True,25.5,4840,4.4866,3.32
google,2000,20,linear,True,False,10.0,0.4,0.3,0.3,0,0.25,WOA,random,14,0.3333333333333333,E23,21.23,126.13,38,2.038114,82.6343,6.895,0.0,0,22.4597,3.8094,47.649,0.0,True,25.5,4840,4.2971,3.31
google,2000,20,linear,True,False,10.0,0.4,0.3,0.3,0,0.25,WOA,random,15,0.3333333333333333,E23,21.23,126.13,38,2.046364,82.564,6.5181,0.0,0,22.5097,3.8157,47.305,0.0,True,25.5,4840,4.3388,3.38
google,2000,20,linear,True,False,10.0,0.4,0.3,0.3,0,0.25,WOA,carbon,1,0.3333333333333333,E23,21.23,126.13,38,2.053308,82.5049,6.2009,0.0,0,22.5597,3.814,46.852,0.0,True,25.5,4840,4.6723,3.31
google,2000,20,linear,True,False,10.0,0.4,0.3,0.3,0,0.25,WOA,carbon,2,0.3333333333333333,E23,21.23,126.13,38,2.001389,82.9472,8.5727,0.0,0,22.2097,3.7511,47.546,0.0,True,24.5,4840,5.0026,3.12
google,2000,20,linear,True,False,10.0,0.4,0.3,0.3,0,0.5,WOA,random,7,0.3333333333333333,E23,21.23,126.13,38,3.12805,74.3907,3.1203,0.0,0,34.1597,5.8474,24.934,0.0,True,24.5,4840,4.438,3.28
google,2000,20,linear,True,False,10.0,0.4,0.3,0.3,0,0.5,WOA,random,8,0.3333333333333333,E23,21.23,126.13,38,3.105377,74.5763,3.8225,0.0,0,33.9597,5.8343,25.741,0.0,True,24.5,4840,4.4631,3.37
google,2000,20,linear,True,False,10.0,0.4,0.3,0.3,0,0.5,WOA,random,9,0.3333333333333333,E23,21.23,126.13,38,3.113311,74.5113,3.5768,0.0,0,34.0597,5.8335,25.351,0.0,True,24.5,4840,4.4896,3.44
google,2000,20,linear,True,False,10.0,0.4,0.3,0.3,0,0.5,WOA,random,10,0.3333333333333333,E23,21.23,126.13,38,3.100358,74.6174,3.978,0.0,0,33.9597,5.8254,25.741,0.0,True,24.5,4840,4.3016,3.37
google,2000,20,linear,True,False,10.0,0.4,0.3,0.3,0,0.5,WOA,random,11,0.3333333333333333,E23,21.23,126.13,38,3.123617,74.427,3.2576,0.0,0,34.1597,5.8592,24.954,0.0,True,24.5,4840,4.3049,3.28
google,2000,20,linear,True,False,10.0,0.4,0.3,0.3,0,0.5,WOA,random,12,0.3333333333333333,E23,21.23,126.13,38,3.116603,74.4844,3.4749,0.0,0,34.0597,5.8503,25.363,0.0,True,24.5,4840,4.4822,3.43
google,2000,20,linear,True,False,10.0,0.4,0.3,0.3,0,0.5,WOA,random,13,0.3333333333333333,E23,21.23,126.13,38,3.122909,74.4328,3.2796,0.0,0,34.1097,5.8444,25.147,0.0,True,24.5,4840,5.0122,3.43
google,2000,20,linear,True,False,10.0,0.4,0.3,0.3,0,0.5,WOA,random,14,0.3333333333333333,E23,21.23,126.13,38,3.133119,74.3492,2.9633,0.0,0,34.2097,5.8551,24.782,0.0,True,24.5,4840,4.6882,3.22
google,2500,10,linear,True,False,10.0,0.4,0.3,0.3,0,0,WOA,carbon,13,0.3333333333333333,E23,26.96,157.72,39,1.761676,87.6746,6.7532,0.0,0,20.8288,3.3977,79.748,0.0,True,28.0,4840,5.1714,4.18
google,2500,10,linear,True,False,10.0,0.4,0.3,0.3,0,0,WOA,carbon,14,0.3333333333333333,E23,26.96,157.72,39,1.797119,87.4267,4.8772,0.0,0,20.7288,3.415,82.249,0.0,True,27.5,4840,5.8683,3.95
google,2500,10,linear,True,False,10.0,0.4,0.3,0.3,0,0,WOA,carbon,15,0.3333333333333333,E23,26.96,157.72,39,1.797705,87.4226,4.8461,0.0,0,20.8788,3.4479,80.133,0.0,True,28.0,4840,5.461,4.6
google,2500,10,linear,True,False,10.0,0.4,0.3,0.3,0,auto,FIFO,-,0,0.3333333333333333,E23,26.96,157.72,39,14.463561,0.0,-523.8298,0.0,0,161.0788,26.3188,4.368,24.7992,False,24.5,0,0.0,0.0
google,2500,10,linear,True,False,10.0,0.4,0.3,0.3,0,auto,Consolidation,-,0,0.3333333333333333,E23,26.96,157.72,39,2.318511,83.97,0.0,0.0,0,25.4788,4.2088,42.519,24.7992,False,24.5,0,0.0,0.0
google,2500,10,linear,True,False,10.0,0.4,0.3,0.3,0,auto,Greedy(EDF+greenest),-,0,0.3333333333333333,E23,26.96,157.72,39,2.184082,84.8994,5.7981,0.0,0,27.0288,4.403,30.173,41.3637,False,26.0,0,0.0003,0.0
google,2500,10,linear,True,False,10.0,0.4,0.3,0.3,0,auto,VCC(Google),-,0,0.3333333333333333,E23,26.96,157.72,39,2.20438,84.7591,4.9226,0.0,0,24.4288,4.0513,52.836,0.0,True,24.5,0,0.0094,0.0
google,2500,10,linear,True,False,10.0,0.4,0.3,0.3,0,auto,Threshold(WaitAwhile),-,0,0.3333333333333333,E23,26.96,157.72,39,2.332586,83.8727,-0.6071,0.0,0,25.9288,4.238,40.344,24.7992,False,25.5,0,0.0366,0.0
google,2000,20,linear,True,False,10.0,0.4,0.3,0.3,0,0.5,WOA,random,15,0.3333333333333333,E23,21.23,126.13,38,3.113532,74.5095,3.57,0.0,0,34.0597,5.8321,25.345,0.0,True,24.5,4840,4.4907,3.42
google,2000,20,linear,True,False,10.0,0.4,0.3,0.3,0,0.5,WOA,carbon,1,0.3333333333333333,E23,21.23,126.13,38,3.073787,74.8349,4.8009,0.0,0,33.9597,5.7946,25.741,0.0,True,24.5,4840,4.4132,3.38
google,2000,20,linear,True,False,10.0,0.4,0.3,0.3,0,0.5,WOA,carbon,2,0.3333333333333333,E23,21.23,126.13,38,3.088848,74.7116,4.3345,0.0,0,34.0097,5.811,25.545,0.0,True,24.5,4840,4.3222,3.09
google,2000,20,linear,True,False,10.0,0.4,0.3,0.3,0,0.5,WOA,carbon,3,0.3333333333333333,E23,21.23,126.13,38,3.069264,74.872,4.941,0.0,0,33.9597,5.789,25.741,0.0,True,24.5,4840,4.2464,3.32
google,2000,20,linear,True,False,10.0,0.4,0.3,0.3,0,0.5,WOA,carbon,4,0.3333333333333333,E23,21.23,126.13,38,3.096701,74.6473,4.0912,0.0,0,33.9597,5.8032,25.741,0.0,True,24.5,4840,4.3394,3.34
google,2000,20,linear,True,False,10.0,0.4,0.3,0.3,0,0.5,WOA,carbon,5,0.3333333333333333,E23,21.23,126.13,38,3.101693,74.6065,3.9366,0.0,0,34.0597,5.8174,25.348,0.0,True,24.5,4840,4.9194,3.25
google,2000,20,linear,True,False,10.0,0.4,0.3,0.3,0,0.5,WOA,carbon,6,0.3333333333333333,E23,21.23,126.13,38,3.075303,74.8225,4.754,0.0,0,33.9597,5.7952,25.741,0.0,True,24.5,4840,4.7455,3.35
google,2000,20,linear,True,False,10.0,0.4,0.3,0.3,0,0.5,WOA,carbon,7,0.3333333333333333,E23,21.23,126.13,38,3.096793,74.6466,4.0884,0.0,0,33.9597,5.8117,25.741,0.0,True,24.5,4840,4.3389,3.29
google,2000,20,linear,True,False,10.0,0.4,0.3,0.3,0,0.5,WOA,carbon,8,0.3333333333333333,E23,21.23,126.13,38,3.093319,74.675,4.196,0.0,0,34.0097,5.8051,25.547,0.0,True,24.5,4840,4.4494,3.63
google,2000,20,linear,True,False,10.0,0.4,0.3,0.3,0,0.5,WOA,carbon,9,0.3333333333333333,E23,21.23,126.13,38,3.085333,74.7404,4.4433,0.0,0,33.9597,5.7987,25.741,0.0,True,24.5,4840,4.4873,3.21
google,2000,20,linear,True,False,10.0,0.4,0.3,0.3,0,0.5,WOA,carbon,10,0.3333333333333333,E23,21.23,126.13,38,3.085207,74.7414,4.4472,0.0,0,33.9597,5.7948,25.741,0.0,True,24.5,4840,4.3339,3.15
google,2000,20,linear,True,False,10.0,0.4,0.3,0.3,0,0.5,WOA,carbon,11,0.3333333333333333,E23,21.23,126.13,38,3.10618,74.5697,3.7977,0.0,0,34.0597,5.8205,25.333,0.0,True,24.5,4840,4.3351,3.22
google,2000,20,linear,True,False,10.0,0.4,0.3,0.3,0,0.5,WOA,carbon,12,0.3333333333333333,E23,21.23,126.13,38,3.08932,74.7078,4.3199,0.0,0,33.9597,5.8038,25.741,0.0,True,24.5,4840,4.4039,3.37
google,2000,20,linear,True,False,10.0,0.4,0.3,0.3,0,0.5,WOA,carbon,13,0.3333333333333333,E23,21.23,126.13,38,3.116769,74.483,3.4697,0.0,0,34.1597,5.8362,24.947,0.0,True,24.5,4840,5.0452,3.18
google,2000,20,linear,True,False,10.0,0.4,0.3,0.3,0,0.5,WOA,carbon,14,0.3333333333333333,E23,21.23,126.13,38,3.093818,74.6709,4.1805,0.0,0,33.9597,5.805,25.741,0.0,True,24.5,4840,4.7732,3.4
google,2000,20,linear,True,False,10.0,0.4,0.3,0.3,0,0.5,WOA,carbon,15,0.3333333333333333,E23,21.23,126.13,38,3.094864,74.6624,4.1481,0.0,0,34.0097,5.8096,25.546,0.0,True,24.5,4840,4.3761,3.25
google,2500,10,linear,True,False,10.0,0.4,0.3,0.3,0,0.25,WOA,carbon,15,0.3333333333333333,E23,26.96,157.72,39,1.962067,86.3789,9.4449,0.0,0,22.2288,3.7002,70.059,0.0,True,26.5,4840,5.2355,3.99
google,2500,10,linear,True,False,10.0,0.4,0.3,0.3,0,0.5,FIFO,-,0,0.3333333333333333,E23,26.96,157.72,39,14.528111,0.0,-481.6221,0.0,0,161.7288,26.4313,4.282,24.7992,False,24.5,0,0.0,0.0
google,2500,10,linear,True,False,10.0,0.4,0.3,0.3,0,0.5,Consolidation,-,0,0.3333333333333333,E23,26.96,157.72,39,2.497861,82.8067,0.0,0.0,0,27.3788,4.5538,38.211,24.7992,False,24.5,0,0.0,0.0
google,2500,10,linear,True,False,10.0,0.4,0.3,0.3,0,0.5,Greedy(EDF+greenest),-,0,0.3333333333333333,E23,26.96,157.72,39,2.398632,83.4897,3.9725,0.0,0,29.2288,4.793,27.11,41.3637,False,26.0,0,0.0003,0.0
google,2500,10,linear,True,False,10.0,0.4,0.3,0.3,0,0.5,VCC(Google),-,0,0.3333333333333333,E23,26.96,157.72,39,2.35668,83.7785,5.6521,0.0,0,26.0288,4.3513,48.937,0.0,True,24.5,0,0.0096,0.0
google,2500,10,linear,True,False,10.0,0.4,0.3,0.3,0,0.5,Threshold(WaitAwhile),-,0,0.3333333333333333,E23,26.96,157.72,39,2.519336,82.6589,-0.8597,0.0,0,27.8788,4.5905,36.703,24.7992,False,25.5,0,0.0373,0.0
google,2500,10,linear,True,False,10.0,0.4,0.3,0.3,0,0.5,WOA,random,1,0.3333333333333333,E23,26.96,157.72,39,2.311676,84.0883,7.4538,0.0,0,25.4288,4.289,56.213,0.0,True,26.0,4840,5.2461,4.49
google,2500,10,linear,True,False,10.0,0.4,0.3,0.3,0,0.5,WOA,random,2,0.3333333333333333,E23,26.96,157.72,39,2.325405,83.9938,6.9042,0.0,0,25.6288,4.3148,54.132,0.0,True,25.5,4840,5.3261,3.91
google,2500,10,linear,True,False,10.0,0.4,0.3,0.3,0,0,WOA,random,4,0.3333333333333333,E23,26.96,157.72,39,1.803215,87.384,4.5545,0.0,0,20.7788,3.4356,82.182,0.0,True,27.5,4840,5.0644,4.35
google,2500,10,linear,True,False,10.0,0.4,0.3,0.3,0,0,WOA,random,5,0.3333333333333333,E23,26.96,157.72,39,1.797028,87.4273,4.8819,0.0,0,20.8288,3.4304,82.913,0.0,True,27.5,4840,5.2571,4.14
google,2500,10,linear,True,False,10.0,0.4,0.3,0.3,0,0,WOA,random,6,0.3333333333333333,E23,26.96,157.72,39,1.805499,87.368,4.4336,0.0,0,20.7788,3.4041,80.908,0.0,True,27.5,4840,5.8562,4.1
google,2500,10,linear,True,False,10.0,0.4,0.3,0.3,0,0,WOA,random,7,0.3333333333333333,E23,26.96,157.72,39,1.804779,87.3731,4.4717,0.0,0,20.8788,3.4513,80.578,0.0,True,27.5,4840,5.4085,3.91
google,2500,10,linear,True,False,10.0,0.4,0.3,0.3,0,0,WOA,random,8,0.3333333333333333,E23,26.96,157.72,39,1.795952,87.4348,4.9389,0.0,0,20.7788,3.4213,80.716,0.0,True,28.0,4840,5.1274,4.08
google,2500,10,linear,True,False,10.0,0.4,0.3,0.3,0,0,WOA,random,9,0.3333333333333333,E23,26.96,157.72,39,1.810054,87.3362,4.1925,0.0,0,20.8288,3.4488,83.198,0.0,True,27.5,4840,5.1717,4.03
google,2500,10,linear,True,False,10.0,0.4,0.3,0.3,0,0,WOA,random,10,0.3333333333333333,E23,26.96,157.72,39,1.802606,87.3883,4.5867,0.0,0,20.7288,3.4122,81.87,0.0,True,27.5,4840,5.2153,3.97
google,2500,10,linear,True,False,10.0,0.4,0.3,0.3,0,0,WOA,random,11,0.3333333333333333,E23,26.96,157.72,39,1.794115,87.4477,5.0362,0.0,0,20.7788,3.4401,81.675,0.0,True,27.5,4840,5.2296,3.91
google,2500,10,linear,True,False,10.0,0.4,0.3,0.3,0,0.25,Greedy(EDF+greenest),-,0,0.3333333333333333,E23,26.96,157.72,39,1.991582,86.174,8.0827,0.0,0,25.0288,4.0505,33.086,41.3637,False,26.0,0,0.0003,0.0
google,2500,10,linear,True,False,10.0,0.4,0.3,0.3,0,0.25,VCC(Google),-,0,0.3333333333333333,E23,26.96,157.72,39,2.07968,85.5625,4.0167,0.0,0,23.0788,3.8038,56.418,0.0,True,24.5,0,0.01,0.0
google,2500,10,linear,True,False,10.0,0.4,0.3,0.3,0,0.25,Threshold(WaitAwhile),-,0,0.3333333333333333,E23,26.96,157.72,39,2.165536,84.9664,0.0542,0.0,0,24.1788,3.923,44.306,24.7992,False,25.5,0,0.0379,0.0
google,2500,10,linear,True,False,10.0,0.4,0.3,0.3,0,0.25,WOA,random,1,0.3333333333333333,E23,26.96,157.72,39,1.960674,86.3886,9.5092,0.0,0,22.2788,3.6939,69.619,0.0,True,27.0,4840,5.3987,3.95
google,2500,10,linear,True,False,10.0,0.4,0.3,0.3,0,0.25,WOA,random,2,0.3333333333333333,E23,26.96,157.72,39,1.963769,86.3671,9.3663,0.0,0,22.2288,3.6902,71.019,0.0,True,27.0,4840,5.203,4.24
google,2500,10,linear,True,False,10.0,0.4,0.3,0.3,0,0.25,WOA,random,3,0.3333333333333333,E23,26.96,157.72,39,1.939738,86.534,10.4755,0.0,0,21.8788,3.6386,73.438,0.0,True,25.5,4840,5.1923,4.16
google,2500,10,linear,True,False,10.0,0.4,0.3,0.3,0,0.25,WOA,random,4,0.3333333333333333,E23,26.96,157.72,39,1.954567,86.431,9.7911,0.0,0,22.1788,3.6747,70.815,0.0,True,26.5,4840,5.2741,4.08
google,2500,10,linear,True,False,10.0,0.4,0.3,0.3,0,0.25,WOA,random,5,0.3333333333333333,E23,26.96,157.72,39,1.967228,86.3431,9.2067,0.0,0,22.0788,3.658,71.907,0.0,True,26.5,4840,5.3362,4.05
google,2500,10,linear,True,False,10.0,0.4,0.3,0.3,0,0,WOA,random,12,0.3333333333333333,E23,26.96,157.72,39,1.794302,87.4464,5.0262,0.0,0,20.7788,3.4214,82.537,0.0,True,27.5,4840,5.0998,4.28
google,2500,10,linear,True,False,10.0,0.4,0.3,0.3,0,0,WOA,random,13,0.3333333333333333,E23,26.96,157.72,39,1.817517,87.284,3.7974,0.0,0,20.8788,3.4302,78.36,0.0,True,28.5,4840,5.497,4.1
google,2500,10,linear,True,False,10.0,0.4,0.3,0.3,0,0,WOA,random,14,0.3333333333333333,E23,26.96,157.72,39,1.803724,87.3805,4.5275,0.0,0,20.8288,3.4542,81.408,0.0,True,28.0,4840,5.8884,4.12
google,2500,10,linear,True,False,10.0,0.4,0.3,0.3,0,0,WOA,random,15,0.3333333333333333,E23,26.96,157.72,39,1.802309,87.3904,4.6024,0.0,0,20.8288,3.4493,79.997,0.0,True,27.5,4840,5.25,4.1
google,2500,10,linear,True,False,10.0,0.4,0.3,0.3,0,0,WOA,carbon,1,0.3333333333333333,E23,26.96,157.72,39,1.781183,87.5382,5.7207,0.0,0,20.8288,3.412,80.924,0.0,True,28.5,4840,5.1171,3.59
google,2500,10,linear,True,False,10.0,0.4,0.3,0.3,0,0,WOA,carbon,2,0.3333333333333333,E23,26.96,157.72,39,1.793474,87.4522,5.0701,0.0,0,20.9288,3.4484,79.986,0.0,True,27.5,4840,5.158,3.95
google,2500,10,linear,True,False,10.0,0.4,0.3,0.3,0,0,WOA,carbon,3,0.3333333333333333,E23,26.96,157.72,39,1.771691,87.6046,6.223,0.0,0,20.8288,3.4527,80.672,0.0,True,27.0,4840,5.1885,4.14
google,2500,10,linear,True,False,10.0,0.4,0.3,0.3,0,0,WOA,carbon,4,0.3333333333333333,E23,26.96,157.72,39,1.81675,87.2893,3.838,0.0,0,20.8788,3.4511,81.726,0.0,True,27.5,4840,5.1618,4.05
google,2500,10,linear,True,False,10.0,0.4,0.3,0.3,0,0,WOA,carbon,5,0.3333333333333333,E23,26.96,157.72,39,1.77545,87.5783,6.0241,0.0,0,20.6788,3.4073,83.363,0.0,True,27.5,4840,5.0858,4.18
google,2500,10,linear,True,False,10.0,0.4,0.3,0.3,0,0,WOA,carbon,6,0.3333333333333333,E23,26.96,157.72,39,1.768618,87.6261,6.3857,0.0,0,20.8788,3.4186,78.753,0.0,True,27.5,4840,5.4432,3.93
google,2500,10,linear,True,False,10.0,0.4,0.3,0.3,0,0,WOA,carbon,7,0.3333333333333333,E23,26.96,157.72,39,1.814298,87.3065,3.9678,0.0,0,20.9288,3.4692,78.705,0.0,True,28.0,4840,5.8946,3.93
google,2500,10,linear,True,False,10.0,0.4,0.3,0.3,0,0,WOA,carbon,8,0.3333333333333333,E23,26.96,157.72,39,1.771203,87.608,6.2489,0.0,0,20.7788,3.4044,81.112,0.0,True,28.0,4840,5.0967,3.87
google,2500,10,linear,True,False,10.0,0.4,0.3,0.3,0,0,WOA,carbon,9,0.3333333333333333,E23,26.96,157.72,39,1.779636,87.549,5.8025,0.0,0,20.7788,3.4064,81.133,0.0,True,28.0,4840,5.1086,4.29
google,2500,10,linear,True,False,10.0,0.4,0.3,0.3,0,0,WOA,carbon,10,0.3333333333333333,E23,26.96,157.72,39,1.802449,87.3894,4.595,0.0,0,20.8788,3.4499,80.151,0.0,True,28.0,4840,5.1403,4.05
google,2500,10,linear,True,False,10.0,0.4,0.3,0.3,0,0,WOA,carbon,11,0.3333333333333333,E23,26.96,157.72,39,1.787688,87.4927,5.3763,0.0,0,20.7288,3.4345,84.544,0.0,True,27.0,4840,5.2182,4.12
google,2500,10,linear,True,False,10.0,0.4,0.3,0.3,0,0,WOA,carbon,12,0.3333333333333333,E23,26.96,157.72,39,1.806232,87.3629,4.3948,0.0,0,20.8288,3.4341,81.405,0.0,True,27.0,4840,5.1334,4.49
google,2500,10,linear,True,False,10.0,0.4,0.3,0.3,0,auto,WOA,carbon,10,0.3333333333333333,E23,26.96,157.72,39,2.118267,85.3545,8.6367,0.0,0,23.7288,3.9734,62.743,0.0,True,26.5,4840,5.4099,3.97
google,2500,10,linear,True,False,10.0,0.4,0.3,0.3,0,auto,WOA,carbon,11,0.3333333333333333,E23,26.96,157.72,39,2.096816,85.5028,9.562,0.0,0,23.6788,3.9796,62.431,0.0,True,26.0,4840,5.1478,4.39
google,2500,10,linear,True,False,10.0,0.4,0.3,0.3,0,auto,WOA,carbon,12,0.3333333333333333,E23,26.96,157.72,39,2.122766,85.3233,8.4427,0.0,0,23.6788,3.9511,63.228,0.0,True,26.5,4840,5.1745,4.12
google,2500,10,linear,True,False,10.0,0.4,0.3,0.3,0,auto,WOA,carbon,13,0.3333333333333333,E23,26.96,157.72,39,2.119909,85.3431,8.5659,0.0,0,23.7288,3.9733,62.138,0.0,True,26.0,4840,5.2742,4.05
google,2500,10,linear,True,False,10.0,0.4,0.3,0.3,0,auto,WOA,carbon,14,0.3333333333333333,E23,26.96,157.72,39,2.089995,85.5499,9.8562,0.0,0,23.4788,3.9309,64.567,0.0,True,26.0,4840,5.2403,4.12
google,2500,10,linear,True,False,10.0,0.4,0.3,0.3,0,auto,WOA,carbon,15,0.3333333333333333,E23,26.96,157.72,39,2.110901,85.4054,8.9545,0.0,0,23.9788,4.0126,60.344,0.0,True,26.5,4840,5.2077,4.47
google,2500,10,linear,True,False,10.0,0.4,0.3,0.3,0,0.25,FIFO,-,0,0.3333333333333333,E23,26.96,157.72,39,14.404661,0.0,-564.8169,0.0,0,160.4788,26.2138,4.477,24.7992,False,24.5,0,0.0,0.0
google,2500,10,linear,True,False,10.0,0.4,0.3,0.3,0,0.25,Consolidation,-,0,0.3333333333333333,E23,26.96,157.72,39,2.166711,84.9583,0.0,0.0,0,23.8288,3.9163,46.851,24.7992,False,24.5,0,0.0,0.0
google,2500,10,linear,True,False,10.0,0.4,0.3,0.3,0,auto,WOA,random,1,0.3333333333333333,E23,26.96,157.72,39,2.138764,85.2127,7.7527,0.0,0,23.7288,3.9678,62.888,0.0,True,26.5,4840,5.6859,4.03
google,2500,10,linear,True,False,10.0,0.4,0.3,0.3,0,auto,WOA,random,2,0.3333333333333333,E23,26.96,157.72,39,2.134262,85.2439,7.9469,0.0,0,23.6788,3.9621,62.618,0.0,True,26.0,4840,6.3358,3.91
google,2500,10,linear,True,False,10.0,0.4,0.3,0.3,0,auto,WOA,random,3,0.3333333333333333,E23,26.96,157.72,39,2.094308,85.5201,9.6701,0.0,0,23.3788,3.9247,64.715,0.0,True,25.5,4840,5.6243,4.18
google,2500,10,linear,True,False,10.0,0.4,0.3,0.3,0,auto,WOA,random,4,0.3333333333333333,E23,26.96,157.72,39,2.116495,85.3667,8.7132,0.0,0,23.6288,3.951,63.841,0.0,True,26.5,4840,5.4366,4.03
google,2500,10,linear,True,False,10.0,0.4,0.3,0.3,0,auto,WOA,random,5,0.3333333333333333,E23,26.96,157.72,39,2.142576,85.1864,7.5883,0.0,0,23.7788,3.9747,62.376,0.0,True,26.5,4840,5.5095,4.14
google,2500,10,linear,True,False,10.0,0.4,0.3,0.3,0,auto,WOA,random,6,0.3333333333333333,E23,26.96,157.72,39,2.111584,85.4007,8.925,0.0,0,23.4788,3.9268,64.586,0.0,True,26.0,4840,5.5275,4.22
google,2500,10,linear,True,False,10.0,0.4,0.3,0.3,0,auto,WOA,random,7,0.3333333333333333,E23,26.96,157.72,39,2.144006,85.1765,7.5266,0.0,0,23.7788,3.9842,62.374,0.0,True,26.5,4840,5.5208,3.93
google,2500,10,linear,True,False,10.0,0.4,0.3,0.3,0,auto,WOA,random,8,0.3333333333333333,E23,26.96,157.72,39,2.127411,85.2912,8.2424,0.0,0,23.6288,3.9505,63.082,0.0,True,26.0,4840,5.4798,4.22
google,2500,10,linear,True,False,10.0,0.4,0.3,0.3,0,auto,WOA,random,9,0.3333333333333333,E23,26.96,157.72,39,2.112764,85.3925,8.8741,0.0,0,23.5288,3.9356,64.071,0.0,True,26.0,4840,6.0278,4.18
google,2500,10,linear,True,False,10.0,0.4,0.3,0.3,0,auto,WOA,random,10,0.3333333333333333,E23,26.96,157.72,39,2.083214,85.5968,10.1486,0.0,0,23.2288,3.8838,66.461,0.0,True,25.5,4840,5.3993,4.08
google,2500,10,linear,True,False,10.0,0.4,0.3,0.3,0,auto,WOA,random,11,0.3333333333333333,E23,26.96,157.72,39,2.116599,85.366,8.7087,0.0,0,23.5288,3.9491,64.308,0.0,True,26.5,4840,5.2244,4.1
google,2500,10,linear,True,False,10.0,0.4,0.3,0.3,0,auto,WOA,random,12,0.3333333333333333,E23,26.96,157.72,39,2.122021,85.3285,8.4748,0.0,0,23.5788,3.9419,63.621,0.0,True,26.0,4840,5.1802,3.99
google,2500,10,linear,True,False,10.0,0.4,0.3,0.3,0,auto,WOA,random,13,0.3333333333333333,E23,26.96,157.72,39,2.129985,85.2734,8.1313,0.0,0,23.6788,3.9647,63.402,0.0,True,26.5,4840,5.3156,4.07
google,2500,10,linear,True,False,10.0,0.4,0.3,0.3,0,auto,WOA,random,14,0.3333333333333333,E23,26.96,157.72,39,2.119659,85.3448,8.5767,0.0,0,23.5788,3.9544,64.158,0.0,True,26.5,4840,5.2551,4.03
google,2500,10,linear,True,False,10.0,0.4,0.3,0.3,0,auto,WOA,random,15,0.3333333333333333,E23,26.96,157.72,39,2.120366,85.3399,8.5462,0.0,0,23.5788,3.9476,64.114,0.0,True,26.5,4840,5.2259,4.31
google,2500,10,linear,True,False,10.0,0.4,0.3,0.3,0,auto,WOA,carbon,1,0.3333333333333333,E23,26.96,157.72,39,2.119564,85.3455,8.5808,0.0,0,23.5288,3.9402,62.976,0.0,True,25.0,4840,5.1838,3.95
google,2500,10,linear,True,False,10.0,0.4,0.3,0.3,0,auto,WOA,carbon,2,0.3333333333333333,E23,26.96,157.72,39,2.121306,85.3334,8.5057,0.0,0,23.5288,3.9404,64.485,0.0,True,26.5,4840,5.9331,4.03
google,2500,10,linear,True,False,10.0,0.4,0.3,0.3,0,auto,WOA,carbon,3,0.3333333333333333,E23,26.96,157.72,39,2.128567,85.2832,8.1925,0.0,0,23.7288,3.9695,61.251,0.0,True,25.5,4840,5.3071,4.12
google,2500,10,linear,True,False,10.0,0.4,0.3,0.3,0,auto,WOA,carbon,4,0.3333333333333333,E23,26.96,157.72,39,2.117413,85.3604,8.6736,0.0,0,23.5788,3.9492,63.629,0.0,True,26.0,4840,5.176,4.03
google,2500,10,linear,True,False,10.0,0.4,0.3,0.3,0,auto,WOA,carbon,5,0.3333333333333333,E23,26.96,157.72,39,2.100629,85.4764,9.3975,0.0,0,23.3788,3.9266,64.95,0.0,True,25.5,4840,5.1913,4.24
google,2500,10,linear,True,False,10.0,0.4,0.3,0.3,0,auto,WOA,carbon,6,0.3333333333333333,E23,26.96,157.72,39,2.113755,85.3857,8.8313,0.0,0,23.5788,3.9567,63.563,0.0,True,26.0,4840,5.2665,4.1
google,2500,10,linear,True,False,10.0,0.4,0.3,0.3,0,auto,WOA,carbon,7,0.3333333333333333,E23,26.96,157.72,39,2.1266,85.2968,8.2774,0.0,0,23.8288,3.9907,62.059,0.0,True,26.5,4840,5.298,4.16
google,2500,10,linear,True,False,10.0,0.4,0.3,0.3,0,auto,WOA,carbon,8,0.3333333333333333,E23,26.96,157.72,39,2.111675,85.4,8.9211,0.0,0,23.5788,3.9437,63.462,0.0,True,26.0,4840,5.2003,3.99
google,2500,10,linear,True,False,10.0,0.4,0.3,0.3,0,auto,WOA,carbon,9,0.3333333333333333,E23,26.96,157.72,39,2.110754,85.4064,8.9608,0.0,0,23.5288,3.9421,64.131,0.0,True,26.0,4840,5.2355,4.18
google,2500,10,linear,True,False,10.0,0.4,0.3,0.3,0,0.25,WOA,random,6,0.3333333333333333,E23,26.96,157.72,39,1.972611,86.3057,8.9583,0.0,0,22.3288,3.696,69.481,0.0,True,27.0,4840,5.2297,3.93
google,2500,10,linear,True,False,10.0,0.4,0.3,0.3,0,0.25,WOA,random,7,0.3333333333333333,E23,26.96,157.72,39,1.984679,86.222,8.4013,0.0,0,22.2288,3.6913,70.164,0.0,True,27.0,4840,5.2269,4.05
google,2500,10,linear,True,False,10.0,0.4,0.3,0.3,0,0.25,WOA,random,8,0.3333333333333333,E23,26.96,157.72,39,1.957808,86.4085,9.6415,0.0,0,22.1788,3.6744,71.555,0.0,True,27.0,4840,5.2006,3.97
google,2500,10,linear,True,False,10.0,0.4,0.3,0.3,0,0.25,WOA,random,9,0.3333333333333333,E23,26.96,157.72,39,1.97242,86.3071,8.9671,0.0,0,22.1788,3.69,70.564,0.0,True,26.0,4840,5.323,4.05
google,2500,10,linear,True,False,10.0,0.4,0.3,0.3,0,0.25,WOA,random,10,0.3333333333333333,E23,26.96,157.72,39,1.922213,86.6556,11.2843,0.0,0,21.6788,3.5941,76.269,0.0,True,25.5,4840,5.2718,4.08
google,2500,10,linear,True,False,10.0,0.4,0.3,0.3,0,0.25,WOA,random,11,0.3333333333333333,E23,26.96,157.72,39,1.949926,86.4632,10.0053,0.0,0,22.0288,3.6624,72.117,0.0,True,26.5,4840,5.2433,4.28
google,2500,10,linear,True,False,10.0,0.4,0.3,0.3,0,0.25,WOA,random,12,0.3333333333333333,E23,26.96,157.72,39,1.956902,86.4148,9.6833,0.0,0,22.1288,3.665,71.465,0.0,True,26.5,4840,5.3091,4.31
google,2500,10,linear,True,False,10.0,0.4,0.3,0.3,0,0.25,WOA,random,13,0.3333333333333333,E23,26.96,157.72,39,1.977735,86.2702,8.7218,0.0,0,22.2288,3.6856,69.74,0.0,True,26.5,4840,5.4557,3.99
google,2500,10,linear,True,False,10.0,0.4,0.3,0.3,0,0.25,WOA,random,14,0.3333333333333333,E23,26.96,157.72,39,1.965331,86.3563,9.2943,0.0,0,22.1788,3.677,71.228,0.0,True,27.0,4840,5.2113,4.11
google,2500,10,linear,True,False,10.0,0.4,0.3,0.3,0,0.25,WOA,random,15,0.3333333333333333,E23,26.96,157.72,39,1.959614,86.396,9.5581,0.0,0,21.9788,3.6533,71.949,0.0,True,25.5,4840,5.2124,3.87
google,2500,10,linear,True,False,10.0,0.4,0.3,0.3,0,0.25,WOA,carbon,1,0.3333333333333333,E23,26.96,157.72,39,1.95436,86.4324,9.8006,0.0,0,22.2788,3.6917,69.649,0.0,True,26.5,4840,5.205,4.05
google,2500,10,linear,True,False,10.0,0.4,0.3,0.3,0,0.25,WOA,carbon,2,0.3333333333333333,E23,26.96,157.72,39,1.961971,86.3796,9.4494,0.0,0,22.0788,3.6709,72.36,0.0,True,26.5,4840,5.253,4.43
google,2500,10,linear,True,False,10.0,0.4,0.3,0.3,0,0.25,WOA,carbon,3,0.3333333333333333,E23,26.96,157.72,39,1.95327,86.44,9.8509,0.0,0,22.1288,3.6816,71.439,0.0,True,26.5,4840,5.1887,4.1
google,2500,10,linear,True,False,10.0,0.4,0.3,0.3,0,0.25,WOA,carbon,4,0.3333333333333333,E23,26.96,157.72,39,1.967277,86.3428,9.2044,0.0,0,22.1288,3.679,70.862,0.0,True,26.5,4840,5.1946,3.97
google,2500,10,linear,True,False,10.0,0.4,0.3,0.3,0,0.25,WOA,carbon,5,0.3333333333333333,E23,26.96,157.72,39,1.95209,86.4482,9.9054,0.0,0,22.0788,3.6789,71.866,0.0,True,26.0,4840,5.3006,4.22
google,2500,10,linear,True,False,10.0,0.4,0.3,0.3,0,0.25,WOA,carbon,6,0.3333333333333333,E23,26.96,157.72,39,1.956073,86.4206,9.7215,0.0,0,22.1788,3.6799,70.513,0.0,True,26.5,4840,5.3305,4.24
google,2500,10,linear,True,False,10.0,0.4,0.3,0.3,0,0.5,WOA,carbon,12,0.3333333333333333,E23,26.96,157.72,39,2.281341,84.2971,8.6682,0.0,0,25.2288,4.2493,57.094,0.0,True,25.5,4840,5.1903,4.01
google,2500,10,linear,True,False,10.0,0.4,0.3,0.3,0,0.5,WOA,carbon,13,0.3333333333333333,E23,26.96,157.72,39,2.302528,84.1512,7.82,0.0,0,25.5288,4.2942,56.295,0.0,True,26.5,4840,5.2672,4.05
google,2500,10,linear,True,False,10.0,0.4,0.3,0.3,0,0.5,WOA,carbon,14,0.3333333333333333,E23,26.96,157.72,39,2.310304,84.0977,7.5087,0.0,0,25.4288,4.2859,55.432,0.0,True,25.5,4840,5.3395,4.37
google,2500,10,linear,True,False,10.0,0.4,0.3,0.3,0,0.5,WOA,carbon,15,0.3333333333333333,E23,26.96,157.72,39,2.301874,84.1557,7.8462,0.0,0,25.7788,4.3259,53.629,0.0,True,26.0,4840,5.3267,4.08
google,2500,20,linear,True,False,10.0,0.4,0.3,0.3,0,0,FIFO,-,0,0.3333333333333333,E23,26.96,157.72,39,14.293111,0.0,-656.5451,0.0,0,159.2788,25.9888,5.373,4.4109,False,24.5,0,0.0,0.0
google,2500,20,linear,True,False,10.0,0.4,0.3,0.3,0,0,Consolidation,-,0,0.3333333333333333,E23,26.96,157.72,39,1.889261,86.782,0.0,0.0,0,20.8788,3.3988,66.243,4.4109,False,24.5,0,0.0,0.0
google,2500,20,linear,True,False,10.0,0.4,0.3,0.3,0,0,Greedy(EDF+greenest),-,0,0.3333333333333333,E23,26.96,157.72,39,1.518432,89.3765,19.6282,0.0,0,20.3288,3.2405,74.25,16.0018,False,26.0,0,0.0003,0.0
google,2500,20,linear,True,False,10.0,0.4,0.3,0.3,0,0,VCC(Google),-,0,0.3333333333333333,E23,26.96,157.72,39,1.887128,86.7969,0.1129,0.0,0,20.8788,3.3988,68.617,0.0,True,24.5,0,0.0083,0.0
google,2500,10,linear,True,False,10.0,0.4,0.3,0.3,0,0.25,WOA,carbon,7,0.3333333333333333,E23,26.96,157.72,39,1.935983,86.56,10.6487,0.0,0,22.1788,3.6803,70.892,0.0,True,27.0,4840,5.1579,4.18
google,2500,10,linear,True,False,10.0,0.4,0.3,0.3,0,0.25,WOA,carbon,8,0.3333333333333333,E23,26.96,157.72,39,1.957003,86.4141,9.6786,0.0,0,22.1788,3.6866,70.248,0.0,True,26.0,4840,5.137,4.37
google,2500,10,linear,True,False,10.0,0.4,0.3,0.3,0,0.25,WOA,carbon,9,0.3333333333333333,E23,26.96,157.72,39,1.962665,86.3748,9.4173,0.0,0,22.1288,3.6679,71.737,0.0,True,27.0,4840,5.2688,3.97
google,2500,10,linear,True,False,10.0,0.4,0.3,0.3,0,0.25,WOA,carbon,10,0.3333333333333333,E23,26.96,157.72,39,1.945308,86.4953,10.2184,0.0,0,22.1288,3.6752,71.513,0.0,True,26.5,4840,5.2206,4.24
google,2500,10,linear,True,False,10.0,0.4,0.3,0.3,0,0.25,WOA,carbon,11,0.3333333333333333,E23,26.96,157.72,39,1.936732,86.5548,10.6142,0.0,0,22.1288,3.6946,71.127,0.0,True,26.0,4840,5.1617,4.43
google,2500,10,linear,True,False,10.0,0.4,0.3,0.3,0,0.25,WOA,carbon,12,0.3333333333333333,E23,26.96,157.72,39,1.943362,86.5088,10.3082,0.0,0,22.1288,3.6784,71.398,0.0,True,26.5,4840,5.2173,3.97
google,2500,10,linear,True,False,10.0,0.4,0.3,0.3,0,0.25,WOA,carbon,13,0.3333333333333333,E23,26.96,157.72,39,1.961839,86.3805,9.4554,0.0,0,22.2288,3.677,69.301,0.0,True,26.0,4840,5.4501,3.89
google,2500,10,linear,True,False,10.0,0.4,0.3,0.3,0,0.25,WOA,carbon,14,0.3333333333333333,E23,26.96,157.72,39,1.960773,86.3879,9.5047,0.0,0,22.1788,3.6736,71.313,0.0,True,27.0,4840,5.2617,4.49
google,2500,20,linear,True,False,10.0,0.4,0.3,0.3,0,auto,Consolidation,-,0,0.3333333333333333,E23,26.96,157.72,39,2.318511,83.97,0.0,0.0,0,25.4788,4.2088,42.519,4.4109,False,24.5,0,0.0,0.0
google,2500,20,linear,True,False,10.0,0.4,0.3,0.3,0,auto,Greedy(EDF+greenest),-,0,0.3333333333333333,E23,26.96,157.72,39,2.184082,84.8994,5.7981,0.0,0,27.0288,4.403,30.173,16.0018,False,26.0,0,0.0002,0.0
google,2500,20,linear,True,False,10.0,0.4,0.3,0.3,0,auto,VCC(Google),-,0,0.3333333333333333,E23,26.96,157.72,39,2.291628,84.1559,1.1595,0.0,0,25.2288,4.1713,45.301,0.0,True,24.5,0,0.0083,0.0
google,2500,20,linear,True,False,10.0,0.4,0.3,0.3,0,auto,Threshold(WaitAwhile),-,0,0.3333333333333333,E23,26.96,157.72,39,2.332586,83.8727,-0.6071,0.0,0,25.9288,4.238,40.344,4.4109,False,25.5,0,0.037,0.0
google,2500,20,linear,True,False,10.0,0.4,0.3,0.3,0,auto,WOA,random,1,0.3333333333333333,E23,26.96,157.72,39,2.132177,85.2583,8.0368,0.0,0,23.6788,3.9597,63.2,0.0,True,26.5,4840,5.4718,4.03
google,2500,20,linear,True,False,10.0,0.4,0.3,0.3,0,auto,WOA,random,2,0.3333333333333333,E23,26.96,157.72,39,2.121174,85.3344,8.5113,0.0,0,23.5788,3.9399,63.559,0.0,True,26.0,4840,5.3938,4.26
google,2500,20,linear,True,False,10.0,0.4,0.3,0.3,0,auto,WOA,random,3,0.3333333333333333,E23,26.96,157.72,39,2.094477,85.5189,9.6628,0.0,0,23.3788,3.9253,64.743,0.0,True,25.5,4840,5.3619,4.28
google,2500,20,linear,True,False,10.0,0.4,0.3,0.3,0,auto,WOA,random,4,0.3333333333333333,E23,26.96,157.72,39,2.081052,85.6118,10.2419,0.0,0,23.1788,3.8897,66.766,0.0,True,25.5,4840,5.3211,4.2
google,2500,20,linear,True,False,10.0,0.4,0.3,0.3,0,auto,WOA,carbon,14,0.3333333333333333,E23,26.96,157.72,39,2.108488,85.4221,9.0585,0.0,0,23.9288,4.0165,60.916,0.0,True,26.5,4840,5.3315,4.22
google,2500,20,linear,True,False,10.0,0.4,0.3,0.3,0,auto,WOA,carbon,15,0.3333333333333333,E23,26.96,157.72,39,2.080418,85.6161,10.2692,0.0,0,23.7788,3.9601,61.035,0.0,True,25.5,4840,5.3108,3.97
google,2500,20,linear,True,False,10.0,0.4,0.3,0.3,0,0.25,FIFO,-,0,0.3333333333333333,E23,26.96,157.72,39,14.528111,0.0,-481.6221,0.0,0,161.7288,26.4313,4.282,4.4109,False,24.5,0,0.0,0.0
google,2500,20,linear,True,False,10.0,0.4,0.3,0.3,0,0.25,Consolidation,-,0,0.3333333333333333,E23,26.96,157.72,39,2.497861,82.8067,0.0,0.0,0,27.3788,4.5538,38.211,4.4109,False,24.5,0,0.0,0.0
google,2500,20,linear,True,False,10.0,0.4,0.3,0.3,0,0.25,Greedy(EDF+greenest),-,0,0.3333333333333333,E23,26.96,157.72,39,2.398632,83.4897,3.9725,0.0,0,29.2288,4.793,27.11,16.0018,False,26.0,0,0.0003,0.0
google,2500,20,linear,True,False,10.0,0.4,0.3,0.3,0,0.25,VCC(Google),-,0,0.3333333333333333,E23,26.96,157.72,39,2.465978,83.0262,1.2764,0.0,0,27.0788,4.5088,40.84,0.0,True,24.5,0,0.0085,0.0
google,2500,20,linear,True,False,10.0,0.4,0.3,0.3,0,0.25,Threshold(WaitAwhile),-,0,0.3333333333333333,E23,26.96,157.72,39,2.519336,82.6589,-0.8597,0.0,0,27.8788,4.5905,36.703,4.4109,False,25.5,0,0.0369,0.0
google,2500,20,linear,True,False,10.0,0.4,0.3,0.3,0,0.25,WOA,random,1,0.3333333333333333,E23,26.96,157.72,39,2.313872,84.0731,7.3659,0.0,0,25.4788,4.2925,55.942,0.0,True,26.0,4840,5.2465,4.24
google,2500,20,linear,True,False,10.0,0.4,0.3,0.3,0,0,Threshold(WaitAwhile),-,0,0.3333333333333333,E23,26.96,157.72,39,1.804386,87.3758,4.4925,0.0,0,20.6288,3.2855,73.815,4.4109,False,25.5,0,0.0366,0.0
google,2500,20,linear,True,False,10.0,0.4,0.3,0.3,0,0,WOA,random,1,0.3333333333333333,E23,26.96,157.72,39,1.771283,87.6074,6.2447,0.0,0,20.8288,3.4294,78.5,0.0,True,28.0,4840,5.1907,4.09
google,2500,20,linear,True,False,10.0,0.4,0.3,0.3,0,0,WOA,random,2,0.3333333333333333,E23,26.96,157.72,39,1.772803,87.5968,6.1642,0.0,0,20.8788,3.4386,76.461,0.0,True,28.5,4840,5.2357,4.3
google,2500,20,linear,True,False,10.0,0.4,0.3,0.3,0,0,WOA,random,3,0.3333333333333333,E23,26.96,157.72,39,1.778592,87.5563,5.8578,0.0,0,20.9288,3.4637,75.917,0.0,True,28.5,4840,5.3557,3.91
google,2500,20,linear,True,False,10.0,0.4,0.3,0.3,0,0,WOA,random,4,0.3333333333333333,E23,26.96,157.72,39,1.781162,87.5383,5.7218,0.0,0,20.8788,3.4557,77.656,0.0,True,28.0,4840,5.2485,4.2
google,2500,20,linear,True,False,10.0,0.4,0.3,0.3,0,0,WOA,random,5,0.3333333333333333,E23,26.96,157.72,39,1.785773,87.5061,5.4777,0.0,0,20.9788,3.4749,75.525,0.0,True,28.0,4840,5.3629,4.16
google,2500,20,linear,True,False,10.0,0.4,0.3,0.3,0,0,WOA,random,6,0.3333333333333333,E23,26.96,157.72,39,1.789562,87.4795,5.2771,0.0,0,20.9788,3.4671,75.092,0.0,True,28.5,4840,5.2447,4.47
google,2500,20,linear,True,False,10.0,0.4,0.3,0.3,0,0,WOA,random,7,0.3333333333333333,E23,26.96,157.72,39,1.773205,87.594,6.1429,0.0,0,20.7788,3.4058,81.714,0.0,True,27.5,4840,5.2152,4.14
google,2500,10,linear,True,False,10.0,0.4,0.3,0.3,0,0.5,WOA,random,3,0.3333333333333333,E23,26.96,157.72,39,2.268205,84.3875,9.1941,0.0,0,25.1288,4.2492,57.712,0.0,True,25.5,4840,5.2509,4.24
google,2500,10,linear,True,False,10.0,0.4,0.3,0.3,0,0.5,WOA,random,4,0.3333333333333333,E23,26.96,157.72,39,2.278449,84.317,8.784,0.0,0,25.1788,4.2398,57.345,0.0,True,25.5,4840,5.2362,4.74
google,2500,10,linear,True,False,10.0,0.4,0.3,0.3,0,0.5,WOA,random,5,0.3333333333333333,E23,26.96,157.72,39,2.313381,84.0765,7.3855,0.0,0,25.5288,4.2972,56.208,0.0,True,26.5,4840,5.3729,4.28
google,2500,10,linear,True,False,10.0,0.4,0.3,0.3,0,0.5,WOA,random,6,0.3333333333333333,E23,26.96,157.72,39,2.278923,84.3137,8.765,0.0,0,25.1788,4.2418,57.41,0.0,True,25.5,4840,5.4544,4.07
google,2500,10,linear,True,False,10.0,0.4,0.3,0.3,0,0.5,WOA,random,7,0.3333333333333333,E23,26.96,157.72,39,2.32553,83.9929,6.8991,0.0,0,25.5788,4.3144,55.085,0.0,True,26.0,4840,5.3486,3.95
google,2500,10,linear,True,False,10.0,0.4,0.3,0.3,0,0.5,WOA,random,8,0.3333333333333333,E23,26.96,157.72,39,2.311724,84.0879,7.4519,0.0,0,25.5288,4.2927,55.535,0.0,True,26.0,4840,5.3815,4.09
google,2500,10,linear,True,False,10.0,0.4,0.3,0.3,0,0.5,WOA,random,9,0.3333333333333333,E23,26.96,157.72,39,2.319589,84.0338,7.137,0.0,0,25.5288,4.2953,55.631,0.0,True,26.0,4840,5.335,3.99
google,2500,10,linear,True,False,10.0,0.4,0.3,0.3,0,0.5,WOA,random,10,0.3333333333333333,E23,26.96,157.72,39,2.247184,84.5322,10.0357,0.0,0,24.8788,4.1924,59.017,0.0,True,25.0,4840,5.2693,4.79
google,2500,10,linear,True,False,10.0,0.4,0.3,0.3,0,0.5,WOA,random,11,0.3333333333333333,E23,26.96,157.72,39,2.292072,84.2232,8.2386,0.0,0,25.3788,4.2777,55.727,0.0,True,25.5,4840,5.2437,4.01
google,2500,10,linear,True,False,10.0,0.4,0.3,0.3,0,0.5,WOA,random,12,0.3333333333333333,E23,26.96,157.72,39,2.286953,84.2584,8.4435,0.0,0,25.3288,4.2661,57.009,0.0,True,26.0,4840,5.2397,3.95
google,2500,10,linear,True,False,10.0,0.4,0.3,0.3,0,0.5,WOA,random,13,0.3333333333333333,E23,26.96,157.72,39,2.301374,84.1592,7.8662,0.0,0,25.3788,4.2758,56.585,0.0,True,26.0,4840,5.3692,4.1
google,2500,10,linear,True,False,10.0,0.4,0.3,0.3,0,0.5,WOA,random,14,0.3333333333333333,E23,26.96,157.72,39,2.303101,84.1473,7.7971,0.0,0,25.3788,4.2844,56.651,0.0,True,26.0,4840,5.3846,4.07
google,2500,10,linear,True,False,10.0,0.4,0.3,0.3,0,0.5,WOA,random,15,0.3333333333333333,E23,26.96,157.72,39,2.306685,84.1226,7.6536,0.0,0,25.4788,4.2904,56.042,0.0,True,26.0,4840,5.3958,4.1
google,2500,10,linear,True,False,10.0,0.4,0.3,0.3,0,0.5,WOA,carbon,1,0.3333333333333333,E23,26.96,157.72,39,2.290171,84.2363,8.3147,0.0,0,25.3288,4.2691,55.706,0.0,True,25.0,4840,5.3114,4.22
google,2500,10,linear,True,False,10.0,0.4,0.3,0.3,0,0.5,WOA,carbon,2,0.3333333333333333,E23,26.96,157.72,39,2.331058,83.9548,6.6778,0.0,0,25.6788,4.3195,55.293,0.0,True,26.5,4840,5.2151,3.84
google,2500,10,linear,True,False,10.0,0.4,0.3,0.3,0,0.5,WOA,carbon,3,0.3333333333333333,E23,26.96,157.72,39,2.307792,84.115,7.6093,0.0,0,25.4788,4.291,55.781,0.0,True,26.0,4840,5.2131,4.14
google,2500,10,linear,True,False,10.0,0.4,0.3,0.3,0,0.5,WOA,carbon,4,0.3333333333333333,E23,26.96,157.72,39,2.301732,84.1567,7.8519,0.0,0,25.4288,4.2906,56.333,0.0,True,26.0,4840,5.1725,4.05
google,2500,10,linear,True,False,10.0,0.4,0.3,0.3,0,0.5,WOA,carbon,5,0.3333333333333333,E23,26.96,157.72,39,2.293424,84.2139,8.1845,0.0,0,25.3788,4.2855,55.894,0.0,True,25.5,4840,5.2442,3.78
google,2500,10,linear,True,False,10.0,0.4,0.3,0.3,0,0.5,WOA,carbon,6,0.3333333333333333,E23,26.96,157.72,39,2.294665,84.2053,8.1348,0.0,0,25.4788,4.291,55.991,0.0,True,26.0,4840,5.3274,4.1
google,2500,10,linear,True,False,10.0,0.4,0.3,0.3,0,0.5,WOA,carbon,7,0.3333333333333333,E23,26.96,157.72,39,2.295847,84.1972,8.0875,0.0,0,25.5288,4.2922,54.682,0.0,True,25.5,4840,5.3369,4.03
google,2500,10,linear,True,False,10.0,0.4,0.3,0.3,0,0.5,WOA,carbon,8,0.3333333333333333,E23,26.96,157.72,39,2.310559,84.0959,7.4985,0.0,0,25.4788,4.2963,55.009,0.0,True,25.5,4840,5.2894,4.2
google,2500,10,linear,True,False,10.0,0.4,0.3,0.3,0,0.5,WOA,carbon,9,0.3333333333333333,E23,26.96,157.72,39,2.30821,84.1121,7.5925,0.0,0,25.5288,4.2961,55.638,0.0,True,26.0,4840,5.2994,4.37
google,2500,10,linear,True,False,10.0,0.4,0.3,0.3,0,0.5,WOA,carbon,10,0.3333333333333333,E23,26.96,157.72,39,2.303341,84.1456,7.7875,0.0,0,25.6288,4.3186,54.782,0.0,True,26.0,4840,5.2313,4.26
google,2500,10,linear,True,False,10.0,0.4,0.3,0.3,0,0.5,WOA,carbon,11,0.3333333333333333,E23,26.96,157.72,39,2.277977,84.3202,8.8029,0.0,0,25.2788,4.2645,57.375,0.0,True,26.0,4840,5.2023,4.08
google,2500,20,linear,True,False,10.0,0.4,0.3,0.3,0,0,WOA,carbon,9,0.3333333333333333,E23,26.96,157.72,39,1.641028,88.5187,13.1392,0.0,0,20.8788,3.3556,73.028,0.0,True,27.0,4840,5.3191,4.41
google,2500,20,linear,True,False,10.0,0.4,0.3,0.3,0,0,WOA,carbon,10,0.3333333333333333,E23,26.96,157.72,39,1.771705,87.6045,6.2223,0.0,0,20.9288,3.46,77.24,0.0,True,28.0,4840,5.3047,4.05
google,2500,20,linear,True,False,10.0,0.4,0.3,0.3,0,0,WOA,carbon,11,0.3333333333333333,E23,26.96,157.72,39,1.706112,88.0634,9.6942,0.0,0,20.6288,3.4017,81.687,0.0,True,27.0,4840,5.2443,4.3
google,2500,20,linear,True,False,10.0,0.4,0.3,0.3,0,0,WOA,carbon,12,0.3333333333333333,E23,26.96,157.72,39,1.638552,88.5361,13.2702,0.0,0,20.8288,3.323,71.667,0.0,True,26.5,4840,5.269,4.08
google,2500,20,linear,True,False,10.0,0.4,0.3,0.3,0,0,WOA,carbon,13,0.3333333333333333,E23,26.96,157.72,39,1.750421,87.7534,7.3489,0.0,0,20.9288,3.465,71.342,0.0,True,28.0,4840,5.2352,3.72
google,2500,20,linear,True,False,10.0,0.4,0.3,0.3,0,0,WOA,carbon,14,0.3333333333333333,E23,26.96,157.72,39,1.685672,88.2064,10.7761,0.0,0,20.9288,3.3781,72.89,0.0,True,28.0,4840,5.15,4.32
google,2500,20,linear,True,False,10.0,0.4,0.3,0.3,0,0,WOA,carbon,15,0.3333333333333333,E23,26.96,157.72,39,1.726605,87.92,8.6095,0.0,0,20.7788,3.4247,76.269,0.0,True,28.0,4840,5.1767,4.16
google,2500,20,linear,True,False,10.0,0.4,0.3,0.3,0,auto,FIFO,-,0,0.3333333333333333,E23,26.96,157.72,39,14.463561,0.0,-523.8298,0.0,0,161.0788,26.3188,4.368,4.4109,False,24.5,0,0.0,0.0
google,2500,20,linear,True,False,10.0,0.4,0.3,0.3,0,0,WOA,random,8,0.3333333333333333,E23,26.96,157.72,39,1.754264,87.7265,7.1455,0.0,0,20.6788,3.4193,80.07,0.0,True,28.0,4840,5.1899,4.03
google,2500,20,linear,True,False,10.0,0.4,0.3,0.3,0,0,WOA,random,9,0.3333333333333333,E23,26.96,157.72,39,1.781031,87.5392,5.7287,0.0,0,20.8288,3.4521,76.061,0.0,True,28.5,4840,5.3135,4.1
google,2500,20,linear,True,False,10.0,0.4,0.3,0.3,0,0,WOA,random,10,0.3333333333333333,E23,26.96,157.72,39,1.77829,87.5584,5.8738,0.0,0,20.9288,3.4598,76.581,0.0,True,28.0,4840,5.3369,3.89
google,2500,20,linear,True,False,10.0,0.4,0.3,0.3,0,0,WOA,random,11,0.3333333333333333,E23,26.96,157.72,39,1.775561,87.5775,6.0182,0.0,0,20.7788,3.4414,77.786,0.0,True,28.5,4840,5.2889,4.12
google,2500,20,linear,True,False,10.0,0.4,0.3,0.3,0,0,WOA,random,12,0.3333333333333333,E23,26.96,157.72,39,1.762678,87.6676,6.7001,0.0,0,20.7288,3.4043,79.352,0.0,True,28.0,4840,5.3138,4.31
google,2500,20,linear,True,False,10.0,0.4,0.3,0.3,0,0,WOA,random,13,0.3333333333333333,E23,26.96,157.72,39,1.774631,87.584,6.0675,0.0,0,20.8788,3.4438,76.928,0.0,True,28.0,4840,5.2826,3.84
google,2500,20,linear,True,False,10.0,0.4,0.3,0.3,0,0,WOA,random,14,0.3333333333333333,E23,26.96,157.72,39,1.782126,87.5316,5.6708,0.0,0,20.8788,3.4562,76.364,0.0,True,28.0,4840,5.2025,4.07
google,2500,20,linear,True,False,10.0,0.4,0.3,0.3,0,0,WOA,random,15,0.3333333333333333,E23,26.96,157.72,39,1.763469,87.6621,6.6583,0.0,0,20.7788,3.4525,78.721,0.0,True,28.0,4840,5.3059,4.03
google,2500,20,linear,True,False,10.0,0.4,0.3,0.3,0,0,WOA,carbon,1,0.3333333333333333,E23,26.96,157.72,39,1.727852,87.9113,8.5435,0.0,0,20.8788,3.4127,75.878,0.0,True,28.5,4840,5.4935,4.32
google,2500,20,linear,True,False,10.0,0.4,0.3,0.3,0,0,WOA,carbon,2,0.3333333333333333,E23,26.96,157.72,39,1.687063,88.1967,10.7025,0.0,0,20.6788,3.3931,79.97,0.0,True,27.0,4840,5.6346,3.87
google,2500,20,linear,True,False,10.0,0.4,0.3,0.3,0,0,WOA,carbon,3,0.3333333333333333,E23,26.96,157.72,39,1.732788,87.8768,8.2822,0.0,0,20.7788,3.4225,76.137,0.0,True,27.5,4840,5.4885,4.07
google,2500,20,linear,True,False,10.0,0.4,0.3,0.3,0,0,WOA,carbon,4,0.3333333333333333,E23,26.96,157.72,39,1.651136,88.448,12.6041,0.0,0,20.7788,3.331,76.598,0.0,True,26.5,4840,5.6283,4.01
google,2500,20,linear,True,False,10.0,0.4,0.3,0.3,0,0,WOA,carbon,5,0.3333333333333333,E23,26.96,157.72,39,1.637721,88.5419,13.3142,0.0,0,20.8288,3.3357,71.84,0.0,True,27.5,4840,5.5128,4.43
google,2500,20,linear,True,False,10.0,0.4,0.3,0.3,0,0,WOA,carbon,6,0.3333333333333333,E23,26.96,157.72,39,1.647972,88.4702,12.7716,0.0,0,20.9788,3.3633,70.655,0.0,True,28.0,4840,5.4311,4.29
google,2500,20,linear,True,False,10.0,0.4,0.3,0.3,0,0,WOA,carbon,7,0.3333333333333333,E23,26.96,157.72,39,1.742369,87.8097,7.7751,0.0,0,20.9288,3.4671,72.386,0.0,True,28.0,4840,5.5176,4.01
google,2500,20,linear,True,False,10.0,0.4,0.3,0.3,0,0,WOA,carbon,8,0.3333333333333333,E23,26.96,157.72,39,1.646071,88.4835,12.8722,0.0,0,20.8788,3.3386,70.778,0.0,True,27.0,4840,5.4757,4.07
google,2500,20,linear,True,False,10.0,0.4,0.3,0.3,0,auto,WOA,random,5,0.3333333333333333,E23,26.96,157.72,39,2.128295,85.2851,8.2042,0.0,0,23.6288,3.9539,63.31,0.0,True,26.0,4840,5.3615,4.12
google,2500,20,linear,True,False,10.0,0.4,0.3,0.3,0,auto,WOA,random,6,0.3333333333333333,E23,26.96,157.72,39,2.113236,85.3892,8.8537,0.0,0,23.4788,3.924,64.474,0.0,True,26.0,4840,5.4054,3.99
google,2500,20,linear,True,False,10.0,0.4,0.3,0.3,0,auto,WOA,random,7,0.3333333333333333,E23,26.96,157.72,39,2.141263,85.1955,7.6449,0.0,0,23.7788,3.9876,62.597,0.0,True,26.5,4840,5.2925,4.22
google,2500,20,linear,True,False,10.0,0.4,0.3,0.3,0,auto,WOA,random,8,0.3333333333333333,E23,26.96,157.72,39,2.127411,85.2912,8.2424,0.0,0,23.6288,3.9505,63.082,0.0,True,26.0,4840,5.2132,4.2
google,2500,20,linear,True,False,10.0,0.4,0.3,0.3,0,auto,WOA,random,9,0.3333333333333333,E23,26.96,157.72,39,2.09743,85.4985,9.5355,0.0,0,23.4788,3.924,64.417,0.0,True,26.0,4840,5.3225,4.01
google,2500,20,linear,True,False,10.0,0.4,0.3,0.3,0,auto,WOA,random,10,0.3333333333333333,E23,26.96,157.72,39,2.089603,85.5526,9.8731,0.0,0,23.3788,3.9126,65.149,0.0,True,26.0,4840,5.3082,4.2
google,2500,20,linear,True,False,10.0,0.4,0.3,0.3,0,auto,WOA,random,11,0.3333333333333333,E23,26.96,157.72,39,2.117266,85.3614,8.6799,0.0,0,23.4788,3.9485,63.901,0.0,True,25.5,4840,5.2606,4.1
google,2500,20,linear,True,False,10.0,0.4,0.3,0.3,0,auto,WOA,random,12,0.3333333333333333,E23,26.96,157.72,39,2.134261,85.2439,7.9469,0.0,0,23.6788,3.9575,63.279,0.0,True,26.5,4840,5.2533,3.97
google,2500,20,linear,True,False,10.0,0.4,0.3,0.3,0,auto,WOA,random,13,0.3333333333333333,E23,26.96,157.72,39,2.129985,85.2734,8.1313,0.0,0,23.6788,3.9647,63.402,0.0,True,26.5,4840,5.3225,4.09
google,2500,20,linear,True,False,10.0,0.4,0.3,0.3,0,auto,WOA,random,14,0.3333333333333333,E23,26.96,157.72,39,2.123654,85.3172,8.4044,0.0,0,23.5788,3.9555,63.602,0.0,True,26.0,4840,5.4308,4.07
google,2500,20,linear,True,False,10.0,0.4,0.3,0.3,0,auto,WOA,random,15,0.3333333333333333,E23,26.96,157.72,39,2.129845,85.2744,8.1374,0.0,0,23.6288,3.9602,63.555,0.0,True,26.5,4840,5.3298,4.05
google,2500,20,linear,True,False,10.0,0.4,0.3,0.3,0,auto,WOA,carbon,1,0.3333333333333333,E23,26.96,157.72,39,2.119743,85.3442,8.5731,0.0,0,23.5788,3.9467,62.997,0.0,True,25.5,4840,5.1954,4.3
google,2500,20,linear,True,False,10.0,0.4,0.3,0.3,0,auto,WOA,carbon,2,0.3333333333333333,E23,26.96,157.72,39,2.124692,85.31,8.3596,0.0,0,23.5788,3.9485,64.104,0.0,True,26.5,4840,5.2557,3.91
google,2500,20,linear,True,False,10.0,0.4,0.3,0.3,0,auto,WOA,carbon,3,0.3333333333333333,E23,26.96,157.72,39,2.13182,85.2608,8.0522,0.0,0,23.7288,3.9648,63.274,0.0,True,27.0,4840,5.2247,4.22
google,2500,20,linear,True,False,10.0,0.4,0.3,0.3,0,auto,WOA,carbon,4,0.3333333333333333,E23,26.96,157.72,39,2.130085,85.2727,8.127,0.0,0,23.6788,3.9545,61.241,0.0,True,25.0,4840,5.1993,4.31
google,2500,20,linear,True,False,10.0,0.4,0.3,0.3,0,auto,WOA,carbon,5,0.3333333333333333,E23,26.96,157.72,39,2.117733,85.3582,8.6598,0.0,0,23.6288,3.9583,63.307,0.0,True,26.0,4840,5.2694,4.2
google,2500,20,linear,True,False,10.0,0.4,0.3,0.3,0,auto,WOA,carbon,6,0.3333333333333333,E23,26.96,157.72,39,2.101322,85.4716,9.3676,0.0,0,23.7788,3.9663,60.869,0.0,True,25.5,4840,5.3511,4.11
google,2500,20,linear,True,False,10.0,0.4,0.3,0.3,0,auto,WOA,carbon,7,0.3333333333333333,E23,26.96,157.72,39,2.116414,85.3673,8.7167,0.0,0,23.6788,3.9358,61.858,0.0,True,25.5,4840,5.299,3.87
google,2500,20,linear,True,False,10.0,0.4,0.3,0.3,0,auto,WOA,carbon,8,0.3333333333333333,E23,26.96,157.72,39,2.13205,85.2592,8.0423,0.0,0,23.6288,3.9579,63.142,0.0,True,26.0,4840,5.2389,4.08
google,2500,20,linear,True,False,10.0,0.4,0.3,0.3,0,auto,WOA,carbon,9,0.3333333333333333,E23,26.96,157.72,39,2.118832,85.3505,8.6124,0.0,0,23.8788,3.9537,60.107,0.0,True,25.5,4840,5.27,3.93
google,2500,20,linear,True,False,10.0,0.4,0.3,0.3,0,auto,WOA,carbon,10,0.3333333333333333,E23,26.96,157.72,39,2.100609,85.4765,9.3984,0.0,0,23.5288,3.9452,63.936,0.0,True,26.0,4840,5.2964,4.22
google,2500,20,linear,True,False,10.0,0.4,0.3,0.3,0,auto,WOA,carbon,11,0.3333333333333333,E23,26.96,157.72,39,2.109434,85.4155,9.0177,0.0,0,23.6788,3.9762,62.658,0.0,True,26.0,4840,5.2602,4.64
google,2500,20,linear,True,False,10.0,0.4,0.3,0.3,0,auto,WOA,carbon,12,0.3333333333333333,E23,26.96,157.72,39,2.122485,85.3253,8.4548,0.0,0,23.6288,3.9425,63.626,0.0,True,26.5,4840,5.2662,4.14
google,2500,20,linear,True,False,10.0,0.4,0.3,0.3,0,auto,WOA,carbon,13,0.3333333333333333,E23,26.96,157.72,39,2.121679,85.3309,8.4896,0.0,0,23.6788,3.9647,61.816,0.0,True,25.5,4840,5.2541,3.91
google,2500,20,linear,True,False,10.0,0.4,0.3,0.3,0,0.25,WOA,carbon,11,0.3333333333333333,E23,26.96,157.72,39,2.280306,84.3042,8.7097,0.0,0,25.2788,4.2645,57.235,0.0,True,26.0,4840,5.2399,4.3
google,2500,20,linear,True,False,10.0,0.4,0.3,0.3,0,0.25,WOA,carbon,12,0.3333333333333333,E23,26.96,157.72,39,2.307542,84.1167,7.6193,0.0,0,25.4788,4.2837,55.955,0.0,True,26.0,4840,5.2973,4.08
google,2500,20,linear,True,False,10.0,0.4,0.3,0.3,0,0.25,WOA,carbon,13,0.3333333333333333,E23,26.96,157.72,39,2.275541,84.337,8.9004,0.0,0,25.4788,4.247,54.343,0.0,True,25.0,4840,5.2713,4.3
google,2500,20,linear,True,False,10.0,0.4,0.3,0.3,0,0.25,WOA,carbon,14,0.3333333333333333,E23,26.96,157.72,39,2.271693,84.3635,9.0544,0.0,0,25.4788,4.2651,54.429,0.0,True,25.0,4840,5.2264,4.1
google,2500,20,linear,True,False,10.0,0.4,0.3,0.3,0,0.25,WOA,carbon,15,0.3333333333333333,E23,26.96,157.72,39,2.25981,84.4453,9.5302,0.0,0,25.3288,4.2395,55.354,0.0,True,25.0,4840,5.2446,3.97
google,2500,20,linear,True,False,10.0,0.4,0.3,0.3,0,0.5,FIFO,-,0,0.3333333333333333,E23,26.96,157.72,39,14.949711,0.0,-325.3468,0.0,0,165.8788,27.1588,3.907,4.4109,False,24.5,0,0.0,0.0
google,2500,20,linear,True,False,10.0,0.4,0.3,0.3,0,0.5,Consolidation,-,0,0.3333333333333333,E23,26.96,157.72,39,3.514711,76.4898,0.0,0.0,0,38.3788,6.5038,23.992,4.4109,False,24.5,0,0.0,0.0
google,2500,20,linear,True,False,10.0,0.4,0.3,0.3,0,0.5,Greedy(EDF+greenest),-,0,0.3333333333333333,E23,26.96,157.72,39,3.530732,76.3826,-0.4558,0.0,0,41.1288,6.878,17.727,16.0018,False,26.0,0,0.0003,0.0
google,3000,10,linear,True,False,10.0,0.4,0.3,0.3,0,0,FIFO,-,0,0.3333333333333333,E23,32.21,189.31,41,17.178947,0.0,-661.1925,0.0,0,191.5479,31.2652,5.333,28.5433,False,24.5,0,0.0,0.0
google,3000,10,linear,True,False,10.0,0.4,0.3,0.3,0,0,Consolidation,-,0,0.3333333333333333,E23,32.21,189.31,41,2.256847,86.8627,0.0,0.0,0,24.9479,4.0702,66.586,28.5433,False,24.5,0,0.0,0.0
google,3000,10,linear,True,False,10.0,0.4,0.3,0.3,0,0,Greedy(EDF+greenest),-,0,0.3333333333333333,E23,32.21,189.31,41,1.821021,89.3997,19.3113,0.0,0,24.3979,3.9041,74.278,45.2292,False,26.0,0,0.0003,0.0
google,3000,10,linear,True,False,10.0,0.4,0.3,0.3,0,0,VCC(Google),-,0,0.3333333333333333,E23,32.21,189.31,41,2.200199,87.1925,2.51,0.0,0,24.7479,4.0402,73.297,0.0,True,24.5,0,0.0126,0.0
google,3000,10,linear,True,False,10.0,0.4,0.3,0.3,0,0,Threshold(WaitAwhile),-,0,0.3333333333333333,E23,32.21,189.31,41,2.155067,87.4552,4.5098,0.0,0,24.6479,3.9416,75.225,28.5433,False,25.5,0,0.044,0.0
google,3000,10,linear,True,False,10.0,0.4,0.3,0.3,0,0,WOA,random,1,0.3333333333333333,E23,32.21,189.31,41,2.153878,87.4621,4.5625,0.0,0,24.7479,4.0712,84.379,0.0,True,27.0,4840,6.4426,5.01
google,3000,10,linear,True,False,10.0,0.4,0.3,0.3,0,0,WOA,random,2,0.3333333333333333,E23,32.21,189.31,41,2.15886,87.4331,4.3418,0.0,0,24.8979,4.1064,81.962,0.0,True,27.5,4840,6.3996,5.15
google,3000,10,linear,True,False,10.0,0.4,0.3,0.3,0,0,WOA,random,3,0.3333333333333333,E23,32.21,189.31,41,2.15636,87.4477,4.4525,0.0,0,24.8979,4.1077,79.374,0.0,True,28.5,4840,6.453,4.64
google,2500,20,linear,True,False,10.0,0.4,0.3,0.3,0,0.5,VCC(Google),-,0,0.3333333333333333,E23,26.96,157.72,39,3.457828,76.8703,1.6184,0.0,0,37.8288,6.4213,26.266,0.0,True,24.5,0,0.0087,0.0
google,2500,20,linear,True,False,10.0,0.4,0.3,0.3,0,0.5,Threshold(WaitAwhile),-,0,0.3333333333333333,E23,26.96,157.72,39,3.592386,75.9702,-2.21,0.0,0,39.3788,6.6155,23.051,4.4109,False,25.5,0,0.0376,0.0
google,2500,20,linear,True,False,10.0,0.4,0.3,0.3,0,0.5,WOA,random,1,0.3333333333333333,E23,26.96,157.72,39,3.342485,77.6418,4.9001,0.0,0,36.5788,6.2499,31.195,0.0,True,24.5,4840,5.3026,4.07
google,2500,20,linear,True,False,10.0,0.4,0.3,0.3,0,0.5,WOA,random,2,0.3333333333333333,E23,26.96,157.72,39,3.34715,77.6106,4.7674,0.0,0,36.6288,6.2626,31.017,0.0,True,24.5,4840,5.2786,4.03
google,2500,20,linear,True,False,10.0,0.4,0.3,0.3,0,0.5,WOA,random,3,0.3333333333333333,E23,26.96,157.72,39,3.30703,77.879,5.9089,0.0,0,36.3288,6.2195,32.187,0.0,True,24.5,4840,5.2087,4.47
google,2500,20,linear,True,False,10.0,0.4,0.3,0.3,0,0.5,WOA,random,4,0.3333333333333333,E23,26.96,157.72,39,3.359281,77.5295,4.4223,0.0,0,36.7788,6.2815,30.392,0.0,True,24.5,4840,5.2708,3.97
google,2500,20,linear,True,False,10.0,0.4,0.3,0.3,0,0.5,WOA,random,5,0.3333333333333333,E23,26.96,157.72,39,3.331382,77.7161,5.2161,0.0,0,36.4788,6.2358,31.596,0.0,True,24.5,4840,5.3026,4.31
google,2500,20,linear,True,False,10.0,0.4,0.3,0.3,0,0.5,WOA,random,6,0.3333333333333333,E23,26.96,157.72,39,3.354219,77.5633,4.5663,0.0,0,36.6788,6.2602,30.812,0.0,True,24.5,4840,5.2288,3.84
google,2500,20,linear,True,False,10.0,0.4,0.3,0.3,0,0.25,WOA,random,2,0.3333333333333333,E23,26.96,157.72,39,2.325348,83.9941,6.9064,0.0,0,25.6288,4.3142,54.139,0.0,True,25.5,4840,5.313,3.93
google,2500,20,linear,True,False,10.0,0.4,0.3,0.3,0,0.25,WOA,random,3,0.3333333333333333,E23,26.96,157.72,39,2.255478,84.4751,9.7036,0.0,0,25.0788,4.244,58.113,0.0,True,25.5,4840,5.2265,4.18
google,2500,20,linear,True,False,10.0,0.4,0.3,0.3,0,0.25,WOA,random,4,0.3333333333333333,E23,26.96,157.72,39,2.284469,84.2755,8.543,0.0,0,25.2288,4.2488,56.924,0.0,True,25.5,4840,5.3021,4.03
google,2500,20,linear,True,False,10.0,0.4,0.3,0.3,0,0.25,WOA,random,5,0.3333333333333333,E23,26.96,157.72,39,2.3134,84.0764,7.3848,0.0,0,25.5288,4.2972,56.213,0.0,True,26.5,4840,5.3632,4.24
google,2500,20,linear,True,False,10.0,0.4,0.3,0.3,0,0.25,WOA,random,6,0.3333333333333333,E23,26.96,157.72,39,2.271583,84.3642,9.0589,0.0,0,25.0788,4.2285,58.167,0.0,True,25.5,4840,5.2914,4.14
google,2500,20,linear,True,False,10.0,0.4,0.3,0.3,0,0.25,WOA,random,7,0.3333333333333333,E23,26.96,157.72,39,2.328098,83.9752,6.7963,0.0,0,25.6288,4.3145,53.92,0.0,True,25.5,4840,5.2986,4.22
google,2500,20,linear,True,False,10.0,0.4,0.3,0.3,0,0.25,WOA,random,8,0.3333333333333333,E23,26.96,157.72,39,2.312967,84.0794,7.4021,0.0,0,25.5288,4.295,54.899,0.0,True,25.5,4840,5.288,4.12
google,2500,20,linear,True,False,10.0,0.4,0.3,0.3,0,0.25,WOA,random,9,0.3333333333333333,E23,26.96,157.72,39,2.302163,84.1537,7.8346,0.0,0,25.3788,4.2722,55.887,0.0,True,25.5,4840,5.2821,4.26
google,2500,20,linear,True,False,10.0,0.4,0.3,0.3,0,0.25,WOA,carbon,3,0.3333333333333333,E23,26.96,157.72,39,2.299968,84.1688,7.9225,0.0,0,25.6288,4.2937,53.915,0.0,True,25.5,4840,5.186,4.45
google,2500,20,linear,True,False,10.0,0.4,0.3,0.3,0,0.25,WOA,carbon,4,0.3333333333333333,E23,26.96,157.72,39,2.286365,84.2625,8.4671,0.0,0,25.4788,4.2974,55.818,0.0,True,26.0,4840,5.2434,4.01
google,2500,20,linear,True,False,10.0,0.4,0.3,0.3,0,0.25,WOA,carbon,5,0.3333333333333333,E23,26.96,157.72,39,2.293424,84.2139,8.1845,0.0,0,25.3788,4.2855,55.894,0.0,True,25.5,4840,5.2798,3.84
google,2500,20,linear,True,False,10.0,0.4,0.3,0.3,0,0.25,WOA,carbon,6,0.3333333333333333,E23,26.96,157.72,39,2.265708,84.4047,9.2941,0.0,0,25.8288,4.3244,53.369,0.0,True,26.0,4840,5.2064,4.18
google,2500,20,linear,True,False,10.0,0.4,0.3,0.3,0,0.25,WOA,carbon,7,0.3333333333333333,E23,26.96,157.72,39,2.287697,84.2533,8.4137,0.0,0,25.5288,4.2773,54.845,0.0,True,25.5,4840,5.2257,4.26
google,2500,20,linear,True,False,10.0,0.4,0.3,0.3,0,0.25,WOA,carbon,8,0.3333333333333333,E23,26.96,157.72,39,2.329923,83.9627,6.7233,0.0,0,25.5788,4.3134,55.16,0.0,True,26.0,4840,5.2385,4.08
google,2500,20,linear,True,False,10.0,0.4,0.3,0.3,0,0.25,WOA,carbon,9,0.3333333333333333,E23,26.96,157.72,39,2.250483,84.5095,9.9036,0.0,0,25.4288,4.2376,54.657,0.0,True,25.0,4840,5.271,4.22
google,2500,20,linear,True,False,10.0,0.4,0.3,0.3,0,0.25,WOA,carbon,10,0.3333333333333333,E23,26.96,157.72,39,2.304847,84.1353,7.7272,0.0,0,25.6288,4.3242,54.796,0.0,True,26.0,4840,5.2079,4.01
google,2500,20,linear,True,False,10.0,0.4,0.3,0.3,0,0.25,WOA,random,10,0.3333333333333333,E23,26.96,157.72,39,2.253325,84.4899,9.7898,0.0,0,24.9788,4.208,58.886,0.0,True,25.5,4840,5.2102,4.14
google,2500,20,linear,True,False,10.0,0.4,0.3,0.3,0,0.25,WOA,random,11,0.3333333333333333,E23,26.96,157.72,39,2.292587,84.2196,8.218,0.0,0,25.3788,4.2766,55.691,0.0,True,25.5,4840,5.3193,3.93
google,2500,20,linear,True,False,10.0,0.4,0.3,0.3,0,0.25,WOA,random,12,0.3333333333333333,E23,26.96,157.72,39,2.28695,84.2584,8.4437,0.0,0,25.3288,4.2661,57.004,0.0,True,26.0,4840,5.2603,4.08
google,2500,20,linear,True,False,10.0,0.4,0.3,0.3,0,0.25,WOA,random,13,0.3333333333333333,E23,26.96,157.72,39,2.301439,84.1587,7.8636,0.0,0,25.3788,4.2758,56.575,0.0,True,26.0,4840,5.305,4.24
google,2500,20,linear,True,False,10.0,0.4,0.3,0.3,0,0.25,WOA,random,14,0.3333333333333333,E23,26.96,157.72,39,2.292925,84.2173,8.2045,0.0,0,25.3288,4.2769,57.045,0.0,True,26.0,4840,5.2307,4.24
google,2500,20,linear,True,False,10.0,0.4,0.3,0.3,0,0.25,WOA,random,15,0.3333333333333333,E23,26.96,157.72,39,2.304545,84.1373,7.7393,0.0,0,25.4288,4.2863,56.3,0.0,True,26.0,4840,5.3006,4.08
google,2500,20,linear,True,False,10.0,0.4,0.3,0.3,0,0.25,WOA,carbon,1,0.3333333333333333,E23,26.96,157.72,39,2.290175,84.2362,8.3145,0.0,0,25.3288,4.2691,55.69,0.0,True,25.0,4840,5.2063,4.1
google,2500,20,linear,True,False,10.0,0.4,0.3,0.3,0,0.25,WOA,carbon,2,0.3333333333333333,E23,26.96,157.72,39,2.289666,84.2398,8.3349,0.0,0,25.3788,4.2831,55.995,0.0,True,25.5,4840,5.2031,4.31
google,3000,10,linear,True,False,10.0,0.4,0.3,0.3,0,0,WOA,carbon,13,0.3333333333333333,E23,32.21,189.31,41,2.15424,87.46,4.5465,0.0,0,24.8479,4.1205,82.009,0.0,True,28.0,4840,6.1563,4.44
google,3000,10,linear,True,False,10.0,0.4,0.3,0.3,0,0,WOA,carbon,14,0.3333333333333333,E23,32.21,189.31,41,2.130622,87.5975,5.593,0.0,0,24.5979,4.0603,84.837,0.0,True,28.0,4840,6.0681,4.85
google,3000,10,linear,True,False,10.0,0.4,0.3,0.3,0,0,WOA,carbon,15,0.3333333333333333,E23,32.21,189.31,41,2.160909,87.4212,4.251,0.0,0,24.7979,4.0931,82.097,0.0,True,27.5,4840,6.0773,5.01
google,3000,10,linear,True,False,10.0,0.4,0.3,0.3,0,auto,FIFO,-,0,0.3333333333333333,E23,32.21,189.31,41,17.390247,0.0,-519.4659,0.0,0,193.7479,31.6627,4.382,28.5433,False,24.5,0,0.0,0.0
google,3000,10,linear,True,False,10.0,0.4,0.3,0.3,0,auto,Consolidation,-,0,0.3333333333333333,E23,32.21,189.31,41,2.807297,83.8571,0.0,0.0,0,30.8479,5.1052,42.345,28.5433,False,24.5,0,0.0,0.0
google,3000,10,linear,True,False,10.0,0.4,0.3,0.3,0,auto,Greedy(EDF+greenest),-,0,0.3333333333333333,E23,32.21,189.31,41,2.662171,84.6916,5.1696,0.0,0,32.8479,5.3591,29.92,45.2292,False,26.0,0,0.0003,0.0
google,3000,10,linear,True,False,10.0,0.4,0.3,0.3,0,auto,VCC(Google),-,0,0.3333333333333333,E23,32.21,189.31,41,2.628099,84.8875,6.3833,0.0,0,29.2479,4.8652,55.273,0.0,True,24.5,0,0.0124,0.0
google,3000,10,linear,True,False,10.0,0.4,0.3,0.3,0,auto,Threshold(WaitAwhile),-,0,0.3333333333333333,E23,32.21,189.31,41,2.826317,83.7477,-0.6775,0.0,0,31.3979,5.1416,40.287,28.5433,False,25.5,0,0.0443,0.0
google,2500,20,linear,True,False,10.0,0.4,0.3,0.3,0,0.5,WOA,random,7,0.3333333333333333,E23,26.96,157.72,39,3.34917,77.5971,4.7099,0.0,0,36.6788,6.2603,30.838,0.0,True,24.5,4840,5.291,4.2
google,2500,20,linear,True,False,10.0,0.4,0.3,0.3,0,0.5,WOA,random,8,0.3333333333333333,E23,26.96,157.72,39,3.357685,77.5401,4.4677,0.0,0,36.7288,6.265,30.576,0.0,True,24.5,4840,5.3202,4.03
google,2500,20,linear,True,False,10.0,0.4,0.3,0.3,0,0.5,WOA,random,9,0.3333333333333333,E23,26.96,157.72,39,3.369687,77.4599,4.1262,0.0,0,36.8288,6.2765,30.226,0.0,True,24.5,4840,5.2415,4.2
google,2500,20,linear,True,False,10.0,0.4,0.3,0.3,0,0.5,WOA,random,10,0.3333333333333333,E23,26.96,157.72,39,3.308133,77.8716,5.8775,0.0,0,36.3288,6.2082,32.187,0.0,True,24.5,4840,5.2492,4.03
google,2500,20,linear,True,False,10.0,0.4,0.3,0.3,0,0.5,WOA,random,11,0.3333333333333333,E23,26.96,157.72,39,3.3802,77.3895,3.8271,0.0,0,36.9788,6.307,29.669,0.0,True,24.5,4840,5.2976,4.26
google,2500,20,linear,True,False,10.0,0.4,0.3,0.3,0,0.5,WOA,random,12,0.3333333333333333,E23,26.96,157.72,39,3.333139,77.7043,5.166,0.0,0,36.5288,6.2417,31.382,0.0,True,24.5,4840,5.2636,4.1
google,2500,20,linear,True,False,10.0,0.4,0.3,0.3,0,0.5,WOA,random,13,0.3333333333333333,E23,26.96,157.72,39,3.339232,77.6636,4.9927,0.0,0,36.5288,6.2469,31.384,0.0,True,24.5,4840,5.266,4.1
google,2500,20,linear,True,False,10.0,0.4,0.3,0.3,0,0.5,WOA,random,14,0.3333333333333333,E23,26.96,157.72,39,3.327281,77.7435,5.3327,0.0,0,36.4788,6.2414,31.599,0.0,True,24.5,4840,5.2421,4.45
google,2500,20,linear,True,False,10.0,0.4,0.3,0.3,0,0.5,WOA,random,15,0.3333333333333333,E23,26.96,157.72,39,3.334986,77.692,5.1135,0.0,0,36.5288,6.2491,31.402,0.0,True,24.5,4840,5.307,3.91
google,2500,20,linear,True,False,10.0,0.4,0.3,0.3,0,0.5,WOA,carbon,1,0.3333333333333333,E23,26.96,157.72,39,3.343416,77.6356,4.8737,0.0,0,36.6288,6.2517,31.024,0.0,True,24.5,4840,5.2202,4.01
google,2500,20,linear,True,False,10.0,0.4,0.3,0.3,0,0.5,WOA,carbon,2,0.3333333333333333,E23,26.96,157.72,39,3.310777,77.8539,5.8023,0.0,0,36.4788,6.204,31.604,0.0,True,24.5,4840,5.2082,4.6
google,2500,20,linear,True,False,10.0,0.4,0.3,0.3,0,0.5,WOA,carbon,3,0.3333333333333333,E23,26.96,157.72,39,3.318019,77.8055,5.5962,0.0,0,36.5288,6.2136,31.413,0.0,True,24.5,4840,5.242,4.03
google,2500,20,linear,True,False,10.0,0.4,0.3,0.3,0,0.5,WOA,carbon,4,0.3333333333333333,E23,26.96,157.72,39,3.336024,77.685,5.084,0.0,0,36.8288,6.2672,31.543,0.0,True,25.0,4840,5.1941,4.28
google,2500,20,linear,True,False,10.0,0.4,0.3,0.3,0,0.5,WOA,carbon,5,0.3333333333333333,E23,26.96,157.72,39,3.330138,77.7244,5.2514,0.0,0,36.8288,6.2517,31.543,0.0,True,25.0,4840,5.2309,4.01
google,2500,20,linear,True,False,10.0,0.4,0.3,0.3,0,0.5,WOA,carbon,6,0.3333333333333333,E23,26.96,157.72,39,3.283486,78.0365,6.5788,0.0,0,36.3288,6.1784,32.187,0.0,True,24.5,4840,5.1746,4.31
google,2500,20,linear,True,False,10.0,0.4,0.3,0.3,0,0.5,WOA,carbon,7,0.3333333333333333,E23,26.96,157.72,39,3.336784,77.6799,5.0624,0.0,0,36.6788,6.2391,30.812,0.0,True,24.5,4840,5.1999,4.18
google,2500,20,linear,True,False,10.0,0.4,0.3,0.3,0,0.5,WOA,carbon,8,0.3333333333333333,E23,26.96,157.72,39,3.342852,77.6394,4.8897,0.0,0,36.7788,6.2507,30.387,0.0,True,24.5,4840,5.2677,4.03
google,2500,20,linear,True,False,10.0,0.4,0.3,0.3,0,0.5,WOA,carbon,9,0.3333333333333333,E23,26.96,157.72,39,3.308467,77.8694,5.868,0.0,0,36.4288,6.1986,31.791,0.0,True,24.5,4840,5.2093,4.22
google,2500,20,linear,True,False,10.0,0.4,0.3,0.3,0,0.5,WOA,carbon,10,0.3333333333333333,E23,26.96,157.72,39,3.346456,77.6152,4.7872,0.0,0,36.7288,6.2563,30.617,0.0,True,24.5,4840,5.267,3.89
google,2500,20,linear,True,False,10.0,0.4,0.3,0.3,0,0.5,WOA,carbon,11,0.3333333333333333,E23,26.96,157.72,39,3.29159,77.9822,6.3482,0.0,0,36.3288,6.1842,32.187,0.0,True,24.5,4840,5.2605,4.39
google,2500,20,linear,True,False,10.0,0.4,0.3,0.3,0,0.5,WOA,carbon,12,0.3333333333333333,E23,26.96,157.72,39,3.329726,77.7272,5.2632,0.0,0,36.4788,6.2317,31.595,0.0,True,24.5,4840,5.2335,4.03
google,2500,20,linear,True,False,10.0,0.4,0.3,0.3,0,0.5,WOA,carbon,13,0.3333333333333333,E23,26.96,157.72,39,3.298448,77.9364,6.1531,0.0,0,36.3788,6.189,31.99,0.0,True,24.5,4840,5.2747,3.93
google,2500,20,linear,True,False,10.0,0.4,0.3,0.3,0,0.5,WOA,carbon,14,0.3333333333333333,E23,26.96,157.72,39,3.302662,77.9082,6.0332,0.0,0,36.4288,6.1969,31.795,0.0,True,24.5,4840,5.2298,3.99
google,2500,20,linear,True,False,10.0,0.4,0.3,0.3,0,0.5,WOA,carbon,15,0.3333333333333333,E23,26.96,157.72,39,3.286313,78.0175,6.4983,0.0,0,36.3788,6.1865,31.989,0.0,True,24.5,4840,5.2349,4.01
google,3000,10,linear,True,False,10.0,0.4,0.3,0.3,0,0.25,WOA,carbon,15,0.3333333333333333,E23,32.21,189.31,41,2.262704,86.9054,10.1762,0.0,0,25.6979,4.2482,77.218,0.0,True,27.0,4840,6.1901,4.92
google,3000,10,linear,True,False,10.0,0.4,0.3,0.3,0,0.5,FIFO,-,0,0.3333333333333333,E23,32.21,189.31,41,17.390247,0.0,-519.4659,0.0,0,193.7479,31.6627,4.382,28.5433,False,24.5,0,0.0,0.0
google,3000,10,linear,True,False,10.0,0.4,0.3,0.3,0,0.5,Consolidation,-,0,0.3333333333333333,E23,32.21,189.31,41,2.807297,83.8571,0.0,0.0,0,30.8479,5.1052,42.345,28.5433,False,24.5,0,0.0,0.0
google,3000,10,linear,True,False,10.0,0.4,0.3,0.3,0,0.5,Greedy(EDF+greenest),-,0,0.3333333333333333,E23,32.21,189.31,41,2.662171,84.6916,5.1696,0.0,0,32.8479,5.3591,29.92,45.2292,False,26.0,0,0.0003,0.0
google,3000,10,linear,True,False,10.0,0.4,0.3,0.3,0,0.5,VCC(Google),-,0,0.3333333333333333,E23,32.21,189.31,41,2.628099,84.8875,6.3833,0.0,0,29.2479,4.8652,55.273,0.0,True,24.5,0,0.0123,0.0
google,3000,10,linear,True,False,10.0,0.4,0.3,0.3,0,0.5,Threshold(WaitAwhile),-,0,0.3333333333333333,E23,32.21,189.31,41,2.826317,83.7477,-0.6775,0.0,0,31.3979,5.1416,40.287,28.5433,False,25.5,0,0.0438,0.0
google,3000,10,linear,True,False,10.0,0.4,0.3,0.3,0,0.5,WOA,random,1,0.3333333333333333,E23,32.21,189.31,41,2.584333,85.1392,7.9423,0.0,0,28.6979,4.8099,62.468,0.0,True,26.5,4840,6.2191,4.76
google,3000,10,linear,True,False,10.0,0.4,0.3,0.3,0,0.5,WOA,random,2,0.3333333333333333,E23,32.21,189.31,41,2.585127,85.1346,7.914,0.0,0,28.6979,4.8228,61.955,0.0,True,26.0,4840,6.2428,4.87
google,3000,10,linear,True,False,10.0,0.4,0.3,0.3,0,0,WOA,random,12,0.3333333333333333,E23,32.21,189.31,41,2.155256,87.4541,4.5015,0.0,0,24.7479,4.0982,83.41,0.0,True,27.5,4840,6.1316,4.78
google,3000,10,linear,True,False,10.0,0.4,0.3,0.3,0,0,WOA,random,13,0.3333333333333333,E23,32.21,189.31,41,2.146474,87.5052,4.8906,0.0,0,24.8479,4.0859,83.674,0.0,True,27.5,4840,6.1291,5.12
google,3000,10,linear,True,False,10.0,0.4,0.3,0.3,0,0,WOA,random,14,0.3333333333333333,E23,32.21,189.31,41,2.158358,87.436,4.364,0.0,0,24.7479,4.0639,84.598,0.0,True,27.0,4840,6.0888,4.89
google,3000,10,linear,True,False,10.0,0.4,0.3,0.3,0,0,WOA,random,15,0.3333333333333333,E23,32.21,189.31,41,2.158916,87.4328,4.3393,0.0,0,24.8479,4.1098,81.168,0.0,True,28.0,4840,6.1228,4.8
google,3000,10,linear,True,False,10.0,0.4,0.3,0.3,0,0,WOA,carbon,1,0.3333333333333333,E23,32.21,189.31,41,2.148322,87.4945,4.8087,0.0,0,24.7979,4.1135,81.602,0.0,True,28.0,4840,6.0774,4.73
google,3000,10,linear,True,False,10.0,0.4,0.3,0.3,0,0,WOA,carbon,2,0.3333333333333333,E23,32.21,189.31,41,2.131457,87.5926,5.556,0.0,0,24.6979,4.0644,84.956,0.0,True,26.5,4840,6.0937,4.66
google,3000,10,linear,True,False,10.0,0.4,0.3,0.3,0,0,WOA,carbon,3,0.3333333333333333,E23,32.21,189.31,41,2.142468,87.5285,5.0681,0.0,0,24.6979,4.0952,82.647,0.0,True,28.0,4840,6.0857,4.5
google,3000,10,linear,True,False,10.0,0.4,0.3,0.3,0,0,WOA,carbon,4,0.3333333333333333,E23,32.21,189.31,41,2.132483,87.5866,5.5105,0.0,0,24.6979,4.0672,83.381,0.0,True,27.5,4840,6.2497,4.69
google,3000,10,linear,True,False,10.0,0.4,0.3,0.3,0,0,WOA,random,4,0.3333333333333333,E23,32.21,189.31,41,2.163633,87.4053,4.1302,0.0,0,24.7979,4.0917,81.688,0.0,True,28.0,4840,6.1149,5.1
google,3000,10,linear,True,False,10.0,0.4,0.3,0.3,0,0,WOA,random,5,0.3333333333333333,E23,32.21,189.31,41,2.148222,87.495,4.8131,0.0,0,24.7979,4.0805,82.911,0.0,True,28.0,4840,6.1425,4.76
google,3000,10,linear,True,False,10.0,0.4,0.3,0.3,0,0,WOA,random,6,0.3333333333333333,E23,32.21,189.31,41,2.145578,87.5104,4.9303,0.0,0,24.6979,4.0631,85.285,0.0,True,27.5,4840,6.0561,5.12
google,3000,10,linear,True,False,10.0,0.4,0.3,0.3,0,0,WOA,random,7,0.3333333333333333,E23,32.21,189.31,41,2.145763,87.5093,4.9221,0.0,0,24.6479,4.0666,84.0,0.0,True,27.5,4840,6.1265,5.03
google,3000,10,linear,True,False,10.0,0.4,0.3,0.3,0,0,WOA,random,8,0.3333333333333333,E23,32.21,189.31,41,2.149773,87.486,4.7444,0.0,0,24.7979,4.0792,82.239,0.0,True,28.0,4840,6.0951,5.15
google,3000,10,linear,True,False,10.0,0.4,0.3,0.3,0,0,WOA,random,9,0.3333333333333333,E23,32.21,189.31,41,2.158041,87.4379,4.378,0.0,0,24.8479,4.116,80.239,0.0,True,28.0,4840,6.156,4.66
google,3000,10,linear,True,False,10.0,0.4,0.3,0.3,0,0,WOA,random,10,0.3333333333333333,E23,32.21,189.31,41,2.151323,87.477,4.6757,0.0,0,24.7479,4.0938,83.515,0.0,True,27.5,4840,6.1937,4.71
google,3000,10,linear,True,False,10.0,0.4,0.3,0.3,0,0,WOA,random,11,0.3333333333333333,E23,32.21,189.31,41,2.153232,87.4659,4.5911,0.0,0,24.7479,4.0668,84.172,0.0,True,27.5,4840,6.301,4.99
google,3000,10,linear,True,False,10.0,0.4,0.3,0.3,0,0.25,Greedy(EDF+greenest),-,0,0.3333333333333333,E23,32.21,189.31,41,2.287521,86.7618,9.191,0.0,0,28.9979,4.6916,33.855,45.2292,False,26.0,0,0.0003,0.0
google,3000,10,linear,True,False,10.0,0.4,0.3,0.3,0,0.25,VCC(Google),-,0,0.3333333333333333,E23,32.21,189.31,41,2.400949,86.1053,4.6882,0.0,0,26.8479,4.4227,60.005,0.0,True,24.5,0,0.0122,0.0
google,3000,10,linear,True,False,10.0,0.4,0.3,0.3,0,0.25,Threshold(WaitAwhile),-,0,0.3333333333333333,E23,32.21,189.31,41,2.508017,85.4857,0.4378,0.0,0,28.0979,4.5566,45.561,28.5433,False,25.5,0,0.0444,0.0
google,3000,10,linear,True,False,10.0,0.4,0.3,0.3,0,0.25,WOA,random,1,0.3333333333333333,E23,32.21,189.31,41,2.261,86.9152,10.2438,0.0,0,25.6479,4.2416,77.264,0.0,True,26.5,4840,6.1329,5.1
google,3000,10,linear,True,False,10.0,0.4,0.3,0.3,0,0.25,WOA,random,2,0.3333333333333333,E23,32.21,189.31,41,2.245237,87.0065,10.8696,0.0,0,25.6979,4.2538,77.16,0.0,True,26.5,4840,6.1419,4.76
google,3000,10,linear,True,False,10.0,0.4,0.3,0.3,0,0.25,WOA,random,3,0.3333333333333333,E23,32.21,189.31,41,2.267714,86.8764,9.9773,0.0,0,25.7979,4.2665,75.588,0.0,True,27.0,4840,6.1558,4.69
google,3000,10,linear,True,False,10.0,0.4,0.3,0.3,0,0.25,WOA,random,4,0.3333333333333333,E23,32.21,189.31,41,2.27311,86.8452,9.7631,0.0,0,25.7979,4.247,76.124,0.0,True,27.0,4840,6.213,4.53
google,3000,10,linear,True,False,10.0,0.4,0.3,0.3,0,0.25,WOA,random,5,0.3333333333333333,E23,32.21,189.31,41,2.271342,86.8554,9.8333,0.0,0,25.7479,4.2371,76.842,0.0,True,27.0,4840,6.3768,5.17
google,3000,10,linear,True,False,10.0,0.4,0.3,0.3,0,0,WOA,carbon,5,0.3333333333333333,E23,32.21,189.31,41,2.097538,87.7901,7.0589,0.0,0,24.6979,4.0588,83.157,0.0,True,27.0,4840,6.173,5.08
google,3000,10,linear,True,False,10.0,0.4,0.3,0.3,0,0,WOA,carbon,6,0.3333333333333333,E23,32.21,189.31,41,2.154318,87.4595,4.543,0.0,0,24.6979,4.0597,83.803,0.0,True,27.5,4840,6.0371,4.85
google,3000,10,linear,True,False,10.0,0.4,0.3,0.3,0,0,WOA,carbon,7,0.3333333333333333,E23,32.21,189.31,41,2.149717,87.4863,4.7469,0.0,0,24.6479,4.0723,84.75,0.0,True,27.0,4840,6.0762,4.87
google,3000,10,linear,True,False,10.0,0.4,0.3,0.3,0,0,WOA,carbon,8,0.3333333333333333,E23,32.21,189.31,41,2.155379,87.4534,4.496,0.0,0,24.7979,4.0782,81.674,0.0,True,27.5,4840,6.0434,4.92
google,3000,10,linear,True,False,10.0,0.4,0.3,0.3,0,0,WOA,carbon,9,0.3333333333333333,E23,32.21,189.31,41,2.135847,87.5671,5.3615,0.0,0,24.7479,4.0663,82.855,0.0,True,28.0,4840,6.1295,4.6
google,3000,10,linear,True,False,10.0,0.4,0.3,0.3,0,0,WOA,carbon,10,0.3333333333333333,E23,32.21,189.31,41,2.138769,87.5501,5.232,0.0,0,24.6979,4.1043,84.297,0.0,True,26.5,4840,6.136,5.4
google,3000,10,linear,True,False,10.0,0.4,0.3,0.3,0,0,WOA,carbon,11,0.3333333333333333,E23,32.21,189.31,41,2.151319,87.477,4.6759,0.0,0,24.6479,4.0564,83.829,0.0,True,27.5,4840,6.1971,4.62
google,3000,10,linear,True,False,10.0,0.4,0.3,0.3,0,0,WOA,carbon,12,0.3333333333333333,E23,32.21,189.31,41,2.0795,87.8951,7.8582,0.0,0,24.5979,4.0256,86.299,0.0,True,26.5,4840,6.2178,4.78
google,3000,10,linear,True,False,10.0,0.4,0.3,0.3,0,auto,WOA,carbon,10,0.3333333333333333,E23,32.21,189.31,41,2.594007,85.0836,7.5977,0.0,0,28.7979,4.8344,61.795,0.0,True,26.5,4840,6.1593,4.89
google,3000,10,linear,True,False,10.0,0.4,0.3,0.3,0,auto,WOA,carbon,11,0.3333333333333333,E23,32.21,189.31,41,2.577294,85.1797,8.193,0.0,0,28.5979,4.8004,62.532,0.0,True,26.0,4840,6.1662,4.6
google,3000,10,linear,True,False,10.0,0.4,0.3,0.3,0,auto,WOA,carbon,12,0.3333333333333333,E23,32.21,189.31,41,2.587609,85.1203,7.8256,0.0,0,28.6979,4.8078,61.89,0.0,True,26.0,4840,6.076,5.01
google,3000,10,linear,True,False,10.0,0.4,0.3,0.3,0,auto,WOA,carbon,13,0.3333333333333333,E23,32.21,189.31,41,2.565152,85.2495,8.6255,0.0,0,28.6979,4.8239,61.777,0.0,True,26.0,4840,6.2348,5.08
google,3000,10,linear,True,False,10.0,0.4,0.3,0.3,0,auto,WOA,carbon,14,0.3333333333333333,E23,32.21,189.31,41,2.593011,85.0893,7.6332,0.0,0,28.6479,4.801,62.233,0.0,True,26.0,4840,6.3409,4.82
google,3000,10,linear,True,False,10.0,0.4,0.3,0.3,0,auto,WOA,carbon,15,0.3333333333333333,E23,32.21,189.31,41,2.585261,85.1338,7.9092,0.0,0,28.6979,4.8221,62.276,0.0,True,26.5,4840,6.4622,5.1
google,3000,10,linear,True,False,10.0,0.4,0.3,0.3,0,0.25,FIFO,-,0,0.3333333333333333,E23,32.21,189.31,41,17.279647,0.0,-585.9598,0.0,0,192.6479,31.4677,4.54,28.5433,False,24.5,0,0.0,0.0
google,3000,10,linear,True,False,10.0,0.4,0.3,0.3,0,0.25,Consolidation,-,0,0.3333333333333333,E23,32.21,189.31,41,2.519047,85.4219,0.0,0.0,0,27.7479,4.5577,48.235,28.5433,False,24.5,0,0.0,0.0
google,3000,10,linear,True,False,10.0,0.4,0.3,0.3,0,auto,WOA,random,9,0.3333333333333333,E23,32.21,189.31,41,2.591295,85.0991,7.6943,0.0,0,28.6979,4.8231,61.223,0.0,True,25.5,4840,6.1616,5.22
google,3000,10,linear,True,False,10.0,0.4,0.3,0.3,0,auto,WOA,random,10,0.3333333333333333,E23,32.21,189.31,41,2.58608,85.1291,7.88,0.0,0,28.6479,4.8084,62.8,0.0,True,26.5,4840,6.1763,4.78
google,3000,10,linear,True,False,10.0,0.4,0.3,0.3,0,auto,WOA,random,11,0.3333333333333333,E23,32.21,189.31,41,2.575748,85.1885,8.2481,0.0,0,28.5979,4.7857,62.57,0.0,True,26.0,4840,6.1726,4.76
google,3000,10,linear,True,False,10.0,0.4,0.3,0.3,0,auto,WOA,random,12,0.3333333333333333,E23,32.21,189.31,41,2.544828,85.3664,9.3495,0.0,0,28.1979,4.7354,64.853,0.0,True,25.5,4840,6.1487,5.17
google,3000,10,linear,True,False,10.0,0.4,0.3,0.3,0,auto,WOA,random,13,0.3333333333333333,E23,32.21,189.31,41,2.587894,85.1187,7.8154,0.0,0,28.6979,4.8168,61.779,0.0,True,26.0,4840,6.2558,4.76
google,3000,10,linear,True,False,10.0,0.4,0.3,0.3,0,auto,WOA,random,14,0.3333333333333333,E23,32.21,189.31,41,2.593108,85.0887,7.6297,0.0,0,28.6979,4.8073,61.733,0.0,True,26.0,4840,6.2815,4.99
google,3000,10,linear,True,False,10.0,0.4,0.3,0.3,0,auto,WOA,random,15,0.3333333333333333,E23,32.21,189.31,41,2.601828,85.0386,7.3191,0.0,0,28.8479,4.8234,61.214,0.0,True,26.5,4840,6.5088,4.6
google,3000,10,linear,True,False,10.0,0.4,0.3,0.3,0,auto,WOA,carbon,1,0.3333333333333333,E23,32.21,189.31,41,2.583972,85.1413,7.9551,0.0,0,28.6479,4.8254,62.141,0.0,True,26.0,4840,6.2713,4.89
google,3000,10,linear,True,False,10.0,0.4,0.3,0.3,0,auto,WOA,random,1,0.3333333333333333,E23,32.21,189.31,41,2.584333,85.1392,7.9423,0.0,0,28.6979,4.8099,62.468,0.0,True,26.5,4840,6.4893,4.76
google,3000,10,linear,True,False,10.0,0.4,0.3,0.3,0,auto,WOA,random,2,0.3333333333333333,E23,32.21,189.31,41,2.585127,85.1346,7.914,0.0,0,28.6979,4.8228,61.955,0.0,True,26.0,4840,6.4924,4.87
google,3000,10,linear,True,False,10.0,0.4,0.3,0.3,0,auto,WOA,random,3,0.3333333333333333,E23,32.21,189.31,41,2.580825,85.1594,8.0672,0.0,0,28.6479,4.8074,62.233,0.0,True,26.0,4840,6.4589,4.96
google,3000,10,linear,True,False,10.0,0.4,0.3,0.3,0,auto,WOA,random,4,0.3333333333333333,E23,32.21,189.31,41,2.5958,85.0732,7.5338,0.0,0,28.6979,4.7908,62.398,0.0,True,26.5,4840,6.5669,4.92
google,3000,10,linear,True,False,10.0,0.4,0.3,0.3,0,auto,WOA,random,5,0.3333333333333333,E23,32.21,189.31,41,2.594263,85.0821,7.5886,0.0,0,28.8479,4.8178,62.033,0.0,True,27.0,4840,6.5603,4.43
google,3000,10,linear,True,False,10.0,0.4,0.3,0.3,0,auto,WOA,random,6,0.3333333333333333,E23,32.21,189.31,41,2.597267,85.0648,7.4816,0.0,0,28.7479,4.8264,60.934,0.0,True,25.5,4840,6.5771,4.57
google,3000,10,linear,True,False,10.0,0.4,0.3,0.3,0,auto,WOA,random,7,0.3333333333333333,E23,32.21,189.31,41,2.590746,85.1023,7.7139,0.0,0,28.7479,4.8226,61.355,0.0,True,26.0,4840,6.8338,5.01
google,3000,10,linear,True,False,10.0,0.4,0.3,0.3,0,auto,WOA,random,8,0.3333333333333333,E23,32.21,189.31,41,2.585032,85.1352,7.9174,0.0,0,28.6479,4.798,62.028,0.0,True,26.0,4840,6.701,4.73
google,3000,10,linear,True,False,10.0,0.4,0.3,0.3,0,auto,WOA,carbon,2,0.3333333333333333,E23,32.21,189.31,41,2.565475,85.2476,8.614,0.0,0,28.5479,4.7938,63.551,0.0,True,26.5,4840,6.1357,5.56
google,3000,10,linear,True,False,10.0,0.4,0.3,0.3,0,auto,WOA,carbon,3,0.3333333333333333,E23,32.21,189.31,41,2.582394,85.1503,8.0114,0.0,0,28.7479,4.8324,62.017,0.0,True,26.5,4840,6.1855,4.73
google,3000,10,linear,True,False,10.0,0.4,0.3,0.3,0,auto,WOA,carbon,4,0.3333333333333333,E23,32.21,189.31,41,2.590179,85.1056,7.7341,0.0,0,28.6979,4.7975,62.391,0.0,True,26.5,4840,6.1513,5.17
google,3000,10,linear,True,False,10.0,0.4,0.3,0.3,0,auto,WOA,carbon,5,0.3333333333333333,E23,32.21,189.31,41,2.55392,85.3141,9.0256,0.0,0,28.3479,4.7575,63.717,0.0,True,25.5,4840,6.1675,4.71
google,3000,10,linear,True,False,10.0,0.4,0.3,0.3,0,auto,WOA,carbon,6,0.3333333333333333,E23,32.21,189.31,41,2.597574,85.063,7.4706,0.0,0,28.7479,4.8269,60.693,0.0,True,25.5,4840,6.1803,4.87
google,3000,10,linear,True,False,10.0,0.4,0.3,0.3,0,auto,WOA,carbon,7,0.3333333333333333,E23,32.21,189.31,41,2.573265,85.2028,8.3366,0.0,0,28.5479,4.7872,62.883,0.0,True,26.0,4840,6.3746,5.05
google,3000,10,linear,True,False,10.0,0.4,0.3,0.3,0,auto,WOA,carbon,8,0.3333333333333333,E23,32.21,189.31,41,2.594841,85.0788,7.568,0.0,0,28.7479,4.8089,62.162,0.0,True,26.5,4840,6.4262,4.66
google,3000,10,linear,True,False,10.0,0.4,0.3,0.3,0,auto,WOA,carbon,9,0.3333333333333333,E23,32.21,189.31,41,2.583652,85.1431,7.9665,0.0,0,28.7979,4.8091,61.701,0.0,True,26.5,4840,6.306,4.87
google,3000,10,linear,True,False,10.0,0.4,0.3,0.3,0,0.25,WOA,random,14,0.3333333333333333,E23,32.21,189.31,41,2.254898,86.9506,10.4861,0.0,0,25.6479,4.2225,77.638,0.0,True,27.0,4840,6.2165,4.78
google,3000,10,linear,True,False,10.0,0.4,0.3,0.3,0,0.25,WOA,random,15,0.3333333333333333,E23,32.21,189.31,41,2.253211,86.9603,10.553,0.0,0,25.4979,4.2075,79.083,0.0,True,26.0,4840,6.2216,5.21
google,3000,10,linear,True,False,10.0,0.4,0.3,0.3,0,0.25,WOA,carbon,1,0.3333333333333333,E23,32.21,189.31,41,2.279006,86.811,9.529,0.0,0,25.7479,4.2439,76.323,0.0,True,27.0,4840,6.1475,4.78
google,3000,10,linear,True,False,10.0,0.4,0.3,0.3,0,0.25,WOA,carbon,2,0.3333333333333333,E23,32.21,189.31,41,2.262531,86.9064,10.1831,0.0,0,25.9479,4.2819,73.191,0.0,True,26.5,4840,6.2517,4.87
google,3000,10,linear,True,False,10.0,0.4,0.3,0.3,0,0.25,WOA,carbon,3,0.3333333333333333,E23,32.21,189.31,41,2.260762,86.9166,10.2533,0.0,0,25.5979,4.2416,77.701,0.0,True,26.5,4840,6.4195,4.64
google,3000,10,linear,True,False,10.0,0.4,0.3,0.3,0,0.25,WOA,carbon,4,0.3333333333333333,E23,32.21,189.31,41,2.257056,86.9381,10.4004,0.0,0,25.7979,4.2564,75.811,0.0,True,27.0,4840,6.3439,4.8
google,3000,10,linear,True,False,10.0,0.4,0.3,0.3,0,0.25,WOA,carbon,5,0.3333333333333333,E23,32.21,189.31,41,2.252594,86.9639,10.5775,0.0,0,25.5479,4.2101,78.257,0.0,True,26.5,4840,6.1235,4.99
google,3000,10,linear,True,False,10.0,0.4,0.3,0.3,0,0.25,WOA,carbon,6,0.3333333333333333,E23,32.21,189.31,41,2.268396,86.8724,9.9502,0.0,0,25.7979,4.2518,76.209,0.0,True,27.0,4840,6.0656,4.41
google,3000,10,linear,True,False,10.0,0.4,0.3,0.3,0,0.25,WOA,random,6,0.3333333333333333,E23,32.21,189.31,41,2.28111,86.7989,9.4455,0.0,0,25.8979,4.2739,74.898,0.0,True,27.5,4840,6.1844,4.71
google,3000,10,linear,True,False,10.0,0.4,0.3,0.3,0,0.25,WOA,random,7,0.3333333333333333,E23,32.21,189.31,41,2.262625,86.9058,10.1793,0.0,0,25.6479,4.2373,77.371,0.0,True,27.0,4840,6.2295,4.78
google,3000,10,linear,True,False,10.0,0.4,0.3,0.3,0,0.25,WOA,random,8,0.3333333333333333,E23,32.21,189.31,41,2.274858,86.835,9.6937,0.0,0,25.7979,4.2494,75.834,0.0,True,27.0,4840,6.1766,4.66
google,3000,10,linear,True,False,10.0,0.4,0.3,0.3,0,0.25,WOA,random,9,0.3333333333333333,E23,32.21,189.31,41,2.265188,86.891,10.0776,0.0,0,25.6479,4.244,77.332,0.0,True,26.5,4840,6.351,4.76
google,3000,10,linear,True,False,10.0,0.4,0.3,0.3,0,0.25,WOA,random,10,0.3333333333333333,E23,32.21,189.31,41,2.259815,86.9221,10.2909,0.0,0,25.5479,4.223,78.122,0.0,True,26.5,4840,6.502,4.69
google,3000,10,linear,True,False,10.0,0.4,0.3,0.3,0,0.25,WOA,random,11,0.3333333333333333,E23,32.21,189.31,41,2.269019,86.8688,9.9255,0.0,0,25.7479,4.2472,76.649,0.0,True,27.0,4840,6.4596,4.48
google,3000,10,linear,True,False,10.0,0.4,0.3,0.3,0,0.25,WOA,random,12,0.3333333333333333,E23,32.21,189.31,41,2.25461,86.9522,10.4975,0.0,0,25.4979,4.2162,78.879,0.0,True,26.0,4840,6.1644,5.12
google,3000,10,linear,True,False,10.0,0.4,0.3,0.3,0,0.25,WOA,random,13,0.3333333333333333,E23,32.21,189.31,41,2.269328,86.867,9.9132,0.0,0,25.7479,4.2475,76.839,0.0,True,27.0,4840,6.2146,4.92
google,3000,10,linear,True,False,10.0,0.4,0.3,0.3,0,0.5,WOA,carbon,12,0.3333333333333333,E23,32.21,189.31,41,2.587609,85.1203,7.8256,0.0,0,28.6979,4.8078,61.89,0.0,True,26.0,4840,6.4136,5.01
google,3000,10,linear,True,False,10.0,0.4,0.3,0.3,0,0.5,WOA,carbon,13,0.3333333333333333,E23,32.21,189.31,41,2.565152,85.2495,8.6255,0.0,0,28.6979,4.8239,61.777,0.0,True,26.0,4840,6.257,5.08
google,3000,10,linear,True,False,10.0,0.4,0.3,0.3,0,0.5,WOA,carbon,14,0.3333333333333333,E23,32.21,189.31,41,2.593011,85.0893,7.6332,0.0,0,28.6479,4.801,62.233,0.0,True,26.0,4840,6.104,4.82
google,3000,10,linear,True,False,10.0,0.4,0.3,0.3,0,0.5,WOA,carbon,15,0.3333333333333333,E23,32.21,189.31,41,2.585261,85.1338,7.9092,0.0,0,28.6979,4.8221,62.276,0.0,True,26.5,4840,6.1754,5.1
google,3000,20,linear,True,False,10.0,0.4,0.3,0.3,0,0,FIFO,-,0,0.3333333333333333,E23,32.21,189.31,41,17.178947,0.0,-661.1925,0.0,0,191.5479,31.2652,5.333,8.1908,False,24.5,0,0.0,0.0
google,3000,20,linear,True,False,10.0,0.4,0.3,0.3,0,0,Consolidation,-,0,0.3333333333333333,E23,32.21,189.31,41,2.256847,86.8627,0.0,0.0,0,24.9479,4.0702,66.586,8.1908,False,24.5,0,0.0,0.0
google,3000,20,linear,True,False,10.0,0.4,0.3,0.3,0,0,Greedy(EDF+greenest),-,0,0.3333333333333333,E23,32.21,189.31,41,1.821021,89.3997,19.3113,0.0,0,24.3979,3.9041,74.278,24.0994,False,26.0,0,0.0003,0.0
google,3000,20,linear,True,False,10.0,0.4,0.3,0.3,0,0,VCC(Google),-,0,0.3333333333333333,E23,32.21,189.31,41,2.251718,86.8926,0.2273,0.0,0,24.9479,4.0702,69.198,0.0,True,24.5,0,0.0106,0.0
google,3000,10,linear,True,False,10.0,0.4,0.3,0.3,0,0.25,WOA,carbon,7,0.3333333333333333,E23,32.21,189.31,41,2.278379,86.8147,9.5539,0.0,0,25.5979,4.2243,77.632,0.0,True,26.5,4840,6.1803,4.83
google,3000,10,linear,True,False,10.0,0.4,0.3,0.3,0,0.25,WOA,carbon,8,0.3333333333333333,E23,32.21,189.31,41,2.257979,86.9327,10.3637,0.0,0,25.7479,4.2551,77.144,0.0,True,27.0,4840,6.0806,4.99
google,3000,10,linear,True,False,10.0,0.4,0.3,0.3,0,0.25,WOA,carbon,9,0.3333333333333333,E23,32.21,189.31,41,2.252835,86.9625,10.5679,0.0,0,25.7479,4.2333,76.432,0.0,True,27.0,4840,6.2107,5.21
google,3000,10,linear,True,False,10.0,0.4,0.3,0.3,0,0.25,WOA,carbon,10,0.3333333333333333,E23,32.21,189.31,41,2.257203,86.9372,10.3945,0.0,0,25.7979,4.2519,75.644,0.0,True,27.0,4840,6.2985,4.69
google,3000,10,linear,True,False,10.0,0.4,0.3,0.3,0,0.25,WOA,carbon,11,0.3333333333333333,E23,32.21,189.31,41,2.263996,86.8979,10.1249,0.0,0,25.7979,4.2581,75.273,0.0,True,26.5,4840,6.4381,5.05
google,3000,10,linear,True,False,10.0,0.4,0.3,0.3,0,0.25,WOA,carbon,12,0.3333333333333333,E23,32.21,189.31,41,2.244094,87.0131,10.915,0.0,0,25.5979,4.2443,78.088,0.0,True,26.5,4840,6.2113,4.87
google,3000,10,linear,True,False,10.0,0.4,0.3,0.3,0,0.25,WOA,carbon,13,0.3333333333333333,E23,32.21,189.31,41,2.259567,86.9235,10.3007,0.0,0,25.7479,4.2565,76.277,0.0,True,26.5,4840,6.1485,4.73
google,3000,10,linear,True,False,10.0,0.4,0.3,0.3,0,0.25,WOA,carbon,14,0.3333333333333333,E23,32.21,189.31,41,2.266976,86.8807,10.0066,0.0,0,25.5979,4.2187,77.983,0.0,True,26.5,4840,6.2048,5.05
google,3000,20,linear,True,False,10.0,0.4,0.3,0.3,0,auto,Consolidation,-,0,0.3333333333333333,E23,32.21,189.31,41,2.807297,83.8571,0.0,0.0,0,30.8479,5.1052,42.345,8.1908,False,24.5,0,0.0,0.0
google,3000,20,linear,True,False,10.0,0.4,0.3,0.3,0,auto,Greedy(EDF+greenest),-,0,0.3333333333333333,E23,32.21,189.31,41,2.662171,84.6916,5.1696,0.0,0,32.8479,5.3591,29.92,24.0994,False,26.0,0,0.0003,0.0
google,3000,20,linear,True,False,10.0,0.4,0.3,0.3,0,auto,VCC(Google),-,0,0.3333333333333333,E23,32.21,189.31,41,2.757668,84.1424,1.7679,0.0,0,30.3979,5.0377,46.116,0.0,True,24.5,0,0.0105,0.0
google,3000,20,linear,True,False,10.0,0.4,0.3,0.3,0,auto,Threshold(WaitAwhile),-,0,0.3333333333333333,E23,32.21,189.31,41,2.826317,83.7477,-0.6775,0.0,0,31.3979,5.1416,40.287,8.1908,False,25.5,0,0.0439,0.0
google,3000,20,linear,True,False,10.0,0.4,0.3,0.3,0,auto,WOA,random,1,0.3333333333333333,E23,32.21,189.31,41,2.579464,85.1672,8.1157,0.0,0,28.6479,4.8029,62.72,0.0,True,26.5,4840,6.1791,4.64
google,3000,20,linear,True,False,10.0,0.4,0.3,0.3,0,auto,WOA,random,2,0.3333333333333333,E23,32.21,189.31,41,2.583178,85.1458,7.9834,0.0,0,28.6479,4.8136,62.108,0.0,True,26.0,4840,6.2936,4.53
google,3000,20,linear,True,False,10.0,0.4,0.3,0.3,0,auto,WOA,random,3,0.3333333333333333,E23,32.21,189.31,41,2.582103,85.152,8.0217,0.0,0,28.6979,4.8114,62.351,0.0,True,26.5,4840,6.2078,4.96
google,3000,20,linear,True,False,10.0,0.4,0.3,0.3,0,auto,WOA,random,4,0.3333333333333333,E23,32.21,189.31,41,2.578513,85.1726,8.1496,0.0,0,28.4979,4.7741,62.706,0.0,True,25.5,4840,6.2177,4.94
google,3000,20,linear,True,False,10.0,0.4,0.3,0.3,0,auto,WOA,carbon,14,0.3333333333333333,E23,32.21,189.31,41,2.555957,85.3024,8.9531,0.0,0,28.8979,4.8573,60.214,0.0,True,26.0,4840,6.1333,5.12
google,3000,20,linear,True,False,10.0,0.4,0.3,0.3,0,auto,WOA,carbon,15,0.3333333333333333,E23,32.21,189.31,41,2.570192,85.2205,8.446,0.0,0,28.6979,4.8065,60.991,0.0,True,25.5,4840,6.2018,5.08
google,3000,20,linear,True,False,10.0,0.4,0.3,0.3,0,0.25,FIFO,-,0,0.3333333333333333,E23,32.21,189.31,41,17.390247,0.0,-519.4659,0.0,0,193.7479,31.6627,4.382,8.1908,False,24.5,0,0.0,0.0
google,3000,20,linear,True,False,10.0,0.4,0.3,0.3,0,0.25,Consolidation,-,0,0.3333333333333333,E23,32.21,189.31,41,2.807297,83.8571,0.0,0.0,0,30.8479,5.1052,42.345,8.1908,False,24.5,0,0.0,0.0
google,3000,20,linear,True,False,10.0,0.4,0.3,0.3,0,0.25,Greedy(EDF+greenest),-,0,0.3333333333333333,E23,32.21,189.31,41,2.662171,84.6916,5.1696,0.0,0,32.8479,5.3591,29.92,24.0994,False,26.0,0,0.0003,0.0
google,3000,20,linear,True,False,10.0,0.4,0.3,0.3,0,0.25,VCC(Google),-,0,0.3333333333333333,E23,32.21,189.31,41,2.757668,84.1424,1.7679,0.0,0,30.3979,5.0377,46.116,0.0,True,24.5,0,0.0105,0.0
google,3000,20,linear,True,False,10.0,0.4,0.3,0.3,0,0.25,Threshold(WaitAwhile),-,0,0.3333333333333333,E23,32.21,189.31,41,2.826317,83.7477,-0.6775,0.0,0,31.3979,5.1416,40.287,8.1908,False,25.5,0,0.0441,0.0
google,3000,20,linear,True,False,10.0,0.4,0.3,0.3,0,0.25,WOA,random,1,0.3333333333333333,E23,32.21,189.31,41,2.579464,85.1672,8.1157,0.0,0,28.6479,4.8029,62.72,0.0,True,26.5,4840,6.2797,4.64
google,3000,20,linear,True,False,10.0,0.4,0.3,0.3,0,0,Threshold(WaitAwhile),-,0,0.3333333333333333,E23,32.21,189.31,41,2.155067,87.4552,4.5098,0.0,0,24.6479,3.9416,75.225,8.1908,False,25.5,0,0.0443,0.0
google,3000,20,linear,True,False,10.0,0.4,0.3,0.3,0,0,WOA,random,1,0.3333333333333333,E23,32.21,189.31,41,2.127457,87.6159,5.7332,0.0,0,24.8479,4.0918,78.164,0.0,True,28.5,4840,6.4923,4.94
google,3000,20,linear,True,False,10.0,0.4,0.3,0.3,0,0,WOA,random,2,0.3333333333333333,E23,32.21,189.31,41,2.119972,87.6595,6.0649,0.0,0,24.8479,4.1074,79.017,0.0,True,28.5,4840,6.2037,4.6
google,3000,20,linear,True,False,10.0,0.4,0.3,0.3,0,0,WOA,random,3,0.3333333333333333,E23,32.21,189.31,41,2.135951,87.5665,5.3569,0.0,0,24.8979,4.1212,80.157,0.0,True,28.5,4840,6.1047,4.69
google,3000,20,linear,True,False,10.0,0.4,0.3,0.3,0,0,WOA,random,4,0.3333333333333333,E23,32.21,189.31,41,2.117139,87.676,6.1904,0.0,0,24.6979,4.07,83.226,0.0,True,28.0,4840,6.1869,4.85
google,3000,20,linear,True,False,10.0,0.4,0.3,0.3,0,0,WOA,random,5,0.3333333333333333,E23,32.21,189.31,41,2.119686,87.6611,6.0776,0.0,0,24.7479,4.056,81.851,0.0,True,28.0,4840,6.1693,4.73
google,3000,20,linear,True,False,10.0,0.4,0.3,0.3,0,0,WOA,random,6,0.3333333333333333,E23,32.21,189.31,41,2.135425,87.5695,5.3802,0.0,0,24.9979,4.1345,78.656,0.0,True,28.0,4840,6.2011,4.92
google,3000,20,linear,True,False,10.0,0.4,0.3,0.3,0,0,WOA,random,7,0.3333333333333333,E23,32.21,189.31,41,2.1182,87.6698,6.1434,0.0,0,24.7479,4.0615,81.928,0.0,True,28.0,4840,6.2726,4.53
google,3000,10,linear,True,False,10.0,0.4,0.3,0.3,0,0.5,WOA,random,3,0.3333333333333333,E23,32.21,189.31,41,2.580825,85.1594,8.0672,0.0,0,28.6479,4.8074,62.233,0.0,True,26.0,4840,6.4018,4.96
google,3000,10,linear,True,False,10.0,0.4,0.3,0.3,0,0.5,WOA,random,4,0.3333333333333333,E23,32.21,189.31,41,2.5958,85.0732,7.5338,0.0,0,28.6979,4.7908,62.398,0.0,True,26.5,4840,6.4638,4.92
google,3000,10,linear,True,False,10.0,0.4,0.3,0.3,0,0.5,WOA,random,5,0.3333333333333333,E23,32.21,189.31,41,2.594263,85.0821,7.5886,0.0,0,28.8479,4.8178,62.033,0.0,True,27.0,4840,6.2155,4.44
google,3000,10,linear,True,False,10.0,0.4,0.3,0.3,0,0.5,WOA,random,6,0.3333333333333333,E23,32.21,189.31,41,2.597267,85.0648,7.4816,0.0,0,28.7479,4.8264,60.934,0.0,True,25.5,4840,6.0971,4.57
google,3000,10,linear,True,False,10.0,0.4,0.3,0.3,0,0.5,WOA,random,7,0.3333333333333333,E23,32.21,189.31,41,2.590746,85.1023,7.7139,0.0,0,28.7479,4.8226,61.355,0.0,True,26.0,4840,6.2515,5.01
google,3000,10,linear,True,False,10.0,0.4,0.3,0.3,0,0.5,WOA,random,8,0.3333333333333333,E23,32.21,189.31,41,2.585032,85.1352,7.9174,0.0,0,28.6479,4.798,62.028,0.0,True,26.0,4840,6.1726,4.73
google,3000,10,linear,True,False,10.0,0.4,0.3,0.3,0,0.5,WOA,random,9,0.3333333333333333,E23,32.21,189.31,41,2.591295,85.0991,7.6943,0.0,0,28.6979,4.8231,61.223,0.0,True,25.5,4840,6.2709,5.21
google,3000,10,linear,True,False,10.0,0.4,0.3,0.3,0,0.5,WOA,random,10,0.3333333333333333,E23,32.21,189.31,41,2.58608,85.1291,7.88,0.0,0,28.6479,4.8084,62.8,0.0,True,26.5,4840,6.3139,4.78
google,3000,10,linear,True,False,10.0,0.4,0.3,0.3,0,0.5,WOA,carbon,4,0.3333333333333333,E23,32.21,189.31,41,2.590179,85.1056,7.7341,0.0,0,28.6979,4.7975,62.391,0.0,True,26.5,4840,6.4087,5.17
google,3000,10,linear,True,False,10.0,0.4,0.3,0.3,0,0.5,WOA,carbon,5,0.3333333333333333,E23,32.21,189.31,41,2.55392,85.3141,9.0256,0.0,0,28.3479,4.7575,63.717,0.0,True,25.5,4840,6.2781,4.71
google,3000,10,linear,True,False,10.0,0.4,0.3,0.3,0,0.5,WOA,carbon,6,0.3333333333333333,E23,32.21,189.31,41,2.597574,85.063,7.4706,0.0,0,28.7479,4.8269,60.693,0.0,True,25.5,4840,6.0499,4.87
google,3000,10,linear,True,False,10.0,0.4,0.3,0.3,0,0.5,WOA,carbon,7,0.3333333333333333,E23,32.21,189.31,41,2.573265,85.2028,8.3366,0.0,0,28.5479,4.7872,62.883,0.0,True,26.0,4840,6.1479,5.05
google,3000,10,linear,True,False,10.0,0.4,0.3,0.3,0,0.5,WOA,carbon,8,0.3333333333333333,E23,32.21,189.31,41,2.594841,85.0788,7.568,0.0,0,28.7479,4.8089,62.162,0.0,True,26.5,4840,6.0998,4.66
google,3000,10,linear,True,False,10.0,0.4,0.3,0.3,0,0.5,WOA,carbon,9,0.3333333333333333,E23,32.21,189.31,41,2.583652,85.1431,7.9665,0.0,0,28.7979,4.8091,61.701,0.0,True,26.5,4840,6.1826,4.87
google,3000,10,linear,True,False,10.0,0.4,0.3,0.3,0,0.5,WOA,carbon,10,0.3333333333333333,E23,32.21,189.31,41,2.594007,85.0836,7.5977,0.0,0,28.7979,4.8344,61.795,0.0,True,26.5,4840,6.273,4.89
google,3000,10,linear,True,False,10.0,0.4,0.3,0.3,0,0.5,WOA,carbon,11,0.3333333333333333,E23,32.21,189.31,41,2.577294,85.1797,8.193,0.0,0,28.5979,4.8004,62.532,0.0,True,26.0,4840,6.1135,4.6
google,3000,10,linear,True,False,10.0,0.4,0.3,0.3,0,0.5,WOA,random,11,0.3333333333333333,E23,32.21,189.31,41,2.575748,85.1885,8.2481,0.0,0,28.5979,4.7857,62.57,0.0,True,26.0,4840,6.5001,4.76
google,3000,10,linear,True,False,10.0,0.4,0.3,0.3,0,0.5,WOA,random,12,0.3333333333333333,E23,32.21,189.31,41,2.544828,85.3664,9.3495,0.0,0,28.1979,4.7354,64.853,0.0,True,25.5,4840,6.2766,5.17
google,3000,10,linear,True,False,10.0,0.4,0.3,0.3,0,0.5,WOA,random,13,0.3333333333333333,E23,32.21,189.31,41,2.587894,85.1187,7.8154,0.0,0,28.6979,4.8168,61.779,0.0,True,26.0,4840,6.2128,4.76
google,3000,10,linear,True,False,10.0,0.4,0.3,0.3,0,0.5,WOA,random,14,0.3333333333333333,E23,32.21,189.31,41,2.593108,85.0887,7.6297,0.0,0,28.6979,4.8073,61.733,0.0,True,26.0,4840,6.1603,4.99
google,3000,10,linear,True,False,10.0,0.4,0.3,0.3,0,0.5,WOA,random,15,0.3333333333333333,E23,32.21,189.31,41,2.601828,85.0386,7.3191,0.0,0,28.8479,4.8234,61.214,0.0,True,26.5,4840,6.2557,4.6
google,3000,10,linear,True,False,10.0,0.4,0.3,0.3,0,0.5,WOA,carbon,1,0.3333333333333333,E23,32.21,189.31,41,2.583972,85.1413,7.9551,0.0,0,28.6479,4.8254,62.141,0.0,True,26.0,4840,6.1716,4.89
google,3000,10,linear,True,False,10.0,0.4,0.3,0.3,0,0.5,WOA,carbon,2,0.3333333333333333,E23,32.21,189.31,41,2.565475,85.2476,8.614,0.0,0,28.5479,4.7938,63.551,0.0,True,26.5,4840,6.2118,5.56
google,3000,10,linear,True,False,10.0,0.4,0.3,0.3,0,0.5,WOA,carbon,3,0.3333333333333333,E23,32.21,189.31,41,2.582394,85.1503,8.0114,0.0,0,28.7479,4.8324,62.017,0.0,True,26.5,4840,6.1677,4.73
google,3000,20,linear,True,False,10.0,0.4,0.3,0.3,0,0,WOA,random,8,0.3333333333333333,E23,32.21,189.31,41,2.124506,87.6331,5.864,0.0,0,24.7479,4.0888,81.34,0.0,True,28.0,4840,6.2053,5.26
google,3000,20,linear,True,False,10.0,0.4,0.3,0.3,0,0,WOA,random,9,0.3333333333333333,E23,32.21,189.31,41,2.128688,87.6087,5.6787,0.0,0,24.8979,4.1108,78.223,0.0,True,28.5,4840,6.1444,4.8
google,3000,20,linear,True,False,10.0,0.4,0.3,0.3,0,0,WOA,random,10,0.3333333333333333,E23,32.21,189.31,41,2.125828,87.6254,5.8054,0.0,0,24.8479,4.0892,81.39,0.0,True,28.0,4840,6.1772,4.92
google,3000,20,linear,True,False,10.0,0.4,0.3,0.3,0,0,WOA,random,11,0.3333333333333333,E23,32.21,189.31,41,2.113376,87.6979,6.3571,0.0,0,24.7979,4.0742,80.971,0.0,True,28.0,4840,6.1571,4.78
google,3000,20,linear,True,False,10.0,0.4,0.3,0.3,0,0,WOA,random,12,0.3333333333333333,E23,32.21,189.31,41,2.121141,87.6527,6.0131,0.0,0,24.7479,4.0753,81.364,0.0,True,28.5,4840,6.1573,4.78
google,3000,20,linear,True,False,10.0,0.4,0.3,0.3,0,0,WOA,random,13,0.3333333333333333,E23,32.21,189.31,41,2.130515,87.5981,5.5977,0.0,0,24.8479,4.1104,80.524,0.0,True,28.0,4840,6.2483,4.73
google,3000,20,linear,True,False,10.0,0.4,0.3,0.3,0,0,WOA,random,14,0.3333333333333333,E23,32.21,189.31,41,2.110498,87.7146,6.4847,0.0,0,24.7479,4.0709,82.577,0.0,True,27.5,4840,6.1465,4.92
google,3000,20,linear,True,False,10.0,0.4,0.3,0.3,0,0,WOA,random,15,0.3333333333333333,E23,32.21,189.31,41,2.128302,87.611,5.6958,0.0,0,24.7979,4.1032,79.027,0.0,True,28.0,4840,6.3535,5.08
google,3000,20,linear,True,False,10.0,0.4,0.3,0.3,0,0,WOA,carbon,9,0.3333333333333333,E23,32.21,189.31,41,2.076653,87.9116,7.9843,0.0,0,24.8979,4.0704,77.633,0.0,True,28.0,4840,6.3754,4.94
google,3000,20,linear,True,False,10.0,0.4,0.3,0.3,0,0,WOA,carbon,10,0.3333333333333333,E23,32.21,189.31,41,1.926062,88.7882,14.6569,0.0,0,24.5479,3.9345,78.543,0.0,True,26.5,4840,6.4026,4.69
google,3000,20,linear,True,False,10.0,0.4,0.3,0.3,0,0,WOA,carbon,11,0.3333333333333333,E23,32.21,189.31,41,1.972363,88.5187,12.6053,0.0,0,24.7479,3.9673,77.951,0.0,True,26.5,4840,6.4011,4.92
google,3000,20,linear,True,False,10.0,0.4,0.3,0.3,0,0,WOA,carbon,12,0.3333333333333333,E23,32.21,189.31,41,1.992836,88.3995,11.6982,0.0,0,24.7979,3.9971,80.012,0.0,True,27.0,4840,6.3827,4.73
google,3000,20,linear,True,False,10.0,0.4,0.3,0.3,0,0,WOA,carbon,13,0.3333333333333333,E23,32.21,189.31,41,2.07027,87.9488,8.2672,0.0,0,24.6479,4.0665,81.388,0.0,True,28.0,4840,6.5295,4.48
google,3000,20,linear,True,False,10.0,0.4,0.3,0.3,0,0,WOA,carbon,14,0.3333333333333333,E23,32.21,189.31,41,2.067443,87.9653,8.3924,0.0,0,24.7979,4.0089,80.391,0.0,True,27.0,4840,6.3944,5.24
google,3000,20,linear,True,False,10.0,0.4,0.3,0.3,0,0,WOA,carbon,15,0.3333333333333333,E23,32.21,189.31,41,2.057277,88.0244,8.8429,0.0,0,24.7479,4.0893,80.323,0.0,True,28.0,4840,6.6735,4.99
google,3000,20,linear,True,False,10.0,0.4,0.3,0.3,0,auto,FIFO,-,0,0.3333333333333333,E23,32.21,189.31,41,17.390247,0.0,-519.4659,0.0,0,193.7479,31.6627,4.382,8.1908,False,24.5,0,0.0,0.0
google,3000,20,linear,True,False,10.0,0.4,0.3,0.3,0,0,WOA,carbon,1,0.3333333333333333,E23,32.21,189.31,41,2.117318,87.6749,6.1825,0.0,0,24.7479,4.0976,80.127,0.0,True,28.0,4840,6.0691,4.57
google,3000,20,linear,True,False,10.0,0.4,0.3,0.3,0,0,WOA,carbon,2,0.3333333333333333,E23,32.21,189.31,41,2.097129,87.7924,7.077,0.0,0,24.7979,4.056,79.553,0.0,True,28.0,4840,6.1161,4.85
google,3000,20,linear,True,False,10.0,0.4,0.3,0.3,0,0,WOA,carbon,3,0.3333333333333333,E23,32.21,189.31,41,2.093143,87.8157,7.2537,0.0,0,24.7479,4.1017,80.745,0.0,True,28.0,4840,6.1022,4.78
google,3000,20,linear,True,False,10.0,0.4,0.3,0.3,0,0,WOA,carbon,4,0.3333333333333333,E23,32.21,189.31,41,2.017917,88.2535,10.5869,0.0,0,24.7979,4.064,77.498,0.0,True,26.5,4840,6.1018,4.98
google,3000,20,linear,True,False,10.0,0.4,0.3,0.3,0,0,WOA,carbon,5,0.3333333333333333,E23,32.21,189.31,41,2.039432,88.1283,9.6336,0.0,0,24.6979,4.0025,83.029,0.0,True,27.0,4840,6.1752,5.28
google,3000,20,linear,True,False,10.0,0.4,0.3,0.3,0,0,WOA,carbon,6,0.3333333333333333,E23,32.21,189.31,41,2.014701,88.2723,10.7294,0.0,0,24.9479,4.0197,75.821,0.0,True,28.0,4840,6.0855,5.01
google,3000,20,linear,True,False,10.0,0.4,0.3,0.3,0,0,WOA,carbon,7,0.3333333333333333,E23,32.21,189.31,41,2.070038,87.9501,8.2774,0.0,0,24.6479,4.0541,81.193,0.0,True,27.5,4840,6.2378,4.99
google,3000,20,linear,True,False,10.0,0.4,0.3,0.3,0,0,WOA,carbon,8,0.3333333333333333,E23,32.21,189.31,41,2.051767,88.0565,9.087,0.0,0,24.5979,4.047,82.546,0.0,True,27.5,4840,6.4987,4.87
google,3000,20,linear,True,False,10.0,0.4,0.3,0.3,0,auto,WOA,random,5,0.3333333333333333,E23,32.21,189.31,41,2.59037,85.1045,7.7272,0.0,0,28.7479,4.8039,62.545,0.0,True,27.0,4840,6.2383,5.4
google,3000,20,linear,True,False,10.0,0.4,0.3,0.3,0,auto,WOA,random,6,0.3333333333333333,E23,32.21,189.31,41,2.580536,85.161,8.0775,0.0,0,28.6979,4.8111,62.561,0.0,True,26.5,4840,6.1549,4.85
google,3000,20,linear,True,False,10.0,0.4,0.3,0.3,0,auto,WOA,random,7,0.3333333333333333,E23,32.21,189.31,41,2.587163,85.1229,7.8415,0.0,0,28.6979,4.8128,61.752,0.0,True,26.0,4840,6.2459,5.1
google,3000,20,linear,True,False,10.0,0.4,0.3,0.3,0,auto,WOA,random,8,0.3333333333333333,E23,32.21,189.31,41,2.595175,85.0768,7.5561,0.0,0,28.7979,4.825,60.996,0.0,True,26.0,4840,6.2426,5.15
google,3000,20,linear,True,False,10.0,0.4,0.3,0.3,0,auto,WOA,random,9,0.3333333333333333,E23,32.21,189.31,41,2.596741,85.0678,7.5003,0.0,0,28.7479,4.8278,61.567,0.0,True,26.0,4840,6.2427,4.92
google,3000,20,linear,True,False,10.0,0.4,0.3,0.3,0,auto,WOA,random,10,0.3333333333333333,E23,32.21,189.31,41,2.563911,85.2566,8.6698,0.0,0,28.4979,4.7917,63.467,0.0,True,26.0,4840,6.5598,5.17
google,3000,20,linear,True,False,10.0,0.4,0.3,0.3,0,auto,WOA,random,11,0.3333333333333333,E23,32.21,189.31,41,2.568581,85.2298,8.5034,0.0,0,28.4979,4.7696,63.285,0.0,True,26.0,4840,6.3777,5.05
google,3000,20,linear,True,False,10.0,0.4,0.3,0.3,0,auto,WOA,random,12,0.3333333333333333,E23,32.21,189.31,41,2.550934,85.3312,9.132,0.0,0,28.3979,4.7687,64.064,0.0,True,26.0,4840,6.0327,5.15
google,3000,20,linear,True,False,10.0,0.4,0.3,0.3,0,auto,WOA,random,13,0.3333333333333333,E23,32.21,189.31,41,2.587909,85.1186,7.8149,0.0,0,28.6979,4.8168,61.781,0.0,True,26.0,4840,6.3147,4.6
google,3000,20,linear,True,False,10.0,0.4,0.3,0.3,0,auto,WOA,random,14,0.3333333333333333,E23,32.21,189.31,41,2.580565,85.1608,8.0765,0.0,0,28.6479,4.7948,62.769,0.0,True,26.5,4840,6.1919,4.78
google,3000,20,linear,True,False,10.0,0.4,0.3,0.3,0,auto,WOA,random,15,0.3333333333333333,E23,32.21,189.31,41,2.552704,85.3211,9.0689,0.0,0,28.4479,4.7662,63.688,0.0,True,26.0,4840,6.3172,4.92
google,3000,20,linear,True,False,10.0,0.4,0.3,0.3,0,auto,WOA,carbon,1,0.3333333333333333,E23,32.21,189.31,41,2.583751,85.1425,7.963,0.0,0,28.6479,4.8249,62.158,0.0,True,26.0,4840,6.2223,5.4
google,3000,20,linear,True,False,10.0,0.4,0.3,0.3,0,auto,WOA,carbon,2,0.3333333333333333,E23,32.21,189.31,41,2.534727,85.4244,9.7093,0.0,0,28.7979,4.8247,61.095,0.0,True,26.0,4840,6.2742,4.85
google,3000,20,linear,True,False,10.0,0.4,0.3,0.3,0,auto,WOA,carbon,3,0.3333333333333333,E23,32.21,189.31,41,2.583051,85.1466,7.988,0.0,0,28.9479,4.8503,59.731,0.0,True,26.0,4840,6.5466,4.94
google,3000,20,linear,True,False,10.0,0.4,0.3,0.3,0,auto,WOA,carbon,4,0.3333333333333333,E23,32.21,189.31,41,2.577801,85.1767,8.175,0.0,0,28.6479,4.7955,62.811,0.0,True,26.5,4840,6.2352,5.24
google,3000,20,linear,True,False,10.0,0.4,0.3,0.3,0,auto,WOA,carbon,5,0.3333333333333333,E23,32.21,189.31,41,2.559497,85.282,8.827,0.0,0,28.3979,4.7678,63.51,0.0,True,25.5,4840,6.0233,4.85
google,3000,20,linear,True,False,10.0,0.4,0.3,0.3,0,auto,WOA,carbon,6,0.3333333333333333,E23,32.21,189.31,41,2.523107,85.4913,10.1233,0.0,0,28.7479,4.7982,60.738,0.0,True,25.5,4840,6.1669,4.64
google,3000,20,linear,True,False,10.0,0.4,0.3,0.3,0,auto,WOA,carbon,7,0.3333333333333333,E23,32.21,189.31,41,2.562554,85.2644,8.7181,0.0,0,28.5979,4.7959,62.479,0.0,True,26.0,4840,6.1958,5.63
google,3000,20,linear,True,False,10.0,0.4,0.3,0.3,0,auto,WOA,carbon,8,0.3333333333333333,E23,32.21,189.31,41,2.588573,85.1148,7.7913,0.0,0,28.6979,4.8069,62.45,0.0,True,26.5,4840,6.2285,4.73
google,3000,20,linear,True,False,10.0,0.4,0.3,0.3,0,auto,WOA,carbon,9,0.3333333333333333,E23,32.21,189.31,41,2.579262,85.1683,8.1229,0.0,0,28.6979,4.7982,62.348,0.0,True,26.5,4840,6.0906,4.92
google,3000,20,linear,True,False,10.0,0.4,0.3,0.3,0,auto,WOA,carbon,10,0.3333333333333333,E23,32.21,189.31,41,2.57142,85.2134,8.4023,0.0,0,28.5479,4.7816,62.167,0.0,True,25.5,4840,6.321,4.69
google,3000,20,linear,True,False,10.0,0.4,0.3,0.3,0,auto,WOA,carbon,11,0.3333333333333333,E23,32.21,189.31,41,2.562837,85.2628,8.708,0.0,0,28.3979,4.7767,63.257,0.0,True,25.5,4840,6.6167,4.8
google,3000,20,linear,True,False,10.0,0.4,0.3,0.3,0,auto,WOA,carbon,12,0.3333333333333333,E23,32.21,189.31,41,2.57042,85.2192,8.4379,0.0,0,28.8979,4.8147,60.221,0.0,True,26.0,4840,5.9698,5.1
google,3000,20,linear,True,False,10.0,0.4,0.3,0.3,0,auto,WOA,carbon,13,0.3333333333333333,E23,32.21,189.31,41,2.55082,85.3319,9.1361,0.0,0,28.6979,4.8166,61.925,0.0,True,26.0,4840,6.0044,5.17
google,3000,20,linear,True,False,10.0,0.4,0.3,0.3,0,0.25,WOA,carbon,11,0.3333333333333333,E23,32.21,189.31,41,2.562837,85.2628,8.708,0.0,0,28.3979,4.7767,63.257,0.0,True,25.5,4840,6.258,4.8
google,3000,20,linear,True,False,10.0,0.4,0.3,0.3,0,0.25,WOA,carbon,12,0.3333333333333333,E23,32.21,189.31,41,2.57042,85.2192,8.4379,0.0,0,28.8979,4.8147,60.221,0.0,True,26.0,4840,6.4366,5.1
google,3000,20,linear,True,False,10.0,0.4,0.3,0.3,0,0.25,WOA,carbon,13,0.3333333333333333,E23,32.21,189.31,41,2.55082,85.3319,9.1361,0.0,0,28.6979,4.8166,61.925,0.0,True,26.0,4840,6.4729,5.17
google,3000,20,linear,True,False,10.0,0.4,0.3,0.3,0,0.25,WOA,carbon,14,0.3333333333333333,E23,32.21,189.31,41,2.555957,85.3024,8.9531,0.0,0,28.8979,4.8573,60.214,0.0,True,26.0,4840,6.0125,5.12
google,3000,20,linear,True,False,10.0,0.4,0.3,0.3,0,0.25,WOA,carbon,15,0.3333333333333333,E23,32.21,189.31,41,2.570192,85.2205,8.446,0.0,0,28.6979,4.8065,60.991,0.0,True,25.5,4840,5.7346,5.08
google,3000,20,linear,True,False,10.0,0.4,0.3,0.3,0,0.5,FIFO,-,0,0.3333333333333333,E23,32.21,189.31,41,17.747297,0.0,-367.5821,0.0,0,197.2479,32.2777,4.102,8.1908,False,24.5,0,0.0,0.0
google,3000,20,linear,True,False,10.0,0.4,0.3,0.3,0,0.5,Consolidation,-,0,0.3333333333333333,E23,32.21,189.31,41,3.795547,78.6134,0.0,0.0,0,41.4979,7.0027,27.447,8.1908,False,24.5,0,0.0,0.0
google,3000,20,linear,True,False,10.0,0.4,0.3,0.3,0,0.5,Greedy(EDF+greenest),-,0,0.3333333333333333,E23,32.21,189.31,41,3.780771,78.6966,0.3893,0.0,0,44.5479,7.4141,19.855,24.0994,False,26.0,0,0.0002,0.0
google,3000,20,linear,True,False,10.0,0.4,0.3,0.3,0,0.5,VCC(Google),-,0,0.3333333333333333,E23,32.21,189.31,41,3.692268,79.1953,2.7211,0.0,0,40.4479,6.8452,31.664,0.0,True,24.5,0,0.0102,0.0
google,3000,20,linear,True,False,10.0,0.4,0.3,0.3,0,0.5,Threshold(WaitAwhile),-,0,0.3333333333333333,E23,32.21,189.31,41,3.867317,78.209,-1.8909,0.0,0,42.4979,7.1066,26.371,8.1908,False,25.5,0,0.0439,0.0
google,3000,20,linear,True,False,10.0,0.4,0.3,0.3,0,0.5,WOA,random,1,0.3333333333333333,E23,32.21,189.31,41,3.570722,79.8802,5.9234,0.0,0,39.1979,6.6825,37.861,0.0,True,25.0,4840,6.3876,5.17
google,3000,20,linear,True,False,10.0,0.4,0.3,0.3,0,0.5,WOA,random,2,0.3333333333333333,E23,32.21,189.31,41,3.58968,79.7734,5.4239,0.0,0,39.3979,6.7216,37.077,0.0,True,25.0,4840,6.6607,5.01
google,3000,20,linear,True,False,10.0,0.4,0.3,0.3,0,0.5,WOA,random,3,0.3333333333333333,E23,32.21,189.31,41,3.587773,79.7841,5.4741,0.0,0,39.3479,6.7086,37.273,0.0,True,25.0,4840,6.0535,4.85
google,3000,20,linear,True,False,10.0,0.4,0.3,0.3,0,0.5,WOA,random,4,0.3333333333333333,E23,32.21,189.31,41,3.595838,79.7387,5.2617,0.0,0,39.3479,6.7019,36.009,0.0,True,24.5,4840,6.0545,4.87
google,3000,20,linear,True,False,10.0,0.4,0.3,0.3,0,0.5,WOA,random,5,0.3333333333333333,E23,32.21,189.31,41,3.628953,79.5521,4.3892,0.0,0,39.6979,6.7497,35.899,0.0,True,25.0,4840,5.2615,4.94
google,3000,20,linear,True,False,10.0,0.4,0.3,0.3,0,0.5,WOA,random,6,0.3333333333333333,E23,32.21,189.31,41,3.61288,79.6426,4.8127,0.0,0,39.5479,6.7274,35.309,0.0,True,24.5,4840,4.9671,4.99
google,3000,20,linear,True,False,10.0,0.4,0.3,0.3,0,0.25,WOA,random,2,0.3333333333333333,E23,32.21,189.31,41,2.583178,85.1458,7.9834,0.0,0,28.6479,4.8136,62.108,0.0,True,26.0,4840,6.3469,4.53
google,3000,20,linear,True,False,10.0,0.4,0.3,0.3,0,0.25,WOA,random,3,0.3333333333333333,E23,32.21,189.31,41,2.582103,85.152,8.0217,0.0,0,28.6979,4.8114,62.351,0.0,True,26.5,4840,6.1872,4.96
google,3000,20,linear,True,False,10.0,0.4,0.3,0.3,0,0.25,WOA,random,4,0.3333333333333333,E23,32.21,189.31,41,2.578513,85.1726,8.1496,0.0,0,28.4979,4.7741,62.706,0.0,True,25.5,4840,6.3884,4.94
google,3000,20,linear,True,False,10.0,0.4,0.3,0.3,0,0.25,WOA,random,5,0.3333333333333333,E23,32.21,189.31,41,2.59037,85.1045,7.7272,0.0,0,28.7479,4.8039,62.545,0.0,True,27.0,4840,6.7306,5.4
google,3000,20,linear,True,False,10.0,0.4,0.3,0.3,0,0.25,WOA,random,6,0.3333333333333333,E23,32.21,189.31,41,2.580536,85.161,8.0775,0.0,0,28.6979,4.8111,62.561,0.0,True,26.5,4840,5.9799,4.85
google,3000,20,linear,True,False,10.0,0.4,0.3,0.3,0,0.25,WOA,random,7,0.3333333333333333,E23,32.21,189.31,41,2.587163,85.1229,7.8415,0.0,0,28.6979,4.8128,61.752,0.0,True,26.0,4840,6.095,5.1
google,3000,20,linear,True,False,10.0,0.4,0.3,0.3,0,0.25,WOA,random,8,0.3333333333333333,E23,32.21,189.31,41,2.595175,85.0768,7.5561,0.0,0,28.7979,4.825,60.996,0.0,True,26.0,4840,5.0707,5.15
google,3000,20,linear,True,False,10.0,0.4,0.3,0.3,0,0.25,WOA,random,9,0.3333333333333333,E23,32.21,189.31,41,2.596741,85.0678,7.5003,0.0,0,28.7479,4.8278,61.567,0.0,True,26.0,4840,4.906,4.92
google,3000,20,linear,True,False,10.0,0.4,0.3,0.3,0,0.25,WOA,random,10,0.3333333333333333,E23,32.21,189.31,41,2.563911,85.2566,8.6698,0.0,0,28.4979,4.7917,63.467,0.0,True,26.0,4840,6.2391,5.17
google,3000,20,linear,True,False,10.0,0.4,0.3,0.3,0,0.25,WOA,random,11,0.3333333333333333,E23,32.21,189.31,41,2.568581,85.2298,8.5034,0.0,0,28.4979,4.7696,63.285,0.0,True,26.0,4840,6.3904,5.05
google,3000,20,linear,True,False,10.0,0.4,0.3,0.3,0,0.25,WOA,random,12,0.3333333333333333,E23,32.21,189.31,41,2.550934,85.3312,9.132,0.0,0,28.3979,4.7687,64.064,0.0,True,26.0,4840,6.6046,5.15
google,3000,20,linear,True,False,10.0,0.4,0.3,0.3,0,0.25,WOA,random,13,0.3333333333333333,E23,32.21,189.31,41,2.587909,85.1186,7.8149,0.0,0,28.6979,4.8168,61.781,0.0,True,26.0,4840,6.0647,4.6
google,3000,20,linear,True,False,10.0,0.4,0.3,0.3,0,0.25,WOA,random,14,0.3333333333333333,E23,32.21,189.31,41,2.580565,85.1608,8.0765,0.0,0,28.6479,4.7948,62.769,0.0,True,26.5,4840,5.9065,4.78
google,3000,20,linear,True,False,10.0,0.4,0.3,0.3,0,0.25,WOA,random,15,0.3333333333333333,E23,32.21,189.31,41,2.552704,85.3211,9.0689,0.0,0,28.4479,4.7662,63.688,0.0,True,26.0,4840,5.0549,4.92
google,3000,20,linear,True,False,10.0,0.4,0.3,0.3,0,0.25,WOA,carbon,1,0.3333333333333333,E23,32.21,189.31,41,2.583751,85.1425,7.963,0.0,0,28.6479,4.8249,62.158,0.0,True,26.0,4840,4.7576,5.4
google,3000,20,linear,True,False,10.0,0.4,0.3,0.3,0,0.25,WOA,carbon,2,0.3333333333333333,E23,32.21,189.31,41,2.534727,85.4244,9.7093,0.0,0,28.7979,4.8247,61.095,0.0,True,26.0,4840,4.4866,4.85
google,3000,20,linear,True,False,10.0,0.4,0.3,0.3,0,0.25,WOA,carbon,3,0.3333333333333333,E23,32.21,189.31,41,2.583051,85.1466,7.988,0.0,0,28.9479,4.8503,59.731,0.0,True,26.0,4840,6.1842,4.94
google,3000,20,linear,True,False,10.0,0.4,0.3,0.3,0,0.25,WOA,carbon,4,0.3333333333333333,E23,32.21,189.31,41,2.577801,85.1767,8.175,0.0,0,28.6479,4.7955,62.811,0.0,True,26.5,4840,6.3849,5.24
google,3000,20,linear,True,False,10.0,0.4,0.3,0.3,0,0.25,WOA,carbon,5,0.3333333333333333,E23,32.21,189.31,41,2.559497,85.282,8.827,0.0,0,28.3979,4.7678,63.51,0.0,True,25.5,4840,6.6354,4.85
google,3000,20,linear,True,False,10.0,0.4,0.3,0.3,0,0.25,WOA,carbon,6,0.3333333333333333,E23,32.21,189.31,41,2.523107,85.4913,10.1233,0.0,0,28.7479,4.7982,60.738,0.0,True,25.5,4840,6.0018,4.64
google,3000,20,linear,True,False,10.0,0.4,0.3,0.3,0,0.25,WOA,carbon,7,0.3333333333333333,E23,32.21,189.31,41,2.562554,85.2644,8.7181,0.0,0,28.5979,4.7959,62.479,0.0,True,26.0,4840,5.8143,5.63
google,3000,20,linear,True,False,10.0,0.4,0.3,0.3,0,0.25,WOA,carbon,8,0.3333333333333333,E23,32.21,189.31,41,2.588573,85.1148,7.7913,0.0,0,28.6979,4.8069,62.45,0.0,True,26.5,4840,4.988,4.73
google,3000,20,linear,True,False,10.0,0.4,0.3,0.3,0,0.25,WOA,carbon,9,0.3333333333333333,E23,32.21,189.31,41,2.579262,85.1683,8.1229,0.0,0,28.6979,4.7982,62.348,0.0,True,26.5,4840,4.7657,4.92
google,3000,20,linear,True,False,10.0,0.4,0.3,0.3,0,0.25,WOA,carbon,10,0.3333333333333333,E23,32.21,189.31,41,2.57142,85.2134,8.4023,0.0,0,28.5479,4.7816,62.167,0.0,True,25.5,4840,4.4563,4.69
google,3000,20,linear,True,False,10.0,0.4,0.3,0.3,0,0.5,WOA,random,7,0.3333333333333333,E23,32.21,189.31,41,3.604001,79.6927,5.0466,0.0,0,39.4979,6.7272,36.703,0.0,True,25.0,4840,6.4002,4.96
google,3000,20,linear,True,False,10.0,0.4,0.3,0.3,0,0.5,WOA,random,8,0.3333333333333333,E23,32.21,189.31,41,3.628458,79.5549,4.4022,0.0,0,39.6979,6.7476,35.915,0.0,True,25.0,4840,6.7351,5.15
google,3000,20,linear,True,False,10.0,0.4,0.3,0.3,0,0.5,WOA,random,9,0.3333333333333333,E23,32.21,189.31,41,3.591243,79.7646,5.3827,0.0,0,39.3479,6.6974,36.039,0.0,True,24.5,4840,6.039,4.76
google,3000,20,linear,True,False,10.0,0.4,0.3,0.3,0,0.5,WOA,random,10,0.3333333333333333,E23,32.21,189.31,41,3.561319,79.9332,6.1711,0.0,0,39.0979,6.6713,37.041,0.0,True,24.5,4840,6.091,5.22
google,3000,20,linear,True,False,10.0,0.4,0.3,0.3,0,0.5,WOA,random,11,0.3333333333333333,E23,32.21,189.31,41,3.579967,79.8281,5.6798,0.0,0,39.2479,6.6821,36.447,0.0,True,24.5,4840,5.2062,4.87
google,3000,20,linear,True,False,10.0,0.4,0.3,0.3,0,0.5,WOA,random,12,0.3333333333333333,E23,32.21,189.31,41,3.537415,80.0679,6.8009,0.0,0,38.8479,6.6364,38.046,0.0,True,24.5,4840,4.9664,5.1
google,3000,20,linear,True,False,10.0,0.4,0.3,0.3,0,0.5,WOA,random,13,0.3333333333333333,E23,32.21,189.31,41,3.616407,79.6228,4.7197,0.0,0,39.5979,6.7518,36.302,0.0,True,25.0,4840,4.5755,4.78
google,3000,20,linear,True,False,10.0,0.4,0.3,0.3,0,0.5,WOA,random,14,0.3333333333333333,E23,32.21,189.31,41,3.586635,79.7905,5.5041,0.0,0,39.3479,6.7044,37.285,0.0,True,25.0,4840,4.2223,4.99
google,3000,20,linear,True,False,10.0,0.4,0.3,0.3,0,0.5,WOA,random,15,0.3333333333333333,E23,32.21,189.31,41,3.571836,79.8739,5.894,0.0,0,39.1479,6.6651,36.822,0.0,True,24.5,4840,6.7386,5.06
google,3000,20,linear,True,False,10.0,0.4,0.3,0.3,0,0.5,WOA,carbon,1,0.3333333333333333,E23,32.21,189.31,41,3.623384,79.5835,4.5359,0.0,0,39.6979,6.7431,34.637,0.0,True,24.5,4840,6.0057,4.99
google,3000,20,linear,True,False,10.0,0.4,0.3,0.3,0,0.5,WOA,carbon,2,0.3333333333333333,E23,32.21,189.31,41,3.513834,80.2007,7.4222,0.0,0,38.8979,6.5971,37.854,0.0,True,24.5,4840,6.0179,4.8
google,3000,20,linear,True,False,10.0,0.4,0.3,0.3,0,0.5,WOA,carbon,3,0.3333333333333333,E23,32.21,189.31,41,3.574246,79.8603,5.8305,0.0,0,39.2979,6.6627,36.22,0.0,True,24.5,4840,5.2257,4.76
google,3000,20,linear,True,False,10.0,0.4,0.3,0.3,0,0.5,WOA,carbon,4,0.3333333333333333,E23,32.21,189.31,41,3.58916,79.7763,5.4376,0.0,0,39.2979,6.6972,37.468,0.0,True,25.0,4840,4.9314,4.94
google,3000,20,linear,True,False,10.0,0.4,0.3,0.3,0,0.5,WOA,carbon,5,0.3333333333333333,E23,32.21,189.31,41,3.556119,79.9625,6.3081,0.0,0,39.2479,6.6429,37.662,0.0,True,25.0,4840,4.4886,4.73
google,3000,20,linear,True,False,10.0,0.4,0.3,0.3,0,0.5,WOA,carbon,6,0.3333333333333333,E23,32.21,189.31,41,3.545335,80.0232,6.5923,0.0,0,39.2479,6.6395,37.663,0.0,True,25.0,4840,4.1975,4.89
google,3000,20,linear,True,False,10.0,0.4,0.3,0.3,0,0.5,WOA,carbon,7,0.3333333333333333,E23,32.21,189.31,41,3.581194,79.8212,5.6475,0.0,0,39.2479,6.6829,36.435,0.0,True,24.5,4840,3.7891,4.57
google,3000,20,linear,True,False,10.0,0.4,0.3,0.3,0,0.5,WOA,carbon,8,0.3333333333333333,E23,32.21,189.31,41,3.51605,80.1883,7.3638,0.0,0,38.8479,6.5862,38.026,0.0,True,24.5,4840,6.9651,4.8
google,3000,20,linear,True,False,10.0,0.4,0.3,0.3,0,0.5,WOA,carbon,9,0.3333333333333333,E23,32.21,189.31,41,3.548523,80.0053,6.5083,0.0,0,39.0979,6.625,37.036,0.0,True,24.5,4840,6.2869,4.99
google,3000,20,linear,True,False,10.0,0.4,0.3,0.3,0,0.5,WOA,carbon,10,0.3333333333333333,E23,32.21,189.31,41,3.59062,79.7681,5.3991,0.0,0,39.5479,6.6976,36.502,0.0,True,25.0,4840,6.2325,4.89
google,3000,20,linear,True,False,10.0,0.4,0.3,0.3,0,0.5,WOA,carbon,11,0.3333333333333333,E23,32.21,189.31,41,3.534255,80.0857,6.8842,0.0,0,39.1979,6.6373,37.861,0.0,True,25.0,4840,5.2396,5.1
google,3000,20,linear,True,False,10.0,0.4,0.3,0.3,0,0.5,WOA,carbon,12,0.3333333333333333,E23,32.21,189.31,41,3.61418,79.6353,4.7784,0.0,0,39.6979,6.7187,35.915,0.0,True,25.0,4840,4.9941,5.28
google,3000,20,linear,True,False,10.0,0.4,0.3,0.3,0,0.5,WOA,carbon,13,0.3333333333333333,E23,32.21,189.31,41,3.528464,80.1183,7.0367,0.0,0,39.0479,6.613,37.283,0.0,True,24.5,4840,4.6921,5.44
google,3000,20,linear,True,False,10.0,0.4,0.3,0.3,0,0.5,WOA,carbon,14,0.3333333333333333,E23,32.21,189.31,41,3.557113,79.9569,6.2819,0.0,0,39.2979,6.6509,37.469,0.0,True,25.0,4840,4.1116,4.66
google,3000,20,linear,True,False,10.0,0.4,0.3,0.3,0,0.5,WOA,carbon,15,0.3333333333333333,E23,32.21,189.31,41,3.503478,80.2591,7.695,0.0,0,38.7979,6.5827,38.233,0.0,True,24.5,4840,3.8807,4.73
